old_commercial_identity_id,new_commercial_identity_id,changed,old_canonical_brand,new_canonical_brand,old_candidate_family_id,new_candidate_family_id,old_raw_product_names,new_raw_product_names,change_reason
ci_e58baaff7634,ci_e58baaff7634,False,무신사 스탠다드 뷰티,무신사 스탠다드 뷰티,cf_c0947df60c34,cf_c0947df60c34,무신사 스탠다드 애프터 샤워 EDP 50ml,무신사 스탠다드 애프터 샤워 EDP 50ml,unchanged
ci_0375a31d4d31,ci_0375a31d4d31,False,Vivienne Westwood,Vivienne Westwood,cf_511617399090,cf_511617399090,[태산 PICK] 오드퍼퓸 월넛크릭그린  EDP 50ml | [태산 PICK] 월넛크릭그린 오 드 퍼퓸 EDP 10ml | 오 드 퍼퓸 [월넛크릭그린],[태산 PICK] 오드퍼퓸 월넛크릭그린  EDP 50ml | [태산 PICK] 월넛크릭그린 오 드 퍼퓸 EDP 10ml | 오 드 퍼퓸 [월넛크릭그린],unchanged
ci_eb6bab7c7c6c,ci_eb6bab7c7c6c,False,Forment,Forment,cf_16c34407d463,cf_16c34407d463,시그니처 퍼퓸  코튼허그 50ml | 시그니처 퍼퓸 [코튼허그],시그니처 퍼퓸  코튼허그 50ml | 시그니처 퍼퓸 [코튼허그],unchanged
ci_1eb4b6619fa0,ci_1eb4b6619fa0,False,무신사 스탠다드 뷰티,무신사 스탠다드 뷰티,cf_24344e7d2727,cf_24344e7d2727,[Gen.G 컬래버] Chovy EDP 50ml,[Gen.G 컬래버] Chovy EDP 50ml,unchanged
ci_ea3b2620a699,ci_ea3b2620a699,False,무신사 스탠다드 뷰티,무신사 스탠다드 뷰티,cf_7e16920873b1,cf_7e16920873b1,[노홍철 컬래버] 럭키 가이 實行力(실행력) EDP 50ml,[노홍철 컬래버] 럭키 가이 實行力(실행력) EDP 50ml,unchanged
ci_d97a8f66f9f2,ci_d97a8f66f9f2,False,무신사 스탠다드 뷰티,무신사 스탠다드 뷰티,cf_eb3077ce8cde,cf_eb3077ce8cde,무신사 스탠다드 시어 EDP 50ml,무신사 스탠다드 시어 EDP 50ml,unchanged
ci_c14f3f1be109,ci_c14f3f1be109,False,리베르,리베르,cf_1abd1e5d1062,cf_1abd1e5d1062,[김켄지 PICK] [구름 비누향] 오 드 퍼퓸 클라우드 사이 30ML Cloud Sai,[김켄지 PICK] [구름 비누향] 오 드 퍼퓸 클라우드 사이 30ML Cloud Sai,unchanged
ci_fe5476d260a3,ci_fe5476d260a3,False,무신사 스탠다드 뷰티,무신사 스탠다드 뷰티,cf_ea1154c5562a,cf_ea1154c5562a,무신사 스탠다드 스모크 오우드 EDP 50ml,무신사 스탠다드 스모크 오우드 EDP 50ml,unchanged
ci_db1f1f0f25c7,ci_db1f1f0f25c7,False,무신사 스탠다드 뷰티,무신사 스탠다드 뷰티,cf_2502d2b069d3,cf_2502d2b069d3,무신사 스탠다드 모시 헤이즈 EDP 50ml,무신사 스탠다드 모시 헤이즈 EDP 50ml,unchanged
ci_71460603b2e8,ci_71460603b2e8,False,무신사 스탠다드 뷰티,무신사 스탠다드 뷰티,cf_acb2f6eddb5f,cf_acb2f6eddb5f,[Gen.G 컬래버] Ruler EDP 50ml,[Gen.G 컬래버] Ruler EDP 50ml,unchanged
ci_5aaf547e6734,ci_5aaf547e6734,False,Maison Martin Margiela,Maison Martin Margiela,cf_b30235b06332,cf_b30235b06332,레플리카 레이지 선데이 모닝 EDT 10ML | 레플리카 레이지 선데이 모닝 EDT 30ML | 레플리카 레이지 선데이 모닝 EDT 100ML | 레이지 선데이 모닝 EDT,레플리카 레이지 선데이 모닝 EDT 10ML | 레플리카 레이지 선데이 모닝 EDT 30ML | 레플리카 레이지 선데이 모닝 EDT 100ML | 레이지 선데이 모닝 EDT,unchanged
ci_ae8fc927ce80,ci_ae8fc927ce80,False,SW19,SW19,cf_66881fcf37b8,cf_66881fcf37b8,SW19 Midnight 오 드 퍼퓸 50ml | SW19 Midnight 오 드 퍼퓸 12ml | SW19 Midnight 오 드 퍼퓸 50ml&12ml 기획세트,SW19 Midnight 오 드 퍼퓸 50ml | SW19 Midnight 오 드 퍼퓸 12ml | SW19 Midnight 오 드 퍼퓸 50ml&12ml 기획세트,unchanged
ci_3b6085c9c766,ci_124bd000dfcf,True,유쏘풀,Youssoful,cf_2d8fa175a42d,cf_333d6bf4fdf0,세인트모리츠 니치향수,세인트모리츠 니치향수,brand_mapping_reviewed
ci_3cf24523e3e0,ci_3cf24523e3e0,False,Elizabeth Arden,Elizabeth Arden,cf_20c89de2f748,cf_20c89de2f748,그린티 센트 스프레이 EDC 100ml +향수 공병 증정 | 그린티 센트 스프레이 EDC 30ml +향수 공병 증정,그린티 센트 스프레이 EDC 100ml +향수 공병 증정 | 그린티 센트 스프레이 EDC 30ml +향수 공병 증정,unchanged
ci_5575147b0b3b,ci_5575147b0b3b,False,뉴뉴,뉴뉴,cf_626a4a4a592a,cf_626a4a4a592a,샤를33 네놀리 오드퍼퓸,샤를33 네놀리 오드퍼퓸,unchanged
ci_be61dc55fcd7,ci_be61dc55fcd7,False,무신사 스탠다드 뷰티,무신사 스탠다드 뷰티,cf_9fca0bdd48ba,cf_9fca0bdd48ba,무신사 스탠다드 코코모 EDP 50ml,무신사 스탠다드 코코모 EDP 50ml,unchanged
ci_7b5e6d8fb388,ci_7b5e6d8fb388,False,무신사 스탠다드 뷰티,무신사 스탠다드 뷰티,cf_471f4344ffcb,cf_471f4344ffcb,무신사 스탠다드 미드나잇 램블러 EDP 50ml,무신사 스탠다드 미드나잇 램블러 EDP 50ml,unchanged
ci_44bff09ef9ae,ci_44bff09ef9ae,False,뉴뉴,뉴뉴,cf_88ce78989c50,cf_88ce78989c50,샤인30 오드퍼퓸,샤인30 오드퍼퓸,unchanged
ci_68d02e396164,ci_68d02e396164,False,리베르,리베르,cf_4e9d7e026953,cf_4e9d7e026953,[김켄지 PICK] [첫눈 향수] 오 드 퍼퓸 스노우 사이 30ML Snow Sai,[김켄지 PICK] [첫눈 향수] 오 드 퍼퓸 스노우 사이 30ML Snow Sai,unchanged
ci_212f3549285e,ci_6a221cc81cac,True,로이비,LOIVIE,cf_b43997709634,cf_b67f94f1560e,오 드 퍼퓸 롤온 베르가못 앤 화이트 로즈 7.5ml,오 드 퍼퓸 롤온 베르가못 앤 화이트 로즈 7.5ml,brand_mapping_reviewed
ci_b0631f739e4f,ci_b0631f739e4f,False,Jill Stuart,Jill Stuart,cf_7c2c5a9254e2,cf_7c2c5a9254e2,"화이트 플로럴 오 드 뚜왈렛 50ml(+화이트 플로럴 샴푸 42,000상당)","화이트 플로럴 오 드 뚜왈렛 50ml(+화이트 플로럴 샴푸 42,000상당)",unchanged
ci_6ddaef18703e,ci_6ddaef18703e,False,투데이이즈,투데이이즈,cf_7561cdd7a2cd,cf_7561cdd7a2cd,인유어메모리 오드 퍼퓸 50ml,인유어메모리 오드 퍼퓸 50ml,unchanged
ci_de7b96871680,ci_de7b96871680,False,누다라,누다라,cf_e008eb3a3acc,cf_e008eb3a3acc,시그니처 퍼퓸 오키탈 30ML,시그니처 퍼퓸 오키탈 30ML,unchanged
ci_72b3ebd6097d,ci_72b3ebd6097d,False,Versace,Versace,cf_e7216fa01447,cf_e7216fa01447,브라이트 크리스탈 EDT 30ML + 베르사체 향수샘플 (쇼핑백증정)] | 브라이트 크리스탈 EDT 90ml | [베르사체] 브라이트 크리스탈 오드뚜왈렛 90ml (+ 미니어처 1종) | [베르사체] 브라이트 크리스탈 오드뚜왈렛 90ml (미니어처 1종) | [베르사체] 브라이트 크리스탈 오드뚜왈렛 50ml (미니어처 1종) | [베르사체] 브라이트 크리스탈 오드뚜왈렛 50ml (+ 미니어처 1종),브라이트 크리스탈 EDT 30ML + 베르사체 향수샘플 (쇼핑백증정)] | 브라이트 크리스탈 EDT 90ml | [베르사체] 브라이트 크리스탈 오드뚜왈렛 90ml (+ 미니어처 1종) | [베르사체] 브라이트 크리스탈 오드뚜왈렛 90ml (미니어처 1종) | [베르사체] 브라이트 크리스탈 오드뚜왈렛 50ml (미니어처 1종) | [베르사체] 브라이트 크리스탈 오드뚜왈렛 50ml (+ 미니어처 1종),unchanged
ci_5aa30ef621dc,ci_5aa30ef621dc,False,Maison Martin Margiela,Maison Martin Margiela,cf_26cc82f0bb9d,cf_26cc82f0bb9d,레플리카 재즈 클럽 EDT 10ML | 레플리카 재즈 클럽 EDT 30ML | 레플리카 재즈 클럽 EDT 100ML | 재즈 클럽 EDT,레플리카 재즈 클럽 EDT 10ML | 레플리카 재즈 클럽 EDT 30ML | 레플리카 재즈 클럽 EDT 100ML | 재즈 클럽 EDT,unchanged
ci_2228ae3a9f00,ci_2228ae3a9f00,False,John Varvatos,John Varvatos,cf_347dfc796be0,cf_347dfc796be0,아티산 EDT 75ML | 아티산 EDT 125ML,아티산 EDT 75ML | 아티산 EDT 125ML,unchanged
ci_cc65771c068b,ci_cc65771c068b,False,누다라,누다라,cf_bab90df0a55c,cf_bab90df0a55c,시그니처 퍼퓸 우드마벨 30ML,시그니처 퍼퓸 우드마벨 30ML,unchanged
ci_bc9a4bd3c989,ci_c66ebe22a527,True,센녹,Sennok,cf_9498491a8460,cf_b9e56e1644a5,퍼퓸 애프터배스 50ml | 퍼퓸 [애프터배스],퍼퓸 애프터배스 50ml | 퍼퓸 [애프터배스],brand_mapping_reviewed
ci_86283a068b96,ci_f40670521ac6,True,센녹,Sennok,cf_31cd4e019f0a,cf_1a488a6f1f7f,퍼퓸 솝클린솝 50ml,퍼퓸 솝클린솝 50ml,brand_mapping_reviewed
ci_ed4dff7afb27,ci_ed4dff7afb27,False,Clean,Clean,cf_a65b94c535c7,cf_a65b94c535c7,클리어 애플 블로썸 EDP 30ML | 클리어 애플 블로썸 EDP 60ML,클리어 애플 블로썸 EDP 30ML | 클리어 애플 블로썸 EDP 60ML,unchanged
ci_aeb57afd9726,ci_aeb57afd9726,False,시머스,시머스,cf_c3d225902b07,cf_c3d225902b07,미드나잇 파크 EDP 50ml | 시머스 미드나잇 파크 EDP 50ml,미드나잇 파크 EDP 50ml | 시머스 미드나잇 파크 EDP 50ml,unchanged
ci_46238ae10e19,ci_46238ae10e19,False,Vivienne Westwood,Vivienne Westwood,cf_8148bc86c0f8,cf_8148bc86c0f8,[이한 PICK] 뉴욕인틸리 오 드 퍼퓸 EDP 50ml | [이한 PICK] 뉴욕인틸리 오 드 퍼퓸 EDP 10ml,[이한 PICK] 뉴욕인틸리 오 드 퍼퓸 EDP 50ml | [이한 PICK] 뉴욕인틸리 오 드 퍼퓸 EDP 10ml,unchanged
ci_e0e235d8b27e,ci_93e27964ca8b,True,로이비,LOIVIE,cf_8fe2130b7f15,cf_f2c62cb15eb0,오 드 퍼퓸 롤온 피오니 앤 화이트 머스크 7.5ml,오 드 퍼퓸 롤온 피오니 앤 화이트 머스크 7.5ml,brand_mapping_reviewed
ci_037e2669dbac,ci_037e2669dbac,False,센틀리에,센틀리에,cf_eab09c0afe5c,cf_eab09c0afe5c,오 드 퍼퓸 오렌지블라썸 토스카나 10ml | 오 드 퍼퓸 오렌지블라썸 토스카나 50ml | 센틀리에 오드퍼퓸 오렌지블라썸 토스카나 50ml,오 드 퍼퓸 오렌지블라썸 토스카나 10ml | 오 드 퍼퓸 오렌지블라썸 토스카나 50ml | 센틀리에 오드퍼퓸 오렌지블라썸 토스카나 50ml,unchanged
ci_d3072c84a2f6,ci_d3072c84a2f6,False,Etat Libre d'Orange,Etat Libre d'Orange,cf_8f7e15ef5da1,cf_8f7e15ef5da1,유 오어 썸원 라이크 유 EDP 30ml | 유 오어 썸원 라이크 유 EDP 50ml | 유 오어 썸원 라이크 유 EDP 100ml,유 오어 썸원 라이크 유 EDP 30ml | 유 오어 썸원 라이크 유 EDP 50ml | 유 오어 썸원 라이크 유 EDP 100ml,unchanged
ci_f1be476fac30,ci_f1be476fac30,False,포뷰트,포뷰트,cf_89829c324625,cf_89829c324625,시그니처 헤어퍼퓸 애프터 선셋 남자향수 50ml,시그니처 헤어퍼퓸 애프터 선셋 남자향수 50ml,unchanged
ci_2c5833b7c011,ci_f5761360f432,True,알보우,RboW,cf_35c691aa2503,cf_8e76e2f7b45c,도쿄 피그 오드퍼퓸 향수 30ML,도쿄 피그 오드퍼퓸 향수 30ML,brand_mapping_reviewed
ci_db35ae58fb2c,ci_db35ae58fb2c,False,아비브,아비브,cf_d01d069f1af4,cf_d01d069f1af4,오 드 퍼퓸 타입 N 50ml(+쇼핑백 증정),오 드 퍼퓸 타입 N 50ml(+쇼핑백 증정),unchanged
ci_9393b93d0ce6,ci_9393b93d0ce6,False,Forment,Forment,cf_5f86d7db7692,cf_5f86d7db7692,시그니처 퍼퓸 코튼 디어 나잇 50ml,시그니처 퍼퓸 코튼 디어 나잇 50ml,unchanged
ci_e4de5fac0d9b,ci_e4de5fac0d9b,False,Clean,Clean,cf_1e505cfd7d5e,cf_1e505cfd7d5e,퓨어솝 EDP 60ML | 퓨어솝 EDP 30ML | 퓨어솝 EDP,퓨어솝 EDP 60ML | 퓨어솝 EDP 30ML | 퓨어솝 EDP,unchanged
ci_5932eaa1a54d,ci_4f0e24e2b0ec,True,에이딕트,Addct,cf_2fd07414ce5b,cf_fd89150ab75c,솔리드 퍼퓸 네이키드 30mlX2,솔리드 퍼퓸 네이키드 30mlX2,brand_mapping_reviewed
ci_5b7152a05a88,ci_5b7152a05a88,False,Montblanc,Montblanc,cf_50d5e8ecea17,cf_50d5e8ecea17,익스플로러 EDP 100ML | 익스플로러 EDP 30ML | 익스플로러 EDP 60ML | 몽블랑 익스플로러 EDP (30ml/60ml/100ml) | 몽블랑 익스플로러 EDP 100ml | 몽블랑 익스플로러 EDP 30ml | 익스플로러 오 드 퍼퓸,익스플로러 EDP 100ML | 익스플로러 EDP 30ML | 익스플로러 EDP 60ML | 몽블랑 익스플로러 EDP (30ml/60ml/100ml) | 몽블랑 익스플로러 EDP 100ml | 몽블랑 익스플로러 EDP 30ml | 익스플로러 오 드 퍼퓸,unchanged
ci_d28b9495862b,ci_d28b9495862b,False,플르부아,플르부아,cf_334c40eb6f16,cf_334c40eb6f16,오 드 퍼퓸 EDP 히노끼 레더 50mL | 오 드 퍼퓸 EDP 히노끼 레더 30mL,오 드 퍼퓸 EDP 히노끼 레더 50mL | 오 드 퍼퓸 EDP 히노끼 레더 30mL,unchanged
ci_307172f59c1c,ci_2002333a4a42,True,유쏘풀,Youssoful,cf_e4c066861c7b,cf_30c63942d0b7,베리섹시 니치향수,베리섹시 니치향수,brand_mapping_reviewed
ci_e49b9948a045,ci_e49b9948a045,False,세이리,세이리,cf_308acded0589,cf_308acded0589,오스만투스 엑스트레 드 퍼퓸 50mL,오스만투스 엑스트레 드 퍼퓸 50mL,unchanged
ci_dde36cf02aa1,ci_dde36cf02aa1,False,센슬,센슬,cf_f2f253e4a395,cf_f2f253e4a395,플로우 세트 (뮤트 크림 퍼퓸 플로우 미닛 + [미니] 퀵틴트 2종),플로우 세트 (뮤트 크림 퍼퓸 플로우 미닛 + [미니] 퀵틴트 2종),unchanged
ci_9f73cd06afee,ci_fb38803bbfcc,True,센녹,Sennok,cf_815aea8212e3,cf_1059b638e40f,퍼퓸 슬로우셉템버 50ml,퍼퓸 슬로우셉템버 50ml,brand_mapping_reviewed
ci_30de9f13f79a,ci_30de9f13f79a,False,Vivienne Westwood,Vivienne Westwood,cf_c38b292f7d7f,cf_c38b292f7d7f,구름 오 드 퍼퓸 EDP 50ml | 구름 오 드 퍼퓸 EDP 10ml,구름 오 드 퍼퓸 EDP 50ml | 구름 오 드 퍼퓸 EDP 10ml,unchanged
ci_9fcfdb7b6424,ci_9fcfdb7b6424,False,투데이이즈,투데이이즈,cf_7308e75d0d85,cf_7308e75d0d85,인마이메모리 오드 퍼퓸 50ml,인마이메모리 오드 퍼퓸 50ml,unchanged
ci_80a9b463c540,ci_80a9b463c540,False,그라펜,그라펜,cf_81a0cf3b6456,cf_81a0cf3b6456,멀티 유즈 바디 퍼퓸 스프레이 200ml,멀티 유즈 바디 퍼퓸 스프레이 200ml,unchanged
ci_489e92661f61,ci_489e92661f61,False,Ralph Lauren,Ralph Lauren,cf_1d6b62cd16e9,cf_1d6b62cd16e9,폴로 랄프 EDT 30ML | 폴로 랄프 EDT 50ML | 폴로 랄프 EDT 100ML | 랄프로렌 폴로 랄프 EDT 50ml,폴로 랄프 EDT 30ML | 폴로 랄프 EDT 50ML | 폴로 랄프 EDT 100ML | 랄프로렌 폴로 랄프 EDT 50ml,unchanged
ci_ddb2869192fa,ci_ddb2869192fa,False,Clean,Clean,cf_63373fff6a96,cf_63373fff6a96,클리어 쿨 코튼 EDP 60ML | 클리어 쿨 코튼 EDP 30ML,클리어 쿨 코튼 EDP 60ML | 클리어 쿨 코튼 EDP 30ML,unchanged
ci_6716e7dfa806,ci_ed9de50488a4,True,다슈,Dashu,cf_3692ed327400,cf_fc2450127f3b,아쿠아 다이브 퍼퓸 50ml | 아쿠아 다이브 퍼퓸,아쿠아 다이브 퍼퓸 50ml | 아쿠아 다이브 퍼퓸,brand_mapping_reviewed
ci_89d4dbdfbfef,ci_89d4dbdfbfef,False,Dolce&Gabbana,Dolce&Gabbana,cf_6058ea79c9ba,cf_6058ea79c9ba,라이트 블루 오 드 뚜왈렛 30ml (리뉴얼) | 라이트 블루 오 드 뚜왈렛 10ml (리뉴얼) | 라이트 블루 오 드 뚜왈렛 100ml (리뉴얼),라이트 블루 오 드 뚜왈렛 30ml (리뉴얼) | 라이트 블루 오 드 뚜왈렛 10ml (리뉴얼) | 라이트 블루 오 드 뚜왈렛 100ml (리뉴얼),unchanged
ci_199e1eece1e7,ci_199e1eece1e7,False,John Varvatos,John Varvatos,cf_fca0a5a78ea0,cf_fca0a5a78ea0,아티산 퓨어 EDT 75ML | 아티산 퓨어 EDT 125ML,아티산 퓨어 EDT 75ML | 아티산 퓨어 EDT 125ML,unchanged
ci_d68eac37eef6,ci_532319e5514b,True,유겐,Yugen,cf_86b008499072,cf_66b8903ed33b,INSPIRE 오 드 퍼퓸 50ML,INSPIRE 오 드 퍼퓸 50ML,brand_mapping_reviewed
ci_8a5e23bbda0a,ci_37b1716e6608,True,애프터블로우,After Blow,cf_3eb416223e9e,cf_6205e25bb11d,솔리드 퍼퓸 | 솔리드퍼퓸 고체향수 7g,솔리드 퍼퓸,brand_mapping_reviewed
ci_8a5e23bbda0a,ci_ac1a3e8aecee,True,애프터블로우,Sennok,cf_3eb416223e9e,cf_ac22c6945f9e,솔리드 퍼퓸 | 솔리드퍼퓸 고체향수 7g,솔리드퍼퓸 고체향수 7g,brand_mapping_reviewed
ci_8e966beaa7d3,ci_8e966beaa7d3,False,헤트라스 뷰티,헤트라스 뷰티,cf_7c9955deb36d,cf_7c9955deb36d,핸드메이드 퍼퓸 50ml 아틀리에 티,핸드메이드 퍼퓸 50ml 아틀리에 티,unchanged
ci_aed707d08d34,ci_aed707d08d34,False,Ex Nihilo,Ex Nihilo,cf_d8ad0917e34c,cf_d8ad0917e34c,블루 탈리스만 오드퍼퓸 10ml,블루 탈리스만 오드퍼퓸 10ml,unchanged
ci_5b66cdd8fc5f,ci_5b66cdd8fc5f,False,Lush,Lush,cf_8e52bf885c57,cf_8e52bf885c57,29 하이 스트릿 30ml - 퍼퓸/향수,29 하이 스트릿 30ml - 퍼퓸/향수,unchanged
ci_cec1391bad56,ci_cec1391bad56,False,Maison Martin Margiela,Maison Martin Margiela,cf_d4012f57cc17,cf_d4012f57cc17,레플리카 웬 더 레인 스탑스 EDT 30ML | 레플리카 웬 더 레인 스탑스 EDT 100ML,레플리카 웬 더 레인 스탑스 EDT 30ML | 레플리카 웬 더 레인 스탑스 EDT 100ML,unchanged
ci_4fcbf0cd868b,ci_4fcbf0cd868b,False,슬로우허밍,슬로우허밍,cf_613b6bbb6d11,cf_613b6bbb6d11,릴리프 퍼퓸밤,릴리프 퍼퓸밤,unchanged
ci_25ae9e92691e,ci_25ae9e92691e,False,Stéphane Humbert Lucas 777,Stéphane Humbert Lucas 777,cf_be504e15e047,cf_be504e15e047,갓 오브 파이어 EAU DE PARFUM,갓 오브 파이어 EAU DE PARFUM,unchanged
ci_8f9c6acf1230,ci_8f9c6acf1230,False,Lanvin,Lanvin,cf_a2a7d12706f4,cf_a2a7d12706f4,에끌라 드 아르페쥬 EDP 30ML | 에끌라 드 아르페쥬 EDP 100ML(+샘플 2ML 3종) | 랑방 에끌라 드 아르페쥬 EDP 30ml/50ml (단품/기획) | 랑방 에끌라 드 아르페쥬 EDP 50ml (단품/기획) | 랑방 에끌라 드 아르페쥬 EDP 30ml | 에끌라 드 아르페쥬 EDP,에끌라 드 아르페쥬 EDP 30ML | 에끌라 드 아르페쥬 EDP 100ML(+샘플 2ML 3종) | 랑방 에끌라 드 아르페쥬 EDP 30ml/50ml (단품/기획) | 랑방 에끌라 드 아르페쥬 EDP 50ml (단품/기획) | 랑방 에끌라 드 아르페쥬 EDP 30ml | 에끌라 드 아르페쥬 EDP,unchanged
ci_4a2f80f67c34,ci_4a2f80f67c34,False,Elizabeth Arden,Elizabeth Arden,cf_02430e44b5a2,cf_02430e44b5a2,그린티 스트로베리 바질 EDT 100ml +향수 공병 증정 | 엘리자베스아덴 그린티 스트로베리 바질 EDT 100ml,그린티 스트로베리 바질 EDT 100ml +향수 공병 증정 | 엘리자베스아덴 그린티 스트로베리 바질 EDT 100ml,unchanged
ci_bf8562dbb7c2,ci_bf8562dbb7c2,False,Maison Martin Margiela,Maison Martin Margiela,cf_0643b1e24de8,cf_0643b1e24de8,레플리카 네버 엔딩 썸머 EDT 30ML,레플리카 네버 엔딩 썸머 EDT 30ML,unchanged
ci_71b9d531cf3b,ci_71b9d531cf3b,False,Vivienne Westwood,Vivienne Westwood,cf_f99d479da0d8,cf_f99d479da0d8,[명재현 PICK] 로스트우드 오 드 퍼퓸 EDP 50ml,[명재현 PICK] 로스트우드 오 드 퍼퓸 EDP 50ml,unchanged
ci_09d4167c0459,ci_09d4167c0459,False,Issey Miyake,Issey Miyake,cf_14264746a3cb,cf_14264746a3cb,르셀디세이 오드뚜왈렛 100ml | 르셀디세이 오드뚜왈렛 50ml | 이세이미야케 르 셀 디세이 EDT (50ml/100ml/기획),르셀디세이 오드뚜왈렛 100ml | 르셀디세이 오드뚜왈렛 50ml | 이세이미야케 르 셀 디세이 EDT (50ml/100ml/기획),unchanged
ci_52ddc722ce8e,ci_52ddc722ce8e,False,Versace,Versace,cf_3fbee79d8e5e,cf_3fbee79d8e5e,에로스 EDT 100ML + 에로스 미니어처 [선물박스] | 에로스 EDT 30ML + 에로스미니어처 [선물박스] | 에로스 EDT 50ML + 에로스 미니어처 [선물박스] | 베르사체 에로스 EDT 30ml,에로스 EDT 100ML + 에로스 미니어처 [선물박스] | 에로스 EDT 30ML + 에로스미니어처 [선물박스] | 에로스 EDT 50ML + 에로스 미니어처 [선물박스] | 베르사체 에로스 EDT 30ml,unchanged
ci_b9e62a927dd4,ci_b9e62a927dd4,False,세이리,세이리,cf_e8c56508c7a6,cf_e8c56508c7a6,누드 엑스트레 드 퍼퓸 50mL,누드 엑스트레 드 퍼퓸 50mL,unchanged
ci_cd172b21d5d3,ci_cd172b21d5d3,False,Ralph Lauren,Ralph Lauren,cf_26b922f6ff5e,cf_26b922f6ff5e,폴로 EDT 125ML,폴로 EDT 125ML,unchanged
ci_135a36451863,ci_135a36451863,False,John Varvatos,John Varvatos,cf_a233df19cdf4,cf_a233df19cdf4,아티산 블루 EDT 75ML | 아티산 블루 EDT 125ML | 존바바토스 아티산 블루 EDT 125ml | 존바바토스 아티산 블루 EDT 75ml (단품/기획),아티산 블루 EDT 75ML | 아티산 블루 EDT 125ML | 존바바토스 아티산 블루 EDT 125ml | 존바바토스 아티산 블루 EDT 75ml (단품/기획),unchanged
ci_efb07b8e1a13,ci_efb07b8e1a13,False,Maison Martin Margiela,Maison Martin Margiela,cf_5f421e1ca0b5,cf_5f421e1ca0b5,레플리카 세일링 데이 EDT 30ML | 레플리카 세일링 데이 EDT 100ML,레플리카 세일링 데이 EDT 30ML | 레플리카 세일링 데이 EDT 100ML,unchanged
ci_28ce250d3949,ci_28ce250d3949,False,센티카,센티카,cf_07c62b316683,cf_07c62b316683,시그니처 퍼퓸 플레르 에끌로 15ml,시그니처 퍼퓸 플레르 에끌로 15ml,unchanged
ci_0dcd41256f4a,ci_0dcd41256f4a,False,Jennifer Lopez,Jennifer Lopez,cf_87a4f91d80c0,cf_87a4f91d80c0,글로우 바이 제이로 EDT 30ML | 글로우 바이 제이로 EDT 50ML | 제니퍼로페즈 글로우 바이제이로 EDT 30ml | 제니퍼로페즈 글로우 바이제이로 EDT 50ml | 글로우 바이 제이로 EDT,글로우 바이 제이로 EDT 30ML | 글로우 바이 제이로 EDT 50ML | 제니퍼로페즈 글로우 바이제이로 EDT 30ml | 제니퍼로페즈 글로우 바이제이로 EDT 50ml | 글로우 바이 제이로 EDT,unchanged
ci_91145615bbf1,ci_91145615bbf1,False,Maison Martin Margiela,Maison Martin Margiela,cf_4f80c7198073,cf_4f80c7198073,레플리카 업 앳 던 EDT 30ML | 레플리카 업 앳 던 EDT 100ML,레플리카 업 앳 던 EDT 30ML | 레플리카 업 앳 던 EDT 100ML,unchanged
ci_1ee603a82573,ci_1ee603a82573,False,춘몽,춘몽,cf_fad911ab1a5a,cf_fad911ab1a5a,도플 퍼퓸 (Doppel Perfume) 10ml,도플 퍼퓸 (Doppel Perfume) 10ml,unchanged
ci_6f1a4c905a1d,ci_6f1a4c905a1d,False,Narciso Rodriguez,Narciso Rodriguez,cf_13facc73a65a,cf_13facc73a65a,포 허 오드퍼퓸 퓨어 머스크 30ml | 포 허 오드퍼퓸 퓨어 머스크 100ml,포 허 오드퍼퓸 퓨어 머스크 30ml | 포 허 오드퍼퓸 퓨어 머스크 100ml,unchanged
ci_3e627a1be90a,ci_3e627a1be90a,False,Lanvin,Lanvin,cf_5a059ff4708c,cf_5a059ff4708c,레 플레르 드 랑방 워터 릴리 EDT 50ML,레 플레르 드 랑방 워터 릴리 EDT 50ML,unchanged
ci_0ff12b1de629,ci_0ff12b1de629,False,Ralph Lauren,Ralph Lauren,cf_7fe17f19d2c9,cf_7fe17f19d2c9,폴로 블루 EDT 125ML | 폴로 블루 EDT 40ML | 랄프로렌 폴로 블루 EDT 40ml | 랄프로렌 폴로 블루 EDT 택 1 (40ml/75ml),폴로 블루 EDT 125ML | 폴로 블루 EDT 40ML | 랄프로렌 폴로 블루 EDT 40ml | 랄프로렌 폴로 블루 EDT 택 1 (40ml/75ml),unchanged
ci_32b078534131,ci_de2d25789235,True,테누이,Tenui,cf_cd16608e7d2f,cf_91a9db25c751,오 드 퍼퓸 베어 10ml,오 드 퍼퓸 베어 10ml,brand_mapping_reviewed
ci_0e49f0046a25,ci_9e3683e618f5,True,쿠오카,Kuoca,cf_9688eb93fb26,cf_13105055c047,와일드피치 오 드 퍼퓸 50ml,와일드피치 오 드 퍼퓸 50ml,brand_mapping_reviewed
ci_ab36af4ff5b0,ci_ab36af4ff5b0,False,Maison Martin Margiela,Maison Martin Margiela,cf_e9b73492c6ee,cf_e9b73492c6ee,레플리카 온어데이트 EDT 10ML | 레플리카 온어데이트 EDT 30ML,레플리카 온어데이트 EDT 10ML | 레플리카 온어데이트 EDT 30ML,unchanged
ci_7f3e7adcd39e,ci_7f3e7adcd39e,False,Elizabeth Arden,Elizabeth Arden,cf_1cd4e3bb8a03,cf_1cd4e3bb8a03,고체향수 보,고체향수 보,unchanged
ci_27c1466023f4,ci_27c1466023f4,False,리베르,리베르,cf_4dd666d17f3a,cf_4dd666d17f3a,[금목서 향수] 오 드 퍼퓸 플라워 소사이어티 30ML Flower Society,[금목서 향수] 오 드 퍼퓸 플라워 소사이어티 30ML Flower Society,unchanged
ci_ead83e6160b4,ci_ead83e6160b4,False,Issey Miyake,Issey Miyake,cf_14264746a3cb,cf_14264746a3cb,르셀디세이 오 드 퍼퓸 100ml | 르셀디세이 오 드 퍼퓸 50ml | 이세이미야케 르 셀 디세이 EDP (50ml/100ml),르셀디세이 오 드 퍼퓸 100ml | 르셀디세이 오 드 퍼퓸 50ml | 이세이미야케 르 셀 디세이 EDP (50ml/100ml),unchanged
ci_546041f781eb,ci_546041f781eb,False,Vivienne Westwood,Vivienne Westwood,cf_2958af6edf7c,cf_2958af6edf7c,[성호 PICK] 론도24 오 드 퍼퓸 EDP 50ml,[성호 PICK] 론도24 오 드 퍼퓸 EDP 50ml,unchanged
ci_b691058531a8,ci_b691058531a8,False,Coach,Coach,cf_cbab37ae52ed,cf_cbab37ae52ed,체리 퍼퓸 30ML | 코치 체리 퍼퓸 50ml/30ml,체리 퍼퓸 30ML | 코치 체리 퍼퓸 50ml/30ml,unchanged
ci_0285f73ab836,ci_12bd605a8d47,True,센녹,Sennok,cf_2d00760a3eea,cf_19a05011aa8d,퍼퓸 베이비블러셔50ml,퍼퓸 베이비블러셔50ml,brand_mapping_reviewed
ci_69104ca504fb,ci_69104ca504fb,False,포엘리에,포엘리에,cf_865169db3f97,cf_865169db3f97,우디&머스크향 옴므 오 드 퍼퓸 향수 30ml,우디&머스크향 옴므 오 드 퍼퓸 향수 30ml,unchanged
ci_13239fdc7c7a,ci_13239fdc7c7a,False,Vivienne Westwood,Vivienne Westwood,cf_0f6ac39ed1f7,cf_0f6ac39ed1f7,[운학 PICK] 콜린 오 드 퍼퓸 EDP 50ml,[운학 PICK] 콜린 오 드 퍼퓸 EDP 50ml,unchanged
ci_d118d49fa626,ci_d118d49fa626,False,라퐁프,라퐁프,cf_64e29ee5dfc7,cf_64e29ee5dfc7,우드세이지앤씨솔트 30ml 향수,우드세이지앤씨솔트 30ml 향수,unchanged
ci_22b490f019e7,ci_22b490f019e7,False,리베르,리베르,cf_b94ac9272a26,cf_b94ac9272a26,[장미 생화향] 오 드 퍼퓸 로즈 제스트 30ML Rose Zest,[장미 생화향] 오 드 퍼퓸 로즈 제스트 30ML Rose Zest,unchanged
ci_dd2b9244c21e,ci_dd2b9244c21e,False,SW19,SW19,cf_2ba1c4d112db,cf_2ba1c4d112db,SW19 5pm 오 드 퍼퓸 12ml | SW19 5pm 오 드 퍼퓸 50ml,SW19 5pm 오 드 퍼퓸 12ml | SW19 5pm 오 드 퍼퓸 50ml,unchanged
ci_4a563c9a37f7,ci_15637f950a6e,True,테누이,Tenui,cf_c8d9cdcdf619,cf_75d8501e6c90,오 드 퍼퓸 페더 10ml,오 드 퍼퓸 페더 10ml,brand_mapping_reviewed
ci_a50613603e2e,ci_a50613603e2e,False,Lolita Lempicka,Lolita Lempicka,cf_d4d69038efe4,cf_d4d69038efe4,롤리타렘피카 EDP 100ml,롤리타렘피카 EDP 100ml,unchanged
ci_526ec19a16c3,ci_526ec19a16c3,False,Coach,Coach,cf_9252f805da84,cf_9252f805da84,플로럴 EDP 30ML,플로럴 EDP 30ML,unchanged
ci_778b0b7da2b4,ci_778b0b7da2b4,False,밀크하우스캔들,밀크하우스캔들,cf_9dda64c465e9,cf_9dda64c465e9,[오일퍼퓸] 썬 키스드 피오니 15ml,[오일퍼퓸] 썬 키스드 피오니 15ml,unchanged
ci_930cf33cf7ca,ci_930cf33cf7ca,False,Vivienne Westwood,Vivienne Westwood,cf_a754e4dadb93,cf_a754e4dadb93,[기프트패키지] 헤어 바디 퍼퓸 미스트 100ml,[기프트패키지] 헤어 바디 퍼퓸 미스트 100ml,unchanged
ci_d957da2d1808,ci_d957da2d1808,False,Versace,Versace,cf_82e0461d78ec,cf_82e0461d78ec,맨 오 플래쉬 EDT 100ML + 맨 오 플래쉬 미니어처 [선물박스] | 맨 오 플래쉬 EDT 50ML + 맨 오 플래쉬 미니어처 [선물박스],맨 오 플래쉬 EDT 100ML + 맨 오 플래쉬 미니어처 [선물박스] | 맨 오 플래쉬 EDT 50ML + 맨 오 플래쉬 미니어처 [선물박스],unchanged
ci_eb015ec8fb7d,ci_67d99819899e,True,알보우,RboW,cf_e13403b4e3ee,cf_8baaeb375c00,앰버생귄 오드퍼퓸 향수 30ML,앰버생귄 오드퍼퓸 향수 30ML,brand_mapping_reviewed
ci_ce6521f1d93a,ci_ce6521f1d93a,False,John Varvatos,John Varvatos,cf_0f75cf52bfb2,cf_0f75cf52bfb2,아티산 블랙 EDT 125ML | 아티산 블랙 EDT 75ML | 존바바토스 아티산 블랙 EDT 125ml | 존바바토스 아티산 블랙 EDT 75ml  (+공병) 기획,아티산 블랙 EDT 125ML | 아티산 블랙 EDT 75ML | 존바바토스 아티산 블랙 EDT 125ml | 존바바토스 아티산 블랙 EDT 75ml  (+공병) 기획,unchanged
ci_8464256d016c,ci_8464256d016c,False,Calvin Klein,Calvin Klein,cf_f6ed85075361,cf_f6ed85075361,씨케이원 EDT 50ML,씨케이원 EDT 50ML,unchanged
ci_b48623383c0d,ci_7d5b2da6bd1e,True,부씨,Bussi,cf_31fcf1a7a199,cf_a9d4f7d2ff3a,해피벌쓰데이 오 드 퍼퓸 30ml,해피벌쓰데이 오 드 퍼퓸 30ml,brand_mapping_reviewed
ci_497d08e59bab,ci_497d08e59bab,False,SW19,SW19,cf_6053689b24d0,cf_6053689b24d0,SW19 6am 오 드 퍼퓸 50ml | SW19 6am 오 드 퍼퓸 12ml,SW19 6am 오 드 퍼퓸 50ml | SW19 6am 오 드 퍼퓸 12ml,unchanged
ci_9dc4ddf6a982,ci_9dc4ddf6a982,False,Adidas,Adidas,cf_73b28910e608,cf_73b28910e608,아디다스 바이브 스파크 업 EDP 100ML,아디다스 바이브 스파크 업 EDP 100ML,unchanged
ci_31a28acedf24,ci_31a28acedf24,False,플르부아,플르부아,cf_4ac474fd91e8,cf_4ac474fd91e8,오 드 퍼퓸 EDP 모닝소일 50mL | 오 드 퍼퓸 EDP 모닝소일 30mL,오 드 퍼퓸 EDP 모닝소일 50mL | 오 드 퍼퓸 EDP 모닝소일 30mL,unchanged
ci_81bef84723e6,ci_c389c44c881a,True,알보우,RboW,cf_8bf512daaaf6,cf_55ba050fd4e0,도쿄 스트라이프 오드퍼퓸 향수 30ML,도쿄 스트라이프 오드퍼퓸 향수 30ML,brand_mapping_reviewed
ci_4c068584014c,ci_4c068584014c,False,Coach,Coach,cf_bc0cb6032d46,cf_bc0cb6032d46,우먼 EDT 30ML,우먼 EDT 30ML,unchanged
ci_ff5de9a9b99e,ci_ff5de9a9b99e,False,Lush,Lush,cf_a594e12f8f3f,cf_a594e12f8f3f,[러쉬×무민] 무민밸리 30ml - 퍼퓸/향수,[러쉬×무민] 무민밸리 30ml - 퍼퓸/향수,unchanged
ci_53cfaa111d0d,ci_53cfaa111d0d,False,Narciso Rodriguez,Narciso Rodriguez,cf_0653fa66fc85,cf_0653fa66fc85,포 힘 블루 느와르 EDT 50ml | 포 힘 블루 느와르 EDT 100ml,포 힘 블루 느와르 EDT 50ml | 포 힘 블루 느와르 EDT 100ml,unchanged
ci_0f5b3a1e90a1,ci_0f5b3a1e90a1,False,Clean,Clean,cf_287df7ccdef3,cf_287df7ccdef3,클래식 레인 EDP 30ML | 클래식 레인 EDP 60ML,클래식 레인 EDP 30ML | 클래식 레인 EDP 60ML,unchanged
ci_c015a799d166,ci_c015a799d166,False,Lanvin,Lanvin,cf_6e8326977e4f,cf_6e8326977e4f,레 플레르 드 랑방 블루 오키드 EDT 50ML | 레 플레르 드 EDT [블루오키드],레 플레르 드 랑방 블루 오키드 EDT 50ML | 레 플레르 드 EDT [블루오키드],unchanged
ci_d0f1ec6b5268,ci_d0f1ec6b5268,False,Atelier Faye,Atelier Faye,cf_c4fcdf26efac,cf_c4fcdf26efac,아뜰리에페이 마이스킨벗베터 30ml,아뜰리에페이 마이스킨벗베터 30ml,unchanged
ci_90e038c982e8,ci_90e038c982e8,False,에이오지,에이오지,cf_dc6ee3ba5d1f,cf_dc6ee3ba5d1f,오 드 퍼퓸 레이 30ml,오 드 퍼퓸 레이 30ml,unchanged
ci_df87c84ede43,ci_df87c84ede43,False,시머스,시머스,cf_524da9ca314e,cf_524da9ca314e,애프터 샤워 EDP 50ml,애프터 샤워 EDP 50ml,unchanged
ci_f450a6755aed,ci_f450a6755aed,False,John Varvatos,John Varvatos,cf_b87f808d6ec9,cf_b87f808d6ec9,XX 아티산 틸 EDT 125ML,XX 아티산 틸 EDT 125ML,unchanged
ci_41d60a0e2fa1,ci_41d60a0e2fa1,False,Lanvin,Lanvin,cf_ff14c10b3fa7,cf_ff14c10b3fa7,모던 프린세스 EDP 30ML | 모던 프린세스 EDP 60ML | 모던 프린세스 EDP 90ML(+샘플 2ML 3종),모던 프린세스 EDP 30ML | 모던 프린세스 EDP 60ML | 모던 프린세스 EDP 90ML(+샘플 2ML 3종),unchanged
ci_9e0bd95ecae5,ci_9e0bd95ecae5,False,Elizabeth Arden,Elizabeth Arden,cf_4f8403d636af,cf_4f8403d636af,5번가 EDP 75ml,5번가 EDP 75ml,unchanged
ci_ea64a82edfc9,ci_ea64a82edfc9,False,Maison Martin Margiela,Maison Martin Margiela,cf_7c7a8e3522b4,cf_7c7a8e3522b4,레플리카 버블 바스 EDT 30ML,레플리카 버블 바스 EDT 30ML,unchanged
ci_30d2393db880,ci_30d2393db880,False,Versace,Versace,cf_6e89820e43e4,cf_6e89820e43e4,베르사체 크리스탈 에메랄드 오 드 퍼퓸 30ml,베르사체 크리스탈 에메랄드 오 드 퍼퓸 30ml,unchanged
ci_6f14dc6b6a6e,ci_0261ff4bed40,True,부씨,Bussi,cf_7522ebf58e2b,cf_25db075599c6,아브라카다멈 오 드 퍼퓸 30ml,아브라카다멈 오 드 퍼퓸 30ml,brand_mapping_reviewed
ci_2c2eb1b4a4b1,ci_2c2eb1b4a4b1,False,Atelier Faye,Atelier Faye,cf_e282c27e55c9,cf_e282c27e55c9,데이 오프 30ml,데이 오프 30ml,unchanged
ci_ad76d8d8a14e,ci_376267ec02f1,True,달바,d'Alba,cf_ed18b9fcae0a,cf_be7cc56ce1ba,리추얼 탠저린 퍼퓸 30ml,리추얼 탠저린 퍼퓸 30ml,brand_mapping_reviewed
ci_17c80f7171f7,ci_17c80f7171f7,False,SW19,SW19,cf_26725cece962,cf_26725cece962,SW19 3pm 오 드 퍼퓸 50ml | SW19 3pm 오 드 퍼퓸 12ml,SW19 3pm 오 드 퍼퓸 50ml | SW19 3pm 오 드 퍼퓸 12ml,unchanged
ci_53a64fbdd1d7,ci_53a64fbdd1d7,False,Jimmy Choo,Jimmy Choo,cf_60e60519a738,cf_60e60519a738,우먼 EDT 40ML,우먼 EDT 40ML,unchanged
ci_4f7f153d45a8,ci_4f7f153d45a8,False,Maison Martin Margiela,Maison Martin Margiela,cf_b777cf329c1d,cf_b777cf329c1d,레플리카 소울 오브 더 포레스트 EDP 100ML,레플리카 소울 오브 더 포레스트 EDP 100ML,unchanged
ci_34501be0a36e,ci_34501be0a36e,False,오브제,오브제,cf_598edf1a1d58,cf_598edf1a1d58,베르가못 레인 퍼퓸 50ml,베르가못 레인 퍼퓸 50ml,unchanged
ci_1524c4e433b8,ci_1524c4e433b8,False,SW19,SW19,cf_738039b59e78,cf_738039b59e78,SW19 Midnight 오일 퍼퓸 10ml,SW19 Midnight 오일 퍼퓸 10ml,unchanged
ci_e1819ca9b3c1,ci_8c402744ac61,True,루아페,Luafee,cf_d9c3d85df446,cf_7d314841f10f,다이브 가든 오 드 퍼퓸v2(30ml),다이브 가든 오 드 퍼퓸v2(30ml),brand_mapping_reviewed
ci_9a7db233bb7a,ci_9a7db233bb7a,False,Maison Martin Margiela,Maison Martin Margiela,cf_68584bf6e0a6,cf_68584bf6e0a6,레플리카 프롬 더 가든 EDT 30ML | 레플리카 프롬 더 가든 EDT 10ML,레플리카 프롬 더 가든 EDT 30ML | 레플리카 프롬 더 가든 EDT 10ML,unchanged
ci_c4a5a43bd1ec,ci_c4a5a43bd1ec,False,Versace,Versace,cf_2bdc12755574,cf_2bdc12755574,블루진 EDT 75ml,블루진 EDT 75ml,unchanged
ci_f05acbcf9804,ci_f05acbcf9804,False,Maison Martin Margiela,Maison Martin Margiela,cf_1368a31f17d0,cf_1368a31f17d0,레플리카 바이 더 파이어플레이스 EDT 10ML | 레플리카 바이 더 파이어플레이스 EDT 30ML,레플리카 바이 더 파이어플레이스 EDT 10ML | 레플리카 바이 더 파이어플레이스 EDT 30ML,unchanged
ci_51b04b29e3eb,ci_51b04b29e3eb,False,리베르,리베르,cf_35f42f429245,cf_35f42f429245,[풀향 향수] 오 드 퍼퓸 그린 사운즈 30ML Green Sounds,[풀향 향수] 오 드 퍼퓸 그린 사운즈 30ML Green Sounds,unchanged
ci_711f7e8f5ea3,ci_711f7e8f5ea3,False,라퐁프,라퐁프,cf_d1d04caa071b,cf_d1d04caa071b,엔젤스쉐어 30ml 향수,엔젤스쉐어 30ml 향수,unchanged
ci_b36dd42c8572,ci_3038ed5e0910,True,유쏘풀,Youssoful,cf_fec560ea02bf,cf_0aad66e26e86,엠포리아코튼 니치향수,엠포리아코튼 니치향수,brand_mapping_reviewed
ci_f1a6621a13b7,ci_c56b3b5c17ef,True,로이비,LOIVIE,cf_b43997709634,cf_b67f94f1560e,오 드 퍼퓸 베르가못 앤 화이트로즈 50ml | 오 드 퍼퓸 베르가못 앤 화이트로즈 18ml,오 드 퍼퓸 베르가못 앤 화이트로즈 50ml | 오 드 퍼퓸 베르가못 앤 화이트로즈 18ml,brand_mapping_reviewed
ci_a7bda112211a,ci_a7bda112211a,False,The Body Shop,The Body Shop,cf_0acdb5ec2c84,cf_0acdb5ec2c84,화이트 머스크 오 드 뚜왈렛 60ML (98139),화이트 머스크 오 드 뚜왈렛 60ML (98139),unchanged
ci_6ce8b5ca257a,ci_6ce8b5ca257a,False,SW19,SW19,cf_a8b790254bce,cf_a8b790254bce,SW19 8am 오 드 퍼퓸 12ml | SW19 8am 오 드 퍼퓸 50ml,SW19 8am 오 드 퍼퓸 12ml | SW19 8am 오 드 퍼퓸 50ml,unchanged
ci_a808a5a9dea4,ci_a808a5a9dea4,False,Versace,Versace,cf_9b0a24edc824,cf_9b0a24edc824,뿌르 옴므 EDT 50ML + 뿌르 옴 미니어처 [선물박스],뿌르 옴므 EDT 50ML + 뿌르 옴 미니어처 [선물박스],unchanged
ci_24cc796dbb5b,ci_24cc796dbb5b,False,Forment,Forment,cf_478fac87d7a1,cf_478fac87d7a1,솔리드 퍼퓸 페블+전용 허그몬 키링 증정,솔리드 퍼퓸 페블+전용 허그몬 키링 증정,unchanged
ci_da65e0151ab7,ci_cf5730db1a65,True,호텔도슨,Hotel Dawson,cf_f42ef24f9ba1,cf_ac5e08808606,미드소마 향수 오드퍼퓸 75ml 새벽공기향 (디스커버리 5종 세트 증정),미드소마 향수 오드퍼퓸 75ml 새벽공기향 (디스커버리 5종 세트 증정),brand_mapping_reviewed
ci_6e45f24474bd,ci_6e45f24474bd,False,Elizabeth Arden,Elizabeth Arden,cf_b0418ff2ea3a,cf_b0418ff2ea3a,그린티 넥타린 블러썸 EDT 100ml +향수 공병 증정,그린티 넥타린 블러썸 EDT 100ml +향수 공병 증정,unchanged
ci_3588de8ac719,ci_3588de8ac719,False,Dolce&Gabbana,Dolce&Gabbana,cf_7372f85c580c,cf_7372f85c580c,라이트 블루 하이드레이팅 퍼퓸 젤 30ml,라이트 블루 하이드레이팅 퍼퓸 젤 30ml,unchanged
ci_ab5528fe9f89,ci_ab5528fe9f89,False,Clean,Clean,cf_89916d4ea40f,cf_89916d4ea40f,클래식 스트로베리 필즈 EDP 30ML,클래식 스트로베리 필즈 EDP 30ML,unchanged
ci_8e7b7692d647,ci_e17cd2240578,True,호텔도슨,Hotel Dawson,cf_62f38763cc55,cf_3fac1ef9c315,오드퍼퓸 20ml 미드소마,오드퍼퓸 20ml 미드소마,brand_mapping_reviewed
ci_06b1aaf49470,ci_06b1aaf49470,False,스침,스침,cf_09592c999b7f,cf_09592c999b7f,"넛츠 바닐라 헤어 우유 퍼퓸 50ml [풍부한 자연의 넛츠, 달콤한 바닐라 향]","넛츠 바닐라 헤어 우유 퍼퓸 50ml [풍부한 자연의 넛츠, 달콤한 바닐라 향]",unchanged
ci_7ec2c6569622,ci_7ec2c6569622,False,스침,스침,cf_2054d5f85d26,cf_2054d5f85d26,"토마케일 헤어 우유 퍼퓸 50ml [달콤하고 신선한 토마토, 푸른 케일 향]","토마케일 헤어 우유 퍼퓸 50ml [달콤하고 신선한 토마토, 푸른 케일 향]",unchanged
ci_9a50df59f0bc,ci_9a50df59f0bc,False,John Varvatos,John Varvatos,cf_fbc264dc33e2,cf_fbc264dc33e2,아티산 포레스트 EDP 125ML,아티산 포레스트 EDP 125ML,unchanged
ci_f7ced541c01c,ci_f7ced541c01c,False,마인드오버바디,마인드오버바디,cf_c72b1b3b84f0,cf_c72b1b3b84f0,[생화장미향수] 로즈온어플래닛 오드퍼퓸 향수 50ml,[생화장미향수] 로즈온어플래닛 오드퍼퓸 향수 50ml,unchanged
ci_e57d14822a83,ci_e57d14822a83,False,Clean,Clean,cf_8586ca21a986,cf_8586ca21a986,리저브 블렌드 스킨 EDP 50ML,리저브 블렌드 스킨 EDP 50ML,unchanged
ci_48a7650c4dbb,ci_48a7650c4dbb,False,Maison Martin Margiela,Maison Martin Margiela,cf_53e42834c1b1,cf_53e42834c1b1,레플리카 스프링타임 인 어 파크 EDT 100ML,레플리카 스프링타임 인 어 파크 EDT 100ML,unchanged
ci_844980499428,ci_844980499428,False,Montblanc,Montblanc,cf_452fce9de686,cf_452fce9de686,스타워커 EDT 50ML | 몽블랑 스타워커 오드뚜왈렛 75ml | 몽블랑 스타워커 오드뚜왈렛 50ml,스타워커 EDT 50ML | 몽블랑 스타워커 오드뚜왈렛 75ml | 몽블랑 스타워커 오드뚜왈렛 50ml,unchanged
ci_8fb6df1ef8a8,ci_89065f584687,True,로이비,LOIVIE,cf_8fe2130b7f15,cf_f2c62cb15eb0,오 드 퍼퓸 피오니 앤 화이트 머스크 50ml | 오 드 퍼퓸 피오니 앤 화이트 머스크 18ml,오 드 퍼퓸 피오니 앤 화이트 머스크 50ml | 오 드 퍼퓸 피오니 앤 화이트 머스크 18ml,brand_mapping_reviewed
ci_1ac810c12f6a,ci_8f23a3d1df3d,True,킨포크노츠,KINFOLK NOTES,cf_79f2ac6c7e92,cf_da8afe0b8c2a,오 드 퍼퓸 캡틴스 바 - 30ml,오 드 퍼퓸 캡틴스 바 - 30ml,brand_mapping_reviewed
ci_214ae48a4e34,ci_214ae48a4e34,False,Elizabeth Arden,Elizabeth Arden,cf_b5c4e0ff038e,cf_b5c4e0ff038e,고체향수 베닝,고체향수 베닝,unchanged
ci_568e2bd50b5b,ci_b30f69a3df89,True,바디판타지,Body Fantasies,cf_19c9fac4afcc,cf_8e6165365ad9,[파우치 랜덤 증정] 바디판타지 바디미스트 세트,[파우치 랜덤 증정] 바디판타지 바디미스트 세트,brand_mapping_reviewed
ci_1ee9b276cd55,ci_1ee9b276cd55,False,Vivienne Westwood,Vivienne Westwood,cf_c934af463532,cf_c934af463532,[보이넥스트도어 PICK] 에끌로에 오 드 퍼퓸 EDP 50ml,[보이넥스트도어 PICK] 에끌로에 오 드 퍼퓸 EDP 50ml,unchanged
ci_25a3e29e48bc,ci_25a3e29e48bc,False,데이모어센트,데이모어센트,cf_22d15c81403f,cf_22d15c81403f,#20 밤쉘 Type (업그레이드) 엑스트레드퍼퓸/니치향수 50ml,#20 밤쉘 Type (업그레이드) 엑스트레드퍼퓸/니치향수 50ml,unchanged
ci_5af09bf5d215,ci_5af09bf5d215,False,Adidas,Adidas,cf_45cfe4ea353d,cf_45cfe4ea353d,바이브 스무스 페이스 EDP (30ML/50ML/100ML),바이브 스무스 페이스 EDP (30ML/50ML/100ML),unchanged
ci_75acfa90d705,ci_75acfa90d705,False,시머스,시머스,cf_95320e6af7be,cf_95320e6af7be,상탈 팬텀 EDP 50ml,상탈 팬텀 EDP 50ml,unchanged
ci_16d1dac7e3d3,ci_16d1dac7e3d3,False,Issey Miyake,Issey Miyake,cf_7919c724003d,cf_7919c724003d,로디세이 뿌르 옴므 EDT 125ml | 로디세이 뿌르 옴므 EDT 75ml,로디세이 뿌르 옴므 EDT 125ml | 로디세이 뿌르 옴므 EDT 75ml,unchanged
ci_03db89ce6119,ci_03db89ce6119,False,Jill Stuart,Jill Stuart,cf_362a3098fb4f,cf_362a3098fb4f,"[LIMITED] 크리스탈 블룸 썸씽 퓨어 블루 오 드 퍼퓸 30ml + 롤 온 10ml 26,000원 상당","[LIMITED] 크리스탈 블룸 썸씽 퓨어 블루 오 드 퍼퓸 30ml + 롤 온 10ml 26,000원 상당",unchanged
ci_951ff379ce1b,ci_951ff379ce1b,False,Ex Nihilo,Ex Nihilo,cf_c6e1423d3600,cf_c6e1423d3600,러스트 인 파라다이스 오드퍼퓸 10ml,러스트 인 파라다이스 오드퍼퓸 10ml,unchanged
ci_ec985663d1ef,ci_ec985663d1ef,False,Etat Libre d'Orange,Etat Libre d'Orange,cf_90be27c2ede8,cf_90be27c2ede8,헤르만 EDP 30ml,헤르만 EDP 30ml,unchanged
ci_43fb1cd8f909,ci_43fb1cd8f909,False,Versace,Versace,cf_da3e826faecf,cf_da3e826faecf,레드진 EDT 75ml,레드진 EDT 75ml,unchanged
ci_daeb9fd9cbb7,ci_b6a8d353474b,True,다비도프,Davidoff,cf_6ab8f4c1f9f9,cf_5fbe09791de5,쿨워터맨 EDT 세트 (EDT125+SG75+ASB75),쿨워터맨 EDT 세트 (EDT125+SG75+ASB75),brand_mapping_reviewed
ci_d4c9681992bb,ci_d4c9681992bb,False,Maison Martin Margiela,Maison Martin Margiela,cf_dbaa297d7596,cf_dbaa297d7596,레플리카 체이싱 선셋 EDT 30ML,레플리카 체이싱 선셋 EDT 30ML,unchanged
ci_2fd40db92e1f,ci_2fd40db92e1f,False,Ariana Grande,Ariana Grande,cf_297434d662b1,cf_297434d662b1,땡큐 넥스트 2.0 EDP 30ML,땡큐 넥스트 2.0 EDP 30ML,unchanged
ci_d5f3d77a3d05,ci_d5f3d77a3d05,False,Lanvin,Lanvin,cf_e06d11a0b371,cf_e06d11a0b371,레 플레르 드 랑방 써니 매그놀리아 EDT 50ML,레 플레르 드 랑방 써니 매그놀리아 EDT 50ML,unchanged
ci_c420901cde27,ci_c420901cde27,False,Clean,Clean,cf_f09e9b850958,cf_f09e9b850958,클래식 쿨 코튼 EDP 60ML | 쿨 코튼 오 드 퍼퓸,클래식 쿨 코튼 EDP 60ML | 쿨 코튼 오 드 퍼퓸,unchanged
ci_b1466cebe3b7,ci_b1466cebe3b7,False,Ariana Grande,Ariana Grande,cf_4364822bef5a,cf_4364822bef5a,스위트 라이크 캔디 EDP 30ML | 아리아나그란데 스위트 라이크 캔디 EDP 50ml 기획(+맥세이프 하트 스마트톡) | 아리아나그란데 스위트 라이크 캔디 EDP 30ml 기획(+땡큐넥스트 1.5ml 바이알) | 스위트 라이크 캔디 EDP,스위트 라이크 캔디 EDP 30ML | 아리아나그란데 스위트 라이크 캔디 EDP 50ml 기획(+맥세이프 하트 스마트톡) | 아리아나그란데 스위트 라이크 캔디 EDP 30ml 기획(+땡큐넥스트 1.5ml 바이알) | 스위트 라이크 캔디 EDP,unchanged
ci_721e4b717527,ci_6f816b0ebea7,True,센녹,Sennok,cf_d17a3b47b0d1,cf_cc49b06da9eb,퍼퓸 슬리핑로즈 50ml,퍼퓸 슬리핑로즈 50ml,brand_mapping_reviewed
ci_07caf36ee06e,ci_07caf36ee06e,False,The Body Shop,The Body Shop,cf_40270d74a652,cf_40270d74a652,화이트 머스크 오 드 퍼퓸 30ML (98110),화이트 머스크 오 드 퍼퓸 30ML (98110),unchanged
ci_d4a291c33943,ci_d4a291c33943,False,헤트라스 뷰티,헤트라스 뷰티,cf_1e692c097fa4,cf_1e692c097fa4,핸드메이드 퍼퓸 50ml 더 리본,핸드메이드 퍼퓸 50ml 더 리본,unchanged
ci_a496085fe969,ci_a496085fe969,False,닉켈하우스,닉켈하우스,cf_f5464dcc9a3b,cf_f5464dcc9a3b,퓨어 젭퍼 오드퍼퓸 50ML,퓨어 젭퍼 오드퍼퓸 50ML,unchanged
ci_7bd259aa5e84,ci_7bd259aa5e84,False,라퐁프,라퐁프,cf_2c99482b3df8,cf_2c99482b3df8,블랑쉬 30ml 향수,블랑쉬 30ml 향수,unchanged
ci_487d7e45fd66,ci_487d7e45fd66,False,Narciso Rodriguez,Narciso Rodriguez,cf_d5b889907a57,cf_d5b889907a57,퓨어 머스크 블랑 포 허 오 드 퍼퓸 인텐스 30ml,퓨어 머스크 블랑 포 허 오 드 퍼퓸 인텐스 30ml,unchanged
ci_c433d1b6a85d,ci_c433d1b6a85d,False,Dolce&Gabbana,Dolce&Gabbana,cf_ddaec9ecc10d,cf_ddaec9ecc10d,라이트 블루 뿌르 옴므 오 드 뚜왈렛 10ml (리뉴얼),라이트 블루 뿌르 옴므 오 드 뚜왈렛 10ml (리뉴얼),unchanged
ci_f169826e372a,ci_f169826e372a,False,든향,든향,cf_012dbd4d7324,cf_012dbd4d7324,"오 드 퍼퓸 EDP, 파자마 Pajama 15ML","오 드 퍼퓸 EDP, 파자마 Pajama 15ML",unchanged
ci_2ccc66e293c4,ci_2ccc66e293c4,False,라퐁프,라퐁프,cf_abc3901d46fe,cf_abc3901d46fe,블랙베리앤베이 30ml 향수,블랙베리앤베이 30ml 향수,unchanged
ci_452a274f7a94,ci_2693a00d479b,True,킨포크노츠,KINFOLK NOTES,cf_44f2089b2815,cf_17ef35268bfe,오 드 퍼퓸 가든 샤워 - 30ml,오 드 퍼퓸 가든 샤워 - 30ml,brand_mapping_reviewed
ci_8fcc2265df15,ci_8fcc2265df15,False,Elizabeth Arden,Elizabeth Arden,cf_28f7c46281f4,cf_28f7c46281f4,화이트티 EDP 100ml,화이트티 EDP 100ml,unchanged
ci_94be7baef38b,ci_dd21c26c8074,True,유쏘풀,Youssoful,cf_b73f10fb659d,cf_bd1b753b8c13,히페리온 니치향수,히페리온 니치향수,brand_mapping_reviewed
ci_bd7c4574ee8d,ci_bd7c4574ee8d,False,라피네르,라피네르,cf_7a022a0a1a47,cf_7a022a0a1a47,[키링굿즈증정/선물포장] 키링 퍼퓸 10ml 메탈 튤립,[키링굿즈증정/선물포장] 키링 퍼퓸 10ml 메탈 튤립,unchanged
ci_17531ea3da3f,ci_17531ea3da3f,False,어레이드 오드 퍼퓸,어레이드 오드 퍼퓸,cf_81bff4bc5e26,cf_81bff4bc5e26,오드 퍼퓸 오크모스 머스크 50ml,오드 퍼퓸 오크모스 머스크 50ml,unchanged
ci_fb136e084ad2,ci_fb136e084ad2,False,Sabrina Carpenter,Sabrina Carpenter,cf_08e7c868c7ff,cf_08e7c868c7ff,체리베이비 EDP 30ML,체리베이비 EDP 30ML,unchanged
ci_4630385a2560,ci_4630385a2560,False,Sabrina Carpenter,Sabrina Carpenter,cf_902257a5f23b,cf_902257a5f23b,스위트투스 EDP 30ML | [단독기획] 사브리나카펜터 스위트 투스 EDP 30ml/75ml,스위트투스 EDP 30ML | [단독기획] 사브리나카펜터 스위트 투스 EDP 30ml/75ml,unchanged
ci_0c3e36599029,ci_0c3e36599029,False,Clean,Clean,cf_9c43911e38ab,cf_9c43911e38ab,리저브 블렌드 레인 EDP 10ML,리저브 블렌드 레인 EDP 10ML,unchanged
ci_cbf0d7465305,ci_cbf0d7465305,False,Kenzo,Kenzo,cf_b65791787e8f,cf_b65791787e8f,겐조 옴므 EDT 40ml,겐조 옴므 EDT 40ml,unchanged
ci_d3d6b5d738a1,ci_d3d6b5d738a1,False,리베르,리베르,cf_7827516486da,cf_7827516486da,[코튼 향수] 오 드 퍼퓸 30ml 스팀 글로스 Steam Gloss,[코튼 향수] 오 드 퍼퓸 30ml 스팀 글로스 Steam Gloss,unchanged
ci_d042ddd14dbc,ci_d042ddd14dbc,False,Clean,Clean,cf_fcf71d339e34,cf_fcf71d339e34,클래식 소프트 런드리 EDP 30ML,클래식 소프트 런드리 EDP 30ML,unchanged
ci_c9752303ca5e,ci_c9752303ca5e,False,Jimmy Choo,Jimmy Choo,cf_2478da13cb60,cf_2478da13cb60,블러썸 EDP 40ML | 지미추 블러썸 EDP (40ml/60ml) | 지미추 블러썸 EDP 40ml | 블러썸 EDP,블러썸 EDP 40ML | 지미추 블러썸 EDP (40ml/60ml) | 지미추 블러썸 EDP 40ml | 블러썸 EDP,unchanged
ci_27332baf1a94,ci_27332baf1a94,False,Calvin Klein,Calvin Klein,cf_5c83ac28d212,cf_5c83ac28d212,씨케이원 나이트 에센스 퍼퓸 인텐스 50ML,씨케이원 나이트 에센스 퍼퓸 인텐스 50ML,unchanged
ci_43d322183c78,ci_43d322183c78,False,Vivienne Westwood,Vivienne Westwood,cf_9b95a82b7464,cf_9b95a82b7464,[리우 PICK] 도쿄레이 오 드 퍼퓸 EDP 50ml,[리우 PICK] 도쿄레이 오 드 퍼퓸 EDP 50ml,unchanged
ci_f974d3be25a5,ci_f974d3be25a5,False,로그인 포레스트,로그인 포레스트,cf_c0a88111d45e,cf_c0a88111d45e,더 딥 퍼퓸 스틱 피그 우디끄,더 딥 퍼퓸 스틱 피그 우디끄,unchanged
ci_a2b3cbe832e0,ci_a2b3cbe832e0,False,Lush,Lush,cf_2cc67a37bb17,cf_2cc67a37bb17,더티 30ml - 퍼퓸/향수 | 더티 100ml - 퍼퓸/향수,더티 30ml - 퍼퓸/향수 | 더티 100ml - 퍼퓸/향수,unchanged
ci_01af280a86a7,ci_edb25b6c3ea3,True,센녹,Sennok,cf_9d234ba74a69,cf_25aa7ec73578,퍼퓸 린넨시트러스 50ml,퍼퓸 린넨시트러스 50ml,brand_mapping_reviewed
ci_1ec0f06d4fe6,ci_1ec0f06d4fe6,False,디아르망,디아르망,cf_fcba408c0d88,cf_fcba408c0d88,여자가 좋아하는 남자 니치향수 블루마틴,여자가 좋아하는 남자 니치향수 블루마틴,unchanged
ci_5793667d500c,ci_5793667d500c,False,Elizabeth Arden,Elizabeth Arden,cf_666d4fa61d10,cf_666d4fa61d10,그린티 코코넛브리즈 EDT 100ml,그린티 코코넛브리즈 EDT 100ml,unchanged
ci_e1a8a151aae2,ci_e1a8a151aae2,False,Versace,Versace,cf_5edbf794cff9,cf_5edbf794cff9,뿌르옴므 딜런블루 EDT 100ml,뿌르옴므 딜런블루 EDT 100ml,unchanged
ci_687504aac14b,ci_687504aac14b,False,그라펜,그라펜,cf_d23bb7b8cb9e,cf_d23bb7b8cb9e,타투 퍼퓸 원우드 롤온 11ml,타투 퍼퓸 원우드 롤온 11ml,unchanged
ci_784a273ea50d,ci_784a273ea50d,False,라피네르,라피네르,cf_d6dad2cd9e0e,cf_d6dad2cd9e0e,노드아이 오리진 퍼퓸 50ML 메탈 튤립,노드아이 오리진 퍼퓸 50ML 메탈 튤립,unchanged
ci_064e3172215c,ci_064e3172215c,False,Adidas,Adidas,cf_16a6bb740c5c,cf_16a6bb740c5c,아디다스 바이브 스무스 페이스 EDP 100ML,아디다스 바이브 스무스 페이스 EDP 100ML,unchanged
ci_c0d4d974be64,ci_c0bd4a4f5b6e,True,아닐로,ANILLO,cf_53deb2eaa833,cf_7ecf977bd837,엠버528 오 드 퍼퓸 50ml,엠버528 오 드 퍼퓸 50ml,brand_mapping_reviewed
ci_86a33bd30fbf,ci_86a33bd30fbf,False,라퐁프,라퐁프,cf_600354050690,cf_600354050690,모하비고스트 30ml 향수,모하비고스트 30ml 향수,unchanged
ci_6a8371b682cf,ci_6a8371b682cf,False,누다라,누다라,cf_9361fbfbe921,cf_9361fbfbe921,시그니처 퍼퓸 틴타슈 30ML,시그니처 퍼퓸 틴타슈 30ML,unchanged
ci_5521c25e1459,ci_5521c25e1459,False,Kenzo,Kenzo,cf_47d48689c1c5,cf_47d48689c1c5,로 겐조 뿌르옴므 EDT 30ml,로 겐조 뿌르옴므 EDT 30ml,unchanged
ci_c421f94bc73a,ci_f21db36f96f8,True,아로,Ahro,cf_a2929cf355e3,cf_1ee5bd2796bd,풀 문 블로썸 50ml,풀 문 블로썸 50ml,brand_mapping_reviewed
ci_3431d14236d3,ci_3431d14236d3,False,Calvin Klein,Calvin Klein,cf_1c70e5cd2d6c,cf_1c70e5cd2d6c,씨케이원 에센스 퍼퓸 인텐스100ml,씨케이원 에센스 퍼퓸 인텐스100ml,unchanged
ci_a88d01a37159,ci_a88d01a37159,False,Montblanc,Montblanc,cf_74e835add973,cf_74e835add973,익스플로러 익스트림 퍼퓸 60ML,익스플로러 익스트림 퍼퓸 60ML,unchanged
ci_e2bbb1d18103,ci_e2bbb1d18103,False,Forment,Forment,cf_dc7d8a66b49c,cf_dc7d8a66b49c,[스테디셀러 특가/올영1위/박지훈 포카증정] 포맨트 시그니처 퍼퓸 코튼허그 50ml,[스테디셀러 특가/올영1위/박지훈 포카증정] 포맨트 시그니처 퍼퓸 코튼허그 50ml,unchanged
ci_3f1625d048c2,ci_3f1625d048c2,False,Jennifer Lopez,Jennifer Lopez,cf_87a4f91d80c0,cf_87a4f91d80c0,[단독기획] 제니퍼로페즈 글로우 바이제이로 EDT 100ml 기획(+프로미스 바디로션),[단독기획] 제니퍼로페즈 글로우 바이제이로 EDT 100ml 기획(+프로미스 바디로션),unchanged
ci_b8cd393d2c56,ci_b8cd393d2c56,False,Narciso Rodriguez,Narciso Rodriguez,cf_d43315e25eb1,cf_d43315e25eb1,[타잔 Pick]나르시소 로드리게즈 포 허 퓨어 머스크 EDP (30ml/50ml/100ml/기획),[타잔 Pick]나르시소 로드리게즈 포 허 퓨어 머스크 EDP (30ml/50ml/100ml/기획),unchanged
ci_be5552a929f6,ci_be5552a929f6,False,Forment,Forment,cf_029e6f7b4540,cf_029e6f7b4540,[박지훈 포카증정] 포맨트 시그니처 퍼퓸 코튼메모리 50ml 단품/기획 | 시그니처 퍼퓸 [코튼메모리] | 헬로키티 에디션 시그니처 퍼퓸 [코튼메모리],[박지훈 포카증정] 포맨트 시그니처 퍼퓸 코튼메모리 50ml 단품/기획 | 시그니처 퍼퓸 [코튼메모리] | 헬로키티 에디션 시그니처 퍼퓸 [코튼메모리],unchanged
ci_f149cc2700c4,ci_f149cc2700c4,False,Forment,Forment,cf_ca1a7dffc4a1,cf_ca1a7dffc4a1,[박지훈 포카증정] 포맨트 시그니처 퍼퓸 코튼베이비 50ml 기획/단품,[박지훈 포카증정] 포맨트 시그니처 퍼퓸 코튼베이비 50ml 기획/단품,unchanged
ci_28ef15b9cc2a,ci_28ef15b9cc2a,False,Clean,Clean,cf_b80f77dd693b,cf_b80f77dd693b,[단독기획] 클린 웜코튼 EDP 30ml (+10ml 롤러볼),[단독기획] 클린 웜코튼 EDP 30ml (+10ml 롤러볼),unchanged
ci_4f945c5205c0,ci_4f945c5205c0,False,Atelier Faye,Atelier Faye,cf_e282c27e55c9,cf_e282c27e55c9,[NEW/기획] 아뜰리에페이 퍼퓸 30ml 데이오프 | 데이 오프,[NEW/기획] 아뜰리에페이 퍼퓸 30ml 데이오프 | 데이 오프,unchanged
ci_bef9410756d3,ci_bef9410756d3,False,Calvin Klein,Calvin Klein,cf_58499b932bda,cf_58499b932bda,캘빈클라인 CK 비 EDT 3종 택1 (50ml/100ml/200ml) | 비 오 드 뚜왈렛,캘빈클라인 CK 비 EDT 3종 택1 (50ml/100ml/200ml) | 비 오 드 뚜왈렛,unchanged
ci_9a08a16f5b5e,ci_9a08a16f5b5e,False,Ariana Grande,Ariana Grande,cf_9a3ff5083c2c,cf_9a3ff5083c2c,아리아나그란데 땡큐 넥스트 EDP 50ml | 땡큐 넥스트 EDP,아리아나그란데 땡큐 넥스트 EDP 50ml | 땡큐 넥스트 EDP,unchanged
ci_e138e63c4dbd,ci_e138e63c4dbd,False,Clean,Clean,cf_0969dea96bf9,cf_0969dea96bf9,클린 헤어&바디 퍼퓸 미스트 휩드바닐라 88ml/236ml,클린 헤어&바디 퍼퓸 미스트 휩드바닐라 88ml/236ml,unchanged
ci_e950f7d25ef0,ci_e950f7d25ef0,False,Calvin Klein,Calvin Klein,cf_cebf9ae3f860,cf_cebf9ae3f860,캘빈클라인 CK One EDT 단품/기획 | 원 EDT,캘빈클라인 CK One EDT 단품/기획 | 원 EDT,unchanged
ci_ecc1ed6c7ff8,ci_ecc1ed6c7ff8,False,John Varvatos,John Varvatos,cf_98b92cc2e516,cf_98b92cc2e516,존바바토스 아티산 EDT 40ml 단품/기획 중 택1,존바바토스 아티산 EDT 40ml 단품/기획 중 택1,unchanged
ci_d49aa1d6db5e,ci_d49aa1d6db5e,False,Clean,Clean,cf_d96afb511ff7,cf_d96afb511ff7,"클린 웜코튼 EDP 30ml,60ml 단품/기획 중 택 1","클린 웜코튼 EDP 30ml,60ml 단품/기획 중 택 1",unchanged
ci_d3737a1b01d7,ci_d3737a1b01d7,False,Chloé,Chloé,cf_379f7ddde27c,cf_379f7ddde27c,끌로에 로 드 퍼퓸 인텐스 EDP 30ml/50ml/50기획,끌로에 로 드 퍼퓸 인텐스 EDP 30ml/50ml/50기획,unchanged
ci_6a46ead3c476,ci_6a46ead3c476,False,Ariana Grande,Ariana Grande,cf_a32f4ea18c27,cf_a32f4ea18c27,"[단독기획] 아리아나그란데 스위트 라이크 캔디 EDP 30ml, 50ml, 100ml 중 택 1","[단독기획] 아리아나그란데 스위트 라이크 캔디 EDP 30ml, 50ml, 100ml 중 택 1",unchanged
ci_55c32188b932,ci_55c32188b932,False,Narciso Rodriguez,Narciso Rodriguez,cf_ceba3e317f5a,cf_ceba3e317f5a,[NEW] 나르시소 로드리게즈 포 허 퓨어 머스크 블랑 EDPI (30ml/50ml/기획),[NEW] 나르시소 로드리게즈 포 허 퓨어 머스크 블랑 EDPI (30ml/50ml/기획),unchanged
ci_ecf6117c3a16,ci_ecf6117c3a16,False,Calvin Klein,Calvin Klein,cf_f26ea16582f0,cf_f26ea16582f0,캘빈클라인 CK 올 EDT 100ml | 씨케이 올 EDT,캘빈클라인 CK 올 EDT 100ml | 씨케이 올 EDT,unchanged
ci_a5b6588d75c6,ci_a5b6588d75c6,False,Lanvin,Lanvin,cf_95772c18e25d,cf_95772c18e25d,랑방 잔느 EDP 30ml | 랑방 잔느 EDP 50ml | 잔느 EDP,랑방 잔느 EDP 30ml | 랑방 잔느 EDP 50ml | 잔느 EDP,unchanged
ci_f2e2d7044172,ci_f2e2d7044172,False,Forment,Forment,cf_15ebc984ec5a,cf_15ebc984ec5a,포맨트 시그니처 퍼퓸 코튼배쓰 50ml,포맨트 시그니처 퍼퓸 코튼배쓰 50ml,unchanged
ci_090d5c757bdd,ci_090d5c757bdd,False,Narciso Rodriguez,Narciso Rodriguez,cf_b0b728bf3515,cf_b0b728bf3515,[프레쉬로즈향] 나르시소 로드리게즈 나르시소 크리스탈 EDP (30ml/50m/기획),[프레쉬로즈향] 나르시소 로드리게즈 나르시소 크리스탈 EDP (30ml/50m/기획),unchanged
ci_92cf3d32574e,ci_92cf3d32574e,False,Philosophy,Philosophy,cf_db32b9a532b6,cf_db32b9a532b6,[원지안PICK] 필로소피 어메이징 그레이스 EDT 15ml/60ml/60ml기획,[원지안PICK] 필로소피 어메이징 그레이스 EDT 15ml/60ml/60ml기획,unchanged
ci_d7f360daaaee,ci_d7f360daaaee,False,라멜린,라멜린,cf_396d3741f494,cf_396d3741f494,라멜린 플로럴 퍼퓸 50ml,라멜린 플로럴 퍼퓸 50ml,unchanged
ci_c5f6aa864282,ci_c5f6aa864282,False,Calvin Klein,Calvin Klein,cf_eeaa87bd68e8,cf_eeaa87bd68e8,캘빈클라인 CK One 에센스 퍼퓸 인텐스 50ml/100ml/200ml 택1,캘빈클라인 CK One 에센스 퍼퓸 인텐스 50ml/100ml/200ml 택1,unchanged
ci_4579fa88d473,ci_979dd155638a,True,루아페,Luafee,cf_225afcd380f3,cf_4251629a55ec,"[러블리한 플로럴향] 루아페 오,러브 EDP 30ml","[러블리한 플로럴향] 루아페 오,러브 EDP 30ml",brand_mapping_reviewed
ci_102e06f3190c,ci_102e06f3190c,False,Atelier Faye,Atelier Faye,cf_366fe3278c82,cf_366fe3278c82,[NEW/기획] 아뜰리에페이 퍼퓸 30ml 마이스킨벗베러,[NEW/기획] 아뜰리에페이 퍼퓸 30ml 마이스킨벗베러,unchanged
ci_fb6626322853,ci_39c0948727fa,True,에이딕트,Addct,cf_c0869a3b6eff,cf_caf05627b164,에이딕트 솔리드 퍼퓸 네이키드 뮤게 313 30ml,에이딕트 솔리드 퍼퓸 네이키드 뮤게 313 30ml,brand_mapping_reviewed
ci_ae81bd990904,ci_ae81bd990904,False,Calvin Klein,Calvin Klein,cf_5cbeb8d4e5bd,cf_5cbeb8d4e5bd,[NEW] 캘빈클라인 씨케이원 나이트 에센스 EDP (50ml/100ml/200ml),[NEW] 캘빈클라인 씨케이원 나이트 에센스 EDP (50ml/100ml/200ml),unchanged
ci_ed334daca304,ci_ed334daca304,False,Lanvin,Lanvin,cf_0139983bbcc4,cf_0139983bbcc4,랑방 레 플레르 드 랑방 워터 릴리 EDT 90ml | 랑방 레 플레르 드 랑방 워터 릴리 EDT 50ml | 레 플레르 드 EDT [워터릴리],랑방 레 플레르 드 랑방 워터 릴리 EDT 90ml | 랑방 레 플레르 드 랑방 워터 릴리 EDT 50ml | 레 플레르 드 EDT [워터릴리],unchanged
ci_cacb957def3b,ci_cacb957def3b,False,Lanvin,Lanvin,cf_ea6be805a1eb,cf_ea6be805a1eb,랑방 레 플레르 드 랑방 써니 매그놀리아 EDT 50ml | 랑방 레 플레르 드 랑방 써니 매그놀리아 EDT 90ml,랑방 레 플레르 드 랑방 써니 매그놀리아 EDT 50ml | 랑방 레 플레르 드 랑방 써니 매그놀리아 EDT 90ml,unchanged
ci_12ad9e9642b2,ci_12ad9e9642b2,False,Atelier Faye,Atelier Faye,cf_fcc87ca6d15b,cf_fcc87ca6d15b,[NEW] 아뜰리에페이 퍼퓸 30ml 뮤게가든,[NEW] 아뜰리에페이 퍼퓸 30ml 뮤게가든,unchanged
ci_fd42acc0c3f9,ci_fd42acc0c3f9,False,어뮤즈,어뮤즈,cf_c122f4842a09,cf_c122f4842a09,[올영단독기획] 어뮤즈 헤어 퍼퓸 미스트 한정 기획 (+솔리드퍼퓸밤키링증정),[올영단독기획] 어뮤즈 헤어 퍼퓸 미스트 한정 기획 (+솔리드퍼퓸밤키링증정),unchanged
ci_6f565b1f6752,ci_2203fd6a322c,True,에이딕트,Addct,cf_45aab0b939f4,cf_340fc7bc332c,에이딕트 솔리드 퍼퓸 네이키드 머스크 103 30ml,에이딕트 솔리드 퍼퓸 네이키드 머스크 103 30ml,brand_mapping_reviewed
ci_30370b03b0c1,ci_30370b03b0c1,False,Jimmy Choo,Jimmy Choo,cf_a5afdc7271ce,cf_a5afdc7271ce,지미추 아이 원 추 EDP (40m/60ml) | 지미추 아이 원 추 EDP 40ml | 지미추 아이 원 추 EDP 60ml,지미추 아이 원 추 EDP (40m/60ml) | 지미추 아이 원 추 EDP 40ml | 지미추 아이 원 추 EDP 60ml,unchanged
ci_2fc2db319ecd,ci_2fc2db319ecd,False,Montblanc,Montblanc,cf_fe5d68bf8700,cf_fe5d68bf8700,몽블랑 레전드 EDT 30ml/50ml 중 택1,몽블랑 레전드 EDT 30ml/50ml 중 택1,unchanged
ci_65eac4509013,ci_65eac4509013,False,Jimmy Choo,Jimmy Choo,cf_7dfcf9743ea9,cf_7dfcf9743ea9,지미추 EDT 40ml | 지미추 EDT 60ml | EDT,지미추 EDT 40ml | 지미추 EDT 60ml | EDT,unchanged
ci_d35f8c98bc46,ci_d35f8c98bc46,False,Clean,Clean,cf_b57440fcc667,cf_b57440fcc667,"클린 헤어&바디 퍼퓸 미스트 파파야 파라다이스 88ml,236ml (단품/기획)","클린 헤어&바디 퍼퓸 미스트 파파야 파라다이스 88ml,236ml (단품/기획)",unchanged
ci_9e5e93b2c387,ci_9e5e93b2c387,False,Laura Mercier,Laura Mercier,cf_6325e48efb4d,cf_6325e48efb4d,[NEW] 로라메르시에 오 드 퍼퓸 50ml 앰버바닐라,[NEW] 로라메르시에 오 드 퍼퓸 50ml 앰버바닐라,unchanged
ci_b0e2f4a43c26,ci_b0e2f4a43c26,False,Chloé,Chloé,cf_31f1cc25e405,cf_31f1cc25e405,끌로에 루미네즈 EDP (30ml/50ml),끌로에 루미네즈 EDP (30ml/50ml),unchanged
ci_cde0bdb250ad,ci_cde0bdb250ad,False,Jimmy Choo,Jimmy Choo,cf_abb63a33b39b,cf_abb63a33b39b,지미추 아이 원 추 포에버 EDP 60ml,지미추 아이 원 추 포에버 EDP 60ml,unchanged
ci_b1e88853f76a,ci_b1e88853f76a,False,Jimmy Choo,Jimmy Choo,cf_f35c7fcc1934,cf_f35c7fcc1934,지미추 아이원추 르 파팡 퍼퓸 (40ml / 60ml),지미추 아이원추 르 파팡 퍼퓸 (40ml / 60ml),unchanged
ci_91832dbcb560,ci_91832dbcb560,False,Burberry,Burberry,cf_0ddd1d211dc1,cf_0ddd1d211dc1,버버리 위크엔드 우먼 EDP 50ml/100ml,버버리 위크엔드 우먼 EDP 50ml/100ml,unchanged
ci_8343895b72bc,ci_8343895b72bc,False,Burberry,Burberry,cf_15ccf23bef1d,cf_15ccf23bef1d,버버리 포맨 EDT 50ml,버버리 포맨 EDT 50ml,unchanged
ci_e244fce7bce0,ci_e244fce7bce0,False,Chloé,Chloé,cf_c93e9591b3b7,cf_c93e9591b3b7,[NEW] 끌로에 르 퍼퓸 EDP 30ml/50ml,[NEW] 끌로에 르 퍼퓸 EDP 30ml/50ml,unchanged
ci_3637be30a1f2,ci_3637be30a1f2,False,Lanvin,Lanvin,cf_8d8b0136c82d,cf_8d8b0136c82d,랑방 메리미 EDP 50ml | 랑방 메리미 EDP 30ml | 메리미 EDP,랑방 메리미 EDP 50ml | 랑방 메리미 EDP 30ml | 메리미 EDP,unchanged
ci_1f86ce3efead,ci_1f86ce3efead,False,Kenzo,Kenzo,cf_29bc916eca15,cf_29bc916eca15,플라워바이겐조 EDP 50ml | 플라워바이겐조 EDP 30ml/50ml 2종 택1 | 플라워바이겐조 EDP 30ml | 플라워바이겐조 EDP 15ml,플라워바이겐조 EDP 50ml | 플라워바이겐조 EDP 30ml/50ml 2종 택1 | 플라워바이겐조 EDP 30ml | 플라워바이겐조 EDP 15ml,unchanged
ci_3d6cd9885fad,ci_3d6cd9885fad,False,Burberry,Burberry,cf_139b1d8dad8f,cf_139b1d8dad8f,버버리 터치 포 맨 EDT 50ml/100ml,버버리 터치 포 맨 EDT 50ml/100ml,unchanged
ci_e978ba807ebb,ci_e978ba807ebb,False,Calvin Klein,Calvin Klein,cf_2a169a94354b,cf_2a169a94354b,캘빈클라인 CK 디파이 EDT 30ml/50ml 택1,캘빈클라인 CK 디파이 EDT 30ml/50ml 택1,unchanged
ci_d2fcaaa64889,ci_d2fcaaa64889,False,Ralph Lauren,Ralph Lauren,cf_9c5f817444a2,cf_9c5f817444a2,"랄프로렌 폴로 랄프 EDT 30ml,50ml 단품/기획 중 택 1","랄프로렌 폴로 랄프 EDT 30ml,50ml 단품/기획 중 택 1",unchanged
ci_d7564396fd9b,ci_d7564396fd9b,False,Forment,Forment,cf_5087eb58dad2,cf_5087eb58dad2,[리뉴얼출시]포맨트 시그니처 퍼퓸 코튼브리즈 50ml | 시그니처 퍼퓸 [코튼브리즈],[리뉴얼출시]포맨트 시그니처 퍼퓸 코튼브리즈 50ml | 시그니처 퍼퓸 [코튼브리즈],unchanged
ci_c0312168b64b,ci_c0312168b64b,False,든향,든향,cf_039b1356c0fa,cf_039b1356c0fa,[보라색 베이비 로션향] 든향 EDP 15ml 파자마,[보라색 베이비 로션향] 든향 EDP 15ml 파자마,unchanged
ci_b19711c7672c,ci_cb304d30c259,True,에틀리에,Kiss New York,cf_e413c53d7996,cf_03f54dcd99eb,[엔믹스지우PICK] 에틀리에 오 드 퍼퓸 스킨센트 30ml/10ml,[엔믹스지우PICK] 에틀리에 오 드 퍼퓸 스킨센트 30ml/10ml,brand_mapping_reviewed
ci_e24fb8fa9c57,ci_e24fb8fa9c57,False,Adidas,Adidas,cf_bf470d66296f,cf_bf470d66296f,[김재원PICK] 아디다스 스파크업 EDP (30ml기획/50ml/100ml),[김재원PICK] 아디다스 스파크업 EDP (30ml기획/50ml/100ml),unchanged
ci_9fb8efce2e13,ci_9fb8efce2e13,False,Forment,Forment,cf_ad1aee3891fa,cf_ad1aee3891fa,[박지훈 PICK/거울키링증정] 포맨트 시그니처 헤어 퍼퓸 코튼메모리 30ml (포켓몬 에디션),[박지훈 PICK/거울키링증정] 포맨트 시그니처 헤어 퍼퓸 코튼메모리 30ml (포켓몬 에디션),unchanged
ci_ead2ce126fdc,ci_ead2ce126fdc,False,라멜린,라멜린,cf_be534eb70925,cf_be534eb70925,[청량한향] 라멜린 오션 퍼퓸 50ml,[청량한향] 라멜린 오션 퍼퓸 50ml,unchanged
ci_d07b4e786ac6,ci_d07b4e786ac6,False,그라펜,그라펜,cf_d1b2e3b4e088,cf_d1b2e3b4e088,[무화과/우디]그라펜 타투 퍼퓸 원우드 롤온 11ml,[무화과/우디]그라펜 타투 퍼퓸 원우드 롤온 11ml,unchanged
ci_22174ff268e4,ci_22174ff268e4,False,Calvin Klein,Calvin Klein,cf_10144bdee303,cf_10144bdee303,CK 캘빈클라인 One EDT 어워즈 한정기획 (200ml),CK 캘빈클라인 One EDT 어워즈 한정기획 (200ml),unchanged
ci_c0a10848ee51,ci_c0a10848ee51,False,Dolce&Gabbana,Dolce&Gabbana,cf_ac2c66cdb060,cf_ac2c66cdb060,[NEW/리뉴얼] 돌체앤가바나 라이트블루 EDT 30ml,[NEW/리뉴얼] 돌체앤가바나 라이트블루 EDT 30ml,unchanged
ci_7b1b0c3c97bf,ci_7b1b0c3c97bf,False,Lanvin,Lanvin,cf_19dad0597d0d,cf_19dad0597d0d,랑방 레 플레르 드 랑방 블루 오키드 EDT 90ml,랑방 레 플레르 드 랑방 블루 오키드 EDT 90ml,unchanged
ci_df04693e4cb4,ci_df04693e4cb4,False,Philosophy,Philosophy,cf_091ff970a215,cf_091ff970a215,[원지안PICK] 필로소피 어메이징 그레이스 발레로즈 EDT 60ml,[원지안PICK] 필로소피 어메이징 그레이스 발레로즈 EDT 60ml,unchanged
ci_801a083b87d3,ci_801a083b87d3,False,Ariana Grande,Ariana Grande,cf_27a342bde00c,cf_27a342bde00c,아리아나그란데 클라우드 EDP 50ml | 클라우드 EDP,아리아나그란데 클라우드 EDP 50ml | 클라우드 EDP,unchanged
ci_a87ef349f868,ci_a87ef349f868,False,Atelier Faye,Atelier Faye,cf_d76c0d74ba2b,cf_d76c0d74ba2b,[NEW] 아뜰리에페이 퍼퓸 30ml 베이비 피치,[NEW] 아뜰리에페이 퍼퓸 30ml 베이비 피치,unchanged
ci_b0236609a3c2,ci_8edbde5051d7,True,알보우,RboW,cf_fc89087b363d,cf_213619005ccf,[NEW] 알보우 헤어퍼퓸 미스트 50ml 로즈 퀴르,[NEW] 알보우 헤어퍼퓸 미스트 50ml 로즈 퀴르,brand_mapping_reviewed
ci_a5845353f606,ci_1029293a858d,True,알보우,RboW,cf_0e6a12da593c,cf_b1a61ccbaebc,알보우 헤어퍼퓸 미스트 50ml 모노크롬,알보우 헤어퍼퓸 미스트 50ml 모노크롬,brand_mapping_reviewed
ci_fa40e8f891bc,ci_fa40e8f891bc,False,로맨띠끄,로맨띠끄,cf_01a181d1b59d,cf_01a181d1b59d,[명품향수/ 블랙베리&베이]로맨띠끄 블랙베리 퍼퓸 50ml,[명품향수/ 블랙베리&베이]로맨띠끄 블랙베리 퍼퓸 50ml,unchanged
ci_e9ded798e88b,ci_e9ded798e88b,False,슬로우허밍,슬로우허밍,cf_642d4d4be19e,cf_642d4d4be19e,[올영단독/헤어 퍼퓸 미니 증정] 슬로우허밍 플라워너리 릴리프 퍼퓸밤 플라워솝,[올영단독/헤어 퍼퓸 미니 증정] 슬로우허밍 플라워너리 릴리프 퍼퓸밤 플라워솝,unchanged
ci_8d3fd68851e5,ci_8d3fd68851e5,False,저스트에즈아이엠,저스트에즈아이엠,cf_a8422bb98e91,cf_a8422bb98e91,[무화과 수분충전] 아이엠 헤어 퍼퓸 미스트 100ml,[무화과 수분충전] 아이엠 헤어 퍼퓸 미스트 100ml,unchanged
ci_f5f8a6517ebc,ci_f5f8a6517ebc,False,Dolce&Gabbana,Dolce&Gabbana,cf_06b308b242fd,cf_06b308b242fd,[베스트/리뉴얼] 돌체앤가바나 라이트블루 EDT 50ml,[베스트/리뉴얼] 돌체앤가바나 라이트블루 EDT 50ml,unchanged
ci_5f841369d660,ci_5f841369d660,False,Chloé,Chloé,cf_8c663c17c6a8,cf_8c663c17c6a8,끌로에 노마드 EDP 30ml/50ml/50ml 기획,끌로에 노마드 EDP 30ml/50ml/50ml 기획,unchanged
ci_e9e3d3d4f4c3,ci_e9e3d3d4f4c3,False,Chloé,Chloé,cf_081f4800f765,cf_081f4800f765,끌로에 로즈탠저린 EDT 30ml/50ml,끌로에 로즈탠저린 EDT 30ml/50ml,unchanged
ci_6d23c4cc8ad3,ci_6d23c4cc8ad3,False,Narciso Rodriguez,Narciso Rodriguez,cf_d9df97212003,cf_d9df97212003,나르시소 로드리게즈 엉브레 EDP 30ml,나르시소 로드리게즈 엉브레 EDP 30ml,unchanged
ci_7f39563a5790,ci_7f39563a5790,False,Mercedes-Benz,Mercedes-Benz,cf_1e0c8741ef87,cf_1e0c8741ef87,메르세데스 벤츠 맨 EDT 100ml 기획 (+벤츠 맨 10ml) | 메르세데스 벤츠 맨 EDT 30ml/50ml/100ml 3종 택1 | 메르세데스 벤츠 맨 EDT 50ml,메르세데스 벤츠 맨 EDT 100ml 기획 (+벤츠 맨 10ml) | 메르세데스 벤츠 맨 EDT 30ml/50ml/100ml 3종 택1 | 메르세데스 벤츠 맨 EDT 50ml,unchanged
ci_9cc473c7a422,ci_995ff22a2add,True,포스테스,Postes,cf_0ebd086781d2,cf_06f9249ad235,포스테스 오 드 퍼퓸 50ml 프롬 생트로페 (2607 리뉴얼),포스테스 오 드 퍼퓸 50ml 프롬 생트로페 (2607 리뉴얼),brand_mapping_reviewed
ci_8acb92ed35b3,ci_8acb92ed35b3,False,Ariana Grande,Ariana Grande,cf_993faf12454a,cf_993faf12454a,아리아나그란데 땡큐 넥스트 EDP 30ml 단품/기획 중 택1,아리아나그란데 땡큐 넥스트 EDP 30ml 단품/기획 중 택1,unchanged
ci_d6f47d522967,ci_d6f47d522967,False,Clean,Clean,cf_83f763ec96d0,cf_83f763ec96d0,[단독기획] 클린 스트로베리필즈 EDP 60ml+10ML 롤러볼 증정 기획/ 단품 중 택1,[단독기획] 클린 스트로베리필즈 EDP 60ml+10ML 롤러볼 증정 기획/ 단품 중 택1,unchanged
ci_bce7ce1ac560,ci_f05320b774b8,True,헉슬리,Huxley,cf_1a3b9fdab1d9,cf_550a57df6189,헉슬리 퍼퓸 포트브레스 15ml,헉슬리 퍼퓸 포트브레스 15ml,brand_mapping_reviewed
ci_8092459cd691,ci_afa8a883decc,True,에틀리에,Kiss New York,cf_c8f18c147da6,cf_3aff32f2809e,[엔믹스릴리PICK] 에틀리에 오 드 퍼퓸 앰버버번 30ml,[엔믹스릴리PICK] 에틀리에 오 드 퍼퓸 앰버버번 30ml,brand_mapping_reviewed
ci_061397e78705,ci_061397e78705,False,Adidas,Adidas,cf_c5664c6a7ca4,cf_c5664c6a7ca4,[김재원PICK] 아디다스 해피필즈 EDP (30ml/100ml),[김재원PICK] 아디다스 해피필즈 EDP (30ml/100ml),unchanged
ci_b58c9e05319d,ci_b58c9e05319d,False,Atelier Faye,Atelier Faye,cf_4d6a8c996a34,cf_4d6a8c996a34,[NEW] 아뜰리에페이 헤어 퍼퓸 30ml 슬립핑 베이비,[NEW] 아뜰리에페이 헤어 퍼퓸 30ml 슬립핑 베이비,unchanged
ci_e0047f33d1fc,ci_e0047f33d1fc,False,그라펜,그라펜,cf_d2f699856a66,cf_d2f699856a66,[기프트세트] 그라펜 타투 퍼퓸 원우드 29ml 선물세트(+코튼헤이즈솔리드퍼퓸 3g+기프트케이스),[기프트세트] 그라펜 타투 퍼퓸 원우드 29ml 선물세트(+코튼헤이즈솔리드퍼퓸 3g+기프트케이스),unchanged
ci_da542ea22760,ci_da542ea22760,False,Narciso Rodriguez,Narciso Rodriguez,cf_cfe454f436d2,cf_cfe454f436d2,[클린코튼향] 나르시소 로드리게즈 나르시소 래디언트 EDP (30ml/50ml),[클린코튼향] 나르시소 로드리게즈 나르시소 래디언트 EDP (30ml/50ml),unchanged
ci_fb0dea544479,ci_fb0dea544479,False,Philosophy,Philosophy,cf_888859454e23,cf_888859454e23,필로소피 어메이징 그레이스 EDP 60ml,필로소피 어메이징 그레이스 EDP 60ml,unchanged
ci_46384c7971c9,ci_46384c7971c9,False,Clean,Clean,cf_18770a5d0256,cf_18770a5d0256,클린 퓨어솝 EDP 30ml/60ml 2종 중 택1,클린 퓨어솝 EDP 30ml/60ml 2종 중 택1,unchanged
ci_c0c0fa5e9996,ci_c0c0fa5e9996,False,누다라,누다라,cf_a7ff4e6faa2a,cf_a7ff4e6faa2a,[우디/무화과향] 누다라 EDP 30ml 우드마벨,[우디/무화과향] 누다라 EDP 30ml 우드마벨,unchanged
ci_cd58bf00b394,ci_cd58bf00b394,False,헤레카,헤레카,cf_95609e6b4782,cf_95609e6b4782,[트렌디한/우디향] 헤레카 스모키우드 퍼퓸 50ml,[트렌디한/우디향] 헤레카 스모키우드 퍼퓸 50ml,unchanged
ci_e7e143c807cb,ci_e7c642a19e91,True,에이딕트,Addct,cf_852d00ea283e,cf_3533993b18b6,에이딕트 오 드 퍼퓸 보이드 우드 50ml,에이딕트 오 드 퍼퓸 보이드 우드 50ml,brand_mapping_reviewed
ci_744309a78c02,ci_f28d24461591,True,에이딕트,Addct,cf_6f53d8b1e02d,cf_e437d3cbb2f1,에이딕트 오 드 퍼퓸 웜 애프터눈 50ml,에이딕트 오 드 퍼퓸 웜 애프터눈 50ml,brand_mapping_reviewed
ci_86a2a6344a19,ci_618755e0b4c7,True,호텔도슨,Hotel Dawson,cf_6a6752b0c3f6,cf_808e53410023,호텔도슨 셀프블룸 향수 오드퍼퓸 20ml [첫사랑향수] | 호텔도슨 셀프블룸 향수 오드퍼퓸 75ml [첫사랑향수],호텔도슨 셀프블룸 향수 오드퍼퓸 20ml [첫사랑향수] | 호텔도슨 셀프블룸 향수 오드퍼퓸 75ml [첫사랑향수],brand_mapping_reviewed
ci_9af8bebe3a27,ci_3e78a84654bb,True,루아페,Luafee,cf_33fb7bae2ce6,cf_313f8c51cb12,[레몬비누향] 루아페 스티미 솝 EDP 30ml (단품/기획),[레몬비누향] 루아페 스티미 솝 EDP 30ml (단품/기획),brand_mapping_reviewed
ci_d725899bf33e,ci_d725899bf33e,False,Adidas,Adidas,cf_6d5c31a01738,cf_6d5c31a01738,[김재원PICK] 아디다스 풀 리차지 EDP (30ml기획/50ml/100ml),[김재원PICK] 아디다스 풀 리차지 EDP (30ml기획/50ml/100ml),unchanged
ci_c71a131731e4,ci_c71a131731e4,False,Atelier Faye,Atelier Faye,cf_b947984751cf,cf_b947984751cf,[NEW] 아뜰리에페이 퍼퓸 30ml 던 인 오슬로,[NEW] 아뜰리에페이 퍼퓸 30ml 던 인 오슬로,unchanged
ci_260b8737227d,ci_260b8737227d,False,벨벳바니,벨벳바니,cf_d1447106a844,cf_d1447106a844,벨벳바니 스킨퍼퓸 80ml 포에버영,벨벳바니 스킨퍼퓸 80ml 포에버영,unchanged
ci_27bd716825bd,ci_123cfe17aff2,True,에이딕트,Addct,cf_c6765701573e,cf_348223219ca0,[에탄올 FREE] 에이딕트 헤어 퍼퓸 30ml 버베나 레인 (단품/기획),[에탄올 FREE] 에이딕트 헤어 퍼퓸 30ml 버베나 레인 (단품/기획),brand_mapping_reviewed
ci_63034975f070,ci_63034975f070,False,Dolce&Gabbana,Dolce&Gabbana,cf_18c95e64f42b,cf_18c95e64f42b,[베스트/리뉴얼] 돌체앤가바나 라이트블루 뿌르 옴므 EDT 100ml,[베스트/리뉴얼] 돌체앤가바나 라이트블루 뿌르 옴므 EDT 100ml,unchanged
ci_c565283367da,ci_c565283367da,False,Chloé,Chloé,cf_50e61e524396,cf_50e61e524396,끌로에 나츄렐 EDP 30ml/50ml,끌로에 나츄렐 EDP 30ml/50ml,unchanged
ci_9825f4c137fe,ci_9825f4c137fe,False,Versace,Versace,cf_aafbcb08d78e,cf_aafbcb08d78e,[NEW] 베르사체 맨 오 프레쉬 50ml (단품/기획) | 베르사체 맨오프레쉬 50ml,[NEW] 베르사체 맨 오 프레쉬 50ml (단품/기획) | 베르사체 맨오프레쉬 50ml,unchanged
ci_21e1d1f3e3be,ci_21e1d1f3e3be,False,Lanvin,Lanvin,cf_fdbcafebf041,cf_fdbcafebf041,"랑방 에끌라 드 아르페쥬 화이트 티 EDP 50ml (단품,기획)","랑방 에끌라 드 아르페쥬 화이트 티 EDP 50ml (단품,기획)",unchanged
ci_ce3d6cf26038,ci_ce3d6cf26038,False,Issey Miyake,Issey Miyake,cf_032c648f4900,cf_032c648f4900,이세이미야케 뤼미에르 디세이 EDP (30ml/50ml),이세이미야케 뤼미에르 디세이 EDP (30ml/50ml),unchanged
ci_601bb9c6684d,ci_601bb9c6684d,False,Montblanc,Montblanc,cf_e76b00d444c5,cf_e76b00d444c5,몽블랑 레전드 스피릿 EDT 50ml | 몽블랑 레전드 스피릿 EDT 30ml,몽블랑 레전드 스피릿 EDT 50ml | 몽블랑 레전드 스피릿 EDT 30ml,unchanged
ci_53ea5c255a06,ci_53ea5c255a06,False,Narciso Rodriguez,Narciso Rodriguez,cf_b77089f53246,cf_b77089f53246,나르시소 로드리게즈 포 허 EDT (30ml/50ml),나르시소 로드리게즈 포 허 EDT (30ml/50ml),unchanged
ci_1ae8327ff37a,ci_1ae8327ff37a,False,Mercedes-Benz,Mercedes-Benz,cf_22aaea243c46,cf_22aaea243c46,메르세데스 벤츠 맨 프레쉬 EDT 100ml | 메르세데스 벤츠 맨 프레쉬 EDT 50ml,메르세데스 벤츠 맨 프레쉬 EDT 100ml | 메르세데스 벤츠 맨 프레쉬 EDT 50ml,unchanged
ci_58725aaf12a6,ci_58725aaf12a6,False,Michael Kors,Michael Kors,cf_4a117d51e791,cf_4a117d51e791,마이클 코어스 고저스 오드퍼퓸 30ml/50ml/100ml 택1 | [NEW] 마이클 코어스 고저스 오드퍼퓸 50ml,마이클 코어스 고저스 오드퍼퓸 30ml/50ml/100ml 택1 | [NEW] 마이클 코어스 고저스 오드퍼퓸 50ml,unchanged
ci_557fad01877a,ci_557fad01877a,False,Philosophy,Philosophy,cf_3362b8e71c2d,cf_3362b8e71c2d,필로소피 퓨어 그레이스 EDP 60ml,필로소피 퓨어 그레이스 EDP 60ml,unchanged
ci_8798439946b7,ci_8798439946b7,False,Versace,Versace,cf_63abeaf62f0d,cf_63abeaf62f0d,베르사체 오프레쉬 맨 30ml 기획(+5ml 미니어처),베르사체 오프레쉬 맨 30ml 기획(+5ml 미니어처),unchanged
ci_4da5a76aab11,ci_5ad764814230,True,포스테스,Postes,cf_325139a53019,cf_7ef0e76d2dec,포스테스 오 드 퍼퓸 50ml 프롬 서울 단품/기획(+트래블 러기지택 핑크),포스테스 오 드 퍼퓸 50ml 프롬 서울 단품/기획(+트래블 러기지택 핑크),brand_mapping_reviewed
ci_c854a702a4f1,ci_c854a702a4f1,False,Calvin Klein,Calvin Klein,cf_86151ee716da,cf_86151ee716da,캘빈클라인 CK 에브리원 EDP 50ml/100ml,캘빈클라인 CK 에브리원 EDP 50ml/100ml,unchanged
ci_4f8978fe008f,ci_b702a0d98e3d,True,알보우,RboW,cf_69e65840ad86,cf_516f4d06f764,[지원PICK] 알보우 케이스 스터디 EDP 30ml 앰버 생귄,[지원PICK] 알보우 케이스 스터디 EDP 30ml 앰버 생귄,brand_mapping_reviewed
ci_d4673523c743,ci_03de43d04a1e,True,아로,Ahro,cf_a2929cf355e3,cf_1ee5bd2796bd,아로 풀 문 블로썸 EDT 50ml,아로 풀 문 블로썸 EDT 50ml,brand_mapping_reviewed
ci_d32688a3529e,ci_d32688a3529e,False,리베르,리베르,cf_e158d45f06b7,cf_e158d45f06b7,[금목서 향수] 리베르 오 드 퍼퓸 플라워 소사이어티 30ml,[금목서 향수] 리베르 오 드 퍼퓸 플라워 소사이어티 30ml,unchanged
ci_736dd9e89d13,ci_736dd9e89d13,False,Montblanc,Montblanc,cf_998b68f1c3dd,cf_998b68f1c3dd,몽블랑 레전드 EDT 30ml | 레전드 오 드 뚜왈렛,몽블랑 레전드 EDT 30ml | 레전드 오 드 뚜왈렛,unchanged
ci_d948983677b4,ci_cac2aeac5d89,True,홀리바넘,Holibanum,cf_6e92ca9206b3,cf_4ad88ef968a9,홀리바넘 오 드 뚜왈렛 30ml 썸머 브레이크,홀리바넘 오 드 뚜왈렛 30ml 썸머 브레이크,brand_mapping_reviewed
ci_8320393300a0,ci_8320393300a0,False,Ariana Grande,Ariana Grande,cf_3bc9f9d715a5,cf_3bc9f9d715a5,아리아나그란데 아리 EDP 30ml 기획(+땡큐넥스트 1.5ml 바이알) | 아리 EDP,아리아나그란데 아리 EDP 30ml 기획(+땡큐넥스트 1.5ml 바이알) | 아리 EDP,unchanged
ci_eb2f443e9a0f,ci_eb2f443e9a0f,False,Ariana Grande,Ariana Grande,cf_9159f82c7ada,cf_9159f82c7ada,아리아나그란데 땡큐 넥스트 2.0 EDP 30ml 단품/기획 중 택1,아리아나그란데 땡큐 넥스트 2.0 EDP 30ml 단품/기획 중 택1,unchanged
ci_4366f5321b19,ci_4366f5321b19,False,Demeter Fragrance,Demeter Fragrance,cf_cf12e64fa539,cf_cf12e64fa539,"데메테르 어스 리프레싱 오 파퓨메 EDP 30ml/50ml 자킨토스,그리스","데메테르 어스 리프레싱 오 파퓨메 EDP 30ml/50ml 자킨토스,그리스",unchanged
ci_6b5af3b2a5b1,ci_6b5af3b2a5b1,False,Clean,Clean,cf_de6bf1476b12,cf_de6bf1476b12,클린 애플블로썸 EDP 30/60ml 2종 중 택1,클린 애플블로썸 EDP 30/60ml 2종 중 택1,unchanged
ci_769eb2e093e9,ci_769eb2e093e9,False,Philosophy,Philosophy,cf_c2bb12d62e62,cf_c2bb12d62e62,[원지안PICK] 필로소피 프레쉬크림 웜캐시미어 EDT (15ml/60ml/60ml파우치기획),[원지안PICK] 필로소피 프레쉬크림 웜캐시미어 EDT (15ml/60ml/60ml파우치기획),unchanged
ci_7d5de579c0ec,ci_c0330f2d03af,True,루아페,Luafee,cf_0fb86e5c7dc0,cf_3b3a18aa0259,[포근코튼향] 루아페 코지 머스크 EDP 30ml,[포근코튼향] 루아페 코지 머스크 EDP 30ml,brand_mapping_reviewed
ci_b284833a9f15,ci_74e0b2f49526,True,에틀리에,Kiss New York,cf_3c6c93684146,cf_d6c7bc7cb83f,[엔믹스해원PICK] 에틀리에 오 드 퍼퓸 플라워 앤 슈가 30ml,[엔믹스해원PICK] 에틀리에 오 드 퍼퓸 플라워 앤 슈가 30ml,brand_mapping_reviewed
ci_b1e45f9c38b7,ci_d8294a657e0a,True,에틀리에,Kiss New York,cf_090e3c54977f,cf_5865646b67fa,[엔믹스규진PICK] 에틀리에 오 드 퍼퓸 트와일라잇블룸 30ml/10ml,[엔믹스규진PICK] 에틀리에 오 드 퍼퓸 트와일라잇블룸 30ml/10ml,brand_mapping_reviewed
ci_9472d243aa2e,ci_4289b4a8b251,True,에틀리에,Kiss New York,cf_f06f34e12cda,cf_c720ab5b4d04,[엔믹스배이PICK] 에틀리에 오 드 퍼퓸 바닐라앤라벤더 30ml,[엔믹스배이PICK] 에틀리에 오 드 퍼퓸 바닐라앤라벤더 30ml,brand_mapping_reviewed
ci_9ee5bebf2fa0,ci_27c243915d8a,True,로이비,LOIVIE,cf_e87b9cb2a7da,cf_e436c003acb2,[미니향수] 로이비 오드퍼퓸 베르가못 앤 화이트로즈 18ml,[미니향수] 로이비 오드퍼퓸 베르가못 앤 화이트로즈 18ml,brand_mapping_reviewed
ci_e0cf42b26f03,ci_e0cf42b26f03,False,The Body Shop,The Body Shop,cf_4191efb103d8,cf_4191efb103d8,더바디샵 화이트 머스크 EDT 30ml,더바디샵 화이트 머스크 EDT 30ml,unchanged
ci_a1827c4749b3,ci_a1827c4749b3,False,Clean,Clean,cf_e45a13b3fa6a,cf_e45a13b3fa6a,"클린 헤어&바디 퍼퓸 미스트 로즈올데이 88ml,236ml (단품/기획)","클린 헤어&바디 퍼퓸 미스트 로즈올데이 88ml,236ml (단품/기획)",unchanged
ci_0bd67c755b25,ci_0bd67c755b25,False,벨벳바니,벨벳바니,cf_49cf9c2c5d57,cf_49cf9c2c5d57,벨벳바니 스킨퍼퓸 80ml 퍼스트러브,벨벳바니 스킨퍼퓸 80ml 퍼스트러브,unchanged
ci_30c9dd74e686,ci_30c9dd74e686,False,벨벳바니,벨벳바니,cf_f11564355bb3,cf_f11564355bb3,벨벳바니 스킨퍼퓸 80ml 마이선샤인,벨벳바니 스킨퍼퓸 80ml 마이선샤인,unchanged
ci_f6578684a2bf,ci_f6578684a2bf,False,벨벳바니,벨벳바니,cf_97d215a81c46,cf_97d215a81c46,벨벳바니 스킨퍼퓸 80ml 실키모닝,벨벳바니 스킨퍼퓸 80ml 실키모닝,unchanged
ci_c54b619695d7,ci_c54b619695d7,False,Lancôme,Lancôme,cf_6e42aa50536e,cf_6e42aa50536e,랑콤 이돌 오 드 퍼퓸 25ml/50ml/100ml,랑콤 이돌 오 드 퍼퓸 25ml/50ml/100ml,unchanged
ci_1f097a903a19,ci_1f097a903a19,False,Memo Paris,Memo Paris,cf_a6f84b957b35,cf_a6f84b957b35,[NEW] 메모 오데옹 오드퍼퓸 30ml,[NEW] 메모 오데옹 오드퍼퓸 30ml,unchanged
ci_560e6d97c163,ci_560e6d97c163,False,Narciso Rodriguez,Narciso Rodriguez,cf_38ccb2621b1a,cf_38ccb2621b1a,나르시소 로드리게즈 포 허 인텐스 EDP (30ml/50ml),나르시소 로드리게즈 포 허 인텐스 EDP (30ml/50ml),unchanged
ci_253bb2170a5c,ci_253bb2170a5c,False,Dolce&Gabbana,Dolce&Gabbana,cf_dfb862fec92e,cf_dfb862fec92e,[NEW/리뉴얼] 돌체앤가바나 라이트블루 뿌르 옴므 EDT 50ml,[NEW/리뉴얼] 돌체앤가바나 라이트블루 뿌르 옴므 EDT 50ml,unchanged
ci_4f36549015dc,ci_4f36549015dc,False,Narciso Rodriguez,Narciso Rodriguez,cf_e5e77da92fb3,cf_e5e77da92fb3,나르시소 로드리게즈 올 오브 미 인텐스 EDP (30ml/50ml/기획),나르시소 로드리게즈 올 오브 미 인텐스 EDP (30ml/50ml/기획),unchanged
ci_d726eb9cd3a9,ci_d726eb9cd3a9,False,Lanvin,Lanvin,cf_ad74ca83f399,cf_ad74ca83f399,랑방 레 플레르 드 랑방 스위트 자스민 EDT 50ml/90ml,랑방 레 플레르 드 랑방 스위트 자스민 EDT 50ml/90ml,unchanged
ci_00beca65a7db,ci_00beca65a7db,False,Philosophy,Philosophy,cf_93e745fe4d02,cf_93e745fe4d02,필로소피 어메이징 그레이스 발레로즈 EDP 60ml,필로소피 어메이징 그레이스 발레로즈 EDP 60ml,unchanged
ci_59cfc1647b5c,ci_7c324b1c4e39,True,포스테스,Postes,cf_65fc225c9be4,cf_7e341792fc09,포스테스 오 드 퍼퓸 50ml 프롬 맨하튼 (2607 리뉴얼),포스테스 오 드 퍼퓸 50ml 프롬 맨하튼 (2607 리뉴얼),brand_mapping_reviewed
ci_7a7a4c97f02b,ci_7a7a4c97f02b,False,Burberry,Burberry,cf_52df4f71f9ca,cf_52df4f71f9ca,버버리 브릿 포 힘 EDT 30ml/50ml,버버리 브릿 포 힘 EDT 30ml/50ml,unchanged
ci_3f5039d94f4d,ci_56df94402d2d,True,알보우,RboW,cf_2df1dd953dd6,cf_f0edf7485439,[기획] 알보우 케이스 스터디 EDP 30ml 몬순 (+핸드크림),[기획] 알보우 케이스 스터디 EDP 30ml 몬순 (+핸드크림),brand_mapping_reviewed
ci_77bccd934bf9,ci_77bccd934bf9,False,Calvin Klein,Calvin Klein,cf_36407077c3b5,cf_36407077c3b5,캘빈클라인 CK One 골드 EDT 50ml/100ml/200ml,캘빈클라인 CK One 골드 EDT 50ml/100ml/200ml,unchanged
ci_ddce5bc87547,ci_ddce5bc87547,False,Sabrina Carpenter,Sabrina Carpenter,cf_94e69f74bdef,cf_94e69f74bdef,"사브리나카펜터 스위트 투스 카라멜 드림 EDP 30ml,75ml 단품/기획","사브리나카펜터 스위트 투스 카라멜 드림 EDP 30ml,75ml 단품/기획",unchanged
ci_8bb4b595b483,ci_703337d780d3,True,아로,Ahro,cf_116d079bdfc6,cf_868c0a45aa92,아로 EDT 50ml 체리 온 탑,아로 EDT 50ml 체리 온 탑,brand_mapping_reviewed
ci_7bb29fdae112,ci_7bb29fdae112,False,투데이이즈,투데이이즈,cf_68a38a8995a8,cf_68a38a8995a8,투데이이즈 인더메모리 오드 퍼퓸 50ml,투데이이즈 인더메모리 오드 퍼퓸 50ml,unchanged
ci_1fc55836b760,ci_1fc55836b760,False,Philosophy,Philosophy,cf_0e5529b62b5a,cf_0e5529b62b5a,[원지안PICK] 필로소피 퓨어그레이스 EDT 15ml/60ml/60ml기획,[원지안PICK] 필로소피 퓨어그레이스 EDT 15ml/60ml/60ml기획,unchanged
ci_69cfae7949a5,ci_69cfae7949a5,False,Kenzo,Kenzo,cf_29bc916eca15,cf_29bc916eca15,플라워바이겐조 NEW EDT 30ml/50ml 2종 택1 | 플라워바이겐조 NEW EDT 30ml,플라워바이겐조 NEW EDT 30ml/50ml 2종 택1 | 플라워바이겐조 NEW EDT 30ml,unchanged
ci_b877af4fc24d,ci_d2de71c7a308,True,홀리바넘,Holibanum,cf_d54a8b7df6bb,cf_45c392a57475,홀리바넘 오 드 뚜왈렛 30ml 라임에이드,홀리바넘 오 드 뚜왈렛 30ml 라임에이드,brand_mapping_reviewed
ci_e6d05eb7a38a,ci_e6d05eb7a38a,False,Ariana Grande,Ariana Grande,cf_3edcce3c35e6,cf_3edcce3c35e6,아리아나그란데 문라이트 EDP 30ml,아리아나그란데 문라이트 EDP 30ml,unchanged
ci_2861f81458d2,ci_2861f81458d2,False,테일러센츠,테일러센츠,cf_fa8179cd8d3e,cf_fa8179cd8d3e,테일러센츠 오브제 퍼퓸 EDT 30ml 페일린넨,테일러센츠 오브제 퍼퓸 EDT 30ml 페일린넨,unchanged
ci_9cc569410f2e,ci_9cc569410f2e,False,Kenzo,Kenzo,cf_934c270cacce,cf_934c270cacce,로 겐조 뿌르 옴므 EDT 30ml,로 겐조 뿌르 옴므 EDT 30ml,unchanged
ci_abc832e5b5ca,ci_abc832e5b5ca,False,Narciso Rodriguez,Narciso Rodriguez,cf_f91512ea677b,cf_f91512ea677b,나르시소 로드리게즈 올 오브 미 센티드 헤어 퍼퓸 미스트 30ml,나르시소 로드리게즈 올 오브 미 센티드 헤어 퍼퓸 미스트 30ml,unchanged
ci_a311c73ea635,ci_4ad7df3d4d6b,True,에이딕트,Addct,cf_05b40d5b2961,cf_1792c3ed805e,에이딕트 오 드 퍼퓸 잇 더 피치 50ml,에이딕트 오 드 퍼퓸 잇 더 피치 50ml,brand_mapping_reviewed
ci_f7349d89d33c,ci_0b7a1d90a416,True,헉슬리,Huxley,cf_7e74023e59f0,cf_bd3a19027184,헉슬리 퍼퓸 블루 메디나 탠저린 15ml,헉슬리 퍼퓸 블루 메디나 탠저린 15ml,brand_mapping_reviewed
ci_893ff4f3f808,ci_f73f3984cef2,True,헉슬리,Huxley,cf_c8de04d7dd37,cf_2e676d0dbf5b,[기획] 헉슬리 퍼퓸 로즈 피커 15ml,[기획] 헉슬리 퍼퓸 로즈 피커 15ml,brand_mapping_reviewed
ci_aa51823e6538,ci_aa51823e6538,False,Adidas,Adidas,cf_f80d465bd623,cf_f80d465bd623,[김재원PICK] 아디다스 원더포스 EDP (50ml/100ml),[김재원PICK] 아디다스 원더포스 EDP (50ml/100ml),unchanged
ci_3372e6dd6fbb,ci_5ec349e187e7,True,호텔도슨,Hotel Dawson,cf_e72a50af23e7,cf_6e87b9fcfe4d,호텔도슨 살룻투유 향수 오드퍼퓸 20ml [시트러스 블렌드향],호텔도슨 살룻투유 향수 오드퍼퓸 20ml [시트러스 블렌드향],brand_mapping_reviewed
ci_dbe21b3bd09b,ci_c3d37773b6a5,True,호텔도슨,Hotel Dawson,cf_3523d9615188,cf_95f92f8c3192,호텔도슨 미드소마 향수 오드퍼퓸 20ml [새벽공기향],호텔도슨 미드소마 향수 오드퍼퓸 20ml [새벽공기향],brand_mapping_reviewed
ci_17e18d76e28e,ci_2137ed472e0c,True,에틀리에,Kiss New York,cf_e877c61ce8ef,cf_0443088e891a,[엔믹스설윤PICK] 에틀리에 오 드 퍼퓸 코튼파우더 30ml,[엔믹스설윤PICK] 에틀리에 오 드 퍼퓸 코튼파우더 30ml,brand_mapping_reviewed
ci_ec936f18d36c,ci_ec936f18d36c,False,Atelier Faye,Atelier Faye,cf_194a5421c4b3,cf_194a5421c4b3,[NEW] 아뜰리에페이 퍼퓸 30ml 코지파자마,[NEW] 아뜰리에페이 퍼퓸 30ml 코지파자마,unchanged
ci_8ef0ec586657,ci_8ef0ec586657,False,Atelier Faye,Atelier Faye,cf_dc6fcef66b6f,cf_dc6fcef66b6f,[NEW] 아뜰리에페이 퍼퓸 30ml 프렌치로즈 | 아뜰리에페이 퍼퓸 프렌치로즈 30ml,[NEW] 아뜰리에페이 퍼퓸 30ml 프렌치로즈 | 아뜰리에페이 퍼퓸 프렌치로즈 30ml,unchanged
ci_9410f2c3c9e1,ci_9410f2c3c9e1,False,The Body Shop,The Body Shop,cf_62c2bb4252a3,cf_62c2bb4252a3,더바디샵 브리티쉬 로즈 EDT 100ml,더바디샵 브리티쉬 로즈 EDT 100ml,unchanged
ci_d877021d43d8,ci_d877021d43d8,False,Atelier Faye,Atelier Faye,cf_00ddbb5c1f66,cf_00ddbb5c1f66,[NEW] 아뜰리에페이 퍼퓸 30ml 블랙 우드,[NEW] 아뜰리에페이 퍼퓸 30ml 블랙 우드,unchanged
ci_6591ee6833ed,ci_6591ee6833ed,False,Adidas,Adidas,cf_0808fbb8f8c2,cf_0808fbb8f8c2,[김재원PICK] 아디다스 겟 컴피 EDP (30m기획/50ml/100ml),[김재원PICK] 아디다스 겟 컴피 EDP (30m기획/50ml/100ml),unchanged
ci_c8263db73b5c,ci_c8263db73b5c,False,Atelier Faye,Atelier Faye,cf_d3046c96ee74,cf_d3046c96ee74,[NEW] 아뜰리에페이 헤어 퍼퓸 30ml 실크 매그놀리아,[NEW] 아뜰리에페이 헤어 퍼퓸 30ml 실크 매그놀리아,unchanged
ci_90198f48e65a,ci_90198f48e65a,False,L'Occitane en Provence,L'Occitane en Provence,cf_405119679040,cf_405119679040,록시땅 버베나 바디 & 헤어 인비고레이팅 미스트 50ml,록시땅 버베나 바디 & 헤어 인비고레이팅 미스트 50ml,unchanged
ci_731165a107e2,ci_386c9fc422b5,True,헉슬리,Huxley,cf_c8de04d7dd37,cf_2e676d0dbf5b,[NEW] 헉슬리 헤어퍼퓸 25ml 로즈 피커,[NEW] 헉슬리 헤어퍼퓸 25ml 로즈 피커,brand_mapping_reviewed
ci_4814f96f3a19,ci_645e551cc4d2,True,에이딕트,Addct,cf_6ef04385cf09,cf_1870ace1bb17,[에탄올 FREE] 에이딕트 헤어퍼퓸 30ml (단품/기획),[에탄올 FREE] 에이딕트 헤어퍼퓸 30ml (단품/기획),brand_mapping_reviewed
ci_1a425f8adb57,ci_1a425f8adb57,False,로맨띠끄,로맨띠끄,cf_b507854e5092,cf_b507854e5092,[명품향수/도손&화이트플로럴향]로맨띠끄 튜베로즈 퍼퓸 50ml,[명품향수/도손&화이트플로럴향]로맨띠끄 튜베로즈 퍼퓸 50ml,unchanged
ci_2c9beac9d0e8,ci_2c9beac9d0e8,False,Adidas,Adidas,cf_7d78a7d866f6,cf_7d78a7d866f6,[김재원PICK] 아디다스  에너지 드라이브 EDP (30ml기획/50ml/100ml),[김재원PICK] 아디다스  에너지 드라이브 EDP (30ml기획/50ml/100ml),unchanged
ci_b53be752c6dd,ci_b53be752c6dd,False,슬로우허밍,슬로우허밍,cf_d96dfe80f282,cf_d96dfe80f282,슬로우허밍 플라워너리 릴리프 퍼퓸밤 플레르베일,슬로우허밍 플라워너리 릴리프 퍼퓸밤 플레르베일,unchanged
ci_ef9d82e1fef1,ci_d091a8acab36,True,아닐로,ANILLO,cf_8f927ba68e6d,cf_82d8a23662e3,아닐로 패츌리가든 오 드 퍼퓸 10ml/50ml 단독 기획,아닐로 패츌리가든 오 드 퍼퓸 10ml/50ml 단독 기획,brand_mapping_reviewed
ci_364e46e48e35,ci_364e46e48e35,False,슬로우허밍,슬로우허밍,cf_ca46381d50dc,cf_ca46381d50dc,[단독기획] 슬로우허밍 프루티너리 헤어 퍼퓸 미스트 터치피치 기획 (+룸&패브릭 스프레이 플라워솝 미니),[단독기획] 슬로우허밍 프루티너리 헤어 퍼퓸 미스트 터치피치 기획 (+룸&패브릭 스프레이 플라워솝 미니),unchanged
ci_c41a52adbb73,ci_c41a52adbb73,False,슬로우허밍,슬로우허밍,cf_7b51b7bb61a7,cf_7b51b7bb61a7,[단독기획] 슬로우허밍 플라워너리 헤어 퍼퓸 미스트 플라워솝 기획 (+룸&패브릭 스프레이 플라워솝 미니),[단독기획] 슬로우허밍 플라워너리 헤어 퍼퓸 미스트 플라워솝 기획 (+룸&패브릭 스프레이 플라워솝 미니),unchanged
ci_10b88a70f281,ci_10b88a70f281,False,Kenzo,Kenzo,cf_43d204d893c8,cf_43d204d893c8,로 겐조 뿌르 팜므 EDT 30ml,로 겐조 뿌르 팜므 EDT 30ml,unchanged
ci_07ca704561a6,ci_07ca704561a6,False,Marc Jacobs,Marc Jacobs,cf_1a914e781476,cf_1a914e781476,마크제이콥스 데이지 오 쏘 프레쉬 EDT 75ml,마크제이콥스 데이지 오 쏘 프레쉬 EDT 75ml,unchanged
ci_2f24ebaf093c,ci_2f24ebaf093c,False,Narciso Rodriguez,Narciso Rodriguez,cf_d68d656b646e,cf_d68d656b646e,나르시소 로드리게즈 포 힘 블루 누와르 EDT (50ml/100ml),나르시소 로드리게즈 포 힘 블루 누와르 EDT (50ml/100ml),unchanged
ci_6d1c380aa36c,ci_6d1c380aa36c,False,토스,토스,cf_67e4408e3833,cf_67e4408e3833,토스 러브미 EDP 30ml (미니어처 증정),토스 러브미 EDP 30ml (미니어처 증정),unchanged
ci_86dc614dcc29,ci_86dc614dcc29,False,Memo Paris,Memo Paris,cf_7f97996c24a9,cf_7f97996c24a9,메모 마르파 오드퍼퓸 (30ml/75ml) | 메모 마르파 오드퍼퓸 30ml,메모 마르파 오드퍼퓸 (30ml/75ml) | 메모 마르파 오드퍼퓸 30ml,unchanged
ci_282980a7211b,ci_282980a7211b,False,Moschino,Moschino,cf_54d49be724c7,cf_54d49be724c7,모스키노 토이 보이 EDP 30ml,모스키노 토이 보이 EDP 30ml,unchanged
ci_f4b1990c867f,ci_f4b1990c867f,False,Marc Jacobs,Marc Jacobs,cf_a8e4f4c0e3f0,cf_a8e4f4c0e3f0,마크제이콥스 퍼펙트 EDP 50ml,마크제이콥스 퍼펙트 EDP 50ml,unchanged
ci_92a3f91f742a,ci_92a3f91f742a,False,Kenzo,Kenzo,cf_dbc799a42d11,cf_dbc799a42d11,겐조 옴므 EDP 110ml,겐조 옴므 EDP 110ml,unchanged
ci_a5b7d1b0a828,ci_a5b7d1b0a828,False,Kenzo,Kenzo,cf_dbc799a42d11,cf_dbc799a42d11,겐조 옴므 EDT 60ml,겐조 옴므 EDT 60ml,unchanged
ci_64df1353a842,ci_dbe9baced91f,True,엔시피,N.C.P. Olfactives,cf_dce059fd8f2d,cf_57a0080000d6,엔시피 601 앰버&가이악우드 EDP 10ml 기획세트(퍼퓸파우치+1ml 샘플 추가증정),엔시피 601 앰버&가이악우드 EDP 10ml 기획세트(퍼퓸파우치+1ml 샘플 추가증정),brand_mapping_reviewed
ci_7189a8cff0e0,ci_7189a8cff0e0,False,포엘리에,포엘리에,cf_71578a32a775,cf_71578a32a775,포엘리에 옴므 오드퍼퓸 우디&머스크 남자 향수 30ml,포엘리에 옴므 오드퍼퓸 우디&머스크 남자 향수 30ml,unchanged
ci_24680e62d6d7,ci_24680e62d6d7,False,Memo Paris,Memo Paris,cf_83c5956c6842,cf_83c5956c6842,메모 케두 EDP 75ml,메모 케두 EDP 75ml,unchanged
ci_d586aa0a6484,ci_d586aa0a6484,False,Chloé,Chloé,cf_8c663c17c6a8,cf_8c663c17c6a8,끌로에 노마드 EDT 30ml/50ml,끌로에 노마드 EDT 30ml/50ml,unchanged
ci_8c8b2a7cfdc2,ci_8c8b2a7cfdc2,False,Burberry,Burberry,cf_c51501a90af1,cf_c51501a90af1,버버리 터치 포 우먼 EDP 50ml,버버리 터치 포 우먼 EDP 50ml,unchanged
ci_bd1391fc2268,ci_bd1391fc2268,False,Kenzo,Kenzo,cf_382bf90075ad,cf_382bf90075ad,[NEW]겐조 옴므 오 마린 EDT 60ml | 겐조 옴므 오 마린 EDT 60ml/110ml 2종 택 1,[NEW]겐조 옴므 오 마린 EDT 60ml | 겐조 옴므 오 마린 EDT 60ml/110ml 2종 택 1,unchanged
ci_5b4183bc4a94,ci_5b4183bc4a94,False,Ariana Grande,Ariana Grande,cf_31425a640bfc,cf_31425a640bfc,아리아나그란데 모드 블러쉬 EDP 30ml,아리아나그란데 모드 블러쉬 EDP 30ml,unchanged
ci_8628eab03e58,ci_8628eab03e58,False,Tommy Hilfiger,Tommy Hilfiger,cf_2c6ad37ba04d,cf_2c6ad37ba04d,[단독기획] 타미힐피거 타미 EDT 50ml (+바이알 2ea),[단독기획] 타미힐피거 타미 EDT 50ml (+바이알 2ea),unchanged
ci_7b2ed46e866e,ci_7b2ed46e866e,False,Tommy Hilfiger,Tommy Hilfiger,cf_b4f9427521d8,cf_b4f9427521d8,타미힐피거 타미나우 EDT 30ml,타미힐피거 타미나우 EDT 30ml,unchanged
ci_ddb91a563b5f,ci_ddb91a563b5f,False,Coach,Coach,cf_b76946269f68,cf_b76946269f68,코치 러브 EDP 30ml,코치 러브 EDP 30ml,unchanged
ci_6998ac30750e,ci_6998ac30750e,False,루에브르,루에브르,cf_75dd10011089,cf_75dd10011089,[임현주PICK]루에브르 리베르떼 오 드 퍼퓸 50ml,[임현주PICK]루에브르 리베르떼 오 드 퍼퓸 50ml,unchanged
ci_aeb4feac7c07,ci_c56976820c28,True,아로,Ahro,cf_3eddd291f373,cf_698f7540d679,아로 니티 허그 EDT 50ml,아로 니티 허그 EDT 50ml,brand_mapping_reviewed
ci_89da289a865f,ci_89da289a865f,False,로맨띠끄,로맨띠끄,cf_7e37c4eac706,cf_7e37c4eac706,[명품향수/블루드&우디향]로맨띠끄 블루 드 옴므 퍼퓸 50ml,[명품향수/블루드&우디향]로맨띠끄 블루 드 옴므 퍼퓸 50ml,unchanged
ci_aa6e8d3afdf0,ci_aa6e8d3afdf0,False,로맨띠끄,로맨띠끄,cf_37506215b096,cf_37506215b096,[명품향수/ 옴브레레더&살냄새향] 로맨띠끄 오리진 레더 퍼퓸 50ml,[명품향수/ 옴브레레더&살냄새향] 로맨띠끄 오리진 레더 퍼퓸 50ml,unchanged
ci_ea47bf82b845,ci_ea47bf82b845,False,Demeter Fragrance,Demeter Fragrance,cf_2e818209adc0,cf_2e818209adc0,데메테르 어스 리프레싱 오 파퓨메 EDP 30ml/50ml 블라썸 36,데메테르 어스 리프레싱 오 파퓨메 EDP 30ml/50ml 블라썸 36,unchanged
ci_0a03eb49c87c,ci_1bab7c5ac4ff,True,아로,Ahro,cf_3e675c5caa2d,cf_d31a9392c5d5,아로 라이크 라일락 EDT 50ml,아로 라이크 라일락 EDT 50ml,brand_mapping_reviewed
ci_61d7ff0fcf3d,ci_0f4aec51b46a,True,부씨,Bussi,cf_7152b3e4a891,cf_f49674368632,[NEW] 부씨 HBD 해피벌쓰데이 EDP 30ml,[NEW] 부씨 HBD 해피벌쓰데이 EDP 30ml,brand_mapping_reviewed
ci_ca7a6821a53b,ci_ca7a6821a53b,False,Demeter Fragrance,Demeter Fragrance,cf_ac9bd070243b,cf_ac9bd070243b,"데메테르 어스 리프레싱 오 파퓨메 EDP 30ml/50ml 베르가못트리, 시실리","데메테르 어스 리프레싱 오 파퓨메 EDP 30ml/50ml 베르가못트리, 시실리",unchanged
ci_b9124576388f,ci_b9124576388f,False,Atelier Faye,Atelier Faye,cf_0caabea9b051,cf_0caabea9b051,아뜰리에페이 퍼퓸 위스테리아 위시 30ml,아뜰리에페이 퍼퓸 위스테리아 위시 30ml,unchanged
ci_c0996b76357a,ci_c0996b76357a,False,아이젠틀맨,아이젠틀맨,cf_7f55897e1f19,cf_7f55897e1f19,[남친향수] 아이젠틀맨 콜 유 마인 오 드 퍼퓸 50ml,[남친향수] 아이젠틀맨 콜 유 마인 오 드 퍼퓸 50ml,unchanged
ci_d80c1e1c0e35,ci_d80c1e1c0e35,False,아이젠틀맨,아이젠틀맨,cf_38ccb52cc83b,cf_38ccb52cc83b,[남친향수] 아이젠틀맨 메이크 미 호니 오 드 퍼퓸 50ml,[남친향수] 아이젠틀맨 메이크 미 호니 오 드 퍼퓸 50ml,unchanged
ci_fd132e81dcb9,ci_b529d8117e00,True,취,Chwi 취,cf_174ea38bd245,cf_5cc286f16866,취 오드퍼퓸 50ml 사찰,취 오드퍼퓸 50ml 사찰,brand_mapping_reviewed
ci_54cc9845214d,ci_a14095efca22,True,에이딕트,Addct,cf_2390de462ee8,cf_b3668950713f,에이딕트 솔리드 퍼퓸 네이키드 오크모스 501 30ml,에이딕트 솔리드 퍼퓸 네이키드 오크모스 501 30ml,brand_mapping_reviewed
ci_6778f0cd90ba,ci_0cd8bde37817,True,에이딕트,Addct,cf_8c177407688a,cf_8208ef9f841b,에이딕트 오 드 퍼퓸 블랑 드 블룸 50ml,에이딕트 오 드 퍼퓸 블랑 드 블룸 50ml,brand_mapping_reviewed
ci_c2f8eb4a45af,ci_c2f8eb4a45af,False,Dolce&Gabbana,Dolce&Gabbana,cf_d3bf2ff184ea,cf_d3bf2ff184ea,돌체앤가바나 돌체 피오니 EDP 50ml,돌체앤가바나 돌체 피오니 EDP 50ml,unchanged
ci_991648232bc5,ci_991648232bc5,False,Dolce&Gabbana,Dolce&Gabbana,cf_e02aafd09d05,cf_e02aafd09d05,돌체앤가바나 돌체 바이올렛 EDT 50ml,돌체앤가바나 돌체 바이올렛 EDT 50ml,unchanged
ci_3243eee784b1,ci_3243eee784b1,False,Mercedes-Benz,Mercedes-Benz,cf_0e17688f51de,cf_0e17688f51de,메르세데스 벤츠 LSA Sea EDP 30ml/60ml 중 택1,메르세데스 벤츠 LSA Sea EDP 30ml/60ml 중 택1,unchanged
ci_2a1ea63b0803,ci_2a1ea63b0803,False,Memo Paris,Memo Paris,cf_74e56e836635,cf_74e56e836635,메모 셔우드 오드퍼퓸 75ml,메모 셔우드 오드퍼퓸 75ml,unchanged
ci_9d076738d9c6,ci_9d076738d9c6,False,Memo Paris,Memo Paris,cf_0fa0b79016ed,cf_0fa0b79016ed,메모 오드메모 오드퍼퓸 (30ml / 100ml),메모 오드메모 오드퍼퓸 (30ml / 100ml),unchanged
ci_e400d6bf0dce,ci_e400d6bf0dce,False,Memo Paris,Memo Paris,cf_f068316a3aac,cf_f068316a3aac,메모 프렌치 레더 오드퍼퓸 30ml,메모 프렌치 레더 오드퍼퓸 30ml,unchanged
ci_56efd786d857,ci_40662b7794ec,True,알보우,RboW,cf_4c71e6b59b81,cf_24b0d73dac54,[기획] 알보우 케이스 스터디 EDP 30ml 상탈 블루 (+핸드크림),[기획] 알보우 케이스 스터디 EDP 30ml 상탈 블루 (+핸드크림),brand_mapping_reviewed
ci_347cdf231de3,ci_6ce2f66eb9fa,True,더페이스샵,The Face Shop,cf_fb85aa14080b,cf_750c84287a69,더페이스샵 소울 써니 블라썸 EDP 30ml,더페이스샵 소울 써니 블라썸 EDP 30ml,brand_mapping_reviewed
ci_684aaefe13d1,ci_0955109a1d1c,True,더페이스샵,The Face Shop,cf_24d908881a94,cf_df345bc3466f,더페이스샵 소울 릴리 드림 EDP 30ml,더페이스샵 소울 릴리 드림 EDP 30ml,brand_mapping_reviewed
ci_f4eeb61e5b3e,ci_5617243762de,True,더페이스샵,The Face Shop,cf_57b97b1d28e5,cf_acd07e3e4339,더페이스샵 소울 퓨어 허그 EDP 30ml,더페이스샵 소울 퓨어 허그 EDP 30ml,brand_mapping_reviewed
ci_497721463d61,ci_497721463d61,False,Grès,Grès,cf_87fc92bc9c61,cf_87fc92bc9c61,그레 카보틴 오드뚜왈렛 30ml | [그레] 카보틴 오드뚜왈렛 100ml,그레 카보틴 오드뚜왈렛 30ml | [그레] 카보틴 오드뚜왈렛 100ml,unchanged
ci_1788671841a1,ci_1788671841a1,False,Montale,Montale,cf_7d5e61646e83,cf_7d5e61646e83,[몽탈] 초콜릿 그리디 오드퍼퓸 100ml (바이알 3종),[몽탈] 초콜릿 그리디 오드퍼퓸 100ml (바이알 3종),unchanged
ci_76232424e429,ci_76232424e429,False,Versace,Versace,cf_26bab507d9e7,cf_26bab507d9e7,[베르사체] 에로스 에너지 EDP 100ml (미니어처 1종) | [베르사체] 에로스 에너지 EDP 50ml (미니어처 1종) | [베르사체] 에로스 에너지 오드퍼퓸 100ml (+ 미니어처 1종) | [베르사체] 에로스 에너지 오드퍼퓸 50ml (+ 미니어처 1종),[베르사체] 에로스 에너지 EDP 100ml (미니어처 1종) | [베르사체] 에로스 에너지 EDP 50ml (미니어처 1종) | [베르사체] 에로스 에너지 오드퍼퓸 100ml (+ 미니어처 1종) | [베르사체] 에로스 에너지 오드퍼퓸 50ml (+ 미니어처 1종),unchanged
ci_759aaa61d109,ci_759aaa61d109,False,Jaguar,Jaguar,cf_ce6fb528ab60,cf_ce6fb528ab60,재규어 클래식 일렉트릭 스카이 오드뚜왈렛 100ml,재규어 클래식 일렉트릭 스카이 오드뚜왈렛 100ml,unchanged
ci_1a909149b802,ci_1a909149b802,False,Lalique,Lalique,cf_d46605f5252d,cf_d46605f5252d,라리끄 솔레이 루나 오드퍼퓸 100ml | 라리끄 솔레이 루나 오드퍼퓸 30ml,라리끄 솔레이 루나 오드퍼퓸 100ml | 라리끄 솔레이 루나 오드퍼퓸 30ml,unchanged
ci_5ce232d05e65,ci_5ce232d05e65,False,Mancera,Mancera,cf_8422258c2ea9,cf_8422258c2ea9,[만세라] 오드 레몬 민트 오드퍼퓸 60ml (바이알 3종) | [만세라] 오드 레몬 민트 오드퍼퓸 120ml (바이알 3종),[만세라] 오드 레몬 민트 오드퍼퓸 60ml (바이알 3종) | [만세라] 오드 레몬 민트 오드퍼퓸 120ml (바이알 3종),unchanged
ci_2f9d3332dc12,ci_2f9d3332dc12,False,Parfums Berdoues,Parfums Berdoues,cf_c5bc8737d82c,cf_c5bc8737d82c,[베르두콜렉션] 그랑크뤼 아주르 리비에라 EDP 100ml | 베르두콜렉션 그랑크뤼 아주르 리비에라 EDP 100ml,[베르두콜렉션] 그랑크뤼 아주르 리비에라 EDP 100ml | 베르두콜렉션 그랑크뤼 아주르 리비에라 EDP 100ml,unchanged
ci_36159d40c5bd,ci_36159d40c5bd,False,Banana Republic,Banana Republic,cf_8b638eabd45a,cf_8b638eabd45a,바나나리퍼블릭 메탈레인 오드퍼퓸 30ml | 바나나리퍼블릭 메탈레인 오드퍼퓸 75ml,바나나리퍼블릭 메탈레인 오드퍼퓸 30ml | 바나나리퍼블릭 메탈레인 오드퍼퓸 75ml,unchanged
ci_7e172f0085d9,ci_7e172f0085d9,False,Nishane,Nishane,cf_07c68e0d098e,cf_07c68e0d098e,[니샤네] 팬 유어 플레임즈 엑스트레 드 퍼퓸 50ml (바이알 3종) | [니샤네] 팬 유어 플레임즈 엑스트레 드 퍼퓸 50ml (+바이알3종),[니샤네] 팬 유어 플레임즈 엑스트레 드 퍼퓸 50ml (바이알 3종) | [니샤네] 팬 유어 플레임즈 엑스트레 드 퍼퓸 50ml (+바이알3종),unchanged
ci_63702fd83c27,ci_63702fd83c27,False,Banana Republic,Banana Republic,cf_af7127fb907f,cf_af7127fb907f,바나나리퍼블릭 미드나잇 아워 오드퍼퓸 75ml,바나나리퍼블릭 미드나잇 아워 오드퍼퓸 75ml,unchanged
ci_17431ee1f5b7,ci_17431ee1f5b7,False,Banana Republic,Banana Republic,cf_9eb71c08968b,cf_9eb71c08968b,[바나나리퍼블릭] 퓨어 화이트 오드퍼퓸 30ml | [바나나리퍼블릭] 퓨어 화이트 오드퍼퓸 75ml,[바나나리퍼블릭] 퓨어 화이트 오드퍼퓸 30ml | [바나나리퍼블릭] 퓨어 화이트 오드퍼퓸 75ml,unchanged
ci_db310e94e234,ci_db310e94e234,False,BMW Fragrances,BMW Fragrances,cf_ff3c8f50325b,cf_ff3c8f50325b,[BMW] 더 센트 오브 베르가무드 오드퍼퓸 100ml | [BMW] 더 센트 오브 베르가무드 오드퍼퓸 50ml | [비엠더블유] 더 센트 오브 베르가무드 오드퍼퓸 100ml | [비엠더블유] 더 센트 오브 베르가무드 오드퍼퓸 50ml,[BMW] 더 센트 오브 베르가무드 오드퍼퓸 100ml | [BMW] 더 센트 오브 베르가무드 오드퍼퓸 50ml | [비엠더블유] 더 센트 오브 베르가무드 오드퍼퓸 100ml | [비엠더블유] 더 센트 오브 베르가무드 오드퍼퓸 50ml,unchanged
ci_372f702bf714,ci_372f702bf714,False,Rance 1795,Rance 1795,cf_165ea6cf22ef,cf_165ea6cf22ef,[랑세] 르방케 오드퍼퓸 포 맨 50ml (바이알3종) | [랑세] 르방케 오드퍼퓸 포 맨 100ml (바이알3종),[랑세] 르방케 오드퍼퓸 포 맨 50ml (바이알3종) | [랑세] 르방케 오드퍼퓸 포 맨 100ml (바이알3종),unchanged
ci_2349a2481b25,ci_2349a2481b25,False,Versace,Versace,cf_63abeaf62f0d,cf_63abeaf62f0d,[베르사체] 오프레쉬 맨 EDT 100ml (미니어처 1종) | [베르사체] 오프레쉬 맨 오드뚜왈렛 100ml (+ 미니어처 1종) | [베르사체] 오프레쉬 맨 EDT 50ml (미니어처 1종) | [베르사체] 오 프레쉬 맨 오드뚜왈렛 50ml (+ 미니어처 1종),[베르사체] 오프레쉬 맨 EDT 100ml (미니어처 1종) | [베르사체] 오프레쉬 맨 오드뚜왈렛 100ml (+ 미니어처 1종) | [베르사체] 오프레쉬 맨 EDT 50ml (미니어처 1종) | [베르사체] 오 프레쉬 맨 오드뚜왈렛 50ml (+ 미니어처 1종),unchanged
ci_684edcf8558a,ci_684edcf8558a,False,Nikos,Nikos,cf_aaf1f4126dca,cf_aaf1f4126dca,니코스 스컬프쳐 미코노스 오드퍼퓸 100ml,니코스 스컬프쳐 미코노스 오드퍼퓸 100ml,unchanged
ci_8834b2618482,ci_8834b2618482,False,Montale,Montale,cf_fc0f8200752d,cf_fc0f8200752d,[몽탈] 비 마이 플럼 오드퍼퓸 100ml (바이알 3종),[몽탈] 비 마이 플럼 오드퍼퓸 100ml (바이알 3종),unchanged
ci_3b1cfc988a42,ci_3b1cfc988a42,False,Mancera,Mancera,cf_bf2cdb625613,cf_bf2cdb625613,[만세라] 자스민 엑스클루시프 오드퍼퓸 120ml (바이알 3종),[만세라] 자스민 엑스클루시프 오드퍼퓸 120ml (바이알 3종),unchanged
ci_77ef68d53564,ci_77ef68d53564,False,Rance 1795,Rance 1795,cf_c5a5cdf46fa5,cf_c5a5cdf46fa5,[랑세] 조세핀 오드퍼퓸 포 우먼 100ml (바이알3종) | [랑세] 조세핀 오드퍼퓸 포 우먼 50ml (바이알3종),[랑세] 조세핀 오드퍼퓸 포 우먼 100ml (바이알3종) | [랑세] 조세핀 오드퍼퓸 포 우먼 50ml (바이알3종),unchanged
ci_d1e694f37a14,ci_d1e694f37a14,False,Montale,Montale,cf_2fbae137bb50,cf_2fbae137bb50,[몽탈] 버블 포에버 오드퍼퓸 100ml (바이알 3종),[몽탈] 버블 포에버 오드퍼퓸 100ml (바이알 3종),unchanged
ci_723799ff0906,ci_723799ff0906,False,Nishane,Nishane,cf_74e9c0937cdb,cf_74e9c0937cdb,[니샤네] 하지밧 엑스트레 드 퍼퓸 50ml (바이알3종),[니샤네] 하지밧 엑스트레 드 퍼퓸 50ml (바이알3종),unchanged
ci_6b994e4f8017,ci_6b994e4f8017,False,Nishane,Nishane,cf_bc72c197c272,cf_bc72c197c272,[니샤네] 우롱차 엑스트레 드 퍼퓸 50ml (바이알3종) | [니샤네] 우롱차 엑스트레 드 퍼퓸 100ml (바이알3종),[니샤네] 우롱차 엑스트레 드 퍼퓸 50ml (바이알3종) | [니샤네] 우롱차 엑스트레 드 퍼퓸 100ml (바이알3종),unchanged
ci_06fde7bcef85,ci_06fde7bcef85,False,Rance 1795,Rance 1795,cf_603ec8ac65c5,cf_603ec8ac65c5,[랑세] 데지레 오드퍼퓸 포 우먼 50ml (바이알 3종),[랑세] 데지레 오드퍼퓸 포 우먼 50ml (바이알 3종),unchanged
ci_ede5ddfd0fce,ci_ede5ddfd0fce,False,Rance 1795,Rance 1795,cf_c61a925388a3,cf_c61a925388a3,랑세 마틸드 오드퍼퓸 50ml (바이알 3종) | [랑세] 마틸드 오드퍼퓸 100ml (바이알 3종),랑세 마틸드 오드퍼퓸 50ml (바이알 3종) | [랑세] 마틸드 오드퍼퓸 100ml (바이알 3종),unchanged
ci_943d8f44d22e,ci_943d8f44d22e,False,Essential Parfums,Essential Parfums,cf_abcfb4a89806,cf_abcfb4a89806,[에센셜퍼퓸] 더 머스크 바이 칼리스 베커 EDP 100ml (바이알2종),[에센셜퍼퓸] 더 머스크 바이 칼리스 베커 EDP 100ml (바이알2종),unchanged
ci_efe9bf7b788d,ci_efe9bf7b788d,False,Essential Parfums,Essential Parfums,cf_05882a62fdd0,cf_05882a62fdd0,[에센셜퍼퓸] 오렌지상탈 바이 나탈리 그라시아세토 EDP 100ml (바이알2종),[에센셜퍼퓸] 오렌지상탈 바이 나탈리 그라시아세토 EDP 100ml (바이알2종),unchanged
ci_479dbdac0a43,ci_479dbdac0a43,False,Essential Parfums,Essential Parfums,cf_29a8a7b99590,cf_29a8a7b99590,[에센셜퍼퓸] 피그 인퓨전 바이 나탈리 로슨 EDP 100ml (바이알2종),[에센셜퍼퓸] 피그 인퓨전 바이 나탈리 로슨 EDP 100ml (바이알2종),unchanged
ci_c48800ffc2b0,ci_c48800ffc2b0,False,퓨레앙스,퓨레앙스,cf_a33f8db6535b,cf_a33f8db6535b,퓨레앙스 화이트 블룸 오드퍼퓸 50ml,퓨레앙스 화이트 블룸 오드퍼퓸 50ml,unchanged
ci_2a6bca13c7e1,ci_2a6bca13c7e1,False,BMW Fragrances,BMW Fragrances,cf_d268959c7e59,cf_d268959c7e59,비엠더블유 앰버니스 오드퍼퓸 50ml | 비엠더블유 앰버니스 오드퍼퓸 100ml,비엠더블유 앰버니스 오드퍼퓸 50ml | 비엠더블유 앰버니스 오드퍼퓸 100ml,unchanged
ci_0b81c33195e9,ci_0b81c33195e9,False,BMW Fragrances,BMW Fragrances,cf_bbcc457b8655,cf_bbcc457b8655,[비엠더블유] 더 센트 오브 앰버니스 오드퍼퓸 50ml | [BMW] 더 센트 오브 앰버니스 오드퍼퓸 50ml | [BMW] 더 센트 오브 앰버니스 오드퍼퓸 100ml | [비엠더블유] 더 센트 오브 앰버니스 오드퍼퓸 100ml,[비엠더블유] 더 센트 오브 앰버니스 오드퍼퓸 50ml | [BMW] 더 센트 오브 앰버니스 오드퍼퓸 50ml | [BMW] 더 센트 오브 앰버니스 오드퍼퓸 100ml | [비엠더블유] 더 센트 오브 앰버니스 오드퍼퓸 100ml,unchanged
ci_8340a84c1a24,ci_8340a84c1a24,False,Parfums Berdoues,Parfums Berdoues,cf_012fe93e0bf3,cf_012fe93e0bf3,베르두콜렉션 그랑크뤼 아쌈 오브 인디아 EDP 100m,베르두콜렉션 그랑크뤼 아쌈 오브 인디아 EDP 100m,unchanged
ci_eac325a6dc15,ci_eac325a6dc15,False,Mancera,Mancera,cf_19ba80df35e3,cf_19ba80df35e3,[만세라] 인텐스 세드라 부아제 EXDP 120ml (바이알 3종) | [만세라] 인텐스 세드라 부아제 EXDP 60ml (바이알 3종),[만세라] 인텐스 세드라 부아제 EXDP 120ml (바이알 3종) | [만세라] 인텐스 세드라 부아제 EXDP 60ml (바이알 3종),unchanged
ci_cff22b02dea9,ci_cff22b02dea9,False,Banana Republic,Banana Republic,cf_ae3008448f74,cf_ae3008448f74,바나나리퍼블릭 다크체리 & 앰버 오드퍼퓸 75ml,바나나리퍼블릭 다크체리 & 앰버 오드퍼퓸 75ml,unchanged
ci_d60c0d374cfc,ci_d60c0d374cfc,False,Replay,Replay,cf_21adca0e5e6d,cf_21adca0e5e6d,[리플레이] 러버즈 포 우먼 오드뚜왈렛 30ml,[리플레이] 러버즈 포 우먼 오드뚜왈렛 30ml,unchanged
ci_9655311a9980,ci_9655311a9980,False,마주리,마주리,cf_2fb2d933787c,cf_2fb2d933787c,마주리 시그니처 클래식 오드퍼퓸 75ml,마주리 시그니처 클래식 오드퍼퓸 75ml,unchanged
ci_029d5242811e,ci_029d5242811e,False,Mancera,Mancera,cf_690a9155cb34,cf_690a9155cb34,[만세라] 인스턴트 크러쉬 오드퍼퓸 120ml (바이알 3종) | [만세라] 인스턴트 크러쉬 오드퍼퓸 60ml (바이알 3종),[만세라] 인스턴트 크러쉬 오드퍼퓸 120ml (바이알 3종) | [만세라] 인스턴트 크러쉬 오드퍼퓸 60ml (바이알 3종),unchanged
ci_ef14f19b3b75,ci_ef14f19b3b75,False,Rance 1795,Rance 1795,cf_fb9c7d52368d,cf_fb9c7d52368d,[랑세] 헬레네 오드퍼퓸 포 우먼 50ml (바이알 3종),[랑세] 헬레네 오드퍼퓸 포 우먼 50ml (바이알 3종),unchanged
ci_17579459b767,ci_17579459b767,False,Mancera,Mancera,cf_eb5b511894d2,cf_eb5b511894d2,[만세라] 통카 콜라 오드퍼퓸 60ml (바이알 3종) | [만세라] 통카 콜라 오드퍼퓸 120ml (바이알 3종),[만세라] 통카 콜라 오드퍼퓸 60ml (바이알 3종) | [만세라] 통카 콜라 오드퍼퓸 120ml (바이알 3종),unchanged
ci_e202954dd7c6,ci_e202954dd7c6,False,Kenneth Cole,Kenneth Cole,cf_6afa1ffa4e67,cf_6afa1ffa4e67,케네스콜 맨카인드 라이즈 오드뚜왈렛 100ml,케네스콜 맨카인드 라이즈 오드뚜왈렛 100ml,unchanged
ci_c6b3db5b5caa,ci_c6b3db5b5caa,False,BMW Fragrances,BMW Fragrances,cf_23bc3c04b0f4,cf_23bc3c04b0f4,비엠더블유 M2025 오드뚜왈렛 50ml | [BMW] M 2025 오드뚜왈렛 50ml | [BMW] M 2025 오드뚜왈렛 100ml | 비엠더블유 M2025 오드뚜왈렛 100ml,비엠더블유 M2025 오드뚜왈렛 50ml | [BMW] M 2025 오드뚜왈렛 50ml | [BMW] M 2025 오드뚜왈렛 100ml | 비엠더블유 M2025 오드뚜왈렛 100ml,unchanged
ci_ca0ee5a0b251,ci_ca0ee5a0b251,False,훌라,훌라,cf_1127a956629f,cf_1127a956629f,[훌라] 아우텐티카 오드퍼퓸 50ml | [훌라] 아우텐티카 오드퍼퓸 100ml,[훌라] 아우텐티카 오드퍼퓸 50ml | [훌라] 아우텐티카 오드퍼퓸 100ml,unchanged
ci_3cd9661eab70,ci_3cd9661eab70,False,Mancera,Mancera,cf_7493d6c734d4,cf_7493d6c734d4,[만세라] 인텐스 레드 토바코 엑스트레 드 퍼퓸 60ml (바이알 3종),[만세라] 인텐스 레드 토바코 엑스트레 드 퍼퓸 60ml (바이알 3종),unchanged
ci_a1c5a87f45bb,ci_a1c5a87f45bb,False,Mancera,Mancera,cf_6b3ee7e9ce21,cf_6b3ee7e9ce21,[만세라] 패블러스 유주 오드퍼퓸 120ml (바이알 3종),[만세라] 패블러스 유주 오드퍼퓸 120ml (바이알 3종),unchanged
ci_552d7d6dc0b6,ci_552d7d6dc0b6,False,훌라,훌라,cf_145ebb69c6a0,cf_145ebb69c6a0,[훌라] 아도라빌레 오드퍼퓸 50ml | [훌라] 아도라빌레 오드퍼퓸 100ml,[훌라] 아도라빌레 오드퍼퓸 50ml | [훌라] 아도라빌레 오드퍼퓸 100ml,unchanged
ci_df319d71a09a,ci_df319d71a09a,False,Mancera,Mancera,cf_93d04806ca30,cf_93d04806ca30,[만세라] 코코 바닐 오드퍼퓸 60ml (바이알 3종) | [만세라] 코코 바닐 오드퍼퓸 120ml (바이알 3종),[만세라] 코코 바닐 오드퍼퓸 60ml (바이알 3종) | [만세라] 코코 바닐 오드퍼퓸 120ml (바이알 3종),unchanged
ci_7a181ba8b2ed,ci_7a181ba8b2ed,False,Mancera,Mancera,cf_2e2f09a46e39,cf_2e2f09a46e39,[만세라] 시실리 오드퍼퓸 60ml (바이알 3종) | [만세라] 시실리 오드퍼퓸 120ml (바이알 3종),[만세라] 시실리 오드퍼퓸 60ml (바이알 3종) | [만세라] 시실리 오드퍼퓸 120ml (바이알 3종),unchanged
ci_36c77bf10f8a,ci_36c77bf10f8a,False,Mancera,Mancera,cf_519627b8a7d9,cf_519627b8a7d9,[만세라] 로즈 그리디 오드퍼퓸 60ml (바이알 3종) | [만세라] 로즈 그리디 오드퍼퓸 120ml (바이알 3종),[만세라] 로즈 그리디 오드퍼퓸 60ml (바이알 3종) | [만세라] 로즈 그리디 오드퍼퓸 120ml (바이알 3종),unchanged
ci_393fc8cf01a3,ci_393fc8cf01a3,False,Mancera,Mancera,cf_25ff2ffd8ba1,cf_25ff2ffd8ba1,[만세라] 프렌치 리비에라 오드퍼퓸 120ml (바이알 3종),[만세라] 프렌치 리비에라 오드퍼퓸 120ml (바이알 3종),unchanged
ci_975325349265,ci_975325349265,False,훌라,훌라,cf_61c97dbae875,cf_61c97dbae875,[훌라] 퓨라 오드퍼퓸 100ml,[훌라] 퓨라 오드퍼퓸 100ml,unchanged
ci_e1a4a5a7dcb1,ci_e1a4a5a7dcb1,False,훌라,훌라,cf_e1cba7c80834,cf_e1cba7c80834,[훌라] 우니카 오드퍼퓸 100ml,[훌라] 우니카 오드퍼퓸 100ml,unchanged
ci_a5cd171f5185,ci_a5cd171f5185,False,막스앤코,막스앤코,cf_4c36615926d0,cf_4c36615926d0,[막스앤코] 모닝 캔 웨이트 오드퍼퓸 100ml,[막스앤코] 모닝 캔 웨이트 오드퍼퓸 100ml,unchanged
ci_d8461bafd796,ci_d8461bafd796,False,막스앤코,막스앤코,cf_8d3ab524b742,cf_8d3ab524b742,[막스앤코] 굿 바이브스 돈 라이 오드퍼퓸 100ml,[막스앤코] 굿 바이브스 돈 라이 오드퍼퓸 100ml,unchanged
ci_683d2418c073,ci_683d2418c073,False,막스앤코,막스앤코,cf_284570ab8237,cf_284570ab8237,[막스앤코] 쉬 이즈 어 10 오드퍼퓸 100ml,[막스앤코] 쉬 이즈 어 10 오드퍼퓸 100ml,unchanged
ci_0e762e9fa72f,ci_0e762e9fa72f,False,Essential Parfums,Essential Parfums,cf_46ebad12da22,cf_46ebad12da22,[에센셜퍼퓸] 나이스 베르가못 바이 앙투완메종디유 EDP 100ml (바이알2종),[에센셜퍼퓸] 나이스 베르가못 바이 앙투완메종디유 EDP 100ml (바이알2종),unchanged
ci_3c138ae27883,ci_3c138ae27883,False,Rance 1795,Rance 1795,cf_a8c7068f4c09,cf_a8c7068f4c09,[랑세] 오드라 꾸론느 오드뚜왈렛 100ml (바이알 3종) | [랑세] 오드라 꾸론느 오드뚜왈렛 50ml (바이알 3종),[랑세] 오드라 꾸론느 오드뚜왈렛 100ml (바이알 3종) | [랑세] 오드라 꾸론느 오드뚜왈렛 50ml (바이알 3종),unchanged
ci_a31874bc1078,ci_a31874bc1078,False,Rance 1795,Rance 1795,cf_fe3265f74440,cf_fe3265f74440,[랑세] 프랑수와찰스 오드퍼퓸 포 맨 100ml (바이알 3종),[랑세] 프랑수와찰스 오드퍼퓸 포 맨 100ml (바이알 3종),unchanged
ci_15c399e96ac7,ci_15c399e96ac7,False,Rance 1795,Rance 1795,cf_e963059f3cf9,cf_e963059f3cf9,[랑세] 유제니 오드퍼퓸 포 우먼 100ml (바이알 3종) | [랑세] 유제니 오드퍼퓸 포 우먼 50ml (바이알 3종),[랑세] 유제니 오드퍼퓸 포 우먼 100ml (바이알 3종) | [랑세] 유제니 오드퍼퓸 포 우먼 50ml (바이알 3종),unchanged
ci_b1d22fc8e5ed,ci_b1d22fc8e5ed,False,Rance 1795,Rance 1795,cf_97d9b42e2ee2,cf_97d9b42e2ee2,[랑세] 르방케 오드퍼퓸 포 맨 100ml (바이알 3종),[랑세] 르방케 오드퍼퓸 포 맨 100ml (바이알 3종),unchanged
ci_4729f48f8c29,ci_4729f48f8c29,False,Rance 1795,Rance 1795,cf_ac8ed9ff3d80,cf_ac8ed9ff3d80,[랑세] 유제니 오드퍼퓸 포 우먼100ml (바이알3종),[랑세] 유제니 오드퍼퓸 포 우먼100ml (바이알3종),unchanged
ci_71fa21326226,ci_71fa21326226,False,Rance 1795,Rance 1795,cf_7901dce0a7d3,cf_7901dce0a7d3,[랑세] 데지레 오드퍼퓸 포 우먼 50ml (바이알3종) | [랑세] 데지레 오드퍼퓸 포 우먼 100ml (바이알3종),[랑세] 데지레 오드퍼퓸 포 우먼 50ml (바이알3종) | [랑세] 데지레 오드퍼퓸 포 우먼 100ml (바이알3종),unchanged
ci_77cc9879d419,ci_77cc9879d419,False,Lalique,Lalique,cf_c8d9cb091f5e,cf_c8d9cb091f5e,[라리끄] 라무르 오드퍼퓸100ml,[라리끄] 라무르 오드퍼퓸100ml,unchanged
ci_e308c32a4ecb,ci_e308c32a4ecb,False,BMW Fragrances,BMW Fragrances,cf_34fb9b64215f,cf_34fb9b64215f,[BMW] M 1985 오드뚜왈렛 100ml | [BMW] M 1985 오드뚜왈렛 50ml | 비엠더블유 M1985 오드뚜왈렛 100ml | 비엠더블유 M1985 오드뚜왈렛 50ml,[BMW] M 1985 오드뚜왈렛 100ml | [BMW] M 1985 오드뚜왈렛 50ml | 비엠더블유 M1985 오드뚜왈렛 100ml | 비엠더블유 M1985 오드뚜왈렛 50ml,unchanged
ci_d2c39dca8ba1,ci_d2c39dca8ba1,False,BMW Fragrances,BMW Fragrances,cf_951ee298cd06,cf_951ee298cd06,[BMW] M 1972 오드뚜왈렛 100ml | [BMW] M 1972 오드뚜왈렛 50ml | 비엠더블유 M1972 오드뚜왈렛 50ml | 비엠더블유 M1972 오드뚜왈렛 100ml,[BMW] M 1972 오드뚜왈렛 100ml | [BMW] M 1972 오드뚜왈렛 50ml | 비엠더블유 M1972 오드뚜왈렛 50ml | 비엠더블유 M1972 오드뚜왈렛 100ml,unchanged
ci_6417c841663e,ci_6417c841663e,False,Banana Republic,Banana Republic,cf_7057fc031e0b,cf_7057fc031e0b,[바나나리퍼블릭] 네롤리 우드 오드퍼퓸 30ml | 바나나리퍼블릭 네롤리 우드 오드퍼퓸 75ml,[바나나리퍼블릭] 네롤리 우드 오드퍼퓸 30ml | 바나나리퍼블릭 네롤리 우드 오드퍼퓸 75ml,unchanged
ci_6525a252213c,ci_6525a252213c,False,Nishane,Nishane,cf_ffd00184fd82,cf_ffd00184fd82,[니샤네] 헌드레드 사일런트 웨이즈 엑스트레 드 퍼퓸 50ml (바이알 3종) | [니샤네] 헌드레드 사일런트 웨이즈 엑스트레 드 퍼퓸 100ml (바이알 3종) | [니샤네] 헌드레드사일런트 웨이즈 엑스트레 드 퍼퓸 50ml(+바이알3종),[니샤네] 헌드레드 사일런트 웨이즈 엑스트레 드 퍼퓸 50ml (바이알 3종) | [니샤네] 헌드레드 사일런트 웨이즈 엑스트레 드 퍼퓸 100ml (바이알 3종) | [니샤네] 헌드레드사일런트 웨이즈 엑스트레 드 퍼퓸 50ml(+바이알3종),unchanged
ci_f87ccd37195b,ci_f87ccd37195b,False,Nishane,Nishane,cf_521022fab222,cf_521022fab222,[니샤네] 난쉬 엑스트레 드 퍼퓸 100ml (바이알 3종),[니샤네] 난쉬 엑스트레 드 퍼퓸 100ml (바이알 3종),unchanged
ci_0dcf5a90e211,ci_0dcf5a90e211,False,Rance 1795,Rance 1795,cf_e772f18b07c3,cf_e772f18b07c3,[랑세] 오드프랑스 오드뚜왈렛 100ml (바이알 3종) | [랑세] 오드 프랑스 오드뚜왈렛 100ml (바이알 3종),[랑세] 오드프랑스 오드뚜왈렛 100ml (바이알 3종) | [랑세] 오드 프랑스 오드뚜왈렛 100ml (바이알 3종),unchanged
ci_ccaf177d157d,ci_ccaf177d157d,False,Essential Parfums,Essential Parfums,cf_9ed7cc2eed95,cf_9ed7cc2eed95,[에센셜퍼퓸] 벨벳아이리스 바이 도미니크 로피옹 EDP 100ml (바이알2종),[에센셜퍼퓸] 벨벳아이리스 바이 도미니크 로피옹 EDP 100ml (바이알2종),unchanged
ci_e4a21527d71c,ci_e4a21527d71c,False,Essential Parfums,Essential Parfums,cf_7f61649e9e4d,cf_7f61649e9e4d,[에센셜퍼퓸] 디바인 바닐 바이 올리비에 페슈 EDP 100ml (바이알2종),[에센셜퍼퓸] 디바인 바닐 바이 올리비에 페슈 EDP 100ml (바이알2종),unchanged
ci_dca33c49dbd3,ci_dca33c49dbd3,False,Essential Parfums,Essential Parfums,cf_12194920ca66,cf_12194920ca66,[에센셜퍼퓸] 로즈 마그네틱 바이 소피라베 EDP 100ml (바이알2종),[에센셜퍼퓸] 로즈 마그네틱 바이 소피라베 EDP 100ml (바이알2종),unchanged
ci_7efb9f7918b8,ci_7efb9f7918b8,False,Essential Parfums,Essential Parfums,cf_ba017921d6b6,cf_ba017921d6b6,[에센셜퍼퓸] 몽 베티버 바이 브루노 조바노빅 EDP 100ml (바이알2종),[에센셜퍼퓸] 몽 베티버 바이 브루노 조바노빅 EDP 100ml (바이알2종),unchanged
ci_1078b76d0351,ci_1078b76d0351,False,Essential Parfums,Essential Parfums,cf_0755eb3f2e8e,cf_0755eb3f2e8e,[에센셜퍼퓸] 패출리 마니아 바이 파브리스 펠레그린 EDP 100ml (바이알2종),[에센셜퍼퓸] 패출리 마니아 바이 파브리스 펠레그린 EDP 100ml (바이알2종),unchanged
ci_828fd587bcc8,ci_828fd587bcc8,False,Essential Parfums,Essential Parfums,cf_e48769f212ec,cf_e48769f212ec,[에센셜퍼퓸] 네롤리 보타니카 바이 앤 플리포 EDP 100ml (바이알2종),[에센셜퍼퓸] 네롤리 보타니카 바이 앤 플리포 EDP 100ml (바이알2종),unchanged
ci_48f88df72266,ci_48f88df72266,False,Montale,Montale,cf_5f48ea033b6b,cf_5f48ea033b6b,[몽탈] 아라비안 통카 오드퍼퓸 100ml (바이알 3종),[몽탈] 아라비안 통카 오드퍼퓸 100ml (바이알 3종),unchanged
ci_acd5fe065a4e,ci_acd5fe065a4e,False,퓨레앙스,퓨레앙스,cf_139e9cfdbf8c,cf_139e9cfdbf8c,퓨레앙스 골든 텐저린 오드퍼퓸 50ml,퓨레앙스 골든 텐저린 오드퍼퓸 50ml,unchanged
ci_9dca89744659,ci_9dca89744659,False,퓨레앙스,퓨레앙스,cf_af8e4636a59a,cf_af8e4636a59a,퓨레앙스 블랑 드 로즈 오드퍼퓸 50ml,퓨레앙스 블랑 드 로즈 오드퍼퓸 50ml,unchanged
ci_788bf737ffe8,ci_788bf737ffe8,False,퓨레앙스,퓨레앙스,cf_0121f14e22b4,cf_0121f14e22b4,퓨레앙스 플레르 머스크 오드퍼퓸 50ml,퓨레앙스 플레르 머스크 오드퍼퓸 50ml,unchanged
ci_dacad42c2028,ci_dacad42c2028,False,퓨레앙스,퓨레앙스,cf_b0feee733c20,cf_b0feee733c20,퓨레앙스 블랙베리 베일 오드퍼퓸 50ml,퓨레앙스 블랙베리 베일 오드퍼퓸 50ml,unchanged
ci_d68c89b83d25,ci_d68c89b83d25,False,퓨레앙스,퓨레앙스,cf_fdfc7b74a2c0,cf_fdfc7b74a2c0,퓨레앙스 페어 가든 오드퍼퓸 50ml,퓨레앙스 페어 가든 오드퍼퓸 50ml,unchanged
ci_6c7d7de64d1a,ci_6c7d7de64d1a,False,Versace,Versace,cf_1b6b621b6cb5,cf_1b6b621b6cb5,[베르사체] 에로스플레임 오드퍼퓸 100ml (미니어처1종 랜덤증정),[베르사체] 에로스플레임 오드퍼퓸 100ml (미니어처1종 랜덤증정),unchanged
ci_e72742290d76,ci_e72742290d76,False,Versace,Versace,cf_4d7a281ab815,cf_4d7a281ab815,[베르사체] 에로스 플레임 오드퍼퓸 100ml | [베르사체] 에로스 플레임 EDP 50ml (미니어처 1종) | [베르사체] 에로스 플레임 오드퍼퓸 50ml (+ 미니어처 1종),[베르사체] 에로스 플레임 오드퍼퓸 100ml | [베르사체] 에로스 플레임 EDP 50ml (미니어처 1종) | [베르사체] 에로스 플레임 오드퍼퓸 50ml (+ 미니어처 1종),unchanged
ci_f87fae9b0c0e,ci_f87fae9b0c0e,False,Versace,Versace,cf_2a61e8bc5446,cf_2a61e8bc5446,[베르사체] 브라이트 크리스탈 EDT 90ml (미니어처1종 랜덤증정) | [베르사체] 브라이트 크리스탈 EDT 50ml (미니어처1종 랜덤증정) | 브라이트 크리스탈 EDT,[베르사체] 브라이트 크리스탈 EDT 90ml (미니어처1종 랜덤증정) | [베르사체] 브라이트 크리스탈 EDT 50ml (미니어처1종 랜덤증정) | 브라이트 크리스탈 EDT,unchanged
ci_fb30d3e33775,ci_fb30d3e33775,False,Versace,Versace,cf_0963e7952df4,cf_0963e7952df4,[베르사체] 오프레쉬 맨 오드뚜왈렛 100ml (미니어처1종 랜덤증정) | [베르사체] 오프레쉬 맨 오드뚜왈렛 50ml (미니어처1종 랜덤증정),[베르사체] 오프레쉬 맨 오드뚜왈렛 100ml (미니어처1종 랜덤증정) | [베르사체] 오프레쉬 맨 오드뚜왈렛 50ml (미니어처1종 랜덤증정),unchanged
ci_2667882908d6,ci_2667882908d6,False,Nishane,Nishane,cf_433aa75c72cb,cf_433aa75c72cb,[니샤네] 멘트 투 비 씬 엑스트레 드 퍼퓸 50ml (바이알 3종) | [니샤네] 멘트 투비씬 엑스트레 드 퍼퓸 50ml (+바이알3종),[니샤네] 멘트 투 비 씬 엑스트레 드 퍼퓸 50ml (바이알 3종) | [니샤네] 멘트 투비씬 엑스트레 드 퍼퓸 50ml (+바이알3종),unchanged
ci_5ff6bd9e62a7,ci_5ff6bd9e62a7,False,Nishane,Nishane,cf_5134f96f93af,cf_5134f96f93af,[니샤네] 헌드레드사일런트 웨이즈 엑스트레 드 퍼퓸 100ml (바이알3종),[니샤네] 헌드레드사일런트 웨이즈 엑스트레 드 퍼퓸 100ml (바이알3종),unchanged
ci_961b6c888564,ci_961b6c888564,False,Nishane,Nishane,cf_b2fdb88ae644,cf_b2fdb88ae644,[니샤네] 난쉬 엑스트레 드 퍼퓸 100ml (바이알3종),[니샤네] 난쉬 엑스트레 드 퍼퓸 100ml (바이알3종),unchanged
ci_b9a4a5188aac,ci_b9a4a5188aac,False,Banana Republic,Banana Republic,cf_40d8c80da8be,cf_40d8c80da8be,바나나리퍼블릭 피오니 & 페퍼콘 오드퍼퓸 75ml | [바나나리퍼블릭] 피오니 & 페퍼콘 오드퍼퓸 30ml,바나나리퍼블릭 피오니 & 페퍼콘 오드퍼퓸 75ml | [바나나리퍼블릭] 피오니 & 페퍼콘 오드퍼퓸 30ml,unchanged
ci_cbb7b0330ab2,ci_cbb7b0330ab2,False,Bentley,Bentley,cf_51debd7cbd7c,cf_51debd7cbd7c,[벤틀리] 모멘텀 언브레이커블 오드퍼퓸 100ml,[벤틀리] 모멘텀 언브레이커블 오드퍼퓸 100ml,unchanged
ci_ee512d3fd83f,ci_ee512d3fd83f,False,Jaguar,Jaguar,cf_5dd3acc95c30,cf_5dd3acc95c30,[재규어] 이어러 리로리드 오드퍼퓸 100ml,[재규어] 이어러 리로리드 오드퍼퓸 100ml,unchanged
ci_58d98aa97d8b,ci_58d98aa97d8b,False,Jaguar,Jaguar,cf_5def6859991c,cf_5def6859991c,[재규어] 이어러 리로디드 오드퍼퓸 100ml,[재규어] 이어러 리로디드 오드퍼퓸 100ml,unchanged
ci_b07c5a904a22,ci_b07c5a904a22,False,BMW Fragrances,BMW Fragrances,cf_fc95463a85a3,cf_fc95463a85a3,비엠더블유 베르가무드 오드퍼퓸 50ml | 비엠더블유 베르가무드 오드퍼퓸 100ml,비엠더블유 베르가무드 오드퍼퓸 50ml | 비엠더블유 베르가무드 오드퍼퓸 100ml,unchanged
ci_b5fded73abf9,ci_b5fded73abf9,False,Nishane,Nishane,cf_07f43bfd8b32,cf_07f43bfd8b32,[니샤네] 아니 엑스트레 드 퍼퓸 50ml (바이알 3종),[니샤네] 아니 엑스트레 드 퍼퓸 50ml (바이알 3종),unchanged
ci_8df0e96b32ea,ci_8df0e96b32ea,False,Nishane,Nishane,cf_aca1dbccdea5,cf_aca1dbccdea5,[니샤네] 에게 엑스트레 드 퍼퓸 100ml (바이알3종),[니샤네] 에게 엑스트레 드 퍼퓸 100ml (바이알3종),unchanged
ci_dedcc1bc3243,ci_dedcc1bc3243,False,Banana Republic,Banana Republic,cf_15ab8e46d0b5,cf_15ab8e46d0b5,[바나나리퍼블릭] 벨벳 포메그레네이트 오드퍼퓸75ml,[바나나리퍼블릭] 벨벳 포메그레네이트 오드퍼퓸75ml,unchanged
ci_bfb471bec2cb,ci_bfb471bec2cb,False,Rance 1795,Rance 1795,cf_3e03e67961e6,cf_3e03e67961e6,랑세 마틸드 오드퍼퓸 100ml (랑세바이알 3종증정),랑세 마틸드 오드퍼퓸 100ml (랑세바이알 3종증정),unchanged
ci_87bf6ab870ca,ci_87bf6ab870ca,False,Replay,Replay,cf_331640275cb3,cf_331640275cb3,[리플레이] 시크릿 포 우먼 오드뚜왈렛 100ml | [리플레이] 시크릿 포 우먼 오드뚜왈렛 30ml,[리플레이] 시크릿 포 우먼 오드뚜왈렛 100ml | [리플레이] 시크릿 포 우먼 오드뚜왈렛 30ml,unchanged
ci_d62c7422f3c9,ci_d62c7422f3c9,False,Mancera,Mancera,cf_062eb4a64939,cf_062eb4a64939,[만세라] 머스키 가든 오드퍼퓸 120ml (바이알 3종),[만세라] 머스키 가든 오드퍼퓸 120ml (바이알 3종),unchanged
ci_273373b93586,ci_273373b93586,False,Versace,Versace,cf_8d36f92bbefa,cf_8d36f92bbefa,[베르사체] 브라이트 크리스탈 앱솔루 오드퍼퓸 50ml (미니어처 1종) | [베르사체] 브라이트 크리스탈 앱솔루 오드퍼퓸 90ml (미니어처 1종) | [베르사체] 브라이트 크리스탈 앱솔루 EDP 30ml | [베르사체] 브라이트 크리스탈 앱솔루 오드퍼퓸 30ml,[베르사체] 브라이트 크리스탈 앱솔루 오드퍼퓸 50ml (미니어처 1종) | [베르사체] 브라이트 크리스탈 앱솔루 오드퍼퓸 90ml (미니어처 1종) | [베르사체] 브라이트 크리스탈 앱솔루 EDP 30ml | [베르사체] 브라이트 크리스탈 앱솔루 오드퍼퓸 30ml,unchanged
ci_ca648c4a8a05,ci_ca648c4a8a05,False,Versace,Versace,cf_3fbee79d8e5e,cf_3fbee79d8e5e,[베르사체] 에로스 EDP 50ml (미니어처 1종) | [베르사체] 에로스 오드퍼퓸 50ml (+ 미니어처 1종),[베르사체] 에로스 EDP 50ml (미니어처 1종) | [베르사체] 에로스 오드퍼퓸 50ml (+ 미니어처 1종),unchanged
ci_d982e707ddbc,ci_d982e707ddbc,False,Replay,Replay,cf_889c6b13efb3,cf_889c6b13efb3,리플레이 탱크 플레이트 포 맨 오드뚜왈렛 30ml,리플레이 탱크 플레이트 포 맨 오드뚜왈렛 30ml,unchanged
ci_2169b2f1510d,ci_2169b2f1510d,False,Replay,Replay,cf_e50c2ec1f66f,cf_e50c2ec1f66f,[리플레이] 시그니처 시크릿 포 우먼 오드뚜왈렛 100ml | 리플레이 시그니처 시크릿 포 우먼 오드뚜왈렛 30ml,[리플레이] 시그니처 시크릿 포 우먼 오드뚜왈렛 100ml | 리플레이 시그니처 시크릿 포 우먼 오드뚜왈렛 30ml,unchanged
ci_07d09ab41d6d,ci_07d09ab41d6d,False,TUMI,TUMI,cf_5482c20b23e5,cf_5482c20b23e5,[투미] 어웨이큰 08:00 오드퍼퓸 100ml | 투미 어웨이큰 08:00 오드퍼퓸 30ml,[투미] 어웨이큰 08:00 오드퍼퓸 100ml | 투미 어웨이큰 08:00 오드퍼퓸 30ml,unchanged
ci_60a36f908dca,ci_60a36f908dca,False,Replay,Replay,cf_b0399585ce21,cf_b0399585ce21,[리플레이] 소스 오브 라이프 포 우먼 오드퍼퓸 100ml | 리플레이 소스 오브 라이프 포 우먼 오드퍼퓸 30ml,[리플레이] 소스 오브 라이프 포 우먼 오드퍼퓸 100ml | 리플레이 소스 오브 라이프 포 우먼 오드퍼퓸 30ml,unchanged
ci_9975d74312fa,ci_9975d74312fa,False,Trussardi,Trussardi,cf_4f0b5dbf8150,cf_4f0b5dbf8150,[트루사르디] 르비드밀라노 디이탈리안 아티스트 오브 비아솔페리노EDP 100ml,[트루사르디] 르비드밀라노 디이탈리안 아티스트 오브 비아솔페리노EDP 100ml,unchanged
ci_0212e7f4c6dc,ci_0212e7f4c6dc,False,Versace,Versace,cf_68e57a983f7a,cf_68e57a983f7a,[베르사체] 에로스 에너지 EDP 100ml (미니어처1종 랜덤증정) | [베르사체] 에로스 에너지 EDP 50ml (미니어처1종 랜덤증정),[베르사체] 에로스 에너지 EDP 100ml (미니어처1종 랜덤증정) | [베르사체] 에로스 에너지 EDP 50ml (미니어처1종 랜덤증정),unchanged
ci_389ff6daf20d,ci_389ff6daf20d,False,Versace,Versace,cf_88d9ac338dcd,cf_88d9ac338dcd,[베르사체] 브라이트 크리스탈 앱솔루 EDP 90ml (미니어처1종 랜덤증정) | [베르사체] 브라이트 크리스탈 앱솔루 EDP 50ml (미니어처1종 랜덤증정),[베르사체] 브라이트 크리스탈 앱솔루 EDP 90ml (미니어처1종 랜덤증정) | [베르사체] 브라이트 크리스탈 앱솔루 EDP 50ml (미니어처1종 랜덤증정),unchanged
ci_bbf72792ad02,ci_bbf72792ad02,False,Trussardi,Trussardi,cf_f9f9d6b27de7,cf_f9f9d6b27de7,[트루사르디] 르비드밀라노 디스트릭트 오브 노로 EDP 100ml,[트루사르디] 르비드밀라노 디스트릭트 오브 노로 EDP 100ml,unchanged
ci_f12a519af9c5,ci_f12a519af9c5,False,Rance 1795,Rance 1795,cf_5474d28dbfcc,cf_5474d28dbfcc,[랑세] 오 드 제피르 오드뚜왈렛 100ml (바이알 3종) | [랑세] 오 드 제피르 오드뚜왈렛 50ml (바이알 3종),[랑세] 오 드 제피르 오드뚜왈렛 100ml (바이알 3종) | [랑세] 오 드 제피르 오드뚜왈렛 50ml (바이알 3종),unchanged
ci_d9e3d05906cb,ci_d9e3d05906cb,False,Montale,Montale,cf_b4180d7f1058,cf_b4180d7f1058,[몽탈] 아라비안스 오드퍼퓸 100ml (바이알 3종),[몽탈] 아라비안스 오드퍼퓸 100ml (바이알 3종),unchanged
ci_ec6da844c7a5,ci_ec6da844c7a5,False,Montale,Montale,cf_871704abe269,cf_871704abe269,[몽탈] 바닐 압솔뤼 오드퍼퓸 100ml (바이알 3종),[몽탈] 바닐 압솔뤼 오드퍼퓸 100ml (바이알 3종),unchanged
ci_47ce05cd8c6f,ci_47ce05cd8c6f,False,Montale,Montale,cf_08ce3d5128d0,cf_08ce3d5128d0,[몽탈] 바닐라 케이크 오드퍼퓸 100ml (바이알 3종),[몽탈] 바닐라 케이크 오드퍼퓸 100ml (바이알 3종),unchanged
ci_59d00d38b234,ci_59d00d38b234,False,Mancera,Mancera,cf_0ae601989c9c,cf_0ae601989c9c,[만세라] 엠버 피버 오드퍼퓸 60ml (바이알 3종) | [만세라] 엠버 피버 오드퍼퓸 120ml (바이알 3종),[만세라] 엠버 피버 오드퍼퓸 60ml (바이알 3종) | [만세라] 엠버 피버 오드퍼퓸 120ml (바이알 3종),unchanged
ci_f2f04563896f,ci_f2f04563896f,False,Mancera,Mancera,cf_4a7ed06cecca,cf_4a7ed06cecca,[만세라] 세드라 부아제 오드퍼퓸 120ml (바이알 3종),[만세라] 세드라 부아제 오드퍼퓸 120ml (바이알 3종),unchanged
ci_d315de036a0e,ci_d315de036a0e,False,Mancera,Mancera,cf_9a1d4aa3ac51,cf_9a1d4aa3ac51,[만세라] 코스믹 페퍼 오드퍼퓸 120ml (바이알 3종) | [만세라] 코스믹 페퍼 오드퍼퓸 60ml (바이알 3종),[만세라] 코스믹 페퍼 오드퍼퓸 120ml (바이알 3종) | [만세라] 코스믹 페퍼 오드퍼퓸 60ml (바이알 3종),unchanged
ci_0381d47c8406,ci_0381d47c8406,False,Montale,Montale,cf_fb71805cd6ed,cf_fb71805cd6ed,[몽탈] 데이 드림즈 오드퍼퓸 100ml (바이알 3종),[몽탈] 데이 드림즈 오드퍼퓸 100ml (바이알 3종),unchanged
ci_938c20fbc0d3,ci_938c20fbc0d3,False,Trussardi,Trussardi,cf_ca6bbdb83298,cf_ca6bbdb83298,[트루사르디] 르비드밀라노 비하인드 더 커튼 피아차 라스칼라 EDP 100ml,[트루사르디] 르비드밀라노 비하인드 더 커튼 피아차 라스칼라 EDP 100ml,unchanged
ci_54dcd14cd0b1,ci_54dcd14cd0b1,False,Trussardi,Trussardi,cf_126d4e25ea8e,cf_126d4e25ea8e,[트루사르디] 르비드밀라노 아이비콜리 피오리 치아리 EDP 100ml,[트루사르디] 르비드밀라노 아이비콜리 피오리 치아리 EDP 100ml,unchanged
ci_2b2dcf87238b,ci_2b2dcf87238b,False,Trussardi,Trussardi,cf_fdb9ce382036,cf_fdb9ce382036,[트루사르디] 르비드밀라노 워킹인 포르타 베네치아 EDP 100ml,[트루사르디] 르비드밀라노 워킹인 포르타 베네치아 EDP 100ml,unchanged
ci_d7e4b6dd1cf0,ci_d7e4b6dd1cf0,False,Trussardi,Trussardi,cf_36b5d62a96f1,cf_36b5d62a96f1,[트루사르디] 르비드밀라노 디이탈리안 아티스트 비아솔페리노 EDP100ml,[트루사르디] 르비드밀라노 디이탈리안 아티스트 비아솔페리노 EDP100ml,unchanged
ci_e2bc8eed511e,ci_e2bc8eed511e,False,Trussardi,Trussardi,cf_9dd6be53f5ea,cf_9dd6be53f5ea,[트루사르디] 르비드밀라노 비하인더커튼 피아차 라스칼라EDP 100ml,[트루사르디] 르비드밀라노 비하인더커튼 피아차 라스칼라EDP 100ml,unchanged
ci_00a33e55aff9,ci_00a33e55aff9,False,Trussardi,Trussardi,cf_bdb35a3f1adf,cf_bdb35a3f1adf,[트루사르디] 르비드밀라노 아이비콜리 비아 피오리 치아리EDP 100ml,[트루사르디] 르비드밀라노 아이비콜리 비아 피오리 치아리EDP 100ml,unchanged
ci_c59ba142b294,ci_c59ba142b294,False,Trussardi,Trussardi,cf_3a6aab83ce41,cf_3a6aab83ce41,[트루사르디] 르비드밀라노 알바수이 나빌리 EDP 100ml,[트루사르디] 르비드밀라노 알바수이 나빌리 EDP 100ml,unchanged
ci_0b77f29fee74,ci_0b77f29fee74,False,Mancera,Mancera,cf_2a70e16c79a8,cf_2a70e16c79a8,[만세라] 체리 체리 오드퍼퓸 120ml (바이알 3종),[만세라] 체리 체리 오드퍼퓸 120ml (바이알 3종),unchanged
ci_8fc9d9da835c,ci_8fc9d9da835c,False,Mancera,Mancera,cf_16a7259a4110,cf_16a7259a4110,[만세라] 친퀘 테레 오드퍼퓸 120ml (바이알 3종),[만세라] 친퀘 테레 오드퍼퓸 120ml (바이알 3종),unchanged
ci_9d2eaf5bd206,ci_9d2eaf5bd206,False,Mancera,Mancera,cf_027e9f40148c,cf_027e9f40148c,[만세라] 블랙 골드 오드퍼퓸 60ml (바이알 3종),[만세라] 블랙 골드 오드퍼퓸 60ml (바이알 3종),unchanged
ci_f1a7e056026a,ci_f1a7e056026a,False,Nishane,Nishane,cf_84f7b41e823c,cf_84f7b41e823c,[니샤네] 아니 엑스트레 드 퍼퓸 100ml (바이알3종) | [니샤네] 아니 엑스트레 드 퍼퓸 50ml (바이알3종),[니샤네] 아니 엑스트레 드 퍼퓸 100ml (바이알3종) | [니샤네] 아니 엑스트레 드 퍼퓸 50ml (바이알3종),unchanged
ci_5a2e37211d45,ci_5a2e37211d45,False,Nishane,Nishane,cf_e493f28a1d1f,cf_e493f28a1d1f,[니샤네] 페보니우스 런던엑스트레 드 퍼퓸 50ml (바이알3종),[니샤네] 페보니우스 런던엑스트레 드 퍼퓸 50ml (바이알3종),unchanged
ci_cc5699938bed,ci_cc5699938bed,False,Montale,Montale,cf_24fa553c51bb,cf_24fa553c51bb,[몽탈] 인피니티 오드퍼퓸 100ml (바이알 3종),[몽탈] 인피니티 오드퍼퓸 100ml (바이알 3종),unchanged
ci_a07995306f61,ci_a07995306f61,False,Montale,Montale,cf_233f6a6f8e57,cf_233f6a6f8e57,[몽탈] 솔레이 드 카프리 오드퍼퓸 100ml (바이알 3종),[몽탈] 솔레이 드 카프리 오드퍼퓸 100ml (바이알 3종),unchanged
ci_73a08f4ff6ee,ci_73a08f4ff6ee,False,Parfums Berdoues,Parfums Berdoues,cf_d5ec209ae57b,cf_d5ec209ae57b,[베르두콜렉션] 그랑크뤼 과리아 모라다 EDP 100ml,[베르두콜렉션] 그랑크뤼 과리아 모라다 EDP 100ml,unchanged
ci_2741ea11a23d,ci_2741ea11a23d,False,Parfums Berdoues,Parfums Berdoues,cf_d5a59de54f81,cf_d5a59de54f81,[베르두콜렉]션 그랑크뤼 펑라이 EDP 100ml,[베르두콜렉]션 그랑크뤼 펑라이 EDP 100ml,unchanged
ci_0c2c64f28c57,ci_0c2c64f28c57,False,Atelier des Ors,Atelier des Ors,cf_b0537ca31deb,cf_b0537ca31deb,[아뜰리에데조] 느와 바이 나이트 오드퍼퓸 100ml,[아뜰리에데조] 느와 바이 나이트 오드퍼퓸 100ml,unchanged
ci_bd6e43db5574,ci_bd6e43db5574,False,Jaguar,Jaguar,cf_32514f02066c,cf_32514f02066c,[재규어] 이어러 오드뚜왈렛 100ml,[재규어] 이어러 오드뚜왈렛 100ml,unchanged
ci_f53b2c73d710,ci_f53b2c73d710,False,TUMI,TUMI,cf_eb226a7af12e,cf_eb226a7af12e,투미 키네틱 --:-- 오드퍼퓸 30ml | 투미 키네틱 --:-- 오드퍼퓸 100ml,투미 키네틱 --:-- 오드퍼퓸 30ml | 투미 키네틱 --:-- 오드퍼퓸 100ml,unchanged
ci_34346c0a273e,ci_34346c0a273e,False,Nikos,Nikos,cf_549b0838ae00,cf_549b0838ae00,[니코스] 스컬프쳐 오드퍼퓸 100ml,[니코스] 스컬프쳐 오드퍼퓸 100ml,unchanged
ci_73fd56d19a90,ci_73fd56d19a90,False,Nikos,Nikos,cf_549b0838ae00,cf_549b0838ae00,니코스 스컬프쳐 오드뚜왈렛 100ml,니코스 스컬프쳐 오드뚜왈렛 100ml,unchanged
ci_c36740a80f2a,ci_c36740a80f2a,False,TUMI,TUMI,cf_123ed4a8c4b8,cf_123ed4a8c4b8,투미 컨티넘 12:00 오드퍼퓸 30ml | 투미 컨티넘 12:00 오드퍼퓸 100ml,투미 컨티넘 12:00 오드퍼퓸 30ml | 투미 컨티넘 12:00 오드퍼퓸 100ml,unchanged
ci_f7f619b38258,ci_f7f619b38258,False,TUMI,TUMI,cf_118df5766325,cf_118df5766325,투미 아틀라스 00:00 오드퍼퓸 30ml | 투미 아틀라스 00:00 오드퍼퓸 100ml,투미 아틀라스 00:00 오드퍼퓸 30ml | 투미 아틀라스 00:00 오드퍼퓸 100ml,unchanged
ci_080f658678f2,ci_080f658678f2,False,TUMI,TUMI,cf_6c9f07086127,cf_6c9f07086127,투미 언와인드 20:00 오드퍼퓸 100ml,투미 언와인드 20:00 오드퍼퓸 100ml,unchanged
ci_6b6e6390b821,ci_6b6e6390b821,False,Kenneth Cole,Kenneth Cole,cf_f167ac372486,cf_f167ac372486,케네스콜 블랙 포 허 오드퍼퓸 30ml | 케네스콜 블랙 포 허 오드퍼퓸 100ml,케네스콜 블랙 포 허 오드퍼퓸 30ml | 케네스콜 블랙 포 허 오드퍼퓸 100ml,unchanged
ci_e728228b3ab2,ci_e728228b3ab2,False,Kenneth Cole,Kenneth Cole,cf_1b811686ec1d,cf_1b811686ec1d,케네스콜 맨카인드 오드뚜왈렛 100ml,케네스콜 맨카인드 오드뚜왈렛 100ml,unchanged
ci_52cf9a832163,ci_52cf9a832163,False,Banana Republic,Banana Republic,cf_2e857b426ee8,cf_2e857b426ee8,바나나리퍼블릭 토바코&통카빈 오드퍼퓸 75ml,바나나리퍼블릭 토바코&통카빈 오드퍼퓸 75ml,unchanged
ci_d4d00261f05c,ci_d4d00261f05c,False,Lalique,Lalique,cf_217ff0c5beb8,cf_217ff0c5beb8,라리끄 솔레이 비브랑 오드퍼퓸 30ml | 라리끄 솔레이 비브랑 오드퍼퓸 100ml,라리끄 솔레이 비브랑 오드퍼퓸 30ml | 라리끄 솔레이 비브랑 오드퍼퓸 100ml,unchanged
ci_647462aaf9a7,ci_647462aaf9a7,False,Lalique,Lalique,cf_729e2bebea76,cf_729e2bebea76,라리끄 솔레이 오드퍼퓸 30ml | [라리끄] 솔레이 오드퍼퓸 100ml,라리끄 솔레이 오드퍼퓸 30ml | [라리끄] 솔레이 오드퍼퓸 100ml,unchanged
ci_436c24e79e33,ci_436c24e79e33,False,Grès,Grès,cf_6ad4c87d485a,cf_6ad4c87d485a,[그레] 카보틴 로즈 오드뚜왈렛 30ml | [그레] 카보틴 로즈 오드뚜왈렛 100ml,[그레] 카보틴 로즈 오드뚜왈렛 30ml | [그레] 카보틴 로즈 오드뚜왈렛 100ml,unchanged
ci_a08338f33701,ci_a08338f33701,False,Grès,Grès,cf_c8dcf7bda2dc,cf_c8dcf7bda2dc,그레 카보샤 셰리 오드퍼퓸 100ml,그레 카보샤 셰리 오드퍼퓸 100ml,unchanged
ci_2a8635bc11bf,ci_2a8635bc11bf,False,Grès,Grès,cf_05deb7345bc8,cf_05deb7345bc8,[그레] 카보샤 오드퍼퓸 100ml,[그레] 카보샤 오드퍼퓸 100ml,unchanged
ci_79005a235893,ci_79005a235893,False,Montale,Montale,cf_bdd5577ea266,cf_bdd5577ea266,[몽탈] 파우더 플라워즈 오드퍼퓸 100ml (바이알 3종),[몽탈] 파우더 플라워즈 오드퍼퓸 100ml (바이알 3종),unchanged
ci_66cce5ea1377,ci_66cce5ea1377,False,Montale,Montale,cf_8d36fd9d6ba4,cf_8d36fd9d6ba4,[몽탈] 우드&스파이스 오드퍼퓸 100ml (바이알 3종),[몽탈] 우드&스파이스 오드퍼퓸 100ml (바이알 3종),unchanged
ci_addb5a20b96f,ci_addb5a20b96f,False,Mancera,Mancera,cf_63d3ccc5f0ca,cf_63d3ccc5f0ca,[만세라] 로즈 바닐 오드퍼퓸 120ml (바이알 3종) | [만세라] 로즈 바닐 오드퍼퓸 60ml (바이알 3종),[만세라] 로즈 바닐 오드퍼퓸 120ml (바이알 3종) | [만세라] 로즈 바닐 오드퍼퓸 60ml (바이알 3종),unchanged
ci_f24c84468cb7,ci_f24c84468cb7,False,Montale,Montale,cf_475d13fc757d,cf_475d13fc757d,[몽탈] 프리티 프루티 오드퍼퓸 100ml (바이알 3종),[몽탈] 프리티 프루티 오드퍼퓸 100ml (바이알 3종),unchanged
ci_a5e651da90ff,ci_a5e651da90ff,False,휴파슨스,휴파슨스,cf_5a789b8716ed,cf_5a789b8716ed,휴파슨스 본드스트리트 오드퍼퓸 100ml,휴파슨스 본드스트리트 오드퍼퓸 100ml,unchanged
ci_8fce3d2bf820,ci_8fce3d2bf820,False,Mancera,Mancera,cf_34ea75e23717,cf_34ea75e23717,[만세라] 레드 토바코 오드퍼퓸 120ml (바이알 3종) | [만세라] 레드 토바코 오드퍼퓸 60ml (바이알 3종),[만세라] 레드 토바코 오드퍼퓸 120ml (바이알 3종) | [만세라] 레드 토바코 오드퍼퓸 60ml (바이알 3종),unchanged
ci_d949fba63554,ci_d949fba63554,False,Mancera,Mancera,cf_612501ae872a,cf_612501ae872a,[만세라] 베티버 센슈얼 오드퍼퓸 60ml (바이알 3종),[만세라] 베티버 센슈얼 오드퍼퓸 60ml (바이알 3종),unchanged
ci_b5092ea1a84d,ci_b5092ea1a84d,False,Montale,Montale,cf_c271dc4ac636,cf_c271dc4ac636,[몽탈] 머스크 투 머스크 오드퍼퓸 100ml (바이알 3종),[몽탈] 머스크 투 머스크 오드퍼퓸 100ml (바이알 3종),unchanged
ci_02bfc852a873,ci_02bfc852a873,False,Montale,Montale,cf_275f945ea0f2,cf_275f945ea0f2,[몽탈] 로즈 엘릭시르 오드퍼퓸 100ml (바이알 3종),[몽탈] 로즈 엘릭시르 오드퍼퓸 100ml (바이알 3종),unchanged
ci_ba040a294bf0,ci_ba040a294bf0,False,Montale,Montale,cf_a66a040aa267,cf_a66a040aa267,[몽탈] 크리스탈 플라워즈 오드퍼퓸 100ml (바이알 3종),[몽탈] 크리스탈 플라워즈 오드퍼퓸 100ml (바이알 3종),unchanged
ci_d84388df7a7e,ci_d84388df7a7e,False,Montale,Montale,cf_7e64a89bfadb,cf_7e64a89bfadb,[몽탈] 스위트 피오니 오드퍼퓸 100ml (바이알 3종),[몽탈] 스위트 피오니 오드퍼퓸 100ml (바이알 3종),unchanged
ci_5ae531dd8075,ci_5ae531dd8075,False,Rance 1795,Rance 1795,cf_58286317448d,cf_58286317448d,[랑세] 르와엠페러 오드퍼퓸 포 맨 100ml (바이알 3종),[랑세] 르와엠페러 오드퍼퓸 포 맨 100ml (바이알 3종),unchanged
ci_ae479988a6d6,ci_ae479988a6d6,False,Mancera,Mancera,cf_92bb9f7ccc4e,cf_92bb9f7ccc4e,[만세라] 골드 인센스 오드퍼퓸 120ml (바이알 3종) | [만세라] 골드 인센스 오드퍼퓸 60ml (바이알 3종),[만세라] 골드 인센스 오드퍼퓸 120ml (바이알 3종) | [만세라] 골드 인센스 오드퍼퓸 60ml (바이알 3종),unchanged
ci_e171cbefba6e,ci_e171cbefba6e,False,휴파슨스,휴파슨스,cf_8a7251765e46,cf_8a7251765e46,휴파슨스 화이트홀 오드퍼퓸 100ml,휴파슨스 화이트홀 오드퍼퓸 100ml,unchanged
ci_3c99c7084bc3,ci_3c99c7084bc3,False,Replay,Replay,cf_8f3493ed7fd0,cf_8f3493ed7fd0,[리플레이] 러버즈 포 맨 오드뚜왈렛 30ml,[리플레이] 러버즈 포 맨 오드뚜왈렛 30ml,unchanged
ci_2faf29e0440f,ci_2faf29e0440f,False,Montale,Montale,cf_62fcc3d9e0f7,cf_62fcc3d9e0f7,[몽탈] 오드 포레스트 오드퍼퓸 100ml (바이알 3종),[몽탈] 오드 포레스트 오드퍼퓸 100ml (바이알 3종),unchanged
ci_10ec36e81e9c,ci_10ec36e81e9c,False,Jaguar,Jaguar,cf_2e9bae37612e,cf_2e9bae37612e,재규어 클래식 블랙 오드뚜왈렛 100ml,재규어 클래식 블랙 오드뚜왈렛 100ml,unchanged
ci_cbb9c5fbc6d6,ci_cbb9c5fbc6d6,False,Replay,Replay,cf_655927f2cf6d,cf_655927f2cf6d,리플레이 소스 오브 라이프 포 맨 오드뚜왈렛 30ml | [리플레이] 소스 오브 라이프 포 맨 오드뚜왈렛 100ml,리플레이 소스 오브 라이프 포 맨 오드뚜왈렛 30ml | [리플레이] 소스 오브 라이프 포 맨 오드뚜왈렛 100ml,unchanged
ci_b8783dfdbdea,ci_b8783dfdbdea,False,Replay,Replay,cf_3378e2caf68c,cf_3378e2caf68c,[리플레이] 시그니처 러버즈 포 맨 오드뚜왈렛 30ml,[리플레이] 시그니처 러버즈 포 맨 오드뚜왈렛 30ml,unchanged
ci_1561b7dafb62,ci_1561b7dafb62,False,Replay,Replay,cf_75695eea1209,cf_75695eea1209,[리플레이] 시그니처 러버즈 포 우먼 오드뚜왈렛 30ml,[리플레이] 시그니처 러버즈 포 우먼 오드뚜왈렛 30ml,unchanged
ci_4fba2d4ee366,ci_4fba2d4ee366,False,Lalique,Lalique,cf_77a37ffc54cd,cf_77a37ffc54cd,라리끄 라무르 오드퍼퓸 50ml | [라리끄] 라무르 오드퍼퓸 50ml,라리끄 라무르 오드퍼퓸 50ml | [라리끄] 라무르 오드퍼퓸 50ml,unchanged
ci_a5c10f14e59f,ci_a5c10f14e59f,False,마주리,마주리,cf_c3bb962864f1,cf_c3bb962864f1,마주리 챠밍 튜베로즈 오드퍼퓸 75ml,마주리 챠밍 튜베로즈 오드퍼퓸 75ml,unchanged
ci_cd663b989366,ci_cd663b989366,False,Replay,Replay,cf_560f573d8a62,cf_560f573d8a62,리플레이 탱크 플레이트 포 우먼 오드뚜왈렛 100ml,리플레이 탱크 플레이트 포 우먼 오드뚜왈렛 100ml,unchanged
ci_448e593fbf02,ci_448e593fbf02,False,마주리,마주리,cf_6749afe3f806,cf_6749afe3f806,마주리 더 원 앤 온리 오드퍼퓸 75ml,마주리 더 원 앤 온리 오드퍼퓸 75ml,unchanged
ci_b66449e455e2,ci_b66449e455e2,False,마주리,마주리,cf_98d2e4430ca1,cf_98d2e4430ca1,마주리 누르 네롤리 오드퍼퓸 75ml,마주리 누르 네롤리 오드퍼퓸 75ml,unchanged
ci_051584ccfe35,ci_051584ccfe35,False,마주리,마주리,cf_57eba4d131cb,cf_57eba4d131cb,마주리 보헤미안 티 오드퍼퓸 75ml,마주리 보헤미안 티 오드퍼퓸 75ml,unchanged
ci_12c8169c219a,ci_12c8169c219a,False,Bentley,Bentley,cf_972990854179,cf_972990854179,벤틀리 모멘텀 인텐스 오드퍼퓸 100ml,벤틀리 모멘텀 인텐스 오드퍼퓸 100ml,unchanged
ci_83b29bbf18ab,ci_83b29bbf18ab,False,Mancera,Mancera,cf_c5373fe00720,cf_c5373fe00720,[만세라] 미드나이트 골드 오드퍼퓸 120ml (바이알 3종),[만세라] 미드나이트 골드 오드퍼퓸 120ml (바이알 3종),unchanged
ci_c8a9a9b57305,ci_c8a9a9b57305,False,Mancera,Mancera,cf_2599938c73d6,cf_2599938c73d6,[만세라] 블랙 바닐라 오드퍼퓸 60ml (바이알 3종),[만세라] 블랙 바닐라 오드퍼퓸 60ml (바이알 3종),unchanged
ci_39d86a5f4b24,ci_39d86a5f4b24,False,Atelier des Ors,Atelier des Ors,cf_dd6628bf3047,cf_dd6628bf3047,[아뜰리에데조] 포멜로 리비에라 오드퍼퓸 100ml,[아뜰리에데조] 포멜로 리비에라 오드퍼퓸 100ml,unchanged
ci_518171a4f3e2,ci_518171a4f3e2,False,Bentley,Bentley,cf_24a691d70ca5,cf_24a691d70ca5,벤틀리 포맨 아쥬르 오드뚜왈렛 100ml,벤틀리 포맨 아쥬르 오드뚜왈렛 100ml,unchanged
ci_2f4d77d65b38,ci_2f4d77d65b38,False,Mancera,Mancera,cf_5d750132199b,cf_5d750132199b,[만세라] 자르당 엑스클루시프 오드퍼퓸 120ml (바이알 3종) | [만세라] 자르당 엑스클루시프 오드퍼퓸 60ml (바이알 3종),[만세라] 자르당 엑스클루시프 오드퍼퓸 120ml (바이알 3종) | [만세라] 자르당 엑스클루시프 오드퍼퓸 60ml (바이알 3종),unchanged
ci_9fc3c852d933,ci_9fc3c852d933,False,Montale,Montale,cf_d35c4ea565c7,cf_d35c4ea565c7,[몽탈] 로즈 머스크 오드퍼퓸 100ml (바이알 3종),[몽탈] 로즈 머스크 오드퍼퓸 100ml (바이알 3종),unchanged
ci_e762cd7a9d4a,ci_e762cd7a9d4a,False,Montale,Montale,cf_d15da2d8ae42,cf_d15da2d8ae42,[몽탈] 퓨어 골드 오드퍼퓸 100ml (바이알 3종),[몽탈] 퓨어 골드 오드퍼퓸 100ml (바이알 3종),unchanged
ci_b15c2acb2ca9,ci_b15c2acb2ca9,False,Montale,Montale,cf_6df36174261f,cf_6df36174261f,[몽탈] 인텐스 카페 오드퍼퓸 100ml (바이알 3종),[몽탈] 인텐스 카페 오드퍼퓸 100ml (바이알 3종),unchanged
ci_ebd53e0f3a15,ci_ebd53e0f3a15,False,Montale,Montale,cf_70ace857ec9d,cf_70ace857ec9d,[몽탈] 퓨어 러브 오드퍼퓸 100ml (바이알 3종),[몽탈] 퓨어 러브 오드퍼퓸 100ml (바이알 3종),unchanged
ci_008f1b2b4638,ci_008f1b2b4638,False,Atelier des Ors,Atelier des Ors,cf_2dd2fade6502,cf_2dd2fade6502,[아뜰리에데조] 누다 베리타스 오드퍼퓸 100ml,[아뜰리에데조] 누다 베리타스 오드퍼퓸 100ml,unchanged
ci_3bab723fc064,ci_3bab723fc064,False,Atelier des Ors,Atelier des Ors,cf_920e5a3f7d9f,cf_920e5a3f7d9f,[아뜰리에데조] 리비에라 드라이브 오드퍼퓸 100ml,[아뜰리에데조] 리비에라 드라이브 오드퍼퓸 100ml,unchanged
ci_0acb93739a8b,ci_0acb93739a8b,False,Versace,Versace,cf_baa9c9b62fda,cf_baa9c9b62fda,[베르사체] 에로스 오드퍼퓸 50ml (미니어처1종 랜덤증정),[베르사체] 에로스 오드퍼퓸 50ml (미니어처1종 랜덤증정),unchanged
ci_30c87416d5e7,ci_30c87416d5e7,False,Rance 1795,Rance 1795,cf_3227a07a9ff1,cf_3227a07a9ff1,[랑세] 헬레네 오드퍼퓸 포 우먼 50ml (바이알3종) | [랑세] 헬레네 오드퍼퓸 포 우먼 100ml (바이알3종),[랑세] 헬레네 오드퍼퓸 포 우먼 50ml (바이알3종) | [랑세] 헬레네 오드퍼퓸 포 우먼 100ml (바이알3종),unchanged
ci_39e4827e16fa,ci_39e4827e16fa,False,Rance 1795,Rance 1795,cf_9b142e3b1ad4,cf_9b142e3b1ad4,[랑세] 유제니 오드퍼퓸 포 우먼 50ml (바이알3종),[랑세] 유제니 오드퍼퓸 포 우먼 50ml (바이알3종),unchanged
ci_f8922395ef1b,ci_f8922395ef1b,False,Rance 1795,Rance 1795,cf_f70ecb184ba0,cf_f70ecb184ba0,[랑세] 조세핀 오드퍼퓸 포 우먼 50ml (바이알 3종),[랑세] 조세핀 오드퍼퓸 포 우먼 50ml (바이알 3종),unchanged
ci_a7bf43ff1aa6,ci_a7bf43ff1aa6,False,Rance 1795,Rance 1795,cf_554bdf704cab,cf_554bdf704cab,[랑세] 오드 프랑스 오드뚜왈렛 50ml (바이알3종),[랑세] 오드 프랑스 오드뚜왈렛 50ml (바이알3종),unchanged
ci_4b4029191f03,ci_4b4029191f03,False,Rance 1795,Rance 1795,cf_e36d05459ec3,cf_e36d05459ec3,[랑세] 프랑수와 찰스 오드퍼퓸 포 맨 50ml (바이알3종),[랑세] 프랑수와 찰스 오드퍼퓸 포 맨 50ml (바이알3종),unchanged
ci_902fcb8dd6cd,ci_902fcb8dd6cd,False,Parfums Berdoues,Parfums Berdoues,cf_17b2a813fda9,cf_17b2a813fda9,베르두콜렉션 그랑크뤼 바니라 무레아 EDP 100ml,베르두콜렉션 그랑크뤼 바니라 무레아 EDP 100ml,unchanged
ci_ba1f9579573d,ci_2c35fded8c71,True,멈칫,Mumchit,cf_45030163bd21,cf_6648a84e6469,스테이퍼퓸 [밤쉘],스테이퍼퓸 [밤쉘],brand_mapping_reviewed
ci_a0a02b36cbab,ci_a0a02b36cbab,False,Diptyque,Diptyque,cf_99098b2ebef3,cf_99098b2ebef3,오 드 퍼퓸 오르페옹,오 드 퍼퓸 오르페옹,unchanged
ci_d3fc426a9647,ci_d3fc426a9647,False,Elizabeth Arden,Elizabeth Arden,cf_20c89de2f748,cf_20c89de2f748,그린티 센트 스프레이,그린티 센트 스프레이,unchanged
ci_c427296fb61c,ci_c427296fb61c,False,Jo Malone London,Jo Malone London,cf_a82dc8b7b228,cf_a82dc8b7b228,우드 세이지 앤 씨 솔트 코롱,우드 세이지 앤 씨 솔트 코롱,unchanged
ci_4de0e6367ac7,ci_4de0e6367ac7,False,Daniel's Truth,Daniel's Truth,cf_4ecc10343e17,cf_4ecc10343e17,시그니처 밤쉘루스,시그니처 밤쉘루스,unchanged
ci_1af25ac959c8,ci_1af25ac959c8,False,Le Labo,Le Labo,cf_326f5c8c3fdf,cf_326f5c8c3fdf,어나더 13 EDP,어나더 13 EDP,unchanged
ci_162ce4d89e5c,ci_162ce4d89e5c,False,Diptyque,Diptyque,cf_8fef192a9d99,cf_8fef192a9d99,오 드 뚜왈렛 오 로즈,오 드 뚜왈렛 오 로즈,unchanged
ci_1bf0bf800b0a,ci_1bf0bf800b0a,False,Vanilla Boutique,Vanilla Boutique,cf_f11ef1db4ed3,cf_f11ef1db4ed3,허그 향수,허그 향수,unchanged
ci_9c7b60cda438,ci_9c7b60cda438,False,Aesop,Aesop,cf_20585e0dc507,cf_20585e0dc507,테싯 오 드 퍼퓸,테싯 오 드 퍼퓸,unchanged
ci_107454de822b,ci_107454de822b,False,Chloé,Chloé,cf_38663302e4a7,cf_38663302e4a7,시그니처 EDP,시그니처 EDP,unchanged
ci_17304073f859,ci_17304073f859,False,Byredo,Byredo,cf_e84c07023bd1,cf_e84c07023bd1,오 드 퍼퓸 [블랑쉬],오 드 퍼퓸 [블랑쉬],unchanged
ci_d26a1c904519,ci_d26a1c904519,False,Dior,Dior,cf_1156cbab15d8,cf_1156cbab15d8,미스 디올 오 드 퍼퓸,미스 디올 오 드 퍼퓸,unchanged
ci_2084bc83573d,ci_2084bc83573d,False,Dior,Dior,cf_a154fa534a73,cf_a154fa534a73,미스 디올 블루밍 부케 오 드 뚜왈렛,미스 디올 블루밍 부케 오 드 뚜왈렛,unchanged
ci_5bd545b067ba,ci_5bd545b067ba,False,Diptyque,Diptyque,cf_f5bd84848f79,cf_f5bd84848f79,오 드 뚜왈렛 필로시코스,오 드 뚜왈렛 필로시코스,unchanged
ci_9503328d5cdd,ci_da3cc8d44820,True,키엘,Kiehl's,cf_45afed80afab,cf_2184635bb0f9,오리지널 머스크 향수,오리지널 머스크 향수,brand_mapping_reviewed
ci_844918cb9436,ci_844918cb9436,False,Byredo,Byredo,cf_7c9f595b60bf,cf_7c9f595b60bf,오 드 퍼퓸 [라튤립],오 드 퍼퓸 [라튤립],unchanged
ci_0bb163868ef8,ci_0bb163868ef8,False,Jo Malone London,Jo Malone London,cf_a5382d0be440,cf_a5382d0be440,블랙베리 앤 베이 코롱,블랙베리 앤 베이 코롱,unchanged
ci_062f12f6c251,ci_062f12f6c251,False,Byredo,Byredo,cf_b910370859fd,cf_b910370859fd,발 다프리크 오 드 퍼퓸,발 다프리크 오 드 퍼퓸,unchanged
ci_4810685a726a,ci_4810685a726a,False,Santa Maria Novella,Santa Maria Novella,cf_bb0d342c5f89,cf_bb0d342c5f89,피렌체 1221 에디션 오드코롱 [프리지아],피렌체 1221 에디션 오드코롱 [프리지아],unchanged
ci_4277d84bcdbc,ci_4277d84bcdbc,False,Dior,Dior,cf_3a61acbb281f,cf_3a61acbb281f,쟈도르 오 드 퍼퓸,쟈도르 오 드 퍼퓸,unchanged
ci_a1ab120d463f,ci_a1ab120d463f,False,Chanel,Chanel,cf_ea69a0813d28,cf_ea69a0813d28,샹스 오 후레쉬 오 드 뚜왈렛,샹스 오 후레쉬 오 드 뚜왈렛,unchanged
ci_c64418cfae23,ci_c64418cfae23,False,Chanel,Chanel,cf_a21a3b6a8fbc,cf_a21a3b6a8fbc,N°5 오 프르미에르 오 드 빠르펭,N°5 오 프르미에르 오 드 빠르펭,unchanged
ci_3a60949bd23c,ci_3a60949bd23c,False,Diptyque,Diptyque,cf_87cc27c02da3,cf_87cc27c02da3,오 드 퍼퓸 플레르 드 뽀,오 드 퍼퓸 플레르 드 뽀,unchanged
ci_144c02ac2e8c,ci_144c02ac2e8c,False,Chanel,Chanel,cf_f5108821ba2f,cf_f5108821ba2f,알뤼르 옴므 스포츠 오 드 뚜왈렛,알뤼르 옴므 스포츠 오 드 뚜왈렛,unchanged
ci_b440592c99d0,ci_b440592c99d0,False,Chanel,Chanel,cf_92ff376e66aa,cf_92ff376e66aa,코코 마드모아젤 오 드 빠르펭,코코 마드모아젤 오 드 빠르펭,unchanged
ci_7b7aed26cc5b,ci_7b7aed26cc5b,False,Chanel,Chanel,cf_b9e446fb1b25,cf_b9e446fb1b25,샹스 오 비브 오 드 뚜왈렛,샹스 오 비브 오 드 뚜왈렛,unchanged
ci_0e58a7b232c1,ci_0e58a7b232c1,False,Lancôme,Lancôme,cf_9b8886b5e6a6,cf_9b8886b5e6a6,미라클 오 드 퍼퓸,미라클 오 드 퍼퓸,unchanged
ci_62e83b955e8e,ci_62e83b955e8e,False,Tom Ford,Tom Ford,cf_5d72b579387b,cf_5d72b579387b,네롤리 포르토피노 EDP,네롤리 포르토피노 EDP,unchanged
ci_bd02a2fbb9cf,ci_bd02a2fbb9cf,False,Lanvin,Lanvin,cf_6e59618f8837,cf_6e59618f8837,모던 프린세스 오 센슈얼 EDT,모던 프린세스 오 센슈얼 EDT,unchanged
ci_af915105c9d6,ci_af915105c9d6,False,Hermès,Hermès,cf_9ccd344b8791,cf_9ccd344b8791,운 자르뎅 수르닐 오 드 뚜왈렛,운 자르뎅 수르닐 오 드 뚜왈렛,unchanged
ci_d7d573ee1c3e,ci_d7d573ee1c3e,False,Yves Saint Laurent,Yves Saint Laurent,cf_1445650e59bb,cf_1445650e59bb,리브르 오 드 빠르펭,리브르 오 드 빠르펭,unchanged
ci_7140e79c0934,ci_7140e79c0934,False,Jo Malone London,Jo Malone London,cf_8b330fcf7cf0,cf_8b330fcf7cf0,잉글리쉬 오크 앤 헤이즐넛 코롱,잉글리쉬 오크 앤 헤이즐넛 코롱,unchanged
ci_a43934ab0bfc,ci_a43934ab0bfc,False,Gucci,Gucci,cf_c5d56150c9d7,cf_c5d56150c9d7,플로라 오 드 퍼퓸 [골저스가드니아],플로라 오 드 퍼퓸 [골저스가드니아],unchanged
ci_08444c325013,ci_08444c325013,False,Byredo,Byredo,cf_a2b3f95e0b9f,cf_a2b3f95e0b9f,모하비 고스트 오 드 퍼퓸,모하비 고스트 오 드 퍼퓸,unchanged
ci_389cfde1d598,ci_389cfde1d598,False,Chanel,Chanel,cf_ab698dacce16,cf_ab698dacce16,샹스 오 땅드르 오 드 빠르펭,샹스 오 땅드르 오 드 빠르펭,unchanged
ci_c493990816c7,ci_c493990816c7,False,Chanel,Chanel,cf_bcde157c2f40,cf_bcde157c2f40,N°1 드 샤넬 레드 까멜리아 향수,N°1 드 샤넬 레드 까멜리아 향수,unchanged
ci_293208b599e8,ci_293208b599e8,False,Le Labo,Le Labo,cf_790b92c0aafc,cf_790b92c0aafc,상탈 33 EDP,상탈 33 EDP,unchanged
ci_a616dd0ed39d,ci_a616dd0ed39d,False,Aesop,Aesop,cf_4540033b4169,cf_4540033b4169,로즈 오 드 퍼퓸,로즈 오 드 퍼퓸,unchanged
ci_8ac1e411bf3b,ci_62c43a95d372,True,헉슬리,Huxley,cf_9f61853f42f5,cf_20c0537186fb,퍼퓸 [모로칸가드너],퍼퓸 [모로칸가드너],brand_mapping_reviewed
ci_c55267126886,ci_c55267126886,False,Jo Malone London,Jo Malone London,cf_25f1b494d4bc,cf_25f1b494d4bc,잉글리쉬 페어 앤 프리지아 코롱,잉글리쉬 페어 앤 프리지아 코롱,unchanged
ci_74dd483efbfd,ci_74dd483efbfd,False,Salvatore Ferragamo,Salvatore Ferragamo,cf_a5ba35db87f5,cf_a5ba35db87f5,인칸토 참 오 드 뚜왈렛,인칸토 참 오 드 뚜왈렛,unchanged
ci_6045ff2d156f,ci_6045ff2d156f,False,토스,토스,cf_673515e444ca,cf_673515e444ca,베이비 토스 오 데 코롱,베이비 토스 오 데 코롱,unchanged
ci_7950ebae05bd,ci_7950ebae05bd,False,Estée Lauder,Estée Lauder,cf_bffe9ed20c92,cf_bffe9ed20c92,플레져 오 드 퍼퓸 스프레이,플레져 오 드 퍼퓸 스프레이,unchanged
ci_8b6c935a8532,ci_8b6c935a8532,False,Gucci,Gucci,cf_39604428ad9d,cf_39604428ad9d,블룸 오 드 퍼퓸,블룸 오 드 퍼퓸,unchanged
ci_71ebbf36734f,ci_71ebbf36734f,False,Byredo,Byredo,cf_14dda770b229,cf_14dda770b229,집시 워터 오 드 퍼퓸,집시 워터 오 드 퍼퓸,unchanged
ci_d9f02e55e685,ci_d9f02e55e685,False,Jo Malone London,Jo Malone London,cf_5e9d99f27ffb,cf_5e9d99f27ffb,와일드 블루벨 코롱,와일드 블루벨 코롱,unchanged
ci_967f46658c28,ci_967f46658c28,False,Yves Saint Laurent,Yves Saint Laurent,cf_01231600cef1,cf_01231600cef1,리브르 오 드 뚜왈렛,리브르 오 드 뚜왈렛,unchanged
ci_62d910c73aef,ci_62d910c73aef,False,Yves Saint Laurent,Yves Saint Laurent,cf_8a3690690360,cf_8a3690690360,몽 파리 오 드 빠르펭,몽 파리 오 드 빠르펭,unchanged
ci_f3536fc87e94,ci_f3536fc87e94,False,Santa Maria Novella,Santa Maria Novella,cf_2027fb0162e7,cf_2027fb0162e7,피렌체 1221 에디션 엔젤 디 피렌체 오드코롱,피렌체 1221 에디션 엔젤 디 피렌체 오드코롱,unchanged
ci_9d1a7b03ec31,ci_9d1a7b03ec31,False,Acqua di Parma,Acqua di Parma,cf_a094fe7c469e,cf_a094fe7c469e,피코 디 아말피 오 드 뜨왈렛,피코 디 아말피 오 드 뜨왈렛,unchanged
ci_e482bce17fd1,ci_e482bce17fd1,False,Byredo,Byredo,cf_e20b7de59620,cf_e20b7de59620,인플로레센스 오 드 퍼퓸,인플로레센스 오 드 퍼퓸,unchanged
ci_c1af0ea0301d,ci_c1af0ea0301d,False,Santa Maria Novella,Santa Maria Novella,cf_15d99b2d4944,cf_15d99b2d4944,피렌체 1221 에디션 로사 가데니아 오드코롱,피렌체 1221 에디션 로사 가데니아 오드코롱,unchanged
ci_32a3c5eeb16c,ci_32a3c5eeb16c,False,Chanel,Chanel,cf_f6869d2f2b84,cf_f6869d2f2b84,가브리엘 에쌍스 오 드 빠르펭,가브리엘 에쌍스 오 드 빠르펭,unchanged
ci_dd74e4775403,ci_dd74e4775403,False,Jo Malone London,Jo Malone London,cf_67527e4ddf87,cf_67527e4ddf87,레드 로즈 코롱,레드 로즈 코롱,unchanged
ci_df148be1ae47,ci_df148be1ae47,False,Jo Malone London,Jo Malone London,cf_189de37b3cbf,cf_189de37b3cbf,라임 바질 앤 만다린 코롱,라임 바질 앤 만다린 코롱,unchanged
ci_b942e480720e,ci_b942e480720e,False,Coach,Coach,cf_b4d525abf050,cf_b4d525abf050,EDT,EDT,unchanged
ci_86e8202df97e,ci_86e8202df97e,False,Dior,Dior,cf_f9d644db143d,cf_f9d644db143d,쟈도르 퍼퓸 도,쟈도르 퍼퓸 도,unchanged
ci_87b915f533b7,ci_87b915f533b7,False,Burberry,Burberry,cf_1539227f449e,cf_1539227f449e,마이 버버리 오드퍼퓸,마이 버버리 오드퍼퓸,unchanged
ci_38fcb3e04e0e,ci_5ca8c2d44a98,True,탬버린즈,Tamburins,cf_cd638148bcae,cf_d7c71863f6fa,에그 퍼퓸 [펌키니],에그 퍼퓸 [펌키니],brand_mapping_reviewed
ci_518dbc0d2ea8,ci_518dbc0d2ea8,False,Mebelic,Mebelic,cf_2eb5e493e1c9,cf_2eb5e493e1c9,케라 오 드 퍼퓸,케라 오 드 퍼퓸,unchanged
ci_d06dbb3cb628,ci_d06dbb3cb628,False,Frederic Malle,Frederic Malle,cf_53f3d1ce5dbb,cf_53f3d1ce5dbb,포트레이트 오브 어 레이디,포트레이트 오브 어 레이디,unchanged
ci_b56d0e0e5a5c,ci_b56d0e0e5a5c,False,Jo Malone London,Jo Malone London,cf_3794a0001b76,cf_3794a0001b76,피오니 앤 블러쉬 스웨이드 코롱,피오니 앤 블러쉬 스웨이드 코롱,unchanged
ci_7ed1d1421ae9,ci_7ed1d1421ae9,False,데일리콤마,데일리콤마,cf_f61f2952cf10,cf_f61f2952cf10,모스트오드퍼퓸 [텐더파리],모스트오드퍼퓸 [텐더파리],unchanged
ci_3c6a890dddda,ci_3c6a890dddda,False,Dior,Dior,cf_dca202496e69,cf_dca202496e69,옴므 코롱,옴므 코롱,unchanged
ci_8f843e5cde59,ci_8f843e5cde59,False,Yves Saint Laurent,Yves Saint Laurent,cf_40c7e0c40ad2,cf_40c7e0c40ad2,몽파리 오 드 뚜왈렛 루미에르,몽파리 오 드 뚜왈렛 루미에르,unchanged
ci_9b8e78586ef0,ci_9b8e78586ef0,False,Dior,Dior,cf_5332645e5574,cf_5332645e5574,소바쥬 오 드 뚜왈렛,소바쥬 오 드 뚜왈렛,unchanged
ci_8911952ed170,ci_8911952ed170,False,Jo Malone London,Jo Malone London,cf_e327faabe8de,cf_e327faabe8de,얼 그레이 앤 큐컴버 코롱,얼 그레이 앤 큐컴버 코롱,unchanged
ci_1ccb7bd24c2a,ci_1ccb7bd24c2a,False,Prada,Prada,cf_e104d3135daa,cf_e104d3135daa,캔디 EDP,캔디 EDP,unchanged
ci_44a09a59b93d,ci_44a09a59b93d,False,Lanvin,Lanvin,cf_feda2e4ffcba,cf_feda2e4ffcba,루머2 로즈 EDP,루머2 로즈 EDP,unchanged
ci_35680c3bc0ca,ci_35680c3bc0ca,False,Diptyque,Diptyque,cf_f5bd84848f79,cf_f5bd84848f79,오 드 퍼퓸 필로시코스,오 드 퍼퓸 필로시코스,unchanged
