commercial_identity_id,canonical_brand,fragrance_name_normalized,concentration,product_form,candidate_family_id,has_purchase_signal,has_hwahae_signal,best_hwahae_rank,purchase_overlap_status,purchase_overlap_basis,matched_purchase_commercial_identity_id,member_count,purchase_member_count,hwahae_member_count,member_refs,fragrantica_match_attempted,fragrantica_match_status,fragrantica_id,fragrantica_match_basis,fragrantica_candidate_ids,fragrantica_match_score,fragrantica_candidate_names,fragrantica_match_margin,best_musinsa_rank,best_oliveyoung_rank,best_lotte_rank
ci_e58baaff7634,무신사 스탠다드 뷰티,무신사 스탠다드 애프터 샤워,EDP,LIQUID_PERFUME,cf_c0947df60c34,True,False,,,,,1,1,0,musinsa:1,True,NO_MATCH,,compatible candidate not found,120625|120623|120622|120621|120620,0.0,Объятие|Когда цветёт папоротник|Облака под нами|Садовник и роза|Кафе на краю Вселенной,0.0,1.0,,
ci_0375a31d4d31,Vivienne Westwood,태산 월넛크릭그린,EDP,LIQUID_PERFUME,cf_511617399090,True,True,25.0,MATCH,brand_exact + identity_exact + EDP_exact,ci_0375a31d4d31,3,2,1,musinsa:3|musinsa:21|hwahae:25,True,NO_MATCH,,compatible candidate not found,1533|1534|9989|21770|1535,0.47619,Boudoir Sin Garden|Let It Rock|Naughty Alice|Mon Boudoir|Libertine,0.10119,3.0,,
ci_eb6bab7c7c6c,Forment,시그니처 코튼허그,PARFUM_UNSPECIFIED,LIQUID_PERFUME,cf_16c34407d463,True,True,19.0,MATCH,brand_exact + identity_exact,ci_eb6bab7c7c6c,2,1,1,musinsa:5|hwahae:19,True,MATCH,75979.0,"snapshot manual confirmation: brand, fragrance name, concentration/form compatible",75979,1.0,Cotton Hug,,5.0,,
ci_1eb4b6619fa0,무신사 스탠다드 뷰티,Gen G Chovy,EDP,LIQUID_PERFUME,cf_24344e7d2727,True,False,,,,,1,1,0,musinsa:6,True,NO_MATCH,,compatible candidate not found,120625|120623|120622|120621|120620,0.0,Объятие|Когда цветёт папоротник|Облака под нами|Садовник и роза|Кафе на краю Вселенной,0.0,6.0,,
ci_ea3b2620a699,무신사 스탠다드 뷰티,노홍철 럭키 가이 실행력,EDP,LIQUID_PERFUME,cf_7e16920873b1,True,False,,,,,1,1,0,musinsa:7,True,NO_MATCH,,compatible candidate not found,120625|120623|120622|120621|120620,0.0,Объятие|Когда цветёт папоротник|Облака под нами|Садовник и роза|Кафе на краю Вселенной,0.0,7.0,,
ci_d97a8f66f9f2,무신사 스탠다드 뷰티,무신사 스탠다드 시어,EDP,LIQUID_PERFUME,cf_eb3077ce8cde,True,False,,,,,1,1,0,musinsa:8,True,NO_MATCH,,compatible candidate not found,120625|120623|120622|120621|120620,0.0,Объятие|Когда цветёт папоротник|Облака под нами|Садовник и роза|Кафе на краю Вселенной,0.0,8.0,,
ci_c14f3f1be109,리베르,김켄지 구름 비누향 클라우드 사이 Cloud Sai,EDP,LIQUID_PERFUME,cf_1abd1e5d1062,True,False,,,,,1,1,0,musinsa:10,True,NO_MATCH,,compatible candidate not found,120625|120623|120622|120621|120620,0.0,Объятие|Когда цветёт папоротник|Облака под нами|Садовник и роза|Кафе на краю Вселенной,0.0,10.0,,
ci_fe5476d260a3,무신사 스탠다드 뷰티,무신사 스탠다드 스모크 오우드,EDP,LIQUID_PERFUME,cf_ea1154c5562a,True,False,,,,,1,1,0,musinsa:11,True,NO_MATCH,,compatible candidate not found,120625|120623|120622|120621|120620,0.0,Объятие|Когда цветёт папоротник|Облака под нами|Садовник и роза|Кафе на краю Вселенной,0.0,11.0,,
ci_db1f1f0f25c7,무신사 스탠다드 뷰티,무신사 스탠다드 모시 헤이즈,EDP,LIQUID_PERFUME,cf_2502d2b069d3,True,False,,,,,1,1,0,musinsa:12,True,NO_MATCH,,compatible candidate not found,120625|120623|120622|120621|120620,0.0,Объятие|Когда цветёт папоротник|Облака под нами|Садовник и роза|Кафе на краю Вселенной,0.0,12.0,,
ci_71460603b2e8,무신사 스탠다드 뷰티,Gen G Ruler,EDP,LIQUID_PERFUME,cf_acb2f6eddb5f,True,False,,,,,1,1,0,musinsa:13,True,NO_MATCH,,compatible candidate not found,120625|120623|120622|120621|120620,0.0,Объятие|Когда цветёт папоротник|Облака под нами|Садовник и роза|Кафе на краю Вселенной,0.0,13.0,,
ci_5aaf547e6734,Maison Martin Margiela,레플리카 레이지 선데이 모닝,EDT,LIQUID_PERFUME,cf_b30235b06332,True,True,12.0,MATCH,brand_alias + replica_collection_label_removed + identity_exact + EDT_exact,ci_5aaf547e6734,4,3,1,musinsa:14|musinsa:27|musinsa:34|hwahae:12,True,MATCH,20542.0,"snapshot manual confirmation: brand, fragrance name, concentration/form compatible",20542,1.0,Lazy Sunday Morning,,14.0,,
ci_ae8fc927ce80,SW19,Midnight,EDP,LIQUID_PERFUME,cf_66881fcf37b8,True,False,,,,,3,3,0,musinsa:15|musinsa:40|musinsa:182,True,MATCH,93865.0,brand exact/explicit alias; name exact score=1.000 margin=0.375; concentration compatible; form compatible,93865|123067|93866|125266|93864,1.0,Midnight|Twilight|Noon|8am|6am,0.375,15.0,,
ci_124bd000dfcf,Youssoful,세인트모리츠 니치,UNSPECIFIED,LIQUID_PERFUME,cf_333d6bf4fdf0,True,False,,,,,1,1,0,musinsa:16,True,NO_MATCH,,compatible candidate not found,118433|95034|118435|118424|118426,0.625,Santal Sequoia|Saint Moritz|Emporia Cotton|Dimanche à Paris|Seychelles,0.036765,16.0,,
ci_3cf24523e3e0,Elizabeth Arden,그린티 센트 스프레이,EDC,LIQUID_PERFUME,cf_20c89de2f748,True,False,,,,,2,2,0,musinsa:18|musinsa:109,True,MATCH,83.0,"snapshot manual confirmation: brand, fragrance name, concentration/form compatible",83,1.0,Green Tea,,18.0,,
ci_5575147b0b3b,뉴뉴,샤를33 네놀리,EDP,LIQUID_PERFUME,cf_626a4a4a592a,True,False,,,,,1,1,0,musinsa:19,True,NO_MATCH,,compatible candidate not found,120625|120623|120622|120621|120620,0.0,Объятие|Когда цветёт папоротник|Облака под нами|Садовник и роза|Кафе на краю Вселенной,0.0,19.0,,
ci_be61dc55fcd7,무신사 스탠다드 뷰티,무신사 스탠다드 코코모,EDP,LIQUID_PERFUME,cf_9fca0bdd48ba,True,False,,,,,1,1,0,musinsa:20,True,NO_MATCH,,compatible candidate not found,120625|120623|120622|120621|120620,0.0,Объятие|Когда цветёт папоротник|Облака под нами|Садовник и роза|Кафе на краю Вселенной,0.0,20.0,,
ci_7b5e6d8fb388,무신사 스탠다드 뷰티,무신사 스탠다드 미드나잇 램블러,EDP,LIQUID_PERFUME,cf_471f4344ffcb,True,False,,,,,1,1,0,musinsa:23,True,NO_MATCH,,compatible candidate not found,120625|120623|120622|120621|120620,0.0,Объятие|Когда цветёт папоротник|Облака под нами|Садовник и роза|Кафе на краю Вселенной,0.0,23.0,,
ci_44bff09ef9ae,뉴뉴,샤인30,EDP,LIQUID_PERFUME,cf_88ce78989c50,True,False,,,,,1,1,0,musinsa:25,True,NO_MATCH,,compatible candidate not found,120625|120623|120622|120621|120620,0.0,Объятие|Когда цветёт папоротник|Облака под нами|Садовник и роза|Кафе на краю Вселенной,0.0,25.0,,
ci_68d02e396164,리베르,김켄지 첫눈 스노우 사이 Snow Sai,EDP,LIQUID_PERFUME,cf_4e9d7e026953,True,False,,,,,1,1,0,musinsa:28,True,NO_MATCH,,compatible candidate not found,120625|120623|120622|120621|120620,0.0,Объятие|Когда цветёт папоротник|Облака под нами|Садовник и роза|Кафе на краю Вселенной,0.0,28.0,,
ci_6a221cc81cac,LOIVIE,베르가못 앤 화이트 로즈,EDP,ROLL_ON,cf_b67f94f1560e,True,False,,,,,1,1,0,musinsa:29,True,NO_MATCH,,compatible candidate not found,95644,0.357143,Peony & White Musk Eau de Parfum Roll On,0.357143,29.0,,
ci_b0631f739e4f,Jill Stuart,화이트 플로럴 000상당,EDT,LIQUID_PERFUME,cf_7c2c5a9254e2,True,False,,,,,1,1,0,musinsa:30,True,NO_MATCH,,compatible candidate not found,48266|128057|11720|9843|12195,0.384615,Crystal Bloom Promised Love|Petit Patisserie|Jill Stuart Sweet Dreams|Night Jewel|Night Jewel Summer Bloom,0.031674,30.0,,
ci_6ddaef18703e,투데이이즈,인유어메모리 오드,EDP,LIQUID_PERFUME,cf_7561cdd7a2cd,True,False,,,,,1,1,0,musinsa:32,True,NO_MATCH,,compatible candidate not found,120625|120623|120622|120621|120620,0.0,Объятие|Когда цветёт папоротник|Облака под нами|Садовник и роза|Кафе на краю Вселенной,0.0,32.0,,
ci_de7b96871680,누다라,시그니처 오키탈,PARFUM_UNSPECIFIED,LIQUID_PERFUME,cf_e008eb3a3acc,True,False,,,,,1,1,0,musinsa:33,True,NO_MATCH,,compatible candidate not found,120625|120623|120622|120621|120620,0.0,Объятие|Когда цветёт папоротник|Облака под нами|Садовник и роза|Кафе на краю Вселенной,0.0,33.0,,
ci_72b3ebd6097d,Versace,브라이트 크리스탈,EDT,LIQUID_PERFUME,cf_e7216fa01447,True,False,,,,,6,6,0,musinsa:35|musinsa:284|lotte:8|lotte:106|lotte:131|lotte:297,True,MATCH,632.0,brand exact/explicit alias; name unique high similarity score=0.889 margin=0.127; no conflicting concentration record; form compatible,632|21547|92277|98609|631,0.888889,Bright Crystal|Bright Crystal Absolu|Bright Crystal Parfum|Ambre Nectar|Crystal Noir,0.126984,35.0,,8.0
ci_5aa30ef621dc,Maison Martin Margiela,레플리카 재즈 클럽,EDT,LIQUID_PERFUME,cf_26cc82f0bb9d,True,True,35.0,MATCH,brand_alias + replica_collection_label_removed + identity_exact + EDT_exact,ci_5aa30ef621dc,4,3,1,musinsa:37|musinsa:39|musinsa:54|hwahae:35,True,NO_MATCH,,compatible candidate not found,31623|20541|15260|55927|129379,0.5,By the Fireplace|Jazz Club|Flower Market|Springtime in a Park|Delight in Despair,0.038462,37.0,,
ci_2228ae3a9f00,John Varvatos,아티산,EDT,LIQUID_PERFUME,cf_347dfc796be0,True,False,,,,,2,2,0,musinsa:42|musinsa:49,True,MATCH,5534.0,brand exact/explicit alias; name unique high similarity score=0.923 margin=0.123; concentration compatible; form compatible,5534|63479|35456|22068|46623,0.923077,Artisan|XX Artisan|Artisan Blu|Artisan Acqua|Artisan Pure,0.123077,42.0,,
ci_cc65771c068b,누다라,시그니처 우드마벨,PARFUM_UNSPECIFIED,LIQUID_PERFUME,cf_bab90df0a55c,True,False,,,,,1,1,0,musinsa:44,True,NO_MATCH,,compatible candidate not found,120625|120623|120622|120621|120620,0.0,Объятие|Когда цветёт папоротник|Облака под нами|Садовник и роза|Кафе на краю Вселенной,0.0,44.0,,
ci_c66ebe22a527,Sennok,애프터배스,PARFUM_UNSPECIFIED,LIQUID_PERFUME,cf_b9e56e1644a5,True,True,78.0,MATCH,brand_exact + identity_exact,ci_c66ebe22a527,2,1,1,musinsa:45|hwahae:78,True,NO_MATCH,,compatible candidate not found,109564|109566|109563|123062|123063,0.5,Slow September|Baby Blusher|After Bath|Linen Citrus|Sleeping Rose,0.055556,45.0,,
ci_f40670521ac6,Sennok,솝클린솝,PARFUM_UNSPECIFIED,LIQUID_PERFUME,cf_1a488a6f1f7f,True,False,,,,,1,1,0,musinsa:47,True,MATCH,109565.0,brand exact/explicit alias; name unique high similarity score=1.000 margin=0.429; no conflicting concentration record; form compatible,109565|123063|123062|109564|109566,1.0,Soap Clean Soap|Sleeping Rose|Linen Citrus|Slow September|Baby Blusher,0.428571,47.0,,
ci_ed4dff7afb27,Clean,클리어 애플 블로썸,EDP,LIQUID_PERFUME,cf_a65b94c535c7,True,False,,,,,2,2,0,musinsa:48|musinsa:98,True,MATCH,82586.0,brand exact/explicit alias; name unique high similarity score=0.857 margin=0.190; no conflicting concentration record; form compatible,82586|35191|90714|55041|42952,0.857143,Apple Blossom|Clean Blossom|Spring Breeze|Solar Bloom|Clean Lovegrass,0.190476,48.0,,
ci_aeb57afd9726,시머스,미드나잇 파크,EDP,LIQUID_PERFUME,cf_c3d225902b07,True,False,,,,,2,2,0,musinsa:51|oliveyoung:249,True,NO_MATCH,,compatible candidate not found,120625|120623|120622|120621|120620,0.0,Объятие|Когда цветёт папоротник|Облака под нами|Садовник и роза|Кафе на краю Вселенной,0.0,51.0,249.0,
ci_46238ae10e19,Vivienne Westwood,이한 뉴욕인틸리,EDP,LIQUID_PERFUME,cf_8148bc86c0f8,True,False,,,,,2,2,0,musinsa:53|musinsa:227,True,NO_MATCH,,compatible candidate not found,9989|1534|21770|1533|1535,0.5,Naughty Alice|Let It Rock|Mon Boudoir|Boudoir Sin Garden|Libertine,0.1,53.0,,
ci_93e27964ca8b,LOIVIE,피오니 앤 화이트 머스크,EDP,ROLL_ON,cf_f2c62cb15eb0,True,False,,,,,1,1,0,musinsa:55,True,NO_MATCH,,compatible candidate not found,95644,0.666667,Peony & White Musk Eau de Parfum Roll On,0.666667,55.0,,
ci_037e2669dbac,센틀리에,오렌지블라썸 토스카나,EDP,LIQUID_PERFUME,cf_eab09c0afe5c,True,False,,,,,3,3,0,musinsa:56|musinsa:163|oliveyoung:341,True,NO_MATCH,,compatible candidate not found,120625|120623|120622|120621|120620,0.0,Объятие|Когда цветёт папоротник|Облака под нами|Садовник и роза|Кафе на краю Вселенной,0.0,56.0,341.0,
ci_d3072c84a2f6,Etat Libre d'Orange,유 오어 썸원 라이크 유,EDP,LIQUID_PERFUME,cf_8f7e15ef5da1,True,False,,,,,3,3,0,musinsa:58|musinsa:229|musinsa:241,True,MATCH,43531.0,brand exact/explicit alias; name unique high similarity score=0.909 margin=0.321; no conflicting concentration record; form compatible,43531|54453|4518|61989|56994,0.909091,You Or Someone Like You|Experimentum Crucis|Jasmin et Cigarette|Soul Of My Soul|She Was An Anomaly,0.320856,58.0,,
ci_f1be476fac30,포뷰트,시그니처 애프터 선셋 남자,PARFUM_UNSPECIFIED,HAIR_FRAGRANCE,cf_89829c324625,True,False,,,,,1,1,0,musinsa:59,True,NO_MATCH,,compatible candidate not found,,,,,59.0,,
ci_f5761360f432,RboW,도쿄 피그,EDP,LIQUID_PERFUME,cf_8e76e2f7b45c,True,False,,,,,1,1,0,musinsa:60,True,NO_MATCH,,compatible candidate not found,123059|123058|94904|94905|94906,0.666667,Tokyo Fig|Tokyo Stripe|Case Study #3 O.A.C|Case Study #4 Black Wood|Case Study #8 Lights on Objet,0.095238,60.0,,
ci_db35ae58fb2c,아비브,타입 N,EDP,LIQUID_PERFUME,cf_d01d069f1af4,True,False,,,,,1,1,0,musinsa:62,True,NO_MATCH,,compatible candidate not found,120625|120623|120622|120621|120620,0.0,Объятие|Когда цветёт папоротник|Облака под нами|Садовник и роза|Кафе на краю Вселенной,0.0,62.0,,
ci_9393b93d0ce6,Forment,시그니처 코튼 디어 나잇,PARFUM_UNSPECIFIED,LIQUID_PERFUME,cf_5f86d7db7692,True,False,,,,,1,1,0,musinsa:64,True,NO_MATCH,,compatible candidate not found,123203|123202|75979,0.375,Cotton Memory|Cotton Kiss|Cotton Hug,0.0,64.0,,
ci_e4de5fac0d9b,Clean,퓨어솝,EDP,LIQUID_PERFUME,cf_1e505cfd7d5e,True,True,62.0,MATCH,brand_exact + identity_exact + EDP_exact,ci_e4de5fac0d9b,3,2,1,musinsa:68|musinsa:73|hwahae:62,True,MATCH,68416.0,brand exact/explicit alias; name unique high similarity score=0.857 margin=0.190; no conflicting concentration record; form compatible,68416|5899|131711|106120|82586,0.857143,Pure Soap|Clean Simply Soap|Pool Daze|Tropical Escape|Apple Blossom,0.190476,68.0,,
ci_4f0e24e2b0ec,Addct,네이키드 30mlX2,PARFUM_UNSPECIFIED,SOLID_FRAGRANCE,cf_fd89150ab75c,True,False,,,,,1,1,0,musinsa:69,True,NO_MATCH,,compatible candidate not found,,,,,69.0,,
ci_5b7152a05a88,Montblanc,익스플로러,EDP,LIQUID_PERFUME,cf_50d5e8ecea17,True,True,97.0,MATCH,brand_alias + identity_exact + EDP_exact,ci_5b7152a05a88,7,6,1,musinsa:71|musinsa:131|musinsa:207|oliveyoung:25|oliveyoung:123|oliveyoung:149|hwahae:97,True,MATCH,52002.0,brand exact/explicit alias; name unique high similarity score=1.000 margin=0.333; concentration compatible; form compatible,52002|66266|106403|81392|3079,1.0,Explorer|Explorer Ultra Blue|Explorer Extreme|Explorer Platinum|Homme Exceptionnel,0.333333,71.0,25.0,
ci_d28b9495862b,플르부아,히노끼 레더,EDP,LIQUID_PERFUME,cf_334c40eb6f16,True,False,,,,,2,2,0,musinsa:75|musinsa:210,True,NO_MATCH,,compatible candidate not found,120625|120623|120622|120621|120620,0.0,Объятие|Когда цветёт папоротник|Облака под нами|Садовник и роза|Кафе на краю Вселенной,0.0,75.0,,
ci_2002333a4a42,Youssoful,베리섹시 니치,UNSPECIFIED,LIQUID_PERFUME,cf_30c63942d0b7,True,False,,,,,1,1,0,musinsa:76,True,MATCH_REVIEW,,candidate retrieval only; name score=0.769 margin=0.224; manual confirmation required; no conflicting concentration record,95035|118418|95036|118435|118433,0.769231,Berry Sexy|Beieren|Berry Noir|Emporia Cotton|Santal Sequoia,0.223776,76.0,,
ci_e49b9948a045,세이리,오스만투스 엑스트레 드,EXTRAIT,LIQUID_PERFUME,cf_308acded0589,True,False,,,,,1,1,0,musinsa:78,True,NO_MATCH,,compatible candidate not found,120625|120623|120622|120621|120620,0.0,Объятие|Когда цветёт папоротник|Облака под нами|Садовник и роза|Кафе на краю Вселенной,0.0,78.0,,
ci_dde36cf02aa1,센슬,플로우 뮤트 플로우 미닛,PARFUM_UNSPECIFIED,LIQUID_PERFUME,cf_f2f253e4a395,True,False,,,,,1,1,0,musinsa:80,True,NO_MATCH,,compatible candidate not found,120625|120623|120622|120621|120620,0.0,Объятие|Когда цветёт папоротник|Облака под нами|Садовник и роза|Кафе на краю Вселенной,0.0,80.0,,
ci_fb38803bbfcc,Sennok,슬로우셉템버,PARFUM_UNSPECIFIED,LIQUID_PERFUME,cf_1059b638e40f,True,False,,,,,1,1,0,musinsa:82,True,MATCH,109564.0,brand exact/explicit alias; name unique high similarity score=0.933 margin=0.505; no conflicting concentration record; form compatible,109564|123063|109566|123062|109563,0.933333,Slow September|Sleeping Rose|Baby Blusher|Linen Citrus|After Bath,0.504762,82.0,,
ci_30de9f13f79a,Vivienne Westwood,구름,EDP,LIQUID_PERFUME,cf_c38b292f7d7f,True,False,,,,,2,2,0,musinsa:83|musinsa:263,True,NO_MATCH,,compatible candidate not found,9989|6208|1533|1532|1534,0.444444,Naughty Alice|Boudoir Jouy|Boudoir Sin Garden|Boudoir|Let It Rock,0.091503,83.0,,
ci_9fcfdb7b6424,투데이이즈,인마이메모리 오드,EDP,LIQUID_PERFUME,cf_7308e75d0d85,True,False,,,,,1,1,0,musinsa:84,True,NO_MATCH,,compatible candidate not found,120625|120623|120622|120621|120620,0.0,Объятие|Когда цветёт папоротник|Облака под нами|Садовник и роза|Кафе на краю Вселенной,0.0,84.0,,
ci_80a9b463c540,그라펜,멀티 유즈 스프레이,PARFUM_UNSPECIFIED,BODY_FRAGRANCE,cf_81a0cf3b6456,True,False,,,,,1,1,0,musinsa:86,True,NO_MATCH,,compatible candidate not found,,,,,86.0,,
ci_489e92661f61,Ralph Lauren,폴로 랄프,EDT,LIQUID_PERFUME,cf_1d6b62cd16e9,True,False,,,,,4,4,0,musinsa:88|musinsa:92|musinsa:180|oliveyoung:179,True,MATCH,890.0,"snapshot manual confirmation: brand, fragrance name, concentration/form compatible",890,1.0,Polo,,88.0,179.0,
ci_ddb2869192fa,Clean,클리어 쿨 코튼,EDP,LIQUID_PERFUME,cf_63373fff6a96,True,False,,,,,2,2,0,musinsa:89|musinsa:161,True,MATCH,23032.0,"snapshot manual confirmation: brand, fragrance name, concentration/form compatible",23032,1.0,Cool Cotton,,89.0,,
ci_ed9de50488a4,Dashu,아쿠아 다이브,PARFUM_UNSPECIFIED,LIQUID_PERFUME,cf_fc2450127f3b,True,True,29.0,MATCH,brand_exact + identity_exact; size_difference_ignored,ci_ed9de50488a4,2,1,1,musinsa:93|hwahae:29,True,MATCH,68919.0,brand exact/explicit alias; name unique high similarity score=1.000 margin=0.714; no conflicting concentration record; form compatible,68919|68920|68921,1.0,Acqua Dive|Botanik Leaf|Sunday Cotton,0.714286,93.0,,
ci_89d4dbdfbfef,Dolce&Gabbana,라이트 블루 리뉴얼,EDT,LIQUID_PERFUME,cf_6058ea79c9ba,True,False,,,,,3,3,0,musinsa:94|musinsa:223|musinsa:236,True,MATCH_REVIEW,,candidate retrieval only; name score=0.714 margin=0.008; manual confirmation required; no conflicting concentration record,54493|72621|36601|54494|485,0.714286,Light Blue Sun|Light Blue Italian Love|Light Blue Love in Capri|Light Blue Sun Pour Homme|Light Blue,0.008403,94.0,,
ci_199e1eece1e7,John Varvatos,아티산 퓨어,EDT,LIQUID_PERFUME,cf_fca0a5a78ea0,True,False,,,,,2,2,0,musinsa:95|musinsa:121,True,MATCH,46623.0,"snapshot manual confirmation: brand, fragrance name, concentration/form compatible",46623,1.0,Artisan Pure,,95.0,,
ci_532319e5514b,Yugen,INSPIRE,EDP,LIQUID_PERFUME,cf_66b8903ed33b,True,False,,,,,1,1,0,musinsa:96,True,MATCH,108587.0,brand exact/explicit alias; name exact score=1.000 margin=0.455; no conflicting concentration record; form compatible,108587|124777|124776|108591|108590,1.0,Inspire|Whisper di Sole|Santal Dune|Sound of Water|Solar Shine,0.454545,96.0,,
ci_37b1716e6608,After Blow,,PARFUM_UNSPECIFIED,SOLID_FRAGRANCE,cf_6205e25bb11d,True,False,,,,,1,1,0,musinsa:97,True,NO_MATCH,,brand unresolved or fragrance name empty,,,,,97.0,,
ci_8e966beaa7d3,헤트라스 뷰티,핸드메이드 아틀리에 티,PARFUM_UNSPECIFIED,LIQUID_PERFUME,cf_7c9955deb36d,True,False,,,,,1,1,0,musinsa:99,True,NO_MATCH,,compatible candidate not found,120625|120623|120622|120621|120620,0.0,Объятие|Когда цветёт папоротник|Облака под нами|Садовник и роза|Кафе на краю Вселенной,0.0,99.0,,
ci_aed707d08d34,Ex Nihilo,블루 탈리스만,EDP,LIQUID_PERFUME,cf_d8ad0917e34c,True,False,,,,,1,1,0,musinsa:100,True,MATCH,84224.0,brand exact/explicit alias; name unique high similarity score=1.000 margin=0.385; no conflicting concentration record; form compatible,84224|89942|42906|81770|110848,1.0,Blue Talisman|Electra Gaze|Viper Green|Amber Sky Signature Rose De Mai|Blue Talisman Extrait de Parfum,0.384615,100.0,,
ci_5b66cdd8fc5f,Lush,29 하이 스트릿,PARFUM_UNSPECIFIED,LIQUID_PERFUME,cf_8e52bf885c57,True,False,,,,,1,1,0,musinsa:101,True,MATCH,39761.0,brand exact/explicit alias; name unique high similarity score=0.875 margin=0.275; no conflicting concentration record; form compatible,39761|69245|119849|132224|125434,0.875,29 High Street|Salty|Stormy Weather|Goodnight Sweetheart|Sultana,0.275,101.0,,
ci_cec1391bad56,Maison Martin Margiela,레플리카 웬 더 레인 스탑스,EDT,LIQUID_PERFUME,cf_d4012f57cc17,True,False,,,,,2,2,0,musinsa:102|musinsa:187,True,MATCH,70985.0,"snapshot manual confirmation: brand, fragrance name, concentration/form compatible",70985,1.0,When the Rain Stops,,102.0,,
ci_4fcbf0cd868b,슬로우허밍,릴리프,PARFUM_UNSPECIFIED,BALM_OR_STICK,cf_613b6bbb6d11,True,False,,,,,1,1,0,musinsa:103,True,NO_MATCH,,compatible candidate not found,,,,,103.0,,
ci_ac1a3e8aecee,Sennok,,PARFUM_UNSPECIFIED,SOLID_FRAGRANCE,cf_ac22c6945f9e,True,False,,,,,1,1,0,musinsa:107,True,NO_MATCH,,brand unresolved or fragrance name empty,,,,,107.0,,
ci_25ae9e92691e,Stéphane Humbert Lucas 777,갓 오브 파이어 EAU DE PARFUM,EDP,LIQUID_PERFUME,cf_be504e15e047,True,False,,,,,1,1,0,musinsa:108,True,NO_MATCH,,compatible candidate not found,72381|115147|18308|37670|18309,0.461538,God of Fire|The Queen and the Viper|2022 Generation Femme|Taklamakan|Rose de Petra,0.040486,108.0,,
ci_8f9c6acf1230,Lanvin,에끌라 드 아르페쥬,EDP,LIQUID_PERFUME,cf_a2a7d12706f4,True,True,6.0,MATCH,brand_exact + identity_exact + EDP_exact,ci_8f9c6acf1230,6,5,1,musinsa:110|musinsa:276|oliveyoung:9|oliveyoung:68|oliveyoung:197|hwahae:6,True,MATCH,9110.0,"snapshot manual confirmation: brand, fragrance name, concentration/form compatible",9110,1.0,Eclat d'Arpege,,110.0,9.0,
ci_4a2f80f67c34,Elizabeth Arden,그린티 스트로베리 바질,EDT,LIQUID_PERFUME,cf_02430e44b5a2,True,False,,,,,2,2,0,musinsa:111|oliveyoung:115,True,MATCH,121230.0,brand exact/explicit alias; name unique high similarity score=0.917 margin=0.221; no conflicting concentration record; form compatible,121230|65876|8559|35971|91712,0.916667,Green Tea Strawberry Basil|Green Tea Sakura Blossom|Green Tea Lavender|Green Tea Nectarine Blossom|Green Tea Coconut Breeze,0.221014,111.0,115.0,
ci_bf8562dbb7c2,Maison Martin Margiela,레플리카 네버 엔딩 썸머,EDT,LIQUID_PERFUME,cf_0643b1e24de8,True,False,,,,,1,1,0,musinsa:112,True,MATCH,103564.0,"snapshot manual confirmation: brand, fragrance name, concentration/form compatible",103564,1.0,Never-ending Summer,,112.0,,
ci_71b9d531cf3b,Vivienne Westwood,명재현 로스트우드,EDP,LIQUID_PERFUME,cf_f99d479da0d8,True,False,,,,,1,1,0,musinsa:113,True,NO_MATCH,,compatible candidate not found,9989|21770|1533|1534|6208,0.5,Naughty Alice|Mon Boudoir|Boudoir Sin Garden|Let It Rock|Boudoir Jouy,0.1,113.0,,
ci_09d4167c0459,Issey Miyake,르셀디세이,EDT,LIQUID_PERFUME,cf_14264746a3cb,True,False,,,,,3,3,0,musinsa:114|musinsa:151|oliveyoung:104,True,MATCH,95642.0,brand exact/explicit alias; name unique high similarity score=1.000 margin=0.111; no conflicting concentration record; form compatible,95642|2529|720|45877|51356,1.0,Le Sel d’Issey|Soleil d'Issey|L'eau d'Issey|L'Eau Majeure d'Issey|L’Eau Super Majeure d’Issey ,0.111111,114.0,104.0,
ci_52ddc722ce8e,Versace,에로스,EDT,LIQUID_PERFUME,cf_3fbee79d8e5e,True,False,,,,,4,4,0,musinsa:115|musinsa:228|musinsa:304|oliveyoung:230,True,MATCH,16657.0,brand exact/explicit alias; name unique high similarity score=1.000 margin=0.200; concentration compatible; form compatible,16657|8009|1763|1417|70090,1.0,Eros|Versus|Yellow Jeans|Versus Uomo|Eros Parfum,0.2,115.0,230.0,
ci_b9e62a927dd4,세이리,누드 엑스트레 드,EXTRAIT,LIQUID_PERFUME,cf_e8c56508c7a6,True,False,,,,,1,1,0,musinsa:118,True,NO_MATCH,,compatible candidate not found,120625|120623|120622|120621|120620,0.0,Объятие|Когда цветёт папоротник|Облака под нами|Садовник и роза|Кафе на краю Вселенной,0.0,118.0,,
ci_cd172b21d5d3,Ralph Lauren,폴로,EDT,LIQUID_PERFUME,cf_26b922f6ff5e,True,False,,,,,1,1,0,musinsa:119,True,MATCH,890.0,brand exact/explicit alias; name unique high similarity score=1.000 margin=0.200; no conflicting concentration record; form compatible,890|84012|18598|90347|73298,1.0,Polo|Polo Oud|Polo Red|Polo 67|Polo Earth,0.2,119.0,,
ci_135a36451863,John Varvatos,아티산 블루,EDT,LIQUID_PERFUME,cf_a233df19cdf4,True,False,,,,,4,4,0,musinsa:120|musinsa:158|oliveyoung:90|oliveyoung:245,True,MATCH,35456.0,brand exact/explicit alias; name unique high similarity score=0.909 margin=0.076; concentration compatible; form compatible,35456|8339|46623|5534|73336,0.909091,Artisan Blu|Artisan Black|Artisan Pure|Artisan|XX Artisan Teal,0.075758,120.0,90.0,
ci_efb07b8e1a13,Maison Martin Margiela,레플리카 세일링 데이,EDT,LIQUID_PERFUME,cf_5f421e1ca0b5,True,False,,,,,2,2,0,musinsa:124|musinsa:183,True,MATCH,47891.0,"snapshot manual confirmation: brand, fragrance name, concentration/form compatible",47891,1.0,Sailing Day,,124.0,,
ci_28ce250d3949,센티카,시그니처 플레르 에끌로,PARFUM_UNSPECIFIED,LIQUID_PERFUME,cf_07c62b316683,True,False,,,,,1,1,0,musinsa:125,True,NO_MATCH,,compatible candidate not found,120625|120623|120622|120621|120620,0.0,Объятие|Когда цветёт папоротник|Облака под нами|Садовник и роза|Кафе на краю Вселенной,0.0,125.0,,
ci_0dcd41256f4a,Jennifer Lopez,글로우 바이 제이로,EDT,LIQUID_PERFUME,cf_87a4f91d80c0,True,True,27.0,MATCH,brand_exact + identity_exact + EDT_exact,ci_0dcd41256f4a,5,4,1,musinsa:128|musinsa:245|oliveyoung:76|oliveyoung:156|hwahae:27,True,MATCH_REVIEW,,candidate retrieval only; name score=0.833 margin=0.233; manual confirmation required; concentration compatible,7582|874|111917|873|869,0.833333,Blue Glow by JLO|Live Luxe|Glow|Live|Glow,0.233333,128.0,76.0,
ci_91145615bbf1,Maison Martin Margiela,레플리카 업 앳 던,EDT,LIQUID_PERFUME,cf_4f80c7198073,True,False,,,,,2,2,0,musinsa:129|musinsa:295,True,MATCH,120743.0,"snapshot manual confirmation: brand, fragrance name, concentration/form compatible",120743,1.0,Up At Dawn,,129.0,,
ci_1ee603a82573,춘몽,도플 Doppel Perfume,PARFUM_UNSPECIFIED,LIQUID_PERFUME,cf_fad911ab1a5a,True,False,,,,,1,1,0,musinsa:130,True,NO_MATCH,,compatible candidate not found,120625|120623|120622|120621|120620,0.0,Объятие|Когда цветёт папоротник|Облака под нами|Садовник и роза|Кафе на краю Вселенной,0.0,130.0,,
ci_6f1a4c905a1d,Narciso Rodriguez,포 허 퓨어 머스크,EDP,LIQUID_PERFUME,cf_13facc73a65a,True,False,,,,,2,2,0,musinsa:133|musinsa:265,True,MATCH_REVIEW,,candidate retrieval only; name score=0.714 margin=0.048; manual confirmation required; concentration compatible,63293|6576|53948|35713|88936,0.714286,Patchouli Musc|Narciso Rodriguez for Him Musk|Oud Musc|Rose Musc|Narciso Rodriguez For Her Musc Nude,0.047619,133.0,,
ci_3e627a1be90a,Lanvin,레 플레르 드 랑방 워터 릴리,EDT,LIQUID_PERFUME,cf_5a059ff4708c,True,False,,,,,1,1,0,musinsa:134,True,NO_MATCH,,compatible candidate not found,37314|5798|58715|5799|50213,0.555556,Orange Ambre|Arpege Eclat d'Arpege|Modern Princess Blooming|Eclat d'Arpege Bijou Collector|Éclat de Nuit,0.010101,134.0,,
ci_0ff12b1de629,Ralph Lauren,폴로 블루,EDT,LIQUID_PERFUME,cf_7fe17f19d2c9,True,False,,,,,4,4,0,musinsa:135|musinsa:177|oliveyoung:231|oliveyoung:232,True,MATCH,1198.0,brand exact/explicit alias; name unique high similarity score=1.000 margin=0.111; no conflicting concentration record; form compatible,1198|1197|48111|1200|7727,1.0,Polo Blue|Polo Black|Polo Ultra Blue|Purple Label|Polo Red White & Blue,0.111111,135.0,231.0,
ci_de2d25789235,Tenui,베어,EDP,LIQUID_PERFUME,cf_91a9db25c751,True,False,,,,,1,1,0,musinsa:136,True,NO_MATCH,,compatible candidate not found,114281|114284|114282|114286|114285,0.666667,Bare|Bitter|Everyone|Feather|ADE,0.166667,136.0,,
ci_9e3683e618f5,Kuoca,와일드피치,EDP,LIQUID_PERFUME,cf_13105055c047,True,False,,,,,1,1,0,musinsa:138,True,MATCH,114188.0,brand exact/explicit alias; name unique high similarity score=1.000 margin=0.692; no conflicting concentration record; form compatible,114188|114189|114187,1.0,Wild Peach|Grapefruit Brûlée|Geisha Coffee,0.692308,138.0,,
ci_ab36af4ff5b0,Maison Martin Margiela,레플리카 온어데이트,EDT,LIQUID_PERFUME,cf_e9b73492c6ee,True,False,,,,,2,2,0,musinsa:139|musinsa:213,True,NO_MATCH,,compatible candidate not found,15260|78292|31623|95923|47891,0.615385,Flower Market|On A Date|By the Fireplace|Afternoon Delight|Sailing Day,0.015385,139.0,,
ci_7f3e7adcd39e,Elizabeth Arden,보,UNSPECIFIED,SOLID_FRAGRANCE,cf_1cd4e3bb8a03,True,False,,,,,1,1,0,musinsa:140,True,NO_MATCH,,compatible candidate not found,,,,,140.0,,
ci_27c1466023f4,리베르,금목서 플라워 소사이어티 Flower Society,EDP,LIQUID_PERFUME,cf_4dd666d17f3a,True,False,,,,,1,1,0,musinsa:141,True,NO_MATCH,,compatible candidate not found,120625|120623|120622|120621|120620,0.0,Объятие|Когда цветёт папоротник|Облака под нами|Садовник и роза|Кафе на краю Вселенной,0.0,141.0,,
ci_ead83e6160b4,Issey Miyake,르셀디세이,EDP,LIQUID_PERFUME,cf_14264746a3cb,True,False,,,,,3,3,0,musinsa:143|musinsa:283|oliveyoung:173,True,MATCH,95642.0,brand exact/explicit alias; name unique high similarity score=1.000 margin=0.111; no conflicting concentration record; form compatible,95642|2529|125424|720|45877,1.0,Le Sel d’Issey|Soleil d'Issey|Lumière d’Issey|L'eau d'Issey|L'Eau Majeure d'Issey,0.111111,143.0,173.0,
ci_546041f781eb,Vivienne Westwood,성호 론도24,EDP,LIQUID_PERFUME,cf_2958af6edf7c,True,False,,,,,1,1,0,musinsa:145,True,NO_MATCH,,compatible candidate not found,1533|9989|21770|116577|1532,0.555556,Boudoir Sin Garden|Naughty Alice|Mon Boudoir|Boudoir 2025|Boudoir,0.022222,145.0,,
ci_b691058531a8,Coach,체리,PARFUM_UNSPECIFIED,LIQUID_PERFUME,cf_cbab37ae52ed,True,False,,,,,2,2,0,musinsa:146|oliveyoung:175,True,MATCH,122669.0,brand exact/explicit alias; name unique high similarity score=1.000 margin=0.429; no conflicting concentration record; form compatible,122669|6765|60332|21933|21932,1.0,Coach Cherry|Coach Leatherware|Coach Blue|Coach Leatherware No. 03|Coach Leatherware No. 02,0.428571,146.0,175.0,
ci_12bd605a8d47,Sennok,베이비블러셔50ml,PARFUM_UNSPECIFIED,LIQUID_PERFUME,cf_19a05011aa8d,True,False,,,,,1,1,0,musinsa:147,True,NO_MATCH,,compatible candidate not found,109566|123063|123062|109565|109564,0.666667,Baby Blusher|Sleeping Rose|Linen Citrus|Soap Clean Soap|Slow September,0.291667,147.0,,
ci_69104ca504fb,포엘리에,우디&머스크향 옴므,EDP,LIQUID_PERFUME,cf_865169db3f97,True,False,,,,,1,1,0,musinsa:148,True,NO_MATCH,,compatible candidate not found,120625|120623|120622|120621|120620,0.0,Объятие|Когда цветёт папоротник|Облака под нами|Садовник и роза|Кафе на краю Вселенной,0.0,148.0,,
ci_13239fdc7c7a,Vivienne Westwood,운학 콜린,EDP,LIQUID_PERFUME,cf_0f6ac39ed1f7,True,False,,,,,1,1,0,musinsa:149,True,NO_MATCH,,compatible candidate not found,9989|1533|21770|1535|1532,0.545455,Naughty Alice|Boudoir Sin Garden|Mon Boudoir|Libertine|Boudoir,0.116883,149.0,,
ci_d118d49fa626,라퐁프,우드세이지앤씨솔트,UNSPECIFIED,LIQUID_PERFUME,cf_64e29ee5dfc7,True,False,,,,,1,1,0,musinsa:150,True,NO_MATCH,,compatible candidate not found,120625|120623|120622|120621|120620,0.0,Объятие|Когда цветёт папоротник|Облака под нами|Садовник и роза|Кафе на краю Вселенной,0.0,150.0,,
ci_22b490f019e7,리베르,장미 생화향 로즈 제스트 Rose Zest,EDP,LIQUID_PERFUME,cf_b94ac9272a26,True,False,,,,,1,1,0,musinsa:153,True,NO_MATCH,,compatible candidate not found,120625|120623|120622|120621|120620,0.0,Объятие|Когда цветёт папоротник|Облака под нами|Садовник и роза|Кафе на краю Вселенной,0.0,153.0,,
ci_dd2b9244c21e,SW19,5pm,EDP,LIQUID_PERFUME,cf_2ba1c4d112db,True,False,,,,,2,2,0,musinsa:155|musinsa:186,True,MATCH,133967.0,brand exact/explicit alias; name exact score=1.000 margin=0.333; no conflicting concentration record; form compatible,133967|93863|93862|125266|93864,1.0,5pm|3pm|9pm|8am|6am,0.333333,155.0,,
ci_15637f950a6e,Tenui,페더,EDP,LIQUID_PERFUME,cf_75d8501e6c90,True,False,,,,,1,1,0,musinsa:156,True,NO_MATCH,,compatible candidate not found,114285|114282|114286|114281|114284,0.666667,ADE|Everyone|Feather|Bare|Bitter,0.205128,156.0,,
ci_a50613603e2e,Lolita Lempicka,롤리타렘피카,EDP,LIQUID_PERFUME,cf_d4d69038efe4,True,False,,,,,1,1,0,musinsa:157,True,MATCH_REVIEW,,candidate retrieval only; name score=0.833 margin=0.167; manual confirmation required; no conflicting concentration record,56399|50183|51385|11909|40363,0.833333,L L'Attrape-Coeur|Lempicka Homme|LolitaLand|Lolita Lempicka Le Premier Parfum|Le Parfum de Lolita Lempicka,0.166667,157.0,,
ci_526ec19a16c3,Coach,플로럴,EDP,LIQUID_PERFUME,cf_9252f805da84,True,False,,,,,1,1,0,musinsa:159,True,MATCH_REVIEW,,candidate retrieval only; name score=0.800 margin=0.133; manual confirmation required; concentration compatible,12572|75425|9371|50777|26619,0.8,Coach Poppy Flower|Open Road|Coach Poppy|Coach Platinum|Poppy Wild Flower,0.133333,159.0,,
ci_778b0b7da2b4,밀크하우스캔들,오일 썬 키스드 피오니,PARFUM_UNSPECIFIED,LIQUID_PERFUME,cf_9dda64c465e9,True,False,,,,,1,1,0,musinsa:160,True,NO_MATCH,,compatible candidate not found,120625|120623|120622|120621|120620,0.0,Объятие|Когда цветёт папоротник|Облака под нами|Садовник и роза|Кафе на краю Вселенной,0.0,160.0,,
ci_930cf33cf7ca,Vivienne Westwood,기프트패키지,PARFUM_UNSPECIFIED,HAIR_FRAGRANCE,cf_a754e4dadb93,True,False,,,,,1,1,0,musinsa:162,True,NO_MATCH,,compatible candidate not found,,,,,162.0,,
ci_d957da2d1808,Versace,맨 오 플래쉬,EDT,LIQUID_PERFUME,cf_82e0461d78ec,True,False,,,,,2,2,0,musinsa:164|musinsa:240,True,NO_MATCH,,compatible candidate not found,16657|645|643|70887|644,0.571429,Eros|Versace Woman|Versace Man|Tabac Imperial|Versace Man Eau Fraiche,0.0,164.0,,
ci_67d99819899e,RboW,앰버생귄,EDP,LIQUID_PERFUME,cf_8baaeb375c00,True,False,,,,,1,1,0,musinsa:167,True,NO_MATCH,,compatible candidate not found,94903|94900|123061|94907|94904,0.631579,Case Study #23 Amber Sanguine|Case Study #11 Monsoon|Santal Bleu|Case Study Untitled RboW X Eddie Kang Edition 500|Case Study #3 O.A.C,0.231579,167.0,,
ci_ce6521f1d93a,John Varvatos,아티산 블랙,EDT,LIQUID_PERFUME,cf_0f75cf52bfb2,True,False,,,,,4,4,0,musinsa:168|musinsa:244|oliveyoung:70|oliveyoung:196,True,MATCH,8339.0,brand exact/explicit alias; name unique high similarity score=0.923 margin=0.090; concentration compatible; form compatible,8339|35456|22068|46623|5534,0.923077,Artisan Black|Artisan Blu|Artisan Acqua|Artisan Pure|Artisan,0.089744,168.0,70.0,
ci_8464256d016c,Calvin Klein,씨케이원,EDT,LIQUID_PERFUME,cf_f6ed85075361,True,False,,,,,1,1,0,musinsa:169,True,MATCH,276.0,"snapshot manual confirmation: brand, fragrance name, concentration/form compatible",276,1.0,CK One,,169.0,,
ci_7d5b2da6bd1e,Bussi,해피벌쓰데이,EDP,LIQUID_PERFUME,cf_a9d4f7d2ff3a,True,False,,,,,1,1,0,musinsa:171,True,NO_MATCH,,compatible candidate not found,125758|125760|125756|125761|125757,0.666667,HBD|Veranda|Double X Love|Sum|B-612,0.066667,171.0,,
ci_497d08e59bab,SW19,6am,EDP,LIQUID_PERFUME,cf_6053689b24d0,True,False,,,,,2,2,0,musinsa:172|musinsa:190,True,MATCH,93864.0,brand exact/explicit alias; name exact score=1.000 margin=0.333; concentration compatible; form compatible,93864|125266|133967|93863|93862,1.0,6am|8am|5pm|3pm|9pm,0.333333,172.0,,
ci_9dc4ddf6a982,Adidas,아디다스 바이브 스파크 업,EDP,LIQUID_PERFUME,cf_73b28910e608,True,False,,,,,1,1,0,musinsa:173,True,MATCH,98468.0,"snapshot manual confirmation: brand, fragrance name, concentration/form compatible",98468,1.0,Spark Up,,173.0,,
ci_31a28acedf24,플르부아,모닝소일,EDP,LIQUID_PERFUME,cf_4ac474fd91e8,True,False,,,,,2,2,0,musinsa:174|musinsa:247,True,NO_MATCH,,compatible candidate not found,120625|120623|120622|120621|120620,0.0,Объятие|Когда цветёт папоротник|Облака под нами|Садовник и роза|Кафе на краю Вселенной,0.0,174.0,,
ci_c389c44c881a,RboW,도쿄 스트라이프,EDP,LIQUID_PERFUME,cf_55ba050fd4e0,True,False,,,,,1,1,0,musinsa:175,True,MATCH_REVIEW,,candidate retrieval only; name score=0.833 margin=0.300; manual confirmation required; no conflicting concentration record,123058|94905|123061|94904|94902,0.833333,Tokyo Stripe|Case Study #4 Black Wood|Santal Bleu|Case Study #3 O.A.C|Case Study #16 Atelier Chai,0.3,175.0,,
ci_4c068584014c,Coach,우먼,EDT,LIQUID_PERFUME,cf_bc0cb6032d46,True,False,,,,,1,1,0,musinsa:176,True,NO_MATCH,,compatible candidate not found,45343|66267|60332|81391|6039,0.666667,Coach for Men|Coach Dreams Sunset|Coach Blue|Coach Green|Peony Splash,0.222222,176.0,,
ci_ff5de9a9b99e,Lush,무민 무민밸리,PARFUM_UNSPECIFIED,LIQUID_PERFUME,cf_a594e12f8f3f,True,False,,,,,1,1,0,musinsa:178,True,NO_MATCH,,compatible candidate not found,63225|10803|58192|57033|56380,0.545455,Elemental|Imogen Rose|Nero|Plum Rain Body Spray|Never Ever Om,0.0,178.0,,
ci_53cfaa111d0d,Narciso Rodriguez,포 힘 블루 느와르,EDT,LIQUID_PERFUME,cf_0653fa66fc85,True,False,,,,,2,2,0,musinsa:181|musinsa:343,True,MATCH,31247.0,"snapshot manual confirmation: brand, fragrance name, concentration/form compatible",31247,1.0,Narciso Rodriguez for Him Bleu Noir,,181.0,,
ci_0f5b3a1e90a1,Clean,클래식 레인,EDP,LIQUID_PERFUME,cf_287df7ccdef3,True,False,,,,,2,2,0,musinsa:184|musinsa:219,True,MATCH_REVIEW,,candidate retrieval only; name score=0.800 margin=0.073; manual confirmation required; no conflicting concentration record,71221|23032|60822|122655|73916,0.8,Clean Classic Warm Cotton|Cool Cotton|Clean Classic Summer Day|Caramel Swirl|Clean Classic Hello Summer,0.072727,184.0,,
ci_c015a799d166,Lanvin,레 플레르 드 랑방 블루 오키드,EDT,LIQUID_PERFUME,cf_6e8326977e4f,True,True,82.0,MATCH,brand_alias + collection_label_normalized + identity_exact + EDT_exact,ci_c015a799d166,2,1,1,musinsa:188|hwahae:82,True,NO_MATCH,,compatible candidate not found,37314|5798|14014|49543|58715,0.5,Orange Ambre|Arpege Eclat d'Arpege|Arpege Eau Delicieuse|Lavande|Modern Princess Blooming,0.0,188.0,,
ci_d0f1ec6b5268,Atelier Faye,마이스킨벗베터,UNSPECIFIED,LIQUID_PERFUME,cf_c4fcdf26efac,True,False,,,,,1,1,0,musinsa:189,True,NO_MATCH,,brand unresolved or fragrance name empty,,,,,189.0,,
ci_90e038c982e8,에이오지,레이,EDP,LIQUID_PERFUME,cf_dc6ee3ba5d1f,True,False,,,,,1,1,0,musinsa:191,True,NO_MATCH,,compatible candidate not found,120625|120623|120622|120621|120620,0.0,Объятие|Когда цветёт папоротник|Облака под нами|Садовник и роза|Кафе на краю Вселенной,0.0,191.0,,
ci_df87c84ede43,시머스,애프터 샤워,EDP,LIQUID_PERFUME,cf_524da9ca314e,True,False,,,,,1,1,0,musinsa:192,True,NO_MATCH,,compatible candidate not found,120625|120623|120622|120621|120620,0.0,Объятие|Когда цветёт папоротник|Облака под нами|Садовник и роза|Кафе на краю Вселенной,0.0,192.0,,
ci_f450a6755aed,John Varvatos,XX 아티산 틸,EDT,LIQUID_PERFUME,cf_b87f808d6ec9,True,False,,,,,1,1,0,musinsa:193,True,MATCH,73336.0,brand exact/explicit alias; name unique high similarity score=0.947 margin=0.124; concentration compatible; form compatible,73336|63479|114653|90689|35456,0.947368,XX Artisan Teal|XX Artisan|John Varvatos XX Elixir|John Varvatos XX Intense|Artisan Blu,0.123839,193.0,,
ci_41d60a0e2fa1,Lanvin,모던 프린세스,EDP,LIQUID_PERFUME,cf_ff14c10b3fa7,True,False,,,,,3,3,0,musinsa:194|musinsa:206|musinsa:314,True,MATCH,38890.0,brand exact/explicit alias; name unique high similarity score=0.875 margin=0.175; concentration compatible; form compatible,38890|95441|58715|37315|7761,0.875,Modern Princess|Modern Princess in Jeans|Modern Princess Blooming|Oud & Rose|Jeanne La Rose,0.175,194.0,,
ci_9e0bd95ecae5,Elizabeth Arden,5번가,EDP,LIQUID_PERFUME,cf_4f8403d636af,True,False,,,,,1,1,0,musinsa:195,True,NO_MATCH,,compatible candidate not found,8497|81|4229|43880|66460,0.666667,5th Avenue Gold|5th Avenue|5th Avenue Nights|5th Avenue Royale|5th Avenue NYC Vibe,0.0,195.0,,
ci_ea64a82edfc9,Maison Martin Margiela,레플리카 버블 바스,EDT,LIQUID_PERFUME,cf_7c7a8e3522b4,True,False,,,,,1,1,0,musinsa:196,True,NO_MATCH,,compatible candidate not found,30262|46301|31623|60105|20541,0.533333,At The Barber's|Wicked Love|By the Fireplace|Bubble Bath|Jazz Club,0.033333,196.0,,
ci_30d2393db880,Versace,베르사체 크리스탈 에메랄드,EDP,LIQUID_PERFUME,cf_6e89820e43e4,True,False,,,,,1,1,0,musinsa:197,True,MATCH,115545.0,"snapshot manual confirmation: brand, fragrance name, concentration/form compatible",115545,1.0,Crystal Emerald,,197.0,,
ci_0261ff4bed40,Bussi,아브라카다멈,EDP,LIQUID_PERFUME,cf_25db075599c6,True,False,,,,,1,1,0,musinsa:198,True,NO_MATCH,,compatible candidate not found,125760|125758|125756|125761|125757,0.666667,Veranda|HBD|Double X Love|Sum|B-612,0.166667,198.0,,
ci_2c2eb1b4a4b1,Atelier Faye,데이 오프,UNSPECIFIED,LIQUID_PERFUME,cf_e282c27e55c9,True,False,,,,,1,1,0,musinsa:200,True,NO_MATCH,,brand unresolved or fragrance name empty,,,,,200.0,,
ci_376267ec02f1,d'Alba,리추얼 탠저린,PARFUM_UNSPECIFIED,LIQUID_PERFUME,cf_be7cc56ce1ba,True,False,,,,,1,1,0,musinsa:201,True,MATCH_REVIEW,,candidate retrieval only; name score=0.706 margin=0.706; manual confirmation required; no conflicting concentration record,115976,0.705882,Ritual Tangerine,0.705882,201.0,,
ci_17c80f7171f7,SW19,3pm,EDP,LIQUID_PERFUME,cf_26725cece962,True,False,,,,,2,2,0,musinsa:203|musinsa:225,True,MATCH,93863.0,brand exact/explicit alias; name exact score=1.000 margin=0.333; concentration compatible; form compatible,93863|133967|93862|125266|93864,1.0,3pm|5pm|9pm|8am|6am,0.333333,203.0,,
ci_53a64fbdd1d7,Jimmy Choo,우먼,EDT,LIQUID_PERFUME,cf_60e60519a738,True,False,,,,,1,1,0,musinsa:205,True,MATCH,25977.0,brand exact/explicit alias; name unique high similarity score=1.000 margin=0.200; concentration compatible; form compatible,25977|73399|43304|49723|39467,1.0,Jimmy Choo Man|Jimmy Choo Man Aqua|Jimmy Choo Man Ice|Jimmy Choo Man Blue|Jimmy Choo Man Intense,0.2,205.0,,
ci_4f7f153d45a8,Maison Martin Margiela,레플리카 소울 오브 더 포레스트,EDP,LIQUID_PERFUME,cf_b777cf329c1d,True,False,,,,,1,1,0,musinsa:208,True,NO_MATCH,,compatible candidate not found,108779|41185|30262|119443|31623,0.545455,Celestial Whispers|Soul Of The Forest|At The Barber's|Jazz Club 2025 Holiday Limited Edition|By the Fireplace,0.067194,208.0,,
ci_34501be0a36e,오브제,베르가못 레인,PARFUM_UNSPECIFIED,LIQUID_PERFUME,cf_598edf1a1d58,True,False,,,,,1,1,0,musinsa:212,True,NO_MATCH,,compatible candidate not found,120625|120623|120622|120621|120620,0.0,Объятие|Когда цветёт папоротник|Облака под нами|Садовник и роза|Кафе на краю Вселенной,0.0,212.0,,
ci_1524c4e433b8,SW19,Midnight 오일,PARFUM_UNSPECIFIED,LIQUID_PERFUME,cf_738039b59e78,True,False,,,,,1,1,0,musinsa:214,True,MATCH,93865.0,brand exact/explicit alias; name unique high similarity score=0.923 margin=0.397; concentration compatible; form compatible,93865|123067|93866|125266|93864,0.923077,Midnight|Twilight|Noon|8am|6am,0.396761,214.0,,
ci_8c402744ac61,Luafee,다이브 가든 v2,EDP,LIQUID_PERFUME,cf_7d314841f10f,True,False,,,,,1,1,0,musinsa:215,True,MATCH_REVIEW,,candidate retrieval only; name score=0.769 margin=0.569; manual confirmation required; no conflicting concentration record,129836|99134|129834|129833|129835,0.769231,"Dive Garden|Oh, Love|Steamy Soap|White Apricot|Cozy Musk",0.569231,215.0,,
ci_9a7db233bb7a,Maison Martin Margiela,레플리카 프롬 더 가든,EDT,LIQUID_PERFUME,cf_68584bf6e0a6,True,False,,,,,2,2,0,musinsa:216|musinsa:222,True,NO_MATCH,,compatible candidate not found,87457|64805|31623|20543|119443,0.5,From the Garden|Matcha Meditation|By the Fireplace|Promenade In The Gardens|Jazz Club 2025 Holiday Limited Edition,0.078947,216.0,,
ci_c4a5a43bd1ec,Versace,블루진,EDT,LIQUID_PERFUME,cf_2bdc12755574,True,False,,,,,1,1,0,musinsa:217,True,MATCH,637.0,"snapshot manual confirmation: brand, fragrance name, concentration/form compatible",637,1.0,Blue Jeans,,217.0,,
ci_f05acbcf9804,Maison Martin Margiela,레플리카 바이 더 파이어플레이스,EDT,LIQUID_PERFUME,cf_1368a31f17d0,True,False,,,,,2,2,0,musinsa:218|musinsa:313,True,NO_MATCH,,compatible candidate not found,108779|30262|31623|20543|55927,0.526316,Celestial Whispers|At The Barber's|By the Fireplace|Promenade In The Gardens|Springtime in a Park,0.026316,218.0,,
ci_51b04b29e3eb,리베르,풀향 그린 사운즈 Green Sounds,EDP,LIQUID_PERFUME,cf_35f42f429245,True,False,,,,,1,1,0,musinsa:221,True,NO_MATCH,,compatible candidate not found,120625|120623|120622|120621|120620,0.0,Объятие|Когда цветёт папоротник|Облака под нами|Садовник и роза|Кафе на краю Вселенной,0.0,221.0,,
ci_711f7e8f5ea3,라퐁프,엔 스쉐어,UNSPECIFIED,LIQUID_PERFUME,cf_d1d04caa071b,True,False,,,,,1,1,0,musinsa:226,True,NO_MATCH,,compatible candidate not found,120625|120623|120622|120621|120620,0.0,Объятие|Когда цветёт папоротник|Облака под нами|Садовник и роза|Кафе на краю Вселенной,0.0,226.0,,
ci_3038ed5e0910,Youssoful,엠포리아코튼 니치,UNSPECIFIED,LIQUID_PERFUME,cf_0aad66e26e86,True,False,,,,,1,1,0,musinsa:230,True,MATCH,118435.0,brand exact/explicit alias; name unique high similarity score=0.857 margin=0.286; no conflicting concentration record; form compatible,118435|118419|118431|118424|118436,0.857143,Emporia Cotton|Puglia ostuni|Hyperion|Dimanche à Paris|Milan Fever,0.285714,230.0,,
ci_c56b3b5c17ef,LOIVIE,베르가못 앤 화이트로즈,EDP,LIQUID_PERFUME,cf_b67f94f1560e,True,False,,,,,2,2,0,musinsa:231|musinsa:290,True,MATCH,95620.0,brand exact/explicit alias; name unique high similarity score=0.842 margin=0.316; no conflicting concentration record; form compatible,95620|95621|95618|95622|95646,0.842105,Bergamot & White Rose|Mango & Mint Leaves|Peony & White Musk|Lotus & Incense|Mandarin & Sandalwood,0.315789,231.0,,
ci_a7bda112211a,The Body Shop,화이트 머스크 98139,EDT,LIQUID_PERFUME,cf_0acdb5ec2c84,True,False,,,,,1,1,0,musinsa:232,True,MATCH,2432.0,"snapshot manual confirmation: brand, fragrance name, concentration/form compatible",2432,1.0,White Musk,,232.0,,
ci_6ce8b5ca257a,SW19,8am,EDP,LIQUID_PERFUME,cf_a8b790254bce,True,False,,,,,2,2,0,musinsa:233|musinsa:291,True,MATCH,125266.0,brand exact/explicit alias; name exact score=1.000 margin=0.333; no conflicting concentration record; form compatible,125266|93864|133967|93863|93862,1.0,8am|6am|5pm|3pm|9pm,0.333333,233.0,,
ci_a808a5a9dea4,Versace,뿌르 옴므,EDT,LIQUID_PERFUME,cf_9b0a24edc824,True,False,,,,,1,1,0,musinsa:235,True,MATCH,2318.0,"snapshot manual confirmation: brand, fragrance name, concentration/form compatible",2318,1.0,Versace Pour Homme,,235.0,,
ci_24cc796dbb5b,Forment,페블,PARFUM_UNSPECIFIED,SOLID_FRAGRANCE,cf_478fac87d7a1,True,False,,,,,1,1,0,musinsa:238,True,NO_MATCH,,compatible candidate not found,,,,,238.0,,
ci_cf5730db1a65,Hotel Dawson,미드소마 새벽공기향 디스커버리,EDP,LIQUID_PERFUME,cf_ac5e08808606,True,False,,,,,1,1,0,musinsa:239,True,NO_MATCH,,compatible candidate not found,94832|94831|94828|94830|94829,0.434783,Midsommar|Missed & Burnt|Self Bloom|Salute To You|Roll The Dice,0.034783,239.0,,
ci_6e45f24474bd,Elizabeth Arden,그린티 넥타린 블러썸,EDT,LIQUID_PERFUME,cf_b0418ff2ea3a,True,False,,,,,1,1,0,musinsa:242,True,MATCH,35971.0,brand exact/explicit alias; name unique high similarity score=1.000 margin=0.167; no conflicting concentration record; form compatible,35971|78585|65876|14697|91712,1.0,Green Tea Nectarine Blossom|Green Tea Citron Freesia|Green Tea Sakura Blossom|Green Tea Cherry Blossom|Green Tea Coconut Breeze,0.166667,242.0,,
ci_3588de8ac719,Dolce&Gabbana,라이트 블루 하이드레이팅,PARFUM_UNSPECIFIED,LIQUID_PERFUME,cf_7372f85c580c,True,False,,,,,1,1,0,musinsa:246,True,MATCH_REVIEW,,candidate retrieval only; name score=0.700 margin=0.033; manual confirmation required; concentration compatible,104985|104984|44034|14799|128390,0.7,Light Blue Eau de Toilette|Light Blue Pour Homme Eau de Toilette|Light Blue Eau Intense|Light Blue Dreaming in Portofino|Light Blue Eau de Parfum,0.033333,246.0,,
ci_ab5528fe9f89,Clean,클래식 스트로베리 필즈,EDP,LIQUID_PERFUME,cf_89916d4ea40f,True,False,,,,,1,1,0,musinsa:248,True,NO_MATCH,,compatible candidate not found,60822|104123|73916|3026|106120,0.6,Clean Classic Summer Day|Strawberry Fields|Clean Classic Hello Summer|Wellness by Clean Purity|Tropical Escape,0.028571,248.0,,
ci_e17cd2240578,Hotel Dawson,미드소마,EDP,LIQUID_PERFUME,cf_3fac1ef9c315,True,False,,,,,1,1,0,musinsa:251,True,MATCH,94832.0,brand exact/explicit alias; name unique high similarity score=0.889 margin=0.489; no conflicting concentration record; form compatible,94832|94831|94828|94830|94829,0.888889,Midsommar|Missed & Burnt|Self Bloom|Salute To You|Roll The Dice,0.488889,251.0,,
ci_06b1aaf49470,스침,넛츠 바닐라 우유 풍부한 자연의 넛츠 달콤한 바닐라 향,PARFUM_UNSPECIFIED,HAIR_FRAGRANCE,cf_09592c999b7f,True,False,,,,,1,1,0,musinsa:252,True,NO_MATCH,,compatible candidate not found,,,,,252.0,,
ci_7ec2c6569622,스침,토마케일 우유 달콤하고 신선한 토마토 푸른 케일 향,PARFUM_UNSPECIFIED,HAIR_FRAGRANCE,cf_2054d5f85d26,True,False,,,,,1,1,0,musinsa:253,True,NO_MATCH,,compatible candidate not found,,,,,253.0,,
ci_9a50df59f0bc,John Varvatos,아티산 포레스트,EDP,LIQUID_PERFUME,cf_fbc264dc33e2,True,False,,,,,1,1,0,musinsa:255,True,MATCH,113867.0,"snapshot manual confirmation: brand, fragrance name, concentration/form compatible",113867,1.0,Artisan Forest,,255.0,,
ci_f7ced541c01c,마인드오버바디,생화장미 로즈온어플래닛,EDP,LIQUID_PERFUME,cf_c72b1b3b84f0,True,False,,,,,1,1,0,musinsa:256,True,NO_MATCH,,compatible candidate not found,120625|120623|120622|120621|120620,0.0,Объятие|Когда цветёт папоротник|Облака под нами|Садовник и роза|Кафе на краю Вселенной,0.0,256.0,,
ci_e57d14822a83,Clean,리저브 블렌드 스킨,EDP,LIQUID_PERFUME,cf_8586ca21a986,True,False,,,,,1,1,0,musinsa:257,True,NO_MATCH,,compatible candidate not found,35231|42952|3031|36537|104123,0.666667,Blonde Rose|Clean Lovegrass|Clean Provence|Summer Splash Sunkissed Skin|Strawberry Fields,0.095238,257.0,,
ci_48a7650c4dbb,Maison Martin Margiela,레플리카 스프링타임 인 어 파크,EDT,LIQUID_PERFUME,cf_53e42834c1b1,True,False,,,,,1,1,0,musinsa:258,True,MATCH,55927.0,"snapshot manual confirmation: brand, fragrance name, concentration/form compatible",55927,1.0,Springtime in a Park,,258.0,,
ci_844980499428,Montblanc,스타워커,EDT,LIQUID_PERFUME,cf_452fce9de686,True,False,,,,,3,3,0,musinsa:259|oliveyoung:126|oliveyoung:187,True,MATCH,4023.0,"snapshot manual confirmation: brand, fragrance name, concentration/form compatible",4023,1.0,Starwalker,,259.0,126.0,
ci_89065f584687,LOIVIE,피오니 앤 화이트 머스크,EDP,LIQUID_PERFUME,cf_f2c62cb15eb0,True,False,,,,,2,2,0,musinsa:260|musinsa:317,True,MATCH,95618.0,brand exact/explicit alias; name unique high similarity score=1.000 margin=0.455; no conflicting concentration record; form compatible,95618|95649|95620|95621|95622,1.0,Peony & White Musk|Thyme & Moss|Bergamot & White Rose|Mango & Mint Leaves|Lotus & Incense,0.454545,260.0,,
ci_8f23a3d1df3d,KINFOLK NOTES,캡틴스 바,EDP,LIQUID_PERFUME,cf_da8afe0b8c2a,True,False,,,,,1,1,0,musinsa:261,True,MATCH,123290.0,brand exact/explicit alias; name unique high similarity score=0.923 margin=0.323; concentration compatible; form compatible,123290|123291|123659|123302|123289,0.923077,Captain's Bar|Captain's Bar Special Edition|Scent of Muse|Lin Blanc Special Edition|Garden Shower,0.323077,261.0,,
ci_214ae48a4e34,Elizabeth Arden,베닝,UNSPECIFIED,SOLID_FRAGRANCE,cf_b5c4e0ff038e,True,False,,,,,1,1,0,musinsa:262,True,NO_MATCH,,compatible candidate not found,,,,,262.0,,
ci_b30f69a3df89,Body Fantasies,파우치 판타지,UNSPECIFIED,BODY_FRAGRANCE,cf_8e6165365ad9,True,False,,,,,1,1,0,musinsa:266,False,,,,,,,,266.0,,
ci_1ee9b276cd55,Vivienne Westwood,보이넥스트도어 에끌로에,EDP,LIQUID_PERFUME,cf_c934af463532,True,False,,,,,1,1,0,musinsa:267,False,,,,,,,,267.0,,
ci_25a3e29e48bc,데이모어센트,20 쉘 Type 업그레이드 엑스트레드 니치,EXTRAIT,LIQUID_PERFUME,cf_22d15c81403f,True,False,,,,,1,1,0,musinsa:268,False,,,,,,,,268.0,,
ci_5af09bf5d215,Adidas,바이브 스무스 페이스,EDP,LIQUID_PERFUME,cf_45cfe4ea353d,True,False,,,,,1,1,0,musinsa:271,False,,,,,,,,271.0,,
ci_75acfa90d705,시머스,상탈 팬텀,EDP,LIQUID_PERFUME,cf_95320e6af7be,True,False,,,,,1,1,0,musinsa:274,False,,,,,,,,274.0,,
ci_16d1dac7e3d3,Issey Miyake,로디세이 뿌르 옴므,EDT,LIQUID_PERFUME,cf_7919c724003d,True,False,,,,,2,2,0,musinsa:275|musinsa:281,False,,,,,,,,275.0,,
ci_03db89ce6119,Jill Stuart,LIMITED 크리스탈 블룸 썸씽 퓨어 블루 000원 상당,EDP,LIQUID_PERFUME,cf_362a3098fb4f,True,False,,,,,1,1,0,musinsa:277,False,,,,,,,,277.0,,
ci_951ff379ce1b,Ex Nihilo,러스트 인 파라다이스,EDP,LIQUID_PERFUME,cf_c6e1423d3600,True,False,,,,,1,1,0,musinsa:278,False,,,,,,,,278.0,,
ci_ec985663d1ef,Etat Libre d'Orange,헤르만,EDP,LIQUID_PERFUME,cf_90be27c2ede8,True,False,,,,,1,1,0,musinsa:282,False,,,,,,,,282.0,,
ci_43fb1cd8f909,Versace,레드진,EDT,LIQUID_PERFUME,cf_da3e826faecf,True,False,,,,,1,1,0,musinsa:285,False,,,,,,,,285.0,,
ci_b6a8d353474b,Davidoff,쿨워터맨 EDT125,EDT,LIQUID_PERFUME,cf_5fbe09791de5,True,False,,,,,1,1,0,musinsa:286,False,,,,,,,,286.0,,
ci_d4c9681992bb,Maison Martin Margiela,레플리카 체이싱 선셋,EDT,LIQUID_PERFUME,cf_dbaa297d7596,True,False,,,,,1,1,0,musinsa:287,False,,,,,,,,287.0,,
ci_2fd40db92e1f,Ariana Grande,땡큐 넥스트 2 0,EDP,LIQUID_PERFUME,cf_297434d662b1,True,False,,,,,1,1,0,musinsa:289,False,,,,,,,,289.0,,
ci_d5f3d77a3d05,Lanvin,레 플레르 드 랑방 써니 매그놀리아,EDT,LIQUID_PERFUME,cf_e06d11a0b371,True,False,,,,,1,1,0,musinsa:292,False,,,,,,,,292.0,,
ci_c420901cde27,Clean,클래식 쿨 코튼,EDP,LIQUID_PERFUME,cf_f09e9b850958,True,True,88.0,MATCH,brand_exact + classic_collection_label_removed + identity_exact + EDP_exact,ci_c420901cde27,2,1,1,musinsa:293|hwahae:88,True,MATCH,71221.0,brand exact/explicit alias; name unique high similarity score=0.941 margin=0.172; no conflicting concentration record; form compatible,71221|23032|60822|3024|82761,0.941176,Clean Classic Warm Cotton|Cool Cotton|Clean Classic Summer Day|Clean Warm Cotton|Clean Classic Beach Vibes,0.171946,293.0,,
ci_b1466cebe3b7,Ariana Grande,스위트 라이크 캔디,EDP,LIQUID_PERFUME,cf_4364822bef5a,True,True,38.0,MATCH,brand_alias_spacing + identity_exact + EDP_exact,ci_b1466cebe3b7,4,3,1,musinsa:294|oliveyoung:113|oliveyoung:152|hwahae:38,True,MATCH,39970.0,brand exact/explicit alias; name unique high similarity score=1.000 margin=0.333; concentration compatible; form compatible,39970|43095|50384|96256|35343,1.0,Sweet Like Candy|Sweet Like Candy Limited Edition|Cloud|Pressed Petals|Frankie,0.333333,294.0,113.0,
ci_6f816b0ebea7,Sennok,슬리핑로즈,PARFUM_UNSPECIFIED,LIQUID_PERFUME,cf_cc49b06da9eb,True,False,,,,,1,1,0,musinsa:297,False,,,,,,,,297.0,,
ci_07caf36ee06e,The Body Shop,화이트 머스크 98110,EDP,LIQUID_PERFUME,cf_40270d74a652,True,False,,,,,1,1,0,musinsa:300,False,,,,,,,,300.0,,
ci_d4a291c33943,헤트라스 뷰티,핸드메이드 더 리본,PARFUM_UNSPECIFIED,LIQUID_PERFUME,cf_1e692c097fa4,True,False,,,,,1,1,0,musinsa:301,False,,,,,,,,301.0,,
ci_a496085fe969,닉켈하우스,퓨어 젭퍼,EDP,LIQUID_PERFUME,cf_f5464dcc9a3b,True,False,,,,,1,1,0,musinsa:302,False,,,,,,,,302.0,,
ci_7bd259aa5e84,라퐁프,블랑쉬,UNSPECIFIED,LIQUID_PERFUME,cf_2c99482b3df8,True,False,,,,,1,1,0,musinsa:303,False,,,,,,,,303.0,,
ci_487d7e45fd66,Narciso Rodriguez,퓨어 머스크 블랑 포 허 인텐스,EDP,LIQUID_PERFUME,cf_d5b889907a57,True,False,,,,,1,1,0,musinsa:305,False,,,,,,,,305.0,,
ci_c433d1b6a85d,Dolce&Gabbana,라이트 블루 뿌르 옴므 리뉴얼,EDT,LIQUID_PERFUME,cf_ddaec9ecc10d,True,False,,,,,1,1,0,musinsa:306,False,,,,,,,,306.0,,
ci_f169826e372a,든향,파자마 Pajama,EDP,LIQUID_PERFUME,cf_012dbd4d7324,True,False,,,,,1,1,0,musinsa:307,False,,,,,,,,307.0,,
ci_2ccc66e293c4,라퐁프,블랙베리앤베이,UNSPECIFIED,LIQUID_PERFUME,cf_abc3901d46fe,True,False,,,,,1,1,0,musinsa:308,False,,,,,,,,308.0,,
ci_2693a00d479b,KINFOLK NOTES,가든 샤워,EDP,LIQUID_PERFUME,cf_17ef35268bfe,True,False,,,,,1,1,0,musinsa:309,False,,,,,,,,309.0,,
ci_8fcc2265df15,Elizabeth Arden,화이트티,EDP,LIQUID_PERFUME,cf_28f7c46281f4,True,False,,,,,1,1,0,musinsa:310,False,,,,,,,,310.0,,
ci_dd21c26c8074,Youssoful,히페리온 니치,UNSPECIFIED,LIQUID_PERFUME,cf_bd1b753b8c13,True,False,,,,,1,1,0,musinsa:312,False,,,,,,,,312.0,,
ci_bd7c4574ee8d,라피네르,키링굿즈 선물포장 키링 메탈 튤립,PARFUM_UNSPECIFIED,LIQUID_PERFUME,cf_7a022a0a1a47,True,False,,,,,1,1,0,musinsa:315,False,,,,,,,,315.0,,
ci_17531ea3da3f,어레이드 오드 퍼퓸,오드 오크모스 머스크,EDP,LIQUID_PERFUME,cf_81bff4bc5e26,True,False,,,,,1,1,0,musinsa:316,False,,,,,,,,316.0,,
ci_fb136e084ad2,Sabrina Carpenter,체리베이비,EDP,LIQUID_PERFUME,cf_08e7c868c7ff,True,False,,,,,1,1,0,musinsa:318,False,,,,,,,,318.0,,
ci_4630385a2560,Sabrina Carpenter,스위트투스,EDP,LIQUID_PERFUME,cf_902257a5f23b,True,False,,,,,2,2,0,musinsa:319|oliveyoung:95,True,MATCH,76824.0,"snapshot manual confirmation: brand, fragrance name, concentration/form compatible",76824,1.0,Sweet Tooth,,319.0,95.0,
ci_0c3e36599029,Clean,리저브 블렌드 레인,EDP,LIQUID_PERFUME,cf_9c43911e38ab,True,False,,,,,1,1,0,musinsa:320,False,,,,,,,,320.0,,
ci_cbf0d7465305,Kenzo,겐조 옴므,EDT,LIQUID_PERFUME,cf_b65791787e8f,True,False,,,,,1,1,0,musinsa:321,False,,,,,,,,321.0,,
ci_d3d6b5d738a1,리베르,코튼 스팀 글로스 Steam Gloss,EDP,LIQUID_PERFUME,cf_7827516486da,True,False,,,,,1,1,0,musinsa:322,False,,,,,,,,322.0,,
ci_d042ddd14dbc,Clean,클래식 소프트 런드리,EDP,LIQUID_PERFUME,cf_fcf71d339e34,True,False,,,,,1,1,0,musinsa:323,False,,,,,,,,323.0,,
ci_c9752303ca5e,Jimmy Choo,블러썸,EDP,LIQUID_PERFUME,cf_2478da13cb60,True,True,52.0,MATCH,brand_exact + identity_exact + EDP_exact,ci_c9752303ca5e,4,3,1,musinsa:324|oliveyoung:107|oliveyoung:188|hwahae:52,True,MATCH,29165.0,brand exact/explicit alias; name unique high similarity score=1.000 margin=0.333; concentration compatible; form compatible,29165|60128|49615|60131|60132,1.0,Jimmy Choo Blossom|Amber Kiss|Jimmy Choo Fever|Radiant Tuberose|Vanilla Love,0.333333,324.0,107.0,
ci_27332baf1a94,Calvin Klein,씨케이원 나이트 에센스 인텐스,PARFUM_UNSPECIFIED,LIQUID_PERFUME,cf_5c83ac28d212,True,False,,,,,1,1,0,musinsa:326,False,,,,,,,,326.0,,
ci_43d322183c78,Vivienne Westwood,리우 도쿄레이,EDP,LIQUID_PERFUME,cf_9b95a82b7464,True,False,,,,,1,1,0,musinsa:328,False,,,,,,,,328.0,,
ci_f974d3be25a5,로그인 포레스트,더 딥 피그 우디끄,PARFUM_UNSPECIFIED,BALM_OR_STICK,cf_c0a88111d45e,True,False,,,,,1,1,0,musinsa:329,False,,,,,,,,329.0,,
ci_a2b3cbe832e0,Lush,더티,PARFUM_UNSPECIFIED,LIQUID_PERFUME,cf_2cc67a37bb17,True,False,,,,,2,2,0,musinsa:330|musinsa:349,False,,,,,,,,330.0,,
ci_edb25b6c3ea3,Sennok,린넨시트러스,PARFUM_UNSPECIFIED,LIQUID_PERFUME,cf_25aa7ec73578,True,False,,,,,1,1,0,musinsa:332,False,,,,,,,,332.0,,
ci_1ec0f06d4fe6,디아르망,여자가 좋아하는 남자 니치 블루마틴,UNSPECIFIED,LIQUID_PERFUME,cf_fcba408c0d88,True,False,,,,,1,1,0,musinsa:333,False,,,,,,,,333.0,,
ci_5793667d500c,Elizabeth Arden,그린티 코코넛브리즈,EDT,LIQUID_PERFUME,cf_666d4fa61d10,True,False,,,,,1,1,0,musinsa:334,False,,,,,,,,334.0,,
ci_e1a8a151aae2,Versace,뿌르옴므 딜런블루,EDT,LIQUID_PERFUME,cf_5edbf794cff9,True,False,,,,,1,1,0,musinsa:335,False,,,,,,,,335.0,,
ci_687504aac14b,그라펜,타투 원우드,PARFUM_UNSPECIFIED,ROLL_ON,cf_d23bb7b8cb9e,True,False,,,,,1,1,0,musinsa:336,False,,,,,,,,336.0,,
ci_784a273ea50d,라피네르,노드아이 오리진 메탈 튤립,PARFUM_UNSPECIFIED,LIQUID_PERFUME,cf_d6dad2cd9e0e,True,False,,,,,1,1,0,musinsa:337,False,,,,,,,,337.0,,
ci_064e3172215c,Adidas,아디다스 바이브 스무스 페이스,EDP,LIQUID_PERFUME,cf_16a6bb740c5c,True,False,,,,,1,1,0,musinsa:338,False,,,,,,,,338.0,,
ci_c0bd4a4f5b6e,ANILLO,엠버528,EDP,LIQUID_PERFUME,cf_7ecf977bd837,True,False,,,,,1,1,0,musinsa:339,False,,,,,,,,339.0,,
ci_86a33bd30fbf,라퐁프,모하비고스트,UNSPECIFIED,LIQUID_PERFUME,cf_600354050690,True,False,,,,,1,1,0,musinsa:341,False,,,,,,,,341.0,,
ci_6a8371b682cf,누다라,시그니처 틴타슈,PARFUM_UNSPECIFIED,LIQUID_PERFUME,cf_9361fbfbe921,True,False,,,,,1,1,0,musinsa:342,False,,,,,,,,342.0,,
ci_5521c25e1459,Kenzo,로 겐조 뿌르옴므,EDT,LIQUID_PERFUME,cf_47d48689c1c5,True,False,,,,,1,1,0,musinsa:344,False,,,,,,,,344.0,,
ci_f21db36f96f8,Ahro,풀 문 블로썸,UNSPECIFIED,LIQUID_PERFUME,cf_1ee5bd2796bd,True,False,,,,,1,1,0,musinsa:345,True,NO_MATCH,,compatible candidate not found,95502|95501|95500,0.428571,Cheery Freesia|Iris Soap|Tangerine Sunshine,0.064935,345.0,,
ci_3431d14236d3,Calvin Klein,씨케이원 에센스 인텐스100ml,PARFUM_UNSPECIFIED,LIQUID_PERFUME,cf_1c70e5cd2d6c,True,False,,,,,1,1,0,musinsa:347,False,,,,,,,,347.0,,
ci_a88d01a37159,Montblanc,익스플로러 익스트림,PARFUM_UNSPECIFIED,LIQUID_PERFUME,cf_74e835add973,True,False,,,,,1,1,0,musinsa:348,False,,,,,,,,348.0,,
ci_e2bbb1d18103,Forment,박지훈 시그니처 코튼허그,PARFUM_UNSPECIFIED,LIQUID_PERFUME,cf_dc7d8a66b49c,True,False,,,,,1,1,0,oliveyoung:3,True,NO_MATCH,,compatible candidate not found,75979|123203|123202,0.5,Cotton Hug|Cotton Memory|Cotton Kiss,0.2,,3.0,
ci_3f1625d048c2,Jennifer Lopez,글로우 바이제이로,EDT,BODY_FRAGRANCE,cf_87a4f91d80c0,True,False,,,,,1,1,0,oliveyoung:14,True,NO_MATCH,,compatible candidate not found,,,,,,14.0,
ci_b8cd393d2c56,Narciso Rodriguez,타잔 포 허 퓨어 머스크,EDP,LIQUID_PERFUME,cf_d43315e25eb1,True,False,,,,,1,1,0,oliveyoung:17,True,NO_MATCH,,compatible candidate not found,76831|63293|6576|101594|47303,0.625,Jasmine Musc|Patchouli Musc|Narciso Rodriguez for Him Musk|Safran Musc|Santal Musc,0.036765,,17.0,
ci_be5552a929f6,Forment,박지훈 시그니처 코튼메모리,PARFUM_UNSPECIFIED,LIQUID_PERFUME,cf_029e6f7b4540,True,True,7.0,MATCH,brand_exact + identity_exact + promotional_copy_removed | brand_exact + identity_exact + promotional_edition_removed,ci_be5552a929f6,3,1,2,oliveyoung:20|hwahae:7|hwahae:18,True,NO_MATCH,,compatible candidate not found,123203|123202|75979,0.5,Cotton Memory|Cotton Kiss|Cotton Hug,0.2,,20.0,
ci_f149cc2700c4,Forment,박지훈 시그니처 코튼베이비,PARFUM_UNSPECIFIED,LIQUID_PERFUME,cf_ca1a7dffc4a1,True,False,,,,,1,1,0,oliveyoung:23,True,NO_MATCH,,compatible candidate not found,123203|123202|75979,0.315789,Cotton Memory|Cotton Kiss|Cotton Hug,0.0,,23.0,
ci_28ef15b9cc2a,Clean,웜코튼,EDP,LIQUID_PERFUME,cf_b80f77dd693b,True,False,,,,,1,1,0,oliveyoung:27,True,MATCH,3024.0,brand exact/explicit alias; name unique high similarity score=0.889 margin=0.222; no conflicting concentration record; form compatible,3024|23032|3030|71221|55779,0.888889,Clean Warm Cotton|Cool Cotton|Clean Man|Clean Classic Warm Cotton|White Amber & Warm Cotton,0.222222,,27.0,
ci_4f945c5205c0,Atelier Faye,데이오프,PARFUM_UNSPECIFIED,LIQUID_PERFUME,cf_e282c27e55c9,True,True,20.0,MATCH,brand_exact + identity_exact + local_product_type_evidence,ci_4f945c5205c0,2,1,1,oliveyoung:29|hwahae:20,True,NO_MATCH,,brand unresolved or fragrance name empty,,,,,,29.0,
ci_bef9410756d3,Calvin Klein,CK 비,EDT,LIQUID_PERFUME,cf_58499b932bda,True,True,86.0,MATCH,brand_alias_CK_CalvinKlein + identity_exact + EDT_exact,ci_bef9410756d3,2,1,1,oliveyoung:30|hwahae:86,True,MATCH,275.0,brand exact/explicit alias; name unique high similarity score=1.000 margin=0.200; concentration compatible; form compatible,275|273|274|32563|13497,1.0,CK be|Crave|Calvin|CK2|CK Free Blue,0.2,,30.0,
ci_9a08a16f5b5e,Ariana Grande,땡큐 넥스트,EDP,LIQUID_PERFUME,cf_9a3ff5083c2c,True,True,33.0,MATCH,brand_exact + identity_exact + EDP_exact; 2.0_variant_not_used,ci_9a08a16f5b5e,2,1,1,oliveyoung:31|hwahae:33,True,MATCH,56741.0,"snapshot manual confirmation: brand, fragrance name, concentration/form compatible",56741,1.0,"Thank U, Next",,,31.0,
ci_e138e63c4dbd,Clean,& 휩드바닐라,PARFUM_UNSPECIFIED,HAIR_FRAGRANCE,cf_0969dea96bf9,True,False,,,,,1,1,0,oliveyoung:32,True,NO_MATCH,,compatible candidate not found,128986,0.243902,Skin [Reserve Blend] Hair Perfume,0.243902,,32.0,
ci_e950f7d25ef0,Calvin Klein,CK One,EDT,LIQUID_PERFUME,cf_cebf9ae3f860,True,True,30.0,MATCH,brand_alias_CK_CalvinKlein + identity_exact + EDT_exact,ci_e950f7d25ef0,2,1,1,oliveyoung:33|hwahae:30,True,MATCH,276.0,brand exact/explicit alias; name exact score=1.000 margin=0.286; no conflicting concentration record; form compatible,276|39123|277|275|274,1.0,CK One|CK One Gold|CK One Scene|CK be|Calvin,0.285714,,33.0,
ci_ecc1ed6c7ff8,John Varvatos,아티산 중,EDT,LIQUID_PERFUME,cf_98b92cc2e516,True,False,,,,,1,1,0,oliveyoung:34,True,MATCH,5534.0,"snapshot manual confirmation: brand, fragrance name, concentration/form compatible",5534,1.0,Artisan,,,34.0,
ci_d49aa1d6db5e,Clean,웜코튼 중,EDP,LIQUID_PERFUME,cf_d96afb511ff7,True,False,,,,,1,1,0,oliveyoung:36,True,MATCH,3024.0,"snapshot manual confirmation: brand, fragrance name, concentration/form compatible",3024,1.0,Clean Warm Cotton,,,36.0,
ci_d3737a1b01d7,Chloé,로 드 인텐스 50,EDP,LIQUID_PERFUME,cf_379f7ddde27c,True,False,,,,,1,1,0,oliveyoung:37,True,MATCH_REVIEW,,candidate retrieval only; name score=0.714 margin=0.071; manual confirmation required; no conflicting concentration record,12594|101280|96145|76287|11344,0.714286,Love Eau Intense|Cedrus Intense|Chloé L'Eau de Parfum Intense (2024)|Chloé Rose Naturelle Intense|Chloé Rose Edition,0.071429,,37.0,
ci_6a46ead3c476,Ariana Grande,스위트 라이크 캔디 중,EDP,LIQUID_PERFUME,cf_a32f4ea18c27,True,False,,,,,1,1,0,oliveyoung:39,True,MATCH,39970.0,"snapshot manual confirmation: brand, fragrance name, concentration/form compatible",39970,1.0,Sweet Like Candy,,,39.0,
ci_55c32188b932,Narciso Rodriguez,포 허 퓨어 머스크 블랑,UNSPECIFIED,LIQUID_PERFUME,cf_ceba3e317f5a,True,False,,,,,1,1,0,oliveyoung:40,True,MATCH,122211.0,"snapshot manual confirmation: brand, fragrance name, concentration/form compatible",122211,1.0,Pure Musc Blanc For Her,,,40.0,
ci_ecf6117c3a16,Calvin Klein,CK 올,EDT,LIQUID_PERFUME,cf_f26ea16582f0,True,True,79.0,MATCH,brand_alias_CK_CalvinKlein + identity_exact + EDT_exact,ci_ecf6117c3a16,2,1,1,oliveyoung:41|hwahae:79,True,MATCH,42944.0,brand exact/explicit alias; name unique high similarity score=1.000 margin=0.200; concentration compatible; form compatible,42944|6281|273|276|274,1.0,CK All|CK Free|Crave|CK One|Calvin,0.2,,41.0,
ci_a5b6588d75c6,Lanvin,잔느,EDP,LIQUID_PERFUME,cf_95772c18e25d,True,True,59.0,MATCH,brand_exact + identity_exact + EDP_exact,ci_a5b6588d75c6,3,2,1,oliveyoung:44|oliveyoung:51|hwahae:59,True,MATCH,3779.0,brand exact/explicit alias; name unique high similarity score=1.000 margin=0.333; no conflicting concentration record; form compatible,3779|7761|14704|11316|9074,1.0,Jeanne Lanvin|Jeanne La Rose|Jeanne Lanvin Couture|Jeanne La Plume|Jeanne Lanvin My Sin,0.333333,,44.0,
ci_f2e2d7044172,Forment,시그니처 코튼배쓰,PARFUM_UNSPECIFIED,LIQUID_PERFUME,cf_15ebc984ec5a,True,False,,,,,1,1,0,oliveyoung:45,True,NO_MATCH,,compatible candidate not found,123202|123203|75979,0.533333,Cotton Kiss|Cotton Memory|Cotton Hug,0.133333,,45.0,
ci_090d5c757bdd,Narciso Rodriguez,프레쉬로즈향 나르시소 크리스탈,EDP,LIQUID_PERFUME,cf_b0b728bf3515,True,False,,,,,1,1,0,oliveyoung:48,True,NO_MATCH,,compatible candidate not found,122133|53441|73075|71596|12843,0.538462,Narciso Rodriguez for Him Musc Santal|Pure Musc For Her|Narciso Eau de Parfum Cristal|Musc Noir Rose For Her|Essence in Color,0.058462,,48.0,
ci_92cf3d32574e,Philosophy,원지안 어메이징 그레이스 60ml,EDT,LIQUID_PERFUME,cf_db32b9a532b6,True,False,,,,,1,1,0,oliveyoung:49,True,NO_MATCH,,compatible candidate not found,65978|55392|47425|35931|132980,0.521739,Amazing Grace Jasmine|Amazing Grace Magnolia|Amazing Grace Snow Globe|Pure Grace Summer|Summer Grace Sea of Love,0.0,,49.0,
ci_d7f360daaaee,라멜린,플로럴,PARFUM_UNSPECIFIED,LIQUID_PERFUME,cf_396d3741f494,True,False,,,,,1,1,0,oliveyoung:50,True,NO_MATCH,,compatible candidate not found,120625|120623|120622|120621|120620,0.0,Объятие|Когда цветёт папоротник|Облака под нами|Садовник и роза|Кафе на краю Вселенной,0.0,,50.0,
ci_c5f6aa864282,Calvin Klein,CK One 에센스 인텐스,PARFUM_UNSPECIFIED,LIQUID_PERFUME,cf_eeaa87bd68e8,True,False,,,,,1,1,0,oliveyoung:52,True,NO_MATCH,,compatible candidate not found,9548|95956|113727|58766|277,0.666667,CK One We Are One Magnets|CK One Essence|CK One Essence Viva Love|CK One Chinese New Year Edition|CK One Scene,0.041667,,52.0,
ci_979dd155638a,Luafee,러블리한 플로럴향 오 러브,EDP,LIQUID_PERFUME,cf_4251629a55ec,True,False,,,,,1,1,0,oliveyoung:54,True,NO_MATCH,,compatible candidate not found,129836|129833|99134|129834|129835,0.333333,"Dive Garden|White Apricot|Oh, Love|Steamy Soap|Cozy Musk",0.0,,54.0,
ci_102e06f3190c,Atelier Faye,마이스킨벗베러,PARFUM_UNSPECIFIED,LIQUID_PERFUME,cf_366fe3278c82,True,False,,,,,1,1,0,oliveyoung:56,True,NO_MATCH,,brand unresolved or fragrance name empty,,,,,,56.0,
ci_39c0948727fa,Addct,네이키드 뮤게 313,PARFUM_UNSPECIFIED,SOLID_FRAGRANCE,cf_caf05627b164,True,False,,,,,1,1,0,oliveyoung:58,True,NO_MATCH,,compatible candidate not found,,,,,,58.0,
ci_ae81bd990904,Calvin Klein,씨케이원 나이트 에센스,EDP,LIQUID_PERFUME,cf_5cbeb8d4e5bd,True,False,,,,,1,1,0,oliveyoung:59,True,MATCH_REVIEW,,candidate retrieval only; name score=0.714 margin=0.048; manual confirmation required; no conflicting concentration record,3592|129391|95956|79608|68751,0.714286,Secret Obsession|CK One Night Essence|CK One Essence|CK One Reflections|Euphoria Intense,0.047619,,59.0,
ci_ed334daca304,Lanvin,레 플레르 드 워터 릴리,EDT,LIQUID_PERFUME,cf_0139983bbcc4,True,True,68.0,MATCH,brand_exact + collection_label_normalized + identity_exact + EDT_exact,ci_ed334daca304,3,2,1,oliveyoung:60|oliveyoung:62|hwahae:68,True,NO_MATCH,,compatible candidate not found,5798|5717|12072|6638|69740,0.625,Arpege Eclat d'Arpege|L'Homme Sport|Clair de Jour|Eclat d'Arpege Limited Edition|Water Lily,0.009615,,60.0,
ci_cacb957def3b,Lanvin,레 플레르 드 써니 매그놀리아,EDT,LIQUID_PERFUME,cf_ea6be805a1eb,True,False,,,,,2,2,0,oliveyoung:61|oliveyoung:91,True,MATCH,69742.0,"snapshot manual confirmation: brand, fragrance name, concentration/form compatible",69742,1.0,Sunny Magnolia,,,61.0,
ci_12ad9e9642b2,Atelier Faye,뮤게가든,PARFUM_UNSPECIFIED,LIQUID_PERFUME,cf_fcc87ca6d15b,True,False,,,,,1,1,0,oliveyoung:63,True,NO_MATCH,,brand unresolved or fragrance name empty,,,,,,63.0,
ci_fd42acc0c3f9,어뮤즈,올영 한정,PARFUM_UNSPECIFIED,HAIR_FRAGRANCE,cf_c122f4842a09,True,False,,,,,1,1,0,oliveyoung:65,True,NO_MATCH,,compatible candidate not found,,,,,,65.0,
ci_2203fd6a322c,Addct,네이키드 머스크 103,PARFUM_UNSPECIFIED,SOLID_FRAGRANCE,cf_340fc7bc332c,True,False,,,,,1,1,0,oliveyoung:66,True,NO_MATCH,,compatible candidate not found,,,,,,66.0,
ci_30370b03b0c1,Jimmy Choo,아이 원 추,EDP,LIQUID_PERFUME,cf_a5afdc7271ce,True,False,,,,,3,3,0,oliveyoung:67|oliveyoung:108|oliveyoung:144,True,MATCH,64015.0,brand exact/explicit alias; name unique high similarity score=0.857 margin=0.190; no conflicting concentration record; form compatible,64015|43304|118672|113626|75969,0.857143,I Want Choo|Jimmy Choo Man Ice|I Want Choo Edition|I Want Choo With Love|I Want Choo Forever,0.190476,,67.0,
ci_2fc2db319ecd,Montblanc,레전드 중,EDT,LIQUID_PERFUME,cf_fe5d68bf8700,True,False,,,,,1,1,0,oliveyoung:71,True,NO_MATCH,,compatible candidate not found,11784|18861|831|832|71652,0.545455,Legend|Legend Intense|Présence d'une femme|Presence|Legend Red,0.012121,,71.0,
ci_65eac4509013,Jimmy Choo,,EDT,LIQUID_PERFUME,cf_7dfcf9743ea9,True,True,83.0,MATCH,brand_exact + identity_exact + EDT_exact,ci_65eac4509013,3,2,1,oliveyoung:72|oliveyoung:81|hwahae:83,True,NO_MATCH,,brand unresolved or fragrance name empty,,,,,,72.0,
ci_d35f8c98bc46,Clean,& 파파야 파라다이스,PARFUM_UNSPECIFIED,HAIR_FRAGRANCE,cf_b57440fcc667,True,False,,,,,1,1,0,oliveyoung:75,True,NO_MATCH,,compatible candidate not found,128986,0.27907,Skin [Reserve Blend] Hair Perfume,0.27907,,75.0,
ci_9e5e93b2c387,Laura Mercier,앰버바닐라,EDP,LIQUID_PERFUME,cf_6325e48efb4d,True,False,,,,,1,1,0,oliveyoung:78,True,NO_MATCH,,compatible candidate not found,4305|10505|18363|82508|18364,0.6,Ambre Passion|Ambre Passion Elixir|Lumiere D'Ambre|Ambre Vanille Eau de Parfum|Eau Gourmande Ambre Vanille,0.028571,,78.0,
ci_b0e2f4a43c26,Chloé,루미네즈,EDP,LIQUID_PERFUME,cf_31f1cc25e405,True,False,,,,,1,1,0,oliveyoung:79,True,NO_MATCH,,compatible candidate not found,101280|96452|57252|6358|68777,0.545455,Cedrus Intense|Orchidée de Minuit|Rosa Damascena|Chloé Eau de Parfum Intense|Chloé Eau de Parfum Naturelle,0.0,,79.0,
ci_cde0bdb250ad,Jimmy Choo,아이 원 추 포에버,EDP,LIQUID_PERFUME,cf_abb63a33b39b,True,False,,,,,1,1,0,oliveyoung:80,True,NO_MATCH,,compatible candidate not found,64015|113626|75969|95156|118672,0.666667,I Want Choo|I Want Choo With Love|I Want Choo Forever|I Want Choo Le Parfum|I Want Choo Edition,0.051282,,80.0,
ci_b1e88853f76a,Jimmy Choo,아이원추 르 파팡,PARFUM_UNSPECIFIED,LIQUID_PERFUME,cf_f35c7fcc1934,True,False,,,,,1,1,0,oliveyoung:82,True,MATCH,95156.0,"snapshot manual confirmation: brand, fragrance name, concentration/form compatible",95156,1.0,I Want Choo Le Parfum,,,82.0,
ci_91832dbcb560,Burberry,위크엔드 우먼,EDP,LIQUID_PERFUME,cf_0ddd1d211dc1,True,False,,,,,1,1,0,oliveyoung:83,True,MATCH,1000.0,"snapshot manual confirmation: brand, fragrance name, concentration/form compatible",1000,1.0,Weekend for Women,,,83.0,
ci_8343895b72bc,Burberry,포맨,EDT,LIQUID_PERFUME,cf_15ccf23bef1d,True,False,,,,,1,1,0,oliveyoung:85,True,MATCH_REVIEW,,candidate retrieval only; name score=0.800 margin=0.000; manual confirmation required; no conflicting concentration record,818|817|7614|7613|60796,0.8,Burberry Women|Burberry Men|Burberry Sport for Men|Burberry Sport for Women|Mr. Burberry Element,0.0,,85.0,
ci_e244fce7bce0,Chloé,르,EDP,LIQUID_PERFUME,cf_c93e9591b3b7,True,False,,,,,1,1,0,oliveyoung:86,True,NO_MATCH,,compatible candidate not found,69292|57251|9370|5838|76993,0.666667,Iris|Neroli|Love|Chloé Lisy|Violette,0.0,,86.0,
ci_3637be30a1f2,Lanvin,메리미,EDP,LIQUID_PERFUME,cf_8d8b0136c82d,True,True,54.0,MATCH,brand_exact + identity_exact + EDP_exact,ci_3637be30a1f2,3,2,1,oliveyoung:87|oliveyoung:132|hwahae:54,True,MATCH,9405.0,brand exact/explicit alias; name unique high similarity score=1.000 margin=0.333; concentration compatible; form compatible,9405|17374|364|45125|5800,1.0,Marry Me|Marry Me a la Folie|Rumeur|Lanvin for Men|Monsieur Lanvin,0.333333,,87.0,
ci_1f86ce3efead,Kenzo,플라워바이,EDP,LIQUID_PERFUME,cf_29bc916eca15,True,False,,,,,4,4,0,oliveyoung:88|oliveyoung:148|oliveyoung:236|oliveyoung:266,True,MATCH,72.0,"snapshot manual confirmation: brand, fragrance name, concentration/form compatible",72,1.0,Flower by Kenzo,,,88.0,
ci_3d6cd9885fad,Burberry,터치 포 맨,EDT,LIQUID_PERFUME,cf_139b1d8dad8f,True,False,,,,,1,1,0,oliveyoung:89,True,MATCH,815.0,"snapshot manual confirmation: brand, fragrance name, concentration/form compatible",815,1.0,Touch for Men,,,89.0,
ci_e978ba807ebb,Calvin Klein,CK 디파이,EDT,LIQUID_PERFUME,cf_2a169a94354b,True,False,,,,,1,1,0,oliveyoung:92,True,NO_MATCH,,compatible candidate not found,271|73293|42944|39123|8101,0.666667,Escape|CK1 Palace|CK All|CK One Gold|ck IN2U Heat Him,0.166667,,92.0,
ci_d2fcaaa64889,Ralph Lauren,폴로 랄프 중,EDT,LIQUID_PERFUME,cf_9c5f817444a2,True,False,,,,,1,1,0,oliveyoung:93,True,NO_MATCH,,compatible candidate not found,62728|48111|895|83219|18598,0.571429,Polo Red Pride Edition|Polo Ultra Blue|Polo Sport Woman|Polo Earth Provencial Sage|Polo Red,0.0,,93.0,
ci_d7564396fd9b,Forment,시그니처 코튼브리즈,PARFUM_UNSPECIFIED,LIQUID_PERFUME,cf_5087eb58dad2,True,True,24.0,MATCH,brand_exact + identity_exact + promotional_copy_removed,ci_d7564396fd9b,2,1,1,oliveyoung:96|hwahae:24,True,NO_MATCH,,compatible candidate not found,123203|123202|75979,0.5,Cotton Memory|Cotton Kiss|Cotton Hug,0.125,,96.0,
ci_c0312168b64b,든향,보라색 베이비 로션향 파자마,EDP,LIQUID_PERFUME,cf_039b1356c0fa,True,False,,,,,1,1,0,oliveyoung:97,True,NO_MATCH,,compatible candidate not found,120625|120623|120622|120621|120620,0.0,Объятие|Когда цветёт папоротник|Облака под нами|Садовник и роза|Кафе на краю Вселенной,0.0,,97.0,
ci_cb304d30c259,Kiss New York,엔믹스지우 스킨센트,EDP,LIQUID_PERFUME,cf_03f54dcd99eb,True,False,,,,,1,1,0,oliveyoung:98,True,NO_MATCH,,compatible candidate not found,97893|113667|113666|97890|113668,0.4,Sun Kisses|Silver Queen|Vanilla Passion|Pink Romance|Blush Princess,0.047059,,98.0,
ci_e24fb8fa9c57,Adidas,김재원 아디다스 스파크업 30ml,EDP,LIQUID_PERFUME,cf_bf470d66296f,True,False,,,,,1,1,0,oliveyoung:99,True,NO_MATCH,,compatible candidate not found,7212|98468|7206|43407|43406,0.526316,Adidas Game Spirit|Spark Up|Adidas Urban Spice|Born Original Today Pour Lui|Born Original Today Pour Elle,0.081871,,99.0,
ci_9fb8efce2e13,Forment,박지훈 거울키링 시그니처 코튼메모리 포켓몬 에디션,PARFUM_UNSPECIFIED,HAIR_FRAGRANCE,cf_ad1aee3891fa,True,False,,,,,1,1,0,oliveyoung:100,True,NO_MATCH,,compatible candidate not found,,,,,,100.0,
ci_ead2ce126fdc,라멜린,청량한향 오션,PARFUM_UNSPECIFIED,LIQUID_PERFUME,cf_be534eb70925,True,False,,,,,1,1,0,oliveyoung:102,True,NO_MATCH,,compatible candidate not found,120625|120623|120622|120621|120620,0.0,Объятие|Когда цветёт папоротник|Облака под нами|Садовник и роза|Кафе на краю Вселенной,0.0,,102.0,
ci_d07b4e786ac6,그라펜,무화과 우디 타투 원우드,PARFUM_UNSPECIFIED,ROLL_ON,cf_d1b2e3b4e088,True,False,,,,,1,1,0,oliveyoung:103,True,NO_MATCH,,compatible candidate not found,,,,,,103.0,
ci_22174ff268e4,Calvin Klein,CK One 어워즈 한정,EDT,LIQUID_PERFUME,cf_10144bdee303,True,False,,,,,1,1,0,oliveyoung:105,True,NO_MATCH,,compatible candidate not found,95956|9548|58766|129391|79608,0.5625,CK One Essence|CK One We Are One Magnets|CK One Chinese New Year Edition|CK One Night Essence|CK One Reflections,0.0125,,105.0,
ci_c0a10848ee51,Dolce&Gabbana,리뉴얼 라이트블루,EDT,LIQUID_PERFUME,cf_ac2c66cdb060,True,False,,,,,1,1,0,oliveyoung:109,True,MATCH,485.0,"snapshot manual confirmation: brand, fragrance name, concentration/form compatible",485,1.0,Light Blue,,,109.0,
ci_7b1b0c3c97bf,Lanvin,레 플레르 드 블루 오키드,EDT,LIQUID_PERFUME,cf_19dad0597d0d,True,False,,,,,1,1,0,oliveyoung:110,True,NO_MATCH,,compatible candidate not found,14014|69741|5798|22925|12072,0.666667,Arpege Eau Delicieuse|Blue Orchid|Arpege Eclat d'Arpege|Marry Me! Love Balloons|Clair de Jour,0.051282,,110.0,
ci_df04693e4cb4,Philosophy,원지안 어메이징 그레이스 발레로즈,EDT,LIQUID_PERFUME,cf_091ff970a215,True,False,,,,,1,1,0,oliveyoung:111,True,NO_MATCH,,compatible candidate not found,72471|64081|47425|45711|7831,0.521739,Amazing Grace Lavender|Amazing Grace Bergamot|Amazing Grace Snow Globe|Amazing Grace Ballet Rose|Unconditional Love,0.0,,111.0,
ci_801a083b87d3,Ariana Grande,클라우드,EDP,LIQUID_PERFUME,cf_27a342bde00c,True,True,72.0,MATCH,brand_exact + identity_exact + EDP_exact,ci_801a083b87d3,2,1,1,oliveyoung:112|hwahae:72,True,MATCH,50384.0,brand exact/explicit alias; name unique high similarity score=1.000 margin=0.333; no conflicting concentration record; form compatible,50384|83995|69296|96257|96255,1.0,Cloud|Cloud Pink|Cloud Intense|Vanilla Suede|Pink Woods,0.333333,,112.0,
ci_a87ef349f868,Atelier Faye,베이비 피치,PARFUM_UNSPECIFIED,LIQUID_PERFUME,cf_d76c0d74ba2b,True,False,,,,,1,1,0,oliveyoung:114,True,NO_MATCH,,brand unresolved or fragrance name empty,,,,,,114.0,
ci_8edbde5051d7,RboW,로즈 퀴르,PARFUM_UNSPECIFIED,HAIR_FRAGRANCE,cf_213619005ccf,True,False,,,,,1,1,0,oliveyoung:116,True,NO_MATCH,,compatible candidate not found,,,,,,116.0,
ci_1029293a858d,RboW,모노크롬,PARFUM_UNSPECIFIED,HAIR_FRAGRANCE,cf_b1a61ccbaebc,True,False,,,,,1,1,0,oliveyoung:117,True,NO_MATCH,,compatible candidate not found,,,,,,117.0,
ci_fa40e8f891bc,로맨띠끄,명품 블랙베리&베이 블랙베리,PARFUM_UNSPECIFIED,LIQUID_PERFUME,cf_01a181d1b59d,True,False,,,,,1,1,0,oliveyoung:120,True,NO_MATCH,,compatible candidate not found,120625|120623|120622|120621|120620,0.0,Объятие|Когда цветёт папоротник|Облака под нами|Садовник и роза|Кафе на краю Вселенной,0.0,,120.0,
ci_e9ded798e88b,슬로우허밍,올영단독 미니 플라워너리 릴리프 플라워솝,PARFUM_UNSPECIFIED,HAIR_FRAGRANCE,cf_642d4d4be19e,True,False,,,,,1,1,0,oliveyoung:121,True,NO_MATCH,,compatible candidate not found,,,,,,121.0,
ci_8d3fd68851e5,저스트에즈아이엠,무화과 수분충전 아이엠,PARFUM_UNSPECIFIED,HAIR_FRAGRANCE,cf_a8422bb98e91,True,False,,,,,1,1,0,oliveyoung:122,True,NO_MATCH,,compatible candidate not found,,,,,,122.0,
ci_f5f8a6517ebc,Dolce&Gabbana,베스트 리뉴얼 라이트블루,EDT,LIQUID_PERFUME,cf_06b308b242fd,True,False,,,,,1,1,0,oliveyoung:124,True,NO_MATCH,,compatible candidate not found,72621|13745|31355|25154|48999,0.6,Light Blue Italian Love|Velvet Vetiver|Velvet Exotic Leather|Velvet Bergamot|The One Baroque,0.011765,,124.0,
ci_5f841369d660,Chloé,노마드,EDP,LIQUID_PERFUME,cf_8c663c17c6a8,True,False,,,,,1,1,0,oliveyoung:125,True,MATCH,48434.0,brand exact/explicit alias; name unique high similarity score=1.000 margin=0.333; concentration compatible; form compatible,48434|53224|89372|57249|98266,1.0,Nomade|Nomade Eau de Toilette|Nomade Nuit d’Egypte|Lavanda|Nomade Jasmin Naturel,0.333333,,125.0,
ci_e9e3d3d4f4c3,Chloé,로즈탠저린,EDT,LIQUID_PERFUME,cf_081f4800f765,True,False,,,,,1,1,0,oliveyoung:127,True,MATCH,62372.0,"snapshot manual confirmation: brand, fragrance name, concentration/form compatible",62372,1.0,Chloé Rose Tangerine,,,127.0,
ci_6d23c4cc8ad3,Narciso Rodriguez,엉브레,EDP,LIQUID_PERFUME,cf_d9df97212003,True,False,,,,,1,1,0,oliveyoung:128,True,NO_MATCH,,compatible candidate not found,63803|96882|26127|66351|130936,0.545455,Narciso Grace|Radiant Magnolia|Narciso |Narciso Eau Néroli Ambrée|Neroli Essence,0.045455,,128.0,
ci_7f39563a5790,Mercedes-Benz,맨,EDT,LIQUID_PERFUME,cf_1e0c8741ef87,True,False,,,,,3,3,0,oliveyoung:129|oliveyoung:131|oliveyoung:240,True,MATCH,41338.0,brand exact/explicit alias; name unique high similarity score=1.000 margin=0.333; no conflicting concentration record; form compatible,41338|68792|123200|72635|41811,1.0,Mercedes-Benz Woman|Mercedes-Benz Woman In Red|Mercedes-Benz Man Fresh|Mercedes-Benz Ultimate|Mercedes-Benz Woman Eau de Toilette,0.333333,,129.0,
ci_995ff22a2add,Postes,프롬 생트로페 2607 리뉴얼,EDP,LIQUID_PERFUME,cf_06f9249ad235,True,False,,,,,1,1,0,oliveyoung:130,True,NO_MATCH,,compatible candidate not found,124051|124052|124056|124050|124053,0.56,From.Saint-Tropez|From.Manhattan|From.Istanbul|From.Otaru|From.Bern,0.125217,,130.0,
ci_8acb92ed35b3,Ariana Grande,땡큐 넥스트 중,EDP,LIQUID_PERFUME,cf_993faf12454a,True,False,,,,,1,1,0,oliveyoung:133,True,MATCH,56741.0,"snapshot manual confirmation: brand, fragrance name, concentration/form compatible",56741,1.0,"Thank U, Next",,,133.0,
ci_d6f47d522967,Clean,스트로베리필즈 중,EDP,LIQUID_PERFUME,cf_83f763ec96d0,True,False,,,,,1,1,0,oliveyoung:134,True,MATCH,104123.0,"snapshot manual confirmation: brand, fragrance name, concentration/form compatible",104123,1.0,Strawberry Fields,,,134.0,
ci_f05320b774b8,Huxley,포트브레스,PARFUM_UNSPECIFIED,LIQUID_PERFUME,cf_550a57df6189,True,False,,,,,1,1,0,oliveyoung:135,True,NO_MATCH,,compatible candidate not found,132011|131991|131987|131985|132202,0.666667,Port Breathe|Rose Picker|Berber Portrait|Moroccan Gardener|Sunset Fog,0.266667,,135.0,
ci_afa8a883decc,Kiss New York,엔믹스릴리 앰버버번,EDP,LIQUID_PERFUME,cf_3aff32f2809e,True,False,,,,,1,1,0,oliveyoung:137,True,NO_MATCH,,compatible candidate not found,97890|113667|97893|113664|97891,0.666667,Pink Romance|Silver Queen|Sun Kisses|Peony Dream|Night Love,0.095238,,137.0,
ci_061397e78705,Adidas,김재원 아디다스 해피필즈,EDP,LIQUID_PERFUME,cf_c5664c6a7ca4,True,False,,,,,1,1,0,oliveyoung:138,True,NO_MATCH,,compatible candidate not found,7212|40653|43407|43406|23741,0.625,Adidas Game Spirit|Moves Her|Born Original Today Pour Lui|Born Original Today Pour Elle|Adidas Get Ready! For Her,0.091667,,138.0,
ci_b58c9e05319d,Atelier Faye,슬립핑 베이비,PARFUM_UNSPECIFIED,HAIR_FRAGRANCE,cf_4d6a8c996a34,True,False,,,,,1,1,0,oliveyoung:140,True,NO_MATCH,,brand unresolved or fragrance name empty,,,,,,140.0,
ci_e0047f33d1fc,그라펜,기프트 타투 원우드 선물,PARFUM_UNSPECIFIED,SOLID_FRAGRANCE,cf_d2f699856a66,True,False,,,,,1,1,0,oliveyoung:141,True,NO_MATCH,,compatible candidate not found,,,,,,141.0,
ci_da542ea22760,Narciso Rodriguez,클린코튼향 나르시소 래디언트,EDP,LIQUID_PERFUME,cf_cfe454f436d2,True,False,,,,,1,1,0,oliveyoung:145,True,NO_MATCH,,compatible candidate not found,18827|102879|11266|18828|10297,0.529412,Narciso Rodriguez for Her (10th Anniversary Limited Edition)|Narciso Eau de Parfum Radiante|Narciso Rodriguez For Her Iridescent|Narciso Rodriguez for Her Eau de Parfum (10th Anniversary Limited Edition)|Essence Musc Collection Eau de Parfum Intense,0.046653,,145.0,
ci_fb0dea544479,Philosophy,어메이징 그레이스,EDP,LIQUID_PERFUME,cf_888859454e23,True,False,,,,,1,1,0,oliveyoung:146,True,MATCH,4849.0,"snapshot manual confirmation: brand, fragrance name, concentration/form compatible",4849,1.0,Amazing Grace,,,146.0,
ci_46384c7971c9,Clean,퓨어솝 중,EDP,LIQUID_PERFUME,cf_18770a5d0256,True,False,,,,,1,1,0,oliveyoung:150,True,MATCH,68416.0,"snapshot manual confirmation: brand, fragrance name, concentration/form compatible",68416,1.0,Pure Soap,,,150.0,
ci_c0c0fa5e9996,누다라,우디 무화과향 우드마벨,EDP,LIQUID_PERFUME,cf_a7ff4e6faa2a,True,False,,,,,1,1,0,oliveyoung:153,True,NO_MATCH,,compatible candidate not found,120625|120623|120622|120621|120620,0.0,Объятие|Когда цветёт папоротник|Облака под нами|Садовник и роза|Кафе на краю Вселенной,0.0,,153.0,
ci_cd58bf00b394,헤레카,트렌디한 우디향 스모키우드,PARFUM_UNSPECIFIED,LIQUID_PERFUME,cf_95609e6b4782,True,False,,,,,1,1,0,oliveyoung:154,True,NO_MATCH,,compatible candidate not found,120625|120623|120622|120621|120620,0.0,Объятие|Когда цветёт папоротник|Облака под нами|Садовник и роза|Кафе на краю Вселенной,0.0,,154.0,
ci_e7c642a19e91,Addct,보이드 우드,EDP,LIQUID_PERFUME,cf_3533993b18b6,True,False,,,,,1,1,0,oliveyoung:158,True,MATCH,131211.0,brand exact/explicit alias; name unique high similarity score=1.000 margin=0.545; no conflicting concentration record; form compatible,131211|131208|131564|131209|131565,1.0,Void Wood|Before Sunset|Lily Veil|Blanc de Bloom|Verbena Rain,0.545455,,158.0,
ci_f28d24461591,Addct,웜 애프터눈,EDP,LIQUID_PERFUME,cf_e437d3cbb2f1,True,False,,,,,1,1,0,oliveyoung:159,True,NO_MATCH,,compatible candidate not found,131563|131206|131207|131212|131208,0.6,Warm Afternoon|Pygmalion|Peel the Bergamot|Eat the Peach|Before Sunset,0.155556,,159.0,
ci_618755e0b4c7,Hotel Dawson,셀프블룸 첫사랑,EDP,LIQUID_PERFUME,cf_808e53410023,True,False,,,,,2,2,0,oliveyoung:161|oliveyoung:323,True,NO_MATCH,,compatible candidate not found,94828|94831|94830|94832|94829,0.526316,Self Bloom|Missed & Burnt|Salute To You|Midsommar|Roll The Dice,0.126316,,161.0,
ci_3e78a84654bb,Luafee,레몬비누향 스티미 솝,EDP,LIQUID_PERFUME,cf_313f8c51cb12,True,False,,,,,1,1,0,oliveyoung:162,True,NO_MATCH,,compatible candidate not found,129834|129835|99134|129836|129833,0.555556,"Steamy Soap|Cozy Musk|Oh, Love|Dive Garden|White Apricot",0.222222,,162.0,
ci_d725899bf33e,Adidas,김재원 아디다스 풀 리차지 30ml,EDP,LIQUID_PERFUME,cf_6d5c31a01738,True,False,,,,,1,1,0,oliveyoung:163,True,NO_MATCH,,compatible candidate not found,7212|55605|55604|59443|59442,0.47619,Adidas Game Spirit|Unlock For Him|Unlock For Her|Adidas Sport STRK For Him|Adidas Sport CHRG For Him,0.021645,,163.0,
ci_c71a131731e4,Atelier Faye,던 인 오슬로,PARFUM_UNSPECIFIED,LIQUID_PERFUME,cf_b947984751cf,True,False,,,,,1,1,0,oliveyoung:164,True,NO_MATCH,,brand unresolved or fragrance name empty,,,,,,164.0,
ci_260b8737227d,벨벳바니,스킨 포에버영,PARFUM_UNSPECIFIED,LIQUID_PERFUME,cf_d1447106a844,True,False,,,,,1,1,0,oliveyoung:165,True,NO_MATCH,,compatible candidate not found,120625|120623|120622|120621|120620,0.0,Объятие|Когда цветёт папоротник|Облака под нами|Садовник и роза|Кафе на краю Вселенной,0.0,,165.0,
ci_123cfe17aff2,Addct,에탄올 FREE 버베나 레인,PARFUM_UNSPECIFIED,HAIR_FRAGRANCE,cf_348223219ca0,True,False,,,,,1,1,0,oliveyoung:167,True,NO_MATCH,,compatible candidate not found,,,,,,167.0,
ci_63034975f070,Dolce&Gabbana,베스트 리뉴얼 라이트블루 뿌르 옴므,EDT,LIQUID_PERFUME,cf_18c95e64f42b,True,False,,,,,1,1,0,oliveyoung:170,True,MATCH,1068.0,"snapshot manual confirmation: brand, fragrance name, concentration/form compatible",1068,1.0,Light Blue pour Homme,,,170.0,
ci_c565283367da,Chloé,나츄렐,EDP,LIQUID_PERFUME,cf_50e61e524396,True,False,,,,,1,1,0,oliveyoung:172,True,NO_MATCH,,compatible candidate not found,57251|14000|89914|57246|346,0.666667,Neroli|L'Eau de Chloe|Chêne|Cedrus|Chloé Innocence,0.0,,172.0,
ci_9825f4c137fe,Versace,맨 오 프레쉬,UNSPECIFIED,LIQUID_PERFUME,cf_aafbcb08d78e,True,False,,,,,2,2,0,oliveyoung:177|oliveyoung:286,True,NO_MATCH,,compatible candidate not found,11591|16657|645|643|70887,0.6,Versace Woman Summer|Eros|Versace Woman|Versace Man|Tabac Imperial,0.028571,,177.0,
ci_21e1d1f3e3be,Lanvin,에끌라 드 아르페쥬 화이트 티,EDP,LIQUID_PERFUME,cf_fdbcafebf041,True,False,,,,,1,1,0,oliveyoung:178,True,MATCH,131298.0,"snapshot manual confirmation: brand, fragrance name, concentration/form compatible",131298,1.0,Éclat d’Arpège White Tea,,,178.0,
ci_ce3d6cf26038,Issey Miyake,뤼미에르 디세이,EDP,LIQUID_PERFUME,cf_032c648f4900,True,False,,,,,1,1,0,oliveyoung:180,True,MATCH,125424.0,brand exact/explicit alias; name unique high similarity score=1.000 margin=0.091; concentration compatible; form compatible,125424|45877|95642|720|54044,1.0,Lumière d’Issey|L'Eau Majeure d'Issey|Le Sel d’Issey|L'eau d'Issey|L'Eau Majeure d'Issey Shade of Sea,0.090909,,180.0,
ci_601bb9c6684d,Montblanc,레전드 스피릿,EDT,LIQUID_PERFUME,cf_e76b00d444c5,True,False,,,,,2,2,0,oliveyoung:181|oliveyoung:243,True,MATCH,33443.0,brand exact/explicit alias; name unique high similarity score=0.875 margin=0.250; concentration compatible; form compatible,33443|126541|24972|18410|14988,0.875,Legend Spirit|Legend Elixir|Legend Special Edition 2014|Legend Special Edition 2013|Legend Special Edition 2012,0.25,,181.0,
ci_53ea5c255a06,Narciso Rodriguez,포 허,EDT,LIQUID_PERFUME,cf_b77089f53246,True,False,,,,,1,1,0,oliveyoung:182,True,NO_MATCH,,compatible candidate not found,209|78835|12844|53441|31247,0.545455,Narciso Rodriguez For Her|Narciso Rodriguez For Her Forever|Narciso Rodriguez for Her in Color|Pure Musc For Her|Narciso Rodriguez for Him Bleu Noir,0.10101,,182.0,
ci_1ae8327ff37a,Mercedes-Benz,맨 프레쉬,EDT,LIQUID_PERFUME,cf_22aaea243c46,True,False,,,,,2,2,0,oliveyoung:183|oliveyoung:290,True,MATCH,123200.0,"snapshot manual confirmation: brand, fragrance name, concentration/form compatible",123200,1.0,Mercedes-Benz Man Fresh,,,183.0,
ci_58725aaf12a6,Michael Kors,마이클 코어스 고저스,EDP,LIQUID_PERFUME,cf_4a117d51e791,True,False,,,,,2,2,0,oliveyoung:184|oliveyoung:304,True,NO_MATCH,,compatible candidate not found,2415|11931|41839|2416|34276,0.545455,Kors|Michael Sheer|Turquoise|Michael|Sexy Sunset,0.012121,,184.0,
ci_557fad01877a,Philosophy,퓨어 그레이스,EDP,LIQUID_PERFUME,cf_3362b8e71c2d,True,False,,,,,1,1,0,oliveyoung:185,True,NO_MATCH,,compatible candidate not found,35931|4854|45902|35937|43764,0.666667,Pure Grace Summer|Pure Grace|Pure Grace Nude Rose|My Philosophy Expressive|Pure Grace Summer Surf,0.0,,185.0,
ci_8798439946b7,Versace,오프레쉬 맨,UNSPECIFIED,LIQUID_PERFUME,cf_63abeaf62f0d,True,False,,,,,1,1,0,oliveyoung:186,True,NO_MATCH,,compatible candidate not found,23573|17338|2318|1417|1336,0.666667,Couture Jasmine|Versace Pour Homme Oud Noir|Versace Pour Homme|Versus Uomo|Versace Pour Femme,0.0,,186.0,
ci_5ad764814230,Postes,프롬 서울,EDP,LIQUID_PERFUME,cf_7ef0e76d2dec,True,False,,,,,1,1,0,oliveyoung:189,True,NO_MATCH,,compatible candidate not found,124056|124058|124055|124050|124051,0.615385,From.Istanbul|From.Mallorca|From.Amalfi|From.Otaru|From.Saint-Tropez,0.015385,,189.0,
ci_c854a702a4f1,Calvin Klein,CK 에브리원,EDP,LIQUID_PERFUME,cf_86151ee716da,True,False,,,,,1,1,0,oliveyoung:190,True,MATCH,71607.0,"snapshot manual confirmation: brand, fragrance name, concentration/form compatible",71607,1.0,CK Everyone Eau de Parfum,,,190.0,
ci_b702a0d98e3d,RboW,지원 케이스 스터디 앰버 생귄,EDP,LIQUID_PERFUME,cf_516f4d06f764,True,False,,,,,1,1,0,oliveyoung:191,True,MATCH_REVIEW,,candidate retrieval only; name score=0.800 margin=0.133; manual confirmation required; no conflicting concentration record,94903|94900|94907|94905|94906,0.8,Case Study #23 Amber Sanguine|Case Study #11 Monsoon|Case Study Untitled RboW X Eddie Kang Edition 500|Case Study #4 Black Wood|Case Study #8 Lights on Objet,0.133333,,191.0,
ci_03de43d04a1e,Ahro,풀 문 블로썸,EDT,LIQUID_PERFUME,cf_1ee5bd2796bd,True,False,,,,,1,1,0,oliveyoung:193,True,NO_MATCH,,compatible candidate not found,95502|95501|95500,0.428571,Cheery Freesia|Iris Soap|Tangerine Sunshine,0.064935,,193.0,
ci_d32688a3529e,리베르,금목서 플라워 소사이어티,EDP,LIQUID_PERFUME,cf_e158d45f06b7,True,False,,,,,1,1,0,oliveyoung:194,True,NO_MATCH,,compatible candidate not found,120625|120623|120622|120621|120620,0.0,Объятие|Когда цветёт папоротник|Облака под нами|Садовник и роза|Кафе на краю Вселенной,0.0,,194.0,
ci_736dd9e89d13,Montblanc,레전드,EDT,LIQUID_PERFUME,cf_998b68f1c3dd,True,True,84.0,MATCH,brand_exact + identity_exact + EDT_exact,ci_736dd9e89d13,2,1,1,oliveyoung:195|hwahae:84,True,MATCH,11784.0,"snapshot manual confirmation: brand, fragrance name, concentration/form compatible",11784,1.0,Legend,,,195.0,
ci_cac2aeac5d89,Holibanum,썸머 브레이크,EDT,LIQUID_PERFUME,cf_4ad88ef968a9,True,False,,,,,1,1,0,oliveyoung:198,True,MATCH,110365.0,brand exact/explicit alias; name unique high similarity score=0.909 margin=0.409; no conflicting concentration record; form compatible,110365|110378|110362|110361|110369,0.909091,Summer Break|Strawberry Haze|Rosy Blossom|Cedar Cottage|Bedtime Bath,0.409091,,198.0,
ci_8320393300a0,Ariana Grande,아리,EDP,LIQUID_PERFUME,cf_3bc9f9d715a5,True,True,39.0,MATCH,brand_exact + identity_exact + EDP_exact,ci_8320393300a0,2,1,1,oliveyoung:199|hwahae:39,True,MATCH,31661.0,brand exact/explicit alias; name exact score=1.000 margin=0.333; concentration compatible; form compatible,31661|62578|50384|35343|96257,1.0,Ari|R.E.M.|Cloud|Frankie|Vanilla Suede,0.333333,,199.0,
ci_eb2f443e9a0f,Ariana Grande,땡큐 넥스트 2 0 중,EDP,LIQUID_PERFUME,cf_9159f82c7ada,True,False,,,,,1,1,0,oliveyoung:200,True,MATCH,68367.0,"snapshot manual confirmation: brand, fragrance name, concentration/form compatible",68367,1.0,Thank U Next 2.0,,,200.0,
ci_4366f5321b19,Demeter Fragrance,리프레싱 오 파퓨메 자킨토스 그리스,EDP,LIQUID_PERFUME,cf_cf12e64fa539,True,False,,,,,1,1,0,oliveyoung:202,True,NO_MATCH,,compatible candidate not found,10227|19892|35647|6756|6757,0.583333,Pruning Shears|Orange Rim Cleaner|Picnic na Trave|La Vida Latina Saguaro Cactus|La Vida Latina Sweet Cilantro,0.023333,,202.0,
ci_6b5af3b2a5b1,Clean,애플블로썸 30 중,EDP,LIQUID_PERFUME,cf_de6bf1476b12,True,False,,,,,1,1,0,oliveyoung:203,True,MATCH,82586.0,"snapshot manual confirmation: brand, fragrance name, concentration/form compatible",82586,1.0,Apple Blossom,,,203.0,
ci_769eb2e093e9,Philosophy,원지안 프레쉬 웜캐시미어 60ml파우치,EDT,LIQUID_PERFUME,cf_c2bb12d62e62,True,False,,,,,1,1,0,oliveyoung:206,True,NO_MATCH,,compatible candidate not found,35931|49834|43764|60093|111258,0.48,Pure Grace Summer|Fresh Cream Warm Cashmere|Pure Grace Summer Surf|Pure Grace Summer Moments|Coconut Rush Mist,0.028387,,206.0,
ci_c0330f2d03af,Luafee,포근코튼향 코지 머스크,EDP,LIQUID_PERFUME,cf_3b3a18aa0259,True,False,,,,,1,1,0,oliveyoung:207,True,NO_MATCH,,compatible candidate not found,129835|129834|129833|129836|99134,0.421053,"Cozy Musk|Steamy Soap|White Apricot|Dive Garden|Oh, Love",0.105263,,207.0,
ci_74e0b2f49526,Kiss New York,엔믹스해원 플라워 앤 슈가,EDP,LIQUID_PERFUME,cf_d6c7bc7cb83f,True,False,,,,,1,1,0,oliveyoung:208,True,NO_MATCH,,compatible candidate not found,113668|113669|97893|97892|113666,0.6,Blush Princess|Bronze Goddess|Sun Kisses|Sweet Heart|Vanilla Passion,0.155556,,208.0,
ci_d8294a657e0a,Kiss New York,엔믹스규진 트와일라잇블룸,EDP,LIQUID_PERFUME,cf_5865646b67fa,True,False,,,,,1,1,0,oliveyoung:209,True,NO_MATCH,,compatible candidate not found,97891|113663|97892|113667|97888,0.526316,Night Love|Midnight Violet|Sweet Heart|Silver Queen|Rosé Glamour,0.07177,,209.0,
ci_4289b4a8b251,Kiss New York,엔믹스배이 바닐라앤라벤더,EDP,LIQUID_PERFUME,cf_c720ab5b4d04,True,False,,,,,1,1,0,oliveyoung:210,True,NO_MATCH,,compatible candidate not found,113667|113666|113669|97893|97889,0.444444,Silver Queen|Vanilla Passion|Bronze Goddess|Sun Kisses|Lady in Red,0.0,,210.0,
ci_27c243915d8a,LOIVIE,미니 베르가못 앤 화이트로즈,EDP,LIQUID_PERFUME,cf_e436c003acb2,True,False,,,,,1,1,0,oliveyoung:211,True,MATCH_REVIEW,,candidate retrieval only; name score=0.762 margin=0.095; manual confirmation required; no conflicting concentration record,95620|95621|95646|95645|95618,0.761905,Bergamot & White Rose|Mango & Mint Leaves|Mandarin & Sandalwood|Saffron & Orange Blossom|Peony & White Musk,0.095238,,211.0,
ci_e0cf42b26f03,The Body Shop,더 샵 화이트 머스크,EDT,BODY_FRAGRANCE,cf_4191efb103d8,True,False,,,,,1,1,0,oliveyoung:215,True,NO_MATCH,,compatible candidate not found,116431,0.325581,Sugar Pumpkin Body Mist,0.325581,,215.0,
ci_a1827c4749b3,Clean,& 로즈올데이,PARFUM_UNSPECIFIED,HAIR_FRAGRANCE,cf_e45a13b3fa6a,True,False,,,,,1,1,0,oliveyoung:217,True,NO_MATCH,,compatible candidate not found,128986,0.3,Skin [Reserve Blend] Hair Perfume,0.3,,217.0,
ci_0bd67c755b25,벨벳바니,스킨 퍼스트러브,PARFUM_UNSPECIFIED,LIQUID_PERFUME,cf_49cf9c2c5d57,True,False,,,,,1,1,0,oliveyoung:219,True,NO_MATCH,,compatible candidate not found,120625|120623|120622|120621|120620,0.0,Объятие|Когда цветёт папоротник|Облака под нами|Садовник и роза|Кафе на краю Вселенной,0.0,,219.0,
ci_30c9dd74e686,벨벳바니,스킨 마이선샤인,PARFUM_UNSPECIFIED,LIQUID_PERFUME,cf_f11564355bb3,True,False,,,,,1,1,0,oliveyoung:220,True,NO_MATCH,,compatible candidate not found,120625|120623|120622|120621|120620,0.0,Объятие|Когда цветёт папоротник|Облака под нами|Садовник и роза|Кафе на краю Вселенной,0.0,,220.0,
ci_f6578684a2bf,벨벳바니,스킨 실키모닝,PARFUM_UNSPECIFIED,LIQUID_PERFUME,cf_97d215a81c46,True,False,,,,,1,1,0,oliveyoung:221,True,NO_MATCH,,compatible candidate not found,120625|120623|120622|120621|120620,0.0,Объятие|Когда цветёт папоротник|Облака под нами|Садовник и роза|Кафе на краю Вселенной,0.0,,221.0,
ci_c54b619695d7,Lancôme,이돌,EDP,LIQUID_PERFUME,cf_6e42aa50536e,True,False,,,,,1,1,0,oliveyoung:222,True,MATCH_REVIEW,,candidate retrieval only; name score=1.000 margin=0.000; manual confirmation required; no conflicting concentration record,67578|55795|81792|101224|51441,1.0,Idôle Aura|Idôle|Idôle Now|Idôle Power|Ô de Lancôme Fourreauté,0.0,,222.0,
ci_1f097a903a19,Memo Paris,오데옹,EDP,LIQUID_PERFUME,cf_a6f84b957b35,True,False,,,,,1,1,0,oliveyoung:223,True,MATCH,62839.0,brand exact/explicit alias; name unique high similarity score=0.909 margin=0.354; no conflicting concentration record; form compatible,62839|131272|2785|109413|88759,0.909091,Odéon|Odéon Rosebud|Sundance|Red Island|Honey Dragon,0.353535,,223.0,
ci_560e6d97c163,Narciso Rodriguez,포 허 인텐스,EDP,LIQUID_PERFUME,cf_38ccb2621b1a,True,False,,,,,1,1,0,oliveyoung:224,True,MATCH,101595.0,"snapshot manual confirmation: brand, fragrance name, concentration/form compatible",101595,1.0,Narciso Rodriguez For Her Intense,,,224.0,
ci_253bb2170a5c,Dolce&Gabbana,리뉴얼 라이트블루 뿌르 옴므,EDT,LIQUID_PERFUME,cf_dfb862fec92e,True,False,,,,,1,1,0,oliveyoung:225,True,MATCH,1068.0,"snapshot manual confirmation: brand, fragrance name, concentration/form compatible",1068,1.0,Light Blue pour Homme,,,225.0,
ci_4f36549015dc,Narciso Rodriguez,올 오브 미 인텐스,EDP,LIQUID_PERFUME,cf_e5e77da92fb3,True,False,,,,,1,1,0,oliveyoung:227,True,MATCH,96021.0,brand exact/explicit alias; name unique high similarity score=0.857 margin=0.190; concentration compatible; form compatible,96021|101595|14741|96882|6575,0.857143,All Of Me Intense|Narciso Rodriguez For Her Intense|Narciso Rodriguez For Him Eau de Parfum Intense|Radiant Magnolia|Narciso Rodriguez for Her Musc Eau de Parfum Intense,0.190476,,227.0,
ci_d726eb9cd3a9,Lanvin,레 플레르 드 스위트 자스민,EDT,LIQUID_PERFUME,cf_ad74ca83f399,True,False,,,,,1,1,0,oliveyoung:228,True,MATCH,83028.0,"snapshot manual confirmation: brand, fragrance name, concentration/form compatible",83028,1.0,Sweet Jasmine,,,228.0,
ci_00beca65a7db,Philosophy,어메이징 그레이스 발레로즈,EDP,LIQUID_PERFUME,cf_93e745fe4d02,True,False,,,,,1,1,0,oliveyoung:229,True,NO_MATCH,,compatible candidate not found,72471|64081|47425|45711|35935,0.6,Amazing Grace Lavender|Amazing Grace Bergamot|Amazing Grace Snow Globe|Amazing Grace Ballet Rose|My Philosophy Grateful,0.0,,229.0,
ci_7c324b1c4e39,Postes,프롬 맨하튼 2607 리뉴얼,EDP,LIQUID_PERFUME,cf_7e341792fc09,True,False,,,,,1,1,0,oliveyoung:233,True,NO_MATCH,,compatible candidate not found,124052|124056|124051|124050|124053,0.571429,From.Manhattan|From.Istanbul|From.Saint-Tropez|From.Otaru|From.Bern,0.116883,,233.0,
ci_7a7a4c97f02b,Burberry,브릿 포 힘,EDT,LIQUID_PERFUME,cf_52df4f71f9ca,True,False,,,,,1,1,0,oliveyoung:234,True,MATCH_REVIEW,,candidate retrieval only; name score=0.714 margin=0.048; manual confirmation required; no conflicting concentration record,18903|45422|30672|10274|1793,0.714286,Burberry Brit Rhythm|Amber Heath|Burberry Brit Splash for Men|Burberry Brit New Year Edition Pour Homme|Burberry Brit Sheer,0.047619,,234.0,
ci_56df94402d2d,RboW,케이스 스터디 몬순,EDP,LIQUID_PERFUME,cf_f0edf7485439,True,False,,,,,1,1,0,oliveyoung:235,True,MATCH,94900.0,brand exact/explicit alias; name unique high similarity score=0.941 margin=0.275; no conflicting concentration record; form compatible,94900|94903|94904|94906|94901,0.941176,Case Study #11 Monsoon|Case Study #23 Amber Sanguine|Case Study #3 O.A.C|Case Study #8 Lights on Objet|Case Study #12 Dance and Balance,0.27451,,235.0,
ci_77bccd934bf9,Calvin Klein,CK One 골드,EDT,LIQUID_PERFUME,cf_36407077c3b5,True,False,,,,,1,1,0,oliveyoung:237,True,MATCH,39123.0,brand exact/explicit alias; name unique high similarity score=1.000 margin=0.273; concentration compatible; form compatible,39123|2811|72868|276|256,1.0,CK One Gold|Ck One Graffiti|Ck One Summer Daze|CK One|Contradiction,0.272727,,237.0,
ci_ddce5bc87547,Sabrina Carpenter,스위트 투스 카라멜 드림,EDP,LIQUID_PERFUME,cf_94e69f74bdef,True,False,,,,,1,1,0,oliveyoung:238,True,MATCH,84095.0,brand exact/explicit alias; name unique high similarity score=0.900 margin=0.429; no conflicting concentration record; form compatible,84095|120032|95861|100729|76824,0.9,Sweet Tooth Caramel Dream|Sweet Tooth Lemon Pie|Sweet Tooth Cherry Baby|Sweet Tooth Me Espresso|Sweet Tooth,0.429412,,238.0,
ci_703337d780d3,Ahro,체리 온 탑,EDT,LIQUID_PERFUME,cf_868c0a45aa92,True,False,,,,,1,1,0,oliveyoung:239,True,NO_MATCH,,compatible candidate not found,95501|95502|95500,0.555556,Iris Soap|Cheery Freesia|Tangerine Sunshine,0.033816,,239.0,
ci_7bb29fdae112,투데이이즈,인더메모리 오드,EDP,LIQUID_PERFUME,cf_68a38a8995a8,True,False,,,,,1,1,0,oliveyoung:241,True,NO_MATCH,,compatible candidate not found,120625|120623|120622|120621|120620,0.0,Объятие|Когда цветёт папоротник|Облака под нами|Садовник и роза|Кафе на краю Вселенной,0.0,,241.0,
ci_1fc55836b760,Philosophy,원지안 퓨어그레이스 60ml,EDT,LIQUID_PERFUME,cf_0e5529b62b5a,True,False,,,,,1,1,0,oliveyoung:242,True,NO_MATCH,,compatible candidate not found,35931|51201|43764|60093|54244,0.631579,Pure Grace Summer|Pure Grace Endless Summer|Pure Grace Summer Surf|Pure Grace Summer Moments|Pure Grace Desert Summer,0.086124,,242.0,
ci_69cfae7949a5,Kenzo,플라워바이,EDT,LIQUID_PERFUME,cf_29bc916eca15,True,False,,,,,2,2,0,oliveyoung:244|oliveyoung:292,True,MATCH_REVIEW,,candidate retrieval only; name score=0.800 margin=0.050; manual confirmation required; concentration compatible,3602|3406|73902|78|55408,0.8,Power|L'Eau par Kenzo Love L'Eau|L'Eau Kenzo Boisee|L'Eau par Kenzo|Kenzo World Power,0.05,,244.0,
ci_d2de71c7a308,Holibanum,라임에이드,EDT,LIQUID_PERFUME,cf_45c392a57475,True,False,,,,,1,1,0,oliveyoung:246,True,MATCH,110370.0,brand exact/explicit alias; name unique high similarity score=1.000 margin=0.333; no conflicting concentration record; form compatible,110370|110364|110363|110362|110367,1.0,Limeade|Purple Meadow|Linen Wardrobe|Rosy Blossom|Ginger Holiday,0.333333,,246.0,
ci_e6d05eb7a38a,Ariana Grande,문라이트,EDP,LIQUID_PERFUME,cf_3edcce3c35e6,True,False,,,,,1,1,0,oliveyoung:247,True,MATCH,46410.0,"snapshot manual confirmation: brand, fragrance name, concentration/form compatible",46410,1.0,Moonlight,,,247.0,
ci_2861f81458d2,테일러센츠,오브제 페일린넨,EDT,LIQUID_PERFUME,cf_fa8179cd8d3e,True,False,,,,,1,1,0,oliveyoung:250,True,NO_MATCH,,compatible candidate not found,120625|120623|120622|120621|120620,0.0,Объятие|Когда цветёт папоротник|Облака под нами|Садовник и роза|Кафе на краю Вселенной,0.0,,250.0,
ci_9cc569410f2e,Kenzo,로 뿌르 옴므,EDT,LIQUID_PERFUME,cf_934c270cacce,True,False,,,,,1,1,0,oliveyoung:251,True,MATCH_REVIEW,,candidate retrieval only; name score=0.889 margin=0.032; manual confirmation required; no conflicting concentration record,112700|78|14791|14790|55408,0.888889,L'Eau Kenzo Pour Femme|L'Eau par Kenzo|L'Eau 2 Kenzo pour Homme|L'Eau 2 Kenzo pour Femme|Kenzo World Power,0.031746,,251.0,
ci_abc832e5b5ca,Narciso Rodriguez,올 오브 미 센티드,PARFUM_UNSPECIFIED,HAIR_FRAGRANCE,cf_f91512ea677b,True,False,,,,,1,1,0,oliveyoung:252,True,NO_MATCH,,compatible candidate not found,46221,0.5,Narciso Rodriguez  For Her Hair Mist,0.5,,252.0,
ci_4ad7df3d4d6b,Addct,잇 더 피치,EDP,LIQUID_PERFUME,cf_1792c3ed805e,True,False,,,,,1,1,0,oliveyoung:256,True,MATCH_REVIEW,,candidate retrieval only; name score=0.800 margin=0.436; manual confirmation required; concentration compatible,131212|131210|131564|131211|131207,0.8,Eat the Peach|The First|Lily Veil|Void Wood|Peel the Bergamot,0.436364,,256.0,
ci_0b7a1d90a416,Huxley,블루 메디나 탠저린,PARFUM_UNSPECIFIED,LIQUID_PERFUME,cf_bd3a19027184,True,False,,,,,1,1,0,oliveyoung:257,True,MATCH,131986.0,brand exact/explicit alias; name unique high similarity score=0.900 margin=0.479; no conflicting concentration record; form compatible,131986|131987|131985|132011|131991,0.9,Blue Medina Tangerine|Berber Portrait|Moroccan Gardener|Port Breathe|Rose Picker,0.478947,,257.0,
ci_f73f3984cef2,Huxley,로즈 피커,PARFUM_UNSPECIFIED,LIQUID_PERFUME,cf_2e676d0dbf5b,True,False,,,,,1,1,0,oliveyoung:258,True,MATCH_REVIEW,,candidate retrieval only; name score=0.700 margin=0.392; manual confirmation required; no conflicting concentration record,131991|131987|131985|132011|131986,0.7,Rose Picker|Berber Portrait|Moroccan Gardener|Port Breathe|Blue Medina Tangerine,0.392308,,258.0,
ci_aa51823e6538,Adidas,김재원 아디다스 원더포스,EDP,LIQUID_PERFUME,cf_f80d465bd623,True,False,,,,,1,1,0,oliveyoung:259,True,NO_MATCH,,compatible candidate not found,7212|7204|7203|3159|43407,0.5,Adidas Game Spirit|Adidas Woman Citrus Energy|Adidas Woman Fitness Fresh|Adidas Originals|Born Original Today Pour Lui,0.078947,,259.0,
ci_5ec349e187e7,Hotel Dawson,살룻투유 시트러스 블렌드향,EDP,LIQUID_PERFUME,cf_6e87b9fcfe4d,True,False,,,,,1,1,0,oliveyoung:261,True,NO_MATCH,,compatible candidate not found,94828|94831|94830|94829|94832,0.4,Self Bloom|Missed & Burnt|Salute To You|Roll The Dice|Midsommar,0.019048,,261.0,
ci_c3d37773b6a5,Hotel Dawson,미드소마 새벽공기향,EDP,LIQUID_PERFUME,cf_95f92f8c3192,True,False,,,,,1,1,0,oliveyoung:262,True,NO_MATCH,,compatible candidate not found,94832|94831|94830|94829|94828,0.444444,Midsommar|Missed & Burnt|Salute To You|Roll The Dice|Self Bloom,0.044444,,262.0,
ci_2137ed472e0c,Kiss New York,엔믹스설윤 코튼파우더,EDP,LIQUID_PERFUME,cf_0443088e891a,True,False,,,,,1,1,0,oliveyoung:263,True,NO_MATCH,,compatible candidate not found,97887|113668|97893|97892|97889,0.526316,Seduction Gold|Blush Princess|Sun Kisses|Sweet Heart|Lady in Red,0.126316,,263.0,
ci_ec936f18d36c,Atelier Faye,코지파자마,PARFUM_UNSPECIFIED,LIQUID_PERFUME,cf_194a5421c4b3,True,False,,,,,1,1,0,oliveyoung:264,False,,,,,,,,,264.0,
ci_8ef0ec586657,Atelier Faye,프렌치로즈,PARFUM_UNSPECIFIED,LIQUID_PERFUME,cf_dc6fcef66b6f,True,False,,,,,2,2,0,oliveyoung:265|oliveyoung:329,False,,,,,,,,,265.0,
ci_9410f2c3c9e1,The Body Shop,더 샵 브리티쉬 로즈,EDT,BODY_FRAGRANCE,cf_62c2bb4252a3,True,False,,,,,1,1,0,oliveyoung:267,False,,,,,,,,,267.0,
ci_d877021d43d8,Atelier Faye,블랙 우드,PARFUM_UNSPECIFIED,LIQUID_PERFUME,cf_00ddbb5c1f66,True,False,,,,,1,1,0,oliveyoung:268,False,,,,,,,,,268.0,
ci_6591ee6833ed,Adidas,김재원 아디다스 겟 컴피 30m,EDP,LIQUID_PERFUME,cf_0808fbb8f8c2,True,False,,,,,1,1,0,oliveyoung:270,False,,,,,,,,,270.0,
ci_c8263db73b5c,Atelier Faye,실크 매그놀리아,PARFUM_UNSPECIFIED,HAIR_FRAGRANCE,cf_d3046c96ee74,True,False,,,,,1,1,0,oliveyoung:271,False,,,,,,,,,271.0,
ci_90198f48e65a,L'Occitane en Provence,버베나 & 인비고레이팅,UNSPECIFIED,HAIR_FRAGRANCE,cf_405119679040,True,False,,,,,1,1,0,oliveyoung:272,False,,,,,,,,,272.0,
ci_386c9fc422b5,Huxley,로즈 피커,PARFUM_UNSPECIFIED,HAIR_FRAGRANCE,cf_2e676d0dbf5b,True,False,,,,,1,1,0,oliveyoung:274,True,NO_MATCH,,compatible candidate not found,,,,,,274.0,
ci_645e551cc4d2,Addct,에탄올 FREE,PARFUM_UNSPECIFIED,HAIR_FRAGRANCE,cf_1870ace1bb17,True,False,,,,,1,1,0,oliveyoung:275,False,,,,,,,,,275.0,
ci_1a425f8adb57,로맨띠끄,명품 도손&화이트플로럴향 튜베로즈,PARFUM_UNSPECIFIED,LIQUID_PERFUME,cf_b507854e5092,True,False,,,,,1,1,0,oliveyoung:276,False,,,,,,,,,276.0,
ci_2c9beac9d0e8,Adidas,김재원 아디다스 에너지 드라이브 30ml,EDP,LIQUID_PERFUME,cf_7d78a7d866f6,True,False,,,,,1,1,0,oliveyoung:277,False,,,,,,,,,277.0,
ci_b53be752c6dd,슬로우허밍,플라워너리 릴리프 플레르베일,PARFUM_UNSPECIFIED,BALM_OR_STICK,cf_d96dfe80f282,True,False,,,,,1,1,0,oliveyoung:278,False,,,,,,,,,278.0,
ci_d091a8acab36,ANILLO,패츌리가든 단독,EDP,LIQUID_PERFUME,cf_82d8a23662e3,True,False,,,,,1,1,0,oliveyoung:279,False,,,,,,,,,279.0,
ci_364e46e48e35,슬로우허밍,프루티너리 터치피치,PARFUM_UNSPECIFIED,HAIR_FRAGRANCE,cf_ca46381d50dc,True,False,,,,,1,1,0,oliveyoung:281,False,,,,,,,,,281.0,
ci_c41a52adbb73,슬로우허밍,플라워너리 플라워솝,PARFUM_UNSPECIFIED,HAIR_FRAGRANCE,cf_7b51b7bb61a7,True,False,,,,,1,1,0,oliveyoung:282,False,,,,,,,,,282.0,
ci_10b88a70f281,Kenzo,로 뿌르 팜므,EDT,LIQUID_PERFUME,cf_43d204d893c8,True,False,,,,,1,1,0,oliveyoung:284,False,,,,,,,,,284.0,
ci_07ca704561a6,Marc Jacobs,데이지 오 쏘 프레쉬,EDT,LIQUID_PERFUME,cf_1a914e781476,True,False,,,,,1,1,0,oliveyoung:287,False,,,,,,,,,287.0,
ci_2f24ebaf093c,Narciso Rodriguez,포 힘 블루 누와르,EDT,LIQUID_PERFUME,cf_d68d656b646e,True,False,,,,,1,1,0,oliveyoung:288,False,,,,,,,,,288.0,
ci_6d1c380aa36c,토스,러브미,EDP,LIQUID_PERFUME,cf_67e4408e3833,True,False,,,,,1,1,0,oliveyoung:289,False,,,,,,,,,289.0,
ci_86dc614dcc29,Memo Paris,마르파,EDP,LIQUID_PERFUME,cf_7f97996c24a9,True,False,,,,,2,2,0,oliveyoung:293|oliveyoung:346,False,,,,,,,,,293.0,
ci_282980a7211b,Moschino,토이 보이,EDP,LIQUID_PERFUME,cf_54d49be724c7,True,False,,,,,1,1,0,oliveyoung:295,False,,,,,,,,,295.0,
ci_f4b1990c867f,Marc Jacobs,퍼펙트,EDP,LIQUID_PERFUME,cf_a8e4f4c0e3f0,True,False,,,,,1,1,0,oliveyoung:296,False,,,,,,,,,296.0,
ci_92a3f91f742a,Kenzo,옴므,EDP,LIQUID_PERFUME,cf_dbc799a42d11,True,False,,,,,1,1,0,oliveyoung:297,False,,,,,,,,,297.0,
ci_a5b7d1b0a828,Kenzo,옴므,EDT,LIQUID_PERFUME,cf_dbc799a42d11,True,False,,,,,1,1,0,oliveyoung:298,False,,,,,,,,,298.0,
ci_dbe9baced91f,N.C.P. Olfactives,601 앰버&가이악우드 파우치,EDP,LIQUID_PERFUME,cf_57a0080000d6,True,False,,,,,1,1,0,oliveyoung:299,False,,,,,,,,,299.0,
ci_7189a8cff0e0,포엘리에,옴므 우디&머스크 남자,EDP,LIQUID_PERFUME,cf_71578a32a775,True,False,,,,,1,1,0,oliveyoung:300,False,,,,,,,,,300.0,
ci_24680e62d6d7,Memo Paris,케두,EDP,LIQUID_PERFUME,cf_83c5956c6842,True,False,,,,,1,1,0,oliveyoung:302,False,,,,,,,,,302.0,
ci_d586aa0a6484,Chloé,노마드,EDT,LIQUID_PERFUME,cf_8c663c17c6a8,True,False,,,,,1,1,0,oliveyoung:303,True,MATCH,53224.0,"snapshot manual confirmation: brand, fragrance name, concentration/form compatible",53224,1.0,Nomade Eau de Toilette,,,303.0,
ci_8c8b2a7cfdc2,Burberry,터치 포 우먼,EDP,LIQUID_PERFUME,cf_c51501a90af1,True,False,,,,,1,1,0,oliveyoung:305,False,,,,,,,,,305.0,
ci_bd1391fc2268,Kenzo,옴므 오 마린,EDT,LIQUID_PERFUME,cf_382bf90075ad,True,False,,,,,2,2,0,oliveyoung:306|oliveyoung:313,False,,,,,,,,,306.0,
ci_5b4183bc4a94,Ariana Grande,모드 블러쉬,EDP,LIQUID_PERFUME,cf_31425a640bfc,True,False,,,,,1,1,0,oliveyoung:307,False,,,,,,,,,307.0,
ci_8628eab03e58,Tommy Hilfiger,타미,EDT,LIQUID_PERFUME,cf_2c6ad37ba04d,True,False,,,,,1,1,0,oliveyoung:308,False,,,,,,,,,308.0,
ci_7b2ed46e866e,Tommy Hilfiger,타미나우,EDT,LIQUID_PERFUME,cf_b4f9427521d8,True,False,,,,,1,1,0,oliveyoung:309,False,,,,,,,,,309.0,
ci_ddb91a563b5f,Coach,러브,EDP,LIQUID_PERFUME,cf_b76946269f68,True,False,,,,,1,1,0,oliveyoung:310,False,,,,,,,,,310.0,
ci_6998ac30750e,루에브르,임현주 리베르떼,EDP,LIQUID_PERFUME,cf_75dd10011089,True,False,,,,,1,1,0,oliveyoung:311,False,,,,,,,,,311.0,
ci_c56976820c28,Ahro,니티 허그,EDT,LIQUID_PERFUME,cf_698f7540d679,True,False,,,,,1,1,0,oliveyoung:316,False,,,,,,,,,316.0,
ci_89da289a865f,로맨띠끄,명품 블루드&우디향 블루 드 옴므,PARFUM_UNSPECIFIED,LIQUID_PERFUME,cf_7e37c4eac706,True,False,,,,,1,1,0,oliveyoung:317,False,,,,,,,,,317.0,
ci_aa6e8d3afdf0,로맨띠끄,명품 옴브레레더&살냄새향 오리진 레더,PARFUM_UNSPECIFIED,LIQUID_PERFUME,cf_37506215b096,True,False,,,,,1,1,0,oliveyoung:318,False,,,,,,,,,318.0,
ci_ea47bf82b845,Demeter Fragrance,리프레싱 오 파퓨메 블라썸 36,EDP,LIQUID_PERFUME,cf_2e818209adc0,True,False,,,,,1,1,0,oliveyoung:321,False,,,,,,,,,321.0,
ci_1bab7c5ac4ff,Ahro,라이크 라일락,EDT,LIQUID_PERFUME,cf_d31a9392c5d5,True,False,,,,,1,1,0,oliveyoung:325,False,,,,,,,,,325.0,
ci_0f4aec51b46a,Bussi,HBD 해피벌쓰데이,EDP,LIQUID_PERFUME,cf_f49674368632,True,False,,,,,1,1,0,oliveyoung:327,False,,,,,,,,,327.0,
ci_ca7a6821a53b,Demeter Fragrance,리프레싱 오 파퓨메 베르가못트리 시실리,EDP,LIQUID_PERFUME,cf_ac9bd070243b,True,False,,,,,1,1,0,oliveyoung:328,False,,,,,,,,,328.0,
ci_b9124576388f,Atelier Faye,위스테리아 위시,PARFUM_UNSPECIFIED,LIQUID_PERFUME,cf_0caabea9b051,True,False,,,,,1,1,0,oliveyoung:330,False,,,,,,,,,330.0,
ci_c0996b76357a,아이젠틀맨,남친 콜 유 마인,EDP,LIQUID_PERFUME,cf_7f55897e1f19,True,False,,,,,1,1,0,oliveyoung:332,False,,,,,,,,,332.0,
ci_d80c1e1c0e35,아이젠틀맨,남친 메이크 미 호니,EDP,LIQUID_PERFUME,cf_38ccb52cc83b,True,False,,,,,1,1,0,oliveyoung:333,False,,,,,,,,,333.0,
ci_b529d8117e00,Chwi 취,사찰,EDP,LIQUID_PERFUME,cf_5cc286f16866,True,False,,,,,1,1,0,oliveyoung:334,False,,,,,,,,,334.0,
ci_a14095efca22,Addct,네이키드 오크모스 501,PARFUM_UNSPECIFIED,SOLID_FRAGRANCE,cf_b3668950713f,True,False,,,,,1,1,0,oliveyoung:335,False,,,,,,,,,335.0,
ci_0cd8bde37817,Addct,블랑 드 블룸,EDP,LIQUID_PERFUME,cf_8208ef9f841b,True,False,,,,,1,1,0,oliveyoung:336,False,,,,,,,,,336.0,
ci_c2f8eb4a45af,Dolce&Gabbana,돌체 피오니,EDP,LIQUID_PERFUME,cf_d3bf2ff184ea,True,False,,,,,1,1,0,oliveyoung:337,False,,,,,,,,,337.0,
ci_991648232bc5,Dolce&Gabbana,돌체 바이올렛,EDT,LIQUID_PERFUME,cf_e02aafd09d05,True,False,,,,,1,1,0,oliveyoung:338,False,,,,,,,,,338.0,
ci_3243eee784b1,Mercedes-Benz,LSA Sea 중,EDP,LIQUID_PERFUME,cf_0e17688f51de,True,False,,,,,1,1,0,oliveyoung:339,False,,,,,,,,,339.0,
ci_2a1ea63b0803,Memo Paris,셔우드,EDP,LIQUID_PERFUME,cf_74e56e836635,True,False,,,,,1,1,0,oliveyoung:342,False,,,,,,,,,342.0,
ci_9d076738d9c6,Memo Paris,오드,EDP,LIQUID_PERFUME,cf_0fa0b79016ed,True,False,,,,,1,1,0,oliveyoung:344,False,,,,,,,,,344.0,
ci_e400d6bf0dce,Memo Paris,프렌치 레더,EDP,LIQUID_PERFUME,cf_f068316a3aac,True,False,,,,,1,1,0,oliveyoung:345,False,,,,,,,,,345.0,
ci_40662b7794ec,RboW,케이스 스터디 상탈 블루,EDP,LIQUID_PERFUME,cf_24b0d73dac54,True,False,,,,,1,1,0,oliveyoung:347,False,,,,,,,,,347.0,
ci_6ce2f66eb9fa,The Face Shop,소울 써니 블라썸,EDP,LIQUID_PERFUME,cf_750c84287a69,True,False,,,,,1,1,0,oliveyoung:348,False,,,,,,,,,348.0,
ci_0955109a1d1c,The Face Shop,소울 릴리 드림,EDP,LIQUID_PERFUME,cf_df345bc3466f,True,False,,,,,1,1,0,oliveyoung:349,False,,,,,,,,,349.0,
ci_5617243762de,The Face Shop,소울 퓨어 허그,EDP,LIQUID_PERFUME,cf_acd07e3e4339,True,False,,,,,1,1,0,oliveyoung:350,False,,,,,,,,,350.0,
ci_497721463d61,Grès,카보틴,EDT,LIQUID_PERFUME,cf_87fc92bc9c61,True,False,,,,,2,2,0,lotte:1|lotte:118,True,MATCH,1061.0,brand exact/explicit alias; name unique high similarity score=1.000 margin=0.200; no conflicting concentration record; form compatible,1061|133754|21947|17002|6446,1.0,Cabotine|Cabotine Lilac|Cabotine Floralie|Cabotine Eau Vivide|Cabotine Aquarelle,0.2,,,1.0
ci_1788671841a1,Montale,초콜릿 그리디,EDP,LIQUID_PERFUME,cf_7d5e61646e83,True,False,,,,,2,2,0,lotte:2|lotte:50,True,MATCH,2186.0,brand exact/explicit alias; name unique high similarity score=1.000 margin=0.286; no conflicting concentration record; form compatible,2186|4983|48946|3240|17324,1.0,Chocolate Greedy|Crystal Aoud|Aqua Gold|Aoud Collection - Golden Aoud|Original Aoud,0.285714,,,2.0
ci_76232424e429,Versace,에로스 에너지,EDP,LIQUID_PERFUME,cf_26bab507d9e7,True,False,,,,,4,4,0,lotte:3|lotte:137|lotte:167|lotte:184,True,MATCH,99116.0,brand exact/explicit alias; name unique high similarity score=0.889 margin=0.222; no conflicting concentration record; form compatible,99116|92647|1416|1760|635,0.888889,Eros Najim|Eros Energy|Versus Donna|Green Jeans|Baby Rose Jeans,0.222222,,,3.0
ci_759aaa61d109,Jaguar,클래식 일렉트릭 스카이,EDT,LIQUID_PERFUME,cf_ce6fb528ab60,True,False,,,,,1,1,0,lotte:4,True,MATCH,65792.0,brand exact/explicit alias; name unique high similarity score=1.000 margin=0.333; no conflicting concentration record; form compatible,65792|11793|45334|17380|15755,1.0,Jaguar Classic Electric Sky|Jaguar Classic Black|Jaguar Classic Chromite|Jaguar Classic Red|Jaguar Excellence,0.333333,,,4.0
ci_1a909149b802,Lalique,솔레이 루나,EDP,LIQUID_PERFUME,cf_d46605f5252d,True,False,,,,,2,2,0,lotte:5|lotte:189,True,MATCH,96192.0,"snapshot manual confirmation: brand, fragrance name, concentration/form compatible",96192,1.0,Soleil Lunar,,,,5.0
ci_5ce232d05e65,Mancera,오드 레몬 민트,EDP,LIQUID_PERFUME,cf_8422258c2ea9,True,False,,,,,4,4,0,lotte:6|lotte:165|lotte:225|lotte:270,True,MATCH,39181.0,brand exact/explicit alias; name unique high similarity score=1.000 margin=0.333; no conflicting concentration record; form compatible,39181|24774|30383|24775|61755,1.0,Aoud Lemon Mint|Lemon Line|Aoud Blue Notes|Aoud Line|Feminity,0.333333,,,6.0
ci_2f9d3332dc12,Parfums Berdoues,그랑크뤼 아주르 리비에라,EDP,LIQUID_PERFUME,cf_c5bc8737d82c,True,False,,,,,2,2,0,lotte:7|lotte:32,True,NO_MATCH,,compatible candidate not found,56275|26650|19512|66353|128930,0.555556,Ylang & Fleur de Sel|1902 Gingembre Vert|Vanille Vanillée|1902 Citron Caviar|Orange Basilic,0.033816,,,7.0
ci_36159d40c5bd,Banana Republic,메탈레인,EDP,LIQUID_PERFUME,cf_8b638eabd45a,True,False,,,,,2,2,0,lotte:9|lotte:204,True,MATCH,64022.0,brand exact/explicit alias; name unique high similarity score=1.000 margin=0.400; no conflicting concentration record; form compatible,64022|29899|29898|70634|96317,1.0,Metal Rain|Modern Man|Modern Woman |Wildbloom Waterlily|Morning Jasmine,0.4,,,9.0
ci_7e172f0085d9,Nishane,팬 유어 플레임즈 엑스트레 드,EXTRAIT,LIQUID_PERFUME,cf_07c68e0d098e,True,False,,,,,2,2,0,lotte:10|lotte:113,True,NO_MATCH,,compatible candidate not found,80466|30585|111174|37603|30587,0.5,Fan Your Flames X|Rosa Turca|Oudous Lux Solis|Fan Your Flames|Pachuli Kozha,0.0,,,10.0
ci_63702fd83c27,Banana Republic,미드나잇 아워,EDP,LIQUID_PERFUME,cf_af7127fb907f,True,False,,,,,1,1,0,lotte:11,True,MATCH,74740.0,"snapshot manual confirmation: brand, fragrance name, concentration/form compatible",74740,1.0,Midnight Hour,,,,11.0
ci_17431ee1f5b7,Banana Republic,퓨어 화이트,EDP,LIQUID_PERFUME,cf_9eb71c08968b,True,False,,,,,2,2,0,lotte:12|lotte:121,True,MATCH,45029.0,"snapshot manual confirmation: brand, fragrance name, concentration/form compatible",45029,1.0,90 Pure White,,,,12.0
ci_db310e94e234,BMW Fragrances,더 센트 오브 베르가무드,EDP,LIQUID_PERFUME,cf_ff3c8f50325b,True,False,,,,,4,4,0,lotte:13|lotte:157|lotte:160|lotte:161,True,MATCH,106298.0,"snapshot manual confirmation: brand, fragrance name, concentration/form compatible",106298,1.0,Bergamood,,,,13.0
ci_372f702bf714,Rance 1795,르방케 포 맨 3종,EDP,LIQUID_PERFUME,cf_165ea6cf22ef,True,False,,,,,2,2,0,lotte:14|lotte:70,True,NO_MATCH,,compatible candidate not found,11925|1923|1926|11894|49528,0.470588,Rance Donna|Le Vainqueur|Rue Rance Eau Impire|Rue Rance Eau de Noblesse|Rue Rance Alchimie du Matin,0.0,,,14.0
ci_2349a2481b25,Versace,오프레쉬 맨,EDT,LIQUID_PERFUME,cf_63abeaf62f0d,True,False,,,,,4,4,0,lotte:15|lotte:108|lotte:135|lotte:296,True,NO_MATCH,,compatible candidate not found,17338|2318|1417|1336|99447,0.666667,Versace Pour Homme Oud Noir|Versace Pour Homme|Versus Uomo|Versace Pour Femme|Rose Flamboyante,0.0,,,15.0
ci_684edcf8558a,Nikos,스컬프쳐 미코노스,EDP,LIQUID_PERFUME,cf_aaf1f4126dca,True,False,,,,,1,1,0,lotte:16,True,NO_MATCH,,compatible candidate not found,925|42277|85286|85369|26759,0.666667,Sculpture Homme|Sculpture Homme God's Night|Sculpture Mykonos Eau de Parfum Fraiche|Sculpture Ocean Light|Sculpture Morning Feel,0.106667,,,16.0
ci_8834b2618482,Montale,비 마이 플럼,EDP,LIQUID_PERFUME,cf_fc0f8200752d,True,False,,,,,1,1,0,lotte:17,True,MATCH,116396.0,brand exact/explicit alias; name unique high similarity score=1.000 margin=0.333; no conflicting concentration record; form compatible,116396|73226|3759|68793|51491,1.0,Be My Plum|Aqua Palma|Blue Amber|Blue Matcha|Amber Musk,0.333333,,,17.0
ci_3b1cfc988a42,Mancera,자스민 엑스클루시프,EDP,LIQUID_PERFUME,cf_bf2cdb625613,True,False,,,,,1,1,0,lotte:18,True,MATCH,74107.0,brand exact/explicit alias; name unique high similarity score=0.900 margin=0.200; concentration compatible; form compatible,74107|51490|51494|15206|51493,0.9,Jasmin Exclusif|Jardin Exclusif|Vanille Exclusive|Musk of Flowers|Aoud Exclusif,0.2,,,18.0
ci_77ef68d53564,Rance 1795,조세핀 포 우먼 3종,EDP,LIQUID_PERFUME,cf_c5a5cdf46fa5,True,False,,,,,2,2,0,lotte:19|lotte:39,True,MATCH,1929.0,"snapshot manual confirmation: brand, fragrance name, concentration/form compatible",1929,1.0,Josephine,,,,19.0
ci_d1e694f37a14,Montale,버블 포에버,EDP,LIQUID_PERFUME,cf_2fbae137bb50,True,False,,,,,1,1,0,lotte:20,True,NO_MATCH,,compatible candidate not found,90740|3786|3759|90739|4064,0.666667,Beast Love|Aoud Velvet|Blue Amber|Bubble Forever|Vanille Absolu,0.0,,,20.0
ci_723799ff0906,Nishane,하지밧 엑스트레 드 3종,EXTRAIT,LIQUID_PERFUME,cf_74e9c0937cdb,True,False,,,,,1,1,0,lotte:21,True,NO_MATCH,,compatible candidate not found,80462|80999|87331|30586|74670,0.526316,Hacivat X|Hacivat Oud|Hespéridé Colognisé|Suede et Safran|Kredo,0.081871,,,21.0
ci_6b994e4f8017,Nishane,우롱차 엑스트레 드 3종,EXTRAIT,LIQUID_PERFUME,cf_bc72c197c272,True,False,,,,,2,2,0,lotte:22|lotte:33,True,NO_MATCH,,compatible candidate not found,80465|30567|80999|30585|87331,0.666667,Wulong Cha X|Wulóng Chá|Hacivat Oud|Rosa Turca|Hespéridé Colognisé,0.140351,,,22.0
ci_06fde7bcef85,Rance 1795,데지레 포 우먼,EDP,LIQUID_PERFUME,cf_603ec8ac65c5,True,False,,,,,1,1,0,lotte:23,True,NO_MATCH,,compatible candidate not found,54976|16888|36889|13451|10728,0.6,Désirée|Sur Mon Coeur|Eleonore|Pauline|Helene,0.1,,,23.0
ci_ede5ddfd0fce,Rance 1795,마틸드,EDP,LIQUID_PERFUME,cf_c61a925388a3,True,False,,,,,2,2,0,lotte:24|lotte:82,True,MATCH,87956.0,brand exact/explicit alias; name unique high similarity score=0.889 margin=0.363; no conflicting concentration record; form compatible,87956|16887|49527|11896|13455,0.888889,Mathilde|Avant le Jour|Rue de Soleil|Le Roi Empereur|Rose de Rose,0.362573,,,24.0
ci_943d8f44d22e,Essential Parfums,에센셜 더 머스크 바이 칼리스 베커 2종,EDP,LIQUID_PERFUME,cf_abcfb4a89806,True,False,,,,,1,1,0,lotte:25,True,NO_MATCH,,compatible candidate not found,50789|103276|127938|50790|90834,0.4,Nice Bergamote|Velvet Iris|Osmanthus Absolu|The Musc|Néroli Botanica,0.066667,,,25.0
ci_efe9bf7b788d,Essential Parfums,에센셜 오렌지상탈 바이 나탈리 그라시아세토 2종,EDP,LIQUID_PERFUME,cf_05882a62fdd0,True,False,,,,,1,1,0,lotte:26,True,NO_MATCH,,compatible candidate not found,50786|50789|73092|103276|90834,0.387097,Orange X Santal|Nice Bergamote|Fig Infusion|Velvet Iris|Néroli Botanica,0.053763,,,26.0
ci_479dbdac0a43,Essential Parfums,에센셜 피그 인퓨전 바이 나탈리 로슨 2종,EDP,LIQUID_PERFUME,cf_29a8a7b99590,True,False,,,,,1,1,0,lotte:27,True,NO_MATCH,,compatible candidate not found,103276|57088|50788|50789|50787,0.384615,Velvet Iris|Divine Vanille|Mon Vetiver|Nice Bergamote|Rose Magnetic,0.076923,,,27.0
ci_c48800ffc2b0,퓨레앙스,화이트 블룸,EDP,LIQUID_PERFUME,cf_a33f8db6535b,True,False,,,,,1,1,0,lotte:28,True,NO_MATCH,,compatible candidate not found,120625|120623|120622|120621|120620,0.0,Объятие|Когда цветёт папоротник|Облака под нами|Садовник и роза|Кафе на краю Вселенной,0.0,,,28.0
ci_2a6bca13c7e1,BMW Fragrances,앰버니스,EDP,LIQUID_PERFUME,cf_d268959c7e59,True,False,,,,,2,2,0,lotte:29|lotte:126,True,MATCH,106299.0,brand exact/explicit alias; name unique high similarity score=0.889 margin=0.589; concentration compatible; form compatible,106299|106298,0.888889,Amberness|Bergamood,0.588889,,,29.0
ci_0b81c33195e9,BMW Fragrances,더 센트 오브 앰버니스,EDP,LIQUID_PERFUME,cf_bbcc457b8655,True,False,,,,,4,4,0,lotte:30|lotte:155|lotte:156|lotte:162,True,MATCH,106299.0,"snapshot manual confirmation: brand, fragrance name, concentration/form compatible",106299,1.0,Amberness,,,,30.0
ci_8340a84c1a24,Parfums Berdoues,그랑크뤼 아쌈 오브 인디아,EDP,LIQUID_PERFUME,cf_012fe93e0bf3,True,False,,,,,1,1,0,lotte:31,True,NO_MATCH,,compatible candidate not found,72011|72838|31436|56275|109656,0.608696,Orange Blossom & Bergamot|Verveine & Clémentine |Assam of India|Ylang & Fleur de Sel|Musc Blanc & Lin,0.037267,,,31.0
ci_eac325a6dc15,Mancera,인텐스 세드라 부아제,EXTRAIT,LIQUID_PERFUME,cf_19ba80df35e3,True,False,,,,,2,2,0,lotte:34|lotte:188,True,MATCH,72796.0,"snapshot manual confirmation: brand, fragrance name, concentration/form compatible",72796,1.0,Intense Cedrat Boise,,,,34.0
ci_cff22b02dea9,Banana Republic,다크체리 & 앰버,EDP,LIQUID_PERFUME,cf_ae3008448f74,True,False,,,,,1,1,0,lotte:35,True,MATCH,59392.0,brand exact/explicit alias; name unique high similarity score=0.857 margin=0.286; no conflicting concentration record; form compatible,59392|63830|14444|11447|29899,0.857143,Dark Cherry & Amber|Gardenia & Cardamom|Wildbloom Vert|Wildbloom|Modern Man,0.285714,,,35.0
ci_d60c0d374cfc,Replay,러버즈 포 우먼,EDT,LIQUID_PERFUME,cf_21adca0e5e6d,True,False,,,,,1,1,0,lotte:36,True,NO_MATCH,,compatible candidate not found,93838|60321|60320|28015|93839,0.451613,Green On Me For Man|Signature Lovers For Man|Signature Lovers for Woman|Relover|Green On Me For Woman,0.007168,,,36.0
ci_9655311a9980,마주리,시그니처 클래식,EDP,LIQUID_PERFUME,cf_2fb2d933787c,True,False,,,,,1,1,0,lotte:37,True,NO_MATCH,,compatible candidate not found,120625|120623|120622|120621|120620,0.0,Объятие|Когда цветёт папоротник|Облака под нами|Садовник и роза|Кафе на краю Вселенной,0.0,,,37.0
ci_029d5242811e,Mancera,인스턴트 크러쉬,EDP,LIQUID_PERFUME,cf_690a9155cb34,True,False,,,,,4,4,0,lotte:38|lotte:52|lotte:54|lotte:233,True,MATCH,54885.0,brand exact/explicit alias; name unique high similarity score=0.941 margin=0.179; no conflicting concentration record; form compatible,54885|104241|76893|46660|51494,0.941176,Instant Crush|Intense Instant Crush|Tonka Cola|Pink Roses|Vanille Exclusive,0.179272,,,38.0
ci_ef14f19b3b75,Rance 1795,헬레네 포 우먼,EDP,LIQUID_PERFUME,cf_fb9c7d52368d,True,False,,,,,1,1,0,lotte:40,True,MATCH,10728.0,"snapshot manual confirmation: brand, fragrance name, concentration/form compatible",10728,1.0,Helene,,,,40.0
ci_17579459b767,Mancera,통카 콜라,EDP,LIQUID_PERFUME,cf_eb5b511894d2,True,False,,,,,3,3,0,lotte:41|lotte:133|lotte:169,True,MATCH,76893.0,brand exact/explicit alias; name unique high similarity score=0.889 margin=0.289; no conflicting concentration record; form compatible,76893|93338|46660|54885|116414,0.888889,Tonka Cola|Eternal Wood|Pink Roses|Instant Crush|Ombre Tonka,0.288889,,,41.0
ci_e202954dd7c6,Kenneth Cole,맨카인드 라이즈,EDT,LIQUID_PERFUME,cf_6afa1ffa4e67,True,False,,,,,1,1,0,lotte:42,True,MATCH,94718.0,"snapshot manual confirmation: brand, fragrance name, concentration/form compatible",94718,1.0,Mankind Rise,,,,42.0
ci_c6b3db5b5caa,BMW Fragrances,M2025,EDT,LIQUID_PERFUME,cf_23bc3c04b0f4,True,False,,,,,4,4,0,lotte:43|lotte:44|lotte:76|lotte:100,True,MATCH,115749.0,brand exact/explicit alias; name unique high similarity score=0.909 margin=0.545; concentration compatible; form compatible,115749|115747|115746,0.909091,BMW M 2025|BMW M  1985|BMW M 1972,0.545455,,,43.0
ci_ca0ee5a0b251,훌라,아우텐티카,EDP,LIQUID_PERFUME,cf_1127a956629f,True,False,,,,,2,2,0,lotte:45|lotte:60,True,NO_MATCH,,compatible candidate not found,120625|120623|120622|120621|120620,0.0,Объятие|Когда цветёт папоротник|Облака под нами|Садовник и роза|Кафе на краю Вселенной,0.0,,,45.0
ci_3cd9661eab70,Mancera,인텐스 레드 토바코 엑스트레 드,EXTRAIT,LIQUID_PERFUME,cf_7493d6c734d4,True,False,,,,,1,1,0,lotte:46,True,MATCH_REVIEW,,candidate retrieval only; name score=0.696 margin=0.136; manual confirmation required; concentration compatible,72796|110845|54058|46663|84246,0.695652,Intense Cedrat Boise|Intense French Riviera|Soleil d'Italie|Red Tobacco|Red Tobacco Intense,0.135652,,,46.0
ci_a1c5a87f45bb,Mancera,패블러스 유주,EDP,LIQUID_PERFUME,cf_6b3ee7e9ce21,True,False,,,,,1,1,0,lotte:47,True,MATCH,75731.0,"snapshot manual confirmation: brand, fragrance name, concentration/form compatible",75731,1.0,Fabulous Yuzu,,,,47.0
ci_552d7d6dc0b6,훌라,아도라빌레,EDP,LIQUID_PERFUME,cf_145ebb69c6a0,True,False,,,,,2,2,0,lotte:48|lotte:56,True,NO_MATCH,,compatible candidate not found,120625|120623|120622|120621|120620,0.0,Объятие|Когда цветёт папоротник|Облака под нами|Садовник и роза|Кафе на краю Вселенной,0.0,,,48.0
ci_df319d71a09a,Mancera,코코 바닐,EDP,LIQUID_PERFUME,cf_93d04806ca30,True,False,,,,,2,2,0,lotte:49|lotte:168,True,MATCH,42782.0,brand exact/explicit alias; name unique high similarity score=1.000 margin=0.200; no conflicting concentration record; form compatible,42782|46662|55845|32907|97826,1.0,Coco Vanille|Black Vanilla|Royal Vanilla|Aoud Vanille|Cinque Terre,0.2,,,49.0
ci_7a181ba8b2ed,Mancera,시실리,EDP,LIQUID_PERFUME,cf_2e2f09a46e39,True,False,,,,,2,2,0,lotte:51|lotte:264,True,MATCH,42670.0,"snapshot manual confirmation: brand, fragrance name, concentration/form compatible",42670,1.0,Sicily,,,,51.0
ci_36c77bf10f8a,Mancera,로즈 그리디,EDP,LIQUID_PERFUME,cf_519627b8a7d9,True,False,,,,,3,3,0,lotte:53|lotte:224|lotte:251,True,MATCH,18042.0,"snapshot manual confirmation: brand, fragrance name, concentration/form compatible",18042,1.0,Roses Greedy,,,,53.0
ci_393fc8cf01a3,Mancera,프렌치 리비에라,EDP,LIQUID_PERFUME,cf_25ff2ffd8ba1,True,False,,,,,1,1,0,lotte:55,True,MATCH,74636.0,brand exact/explicit alias; name unique high similarity score=0.875 margin=0.260; no conflicting concentration record; form compatible,74636|46660|35226|96325|42940,0.875,French Riviera|Pink Roses|Wild Cherry|Cherry Cherry|Choco Violette,0.259615,,,55.0
ci_975325349265,훌라,퓨라,EDP,LIQUID_PERFUME,cf_61c97dbae875,True,False,,,,,1,1,0,lotte:57,True,NO_MATCH,,compatible candidate not found,120625|120623|120622|120621|120620,0.0,Объятие|Когда цветёт папоротник|Облака под нами|Садовник и роза|Кафе на краю Вселенной,0.0,,,57.0
ci_e1a4a5a7dcb1,훌라,우니카,EDP,LIQUID_PERFUME,cf_e1cba7c80834,True,False,,,,,1,1,0,lotte:58,True,NO_MATCH,,compatible candidate not found,120625|120623|120622|120621|120620,0.0,Объятие|Когда цветёт папоротник|Облака под нами|Садовник и роза|Кафе на краю Вселенной,0.0,,,58.0
ci_a5cd171f5185,막스앤코,모닝 캔 웨이트,EDP,LIQUID_PERFUME,cf_4c36615926d0,True,False,,,,,1,1,0,lotte:59,True,NO_MATCH,,compatible candidate not found,120625|120623|120622|120621|120620,0.0,Объятие|Когда цветёт папоротник|Облака под нами|Садовник и роза|Кафе на краю Вселенной,0.0,,,59.0
ci_d8461bafd796,막스앤코,굿 바이브스 돈 라이,EDP,LIQUID_PERFUME,cf_8d3ab524b742,True,False,,,,,1,1,0,lotte:61,True,NO_MATCH,,compatible candidate not found,120625|120623|120622|120621|120620,0.0,Объятие|Когда цветёт папоротник|Облака под нами|Садовник и роза|Кафе на краю Вселенной,0.0,,,61.0
ci_683d2418c073,막스앤코,쉬 이즈 어 10,EDP,LIQUID_PERFUME,cf_284570ab8237,True,False,,,,,1,1,0,lotte:62,True,NO_MATCH,,compatible candidate not found,120625|120623|120622|120621|120620,0.0,Объятие|Когда цветёт папоротник|Облака под нами|Садовник и роза|Кафе на краю Вселенной,0.0,,,62.0
ci_0e762e9fa72f,Essential Parfums,에센셜 나이스 베르가못 바이 앙투완메종디유 2종,EDP,LIQUID_PERFUME,cf_46ebad12da22,True,False,,,,,1,1,0,lotte:63,True,NO_MATCH,,compatible candidate not found,50789|90834|129800|127938|64338,0.375,Nice Bergamote|Néroli Botanica|Ambre Latte|Osmanthus Absolu|Bois Impérial,0.052419,,,63.0
ci_3c138ae27883,Rance 1795,오드라 꾸론느,EDT,LIQUID_PERFUME,cf_a8c7068f4c09,True,False,,,,,2,2,0,lotte:64|lotte:65,True,MATCH,6420.0,"snapshot manual confirmation: brand, fragrance name, concentration/form compatible",6420,1.0,Rue Rance Eau De La Couronne,,,,64.0
ci_a31874bc1078,Rance 1795,프랑수와찰스 포 맨,EDP,LIQUID_PERFUME,cf_fe3265f74440,True,False,,,,,1,1,0,lotte:66,True,MATCH,3172.0,"snapshot manual confirmation: brand, fragrance name, concentration/form compatible",3172,1.0,Francois Charles,,,,66.0
ci_15c399e96ac7,Rance 1795,유제니 포 우먼,EDP,LIQUID_PERFUME,cf_e963059f3cf9,True,False,,,,,2,2,0,lotte:67|lotte:292,True,NO_MATCH,,compatible candidate not found,1924|1929|13456|11925|1926,0.5,Eugenie|Josephine|Jasmin du Malabar|Rance Donna|Rue Rance Eau Impire,0.055556,,,67.0
ci_b1d22fc8e5ed,Rance 1795,르방케 포 맨,EDP,LIQUID_PERFUME,cf_97d9b42e2ee2,True,False,,,,,1,1,0,lotte:68,True,NO_MATCH,,compatible candidate not found,11925|1923|1926|49528|11924,0.615385,Rance Donna|Le Vainqueur|Rue Rance Eau Impire|Rue Rance Alchimie du Matin|2 Rance,0.0,,,68.0
ci_4729f48f8c29,Rance 1795,유제니 포 우먼100ml 3종,EDP,LIQUID_PERFUME,cf_ac8ed9ff3d80,True,False,,,,,1,1,0,lotte:69,True,NO_MATCH,,compatible candidate not found,13456|6420|1924|36889|16888,0.454545,Jasmin du Malabar|Rue Rance Eau De La Couronne|Eugenie|Eleonore|Sur Mon Coeur,0.106719,,,69.0
ci_71fa21326226,Rance 1795,데지레 포 우먼 3종,EDP,LIQUID_PERFUME,cf_7901dce0a7d3,True,False,,,,,2,2,0,lotte:71|lotte:83,True,NO_MATCH,,compatible candidate not found,54976|44492|36889|16888|44320,0.48,Désirée|Sharisme Insensé|Eleonore|Sur Mon Coeur|Secrète Euphorie,0.058947,,,71.0
ci_77cc9879d419,Lalique,라무르 100ml,EDP,LIQUID_PERFUME,cf_c8d9cb091f5e,True,False,,,,,1,1,0,lotte:72,True,NO_MATCH,,compatible candidate not found,45091|16931|62909|35015|45217,0.6,Lumière|L'Amour|Plume Blanche 1901|Or Intemporel|Leather Copper,0.0,,,72.0
ci_e308c32a4ecb,BMW Fragrances,M 1985,EDT,LIQUID_PERFUME,cf_34fb9b64215f,True,False,,,,,4,4,0,lotte:73|lotte:75|lotte:96|lotte:97,True,MATCH,115747.0,brand exact/explicit alias; name unique high similarity score=0.909 margin=0.364; concentration compatible; form compatible,115747|115746|115749,0.909091,BMW M  1985|BMW M 1972|BMW M 2025,0.363636,,,73.0
ci_d2c39dca8ba1,BMW Fragrances,M 1972,EDT,LIQUID_PERFUME,cf_951ee298cd06,True,False,,,,,4,4,0,lotte:74|lotte:78|lotte:99|lotte:102,True,MATCH,115746.0,brand exact/explicit alias; name unique high similarity score=0.909 margin=0.364; concentration compatible; form compatible,115746|115747|115749,0.909091,BMW M 1972|BMW M  1985|BMW M 2025,0.363636,,,74.0
ci_6417c841663e,Banana Republic,네롤리 우드,EDP,LIQUID_PERFUME,cf_7057fc031e0b,True,False,,,,,2,2,0,lotte:77|lotte:92,True,MATCH,50225.0,brand exact/explicit alias; name unique high similarity score=0.857 margin=0.190; no conflicting concentration record; form compatible,50225|2803|15281|111352|96318,0.857143,Neroli Woods|Rosewood|Wildblue|Sandalwood & Musk|Monday Rose,0.190476,,,77.0
ci_6525a252213c,Nishane,헌드레드 사일런트 웨이즈 엑스트레 드,EXTRAIT,LIQUID_PERFUME,cf_ffd00184fd82,True,False,,,,,3,3,0,lotte:79|lotte:81|lotte:110,True,MATCH_REVIEW,,candidate retrieval only; name score=0.815 margin=0.015; manual confirmation required; no conflicting concentration record,80463|37602|111174|30574|80466,0.814815,Hundred Silent Ways X|Hundred Silent Ways|Oudous Lux Solis|Sultan Vetiver|Fan Your Flames X,0.014815,,,79.0
ci_f87ccd37195b,Nishane,난쉬 엑스트레 드,EXTRAIT,LIQUID_PERFUME,cf_521022fab222,True,False,,,,,1,1,0,lotte:80,True,NO_MATCH,,compatible candidate not found,30572|80464|74670|111174|30588,0.615385,Spice Bazaar|Ani X|Kredo|Oudous Lux Solis|Musiqa Oud,0.015385,,,80.0
ci_0dcf5a90e211,Rance 1795,오드프랑스,EDT,LIQUID_PERFUME,cf_e772f18b07c3,True,False,,,,,2,2,0,lotte:84|lotte:159,True,NO_MATCH,,compatible candidate not found,1931|1924|92769|1925|54976,0.5,Rouge|Eugenie|Rue Rance Eau de Zéphyr|Rue Rance Eau Sublime|Désirée,0.02381,,,84.0
ci_ccaf177d157d,Essential Parfums,에센셜 벨벳아이리스 바이 도미니크 로피옹 2종,EDP,LIQUID_PERFUME,cf_9ed7cc2eed95,True,False,,,,,1,1,0,lotte:85,True,NO_MATCH,,compatible candidate not found,103276|90834|50787|50789|50786,0.413793,Velvet Iris|Néroli Botanica|Rose Magnetic|Nice Bergamote|Orange X Santal,0.0,,,85.0
ci_e4a21527d71c,Essential Parfums,에센셜 디바인 바닐 바이 올리비에 페슈 2종,EDP,LIQUID_PERFUME,cf_7f61649e9e4d,True,False,,,,,1,1,0,lotte:86,True,NO_MATCH,,compatible candidate not found,57088|90834|103276|50788|50789,0.48,Divine Vanille|Néroli Botanica|Velvet Iris|Mon Vetiver|Nice Bergamote,0.146667,,,86.0
ci_dca33c49dbd3,Essential Parfums,에센셜 로즈 마그네틱 바이 소피라베 2종,EDP,LIQUID_PERFUME,cf_12194920ca66,True,False,,,,,1,1,0,lotte:87,True,NO_MATCH,,compatible candidate not found,50787|50789|64338|90834|85144,0.461538,Rose Magnetic|Nice Bergamote|Bois Impérial|Néroli Botanica|Patchouli Mania,0.076923,,,87.0
ci_7efb9f7918b8,Essential Parfums,에센셜 몽 베티버 바이 브루노 조바노빅 2종,EDP,LIQUID_PERFUME,cf_ba017921d6b6,True,False,,,,,1,1,0,lotte:88,True,NO_MATCH,,compatible candidate not found,90834|50788|103276|57088|50789,0.444444,Néroli Botanica|Mon Vetiver|Velvet Iris|Divine Vanille|Nice Bergamote,0.0,,,88.0
ci_1078b76d0351,Essential Parfums,에센셜 패출리 마니아 바이 파브리스 펠레그린 2종,EDP,LIQUID_PERFUME,cf_0755eb3f2e8e,True,False,,,,,1,1,0,lotte:89,True,NO_MATCH,,compatible candidate not found,85144|50788|50789|64338|50787,0.387097,Patchouli Mania|Mon Vetiver|Nice Bergamote|Bois Impérial|Rose Magnetic,0.053763,,,89.0
ci_828fd587bcc8,Essential Parfums,에센셜 네롤리 보타니카 바이 앤 플리포 2종,EDP,LIQUID_PERFUME,cf_e48769f212ec,True,False,,,,,1,1,0,lotte:90,True,NO_MATCH,,compatible candidate not found,90834|50788|50789|103276|50787,0.48,Néroli Botanica|Mon Vetiver|Nice Bergamote|Velvet Iris|Rose Magnetic,0.08,,,90.0
ci_48f88df72266,Montale,아라비안 통카,EDP,LIQUID_PERFUME,cf_5f48ea033b6b,True,False,,,,,1,1,0,lotte:91,True,MATCH,57384.0,brand exact/explicit alias; name unique high similarity score=0.923 margin=0.256; no conflicting concentration record; form compatible,57384|45306|97829|18021|8982,0.923077,Arabians Tonka|Arabians|Arabians Musk|Intense Cafe|Louban,0.25641,,,91.0
ci_acd5fe065a4e,퓨레앙스,골든 텐저린,EDP,LIQUID_PERFUME,cf_139e9cfdbf8c,True,False,,,,,1,1,0,lotte:93,True,NO_MATCH,,compatible candidate not found,120625|120623|120622|120621|120620,0.0,Объятие|Когда цветёт папоротник|Облака под нами|Садовник и роза|Кафе на краю Вселенной,0.0,,,93.0
ci_9dca89744659,퓨레앙스,블랑 드 로즈,EDP,LIQUID_PERFUME,cf_af8e4636a59a,True,False,,,,,1,1,0,lotte:94,True,NO_MATCH,,compatible candidate not found,120625|120623|120622|120621|120620,0.0,Объятие|Когда цветёт папоротник|Облака под нами|Садовник и роза|Кафе на краю Вселенной,0.0,,,94.0
ci_788bf737ffe8,퓨레앙스,플레르 머스크,EDP,LIQUID_PERFUME,cf_0121f14e22b4,True,False,,,,,1,1,0,lotte:95,True,NO_MATCH,,compatible candidate not found,120625|120623|120622|120621|120620,0.0,Объятие|Когда цветёт папоротник|Облака под нами|Садовник и роза|Кафе на краю Вселенной,0.0,,,95.0
ci_dacad42c2028,퓨레앙스,블랙베리 베일,EDP,LIQUID_PERFUME,cf_b0feee733c20,True,False,,,,,1,1,0,lotte:98,True,NO_MATCH,,compatible candidate not found,120625|120623|120622|120621|120620,0.0,Объятие|Когда цветёт папоротник|Облака под нами|Садовник и роза|Кафе на краю Вселенной,0.0,,,98.0
ci_d68c89b83d25,퓨레앙스,페어 가든,EDP,LIQUID_PERFUME,cf_fdfc7b74a2c0,True,False,,,,,1,1,0,lotte:101,True,NO_MATCH,,compatible candidate not found,120625|120623|120622|120621|120620,0.0,Объятие|Когда цветёт папоротник|Облака под нами|Садовник и роза|Кафе на краю Вселенной,0.0,,,101.0
ci_6c7d7de64d1a,Versace,에로스플레임 1종,EDP,LIQUID_PERFUME,cf_1b6b621b6cb5,True,False,,,,,1,1,0,lotte:103,True,NO_MATCH,,compatible candidate not found,70090|28958|62762|99447|92647,0.666667,Eros Parfum|Eros Pour Femme|Eros Eau de Parfum|Rose Flamboyante|Eros Energy,0.0,,,103.0
ci_e72742290d76,Versace,에로스 플레임,EDP,LIQUID_PERFUME,cf_4d7a281ab815,True,False,,,,,3,3,0,lotte:104|lotte:138|lotte:194,True,MATCH_REVIEW,,candidate retrieval only; name score=0.909 margin=0.000; manual confirmation required; no conflicting concentration record,70090|28958|62762|52180|70882,0.909091,Eros Parfum|Eros Pour Femme|Eros Eau de Parfum|Eros Flame|Encens Suprême,0.0,,,104.0
ci_f87fae9b0c0e,Versace,브라이트 크리스탈 1종,EDT,LIQUID_PERFUME,cf_2a61e8bc5446,True,True,63.0,MATCH,brand_in_purchase_title + identity_exact + EDT_exact,ci_f87fae9b0c0e,3,2,1,lotte:105|lotte:148|hwahae:63,True,MATCH,632.0,"snapshot manual confirmation: brand, fragrance name, concentration/form compatible",632,1.0,Bright Crystal,,,,105.0
ci_fb30d3e33775,Versace,오프레쉬 맨 1종,EDT,LIQUID_PERFUME,cf_0963e7952df4,True,False,,,,,2,2,0,lotte:107|lotte:150,True,NO_MATCH,,compatible candidate not found,1760|635|1767|17338|70883,0.533333,Green Jeans|Baby Rose Jeans|Versus Time For Energy|Versace Pour Homme Oud Noir|Fleur de Maté,0.0,,,107.0
ci_2667882908d6,Nishane,멘트 투 비 씬 엑스트레 드,EXTRAIT,LIQUID_PERFUME,cf_433aa75c72cb,True,False,,,,,2,2,0,lotte:109|lotte:114,True,MATCH,116224.0,"snapshot manual confirmation: brand, fragrance name, concentration/form compatible",116224,1.0,Meant To Be Seen,,,,109.0
ci_5ff6bd9e62a7,Nishane,헌드레드사일런트 웨이즈 엑스트레 드 3종,EXTRAIT,LIQUID_PERFUME,cf_5134f96f93af,True,False,,,,,1,1,0,lotte:111,True,MATCH_REVIEW,,candidate retrieval only; name score=0.710 margin=0.020; manual confirmation required; no conflicting concentration record,80463|37602|111174|30574|80466,0.709677,Hundred Silent Ways X|Hundred Silent Ways|Oudous Lux Solis|Sultan Vetiver|Fan Your Flames X,0.020022,,,111.0
ci_961b6c888564,Nishane,난쉬 엑스트레 드 3종,EXTRAIT,LIQUID_PERFUME,cf_b2fdb88ae644,True,False,,,,,1,1,0,lotte:112,True,NO_MATCH,,compatible candidate not found,30572|111174|80464|74670|80466,0.470588,Spice Bazaar|Oudous Lux Solis|Ani X|Kredo|Fan Your Flames X,0.026144,,,112.0
ci_b9a4a5188aac,Banana Republic,피오니 & 페퍼콘,EDP,LIQUID_PERFUME,cf_40d8c80da8be,True,False,,,,,2,2,0,lotte:115|lotte:116,True,MATCH,63829.0,"snapshot manual confirmation: brand, fragrance name, concentration/form compatible",63829,1.0,Peony & Peppercorn,,,,115.0
ci_cbb7b0330ab2,Bentley,모멘텀 언브레이커블,EDP,LIQUID_PERFUME,cf_51debd7cbd7c,True,False,,,,,1,1,0,lotte:117,True,MATCH,69281.0,"snapshot manual confirmation: brand, fragrance name, concentration/form compatible",69281,1.0,Momentum Unbreakable Eau de Parfum,,,,117.0
ci_ee512d3fd83f,Jaguar,이어러 리로리드,EDP,LIQUID_PERFUME,cf_5dd3acc95c30,True,False,,,,,1,1,0,lotte:119,True,MATCH,89712.0,brand exact/explicit alias; name unique high similarity score=1.000 margin=0.333; no conflicting concentration record; form compatible,89712|72449|71871|75659|15353,1.0,Jaguar Era Reloaded|Jaguar Era|Jaguar For Men Oud|Jaguar For Men Privé|Jaguar by Lalique,0.333333,,,119.0
ci_58d98aa97d8b,Jaguar,이어러 리로디드,EDP,LIQUID_PERFUME,cf_5def6859991c,True,False,,,,,1,1,0,lotte:120,True,MATCH,89712.0,brand exact/explicit alias; name unique high similarity score=1.000 margin=0.333; no conflicting concentration record; form compatible,89712|72449|71871|75659|15353,1.0,Jaguar Era Reloaded|Jaguar Era|Jaguar For Men Oud|Jaguar For Men Privé|Jaguar by Lalique,0.333333,,,120.0
ci_b07c5a904a22,BMW Fragrances,베르가무드,EDP,LIQUID_PERFUME,cf_fc95463a85a3,True,False,,,,,2,2,0,lotte:122|lotte:124,True,MATCH,106298.0,brand exact/explicit alias; name unique high similarity score=1.000 margin=0.600; concentration compatible; form compatible,106298|106299,1.0,Bergamood|Amberness,0.6,,,122.0
ci_b5fded73abf9,Nishane,아니 엑스트레 드,EXTRAIT,LIQUID_PERFUME,cf_07f43bfd8b32,True,False,,,,,1,1,0,lotte:123,True,NO_MATCH,,compatible candidate not found,80464|74670|80999|30585|30571,0.666667,Ani X|Kredo|Hacivat Oud|Rosa Turca|Santalove,0.0,,,123.0
ci_8df0e96b32ea,Nishane,에게 엑스트레 드 3종,EXTRAIT,LIQUID_PERFUME,cf_aca1dbccdea5,True,False,,,,,1,1,0,lotte:125,True,NO_MATCH,,compatible candidate not found,30586|74670|87331|80999|30585,0.470588,Suede et Safran|Kredo|Hespéridé Colognisé|Hacivat Oud|Rosa Turca,0.00905,,,125.0
ci_dedcc1bc3243,Banana Republic,벨벳 포메그레네이트 75ml,EDP,LIQUID_PERFUME,cf_15ab8e46d0b5,True,False,,,,,1,1,0,lotte:127,True,MATCH,74739.0,"snapshot manual confirmation: brand, fragrance name, concentration/form compatible",74739,1.0,Velvet Pomegranate,,,,127.0
ci_bfb471bec2cb,Rance 1795,마틸드 3종,EDP,LIQUID_PERFUME,cf_3e03e67961e6,True,False,,,,,1,1,0,lotte:128,True,MATCH,87956.0,"snapshot manual confirmation: brand, fragrance name, concentration/form compatible",87956,1.0,Mathilde,,,,128.0
ci_87bf6ab870ca,Replay,시크릿 포 우먼,EDT,LIQUID_PERFUME,cf_331640275cb3,True,False,,,,,2,2,0,lotte:129|lotte:196,True,NO_MATCH,,compatible candidate not found,88050|88049|44973|82020|49827,0.666667,Source of Life Woman|Source of Life Man|Replay Signature For Men|Tuscany Yellow|Replay Signature Secret,0.0,,,129.0
ci_d62c7422f3c9,Mancera,머스키 가든,EDP,LIQUID_PERFUME,cf_062eb4a64939,True,False,,,,,1,1,0,lotte:130,True,MATCH,46300.0,brand exact/explicit alias; name unique high similarity score=0.923 margin=0.323; no conflicting concentration record; form compatible,46300|15207|18046|18042|128865,0.923077,Musky Garden|Wave Musk|Kumkat Wood|Roses Greedy|Mochi Musk,0.323077,,,130.0
ci_273373b93586,Versace,브라이트 크리스탈 앱솔루,EDP,LIQUID_PERFUME,cf_8d36f92bbefa,True,False,,,,,4,4,0,lotte:132|lotte:134|lotte:149|lotte:298,True,MATCH,21547.0,"snapshot manual confirmation: brand, fragrance name, concentration/form compatible",21547,1.0,Bright Crystal Absolu,,,,132.0
ci_ca648c4a8a05,Versace,에로스,EDP,LIQUID_PERFUME,cf_3fbee79d8e5e,True,False,,,,,2,2,0,lotte:136|lotte:288,True,NO_MATCH,,compatible candidate not found,52180|1763|1417|92647|70090,0.666667,Eros Flame|Yellow Jeans|Versus Uomo|Eros Energy|Eros Parfum,0.0,,,136.0
ci_d982e707ddbc,Replay,탱크 플레이트 포 맨,EDT,LIQUID_PERFUME,cf_889c6b13efb3,True,False,,,,,1,1,0,lotte:139,True,MATCH,50767.0,"snapshot manual confirmation: brand, fragrance name, concentration/form compatible",50767,1.0,#Tank Plate for Him,,,,139.0
ci_2169b2f1510d,Replay,시그니처 시크릿 포 우먼,EDT,LIQUID_PERFUME,cf_e50c2ec1f66f,True,False,,,,,2,2,0,lotte:140|lotte:229,True,MATCH,49827.0,"snapshot manual confirmation: brand, fragrance name, concentration/form compatible",49827,1.0,Replay Signature Secret,,,,140.0
ci_07d09ab41d6d,TUMI,어웨이큰 08 00,EDP,LIQUID_PERFUME,cf_5482c20b23e5,True,False,,,,,2,2,0,lotte:141|lotte:201,True,MATCH,62766.0,"snapshot manual confirmation: brand, fragrance name, concentration/form compatible",62766,1.0,Awaken,,,,141.0
ci_60a36f908dca,Replay,소스 오브 라이프 포 우먼,EDP,LIQUID_PERFUME,cf_b0399585ce21,True,False,,,,,2,2,0,lotte:142|lotte:245,True,MATCH,88050.0,"snapshot manual confirmation: brand, fragrance name, concentration/form compatible",88050,1.0,Source of Life Woman,,,,142.0
ci_9975d74312fa,Trussardi,르비드밀라노 디이탈리안 아티스트 오브 비아솔페리노EDP,UNSPECIFIED,LIQUID_PERFUME,cf_4f0b5dbf8150,True,False,,,,,1,1,0,lotte:143,True,MATCH,73547.0,"snapshot manual confirmation: brand, fragrance name, concentration/form compatible",73547,1.0,The Italian Artists of Via Solferino,,,,143.0
ci_0212e7f4c6dc,Versace,에로스 에너지 1종,EDP,LIQUID_PERFUME,cf_68e57a983f7a,True,False,,,,,2,2,0,lotte:144|lotte:145,True,NO_MATCH,,compatible candidate not found,99116|92647|1760|635|1413,0.615385,Eros Najim|Eros Energy|Green Jeans|Baby Rose Jeans|Versace Essence Emotional,0.0,,,144.0
ci_389ff6daf20d,Versace,브라이트 크리스탈 앱솔루 1종,EDP,LIQUID_PERFUME,cf_88d9ac338dcd,True,False,,,,,2,2,0,lotte:146|lotte:147,True,MATCH_REVIEW,,candidate retrieval only; name score=0.714 margin=0.025; manual confirmation required; concentration compatible,21547|92277|632|631|92276,0.714286,Bright Crystal Absolu|Bright Crystal Parfum|Bright Crystal|Crystal Noir|Crystal Noir Parfum,0.024631,,,146.0
ci_bbf72792ad02,Trussardi,르비드밀라노 디스트릭트 오브 노로,EDP,LIQUID_PERFUME,cf_f9f9d6b27de7,True,False,,,,,1,1,0,lotte:151,True,MATCH,80039.0,"snapshot manual confirmation: brand, fragrance name, concentration/form compatible",80039,1.0,District of Nolo,,,,151.0
ci_f12a519af9c5,Rance 1795,오 드 제피르,EDT,LIQUID_PERFUME,cf_5474d28dbfcc,True,False,,,,,2,2,0,lotte:152|lotte:190,True,NO_MATCH,,compatible candidate not found,54976|1930|1924|49527|11896,0.571429,Désirée|D'Erje|Eugenie|Rue de Soleil|Le Roi Empereur,0.0,,,152.0
ci_d9e3d05906cb,Montale,아라비안스,EDP,LIQUID_PERFUME,cf_b4180d7f1058,True,False,,,,,1,1,0,lotte:153,True,MATCH,45306.0,brand exact/explicit alias; name unique high similarity score=1.000 margin=0.143; no conflicting concentration record; form compatible,45306|8982|97829|57384|59891,1.0,Arabians|Louban|Arabians Musk|Arabians Tonka|Velvet Fantasy,0.142857,,,153.0
ci_ec6da844c7a5,Montale,바닐 압솔뤼,EDP,LIQUID_PERFUME,cf_871704abe269,True,False,,,,,1,1,0,lotte:154,True,MATCH,4064.0,"snapshot manual confirmation: brand, fragrance name, concentration/form compatible",4064,1.0,Vanille Absolu,,,,154.0
ci_47ce05cd8c6f,Montale,바닐라 케이크,EDP,LIQUID_PERFUME,cf_08ce3d5128d0,True,False,,,,,1,1,0,lotte:158,True,MATCH,48948.0,brand exact/explicit alias; name unique high similarity score=1.000 margin=0.250; no conflicting concentration record; form compatible,48948|1142|4059|57382|39411,1.0,Vanilla Cake|Black Aoud|Vanilla Extasy|Bengal Oud|Sweet Vanilla,0.25,,,158.0
ci_59d00d38b234,Mancera,엠버 피버,EDP,LIQUID_PERFUME,cf_0ae601989c9c,True,False,,,,,2,2,0,lotte:163|lotte:253,True,MATCH,57879.0,"snapshot manual confirmation: brand, fragrance name, concentration/form compatible",57879,1.0,Amber Fever,,,,163.0
ci_f2f04563896f,Mancera,세드라 부아제,EDP,LIQUID_PERFUME,cf_4a7ed06cecca,True,False,,,,,2,2,0,lotte:164|lotte:166,True,NO_MATCH,,compatible candidate not found,54058|57883|36534|15211|42670,0.6,Soleil d'Italie|Silver Blue|Aoud Sandroses|Cedrat Boise|Sicily,0.054545,,,164.0
ci_d315de036a0e,Mancera,코스믹 페퍼,EDP,LIQUID_PERFUME,cf_9a1d4aa3ac51,True,False,,,,,2,2,0,lotte:170|lotte:182,True,MATCH,81804.0,brand exact/explicit alias; name unique high similarity score=0.909 margin=0.309; no conflicting concentration record; form compatible,81804|18046|51493|18047|98362,0.909091,Cosmic Pepper|Kumkat Wood|Aoud Exclusif|Roses Jasmine|Fig Me Up,0.309091,,,170.0
ci_0381d47c8406,Montale,데이 드림즈,EDP,LIQUID_PERFUME,cf_fb71805cd6ed,True,False,,,,,1,1,0,lotte:171,True,MATCH,45055.0,"snapshot manual confirmation: brand, fragrance name, concentration/form compatible",45055,1.0,Day Dreams,,,,171.0
ci_938c20fbc0d3,Trussardi,르비드밀라노 비하인드 더 커튼 피아차 라스칼라,EDP,LIQUID_PERFUME,cf_ca6bbdb83298,True,False,,,,,1,1,0,lotte:172,True,MATCH,59828.0,"snapshot manual confirmation: brand, fragrance name, concentration/form compatible",59828,1.0,Behind The Curtain Piazza Alla Scala,,,,172.0
ci_54dcd14cd0b1,Trussardi,르비드밀라노 아이비콜리 피오리 치아리,EDP,LIQUID_PERFUME,cf_126d4e25ea8e,True,False,,,,,1,1,0,lotte:173,True,MATCH,59830.0,"snapshot manual confirmation: brand, fragrance name, concentration/form compatible",59830,1.0,I Vicoli Via Fiori Chiari,,,,173.0
ci_2b2dcf87238b,Trussardi,르비드밀라노 워킹인 포르타 베네치아,EDP,LIQUID_PERFUME,cf_fdb9ce382036,True,False,,,,,1,1,0,lotte:174,True,MATCH,73546.0,"snapshot manual confirmation: brand, fragrance name, concentration/form compatible",73546,1.0,Walking in Porta Venezia,,,,174.0
ci_d7e4b6dd1cf0,Trussardi,르비드밀라노 디이탈리안 아티스트 비아솔페리노 EDP100ml,UNSPECIFIED,LIQUID_PERFUME,cf_36b5d62a96f1,True,False,,,,,1,1,0,lotte:175,True,NO_MATCH,,compatible candidate not found,73547|59829|59828|80040|129555,0.541176,The Italian Artists of Via Solferino|Aperitivo Milanese Porta Nuova|Behind The Curtain Piazza Alla Scala|Hidden Corner of Fontana dei Baci|Italian Gardens Edizione Millesimata,0.067492,,,175.0
ci_e2bc8eed511e,Trussardi,르비드밀라노 비하인더커튼 피아차 라스칼라EDP,UNSPECIFIED,LIQUID_PERFUME,cf_9dd6be53f5ea,True,False,,,,,1,1,0,lotte:176,True,MATCH,59828.0,"snapshot manual confirmation: brand, fragrance name, concentration/form compatible",59828,1.0,Behind The Curtain Piazza Alla Scala,,,,176.0
ci_00a33e55aff9,Trussardi,르비드밀라노 아이비콜리 비아 피오리 치아리EDP,UNSPECIFIED,LIQUID_PERFUME,cf_bdb35a3f1adf,True,False,,,,,1,1,0,lotte:177,True,MATCH,59830.0,"snapshot manual confirmation: brand, fragrance name, concentration/form compatible",59830,1.0,I Vicoli Via Fiori Chiari,,,,177.0
ci_c59ba142b294,Trussardi,르비드밀라노 알바수이 나빌리,EDP,LIQUID_PERFUME,cf_3a6aab83ce41,True,False,,,,,1,1,0,lotte:178,True,NO_MATCH,,compatible candidate not found,59829|73545|125725|77026|73548,0.64,Aperitivo Milanese Porta Nuova|Alba sui Navigli|Primo Notte Blu|Trussardi Donna Levriero Limited Edition|Walking On Via Fiori Oscuri,0.008421,,,178.0
ci_0b77f29fee74,Mancera,체리 체리,EDP,LIQUID_PERFUME,cf_2a70e16c79a8,True,False,,,,,1,1,0,lotte:179,True,MATCH,96325.0,brand exact/explicit alias; name unique high similarity score=1.000 margin=0.429; no conflicting concentration record; form compatible,96325|74636|88137|42506|35226,1.0,Cherry Cherry|French Riviera|Black Noir|Aoud Orchid|Wild Cherry,0.428571,,,179.0
ci_8fc9d9da835c,Mancera,친퀘 테레,EDP,LIQUID_PERFUME,cf_16a7259a4110,True,False,,,,,1,1,0,lotte:180,True,MATCH,97826.0,brand exact/explicit alias; name unique high similarity score=0.909 margin=0.242; no conflicting concentration record; form compatible,97826|96325|42940|18043|76893,0.909091,Cinque Terre|Cherry Cherry|Choco Violette|Roses & Chocolate|Tonka Cola,0.242424,,,180.0
ci_9d2eaf5bd206,Mancera,블랙 골드,EDP,LIQUID_PERFUME,cf_027e9f40148c,True,False,,,,,1,1,0,lotte:181,True,MATCH,43335.0,brand exact/explicit alias; name unique high similarity score=1.000 margin=0.231; no conflicting concentration record; form compatible,43335|67228|88137|18049|18042,1.0,Black Gold|Lovely Garden|Black Noir|Black Line|Roses Greedy,0.230769,,,181.0
ci_f1a7e056026a,Nishane,아니 엑스트레 드 3종,EXTRAIT,LIQUID_PERFUME,cf_84f7b41e823c,True,False,,,,,2,2,0,lotte:183|lotte:185,True,NO_MATCH,,compatible candidate not found,80464|74670|116224|87331|80999,0.461538,Ani X|Kredo|Meant To Be Seen|Hespéridé Colognisé|Hacivat Oud,0.0,,,183.0
ci_5a2e37211d45,Nishane,페보니우스 런던엑스트레 드 3종,EXTRAIT,LIQUID_PERFUME,cf_e493f28a1d1f,True,False,,,,,1,1,0,lotte:186,True,NO_MATCH,,compatible candidate not found,111174|80463|30574|37602|30585,0.416667,Oudous Lux Solis|Hundred Silent Ways X|Sultan Vetiver|Hundred Silent Ways|Rosa Turca,0.002874,,,186.0
ci_cc5699938bed,Montale,인피니티,EDP,LIQUID_PERFUME,cf_24fa553c51bb,True,False,,,,,1,1,0,lotte:187,True,MATCH,81773.0,"snapshot manual confirmation: brand, fragrance name, concentration/form compatible",81773,1.0,Infinity,,,,187.0
ci_a07995306f61,Montale,솔레이 드 카프리,EDP,LIQUID_PERFUME,cf_233f6a6f8e57,True,False,,,,,2,2,0,lotte:191|lotte:240,True,MATCH,3767.0,brand exact/explicit alias; name unique high similarity score=1.000 margin=0.273; no conflicting concentration record; form compatible,3767|12302|9222|71857|48947,1.0,Soleil de Capri|Wild Pears|Roses Elixir|Soleil de Capri for Gold Apple|Orchid Powder,0.272727,,,191.0
ci_73a08f4ff6ee,Parfums Berdoues,그랑크뤼 과리아 모라다,EDP,LIQUID_PERFUME,cf_d5ec209ae57b,True,False,,,,,1,1,0,lotte:192,True,MATCH,59840.0,"snapshot manual confirmation: brand, fragrance name, concentration/form compatible",59840,1.0,Guaria Morada,,,,192.0
ci_2741ea11a23d,Parfums Berdoues,콜렉 션 그랑크뤼 펑라이,EDP,LIQUID_PERFUME,cf_d5a59de54f81,True,False,,,,,1,1,0,lotte:193,True,NO_MATCH,,compatible candidate not found,105567|19510|19507|56275|31433,0.583333,Monoï & Frangipanier|Musc Ylang Ylang|Les Contes Bucoliques Fleur de Cerisier|Ylang & Fleur de Sel|Scorza di Sicilia,0.0,,,193.0
ci_0c2c64f28c57,Atelier des Ors,느와 바이 나이트,EDP,LIQUID_PERFUME,cf_b0537ca31deb,True,False,,,,,1,1,0,lotte:195,True,MATCH_REVIEW,,candidate retrieval only; name score=0.750 margin=0.023; manual confirmation required; no conflicting concentration record,115153|76836|99572|49594|99575,0.75,Novae Vanilla|Noir by Night|Lune Féline Vintage|Nuda Veritas|Rouge Sarây Vintage,0.022727,,,195.0
ci_bd6e43db5574,Jaguar,이어러,EDT,LIQUID_PERFUME,cf_32514f02066c,True,False,,,,,1,1,0,lotte:197,True,MATCH,72449.0,brand exact/explicit alias; name unique high similarity score=1.000 margin=0.333; no conflicting concentration record; form compatible,72449|89712|71871|15353|6811,1.0,Jaguar Era|Jaguar Era Reloaded|Jaguar For Men Oud|Jaguar by Lalique|Jaguar Marc II,0.333333,,,197.0
ci_f53b2c73d710,TUMI,키네틱,EDP,LIQUID_PERFUME,cf_eb226a7af12e,True,False,,,,,2,2,0,lotte:198|lotte:211,True,MATCH,76413.0,"snapshot manual confirmation: brand, fragrance name, concentration/form compatible",76413,1.0,Kinetic [--:-- GMT],,,,198.0
ci_34346c0a273e,Nikos,스컬프쳐,EDP,LIQUID_PERFUME,cf_549b0838ae00,True,False,,,,,1,1,0,lotte:199,True,MATCH_REVIEW,,candidate retrieval only; name score=0.714 margin=0.048; manual confirmation required; no conflicting concentration record,925|85369|924|94740|9934,0.714286,Sculpture Homme|Sculpture Ocean Light|Sculpture|Sculpture Rêverie|Sculpture Delicate Fleur,0.047619,,,199.0
ci_73fd56d19a90,Nikos,스컬프쳐,EDT,LIQUID_PERFUME,cf_549b0838ae00,True,False,,,,,1,1,0,lotte:200,True,MATCH_REVIEW,,candidate retrieval only; name score=0.714 margin=0.048; manual confirmation required; no conflicting concentration record,925|85369|924|9934|2631,0.714286,Sculpture Homme|Sculpture Ocean Light|Sculpture|Sculpture Delicate Fleur|Nikos Sculpture Fresh Blue,0.047619,,,200.0
ci_c36740a80f2a,TUMI,컨티넘 12 00,EDP,LIQUID_PERFUME,cf_123ed4a8c4b8,True,False,,,,,2,2,0,lotte:202|lotte:206,True,MATCH,70278.0,"snapshot manual confirmation: brand, fragrance name, concentration/form compatible",70278,1.0,Continuum,,,,202.0
ci_f7f619b38258,TUMI,아틀라스 00 00,EDP,LIQUID_PERFUME,cf_118df5766325,True,False,,,,,2,2,0,lotte:203|lotte:205,True,MATCH,78106.0,brand exact/explicit alias; name unique high similarity score=0.857 margin=0.413; no conflicting concentration record; form compatible,78106|97063|97061|93244|97064,0.857143,Atlas|Renaissance|Signature|Awaken Distilled|Utopia,0.412698,,,203.0
ci_080f658678f2,TUMI,언와인드 20 00,EDP,LIQUID_PERFUME,cf_6c9f07086127,True,False,,,,,1,1,0,lotte:207,True,MATCH,62770.0,"snapshot manual confirmation: brand, fragrance name, concentration/form compatible",62770,1.0,Unwind,,,,207.0
ci_6b6e6390b821,Kenneth Cole,블랙 포 허,EDP,LIQUID_PERFUME,cf_f167ac372486,True,False,,,,,2,2,0,lotte:208|lotte:210,True,MATCH,877.0,"snapshot manual confirmation: brand, fragrance name, concentration/form compatible",877,1.0,Black,,,,208.0
ci_e728228b3ab2,Kenneth Cole,맨카인드,EDT,LIQUID_PERFUME,cf_1b811686ec1d,True,False,,,,,1,1,0,lotte:209,True,MATCH,21554.0,brand exact/explicit alias; name unique high similarity score=1.000 margin=0.167; concentration compatible; form compatible,21554|94718|38546|56463|30322,1.0,Mankind|Mankind Rise|Mankind Hero|Mankind Legacy|Mankind Ultimate,0.166667,,,209.0
ci_52cf9a832163,Banana Republic,토바코&통카빈,EDP,LIQUID_PERFUME,cf_2e857b426ee8,True,False,,,,,1,1,0,lotte:212,True,MATCH,63828.0,brand exact/explicit alias; name unique high similarity score=0.941 margin=0.513; no conflicting concentration record; form compatible,63828|2815|45030|64022|96317,0.941176,Tobacco & Tonka Bean|Cordovan|06 Black Platinum|Metal Rain|Morning Jasmine,0.512605,,,212.0
ci_d4d00261f05c,Lalique,솔레이 비브랑,EDP,LIQUID_PERFUME,cf_217ff0c5beb8,True,False,,,,,2,2,0,lotte:213|lotte:216,True,MATCH,72448.0,"snapshot manual confirmation: brand, fragrance name, concentration/form compatible",72448,1.0,Soleil Vibrant,,,,213.0
ci_647462aaf9a7,Lalique,솔레이,EDP,LIQUID_PERFUME,cf_729e2bebea76,True,False,,,,,2,2,0,lotte:214|lotte:215,True,MATCH,55783.0,brand exact/explicit alias; name unique high similarity score=1.000 margin=0.200; no conflicting concentration record; form compatible,55783|28252|96192|45090|4210,1.0,Soleil|Rose Royale|Soleil Lunar|Sensuel|Le Baiser,0.2,,,214.0
ci_436c24e79e33,Grès,카보틴 로즈,EDT,LIQUID_PERFUME,cf_6ad4c87d485a,True,False,,,,,2,2,0,lotte:217|lotte:218,True,MATCH,4859.0,"snapshot manual confirmation: brand, fragrance name, concentration/form compatible",4859,1.0,Cabotine Rose,,,,217.0
ci_a08338f33701,Grès,카보샤 셰리,EDP,LIQUID_PERFUME,cf_c8dcf7bda2dc,True,False,,,,,1,1,0,lotte:219,True,MATCH,55532.0,"snapshot manual confirmation: brand, fragrance name, concentration/form compatible",55532,1.0,Cabochard Chérie,,,,219.0
ci_2a8635bc11bf,Grès,카보샤,EDP,LIQUID_PERFUME,cf_05deb7345bc8,True,False,,,,,1,1,0,lotte:220,True,NO_MATCH,,compatible candidate not found,42470|4859|21946|2399|1061,0.666667,Alix|Cabotine Rose|Cabotine Rosalie|Cabaret|Cabotine,0.0,,,220.0
ci_79005a235893,Montale,파우더 플라워즈,EDP,LIQUID_PERFUME,cf_bdd5577ea266,True,False,,,,,2,2,0,lotte:221|lotte:279,True,NO_MATCH,,compatible candidate not found,6648|104089|12302|14841|5142,0.666667,Deep Roses|Oud Sapparot|Wild Pears|Aoud Purple Rose|Powder Flowers,0.066667,,,221.0
ci_66cce5ea1377,Montale,우드&스파이스,EDP,LIQUID_PERFUME,cf_8d36fd9d6ba4,True,False,,,,,2,2,0,lotte:222|lotte:281,True,MATCH_REVIEW,,candidate retrieval only; name score=0.750 margin=0.023; manual confirmation required; no conflicting concentration record,30508|1147|1141|104089|81772,0.75,Aoud Sense|Wood and Spices|Aoud Rose Petals|Oud Sapparot|Oudyssee,0.022727,,,222.0
ci_addb5a20b96f,Mancera,로즈 바닐,EDP,LIQUID_PERFUME,cf_63d3ccc5f0ca,True,False,,,,,2,2,0,lotte:223|lotte:271,True,MATCH,15210.0,"snapshot manual confirmation: brand, fragrance name, concentration/form compatible",15210,1.0,Roses Vanille,,,,223.0
ci_f24c84468cb7,Montale,프리티 프루티,EDP,LIQUID_PERFUME,cf_475d13fc757d,True,False,,,,,2,2,0,lotte:226|lotte:280,True,MATCH,12301.0,"snapshot manual confirmation: brand, fragrance name, concentration/form compatible",12301,1.0,Pretty Fruity,,,,226.0
ci_a5e651da90ff,휴파슨스,본드스트리트,EDP,LIQUID_PERFUME,cf_5a789b8716ed,True,False,,,,,1,1,0,lotte:227,True,NO_MATCH,,compatible candidate not found,120625|120623|120622|120621|120620,0.0,Объятие|Когда цветёт папоротник|Облака под нами|Садовник и роза|Кафе на краю Вселенной,0.0,,,227.0
ci_8fce3d2bf820,Mancera,레드 토바코,EDP,LIQUID_PERFUME,cf_34ea75e23717,True,False,,,,,4,4,0,lotte:228|lotte:232|lotte:263|lotte:265,True,MATCH,46663.0,brand exact/explicit alias; name unique high similarity score=1.000 margin=0.333; no conflicting concentration record; form compatible,46663|36533|54058|36727|35226,1.0,Red Tobacco|Black to Black|Soleil d'Italie|Wild Candy|Wild Cherry,0.333333,,,228.0
ci_d949fba63554,Mancera,베티버 센슈얼,EDP,LIQUID_PERFUME,cf_612501ae872a,True,False,,,,,2,2,0,lotte:230|lotte:258,True,MATCH,61046.0,brand exact/explicit alias; name unique high similarity score=0.933 margin=0.219; no conflicting concentration record; form compatible,61046|39835|46662|36533|76893,0.933333,Vetiver Sensuel|Velvet Vanilla|Black Vanilla|Black to Black|Tonka Cola,0.219048,,,230.0
ci_b5092ea1a84d,Montale,머스크 투 머스크,EDP,LIQUID_PERFUME,cf_c271dc4ac636,True,False,,,,,2,2,0,lotte:231|lotte:278,True,MATCH,12299.0,brand exact/explicit alias; name unique high similarity score=1.000 margin=0.333; no conflicting concentration record; form compatible,12299|3770|1140|9560|9558,1.0,Musk to Musk|White Musk|Aoud Damascus|Amber & Spices|Aoud Musk,0.333333,,,231.0
ci_02bfc852a873,Montale,로즈 엘릭시르,EDP,LIQUID_PERFUME,cf_275f945ea0f2,True,False,,,,,2,2,0,lotte:234|lotte:283,True,MATCH,9222.0,"snapshot manual confirmation: brand, fragrance name, concentration/form compatible",9222,1.0,Roses Elixir,,,,234.0
ci_ba040a294bf0,Montale,크리스탈 플라워즈,EDP,LIQUID_PERFUME,cf_a66a040aa267,True,False,,,,,2,2,0,lotte:235|lotte:275,True,MATCH,3772.0,"snapshot manual confirmation: brand, fragrance name, concentration/form compatible",3772,1.0,Crystal Flowers,,,,235.0
ci_d84388df7a7e,Montale,스위트 피오니,EDP,LIQUID_PERFUME,cf_7e64a89bfadb,True,False,,,,,2,2,0,lotte:236|lotte:282,True,MATCH,46099.0,brand exact/explicit alias; name unique high similarity score=1.000 margin=0.333; concentration compatible; form compatible,46099|39411|71994|57384|56009,1.0,Sweet Peony|Sweet Vanilla|Oud Edition|Arabians Tonka|Roses Musk Limited Edition,0.333333,,,236.0
ci_5ae531dd8075,Rance 1795,르와엠페러 포 맨,EDP,LIQUID_PERFUME,cf_58286317448d,True,False,,,,,1,1,0,lotte:237,True,MATCH,11896.0,"snapshot manual confirmation: brand, fragrance name, concentration/form compatible",11896,1.0,Le Roi Empereur,,,,237.0
ci_ae479988a6d6,Mancera,골드 인센스,EDP,LIQUID_PERFUME,cf_92bb9f7ccc4e,True,False,,,,,3,3,0,lotte:238|lotte:260|lotte:261,True,MATCH,49029.0,brand exact/explicit alias; name unique high similarity score=0.857 margin=0.107; no conflicting concentration record; form compatible,49029|11163|36534|46659|51490,0.857143,Gold Incense|Gold Intensive Aoud|Aoud Sandroses|Gold Aoud|Jardin Exclusif,0.107143,,,238.0
ci_e171cbefba6e,휴파슨스,화이트홀,EDP,LIQUID_PERFUME,cf_8a7251765e46,True,False,,,,,1,1,0,lotte:239,True,NO_MATCH,,compatible candidate not found,120625|120623|120622|120621|120620,0.0,Объятие|Когда цветёт папоротник|Облака под нами|Садовник и роза|Кафе на краю Вселенной,0.0,,,239.0
ci_3c99c7084bc3,Replay,러버즈 포 맨,EDT,LIQUID_PERFUME,cf_8f3493ed7fd0,True,False,,,,,1,1,0,lotte:241,True,NO_MATCH,,compatible candidate not found,93839|93838|88050|60320|88049,0.5625,Green On Me For Woman|Green On Me For Man|Source of Life Woman|Signature Lovers for Woman|Source of Life Man,0.029167,,,241.0
ci_2faf29e0440f,Montale,오드 포레스트,EDP,LIQUID_PERFUME,cf_62fcc3d9e0f7,True,False,,,,,2,2,0,lotte:242|lotte:276,True,MATCH,9559.0,"snapshot manual confirmation: brand, fragrance name, concentration/form compatible",9559,1.0,Aoud Forest,,,,242.0
ci_10ec36e81e9c,Jaguar,클래식 블랙,EDT,LIQUID_PERFUME,cf_2e9bae37612e,True,False,,,,,1,1,0,lotte:243,True,MATCH,11793.0,brand exact/explicit alias; name unique high similarity score=1.000 margin=0.143; concentration compatible; form compatible,11793|13547|17380|6809|17379,1.0,Jaguar Classic Black|Jaguar Classic Amber|Jaguar Classic Red|Jaguar Classic|Jaguar Classic Gold,0.142857,,,243.0
ci_cbb9c5fbc6d6,Replay,소스 오브 라이프 포 맨,EDT,LIQUID_PERFUME,cf_655927f2cf6d,True,False,,,,,2,2,0,lotte:244|lotte:247,True,NO_MATCH,,compatible candidate not found,88050|88049|60321|60320|44973,0.571429,Source of Life Woman|Source of Life Man|Signature Lovers For Man|Signature Lovers for Woman|Replay Signature For Men,0.0,,,244.0
ci_b8783dfdbdea,Replay,시그니처 러버즈 포 맨,EDT,LIQUID_PERFUME,cf_3378e2caf68c,True,False,,,,,1,1,0,lotte:246,True,MATCH,60321.0,"snapshot manual confirmation: brand, fragrance name, concentration/form compatible",60321,1.0,Signature Lovers For Man,,,,246.0
ci_1561b7dafb62,Replay,시그니처 러버즈 포 우먼,EDT,LIQUID_PERFUME,cf_75695eea1209,True,False,,,,,1,1,0,lotte:248,True,NO_MATCH,,compatible candidate not found,60321|60320|44973|44972|93839,0.608696,Signature Lovers For Man|Signature Lovers for Woman|Replay Signature For Men|Replay Signature for Women|Green On Me For Woman,0.0,,,248.0
ci_4fba2d4ee366,Lalique,라무르,EDP,LIQUID_PERFUME,cf_77a37ffc54cd,True,False,,,,,2,2,0,lotte:249|lotte:266,True,MATCH_REVIEW,,candidate retrieval only; name score=1.000 margin=0.000; manual confirmation required; no conflicting concentration record,45091|16931|35015|28252|28253,1.0,Lumière|L'Amour|Or Intemporel|Rose Royale|Elegance Animale,0.0,,,249.0
ci_a5c10f14e59f,마주리,챠밍 튜베로즈,EDP,LIQUID_PERFUME,cf_c3bb962864f1,True,False,,,,,1,1,0,lotte:250,True,NO_MATCH,,compatible candidate not found,120625|120623|120622|120621|120620,0.0,Объятие|Когда цветёт папоротник|Облака под нами|Садовник и роза|Кафе на краю Вселенной,0.0,,,250.0
ci_cd663b989366,Replay,탱크 플레이트 포 우먼,EDT,LIQUID_PERFUME,cf_560f573d8a62,True,False,,,,,1,1,0,lotte:252,True,MATCH_REVIEW,,candidate retrieval only; name score=0.700 margin=0.100; manual confirmation required; no conflicting concentration record,50767|50768|43401|82019|54318,0.7,#Tank Plate for Him|#Tank Plate for Her|#Tank For Him|Amazonian Green|#Tank Custom For Him,0.1,,,252.0
ci_448e593fbf02,마주리,더 원 앤 온리,EDP,LIQUID_PERFUME,cf_6749afe3f806,True,False,,,,,1,1,0,lotte:254,True,NO_MATCH,,compatible candidate not found,120625|120623|120622|120621|120620,0.0,Объятие|Когда цветёт папоротник|Облака под нами|Садовник и роза|Кафе на краю Вселенной,0.0,,,254.0
ci_b66449e455e2,마주리,누르 네롤리,EDP,LIQUID_PERFUME,cf_98d2e4430ca1,True,False,,,,,1,1,0,lotte:255,True,NO_MATCH,,compatible candidate not found,120625|120623|120622|120621|120620,0.0,Объятие|Когда цветёт папоротник|Облака под нами|Садовник и роза|Кафе на краю Вселенной,0.0,,,255.0
ci_051584ccfe35,마주리,보헤미안 티,EDP,LIQUID_PERFUME,cf_57eba4d131cb,True,False,,,,,1,1,0,lotte:256,True,NO_MATCH,,compatible candidate not found,120625|120623|120622|120621|120620,0.0,Объятие|Когда цветёт папоротник|Облака под нами|Садовник и роза|Кафе на краю Вселенной,0.0,,,256.0
ci_12c8169c219a,Bentley,모멘텀 인텐스,EDP,LIQUID_PERFUME,cf_972990854179,True,False,,,,,1,1,0,lotte:257,True,MATCH,43538.0,brand exact/explicit alias; name unique high similarity score=1.000 margin=0.250; no conflicting concentration record; form compatible,43538|29805|17666|50027|43537,1.0,Momentum Intense|Infinite Intense|Bentley for Men Intense|Momentum Unlimited|Momentum,0.25,,,257.0
ci_83b29bbf18ab,Mancera,미드나이트 골드,EDP,LIQUID_PERFUME,cf_c5373fe00720,True,False,,,,,1,1,0,lotte:259,True,MATCH,64070.0,brand exact/explicit alias; name unique high similarity score=0.875 margin=0.275; no conflicting concentration record; form compatible,64070|46659|46300|61755|32907,0.875,Midnight Gold|Gold Aoud|Musky Garden|Feminity|Aoud Vanille,0.275,,,259.0
ci_c8a9a9b57305,Mancera,블랙 바닐라,EDP,LIQUID_PERFUME,cf_2599938c73d6,True,False,,,,,1,1,0,lotte:262,True,MATCH,46662.0,brand exact/explicit alias; name unique high similarity score=1.000 margin=0.091; no conflicting concentration record; form compatible,46662|88137|55845|42782|39835,1.0,Black Vanilla|Black Noir|Royal Vanilla|Coco Vanille|Velvet Vanilla,0.090909,,,262.0
ci_39d86a5f4b24,Atelier des Ors,포멜로 리비에라,EDP,LIQUID_PERFUME,cf_dd6628bf3047,True,False,,,,,1,1,0,lotte:267,False,,,,,,,,,,267.0
ci_518171a4f3e2,Bentley,포맨 아쥬르,EDT,LIQUID_PERFUME,cf_24a691d70ca5,True,False,,,,,1,1,0,lotte:268,False,,,,,,,,,,268.0
ci_2f4d77d65b38,Mancera,자르당 엑스클루시프,EDP,LIQUID_PERFUME,cf_5d750132199b,True,False,,,,,2,2,0,lotte:269|lotte:272,False,,,,,,,,,,269.0
ci_9fc3c852d933,Montale,로즈 머스크,EDP,LIQUID_PERFUME,cf_d35c4ea565c7,True,False,,,,,1,1,0,lotte:273,False,,,,,,,,,,273.0
ci_e762cd7a9d4a,Montale,퓨어 골드,EDP,LIQUID_PERFUME,cf_d15da2d8ae42,True,False,,,,,1,1,0,lotte:274,False,,,,,,,,,,274.0
ci_b15c2acb2ca9,Montale,인텐스 카페,EDP,LIQUID_PERFUME,cf_6df36174261f,True,False,,,,,1,1,0,lotte:277,False,,,,,,,,,,277.0
ci_ebd53e0f3a15,Montale,퓨어 러브,EDP,LIQUID_PERFUME,cf_70ace857ec9d,True,False,,,,,1,1,0,lotte:284,False,,,,,,,,,,284.0
ci_008f1b2b4638,Atelier des Ors,누다 베리타스,EDP,LIQUID_PERFUME,cf_2dd2fade6502,True,False,,,,,1,1,0,lotte:285,False,,,,,,,,,,285.0
ci_3bab723fc064,Atelier des Ors,리비에라 드라이브,EDP,LIQUID_PERFUME,cf_920e5a3f7d9f,True,False,,,,,1,1,0,lotte:286,False,,,,,,,,,,286.0
ci_0acb93739a8b,Versace,에로스 1종,EDP,LIQUID_PERFUME,cf_baa9c9b62fda,True,False,,,,,1,1,0,lotte:287,False,,,,,,,,,,287.0
ci_30c87416d5e7,Rance 1795,헬레네 포 우먼 3종,EDP,LIQUID_PERFUME,cf_3227a07a9ff1,True,False,,,,,2,2,0,lotte:289|lotte:293,False,,,,,,,,,,289.0
ci_39e4827e16fa,Rance 1795,유제니 포 우먼 3종,EDP,LIQUID_PERFUME,cf_9b142e3b1ad4,True,False,,,,,1,1,0,lotte:290,False,,,,,,,,,,290.0
ci_f8922395ef1b,Rance 1795,조세핀 포 우먼,EDP,LIQUID_PERFUME,cf_f70ecb184ba0,True,False,,,,,1,1,0,lotte:291,False,,,,,,,,,,291.0
ci_a7bf43ff1aa6,Rance 1795,오드 프랑스 3종,EDT,LIQUID_PERFUME,cf_554bdf704cab,True,False,,,,,1,1,0,lotte:294,False,,,,,,,,,,294.0
ci_4b4029191f03,Rance 1795,프랑수와 찰스 포 맨 3종,EDP,LIQUID_PERFUME,cf_e36d05459ec3,True,False,,,,,1,1,0,lotte:295,False,,,,,,,,,,295.0
ci_902fcb8dd6cd,Parfums Berdoues,그랑크뤼 바니라 무레아,EDP,LIQUID_PERFUME,cf_17b2a813fda9,True,False,,,,,1,1,0,lotte:299,False,,,,,,,,,,299.0
ci_2c35fded8c71,Mumchit,스테이 쉘,PARFUM_UNSPECIFIED,LIQUID_PERFUME,cf_6648a84e6469,False,True,1.0,NO_MATCH,related purchase row is a multi-scent listing excluded from confirmed KEEP; no individual Bombshell KEEP row,,1,0,1,hwahae:1,True,NO_MATCH,,compatible candidate not found,72675|72674,0.4,Magenta Lady|Marin Fresh Cotton,0.114286,,,
ci_a0a02b36cbab,Diptyque,오르페옹,EDP,LIQUID_PERFUME,cf_99098b2ebef3,False,True,2.0,NO_MATCH,no conservative brand + identity match among confirmed purchase KEEP rows,,1,0,1,hwahae:2,True,MATCH,65738.0,"snapshot manual confirmation: brand, fragrance name, concentration/form compatible",65738,1.0,Orphéon Eau de Parfum,,,,
ci_d3fc426a9647,Elizabeth Arden,그린티 센트 스프레이,UNSPECIFIED,LIQUID_PERFUME,cf_20c89de2f748,False,True,3.0,MATCH_REVIEW,brand_exact + identity_exact; purchase specifies EDC while Hwahae omits concentration,ci_3cf24523e3e0,1,0,1,hwahae:3,True,MATCH,83.0,"snapshot manual confirmation: brand, fragrance name, concentration/form compatible",83,1.0,Green Tea,,,,
ci_c427296fb61c,Jo Malone London,우드 세이지 앤 씨 솔트 코롱,UNSPECIFIED,LIQUID_PERFUME,cf_a82dc8b7b228,False,True,4.0,NO_MATCH,no conservative brand + identity match among confirmed purchase KEEP rows,,1,0,1,hwahae:4,True,MATCH,74041.0,"snapshot manual confirmation: brand, fragrance name, concentration/form compatible",74041,1.0,Wood Sage & Sea Salt Cologne,,,,
ci_4de0e6367ac7,Daniel's Truth,시그니처 쉘루스,UNSPECIFIED,LIQUID_PERFUME,cf_4ecc10343e17,False,True,5.0,NO_MATCH,no conservative brand + identity + product-form match among expanded candidates,,1,0,1,hwahae:5,True,NO_MATCH,,compatible candidate not found,132136|132137|132134|132132|132133,0.571429,Magnolia Hill|Bulgarian Rose|Blue Sage Blossom|Signature Bombshelluth|Forest & Soul,0.038095,,,
ci_1af25ac959c8,Le Labo,어나더 13,EDP,LIQUID_PERFUME,cf_326f5c8c3fdf,False,True,8.0,NO_MATCH,no conservative brand + identity match among confirmed purchase KEEP rows,,1,0,1,hwahae:8,True,MATCH,10131.0,"snapshot manual confirmation: brand, fragrance name, concentration/form compatible",10131,1.0,Another 13,,,,
ci_162ce4d89e5c,Diptyque,오 로즈,EDT,LIQUID_PERFUME,cf_8fef192a9d99,False,True,9.0,NO_MATCH,no conservative brand + identity match among confirmed purchase KEEP rows,,1,0,1,hwahae:9,True,MATCH,14214.0,"snapshot manual confirmation: brand, fragrance name, concentration/form compatible",14214,1.0,Eau Rose,,,,
ci_1bf0bf800b0a,Vanilla Boutique,허그,UNSPECIFIED,LIQUID_PERFUME,cf_f11ef1db4ed3,False,True,10.0,NO_MATCH,no conservative brand + identity match among confirmed purchase KEEP rows,,1,0,1,hwahae:10,True,NO_MATCH,,brand unresolved or fragrance name empty,,,,,,,
ci_9c7b60cda438,Aesop,테싯,EDP,LIQUID_PERFUME,cf_20585e0dc507,False,True,11.0,NO_MATCH,no conservative brand + identity match among confirmed purchase KEEP rows,,1,0,1,hwahae:11,True,MATCH,32134.0,"snapshot manual confirmation: brand, fragrance name, concentration/form compatible",32134,1.0,Tacit,,,,
ci_107454de822b,Chloé,시그니처,EDP,LIQUID_PERFUME,cf_38663302e4a7,False,True,13.0,NO_MATCH,no conservative brand + identity match among confirmed purchase KEEP rows,,1,0,1,hwahae:13,True,NO_MATCH,,compatible candidate not found,22479|89914|346|14000|57248,0.545455,See by Chloé Eau Fraiche|Chêne|Chloé Innocence|L'Eau de Chloe|Jasminum Sambac,0.045455,,,
ci_17304073f859,Byredo,블랑쉬,EDP,LIQUID_PERFUME,cf_e84c07023bd1,False,True,14.0,NO_MATCH,no conservative brand + identity match among confirmed purchase KEEP rows,,1,0,1,hwahae:14,True,MATCH_REVIEW,,candidate retrieval only; name score=0.750 margin=0.083; manual confirmation required; no conflicting concentration record,15923|69858|69009|40622|103743,0.75,Bullion|Mumbai Noise |Young Rose|Belle de Tanger|Blanche Absolu,0.083333,,,
ci_d26a1c904519,Dior,미스,EDP,LIQUID_PERFUME,cf_1156cbab15d8,False,True,15.0,NO_MATCH,no conservative brand + identity match among confirmed purchase KEEP rows,,1,0,1,hwahae:15,True,MATCH,223.0,brand exact/explicit alias; name unique high similarity score=1.000 margin=0.333; no conflicting concentration record; form compatible,223|124285|112972|2608|15967,1.0,Miss Dior|Miss Dioramour|Miss Dior Essence|Diorama|Miss Dior Le Parfum,0.333333,,,
ci_2084bc83573d,Dior,미스 블루밍 부케,EDT,LIQUID_PERFUME,cf_a154fa534a73,False,True,16.0,NO_MATCH,no conservative brand + identity match among confirmed purchase KEEP rows,,1,0,1,hwahae:16,True,MATCH,23280.0,brand exact/explicit alias; name unique high similarity score=0.947 margin=0.129; concentration compatible; form compatible,23280|48407|78945|23281|13143,0.947368,Miss Dior Blooming Bouquet|Miss Dior Blooming Bouquet Roller Pearl|Miss Dior Blooming Bouquet (2023)|Miss Dior Blooming Bouquet Couture Edition|Miss Dior Cherie Blooming Bouquet 2011,0.129187,,,
ci_5bd545b067ba,Diptyque,필로시코스,EDT,LIQUID_PERFUME,cf_f5bd84848f79,False,True,17.0,NO_MATCH,no conservative brand + identity match among confirmed purchase KEEP rows,,1,0,1,hwahae:17,True,MATCH,72040.0,"snapshot manual confirmation: brand, fragrance name, concentration/form compatible",72040,1.0,Philosykos Eau de Toilette,,,,
ci_da3cc8d44820,Kiehl's,오리지널 머스크,UNSPECIFIED,LIQUID_PERFUME,cf_2184635bb0f9,False,True,21.0,NO_MATCH,no conservative brand + identity match among confirmed purchase KEEP rows,,1,0,1,hwahae:21,True,MATCH,6188.0,brand exact/explicit alias; name unique high similarity score=0.857 margin=0.457; no conflicting concentration record; form compatible,6188|14294|15522|15521|25394,0.857143,Original Musk|160th Anniversary Limited Edition Original Musk Oil|Aromatic Blends: Vanilla & Cedarwood|Aromatic Blends: Orange Flower & Lychee|Aromatic Blends: Vetiver & Black Tea,0.457143,,,
ci_844918cb9436,Byredo,라튤립,EDP,LIQUID_PERFUME,cf_7c9f595b60bf,False,True,22.0,NO_MATCH,no conservative brand + identity match among confirmed purchase KEEP rows,,1,0,1,hwahae:22,True,MATCH,8441.0,brand exact/explicit alias; name unique high similarity score=1.000 margin=0.111; concentration compatible; form compatible,8441|40277|111517|10759|50934,1.0,La Tulipe|Heliotropia|Alto Astral|Oud Immortel|Eleventh Hour,0.111111,,,
ci_0bb163868ef8,Jo Malone London,블랙베리 앤 베이 코롱,UNSPECIFIED,LIQUID_PERFUME,cf_a5382d0be440,False,True,23.0,NO_MATCH,no conservative brand + identity match among confirmed purchase KEEP rows,,1,0,1,hwahae:23,True,MATCH,66881.0,brand exact/explicit alias; name unique high similarity score=0.857 margin=0.151; no conflicting concentration record; form compatible,66881|15134|51683|60486|58613,0.857143,Blackberry & Bay Cologne|Blackberry & Bay|Birch & Black Pepper|Silk Blossom Cologne|Violet & Amber Absolu,0.151261,,,
ci_062f12f6c251,Byredo,발 다프리크,EDP,LIQUID_PERFUME,cf_b910370859fd,False,True,26.0,NO_MATCH,no conservative brand + identity match among confirmed purchase KEEP rows,,1,0,1,hwahae:26,True,MATCH,6458.0,"snapshot manual confirmation: brand, fragrance name, concentration/form compatible",6458,1.0,Bal d'Afrique,,,,
ci_4810685a726a,Santa Maria Novella,피렌체 1221 에디션 프리지아,EDC,LIQUID_PERFUME,cf_bb0d342c5f89,False,True,28.0,NO_MATCH,no conservative brand + identity match among confirmed purchase KEEP rows,,1,0,1,hwahae:28,True,NO_MATCH,,compatible candidate not found,17980|72477|17976|11473|11461,0.444444,Opoponax|Rosa Novella|Alba di Seoul|Acqua di Sicilia|Patchouli,0.023392,,,
ci_4277d84bcdbc,Dior,쟈도르,EDP,LIQUID_PERFUME,cf_3a61acbb281f,False,True,31.0,NO_MATCH,no conservative brand + identity match among confirmed purchase KEEP rows,,1,0,1,hwahae:31,True,MATCH_REVIEW,,candidate retrieval only; name score=1.000 margin=0.000; manual confirmation required; no conflicting concentration record,10371|210|53834|43704|51818,1.0,J'Adore L'Or|J'adore|J'Adore Roller Pearl|J'Adore In Joy|J'Adore Absolu,0.0,,,
ci_a1ab120d463f,Chanel,샹스 오 후레쉬,EDT,LIQUID_PERFUME,cf_ea69a0813d28,False,True,32.0,NO_MATCH,no conservative brand + identity match among confirmed purchase KEEP rows,,1,0,1,hwahae:32,True,MATCH,1483.0,"snapshot manual confirmation: brand, fragrance name, concentration/form compatible",1483,1.0,Chance Eau Fraiche,,,,
ci_c64418cfae23,Chanel,N 5 오 프르미에르 오 드 빠르펭,UNSPECIFIED,LIQUID_PERFUME,cf_a21a3b6a8fbc,False,True,34.0,NO_MATCH,no conservative brand + identity match among confirmed purchase KEEP rows,,1,0,1,hwahae:34,True,MATCH_REVIEW,,candidate retrieval only; name score=0.727 margin=0.032; manual confirmation required; no conflicting concentration record,51423|51421|1360|43001|93881,0.727273,Chanel No 5 Parfum Red Edition |Chanel No 5 Eau de Parfum Red Edition|Chanel N°5 Eau Premiere|Pour Monsieur Eau de Parfum|N°5 L’EAU – Limited Edition,0.031621,,,
ci_3a60949bd23c,Diptyque,플레르 드 뽀,EDP,LIQUID_PERFUME,cf_87cc27c02da3,False,True,36.0,NO_MATCH,no conservative brand + identity match among confirmed purchase KEEP rows,,1,0,1,hwahae:36,True,MATCH,131717.0,"snapshot manual confirmation: brand, fragrance name, concentration/form compatible",131717,1.0,Fleur de Peau,,,,
ci_144c02ac2e8c,Chanel,알뤼르 옴므 스포츠,EDT,LIQUID_PERFUME,cf_f5108821ba2f,False,True,37.0,NO_MATCH,no conservative brand + identity match among confirmed purchase KEEP rows,,1,0,1,hwahae:37,True,MATCH,607.0,"snapshot manual confirmation: brand, fragrance name, concentration/form compatible",607,1.0,Allure Homme Sport,,,,
ci_b440592c99d0,Chanel,코코 마드모아 오 드 빠르펭,UNSPECIFIED,LIQUID_PERFUME,cf_92ff376e66aa,False,True,40.0,NO_MATCH,no conservative brand + identity match among confirmed purchase KEEP rows,,1,0,1,hwahae:40,True,NO_MATCH,,compatible candidate not found,62194|66700|611|48310|6928,0.631579,Coco Mademoiselle L'Eau Privée|Coco Mademoiselle L'Eau|Coco Mademoiselle|Coco Mademoiselle Intense|Coco Mademoiselle Parfum,0.006579,,,
ci_7b7aed26cc5b,Chanel,샹스 오 비브,EDT,LIQUID_PERFUME,cf_b9e446fb1b25,False,True,41.0,NO_MATCH,no conservative brand + identity match among confirmed purchase KEEP rows,,1,0,1,hwahae:41,True,NO_MATCH,,compatible candidate not found,95110|613|34568|30796|28683,0.5,Gabrielle L'Eau|Egoiste|Bois Noir|Chance Eau Vive|Allure Sensuelle Parfum,0.0,,,
ci_0e58a7b232c1,Lancôme,미라클,EDP,LIQUID_PERFUME,cf_9b8886b5e6a6,False,True,42.0,NO_MATCH,no conservative brand + identity match among confirmed purchase KEEP rows,,1,0,1,hwahae:42,True,MATCH,184.0,brand exact/explicit alias; name unique high similarity score=1.000 margin=0.200; no conflicting concentration record; form compatible,184|189|107202|195|60166,1.0,Miracle|Miracle Homme|Marrakech|Miracle Summer|Aroma Source,0.2,,,
ci_62e83b955e8e,Tom Ford,네롤리 포르토피노,EDP,LIQUID_PERFUME,cf_5d72b579387b,False,True,43.0,NO_MATCH,no conservative brand + identity match among confirmed purchase KEEP rows,,1,0,1,hwahae:43,True,MATCH,12192.0,"snapshot manual confirmation: brand, fragrance name, concentration/form compatible",12192,1.0,Neroli Portofino,,,,
ci_bd02a2fbb9cf,Lanvin,모던 프린세스 오 센슈얼,EDT,LIQUID_PERFUME,cf_6e59618f8837,False,True,44.0,NO_MATCH,"same-brand purchase rows are Modern Princess EDP, not Eau Sensuelle EDT",,1,0,1,hwahae:44,True,MATCH,48478.0,brand exact/explicit alias; name unique high similarity score=0.909 margin=0.126; concentration compatible; form compatible,48478|95441|58715|5800|57785,0.909091,Modern Princess Eau Sensuelle|Modern Princess in Jeans|Modern Princess Blooming|Monsieur Lanvin|Eau My Sin,0.126482,,,
ci_af915105c9d6,Hermès,운 자르뎅 수르닐,EDT,LIQUID_PERFUME,cf_9ccd344b8791,False,True,45.0,NO_MATCH,no conservative brand + identity match among confirmed purchase KEEP rows,,1,0,1,hwahae:45,True,MATCH,18.0,brand exact/explicit alias; name unique high similarity score=0.947 margin=0.105; no conflicting concentration record; form compatible,18|123604|53373|11502|2736,0.947368,Un Jardin Sur Le Nil|Un Jardin Sous la Mer|Un Jardin Sur La Lagune|Un Jardin Sur Le Toit|Un Jardin Apres la Mousson,0.105263,,,
ci_d7d573ee1c3e,Yves Saint Laurent,리브르 오 드 빠르펭,UNSPECIFIED,LIQUID_PERFUME,cf_1445650e59bb,False,True,46.0,NO_MATCH,no conservative brand + identity match among confirmed purchase KEEP rows,,1,0,1,hwahae:46,True,NO_MATCH,,compatible candidate not found,83296|75676|65936|102207|561,0.631579,Libre L'Absolu Platine|Libre Le Parfum|Libre Eau de Toilette|Libre L’Eau Nue|In Love Again Edition Fleur De La Passion,0.006579,,,
ci_7140e79c0934,Jo Malone London,잉글리쉬 오크 앤 헤이즐넛 코롱,UNSPECIFIED,LIQUID_PERFUME,cf_8b330fcf7cf0,False,True,47.0,NO_MATCH,no conservative brand + identity match among confirmed purchase KEEP rows,,1,0,1,hwahae:47,True,MATCH,46187.0,"snapshot manual confirmation: brand, fragrance name, concentration/form compatible",46187,1.0,English Oak & Hazelnut,,,,
ci_a43934ab0bfc,Gucci,플로라 골저스가드니아,EDP,LIQUID_PERFUME,cf_c5d56150c9d7,False,True,48.0,NO_MATCH,no conservative brand + identity match among confirmed purchase KEEP rows,,1,0,1,hwahae:48,True,MATCH,68578.0,"snapshot manual confirmation: brand, fragrance name, concentration/form compatible",68578,1.0,Flora Gorgeous Gardenia,,,,
ci_08444c325013,Byredo,모하비 고스트,EDP,LIQUID_PERFUME,cf_a2b3f95e0b9f,False,True,49.0,NO_MATCH,no conservative brand + identity match among confirmed purchase KEEP rows,,1,0,1,hwahae:49,True,MATCH,27040.0,"snapshot manual confirmation: brand, fragrance name, concentration/form compatible",27040,1.0,Mojave Ghost,,,,
ci_389cfde1d598,Chanel,샹스 오 땅드르 오 드 빠르펭,UNSPECIFIED,LIQUID_PERFUME,cf_ab698dacce16,False,True,50.0,NO_MATCH,no conservative brand + identity match among confirmed purchase KEEP rows,,1,0,1,hwahae:50,True,MATCH,52359.0,"snapshot manual confirmation: brand, fragrance name, concentration/form compatible",52359,1.0,Chance Eau Tendre Eau de Parfum,,,,
ci_c493990816c7,Chanel,N 1 드 레드 까멜리아,UNSPECIFIED,LIQUID_PERFUME,cf_bcde157c2f40,False,True,51.0,NO_MATCH,no conservative brand + identity match among confirmed purchase KEEP rows,,1,0,1,hwahae:51,True,NO_MATCH,,compatible candidate not found,41784|12345|71442|12424|1360,0.625,N°18 Eau de Parfum|Chanel No 19 Eau de Parfum|N°1 de Chanel L'Eau Rouge|Chanel No 19 Poudre|Chanel N°5 Eau Premiere,0.0,,,
ci_293208b599e8,Le Labo,상탈 33,EDP,LIQUID_PERFUME,cf_790b92c0aafc,False,True,53.0,NO_MATCH,no conservative brand + identity match among confirmed purchase KEEP rows,,1,0,1,hwahae:53,True,MATCH,12201.0,brand exact/explicit alias; name unique high similarity score=0.941 margin=0.275; no conflicting concentration record; form compatible,12201|10131|17278|6330|6338,0.941176,Santal 33|Another 13|Santal 33 Perfume Oil|Neroli 36|Musc 25 Los Angeles,0.27451,,,
ci_a616dd0ed39d,Aesop,로즈,EDP,LIQUID_PERFUME,cf_4540033b4169,False,True,55.0,NO_MATCH,no conservative brand + identity match among confirmed purchase KEEP rows,,1,0,1,hwahae:55,True,MATCH,64167.0,"snapshot manual confirmation: brand, fragrance name, concentration/form compatible",64167,1.0,Rozu,,,,
ci_62c43a95d372,Huxley,모로칸가드너,PARFUM_UNSPECIFIED,LIQUID_PERFUME,cf_20c0537186fb,False,True,56.0,NO_MATCH,no conservative brand + identity match among confirmed purchase KEEP rows,,1,0,1,hwahae:56,True,MATCH,131985.0,brand exact/explicit alias; name unique high similarity score=0.875 margin=0.404; no conflicting concentration record; form compatible,131985|131986|132202|131991|132011,0.875,Moroccan Gardener|Blue Medina Tangerine|Sunset Fog|Rose Picker|Port Breathe,0.404412,,,
ci_c55267126886,Jo Malone London,잉글리쉬 페어 앤 프리지아 코롱,UNSPECIFIED,LIQUID_PERFUME,cf_25f1b494d4bc,False,True,57.0,NO_MATCH,no conservative brand + identity match among confirmed purchase KEEP rows,,1,0,1,hwahae:57,True,NO_MATCH,,compatible candidate not found,46186|90252|71506|10314|46187,0.64,English Oak & Redcurrant|Ginger Beer Cologne|Rose & Magnolia Cologne|English Pear & Freesia|English Oak & Hazelnut,0.031304,,,
ci_74dd483efbfd,Salvatore Ferragamo,인칸토 참,EDT,LIQUID_PERFUME,cf_a5ba35db87f5,False,True,58.0,NO_MATCH,no conservative brand + identity match among confirmed purchase KEEP rows,,1,0,1,hwahae:58,True,MATCH,653.0,"snapshot manual confirmation: brand, fragrance name, concentration/form compatible",653,1.0,Incanto Charms,,,,
ci_6045ff2d156f,토스,베이비 오 데 코롱,UNSPECIFIED,LIQUID_PERFUME,cf_673515e444ca,False,True,60.0,NO_MATCH,no conservative brand + identity match among confirmed purchase KEEP rows,,1,0,1,hwahae:60,True,NO_MATCH,,compatible candidate not found,120625|120623|120622|120621|120620,0.0,Объятие|Когда цветёт папоротник|Облака под нами|Садовник и роза|Кафе на краю Вселенной,0.0,,,
ci_7950ebae05bd,Estée Lauder,플레져 스프레이,EDP,LIQUID_PERFUME,cf_bffe9ed20c92,False,True,61.0,NO_MATCH,no conservative brand + identity match among confirmed purchase KEEP rows,,1,0,1,hwahae:61,True,MATCH,536.0,"snapshot manual confirmation: brand, fragrance name, concentration/form compatible",536,1.0,Pleasures,,,,
ci_8b6c935a8532,Gucci,블룸,EDP,LIQUID_PERFUME,cf_39604428ad9d,False,True,64.0,NO_MATCH,no conservative brand + identity match among confirmed purchase KEEP rows,,1,0,1,hwahae:64,True,MATCH,44894.0,brand exact/explicit alias; name unique high similarity score=1.000 margin=0.250; concentration compatible; form compatible,44894|114852|30815|1150|689,1.0,Gucci Bloom|Rosa Sublime|Gucci Bamboo|Gucci by Gucci Eau de Parfum|Gucci Nobile,0.25,,,
ci_71ebbf36734f,Byredo,집시 워터,EDP,LIQUID_PERFUME,cf_14dda770b229,False,True,65.0,NO_MATCH,no conservative brand + identity match among confirmed purchase KEEP rows,,1,0,1,hwahae:65,True,MATCH,3575.0,"snapshot manual confirmation: brand, fragrance name, concentration/form compatible",3575,1.0,Gypsy Water,,,,
ci_d9f02e55e685,Jo Malone London,와일드 블루벨 코롱,UNSPECIFIED,LIQUID_PERFUME,cf_5e9d99f27ffb,False,True,66.0,NO_MATCH,no conservative brand + identity match among confirmed purchase KEEP rows,,1,0,1,hwahae:66,True,MATCH,12310.0,"snapshot manual confirmation: brand, fragrance name, concentration/form compatible",12310,1.0,Wild Bluebell,,,,
ci_967f46658c28,Yves Saint Laurent,리브르,EDT,LIQUID_PERFUME,cf_01231600cef1,False,True,67.0,NO_MATCH,no conservative brand + identity match among confirmed purchase KEEP rows,,1,0,1,hwahae:67,True,MATCH,56077.0,"snapshot manual confirmation: brand, fragrance name, concentration/form compatible",56077,1.0,Libre,,,,
ci_62d910c73aef,Yves Saint Laurent,몽 파리 오 드 빠르펭,UNSPECIFIED,LIQUID_PERFUME,cf_8a3690690360,False,True,69.0,NO_MATCH,no conservative brand + identity match among confirmed purchase KEEP rows,,1,0,1,hwahae:69,True,NO_MATCH,,compatible candidate not found,44164|48400|43807|2052|53613,0.6,Mon Paris Eau de Toilette|Mon Paris Couture|Mon Paris Star Edition|Opium Pour Homme Eau d'Orient|Mon Paris Parfum Floral ,0.005405,,,
ci_f3536fc87e94,Santa Maria Novella,피렌체 1221 에디션 엔 디 피렌체,EDC,LIQUID_PERFUME,cf_2027fb0162e7,False,True,70.0,NO_MATCH,no conservative brand + identity match among confirmed purchase KEEP rows,,1,0,1,hwahae:70,True,NO_MATCH,,compatible candidate not found,15165|17981|17980|31439|72477,0.454545,Porcellana|Sandalo|Opoponax|Acqua di Colonia Cinquanta|Rosa Novella,0.073593,,,
ci_9d1a7b03ec31,Acqua di Parma,피코 디 아말피 오 드 뜨왈렛,UNSPECIFIED,LIQUID_PERFUME,cf_a094fe7c469e,False,True,71.0,NO_MATCH,no conservative brand + identity match among confirmed purchase KEEP rows,,1,0,1,hwahae:71,True,NO_MATCH,,compatible candidate not found,35398|56005|131221|107110|62332,0.666667,Cedro di Taormina|Camelia Eau de Parfum|Fico di Amalfi Limited Edition|Fico di Amalfi La Riserva|Colonia Futura,0.111111,,,
ci_e482bce17fd1,Byredo,인플로레센스,EDP,LIQUID_PERFUME,cf_e20b7de59620,False,True,73.0,NO_MATCH,no conservative brand + identity match among confirmed purchase KEEP rows,,1,0,1,hwahae:73,True,MATCH,17798.0,"snapshot manual confirmation: brand, fragrance name, concentration/form compatible",17798,1.0,Inflorescence,,,,
ci_c1af0ea0301d,Santa Maria Novella,피렌체 1221 에디션 로사 가데니아,EDC,LIQUID_PERFUME,cf_15d99b2d4944,False,True,74.0,NO_MATCH,no conservative brand + identity match among confirmed purchase KEEP rows,,1,0,1,hwahae:74,True,NO_MATCH,,compatible candidate not found,126434|70267|17980|31439|72477,0.511628,Rosa Gardenia|Rosa Gardenia|Opoponax|Acqua di Colonia Cinquanta|Rosa Novella,0.0,,,
ci_32a3c5eeb16c,Chanel,가브리엘 에쌍스 오 드 빠르펭,UNSPECIFIED,LIQUID_PERFUME,cf_f6869d2f2b84,False,True,75.0,NO_MATCH,no conservative brand + identity match among confirmed purchase KEEP rows,,1,0,1,hwahae:75,True,NO_MATCH,,compatible candidate not found,606|41788|28683|28682|176,0.555556,Allure Sensuelle|Gardénia Eau de Parfum|Allure Sensuelle Parfum|Allure Sensuelle Eau de Toilette|Allure Eau de Parfum,0.010101,,,
ci_dd74e4775403,Jo Malone London,레드 로즈 코롱,UNSPECIFIED,LIQUID_PERFUME,cf_67527e4ddf87,False,True,76.0,NO_MATCH,no conservative brand + identity match among confirmed purchase KEEP rows,,1,0,1,hwahae:76,True,MATCH_REVIEW,,candidate retrieval only; name score=0.800 margin=0.050; manual confirmation required; no conflicting concentration record,36753|71507|35882|3783|59428,0.8,Darjeeling Tea|Red Roses Cologne|Lavender & Coriander|Dark Amber & Ginger Lily|Lavender & Coriander Cologne,0.05,,,
ci_df148be1ae47,Jo Malone London,라임 바질 앤 만다린 코롱,UNSPECIFIED,LIQUID_PERFUME,cf_189de37b3cbf,False,True,77.0,NO_MATCH,no conservative brand + identity match among confirmed purchase KEEP rows,,1,0,1,hwahae:77,True,MATCH,5585.0,"snapshot manual confirmation: brand, fragrance name, concentration/form compatible",5585,1.0,Lime Basil & Mandarin,,,,
ci_b942e480720e,Coach,,EDT,LIQUID_PERFUME,cf_b4d525abf050,False,True,80.0,MATCH_REVIEW,brand_alias + EDT_exact; Hwahae identity is abbreviated while purchase says women,ci_4c068584014c,1,0,1,hwahae:80,True,NO_MATCH,,brand unresolved or fragrance name empty,,,,,,,
ci_86e8202df97e,Dior,쟈도르 도,PARFUM_UNSPECIFIED,LIQUID_PERFUME,cf_f9d644db143d,False,True,81.0,NO_MATCH,no conservative brand + identity match among confirmed purchase KEEP rows,,1,0,1,hwahae:81,True,MATCH_REVIEW,,candidate retrieval only; name score=0.857 margin=0.000; manual confirmation required; no conflicting concentration record,10371|210|60318|75642|53834,0.857143,J'Adore L'Or|J'adore|Oud Rosewood|J'adore Parfum d'Eau|J'Adore Roller Pearl,0.0,,,
ci_87b915f533b7,Burberry,마이,EDP,LIQUID_PERFUME,cf_1539227f449e,False,True,85.0,NO_MATCH,no conservative brand + identity match among confirmed purchase KEEP rows,,1,0,1,hwahae:85,True,MATCH,25836.0,brand exact/explicit alias; name unique high similarity score=1.000 margin=0.333; concentration compatible; form compatible,25836|818|817|930|106514,1.0,My Burberry|Burberry Women|Burberry Men|Burberry Summer|Rose Ember,0.333333,,,
ci_5ca8c2d44a98,Tamburins,에그 펌키니,PARFUM_UNSPECIFIED,LIQUID_PERFUME,cf_d7c71863f6fa,False,True,87.0,NO_MATCH,no conservative brand + identity match among confirmed purchase KEEP rows,,1,0,1,hwahae:87,True,MATCH,108962.0,brand exact/explicit alias; name unique high similarity score=0.889 margin=0.444; no conflicting concentration record; form compatible,108962|125268|78961|78956|78957,0.888889,Pumkini|Late Autumn|Unknown Oud|Suede Pear|White Darjeeling,0.444444,,,
ci_518dbc0d2ea8,Mebelic,케라,EDP,LIQUID_PERFUME,cf_2eb5e493e1c9,False,True,89.0,NO_MATCH,no conservative brand + identity match among confirmed purchase KEEP rows,,1,0,1,hwahae:89,True,NO_MATCH,,brand unresolved or fragrance name empty,,,,,,,
ci_d06dbb3cb628,Frederic Malle,포트레이트 오브 어 레이디,UNSPECIFIED,LIQUID_PERFUME,cf_53f3d1ce5dbb,False,True,90.0,NO_MATCH,no conservative brand + identity + product-form match among expanded candidates,,1,0,1,hwahae:90,True,MATCH,10464.0,"snapshot manual confirmation: brand, fragrance name, concentration/form compatible",10464,1.0,Portrait of a Lady,,,,
ci_b56d0e0e5a5c,Jo Malone London,피오니 앤 블러쉬 스웨이드 코롱,UNSPECIFIED,LIQUID_PERFUME,cf_3794a0001b76,False,True,91.0,NO_MATCH,no conservative brand + identity match among confirmed purchase KEEP rows,,1,0,1,hwahae:91,True,MATCH,18767.0,"snapshot manual confirmation: brand, fragrance name, concentration/form compatible",18767,1.0,Peony & Blush Suede,,,,
ci_7ed1d1421ae9,데일리콤마,모스트 텐더파리,EDP,LIQUID_PERFUME,cf_f61f2952cf10,False,True,92.0,NO_MATCH,no conservative brand + identity match among confirmed purchase KEEP rows,,1,0,1,hwahae:92,True,NO_MATCH,,compatible candidate not found,120625|120623|120622|120621|120620,0.0,Объятие|Когда цветёт папоротник|Облака под нами|Садовник и роза|Кафе на краю Вселенной,0.0,,,
ci_3c6a890dddda,Dior,옴므 코롱,UNSPECIFIED,LIQUID_PERFUME,cf_dca202496e69,False,True,93.0,NO_MATCH,no conservative brand + identity match among confirmed purchase KEEP rows,,1,0,1,hwahae:93,True,MATCH_REVIEW,,candidate retrieval only; name score=0.800 margin=0.050; manual confirmation required; no conflicting concentration record,25228|6376|1770|22860|13763,0.8,Cuir Cannage|Diorling|Dior Homme Cologne|Dior Homme Eau for Men|Miss Dior Couture Edition,0.05,,,
ci_8f843e5cde59,Yves Saint Laurent,몽파리 루미에르,EDT,LIQUID_PERFUME,cf_40c7e0c40ad2,False,True,94.0,NO_MATCH,no conservative brand + identity match among confirmed purchase KEEP rows,,1,0,1,hwahae:94,True,MATCH,72606.0,"snapshot manual confirmation: brand, fragrance name, concentration/form compatible",72606,1.0,Mon Paris Lumière,,,,
ci_9b8e78586ef0,Dior,소바쥬,EDT,LIQUID_PERFUME,cf_5332645e5574,False,True,95.0,NO_MATCH,no conservative brand + identity match among confirmed purchase KEEP rows,,1,0,1,hwahae:95,True,MATCH,31861.0,"snapshot manual confirmation: brand, fragrance name, concentration/form compatible",31861,1.0,Sauvage,,,,
ci_8911952ed170,Jo Malone London,얼 그레이 앤 큐컴버 코롱,UNSPECIFIED,LIQUID_PERFUME,cf_e327faabe8de,False,True,96.0,NO_MATCH,no conservative brand + identity match among confirmed purchase KEEP rows,,1,0,1,hwahae:96,True,MATCH_REVIEW,,candidate retrieval only; name score=0.778 margin=0.000; manual confirmation required; no conflicting concentration record,79437|11488|3783|29529|46197,0.777778,Earl Grey & Cucumber|Earl Grey & Cucumber|Dark Amber & Ginger Lily|Rock The Ages Geranium & Verbena|Green Almond & Redcurrant,0.0,,,
ci_1ccb7bd24c2a,Prada,캔디,EDP,LIQUID_PERFUME,cf_e104d3135daa,False,True,98.0,NO_MATCH,no conservative brand + identity match among confirmed purchase KEEP rows,,1,0,1,hwahae:98,True,MATCH,12426.0,brand exact/explicit alias; name unique high similarity score=1.000 margin=0.250; concentration compatible; form compatible,12426|34973|53989|48030|2059,1.0,Prada Candy|Prada Candy Kiss|Prada Candy Night|Prada Candy Sugar Pop|Prada Tendre,0.25,,,
ci_44a09a59b93d,Lanvin,루머2 로즈,EDP,LIQUID_PERFUME,cf_feda2e4ffcba,False,True,99.0,NO_MATCH,no conservative brand + identity match among confirmed purchase KEEP rows,,1,0,1,hwahae:99,True,MATCH_REVIEW,,candidate retrieval only; name score=0.750 margin=0.023; manual confirmation required; no conflicting concentration record,364|2271|45084|37314|17374,0.75,Rumeur|Rumeur 2 Rose|Rumeur (original)|Orange Ambre|Marry Me a la Folie,0.022727,,,
ci_35680c3bc0ca,Diptyque,필로시코스,EDP,LIQUID_PERFUME,cf_f5bd84848f79,False,True,100.0,NO_MATCH,no conservative brand + identity match among confirmed purchase KEEP rows,,1,0,1,hwahae:100,True,MATCH,3865.0,"snapshot manual confirmation: brand, fragrance name, concentration/form compatible",3865,1.0,Philosykos Eau de Parfum,,,,
