source,source_rank,ranking_basis,ranking_period,source_product_id,brand_raw,product_name_raw,product_url,price_raw,collected_at,source_file,har_entry_index
musinsa,1,판매수량순,3개월,4388016,무신사 스탠다드 뷰티,무신사 스탠다드 애프터 샤워 EDP 50ml,https://www.musinsa.com/products/4388016,39900,2026-09-05,data/korea_popularity/raw/musinsa_perfume_3month_sales_count_20260905.har,0
musinsa,2,판매수량순,3개월,5335796,912,"912 엑스트레 드 퍼퓸 40ml (6종) EXT / 지속력, 발향력 강화 버전",https://www.musinsa.com/products/5335796,24000,2026-09-05,data/korea_popularity/raw/musinsa_perfume_3month_sales_count_20260905.har,0
musinsa,3,판매수량순,3개월,4268814,비비앙,[태산 PICK] 오드퍼퓸 월넛크릭그린  EDP 50ml,https://www.musinsa.com/products/4268814,91900,2026-09-05,data/korea_popularity/raw/musinsa_perfume_3month_sales_count_20260905.har,0
musinsa,4,판매수량순,3개월,4998650,912,니치향수 오드퍼퓸 40ml (48종),https://www.musinsa.com/products/4998650,22500,2026-09-05,data/korea_popularity/raw/musinsa_perfume_3month_sales_count_20260905.har,0
musinsa,5,판매수량순,3개월,4902680,포맨트,시그니처 퍼퓸  코튼허그 50ml,https://www.musinsa.com/products/4902680,41000,2026-09-05,data/korea_popularity/raw/musinsa_perfume_3month_sales_count_20260905.har,0
musinsa,6,판매수량순,3개월,6453356,무신사 스탠다드 뷰티,[Gen.G 컬래버] Chovy EDP 50ml,https://www.musinsa.com/products/6453356,39900,2026-09-05,data/korea_popularity/raw/musinsa_perfume_3month_sales_count_20260905.har,0
musinsa,7,판매수량순,3개월,6150470,무신사 스탠다드 뷰티,[노홍철 컬래버] 럭키 가이 實行力(실행력) EDP 50ml,https://www.musinsa.com/products/6150470,39900,2026-09-05,data/korea_popularity/raw/musinsa_perfume_3month_sales_count_20260905.har,0
musinsa,8,판매수량순,3개월,5357869,무신사 스탠다드 뷰티,무신사 스탠다드 시어 EDP 50ml,https://www.musinsa.com/products/5357869,39900,2026-09-05,data/korea_popularity/raw/musinsa_perfume_3month_sales_count_20260905.har,0
musinsa,9,판매수량순,3개월,5852257,세이리,[6종 택1] 엑스트레 드 퍼퓸 10mL,https://www.musinsa.com/products/5852257,22400,2026-09-05,data/korea_popularity/raw/musinsa_perfume_3month_sales_count_20260905.har,0
musinsa,10,판매수량순,3개월,5542396,리베르,[김켄지 PICK] [구름 비누향] 오 드 퍼퓸 클라우드 사이 30ML Cloud Sai,https://www.musinsa.com/products/5542396,43150,2026-09-05,data/korea_popularity/raw/musinsa_perfume_3month_sales_count_20260905.har,0
musinsa,11,판매수량순,3개월,4388018,무신사 스탠다드 뷰티,무신사 스탠다드 스모크 오우드 EDP 50ml,https://www.musinsa.com/products/4388018,39900,2026-09-05,data/korea_popularity/raw/musinsa_perfume_3month_sales_count_20260905.har,0
musinsa,12,판매수량순,3개월,4254208,무신사 스탠다드 뷰티,무신사 스탠다드 모시 헤이즈 EDP 50ml,https://www.musinsa.com/products/4254208,39900,2026-09-05,data/korea_popularity/raw/musinsa_perfume_3month_sales_count_20260905.har,0
musinsa,13,판매수량순,3개월,6453083,무신사 스탠다드 뷰티,[Gen.G 컬래버] Ruler EDP 50ml,https://www.musinsa.com/products/6453083,39900,2026-09-05,data/korea_popularity/raw/musinsa_perfume_3month_sales_count_20260905.har,0
musinsa,14,판매수량순,3개월,3122081,메종 마르지엘라 퍼퓸,레플리카 레이지 선데이 모닝 EDT 10ML,https://www.musinsa.com/products/3122081,42750,2026-09-05,data/korea_popularity/raw/musinsa_perfume_3month_sales_count_20260905.har,0
musinsa,15,판매수량순,3개월,2959415,에스더블유나인틴,SW19 Midnight 오 드 퍼퓸 50ml,https://www.musinsa.com/products/2959415,119000,2026-09-05,data/korea_popularity/raw/musinsa_perfume_3month_sales_count_20260905.har,0
musinsa,16,판매수량순,3개월,3082569,유쏘풀,세인트모리츠 니치향수,https://www.musinsa.com/products/3082569,63000,2026-09-05,data/korea_popularity/raw/musinsa_perfume_3month_sales_count_20260905.har,0
musinsa,17,판매수량순,3개월,4430846,비비앙,[보이넥스트도어 PICK] 니치 룸스프레이 섬유향수 100ml 월넛크릭 그린,https://www.musinsa.com/products/4430846,15900,2026-09-05,data/korea_popularity/raw/musinsa_perfume_3month_sales_count_20260905.har,0
musinsa,18,판매수량순,3개월,1284603,엘리자베스아덴,그린티 센트 스프레이 EDC 100ml +향수 공병 증정,https://www.musinsa.com/products/1284603,26300,2026-09-05,data/korea_popularity/raw/musinsa_perfume_3month_sales_count_20260905.har,0
musinsa,19,판매수량순,3개월,5800293,뉴뉴,샤를33 네놀리 오드퍼퓸,https://www.musinsa.com/products/5800293,45000,2026-09-05,data/korea_popularity/raw/musinsa_perfume_3month_sales_count_20260905.har,0
musinsa,20,판매수량순,3개월,4388017,무신사 스탠다드 뷰티,무신사 스탠다드 코코모 EDP 50ml,https://www.musinsa.com/products/4388017,39900,2026-09-05,data/korea_popularity/raw/musinsa_perfume_3month_sales_count_20260905.har,0
musinsa,21,판매수량순,3개월,4442601,비비앙,[태산 PICK] 월넛크릭그린 오 드 퍼퓸 EDP 10ml,https://www.musinsa.com/products/4442601,45900,2026-09-05,data/korea_popularity/raw/musinsa_perfume_3month_sales_count_20260905.har,0
musinsa,22,판매수량순,3개월,6210284,레르드사봉,이노센트 타임 50ml,https://www.musinsa.com/products/6210284,33200,2026-09-05,data/korea_popularity/raw/musinsa_perfume_3month_sales_count_20260905.har,0
musinsa,23,판매수량순,3개월,5357868,무신사 스탠다드 뷰티,무신사 스탠다드 미드나잇 램블러 EDP 50ml,https://www.musinsa.com/products/5357868,39900,2026-09-05,data/korea_popularity/raw/musinsa_perfume_3month_sales_count_20260905.har,0
musinsa,24,판매수량순,3개월,6210282,레르드사봉,센슈얼 터치 50ml,https://www.musinsa.com/products/6210282,32400,2026-09-05,data/korea_popularity/raw/musinsa_perfume_3month_sales_count_20260905.har,0
musinsa,25,판매수량순,3개월,5800302,뉴뉴,샤인30 오드퍼퓸,https://www.musinsa.com/products/5800302,45000,2026-09-05,data/korea_popularity/raw/musinsa_perfume_3month_sales_count_20260905.har,0
musinsa,26,판매수량순,3개월,5231016,센녹,퍼퓸 10ml (4종 택1),https://www.musinsa.com/products/5231016,29000,2026-09-05,data/korea_popularity/raw/musinsa_perfume_3month_sales_count_20260905.har,0
musinsa,27,판매수량순,3개월,2027859,메종 마르지엘라 퍼퓸,레플리카 레이지 선데이 모닝 EDT 30ML,https://www.musinsa.com/products/2027859,122550,2026-09-05,data/korea_popularity/raw/musinsa_perfume_3month_sales_count_20260905.har,0
musinsa,28,판매수량순,3개월,4525980,리베르,[김켄지 PICK] [첫눈 향수] 오 드 퍼퓸 스노우 사이 30ML Snow Sai,https://www.musinsa.com/products/4525980,45150,2026-09-05,data/korea_popularity/raw/musinsa_perfume_3month_sales_count_20260905.har,0
musinsa,29,판매수량순,3개월,3850836,로이비,오 드 퍼퓸 롤온 베르가못 앤 화이트 로즈 7.5ml,https://www.musinsa.com/products/3850836,21600,2026-09-05,data/korea_popularity/raw/musinsa_perfume_3month_sales_count_20260905.har,0
musinsa,30,판매수량순,3개월,6880607,질스튜어트 뷰티,"화이트 플로럴 오 드 뚜왈렛 50ml(+화이트 플로럴 샴푸 42,000상당)",https://www.musinsa.com/products/6880607,43200,2026-09-05,data/korea_popularity/raw/musinsa_perfume_3month_sales_count_20260905.har,0
musinsa,31,판매수량순,3개월,4469595,어퓨,마이 핸디 롤온 퍼퓸 (택1),https://www.musinsa.com/products/4469595,7200,2026-09-05,data/korea_popularity/raw/musinsa_perfume_3month_sales_count_20260905.har,0
musinsa,32,판매수량순,3개월,6211276,투데이이즈,인유어메모리 오드 퍼퓸 50ml,https://www.musinsa.com/products/6211276,62100,2026-09-05,data/korea_popularity/raw/musinsa_perfume_3month_sales_count_20260905.har,0
musinsa,33,판매수량순,3개월,4146844,누다라,시그니처 퍼퓸 오키탈 30ML,https://www.musinsa.com/products/4146844,52000,2026-09-05,data/korea_popularity/raw/musinsa_perfume_3month_sales_count_20260905.har,0
musinsa,34,판매수량순,3개월,2027860,메종 마르지엘라 퍼퓸,레플리카 레이지 선데이 모닝 EDT 100ML,https://www.musinsa.com/products/2027860,228000,2026-09-05,data/korea_popularity/raw/musinsa_perfume_3month_sales_count_20260905.har,0
musinsa,35,판매수량순,3개월,3920147,베르사체 퍼퓸,브라이트 크리스탈 EDT 30ML + 베르사체 향수샘플 (쇼핑백증정)],https://www.musinsa.com/products/3920147,44180,2026-09-05,data/korea_popularity/raw/musinsa_perfume_3month_sales_count_20260905.har,0
musinsa,36,판매수량순,3개월,4446717,비비앙,[기프트세트] 니치 룸스프레이 섬유향수 2개 듀오,https://www.musinsa.com/products/4446717,29800,2026-09-05,data/korea_popularity/raw/musinsa_perfume_3month_sales_count_20260905.har,0
musinsa,37,판매수량순,3개월,3122050,메종 마르지엘라 퍼퓸,레플리카 재즈 클럽 EDT 10ML,https://www.musinsa.com/products/3122050,42750,2026-09-05,data/korea_popularity/raw/musinsa_perfume_3month_sales_count_20260905.har,0
musinsa,38,판매수량순,3개월,4664334,애프터블로우,오 드 퍼퓸 25ml,https://www.musinsa.com/products/4664334,42000,2026-09-05,data/korea_popularity/raw/musinsa_perfume_3month_sales_count_20260905.har,0
musinsa,39,판매수량순,3개월,2027861,메종 마르지엘라 퍼퓸,레플리카 재즈 클럽 EDT 30ML,https://www.musinsa.com/products/2027861,122550,2026-09-05,data/korea_popularity/raw/musinsa_perfume_3month_sales_count_20260905.har,0
musinsa,40,판매수량순,3개월,4633803,에스더블유나인틴,SW19 Midnight 오 드 퍼퓸 12ml,https://www.musinsa.com/products/4633803,39000,2026-09-05,data/korea_popularity/raw/musinsa_perfume_3month_sales_count_20260905.har,0
musinsa,41,판매수량순,3개월,3866165,홀리바넘,오 드 퍼퓸 50ml [13종 택1],https://www.musinsa.com/products/3866165,95000,2026-09-05,data/korea_popularity/raw/musinsa_perfume_3month_sales_count_20260905.har,0
musinsa,42,판매수량순,3개월,1910209,존바바토스,아티산 EDT 75ML,https://www.musinsa.com/products/1910209,65400,2026-09-05,data/korea_popularity/raw/musinsa_perfume_3month_sales_count_20260905.har,0
musinsa,43,판매수량순,3개월,6210283,레르드사봉,필링 브리즈 50ml,https://www.musinsa.com/products/6210283,32400,2026-09-05,data/korea_popularity/raw/musinsa_perfume_3month_sales_count_20260905.har,0
musinsa,44,판매수량순,3개월,4146833,누다라,시그니처 퍼퓸 우드마벨 30ML,https://www.musinsa.com/products/4146833,52000,2026-09-05,data/korea_popularity/raw/musinsa_perfume_3month_sales_count_20260905.har,0
musinsa,45,판매수량순,3개월,5115500,센녹,퍼퓸 애프터배스 50ml,https://www.musinsa.com/products/5115500,76000,2026-09-05,data/korea_popularity/raw/musinsa_perfume_3month_sales_count_20260905.har,0
musinsa,46,판매수량순,3개월,5629463,에이딕트,솔리드 퍼퓸 30ml (선택),https://www.musinsa.com/products/5629463,23500,2026-09-05,data/korea_popularity/raw/musinsa_perfume_3month_sales_count_20260905.har,0
musinsa,47,판매수량순,3개월,5115518,센녹,퍼퓸 솝클린솝 50ml,https://www.musinsa.com/products/5115518,82000,2026-09-05,data/korea_popularity/raw/musinsa_perfume_3month_sales_count_20260905.har,0
musinsa,48,판매수량순,3개월,4771019,클린,클리어 애플 블로썸 EDP 30ML,https://www.musinsa.com/products/4771019,35750,2026-09-05,data/korea_popularity/raw/musinsa_perfume_3month_sales_count_20260905.har,0
musinsa,49,판매수량순,3개월,1910208,존바바토스,아티산 EDT 125ML,https://www.musinsa.com/products/1910208,89400,2026-09-05,data/korea_popularity/raw/musinsa_perfume_3month_sales_count_20260905.har,0
musinsa,50,판매수량순,3개월,6257659,그라펜,타투 퍼퓸 50ml,https://www.musinsa.com/products/6257659,50000,2026-09-05,data/korea_popularity/raw/musinsa_perfume_3month_sales_count_20260905.har,0
musinsa,51,판매수량순,3개월,4570466,시머스,미드나잇 파크 EDP 50ml,https://www.musinsa.com/products/4570466,89700,2026-09-05,data/korea_popularity/raw/musinsa_perfume_3month_sales_count_20260905.har,0
musinsa,52,판매수량순,3개월,4627985,러쉬,휴대용 솔리드 퍼퓸/고체 향수 15종 택 1,https://www.musinsa.com/products/4627985,30000,2026-09-05,data/korea_popularity/raw/musinsa_perfume_3month_sales_count_20260905.har,0
musinsa,53,판매수량순,3개월,4425165,비비앙,[이한 PICK] 뉴욕인틸리 오 드 퍼퓸 EDP 50ml,https://www.musinsa.com/products/4425165,91900,2026-09-05,data/korea_popularity/raw/musinsa_perfume_3month_sales_count_20260905.har,0
musinsa,54,판매수량순,3개월,2027862,메종 마르지엘라 퍼퓸,레플리카 재즈 클럽 EDT 100ML,https://www.musinsa.com/products/2027862,228000,2026-09-05,data/korea_popularity/raw/musinsa_perfume_3month_sales_count_20260905.har,0
musinsa,55,판매수량순,3개월,3850821,로이비,오 드 퍼퓸 롤온 피오니 앤 화이트 머스크 7.5ml,https://www.musinsa.com/products/3850821,21600,2026-09-05,data/korea_popularity/raw/musinsa_perfume_3month_sales_count_20260905.har,0
musinsa,56,판매수량순,3개월,5723973,센틀리에,오 드 퍼퓸 오렌지블라썸 토스카나 10ml,https://www.musinsa.com/products/5723973,24000,2026-09-05,data/korea_popularity/raw/musinsa_perfume_3month_sales_count_20260905.har,0
musinsa,57,판매수량순,3개월,6257933,플르부아,오 드 퍼퓸 30mL,https://www.musinsa.com/products/6257933,38700,2026-09-05,data/korea_popularity/raw/musinsa_perfume_3month_sales_count_20260905.har,0
musinsa,58,판매수량순,3개월,3388734,에따 리브르 도랑쥬,유 오어 썸원 라이크 유 EDP 30ml,https://www.musinsa.com/products/3388734,110000,2026-09-05,data/korea_popularity/raw/musinsa_perfume_3month_sales_count_20260905.har,0
musinsa,59,판매수량순,3개월,3506692,포뷰트,시그니처 헤어퍼퓸 애프터 선셋 남자향수 50ml,https://www.musinsa.com/products/3506692,15000,2026-09-05,data/korea_popularity/raw/musinsa_perfume_3month_sales_count_20260905.har,0
musinsa,60,판매수량순,3개월,5823330,알보우,도쿄 피그 오드퍼퓸 향수 30ML,https://www.musinsa.com/products/5823330,68000,2026-09-05,data/korea_popularity/raw/musinsa_perfume_3month_sales_count_20260905.har,0
musinsa,61,판매수량순,3개월,3700214,더페이스샵,소울 향수 30ml (5종 택1),https://www.musinsa.com/products/3700214,20800,2026-09-05,data/korea_popularity/raw/musinsa_perfume_3month_sales_count_20260905.har,34
musinsa,62,판매수량순,3개월,5524898,아비브,오 드 퍼퓸 타입 N 50ml(+쇼핑백 증정),https://www.musinsa.com/products/5524898,52800,2026-09-05,data/korea_popularity/raw/musinsa_perfume_3month_sales_count_20260905.har,34
musinsa,63,판매수량순,3개월,4727979,에스더블유나인틴,오 드 퍼퓸 12ml+12ml 세트,https://www.musinsa.com/products/4727979,78000,2026-09-05,data/korea_popularity/raw/musinsa_perfume_3month_sales_count_20260905.har,34
musinsa,64,판매수량순,3개월,2249394,포맨트,시그니처 퍼퓸 코튼 디어 나잇 50ml,https://www.musinsa.com/products/2249394,51460,2026-09-05,data/korea_popularity/raw/musinsa_perfume_3month_sales_count_20260905.har,34
musinsa,65,판매수량순,3개월,6304565,헉슬리,헉슬리 퍼퓸 15ml 5종 택1,https://www.musinsa.com/products/6304565,38400,2026-09-05,data/korea_popularity/raw/musinsa_perfume_3month_sales_count_20260905.har,34
musinsa,66,판매수량순,3개월,6310017,포엘리에,Y존향수 이너퍼퓸 5ml 택1,https://www.musinsa.com/products/6310017,15900,2026-09-05,data/korea_popularity/raw/musinsa_perfume_3month_sales_count_20260905.har,34
musinsa,67,판매수량순,3개월,6282382,메르디센트,무드 퍼퓸 스프레이 300ml,https://www.musinsa.com/products/6282382,39000,2026-09-05,data/korea_popularity/raw/musinsa_perfume_3month_sales_count_20260905.har,34
musinsa,68,판매수량순,3개월,2246800,클린,퓨어솝 EDP 60ML,https://www.musinsa.com/products/2246800,57750,2026-09-05,data/korea_popularity/raw/musinsa_perfume_3month_sales_count_20260905.har,34
musinsa,69,판매수량순,3개월,5462533,에이딕트,솔리드 퍼퓸 네이키드 30mlX2,https://www.musinsa.com/products/5462533,38500,2026-09-05,data/korea_popularity/raw/musinsa_perfume_3month_sales_count_20260905.har,34
musinsa,70,판매수량순,3개월,4570024,조마드,블루밍 나잇 50ml,https://www.musinsa.com/products/4570024,39000,2026-09-05,data/korea_popularity/raw/musinsa_perfume_3month_sales_count_20260905.har,34
musinsa,71,판매수량순,3개월,1997946,몽블랑 퍼퓸,익스플로러 EDP 100ML,https://www.musinsa.com/products/1997946,160000,2026-09-05,data/korea_popularity/raw/musinsa_perfume_3month_sales_count_20260905.har,34
musinsa,72,판매수량순,3개월,6144471,캘빈클라인 퍼퓸,헤어&바디 미스트 236ml (4종 택 1),https://www.musinsa.com/products/6144471,45000,2026-09-05,data/korea_popularity/raw/musinsa_perfume_3month_sales_count_20260905.har,34
musinsa,73,판매수량순,3개월,2246802,클린,퓨어솝 EDP 30ML,https://www.musinsa.com/products/2246802,35750,2026-09-05,data/korea_popularity/raw/musinsa_perfume_3month_sales_count_20260905.har,34
musinsa,74,판매수량순,3개월,3695028,어나더 오피스,A/O. Multi Fragrance (LATHER),https://www.musinsa.com/products/3695028,28000,2026-09-05,data/korea_popularity/raw/musinsa_perfume_3month_sales_count_20260905.har,34
musinsa,75,판매수량순,3개월,6192807,플르부아,오 드 퍼퓸 EDP 히노끼 레더 50mL,https://www.musinsa.com/products/6192807,44800,2026-09-05,data/korea_popularity/raw/musinsa_perfume_3month_sales_count_20260905.har,34
musinsa,76,판매수량순,3개월,3082576,유쏘풀,베리섹시 니치향수,https://www.musinsa.com/products/3082576,63000,2026-09-05,data/korea_popularity/raw/musinsa_perfume_3month_sales_count_20260905.har,34
musinsa,77,판매수량순,3개월,5438667,아디다스 향수,바이브 EDP 100ml (10종 택 1),https://www.musinsa.com/products/5438667,40000,2026-09-05,data/korea_popularity/raw/musinsa_perfume_3month_sales_count_20260905.har,34
musinsa,78,판매수량순,3개월,4265625,세이리,오스만투스 엑스트레 드 퍼퓸 50mL,https://www.musinsa.com/products/4265625,49000,2026-09-05,data/korea_popularity/raw/musinsa_perfume_3month_sales_count_20260905.har,34
musinsa,79,판매수량순,3개월,5159312,컴인사이드미,이너퍼퓸 여자 오일 속옷향수,https://www.musinsa.com/products/5159312,22800,2026-09-05,data/korea_popularity/raw/musinsa_perfume_3month_sales_count_20260905.har,34
musinsa,80,판매수량순,3개월,6502893,센슬,플로우 세트 (뮤트 크림 퍼퓸 플로우 미닛 + [미니] 퀵틴트 2종),https://www.musinsa.com/products/6502893,37000,2026-09-05,data/korea_popularity/raw/musinsa_perfume_3month_sales_count_20260905.har,34
musinsa,81,판매수량순,3개월,6222299,홀리바넘,EDT 30ml [5종 택1],https://www.musinsa.com/products/6222299,65000,2026-09-05,data/korea_popularity/raw/musinsa_perfume_3month_sales_count_20260905.har,34
musinsa,82,판매수량순,3개월,5115486,센녹,퍼퓸 슬로우셉템버 50ml,https://www.musinsa.com/products/5115486,76000,2026-09-05,data/korea_popularity/raw/musinsa_perfume_3month_sales_count_20260905.har,34
musinsa,83,판매수량순,3개월,6363686,비비앙,구름 오 드 퍼퓸 EDP 50ml,https://www.musinsa.com/products/6363686,91900,2026-09-05,data/korea_popularity/raw/musinsa_perfume_3month_sales_count_20260905.har,34
musinsa,84,판매수량순,3개월,6211036,투데이이즈,인마이메모리 오드 퍼퓸 50ml,https://www.musinsa.com/products/6211036,62100,2026-09-05,data/korea_popularity/raw/musinsa_perfume_3month_sales_count_20260905.har,34
musinsa,85,판매수량순,3개월,6282384,메르디센트,무드 퍼퓸 스프레이 100ml,https://www.musinsa.com/products/6282384,25000,2026-09-05,data/korea_popularity/raw/musinsa_perfume_3month_sales_count_20260905.har,34
musinsa,86,판매수량순,3개월,6257652,그라펜,멀티 유즈 바디 퍼퓸 스프레이 200ml,https://www.musinsa.com/products/6257652,24000,2026-09-05,data/korea_popularity/raw/musinsa_perfume_3month_sales_count_20260905.har,34
musinsa,87,판매수량순,3개월,5641953,롱테이크,[스티커&향태그 증정] 오드 퍼퓸 20ml (샌달우드/블랙티앤피그/바질앤베티버),https://www.musinsa.com/products/5641953,42000,2026-09-05,data/korea_popularity/raw/musinsa_perfume_3month_sales_count_20260905.har,34
musinsa,88,판매수량순,3개월,1853991,폴로랄프로렌 퍼퓸,폴로 랄프 EDT 30ML,https://www.musinsa.com/products/1853991,59500,2026-09-05,data/korea_popularity/raw/musinsa_perfume_3month_sales_count_20260905.har,34
musinsa,89,판매수량순,3개월,4771020,클린,클리어 쿨 코튼 EDP 60ML,https://www.musinsa.com/products/4771020,57750,2026-09-05,data/korea_popularity/raw/musinsa_perfume_3month_sales_count_20260905.har,34
musinsa,90,판매수량순,3개월,4431408,비비앙,퍼퓸 디퓨저 기프트 세트 200ml,https://www.musinsa.com/products/4431408,48900,2026-09-05,data/korea_popularity/raw/musinsa_perfume_3month_sales_count_20260905.har,34
musinsa,91,판매수량순,3개월,5199976,비비앙,[보이넥스트도어 PICK] 오 드 퍼퓸 디스커버리 세트 (2ml*7종),https://www.musinsa.com/products/5199976,38900,2026-09-05,data/korea_popularity/raw/musinsa_perfume_3month_sales_count_20260905.har,34
musinsa,92,판매수량순,3개월,1854001,폴로랄프로렌 퍼퓸,폴로 랄프 EDT 50ML,https://www.musinsa.com/products/1854001,80750,2026-09-05,data/korea_popularity/raw/musinsa_perfume_3month_sales_count_20260905.har,34
musinsa,93,판매수량순,3개월,2637311,다슈,아쿠아 다이브 퍼퓸 50ml,https://www.musinsa.com/products/2637311,36800,2026-09-05,data/korea_popularity/raw/musinsa_perfume_3month_sales_count_20260905.har,34
musinsa,94,판매수량순,3개월,5195327,돌체앤가바나,라이트 블루 오 드 뚜왈렛 30ml (리뉴얼),https://www.musinsa.com/products/5195327,83700,2026-09-05,data/korea_popularity/raw/musinsa_perfume_3month_sales_count_20260905.har,34
musinsa,95,판매수량순,3개월,1910205,존바바토스,아티산 퓨어 EDT 75ML,https://www.musinsa.com/products/1910205,65400,2026-09-05,data/korea_popularity/raw/musinsa_perfume_3month_sales_count_20260905.har,34
musinsa,96,판매수량순,3개월,3291576,유겐,INSPIRE 오 드 퍼퓸 50ML,https://www.musinsa.com/products/3291576,145000,2026-09-05,data/korea_popularity/raw/musinsa_perfume_3month_sales_count_20260905.har,34
musinsa,97,판매수량순,3개월,3764328,애프터블로우,솔리드 퍼퓸,https://www.musinsa.com/products/3764328,36000,2026-09-05,data/korea_popularity/raw/musinsa_perfume_3month_sales_count_20260905.har,34
musinsa,98,판매수량순,3개월,4771015,클린,클리어 애플 블로썸 EDP 60ML,https://www.musinsa.com/products/4771015,57750,2026-09-05,data/korea_popularity/raw/musinsa_perfume_3month_sales_count_20260905.har,34
musinsa,99,판매수량순,3개월,6168034,헤트라스 뷰티,핸드메이드 퍼퓸 50ml 아틀리에 티,https://www.musinsa.com/products/6168034,64000,2026-09-05,data/korea_popularity/raw/musinsa_perfume_3month_sales_count_20260905.har,34
musinsa,100,판매수량순,3개월,5956388,엑스니힐로,블루 탈리스만 오드퍼퓸 10ml,https://www.musinsa.com/products/5956388,95000,2026-09-05,data/korea_popularity/raw/musinsa_perfume_3month_sales_count_20260905.har,34
musinsa,101,판매수량순,3개월,5467220,러쉬,29 하이 스트릿 30ml - 퍼퓸/향수,https://www.musinsa.com/products/5467220,80000,2026-09-05,data/korea_popularity/raw/musinsa_perfume_3month_sales_count_20260905.har,34
musinsa,102,판매수량순,3개월,3122053,메종 마르지엘라 퍼퓸,레플리카 웬 더 레인 스탑스 EDT 30ML,https://www.musinsa.com/products/3122053,122550,2026-09-05,data/korea_popularity/raw/musinsa_perfume_3month_sales_count_20260905.har,34
musinsa,103,판매수량순,3개월,3863938,슬로우허밍,릴리프 퍼퓸밤,https://www.musinsa.com/products/3863938,21000,2026-09-05,data/korea_popularity/raw/musinsa_perfume_3month_sales_count_20260905.har,34
musinsa,104,판매수량순,3개월,2417243,노디자인,향기에 집중한 향수 / 퍼퓸 30ml,https://www.musinsa.com/products/2417243,15750,2026-09-05,data/korea_popularity/raw/musinsa_perfume_3month_sales_count_20260905.har,34
musinsa,105,판매수량순,3개월,3388850,에따 리브르 도랑쥬,디스커버리 키트 (2ml*8),https://www.musinsa.com/products/3388850,59000,2026-09-05,data/korea_popularity/raw/musinsa_perfume_3month_sales_count_20260905.har,34
musinsa,106,판매수량순,3개월,6945534,로이비,[2 PACK] 오 드 퍼퓸 롤온 7.5ml,https://www.musinsa.com/products/6945534,24000,2026-09-05,data/korea_popularity/raw/musinsa_perfume_3month_sales_count_20260905.har,34
musinsa,107,판매수량순,3개월,5207339,센녹,솔리드퍼퓸 고체향수 7g,https://www.musinsa.com/products/5207339,31000,2026-09-05,data/korea_popularity/raw/musinsa_perfume_3month_sales_count_20260905.har,34
musinsa,108,판매수량순,3개월,4195075,스테판 움베르 루카,갓 오브 파이어 EAU DE PARFUM,https://www.musinsa.com/products/4195075,17550,2026-09-05,data/korea_popularity/raw/musinsa_perfume_3month_sales_count_20260905.har,34
musinsa,109,판매수량순,3개월,1284601,엘리자베스아덴,그린티 센트 스프레이 EDC 30ml +향수 공병 증정,https://www.musinsa.com/products/1284601,17300,2026-09-05,data/korea_popularity/raw/musinsa_perfume_3month_sales_count_20260905.har,34
musinsa,110,판매수량순,3개월,2004435,랑방 퍼퓸,에끌라 드 아르페쥬 EDP 30ML,https://www.musinsa.com/products/2004435,66600,2026-09-05,data/korea_popularity/raw/musinsa_perfume_3month_sales_count_20260905.har,34
musinsa,111,판매수량순,3개월,6315662,엘리자베스아덴,그린티 스트로베리 바질 EDT 100ml +향수 공병 증정,https://www.musinsa.com/products/6315662,33500,2026-09-05,data/korea_popularity/raw/musinsa_perfume_3month_sales_count_20260905.har,34
musinsa,112,판매수량순,3개월,5135059,메종 마르지엘라 퍼퓸,레플리카 네버 엔딩 썸머 EDT 30ML,https://www.musinsa.com/products/5135059,122550,2026-09-05,data/korea_popularity/raw/musinsa_perfume_3month_sales_count_20260905.har,34
musinsa,113,판매수량순,3개월,4425213,비비앙,[명재현 PICK] 로스트우드 오 드 퍼퓸 EDP 50ml,https://www.musinsa.com/products/4425213,91900,2026-09-05,data/korea_popularity/raw/musinsa_perfume_3month_sales_count_20260905.har,34
musinsa,114,판매수량순,3개월,4352290,이세이미야케 퍼퓸,르셀디세이 오드뚜왈렛 100ml,https://www.musinsa.com/products/4352290,108720,2026-09-05,data/korea_popularity/raw/musinsa_perfume_3month_sales_count_20260905.har,34
musinsa,115,판매수량순,3개월,3873835,베르사체 퍼퓸,에로스 EDT 100ML + 에로스 미니어처 [선물박스],https://www.musinsa.com/products/3873835,82500,2026-09-05,data/korea_popularity/raw/musinsa_perfume_3month_sales_count_20260905.har,34
musinsa,116,판매수량순,3개월,6481855,취,오드퍼퓸 10ml 미니 향수,https://www.musinsa.com/products/6481855,26100,2026-09-05,data/korea_popularity/raw/musinsa_perfume_3month_sales_count_20260905.har,34
musinsa,117,판매수량순,3개월,4502387,에스더블유나인틴,SW19 MINI DISCOVERY SET(3ml*4),https://www.musinsa.com/products/4502387,36000,2026-09-05,data/korea_popularity/raw/musinsa_perfume_3month_sales_count_20260905.har,34
musinsa,118,판매수량순,3개월,4262805,세이리,누드 엑스트레 드 퍼퓸 50mL,https://www.musinsa.com/products/4262805,49000,2026-09-05,data/korea_popularity/raw/musinsa_perfume_3month_sales_count_20260905.har,34
musinsa,119,판매수량순,3개월,3819294,폴로랄프로렌 퍼퓸,폴로 EDT 125ML,https://www.musinsa.com/products/3819294,108800,2026-09-05,data/korea_popularity/raw/musinsa_perfume_3month_sales_count_20260905.har,34
musinsa,120,판매수량순,3개월,1910207,존바바토스,아티산 블루 EDT 75ML,https://www.musinsa.com/products/1910207,65400,2026-09-05,data/korea_popularity/raw/musinsa_perfume_3month_sales_count_20260905.har,34
musinsa,121,판매수량순,3개월,1910204,존바바토스,아티산 퓨어 EDT 125ML,https://www.musinsa.com/products/1910204,89400,2026-09-05,data/korea_popularity/raw/musinsa_perfume_3month_sales_count_20260905.har,91
musinsa,122,판매수량순,3개월,6460506,메르디센트,무드 퍼퓸 스프레이 리필액 300ml,https://www.musinsa.com/products/6460506,31000,2026-09-05,data/korea_popularity/raw/musinsa_perfume_3month_sales_count_20260905.har,91
musinsa,123,판매수량순,3개월,6027549,미녹,미녹 메모라이즈 퍼퓸 트라이얼 키트 2ml,https://www.musinsa.com/products/6027549,3900,2026-09-05,data/korea_popularity/raw/musinsa_perfume_3month_sales_count_20260905.har,91
musinsa,124,판매수량순,3개월,2027873,메종 마르지엘라 퍼퓸,레플리카 세일링 데이 EDT 30ML,https://www.musinsa.com/products/2027873,122550,2026-09-05,data/korea_popularity/raw/musinsa_perfume_3month_sales_count_20260905.har,91
musinsa,125,판매수량순,3개월,6362932,센티카,시그니처 퍼퓸 플레르 에끌로 15ml,https://www.musinsa.com/products/6362932,33250,2026-09-05,data/korea_popularity/raw/musinsa_perfume_3month_sales_count_20260905.har,91
musinsa,126,판매수량순,3개월,4108748,어나더 오피스,A/O. Multi Fragrance (Pyunbaek),https://www.musinsa.com/products/4108748,32000,2026-09-05,data/korea_popularity/raw/musinsa_perfume_3month_sales_count_20260905.har,91
musinsa,127,판매수량순,3개월,6239517,취,오드퍼퓸 50ml,https://www.musinsa.com/products/6239517,75000,2026-09-05,data/korea_popularity/raw/musinsa_perfume_3month_sales_count_20260905.har,91
musinsa,128,판매수량순,3개월,1910182,제니퍼로페즈,글로우 바이 제이로 EDT 30ML,https://www.musinsa.com/products/1910182,37800,2026-09-05,data/korea_popularity/raw/musinsa_perfume_3month_sales_count_20260905.har,91
musinsa,129,판매수량순,3개월,5991054,메종 마르지엘라 퍼퓸,레플리카 업 앳 던 EDT 30ML,https://www.musinsa.com/products/5991054,122550,2026-09-05,data/korea_popularity/raw/musinsa_perfume_3month_sales_count_20260905.har,91
musinsa,130,판매수량순,3개월,4663857,춘몽,도플 퍼퓸 (Doppel Perfume) 10ml,https://www.musinsa.com/products/4663857,13900,2026-09-05,data/korea_popularity/raw/musinsa_perfume_3month_sales_count_20260905.har,91
musinsa,131,판매수량순,3개월,1997941,몽블랑 퍼퓸,익스플로러 EDP 30ML,https://www.musinsa.com/products/1997941,78000,2026-09-05,data/korea_popularity/raw/musinsa_perfume_3month_sales_count_20260905.har,91
musinsa,132,판매수량순,3개월,6257932,플르부아,오 드 퍼퓸 50mL,https://www.musinsa.com/products/6257932,57600,2026-09-05,data/korea_popularity/raw/musinsa_perfume_3month_sales_count_20260905.har,91
musinsa,133,판매수량순,3개월,4891914,나르시소 로드리게즈,포 허 오드퍼퓸 퓨어 머스크 30ml,https://www.musinsa.com/products/4891914,84700,2026-09-05,data/korea_popularity/raw/musinsa_perfume_3month_sales_count_20260905.har,91
musinsa,134,판매수량순,3개월,2530193,랑방 퍼퓸,레 플레르 드 랑방 워터 릴리 EDT 50ML,https://www.musinsa.com/products/2530193,66000,2026-09-05,data/korea_popularity/raw/musinsa_perfume_3month_sales_count_20260905.har,91
musinsa,135,판매수량순,3개월,1847455,폴로랄프로렌 퍼퓸,폴로 블루 EDT 125ML,https://www.musinsa.com/products/1847455,108800,2026-09-05,data/korea_popularity/raw/musinsa_perfume_3month_sales_count_20260905.har,91
musinsa,136,판매수량순,3개월,5819268,테누이,오 드 퍼퓸 베어 10ml,https://www.musinsa.com/products/5819268,43000,2026-09-05,data/korea_popularity/raw/musinsa_perfume_3month_sales_count_20260905.har,91
musinsa,137,판매수량순,3개월,3508271,멈칫,스테이퍼퓸 80ml (5종 택1),https://www.musinsa.com/products/3508271,19900,2026-09-05,data/korea_popularity/raw/musinsa_perfume_3month_sales_count_20260905.har,91
musinsa,138,판매수량순,3개월,6261061,쿠오카,와일드피치 오 드 퍼퓸 50ml,https://www.musinsa.com/products/6261061,150000,2026-09-05,data/korea_popularity/raw/musinsa_perfume_3month_sales_count_20260905.har,91
musinsa,139,판매수량순,3개월,3122041,메종 마르지엘라 퍼퓸,레플리카 온어데이트 EDT 10ML,https://www.musinsa.com/products/3122041,42750,2026-09-05,data/korea_popularity/raw/musinsa_perfume_3month_sales_count_20260905.har,91
musinsa,140,판매수량순,3개월,2948294,엘리자베스,고체향수 보,https://www.musinsa.com/products/2948294,39000,2026-09-05,data/korea_popularity/raw/musinsa_perfume_3month_sales_count_20260905.har,91
musinsa,141,판매수량순,3개월,2388475,리베르,[금목서 향수] 오 드 퍼퓸 플라워 소사이어티 30ML Flower Society,https://www.musinsa.com/products/2388475,57000,2026-09-05,data/korea_popularity/raw/musinsa_perfume_3month_sales_count_20260905.har,91
musinsa,142,판매수량순,3개월,6292056,골드필드 앤 뱅크스,퍼시픽 락 모스 10ml,https://www.musinsa.com/products/6292056,54000,2026-09-05,data/korea_popularity/raw/musinsa_perfume_3month_sales_count_20260905.har,91
musinsa,143,판매수량순,3개월,5250747,이세이미야케 퍼퓸,르셀디세이 오 드 퍼퓸 100ml,https://www.musinsa.com/products/5250747,116640,2026-09-05,data/korea_popularity/raw/musinsa_perfume_3month_sales_count_20260905.har,91
musinsa,144,판매수량순,3개월,6880610,질스튜어트 뷰티,"오 드 뚜왈렛 롤온 10ml 3종 중 택 1 +(바디밀크, 핸드크림 15g)",https://www.musinsa.com/products/6880610,21320,2026-09-05,data/korea_popularity/raw/musinsa_perfume_3month_sales_count_20260905.har,91
musinsa,145,판매수량순,3개월,4425134,비비앙,[성호 PICK] 론도24 오 드 퍼퓸 EDP 50ml,https://www.musinsa.com/products/4425134,91900,2026-09-05,data/korea_popularity/raw/musinsa_perfume_3month_sales_count_20260905.har,91
musinsa,146,판매수량순,3개월,6510028,코치 프래그런스,체리 퍼퓸 30ML,https://www.musinsa.com/products/6510028,84000,2026-09-05,data/korea_popularity/raw/musinsa_perfume_3month_sales_count_20260905.har,91
musinsa,147,판매수량순,3개월,5115544,센녹,퍼퓸 베이비블러셔50ml,https://www.musinsa.com/products/5115544,82000,2026-09-05,data/korea_popularity/raw/musinsa_perfume_3month_sales_count_20260905.har,91
musinsa,148,판매수량순,3개월,6255346,포엘리에,우디&머스크향 옴므 오 드 퍼퓸 향수 30ml,https://www.musinsa.com/products/6255346,20000,2026-09-05,data/korea_popularity/raw/musinsa_perfume_3month_sales_count_20260905.har,91
musinsa,149,판매수량순,3개월,4652950,비비앙,[운학 PICK] 콜린 오 드 퍼퓸 EDP 50ml,https://www.musinsa.com/products/4652950,91900,2026-09-05,data/korea_popularity/raw/musinsa_perfume_3month_sales_count_20260905.har,91
musinsa,150,판매수량순,3개월,4499729,라퐁프,우드세이지앤씨솔트 30ml 향수,https://www.musinsa.com/products/4499729,19900,2026-09-05,data/korea_popularity/raw/musinsa_perfume_3month_sales_count_20260905.har,91
musinsa,151,판매수량순,3개월,4352251,이세이미야케 퍼퓸,르셀디세이 오드뚜왈렛 50ml,https://www.musinsa.com/products/4352251,79920,2026-09-05,data/korea_popularity/raw/musinsa_perfume_3month_sales_count_20260905.har,91
musinsa,152,판매수량순,3개월,6210281,레르드사봉,스파클링 딜라이트 50ml,https://www.musinsa.com/products/6210281,32400,2026-09-05,data/korea_popularity/raw/musinsa_perfume_3month_sales_count_20260905.har,91
musinsa,153,판매수량순,3개월,6039284,리베르,[장미 생화향] 오 드 퍼퓸 로즈 제스트 30ML Rose Zest,https://www.musinsa.com/products/6039284,57000,2026-09-05,data/korea_popularity/raw/musinsa_perfume_3month_sales_count_20260905.har,91
musinsa,154,판매수량순,3개월,5335622,엑스니힐로,디스커버리 세트 (오드퍼퓸),https://www.musinsa.com/products/5335622,61750,2026-09-05,data/korea_popularity/raw/musinsa_perfume_3month_sales_count_20260905.har,91
musinsa,155,판매수량순,3개월,6367327,에스더블유나인틴,SW19 5pm 오 드 퍼퓸 12ml,https://www.musinsa.com/products/6367327,39000,2026-09-05,data/korea_popularity/raw/musinsa_perfume_3month_sales_count_20260905.har,91
musinsa,156,판매수량순,3개월,5819269,테누이,오 드 퍼퓸 페더 10ml,https://www.musinsa.com/products/5819269,43000,2026-09-05,data/korea_popularity/raw/musinsa_perfume_3month_sales_count_20260905.har,91
musinsa,157,판매수량순,3개월,3430554,롤리타 렘피카,롤리타렘피카 EDP 100ml,https://www.musinsa.com/products/3430554,64500,2026-09-05,data/korea_popularity/raw/musinsa_perfume_3month_sales_count_20260905.har,91
musinsa,158,판매수량순,3개월,1910206,존바바토스,아티산 블루 EDT 125ML,https://www.musinsa.com/products/1910206,89400,2026-09-05,data/korea_popularity/raw/musinsa_perfume_3month_sales_count_20260905.har,91
musinsa,159,판매수량순,3개월,2006667,코치 프래그런스,플로럴 EDP 30ML,https://www.musinsa.com/products/2006667,76000,2026-09-05,data/korea_popularity/raw/musinsa_perfume_3month_sales_count_20260905.har,91
musinsa,160,판매수량순,3개월,3787802,밀크하우스캔들,[오일퍼퓸] 썬 키스드 피오니 15ml,https://www.musinsa.com/products/3787802,87000,2026-09-05,data/korea_popularity/raw/musinsa_perfume_3month_sales_count_20260905.har,91
musinsa,161,판매수량순,3개월,4771017,클린,클리어 쿨 코튼 EDP 30ML,https://www.musinsa.com/products/4771017,35750,2026-09-05,data/korea_popularity/raw/musinsa_perfume_3month_sales_count_20260905.har,91
musinsa,162,판매수량순,3개월,4446768,비비앙,[기프트패키지] 헤어 바디 퍼퓸 미스트 100ml,https://www.musinsa.com/products/4446768,29900,2026-09-05,data/korea_popularity/raw/musinsa_perfume_3month_sales_count_20260905.har,91
musinsa,163,판매수량순,3개월,4217109,센틀리에,오 드 퍼퓸 오렌지블라썸 토스카나 50ml,https://www.musinsa.com/products/4217109,89000,2026-09-05,data/korea_popularity/raw/musinsa_perfume_3month_sales_count_20260905.har,91
musinsa,164,판매수량순,3개월,3897564,베르사체 퍼퓸,맨 오 플래쉬 EDT 100ML + 맨 오 플래쉬 미니어처 [선물박스],https://www.musinsa.com/products/3897564,80360,2026-09-05,data/korea_popularity/raw/musinsa_perfume_3month_sales_count_20260905.har,91
musinsa,165,판매수량순,3개월,5690889,센티카,시그니처 퍼퓸 15ml,https://www.musinsa.com/products/5690889,33250,2026-09-05,data/korea_popularity/raw/musinsa_perfume_3month_sales_count_20260905.har,91
musinsa,166,판매수량순,3개월,5157236,부씨,오 드 퍼퓸 30ml 6종 택1(에어패키지),https://www.musinsa.com/products/5157236,56050,2026-09-05,data/korea_popularity/raw/musinsa_perfume_3month_sales_count_20260905.har,91
musinsa,167,판매수량순,3개월,6279096,알보우,앰버생귄 오드퍼퓸 향수 30ML,https://www.musinsa.com/products/6279096,68000,2026-09-05,data/korea_popularity/raw/musinsa_perfume_3month_sales_count_20260905.har,91
musinsa,168,판매수량순,3개월,1960886,존바바토스,아티산 블랙 EDT 125ML,https://www.musinsa.com/products/1960886,89400,2026-09-05,data/korea_popularity/raw/musinsa_perfume_3month_sales_count_20260905.har,91
musinsa,169,판매수량순,3개월,6147740,캘빈클라인 퍼퓸,씨케이원 EDT 50ML,https://www.musinsa.com/products/6147740,69000,2026-09-05,data/korea_popularity/raw/musinsa_perfume_3month_sales_count_20260905.har,91
musinsa,170,판매수량순,3개월,4493039,비비앙,니치 룸스프레이 섬유향수 100ml (8종 택1),https://www.musinsa.com/products/4493039,15900,2026-09-05,data/korea_popularity/raw/musinsa_perfume_3month_sales_count_20260905.har,91
musinsa,171,판매수량순,3개월,4253214,부씨,해피벌쓰데이 오 드 퍼퓸 30ml,https://www.musinsa.com/products/4253214,56050,2026-09-05,data/korea_popularity/raw/musinsa_perfume_3month_sales_count_20260905.har,91
musinsa,172,판매수량순,3개월,2955304,에스더블유나인틴,SW19 6am 오 드 퍼퓸 50ml,https://www.musinsa.com/products/2955304,119000,2026-09-05,data/korea_popularity/raw/musinsa_perfume_3month_sales_count_20260905.har,91
musinsa,173,판매수량순,3개월,6332582,아디다스 향수,아디다스 바이브 스파크 업 EDP 100ML,https://www.musinsa.com/products/6332582,39200,2026-09-05,data/korea_popularity/raw/musinsa_perfume_3month_sales_count_20260905.har,91
musinsa,174,판매수량순,3개월,6192605,플르부아,오 드 퍼퓸 EDP 모닝소일 50mL,https://www.musinsa.com/products/6192605,44800,2026-09-05,data/korea_popularity/raw/musinsa_perfume_3month_sales_count_20260905.har,91
musinsa,175,판매수량순,3개월,5823348,알보우,도쿄 스트라이프 오드퍼퓸 향수 30ML,https://www.musinsa.com/products/5823348,68000,2026-09-05,data/korea_popularity/raw/musinsa_perfume_3month_sales_count_20260905.har,91
musinsa,176,판매수량순,3개월,2006635,코치 프래그런스,우먼 EDT 30ML,https://www.musinsa.com/products/2006635,72000,2026-09-05,data/korea_popularity/raw/musinsa_perfume_3month_sales_count_20260905.har,91
musinsa,177,판매수량순,3개월,1847357,폴로랄프로렌 퍼퓸,폴로 블루 EDT 40ML,https://www.musinsa.com/products/1847357,68000,2026-09-05,data/korea_popularity/raw/musinsa_perfume_3month_sales_count_20260905.har,91
musinsa,178,판매수량순,3개월,6955780,러쉬,[러쉬×무민] 무민밸리 30ml - 퍼퓸/향수,https://www.musinsa.com/products/6955780,80000,2026-09-05,data/korea_popularity/raw/musinsa_perfume_3month_sales_count_20260905.har,91
musinsa,179,판매수량순,3개월,2657732,이스뜨와 드 퍼퓸,1725 카사노바 60ml,https://www.musinsa.com/products/2657732,229000,2026-09-05,data/korea_popularity/raw/musinsa_perfume_3month_sales_count_20260905.har,91
musinsa,180,판매수량순,3개월,1854002,폴로랄프로렌 퍼퓸,폴로 랄프 EDT 100ML,https://www.musinsa.com/products/1854002,106250,2026-09-05,data/korea_popularity/raw/musinsa_perfume_3month_sales_count_20260905.har,91
musinsa,181,판매수량순,3개월,4090592,나르시소 로드리게즈,포 힘 블루 느와르 EDT 50ml,https://www.musinsa.com/products/4090592,77250,2026-09-05,data/korea_popularity/raw/musinsa_perfume_3month_sales_count_20260905.har,160
musinsa,182,판매수량순,3개월,5599421,에스더블유나인틴,SW19 Midnight 오 드 퍼퓸 50ml&12ml 기획세트,https://www.musinsa.com/products/5599421,158000,2026-09-05,data/korea_popularity/raw/musinsa_perfume_3month_sales_count_20260905.har,160
musinsa,183,판매수량순,3개월,2027874,메종 마르지엘라 퍼퓸,레플리카 세일링 데이 EDT 100ML,https://www.musinsa.com/products/2027874,228000,2026-09-05,data/korea_popularity/raw/musinsa_perfume_3month_sales_count_20260905.har,160
musinsa,184,판매수량순,3개월,1937359,클린,클래식 레인 EDP 30ML,https://www.musinsa.com/products/1937359,52000,2026-09-05,data/korea_popularity/raw/musinsa_perfume_3month_sales_count_20260905.har,160
musinsa,185,판매수량순,3개월,6515604,아디다스 향수,아디다스 바이브 샤워젤 400ml (6종 택 1),https://www.musinsa.com/products/6515604,15000,2026-09-05,data/korea_popularity/raw/musinsa_perfume_3month_sales_count_20260905.har,160
musinsa,186,판매수량순,3개월,6367302,에스더블유나인틴,SW19 5pm 오 드 퍼퓸 50ml,https://www.musinsa.com/products/6367302,119000,2026-09-05,data/korea_popularity/raw/musinsa_perfume_3month_sales_count_20260905.har,160
musinsa,187,판매수량순,3개월,3122052,메종 마르지엘라 퍼퓸,레플리카 웬 더 레인 스탑스 EDT 100ML,https://www.musinsa.com/products/3122052,228000,2026-09-05,data/korea_popularity/raw/musinsa_perfume_3month_sales_count_20260905.har,160
musinsa,188,판매수량순,3개월,2530216,랑방 퍼퓸,레 플레르 드 랑방 블루 오키드 EDT 50ML,https://www.musinsa.com/products/2530216,66000,2026-09-05,data/korea_popularity/raw/musinsa_perfume_3month_sales_count_20260905.har,160
musinsa,189,판매수량순,3개월,6095042,아뜰리에페이,아뜰리에페이 마이스킨벗베터 30ml,https://www.musinsa.com/products/6095042,46900,2026-09-05,data/korea_popularity/raw/musinsa_perfume_3month_sales_count_20260905.har,160
musinsa,190,판매수량순,3개월,4633683,에스더블유나인틴,SW19 6am 오 드 퍼퓸 12ml,https://www.musinsa.com/products/4633683,39000,2026-09-05,data/korea_popularity/raw/musinsa_perfume_3month_sales_count_20260905.har,160
musinsa,191,판매수량순,3개월,3518010,에이오지,오 드 퍼퓸 레이 30ml,https://www.musinsa.com/products/3518010,64000,2026-09-05,data/korea_popularity/raw/musinsa_perfume_3month_sales_count_20260905.har,160
musinsa,192,판매수량순,3개월,4572505,시머스,애프터 샤워 EDP 50ml,https://www.musinsa.com/products/4572505,89700,2026-09-05,data/korea_popularity/raw/musinsa_perfume_3month_sales_count_20260905.har,160
musinsa,193,판매수량순,3개월,2634749,존바바토스,XX 아티산 틸 EDT 125ML,https://www.musinsa.com/products/2634749,85200,2026-09-05,data/korea_popularity/raw/musinsa_perfume_3month_sales_count_20260905.har,160
musinsa,194,판매수량순,3개월,2004509,랑방 퍼퓸,모던 프린세스 EDP 30ML,https://www.musinsa.com/products/2004509,71000,2026-09-05,data/korea_popularity/raw/musinsa_perfume_3month_sales_count_20260905.har,160
musinsa,195,판매수량순,3개월,1285050,엘리자베스아덴,5번가 EDP 75ml,https://www.musinsa.com/products/1285050,31200,2026-09-05,data/korea_popularity/raw/musinsa_perfume_3month_sales_count_20260905.har,160
musinsa,196,판매수량순,3개월,2027895,메종 마르지엘라 퍼퓸,레플리카 버블 바스 EDT 30ML,https://www.musinsa.com/products/2027895,122550,2026-09-05,data/korea_popularity/raw/musinsa_perfume_3month_sales_count_20260905.har,160
musinsa,197,판매수량순,3개월,6246787,베르사체 퍼퓸,베르사체 크리스탈 에메랄드 오 드 퍼퓸 30ml,https://www.musinsa.com/products/6246787,112000,2026-09-05,data/korea_popularity/raw/musinsa_perfume_3month_sales_count_20260905.har,160
musinsa,198,판매수량순,3개월,6239047,부씨,아브라카다멈 오 드 퍼퓸 30ml,https://www.musinsa.com/products/6239047,56050,2026-09-05,data/korea_popularity/raw/musinsa_perfume_3month_sales_count_20260905.har,160
musinsa,199,판매수량순,3개월,6012519,에틀리에,오 드 퍼퓸 30ml/10ml (18종 택1),https://www.musinsa.com/products/6012519,17900,2026-09-05,data/korea_popularity/raw/musinsa_perfume_3month_sales_count_20260905.har,160
musinsa,200,판매수량순,3개월,6095164,아뜰리에페이,데이 오프 30ml,https://www.musinsa.com/products/6095164,44900,2026-09-05,data/korea_popularity/raw/musinsa_perfume_3month_sales_count_20260905.har,160
musinsa,201,판매수량순,3개월,5753844,달바,리추얼 탠저린 퍼퓸 30ml,https://www.musinsa.com/products/5753844,40680,2026-09-05,data/korea_popularity/raw/musinsa_perfume_3month_sales_count_20260905.har,160
musinsa,202,판매수량순,3개월,3146377,아뜰리에페이,아뜰리에페이 오스만투스 러브 30ml,https://www.musinsa.com/products/3146377,44900,2026-09-05,data/korea_popularity/raw/musinsa_perfume_3month_sales_count_20260905.har,160
musinsa,203,판매수량순,3개월,2959141,에스더블유나인틴,SW19 3pm 오 드 퍼퓸 50ml,https://www.musinsa.com/products/2959141,119000,2026-09-05,data/korea_popularity/raw/musinsa_perfume_3month_sales_count_20260905.har,160
musinsa,204,판매수량순,3개월,2061110,몽블랑 퍼퓸,레전드 애프터쉐이브 밤 150ML (남성용로션),https://www.musinsa.com/products/2061110,50000,2026-09-05,data/korea_popularity/raw/musinsa_perfume_3month_sales_count_20260905.har,160
musinsa,205,판매수량순,3개월,2005112,지미추 퍼퓸,우먼 EDT 40ML,https://www.musinsa.com/products/2005112,87000,2026-09-05,data/korea_popularity/raw/musinsa_perfume_3month_sales_count_20260905.har,160
musinsa,206,판매수량순,3개월,2004514,랑방 퍼퓸,모던 프린세스 EDP 60ML,https://www.musinsa.com/products/2004514,105000,2026-09-05,data/korea_popularity/raw/musinsa_perfume_3month_sales_count_20260905.har,160
musinsa,207,판매수량순,3개월,1997945,몽블랑 퍼퓸,익스플로러 EDP 60ML,https://www.musinsa.com/products/1997945,121000,2026-09-05,data/korea_popularity/raw/musinsa_perfume_3month_sales_count_20260905.har,160
musinsa,208,판매수량순,3개월,4541871,메종 마르지엘라 퍼퓸,레플리카 소울 오브 더 포레스트 EDP 100ML,https://www.musinsa.com/products/4541871,308750,2026-09-05,data/korea_popularity/raw/musinsa_perfume_3month_sales_count_20260905.har,160
musinsa,209,판매수량순,3개월,3620385,아로,아이리스 솝 50ml,https://www.musinsa.com/products/3620385,65000,2026-09-05,data/korea_popularity/raw/musinsa_perfume_3month_sales_count_20260905.har,160
musinsa,210,판매수량순,3개월,6313181,플르부아,오 드 퍼퓸 EDP 히노끼 레더 30mL,https://www.musinsa.com/products/6313181,30100,2026-09-05,data/korea_popularity/raw/musinsa_perfume_3month_sales_count_20260905.har,160
musinsa,211,판매수량순,3개월,3822886,데메테르,어스 리프레싱 오 파퓨메 벨머스크 1753 30ml,https://www.musinsa.com/products/3822886,36000,2026-09-05,data/korea_popularity/raw/musinsa_perfume_3month_sales_count_20260905.har,160
musinsa,212,판매수량순,3개월,3662668,오브제,베르가못 레인 퍼퓸 50ml,https://www.musinsa.com/products/3662668,39800,2026-09-05,data/korea_popularity/raw/musinsa_perfume_3month_sales_count_20260905.har,160
musinsa,213,판매수량순,3개월,3122046,메종 마르지엘라 퍼퓸,레플리카 온어데이트 EDT 30ML,https://www.musinsa.com/products/3122046,122550,2026-09-05,data/korea_popularity/raw/musinsa_perfume_3month_sales_count_20260905.har,160
musinsa,214,판매수량순,3개월,5836956,에스더블유나인틴,SW19 Midnight 오일 퍼퓸 10ml,https://www.musinsa.com/products/5836956,48000,2026-09-05,data/korea_popularity/raw/musinsa_perfume_3month_sales_count_20260905.har,160
musinsa,215,판매수량순,3개월,3741729,루아페,다이브 가든 오 드 퍼퓸v2(30ml),https://www.musinsa.com/products/3741729,38000,2026-09-05,data/korea_popularity/raw/musinsa_perfume_3month_sales_count_20260905.har,160
musinsa,216,판매수량순,3개월,3716617,메종 마르지엘라 퍼퓸,레플리카 프롬 더 가든 EDT 30ML,https://www.musinsa.com/products/3716617,122550,2026-09-05,data/korea_popularity/raw/musinsa_perfume_3month_sales_count_20260905.har,160
musinsa,217,판매수량순,3개월,3354160,베르사체 퍼퓸,블루진 EDT 75ml,https://www.musinsa.com/products/3354160,39300,2026-09-05,data/korea_popularity/raw/musinsa_perfume_3month_sales_count_20260905.har,160
musinsa,218,판매수량순,3개월,3122068,메종 마르지엘라 퍼퓸,레플리카 바이 더 파이어플레이스 EDT 10ML,https://www.musinsa.com/products/3122068,42750,2026-09-05,data/korea_popularity/raw/musinsa_perfume_3month_sales_count_20260905.har,160
musinsa,219,판매수량순,3개월,1937358,클린,클래식 레인 EDP 60ML,https://www.musinsa.com/products/1937358,84000,2026-09-05,data/korea_popularity/raw/musinsa_perfume_3month_sales_count_20260905.har,160
musinsa,220,판매수량순,3개월,6257934,플르부아,더 블룸 컬렉션 오 드 퍼퓸 30mL,https://www.musinsa.com/products/6257934,38700,2026-09-05,data/korea_popularity/raw/musinsa_perfume_3month_sales_count_20260905.har,160
musinsa,221,판매수량순,3개월,6039275,리베르,[풀향 향수] 오 드 퍼퓸 그린 사운즈 30ML Green Sounds,https://www.musinsa.com/products/6039275,57000,2026-09-05,data/korea_popularity/raw/musinsa_perfume_3month_sales_count_20260905.har,160
musinsa,222,판매수량순,3개월,3962611,메종 마르지엘라 퍼퓸,레플리카 프롬 더 가든 EDT 10ML,https://www.musinsa.com/products/3962611,42750,2026-09-05,data/korea_popularity/raw/musinsa_perfume_3month_sales_count_20260905.har,160
musinsa,223,판매수량순,3개월,5195353,돌체앤가바나,라이트 블루 오 드 뚜왈렛 10ml (리뉴얼),https://www.musinsa.com/products/5195353,36900,2026-09-05,data/korea_popularity/raw/musinsa_perfume_3month_sales_count_20260905.har,160
musinsa,224,판매수량순,3개월,4733521,배쓰프로젝트,퍼퓸 스프레이 포레스트블루,https://www.musinsa.com/products/4733521,42000,2026-09-05,data/korea_popularity/raw/musinsa_perfume_3month_sales_count_20260905.har,160
musinsa,225,판매수량순,3개월,4633763,에스더블유나인틴,SW19 3pm 오 드 퍼퓸 12ml,https://www.musinsa.com/products/4633763,39000,2026-09-05,data/korea_popularity/raw/musinsa_perfume_3month_sales_count_20260905.har,160
musinsa,226,판매수량순,3개월,4488843,라퐁프,엔젤스쉐어 30ml 향수,https://www.musinsa.com/products/4488843,19900,2026-09-05,data/korea_popularity/raw/musinsa_perfume_3month_sales_count_20260905.har,160
musinsa,227,판매수량순,3개월,4442627,비비앙,[이한 PICK] 뉴욕인틸리 오 드 퍼퓸 EDP 10ml,https://www.musinsa.com/products/4442627,45900,2026-09-05,data/korea_popularity/raw/musinsa_perfume_3month_sales_count_20260905.har,160
musinsa,228,판매수량순,3개월,3873657,베르사체 퍼퓸,에로스 EDT 30ML + 에로스미니어처 [선물박스],https://www.musinsa.com/products/3873657,49500,2026-09-05,data/korea_popularity/raw/musinsa_perfume_3month_sales_count_20260905.har,160
musinsa,229,판매수량순,3개월,3388720,에따 리브르 도랑쥬,유 오어 썸원 라이크 유 EDP 50ml,https://www.musinsa.com/products/3388720,170000,2026-09-05,data/korea_popularity/raw/musinsa_perfume_3month_sales_count_20260905.har,160
musinsa,230,판매수량순,3개월,3082541,유쏘풀,엠포리아코튼 니치향수,https://www.musinsa.com/products/3082541,63000,2026-09-05,data/korea_popularity/raw/musinsa_perfume_3month_sales_count_20260905.har,160
musinsa,231,판매수량순,3개월,2215324,로이비,오 드 퍼퓸 베르가못 앤 화이트로즈 50ml,https://www.musinsa.com/products/2215324,95200,2026-09-05,data/korea_popularity/raw/musinsa_perfume_3month_sales_count_20260905.har,160
musinsa,232,판매수량순,3개월,6528698,더바디샵,화이트 머스크 오 드 뚜왈렛 60ML (98139),https://www.musinsa.com/products/6528698,49000,2026-09-05,data/korea_popularity/raw/musinsa_perfume_3month_sales_count_20260905.har,160
musinsa,233,판매수량순,3개월,4986131,에스더블유나인틴,SW19 8am 오 드 퍼퓸 12ml,https://www.musinsa.com/products/4986131,39000,2026-09-05,data/korea_popularity/raw/musinsa_perfume_3month_sales_count_20260905.har,160
musinsa,234,판매수량순,3개월,4446879,비비앙,[기프트세트] 핸드크림 2개 듀오세트,https://www.musinsa.com/products/4446879,41900,2026-09-05,data/korea_popularity/raw/musinsa_perfume_3month_sales_count_20260905.har,160
musinsa,235,판매수량순,3개월,3915219,베르사체 퍼퓸,뿌르 옴므 EDT 50ML + 뿌르 옴 미니어처 [선물박스],https://www.musinsa.com/products/3915219,55000,2026-09-05,data/korea_popularity/raw/musinsa_perfume_3month_sales_count_20260905.har,160
musinsa,236,판매수량순,3개월,5195335,돌체앤가바나,라이트 블루 오 드 뚜왈렛 100ml (리뉴얼),https://www.musinsa.com/products/5195335,158400,2026-09-05,data/korea_popularity/raw/musinsa_perfume_3month_sales_count_20260905.har,160
musinsa,237,판매수량순,3개월,4733548,배쓰프로젝트,퍼퓸 스프레이 웜그레이,https://www.musinsa.com/products/4733548,42000,2026-09-05,data/korea_popularity/raw/musinsa_perfume_3month_sales_count_20260905.har,160
musinsa,238,판매수량순,3개월,4375893,포맨트,솔리드 퍼퓸 페블+전용 허그몬 키링 증정,https://www.musinsa.com/products/4375893,30400,2026-09-05,data/korea_popularity/raw/musinsa_perfume_3month_sales_count_20260905.har,160
musinsa,239,판매수량순,3개월,4082216,호텔도슨,미드소마 향수 오드퍼퓸 75ml 새벽공기향 (디스커버리 5종 세트 증정),https://www.musinsa.com/products/4082216,94000,2026-09-05,data/korea_popularity/raw/musinsa_perfume_3month_sales_count_20260905.har,160
musinsa,240,판매수량순,3개월,3897545,베르사체 퍼퓸,맨 오 플래쉬 EDT 50ML + 맨 오 플래쉬 미니어처 [선물박스],https://www.musinsa.com/products/3897545,60760,2026-09-05,data/korea_popularity/raw/musinsa_perfume_3month_sales_count_20260905.har,160
musinsa,241,판매수량순,3개월,3388691,에따 리브르 도랑쥬,유 오어 썸원 라이크 유 EDP 100ml,https://www.musinsa.com/products/3388691,250000,2026-09-05,data/korea_popularity/raw/musinsa_perfume_3month_sales_count_20260905.har,217
musinsa,242,판매수량순,3개월,3319812,엘리자베스아덴,그린티 넥타린 블러썸 EDT 100ml +향수 공병 증정,https://www.musinsa.com/products/3319812,28500,2026-09-05,data/korea_popularity/raw/musinsa_perfume_3month_sales_count_20260905.har,217
musinsa,243,판매수량순,3개월,3164686,아로,라잉 아카시아 50ml,https://www.musinsa.com/products/3164686,65000,2026-09-05,data/korea_popularity/raw/musinsa_perfume_3month_sales_count_20260905.har,217
musinsa,244,판매수량순,3개월,1960887,존바바토스,아티산 블랙 EDT 75ML,https://www.musinsa.com/products/1960887,65400,2026-09-05,data/korea_popularity/raw/musinsa_perfume_3month_sales_count_20260905.har,217
musinsa,245,판매수량순,3개월,1910181,제니퍼로페즈,글로우 바이 제이로 EDT 50ML,https://www.musinsa.com/products/1910181,49200,2026-09-05,data/korea_popularity/raw/musinsa_perfume_3month_sales_count_20260905.har,217
musinsa,246,판매수량순,3개월,6707461,돌체앤가바나,라이트 블루 하이드레이팅 퍼퓸 젤 30ml,https://www.musinsa.com/products/6707461,81900,2026-09-05,data/korea_popularity/raw/musinsa_perfume_3month_sales_count_20260905.har,217
musinsa,247,판매수량순,3개월,6313125,플르부아,오 드 퍼퓸 EDP 모닝소일 30mL,https://www.musinsa.com/products/6313125,30100,2026-09-05,data/korea_popularity/raw/musinsa_perfume_3month_sales_count_20260905.har,217
musinsa,248,판매수량순,3개월,6088369,클린,클래식 스트로베리 필즈 EDP 30ML,https://www.musinsa.com/products/6088369,52000,2026-09-05,data/korea_popularity/raw/musinsa_perfume_3month_sales_count_20260905.har,217
musinsa,249,판매수량순,3개월,4715429,인써티,EDP 남자 니치 향수 멀티퍼퓸 100ml 10종,https://www.musinsa.com/products/4715429,12800,2026-09-05,data/korea_popularity/raw/musinsa_perfume_3month_sales_count_20260905.har,217
musinsa,250,판매수량순,3개월,6679926,바디판타지,바디판타지 X 포차코 바디스프레이 50ml (택1),https://www.musinsa.com/products/6679926,7000,2026-09-05,data/korea_popularity/raw/musinsa_perfume_3month_sales_count_20260905.har,217
musinsa,251,판매수량순,3개월,6223292,호텔도슨,오드퍼퓸 20ml 미드소마,https://www.musinsa.com/products/6223292,38700,2026-09-05,data/korea_popularity/raw/musinsa_perfume_3month_sales_count_20260905.har,217
musinsa,252,판매수량순,3개월,5938489,스침,"넛츠 바닐라 헤어 우유 퍼퓸 50ml [풍부한 자연의 넛츠, 달콤한 바닐라 향]",https://www.musinsa.com/products/5938489,31000,2026-09-05,data/korea_popularity/raw/musinsa_perfume_3month_sales_count_20260905.har,217
musinsa,253,판매수량순,3개월,5938231,스침,"토마케일 헤어 우유 퍼퓸 50ml [달콤하고 신선한 토마토, 푸른 케일 향]",https://www.musinsa.com/products/5938231,31000,2026-09-05,data/korea_popularity/raw/musinsa_perfume_3month_sales_count_20260905.har,217
musinsa,254,판매수량순,3개월,5690982,센티카,시그니처 퍼퓸 50ml,https://www.musinsa.com/products/5690982,74100,2026-09-05,data/korea_popularity/raw/musinsa_perfume_3month_sales_count_20260905.har,217
musinsa,255,판매수량순,3개월,5248421,존바바토스,아티산 포레스트 EDP 125ML,https://www.musinsa.com/products/5248421,118300,2026-09-05,data/korea_popularity/raw/musinsa_perfume_3month_sales_count_20260905.har,217
musinsa,256,판매수량순,3개월,4758034,마인드오버바디,[생화장미향수] 로즈온어플래닛 오드퍼퓸 향수 50ml,https://www.musinsa.com/products/4758034,57000,2026-09-05,data/korea_popularity/raw/musinsa_perfume_3month_sales_count_20260905.har,217
musinsa,257,판매수량순,3개월,3876792,클린,리저브 블렌드 스킨 EDP 50ML,https://www.musinsa.com/products/3876792,62300,2026-09-05,data/korea_popularity/raw/musinsa_perfume_3month_sales_count_20260905.har,217
musinsa,258,판매수량순,3개월,2027870,메종 마르지엘라 퍼퓸,레플리카 스프링타임 인 어 파크 EDT 100ML,https://www.musinsa.com/products/2027870,228000,2026-09-05,data/korea_popularity/raw/musinsa_perfume_3month_sales_count_20260905.har,217
musinsa,259,판매수량순,3개월,1997743,몽블랑 퍼퓸,스타워커 EDT 50ML,https://www.musinsa.com/products/1997743,90000,2026-09-05,data/korea_popularity/raw/musinsa_perfume_3month_sales_count_20260905.har,217
musinsa,260,판매수량순,3개월,1858503,로이비,오 드 퍼퓸 피오니 앤 화이트 머스크 50ml,https://www.musinsa.com/products/1858503,95200,2026-09-05,data/korea_popularity/raw/musinsa_perfume_3month_sales_count_20260905.har,217
musinsa,261,판매수량순,3개월,4299208,킨포크노츠,오 드 퍼퓸 캡틴스 바 - 30ml,https://www.musinsa.com/products/4299208,110000,2026-09-05,data/korea_popularity/raw/musinsa_perfume_3month_sales_count_20260905.har,217
musinsa,262,판매수량순,3개월,1349728,엘리자베스,고체향수 베닝,https://www.musinsa.com/products/1349728,39000,2026-09-05,data/korea_popularity/raw/musinsa_perfume_3month_sales_count_20260905.har,217
musinsa,263,판매수량순,3개월,6363889,비비앙,구름 오 드 퍼퓸 EDP 10ml,https://www.musinsa.com/products/6363889,45900,2026-09-05,data/korea_popularity/raw/musinsa_perfume_3month_sales_count_20260905.har,217
musinsa,264,판매수량순,3개월,5262692,엔트런스,EAU DE PARFUM EXPEDITION SET [2.5ml x 5종],https://www.musinsa.com/products/5262692,28800,2026-09-05,data/korea_popularity/raw/musinsa_perfume_3month_sales_count_20260905.har,217
musinsa,265,판매수량순,3개월,4891924,나르시소 로드리게즈,포 허 오드퍼퓸 퓨어 머스크 100ml,https://www.musinsa.com/products/4891924,161250,2026-09-05,data/korea_popularity/raw/musinsa_perfume_3month_sales_count_20260905.har,217
musinsa,266,판매수량순,3개월,4542417,바디판타지,[파우치 랜덤 증정] 바디판타지 바디미스트 세트,https://www.musinsa.com/products/4542417,13000,2026-09-05,data/korea_popularity/raw/musinsa_perfume_3month_sales_count_20260905.har,217
musinsa,267,판매수량순,3개월,4425060,비비앙,[보이넥스트도어 PICK] 에끌로에 오 드 퍼퓸 EDP 50ml,https://www.musinsa.com/products/4425060,91900,2026-09-05,data/korea_popularity/raw/musinsa_perfume_3month_sales_count_20260905.har,217
musinsa,268,판매수량순,3개월,4389950,데이모어센트,#20 밤쉘 Type (업그레이드) 엑스트레드퍼퓸/니치향수 50ml,https://www.musinsa.com/products/4389950,32900,2026-09-05,data/korea_popularity/raw/musinsa_perfume_3month_sales_count_20260905.har,217
musinsa,269,판매수량순,3개월,6585643,레르드사봉,에어 오아시스 프래그런스 워터 칠 위드 60ml (+이노센트 타임 2ml 2개 증정),https://www.musinsa.com/products/6585643,42000,2026-09-05,data/korea_popularity/raw/musinsa_perfume_3month_sales_count_20260905.har,217
musinsa,270,판매수량순,3개월,6216388,키스,오드뚜왈렛 50ML (5종 택1),https://www.musinsa.com/products/6216388,47500,2026-09-05,data/korea_popularity/raw/musinsa_perfume_3month_sales_count_20260905.har,217
musinsa,271,판매수량순,3개월,6085722,아디다스 향수,바이브 스무스 페이스 EDP (30ML/50ML/100ML),https://www.musinsa.com/products/6085722,22000,2026-09-05,data/korea_popularity/raw/musinsa_perfume_3month_sales_count_20260905.har,217
musinsa,272,판매수량순,3개월,5084571,어나더 오피스,A/O. Multi Fragrance (TIDE),https://www.musinsa.com/products/5084571,28800,2026-09-05,data/korea_popularity/raw/musinsa_perfume_3month_sales_count_20260905.har,217
musinsa,273,판매수량순,3개월,4733531,배쓰프로젝트,퍼퓸 스프레이 오키드허쉬,https://www.musinsa.com/products/4733531,42000,2026-09-05,data/korea_popularity/raw/musinsa_perfume_3month_sales_count_20260905.har,217
musinsa,274,판매수량순,3개월,4572574,시머스,상탈 팬텀 EDP 50ml,https://www.musinsa.com/products/4572574,89700,2026-09-05,data/korea_popularity/raw/musinsa_perfume_3month_sales_count_20260905.har,217
musinsa,275,판매수량순,3개월,4090155,이세이미야케 퍼퓸,로디세이 뿌르 옴므 EDT 125ml,https://www.musinsa.com/products/4090155,110160,2026-09-05,data/korea_popularity/raw/musinsa_perfume_3month_sales_count_20260905.har,217
musinsa,276,판매수량순,3개월,2004440,랑방 퍼퓸,에끌라 드 아르페쥬 EDP 100ML(+샘플 2ML 3종),https://www.musinsa.com/products/2004440,142000,2026-09-05,data/korea_popularity/raw/musinsa_perfume_3month_sales_count_20260905.har,217
musinsa,277,판매수량순,3개월,6880773,질스튜어트 뷰티,"[LIMITED] 크리스탈 블룸 썸씽 퓨어 블루 오 드 퍼퓸 30ml + 롤 온 10ml 26,000원 상당",https://www.musinsa.com/products/6880773,60680,2026-09-05,data/korea_popularity/raw/musinsa_perfume_3month_sales_count_20260905.har,217
musinsa,278,판매수량순,3개월,5956384,엑스니힐로,러스트 인 파라다이스 오드퍼퓸 10ml,https://www.musinsa.com/products/5956384,95000,2026-09-05,data/korea_popularity/raw/musinsa_perfume_3month_sales_count_20260905.har,217
musinsa,279,판매수량순,3개월,5655826,마인드브릿지,[향 선택 가능] 오드 퍼퓸 - 3 Type,https://www.musinsa.com/products/5655826,35900,2026-09-05,data/korea_popularity/raw/musinsa_perfume_3month_sales_count_20260905.har,217
musinsa,280,판매수량순,3개월,4672988,루아페,위키드 퍼퓸 캔들 기획세트 (2종 택1),https://www.musinsa.com/products/4672988,25000,2026-09-05,data/korea_popularity/raw/musinsa_perfume_3month_sales_count_20260905.har,217
musinsa,281,판매수량순,3개월,4090144,이세이미야케 퍼퓸,로디세이 뿌르 옴므 EDT 75ml,https://www.musinsa.com/products/4090144,79920,2026-09-05,data/korea_popularity/raw/musinsa_perfume_3month_sales_count_20260905.har,217
musinsa,282,판매수량순,3개월,3385912,에따 리브르 도랑쥬,헤르만 EDP 30ml,https://www.musinsa.com/products/3385912,110000,2026-09-05,data/korea_popularity/raw/musinsa_perfume_3month_sales_count_20260905.har,217
musinsa,283,판매수량순,3개월,5250703,이세이미야케 퍼퓸,르셀디세이 오 드 퍼퓸 50ml,https://www.musinsa.com/products/5250703,86400,2026-09-05,data/korea_popularity/raw/musinsa_perfume_3month_sales_count_20260905.har,217
musinsa,284,판매수량순,3개월,3354261,베르사체 퍼퓸,브라이트 크리스탈 EDT 90ml,https://www.musinsa.com/products/3354261,95500,2026-09-05,data/korea_popularity/raw/musinsa_perfume_3month_sales_count_20260905.har,217
musinsa,285,판매수량순,3개월,3354150,베르사체 퍼퓸,레드진 EDT 75ml,https://www.musinsa.com/products/3354150,39300,2026-09-05,data/korea_popularity/raw/musinsa_perfume_3month_sales_count_20260905.har,217
musinsa,286,판매수량순,3개월,6454564,다비도프,쿨워터맨 EDT 세트 (EDT125+SG75+ASB75),https://www.musinsa.com/products/6454564,106000,2026-09-05,data/korea_popularity/raw/musinsa_perfume_3month_sales_count_20260905.har,217
musinsa,287,판매수량순,3개월,6405530,메종 마르지엘라 퍼퓸,레플리카 체이싱 선셋 EDT 30ML,https://www.musinsa.com/products/6405530,122550,2026-09-05,data/korea_popularity/raw/musinsa_perfume_3month_sales_count_20260905.har,217
musinsa,288,판매수량순,3개월,6292098,골드필드 앤 뱅크스,보헤미안 라임 10ml,https://www.musinsa.com/products/6292098,54000,2026-09-05,data/korea_popularity/raw/musinsa_perfume_3month_sales_count_20260905.har,217
musinsa,289,판매수량순,3개월,5575069,아리아나 그란데,땡큐 넥스트 2.0 EDP 30ML,https://www.musinsa.com/products/5575069,52500,2026-09-05,data/korea_popularity/raw/musinsa_perfume_3month_sales_count_20260905.har,217
musinsa,290,판매수량순,3개월,5142630,로이비,오 드 퍼퓸 베르가못 앤 화이트로즈 18ml,https://www.musinsa.com/products/5142630,39200,2026-09-05,data/korea_popularity/raw/musinsa_perfume_3month_sales_count_20260905.har,217
musinsa,291,판매수량순,3개월,4866490,에스더블유나인틴,SW19 8am 오 드 퍼퓸 50ml,https://www.musinsa.com/products/4866490,119000,2026-09-05,data/korea_popularity/raw/musinsa_perfume_3month_sales_count_20260905.har,217
musinsa,292,판매수량순,3개월,2530208,랑방 퍼퓸,레 플레르 드 랑방 써니 매그놀리아 EDT 50ML,https://www.musinsa.com/products/2530208,66000,2026-09-05,data/korea_popularity/raw/musinsa_perfume_3month_sales_count_20260905.har,217
musinsa,293,판매수량순,3개월,1937365,클린,클래식 쿨 코튼 EDP 60ML,https://www.musinsa.com/products/1937365,84000,2026-09-05,data/korea_popularity/raw/musinsa_perfume_3month_sales_count_20260905.har,217
musinsa,294,판매수량순,3개월,1910154,아리아나 그란데,스위트 라이크 캔디 EDP 30ML,https://www.musinsa.com/products/1910154,52500,2026-09-05,data/korea_popularity/raw/musinsa_perfume_3month_sales_count_20260905.har,217
musinsa,295,판매수량순,3개월,5991071,메종 마르지엘라 퍼퓸,레플리카 업 앳 던 EDT 100ML,https://www.musinsa.com/products/5991071,228000,2026-09-05,data/korea_popularity/raw/musinsa_perfume_3month_sales_count_20260905.har,217
musinsa,296,판매수량순,3개월,5352161,멈칫,[SET] 스테이퍼퓸 기획세트 (향수 본품 80ml+핸드크림30ml),https://www.musinsa.com/products/5352161,20900,2026-09-05,data/korea_popularity/raw/musinsa_perfume_3month_sales_count_20260905.har,217
musinsa,297,판매수량순,3개월,5240778,센녹,퍼퓸 슬리핑로즈 50ml,https://www.musinsa.com/products/5240778,82000,2026-09-05,data/korea_popularity/raw/musinsa_perfume_3month_sales_count_20260905.har,217
musinsa,298,판매수량순,3개월,5082299,언라이프,데오 드 콘크리트 퍼퓸 스프레이,https://www.musinsa.com/products/5082299,18000,2026-09-05,data/korea_popularity/raw/musinsa_perfume_3month_sales_count_20260905.har,217
musinsa,299,판매수량순,3개월,4733598,배쓰프로젝트,퍼퓸 스프레이 단델리온,https://www.musinsa.com/products/4733598,42000,2026-09-05,data/korea_popularity/raw/musinsa_perfume_3month_sales_count_20260905.har,217
musinsa,300,판매수량순,3개월,6528625,더바디샵,화이트 머스크 오 드 퍼퓸 30ML (98110),https://www.musinsa.com/products/6528625,49000,2026-09-05,data/korea_popularity/raw/musinsa_perfume_3month_sales_count_20260905.har,217
musinsa,301,판매수량순,3개월,6168157,헤트라스 뷰티,핸드메이드 퍼퓸 50ml 더 리본,https://www.musinsa.com/products/6168157,64000,2026-09-05,data/korea_popularity/raw/musinsa_perfume_3month_sales_count_20260905.har,280
musinsa,302,판매수량순,3개월,5749486,닉켈하우스,퓨어 젭퍼 오드퍼퓸 50ML,https://www.musinsa.com/products/5749486,54500,2026-09-05,data/korea_popularity/raw/musinsa_perfume_3month_sales_count_20260905.har,280
musinsa,303,판매수량순,3개월,4484684,라퐁프,블랑쉬 30ml 향수,https://www.musinsa.com/products/4484684,19900,2026-09-05,data/korea_popularity/raw/musinsa_perfume_3month_sales_count_20260905.har,280
musinsa,304,판매수량순,3개월,3873817,베르사체 퍼퓸,에로스 EDT 50ML + 에로스 미니어처 [선물박스],https://www.musinsa.com/products/3873817,63840,2026-09-05,data/korea_popularity/raw/musinsa_perfume_3month_sales_count_20260905.har,280
musinsa,305,판매수량순,3개월,5877525,나르시소 로드리게즈,퓨어 머스크 블랑 포 허 오 드 퍼퓸 인텐스 30ml,https://www.musinsa.com/products/5877525,108000,2026-09-05,data/korea_popularity/raw/musinsa_perfume_3month_sales_count_20260905.har,280
musinsa,306,판매수량순,3개월,5195364,돌체앤가바나,라이트 블루 뿌르 옴므 오 드 뚜왈렛 10ml (리뉴얼),https://www.musinsa.com/products/5195364,36900,2026-09-05,data/korea_popularity/raw/musinsa_perfume_3month_sales_count_20260905.har,280
musinsa,307,판매수량순,3개월,4897432,든향,"오 드 퍼퓸 EDP, 파자마 Pajama 15ML",https://www.musinsa.com/products/4897432,57000,2026-09-05,data/korea_popularity/raw/musinsa_perfume_3month_sales_count_20260905.har,280
musinsa,308,판매수량순,3개월,4488841,라퐁프,블랙베리앤베이 30ml 향수,https://www.musinsa.com/products/4488841,19900,2026-09-05,data/korea_popularity/raw/musinsa_perfume_3month_sales_count_20260905.har,280
musinsa,309,판매수량순,3개월,4298459,킨포크노츠,오 드 퍼퓸 가든 샤워 - 30ml,https://www.musinsa.com/products/4298459,110000,2026-09-05,data/korea_popularity/raw/musinsa_perfume_3month_sales_count_20260905.har,280
musinsa,310,판매수량순,3개월,4285771,엘리자베스아덴,화이트티 EDP 100ml,https://www.musinsa.com/products/4285771,60500,2026-09-05,data/korea_popularity/raw/musinsa_perfume_3month_sales_count_20260905.har,280
musinsa,311,판매수량순,3개월,4259784,포플리,오드뚜왈렛 30ml (향9종),https://www.musinsa.com/products/4259784,47000,2026-09-05,data/korea_popularity/raw/musinsa_perfume_3month_sales_count_20260905.har,280
musinsa,312,판매수량순,3개월,3082545,유쏘풀,히페리온 니치향수,https://www.musinsa.com/products/3082545,63000,2026-09-05,data/korea_popularity/raw/musinsa_perfume_3month_sales_count_20260905.har,280
musinsa,313,판매수량순,3개월,2027865,메종 마르지엘라 퍼퓸,레플리카 바이 더 파이어플레이스 EDT 30ML,https://www.musinsa.com/products/2027865,122550,2026-09-05,data/korea_popularity/raw/musinsa_perfume_3month_sales_count_20260905.har,280
musinsa,314,판매수량순,3개월,2004519,랑방 퍼퓸,모던 프린세스 EDP 90ML(+샘플 2ML 3종),https://www.musinsa.com/products/2004519,140000,2026-09-05,data/korea_popularity/raw/musinsa_perfume_3month_sales_count_20260905.har,280
musinsa,315,판매수량순,3개월,6807386,라피네르,[키링굿즈증정/선물포장] 키링 퍼퓸 10ml 메탈 튤립,https://www.musinsa.com/products/6807386,24000,2026-09-05,data/korea_popularity/raw/musinsa_perfume_3month_sales_count_20260905.har,280
musinsa,316,판매수량순,3개월,6321288,어레이드 오드 퍼퓸,오드 퍼퓸 오크모스 머스크 50ml,https://www.musinsa.com/products/6321288,48900,2026-09-05,data/korea_popularity/raw/musinsa_perfume_3month_sales_count_20260905.har,280
musinsa,317,판매수량순,3개월,5138616,로이비,오 드 퍼퓸 피오니 앤 화이트 머스크 18ml,https://www.musinsa.com/products/5138616,39200,2026-09-05,data/korea_popularity/raw/musinsa_perfume_3month_sales_count_20260905.har,280
musinsa,318,판매수량순,3개월,4918288,사브리나 카펜터,체리베이비 EDP 30ML,https://www.musinsa.com/products/4918288,48000,2026-09-05,data/korea_popularity/raw/musinsa_perfume_3month_sales_count_20260905.har,280
musinsa,319,판매수량순,3개월,4918110,사브리나 카펜터,스위트투스 EDP 30ML,https://www.musinsa.com/products/4918110,48000,2026-09-05,data/korea_popularity/raw/musinsa_perfume_3month_sales_count_20260905.har,280
musinsa,320,판매수량순,3개월,3836483,클린,리저브 블렌드 레인 EDP 10ML,https://www.musinsa.com/products/3836483,22400,2026-09-05,data/korea_popularity/raw/musinsa_perfume_3month_sales_count_20260905.har,280
musinsa,321,판매수량순,3개월,3356584,겐조 퍼퓸,겐조 옴므 EDT 40ml,https://www.musinsa.com/products/3356584,49900,2026-09-05,data/korea_popularity/raw/musinsa_perfume_3month_sales_count_20260905.har,280
musinsa,322,판매수량순,3개월,3332965,리베르,[코튼 향수] 오 드 퍼퓸 30ml 스팀 글로스 Steam Gloss,https://www.musinsa.com/products/3332965,57000,2026-09-05,data/korea_popularity/raw/musinsa_perfume_3month_sales_count_20260905.har,280
musinsa,323,판매수량순,3개월,2597654,클린,클래식 소프트 런드리 EDP 30ML,https://www.musinsa.com/products/2597654,52000,2026-09-05,data/korea_popularity/raw/musinsa_perfume_3month_sales_count_20260905.har,280
musinsa,324,판매수량순,3개월,2005122,지미추 퍼퓸,블러썸 EDP 40ML,https://www.musinsa.com/products/2005122,88000,2026-09-05,data/korea_popularity/raw/musinsa_perfume_3month_sales_count_20260905.har,280
musinsa,325,판매수량순,3개월,6652936,도르세,EDP/EDT 10ml 4종 택2,https://www.musinsa.com/products/6652936,102200,2026-09-05,data/korea_popularity/raw/musinsa_perfume_3month_sales_count_20260905.har,280
musinsa,326,판매수량순,3개월,6424895,캘빈클라인 퍼퓸,씨케이원 나이트 에센스 퍼퓸 인텐스 50ML,https://www.musinsa.com/products/6424895,79000,2026-09-05,data/korea_popularity/raw/musinsa_perfume_3month_sales_count_20260905.har,280
musinsa,327,판매수량순,3개월,5135513,메모파리,오 드 퍼퓸 30ml 16종,https://www.musinsa.com/products/5135513,209000,2026-09-05,data/korea_popularity/raw/musinsa_perfume_3month_sales_count_20260905.har,280
musinsa,328,판매수량순,3개월,5008109,비비앙,[리우 PICK] 도쿄레이 오 드 퍼퓸 EDP 50ml,https://www.musinsa.com/products/5008109,91900,2026-09-05,data/korea_popularity/raw/musinsa_perfume_3month_sales_count_20260905.har,280
musinsa,329,판매수량순,3개월,4230146,로그인 포레스트,더 딥 퍼퓸 스틱 피그 우디끄,https://www.musinsa.com/products/4230146,16500,2026-09-05,data/korea_popularity/raw/musinsa_perfume_3month_sales_count_20260905.har,280
musinsa,330,판매수량순,3개월,3348915,러쉬,더티 30ml - 퍼퓸/향수,https://www.musinsa.com/products/3348915,70000,2026-09-05,data/korea_popularity/raw/musinsa_perfume_3month_sales_count_20260905.har,280
musinsa,331,판매수량순,3개월,2657715,이스뜨와 드 퍼퓸,디스이즈낫어블루보틀 1.2 60ml,https://www.musinsa.com/products/2657715,229000,2026-09-05,data/korea_popularity/raw/musinsa_perfume_3month_sales_count_20260905.har,280
musinsa,332,판매수량순,3개월,5240738,센녹,퍼퓸 린넨시트러스 50ml,https://www.musinsa.com/products/5240738,76000,2026-09-05,data/korea_popularity/raw/musinsa_perfume_3month_sales_count_20260905.har,280
musinsa,333,판매수량순,3개월,5165774,디아르망,여자가 좋아하는 남자 니치향수 블루마틴,https://www.musinsa.com/products/5165774,59800,2026-09-05,data/korea_popularity/raw/musinsa_perfume_3month_sales_count_20260905.har,280
musinsa,334,판매수량순,3개월,4047678,엘리자베스아덴,그린티 코코넛브리즈 EDT 100ml,https://www.musinsa.com/products/4047678,28500,2026-09-05,data/korea_popularity/raw/musinsa_perfume_3month_sales_count_20260905.har,280
musinsa,335,판매수량순,3개월,3356158,베르사체 퍼퓸,뿌르옴므 딜런블루 EDT 100ml,https://www.musinsa.com/products/3356158,86800,2026-09-05,data/korea_popularity/raw/musinsa_perfume_3month_sales_count_20260905.har,280
musinsa,336,판매수량순,3개월,2428555,그라펜,타투 퍼퓸 원우드 롤온 11ml,https://www.musinsa.com/products/2428555,13500,2026-09-05,data/korea_popularity/raw/musinsa_perfume_3month_sales_count_20260905.har,280
musinsa,337,판매수량순,3개월,6807438,라피네르,노드아이 오리진 퍼퓸 50ML 메탈 튤립,https://www.musinsa.com/products/6807438,56000,2026-09-05,data/korea_popularity/raw/musinsa_perfume_3month_sales_count_20260905.har,280
musinsa,338,판매수량순,3개월,6515598,아디다스 향수,아디다스 바이브 스무스 페이스 EDP 100ML,https://www.musinsa.com/products/6515598,40000,2026-09-05,data/korea_popularity/raw/musinsa_perfume_3month_sales_count_20260905.har,280
musinsa,339,판매수량순,3개월,6330333,아닐로,엠버528 오 드 퍼퓸 50ml,https://www.musinsa.com/products/6330333,61200,2026-09-05,data/korea_popularity/raw/musinsa_perfume_3month_sales_count_20260905.har,280
musinsa,340,판매수량순,3개월,5043057,로이비,퍼퓸드 미스트 베르가못 앤 화이트 로즈 120ml,https://www.musinsa.com/products/5043057,21250,2026-09-05,data/korea_popularity/raw/musinsa_perfume_3month_sales_count_20260905.har,280
musinsa,341,판매수량순,3개월,4484680,라퐁프,모하비고스트 30ml 향수,https://www.musinsa.com/products/4484680,19900,2026-09-05,data/korea_popularity/raw/musinsa_perfume_3month_sales_count_20260905.har,280
musinsa,342,판매수량순,3개월,4162194,누다라,시그니처 퍼퓸 틴타슈 30ML,https://www.musinsa.com/products/4162194,52000,2026-09-05,data/korea_popularity/raw/musinsa_perfume_3month_sales_count_20260905.har,280
musinsa,343,판매수량순,3개월,4090607,나르시소 로드리게즈,포 힘 블루 느와르 EDT 100ml,https://www.musinsa.com/products/4090607,106500,2026-09-05,data/korea_popularity/raw/musinsa_perfume_3month_sales_count_20260905.har,280
musinsa,344,판매수량순,3개월,3356566,겐조 퍼퓸,로 겐조 뿌르옴므 EDT 30ml,https://www.musinsa.com/products/3356566,41200,2026-09-05,data/korea_popularity/raw/musinsa_perfume_3month_sales_count_20260905.har,280
musinsa,345,판매수량순,3개월,3164712,아로,풀 문 블로썸 50ml,https://www.musinsa.com/products/3164712,65000,2026-09-05,data/korea_popularity/raw/musinsa_perfume_3month_sales_count_20260905.har,280
musinsa,346,판매수량순,3개월,6363900,티블레스,엑스트레 드 퍼퓸 30ml (3종 중 선택1)+틴케이스 증정,https://www.musinsa.com/products/6363900,43900,2026-09-05,data/korea_popularity/raw/musinsa_perfume_3month_sales_count_20260905.har,280
musinsa,347,판매수량순,3개월,6146007,캘빈클라인 퍼퓸,씨케이원 에센스 퍼퓸 인텐스100ml,https://www.musinsa.com/products/6146007,102000,2026-09-05,data/korea_popularity/raw/musinsa_perfume_3month_sales_count_20260905.har,280
musinsa,348,판매수량순,3개월,6083354,몽블랑 퍼퓸,익스플로러 익스트림 퍼퓸 60ML,https://www.musinsa.com/products/6083354,127000,2026-09-05,data/korea_popularity/raw/musinsa_perfume_3month_sales_count_20260905.har,280
musinsa,349,판매수량순,3개월,3349076,러쉬,더티 100ml - 퍼퓸/향수,https://www.musinsa.com/products/3349076,130000,2026-09-05,data/korea_popularity/raw/musinsa_perfume_3month_sales_count_20260905.har,280
musinsa,350,판매수량순,3개월,3327624,메르디센트,퍼퓸 스프레이 기프트세트 900ml,https://www.musinsa.com/products/3327624,89000,2026-09-05,data/korea_popularity/raw/musinsa_perfume_3month_sales_count_20260905.har,280
oliveyoung,1,판매순,기간 미확인,A000000223723,어노브,어노브 오드퍼퓸 25ml 5종 택1,https://www.oliveyoung.co.kr/store/goods/getGoodsDetail.do?goodsNo=A000000223723&dispCatNo=100000100050013&trackingCd=Cat100000100050013_Small&t_page=카테고리관&t_click=향수_전체__상품상세&t_number=1,"20,740원 ~",2026-09-05,data/korea_popularity/raw/oliveyoung_perfume_sales_20260905.har,0
oliveyoung,2,판매순,기간 미확인,A000000218424,포맨트,[올영1위/박지훈 포카증정] 포맨트 시그니처 퍼퓸 50ml 단품/기획 3종,https://www.oliveyoung.co.kr/store/goods/getGoodsDetail.do?goodsNo=A000000218424&dispCatNo=100000100050013&trackingCd=Cat100000100050013_Small&t_page=카테고리관&t_click=향수_전체__상품상세&t_number=2,"35,100원 ~",2026-09-05,data/korea_popularity/raw/oliveyoung_perfume_sales_20260905.har,0
oliveyoung,3,판매순,기간 미확인,A000000221675,포맨트,[스테디셀러 특가/올영1위/박지훈 포카증정] 포맨트 시그니처 퍼퓸 코튼허그 50ml,https://www.oliveyoung.co.kr/store/goods/getGoodsDetail.do?goodsNo=A000000221675&dispCatNo=100000100050013&trackingCd=Cat100000100050013_Small&t_page=카테고리관&t_click=향수_전체__상품상세&t_number=3,"35,100원 ~",2026-09-05,data/korea_popularity/raw/oliveyoung_perfume_sales_20260905.har,0
oliveyoung,4,판매순,기간 미확인,A000000202395,아뜰리에페이,[NEW/기획] 아뜰리에페이 퍼퓸 중 택 1,https://www.oliveyoung.co.kr/store/goods/getGoodsDetail.do?goodsNo=A000000202395&dispCatNo=100000100050013&trackingCd=Cat100000100050013_Small&t_page=카테고리관&t_click=향수_전체__상품상세&t_number=4,"32,400원 ~",2026-09-05,data/korea_popularity/raw/oliveyoung_perfume_sales_20260905.har,0
oliveyoung,5,판매순,기간 미확인,A000000262834,루아페,[이현PICK/NEW] 루아페 헤어앤바디 퍼퓸 미스트 100ml 2종 택 1,https://www.oliveyoung.co.kr/store/goods/getGoodsDetail.do?goodsNo=A000000262834&dispCatNo=100000100050013&trackingCd=Cat100000100050013_Small&t_page=카테고리관&t_click=향수_전체__상품상세&t_number=5,"17,960원 ~",2026-09-05,data/korea_popularity/raw/oliveyoung_perfume_sales_20260905.har,0
oliveyoung,6,판매순,기간 미확인,A000000231328,애프터블로우,[원필PICK] 애프터블로우 오 드 퍼퓸 15종 택1,https://www.oliveyoung.co.kr/store/goods/getGoodsDetail.do?goodsNo=A000000231328&dispCatNo=100000100050013&trackingCd=Cat100000100050013_Small&t_page=카테고리관&t_click=향수_전체__상품상세&t_number=6,"31,760원 ~",2026-09-05,data/korea_popularity/raw/oliveyoung_perfume_sales_20260905.har,0
oliveyoung,7,판매순,기간 미확인,A000000204767,센녹,[리뷰 이벤트]센녹 퍼퓸 10ml/30ml/50ml 기획,https://www.oliveyoung.co.kr/store/goods/getGoodsDetail.do?goodsNo=A000000204767&dispCatNo=100000100050013&trackingCd=Cat100000100050013_Small&t_page=카테고리관&t_click=향수_전체__상품상세&t_number=7,"27,550원 ~",2026-09-05,data/korea_popularity/raw/oliveyoung_perfume_sales_20260905.har,0
oliveyoung,8,판매순,기간 미확인,A000000254558,벨벳바니,벨벳바니 스킨퍼퓸 80ml 5종,https://www.oliveyoung.co.kr/store/goods/getGoodsDetail.do?goodsNo=A000000254558&dispCatNo=100000100050013&trackingCd=Cat100000100050013_Small&t_page=카테고리관&t_click=향수_전체__상품상세&t_number=8,"25,900원 ~",2026-09-05,data/korea_popularity/raw/oliveyoung_perfume_sales_20260905.har,0
oliveyoung,9,판매순,기간 미확인,A000000176516,랑방,랑방 에끌라 드 아르페쥬 EDP 30ml/50ml (단품/기획),https://www.oliveyoung.co.kr/store/goods/getGoodsDetail.do?goodsNo=A000000176516&dispCatNo=100000100050013&trackingCd=Cat100000100050013_Small&t_page=카테고리관&t_click=향수_전체__상품상세&t_number=9,"48,830원 ~",2026-09-05,data/korea_popularity/raw/oliveyoung_perfume_sales_20260905.har,0
oliveyoung,10,판매순,기간 미확인,A000000247997,에틀리에,[엔믹스PICK] 에틀리에 오 드 퍼퓸 30ml/10ml 14종,https://www.oliveyoung.co.kr/store/goods/getGoodsDetail.do?goodsNo=A000000247997&dispCatNo=100000100050013&trackingCd=Cat100000100050013_Small&t_page=카테고리관&t_click=향수_전체__상품상세&t_number=10,"15,940원 ~",2026-09-05,data/korea_popularity/raw/oliveyoung_perfume_sales_20260905.har,0
oliveyoung,11,판매순,기간 미확인,A000000189934,롱테이크,[단독기획/단품] 롱테이크 오드퍼퓸 20ML + 헤어오일 15ML(샌달우드/블랙티앤피그/로즈리메인즈/바질),https://www.oliveyoung.co.kr/store/goods/getGoodsDetail.do?goodsNo=A000000189934&dispCatNo=100000100050013&trackingCd=Cat100000100050013_Small&t_page=카테고리관&t_click=향수_전체__상품상세&t_number=11,"39,900원 ~",2026-09-05,data/korea_popularity/raw/oliveyoung_perfume_sales_20260905.har,0
oliveyoung,12,판매순,기간 미확인,A000000237852,애프터블로우,[원필PICK] 애프터블로우 솔리드/오 드 퍼퓸 20종 택1 (단품/기획),https://www.oliveyoung.co.kr/store/goods/getGoodsDetail.do?goodsNo=A000000237852&dispCatNo=100000100050013&trackingCd=Cat100000100050013_Small&t_page=카테고리관&t_click=향수_전체__상품상세&t_number=12,"31,760원 ~",2026-09-05,data/korea_popularity/raw/oliveyoung_perfume_sales_20260905.har,0
oliveyoung,13,판매순,기간 미확인,A000000214485,캘빈클라인,[신상향기출시] 캘빈클라인 CK One/Be/에센스인텐스/나이트에센스,https://www.oliveyoung.co.kr/store/goods/getGoodsDetail.do?goodsNo=A000000214485&dispCatNo=100000100050013&trackingCd=Cat100000100050013_Small&t_page=카테고리관&t_click=향수_전체__상품상세&t_number=13,"44,440원 ~",2026-09-05,data/korea_popularity/raw/oliveyoung_perfume_sales_20260905.har,0
oliveyoung,14,판매순,기간 미확인,A000000200391,제니퍼로페즈,[단독기획] 제니퍼로페즈 글로우 바이제이로 EDT 100ml 기획(+프로미스 바디로션),https://www.oliveyoung.co.kr/store/goods/getGoodsDetail.do?goodsNo=A000000200391&dispCatNo=100000100050013&trackingCd=Cat100000100050013_Small&t_page=카테고리관&t_click=향수_전체__상품상세&t_number=14,"31,160원 ~",2026-09-05,data/korea_popularity/raw/oliveyoung_perfume_sales_20260905.har,0
oliveyoung,15,판매순,기간 미확인,A000000267382,아뜰리에페이,[NEW] 아뜰리에페이 퍼퓸 30ml / 헤어퍼퓸 30ml 중 택 1,https://www.oliveyoung.co.kr/store/goods/getGoodsDetail.do?goodsNo=A000000267382&dispCatNo=100000100050013&trackingCd=Cat100000100050013_Small&t_page=카테고리관&t_click=향수_전체__상품상세&t_number=15,"30,600원 ~",2026-09-05,data/korea_popularity/raw/oliveyoung_perfume_sales_20260905.har,0
oliveyoung,16,판매순,기간 미확인,A000000176260,헉슬리,[기획/1등퍼퓸] 헉슬리 퍼퓸 / 헤어퍼퓸 택 1,https://www.oliveyoung.co.kr/store/goods/getGoodsDetail.do?goodsNo=A000000176260&dispCatNo=100000100050013&trackingCd=Cat100000100050013_Small&t_page=카테고리관&t_click=향수_전체__상품상세&t_number=16,"36,480원 ~",2026-09-05,data/korea_popularity/raw/oliveyoung_perfume_sales_20260905.har,0
oliveyoung,17,판매순,기간 미확인,A000000192645,나르시소 로드리게즈,[타잔 Pick]나르시소 로드리게즈 포 허 퓨어 머스크 EDP (30ml/50ml/100ml/기획),https://www.oliveyoung.co.kr/store/goods/getGoodsDetail.do?goodsNo=A000000192645&dispCatNo=100000100050013&trackingCd=Cat100000100050013_Small&t_page=카테고리관&t_click=향수_전체__상품상세&t_number=17,"63,480원 ~",2026-09-05,data/korea_popularity/raw/oliveyoung_perfume_sales_20260905.har,0
oliveyoung,18,판매순,기간 미확인,A000000208713,에이딕트,[에탄올FREE]에이딕트 오 드 퍼퓸 50ml 6종 택 1,https://www.oliveyoung.co.kr/store/goods/getGoodsDetail.do?goodsNo=A000000208713&dispCatNo=100000100050013&trackingCd=Cat100000100050013_Small&t_page=카테고리관&t_click=향수_전체__상품상세&t_number=18,"36,960원 ~",2026-09-05,data/korea_popularity/raw/oliveyoung_perfume_sales_20260905.har,0
oliveyoung,19,판매순,기간 미확인,A000000256121,센녹,[NEW/런칭 이벤트] 센녹 퍼퓸 30ml 데일리 사이즈 5종,https://www.oliveyoung.co.kr/store/goods/getGoodsDetail.do?goodsNo=A000000256121&dispCatNo=100000100050013&trackingCd=Cat100000100050013_Small&t_page=카테고리관&t_click=향수_전체__상품상세&t_number=19,"45,990원 ~",2026-09-05,data/korea_popularity/raw/oliveyoung_perfume_sales_20260905.har,0
oliveyoung,20,판매순,기간 미확인,A000000221676,포맨트,[박지훈 포카증정] 포맨트 시그니처 퍼퓸 코튼메모리 50ml 단품/기획,https://www.oliveyoung.co.kr/store/goods/getGoodsDetail.do?goodsNo=A000000221676&dispCatNo=100000100050013&trackingCd=Cat100000100050013_Small&t_page=카테고리관&t_click=향수_전체__상품상세&t_number=20,"45,570원 ~",2026-09-05,data/korea_popularity/raw/oliveyoung_perfume_sales_20260905.har,0
oliveyoung,21,판매순,기간 미확인,A000000241764,캘빈클라인,[NEW] CK 캘빈클라인 헤어&바디 퍼퓸 미스트 100ml/236ml 6종,https://www.oliveyoung.co.kr/store/goods/getGoodsDetail.do?goodsNo=A000000241764&dispCatNo=100000100050013&trackingCd=Cat100000100050013_Small&t_page=카테고리관&t_click=향수_전체__상품상세&t_number=21,"23,280원 ~",2026-09-05,data/korea_popularity/raw/oliveyoung_perfume_sales_20260905.har,0
oliveyoung,22,판매순,기간 미확인,A000000191214,그라펜,[1등향수]그라펜 타투 퍼퓸 50ml 6종 택1 (원우드/코튼헤이즈/레몬/니스빌/클로버/레더),https://www.oliveyoung.co.kr/store/goods/getGoodsDetail.do?goodsNo=A000000191214&dispCatNo=100000100050013&trackingCd=Cat100000100050013_Small&t_page=카테고리관&t_click=향수_전체__상품상세&t_number=22,"35,820원 ~",2026-09-05,data/korea_popularity/raw/oliveyoung_perfume_sales_20260905.har,0
oliveyoung,23,판매순,기간 미확인,A000000237353,포맨트,[박지훈 포카증정] 포맨트 시그니처 퍼퓸 코튼베이비 50ml 기획/단품,https://www.oliveyoung.co.kr/store/goods/getGoodsDetail.do?goodsNo=A000000237353&dispCatNo=100000100050013&trackingCd=Cat100000100050013_Small&t_page=카테고리관&t_click=향수_전체__상품상세&t_number=23,"45,570원 ~",2026-09-05,data/korea_popularity/raw/oliveyoung_perfume_sales_20260905.har,0
oliveyoung,24,판매순,기간 미확인,A000000263474,애프터블로우,[리뷰이벤트]애프터블로우 헤어 퍼퓸 미스트 80ml 2종 택 1,https://www.oliveyoung.co.kr/store/goods/getGoodsDetail.do?goodsNo=A000000263474&dispCatNo=100000100050013&trackingCd=Cat100000100050013_Small&t_page=카테고리관&t_click=향수_전체__상품상세&t_number=24,"15,120원 ~",2026-09-05,data/korea_popularity/raw/oliveyoung_perfume_sales_20260905.har,0
oliveyoung,25,판매순,기간 미확인,A000000189088,몽블랑,몽블랑 익스플로러 EDP (30ml/60ml/100ml),https://www.oliveyoung.co.kr/store/goods/getGoodsDetail.do?goodsNo=A000000189088&dispCatNo=100000100050013&trackingCd=Cat100000100050013_Small&t_page=카테고리관&t_click=향수_전체__상품상세&t_number=25,"51,620원 ~",2026-09-05,data/korea_popularity/raw/oliveyoung_perfume_sales_20260905.har,0
oliveyoung,26,판매순,기간 미확인,A000000199659,로이비,로이비 오드퍼퓸 롤온 7.5ml,https://www.oliveyoung.co.kr/store/goods/getGoodsDetail.do?goodsNo=A000000199659&dispCatNo=100000100050013&trackingCd=Cat100000100050013_Small&t_page=카테고리관&t_click=향수_전체__상품상세&t_number=26,"19,000원 ~",2026-09-05,data/korea_popularity/raw/oliveyoung_perfume_sales_20260905.har,0
oliveyoung,27,판매순,기간 미확인,A000000193114,클린,[단독기획] 클린 웜코튼 EDP 30ml (+10ml 롤러볼),https://www.oliveyoung.co.kr/store/goods/getGoodsDetail.do?goodsNo=A000000193114&dispCatNo=100000100050013&trackingCd=Cat100000100050013_Small&t_page=카테고리관&t_click=향수_전체__상품상세&t_number=27,"37,910원 ~",2026-09-05,data/korea_popularity/raw/oliveyoung_perfume_sales_20260905.har,0
oliveyoung,28,판매순,기간 미확인,A000000245464,투크,[OY 단독 기획] 투크 실루엣 헤어 퍼퓸 68ml 3종 택1 (단품/기획),https://www.oliveyoung.co.kr/store/goods/getGoodsDetail.do?goodsNo=A000000245464&dispCatNo=100000100050013&trackingCd=Cat100000100050013_Small&t_page=카테고리관&t_click=향수_전체__상품상세&t_number=28,"25,200원 ~",2026-09-05,data/korea_popularity/raw/oliveyoung_perfume_sales_20260905.har,0
oliveyoung,29,판매순,기간 미확인,A000000267356,아뜰리에페이,[NEW/기획] 아뜰리에페이 퍼퓸 30ml 데이오프,https://www.oliveyoung.co.kr/store/goods/getGoodsDetail.do?goodsNo=A000000267356&dispCatNo=100000100050013&trackingCd=Cat100000100050013_Small&t_page=카테고리관&t_click=향수_전체__상품상세&t_number=29,"32,400원 ~",2026-09-05,data/korea_popularity/raw/oliveyoung_perfume_sales_20260905.har,0
oliveyoung,30,판매순,기간 미확인,A000000135301,캘빈클라인,캘빈클라인 CK 비 EDT 3종 택1 (50ml/100ml/200ml),https://www.oliveyoung.co.kr/store/goods/getGoodsDetail.do?goodsNo=A000000135301&dispCatNo=100000100050013&trackingCd=Cat100000100050013_Small&t_page=카테고리관&t_click=향수_전체__상품상세&t_number=30,"42,510원 ~",2026-09-05,data/korea_popularity/raw/oliveyoung_perfume_sales_20260905.har,0
oliveyoung,31,판매순,기간 미확인,A000000137487,아리아나그란데,아리아나그란데 땡큐 넥스트 EDP 50ml,https://www.oliveyoung.co.kr/store/goods/getGoodsDetail.do?goodsNo=A000000137487&dispCatNo=100000100050013&trackingCd=Cat100000100050013_Small&t_page=카테고리관&t_click=향수_전체__상품상세&t_number=31,"54,910원",2026-09-05,data/korea_popularity/raw/oliveyoung_perfume_sales_20260905.har,0
oliveyoung,32,판매순,기간 미확인,A000000249631,클린,클린 헤어&바디 퍼퓸 미스트 휩드바닐라 88ml/236ml,https://www.oliveyoung.co.kr/store/goods/getGoodsDetail.do?goodsNo=A000000249631&dispCatNo=100000100050013&trackingCd=Cat100000100050013_Small&t_page=카테고리관&t_click=향수_전체__상품상세&t_number=32,"26,600원 ~",2026-09-05,data/korea_popularity/raw/oliveyoung_perfume_sales_20260905.har,0
oliveyoung,33,판매순,기간 미확인,A000000128148,캘빈클라인,캘빈클라인 CK One EDT 단품/기획,https://www.oliveyoung.co.kr/store/goods/getGoodsDetail.do?goodsNo=A000000128148&dispCatNo=100000100050013&trackingCd=Cat100000100050013_Small&t_page=카테고리관&t_click=향수_전체__상품상세&t_number=33,"44,440원 ~",2026-09-05,data/korea_popularity/raw/oliveyoung_perfume_sales_20260905.har,0
oliveyoung,34,판매순,기간 미확인,A000000193149,존바바토스,존바바토스 아티산 EDT 40ml 단품/기획 중 택1,https://www.oliveyoung.co.kr/store/goods/getGoodsDetail.do?goodsNo=A000000193149&dispCatNo=100000100050013&trackingCd=Cat100000100050013_Small&t_page=카테고리관&t_click=향수_전체__상품상세&t_number=34,"31,450원 ~",2026-09-05,data/korea_popularity/raw/oliveyoung_perfume_sales_20260905.har,0
oliveyoung,35,판매순,기간 미확인,A000000205115,나르시소 로드리게즈,나르시소 로드리게즈 나르시소 베스트 (크리스탈/래디언트/엉브레/푸드레),https://www.oliveyoung.co.kr/store/goods/getGoodsDetail.do?goodsNo=A000000205115&dispCatNo=100000100050013&trackingCd=Cat100000100050013_Small&t_page=카테고리관&t_click=향수_전체__상품상세&t_number=35,"66,500원 ~",2026-09-05,data/korea_popularity/raw/oliveyoung_perfume_sales_20260905.har,0
oliveyoung,36,판매순,기간 미확인,A000000129613,클린,"클린 웜코튼 EDP 30ml,60ml 단품/기획 중 택 1",https://www.oliveyoung.co.kr/store/goods/getGoodsDetail.do?goodsNo=A000000129613&dispCatNo=100000100050013&trackingCd=Cat100000100050013_Small&t_page=카테고리관&t_click=향수_전체__상품상세&t_number=36,"37,910원 ~",2026-09-05,data/korea_popularity/raw/oliveyoung_perfume_sales_20260905.har,0
oliveyoung,37,판매순,기간 미확인,A000000226000,끌로에,끌로에 로 드 퍼퓸 인텐스 EDP 30ml/50ml/50기획,https://www.oliveyoung.co.kr/store/goods/getGoodsDetail.do?goodsNo=A000000226000&dispCatNo=100000100050013&trackingCd=Cat100000100050013_Small&t_page=카테고리관&t_click=향수_전체__상품상세&t_number=37,"93,150원 ~",2026-09-05,data/korea_popularity/raw/oliveyoung_perfume_sales_20260905.har,0
oliveyoung,38,판매순,기간 미확인,A000000244023,나르시소 로드리게즈,[타잔PICK] 나르시소 로드리게즈 퓨어 머스크/포 허 EDT/블루 누와르/상탈,https://www.oliveyoung.co.kr/store/goods/getGoodsDetail.do?goodsNo=A000000244023&dispCatNo=100000100050013&trackingCd=Cat100000100050013_Small&t_page=카테고리관&t_click=향수_전체__상품상세&t_number=38,"63,480원 ~",2026-09-05,data/korea_popularity/raw/oliveyoung_perfume_sales_20260905.har,0
oliveyoung,39,판매순,기간 미확인,A000000136754,아리아나그란데,"[단독기획] 아리아나그란데 스위트 라이크 캔디 EDP 30ml, 50ml, 100ml 중 택 1",https://www.oliveyoung.co.kr/store/goods/getGoodsDetail.do?goodsNo=A000000136754&dispCatNo=100000100050013&trackingCd=Cat100000100050013_Small&t_page=카테고리관&t_click=향수_전체__상품상세&t_number=39,"54,910원 ~",2026-09-05,data/korea_popularity/raw/oliveyoung_perfume_sales_20260905.har,0
oliveyoung,40,판매순,기간 미확인,A000000245613,나르시소 로드리게즈,[NEW] 나르시소 로드리게즈 포 허 퓨어 머스크 블랑 EDPI (30ml/50ml/기획),https://www.oliveyoung.co.kr/store/goods/getGoodsDetail.do?goodsNo=A000000245613&dispCatNo=100000100050013&trackingCd=Cat100000100050013_Small&t_page=카테고리관&t_click=향수_전체__상품상세&t_number=40,"84,240원 ~",2026-09-05,data/korea_popularity/raw/oliveyoung_perfume_sales_20260905.har,0
oliveyoung,41,판매순,기간 미확인,A000000187659,캘빈클라인,캘빈클라인 CK 올 EDT 100ml,https://www.oliveyoung.co.kr/store/goods/getGoodsDetail.do?goodsNo=A000000187659&dispCatNo=100000100050013&trackingCd=Cat100000100050013_Small&t_page=카테고리관&t_click=향수_전체__상품상세&t_number=41,"54,740원",2026-09-05,data/korea_popularity/raw/oliveyoung_perfume_sales_20260905.har,0
oliveyoung,42,판매순,기간 미확인,A000000202539,플르부아,플르부아 오 드 퍼퓸 EDP 30mL 7종 중 택1,https://www.oliveyoung.co.kr/store/goods/getGoodsDetail.do?goodsNo=A000000202539&dispCatNo=100000100050013&trackingCd=Cat100000100050013_Small&t_page=카테고리관&t_click=향수_전체__상품상세&t_number=42,"32,170원 ~",2026-09-05,data/korea_popularity/raw/oliveyoung_perfume_sales_20260905.har,0
oliveyoung,43,판매순,기간 미확인,A000000231171,아닐로,아닐로 오 드 퍼퓸 10ml 단품/기획 (7종 택 1),https://www.oliveyoung.co.kr/store/goods/getGoodsDetail.do?goodsNo=A000000231171&dispCatNo=100000100050013&trackingCd=Cat100000100050013_Small&t_page=카테고리관&t_click=향수_전체__상품상세&t_number=43,"15,000원 ~",2026-09-05,data/korea_popularity/raw/oliveyoung_perfume_sales_20260905.har,0
oliveyoung,44,판매순,기간 미확인,A000000000438,랑방,랑방 잔느 EDP 30ml,https://www.oliveyoung.co.kr/store/goods/getGoodsDetail.do?goodsNo=A000000000438&dispCatNo=100000100050013&trackingCd=Cat100000100050013_Small&t_page=카테고리관&t_click=향수_전체__상품상세&t_number=44,"50,220원",2026-09-05,data/korea_popularity/raw/oliveyoung_perfume_sales_20260905.har,0
oliveyoung,45,판매순,기간 미확인,A000000192901,포맨트,포맨트 시그니처 퍼퓸 코튼배쓰 50ml,https://www.oliveyoung.co.kr/store/goods/getGoodsDetail.do?goodsNo=A000000192901&dispCatNo=100000100050013&trackingCd=Cat100000100050013_Small&t_page=카테고리관&t_click=향수_전체__상품상세&t_number=45,"45,570원",2026-09-05,data/korea_popularity/raw/oliveyoung_perfume_sales_20260905.har,0
oliveyoung,46,판매순,기간 미확인,A000000230142,아디다스(뷰티),[김재원PICK] 아디다스 향수 9종 & 미스트 4종 (단품/기획),https://www.oliveyoung.co.kr/store/goods/getGoodsDetail.do?goodsNo=A000000230142&dispCatNo=100000100050013&trackingCd=Cat100000100050013_Small&t_page=카테고리관&t_click=향수_전체__상품상세&t_number=46,"18,610원 ~",2026-09-05,data/korea_popularity/raw/oliveyoung_perfume_sales_20260905.har,0
oliveyoung,47,판매순,기간 미확인,A000000200411,나르시소 로드리게즈,나르시소 로드리게즈 베스트 컬렉션(퓨어머스크/머스크블랑/포허인텐스/포허EDT/올오브미/올오브미플로럴),https://www.oliveyoung.co.kr/store/goods/getGoodsDetail.do?goodsNo=A000000200411&dispCatNo=100000100050013&trackingCd=Cat100000100050013_Small&t_page=카테고리관&t_click=향수_전체__상품상세&t_number=47,"63,480원 ~",2026-09-05,data/korea_popularity/raw/oliveyoung_perfume_sales_20260905.har,0
oliveyoung,48,판매순,기간 미확인,A000000187588,나르시소 로드리게즈,[프레쉬로즈향] 나르시소 로드리게즈 나르시소 크리스탈 EDP (30ml/50m/기획),https://www.oliveyoung.co.kr/store/goods/getGoodsDetail.do?goodsNo=A000000187588&dispCatNo=100000100050013&trackingCd=Cat100000100050013_Small&t_page=카테고리관&t_click=향수_전체__상품상세&t_number=48,"66,500원 ~",2026-09-05,data/korea_popularity/raw/oliveyoung_perfume_sales_20260905.har,0
oliveyoung,49,판매순,기간 미확인,A000000189468,필로소피,[원지안PICK] 필로소피 어메이징 그레이스 EDT 15ml/60ml/60ml기획,https://www.oliveyoung.co.kr/store/goods/getGoodsDetail.do?goodsNo=A000000189468&dispCatNo=100000100050013&trackingCd=Cat100000100050013_Small&t_page=카테고리관&t_click=향수_전체__상품상세&t_number=49,"24,420원 ~",2026-09-05,data/korea_popularity/raw/oliveyoung_perfume_sales_20260905.har,144
oliveyoung,50,판매순,기간 미확인,A000000243086,라멜린,라멜린 플로럴 퍼퓸 50ml,https://www.oliveyoung.co.kr/store/goods/getGoodsDetail.do?goodsNo=A000000243086&dispCatNo=100000100050013&trackingCd=Cat100000100050013_Small&t_page=카테고리관&t_click=향수_전체__상품상세&t_number=50,"11,900원",2026-09-05,data/korea_popularity/raw/oliveyoung_perfume_sales_20260905.har,144
oliveyoung,51,판매순,기간 미확인,A000000000439,랑방,랑방 잔느 EDP 50ml,https://www.oliveyoung.co.kr/store/goods/getGoodsDetail.do?goodsNo=A000000000439&dispCatNo=100000100050013&trackingCd=Cat100000100050013_Small&t_page=카테고리관&t_click=향수_전체__상품상세&t_number=51,"74,640원",2026-09-05,data/korea_popularity/raw/oliveyoung_perfume_sales_20260905.har,144
oliveyoung,52,판매순,기간 미확인,A000000210617,캘빈클라인,캘빈클라인 CK One 에센스 퍼퓸 인텐스 50ml/100ml/200ml 택1,https://www.oliveyoung.co.kr/store/goods/getGoodsDetail.do?goodsNo=A000000210617&dispCatNo=100000100050013&trackingCd=Cat100000100050013_Small&t_page=카테고리관&t_click=향수_전체__상품상세&t_number=52,"50,880원 ~",2026-09-05,data/korea_popularity/raw/oliveyoung_perfume_sales_20260905.har,144
oliveyoung,53,판매순,기간 미확인,A000000187658,버버리,버버리 브릿쉬어 50ml,https://www.oliveyoung.co.kr/store/goods/getGoodsDetail.do?goodsNo=A000000187658&dispCatNo=100000100050013&trackingCd=Cat100000100050013_Small&t_page=카테고리관&t_click=향수_전체__상품상세&t_number=53,"65,100원",2026-09-05,data/korea_popularity/raw/oliveyoung_perfume_sales_20260905.har,144
oliveyoung,54,판매순,기간 미확인,A000000213179,루아페,"[러블리한 플로럴향] 루아페 오,러브 EDP 30ml",https://www.oliveyoung.co.kr/store/goods/getGoodsDetail.do?goodsNo=A000000213179&dispCatNo=100000100050013&trackingCd=Cat100000100050013_Small&t_page=카테고리관&t_click=향수_전체__상품상세&t_number=54,"34,200원",2026-09-05,data/korea_popularity/raw/oliveyoung_perfume_sales_20260905.har,144
oliveyoung,55,판매순,기간 미확인,A000000187845,캘빈클라인,캘빈클라인 CK ONE 모이스처라이저 250ml,https://www.oliveyoung.co.kr/store/goods/getGoodsDetail.do?goodsNo=A000000187845&dispCatNo=100000100050013&trackingCd=Cat100000100050013_Small&t_page=카테고리관&t_click=향수_전체__상품상세&t_number=55,"34,140원",2026-09-05,data/korea_popularity/raw/oliveyoung_perfume_sales_20260905.har,144
oliveyoung,56,판매순,기간 미확인,A000000267358,아뜰리에페이,[NEW/기획] 아뜰리에페이 퍼퓸 30ml 마이스킨벗베러,https://www.oliveyoung.co.kr/store/goods/getGoodsDetail.do?goodsNo=A000000267358&dispCatNo=100000100050013&trackingCd=Cat100000100050013_Small&t_page=카테고리관&t_click=향수_전체__상품상세&t_number=56,"32,400원 ~",2026-09-05,data/korea_popularity/raw/oliveyoung_perfume_sales_20260905.har,144
oliveyoung,57,판매순,기간 미확인,A000000244723,센녹,[포켓사이즈] 센녹 퍼퓸 10ml 4종,https://www.oliveyoung.co.kr/store/goods/getGoodsDetail.do?goodsNo=A000000244723&dispCatNo=100000100050013&trackingCd=Cat100000100050013_Small&t_page=카테고리관&t_click=향수_전체__상품상세&t_number=57,"27,550원 ~",2026-09-05,data/korea_popularity/raw/oliveyoung_perfume_sales_20260905.har,144
oliveyoung,58,판매순,기간 미확인,A000000208825,에이딕트,에이딕트 솔리드 퍼퓸 네이키드 뮤게 313 30ml,https://www.oliveyoung.co.kr/store/goods/getGoodsDetail.do?goodsNo=A000000208825&dispCatNo=100000100050013&trackingCd=Cat100000100050013_Small&t_page=카테고리관&t_click=향수_전체__상품상세&t_number=58,"21,660원",2026-09-05,data/korea_popularity/raw/oliveyoung_perfume_sales_20260905.har,144
oliveyoung,59,판매순,기간 미확인,A000000256472,캘빈클라인,[NEW] 캘빈클라인 씨케이원 나이트 에센스 EDP (50ml/100ml/200ml),https://www.oliveyoung.co.kr/store/goods/getGoodsDetail.do?goodsNo=A000000256472&dispCatNo=100000100050013&trackingCd=Cat100000100050013_Small&t_page=카테고리관&t_click=향수_전체__상품상세&t_number=59,"59,410원 ~",2026-09-05,data/korea_popularity/raw/oliveyoung_perfume_sales_20260905.har,144
oliveyoung,60,판매순,기간 미확인,A000000216068,랑방,랑방 레 플레르 드 랑방 워터 릴리 EDT 90ml,https://www.oliveyoung.co.kr/store/goods/getGoodsDetail.do?goodsNo=A000000216068&dispCatNo=100000100050013&trackingCd=Cat100000100050013_Small&t_page=카테고리관&t_click=향수_전체__상품상세&t_number=60,"69,750원",2026-09-05,data/korea_popularity/raw/oliveyoung_perfume_sales_20260905.har,144
oliveyoung,61,판매순,기간 미확인,A000000163257,랑방,랑방 레 플레르 드 랑방 써니 매그놀리아 EDT 50ml,https://www.oliveyoung.co.kr/store/goods/getGoodsDetail.do?goodsNo=A000000163257&dispCatNo=100000100050013&trackingCd=Cat100000100050013_Small&t_page=카테고리관&t_click=향수_전체__상품상세&t_number=61,"46,040원",2026-09-05,data/korea_popularity/raw/oliveyoung_perfume_sales_20260905.har,144
oliveyoung,62,판매순,기간 미확인,A000000183800,랑방,랑방 레 플레르 드 랑방 워터 릴리 EDT 50ml,https://www.oliveyoung.co.kr/store/goods/getGoodsDetail.do?goodsNo=A000000183800&dispCatNo=100000100050013&trackingCd=Cat100000100050013_Small&t_page=카테고리관&t_click=향수_전체__상품상세&t_number=62,"43,950원",2026-09-05,data/korea_popularity/raw/oliveyoung_perfume_sales_20260905.har,144
oliveyoung,63,판매순,기간 미확인,A000000267359,아뜰리에페이,[NEW] 아뜰리에페이 퍼퓸 30ml 뮤게가든,https://www.oliveyoung.co.kr/store/goods/getGoodsDetail.do?goodsNo=A000000267359&dispCatNo=100000100050013&trackingCd=Cat100000100050013_Small&t_page=카테고리관&t_click=향수_전체__상품상세&t_number=63,"30,600원",2026-09-05,data/korea_popularity/raw/oliveyoung_perfume_sales_20260905.har,144
oliveyoung,64,판매순,기간 미확인,A000000251996,클린,클린 헤어&바디 퍼퓸 미스트 4종 중 택1,https://www.oliveyoung.co.kr/store/goods/getGoodsDetail.do?goodsNo=A000000251996&dispCatNo=100000100050013&trackingCd=Cat100000100050013_Small&t_page=카테고리관&t_click=향수_전체__상품상세&t_number=64,"28,000원 ~",2026-09-05,data/korea_popularity/raw/oliveyoung_perfume_sales_20260905.har,144
oliveyoung,65,판매순,기간 미확인,A000000237796,어뮤즈,[올영단독기획] 어뮤즈 헤어 퍼퓸 미스트 한정 기획 (+솔리드퍼퓸밤키링증정),https://www.oliveyoung.co.kr/store/goods/getGoodsDetail.do?goodsNo=A000000237796&dispCatNo=100000100050013&trackingCd=Cat100000100050013_Small&t_page=카테고리관&t_click=향수_전체__상품상세&t_number=65,"24,480원 ~",2026-09-05,data/korea_popularity/raw/oliveyoung_perfume_sales_20260905.har,144
oliveyoung,66,판매순,기간 미확인,A000000208824,에이딕트,에이딕트 솔리드 퍼퓸 네이키드 머스크 103 30ml,https://www.oliveyoung.co.kr/store/goods/getGoodsDetail.do?goodsNo=A000000208824&dispCatNo=100000100050013&trackingCd=Cat100000100050013_Small&t_page=카테고리관&t_click=향수_전체__상품상세&t_number=66,"21,660원",2026-09-05,data/korea_popularity/raw/oliveyoung_perfume_sales_20260905.har,144
oliveyoung,67,판매순,기간 미확인,A000000176514,지미추,지미추 아이 원 추 EDP (40m/60ml),https://www.oliveyoung.co.kr/store/goods/getGoodsDetail.do?goodsNo=A000000176514&dispCatNo=100000100050013&trackingCd=Cat100000100050013_Small&t_page=카테고리관&t_click=향수_전체__상품상세&t_number=67,"68,360원 ~",2026-09-05,data/korea_popularity/raw/oliveyoung_perfume_sales_20260905.har,144
oliveyoung,68,판매순,기간 미확인,A000000000445,랑방,랑방 에끌라 드 아르페쥬 EDP 50ml (단품/기획),https://www.oliveyoung.co.kr/store/goods/getGoodsDetail.do?goodsNo=A000000000445&dispCatNo=100000100050013&trackingCd=Cat100000100050013_Small&t_page=카테고리관&t_click=향수_전체__상품상세&t_number=68,"71,150원 ~",2026-09-05,data/korea_popularity/raw/oliveyoung_perfume_sales_20260905.har,144
oliveyoung,69,판매순,기간 미확인,B000000231168,아닐로,[1+1] 아닐로 오 드 퍼퓸 50ml 8종 택1,https://www.oliveyoung.co.kr/store/goods/getGoodsDetail.do?goodsNo=B000000231168&dispCatNo=100000100050013&trackingCd=Cat100000100050013_Small&t_page=카테고리관&t_click=향수_전체__상품상세&t_number=69,"68,000원 ~",2026-09-05,data/korea_popularity/raw/oliveyoung_perfume_sales_20260905.har,144
oliveyoung,70,판매순,기간 미확인,A000000006791,존바바토스,존바바토스 아티산 블랙 EDT 125ml,https://www.oliveyoung.co.kr/store/goods/getGoodsDetail.do?goodsNo=A000000006791&dispCatNo=100000100050013&trackingCd=Cat100000100050013_Small&t_page=카테고리관&t_click=향수_전체__상품상세&t_number=70,"66,410원",2026-09-05,data/korea_popularity/raw/oliveyoung_perfume_sales_20260905.har,144
oliveyoung,71,판매순,기간 미확인,A000000002290,몽블랑,몽블랑 레전드 EDT 30ml/50ml 중 택1,https://www.oliveyoung.co.kr/store/goods/getGoodsDetail.do?goodsNo=A000000002290&dispCatNo=100000100050013&trackingCd=Cat100000100050013_Small&t_page=카테고리관&t_click=향수_전체__상품상세&t_number=71,"70,450원 ~",2026-09-05,data/korea_popularity/raw/oliveyoung_perfume_sales_20260905.har,144
oliveyoung,72,판매순,기간 미확인,A000000002291,지미추,지미추 EDT 40ml,https://www.oliveyoung.co.kr/store/goods/getGoodsDetail.do?goodsNo=A000000002291&dispCatNo=100000100050013&trackingCd=Cat100000100050013_Small&t_page=카테고리관&t_click=향수_전체__상품상세&t_number=72,"57,900원 ~",2026-09-05,data/korea_popularity/raw/oliveyoung_perfume_sales_20260905.har,144
oliveyoung,73,판매순,기간 미확인,A000000129611,클린,클린 EDP 30ml 6종 택1,https://www.oliveyoung.co.kr/store/goods/getGoodsDetail.do?goodsNo=A000000129611&dispCatNo=100000100050013&trackingCd=Cat100000100050013_Small&t_page=카테고리관&t_click=향수_전체__상품상세&t_number=73,"37,910원 ~",2026-09-05,data/korea_popularity/raw/oliveyoung_perfume_sales_20260905.har,144
oliveyoung,74,판매순,기간 미확인,A000000204985,호텔도슨,호텔도슨  향수 오 드 퍼퓸 6종 20ml / 75ml,https://www.oliveyoung.co.kr/store/goods/getGoodsDetail.do?goodsNo=A000000204985&dispCatNo=100000100050013&trackingCd=Cat100000100050013_Small&t_page=카테고리관&t_click=향수_전체__상품상세&t_number=74,"34,830원 ~",2026-09-05,data/korea_popularity/raw/oliveyoung_perfume_sales_20260905.har,144
oliveyoung,75,판매순,기간 미확인,A000000249629,클린,"클린 헤어&바디 퍼퓸 미스트 파파야 파라다이스 88ml,236ml (단품/기획)",https://www.oliveyoung.co.kr/store/goods/getGoodsDetail.do?goodsNo=A000000249629&dispCatNo=100000100050013&trackingCd=Cat100000100050013_Small&t_page=카테고리관&t_click=향수_전체__상품상세&t_number=75,"26,600원 ~",2026-09-05,data/korea_popularity/raw/oliveyoung_perfume_sales_20260905.har,144
oliveyoung,76,판매순,기간 미확인,A000000104639,제니퍼로페즈,제니퍼로페즈 글로우 바이제이로 EDT 30ml,https://www.oliveyoung.co.kr/store/goods/getGoodsDetail.do?goodsNo=A000000104639&dispCatNo=100000100050013&trackingCd=Cat100000100050013_Small&t_page=카테고리관&t_click=향수_전체__상품상세&t_number=76,"31,160원",2026-09-05,data/korea_popularity/raw/oliveyoung_perfume_sales_20260905.har,144
oliveyoung,77,판매순,기간 미확인,A000000218512,누다라,[고발향/니치향수] 누다라 향수&샤쉐&미니샤쉐 10종,https://www.oliveyoung.co.kr/store/goods/getGoodsDetail.do?goodsNo=A000000218512&dispCatNo=100000100050013&trackingCd=Cat100000100050013_Small&t_page=카테고리관&t_click=향수_전체__상품상세&t_number=77,"9,510원 ~",2026-09-05,data/korea_popularity/raw/oliveyoung_perfume_sales_20260905.har,144
oliveyoung,78,판매순,기간 미확인,A000000263672,로라메르시에,[NEW] 로라메르시에 오 드 퍼퓸 50ml 앰버바닐라,https://www.oliveyoung.co.kr/store/goods/getGoodsDetail.do?goodsNo=A000000263672&dispCatNo=100000100050013&trackingCd=Cat100000100050013_Small&t_page=카테고리관&t_click=향수_전체__상품상세&t_number=78,"152,610원",2026-09-05,data/korea_popularity/raw/oliveyoung_perfume_sales_20260905.har,144
oliveyoung,79,판매순,기간 미확인,A000000203084,끌로에,끌로에 루미네즈 EDP (30ml/50ml),https://www.oliveyoung.co.kr/store/goods/getGoodsDetail.do?goodsNo=A000000203084&dispCatNo=100000100050013&trackingCd=Cat100000100050013_Small&t_page=카테고리관&t_click=향수_전체__상품상세&t_number=79,"125,580원 ~",2026-09-05,data/korea_popularity/raw/oliveyoung_perfume_sales_20260905.har,144
oliveyoung,80,판매순,기간 미확인,A000000176261,지미추,지미추 아이 원 추 포에버 EDP 60ml,https://www.oliveyoung.co.kr/store/goods/getGoodsDetail.do?goodsNo=A000000176261&dispCatNo=100000100050013&trackingCd=Cat100000100050013_Small&t_page=카테고리관&t_click=향수_전체__상품상세&t_number=80,"96,960원",2026-09-05,data/korea_popularity/raw/oliveyoung_perfume_sales_20260905.har,144
oliveyoung,81,판매순,기간 미확인,A000000002292,지미추,지미추 EDT 60ml,https://www.oliveyoung.co.kr/store/goods/getGoodsDetail.do?goodsNo=A000000002292&dispCatNo=100000100050013&trackingCd=Cat100000100050013_Small&t_page=카테고리관&t_click=향수_전체__상품상세&t_number=81,"83,010원",2026-09-05,data/korea_popularity/raw/oliveyoung_perfume_sales_20260905.har,144
oliveyoung,82,판매순,기간 미확인,A000000210366,지미추,지미추 아이원추 르 파팡 퍼퓸 (40ml / 60ml),https://www.oliveyoung.co.kr/store/goods/getGoodsDetail.do?goodsNo=A000000210366&dispCatNo=100000100050013&trackingCd=Cat100000100050013_Small&t_page=카테고리관&t_click=향수_전체__상품상세&t_number=82,"78,820원 ~",2026-09-05,data/korea_popularity/raw/oliveyoung_perfume_sales_20260905.har,144
oliveyoung,83,판매순,기간 미확인,A000000148148,버버리,버버리 위크엔드 우먼 EDP 50ml/100ml,https://www.oliveyoung.co.kr/store/goods/getGoodsDetail.do?goodsNo=A000000148148&dispCatNo=100000100050013&trackingCd=Cat100000100050013_Small&t_page=카테고리관&t_click=향수_전체__상품상세&t_number=83,"61,200원 ~",2026-09-05,data/korea_popularity/raw/oliveyoung_perfume_sales_20260905.har,144
oliveyoung,84,판매순,기간 미확인,A000000238492,헤트라스,[여름향수/올영1위] 헤트라스 핸드메이드 퍼퓸 50ml 5종 택 1,https://www.oliveyoung.co.kr/store/goods/getGoodsDetail.do?goodsNo=A000000238492&dispCatNo=100000100050013&trackingCd=Cat100000100050013_Small&t_page=카테고리관&t_click=향수_전체__상품상세&t_number=84,"52,020원 ~",2026-09-05,data/korea_popularity/raw/oliveyoung_perfume_sales_20260905.har,144
oliveyoung,85,판매순,기간 미확인,A000000192711,버버리,버버리 포맨 EDT 50ml,https://www.oliveyoung.co.kr/store/goods/getGoodsDetail.do?goodsNo=A000000192711&dispCatNo=100000100050013&trackingCd=Cat100000100050013_Small&t_page=카테고리관&t_click=향수_전체__상품상세&t_number=85,"50,130원",2026-09-05,data/korea_popularity/raw/oliveyoung_perfume_sales_20260905.har,144
oliveyoung,86,판매순,기간 미확인,A000000261590,끌로에,[NEW] 끌로에 르 퍼퓸 EDP 30ml/50ml,https://www.oliveyoung.co.kr/store/goods/getGoodsDetail.do?goodsNo=A000000261590&dispCatNo=100000100050013&trackingCd=Cat100000100050013_Small&t_page=카테고리관&t_click=향수_전체__상품상세&t_number=86,"105,840원 ~",2026-09-05,data/korea_popularity/raw/oliveyoung_perfume_sales_20260905.har,144
oliveyoung,87,판매순,기간 미확인,A000000000432,랑방,랑방 메리미 EDP 50ml,https://www.oliveyoung.co.kr/store/goods/getGoodsDetail.do?goodsNo=A000000000432&dispCatNo=100000100050013&trackingCd=Cat100000100050013_Small&t_page=카테고리관&t_click=향수_전체__상품상세&t_number=87,"78,820원",2026-09-05,data/korea_popularity/raw/oliveyoung_perfume_sales_20260905.har,144
oliveyoung,88,판매순,기간 미확인,A000000146004,겐조,플라워바이겐조 EDP 50ml,https://www.oliveyoung.co.kr/store/goods/getGoodsDetail.do?goodsNo=A000000146004&dispCatNo=100000100050013&trackingCd=Cat100000100050013_Small&t_page=카테고리관&t_click=향수_전체__상품상세&t_number=88,"75,340원",2026-09-05,data/korea_popularity/raw/oliveyoung_perfume_sales_20260905.har,144
oliveyoung,89,판매순,기간 미확인,A000000199959,버버리,버버리 터치 포 맨 EDT 50ml/100ml,https://www.oliveyoung.co.kr/store/goods/getGoodsDetail.do?goodsNo=A000000199959&dispCatNo=100000100050013&trackingCd=Cat100000100050013_Small&t_page=카테고리관&t_click=향수_전체__상품상세&t_number=89,"58,590원 ~",2026-09-05,data/korea_popularity/raw/oliveyoung_perfume_sales_20260905.har,144
oliveyoung,90,판매순,기간 미확인,A000000013262,존바바토스,존바바토스 아티산 블루 EDT 125ml,https://www.oliveyoung.co.kr/store/goods/getGoodsDetail.do?goodsNo=A000000013262&dispCatNo=100000100050013&trackingCd=Cat100000100050013_Small&t_page=카테고리관&t_click=향수_전체__상품상세&t_number=90,"66,410원",2026-09-05,data/korea_popularity/raw/oliveyoung_perfume_sales_20260905.har,144
oliveyoung,91,판매순,기간 미확인,A000000163258,랑방,랑방 레 플레르 드 랑방 써니 매그놀리아 EDT 90ml,https://www.oliveyoung.co.kr/store/goods/getGoodsDetail.do?goodsNo=A000000163258&dispCatNo=100000100050013&trackingCd=Cat100000100050013_Small&t_page=카테고리관&t_click=향수_전체__상품상세&t_number=91,"66,270원",2026-09-05,data/korea_popularity/raw/oliveyoung_perfume_sales_20260905.har,144
oliveyoung,92,판매순,기간 미확인,A000000157634,캘빈클라인,캘빈클라인 CK 디파이 EDT 30ml/50ml 택1,https://www.oliveyoung.co.kr/store/goods/getGoodsDetail.do?goodsNo=A000000157634&dispCatNo=100000100050013&trackingCd=Cat100000100050013_Small&t_page=카테고리관&t_click=향수_전체__상품상세&t_number=92,"48,950원 ~",2026-09-05,data/korea_popularity/raw/oliveyoung_perfume_sales_20260905.har,144
oliveyoung,93,판매순,기간 미확인,A000000142176,랄프로렌,"랄프로렌 폴로 랄프 EDT 30ml,50ml 단품/기획 중 택 1",https://www.oliveyoung.co.kr/store/goods/getGoodsDetail.do?goodsNo=A000000142176&dispCatNo=100000100050013&trackingCd=Cat100000100050013_Small&t_page=카테고리관&t_click=향수_전체__상품상세&t_number=93,"72,200원 ~",2026-09-05,data/korea_popularity/raw/oliveyoung_perfume_sales_20260905.har,144
oliveyoung,94,판매순,기간 미확인,A000000113251,필로소피,필로소피 EDT 60ml 단품/기획,https://www.oliveyoung.co.kr/store/goods/getGoodsDetail.do?goodsNo=A000000113251&dispCatNo=100000100050013&trackingCd=Cat100000100050013_Small&t_page=카테고리관&t_click=향수_전체__상품상세&t_number=94,"48,130원 ~",2026-09-05,data/korea_popularity/raw/oliveyoung_perfume_sales_20260905.har,144
oliveyoung,95,판매순,기간 미확인,A000000211434,사브리나카펜터,[단독기획] 사브리나카펜터 스위트 투스 EDP 30ml/75ml,https://www.oliveyoung.co.kr/store/goods/getGoodsDetail.do?goodsNo=A000000211434&dispCatNo=100000100050013&trackingCd=Cat100000100050013_Small&t_page=카테고리관&t_click=향수_전체__상품상세&t_number=95,"56,530원 ~",2026-09-05,data/korea_popularity/raw/oliveyoung_perfume_sales_20260905.har,144
oliveyoung,96,판매순,기간 미확인,A000000197779,포맨트,[리뉴얼출시]포맨트 시그니처 퍼퓸 코튼브리즈 50ml,https://www.oliveyoung.co.kr/store/goods/getGoodsDetail.do?goodsNo=A000000197779&dispCatNo=100000100050013&trackingCd=Cat100000100050013_Small&t_page=카테고리관&t_click=향수_전체__상품상세&t_number=96,"45,570원",2026-09-05,data/korea_popularity/raw/oliveyoung_perfume_sales_20260905.har,144
oliveyoung,97,판매순,기간 미확인,A000000210218,든향,[보라색 베이비 로션향] 든향 EDP 15ml 파자마,https://www.oliveyoung.co.kr/store/goods/getGoodsDetail.do?goodsNo=A000000210218&dispCatNo=100000100050013&trackingCd=Cat100000100050013_Small&t_page=카테고리관&t_click=향수_전체__상품상세&t_number=97,"37,800원",2026-09-05,data/korea_popularity/raw/oliveyoung_perfume_sales_20260905.har,288
oliveyoung,98,판매순,기간 미확인,A000000248069,에틀리에,[엔믹스지우PICK] 에틀리에 오 드 퍼퓸 스킨센트 30ml/10ml,https://www.oliveyoung.co.kr/store/goods/getGoodsDetail.do?goodsNo=A000000248069&dispCatNo=100000100050013&trackingCd=Cat100000100050013_Small&t_page=카테고리관&t_click=향수_전체__상품상세&t_number=98,"15,940원 ~",2026-09-05,data/korea_popularity/raw/oliveyoung_perfume_sales_20260905.har,288
oliveyoung,99,판매순,기간 미확인,A000000229852,아디다스(뷰티),[김재원PICK] 아디다스 스파크업 EDP (30ml기획/50ml/100ml),https://www.oliveyoung.co.kr/store/goods/getGoodsDetail.do?goodsNo=A000000229852&dispCatNo=100000100050013&trackingCd=Cat100000100050013_Small&t_page=카테고리관&t_click=향수_전체__상품상세&t_number=99,"27,360원 ~",2026-09-05,data/korea_popularity/raw/oliveyoung_perfume_sales_20260905.har,288
oliveyoung,100,판매순,기간 미확인,A000000219515,포맨트,[박지훈 PICK/거울키링증정] 포맨트 시그니처 헤어 퍼퓸 코튼메모리 30ml (포켓몬 에디션),https://www.oliveyoung.co.kr/store/goods/getGoodsDetail.do?goodsNo=A000000219515&dispCatNo=100000100050013&trackingCd=Cat100000100050013_Small&t_page=카테고리관&t_click=향수_전체__상품상세&t_number=100,"26,130원 ~",2026-09-05,data/korea_popularity/raw/oliveyoung_perfume_sales_20260905.har,288
oliveyoung,101,판매순,기간 미확인,A000000241773,아디다스(뷰티),[김재원PICK] 아디다스 바이브 헤어&바디 퍼퓸 미스트 150ml 4종 택1,https://www.oliveyoung.co.kr/store/goods/getGoodsDetail.do?goodsNo=A000000241773&dispCatNo=100000100050013&trackingCd=Cat100000100050013_Small&t_page=카테고리관&t_click=향수_전체__상품상세&t_number=101,"18,050원 ~",2026-09-05,data/korea_popularity/raw/oliveyoung_perfume_sales_20260905.har,288
oliveyoung,102,판매순,기간 미확인,A000000243088,라멜린,[청량한향] 라멜린 오션 퍼퓸 50ml,https://www.oliveyoung.co.kr/store/goods/getGoodsDetail.do?goodsNo=A000000243088&dispCatNo=100000100050013&trackingCd=Cat100000100050013_Small&t_page=카테고리관&t_click=향수_전체__상품상세&t_number=102,"11,900원",2026-09-05,data/korea_popularity/raw/oliveyoung_perfume_sales_20260905.har,288
oliveyoung,103,판매순,기간 미확인,A000000163445,그라펜,[무화과/우디]그라펜 타투 퍼퓸 원우드 롤온 11ml,https://www.oliveyoung.co.kr/store/goods/getGoodsDetail.do?goodsNo=A000000163445&dispCatNo=100000100050013&trackingCd=Cat100000100050013_Small&t_page=카테고리관&t_click=향수_전체__상품상세&t_number=103,"8,160원",2026-09-05,data/korea_popularity/raw/oliveyoung_perfume_sales_20260905.har,288
oliveyoung,104,판매순,기간 미확인,A000000210408,이세이미야케,이세이미야케 르 셀 디세이 EDT (50ml/100ml/기획),https://www.oliveyoung.co.kr/store/goods/getGoodsDetail.do?goodsNo=A000000210408&dispCatNo=100000100050013&trackingCd=Cat100000100050013_Small&t_page=카테고리관&t_click=향수_전체__상품상세&t_number=104,"68,550원 ~",2026-09-05,data/korea_popularity/raw/oliveyoung_perfume_sales_20260905.har,288
oliveyoung,105,판매순,기간 미확인,A000000238176,캘빈클라인,CK 캘빈클라인 One EDT 어워즈 한정기획 (200ml),https://www.oliveyoung.co.kr/store/goods/getGoodsDetail.do?goodsNo=A000000238176&dispCatNo=100000100050013&trackingCd=Cat100000100050013_Small&t_page=카테고리관&t_click=향수_전체__상품상세&t_number=105,"79,860원",2026-09-05,data/korea_popularity/raw/oliveyoung_perfume_sales_20260905.har,288
oliveyoung,106,판매순,기간 미확인,A000000000600,베르사체,베르사체 브라이트 크리스탈 3종 택1,https://www.oliveyoung.co.kr/store/goods/getGoodsDetail.do?goodsNo=A000000000600&dispCatNo=100000100050013&trackingCd=Cat100000100050013_Small&t_page=카테고리관&t_click=향수_전체__상품상세&t_number=106,"66,980원 ~",2026-09-05,data/korea_popularity/raw/oliveyoung_perfume_sales_20260905.har,288
oliveyoung,107,판매순,기간 미확인,A000000012156,지미추,지미추 블러썸 EDP (40ml/60ml),https://www.oliveyoung.co.kr/store/goods/getGoodsDetail.do?goodsNo=A000000012156&dispCatNo=100000100050013&trackingCd=Cat100000100050013_Small&t_page=카테고리관&t_click=향수_전체__상품상세&t_number=107,"61,380원 ~",2026-09-05,data/korea_popularity/raw/oliveyoung_perfume_sales_20260905.har,288
oliveyoung,108,판매순,기간 미확인,A000000147508,지미추,지미추 아이 원 추 EDP 40ml,https://www.oliveyoung.co.kr/store/goods/getGoodsDetail.do?goodsNo=A000000147508&dispCatNo=100000100050013&trackingCd=Cat100000100050013_Small&t_page=카테고리관&t_click=향수_전체__상품상세&t_number=108,"68,360원",2026-09-05,data/korea_popularity/raw/oliveyoung_perfume_sales_20260905.har,288
oliveyoung,109,판매순,기간 미확인,A000000229424,돌체앤가바나,[NEW/리뉴얼] 돌체앤가바나 라이트블루 EDT 30ml,https://www.oliveyoung.co.kr/store/goods/getGoodsDetail.do?goodsNo=A000000229424&dispCatNo=100000100050013&trackingCd=Cat100000100050013_Small&t_page=카테고리관&t_click=향수_전체__상품상세&t_number=109,"67,200원",2026-09-05,data/korea_popularity/raw/oliveyoung_perfume_sales_20260905.har,288
oliveyoung,110,판매순,기간 미확인,A000000163253,랑방,랑방 레 플레르 드 랑방 블루 오키드 EDT 90ml,https://www.oliveyoung.co.kr/store/goods/getGoodsDetail.do?goodsNo=A000000163253&dispCatNo=100000100050013&trackingCd=Cat100000100050013_Small&t_page=카테고리관&t_click=향수_전체__상품상세&t_number=110,"66,270원",2026-09-05,data/korea_popularity/raw/oliveyoung_perfume_sales_20260905.har,288
oliveyoung,111,판매순,기간 미확인,A000000228062,필로소피,[원지안PICK] 필로소피 어메이징 그레이스 발레로즈 EDT 60ml,https://www.oliveyoung.co.kr/store/goods/getGoodsDetail.do?goodsNo=A000000228062&dispCatNo=100000100050013&trackingCd=Cat100000100050013_Small&t_page=카테고리관&t_click=향수_전체__상품상세&t_number=111,"55,110원",2026-09-05,data/korea_popularity/raw/oliveyoung_perfume_sales_20260905.har,288
oliveyoung,112,판매순,기간 미확인,A000000136757,아리아나그란데,아리아나그란데 클라우드 EDP 50ml,https://www.oliveyoung.co.kr/store/goods/getGoodsDetail.do?goodsNo=A000000136757&dispCatNo=100000100050013&trackingCd=Cat100000100050013_Small&t_page=카테고리관&t_click=향수_전체__상품상세&t_number=112,"54,910원",2026-09-05,data/korea_popularity/raw/oliveyoung_perfume_sales_20260905.har,288
oliveyoung,113,판매순,기간 미확인,A000000267522,아리아나그란데,아리아나그란데 스위트 라이크 캔디 EDP 50ml 기획(+맥세이프 하트 스마트톡),https://www.oliveyoung.co.kr/store/goods/getGoodsDetail.do?goodsNo=A000000267522&dispCatNo=100000100050013&trackingCd=Cat100000100050013_Small&t_page=카테고리관&t_click=향수_전체__상품상세&t_number=113,"54,910원 ~",2026-09-05,data/korea_popularity/raw/oliveyoung_perfume_sales_20260905.har,288
oliveyoung,114,판매순,기간 미확인,A000000267361,아뜰리에페이,[NEW] 아뜰리에페이 퍼퓸 30ml 베이비 피치,https://www.oliveyoung.co.kr/store/goods/getGoodsDetail.do?goodsNo=A000000267361&dispCatNo=100000100050013&trackingCd=Cat100000100050013_Small&t_page=카테고리관&t_click=향수_전체__상품상세&t_number=114,"30,600원",2026-09-05,data/korea_popularity/raw/oliveyoung_perfume_sales_20260905.har,288
oliveyoung,115,판매순,기간 미확인,A000000259435,엘리자베스아덴,엘리자베스아덴 그린티 스트로베리 바질 EDT 100ml,https://www.oliveyoung.co.kr/store/goods/getGoodsDetail.do?goodsNo=A000000259435&dispCatNo=100000100050013&trackingCd=Cat100000100050013_Small&t_page=카테고리관&t_click=향수_전체__상품상세&t_number=115,"30,150원",2026-09-05,data/korea_popularity/raw/oliveyoung_perfume_sales_20260905.har,288
oliveyoung,116,판매순,기간 미확인,A000000227682,알보우,[NEW] 알보우 헤어퍼퓸 미스트 50ml 로즈 퀴르,https://www.oliveyoung.co.kr/store/goods/getGoodsDetail.do?goodsNo=A000000227682&dispCatNo=100000100050013&trackingCd=Cat100000100050013_Small&t_page=카테고리관&t_click=향수_전체__상품상세&t_number=116,"28,350원",2026-09-05,data/korea_popularity/raw/oliveyoung_perfume_sales_20260905.har,288
oliveyoung,117,판매순,기간 미확인,A000000243940,알보우,알보우 헤어퍼퓸 미스트 50ml 모노크롬,https://www.oliveyoung.co.kr/store/goods/getGoodsDetail.do?goodsNo=A000000243940&dispCatNo=100000100050013&trackingCd=Cat100000100050013_Small&t_page=카테고리관&t_click=향수_전체__상품상세&t_number=117,"28,350원 ~",2026-09-05,data/korea_popularity/raw/oliveyoung_perfume_sales_20260905.har,288
oliveyoung,118,판매순,기간 미확인,A000000245927,스침,스침 헤어 우유 퍼퓸 50ml 기획 (+스크런치) / 단품 5종 택 1,https://www.oliveyoung.co.kr/store/goods/getGoodsDetail.do?goodsNo=A000000245927&dispCatNo=100000100050013&trackingCd=Cat100000100050013_Small&t_page=카테고리관&t_click=향수_전체__상품상세&t_number=118,"26,510원 ~",2026-09-05,data/korea_popularity/raw/oliveyoung_perfume_sales_20260905.har,288
oliveyoung,119,판매순,기간 미확인,A000000223192,플르부아,플르부아 헤어 퍼퓸 미스트 50mL 3종 중 택1,https://www.oliveyoung.co.kr/store/goods/getGoodsDetail.do?goodsNo=A000000223192&dispCatNo=100000100050013&trackingCd=Cat100000100050013_Small&t_page=카테고리관&t_click=향수_전체__상품상세&t_number=119,"22,470원 ~",2026-09-05,data/korea_popularity/raw/oliveyoung_perfume_sales_20260905.har,288
oliveyoung,120,판매순,기간 미확인,A000000152436,로맨띠끄,[명품향수/ 블랙베리&베이]로맨띠끄 블랙베리 퍼퓸 50ml,https://www.oliveyoung.co.kr/store/goods/getGoodsDetail.do?goodsNo=A000000152436&dispCatNo=100000100050013&trackingCd=Cat100000100050013_Small&t_page=카테고리관&t_click=향수_전체__상품상세&t_number=120,"18,810원",2026-09-05,data/korea_popularity/raw/oliveyoung_perfume_sales_20260905.har,288
oliveyoung,121,판매순,기간 미확인,A000000219064,슬로우허밍,[올영단독/헤어 퍼퓸 미니 증정] 슬로우허밍 플라워너리 릴리프 퍼퓸밤 플라워솝,https://www.oliveyoung.co.kr/store/goods/getGoodsDetail.do?goodsNo=A000000219064&dispCatNo=100000100050013&trackingCd=Cat100000100050013_Small&t_page=카테고리관&t_click=향수_전체__상품상세&t_number=121,"18,450원 ~",2026-09-05,data/korea_popularity/raw/oliveyoung_perfume_sales_20260905.har,288
oliveyoung,122,판매순,기간 미확인,A000000230245,저스트에즈아이엠,[무화과 수분충전] 아이엠 헤어 퍼퓸 미스트 100ml,https://www.oliveyoung.co.kr/store/goods/getGoodsDetail.do?goodsNo=A000000230245&dispCatNo=100000100050013&trackingCd=Cat100000100050013_Small&t_page=카테고리관&t_click=향수_전체__상품상세&t_number=122,"16,440원",2026-09-05,data/korea_popularity/raw/oliveyoung_perfume_sales_20260905.har,288
oliveyoung,123,판매순,기간 미확인,A000000189526,몽블랑,몽블랑 익스플로러 EDP 100ml,https://www.oliveyoung.co.kr/store/goods/getGoodsDetail.do?goodsNo=A000000189526&dispCatNo=100000100050013&trackingCd=Cat100000100050013_Small&t_page=카테고리관&t_click=향수_전체__상품상세&t_number=123,"105,330원",2026-09-05,data/korea_popularity/raw/oliveyoung_perfume_sales_20260905.har,288
oliveyoung,124,판매순,기간 미확인,A000000229420,돌체앤가바나,[베스트/리뉴얼] 돌체앤가바나 라이트블루 EDT 50ml,https://www.oliveyoung.co.kr/store/goods/getGoodsDetail.do?goodsNo=A000000229420&dispCatNo=100000100050013&trackingCd=Cat100000100050013_Small&t_page=카테고리관&t_click=향수_전체__상품상세&t_number=124,"95,370원",2026-09-05,data/korea_popularity/raw/oliveyoung_perfume_sales_20260905.har,288
oliveyoung,125,판매순,기간 미확인,A000000203627,끌로에,끌로에 노마드 EDP 30ml/50ml/50ml 기획,https://www.oliveyoung.co.kr/store/goods/getGoodsDetail.do?goodsNo=A000000203627&dispCatNo=100000100050013&trackingCd=Cat100000100050013_Small&t_page=카테고리관&t_click=향수_전체__상품상세&t_number=125,"84,870원 ~",2026-09-05,data/korea_popularity/raw/oliveyoung_perfume_sales_20260905.har,288
oliveyoung,126,판매순,기간 미확인,A000000004971,몽블랑,몽블랑 스타워커 오드뚜왈렛 75ml,https://www.oliveyoung.co.kr/store/goods/getGoodsDetail.do?goodsNo=A000000004971&dispCatNo=100000100050013&trackingCd=Cat100000100050013_Small&t_page=카테고리관&t_click=향수_전체__상품상세&t_number=126,"83,700원",2026-09-05,data/korea_popularity/raw/oliveyoung_perfume_sales_20260905.har,288
oliveyoung,127,판매순,기간 미확인,A000000183802,끌로에,끌로에 로즈탠저린 EDT 30ml/50ml,https://www.oliveyoung.co.kr/store/goods/getGoodsDetail.do?goodsNo=A000000183802&dispCatNo=100000100050013&trackingCd=Cat100000100050013_Small&t_page=카테고리관&t_click=향수_전체__상품상세&t_number=127,"69,000원 ~",2026-09-05,data/korea_popularity/raw/oliveyoung_perfume_sales_20260905.har,288
oliveyoung,128,판매순,기간 미확인,A000000192511,나르시소 로드리게즈,나르시소 로드리게즈 엉브레 EDP 30ml,https://www.oliveyoung.co.kr/store/goods/getGoodsDetail.do?goodsNo=A000000192511&dispCatNo=100000100050013&trackingCd=Cat100000100050013_Small&t_page=카테고리관&t_click=향수_전체__상품상세&t_number=128,"67,930원",2026-09-05,data/korea_popularity/raw/oliveyoung_perfume_sales_20260905.har,288
oliveyoung,129,판매순,기간 미확인,A000000267542,메르세데스 벤츠,메르세데스 벤츠 맨 EDT 100ml 기획 (+벤츠 맨 10ml),https://www.oliveyoung.co.kr/store/goods/getGoodsDetail.do?goodsNo=A000000267542&dispCatNo=100000100050013&trackingCd=Cat100000100050013_Small&t_page=카테고리관&t_click=향수_전체__상품상세&t_number=129,"66,410원 ~",2026-09-05,data/korea_popularity/raw/oliveyoung_perfume_sales_20260905.har,288
oliveyoung,130,판매순,기간 미확인,A000000262917,포스테스,포스테스 오 드 퍼퓸 50ml 프롬 생트로페 (2607 리뉴얼),https://www.oliveyoung.co.kr/store/goods/getGoodsDetail.do?goodsNo=A000000262917&dispCatNo=100000100050013&trackingCd=Cat100000100050013_Small&t_page=카테고리관&t_click=향수_전체__상품상세&t_number=130,"58,910원",2026-09-05,data/korea_popularity/raw/oliveyoung_perfume_sales_20260905.har,288
oliveyoung,131,판매순,기간 미확인,A000000141374,메르세데스 벤츠,메르세데스 벤츠 맨 EDT 30ml/50ml/100ml 3종 택1,https://www.oliveyoung.co.kr/store/goods/getGoodsDetail.do?goodsNo=A000000141374&dispCatNo=100000100050013&trackingCd=Cat100000100050013_Small&t_page=카테고리관&t_click=향수_전체__상품상세&t_number=131,"35,910원 ~",2026-09-05,data/korea_popularity/raw/oliveyoung_perfume_sales_20260905.har,288
oliveyoung,132,판매순,기간 미확인,A000000000431,랑방,랑방 메리미 EDP 30ml,https://www.oliveyoung.co.kr/store/goods/getGoodsDetail.do?goodsNo=A000000000431&dispCatNo=100000100050013&trackingCd=Cat100000100050013_Small&t_page=카테고리관&t_click=향수_전체__상품상세&t_number=132,"53,010원",2026-09-05,data/korea_popularity/raw/oliveyoung_perfume_sales_20260905.har,288
oliveyoung,133,판매순,기간 미확인,A000000137476,아리아나그란데,아리아나그란데 땡큐 넥스트 EDP 30ml 단품/기획 중 택1,https://www.oliveyoung.co.kr/store/goods/getGoodsDetail.do?goodsNo=A000000137476&dispCatNo=100000100050013&trackingCd=Cat100000100050013_Small&t_page=카테고리관&t_click=향수_전체__상품상세&t_number=133,"45,890원 ~",2026-09-05,data/korea_popularity/raw/oliveyoung_perfume_sales_20260905.har,288
oliveyoung,134,판매순,기간 미확인,A000000219281,클린,[단독기획] 클린 스트로베리필즈 EDP 60ml+10ML 롤러볼 증정 기획/ 단품 중 택1,https://www.oliveyoung.co.kr/store/goods/getGoodsDetail.do?goodsNo=A000000219281&dispCatNo=100000100050013&trackingCd=Cat100000100050013_Small&t_page=카테고리관&t_click=향수_전체__상품상세&t_number=134,"37,910원 ~",2026-09-05,data/korea_popularity/raw/oliveyoung_perfume_sales_20260905.har,288
oliveyoung,135,판매순,기간 미확인,A000000201145,헉슬리,헉슬리 퍼퓸 포트브레스 15ml,https://www.oliveyoung.co.kr/store/goods/getGoodsDetail.do?goodsNo=A000000201145&dispCatNo=100000100050013&trackingCd=Cat100000100050013_Small&t_page=카테고리관&t_click=향수_전체__상품상세&t_number=135,"36,480원",2026-09-05,data/korea_popularity/raw/oliveyoung_perfume_sales_20260905.har,288
oliveyoung,136,판매순,기간 미확인,A000000210160,루아페,[러블리데이트향수] 루아페 EDP 30ml 6종 택1 (단품/기획),https://www.oliveyoung.co.kr/store/goods/getGoodsDetail.do?goodsNo=A000000210160&dispCatNo=100000100050013&trackingCd=Cat100000100050013_Small&t_page=카테고리관&t_click=향수_전체__상품상세&t_number=136,"34,200원 ~",2026-09-05,data/korea_popularity/raw/oliveyoung_perfume_sales_20260905.har,288
oliveyoung,137,판매순,기간 미확인,A000000256743,에틀리에,[엔믹스릴리PICK] 에틀리에 오 드 퍼퓸 앰버버번 30ml,https://www.oliveyoung.co.kr/store/goods/getGoodsDetail.do?goodsNo=A000000256743&dispCatNo=100000100050013&trackingCd=Cat100000100050013_Small&t_page=카테고리관&t_click=향수_전체__상품상세&t_number=137,"32,850원",2026-09-05,data/korea_popularity/raw/oliveyoung_perfume_sales_20260905.har,288
oliveyoung,138,판매순,기간 미확인,A000000229857,아디다스(뷰티),[김재원PICK] 아디다스 해피필즈 EDP (30ml/100ml),https://www.oliveyoung.co.kr/store/goods/getGoodsDetail.do?goodsNo=A000000229857&dispCatNo=100000100050013&trackingCd=Cat100000100050013_Small&t_page=카테고리관&t_click=향수_전체__상품상세&t_number=138,"18,610원 ~",2026-09-05,data/korea_popularity/raw/oliveyoung_perfume_sales_20260905.har,288
oliveyoung,139,판매순,기간 미확인,A000000113250,필로소피,필로소피 EDT 15ml  5종 택1,https://www.oliveyoung.co.kr/store/goods/getGoodsDetail.do?goodsNo=A000000113250&dispCatNo=100000100050013&trackingCd=Cat100000100050013_Small&t_page=카테고리관&t_click=향수_전체__상품상세&t_number=139,"24,420원 ~",2026-09-05,data/korea_popularity/raw/oliveyoung_perfume_sales_20260905.har,288
oliveyoung,140,판매순,기간 미확인,A000000267372,아뜰리에페이,[NEW] 아뜰리에페이 헤어 퍼퓸 30ml 슬립핑 베이비,https://www.oliveyoung.co.kr/store/goods/getGoodsDetail.do?goodsNo=A000000267372&dispCatNo=100000100050013&trackingCd=Cat100000100050013_Small&t_page=카테고리관&t_click=향수_전체__상품상세&t_number=140,"22,500원",2026-09-05,data/korea_popularity/raw/oliveyoung_perfume_sales_20260905.har,288
oliveyoung,141,판매순,기간 미확인,A000000249002,그라펜,[기프트세트] 그라펜 타투 퍼퓸 원우드 29ml 선물세트(+코튼헤이즈솔리드퍼퓸 3g+기프트케이스),https://www.oliveyoung.co.kr/store/goods/getGoodsDetail.do?goodsNo=A000000249002&dispCatNo=100000100050013&trackingCd=Cat100000100050013_Small&t_page=카테고리관&t_click=향수_전체__상품상세&t_number=141,"22,100원",2026-09-05,data/korea_popularity/raw/oliveyoung_perfume_sales_20260905.har,288
oliveyoung,142,판매순,기간 미확인,A000000223726,어노브,어노브 오드퍼퓸 디스커버리 기획세트 2.5ml*5,https://www.oliveyoung.co.kr/store/goods/getGoodsDetail.do?goodsNo=A000000223726&dispCatNo=100000100050013&trackingCd=Cat100000100050013_Small&t_page=카테고리관&t_click=향수_전체__상품상세&t_number=142,"20,810원",2026-09-05,data/korea_popularity/raw/oliveyoung_perfume_sales_20260905.har,288
oliveyoung,143,판매순,기간 미확인,A000000249350,슬로우허밍,[단독기획] 슬로우허밍 헤어 퍼퓸 미스트 80ml 2종,https://www.oliveyoung.co.kr/store/goods/getGoodsDetail.do?goodsNo=A000000249350&dispCatNo=100000100050013&trackingCd=Cat100000100050013_Small&t_page=카테고리관&t_click=향수_전체__상품상세&t_number=143,"17,190원 ~",2026-09-05,data/korea_popularity/raw/oliveyoung_perfume_sales_20260905.har,288
oliveyoung,144,판매순,기간 미확인,A000000147445,지미추,지미추 아이 원 추 EDP 60ml,https://www.oliveyoung.co.kr/store/goods/getGoodsDetail.do?goodsNo=A000000147445&dispCatNo=100000100050013&trackingCd=Cat100000100050013_Small&t_page=카테고리관&t_click=향수_전체__상품상세&t_number=144,"101,840원",2026-09-05,data/korea_popularity/raw/oliveyoung_perfume_sales_20260905.har,288
oliveyoung,145,판매순,기간 미확인,A000000227309,나르시소 로드리게즈,[클린코튼향] 나르시소 로드리게즈 나르시소 래디언트 EDP (30ml/50ml),https://www.oliveyoung.co.kr/store/goods/getGoodsDetail.do?goodsNo=A000000227309&dispCatNo=100000100050013&trackingCd=Cat100000100050013_Small&t_page=카테고리관&t_click=향수_전체__상품상세&t_number=145,"66,500원 ~",2026-09-05,data/korea_popularity/raw/oliveyoung_perfume_sales_20260905.har,432
oliveyoung,146,판매순,기간 미확인,A000000187834,필로소피,필로소피 어메이징 그레이스 EDP 60ml,https://www.oliveyoung.co.kr/store/goods/getGoodsDetail.do?goodsNo=A000000187834&dispCatNo=100000100050013&trackingCd=Cat100000100050013_Small&t_page=카테고리관&t_click=향수_전체__상품상세&t_number=146,"65,010원",2026-09-05,data/korea_popularity/raw/oliveyoung_perfume_sales_20260905.har,432
oliveyoung,147,판매순,기간 미확인,A000000144484,존바바토스,존바바토스 아티산/아티산블랙 EDT 중 택1 (단품/기획),https://www.oliveyoung.co.kr/store/goods/getGoodsDetail.do?goodsNo=A000000144484&dispCatNo=100000100050013&trackingCd=Cat100000100050013_Small&t_page=카테고리관&t_click=향수_전체__상품상세&t_number=147,"66,410원 ~",2026-09-05,data/korea_popularity/raw/oliveyoung_perfume_sales_20260905.har,432
oliveyoung,148,판매순,기간 미확인,A000000163393,겐조,플라워바이겐조 EDP 30ml/50ml 2종 택1,https://www.oliveyoung.co.kr/store/goods/getGoodsDetail.do?goodsNo=A000000163393&dispCatNo=100000100050013&trackingCd=Cat100000100050013_Small&t_page=카테고리관&t_click=향수_전체__상품상세&t_number=148,"57,860원 ~",2026-09-05,data/korea_popularity/raw/oliveyoung_perfume_sales_20260905.har,432
oliveyoung,149,판매순,기간 미확인,A000000123934,몽블랑,몽블랑 익스플로러 EDP 30ml,https://www.oliveyoung.co.kr/store/goods/getGoodsDetail.do?goodsNo=A000000123934&dispCatNo=100000100050013&trackingCd=Cat100000100050013_Small&t_page=카테고리관&t_click=향수_전체__상품상세&t_number=149,"51,620원",2026-09-05,data/korea_popularity/raw/oliveyoung_perfume_sales_20260905.har,432
oliveyoung,150,판매순,기간 미확인,A000000149629,클린,클린 퓨어솝 EDP 30ml/60ml 2종 중 택1,https://www.oliveyoung.co.kr/store/goods/getGoodsDetail.do?goodsNo=A000000149629&dispCatNo=100000100050013&trackingCd=Cat100000100050013_Small&t_page=카테고리관&t_click=향수_전체__상품상세&t_number=150,"56,910원 ~",2026-09-05,data/korea_popularity/raw/oliveyoung_perfume_sales_20260905.har,432
oliveyoung,151,판매순,기간 미확인,A000000204315,존바바토스,[단독기획] 존바바토스 아티산/아티산 블랙 EDT 75ml 기획,https://www.oliveyoung.co.kr/store/goods/getGoodsDetail.do?goodsNo=A000000204315&dispCatNo=100000100050013&trackingCd=Cat100000100050013_Small&t_page=카테고리관&t_click=향수_전체__상품상세&t_number=151,"50,640원 ~",2026-09-05,data/korea_popularity/raw/oliveyoung_perfume_sales_20260905.har,432
oliveyoung,152,판매순,기간 미확인,A000000136753,아리아나그란데,아리아나그란데 스위트 라이크 캔디 EDP 30ml 기획(+땡큐넥스트 1.5ml 바이알),https://www.oliveyoung.co.kr/store/goods/getGoodsDetail.do?goodsNo=A000000136753&dispCatNo=100000100050013&trackingCd=Cat100000100050013_Small&t_page=카테고리관&t_click=향수_전체__상품상세&t_number=152,"45,890원 ~",2026-09-05,data/korea_popularity/raw/oliveyoung_perfume_sales_20260905.har,432
oliveyoung,153,판매순,기간 미확인,A000000210878,누다라,[우디/무화과향] 누다라 EDP 30ml 우드마벨,https://www.oliveyoung.co.kr/store/goods/getGoodsDetail.do?goodsNo=A000000210878&dispCatNo=100000100050013&trackingCd=Cat100000100050013_Small&t_page=카테고리관&t_click=향수_전체__상품상세&t_number=153,"45,880원",2026-09-05,data/korea_popularity/raw/oliveyoung_perfume_sales_20260905.har,432
oliveyoung,154,판매순,기간 미확인,A000000227445,헤레카,[트렌디한/우디향] 헤레카 스모키우드 퍼퓸 50ml,https://www.oliveyoung.co.kr/store/goods/getGoodsDetail.do?goodsNo=A000000227445&dispCatNo=100000100050013&trackingCd=Cat100000100050013_Small&t_page=카테고리관&t_click=향수_전체__상품상세&t_number=154,"42,750원",2026-09-05,data/korea_popularity/raw/oliveyoung_perfume_sales_20260905.har,432
oliveyoung,155,판매순,기간 미확인,A000000154028,다슈,다슈 프리미엄 퍼퓸 50ml 5종 택1 (아쿠아 다이브 외),https://www.oliveyoung.co.kr/store/goods/getGoodsDetail.do?goodsNo=A000000154028&dispCatNo=100000100050013&trackingCd=Cat100000100050013_Small&t_page=카테고리관&t_click=향수_전체__상품상세&t_number=155,"42,000원 ~",2026-09-05,data/korea_popularity/raw/oliveyoung_perfume_sales_20260905.har,432
oliveyoung,156,판매순,기간 미확인,A000000104640,제니퍼로페즈,제니퍼로페즈 글로우 바이제이로 EDT 50ml,https://www.oliveyoung.co.kr/store/goods/getGoodsDetail.do?goodsNo=A000000104640&dispCatNo=100000100050013&trackingCd=Cat100000100050013_Small&t_page=카테고리관&t_click=향수_전체__상품상세&t_number=156,"41,610원 ~",2026-09-05,data/korea_popularity/raw/oliveyoung_perfume_sales_20260905.har,432
oliveyoung,157,판매순,기간 미확인,A000000227858,테일러센츠,테일러센츠 오브제 퍼퓸 EDT 30ml 16종 택 1 (단품/기획),https://www.oliveyoung.co.kr/store/goods/getGoodsDetail.do?goodsNo=A000000227858&dispCatNo=100000100050013&trackingCd=Cat100000100050013_Small&t_page=카테고리관&t_click=향수_전체__상품상세&t_number=157,"41,400원 ~",2026-09-05,data/korea_popularity/raw/oliveyoung_perfume_sales_20260905.har,432
oliveyoung,158,판매순,기간 미확인,A000000208818,에이딕트,에이딕트 오 드 퍼퓸 보이드 우드 50ml,https://www.oliveyoung.co.kr/store/goods/getGoodsDetail.do?goodsNo=A000000208818&dispCatNo=100000100050013&trackingCd=Cat100000100050013_Small&t_page=카테고리관&t_click=향수_전체__상품상세&t_number=158,"36,960원",2026-09-05,data/korea_popularity/raw/oliveyoung_perfume_sales_20260905.har,432
oliveyoung,159,판매순,기간 미확인,A000000208826,에이딕트,에이딕트 오 드 퍼퓸 웜 애프터눈 50ml,https://www.oliveyoung.co.kr/store/goods/getGoodsDetail.do?goodsNo=A000000208826&dispCatNo=100000100050013&trackingCd=Cat100000100050013_Small&t_page=카테고리관&t_click=향수_전체__상품상세&t_number=159,"36,960원 ~",2026-09-05,data/korea_popularity/raw/oliveyoung_perfume_sales_20260905.har,432
oliveyoung,160,판매순,기간 미확인,A000000207725,키스,[NEW/스크런치 증정 기획] KEYTH 키스 오드뚜왈렛 50ml 택 1,https://www.oliveyoung.co.kr/store/goods/getGoodsDetail.do?goodsNo=A000000207725&dispCatNo=100000100050013&trackingCd=Cat100000100050013_Small&t_page=카테고리관&t_click=향수_전체__상품상세&t_number=160,"36,400원 ~",2026-09-05,data/korea_popularity/raw/oliveyoung_perfume_sales_20260905.har,432
oliveyoung,161,판매순,기간 미확인,A000000204901,호텔도슨,호텔도슨 셀프블룸 향수 오드퍼퓸 20ml [첫사랑향수],https://www.oliveyoung.co.kr/store/goods/getGoodsDetail.do?goodsNo=A000000204901&dispCatNo=100000100050013&trackingCd=Cat100000100050013_Small&t_page=카테고리관&t_click=향수_전체__상품상세&t_number=161,"34,830원",2026-09-05,data/korea_popularity/raw/oliveyoung_perfume_sales_20260905.har,432
oliveyoung,162,판매순,기간 미확인,A000000224967,루아페,[레몬비누향] 루아페 스티미 솝 EDP 30ml (단품/기획),https://www.oliveyoung.co.kr/store/goods/getGoodsDetail.do?goodsNo=A000000224967&dispCatNo=100000100050013&trackingCd=Cat100000100050013_Small&t_page=카테고리관&t_click=향수_전체__상품상세&t_number=162,"34,200원 ~",2026-09-05,data/korea_popularity/raw/oliveyoung_perfume_sales_20260905.har,432
oliveyoung,163,판매순,기간 미확인,A000000230035,아디다스(뷰티),[김재원PICK] 아디다스 풀 리차지 EDP (30ml기획/50ml/100ml),https://www.oliveyoung.co.kr/store/goods/getGoodsDetail.do?goodsNo=A000000230035&dispCatNo=100000100050013&trackingCd=Cat100000100050013_Small&t_page=카테고리관&t_click=향수_전체__상품상세&t_number=163,"25,370원 ~",2026-09-05,data/korea_popularity/raw/oliveyoung_perfume_sales_20260905.har,432
oliveyoung,164,판매순,기간 미확인,A000000267357,아뜰리에페이,[NEW] 아뜰리에페이 퍼퓸 30ml 던 인 오슬로,https://www.oliveyoung.co.kr/store/goods/getGoodsDetail.do?goodsNo=A000000267357&dispCatNo=100000100050013&trackingCd=Cat100000100050013_Small&t_page=카테고리관&t_click=향수_전체__상품상세&t_number=164,"32,400원",2026-09-05,data/korea_popularity/raw/oliveyoung_perfume_sales_20260905.har,432
oliveyoung,165,판매순,기간 미확인,A000000254542,벨벳바니,벨벳바니 스킨퍼퓸 80ml 포에버영,https://www.oliveyoung.co.kr/store/goods/getGoodsDetail.do?goodsNo=A000000254542&dispCatNo=100000100050013&trackingCd=Cat100000100050013_Small&t_page=카테고리관&t_click=향수_전체__상품상세&t_number=165,"25,900원",2026-09-05,data/korea_popularity/raw/oliveyoung_perfume_sales_20260905.har,432
oliveyoung,166,판매순,기간 미확인,A000000267381,아뜰리에페이,[NEW] 아뜰리에페이 헤어 퍼퓸 30ml 3종 택 1,https://www.oliveyoung.co.kr/store/goods/getGoodsDetail.do?goodsNo=A000000267381&dispCatNo=100000100050013&trackingCd=Cat100000100050013_Small&t_page=카테고리관&t_click=향수_전체__상품상세&t_number=166,"22,500원 ~",2026-09-05,data/korea_popularity/raw/oliveyoung_perfume_sales_20260905.har,432
oliveyoung,167,판매순,기간 미확인,A000000224306,에이딕트,[에탄올 FREE] 에이딕트 헤어 퍼퓸 30ml 버베나 레인 (단품/기획),https://www.oliveyoung.co.kr/store/goods/getGoodsDetail.do?goodsNo=A000000224306&dispCatNo=100000100050013&trackingCd=Cat100000100050013_Small&t_page=카테고리관&t_click=향수_전체__상품상세&t_number=167,"18,910원 ~",2026-09-05,data/korea_popularity/raw/oliveyoung_perfume_sales_20260905.har,432
oliveyoung,168,판매순,기간 미확인,A000000265217,912,912 니치향수 오드퍼퓸 40ml 4종 (화이트블랑/블랙베리/캘리포니아 어반투스/화이트 튜베로즈),https://www.oliveyoung.co.kr/store/goods/getGoodsDetail.do?goodsNo=A000000265217&dispCatNo=100000100050013&trackingCd=Cat100000100050013_Small&t_page=카테고리관&t_click=향수_전체__상품상세&t_number=168,"18,000원 ~",2026-09-05,data/korea_popularity/raw/oliveyoung_perfume_sales_20260905.har,432
oliveyoung,169,판매순,기간 미확인,A000000249281,티블레스,티블레스 오일퍼퓸 5ml 3종 중 택 1 (얼그레이티/앰버 우드/머스크 향),https://www.oliveyoung.co.kr/store/goods/getGoodsDetail.do?goodsNo=A000000249281&dispCatNo=100000100050013&trackingCd=Cat100000100050013_Small&t_page=카테고리관&t_click=향수_전체__상품상세&t_number=169,"10,950원 ~",2026-09-05,data/korea_popularity/raw/oliveyoung_perfume_sales_20260905.har,432
oliveyoung,170,판매순,기간 미확인,A000000229448,돌체앤가바나,[베스트/리뉴얼] 돌체앤가바나 라이트블루 뿌르 옴므 EDT 100ml,https://www.oliveyoung.co.kr/store/goods/getGoodsDetail.do?goodsNo=A000000229448&dispCatNo=100000100050013&trackingCd=Cat100000100050013_Small&t_page=카테고리관&t_click=향수_전체__상품상세&t_number=170,"112,710원",2026-09-05,data/korea_popularity/raw/oliveyoung_perfume_sales_20260905.har,432
oliveyoung,171,판매순,기간 미확인,A000000249459,이세이미야케,"이세이미야케 베스트 상품 추천템 (뤼미에르 디세이 EDP/르셀디세이 EDP, EDT, PFM)",https://www.oliveyoung.co.kr/store/goods/getGoodsDetail.do?goodsNo=A000000249459&dispCatNo=100000100050013&trackingCd=Cat100000100050013_Small&t_page=카테고리관&t_click=향수_전체__상품상세&t_number=171,"68,550원 ~",2026-09-05,data/korea_popularity/raw/oliveyoung_perfume_sales_20260905.har,432
oliveyoung,172,판매순,기간 미확인,A000000161643,끌로에,끌로에 나츄렐 EDP 30ml/50ml,https://www.oliveyoung.co.kr/store/goods/getGoodsDetail.do?goodsNo=A000000161643&dispCatNo=100000100050013&trackingCd=Cat100000100050013_Small&t_page=카테고리관&t_click=향수_전체__상품상세&t_number=172,"125,580원 ~",2026-09-05,data/korea_popularity/raw/oliveyoung_perfume_sales_20260905.har,432
oliveyoung,173,판매순,기간 미확인,A000000230831,이세이미야케,이세이미야케 르 셀 디세이 EDP (50ml/100ml),https://www.oliveyoung.co.kr/store/goods/getGoodsDetail.do?goodsNo=A000000230831&dispCatNo=100000100050013&trackingCd=Cat100000100050013_Small&t_page=카테고리관&t_click=향수_전체__상품상세&t_number=173,"72,540원 ~",2026-09-05,data/korea_popularity/raw/oliveyoung_perfume_sales_20260905.har,432
oliveyoung,174,판매순,기간 미확인,A000000171370,로이비,로이비 오드퍼퓸 50ml,https://www.oliveyoung.co.kr/store/goods/getGoodsDetail.do?goodsNo=A000000171370&dispCatNo=100000100050013&trackingCd=Cat100000100050013_Small&t_page=카테고리관&t_click=향수_전체__상품상세&t_number=174,"84,550원 ~",2026-09-05,data/korea_popularity/raw/oliveyoung_perfume_sales_20260905.har,432
oliveyoung,175,판매순,기간 미확인,A000000262915,코치,코치 체리 퍼퓸 50ml/30ml,https://www.oliveyoung.co.kr/store/goods/getGoodsDetail.do?goodsNo=A000000262915&dispCatNo=100000100050013&trackingCd=Cat100000100050013_Small&t_page=카테고리관&t_click=향수_전체__상품상세&t_number=175,"99,610원 ~",2026-09-05,data/korea_popularity/raw/oliveyoung_perfume_sales_20260905.har,432
oliveyoung,176,판매순,기간 미확인,A000000106821,베르사체,베르사체 에로스 EDT 50ml 택1,https://www.oliveyoung.co.kr/store/goods/getGoodsDetail.do?goodsNo=A000000106821&dispCatNo=100000100050013&trackingCd=Cat100000100050013_Small&t_page=카테고리관&t_click=향수_전체__상품상세&t_number=176,"81,230원 ~",2026-09-05,data/korea_popularity/raw/oliveyoung_perfume_sales_20260905.har,432
oliveyoung,177,판매순,기간 미확인,A000000189581,베르사체,[NEW] 베르사체 맨 오 프레쉬 50ml (단품/기획),https://www.oliveyoung.co.kr/store/goods/getGoodsDetail.do?goodsNo=A000000189581&dispCatNo=100000100050013&trackingCd=Cat100000100050013_Small&t_page=카테고리관&t_click=향수_전체__상품상세&t_number=177,"81,230원 ~",2026-09-05,data/korea_popularity/raw/oliveyoung_perfume_sales_20260905.har,432
oliveyoung,178,판매순,기간 미확인,A000000255413,랑방,"랑방 에끌라 드 아르페쥬 화이트 티 EDP 50ml (단품,기획)",https://www.oliveyoung.co.kr/store/goods/getGoodsDetail.do?goodsNo=A000000255413&dispCatNo=100000100050013&trackingCd=Cat100000100050013_Small&t_page=카테고리관&t_click=향수_전체__상품상세&t_number=178,"80,640원 ~",2026-09-05,data/korea_popularity/raw/oliveyoung_perfume_sales_20260905.har,432
oliveyoung,179,판매순,기간 미확인,A000000142177,랄프로렌,랄프로렌 폴로 랄프 EDT 50ml,https://www.oliveyoung.co.kr/store/goods/getGoodsDetail.do?goodsNo=A000000142177&dispCatNo=100000100050013&trackingCd=Cat100000100050013_Small&t_page=카테고리관&t_click=향수_전체__상품상세&t_number=179,"72,200원",2026-09-05,data/korea_popularity/raw/oliveyoung_perfume_sales_20260905.har,432
oliveyoung,180,판매순,기간 미확인,A000000256458,이세이미야케,이세이미야케 뤼미에르 디세이 EDP (30ml/50ml),https://www.oliveyoung.co.kr/store/goods/getGoodsDetail.do?goodsNo=A000000256458&dispCatNo=100000100050013&trackingCd=Cat100000100050013_Small&t_page=카테고리관&t_click=향수_전체__상품상세&t_number=180,"71,110원 ~",2026-09-05,data/korea_popularity/raw/oliveyoung_perfume_sales_20260905.har,432
oliveyoung,181,판매순,기간 미확인,A000000013437,몽블랑,몽블랑 레전드 스피릿 EDT 50ml,https://www.oliveyoung.co.kr/store/goods/getGoodsDetail.do?goodsNo=A000000013437&dispCatNo=100000100050013&trackingCd=Cat100000100050013_Small&t_page=카테고리관&t_click=향수_전체__상품상세&t_number=181,"70,450원",2026-09-05,data/korea_popularity/raw/oliveyoung_perfume_sales_20260905.har,432
oliveyoung,182,판매순,기간 미확인,A000000111388,나르시소 로드리게즈,나르시소 로드리게즈 포 허 EDT (30ml/50ml),https://www.oliveyoung.co.kr/store/goods/getGoodsDetail.do?goodsNo=A000000111388&dispCatNo=100000100050013&trackingCd=Cat100000100050013_Small&t_page=카테고리관&t_click=향수_전체__상품상세&t_number=182,"57,430원 ~",2026-09-05,data/korea_popularity/raw/oliveyoung_perfume_sales_20260905.har,432
oliveyoung,183,판매순,기간 미확인,A000000159676,메르세데스 벤츠,메르세데스 벤츠 맨 프레쉬 EDT 100ml,https://www.oliveyoung.co.kr/store/goods/getGoodsDetail.do?goodsNo=A000000159676&dispCatNo=100000100050013&trackingCd=Cat100000100050013_Small&t_page=카테고리관&t_click=향수_전체__상품상세&t_number=183,"66,410원",2026-09-05,data/korea_popularity/raw/oliveyoung_perfume_sales_20260905.har,432
oliveyoung,184,판매순,기간 미확인,A000000187568,마이클코어스,마이클 코어스 고저스 오드퍼퓸 30ml/50ml/100ml 택1,https://www.oliveyoung.co.kr/store/goods/getGoodsDetail.do?goodsNo=A000000187568&dispCatNo=100000100050013&trackingCd=Cat100000100050013_Small&t_page=카테고리관&t_click=향수_전체__상품상세&t_number=184,"66,410원 ~",2026-09-05,data/korea_popularity/raw/oliveyoung_perfume_sales_20260905.har,432
oliveyoung,185,판매순,기간 미확인,A000000159552,필로소피,필로소피 퓨어 그레이스 EDP 60ml,https://www.oliveyoung.co.kr/store/goods/getGoodsDetail.do?goodsNo=A000000159552&dispCatNo=100000100050013&trackingCd=Cat100000100050013_Small&t_page=카테고리관&t_click=향수_전체__상품상세&t_number=185,"65,010원",2026-09-05,data/korea_popularity/raw/oliveyoung_perfume_sales_20260905.har,432
oliveyoung,186,판매순,기간 미확인,A000000149024,베르사체,베르사체 오프레쉬 맨 30ml 기획(+5ml 미니어처),https://www.oliveyoung.co.kr/store/goods/getGoodsDetail.do?goodsNo=A000000149024&dispCatNo=100000100050013&trackingCd=Cat100000100050013_Small&t_page=카테고리관&t_click=향수_전체__상품상세&t_number=186,"63,560원 ~",2026-09-05,data/korea_popularity/raw/oliveyoung_perfume_sales_20260905.har,432
oliveyoung,187,판매순,기간 미확인,A000000004973,몽블랑,몽블랑 스타워커 오드뚜왈렛 50ml,https://www.oliveyoung.co.kr/store/goods/getGoodsDetail.do?goodsNo=A000000004973&dispCatNo=100000100050013&trackingCd=Cat100000100050013_Small&t_page=카테고리관&t_click=향수_전체__상품상세&t_number=187,"62,780원",2026-09-05,data/korea_popularity/raw/oliveyoung_perfume_sales_20260905.har,432
oliveyoung,188,판매순,기간 미확인,A000000012155,지미추,지미추 블러썸 EDP 40ml,https://www.oliveyoung.co.kr/store/goods/getGoodsDetail.do?goodsNo=A000000012155&dispCatNo=100000100050013&trackingCd=Cat100000100050013_Small&t_page=카테고리관&t_click=향수_전체__상품상세&t_number=188,"61,380원",2026-09-05,data/korea_popularity/raw/oliveyoung_perfume_sales_20260905.har,432
oliveyoung,189,판매순,기간 미확인,A000000262885,포스테스,포스테스 오 드 퍼퓸 50ml 프롬 서울 단품/기획(+트래블 러기지택 핑크),https://www.oliveyoung.co.kr/store/goods/getGoodsDetail.do?goodsNo=A000000262885&dispCatNo=100000100050013&trackingCd=Cat100000100050013_Small&t_page=카테고리관&t_click=향수_전체__상품상세&t_number=189,"58,910원 ~",2026-09-05,data/korea_popularity/raw/oliveyoung_perfume_sales_20260905.har,432
oliveyoung,190,판매순,기간 미확인,A000000183309,캘빈클라인,캘빈클라인 CK 에브리원 EDP 50ml/100ml,https://www.oliveyoung.co.kr/store/goods/getGoodsDetail.do?goodsNo=A000000183309&dispCatNo=100000100050013&trackingCd=Cat100000100050013_Small&t_page=카테고리관&t_click=향수_전체__상품상세&t_number=190,"49,590원 ~",2026-09-05,data/korea_popularity/raw/oliveyoung_perfume_sales_20260905.har,432
oliveyoung,191,판매순,기간 미확인,A000000203335,알보우,[지원PICK] 알보우 케이스 스터디 EDP 30ml 앰버 생귄,https://www.oliveyoung.co.kr/store/goods/getGoodsDetail.do?goodsNo=A000000203335&dispCatNo=100000100050013&trackingCd=Cat100000100050013_Small&t_page=카테고리관&t_click=향수_전체__상품상세&t_number=191,"58,140원",2026-09-05,data/korea_popularity/raw/oliveyoung_perfume_sales_20260905.har,432
oliveyoung,192,판매순,기간 미확인,A000000203341,알보우,[기획&단품] 알보우 케이스 스터디 EDP 30ml 5종 중 택 1,https://www.oliveyoung.co.kr/store/goods/getGoodsDetail.do?goodsNo=A000000203341&dispCatNo=100000100050013&trackingCd=Cat100000100050013_Small&t_page=카테고리관&t_click=향수_전체__상품상세&t_number=192,"58,140원 ~",2026-09-05,data/korea_popularity/raw/oliveyoung_perfume_sales_20260905.har,432
oliveyoung,193,판매순,기간 미확인,A000000202710,아로,아로 풀 문 블로썸 EDT 50ml,https://www.oliveyoung.co.kr/store/goods/getGoodsDetail.do?goodsNo=A000000202710&dispCatNo=100000100050013&trackingCd=Cat100000100050013_Small&t_page=카테고리관&t_click=향수_전체__상품상세&t_number=193,"55,530원",2026-09-05,data/korea_popularity/raw/oliveyoung_perfume_sales_20260905.har,574
oliveyoung,194,판매순,기간 미확인,A000000201228,리베르,[금목서 향수] 리베르 오 드 퍼퓸 플라워 소사이어티 30ml,https://www.oliveyoung.co.kr/store/goods/getGoodsDetail.do?goodsNo=A000000201228&dispCatNo=100000100050013&trackingCd=Cat100000100050013_Small&t_page=카테고리관&t_click=향수_전체__상품상세&t_number=194,"53,200원",2026-09-05,data/korea_popularity/raw/oliveyoung_perfume_sales_20260905.har,574
oliveyoung,195,판매순,기간 미확인,A000000002289,몽블랑,몽블랑 레전드 EDT 30ml,https://www.oliveyoung.co.kr/store/goods/getGoodsDetail.do?goodsNo=A000000002289&dispCatNo=100000100050013&trackingCd=Cat100000100050013_Small&t_page=카테고리관&t_click=향수_전체__상품상세&t_number=195,"53,010원",2026-09-05,data/korea_popularity/raw/oliveyoung_perfume_sales_20260905.har,574
oliveyoung,196,판매순,기간 미확인,A000000193156,존바바토스,존바바토스 아티산 블랙 EDT 75ml  (+공병) 기획,https://www.oliveyoung.co.kr/store/goods/getGoodsDetail.do?goodsNo=A000000193156&dispCatNo=100000100050013&trackingCd=Cat100000100050013_Small&t_page=카테고리관&t_click=향수_전체__상품상세&t_number=196,"50,640원",2026-09-05,data/korea_popularity/raw/oliveyoung_perfume_sales_20260905.har,574
oliveyoung,197,판매순,기간 미확인,A000000000444,랑방,랑방 에끌라 드 아르페쥬 EDP 30ml,https://www.oliveyoung.co.kr/store/goods/getGoodsDetail.do?goodsNo=A000000000444&dispCatNo=100000100050013&trackingCd=Cat100000100050013_Small&t_page=카테고리관&t_click=향수_전체__상품상세&t_number=197,"48,830원 ~",2026-09-05,data/korea_popularity/raw/oliveyoung_perfume_sales_20260905.har,574
oliveyoung,198,판매순,기간 미확인,A000000241721,홀리바넘,홀리바넘 오 드 뚜왈렛 30ml 썸머 브레이크,https://www.oliveyoung.co.kr/store/goods/getGoodsDetail.do?goodsNo=A000000241721&dispCatNo=100000100050013&trackingCd=Cat100000100050013_Small&t_page=카테고리관&t_click=향수_전체__상품상세&t_number=198,"48,060원",2026-09-05,data/korea_popularity/raw/oliveyoung_perfume_sales_20260905.har,574
oliveyoung,199,판매순,기간 미확인,A000000136751,아리아나그란데,아리아나그란데 아리 EDP 30ml 기획(+땡큐넥스트 1.5ml 바이알),https://www.oliveyoung.co.kr/store/goods/getGoodsDetail.do?goodsNo=A000000136751&dispCatNo=100000100050013&trackingCd=Cat100000100050013_Small&t_page=카테고리관&t_click=향수_전체__상품상세&t_number=199,"45,890원 ~",2026-09-05,data/korea_popularity/raw/oliveyoung_perfume_sales_20260905.har,574
oliveyoung,200,판매순,기간 미확인,A000000238663,아리아나그란데,아리아나그란데 땡큐 넥스트 2.0 EDP 30ml 단품/기획 중 택1,https://www.oliveyoung.co.kr/store/goods/getGoodsDetail.do?goodsNo=A000000238663&dispCatNo=100000100050013&trackingCd=Cat100000100050013_Small&t_page=카테고리관&t_click=향수_전체__상품상세&t_number=200,"45,890원 ~",2026-09-05,data/korea_popularity/raw/oliveyoung_perfume_sales_20260905.har,574
oliveyoung,201,판매순,기간 미확인,A000000247593,타미힐피거,"타미힐피거 타미 뉴욕/타미걸 뉴욕 EDT 30ml,50ml  중 택 1",https://www.oliveyoung.co.kr/store/goods/getGoodsDetail.do?goodsNo=A000000247593&dispCatNo=100000100050013&trackingCd=Cat100000100050013_Small&t_page=카테고리관&t_click=향수_전체__상품상세&t_number=201,"31,920원 ~",2026-09-05,data/korea_popularity/raw/oliveyoung_perfume_sales_20260905.har,574
oliveyoung,202,판매순,기간 미확인,A000000204074,데메테르 어스,"데메테르 어스 리프레싱 오 파퓨메 EDP 30ml/50ml 자킨토스,그리스",https://www.oliveyoung.co.kr/store/goods/getGoodsDetail.do?goodsNo=A000000204074&dispCatNo=100000100050013&trackingCd=Cat100000100050013_Small&t_page=카테고리관&t_click=향수_전체__상품상세&t_number=202,"39,240원 ~",2026-09-05,data/korea_popularity/raw/oliveyoung_perfume_sales_20260905.har,574
oliveyoung,203,판매순,기간 미확인,A000000184180,클린,클린 애플블로썸 EDP 30/60ml 2종 중 택1,https://www.oliveyoung.co.kr/store/goods/getGoodsDetail.do?goodsNo=A000000184180&dispCatNo=100000100050013&trackingCd=Cat100000100050013_Small&t_page=카테고리관&t_click=향수_전체__상품상세&t_number=203,"37,910원 ~",2026-09-05,data/korea_popularity/raw/oliveyoung_perfume_sales_20260905.har,574
oliveyoung,204,판매순,기간 미확인,A000000209110,든향,"[품절대란/베스트] 든향 EDP 15ml 3종 (스팀아워,히노끼레인,파자마)",https://www.oliveyoung.co.kr/store/goods/getGoodsDetail.do?goodsNo=A000000209110&dispCatNo=100000100050013&trackingCd=Cat100000100050013_Small&t_page=카테고리관&t_click=향수_전체__상품상세&t_number=204,"37,800원 ~",2026-09-05,data/korea_popularity/raw/oliveyoung_perfume_sales_20260905.har,574
oliveyoung,205,판매순,기간 미확인,A000000249280,티블레스,[올영1위향수] 티블레스 퍼퓸 30ml 3종 중 택 1,https://www.oliveyoung.co.kr/store/goods/getGoodsDetail.do?goodsNo=A000000249280&dispCatNo=100000100050013&trackingCd=Cat100000100050013_Small&t_page=카테고리관&t_click=향수_전체__상품상세&t_number=205,"36,960원 ~",2026-09-05,data/korea_popularity/raw/oliveyoung_perfume_sales_20260905.har,574
oliveyoung,206,판매순,기간 미확인,A000000236503,필로소피,[원지안PICK] 필로소피 프레쉬크림 웜캐시미어 EDT (15ml/60ml/60ml파우치기획),https://www.oliveyoung.co.kr/store/goods/getGoodsDetail.do?goodsNo=A000000236503&dispCatNo=100000100050013&trackingCd=Cat100000100050013_Small&t_page=카테고리관&t_click=향수_전체__상품상세&t_number=206,"20,930원 ~",2026-09-05,data/korea_popularity/raw/oliveyoung_perfume_sales_20260905.har,574
oliveyoung,207,판매순,기간 미확인,A000000224744,루아페,[포근코튼향] 루아페 코지 머스크 EDP 30ml,https://www.oliveyoung.co.kr/store/goods/getGoodsDetail.do?goodsNo=A000000224744&dispCatNo=100000100050013&trackingCd=Cat100000100050013_Small&t_page=카테고리관&t_click=향수_전체__상품상세&t_number=207,"34,200원",2026-09-05,data/korea_popularity/raw/oliveyoung_perfume_sales_20260905.har,574
oliveyoung,208,판매순,기간 미확인,A000000248071,에틀리에,[엔믹스해원PICK] 에틀리에 오 드 퍼퓸 플라워 앤 슈가 30ml,https://www.oliveyoung.co.kr/store/goods/getGoodsDetail.do?goodsNo=A000000248071&dispCatNo=100000100050013&trackingCd=Cat100000100050013_Small&t_page=카테고리관&t_click=향수_전체__상품상세&t_number=208,"32,850원",2026-09-05,data/korea_popularity/raw/oliveyoung_perfume_sales_20260905.har,574
oliveyoung,209,판매순,기간 미확인,A000000248073,에틀리에,[엔믹스규진PICK] 에틀리에 오 드 퍼퓸 트와일라잇블룸 30ml/10ml,https://www.oliveyoung.co.kr/store/goods/getGoodsDetail.do?goodsNo=A000000248073&dispCatNo=100000100050013&trackingCd=Cat100000100050013_Small&t_page=카테고리관&t_click=향수_전체__상품상세&t_number=209,"15,940원 ~",2026-09-05,data/korea_popularity/raw/oliveyoung_perfume_sales_20260905.har,574
oliveyoung,210,판매순,기간 미확인,A000000248076,에틀리에,[엔믹스배이PICK] 에틀리에 오 드 퍼퓸 바닐라앤라벤더 30ml,https://www.oliveyoung.co.kr/store/goods/getGoodsDetail.do?goodsNo=A000000248076&dispCatNo=100000100050013&trackingCd=Cat100000100050013_Small&t_page=카테고리관&t_click=향수_전체__상품상세&t_number=210,"32,850원",2026-09-05,data/korea_popularity/raw/oliveyoung_perfume_sales_20260905.har,574
oliveyoung,211,판매순,기간 미확인,A000000203682,로이비,[미니향수] 로이비 오드퍼퓸 베르가못 앤 화이트로즈 18ml,https://www.oliveyoung.co.kr/store/goods/getGoodsDetail.do?goodsNo=A000000203682&dispCatNo=100000100050013&trackingCd=Cat100000100050013_Small&t_page=카테고리관&t_click=향수_전체__상품상세&t_number=211,"32,590원",2026-09-05,data/korea_popularity/raw/oliveyoung_perfume_sales_20260905.har,574
oliveyoung,212,판매순,기간 미확인,A000000143723,아이젠틀맨,[시그니처] 아이젠틀맨 오드퍼퓸 50ml(3가지향),https://www.oliveyoung.co.kr/store/goods/getGoodsDetail.do?goodsNo=A000000143723&dispCatNo=100000100050013&trackingCd=Cat100000100050013_Small&t_page=카테고리관&t_click=향수_전체__상품상세&t_number=212,"31,450원 ~",2026-09-05,data/korea_popularity/raw/oliveyoung_perfume_sales_20260905.har,574
oliveyoung,213,판매순,기간 미확인,A000000191597,타미힐피거,타미힐피거 타미/타미걸 EDT 30ml 2종 중 택1,https://www.oliveyoung.co.kr/store/goods/getGoodsDetail.do?goodsNo=A000000191597&dispCatNo=100000100050013&trackingCd=Cat100000100050013_Small&t_page=카테고리관&t_click=향수_전체__상품상세&t_number=213,"29,930원 ~",2026-09-05,data/korea_popularity/raw/oliveyoung_perfume_sales_20260905.har,574
oliveyoung,214,판매순,기간 미확인,A000000252066,마크니,[NEW] 마크니 오 드 퍼퓸 30ml 4종,https://www.oliveyoung.co.kr/store/goods/getGoodsDetail.do?goodsNo=A000000252066&dispCatNo=100000100050013&trackingCd=Cat100000100050013_Small&t_page=카테고리관&t_click=향수_전체__상품상세&t_number=214,"29,840원 ~",2026-09-05,data/korea_popularity/raw/oliveyoung_perfume_sales_20260905.har,574
oliveyoung,215,판매순,기간 미확인,A000000159757,더바디샵,더바디샵 화이트 머스크 EDT 30ml,https://www.oliveyoung.co.kr/store/goods/getGoodsDetail.do?goodsNo=A000000159757&dispCatNo=100000100050013&trackingCd=Cat100000100050013_Small&t_page=카테고리관&t_click=향수_전체__상품상세&t_number=215,"28,800원",2026-09-05,data/korea_popularity/raw/oliveyoung_perfume_sales_20260905.har,574
oliveyoung,216,판매순,기간 미확인,A000000265213,912,912 니치향수 엑스트레 드 퍼퓸 40m 4종 (화이트블랑/블랙베리/캘리포니아 어반투스/힐우드),https://www.oliveyoung.co.kr/store/goods/getGoodsDetail.do?goodsNo=A000000265213&dispCatNo=100000100050013&trackingCd=Cat100000100050013_Small&t_page=카테고리관&t_click=향수_전체__상품상세&t_number=216,"28,350원 ~",2026-09-05,data/korea_popularity/raw/oliveyoung_perfume_sales_20260905.har,574
oliveyoung,217,판매순,기간 미확인,A000000249628,클린,"클린 헤어&바디 퍼퓸 미스트 로즈올데이 88ml,236ml (단품/기획)",https://www.oliveyoung.co.kr/store/goods/getGoodsDetail.do?goodsNo=A000000249628&dispCatNo=100000100050013&trackingCd=Cat100000100050013_Small&t_page=카테고리관&t_click=향수_전체__상품상세&t_number=217,"28,000원 ~",2026-09-05,data/korea_popularity/raw/oliveyoung_perfume_sales_20260905.har,574
oliveyoung,218,판매순,기간 미확인,A000000219518,포맨트,[박지훈 PICK] 포맨트 시그니처 헤어 퍼퓸 30ml 3종 택 1,https://www.oliveyoung.co.kr/store/goods/getGoodsDetail.do?goodsNo=A000000219518&dispCatNo=100000100050013&trackingCd=Cat100000100050013_Small&t_page=카테고리관&t_click=향수_전체__상품상세&t_number=218,"26,130원 ~",2026-09-05,data/korea_popularity/raw/oliveyoung_perfume_sales_20260905.har,574
oliveyoung,219,판매순,기간 미확인,A000000254544,벨벳바니,벨벳바니 스킨퍼퓸 80ml 퍼스트러브,https://www.oliveyoung.co.kr/store/goods/getGoodsDetail.do?goodsNo=A000000254544&dispCatNo=100000100050013&trackingCd=Cat100000100050013_Small&t_page=카테고리관&t_click=향수_전체__상품상세&t_number=219,"25,900원",2026-09-05,data/korea_popularity/raw/oliveyoung_perfume_sales_20260905.har,574
oliveyoung,220,판매순,기간 미확인,A000000254545,벨벳바니,벨벳바니 스킨퍼퓸 80ml 마이선샤인,https://www.oliveyoung.co.kr/store/goods/getGoodsDetail.do?goodsNo=A000000254545&dispCatNo=100000100050013&trackingCd=Cat100000100050013_Small&t_page=카테고리관&t_click=향수_전체__상품상세&t_number=220,"25,900원",2026-09-05,data/korea_popularity/raw/oliveyoung_perfume_sales_20260905.har,574
oliveyoung,221,판매순,기간 미확인,A000000254547,벨벳바니,벨벳바니 스킨퍼퓸 80ml 실키모닝,https://www.oliveyoung.co.kr/store/goods/getGoodsDetail.do?goodsNo=A000000254547&dispCatNo=100000100050013&trackingCd=Cat100000100050013_Small&t_page=카테고리관&t_click=향수_전체__상품상세&t_number=221,"25,900원",2026-09-05,data/korea_popularity/raw/oliveyoung_perfume_sales_20260905.har,574
oliveyoung,222,판매순,기간 미확인,A000000229293,랑콤,랑콤 이돌 오 드 퍼퓸 25ml/50ml/100ml,https://www.oliveyoung.co.kr/store/goods/getGoodsDetail.do?goodsNo=A000000229293&dispCatNo=100000100050013&trackingCd=Cat100000100050013_Small&t_page=카테고리관&t_click=향수_전체__상품상세&t_number=222,"214,140원 ~",2026-09-05,data/korea_popularity/raw/oliveyoung_perfume_sales_20260905.har,574
oliveyoung,223,판매순,기간 미확인,A000000249267,메모,[NEW] 메모 오데옹 오드퍼퓸 30ml,https://www.oliveyoung.co.kr/store/goods/getGoodsDetail.do?goodsNo=A000000249267&dispCatNo=100000100050013&trackingCd=Cat100000100050013_Small&t_page=카테고리관&t_click=향수_전체__상품상세&t_number=223,"198,550원",2026-09-05,data/korea_popularity/raw/oliveyoung_perfume_sales_20260905.har,574
oliveyoung,224,판매순,기간 미확인,A000000219850,나르시소 로드리게즈,나르시소 로드리게즈 포 허 인텐스 EDP (30ml/50ml),https://www.oliveyoung.co.kr/store/goods/getGoodsDetail.do?goodsNo=A000000219850&dispCatNo=100000100050013&trackingCd=Cat100000100050013_Small&t_page=카테고리관&t_click=향수_전체__상품상세&t_number=224,"72,540원 ~",2026-09-05,data/korea_popularity/raw/oliveyoung_perfume_sales_20260905.har,574
oliveyoung,225,판매순,기간 미확인,A000000229447,돌체앤가바나,[NEW/리뉴얼] 돌체앤가바나 라이트블루 뿌르 옴므 EDT 50ml,https://www.oliveyoung.co.kr/store/goods/getGoodsDetail.do?goodsNo=A000000229447&dispCatNo=100000100050013&trackingCd=Cat100000100050013_Small&t_page=카테고리관&t_click=향수_전체__상품상세&t_number=225,"82,370원",2026-09-05,data/korea_popularity/raw/oliveyoung_perfume_sales_20260905.har,574
oliveyoung,226,판매순,기간 미확인,A000000230677,베르사체,베르사체 에로스 5종 택1,https://www.oliveyoung.co.kr/store/goods/getGoodsDetail.do?goodsNo=A000000230677&dispCatNo=100000100050013&trackingCd=Cat100000100050013_Small&t_page=카테고리관&t_click=향수_전체__상품상세&t_number=226,"81,230원 ~",2026-09-05,data/korea_popularity/raw/oliveyoung_perfume_sales_20260905.har,574
oliveyoung,227,판매순,기간 미확인,A000000210423,나르시소 로드리게즈,나르시소 로드리게즈 올 오브 미 인텐스 EDP (30ml/50ml/기획),https://www.oliveyoung.co.kr/store/goods/getGoodsDetail.do?goodsNo=A000000210423&dispCatNo=100000100050013&trackingCd=Cat100000100050013_Small&t_page=카테고리관&t_click=향수_전체__상품상세&t_number=227,"69,200원 ~",2026-09-05,data/korea_popularity/raw/oliveyoung_perfume_sales_20260905.har,574
oliveyoung,228,판매순,기간 미확인,A000000199398,랑방,랑방 레 플레르 드 랑방 스위트 자스민 EDT 50ml/90ml,https://www.oliveyoung.co.kr/store/goods/getGoodsDetail.do?goodsNo=A000000199398&dispCatNo=100000100050013&trackingCd=Cat100000100050013_Small&t_page=카테고리관&t_click=향수_전체__상품상세&t_number=228,"66,270원 ~",2026-09-05,data/korea_popularity/raw/oliveyoung_perfume_sales_20260905.har,574
oliveyoung,229,판매순,기간 미확인,A000000224156,필로소피,필로소피 어메이징 그레이스 발레로즈 EDP 60ml,https://www.oliveyoung.co.kr/store/goods/getGoodsDetail.do?goodsNo=A000000224156&dispCatNo=100000100050013&trackingCd=Cat100000100050013_Small&t_page=카테고리관&t_click=향수_전체__상품상세&t_number=229,"65,010원",2026-09-05,data/korea_popularity/raw/oliveyoung_perfume_sales_20260905.har,574
oliveyoung,230,판매순,기간 미확인,A000000008553,베르사체,베르사체 에로스 EDT 30ml,https://www.oliveyoung.co.kr/store/goods/getGoodsDetail.do?goodsNo=A000000008553&dispCatNo=100000100050013&trackingCd=Cat100000100050013_Small&t_page=카테고리관&t_click=향수_전체__상품상세&t_number=230,"63,560원",2026-09-05,data/korea_popularity/raw/oliveyoung_perfume_sales_20260905.har,574
oliveyoung,231,판매순,기간 미확인,A000000142154,랄프로렌,랄프로렌 폴로 블루 EDT 40ml,https://www.oliveyoung.co.kr/store/goods/getGoodsDetail.do?goodsNo=A000000142154&dispCatNo=100000100050013&trackingCd=Cat100000100050013_Small&t_page=카테고리관&t_click=향수_전체__상품상세&t_number=231,"60,800원 ~",2026-09-05,data/korea_popularity/raw/oliveyoung_perfume_sales_20260905.har,574
oliveyoung,232,판매순,기간 미확인,A000000217785,랄프로렌,랄프로렌 폴로 블루 EDT 택 1 (40ml/75ml),https://www.oliveyoung.co.kr/store/goods/getGoodsDetail.do?goodsNo=A000000217785&dispCatNo=100000100050013&trackingCd=Cat100000100050013_Small&t_page=카테고리관&t_click=향수_전체__상품상세&t_number=232,"60,800원 ~",2026-09-05,data/korea_popularity/raw/oliveyoung_perfume_sales_20260905.har,574
oliveyoung,233,판매순,기간 미확인,A000000262920,포스테스,포스테스 오 드 퍼퓸 50ml 프롬 맨하튼 (2607 리뉴얼),https://www.oliveyoung.co.kr/store/goods/getGoodsDetail.do?goodsNo=A000000262920&dispCatNo=100000100050013&trackingCd=Cat100000100050013_Small&t_page=카테고리관&t_click=향수_전체__상품상세&t_number=233,"58,910원",2026-09-05,data/korea_popularity/raw/oliveyoung_perfume_sales_20260905.har,574
oliveyoung,234,판매순,기간 미확인,A000000219000,버버리,버버리 브릿 포 힘 EDT 30ml/50ml,https://www.oliveyoung.co.kr/store/goods/getGoodsDetail.do?goodsNo=A000000219000&dispCatNo=100000100050013&trackingCd=Cat100000100050013_Small&t_page=카테고리관&t_click=향수_전체__상품상세&t_number=234,"58,590원 ~",2026-09-05,data/korea_popularity/raw/oliveyoung_perfume_sales_20260905.har,574
oliveyoung,235,판매순,기간 미확인,A000000203333,알보우,[기획] 알보우 케이스 스터디 EDP 30ml 몬순 (+핸드크림),https://www.oliveyoung.co.kr/store/goods/getGoodsDetail.do?goodsNo=A000000203333&dispCatNo=100000100050013&trackingCd=Cat100000100050013_Small&t_page=카테고리관&t_click=향수_전체__상품상세&t_number=235,"58,140원 ~",2026-09-05,data/korea_popularity/raw/oliveyoung_perfume_sales_20260905.har,574
oliveyoung,236,판매순,기간 미확인,A000000146002,겐조,플라워바이겐조 EDP 30ml,https://www.oliveyoung.co.kr/store/goods/getGoodsDetail.do?goodsNo=A000000146002&dispCatNo=100000100050013&trackingCd=Cat100000100050013_Small&t_page=카테고리관&t_click=향수_전체__상품상세&t_number=236,"57,860원",2026-09-05,data/korea_popularity/raw/oliveyoung_perfume_sales_20260905.har,574
oliveyoung,237,판매순,기간 미확인,A000000206314,캘빈클라인,캘빈클라인 CK One 골드 EDT 50ml/100ml/200ml,https://www.oliveyoung.co.kr/store/goods/getGoodsDetail.do?goodsNo=A000000206314&dispCatNo=100000100050013&trackingCd=Cat100000100050013_Small&t_page=카테고리관&t_click=향수_전체__상품상세&t_number=237,"40,580원 ~",2026-09-05,data/korea_popularity/raw/oliveyoung_perfume_sales_20260905.har,574
oliveyoung,238,판매순,기간 미확인,A000000211433,사브리나카펜터,"사브리나카펜터 스위트 투스 카라멜 드림 EDP 30ml,75ml 단품/기획",https://www.oliveyoung.co.kr/store/goods/getGoodsDetail.do?goodsNo=A000000211433&dispCatNo=100000100050013&trackingCd=Cat100000100050013_Small&t_page=카테고리관&t_click=향수_전체__상품상세&t_number=238,"56,530원 ~",2026-09-05,data/korea_popularity/raw/oliveyoung_perfume_sales_20260905.har,574
oliveyoung,239,판매순,기간 미확인,A000000231893,아로,아로 EDT 50ml 체리 온 탑,https://www.oliveyoung.co.kr/store/goods/getGoodsDetail.do?goodsNo=A000000231893&dispCatNo=100000100050013&trackingCd=Cat100000100050013_Small&t_page=카테고리관&t_click=향수_전체__상품상세&t_number=239,"55,530원",2026-09-05,data/korea_popularity/raw/oliveyoung_perfume_sales_20260905.har,574
oliveyoung,240,판매순,기간 미확인,A000000014214,메르세데스 벤츠,메르세데스 벤츠 맨 EDT 50ml,https://www.oliveyoung.co.kr/store/goods/getGoodsDetail.do?goodsNo=A000000014214&dispCatNo=100000100050013&trackingCd=Cat100000100050013_Small&t_page=카테고리관&t_click=향수_전체__상품상세&t_number=240,"55,480원",2026-09-05,data/korea_popularity/raw/oliveyoung_perfume_sales_20260905.har,574
oliveyoung,241,판매순,기간 미확인,A000000235575,투데이이즈,투데이이즈 인더메모리 오드 퍼퓸 50ml,https://www.oliveyoung.co.kr/store/goods/getGoodsDetail.do?goodsNo=A000000235575&dispCatNo=100000100050013&trackingCd=Cat100000100050013_Small&t_page=카테고리관&t_click=향수_전체__상품상세&t_number=241,"55,300원",2026-09-05,data/korea_popularity/raw/oliveyoung_perfume_sales_20260905.har,718
oliveyoung,242,판매순,기간 미확인,A000000113253,필로소피,[원지안PICK] 필로소피 퓨어그레이스 EDT 15ml/60ml/60ml기획,https://www.oliveyoung.co.kr/store/goods/getGoodsDetail.do?goodsNo=A000000113253&dispCatNo=100000100050013&trackingCd=Cat100000100050013_Small&t_page=카테고리관&t_click=향수_전체__상품상세&t_number=242,"55,110원 ~",2026-09-05,data/korea_popularity/raw/oliveyoung_perfume_sales_20260905.har,718
oliveyoung,243,판매순,기간 미확인,A000000013436,몽블랑,몽블랑 레전드 스피릿 EDT 30ml,https://www.oliveyoung.co.kr/store/goods/getGoodsDetail.do?goodsNo=A000000013436&dispCatNo=100000100050013&trackingCd=Cat100000100050013_Small&t_page=카테고리관&t_click=향수_전체__상품상세&t_number=243,"53,010원",2026-09-05,data/korea_popularity/raw/oliveyoung_perfume_sales_20260905.har,718
oliveyoung,244,판매순,기간 미확인,A000000159451,겐조,플라워바이겐조 NEW EDT 30ml/50ml 2종 택1,https://www.oliveyoung.co.kr/store/goods/getGoodsDetail.do?goodsNo=A000000159451&dispCatNo=100000100050013&trackingCd=Cat100000100050013_Small&t_page=카테고리관&t_click=향수_전체__상품상세&t_number=244,"51,350원 ~",2026-09-05,data/korea_popularity/raw/oliveyoung_perfume_sales_20260905.har,718
oliveyoung,245,판매순,기간 미확인,A000000193154,존바바토스,존바바토스 아티산 블루 EDT 75ml (단품/기획),https://www.oliveyoung.co.kr/store/goods/getGoodsDetail.do?goodsNo=A000000193154&dispCatNo=100000100050013&trackingCd=Cat100000100050013_Small&t_page=카테고리관&t_click=향수_전체__상품상세&t_number=245,"50,640원",2026-09-05,data/korea_popularity/raw/oliveyoung_perfume_sales_20260905.har,718
oliveyoung,246,판매순,기간 미확인,A000000241722,홀리바넘,홀리바넘 오 드 뚜왈렛 30ml 라임에이드,https://www.oliveyoung.co.kr/store/goods/getGoodsDetail.do?goodsNo=A000000241722&dispCatNo=100000100050013&trackingCd=Cat100000100050013_Small&t_page=카테고리관&t_click=향수_전체__상품상세&t_number=246,"48,060원",2026-09-05,data/korea_popularity/raw/oliveyoung_perfume_sales_20260905.har,718
oliveyoung,247,판매순,기간 미확인,A000000145011,아리아나그란데,아리아나그란데 문라이트 EDP 30ml,https://www.oliveyoung.co.kr/store/goods/getGoodsDetail.do?goodsNo=A000000145011&dispCatNo=100000100050013&trackingCd=Cat100000100050013_Small&t_page=카테고리관&t_click=향수_전체__상품상세&t_number=247,"45,890원",2026-09-05,data/korea_popularity/raw/oliveyoung_perfume_sales_20260905.har,718
oliveyoung,248,판매순,기간 미확인,A000000210882,누다라,[1위니치향수] 누다라 EDP 30ml 4종,https://www.oliveyoung.co.kr/store/goods/getGoodsDetail.do?goodsNo=A000000210882&dispCatNo=100000100050013&trackingCd=Cat100000100050013_Small&t_page=카테고리관&t_click=향수_전체__상품상세&t_number=248,"45,880원 ~",2026-09-05,data/korea_popularity/raw/oliveyoung_perfume_sales_20260905.har,718
oliveyoung,249,판매순,기간 미확인,A000000240212,시머스,시머스 미드나잇 파크 EDP 50ml,https://www.oliveyoung.co.kr/store/goods/getGoodsDetail.do?goodsNo=A000000240212&dispCatNo=100000100050013&trackingCd=Cat100000100050013_Small&t_page=카테고리관&t_click=향수_전체__상품상세&t_number=249,"43,000원",2026-09-05,data/korea_popularity/raw/oliveyoung_perfume_sales_20260905.har,718
oliveyoung,250,판매순,기간 미확인,A000000227850,테일러센츠,테일러센츠 오브제 퍼퓸 EDT 30ml 페일린넨,https://www.oliveyoung.co.kr/store/goods/getGoodsDetail.do?goodsNo=A000000227850&dispCatNo=100000100050013&trackingCd=Cat100000100050013_Small&t_page=카테고리관&t_click=향수_전체__상품상세&t_number=250,"41,400원",2026-09-05,data/korea_popularity/raw/oliveyoung_perfume_sales_20260905.har,718
oliveyoung,251,판매순,기간 미확인,A000000012354,겐조,로 겐조 뿌르 옴므 EDT 30ml,https://www.oliveyoung.co.kr/store/goods/getGoodsDetail.do?goodsNo=A000000012354&dispCatNo=100000100050013&trackingCd=Cat100000100050013_Small&t_page=카테고리관&t_click=향수_전체__상품상세&t_number=251,"41,380원",2026-09-05,data/korea_popularity/raw/oliveyoung_perfume_sales_20260905.har,718
oliveyoung,252,판매순,기간 미확인,A000000211193,나르시소 로드리게즈,나르시소 로드리게즈 올 오브 미 센티드 헤어 퍼퓸 미스트 30ml,https://www.oliveyoung.co.kr/store/goods/getGoodsDetail.do?goodsNo=A000000211193&dispCatNo=100000100050013&trackingCd=Cat100000100050013_Small&t_page=카테고리관&t_click=향수_전체__상품상세&t_number=252,"39,900원",2026-09-05,data/korea_popularity/raw/oliveyoung_perfume_sales_20260905.har,718
oliveyoung,253,판매순,기간 미확인,A000000263781,오브제,[NEW 살냄새향수] 오브제 퍼퓸 4종 50ml,https://www.oliveyoung.co.kr/store/goods/getGoodsDetail.do?goodsNo=A000000263781&dispCatNo=100000100050013&trackingCd=Cat100000100050013_Small&t_page=카테고리관&t_click=향수_전체__상품상세&t_number=253,"39,010원 ~",2026-09-05,data/korea_popularity/raw/oliveyoung_perfume_sales_20260905.har,718
oliveyoung,254,판매순,기간 미확인,A000000173849,엔시피,엔시피 EDP 10ml 기획 7종 택1,https://www.oliveyoung.co.kr/store/goods/getGoodsDetail.do?goodsNo=A000000173849&dispCatNo=100000100050013&trackingCd=Cat100000100050013_Small&t_page=카테고리관&t_click=향수_전체__상품상세&t_number=254,"39,000원 ~",2026-09-05,data/korea_popularity/raw/oliveyoung_perfume_sales_20260905.har,718
oliveyoung,255,판매순,기간 미확인,A000000208710,에이딕트,에이딕트 솔리드&오드 퍼퓸 중 택1(단품/기획),https://www.oliveyoung.co.kr/store/goods/getGoodsDetail.do?goodsNo=A000000208710&dispCatNo=100000100050013&trackingCd=Cat100000100050013_Small&t_page=카테고리관&t_click=향수_전체__상품상세&t_number=255,"36,960원 ~",2026-09-05,data/korea_popularity/raw/oliveyoung_perfume_sales_20260905.har,718
oliveyoung,256,판매순,기간 미확인,A000000208820,에이딕트,에이딕트 오 드 퍼퓸 잇 더 피치 50ml,https://www.oliveyoung.co.kr/store/goods/getGoodsDetail.do?goodsNo=A000000208820&dispCatNo=100000100050013&trackingCd=Cat100000100050013_Small&t_page=카테고리관&t_click=향수_전체__상품상세&t_number=256,"36,960원",2026-09-05,data/korea_popularity/raw/oliveyoung_perfume_sales_20260905.har,718
oliveyoung,257,판매순,기간 미확인,A000000176263,헉슬리,헉슬리 퍼퓸 블루 메디나 탠저린 15ml,https://www.oliveyoung.co.kr/store/goods/getGoodsDetail.do?goodsNo=A000000176263&dispCatNo=100000100050013&trackingCd=Cat100000100050013_Small&t_page=카테고리관&t_click=향수_전체__상품상세&t_number=257,"36,480원",2026-09-05,data/korea_popularity/raw/oliveyoung_perfume_sales_20260905.har,718
oliveyoung,258,판매순,기간 미확인,A000000201147,헉슬리,[기획] 헉슬리 퍼퓸 로즈 피커 15ml,https://www.oliveyoung.co.kr/store/goods/getGoodsDetail.do?goodsNo=A000000201147&dispCatNo=100000100050013&trackingCd=Cat100000100050013_Small&t_page=카테고리관&t_click=향수_전체__상품상세&t_number=258,"36,480원 ~",2026-09-05,data/korea_popularity/raw/oliveyoung_perfume_sales_20260905.har,718
oliveyoung,259,판매순,기간 미확인,A000000249623,아디다스(뷰티),[김재원PICK] 아디다스 원더포스 EDP (50ml/100ml),https://www.oliveyoung.co.kr/store/goods/getGoodsDetail.do?goodsNo=A000000249623&dispCatNo=100000100050013&trackingCd=Cat100000100050013_Small&t_page=카테고리관&t_click=향수_전체__상품상세&t_number=259,"36,480원 ~",2026-09-05,data/korea_popularity/raw/oliveyoung_perfume_sales_20260905.har,718
oliveyoung,260,판매순,기간 미확인,A000000236339,배쓰프로젝트,[파우치&키링 포함] 배쓰프로젝트 오드퍼퓸 18ml 4종 택1 (비누/라벤더머스크/풀내음/우드),https://www.oliveyoung.co.kr/store/goods/getGoodsDetail.do?goodsNo=A000000236339&dispCatNo=100000100050013&trackingCd=Cat100000100050013_Small&t_page=카테고리관&t_click=향수_전체__상품상세&t_number=260,"35,720원 ~",2026-09-05,data/korea_popularity/raw/oliveyoung_perfume_sales_20260905.har,718
oliveyoung,261,판매순,기간 미확인,A000000204902,호텔도슨,호텔도슨 살룻투유 향수 오드퍼퓸 20ml [시트러스 블렌드향],https://www.oliveyoung.co.kr/store/goods/getGoodsDetail.do?goodsNo=A000000204902&dispCatNo=100000100050013&trackingCd=Cat100000100050013_Small&t_page=카테고리관&t_click=향수_전체__상품상세&t_number=261,"34,830원",2026-09-05,data/korea_popularity/raw/oliveyoung_perfume_sales_20260905.har,718
oliveyoung,262,판매순,기간 미확인,A000000204903,호텔도슨,호텔도슨 미드소마 향수 오드퍼퓸 20ml [새벽공기향],https://www.oliveyoung.co.kr/store/goods/getGoodsDetail.do?goodsNo=A000000204903&dispCatNo=100000100050013&trackingCd=Cat100000100050013_Small&t_page=카테고리관&t_click=향수_전체__상품상세&t_number=262,"34,830원",2026-09-05,data/korea_popularity/raw/oliveyoung_perfume_sales_20260905.har,718
oliveyoung,263,판매순,기간 미확인,A000000256753,에틀리에,[엔믹스설윤PICK] 에틀리에 오 드 퍼퓸 코튼파우더 30ml,https://www.oliveyoung.co.kr/store/goods/getGoodsDetail.do?goodsNo=A000000256753&dispCatNo=100000100050013&trackingCd=Cat100000100050013_Small&t_page=카테고리관&t_click=향수_전체__상품상세&t_number=263,"32,850원",2026-09-05,data/korea_popularity/raw/oliveyoung_perfume_sales_20260905.har,718
oliveyoung,264,판매순,기간 미확인,A000000267366,아뜰리에페이,[NEW] 아뜰리에페이 퍼퓸 30ml 코지파자마,https://www.oliveyoung.co.kr/store/goods/getGoodsDetail.do?goodsNo=A000000267366&dispCatNo=100000100050013&trackingCd=Cat100000100050013_Small&t_page=카테고리관&t_click=향수_전체__상품상세&t_number=264,"32,400원",2026-09-05,data/korea_popularity/raw/oliveyoung_perfume_sales_20260905.har,718
oliveyoung,265,판매순,기간 미확인,A000000267368,아뜰리에페이,[NEW] 아뜰리에페이 퍼퓸 30ml 프렌치로즈,https://www.oliveyoung.co.kr/store/goods/getGoodsDetail.do?goodsNo=A000000267368&dispCatNo=100000100050013&trackingCd=Cat100000100050013_Small&t_page=카테고리관&t_click=향수_전체__상품상세&t_number=265,"32,400원",2026-09-05,data/korea_popularity/raw/oliveyoung_perfume_sales_20260905.har,718
oliveyoung,266,판매순,기간 미확인,A000000173673,겐조,플라워바이겐조 EDP 15ml,https://www.oliveyoung.co.kr/store/goods/getGoodsDetail.do?goodsNo=A000000173673&dispCatNo=100000100050013&trackingCd=Cat100000100050013_Small&t_page=카테고리관&t_click=향수_전체__상품상세&t_number=266,"31,850원",2026-09-05,data/korea_popularity/raw/oliveyoung_perfume_sales_20260905.har,718
oliveyoung,267,판매순,기간 미확인,A000000163841,더바디샵,더바디샵 브리티쉬 로즈 EDT 100ml,https://www.oliveyoung.co.kr/store/goods/getGoodsDetail.do?goodsNo=A000000163841&dispCatNo=100000100050013&trackingCd=Cat100000100050013_Small&t_page=카테고리관&t_click=향수_전체__상품상세&t_number=267,"31,200원",2026-09-05,data/korea_popularity/raw/oliveyoung_perfume_sales_20260905.har,718
oliveyoung,268,판매순,기간 미확인,A000000267362,아뜰리에페이,[NEW] 아뜰리에페이 퍼퓸 30ml 블랙 우드,https://www.oliveyoung.co.kr/store/goods/getGoodsDetail.do?goodsNo=A000000267362&dispCatNo=100000100050013&trackingCd=Cat100000100050013_Small&t_page=카테고리관&t_click=향수_전체__상품상세&t_number=268,"30,600원",2026-09-05,data/korea_popularity/raw/oliveyoung_perfume_sales_20260905.har,718
oliveyoung,269,판매순,기간 미확인,A000000230399,데메테르 어스,[단독기획] 데메테르 어스 리프레싱 오 파퓨메 EDP 30ml 단품/기획 5종 택1,https://www.oliveyoung.co.kr/store/goods/getGoodsDetail.do?goodsNo=A000000230399&dispCatNo=100000100050013&trackingCd=Cat100000100050013_Small&t_page=카테고리관&t_click=향수_전체__상품상세&t_number=269,"29,930원 ~",2026-09-05,data/korea_popularity/raw/oliveyoung_perfume_sales_20260905.har,718
oliveyoung,270,판매순,기간 미확인,A000000230056,아디다스(뷰티),[김재원PICK] 아디다스 겟 컴피 EDP (30m기획/50ml/100ml),https://www.oliveyoung.co.kr/store/goods/getGoodsDetail.do?goodsNo=A000000230056&dispCatNo=100000100050013&trackingCd=Cat100000100050013_Small&t_page=카테고리관&t_click=향수_전체__상품상세&t_number=270,"27,360원 ~",2026-09-05,data/korea_popularity/raw/oliveyoung_perfume_sales_20260905.har,718
oliveyoung,271,판매순,기간 미확인,A000000267374,아뜰리에페이,[NEW] 아뜰리에페이 헤어 퍼퓸 30ml 실크 매그놀리아,https://www.oliveyoung.co.kr/store/goods/getGoodsDetail.do?goodsNo=A000000267374&dispCatNo=100000100050013&trackingCd=Cat100000100050013_Small&t_page=카테고리관&t_click=향수_전체__상품상세&t_number=271,"22,500원",2026-09-05,data/korea_popularity/raw/oliveyoung_perfume_sales_20260905.har,718
oliveyoung,272,판매순,기간 미확인,A000000247868,록시땅,록시땅 버베나 바디 & 헤어 인비고레이팅 미스트 50ml,https://www.oliveyoung.co.kr/store/goods/getGoodsDetail.do?goodsNo=A000000247868&dispCatNo=100000100050013&trackingCd=Cat100000100050013_Small&t_page=카테고리관&t_click=향수_전체__상품상세&t_number=272,"21,600원 ~",2026-09-05,data/korea_popularity/raw/oliveyoung_perfume_sales_20260905.har,718
oliveyoung,273,판매순,기간 미확인,A000000224960,헉슬리,[NEW] 헉슬리 헤어퍼퓸 25ml 3종 택 1,https://www.oliveyoung.co.kr/store/goods/getGoodsDetail.do?goodsNo=A000000224960&dispCatNo=100000100050013&trackingCd=Cat100000100050013_Small&t_page=카테고리관&t_click=향수_전체__상품상세&t_number=273,"20,930원 ~",2026-09-05,data/korea_popularity/raw/oliveyoung_perfume_sales_20260905.har,718
oliveyoung,274,판매순,기간 미확인,A000000225318,헉슬리,[NEW] 헉슬리 헤어퍼퓸 25ml 로즈 피커,https://www.oliveyoung.co.kr/store/goods/getGoodsDetail.do?goodsNo=A000000225318&dispCatNo=100000100050013&trackingCd=Cat100000100050013_Small&t_page=카테고리관&t_click=향수_전체__상품상세&t_number=274,"20,930원 ~",2026-09-05,data/korea_popularity/raw/oliveyoung_perfume_sales_20260905.har,718
oliveyoung,275,판매순,기간 미확인,A000000225468,에이딕트,[에탄올 FREE] 에이딕트 헤어퍼퓸 30ml (단품/기획),https://www.oliveyoung.co.kr/store/goods/getGoodsDetail.do?goodsNo=A000000225468&dispCatNo=100000100050013&trackingCd=Cat100000100050013_Small&t_page=카테고리관&t_click=향수_전체__상품상세&t_number=275,"18,910원 ~",2026-09-05,data/korea_popularity/raw/oliveyoung_perfume_sales_20260905.har,718
oliveyoung,276,판매순,기간 미확인,A000000152432,로맨띠끄,[명품향수/도손&화이트플로럴향]로맨띠끄 튜베로즈 퍼퓸 50ml,https://www.oliveyoung.co.kr/store/goods/getGoodsDetail.do?goodsNo=A000000152432&dispCatNo=100000100050013&trackingCd=Cat100000100050013_Small&t_page=카테고리관&t_click=향수_전체__상품상세&t_number=276,"18,810원",2026-09-05,data/korea_popularity/raw/oliveyoung_perfume_sales_20260905.har,718
oliveyoung,277,판매순,기간 미확인,A000000229846,아디다스(뷰티),[김재원PICK] 아디다스  에너지 드라이브 EDP (30ml기획/50ml/100ml),https://www.oliveyoung.co.kr/store/goods/getGoodsDetail.do?goodsNo=A000000229846&dispCatNo=100000100050013&trackingCd=Cat100000100050013_Small&t_page=카테고리관&t_click=향수_전체__상품상세&t_number=277,"18,610원 ~",2026-09-05,data/korea_popularity/raw/oliveyoung_perfume_sales_20260905.har,718
oliveyoung,278,판매순,기간 미확인,A000000219066,슬로우허밍,슬로우허밍 플라워너리 릴리프 퍼퓸밤 플레르베일,https://www.oliveyoung.co.kr/store/goods/getGoodsDetail.do?goodsNo=A000000219066&dispCatNo=100000100050013&trackingCd=Cat100000100050013_Small&t_page=카테고리관&t_click=향수_전체__상품상세&t_number=278,"18,450원",2026-09-05,data/korea_popularity/raw/oliveyoung_perfume_sales_20260905.har,718
oliveyoung,279,판매순,기간 미확인,A000000236444,아닐로,아닐로 패츌리가든 오 드 퍼퓸 10ml/50ml 단독 기획,https://www.oliveyoung.co.kr/store/goods/getGoodsDetail.do?goodsNo=A000000236444&dispCatNo=100000100050013&trackingCd=Cat100000100050013_Small&t_page=카테고리관&t_click=향수_전체__상품상세&t_number=279,"18,000원 ~",2026-09-05,data/korea_popularity/raw/oliveyoung_perfume_sales_20260905.har,718
oliveyoung,280,판매순,기간 미확인,A000000248467,헤트라스,[올리브영 단독기획] 헤트라스 프리미엄 대용량 디퓨저 510ml 2개입 기획세트,https://www.oliveyoung.co.kr/store/goods/getGoodsDetail.do?goodsNo=A000000248467&dispCatNo=100000100050013&trackingCd=Cat100000100050013_Small&t_page=카테고리관&t_click=향수_전체__상품상세&t_number=280,"17,950원 ~",2026-09-05,data/korea_popularity/raw/oliveyoung_perfume_sales_20260905.har,718
oliveyoung,281,판매순,기간 미확인,A000000253208,슬로우허밍,[단독기획] 슬로우허밍 프루티너리 헤어 퍼퓸 미스트 터치피치 기획 (+룸&패브릭 스프레이 플라워솝 미니),https://www.oliveyoung.co.kr/store/goods/getGoodsDetail.do?goodsNo=A000000253208&dispCatNo=100000100050013&trackingCd=Cat100000100050013_Small&t_page=카테고리관&t_click=향수_전체__상품상세&t_number=281,"17,190원",2026-09-05,data/korea_popularity/raw/oliveyoung_perfume_sales_20260905.har,718
oliveyoung,282,판매순,기간 미확인,A000000253209,슬로우허밍,[단독기획] 슬로우허밍 플라워너리 헤어 퍼퓸 미스트 플라워솝 기획 (+룸&패브릭 스프레이 플라워솝 미니),https://www.oliveyoung.co.kr/store/goods/getGoodsDetail.do?goodsNo=A000000253209&dispCatNo=100000100050013&trackingCd=Cat100000100050013_Small&t_page=카테고리관&t_click=향수_전체__상품상세&t_number=282,"17,190원",2026-09-05,data/korea_popularity/raw/oliveyoung_perfume_sales_20260905.har,718
oliveyoung,283,판매순,기간 미확인,A000000261332,벨벳바니,벨벳바니 퍼퓸 샤워시트 3종 [옐로우 팝/화이트 클래식/핑크 블롬],https://www.oliveyoung.co.kr/store/goods/getGoodsDetail.do?goodsNo=A000000261332&dispCatNo=100000100050013&trackingCd=Cat100000100050013_Small&t_page=카테고리관&t_click=향수_전체__상품상세&t_number=283,"1,900원 ~",2026-09-05,data/korea_popularity/raw/oliveyoung_perfume_sales_20260905.har,718
oliveyoung,284,판매순,기간 미확인,A000000000559,겐조,로 겐조 뿌르 팜므 EDT 30ml,https://www.oliveyoung.co.kr/store/goods/getGoodsDetail.do?goodsNo=A000000000559&dispCatNo=100000100050013&trackingCd=Cat100000100050013_Small&t_page=카테고리관&t_click=향수_전체__상품상세&t_number=284,"39,870원",2026-09-05,data/korea_popularity/raw/oliveyoung_perfume_sales_20260905.har,718
oliveyoung,285,판매순,기간 미확인,A000000000595,베르사체,베르사체 퍼퓸 6종  단품/기획 택1,https://www.oliveyoung.co.kr/store/goods/getGoodsDetail.do?goodsNo=A000000000595&dispCatNo=100000100050013&trackingCd=Cat100000100050013_Small&t_page=카테고리관&t_click=향수_전체__상품상세&t_number=285,"63,560원 ~",2026-09-05,data/korea_popularity/raw/oliveyoung_perfume_sales_20260905.har,718
oliveyoung,286,판매순,기간 미확인,A000000000597,베르사체,베르사체 맨오프레쉬 50ml,https://www.oliveyoung.co.kr/store/goods/getGoodsDetail.do?goodsNo=A000000000597&dispCatNo=100000100050013&trackingCd=Cat100000100050013_Small&t_page=카테고리관&t_click=향수_전체__상품상세&t_number=286,"81,230원",2026-09-05,data/korea_popularity/raw/oliveyoung_perfume_sales_20260905.har,718
oliveyoung,287,판매순,기간 미확인,A000000102233,마크제이콥스,마크제이콥스 데이지 오 쏘 프레쉬 EDT 75ml,https://www.oliveyoung.co.kr/store/goods/getGoodsDetail.do?goodsNo=A000000102233&dispCatNo=100000100050013&trackingCd=Cat100000100050013_Small&t_page=카테고리관&t_click=향수_전체__상품상세&t_number=287,"84,680원",2026-09-05,data/korea_popularity/raw/oliveyoung_perfume_sales_20260905.har,718
oliveyoung,288,판매순,기간 미확인,A000000111356,나르시소 로드리게즈,나르시소 로드리게즈 포 힘 블루 누와르 EDT (50ml/100ml),https://www.oliveyoung.co.kr/store/goods/getGoodsDetail.do?goodsNo=A000000111356&dispCatNo=100000100050013&trackingCd=Cat100000100050013_Small&t_page=카테고리관&t_click=향수_전체__상품상세&t_number=288,"61,600원 ~",2026-09-05,data/korea_popularity/raw/oliveyoung_perfume_sales_20260905.har,718
oliveyoung,289,판매순,기간 미확인,A000000150655,토스,토스 러브미 EDP 30ml (미니어처 증정),https://www.oliveyoung.co.kr/store/goods/getGoodsDetail.do?goodsNo=A000000150655&dispCatNo=100000100050013&trackingCd=Cat100000100050013_Small&t_page=카테고리관&t_click=향수_전체__상품상세&t_number=289,"56,500원",2026-09-05,data/korea_popularity/raw/oliveyoung_perfume_sales_20260905.har,861
oliveyoung,290,판매순,기간 미확인,A000000152852,메르세데스 벤츠,메르세데스 벤츠 맨 프레쉬 EDT 50ml,https://www.oliveyoung.co.kr/store/goods/getGoodsDetail.do?goodsNo=A000000152852&dispCatNo=100000100050013&trackingCd=Cat100000100050013_Small&t_page=카테고리관&t_click=향수_전체__상품상세&t_number=290,"54,150원",2026-09-05,data/korea_popularity/raw/oliveyoung_perfume_sales_20260905.har,861
oliveyoung,291,판매순,기간 미확인,A000000156607,메모,메모 헤어퍼퓸 3종  80ml,https://www.oliveyoung.co.kr/store/goods/getGoodsDetail.do?goodsNo=A000000156607&dispCatNo=100000100050013&trackingCd=Cat100000100050013_Small&t_page=카테고리관&t_click=향수_전체__상품상세&t_number=291,"88,450원 ~",2026-09-05,data/korea_popularity/raw/oliveyoung_perfume_sales_20260905.har,861
oliveyoung,292,판매순,기간 미확인,A000000156674,겐조,플라워바이겐조 NEW EDT 30ml,https://www.oliveyoung.co.kr/store/goods/getGoodsDetail.do?goodsNo=A000000156674&dispCatNo=100000100050013&trackingCd=Cat100000100050013_Small&t_page=카테고리관&t_click=향수_전체__상품상세&t_number=292,"51,350원",2026-09-05,data/korea_popularity/raw/oliveyoung_perfume_sales_20260905.har,861
oliveyoung,293,판매순,기간 미확인,A000000157084,메모,메모 마르파 오드퍼퓸 (30ml/75ml),https://www.oliveyoung.co.kr/store/goods/getGoodsDetail.do?goodsNo=A000000157084&dispCatNo=100000100050013&trackingCd=Cat100000100050013_Small&t_page=카테고리관&t_click=향수_전체__상품상세&t_number=293,"198,550원 ~",2026-09-05,data/korea_popularity/raw/oliveyoung_perfume_sales_20260905.har,861
oliveyoung,294,판매순,기간 미확인,A000000159555,필로소피,필로소피 EDP 60ml(어메이징그레이스/발레로즈/인텐스/퓨어그레이스) 택1,https://www.oliveyoung.co.kr/store/goods/getGoodsDetail.do?goodsNo=A000000159555&dispCatNo=100000100050013&trackingCd=Cat100000100050013_Small&t_page=카테고리관&t_click=향수_전체__상품상세&t_number=294,"65,010원 ~",2026-09-05,data/korea_popularity/raw/oliveyoung_perfume_sales_20260905.har,861
oliveyoung,295,판매순,기간 미확인,A000000161664,모스키노,모스키노 토이 보이 EDP 30ml,https://www.oliveyoung.co.kr/store/goods/getGoodsDetail.do?goodsNo=A000000161664&dispCatNo=100000100050013&trackingCd=Cat100000100050013_Small&t_page=카테고리관&t_click=향수_전체__상품상세&t_number=295,"53,680원",2026-09-05,data/korea_popularity/raw/oliveyoung_perfume_sales_20260905.har,861
oliveyoung,296,판매순,기간 미확인,A000000167684,마크제이콥스,마크제이콥스 퍼펙트 EDP 50ml,https://www.oliveyoung.co.kr/store/goods/getGoodsDetail.do?goodsNo=A000000167684&dispCatNo=100000100050013&trackingCd=Cat100000100050013_Small&t_page=카테고리관&t_click=향수_전체__상품상세&t_number=296,"97,760원",2026-09-05,data/korea_popularity/raw/oliveyoung_perfume_sales_20260905.har,861
oliveyoung,297,판매순,기간 미확인,A000000170883,겐조,겐조 옴므 EDP 110ml,https://www.oliveyoung.co.kr/store/goods/getGoodsDetail.do?goodsNo=A000000170883&dispCatNo=100000100050013&trackingCd=Cat100000100050013_Small&t_page=카테고리관&t_click=향수_전체__상품상세&t_number=297,"91,700원",2026-09-05,data/korea_popularity/raw/oliveyoung_perfume_sales_20260905.har,861
oliveyoung,298,판매순,기간 미확인,A000000170885,겐조,겐조 옴므 EDT 60ml,https://www.oliveyoung.co.kr/store/goods/getGoodsDetail.do?goodsNo=A000000170885&dispCatNo=100000100050013&trackingCd=Cat100000100050013_Small&t_page=카테고리관&t_click=향수_전체__상품상세&t_number=298,"63,180원",2026-09-05,data/korea_popularity/raw/oliveyoung_perfume_sales_20260905.har,861
oliveyoung,299,판매순,기간 미확인,A000000173513,엔시피,엔시피 601 앰버&가이악우드 EDP 10ml 기획세트(퍼퓸파우치+1ml 샘플 추가증정),https://www.oliveyoung.co.kr/store/goods/getGoodsDetail.do?goodsNo=A000000173513&dispCatNo=100000100050013&trackingCd=Cat100000100050013_Small&t_page=카테고리관&t_click=향수_전체__상품상세&t_number=299,"39,000원",2026-09-05,data/korea_popularity/raw/oliveyoung_perfume_sales_20260905.har,861
oliveyoung,300,판매순,기간 미확인,A000000174375,포엘리에,포엘리에 옴므 오드퍼퓸 우디&머스크 남자 향수 30ml,https://www.oliveyoung.co.kr/store/goods/getGoodsDetail.do?goodsNo=A000000174375&dispCatNo=100000100050013&trackingCd=Cat100000100050013_Small&t_page=카테고리관&t_click=향수_전체__상품상세&t_number=300,"20,000원",2026-09-05,data/korea_popularity/raw/oliveyoung_perfume_sales_20260905.har,861
oliveyoung,301,판매순,기간 미확인,A000000179228,로맨띠끄,[명품향수/베스트] 로맨띠끄 니치 퍼퓸 50ml 6종,https://www.oliveyoung.co.kr/store/goods/getGoodsDetail.do?goodsNo=A000000179228&dispCatNo=100000100050013&trackingCd=Cat100000100050013_Small&t_page=카테고리관&t_click=향수_전체__상품상세&t_number=301,"18,810원 ~",2026-09-05,data/korea_popularity/raw/oliveyoung_perfume_sales_20260905.har,861
oliveyoung,302,판매순,기간 미확인,A000000181616,메모,메모 케두 EDP 75ml,https://www.oliveyoung.co.kr/store/goods/getGoodsDetail.do?goodsNo=A000000181616&dispCatNo=100000100050013&trackingCd=Cat100000100050013_Small&t_page=카테고리관&t_click=향수_전체__상품상세&t_number=302,"379,050원",2026-09-05,data/korea_popularity/raw/oliveyoung_perfume_sales_20260905.har,861
oliveyoung,303,판매순,기간 미확인,A000000182391,끌로에,끌로에 노마드 EDT 30ml/50ml,https://www.oliveyoung.co.kr/store/goods/getGoodsDetail.do?goodsNo=A000000182391&dispCatNo=100000100050013&trackingCd=Cat100000100050013_Small&t_page=카테고리관&t_click=향수_전체__상품상세&t_number=303,"79,350원 ~",2026-09-05,data/korea_popularity/raw/oliveyoung_perfume_sales_20260905.har,861
oliveyoung,304,판매순,기간 미확인,A000000182975,마이클코어스,[NEW] 마이클 코어스 고저스 오드퍼퓸 50ml,https://www.oliveyoung.co.kr/store/goods/getGoodsDetail.do?goodsNo=A000000182975&dispCatNo=100000100050013&trackingCd=Cat100000100050013_Small&t_page=카테고리관&t_click=향수_전체__상품상세&t_number=304,"66,410원",2026-09-05,data/korea_popularity/raw/oliveyoung_perfume_sales_20260905.har,861
oliveyoung,305,판매순,기간 미확인,A000000183803,버버리,버버리 터치 포 우먼 EDP 50ml,https://www.oliveyoung.co.kr/store/goods/getGoodsDetail.do?goodsNo=A000000183803&dispCatNo=100000100050013&trackingCd=Cat100000100050013_Small&t_page=카테고리관&t_click=향수_전체__상품상세&t_number=305,"84,630원",2026-09-05,data/korea_popularity/raw/oliveyoung_perfume_sales_20260905.har,861
oliveyoung,306,판매순,기간 미확인,A000000185421,겐조,[NEW]겐조 옴므 오 마린 EDT 60ml,https://www.oliveyoung.co.kr/store/goods/getGoodsDetail.do?goodsNo=A000000185421&dispCatNo=100000100050013&trackingCd=Cat100000100050013_Small&t_page=카테고리관&t_click=향수_전체__상품상세&t_number=306,"63,180원",2026-09-05,data/korea_popularity/raw/oliveyoung_perfume_sales_20260905.har,861
oliveyoung,307,판매순,기간 미확인,A000000191080,아리아나그란데,아리아나그란데 모드 블러쉬 EDP 30ml,https://www.oliveyoung.co.kr/store/goods/getGoodsDetail.do?goodsNo=A000000191080&dispCatNo=100000100050013&trackingCd=Cat100000100050013_Small&t_page=카테고리관&t_click=향수_전체__상품상세&t_number=307,"52,540원",2026-09-05,data/korea_popularity/raw/oliveyoung_perfume_sales_20260905.har,861
oliveyoung,308,판매순,기간 미확인,A000000191600,타미힐피거,[단독기획] 타미힐피거 타미 EDT 50ml (+바이알 2ea),https://www.oliveyoung.co.kr/store/goods/getGoodsDetail.do?goodsNo=A000000191600&dispCatNo=100000100050013&trackingCd=Cat100000100050013_Small&t_page=카테고리관&t_click=향수_전체__상품상세&t_number=308,"59,280원 ~",2026-09-05,data/korea_popularity/raw/oliveyoung_perfume_sales_20260905.har,861
oliveyoung,309,판매순,기간 미확인,A000000191603,타미힐피거,타미힐피거 타미나우 EDT 30ml,https://www.oliveyoung.co.kr/store/goods/getGoodsDetail.do?goodsNo=A000000191603&dispCatNo=100000100050013&trackingCd=Cat100000100050013_Small&t_page=카테고리관&t_click=향수_전체__상품상세&t_number=309,"28,410원",2026-09-05,data/korea_popularity/raw/oliveyoung_perfume_sales_20260905.har,861
oliveyoung,310,판매순,기간 미확인,A000000192207,코치,코치 러브 EDP 30ml,https://www.oliveyoung.co.kr/store/goods/getGoodsDetail.do?goodsNo=A000000192207&dispCatNo=100000100050013&trackingCd=Cat100000100050013_Small&t_page=카테고리관&t_click=향수_전체__상품상세&t_number=310,"53,010원",2026-09-05,data/korea_popularity/raw/oliveyoung_perfume_sales_20260905.har,861
oliveyoung,311,판매순,기간 미확인,A000000198092,루에브르,[임현주PICK]루에브르 리베르떼 오 드 퍼퓸 50ml,https://www.oliveyoung.co.kr/store/goods/getGoodsDetail.do?goodsNo=A000000198092&dispCatNo=100000100050013&trackingCd=Cat100000100050013_Small&t_page=카테고리관&t_click=향수_전체__상품상세&t_number=311,"72,090원",2026-09-05,data/korea_popularity/raw/oliveyoung_perfume_sales_20260905.har,861
oliveyoung,312,판매순,기간 미확인,A000000198260,루에브르,[임현주PICK] 루에브르 오 드 퍼퓸 50ml/14ml 2종 택 1,https://www.oliveyoung.co.kr/store/goods/getGoodsDetail.do?goodsNo=A000000198260&dispCatNo=100000100050013&trackingCd=Cat100000100050013_Small&t_page=카테고리관&t_click=향수_전체__상품상세&t_number=312,"25,840원 ~",2026-09-05,data/korea_popularity/raw/oliveyoung_perfume_sales_20260905.har,861
oliveyoung,313,판매순,기간 미확인,A000000198599,겐조,겐조 옴므 오 마린 EDT 60ml/110ml 2종 택 1,https://www.oliveyoung.co.kr/store/goods/getGoodsDetail.do?goodsNo=A000000198599&dispCatNo=100000100050013&trackingCd=Cat100000100050013_Small&t_page=카테고리관&t_click=향수_전체__상품상세&t_number=313,"63,180원",2026-09-05,data/korea_popularity/raw/oliveyoung_perfume_sales_20260905.har,861
oliveyoung,314,판매순,기간 미확인,A000000199812,필로소피,[NEW] 필로소피 어메이징 그레이스 인텐스 EDP 2종 택 1,https://www.oliveyoung.co.kr/store/goods/getGoodsDetail.do?goodsNo=A000000199812&dispCatNo=100000100050013&trackingCd=Cat100000100050013_Small&t_page=카테고리관&t_click=향수_전체__상품상세&t_number=314,"66,270원 ~",2026-09-05,data/korea_popularity/raw/oliveyoung_perfume_sales_20260905.har,861
oliveyoung,315,판매순,기간 미확인,A000000202455,아로,아로 EDT 50ml 6종 택 1,https://www.oliveyoung.co.kr/store/goods/getGoodsDetail.do?goodsNo=A000000202455&dispCatNo=100000100050013&trackingCd=Cat100000100050013_Small&t_page=카테고리관&t_click=향수_전체__상품상세&t_number=315,"55,530원 ~",2026-09-05,data/korea_popularity/raw/oliveyoung_perfume_sales_20260905.har,861
oliveyoung,316,판매순,기간 미확인,A000000202712,아로,아로 니티 허그 EDT 50ml,https://www.oliveyoung.co.kr/store/goods/getGoodsDetail.do?goodsNo=A000000202712&dispCatNo=100000100050013&trackingCd=Cat100000100050013_Small&t_page=카테고리관&t_click=향수_전체__상품상세&t_number=316,"55,530원",2026-09-05,data/korea_popularity/raw/oliveyoung_perfume_sales_20260905.har,861
oliveyoung,317,판매순,기간 미확인,A000000202752,로맨띠끄,[명품향수/블루드&우디향]로맨띠끄 블루 드 옴므 퍼퓸 50ml,https://www.oliveyoung.co.kr/store/goods/getGoodsDetail.do?goodsNo=A000000202752&dispCatNo=100000100050013&trackingCd=Cat100000100050013_Small&t_page=카테고리관&t_click=향수_전체__상품상세&t_number=317,"18,810원",2026-09-05,data/korea_popularity/raw/oliveyoung_perfume_sales_20260905.har,861
oliveyoung,318,판매순,기간 미확인,A000000202753,로맨띠끄,[명품향수/ 옴브레레더&살냄새향] 로맨띠끄 오리진 레더 퍼퓸 50ml,https://www.oliveyoung.co.kr/store/goods/getGoodsDetail.do?goodsNo=A000000202753&dispCatNo=100000100050013&trackingCd=Cat100000100050013_Small&t_page=카테고리관&t_click=향수_전체__상품상세&t_number=318,"18,810원",2026-09-05,data/korea_popularity/raw/oliveyoung_perfume_sales_20260905.har,861
oliveyoung,319,판매순,기간 미확인,A000000203277,모멘센트,모멘센트 크림퍼퓸 30ml 3종 택1,https://www.oliveyoung.co.kr/store/goods/getGoodsDetail.do?goodsNo=A000000203277&dispCatNo=100000100050013&trackingCd=Cat100000100050013_Small&t_page=카테고리관&t_click=향수_전체__상품상세&t_number=319,"26,910원 ~",2026-09-05,data/korea_popularity/raw/oliveyoung_perfume_sales_20260905.har,861
oliveyoung,320,판매순,기간 미확인,A000000203344,나르시소 로드리게즈,나르시소 로드리게즈 남성향수 포 힘 베스트 컬렉션 (블루누와르/베티버 머스크/상탈),https://www.oliveyoung.co.kr/store/goods/getGoodsDetail.do?goodsNo=A000000203344&dispCatNo=100000100050013&trackingCd=Cat100000100050013_Small&t_page=카테고리관&t_click=향수_전체__상품상세&t_number=320,"61,600원 ~",2026-09-05,data/korea_popularity/raw/oliveyoung_perfume_sales_20260905.har,861
oliveyoung,321,판매순,기간 미확인,A000000204076,데메테르 어스,데메테르 어스 리프레싱 오 파퓨메 EDP 30ml/50ml 블라썸 36,https://www.oliveyoung.co.kr/store/goods/getGoodsDetail.do?goodsNo=A000000204076&dispCatNo=100000100050013&trackingCd=Cat100000100050013_Small&t_page=카테고리관&t_click=향수_전체__상품상세&t_number=321,"29,930원 ~",2026-09-05,data/korea_popularity/raw/oliveyoung_perfume_sales_20260905.har,861
oliveyoung,322,판매순,기간 미확인,A000000204078,데메테르 어스,데메테르 어스 리프레싱 오 파퓨메 EDP 30ml/50ml 13종 택1,https://www.oliveyoung.co.kr/store/goods/getGoodsDetail.do?goodsNo=A000000204078&dispCatNo=100000100050013&trackingCd=Cat100000100050013_Small&t_page=카테고리관&t_click=향수_전체__상품상세&t_number=322,"29,930원 ~",2026-09-05,data/korea_popularity/raw/oliveyoung_perfume_sales_20260905.har,861
oliveyoung,323,판매순,기간 미확인,A000000204894,호텔도슨,호텔도슨 셀프블룸 향수 오드퍼퓸 75ml [첫사랑향수],https://www.oliveyoung.co.kr/store/goods/getGoodsDetail.do?goodsNo=A000000204894&dispCatNo=100000100050013&trackingCd=Cat100000100050013_Small&t_page=카테고리관&t_click=향수_전체__상품상세&t_number=323,"80,330원",2026-09-05,data/korea_popularity/raw/oliveyoung_perfume_sales_20260905.har,861
oliveyoung,324,판매순,기간 미확인,A000000204995,호텔도슨,호텔도슨 향수 오 드 퍼퓸 75ml 5종,https://www.oliveyoung.co.kr/store/goods/getGoodsDetail.do?goodsNo=A000000204995&dispCatNo=100000100050013&trackingCd=Cat100000100050013_Small&t_page=카테고리관&t_click=향수_전체__상품상세&t_number=324,"80,330원 ~",2026-09-05,data/korea_popularity/raw/oliveyoung_perfume_sales_20260905.har,861
oliveyoung,325,판매순,기간 미확인,A000000205228,아로,아로 라이크 라일락 EDT 50ml,https://www.oliveyoung.co.kr/store/goods/getGoodsDetail.do?goodsNo=A000000205228&dispCatNo=100000100050013&trackingCd=Cat100000100050013_Small&t_page=카테고리관&t_click=향수_전체__상품상세&t_number=325,"55,530원",2026-09-05,data/korea_popularity/raw/oliveyoung_perfume_sales_20260905.har,861
oliveyoung,326,판매순,기간 미확인,A000000205476,부씨,[NEW] 부씨 EDP 30ml 2종 택1,https://www.oliveyoung.co.kr/store/goods/getGoodsDetail.do?goodsNo=A000000205476&dispCatNo=100000100050013&trackingCd=Cat100000100050013_Small&t_page=카테고리관&t_click=향수_전체__상품상세&t_number=326,"59,000원 ~",2026-09-05,data/korea_popularity/raw/oliveyoung_perfume_sales_20260905.har,861
oliveyoung,327,판매순,기간 미확인,A000000206226,부씨,[NEW] 부씨 HBD 해피벌쓰데이 EDP 30ml,https://www.oliveyoung.co.kr/store/goods/getGoodsDetail.do?goodsNo=A000000206226&dispCatNo=100000100050013&trackingCd=Cat100000100050013_Small&t_page=카테고리관&t_click=향수_전체__상품상세&t_number=327,"59,000원",2026-09-05,data/korea_popularity/raw/oliveyoung_perfume_sales_20260905.har,861
oliveyoung,328,판매순,기간 미확인,A000000206265,데메테르 어스,"데메테르 어스 리프레싱 오 파퓨메 EDP 30ml/50ml 베르가못트리, 시실리",https://www.oliveyoung.co.kr/store/goods/getGoodsDetail.do?goodsNo=A000000206265&dispCatNo=100000100050013&trackingCd=Cat100000100050013_Small&t_page=카테고리관&t_click=향수_전체__상품상세&t_number=328,"39,240원 ~",2026-09-05,data/korea_popularity/raw/oliveyoung_perfume_sales_20260905.har,861
oliveyoung,329,판매순,기간 미확인,A000000206482,아뜰리에페이,아뜰리에페이 퍼퓸 프렌치로즈 30ml,https://www.oliveyoung.co.kr/store/goods/getGoodsDetail.do?goodsNo=A000000206482&dispCatNo=100000100050013&trackingCd=Cat100000100050013_Small&t_page=카테고리관&t_click=향수_전체__상품상세&t_number=329,"32,400원",2026-09-05,data/korea_popularity/raw/oliveyoung_perfume_sales_20260905.har,861
oliveyoung,330,판매순,기간 미확인,A000000206483,아뜰리에페이,아뜰리에페이 퍼퓸 위스테리아 위시 30ml,https://www.oliveyoung.co.kr/store/goods/getGoodsDetail.do?goodsNo=A000000206483&dispCatNo=100000100050013&trackingCd=Cat100000100050013_Small&t_page=카테고리관&t_click=향수_전체__상품상세&t_number=330,"30,600원",2026-09-05,data/korea_popularity/raw/oliveyoung_perfume_sales_20260905.har,861
oliveyoung,331,판매순,기간 미확인,A000000206521,아이젠틀맨,"[남친향수] 아이젠틀맨 퍼퓸 50ml(콜유마인, 메이크 미호니)",https://www.oliveyoung.co.kr/store/goods/getGoodsDetail.do?goodsNo=A000000206521&dispCatNo=100000100050013&trackingCd=Cat100000100050013_Small&t_page=카테고리관&t_click=향수_전체__상품상세&t_number=331,"45,130원 ~",2026-09-05,data/korea_popularity/raw/oliveyoung_perfume_sales_20260905.har,861
oliveyoung,332,판매순,기간 미확인,A000000206522,아이젠틀맨,[남친향수] 아이젠틀맨 콜 유 마인 오 드 퍼퓸 50ml,https://www.oliveyoung.co.kr/store/goods/getGoodsDetail.do?goodsNo=A000000206522&dispCatNo=100000100050013&trackingCd=Cat100000100050013_Small&t_page=카테고리관&t_click=향수_전체__상품상세&t_number=332,"45,130원",2026-09-05,data/korea_popularity/raw/oliveyoung_perfume_sales_20260905.har,861
oliveyoung,333,판매순,기간 미확인,A000000206524,아이젠틀맨,[남친향수] 아이젠틀맨 메이크 미 호니 오 드 퍼퓸 50ml,https://www.oliveyoung.co.kr/store/goods/getGoodsDetail.do?goodsNo=A000000206524&dispCatNo=100000100050013&trackingCd=Cat100000100050013_Small&t_page=카테고리관&t_click=향수_전체__상품상세&t_number=333,"45,130원",2026-09-05,data/korea_popularity/raw/oliveyoung_perfume_sales_20260905.har,861
oliveyoung,334,판매순,기간 미확인,A000000206702,취,취 오드퍼퓸 50ml 사찰,https://www.oliveyoung.co.kr/store/goods/getGoodsDetail.do?goodsNo=A000000206702&dispCatNo=100000100050013&trackingCd=Cat100000100050013_Small&t_page=카테고리관&t_click=향수_전체__상품상세&t_number=334,"75,900원",2026-09-05,data/korea_popularity/raw/oliveyoung_perfume_sales_20260905.har,861
oliveyoung,335,판매순,기간 미확인,A000000208814,에이딕트,에이딕트 솔리드 퍼퓸 네이키드 오크모스 501 30ml,https://www.oliveyoung.co.kr/store/goods/getGoodsDetail.do?goodsNo=A000000208814&dispCatNo=100000100050013&trackingCd=Cat100000100050013_Small&t_page=카테고리관&t_click=향수_전체__상품상세&t_number=335,"21,660원",2026-09-05,data/korea_popularity/raw/oliveyoung_perfume_sales_20260905.har,861
oliveyoung,336,판매순,기간 미확인,A000000208822,에이딕트,에이딕트 오 드 퍼퓸 블랑 드 블룸 50ml,https://www.oliveyoung.co.kr/store/goods/getGoodsDetail.do?goodsNo=A000000208822&dispCatNo=100000100050013&trackingCd=Cat100000100050013_Small&t_page=카테고리관&t_click=향수_전체__상품상세&t_number=336,"36,960원",2026-09-05,data/korea_popularity/raw/oliveyoung_perfume_sales_20260905.har,861
oliveyoung,337,판매순,기간 미확인,A000000209793,돌체앤가바나,돌체앤가바나 돌체 피오니 EDP 50ml,https://www.oliveyoung.co.kr/store/goods/getGoodsDetail.do?goodsNo=A000000209793&dispCatNo=100000100050013&trackingCd=Cat100000100050013_Small&t_page=카테고리관&t_click=향수_전체__상품상세&t_number=337,"103,320원",2026-09-05,data/korea_popularity/raw/oliveyoung_perfume_sales_20260905.har,1004
oliveyoung,338,판매순,기간 미확인,A000000209795,돌체앤가바나,돌체앤가바나 돌체 바이올렛 EDT 50ml,https://www.oliveyoung.co.kr/store/goods/getGoodsDetail.do?goodsNo=A000000209795&dispCatNo=100000100050013&trackingCd=Cat100000100050013_Small&t_page=카테고리관&t_click=향수_전체__상품상세&t_number=338,"97,540원",2026-09-05,data/korea_popularity/raw/oliveyoung_perfume_sales_20260905.har,1004
oliveyoung,339,판매순,기간 미확인,A000000211533,메르세데스 벤츠,메르세데스 벤츠 LSA Sea EDP 30ml/60ml 중 택1,https://www.oliveyoung.co.kr/store/goods/getGoodsDetail.do?goodsNo=A000000211533&dispCatNo=100000100050013&trackingCd=Cat100000100050013_Small&t_page=카테고리관&t_click=향수_전체__상품상세&t_number=339,"75,240원 ~",2026-09-05,data/korea_popularity/raw/oliveyoung_perfume_sales_20260905.har,1004
oliveyoung,340,판매순,기간 미확인,A000000213909,GBH,지비에이치 센티드 헤어&바디 미스트 디스커버리 키트 22.5ml,https://www.oliveyoung.co.kr/store/goods/getGoodsDetail.do?goodsNo=A000000213909&dispCatNo=100000100050013&trackingCd=Cat100000100050013_Small&t_page=카테고리관&t_click=향수_전체__상품상세&t_number=340,"16,200원",2026-09-05,data/korea_popularity/raw/oliveyoung_perfume_sales_20260905.har,1004
oliveyoung,341,판매순,기간 미확인,A000000214502,센틀리에,센틀리에 오드퍼퓸 오렌지블라썸 토스카나 50ml,https://www.oliveyoung.co.kr/store/goods/getGoodsDetail.do?goodsNo=A000000214502&dispCatNo=100000100050013&trackingCd=Cat100000100050013_Small&t_page=카테고리관&t_click=향수_전체__상품상세&t_number=341,"67,640원",2026-09-05,data/korea_popularity/raw/oliveyoung_perfume_sales_20260905.har,1004
oliveyoung,342,판매순,기간 미확인,A000000215986,메모,메모 셔우드 오드퍼퓸 75ml,https://www.oliveyoung.co.kr/store/goods/getGoodsDetail.do?goodsNo=A000000215986&dispCatNo=100000100050013&trackingCd=Cat100000100050013_Small&t_page=카테고리관&t_click=향수_전체__상품상세&t_number=342,"379,050원",2026-09-05,data/korea_popularity/raw/oliveyoung_perfume_sales_20260905.har,1004
oliveyoung,343,판매순,기간 미확인,A000000215987,메모,메모 퍼퓸 베스트 택1 (100ml/75ml/30ml),https://www.oliveyoung.co.kr/store/goods/getGoodsDetail.do?goodsNo=A000000215987&dispCatNo=100000100050013&trackingCd=Cat100000100050013_Small&t_page=카테고리관&t_click=향수_전체__상품상세&t_number=343,"198,550원 ~",2026-09-05,data/korea_popularity/raw/oliveyoung_perfume_sales_20260905.har,1004
oliveyoung,344,판매순,기간 미확인,A000000215988,메모,메모 오드메모 오드퍼퓸 (30ml / 100ml),https://www.oliveyoung.co.kr/store/goods/getGoodsDetail.do?goodsNo=A000000215988&dispCatNo=100000100050013&trackingCd=Cat100000100050013_Small&t_page=카테고리관&t_click=향수_전체__상품상세&t_number=344,"198,550원 ~",2026-09-05,data/korea_popularity/raw/oliveyoung_perfume_sales_20260905.har,1004
oliveyoung,345,판매순,기간 미확인,A000000215989,메모,메모 프렌치 레더 오드퍼퓸 30ml,https://www.oliveyoung.co.kr/store/goods/getGoodsDetail.do?goodsNo=A000000215989&dispCatNo=100000100050013&trackingCd=Cat100000100050013_Small&t_page=카테고리관&t_click=향수_전체__상품상세&t_number=345,"198,550원",2026-09-05,data/korea_popularity/raw/oliveyoung_perfume_sales_20260905.har,1004
oliveyoung,346,판매순,기간 미확인,A000000215990,메모,메모 마르파 오드퍼퓸 30ml,https://www.oliveyoung.co.kr/store/goods/getGoodsDetail.do?goodsNo=A000000215990&dispCatNo=100000100050013&trackingCd=Cat100000100050013_Small&t_page=카테고리관&t_click=향수_전체__상품상세&t_number=346,"198,550원",2026-09-05,data/korea_popularity/raw/oliveyoung_perfume_sales_20260905.har,1004
oliveyoung,347,판매순,기간 미확인,A000000216041,알보우,[기획] 알보우 케이스 스터디 EDP 30ml 상탈 블루 (+핸드크림),https://www.oliveyoung.co.kr/store/goods/getGoodsDetail.do?goodsNo=A000000216041&dispCatNo=100000100050013&trackingCd=Cat100000100050013_Small&t_page=카테고리관&t_click=향수_전체__상품상세&t_number=347,"58,140원 ~",2026-09-05,data/korea_popularity/raw/oliveyoung_perfume_sales_20260905.har,1004
oliveyoung,348,판매순,기간 미확인,A000000216439,더페이스샵,더페이스샵 소울 써니 블라썸 EDP 30ml,https://www.oliveyoung.co.kr/store/goods/getGoodsDetail.do?goodsNo=A000000216439&dispCatNo=100000100050013&trackingCd=Cat100000100050013_Small&t_page=카테고리관&t_click=향수_전체__상품상세&t_number=348,"20,280원",2026-09-05,data/korea_popularity/raw/oliveyoung_perfume_sales_20260905.har,1004
oliveyoung,349,판매순,기간 미확인,A000000216443,더페이스샵,더페이스샵 소울 릴리 드림 EDP 30ml,https://www.oliveyoung.co.kr/store/goods/getGoodsDetail.do?goodsNo=A000000216443&dispCatNo=100000100050013&trackingCd=Cat100000100050013_Small&t_page=카테고리관&t_click=향수_전체__상품상세&t_number=349,"20,280원",2026-09-05,data/korea_popularity/raw/oliveyoung_perfume_sales_20260905.har,1004
oliveyoung,350,판매순,기간 미확인,A000000216446,더페이스샵,더페이스샵 소울 퓨어 허그 EDP 30ml,https://www.oliveyoung.co.kr/store/goods/getGoodsDetail.do?goodsNo=A000000216446&dispCatNo=100000100050013&trackingCd=Cat100000100050013_Small&t_page=카테고리관&t_click=향수_전체__상품상세&t_number=350,"20,280원",2026-09-05,data/korea_popularity/raw/oliveyoung_perfume_sales_20260905.har,1004
lotte,1,판매 많은순,최근 30일,PD51657591,향수존,그레 카보틴 오드뚜왈렛 30ml,https://www.lotteon.com/product/PD51657591?mall_no=1,34740,2026-09-05,data/korea_popularity/raw/lotte_department_perfume_sales_top350_20260905.har,1
lotte,2,판매 많은순,최근 30일,PD67351722,향수존,[몽탈] 초콜릿 그리디 오드퍼퓸 100ml (바이알 3종),https://www.lotteon.com/product/PD67351722?mall_no=1,150480,2026-09-05,data/korea_popularity/raw/lotte_department_perfume_sales_top350_20260905.har,1
lotte,3,판매 많은순,최근 30일,LE1220689552,향수존,[베르사체] 에로스 에너지 EDP 100ml (미니어처 1종),https://www.lotteon.com/product/LE1220689552?sitmNo=LE1220689552_1324589045&mall_no=1,161100,2026-09-05,data/korea_popularity/raw/lotte_department_perfume_sales_top350_20260905.har,1
lotte,4,판매 많은순,최근 30일,PD38333575,향수존,재규어 클래식 일렉트릭 스카이 오드뚜왈렛 100ml,https://www.lotteon.com/product/PD38333575?mall_no=1,54180,2026-09-05,data/korea_popularity/raw/lotte_department_perfume_sales_top350_20260905.har,1
lotte,5,판매 많은순,최근 30일,PD59665070,향수존,라리끄 솔레이 루나 오드퍼퓸 100ml,https://www.lotteon.com/product/PD59665070?mall_no=1,196650,2026-09-05,data/korea_popularity/raw/lotte_department_perfume_sales_top350_20260905.har,1
lotte,6,판매 많은순,최근 30일,PD63600272,향수존,[만세라] 오드 레몬 민트 오드퍼퓸 60ml (바이알 3종),https://www.lotteon.com/product/PD63600272?mall_no=1,150480,2026-09-05,data/korea_popularity/raw/lotte_department_perfume_sales_top350_20260905.har,1
lotte,7,판매 많은순,최근 30일,PD57713957,향수존,[베르두콜렉션] 그랑크뤼 아주르 리비에라 EDP 100ml,https://www.lotteon.com/product/PD57713957?mall_no=1,49500,2026-09-05,data/korea_popularity/raw/lotte_department_perfume_sales_top350_20260905.har,1
lotte,8,판매 많은순,최근 30일,LE1207144895,향수존,[베르사체] 브라이트 크리스탈 오드뚜왈렛 90ml (+ 미니어처 1종),https://www.lotteon.com/product/LE1207144895?sitmNo=LE1207144895_1239047586&mall_no=1,128880,2026-09-05,data/korea_popularity/raw/lotte_department_perfume_sales_top350_20260905.har,1
lotte,9,판매 많은순,최근 30일,PD48941689,향수존,바나나리퍼블릭 메탈레인 오드퍼퓸 30ml,https://www.lotteon.com/product/PD48941689?mall_no=1,57600,2026-09-05,data/korea_popularity/raw/lotte_department_perfume_sales_top350_20260905.har,1
lotte,10,판매 많은순,최근 30일,LE1221902689,향수존,[니샤네] 팬 유어 플레임즈 엑스트레 드 퍼퓸 50ml (바이알 3종),https://www.lotteon.com/product/LE1221902689?sitmNo=LE1221902689_1332699035&mall_no=1,324900,2026-09-05,data/korea_popularity/raw/lotte_department_perfume_sales_top350_20260905.har,1
lotte,11,판매 많은순,최근 30일,PD48937481,향수존,바나나리퍼블릭 미드나잇 아워 오드퍼퓸 75ml,https://www.lotteon.com/product/PD48937481?mall_no=1,93600,2026-09-05,data/korea_popularity/raw/lotte_department_perfume_sales_top350_20260905.har,1
lotte,12,판매 많은순,최근 30일,PD64387972,향수존,[바나나리퍼블릭] 퓨어 화이트 오드퍼퓸 30ml,https://www.lotteon.com/product/PD64387972?mall_no=1,57600,2026-09-05,data/korea_popularity/raw/lotte_department_perfume_sales_top350_20260905.har,1
lotte,13,판매 많은순,최근 30일,LE1220621963,향수존,[BMW] 더 센트 오브 베르가무드 오드퍼퓸 100ml,https://www.lotteon.com/product/LE1220621963?sitmNo=LE1220621963_1324156490&mall_no=1,128250,2026-09-05,data/korea_popularity/raw/lotte_department_perfume_sales_top350_20260905.har,1
lotte,14,판매 많은순,최근 30일,PD51854281,향수존,[랑세] 르방케 오드퍼퓸 포 맨 50ml (바이알3종),https://www.lotteon.com/product/PD51854281?mall_no=1,125280,2026-09-05,data/korea_popularity/raw/lotte_department_perfume_sales_top350_20260905.har,1
lotte,15,판매 많은순,최근 30일,LE1220713398,향수존,[베르사체] 오프레쉬 맨 EDT 100ml (미니어처 1종),https://www.lotteon.com/product/LE1220713398?sitmNo=LE1220713398_1325791359&mall_no=1,108000,2026-09-05,data/korea_popularity/raw/lotte_department_perfume_sales_top350_20260905.har,1
lotte,16,판매 많은순,최근 30일,PD48933345,향수존,니코스 스컬프쳐 미코노스 오드퍼퓸 100ml,https://www.lotteon.com/product/PD48933345?mall_no=1,102600,2026-09-05,data/korea_popularity/raw/lotte_department_perfume_sales_top350_20260905.har,1
lotte,17,판매 많은순,최근 30일,LE1222197351,향수존,[몽탈] 비 마이 플럼 오드퍼퓸 100ml (바이알 3종),https://www.lotteon.com/product/LE1222197351?sitmNo=LE1222197351_1334661582&mall_no=1,207000,2026-09-05,data/korea_popularity/raw/lotte_department_perfume_sales_top350_20260905.har,1
lotte,18,판매 많은순,최근 30일,LE1222242988,향수존,[만세라] 자스민 엑스클루시프 오드퍼퓸 120ml (바이알 3종),https://www.lotteon.com/product/LE1222242988?sitmNo=LE1222242988_1335011358&mall_no=1,252000,2026-09-05,data/korea_popularity/raw/lotte_department_perfume_sales_top350_20260905.har,1
lotte,19,판매 많은순,최근 30일,PD51860983,향수존,[랑세] 조세핀 오드퍼퓸 포 우먼 100ml (바이알3종),https://www.lotteon.com/product/PD51860983?mall_no=1,172260,2026-09-05,data/korea_popularity/raw/lotte_department_perfume_sales_top350_20260905.har,1
lotte,20,판매 많은순,최근 30일,PD66471632,향수존,[몽탈] 버블 포에버 오드퍼퓸 100ml (바이알 3종),https://www.lotteon.com/product/PD66471632?mall_no=1,182160,2026-09-05,data/korea_popularity/raw/lotte_department_perfume_sales_top350_20260905.har,1
lotte,21,판매 많은순,최근 30일,PD66650759,향수존,[니샤네] 하지밧 엑스트레 드 퍼퓸 50ml (바이알3종),https://www.lotteon.com/product/PD66650759?mall_no=1,350550,2026-09-05,data/korea_popularity/raw/lotte_department_perfume_sales_top350_20260905.har,1
lotte,22,판매 많은순,최근 30일,PD66633377,향수존,[니샤네] 우롱차 엑스트레 드 퍼퓸 50ml (바이알3종),https://www.lotteon.com/product/PD66633377?mall_no=1,324900,2026-09-05,data/korea_popularity/raw/lotte_department_perfume_sales_top350_20260905.har,1
lotte,23,판매 많은순,최근 30일,PD65680646,향수존,[랑세] 데지레 오드퍼퓸 포 우먼 50ml (바이알 3종),https://www.lotteon.com/product/PD65680646?mall_no=1,125280,2026-09-05,data/korea_popularity/raw/lotte_department_perfume_sales_top350_20260905.har,1
lotte,24,판매 많은순,최근 30일,PD68530310,향수존,랑세 마틸드 오드퍼퓸 50ml (바이알 3종),https://www.lotteon.com/product/PD68530310?mall_no=1,136800,2026-09-05,data/korea_popularity/raw/lotte_department_perfume_sales_top350_20260905.har,1
lotte,25,판매 많은순,최근 30일,PD52737843,향수존,[에센셜퍼퓸] 더 머스크 바이 칼리스 베커 EDP 100ml (바이알2종),https://www.lotteon.com/product/PD52737843?mall_no=1,162450,2026-09-05,data/korea_popularity/raw/lotte_department_perfume_sales_top350_20260905.har,1
lotte,26,판매 많은순,최근 30일,PD58256151,향수존,[에센셜퍼퓸] 오렌지상탈 바이 나탈리 그라시아세토 EDP 100ml (바이알2종),https://www.lotteon.com/product/PD58256151?mall_no=1,162450,2026-09-05,data/korea_popularity/raw/lotte_department_perfume_sales_top350_20260905.har,1
lotte,27,판매 많은순,최근 30일,PD58288680,향수존,[에센셜퍼퓸] 피그 인퓨전 바이 나탈리 로슨 EDP 100ml (바이알2종),https://www.lotteon.com/product/PD58288680?mall_no=1,162450,2026-09-05,data/korea_popularity/raw/lotte_department_perfume_sales_top350_20260905.har,1
lotte,28,판매 많은순,최근 30일,LE1221806156,향수존,퓨레앙스 화이트 블룸 오드퍼퓸 50ml,https://www.lotteon.com/product/LE1221806156?sitmNo=LE1221806156_1332098700&mall_no=1,50400,2026-09-05,data/korea_popularity/raw/lotte_department_perfume_sales_top350_20260905.har,1
lotte,29,판매 많은순,최근 30일,LE1220872061,향수존,비엠더블유 앰버니스 오드퍼퓸 50ml,https://www.lotteon.com/product/LE1220872061?sitmNo=LE1220872061_1325791166&mall_no=1,99000,2026-09-05,data/korea_popularity/raw/lotte_department_perfume_sales_top350_20260905.har,1
lotte,30,판매 많은순,최근 30일,LE1220616823,향수존,[비엠더블유] 더 센트 오브 앰버니스 오드퍼퓸 50ml,https://www.lotteon.com/product/LE1220616823?sitmNo=LE1220616823_1324119968&mall_no=1,94050,2026-09-05,data/korea_popularity/raw/lotte_department_perfume_sales_top350_20260905.har,1
lotte,31,판매 많은순,최근 30일,LE1208156089,향수존,베르두콜렉션 그랑크뤼 아쌈 오브 인디아 EDP 100m,https://www.lotteon.com/product/LE1208156089?sitmNo=LE1208156089_1244448647&mall_no=1,49500,2026-09-05,data/korea_popularity/raw/lotte_department_perfume_sales_top350_20260905.har,1
lotte,32,판매 많은순,최근 30일,LE1208312389,향수존,베르두콜렉션 그랑크뤼 아주르 리비에라 EDP 100ml,https://www.lotteon.com/product/LE1208312389?sitmNo=LE1208312389_1245263937&mall_no=1,49500,2026-09-05,data/korea_popularity/raw/lotte_department_perfume_sales_top350_20260905.har,1
lotte,33,판매 많은순,최근 30일,PD66649697,향수존,[니샤네] 우롱차 엑스트레 드 퍼퓸 100ml (바이알3종),https://www.lotteon.com/product/PD66649697?mall_no=1,470250,2026-09-05,data/korea_popularity/raw/lotte_department_perfume_sales_top350_20260905.har,1
lotte,34,판매 많은순,최근 30일,PD63589929,향수존,[만세라] 인텐스 세드라 부아제 EXDP 120ml (바이알 3종),https://www.lotteon.com/product/PD63589929?mall_no=1,256500,2026-09-05,data/korea_popularity/raw/lotte_department_perfume_sales_top350_20260905.har,1
lotte,35,판매 많은순,최근 30일,PD48937356,향수존,바나나리퍼블릭 다크체리 & 앰버 오드퍼퓸 75ml,https://www.lotteon.com/product/PD48937356?mall_no=1,86400,2026-09-05,data/korea_popularity/raw/lotte_department_perfume_sales_top350_20260905.har,1
lotte,36,판매 많은순,최근 30일,LE1215817133,향수존,[리플레이] 러버즈 포 우먼 오드뚜왈렛 30ml,https://www.lotteon.com/product/LE1215817133?sitmNo=LE1215817133_1291793627&mall_no=1,49590,2026-09-05,data/korea_popularity/raw/lotte_department_perfume_sales_top350_20260905.har,1
lotte,37,판매 많은순,최근 30일,PD44961328,향수존,마주리 시그니처 클래식 오드퍼퓸 75ml,https://www.lotteon.com/product/PD44961328?mall_no=1,92880,2026-09-05,data/korea_popularity/raw/lotte_department_perfume_sales_top350_20260905.har,1
lotte,38,판매 많은순,최근 30일,PD63592343,향수존,[만세라] 인스턴트 크러쉬 오드퍼퓸 120ml (바이알 3종),https://www.lotteon.com/product/PD63592343?mall_no=1,221760,2026-09-05,data/korea_popularity/raw/lotte_department_perfume_sales_top350_20260905.har,1
lotte,39,판매 많은순,최근 30일,LE1207901995,향수존,[랑세] 조세핀 오드퍼퓸 포 우먼 50ml (바이알3종),https://www.lotteon.com/product/LE1207901995?sitmNo=LE1207901995_1243057092&mall_no=1,125280,2026-09-05,data/korea_popularity/raw/lotte_department_perfume_sales_top350_20260905.har,1
lotte,40,판매 많은순,최근 30일,PD52738176,향수존,[랑세] 헬레네 오드퍼퓸 포 우먼 50ml (바이알 3종),https://www.lotteon.com/product/PD52738176?mall_no=1,125280,2026-09-05,data/korea_popularity/raw/lotte_department_perfume_sales_top350_20260905.har,1
lotte,41,판매 많은순,최근 30일,PD63599473,향수존,[만세라] 통카 콜라 오드퍼퓸 60ml (바이알 3종),https://www.lotteon.com/product/PD63599473?mall_no=1,162450,2026-09-05,data/korea_popularity/raw/lotte_department_perfume_sales_top350_20260905.har,1
lotte,42,판매 많은순,최근 30일,PD48934679,향수존,케네스콜 맨카인드 라이즈 오드뚜왈렛 100ml,https://www.lotteon.com/product/PD48934679?mall_no=1,111150,2026-09-05,data/korea_popularity/raw/lotte_department_perfume_sales_top350_20260905.har,1
lotte,43,판매 많은순,최근 30일,LE1221760488,향수존,비엠더블유 M2025 오드뚜왈렛 50ml,https://www.lotteon.com/product/LE1221760488?sitmNo=LE1221760488_1331801181&mall_no=1,81000,2026-09-05,data/korea_popularity/raw/lotte_department_perfume_sales_top350_20260905.har,1
lotte,44,판매 많은순,최근 30일,LE1221915778,향수존,[BMW] M 2025 오드뚜왈렛 50ml,https://www.lotteon.com/product/LE1221915778?sitmNo=LE1221915778_1332795459&mall_no=1,81000,2026-09-05,data/korea_popularity/raw/lotte_department_perfume_sales_top350_20260905.har,1
lotte,45,판매 많은순,최근 30일,LE1222149895,향수존,[훌라] 아우텐티카 오드퍼퓸 50ml,https://www.lotteon.com/product/LE1222149895?sitmNo=LE1222149895_1334293970&mall_no=1,64080,2026-09-05,data/korea_popularity/raw/lotte_department_perfume_sales_top350_20260905.har,1
lotte,46,판매 많은순,최근 30일,LE1222243034,향수존,[만세라] 인텐스 레드 토바코 엑스트레 드 퍼퓸 60ml (바이알 3종),https://www.lotteon.com/product/LE1222243034?sitmNo=LE1222243034_1335011556&mall_no=1,216000,2026-09-05,data/korea_popularity/raw/lotte_department_perfume_sales_top350_20260905.har,1
lotte,47,판매 많은순,최근 30일,LE1222242917,향수존,[만세라] 패블러스 유주 오드퍼퓸 120ml (바이알 3종),https://www.lotteon.com/product/LE1222242917?sitmNo=LE1222242917_1335011011&mall_no=1,252000,2026-09-05,data/korea_popularity/raw/lotte_department_perfume_sales_top350_20260905.har,1
lotte,48,판매 많은순,최근 30일,LE1222149905,향수존,[훌라] 아도라빌레 오드퍼퓸 50ml,https://www.lotteon.com/product/LE1222149905?sitmNo=LE1222149905_1334294071&mall_no=1,64080,2026-09-05,data/korea_popularity/raw/lotte_department_perfume_sales_top350_20260905.har,1
lotte,49,판매 많은순,최근 30일,PD63596802,향수존,[만세라] 코코 바닐 오드퍼퓸 60ml (바이알 3종),https://www.lotteon.com/product/PD63596802?mall_no=1,134640,2026-09-05,data/korea_popularity/raw/lotte_department_perfume_sales_top350_20260905.har,1
lotte,50,판매 많은순,최근 30일,LE1215939417,향수존,[몽탈] 초콜릿 그리디 오드퍼퓸 100ml (바이알 3종),https://www.lotteon.com/product/LE1215939417?sitmNo=LE1215939417_1292564780&mall_no=1,150480,2026-09-05,data/korea_popularity/raw/lotte_department_perfume_sales_top350_20260905.har,1
lotte,51,판매 많은순,최근 30일,PD63598890,향수존,[만세라] 시실리 오드퍼퓸 60ml (바이알 3종),https://www.lotteon.com/product/PD63598890?mall_no=1,134640,2026-09-05,data/korea_popularity/raw/lotte_department_perfume_sales_top350_20260905.har,1
lotte,52,판매 많은순,최근 30일,LE1215962572,향수존,[만세라] 인스턴트 크러쉬 오드퍼퓸 60ml (바이알 3종),https://www.lotteon.com/product/LE1215962572?sitmNo=LE1215962572_1292716364&mall_no=1,150480,2026-09-05,data/korea_popularity/raw/lotte_department_perfume_sales_top350_20260905.har,1
lotte,53,판매 많은순,최근 30일,PD63607394,향수존,[만세라] 로즈 그리디 오드퍼퓸 60ml (바이알 3종),https://www.lotteon.com/product/PD63607394?mall_no=1,150480,2026-09-05,data/korea_popularity/raw/lotte_department_perfume_sales_top350_20260905.har,1
lotte,54,판매 많은순,최근 30일,PD63593822,향수존,[만세라] 인스턴트 크러쉬 오드퍼퓸 60ml (바이알 3종),https://www.lotteon.com/product/PD63593822?mall_no=1,150480,2026-09-05,data/korea_popularity/raw/lotte_department_perfume_sales_top350_20260905.har,1
lotte,55,판매 많은순,최근 30일,PD63595711,향수존,[만세라] 프렌치 리비에라 오드퍼퓸 120ml (바이알 3종),https://www.lotteon.com/product/PD63595711?mall_no=1,239400,2026-09-05,data/korea_popularity/raw/lotte_department_perfume_sales_top350_20260905.har,1
lotte,56,판매 많은순,최근 30일,LE1222117122,향수존,[훌라] 아도라빌레 오드퍼퓸 100ml,https://www.lotteon.com/product/LE1222117122?sitmNo=LE1222117122_1334085693&mall_no=1,89730,2026-09-05,data/korea_popularity/raw/lotte_department_perfume_sales_top350_20260905.har,1
lotte,57,판매 많은순,최근 30일,LE1222117039,향수존,[훌라] 퓨라 오드퍼퓸 100ml,https://www.lotteon.com/product/LE1222117039?sitmNo=LE1222117039_1334085236&mall_no=1,89730,2026-09-05,data/korea_popularity/raw/lotte_department_perfume_sales_top350_20260905.har,1
lotte,58,판매 많은순,최근 30일,LE1222117199,향수존,[훌라] 우니카 오드퍼퓸 100ml,https://www.lotteon.com/product/LE1222117199?sitmNo=LE1222117199_1334086100&mall_no=1,89730,2026-09-05,data/korea_popularity/raw/lotte_department_perfume_sales_top350_20260905.har,1
lotte,59,판매 많은순,최근 30일,LE1222129725,향수존,[막스앤코] 모닝 캔 웨이트 오드퍼퓸 100ml,https://www.lotteon.com/product/LE1222129725?sitmNo=LE1222129725_1334166074&mall_no=1,94500,2026-09-05,data/korea_popularity/raw/lotte_department_perfume_sales_top350_20260905.har,1
lotte,60,판매 많은순,최근 30일,LE1222117234,향수존,[훌라] 아우텐티카 오드퍼퓸 100ml,https://www.lotteon.com/product/LE1222117234?sitmNo=LE1222117234_1334086446&mall_no=1,89730,2026-09-05,data/korea_popularity/raw/lotte_department_perfume_sales_top350_20260905.har,1
lotte,61,판매 많은순,최근 30일,LE1222129591,향수존,[막스앤코] 굿 바이브스 돈 라이 오드퍼퓸 100ml,https://www.lotteon.com/product/LE1222129591?sitmNo=LE1222129591_1334165014&mall_no=1,94500,2026-09-05,data/korea_popularity/raw/lotte_department_perfume_sales_top350_20260905.har,2
lotte,62,판매 많은순,최근 30일,LE1222129683,향수존,[막스앤코] 쉬 이즈 어 10 오드퍼퓸 100ml,https://www.lotteon.com/product/LE1222129683?sitmNo=LE1222129683_1334165785&mall_no=1,94500,2026-09-05,data/korea_popularity/raw/lotte_department_perfume_sales_top350_20260905.har,2
lotte,63,판매 많은순,최근 30일,PD58254046,향수존,[에센셜퍼퓸] 나이스 베르가못 바이 앙투완메종디유 EDP 100ml (바이알2종),https://www.lotteon.com/product/PD58254046?mall_no=1,162450,2026-09-05,data/korea_popularity/raw/lotte_department_perfume_sales_top350_20260905.har,2
lotte,64,판매 많은순,최근 30일,LE1215915130,향수존,[랑세] 오드라 꾸론느 오드뚜왈렛 100ml (바이알 3종),https://www.lotteon.com/product/LE1215915130?sitmNo=LE1215915130_1292402872&mall_no=1,140940,2026-09-05,data/korea_popularity/raw/lotte_department_perfume_sales_top350_20260905.har,2
lotte,65,판매 많은순,최근 30일,LE1215915174,향수존,[랑세] 오드라 꾸론느 오드뚜왈렛 50ml (바이알 3종),https://www.lotteon.com/product/LE1215915174?sitmNo=LE1215915174_1292403196&mall_no=1,101880,2026-09-05,data/korea_popularity/raw/lotte_department_perfume_sales_top350_20260905.har,2
lotte,66,판매 많은순,최근 30일,PD52732121,향수존,[랑세] 프랑수와찰스 오드퍼퓸 포 맨 100ml (바이알 3종),https://www.lotteon.com/product/PD52732121?mall_no=1,172260,2026-09-05,data/korea_popularity/raw/lotte_department_perfume_sales_top350_20260905.har,2
lotte,67,판매 많은순,최근 30일,PD52742541,향수존,[랑세] 유제니 오드퍼퓸 포 우먼 100ml (바이알 3종),https://www.lotteon.com/product/PD52742541?mall_no=1,172260,2026-09-05,data/korea_popularity/raw/lotte_department_perfume_sales_top350_20260905.har,2
lotte,68,판매 많은순,최근 30일,PD52732624,향수존,[랑세] 르방케 오드퍼퓸 포 맨 100ml (바이알 3종),https://www.lotteon.com/product/PD52732624?mall_no=1,172260,2026-09-05,data/korea_popularity/raw/lotte_department_perfume_sales_top350_20260905.har,2
lotte,69,판매 많은순,최근 30일,LE1207901997,향수존,[랑세] 유제니 오드퍼퓸 포 우먼100ml (바이알3종),https://www.lotteon.com/product/LE1207901997?sitmNo=LE1207901997_1243057095&mall_no=1,172260,2026-09-05,data/korea_popularity/raw/lotte_department_perfume_sales_top350_20260905.har,2
lotte,70,판매 많은순,최근 30일,LE1207902004,향수존,[랑세] 르방케 오드퍼퓸 포 맨 100ml (바이알3종),https://www.lotteon.com/product/LE1207902004?sitmNo=LE1207902004_1243057107&mall_no=1,172260,2026-09-05,data/korea_popularity/raw/lotte_department_perfume_sales_top350_20260905.har,2
lotte,71,판매 많은순,최근 30일,LE1207858905,향수존,[랑세] 데지레 오드퍼퓸 포 우먼 50ml (바이알3종),https://www.lotteon.com/product/LE1207858905?sitmNo=LE1207858905_1242795787&mall_no=1,125280,2026-09-05,data/korea_popularity/raw/lotte_department_perfume_sales_top350_20260905.har,2
lotte,72,판매 많은순,최근 30일,PD51670573,향수존,[라리끄] 라무르 오드퍼퓸100ml,https://www.lotteon.com/product/PD51670573?mall_no=1,162000,2026-09-05,data/korea_popularity/raw/lotte_department_perfume_sales_top350_20260905.har,2
lotte,73,판매 많은순,최근 30일,LE1221915719,향수존,[BMW] M 1985 오드뚜왈렛 100ml,https://www.lotteon.com/product/LE1221915719?sitmNo=LE1221915719_1332794941&mall_no=1,108000,2026-09-05,data/korea_popularity/raw/lotte_department_perfume_sales_top350_20260905.har,2
lotte,74,판매 많은순,최근 30일,LE1221915669,향수존,[BMW] M 1972 오드뚜왈렛 100ml,https://www.lotteon.com/product/LE1221915669?sitmNo=LE1221915669_1332794647&mall_no=1,108000,2026-09-05,data/korea_popularity/raw/lotte_department_perfume_sales_top350_20260905.har,2
lotte,75,판매 많은순,최근 30일,LE1221915711,향수존,[BMW] M 1985 오드뚜왈렛 50ml,https://www.lotteon.com/product/LE1221915711?sitmNo=LE1221915711_1332794846&mall_no=1,81000,2026-09-05,data/korea_popularity/raw/lotte_department_perfume_sales_top350_20260905.har,2
lotte,76,판매 많은순,최근 30일,LE1221915757,향수존,[BMW] M 2025 오드뚜왈렛 100ml,https://www.lotteon.com/product/LE1221915757?sitmNo=LE1221915757_1332795310&mall_no=1,108000,2026-09-05,data/korea_popularity/raw/lotte_department_perfume_sales_top350_20260905.har,2
lotte,77,판매 많은순,최근 30일,LE1221914475,향수존,[바나나리퍼블릭] 네롤리 우드 오드퍼퓸 30ml,https://www.lotteon.com/product/LE1221914475?sitmNo=LE1221914475_1332789757&mall_no=1,57600,2026-09-05,data/korea_popularity/raw/lotte_department_perfume_sales_top350_20260905.har,2
lotte,78,판매 많은순,최근 30일,LE1221915660,향수존,[BMW] M 1972 오드뚜왈렛 50ml,https://www.lotteon.com/product/LE1221915660?sitmNo=LE1221915660_1332794594&mall_no=1,81000,2026-09-05,data/korea_popularity/raw/lotte_department_perfume_sales_top350_20260905.har,2
lotte,79,판매 많은순,최근 30일,LE1221903313,향수존,[니샤네] 헌드레드 사일런트 웨이즈 엑스트레 드 퍼퓸 50ml (바이알 3종),https://www.lotteon.com/product/LE1221903313?sitmNo=LE1221903313_1332703532&mall_no=1,324900,2026-09-05,data/korea_popularity/raw/lotte_department_perfume_sales_top350_20260905.har,2
lotte,80,판매 많은순,최근 30일,LE1221903438,향수존,[니샤네] 난쉬 엑스트레 드 퍼퓸 100ml (바이알 3종),https://www.lotteon.com/product/LE1221903438?sitmNo=LE1221903438_1332704341&mall_no=1,470250,2026-09-05,data/korea_popularity/raw/lotte_department_perfume_sales_top350_20260905.har,2
lotte,81,판매 많은순,최근 30일,LE1221903350,향수존,[니샤네] 헌드레드 사일런트 웨이즈 엑스트레 드 퍼퓸 100ml (바이알 3종),https://www.lotteon.com/product/LE1221903350?sitmNo=LE1221903350_1332703654&mall_no=1,470250,2026-09-05,data/korea_popularity/raw/lotte_department_perfume_sales_top350_20260905.har,2
lotte,82,판매 많은순,최근 30일,PD68533685,향수존,[랑세] 마틸드 오드퍼퓸 100ml (바이알 3종),https://www.lotteon.com/product/PD68533685?mall_no=1,188100,2026-09-05,data/korea_popularity/raw/lotte_department_perfume_sales_top350_20260905.har,2
lotte,83,판매 많은순,최근 30일,PD51857939,향수존,[랑세] 데지레 오드퍼퓸 포 우먼 100ml (바이알3종),https://www.lotteon.com/product/PD51857939?mall_no=1,172260,2026-09-05,data/korea_popularity/raw/lotte_department_perfume_sales_top350_20260905.har,2
lotte,84,판매 많은순,최근 30일,PD68527754,향수존,[랑세] 오드프랑스 오드뚜왈렛 100ml (바이알 3종),https://www.lotteon.com/product/PD68527754?mall_no=1,140940,2026-09-05,data/korea_popularity/raw/lotte_department_perfume_sales_top350_20260905.har,2
lotte,85,판매 많은순,최근 30일,PD58518288,향수존,[에센셜퍼퓸] 벨벳아이리스 바이 도미니크 로피옹 EDP 100ml (바이알2종),https://www.lotteon.com/product/PD58518288?mall_no=1,162450,2026-09-05,data/korea_popularity/raw/lotte_department_perfume_sales_top350_20260905.har,2
lotte,86,판매 많은순,최근 30일,PD59626638,향수존,[에센셜퍼퓸] 디바인 바닐 바이 올리비에 페슈 EDP 100ml (바이알2종),https://www.lotteon.com/product/PD59626638?mall_no=1,162450,2026-09-05,data/korea_popularity/raw/lotte_department_perfume_sales_top350_20260905.har,2
lotte,87,판매 많은순,최근 30일,PD53064604,향수존,[에센셜퍼퓸] 로즈 마그네틱 바이 소피라베 EDP 100ml (바이알2종),https://www.lotteon.com/product/PD53064604?mall_no=1,162450,2026-09-05,data/korea_popularity/raw/lotte_department_perfume_sales_top350_20260905.har,2
lotte,88,판매 많은순,최근 30일,PD52723479,향수존,[에센셜퍼퓸] 몽 베티버 바이 브루노 조바노빅 EDP 100ml (바이알2종),https://www.lotteon.com/product/PD52723479?mall_no=1,162450,2026-09-05,data/korea_popularity/raw/lotte_department_perfume_sales_top350_20260905.har,2
lotte,89,판매 많은순,최근 30일,PD52948598,향수존,[에센셜퍼퓸] 패출리 마니아 바이 파브리스 펠레그린 EDP 100ml (바이알2종),https://www.lotteon.com/product/PD52948598?mall_no=1,162450,2026-09-05,data/korea_popularity/raw/lotte_department_perfume_sales_top350_20260905.har,2
lotte,90,판매 많은순,최근 30일,PD52722173,향수존,[에센셜퍼퓸] 네롤리 보타니카 바이 앤 플리포 EDP 100ml (바이알2종),https://www.lotteon.com/product/PD52722173?mall_no=1,162450,2026-09-05,data/korea_popularity/raw/lotte_department_perfume_sales_top350_20260905.har,2
lotte,91,판매 많은순,최근 30일,PD66469984,향수존,[몽탈] 아라비안 통카 오드퍼퓸 100ml (바이알 3종),https://www.lotteon.com/product/PD66469984?mall_no=1,205200,2026-09-05,data/korea_popularity/raw/lotte_department_perfume_sales_top350_20260905.har,2
lotte,92,판매 많은순,최근 30일,PD65186936,향수존,바나나리퍼블릭 네롤리 우드 오드퍼퓸 75ml,https://www.lotteon.com/product/PD65186936?mall_no=1,86400,2026-09-05,data/korea_popularity/raw/lotte_department_perfume_sales_top350_20260905.har,2
lotte,93,판매 많은순,최근 30일,LE1221805853,향수존,퓨레앙스 골든 텐저린 오드퍼퓸 50ml,https://www.lotteon.com/product/LE1221805853?sitmNo=LE1221805853_1332096585&mall_no=1,50400,2026-09-05,data/korea_popularity/raw/lotte_department_perfume_sales_top350_20260905.har,2
lotte,94,판매 많은순,최근 30일,LE1221805913,향수존,퓨레앙스 블랑 드 로즈 오드퍼퓸 50ml,https://www.lotteon.com/product/LE1221805913?sitmNo=LE1221805913_1332097204&mall_no=1,50400,2026-09-05,data/korea_popularity/raw/lotte_department_perfume_sales_top350_20260905.har,2
lotte,95,판매 많은순,최근 30일,LE1221806123,향수존,퓨레앙스 플레르 머스크 오드퍼퓸 50ml,https://www.lotteon.com/product/LE1221806123?sitmNo=LE1221806123_1332098517&mall_no=1,50400,2026-09-05,data/korea_popularity/raw/lotte_department_perfume_sales_top350_20260905.har,2
lotte,96,판매 많은순,최근 30일,LE1221760268,향수존,비엠더블유 M1985 오드뚜왈렛 100ml,https://www.lotteon.com/product/LE1221760268?sitmNo=LE1221760268_1331800039&mall_no=1,108000,2026-09-05,data/korea_popularity/raw/lotte_department_perfume_sales_top350_20260905.har,2
lotte,97,판매 많은순,최근 30일,LE1221760215,향수존,비엠더블유 M1985 오드뚜왈렛 50ml,https://www.lotteon.com/product/LE1221760215?sitmNo=LE1221760215_1331799786&mall_no=1,81000,2026-09-05,data/korea_popularity/raw/lotte_department_perfume_sales_top350_20260905.har,2
lotte,98,판매 많은순,최근 30일,PD66632472,향수존,퓨레앙스 블랙베리 베일 오드퍼퓸 50ml,https://www.lotteon.com/product/PD66632472?mall_no=1,50400,2026-09-05,data/korea_popularity/raw/lotte_department_perfume_sales_top350_20260905.har,2
lotte,99,판매 많은순,최근 30일,LE1221760196,향수존,비엠더블유 M1972 오드뚜왈렛 50ml,https://www.lotteon.com/product/LE1221760196?sitmNo=LE1221760196_1331799569&mall_no=1,81000,2026-09-05,data/korea_popularity/raw/lotte_department_perfume_sales_top350_20260905.har,2
lotte,100,판매 많은순,최근 30일,LE1221760466,향수존,비엠더블유 M2025 오드뚜왈렛 100ml,https://www.lotteon.com/product/LE1221760466?sitmNo=LE1221760466_1331801031&mall_no=1,108000,2026-09-05,data/korea_popularity/raw/lotte_department_perfume_sales_top350_20260905.har,2
lotte,101,판매 많은순,최근 30일,LE1221806089,향수존,퓨레앙스 페어 가든 오드퍼퓸 50ml,https://www.lotteon.com/product/LE1221806089?sitmNo=LE1221806089_1332098209&mall_no=1,50400,2026-09-05,data/korea_popularity/raw/lotte_department_perfume_sales_top350_20260905.har,2
lotte,102,판매 많은순,최근 30일,LE1221760179,향수존,비엠더블유 M1972 오드뚜왈렛 100ml,https://www.lotteon.com/product/LE1221760179?sitmNo=LE1221760179_1331799458&mall_no=1,108000,2026-09-05,data/korea_popularity/raw/lotte_department_perfume_sales_top350_20260905.har,2
lotte,103,판매 많은순,최근 30일,LE1207942397,향수존,[베르사체] 에로스플레임 오드퍼퓸 100ml (미니어처1종 랜덤증정),https://www.lotteon.com/product/LE1207942397?sitmNo=LE1207942397_1243277446&mall_no=1,153000,2026-09-05,data/korea_popularity/raw/lotte_department_perfume_sales_top350_20260905.har,2
lotte,104,판매 많은순,최근 30일,LE1207144869,향수존,[베르사체] 에로스 플레임 오드퍼퓸 100ml,https://www.lotteon.com/product/LE1207144869?sitmNo=LE1207144869_1239047552&mall_no=1,147600,2026-09-05,data/korea_popularity/raw/lotte_department_perfume_sales_top350_20260905.har,2
lotte,105,판매 많은순,최근 30일,LE1220677285,향수존,[베르사체] 브라이트 크리스탈 EDT 90ml (미니어처1종 랜덤증정),https://www.lotteon.com/product/LE1220677285?sitmNo=LE1220677285_1324511956&mall_no=1,128880,2026-09-05,data/korea_popularity/raw/lotte_department_perfume_sales_top350_20260905.har,2
lotte,106,판매 많은순,최근 30일,LE1220699948,향수존,[베르사체] 브라이트 크리스탈 오드뚜왈렛 90ml (미니어처 1종),https://www.lotteon.com/product/LE1220699948?sitmNo=LE1220699948_1324650467&mall_no=1,128880,2026-09-05,data/korea_popularity/raw/lotte_department_perfume_sales_top350_20260905.har,2
lotte,107,판매 많은순,최근 30일,LE1220677316,향수존,[베르사체] 오프레쉬 맨 오드뚜왈렛 100ml (미니어처1종 랜덤증정),https://www.lotteon.com/product/LE1220677316?sitmNo=LE1220677316_1324512061&mall_no=1,108000,2026-09-05,data/korea_popularity/raw/lotte_department_perfume_sales_top350_20260905.har,2
lotte,108,판매 많은순,최근 30일,LE1207442267,향수존,[베르사체] 오프레쉬 맨 오드뚜왈렛 100ml (+ 미니어처 1종),https://www.lotteon.com/product/LE1207442267?sitmNo=LE1207442267_1240642805&mall_no=1,108000,2026-09-05,data/korea_popularity/raw/lotte_department_perfume_sales_top350_20260905.har,2
lotte,109,판매 많은순,최근 30일,LE1220738000,향수존,[니샤네] 멘트 투 비 씬 엑스트레 드 퍼퓸 50ml (바이알 3종),https://www.lotteon.com/product/LE1220738000?sitmNo=LE1220738000_1324878423&mall_no=1,350550,2026-09-05,data/korea_popularity/raw/lotte_department_perfume_sales_top350_20260905.har,2
lotte,110,판매 많은순,최근 30일,LE1220626402,향수존,[니샤네] 헌드레드사일런트 웨이즈 엑스트레 드 퍼퓸 50ml(+바이알3종),https://www.lotteon.com/product/LE1220626402?sitmNo=LE1220626402_1324181770&mall_no=1,324900,2026-09-05,data/korea_popularity/raw/lotte_department_perfume_sales_top350_20260905.har,2
lotte,111,판매 많은순,최근 30일,LE1220210522,향수존,[니샤네] 헌드레드사일런트 웨이즈 엑스트레 드 퍼퓸 100ml (바이알3종),https://www.lotteon.com/product/LE1220210522?sitmNo=LE1220210522_1321505433&mall_no=1,470250,2026-09-05,data/korea_popularity/raw/lotte_department_perfume_sales_top350_20260905.har,2
lotte,112,판매 많은순,최근 30일,LE1220203101,향수존,[니샤네] 난쉬 엑스트레 드 퍼퓸 100ml (바이알3종),https://www.lotteon.com/product/LE1220203101?sitmNo=LE1220203101_1321452935&mall_no=1,470250,2026-09-05,data/korea_popularity/raw/lotte_department_perfume_sales_top350_20260905.har,2
lotte,113,판매 많은순,최근 30일,LE1220626386,향수존,[니샤네] 팬 유어 플레임즈 엑스트레 드 퍼퓸 50ml (+바이알3종),https://www.lotteon.com/product/LE1220626386?sitmNo=LE1220626386_1325309357&mall_no=1,324900,2026-09-05,data/korea_popularity/raw/lotte_department_perfume_sales_top350_20260905.har,2
lotte,114,판매 많은순,최근 30일,LE1220872586,향수존,[니샤네] 멘트 투비씬 엑스트레 드 퍼퓸 50ml (+바이알3종),https://www.lotteon.com/product/LE1220872586?sitmNo=LE1220872586_1325795633&mall_no=1,350550,2026-09-05,data/korea_popularity/raw/lotte_department_perfume_sales_top350_20260905.har,2
lotte,115,판매 많은순,최근 30일,PD62591402,향수존,바나나리퍼블릭 피오니 & 페퍼콘 오드퍼퓸 75ml,https://www.lotteon.com/product/PD62591402?mall_no=1,86400,2026-09-05,data/korea_popularity/raw/lotte_department_perfume_sales_top350_20260905.har,2
lotte,116,판매 많은순,최근 30일,PD65175253,향수존,[바나나리퍼블릭] 피오니 & 페퍼콘 오드퍼퓸 30ml,https://www.lotteon.com/product/PD65175253?mall_no=1,57600,2026-09-05,data/korea_popularity/raw/lotte_department_perfume_sales_top350_20260905.har,2
lotte,117,판매 많은순,최근 30일,PD60489913,향수존,[벤틀리] 모멘텀 언브레이커블 오드퍼퓸 100ml,https://www.lotteon.com/product/PD60489913?mall_no=1,119700,2026-09-05,data/korea_popularity/raw/lotte_department_perfume_sales_top350_20260905.har,2
lotte,118,판매 많은순,최근 30일,PD52717468,향수존,[그레] 카보틴 오드뚜왈렛 100ml,https://www.lotteon.com/product/PD52717468?mall_no=1,50220,2026-09-05,data/korea_popularity/raw/lotte_department_perfume_sales_top350_20260905.har,2
lotte,119,판매 많은순,최근 30일,PD51917661,향수존,[재규어] 이어러 리로리드 오드퍼퓸 100ml,https://www.lotteon.com/product/PD51917661?mall_no=1,75780,2026-09-05,data/korea_popularity/raw/lotte_department_perfume_sales_top350_20260905.har,2
lotte,120,판매 많은순,최근 30일,LE1217243895,향수존,[재규어] 이어러 리로디드 오드퍼퓸 100ml,https://www.lotteon.com/product/LE1217243895?sitmNo=LE1217243895_1301270286&mall_no=1,75780,2026-09-05,data/korea_popularity/raw/lotte_department_perfume_sales_top350_20260905.har,2
lotte,121,판매 많은순,최근 30일,PD64394278,향수존,[바나나리퍼블릭] 퓨어 화이트 오드퍼퓸 75ml,https://www.lotteon.com/product/PD64394278?mall_no=1,86400,2026-09-05,data/korea_popularity/raw/lotte_department_perfume_sales_top350_20260905.har,45
lotte,122,판매 많은순,최근 30일,LE1220872384,향수존,비엠더블유 베르가무드 오드퍼퓸 50ml,https://www.lotteon.com/product/LE1220872384?sitmNo=LE1220872384_1325792824&mall_no=1,99000,2026-09-05,data/korea_popularity/raw/lotte_department_perfume_sales_top350_20260905.har,45
lotte,123,판매 많은순,최근 30일,LE1220858714,향수존,[니샤네] 아니 엑스트레 드 퍼퓸 50ml (바이알 3종),https://www.lotteon.com/product/LE1220858714?sitmNo=LE1220858714_1325671616&mall_no=1,324900,2026-09-05,data/korea_popularity/raw/lotte_department_perfume_sales_top350_20260905.har,45
lotte,124,판매 많은순,최근 30일,LE1220872357,향수존,비엠더블유 베르가무드 오드퍼퓸 100ml,https://www.lotteon.com/product/LE1220872357?sitmNo=LE1220872357_1325792711&mall_no=1,135000,2026-09-05,data/korea_popularity/raw/lotte_department_perfume_sales_top350_20260905.har,45
lotte,125,판매 많은순,최근 30일,PD66638286,향수존,[니샤네] 에게 엑스트레 드 퍼퓸 100ml (바이알3종),https://www.lotteon.com/product/PD66638286?mall_no=1,470250,2026-09-05,data/korea_popularity/raw/lotte_department_perfume_sales_top350_20260905.har,45
lotte,126,판매 많은순,최근 30일,LE1220872273,향수존,비엠더블유 앰버니스 오드퍼퓸 100ml,https://www.lotteon.com/product/LE1220872273?sitmNo=LE1220872273_1325791704&mall_no=1,135000,2026-09-05,data/korea_popularity/raw/lotte_department_perfume_sales_top350_20260905.har,45
lotte,127,판매 많은순,최근 30일,PD52719868,향수존,[바나나리퍼블릭] 벨벳 포메그레네이트 오드퍼퓸75ml,https://www.lotteon.com/product/PD52719868?mall_no=1,93600,2026-09-05,data/korea_popularity/raw/lotte_department_perfume_sales_top350_20260905.har,45
lotte,128,판매 많은순,최근 30일,LE1218587254,향수존,랑세 마틸드 오드퍼퓸 100ml (랑세바이알 3종증정),https://www.lotteon.com/product/LE1218587254?sitmNo=LE1218587254_1310029174&mall_no=1,188100,2026-09-05,data/korea_popularity/raw/lotte_department_perfume_sales_top350_20260905.har,45
lotte,129,판매 많은순,최근 30일,LE1214428355,향수존,[리플레이] 시크릿 포 우먼 오드뚜왈렛 100ml,https://www.lotteon.com/product/LE1214428355?sitmNo=LE1214428355_1283113555&mall_no=1,83790,2026-09-05,data/korea_popularity/raw/lotte_department_perfume_sales_top350_20260905.har,45
lotte,130,판매 많은순,최근 30일,LE1213125694,향수존,[만세라] 머스키 가든 오드퍼퓸 120ml (바이알 3종),https://www.lotteon.com/product/LE1213125694?sitmNo=LE1213125694_1274727681&mall_no=1,221760,2026-09-05,data/korea_popularity/raw/lotte_department_perfume_sales_top350_20260905.har,45
lotte,131,판매 많은순,최근 30일,LE1220703205,향수존,[베르사체] 브라이트 크리스탈 오드뚜왈렛 50ml (미니어처 1종),https://www.lotteon.com/product/LE1220703205?sitmNo=LE1220703205_1324668846&mall_no=1,82440,2026-09-05,data/korea_popularity/raw/lotte_department_perfume_sales_top350_20260905.har,45
lotte,132,판매 많은순,최근 30일,LE1220705030,향수존,[베르사체] 브라이트 크리스탈 앱솔루 오드퍼퓸 50ml (미니어처 1종),https://www.lotteon.com/product/LE1220705030?sitmNo=LE1220705030_1324678497&mall_no=1,91260,2026-09-05,data/korea_popularity/raw/lotte_department_perfume_sales_top350_20260905.har,45
lotte,133,판매 많은순,최근 30일,LE1220683858,향수존,[만세라] 통카 콜라 오드퍼퓸 120ml (바이알 3종),https://www.lotteon.com/product/LE1220683858?sitmNo=LE1220683858_1324556419&mall_no=1,252000,2026-09-05,data/korea_popularity/raw/lotte_department_perfume_sales_top350_20260905.har,45
lotte,134,판매 많은순,최근 30일,LE1220704979,향수존,[베르사체] 브라이트 크리스탈 앱솔루 오드퍼퓸 90ml (미니어처 1종),https://www.lotteon.com/product/LE1220704979?sitmNo=LE1220704979_1324678252&mall_no=1,140400,2026-09-05,data/korea_popularity/raw/lotte_department_perfume_sales_top350_20260905.har,45
lotte,135,판매 많은순,최근 30일,LE1220713382,향수존,[베르사체] 오프레쉬 맨 EDT 50ml (미니어처 1종),https://www.lotteon.com/product/LE1220713382?sitmNo=LE1220713382_1324725537&mall_no=1,82080,2026-09-05,data/korea_popularity/raw/lotte_department_perfume_sales_top350_20260905.har,45
lotte,136,판매 많은순,최근 30일,LE1220699352,향수존,[베르사체] 에로스 EDP 50ml (미니어처 1종),https://www.lotteon.com/product/LE1220699352?sitmNo=LE1220699352_1324647120&mall_no=1,120510,2026-09-05,data/korea_popularity/raw/lotte_department_perfume_sales_top350_20260905.har,45
lotte,137,판매 많은순,최근 30일,LE1220689602,향수존,[베르사체] 에로스 에너지 EDP 50ml (미니어처 1종),https://www.lotteon.com/product/LE1220689602?sitmNo=LE1220689602_1324589282&mall_no=1,126900,2026-09-05,data/korea_popularity/raw/lotte_department_perfume_sales_top350_20260905.har,45
lotte,138,판매 많은순,최근 30일,LE1220699545,향수존,[베르사체] 에로스 플레임 EDP 50ml (미니어처 1종),https://www.lotteon.com/product/LE1220699545?sitmNo=LE1220699545_1324648116&mall_no=1,120510,2026-09-05,data/korea_popularity/raw/lotte_department_perfume_sales_top350_20260905.har,45
lotte,139,판매 많은순,최근 30일,PD51658859,향수존,리플레이 탱크 플레이트 포 맨 오드뚜왈렛 30ml,https://www.lotteon.com/product/PD51658859?mall_no=1,44460,2026-09-05,data/korea_popularity/raw/lotte_department_perfume_sales_top350_20260905.har,45
lotte,140,판매 많은순,최근 30일,PD60136303,향수존,[리플레이] 시그니처 시크릿 포 우먼 오드뚜왈렛 100ml,https://www.lotteon.com/product/PD60136303?mall_no=1,83790,2026-09-05,data/korea_popularity/raw/lotte_department_perfume_sales_top350_20260905.har,45
lotte,141,판매 많은순,최근 30일,LE1216955442,향수존,[투미] 어웨이큰 08:00 오드퍼퓸 100ml,https://www.lotteon.com/product/LE1216955442?sitmNo=LE1216955442_1299361571&mall_no=1,145800,2026-09-05,data/korea_popularity/raw/lotte_department_perfume_sales_top350_20260905.har,45
lotte,142,판매 많은순,최근 30일,PD59551278,향수존,[리플레이] 소스 오브 라이프 포 우먼 오드퍼퓸 100ml,https://www.lotteon.com/product/PD59551278?mall_no=1,83790,2026-09-05,data/korea_popularity/raw/lotte_department_perfume_sales_top350_20260905.har,45
lotte,143,판매 많은순,최근 30일,LE1216038449,향수존,[트루사르디] 르비드밀라노 디이탈리안 아티스트 오브 비아솔페리노EDP 100ml,https://www.lotteon.com/product/LE1216038449?sitmNo=LE1216038449_1293226909&mall_no=1,138600,2026-09-05,data/korea_popularity/raw/lotte_department_perfume_sales_top350_20260905.har,45
lotte,144,판매 많은순,최근 30일,LE1220673471,향수존,[베르사체] 에로스 에너지 EDP 100ml (미니어처1종 랜덤증정),https://www.lotteon.com/product/LE1220673471?sitmNo=LE1220673471_1324489099&mall_no=1,161100,2026-09-05,data/korea_popularity/raw/lotte_department_perfume_sales_top350_20260905.har,45
lotte,145,판매 많은순,최근 30일,LE1220673486,향수존,[베르사체] 에로스 에너지 EDP 50ml (미니어처1종 랜덤증정),https://www.lotteon.com/product/LE1220673486?sitmNo=LE1220673486_1324489183&mall_no=1,126900,2026-09-05,data/korea_popularity/raw/lotte_department_perfume_sales_top350_20260905.har,45
lotte,146,판매 많은순,최근 30일,LE1220673920,향수존,[베르사체] 브라이트 크리스탈 앱솔루 EDP 90ml (미니어처1종 랜덤증정),https://www.lotteon.com/product/LE1220673920?sitmNo=LE1220673920_1324491686&mall_no=1,140400,2026-09-05,data/korea_popularity/raw/lotte_department_perfume_sales_top350_20260905.har,45
lotte,147,판매 많은순,최근 30일,LE1220673669,향수존,[베르사체] 브라이트 크리스탈 앱솔루 EDP 50ml (미니어처1종 랜덤증정),https://www.lotteon.com/product/LE1220673669?sitmNo=LE1220673669_1324490166&mall_no=1,91260,2026-09-05,data/korea_popularity/raw/lotte_department_perfume_sales_top350_20260905.har,45
lotte,148,판매 많은순,최근 30일,LE1220677268,향수존,[베르사체] 브라이트 크리스탈 EDT 50ml (미니어처1종 랜덤증정),https://www.lotteon.com/product/LE1220677268?sitmNo=LE1220677268_1324511869&mall_no=1,82440,2026-09-05,data/korea_popularity/raw/lotte_department_perfume_sales_top350_20260905.har,45
lotte,149,판매 많은순,최근 30일,LE1220673640,향수존,[베르사체] 브라이트 크리스탈 앱솔루 EDP 30ml,https://www.lotteon.com/product/LE1220673640?sitmNo=LE1220673640_1324490054&mall_no=1,60480,2026-09-05,data/korea_popularity/raw/lotte_department_perfume_sales_top350_20260905.har,45
lotte,150,판매 많은순,최근 30일,LE1220677325,향수존,[베르사체] 오프레쉬 맨 오드뚜왈렛 50ml (미니어처1종 랜덤증정),https://www.lotteon.com/product/LE1220677325?sitmNo=LE1220677325_1324512108&mall_no=1,82080,2026-09-05,data/korea_popularity/raw/lotte_department_perfume_sales_top350_20260905.har,45
lotte,151,판매 많은순,최근 30일,PD59667034,향수존,[트루사르디] 르비드밀라노 디스트릭트 오브 노로 EDP 100ml,https://www.lotteon.com/product/PD59667034?mall_no=1,138600,2026-09-05,data/korea_popularity/raw/lotte_department_perfume_sales_top350_20260905.har,45
lotte,152,판매 많은순,최근 30일,PD68543251,향수존,[랑세] 오 드 제피르 오드뚜왈렛 100ml (바이알 3종),https://www.lotteon.com/product/PD68543251?mall_no=1,153900,2026-09-05,data/korea_popularity/raw/lotte_department_perfume_sales_top350_20260905.har,45
lotte,153,판매 많은순,최근 30일,PD66487914,향수존,[몽탈] 아라비안스 오드퍼퓸 100ml (바이알 3종),https://www.lotteon.com/product/PD66487914?mall_no=1,205200,2026-09-05,data/korea_popularity/raw/lotte_department_perfume_sales_top350_20260905.har,45
lotte,154,판매 많은순,최근 30일,PD66485459,향수존,[몽탈] 바닐 압솔뤼 오드퍼퓸 100ml (바이알 3종),https://www.lotteon.com/product/PD66485459?mall_no=1,162450,2026-09-05,data/korea_popularity/raw/lotte_department_perfume_sales_top350_20260905.har,45
lotte,155,판매 많은순,최근 30일,LE1220621793,향수존,[BMW] 더 센트 오브 앰버니스 오드퍼퓸 50ml,https://www.lotteon.com/product/LE1220621793?sitmNo=LE1220621793_1324155039&mall_no=1,94050,2026-09-05,data/korea_popularity/raw/lotte_department_perfume_sales_top350_20260905.har,45
lotte,156,판매 많은순,최근 30일,LE1220621934,향수존,[BMW] 더 센트 오브 앰버니스 오드퍼퓸 100ml,https://www.lotteon.com/product/LE1220621934?sitmNo=LE1220621934_1324156286&mall_no=1,128250,2026-09-05,data/korea_popularity/raw/lotte_department_perfume_sales_top350_20260905.har,45
lotte,157,판매 많은순,최근 30일,LE1220621996,향수존,[BMW] 더 센트 오브 베르가무드 오드퍼퓸 50ml,https://www.lotteon.com/product/LE1220621996?sitmNo=LE1220621996_1324156660&mall_no=1,94050,2026-09-05,data/korea_popularity/raw/lotte_department_perfume_sales_top350_20260905.har,45
lotte,158,판매 많은순,최근 30일,PD66479865,향수존,[몽탈] 바닐라 케이크 오드퍼퓸 100ml (바이알 3종),https://www.lotteon.com/product/PD66479865?mall_no=1,162450,2026-09-05,data/korea_popularity/raw/lotte_department_perfume_sales_top350_20260905.har,45
lotte,159,판매 많은순,최근 30일,LE1215904202,향수존,[랑세] 오드 프랑스 오드뚜왈렛 100ml (바이알 3종),https://www.lotteon.com/product/LE1215904202?sitmNo=LE1215904202_1292333057&mall_no=1,140940,2026-09-05,data/korea_popularity/raw/lotte_department_perfume_sales_top350_20260905.har,45
lotte,160,판매 많은순,최근 30일,LE1220617025,향수존,[비엠더블유] 더 센트 오브 베르가무드 오드퍼퓸 100ml,https://www.lotteon.com/product/LE1220617025?sitmNo=LE1220617025_1324121263&mall_no=1,128250,2026-09-05,data/korea_popularity/raw/lotte_department_perfume_sales_top350_20260905.har,45
lotte,161,판매 많은순,최근 30일,LE1220617035,향수존,[비엠더블유] 더 센트 오브 베르가무드 오드퍼퓸 50ml,https://www.lotteon.com/product/LE1220617035?sitmNo=LE1220617035_1324121335&mall_no=1,94050,2026-09-05,data/korea_popularity/raw/lotte_department_perfume_sales_top350_20260905.har,45
lotte,162,판매 많은순,최근 30일,LE1220616864,향수존,[비엠더블유] 더 센트 오브 앰버니스 오드퍼퓸 100ml,https://www.lotteon.com/product/LE1220616864?sitmNo=LE1220616864_1324120210&mall_no=1,128250,2026-09-05,data/korea_popularity/raw/lotte_department_perfume_sales_top350_20260905.har,45
lotte,163,판매 많은순,최근 30일,LE1214411198,향수존,[만세라] 엠버 피버 오드퍼퓸 60ml (바이알 3종),https://www.lotteon.com/product/LE1214411198?sitmNo=LE1214411198_1283002863&mall_no=1,150480,2026-09-05,data/korea_popularity/raw/lotte_department_perfume_sales_top350_20260905.har,45
lotte,164,판매 많은순,최근 30일,LE1215954217,향수존,[만세라] 세드라 부아제 오드퍼퓸 120ml (바이알 3종),https://www.lotteon.com/product/LE1215954217?sitmNo=LE1215954217_1292660810&mall_no=1,190080,2026-09-05,data/korea_popularity/raw/lotte_department_perfume_sales_top350_20260905.har,45
lotte,165,판매 많은순,최근 30일,LE1215962495,향수존,[만세라] 오드 레몬 민트 오드퍼퓸 60ml (바이알 3종),https://www.lotteon.com/product/LE1215962495?sitmNo=LE1215962495_1292716011&mall_no=1,150480,2026-09-05,data/korea_popularity/raw/lotte_department_perfume_sales_top350_20260905.har,45
lotte,166,판매 많은순,최근 30일,PD63597906,향수존,[만세라] 세드라 부아제 오드퍼퓸 120ml (바이알 3종),https://www.lotteon.com/product/PD63597906?mall_no=1,190080,2026-09-05,data/korea_popularity/raw/lotte_department_perfume_sales_top350_20260905.har,45
lotte,167,판매 많은순,최근 30일,LE1220233289,향수존,[베르사체] 에로스 에너지 오드퍼퓸 100ml (+ 미니어처 1종),https://www.lotteon.com/product/LE1220233289?sitmNo=LE1220233289_1321660983&mall_no=1,161100,2026-09-05,data/korea_popularity/raw/lotte_department_perfume_sales_top350_20260905.har,45
lotte,168,판매 많은순,최근 30일,PD63598868,향수존,[만세라] 코코 바닐 오드퍼퓸 120ml (바이알 3종),https://www.lotteon.com/product/PD63598868?mall_no=1,190080,2026-09-05,data/korea_popularity/raw/lotte_department_perfume_sales_top350_20260905.har,45
lotte,169,판매 많은순,최근 30일,PD63600694,향수존,[만세라] 통카 콜라 오드퍼퓸 120ml (바이알 3종),https://www.lotteon.com/product/PD63600694?mall_no=1,239400,2026-09-05,data/korea_popularity/raw/lotte_department_perfume_sales_top350_20260905.har,45
lotte,170,판매 많은순,최근 30일,PD63594204,향수존,[만세라] 코스믹 페퍼 오드퍼퓸 120ml (바이알 3종),https://www.lotteon.com/product/PD63594204?mall_no=1,239400,2026-09-05,data/korea_popularity/raw/lotte_department_perfume_sales_top350_20260905.har,45
lotte,171,판매 많은순,최근 30일,PD66485143,향수존,[몽탈] 데이 드림즈 오드퍼퓸 100ml (바이알 3종),https://www.lotteon.com/product/PD66485143?mall_no=1,190080,2026-09-05,data/korea_popularity/raw/lotte_department_perfume_sales_top350_20260905.har,45
lotte,172,판매 많은순,최근 30일,PD59607859,향수존,[트루사르디] 르비드밀라노 비하인드 더 커튼 피아차 라스칼라 EDP 100ml,https://www.lotteon.com/product/PD59607859?mall_no=1,138600,2026-09-05,data/korea_popularity/raw/lotte_department_perfume_sales_top350_20260905.har,45
lotte,173,판매 많은순,최근 30일,LE1208012520,향수존,[트루사르디] 르비드밀라노 아이비콜리 피오리 치아리 EDP 100ml,https://www.lotteon.com/product/LE1208012520?sitmNo=LE1208012520_1243682116&mall_no=1,138600,2026-09-05,data/korea_popularity/raw/lotte_department_perfume_sales_top350_20260905.har,45
lotte,174,판매 많은순,최근 30일,PD57643624,향수존,[트루사르디] 르비드밀라노 워킹인 포르타 베네치아 EDP 100ml,https://www.lotteon.com/product/PD57643624?mall_no=1,138600,2026-09-05,data/korea_popularity/raw/lotte_department_perfume_sales_top350_20260905.har,45
lotte,175,판매 많은순,최근 30일,PD57798946,향수존,[트루사르디] 르비드밀라노 디이탈리안 아티스트 비아솔페리노 EDP100ml,https://www.lotteon.com/product/PD57798946?mall_no=1,138600,2026-09-05,data/korea_popularity/raw/lotte_department_perfume_sales_top350_20260905.har,45
lotte,176,판매 많은순,최근 30일,LE1207144886,향수존,[트루사르디] 르비드밀라노 비하인더커튼 피아차 라스칼라EDP 100ml,https://www.lotteon.com/product/LE1207144886?sitmNo=LE1207144886_1239047565&mall_no=1,138600,2026-09-05,data/korea_popularity/raw/lotte_department_perfume_sales_top350_20260905.har,45
lotte,177,판매 많은순,최근 30일,PD59576592,향수존,[트루사르디] 르비드밀라노 아이비콜리 비아 피오리 치아리EDP 100ml,https://www.lotteon.com/product/PD59576592?mall_no=1,138600,2026-09-05,data/korea_popularity/raw/lotte_department_perfume_sales_top350_20260905.har,45
lotte,178,판매 많은순,최근 30일,PD57643269,향수존,[트루사르디] 르비드밀라노 알바수이 나빌리 EDP 100ml,https://www.lotteon.com/product/PD57643269?mall_no=1,138600,2026-09-05,data/korea_popularity/raw/lotte_department_perfume_sales_top350_20260905.har,45
lotte,179,판매 많은순,최근 30일,PD63591048,향수존,[만세라] 체리 체리 오드퍼퓸 120ml (바이알 3종),https://www.lotteon.com/product/PD63591048?mall_no=1,239400,2026-09-05,data/korea_popularity/raw/lotte_department_perfume_sales_top350_20260905.har,45
lotte,180,판매 많은순,최근 30일,PD63597066,향수존,[만세라] 친퀘 테레 오드퍼퓸 120ml (바이알 3종),https://www.lotteon.com/product/PD63597066?mall_no=1,239400,2026-09-05,data/korea_popularity/raw/lotte_department_perfume_sales_top350_20260905.har,45
lotte,181,판매 많은순,최근 30일,PD63597394,향수존,[만세라] 블랙 골드 오드퍼퓸 60ml (바이알 3종),https://www.lotteon.com/product/PD63597394?mall_no=1,162450,2026-09-05,data/korea_popularity/raw/lotte_department_perfume_sales_top350_20260905.har,107
lotte,182,판매 많은순,최근 30일,PD63591633,향수존,[만세라] 코스믹 페퍼 오드퍼퓸 60ml (바이알 3종),https://www.lotteon.com/product/PD63591633?mall_no=1,162450,2026-09-05,data/korea_popularity/raw/lotte_department_perfume_sales_top350_20260905.har,107
lotte,183,판매 많은순,최근 30일,PD66635640,향수존,[니샤네] 아니 엑스트레 드 퍼퓸 100ml (바이알3종),https://www.lotteon.com/product/PD66635640?mall_no=1,470250,2026-09-05,data/korea_popularity/raw/lotte_department_perfume_sales_top350_20260905.har,107
lotte,184,판매 많은순,최근 30일,LE1220233344,향수존,[베르사체] 에로스 에너지 오드퍼퓸 50ml (+ 미니어처 1종),https://www.lotteon.com/product/LE1220233344?sitmNo=LE1220233344_1321661426&mall_no=1,126900,2026-09-05,data/korea_popularity/raw/lotte_department_perfume_sales_top350_20260905.har,107
lotte,185,판매 많은순,최근 30일,LE1220203973,향수존,[니샤네] 아니 엑스트레 드 퍼퓸 50ml (바이알3종),https://www.lotteon.com/product/LE1220203973?sitmNo=LE1220203973_1321457912&mall_no=1,324900,2026-09-05,data/korea_popularity/raw/lotte_department_perfume_sales_top350_20260905.har,107
lotte,186,판매 많은순,최근 30일,PD66628711,향수존,[니샤네] 페보니우스 런던엑스트레 드 퍼퓸 50ml (바이알3종),https://www.lotteon.com/product/PD66628711?mall_no=1,350550,2026-09-05,data/korea_popularity/raw/lotte_department_perfume_sales_top350_20260905.har,107
lotte,187,판매 많은순,최근 30일,PD66468757,향수존,[몽탈] 인피니티 오드퍼퓸 100ml (바이알 3종),https://www.lotteon.com/product/PD66468757?mall_no=1,205200,2026-09-05,data/korea_popularity/raw/lotte_department_perfume_sales_top350_20260905.har,107
lotte,188,판매 많은순,최근 30일,PD63588761,향수존,[만세라] 인텐스 세드라 부아제 EXDP 60ml (바이알 3종),https://www.lotteon.com/product/PD63588761?mall_no=1,179550,2026-09-05,data/korea_popularity/raw/lotte_department_perfume_sales_top350_20260905.har,107
lotte,189,판매 많은순,최근 30일,PD59151547,향수존,라리끄 솔레이 루나 오드퍼퓸 30ml,https://www.lotteon.com/product/PD59151547?mall_no=1,102600,2026-09-05,data/korea_popularity/raw/lotte_department_perfume_sales_top350_20260905.har,107
lotte,190,판매 많은순,최근 30일,PD68529823,향수존,[랑세] 오 드 제피르 오드뚜왈렛 50ml (바이알 3종),https://www.lotteon.com/product/PD68529823?mall_no=1,111150,2026-09-05,data/korea_popularity/raw/lotte_department_perfume_sales_top350_20260905.har,107
lotte,191,판매 많은순,최근 30일,LE1215947604,향수존,[몽탈] 솔레이 드 카프리 오드퍼퓸 100ml (바이알 3종),https://www.lotteon.com/product/LE1215947604?sitmNo=LE1215947604_1292619172&mall_no=1,150480,2026-09-05,data/korea_popularity/raw/lotte_department_perfume_sales_top350_20260905.har,107
lotte,192,판매 많은순,최근 30일,PD55956499,향수존,[베르두콜렉션] 그랑크뤼 과리아 모라다 EDP 100ml,https://www.lotteon.com/product/PD55956499?mall_no=1,49500,2026-09-05,data/korea_popularity/raw/lotte_department_perfume_sales_top350_20260905.har,107
lotte,193,판매 많은순,최근 30일,PD55950717,향수존,[베르두콜렉]션 그랑크뤼 펑라이 EDP 100ml,https://www.lotteon.com/product/PD55950717?mall_no=1,49500,2026-09-05,data/korea_popularity/raw/lotte_department_perfume_sales_top350_20260905.har,107
lotte,194,판매 많은순,최근 30일,LE1207844910,향수존,[베르사체] 에로스 플레임 오드퍼퓸 50ml (+ 미니어처 1종),https://www.lotteon.com/product/LE1207844910?sitmNo=LE1207844910_1242711775&mall_no=1,120510,2026-09-05,data/korea_popularity/raw/lotte_department_perfume_sales_top350_20260905.har,107
lotte,195,판매 많은순,최근 30일,PD53476766,향수존,[아뜰리에데조] 느와 바이 나이트 오드퍼퓸 100ml,https://www.lotteon.com/product/PD53476766?mall_no=1,299250,2026-09-05,data/korea_popularity/raw/lotte_department_perfume_sales_top350_20260905.har,107
lotte,196,판매 많은순,최근 30일,LE1218084789,향수존,[리플레이] 시크릿 포 우먼 오드뚜왈렛 30ml,https://www.lotteon.com/product/LE1218084789?sitmNo=LE1218084789_1306838976&mall_no=1,49590,2026-09-05,data/korea_popularity/raw/lotte_department_perfume_sales_top350_20260905.har,107
lotte,197,판매 많은순,최근 30일,PD51926506,향수존,[재규어] 이어러 오드뚜왈렛 100ml,https://www.lotteon.com/product/PD51926506?mall_no=1,75780,2026-09-05,data/korea_popularity/raw/lotte_department_perfume_sales_top350_20260905.har,107
lotte,198,판매 많은순,최근 30일,PD48942469,향수존,투미 키네틱 --:-- 오드퍼퓸 30ml,https://www.lotteon.com/product/PD48942469?mall_no=1,81000,2026-09-05,data/korea_popularity/raw/lotte_department_perfume_sales_top350_20260905.har,107
lotte,199,판매 많은순,최근 30일,PD51919059,향수존,[니코스] 스컬프쳐 오드퍼퓸 100ml,https://www.lotteon.com/product/PD51919059?mall_no=1,102600,2026-09-05,data/korea_popularity/raw/lotte_department_perfume_sales_top350_20260905.har,107
lotte,200,판매 많은순,최근 30일,PD48935993,향수존,니코스 스컬프쳐 오드뚜왈렛 100ml,https://www.lotteon.com/product/PD48935993?mall_no=1,68400,2026-09-05,data/korea_popularity/raw/lotte_department_perfume_sales_top350_20260905.har,107
lotte,201,판매 많은순,최근 30일,PD48938180,향수존,투미 어웨이큰 08:00 오드퍼퓸 30ml,https://www.lotteon.com/product/PD48938180?mall_no=1,81000,2026-09-05,data/korea_popularity/raw/lotte_department_perfume_sales_top350_20260905.har,107
lotte,202,판매 많은순,최근 30일,PD48939875,향수존,투미 컨티넘 12:00 오드퍼퓸 30ml,https://www.lotteon.com/product/PD48939875?mall_no=1,81000,2026-09-05,data/korea_popularity/raw/lotte_department_perfume_sales_top350_20260905.har,107
lotte,203,판매 많은순,최근 30일,PD48934547,향수존,투미 아틀라스 00:00 오드퍼퓸 30ml,https://www.lotteon.com/product/PD48934547?mall_no=1,81000,2026-09-05,data/korea_popularity/raw/lotte_department_perfume_sales_top350_20260905.har,107
lotte,204,판매 많은순,최근 30일,PD48940920,향수존,바나나리퍼블릭 메탈레인 오드퍼퓸 75ml,https://www.lotteon.com/product/PD48940920?mall_no=1,86400,2026-09-05,data/korea_popularity/raw/lotte_department_perfume_sales_top350_20260905.har,107
lotte,205,판매 많은순,최근 30일,PD48940791,향수존,투미 아틀라스 00:00 오드퍼퓸 100ml,https://www.lotteon.com/product/PD48940791?mall_no=1,145800,2026-09-05,data/korea_popularity/raw/lotte_department_perfume_sales_top350_20260905.har,107
lotte,206,판매 많은순,최근 30일,PD48940664,향수존,투미 컨티넘 12:00 오드퍼퓸 100ml,https://www.lotteon.com/product/PD48940664?mall_no=1,145800,2026-09-05,data/korea_popularity/raw/lotte_department_perfume_sales_top350_20260905.har,107
lotte,207,판매 많은순,최근 30일,PD48941360,향수존,투미 언와인드 20:00 오드퍼퓸 100ml,https://www.lotteon.com/product/PD48941360?mall_no=1,145800,2026-09-05,data/korea_popularity/raw/lotte_department_perfume_sales_top350_20260905.har,107
lotte,208,판매 많은순,최근 30일,PD48941396,향수존,케네스콜 블랙 포 허 오드퍼퓸 30ml,https://www.lotteon.com/product/PD48941396?mall_no=1,59850,2026-09-05,data/korea_popularity/raw/lotte_department_perfume_sales_top350_20260905.har,107
lotte,209,판매 많은순,최근 30일,PD48937538,향수존,케네스콜 맨카인드 오드뚜왈렛 100ml,https://www.lotteon.com/product/PD48937538?mall_no=1,111150,2026-09-05,data/korea_popularity/raw/lotte_department_perfume_sales_top350_20260905.har,107
lotte,210,판매 많은순,최근 30일,PD48937812,향수존,케네스콜 블랙 포 허 오드퍼퓸 100ml,https://www.lotteon.com/product/PD48937812?mall_no=1,102600,2026-09-05,data/korea_popularity/raw/lotte_department_perfume_sales_top350_20260905.har,107
lotte,211,판매 많은순,최근 30일,PD48941812,향수존,투미 키네틱 --:-- 오드퍼퓸 100ml,https://www.lotteon.com/product/PD48941812?mall_no=1,145800,2026-09-05,data/korea_popularity/raw/lotte_department_perfume_sales_top350_20260905.har,107
lotte,212,판매 많은순,최근 30일,PD48936540,향수존,바나나리퍼블릭 토바코&통카빈 오드퍼퓸 75ml,https://www.lotteon.com/product/PD48936540?mall_no=1,86400,2026-09-05,data/korea_popularity/raw/lotte_department_perfume_sales_top350_20260905.har,107
lotte,213,판매 많은순,최근 30일,PD48736430,향수존,라리끄 솔레이 비브랑 오드퍼퓸 30ml,https://www.lotteon.com/product/PD48736430?mall_no=1,102600,2026-09-05,data/korea_popularity/raw/lotte_department_perfume_sales_top350_20260905.har,107
lotte,214,판매 많은순,최근 30일,PD51924395,향수존,라리끄 솔레이 오드퍼퓸 30ml,https://www.lotteon.com/product/PD51924395?mall_no=1,102600,2026-09-05,data/korea_popularity/raw/lotte_department_perfume_sales_top350_20260905.har,107
lotte,215,판매 많은순,최근 30일,PD51919950,향수존,[라리끄] 솔레이 오드퍼퓸 100ml,https://www.lotteon.com/product/PD51919950?mall_no=1,196650,2026-09-05,data/korea_popularity/raw/lotte_department_perfume_sales_top350_20260905.har,107
lotte,216,판매 많은순,최근 30일,PD48732416,향수존,라리끄 솔레이 비브랑 오드퍼퓸 100ml,https://www.lotteon.com/product/PD48732416?mall_no=1,196650,2026-09-05,data/korea_popularity/raw/lotte_department_perfume_sales_top350_20260905.har,107
lotte,217,판매 많은순,최근 30일,PD52718116,향수존,[그레] 카보틴 로즈 오드뚜왈렛 30ml,https://www.lotteon.com/product/PD52718116?mall_no=1,34740,2026-09-05,data/korea_popularity/raw/lotte_department_perfume_sales_top350_20260905.har,107
lotte,218,판매 많은순,최근 30일,PD52722310,향수존,[그레] 카보틴 로즈 오드뚜왈렛 100ml,https://www.lotteon.com/product/PD52722310?mall_no=1,50220,2026-09-05,data/korea_popularity/raw/lotte_department_perfume_sales_top350_20260905.har,107
lotte,219,판매 많은순,최근 30일,PD48939106,향수존,그레 카보샤 셰리 오드퍼퓸 100ml,https://www.lotteon.com/product/PD48939106?mall_no=1,75780,2026-09-05,data/korea_popularity/raw/lotte_department_perfume_sales_top350_20260905.har,107
lotte,220,판매 많은순,최근 30일,PD52724399,향수존,[그레] 카보샤 오드퍼퓸 100ml,https://www.lotteon.com/product/PD52724399?mall_no=1,75780,2026-09-05,data/korea_popularity/raw/lotte_department_perfume_sales_top350_20260905.har,107
lotte,221,판매 많은순,최근 30일,LE1215946564,향수존,[몽탈] 파우더 플라워즈 오드퍼퓸 100ml (바이알 3종),https://www.lotteon.com/product/LE1215946564?sitmNo=LE1215946564_1292610593&mall_no=1,182160,2026-09-05,data/korea_popularity/raw/lotte_department_perfume_sales_top350_20260905.har,107
lotte,222,판매 많은순,최근 30일,LE1215947888,향수존,[몽탈] 우드&스파이스 오드퍼퓸 100ml (바이알 3종),https://www.lotteon.com/product/LE1215947888?sitmNo=LE1215947888_1292621335&mall_no=1,150480,2026-09-05,data/korea_popularity/raw/lotte_department_perfume_sales_top350_20260905.har,107
lotte,223,판매 많은순,최근 30일,PD63598786,향수존,[만세라] 로즈 바닐 오드퍼퓸 120ml (바이알 3종),https://www.lotteon.com/product/PD63598786?mall_no=1,190080,2026-09-05,data/korea_popularity/raw/lotte_department_perfume_sales_top350_20260905.har,107
lotte,224,판매 많은순,최근 30일,LE1215955203,향수존,[만세라] 로즈 그리디 오드퍼퓸 120ml (바이알 3종),https://www.lotteon.com/product/LE1215955203?sitmNo=LE1215955203_1292666277&mall_no=1,221760,2026-09-05,data/korea_popularity/raw/lotte_department_perfume_sales_top350_20260905.har,107
lotte,225,판매 많은순,최근 30일,LE1215948677,향수존,[만세라] 오드 레몬 민트 오드퍼퓸 120ml (바이알 3종),https://www.lotteon.com/product/LE1215948677?sitmNo=LE1215948677_1292627590&mall_no=1,221760,2026-09-05,data/korea_popularity/raw/lotte_department_perfume_sales_top350_20260905.har,107
lotte,226,판매 많은순,최근 30일,LE1215946774,향수존,[몽탈] 프리티 프루티 오드퍼퓸 100ml (바이알 3종),https://www.lotteon.com/product/LE1215946774?sitmNo=LE1215946774_1292612557&mall_no=1,182160,2026-09-05,data/korea_popularity/raw/lotte_department_perfume_sales_top350_20260905.har,107
lotte,227,판매 많은순,최근 30일,PD38544074,향수존,휴파슨스 본드스트리트 오드퍼퓸 100ml,https://www.lotteon.com/product/PD38544074?mall_no=1,162450,2026-09-05,data/korea_popularity/raw/lotte_department_perfume_sales_top350_20260905.har,107
lotte,228,판매 많은순,최근 30일,LE1215955152,향수존,[만세라] 레드 토바코 오드퍼퓸 120ml (바이알 3종),https://www.lotteon.com/product/LE1215955152?sitmNo=LE1215955152_1292665888&mall_no=1,237600,2026-09-05,data/korea_popularity/raw/lotte_department_perfume_sales_top350_20260905.har,107
lotte,229,판매 많은순,최근 30일,PD59613675,향수존,리플레이 시그니처 시크릿 포 우먼 오드뚜왈렛 30ml,https://www.lotteon.com/product/PD59613675?mall_no=1,49590,2026-09-05,data/korea_popularity/raw/lotte_department_perfume_sales_top350_20260905.har,107
lotte,230,판매 많은순,최근 30일,LE1215963369,향수존,[만세라] 베티버 센슈얼 오드퍼퓸 60ml (바이알 3종),https://www.lotteon.com/product/LE1215963369?sitmNo=LE1215963369_1292721507&mall_no=1,150480,2026-09-05,data/korea_popularity/raw/lotte_department_perfume_sales_top350_20260905.har,107
lotte,231,판매 많은순,최근 30일,LE1215945675,향수존,[몽탈] 머스크 투 머스크 오드퍼퓸 100ml (바이알 3종),https://www.lotteon.com/product/LE1215945675?sitmNo=LE1215945675_1292604105&mall_no=1,150480,2026-09-05,data/korea_popularity/raw/lotte_department_perfume_sales_top350_20260905.har,107
lotte,232,판매 많은순,최근 30일,LE1215794418,향수존,[만세라] 레드 토바코 오드퍼퓸 120ml (바이알 3종),https://www.lotteon.com/product/LE1215794418?sitmNo=LE1215794418_1291661455&mall_no=1,237600,2026-09-05,data/korea_popularity/raw/lotte_department_perfume_sales_top350_20260905.har,107
lotte,233,판매 많은순,최근 30일,LE1215954455,향수존,[만세라] 인스턴트 크러쉬 오드퍼퓸 120ml (바이알 3종),https://www.lotteon.com/product/LE1215954455?sitmNo=LE1215954455_1292661742&mall_no=1,221760,2026-09-05,data/korea_popularity/raw/lotte_department_perfume_sales_top350_20260905.har,107
lotte,234,판매 많은순,최근 30일,LE1215947138,향수존,[몽탈] 로즈 엘릭시르 오드퍼퓸 100ml (바이알 3종),https://www.lotteon.com/product/LE1215947138?sitmNo=LE1215947138_1292615487&mall_no=1,182160,2026-09-05,data/korea_popularity/raw/lotte_department_perfume_sales_top350_20260905.har,107
lotte,235,판매 많은순,최근 30일,LE1215939775,향수존,[몽탈] 크리스탈 플라워즈 오드퍼퓸 100ml (바이알 3종),https://www.lotteon.com/product/LE1215939775?sitmNo=LE1215939775_1292567212&mall_no=1,182160,2026-09-05,data/korea_popularity/raw/lotte_department_perfume_sales_top350_20260905.har,107
lotte,236,판매 많은순,최근 30일,LE1215947781,향수존,[몽탈] 스위트 피오니 오드퍼퓸 100ml (바이알 3종),https://www.lotteon.com/product/LE1215947781?sitmNo=LE1215947781_1292620365&mall_no=1,190080,2026-09-05,data/korea_popularity/raw/lotte_department_perfume_sales_top350_20260905.har,107
lotte,237,판매 많은순,최근 30일,PD52732872,향수존,[랑세] 르와엠페러 오드퍼퓸 포 맨 100ml (바이알 3종),https://www.lotteon.com/product/PD52732872?mall_no=1,172260,2026-09-05,data/korea_popularity/raw/lotte_department_perfume_sales_top350_20260905.har,107
lotte,238,판매 많은순,최근 30일,LE1215956359,향수존,[만세라] 골드 인센스 오드퍼퓸 120ml (바이알 3종),https://www.lotteon.com/product/LE1215956359?sitmNo=LE1215956359_1292673383&mall_no=1,213840,2026-09-05,data/korea_popularity/raw/lotte_department_perfume_sales_top350_20260905.har,107
lotte,239,판매 많은순,최근 30일,PD38544276,향수존,휴파슨스 화이트홀 오드퍼퓸 100ml,https://www.lotteon.com/product/PD38544276?mall_no=1,162450,2026-09-05,data/korea_popularity/raw/lotte_department_perfume_sales_top350_20260905.har,107
lotte,240,판매 많은순,최근 30일,LE1215794225,향수존,[몽탈] 솔레이 드 카프리 오드퍼퓸 100ml (바이알 3종),https://www.lotteon.com/product/LE1215794225?sitmNo=LE1215794225_1291660448&mall_no=1,150480,2026-09-05,data/korea_popularity/raw/lotte_department_perfume_sales_top350_20260905.har,107
lotte,241,판매 많은순,최근 30일,LE1215817128,향수존,[리플레이] 러버즈 포 맨 오드뚜왈렛 30ml,https://www.lotteon.com/product/LE1215817128?sitmNo=LE1215817128_1291793619&mall_no=1,49590,2026-09-05,data/korea_popularity/raw/lotte_department_perfume_sales_top350_20260905.har,169
lotte,242,판매 많은순,최근 30일,LE1215939145,향수존,[몽탈] 오드 포레스트 오드퍼퓸 100ml (바이알 3종),https://www.lotteon.com/product/LE1215939145?sitmNo=LE1215939145_1292563277&mall_no=1,182160,2026-09-05,data/korea_popularity/raw/lotte_department_perfume_sales_top350_20260905.har,169
lotte,243,판매 많은순,최근 30일,PD50823100,향수존,재규어 클래식 블랙 오드뚜왈렛 100ml,https://www.lotteon.com/product/PD50823100?mall_no=1,54180,2026-09-05,data/korea_popularity/raw/lotte_department_perfume_sales_top350_20260905.har,169
lotte,244,판매 많은순,최근 30일,PD51658649,향수존,리플레이 소스 오브 라이프 포 맨 오드뚜왈렛 30ml,https://www.lotteon.com/product/PD51658649?mall_no=1,49590,2026-09-05,data/korea_popularity/raw/lotte_department_perfume_sales_top350_20260905.har,169
lotte,245,판매 많은순,최근 30일,PD51660266,향수존,리플레이 소스 오브 라이프 포 우먼 오드퍼퓸 30ml,https://www.lotteon.com/product/PD51660266?mall_no=1,49590,2026-09-05,data/korea_popularity/raw/lotte_department_perfume_sales_top350_20260905.har,169
lotte,246,판매 많은순,최근 30일,PD52733734,향수존,[리플레이] 시그니처 러버즈 포 맨 오드뚜왈렛 30ml,https://www.lotteon.com/product/PD52733734?mall_no=1,49590,2026-09-05,data/korea_popularity/raw/lotte_department_perfume_sales_top350_20260905.har,169
lotte,247,판매 많은순,최근 30일,PD51917591,향수존,[리플레이] 소스 오브 라이프 포 맨 오드뚜왈렛 100ml,https://www.lotteon.com/product/PD51917591?mall_no=1,83790,2026-09-05,data/korea_popularity/raw/lotte_department_perfume_sales_top350_20260905.har,169
lotte,248,판매 많은순,최근 30일,PD52737598,향수존,[리플레이] 시그니처 러버즈 포 우먼 오드뚜왈렛 30ml,https://www.lotteon.com/product/PD52737598?mall_no=1,49590,2026-09-05,data/korea_popularity/raw/lotte_department_perfume_sales_top350_20260905.har,169
lotte,249,판매 많은순,최근 30일,PD53953501,향수존,라리끄 라무르 오드퍼퓸 50ml,https://www.lotteon.com/product/PD53953501?mall_no=1,111150,2026-09-05,data/korea_popularity/raw/lotte_department_perfume_sales_top350_20260905.har,169
lotte,250,판매 많은순,최근 30일,PD44961531,향수존,마주리 챠밍 튜베로즈 오드퍼퓸 75ml,https://www.lotteon.com/product/PD44961531?mall_no=1,108360,2026-09-05,data/korea_popularity/raw/lotte_department_perfume_sales_top350_20260905.har,169
lotte,251,판매 많은순,최근 30일,LE1214369816,향수존,[만세라] 로즈 그리디 오드퍼퓸 120ml (바이알 3종),https://www.lotteon.com/product/LE1214369816?sitmNo=LE1214369816_1282753742&mall_no=1,221760,2026-09-05,data/korea_popularity/raw/lotte_department_perfume_sales_top350_20260905.har,169
lotte,252,판매 많은순,최근 30일,PD51659802,향수존,리플레이 탱크 플레이트 포 우먼 오드뚜왈렛 100ml,https://www.lotteon.com/product/PD51659802?mall_no=1,80370,2026-09-05,data/korea_popularity/raw/lotte_department_perfume_sales_top350_20260905.har,169
lotte,253,판매 많은순,최근 30일,LE1214357987,향수존,[만세라] 엠버 피버 오드퍼퓸 120ml (바이알 3종),https://www.lotteon.com/product/LE1214357987?sitmNo=LE1214357987_1282670995&mall_no=1,213840,2026-09-05,data/korea_popularity/raw/lotte_department_perfume_sales_top350_20260905.har,169
lotte,254,판매 많은순,최근 30일,PD45446316,향수존,마주리 더 원 앤 온리 오드퍼퓸 75ml,https://www.lotteon.com/product/PD45446316?mall_no=1,92880,2026-09-05,data/korea_popularity/raw/lotte_department_perfume_sales_top350_20260905.har,169
lotte,255,판매 많은순,최근 30일,PD34522003,향수존,마주리 누르 네롤리 오드퍼퓸 75ml,https://www.lotteon.com/product/PD34522003?mall_no=1,108360,2026-09-05,data/korea_popularity/raw/lotte_department_perfume_sales_top350_20260905.har,169
lotte,256,판매 많은순,최근 30일,PD34522420,향수존,마주리 보헤미안 티 오드퍼퓸 75ml,https://www.lotteon.com/product/PD34522420?mall_no=1,108360,2026-09-05,data/korea_popularity/raw/lotte_department_perfume_sales_top350_20260905.har,169
lotte,257,판매 많은순,최근 30일,PD45437784,향수존,벤틀리 모멘텀 인텐스 오드퍼퓸 100ml,https://www.lotteon.com/product/PD45437784?mall_no=1,108360,2026-09-05,data/korea_popularity/raw/lotte_department_perfume_sales_top350_20260905.har,169
lotte,258,판매 많은순,최근 30일,PD63596885,향수존,[만세라] 베티버 센슈얼 오드퍼퓸 60ml (바이알 3종),https://www.lotteon.com/product/PD63596885?mall_no=1,150480,2026-09-05,data/korea_popularity/raw/lotte_department_perfume_sales_top350_20260905.har,169
lotte,259,판매 많은순,최근 30일,PD63589104,향수존,[만세라] 미드나이트 골드 오드퍼퓸 120ml (바이알 3종),https://www.lotteon.com/product/PD63589104?mall_no=1,221760,2026-09-05,data/korea_popularity/raw/lotte_department_perfume_sales_top350_20260905.har,169
lotte,260,판매 많은순,최근 30일,PD63588196,향수존,[만세라] 골드 인센스 오드퍼퓸 120ml (바이알 3종),https://www.lotteon.com/product/PD63588196?mall_no=1,221760,2026-09-05,data/korea_popularity/raw/lotte_department_perfume_sales_top350_20260905.har,169
lotte,261,판매 많은순,최근 30일,PD63598541,향수존,[만세라] 골드 인센스 오드퍼퓸 60ml (바이알 3종),https://www.lotteon.com/product/PD63598541?mall_no=1,150480,2026-09-05,data/korea_popularity/raw/lotte_department_perfume_sales_top350_20260905.har,169
lotte,262,판매 많은순,최근 30일,PD63585367,향수존,[만세라] 블랙 바닐라 오드퍼퓸 60ml (바이알 3종),https://www.lotteon.com/product/PD63585367?mall_no=1,166320,2026-09-05,data/korea_popularity/raw/lotte_department_perfume_sales_top350_20260905.har,169
lotte,263,판매 많은순,최근 30일,LE1213152609,향수존,[만세라] 레드 토바코 오드퍼퓸 120ml (바이알 3종),https://www.lotteon.com/product/LE1213152609?sitmNo=LE1213152609_1274889254&mall_no=1,237600,2026-09-05,data/korea_popularity/raw/lotte_department_perfume_sales_top350_20260905.har,169
lotte,264,판매 많은순,최근 30일,PD63589652,향수존,[만세라] 시실리 오드퍼퓸 120ml (바이알 3종),https://www.lotteon.com/product/PD63589652?mall_no=1,190080,2026-09-05,data/korea_popularity/raw/lotte_department_perfume_sales_top350_20260905.har,169
lotte,265,판매 많은순,최근 30일,PD63590787,향수존,[만세라] 레드 토바코 오드퍼퓸 60ml (바이알 3종),https://www.lotteon.com/product/PD63590787?mall_no=1,166320,2026-09-05,data/korea_popularity/raw/lotte_department_perfume_sales_top350_20260905.har,169
lotte,266,판매 많은순,최근 30일,LE1212841352,향수존,[라리끄] 라무르 오드퍼퓸 50ml,https://www.lotteon.com/product/LE1212841352?sitmNo=LE1212841352_1272978363&mall_no=1,111150,2026-09-05,data/korea_popularity/raw/lotte_department_perfume_sales_top350_20260905.har,169
lotte,267,판매 많은순,최근 30일,PD53477853,향수존,[아뜰리에데조] 포멜로 리비에라 오드퍼퓸 100ml,https://www.lotteon.com/product/PD53477853?mall_no=1,247950,2026-09-05,data/korea_popularity/raw/lotte_department_perfume_sales_top350_20260905.har,169
lotte,268,판매 많은순,최근 30일,PD34262352,향수존,벤틀리 포맨 아쥬르 오드뚜왈렛 100ml,https://www.lotteon.com/product/PD34262352?mall_no=1,100620,2026-09-05,data/korea_popularity/raw/lotte_department_perfume_sales_top350_20260905.har,169
lotte,269,판매 많은순,최근 30일,PD63601600,향수존,[만세라] 자르당 엑스클루시프 오드퍼퓸 120ml (바이알 3종),https://www.lotteon.com/product/PD63601600?mall_no=1,221760,2026-09-05,data/korea_popularity/raw/lotte_department_perfume_sales_top350_20260905.har,169
lotte,270,판매 많은순,최근 30일,PD63586540,향수존,[만세라] 오드 레몬 민트 오드퍼퓸 120ml (바이알 3종),https://www.lotteon.com/product/PD63586540?mall_no=1,221760,2026-09-05,data/korea_popularity/raw/lotte_department_perfume_sales_top350_20260905.har,169
lotte,271,판매 많은순,최근 30일,PD63591173,향수존,[만세라] 로즈 바닐 오드퍼퓸 60ml (바이알 3종),https://www.lotteon.com/product/PD63591173?mall_no=1,134640,2026-09-05,data/korea_popularity/raw/lotte_department_perfume_sales_top350_20260905.har,169
lotte,272,판매 많은순,최근 30일,PD63597192,향수존,[만세라] 자르당 엑스클루시프 오드퍼퓸 60ml (바이알 3종),https://www.lotteon.com/product/PD63597192?mall_no=1,150480,2026-09-05,data/korea_popularity/raw/lotte_department_perfume_sales_top350_20260905.har,169
lotte,273,판매 많은순,최근 30일,PD66474384,향수존,[몽탈] 로즈 머스크 오드퍼퓸 100ml (바이알 3종),https://www.lotteon.com/product/PD66474384?mall_no=1,182160,2026-09-05,data/korea_popularity/raw/lotte_department_perfume_sales_top350_20260905.har,169
lotte,274,판매 많은순,최근 30일,PD66464692,향수존,[몽탈] 퓨어 골드 오드퍼퓸 100ml (바이알 3종),https://www.lotteon.com/product/PD66464692?mall_no=1,182160,2026-09-05,data/korea_popularity/raw/lotte_department_perfume_sales_top350_20260905.har,169
lotte,275,판매 많은순,최근 30일,PD66472992,향수존,[몽탈] 크리스탈 플라워즈 오드퍼퓸 100ml (바이알 3종),https://www.lotteon.com/product/PD66472992?mall_no=1,182160,2026-09-05,data/korea_popularity/raw/lotte_department_perfume_sales_top350_20260905.har,169
lotte,276,판매 많은순,최근 30일,PD66467922,향수존,[몽탈] 오드 포레스트 오드퍼퓸 100ml (바이알 3종),https://www.lotteon.com/product/PD66467922?mall_no=1,182160,2026-09-05,data/korea_popularity/raw/lotte_department_perfume_sales_top350_20260905.har,169
lotte,277,판매 많은순,최근 30일,PD66466802,향수존,[몽탈] 인텐스 카페 오드퍼퓸 100ml (바이알 3종),https://www.lotteon.com/product/PD66466802?mall_no=1,182160,2026-09-05,data/korea_popularity/raw/lotte_department_perfume_sales_top350_20260905.har,169
lotte,278,판매 많은순,최근 30일,PD66474911,향수존,[몽탈] 머스크 투 머스크 오드퍼퓸 100ml (바이알 3종),https://www.lotteon.com/product/PD66474911?mall_no=1,150480,2026-09-05,data/korea_popularity/raw/lotte_department_perfume_sales_top350_20260905.har,169
lotte,279,판매 많은순,최근 30일,PD66487746,향수존,[몽탈] 파우더 플라워즈 오드퍼퓸 100ml (바이알 3종),https://www.lotteon.com/product/PD66487746?mall_no=1,182160,2026-09-05,data/korea_popularity/raw/lotte_department_perfume_sales_top350_20260905.har,169
lotte,280,판매 많은순,최근 30일,PD66482992,향수존,[몽탈] 프리티 프루티 오드퍼퓸 100ml (바이알 3종),https://www.lotteon.com/product/PD66482992?mall_no=1,182160,2026-09-05,data/korea_popularity/raw/lotte_department_perfume_sales_top350_20260905.har,169
lotte,281,판매 많은순,최근 30일,PD66475666,향수존,[몽탈] 우드&스파이스 오드퍼퓸 100ml (바이알 3종),https://www.lotteon.com/product/PD66475666?mall_no=1,150480,2026-09-05,data/korea_popularity/raw/lotte_department_perfume_sales_top350_20260905.har,169
lotte,282,판매 많은순,최근 30일,PD66473690,향수존,[몽탈] 스위트 피오니 오드퍼퓸 100ml (바이알 3종),https://www.lotteon.com/product/PD66473690?mall_no=1,190080,2026-09-05,data/korea_popularity/raw/lotte_department_perfume_sales_top350_20260905.har,169
lotte,283,판매 많은순,최근 30일,PD66471105,향수존,[몽탈] 로즈 엘릭시르 오드퍼퓸 100ml (바이알 3종),https://www.lotteon.com/product/PD66471105?mall_no=1,182160,2026-09-05,data/korea_popularity/raw/lotte_department_perfume_sales_top350_20260905.har,169
lotte,284,판매 많은순,최근 30일,PD66481950,향수존,[몽탈] 퓨어 러브 오드퍼퓸 100ml (바이알 3종),https://www.lotteon.com/product/PD66481950?mall_no=1,182160,2026-09-05,data/korea_popularity/raw/lotte_department_perfume_sales_top350_20260905.har,169
lotte,285,판매 많은순,최근 30일,PD53471520,향수존,[아뜰리에데조] 누다 베리타스 오드퍼퓸 100ml,https://www.lotteon.com/product/PD53471520?mall_no=1,247950,2026-09-05,data/korea_popularity/raw/lotte_department_perfume_sales_top350_20260905.har,169
lotte,286,판매 많은순,최근 30일,PD53468135,향수존,[아뜰리에데조] 리비에라 드라이브 오드퍼퓸 100ml,https://www.lotteon.com/product/PD53468135?mall_no=1,247950,2026-09-05,data/korea_popularity/raw/lotte_department_perfume_sales_top350_20260905.har,169
lotte,287,판매 많은순,최근 30일,LE1208061476,향수존,[베르사체] 에로스 오드퍼퓸 50ml (미니어처1종 랜덤증정),https://www.lotteon.com/product/LE1208061476?sitmNo=LE1208061476_1243934001&mall_no=1,120510,2026-09-05,data/korea_popularity/raw/lotte_department_perfume_sales_top350_20260905.har,169
lotte,288,판매 많은순,최근 30일,LE1208061487,향수존,[베르사체] 에로스 오드퍼퓸 50ml (+ 미니어처 1종),https://www.lotteon.com/product/LE1208061487?sitmNo=LE1208061487_1243934017&mall_no=1,120510,2026-09-05,data/korea_popularity/raw/lotte_department_perfume_sales_top350_20260905.har,169
lotte,289,판매 많은순,최근 30일,LE1207901990,향수존,[랑세] 헬레네 오드퍼퓸 포 우먼 50ml (바이알3종),https://www.lotteon.com/product/LE1207901990?sitmNo=LE1207901990_1243057077&mall_no=1,125280,2026-09-05,data/korea_popularity/raw/lotte_department_perfume_sales_top350_20260905.har,169
lotte,290,판매 많은순,최근 30일,LE1207901999,향수존,[랑세] 유제니 오드퍼퓸 포 우먼 50ml (바이알3종),https://www.lotteon.com/product/LE1207901999?sitmNo=LE1207901999_1243057097&mall_no=1,125280,2026-09-05,data/korea_popularity/raw/lotte_department_perfume_sales_top350_20260905.har,169
lotte,291,판매 많은순,최근 30일,PD53867283,향수존,[랑세] 조세핀 오드퍼퓸 포 우먼 50ml (바이알 3종),https://www.lotteon.com/product/PD53867283?mall_no=1,125280,2026-09-05,data/korea_popularity/raw/lotte_department_perfume_sales_top350_20260905.har,169
lotte,292,판매 많은순,최근 30일,PD52730703,향수존,[랑세] 유제니 오드퍼퓸 포 우먼 50ml (바이알 3종),https://www.lotteon.com/product/PD52730703?mall_no=1,125280,2026-09-05,data/korea_popularity/raw/lotte_department_perfume_sales_top350_20260905.har,169
lotte,293,판매 많은순,최근 30일,PD51863747,향수존,[랑세] 헬레네 오드퍼퓸 포 우먼 100ml (바이알3종),https://www.lotteon.com/product/PD51863747?mall_no=1,172260,2026-09-05,data/korea_popularity/raw/lotte_department_perfume_sales_top350_20260905.har,169
lotte,294,판매 많은순,최근 30일,PD68530301,향수존,[랑세] 오드 프랑스 오드뚜왈렛 50ml (바이알3종),https://www.lotteon.com/product/PD68530301?mall_no=1,101880,2026-09-05,data/korea_popularity/raw/lotte_department_perfume_sales_top350_20260905.har,169
lotte,295,판매 많은순,최근 30일,PD51861258,향수존,[랑세] 프랑수와 찰스 오드퍼퓸 포 맨 50ml (바이알3종),https://www.lotteon.com/product/PD51861258?mall_no=1,125280,2026-09-05,data/korea_popularity/raw/lotte_department_perfume_sales_top350_20260905.har,169
lotte,296,판매 많은순,최근 30일,LE1207442268,향수존,[베르사체] 오 프레쉬 맨 오드뚜왈렛 50ml (+ 미니어처 1종),https://www.lotteon.com/product/LE1207442268?sitmNo=LE1207442268_1240642806&mall_no=1,82080,2026-09-05,data/korea_popularity/raw/lotte_department_perfume_sales_top350_20260905.har,169
lotte,297,판매 많은순,최근 30일,LE1207144867,향수존,[베르사체] 브라이트 크리스탈 오드뚜왈렛 50ml (+ 미니어처 1종),https://www.lotteon.com/product/LE1207144867?sitmNo=LE1207144867_1239047546&mall_no=1,82440,2026-09-05,data/korea_popularity/raw/lotte_department_perfume_sales_top350_20260905.har,169
lotte,298,판매 많은순,최근 30일,PD59616755,향수존,[베르사체] 브라이트 크리스탈 앱솔루 오드퍼퓸 30ml,https://www.lotteon.com/product/PD59616755?mall_no=1,60480,2026-09-05,data/korea_popularity/raw/lotte_department_perfume_sales_top350_20260905.har,169
lotte,299,판매 많은순,최근 30일,PD57710469,향수존,베르두콜렉션 그랑크뤼 바니라 무레아 EDP 100ml,https://www.lotteon.com/product/PD57710469?mall_no=1,49500,2026-09-05,data/korea_popularity/raw/lotte_department_perfume_sales_top350_20260905.har,169
