source,source_rank,ranking_basis,ranking_period,source_product_id,brand_raw,product_name_raw,product_url,price_raw,collected_at,source_file,har_entry_index,cleaning_status,option_type,cleaning_rule,cleaning_reason,option_basis,option_reason,prior_review_context,audit_raw_csv_line,effective_cleaning_status,effective_status_basis
musinsa,1,판매수량순,3개월,4388016,무신사 스탠다드 뷰티,무신사 스탠다드 애프터 샤워 EDP 50ml,https://www.musinsa.com/products/4388016,39900,2026-09-05,data/korea_popularity/raw/musinsa_perfume_3month_sales_count_20260905.har,0,KEEP,NONE,named_perfume,"본품 향수 표현과 개별 상품명 확인; 고정 증정품 허용, 용량/농도 원문 유지",no_option_evidence,상품명에서 선택 옵션 근거 없음; 옵션 부재를 상세페이지에서 확인한 것은 아님,,2,KEEP,first_pass_KEEP
musinsa,3,판매수량순,3개월,4268814,비비앙,[태산 PICK] 오드퍼퓸 월넛크릭그린  EDP 50ml,https://www.musinsa.com/products/4268814,91900,2026-09-05,data/korea_popularity/raw/musinsa_perfume_3month_sales_count_20260905.har,0,KEEP,NONE,named_perfume,"본품 향수 표현과 개별 상품명 확인; 고정 증정품 허용, 용량/농도 원문 유지",no_option_evidence,상품명에서 선택 옵션 근거 없음; 옵션 부재를 상세페이지에서 확인한 것은 아님,,4,KEEP,first_pass_KEEP
musinsa,5,판매수량순,3개월,4902680,포맨트,시그니처 퍼퓸  코튼허그 50ml,https://www.musinsa.com/products/4902680,41000,2026-09-05,data/korea_popularity/raw/musinsa_perfume_3month_sales_count_20260905.har,0,KEEP,NONE,named_perfume,"본품 향수 표현과 개별 상품명 확인; 고정 증정품 허용, 용량/농도 원문 유지",no_option_evidence,상품명에서 선택 옵션 근거 없음; 옵션 부재를 상세페이지에서 확인한 것은 아님,,6,KEEP,first_pass_KEEP
musinsa,6,판매수량순,3개월,6453356,무신사 스탠다드 뷰티,[Gen.G 컬래버] Chovy EDP 50ml,https://www.musinsa.com/products/6453356,39900,2026-09-05,data/korea_popularity/raw/musinsa_perfume_3month_sales_count_20260905.har,0,KEEP,NONE,named_perfume,"본품 향수 표현과 개별 상품명 확인; 고정 증정품 허용, 용량/농도 원문 유지",no_option_evidence,상품명에서 선택 옵션 근거 없음; 옵션 부재를 상세페이지에서 확인한 것은 아님,,7,KEEP,first_pass_KEEP
musinsa,7,판매수량순,3개월,6150470,무신사 스탠다드 뷰티,[노홍철 컬래버] 럭키 가이 實行力(실행력) EDP 50ml,https://www.musinsa.com/products/6150470,39900,2026-09-05,data/korea_popularity/raw/musinsa_perfume_3month_sales_count_20260905.har,0,KEEP,NONE,named_perfume,"본품 향수 표현과 개별 상품명 확인; 고정 증정품 허용, 용량/농도 원문 유지",no_option_evidence,상품명에서 선택 옵션 근거 없음; 옵션 부재를 상세페이지에서 확인한 것은 아님,,8,KEEP,first_pass_KEEP
musinsa,8,판매수량순,3개월,5357869,무신사 스탠다드 뷰티,무신사 스탠다드 시어 EDP 50ml,https://www.musinsa.com/products/5357869,39900,2026-09-05,data/korea_popularity/raw/musinsa_perfume_3month_sales_count_20260905.har,0,KEEP,NONE,named_perfume,"본품 향수 표현과 개별 상품명 확인; 고정 증정품 허용, 용량/농도 원문 유지",no_option_evidence,상품명에서 선택 옵션 근거 없음; 옵션 부재를 상세페이지에서 확인한 것은 아님,,9,KEEP,first_pass_KEEP
musinsa,10,판매수량순,3개월,5542396,리베르,[김켄지 PICK] [구름 비누향] 오 드 퍼퓸 클라우드 사이 30ML Cloud Sai,https://www.musinsa.com/products/5542396,43150,2026-09-05,data/korea_popularity/raw/musinsa_perfume_3month_sales_count_20260905.har,0,KEEP,NONE,named_perfume,"본품 향수 표현과 개별 상품명 확인; 고정 증정품 허용, 용량/농도 원문 유지",no_option_evidence,상품명에서 선택 옵션 근거 없음; 옵션 부재를 상세페이지에서 확인한 것은 아님,,11,KEEP,first_pass_KEEP
musinsa,11,판매수량순,3개월,4388018,무신사 스탠다드 뷰티,무신사 스탠다드 스모크 오우드 EDP 50ml,https://www.musinsa.com/products/4388018,39900,2026-09-05,data/korea_popularity/raw/musinsa_perfume_3month_sales_count_20260905.har,0,KEEP,NONE,named_perfume,"본품 향수 표현과 개별 상품명 확인; 고정 증정품 허용, 용량/농도 원문 유지",no_option_evidence,상품명에서 선택 옵션 근거 없음; 옵션 부재를 상세페이지에서 확인한 것은 아님,,12,KEEP,first_pass_KEEP
musinsa,12,판매수량순,3개월,4254208,무신사 스탠다드 뷰티,무신사 스탠다드 모시 헤이즈 EDP 50ml,https://www.musinsa.com/products/4254208,39900,2026-09-05,data/korea_popularity/raw/musinsa_perfume_3month_sales_count_20260905.har,0,KEEP,NONE,named_perfume,"본품 향수 표현과 개별 상품명 확인; 고정 증정품 허용, 용량/농도 원문 유지",no_option_evidence,상품명에서 선택 옵션 근거 없음; 옵션 부재를 상세페이지에서 확인한 것은 아님,,13,KEEP,first_pass_KEEP
musinsa,13,판매수량순,3개월,6453083,무신사 스탠다드 뷰티,[Gen.G 컬래버] Ruler EDP 50ml,https://www.musinsa.com/products/6453083,39900,2026-09-05,data/korea_popularity/raw/musinsa_perfume_3month_sales_count_20260905.har,0,KEEP,NONE,named_perfume,"본품 향수 표현과 개별 상품명 확인; 고정 증정품 허용, 용량/농도 원문 유지",no_option_evidence,상품명에서 선택 옵션 근거 없음; 옵션 부재를 상세페이지에서 확인한 것은 아님,,14,KEEP,first_pass_KEEP
musinsa,14,판매수량순,3개월,3122081,메종 마르지엘라 퍼퓸,레플리카 레이지 선데이 모닝 EDT 10ML,https://www.musinsa.com/products/3122081,42750,2026-09-05,data/korea_popularity/raw/musinsa_perfume_3month_sales_count_20260905.har,0,KEEP,NONE,named_perfume,"본품 향수 표현과 개별 상품명 확인; 고정 증정품 허용, 용량/농도 원문 유지",no_option_evidence,상품명에서 선택 옵션 근거 없음; 옵션 부재를 상세페이지에서 확인한 것은 아님,,15,KEEP,first_pass_KEEP
musinsa,15,판매수량순,3개월,2959415,에스더블유나인틴,SW19 Midnight 오 드 퍼퓸 50ml,https://www.musinsa.com/products/2959415,119000,2026-09-05,data/korea_popularity/raw/musinsa_perfume_3month_sales_count_20260905.har,0,KEEP,NONE,named_perfume,"본품 향수 표현과 개별 상품명 확인; 고정 증정품 허용, 용량/농도 원문 유지",no_option_evidence,상품명에서 선택 옵션 근거 없음; 옵션 부재를 상세페이지에서 확인한 것은 아님,,16,KEEP,first_pass_KEEP
musinsa,16,판매수량순,3개월,3082569,유쏘풀,세인트모리츠 니치향수,https://www.musinsa.com/products/3082569,63000,2026-09-05,data/korea_popularity/raw/musinsa_perfume_3month_sales_count_20260905.har,0,KEEP,NONE,named_perfume,"본품 향수 표현과 개별 상품명 확인; 고정 증정품 허용, 용량/농도 원문 유지",no_option_evidence,상품명에서 선택 옵션 근거 없음; 옵션 부재를 상세페이지에서 확인한 것은 아님,,17,KEEP,first_pass_KEEP
musinsa,18,판매수량순,3개월,1284603,엘리자베스아덴,그린티 센트 스프레이 EDC 100ml +향수 공병 증정,https://www.musinsa.com/products/1284603,26300,2026-09-05,data/korea_popularity/raw/musinsa_perfume_3month_sales_count_20260905.har,0,KEEP,NONE,named_perfume,"본품 향수 표현과 개별 상품명 확인; 고정 증정품 허용, 용량/농도 원문 유지",no_option_evidence,상품명에서 선택 옵션 근거 없음; 옵션 부재를 상세페이지에서 확인한 것은 아님,,19,KEEP,first_pass_KEEP
musinsa,19,판매수량순,3개월,5800293,뉴뉴,샤를33 네놀리 오드퍼퓸,https://www.musinsa.com/products/5800293,45000,2026-09-05,data/korea_popularity/raw/musinsa_perfume_3month_sales_count_20260905.har,0,KEEP,NONE,named_perfume,"본품 향수 표현과 개별 상품명 확인; 고정 증정품 허용, 용량/농도 원문 유지",no_option_evidence,상품명에서 선택 옵션 근거 없음; 옵션 부재를 상세페이지에서 확인한 것은 아님,,20,KEEP,first_pass_KEEP
musinsa,20,판매수량순,3개월,4388017,무신사 스탠다드 뷰티,무신사 스탠다드 코코모 EDP 50ml,https://www.musinsa.com/products/4388017,39900,2026-09-05,data/korea_popularity/raw/musinsa_perfume_3month_sales_count_20260905.har,0,KEEP,NONE,named_perfume,"본품 향수 표현과 개별 상품명 확인; 고정 증정품 허용, 용량/농도 원문 유지",no_option_evidence,상품명에서 선택 옵션 근거 없음; 옵션 부재를 상세페이지에서 확인한 것은 아님,,21,KEEP,first_pass_KEEP
musinsa,21,판매수량순,3개월,4442601,비비앙,[태산 PICK] 월넛크릭그린 오 드 퍼퓸 EDP 10ml,https://www.musinsa.com/products/4442601,45900,2026-09-05,data/korea_popularity/raw/musinsa_perfume_3month_sales_count_20260905.har,0,KEEP,NONE,named_perfume,"본품 향수 표현과 개별 상품명 확인; 고정 증정품 허용, 용량/농도 원문 유지",no_option_evidence,상품명에서 선택 옵션 근거 없음; 옵션 부재를 상세페이지에서 확인한 것은 아님,,22,KEEP,first_pass_KEEP
musinsa,23,판매수량순,3개월,5357868,무신사 스탠다드 뷰티,무신사 스탠다드 미드나잇 램블러 EDP 50ml,https://www.musinsa.com/products/5357868,39900,2026-09-05,data/korea_popularity/raw/musinsa_perfume_3month_sales_count_20260905.har,0,KEEP,NONE,named_perfume,"본품 향수 표현과 개별 상품명 확인; 고정 증정품 허용, 용량/농도 원문 유지",no_option_evidence,상품명에서 선택 옵션 근거 없음; 옵션 부재를 상세페이지에서 확인한 것은 아님,,24,KEEP,first_pass_KEEP
musinsa,25,판매수량순,3개월,5800302,뉴뉴,샤인30 오드퍼퓸,https://www.musinsa.com/products/5800302,45000,2026-09-05,data/korea_popularity/raw/musinsa_perfume_3month_sales_count_20260905.har,0,KEEP,NONE,named_perfume,"본품 향수 표현과 개별 상품명 확인; 고정 증정품 허용, 용량/농도 원문 유지",no_option_evidence,상품명에서 선택 옵션 근거 없음; 옵션 부재를 상세페이지에서 확인한 것은 아님,,26,KEEP,first_pass_KEEP
musinsa,27,판매수량순,3개월,2027859,메종 마르지엘라 퍼퓸,레플리카 레이지 선데이 모닝 EDT 30ML,https://www.musinsa.com/products/2027859,122550,2026-09-05,data/korea_popularity/raw/musinsa_perfume_3month_sales_count_20260905.har,0,KEEP,NONE,named_perfume,"본품 향수 표현과 개별 상품명 확인; 고정 증정품 허용, 용량/농도 원문 유지",no_option_evidence,상품명에서 선택 옵션 근거 없음; 옵션 부재를 상세페이지에서 확인한 것은 아님,,28,KEEP,first_pass_KEEP
musinsa,28,판매수량순,3개월,4525980,리베르,[김켄지 PICK] [첫눈 향수] 오 드 퍼퓸 스노우 사이 30ML Snow Sai,https://www.musinsa.com/products/4525980,45150,2026-09-05,data/korea_popularity/raw/musinsa_perfume_3month_sales_count_20260905.har,0,KEEP,NONE,named_perfume,"본품 향수 표현과 개별 상품명 확인; 고정 증정품 허용, 용량/농도 원문 유지",no_option_evidence,상품명에서 선택 옵션 근거 없음; 옵션 부재를 상세페이지에서 확인한 것은 아님,,29,KEEP,first_pass_KEEP
musinsa,29,판매수량순,3개월,3850836,로이비,오 드 퍼퓸 롤온 베르가못 앤 화이트 로즈 7.5ml,https://www.musinsa.com/products/3850836,21600,2026-09-05,data/korea_popularity/raw/musinsa_perfume_3month_sales_count_20260905.har,0,KEEP,NONE,named_perfume,"본품 향수 표현과 개별 상품명 확인; 고정 증정품 허용, 용량/농도 원문 유지",no_option_evidence,상품명에서 선택 옵션 근거 없음; 옵션 부재를 상세페이지에서 확인한 것은 아님,,30,KEEP,first_pass_KEEP
musinsa,30,판매수량순,3개월,6880607,질스튜어트 뷰티,"화이트 플로럴 오 드 뚜왈렛 50ml(+화이트 플로럴 샴푸 42,000상당)",https://www.musinsa.com/products/6880607,43200,2026-09-05,data/korea_popularity/raw/musinsa_perfume_3month_sales_count_20260905.har,0,KEEP,NONE,named_perfume,"본품 향수 표현과 개별 상품명 확인; 고정 증정품 허용, 용량/농도 원문 유지",no_option_evidence,상품명에서 선택 옵션 근거 없음; 옵션 부재를 상세페이지에서 확인한 것은 아님,,31,KEEP,first_pass_KEEP
musinsa,32,판매수량순,3개월,6211276,투데이이즈,인유어메모리 오드 퍼퓸 50ml,https://www.musinsa.com/products/6211276,62100,2026-09-05,data/korea_popularity/raw/musinsa_perfume_3month_sales_count_20260905.har,0,KEEP,NONE,named_perfume,"본품 향수 표현과 개별 상품명 확인; 고정 증정품 허용, 용량/농도 원문 유지",no_option_evidence,상품명에서 선택 옵션 근거 없음; 옵션 부재를 상세페이지에서 확인한 것은 아님,,33,KEEP,first_pass_KEEP
musinsa,33,판매수량순,3개월,4146844,누다라,시그니처 퍼퓸 오키탈 30ML,https://www.musinsa.com/products/4146844,52000,2026-09-05,data/korea_popularity/raw/musinsa_perfume_3month_sales_count_20260905.har,0,KEEP,NONE,named_perfume,"본품 향수 표현과 개별 상품명 확인; 고정 증정품 허용, 용량/농도 원문 유지",no_option_evidence,상품명에서 선택 옵션 근거 없음; 옵션 부재를 상세페이지에서 확인한 것은 아님,,34,KEEP,first_pass_KEEP
musinsa,34,판매수량순,3개월,2027860,메종 마르지엘라 퍼퓸,레플리카 레이지 선데이 모닝 EDT 100ML,https://www.musinsa.com/products/2027860,228000,2026-09-05,data/korea_popularity/raw/musinsa_perfume_3month_sales_count_20260905.har,0,KEEP,NONE,named_perfume,"본품 향수 표현과 개별 상품명 확인; 고정 증정품 허용, 용량/농도 원문 유지",no_option_evidence,상품명에서 선택 옵션 근거 없음; 옵션 부재를 상세페이지에서 확인한 것은 아님,,35,KEEP,first_pass_KEEP
musinsa,35,판매수량순,3개월,3920147,베르사체 퍼퓸,브라이트 크리스탈 EDT 30ML + 베르사체 향수샘플 (쇼핑백증정)],https://www.musinsa.com/products/3920147,44180,2026-09-05,data/korea_popularity/raw/musinsa_perfume_3month_sales_count_20260905.har,0,KEEP,NONE,named_perfume,"본품 향수 표현과 개별 상품명 확인; 고정 증정품 허용, 용량/농도 원문 유지",no_option_evidence,상품명에서 선택 옵션 근거 없음; 옵션 부재를 상세페이지에서 확인한 것은 아님,,36,KEEP,first_pass_KEEP
musinsa,37,판매수량순,3개월,3122050,메종 마르지엘라 퍼퓸,레플리카 재즈 클럽 EDT 10ML,https://www.musinsa.com/products/3122050,42750,2026-09-05,data/korea_popularity/raw/musinsa_perfume_3month_sales_count_20260905.har,0,KEEP,NONE,named_perfume,"본품 향수 표현과 개별 상품명 확인; 고정 증정품 허용, 용량/농도 원문 유지",no_option_evidence,상품명에서 선택 옵션 근거 없음; 옵션 부재를 상세페이지에서 확인한 것은 아님,,38,KEEP,first_pass_KEEP
musinsa,39,판매수량순,3개월,2027861,메종 마르지엘라 퍼퓸,레플리카 재즈 클럽 EDT 30ML,https://www.musinsa.com/products/2027861,122550,2026-09-05,data/korea_popularity/raw/musinsa_perfume_3month_sales_count_20260905.har,0,KEEP,NONE,named_perfume,"본품 향수 표현과 개별 상품명 확인; 고정 증정품 허용, 용량/농도 원문 유지",no_option_evidence,상품명에서 선택 옵션 근거 없음; 옵션 부재를 상세페이지에서 확인한 것은 아님,,40,KEEP,first_pass_KEEP
musinsa,40,판매수량순,3개월,4633803,에스더블유나인틴,SW19 Midnight 오 드 퍼퓸 12ml,https://www.musinsa.com/products/4633803,39000,2026-09-05,data/korea_popularity/raw/musinsa_perfume_3month_sales_count_20260905.har,0,KEEP,NONE,named_perfume,"본품 향수 표현과 개별 상품명 확인; 고정 증정품 허용, 용량/농도 원문 유지",no_option_evidence,상품명에서 선택 옵션 근거 없음; 옵션 부재를 상세페이지에서 확인한 것은 아님,,41,KEEP,first_pass_KEEP
musinsa,42,판매수량순,3개월,1910209,존바바토스,아티산 EDT 75ML,https://www.musinsa.com/products/1910209,65400,2026-09-05,data/korea_popularity/raw/musinsa_perfume_3month_sales_count_20260905.har,0,KEEP,NONE,named_perfume,"본품 향수 표현과 개별 상품명 확인; 고정 증정품 허용, 용량/농도 원문 유지",no_option_evidence,상품명에서 선택 옵션 근거 없음; 옵션 부재를 상세페이지에서 확인한 것은 아님,,43,KEEP,first_pass_KEEP
musinsa,44,판매수량순,3개월,4146833,누다라,시그니처 퍼퓸 우드마벨 30ML,https://www.musinsa.com/products/4146833,52000,2026-09-05,data/korea_popularity/raw/musinsa_perfume_3month_sales_count_20260905.har,0,KEEP,NONE,named_perfume,"본품 향수 표현과 개별 상품명 확인; 고정 증정품 허용, 용량/농도 원문 유지",no_option_evidence,상품명에서 선택 옵션 근거 없음; 옵션 부재를 상세페이지에서 확인한 것은 아님,,45,KEEP,first_pass_KEEP
musinsa,45,판매수량순,3개월,5115500,센녹,퍼퓸 애프터배스 50ml,https://www.musinsa.com/products/5115500,76000,2026-09-05,data/korea_popularity/raw/musinsa_perfume_3month_sales_count_20260905.har,0,KEEP,NONE,named_perfume,"본품 향수 표현과 개별 상품명 확인; 고정 증정품 허용, 용량/농도 원문 유지",no_option_evidence,상품명에서 선택 옵션 근거 없음; 옵션 부재를 상세페이지에서 확인한 것은 아님,,46,KEEP,first_pass_KEEP
musinsa,47,판매수량순,3개월,5115518,센녹,퍼퓸 솝클린솝 50ml,https://www.musinsa.com/products/5115518,82000,2026-09-05,data/korea_popularity/raw/musinsa_perfume_3month_sales_count_20260905.har,0,KEEP,NONE,named_perfume,"본품 향수 표현과 개별 상품명 확인; 고정 증정품 허용, 용량/농도 원문 유지",no_option_evidence,상품명에서 선택 옵션 근거 없음; 옵션 부재를 상세페이지에서 확인한 것은 아님,,48,KEEP,first_pass_KEEP
musinsa,48,판매수량순,3개월,4771019,클린,클리어 애플 블로썸 EDP 30ML,https://www.musinsa.com/products/4771019,35750,2026-09-05,data/korea_popularity/raw/musinsa_perfume_3month_sales_count_20260905.har,0,KEEP,NONE,named_perfume,"본품 향수 표현과 개별 상품명 확인; 고정 증정품 허용, 용량/농도 원문 유지",no_option_evidence,상품명에서 선택 옵션 근거 없음; 옵션 부재를 상세페이지에서 확인한 것은 아님,,49,KEEP,first_pass_KEEP
musinsa,49,판매수량순,3개월,1910208,존바바토스,아티산 EDT 125ML,https://www.musinsa.com/products/1910208,89400,2026-09-05,data/korea_popularity/raw/musinsa_perfume_3month_sales_count_20260905.har,0,KEEP,NONE,named_perfume,"본품 향수 표현과 개별 상품명 확인; 고정 증정품 허용, 용량/농도 원문 유지",no_option_evidence,상품명에서 선택 옵션 근거 없음; 옵션 부재를 상세페이지에서 확인한 것은 아님,,50,KEEP,first_pass_KEEP
musinsa,51,판매수량순,3개월,4570466,시머스,미드나잇 파크 EDP 50ml,https://www.musinsa.com/products/4570466,89700,2026-09-05,data/korea_popularity/raw/musinsa_perfume_3month_sales_count_20260905.har,0,KEEP,NONE,named_perfume,"본품 향수 표현과 개별 상품명 확인; 고정 증정품 허용, 용량/농도 원문 유지",no_option_evidence,상품명에서 선택 옵션 근거 없음; 옵션 부재를 상세페이지에서 확인한 것은 아님,,52,KEEP,first_pass_KEEP
musinsa,53,판매수량순,3개월,4425165,비비앙,[이한 PICK] 뉴욕인틸리 오 드 퍼퓸 EDP 50ml,https://www.musinsa.com/products/4425165,91900,2026-09-05,data/korea_popularity/raw/musinsa_perfume_3month_sales_count_20260905.har,0,KEEP,NONE,named_perfume,"본품 향수 표현과 개별 상품명 확인; 고정 증정품 허용, 용량/농도 원문 유지",no_option_evidence,상품명에서 선택 옵션 근거 없음; 옵션 부재를 상세페이지에서 확인한 것은 아님,,54,KEEP,first_pass_KEEP
musinsa,54,판매수량순,3개월,2027862,메종 마르지엘라 퍼퓸,레플리카 재즈 클럽 EDT 100ML,https://www.musinsa.com/products/2027862,228000,2026-09-05,data/korea_popularity/raw/musinsa_perfume_3month_sales_count_20260905.har,0,KEEP,NONE,named_perfume,"본품 향수 표현과 개별 상품명 확인; 고정 증정품 허용, 용량/농도 원문 유지",no_option_evidence,상품명에서 선택 옵션 근거 없음; 옵션 부재를 상세페이지에서 확인한 것은 아님,,55,KEEP,first_pass_KEEP
musinsa,55,판매수량순,3개월,3850821,로이비,오 드 퍼퓸 롤온 피오니 앤 화이트 머스크 7.5ml,https://www.musinsa.com/products/3850821,21600,2026-09-05,data/korea_popularity/raw/musinsa_perfume_3month_sales_count_20260905.har,0,KEEP,NONE,named_perfume,"본품 향수 표현과 개별 상품명 확인; 고정 증정품 허용, 용량/농도 원문 유지",no_option_evidence,상품명에서 선택 옵션 근거 없음; 옵션 부재를 상세페이지에서 확인한 것은 아님,,56,KEEP,first_pass_KEEP
musinsa,56,판매수량순,3개월,5723973,센틀리에,오 드 퍼퓸 오렌지블라썸 토스카나 10ml,https://www.musinsa.com/products/5723973,24000,2026-09-05,data/korea_popularity/raw/musinsa_perfume_3month_sales_count_20260905.har,0,KEEP,NONE,named_perfume,"본품 향수 표현과 개별 상품명 확인; 고정 증정품 허용, 용량/농도 원문 유지",no_option_evidence,상품명에서 선택 옵션 근거 없음; 옵션 부재를 상세페이지에서 확인한 것은 아님,,57,KEEP,first_pass_KEEP
musinsa,58,판매수량순,3개월,3388734,에따 리브르 도랑쥬,유 오어 썸원 라이크 유 EDP 30ml,https://www.musinsa.com/products/3388734,110000,2026-09-05,data/korea_popularity/raw/musinsa_perfume_3month_sales_count_20260905.har,0,KEEP,NONE,named_perfume,"본품 향수 표현과 개별 상품명 확인; 고정 증정품 허용, 용량/농도 원문 유지",no_option_evidence,상품명에서 선택 옵션 근거 없음; 옵션 부재를 상세페이지에서 확인한 것은 아님,,59,KEEP,first_pass_KEEP
musinsa,60,판매수량순,3개월,5823330,알보우,도쿄 피그 오드퍼퓸 향수 30ML,https://www.musinsa.com/products/5823330,68000,2026-09-05,data/korea_popularity/raw/musinsa_perfume_3month_sales_count_20260905.har,0,KEEP,NONE,named_perfume,"본품 향수 표현과 개별 상품명 확인; 고정 증정품 허용, 용량/농도 원문 유지",no_option_evidence,상품명에서 선택 옵션 근거 없음; 옵션 부재를 상세페이지에서 확인한 것은 아님,,61,KEEP,first_pass_KEEP
musinsa,62,판매수량순,3개월,5524898,아비브,오 드 퍼퓸 타입 N 50ml(+쇼핑백 증정),https://www.musinsa.com/products/5524898,52800,2026-09-05,data/korea_popularity/raw/musinsa_perfume_3month_sales_count_20260905.har,34,KEEP,NONE,named_perfume,"본품 향수 표현과 개별 상품명 확인; 고정 증정품 허용, 용량/농도 원문 유지",no_option_evidence,상품명에서 선택 옵션 근거 없음; 옵션 부재를 상세페이지에서 확인한 것은 아님,,63,KEEP,first_pass_KEEP
musinsa,64,판매수량순,3개월,2249394,포맨트,시그니처 퍼퓸 코튼 디어 나잇 50ml,https://www.musinsa.com/products/2249394,51460,2026-09-05,data/korea_popularity/raw/musinsa_perfume_3month_sales_count_20260905.har,34,KEEP,NONE,named_perfume,"본품 향수 표현과 개별 상품명 확인; 고정 증정품 허용, 용량/농도 원문 유지",no_option_evidence,상품명에서 선택 옵션 근거 없음; 옵션 부재를 상세페이지에서 확인한 것은 아님,,65,KEEP,first_pass_KEEP
musinsa,68,판매수량순,3개월,2246800,클린,퓨어솝 EDP 60ML,https://www.musinsa.com/products/2246800,57750,2026-09-05,data/korea_popularity/raw/musinsa_perfume_3month_sales_count_20260905.har,34,KEEP,NONE,named_perfume,"본품 향수 표현과 개별 상품명 확인; 고정 증정품 허용, 용량/농도 원문 유지",no_option_evidence,상품명에서 선택 옵션 근거 없음; 옵션 부재를 상세페이지에서 확인한 것은 아님,,69,KEEP,first_pass_KEEP
musinsa,71,판매수량순,3개월,1997946,몽블랑 퍼퓸,익스플로러 EDP 100ML,https://www.musinsa.com/products/1997946,160000,2026-09-05,data/korea_popularity/raw/musinsa_perfume_3month_sales_count_20260905.har,34,KEEP,NONE,named_perfume,"본품 향수 표현과 개별 상품명 확인; 고정 증정품 허용, 용량/농도 원문 유지",no_option_evidence,상품명에서 선택 옵션 근거 없음; 옵션 부재를 상세페이지에서 확인한 것은 아님,,72,KEEP,first_pass_KEEP
musinsa,73,판매수량순,3개월,2246802,클린,퓨어솝 EDP 30ML,https://www.musinsa.com/products/2246802,35750,2026-09-05,data/korea_popularity/raw/musinsa_perfume_3month_sales_count_20260905.har,34,KEEP,NONE,named_perfume,"본품 향수 표현과 개별 상품명 확인; 고정 증정품 허용, 용량/농도 원문 유지",no_option_evidence,상품명에서 선택 옵션 근거 없음; 옵션 부재를 상세페이지에서 확인한 것은 아님,,74,KEEP,first_pass_KEEP
musinsa,75,판매수량순,3개월,6192807,플르부아,오 드 퍼퓸 EDP 히노끼 레더 50mL,https://www.musinsa.com/products/6192807,44800,2026-09-05,data/korea_popularity/raw/musinsa_perfume_3month_sales_count_20260905.har,34,KEEP,NONE,named_perfume,"본품 향수 표현과 개별 상품명 확인; 고정 증정품 허용, 용량/농도 원문 유지",no_option_evidence,상품명에서 선택 옵션 근거 없음; 옵션 부재를 상세페이지에서 확인한 것은 아님,,76,KEEP,first_pass_KEEP
musinsa,76,판매수량순,3개월,3082576,유쏘풀,베리섹시 니치향수,https://www.musinsa.com/products/3082576,63000,2026-09-05,data/korea_popularity/raw/musinsa_perfume_3month_sales_count_20260905.har,34,KEEP,NONE,named_perfume,"본품 향수 표현과 개별 상품명 확인; 고정 증정품 허용, 용량/농도 원문 유지",no_option_evidence,상품명에서 선택 옵션 근거 없음; 옵션 부재를 상세페이지에서 확인한 것은 아님,,77,KEEP,first_pass_KEEP
musinsa,78,판매수량순,3개월,4265625,세이리,오스만투스 엑스트레 드 퍼퓸 50mL,https://www.musinsa.com/products/4265625,49000,2026-09-05,data/korea_popularity/raw/musinsa_perfume_3month_sales_count_20260905.har,34,KEEP,NONE,named_perfume,"본품 향수 표현과 개별 상품명 확인; 고정 증정품 허용, 용량/농도 원문 유지",no_option_evidence,상품명에서 선택 옵션 근거 없음; 옵션 부재를 상세페이지에서 확인한 것은 아님,,79,KEEP,first_pass_KEEP
musinsa,82,판매수량순,3개월,5115486,센녹,퍼퓸 슬로우셉템버 50ml,https://www.musinsa.com/products/5115486,76000,2026-09-05,data/korea_popularity/raw/musinsa_perfume_3month_sales_count_20260905.har,34,KEEP,NONE,named_perfume,"본품 향수 표현과 개별 상품명 확인; 고정 증정품 허용, 용량/농도 원문 유지",no_option_evidence,상품명에서 선택 옵션 근거 없음; 옵션 부재를 상세페이지에서 확인한 것은 아님,,83,KEEP,first_pass_KEEP
musinsa,83,판매수량순,3개월,6363686,비비앙,구름 오 드 퍼퓸 EDP 50ml,https://www.musinsa.com/products/6363686,91900,2026-09-05,data/korea_popularity/raw/musinsa_perfume_3month_sales_count_20260905.har,34,KEEP,NONE,named_perfume,"본품 향수 표현과 개별 상품명 확인; 고정 증정품 허용, 용량/농도 원문 유지",no_option_evidence,상품명에서 선택 옵션 근거 없음; 옵션 부재를 상세페이지에서 확인한 것은 아님,,84,KEEP,first_pass_KEEP
musinsa,84,판매수량순,3개월,6211036,투데이이즈,인마이메모리 오드 퍼퓸 50ml,https://www.musinsa.com/products/6211036,62100,2026-09-05,data/korea_popularity/raw/musinsa_perfume_3month_sales_count_20260905.har,34,KEEP,NONE,named_perfume,"본품 향수 표현과 개별 상품명 확인; 고정 증정품 허용, 용량/농도 원문 유지",no_option_evidence,상품명에서 선택 옵션 근거 없음; 옵션 부재를 상세페이지에서 확인한 것은 아님,,85,KEEP,first_pass_KEEP
musinsa,88,판매수량순,3개월,1853991,폴로랄프로렌 퍼퓸,폴로 랄프 EDT 30ML,https://www.musinsa.com/products/1853991,59500,2026-09-05,data/korea_popularity/raw/musinsa_perfume_3month_sales_count_20260905.har,34,KEEP,NONE,named_perfume,"본품 향수 표현과 개별 상품명 확인; 고정 증정품 허용, 용량/농도 원문 유지",no_option_evidence,상품명에서 선택 옵션 근거 없음; 옵션 부재를 상세페이지에서 확인한 것은 아님,,89,KEEP,first_pass_KEEP
musinsa,89,판매수량순,3개월,4771020,클린,클리어 쿨 코튼 EDP 60ML,https://www.musinsa.com/products/4771020,57750,2026-09-05,data/korea_popularity/raw/musinsa_perfume_3month_sales_count_20260905.har,34,KEEP,NONE,named_perfume,"본품 향수 표현과 개별 상품명 확인; 고정 증정품 허용, 용량/농도 원문 유지",no_option_evidence,상품명에서 선택 옵션 근거 없음; 옵션 부재를 상세페이지에서 확인한 것은 아님,,90,KEEP,first_pass_KEEP
musinsa,92,판매수량순,3개월,1854001,폴로랄프로렌 퍼퓸,폴로 랄프 EDT 50ML,https://www.musinsa.com/products/1854001,80750,2026-09-05,data/korea_popularity/raw/musinsa_perfume_3month_sales_count_20260905.har,34,KEEP,NONE,named_perfume,"본품 향수 표현과 개별 상품명 확인; 고정 증정품 허용, 용량/농도 원문 유지",no_option_evidence,상품명에서 선택 옵션 근거 없음; 옵션 부재를 상세페이지에서 확인한 것은 아님,,93,KEEP,first_pass_KEEP
musinsa,93,판매수량순,3개월,2637311,다슈,아쿠아 다이브 퍼퓸 50ml,https://www.musinsa.com/products/2637311,36800,2026-09-05,data/korea_popularity/raw/musinsa_perfume_3month_sales_count_20260905.har,34,KEEP,NONE,named_perfume,"본품 향수 표현과 개별 상품명 확인; 고정 증정품 허용, 용량/농도 원문 유지",no_option_evidence,상품명에서 선택 옵션 근거 없음; 옵션 부재를 상세페이지에서 확인한 것은 아님,,94,KEEP,first_pass_KEEP
musinsa,94,판매수량순,3개월,5195327,돌체앤가바나,라이트 블루 오 드 뚜왈렛 30ml (리뉴얼),https://www.musinsa.com/products/5195327,83700,2026-09-05,data/korea_popularity/raw/musinsa_perfume_3month_sales_count_20260905.har,34,KEEP,NONE,named_perfume,"본품 향수 표현과 개별 상품명 확인; 고정 증정품 허용, 용량/농도 원문 유지",no_option_evidence,상품명에서 선택 옵션 근거 없음; 옵션 부재를 상세페이지에서 확인한 것은 아님,,95,KEEP,first_pass_KEEP
musinsa,95,판매수량순,3개월,1910205,존바바토스,아티산 퓨어 EDT 75ML,https://www.musinsa.com/products/1910205,65400,2026-09-05,data/korea_popularity/raw/musinsa_perfume_3month_sales_count_20260905.har,34,KEEP,NONE,named_perfume,"본품 향수 표현과 개별 상품명 확인; 고정 증정품 허용, 용량/농도 원문 유지",no_option_evidence,상품명에서 선택 옵션 근거 없음; 옵션 부재를 상세페이지에서 확인한 것은 아님,,96,KEEP,first_pass_KEEP
musinsa,96,판매수량순,3개월,3291576,유겐,INSPIRE 오 드 퍼퓸 50ML,https://www.musinsa.com/products/3291576,145000,2026-09-05,data/korea_popularity/raw/musinsa_perfume_3month_sales_count_20260905.har,34,KEEP,NONE,named_perfume,"본품 향수 표현과 개별 상품명 확인; 고정 증정품 허용, 용량/농도 원문 유지",no_option_evidence,상품명에서 선택 옵션 근거 없음; 옵션 부재를 상세페이지에서 확인한 것은 아님,,97,KEEP,first_pass_KEEP
musinsa,98,판매수량순,3개월,4771015,클린,클리어 애플 블로썸 EDP 60ML,https://www.musinsa.com/products/4771015,57750,2026-09-05,data/korea_popularity/raw/musinsa_perfume_3month_sales_count_20260905.har,34,KEEP,NONE,named_perfume,"본품 향수 표현과 개별 상품명 확인; 고정 증정품 허용, 용량/농도 원문 유지",no_option_evidence,상품명에서 선택 옵션 근거 없음; 옵션 부재를 상세페이지에서 확인한 것은 아님,,99,KEEP,first_pass_KEEP
musinsa,99,판매수량순,3개월,6168034,헤트라스 뷰티,핸드메이드 퍼퓸 50ml 아틀리에 티,https://www.musinsa.com/products/6168034,64000,2026-09-05,data/korea_popularity/raw/musinsa_perfume_3month_sales_count_20260905.har,34,KEEP,NONE,named_perfume,"본품 향수 표현과 개별 상품명 확인; 고정 증정품 허용, 용량/농도 원문 유지",no_option_evidence,상품명에서 선택 옵션 근거 없음; 옵션 부재를 상세페이지에서 확인한 것은 아님,,100,KEEP,first_pass_KEEP
musinsa,100,판매수량순,3개월,5956388,엑스니힐로,블루 탈리스만 오드퍼퓸 10ml,https://www.musinsa.com/products/5956388,95000,2026-09-05,data/korea_popularity/raw/musinsa_perfume_3month_sales_count_20260905.har,34,KEEP,NONE,named_perfume,"본품 향수 표현과 개별 상품명 확인; 고정 증정품 허용, 용량/농도 원문 유지",no_option_evidence,상품명에서 선택 옵션 근거 없음; 옵션 부재를 상세페이지에서 확인한 것은 아님,,101,KEEP,first_pass_KEEP
musinsa,101,판매수량순,3개월,5467220,러쉬,29 하이 스트릿 30ml - 퍼퓸/향수,https://www.musinsa.com/products/5467220,80000,2026-09-05,data/korea_popularity/raw/musinsa_perfume_3month_sales_count_20260905.har,34,KEEP,NONE,named_perfume,"본품 향수 표현과 개별 상품명 확인; 고정 증정품 허용, 용량/농도 원문 유지",no_option_evidence,상품명에서 선택 옵션 근거 없음; 옵션 부재를 상세페이지에서 확인한 것은 아님,,102,KEEP,first_pass_KEEP
musinsa,102,판매수량순,3개월,3122053,메종 마르지엘라 퍼퓸,레플리카 웬 더 레인 스탑스 EDT 30ML,https://www.musinsa.com/products/3122053,122550,2026-09-05,data/korea_popularity/raw/musinsa_perfume_3month_sales_count_20260905.har,34,KEEP,NONE,named_perfume,"본품 향수 표현과 개별 상품명 확인; 고정 증정품 허용, 용량/농도 원문 유지",no_option_evidence,상품명에서 선택 옵션 근거 없음; 옵션 부재를 상세페이지에서 확인한 것은 아님,,103,KEEP,first_pass_KEEP
musinsa,108,판매수량순,3개월,4195075,스테판 움베르 루카,갓 오브 파이어 EAU DE PARFUM,https://www.musinsa.com/products/4195075,17550,2026-09-05,data/korea_popularity/raw/musinsa_perfume_3month_sales_count_20260905.har,34,KEEP,NONE,named_perfume,"본품 향수 표현과 개별 상품명 확인; 고정 증정품 허용, 용량/농도 원문 유지",no_option_evidence,상품명에서 선택 옵션 근거 없음; 옵션 부재를 상세페이지에서 확인한 것은 아님,,109,KEEP,first_pass_KEEP
musinsa,109,판매수량순,3개월,1284601,엘리자베스아덴,그린티 센트 스프레이 EDC 30ml +향수 공병 증정,https://www.musinsa.com/products/1284601,17300,2026-09-05,data/korea_popularity/raw/musinsa_perfume_3month_sales_count_20260905.har,34,KEEP,NONE,named_perfume,"본품 향수 표현과 개별 상품명 확인; 고정 증정품 허용, 용량/농도 원문 유지",no_option_evidence,상품명에서 선택 옵션 근거 없음; 옵션 부재를 상세페이지에서 확인한 것은 아님,,110,KEEP,first_pass_KEEP
musinsa,110,판매수량순,3개월,2004435,랑방 퍼퓸,에끌라 드 아르페쥬 EDP 30ML,https://www.musinsa.com/products/2004435,66600,2026-09-05,data/korea_popularity/raw/musinsa_perfume_3month_sales_count_20260905.har,34,KEEP,NONE,named_perfume,"본품 향수 표현과 개별 상품명 확인; 고정 증정품 허용, 용량/농도 원문 유지",no_option_evidence,상품명에서 선택 옵션 근거 없음; 옵션 부재를 상세페이지에서 확인한 것은 아님,,111,KEEP,first_pass_KEEP
musinsa,111,판매수량순,3개월,6315662,엘리자베스아덴,그린티 스트로베리 바질 EDT 100ml +향수 공병 증정,https://www.musinsa.com/products/6315662,33500,2026-09-05,data/korea_popularity/raw/musinsa_perfume_3month_sales_count_20260905.har,34,KEEP,NONE,named_perfume,"본품 향수 표현과 개별 상품명 확인; 고정 증정품 허용, 용량/농도 원문 유지",no_option_evidence,상품명에서 선택 옵션 근거 없음; 옵션 부재를 상세페이지에서 확인한 것은 아님,,112,KEEP,first_pass_KEEP
musinsa,112,판매수량순,3개월,5135059,메종 마르지엘라 퍼퓸,레플리카 네버 엔딩 썸머 EDT 30ML,https://www.musinsa.com/products/5135059,122550,2026-09-05,data/korea_popularity/raw/musinsa_perfume_3month_sales_count_20260905.har,34,KEEP,NONE,named_perfume,"본품 향수 표현과 개별 상품명 확인; 고정 증정품 허용, 용량/농도 원문 유지",no_option_evidence,상품명에서 선택 옵션 근거 없음; 옵션 부재를 상세페이지에서 확인한 것은 아님,,113,KEEP,first_pass_KEEP
musinsa,113,판매수량순,3개월,4425213,비비앙,[명재현 PICK] 로스트우드 오 드 퍼퓸 EDP 50ml,https://www.musinsa.com/products/4425213,91900,2026-09-05,data/korea_popularity/raw/musinsa_perfume_3month_sales_count_20260905.har,34,KEEP,NONE,named_perfume,"본품 향수 표현과 개별 상품명 확인; 고정 증정품 허용, 용량/농도 원문 유지",no_option_evidence,상품명에서 선택 옵션 근거 없음; 옵션 부재를 상세페이지에서 확인한 것은 아님,,114,KEEP,first_pass_KEEP
musinsa,114,판매수량순,3개월,4352290,이세이미야케 퍼퓸,르셀디세이 오드뚜왈렛 100ml,https://www.musinsa.com/products/4352290,108720,2026-09-05,data/korea_popularity/raw/musinsa_perfume_3month_sales_count_20260905.har,34,KEEP,NONE,named_perfume,"본품 향수 표현과 개별 상품명 확인; 고정 증정품 허용, 용량/농도 원문 유지",no_option_evidence,상품명에서 선택 옵션 근거 없음; 옵션 부재를 상세페이지에서 확인한 것은 아님,,115,KEEP,first_pass_KEEP
musinsa,115,판매수량순,3개월,3873835,베르사체 퍼퓸,에로스 EDT 100ML + 에로스 미니어처 [선물박스],https://www.musinsa.com/products/3873835,82500,2026-09-05,data/korea_popularity/raw/musinsa_perfume_3month_sales_count_20260905.har,34,KEEP,NONE,named_perfume,"본품 향수 표현과 개별 상품명 확인; 고정 증정품 허용, 용량/농도 원문 유지",no_option_evidence,상품명에서 선택 옵션 근거 없음; 옵션 부재를 상세페이지에서 확인한 것은 아님,,116,KEEP,first_pass_KEEP
musinsa,118,판매수량순,3개월,4262805,세이리,누드 엑스트레 드 퍼퓸 50mL,https://www.musinsa.com/products/4262805,49000,2026-09-05,data/korea_popularity/raw/musinsa_perfume_3month_sales_count_20260905.har,34,KEEP,NONE,named_perfume,"본품 향수 표현과 개별 상품명 확인; 고정 증정품 허용, 용량/농도 원문 유지",no_option_evidence,상품명에서 선택 옵션 근거 없음; 옵션 부재를 상세페이지에서 확인한 것은 아님,,119,KEEP,first_pass_KEEP
musinsa,119,판매수량순,3개월,3819294,폴로랄프로렌 퍼퓸,폴로 EDT 125ML,https://www.musinsa.com/products/3819294,108800,2026-09-05,data/korea_popularity/raw/musinsa_perfume_3month_sales_count_20260905.har,34,KEEP,NONE,named_perfume,"본품 향수 표현과 개별 상품명 확인; 고정 증정품 허용, 용량/농도 원문 유지",no_option_evidence,상품명에서 선택 옵션 근거 없음; 옵션 부재를 상세페이지에서 확인한 것은 아님,,120,KEEP,first_pass_KEEP
musinsa,120,판매수량순,3개월,1910207,존바바토스,아티산 블루 EDT 75ML,https://www.musinsa.com/products/1910207,65400,2026-09-05,data/korea_popularity/raw/musinsa_perfume_3month_sales_count_20260905.har,34,KEEP,NONE,named_perfume,"본품 향수 표현과 개별 상품명 확인; 고정 증정품 허용, 용량/농도 원문 유지",no_option_evidence,상품명에서 선택 옵션 근거 없음; 옵션 부재를 상세페이지에서 확인한 것은 아님,,121,KEEP,first_pass_KEEP
musinsa,121,판매수량순,3개월,1910204,존바바토스,아티산 퓨어 EDT 125ML,https://www.musinsa.com/products/1910204,89400,2026-09-05,data/korea_popularity/raw/musinsa_perfume_3month_sales_count_20260905.har,91,KEEP,NONE,named_perfume,"본품 향수 표현과 개별 상품명 확인; 고정 증정품 허용, 용량/농도 원문 유지",no_option_evidence,상품명에서 선택 옵션 근거 없음; 옵션 부재를 상세페이지에서 확인한 것은 아님,,122,KEEP,first_pass_KEEP
musinsa,124,판매수량순,3개월,2027873,메종 마르지엘라 퍼퓸,레플리카 세일링 데이 EDT 30ML,https://www.musinsa.com/products/2027873,122550,2026-09-05,data/korea_popularity/raw/musinsa_perfume_3month_sales_count_20260905.har,91,KEEP,NONE,named_perfume,"본품 향수 표현과 개별 상품명 확인; 고정 증정품 허용, 용량/농도 원문 유지",no_option_evidence,상품명에서 선택 옵션 근거 없음; 옵션 부재를 상세페이지에서 확인한 것은 아님,,125,KEEP,first_pass_KEEP
musinsa,125,판매수량순,3개월,6362932,센티카,시그니처 퍼퓸 플레르 에끌로 15ml,https://www.musinsa.com/products/6362932,33250,2026-09-05,data/korea_popularity/raw/musinsa_perfume_3month_sales_count_20260905.har,91,KEEP,NONE,named_perfume,"본품 향수 표현과 개별 상품명 확인; 고정 증정품 허용, 용량/농도 원문 유지",no_option_evidence,상품명에서 선택 옵션 근거 없음; 옵션 부재를 상세페이지에서 확인한 것은 아님,,126,KEEP,first_pass_KEEP
musinsa,128,판매수량순,3개월,1910182,제니퍼로페즈,글로우 바이 제이로 EDT 30ML,https://www.musinsa.com/products/1910182,37800,2026-09-05,data/korea_popularity/raw/musinsa_perfume_3month_sales_count_20260905.har,91,KEEP,NONE,named_perfume,"본품 향수 표현과 개별 상품명 확인; 고정 증정품 허용, 용량/농도 원문 유지",no_option_evidence,상품명에서 선택 옵션 근거 없음; 옵션 부재를 상세페이지에서 확인한 것은 아님,,129,KEEP,first_pass_KEEP
musinsa,129,판매수량순,3개월,5991054,메종 마르지엘라 퍼퓸,레플리카 업 앳 던 EDT 30ML,https://www.musinsa.com/products/5991054,122550,2026-09-05,data/korea_popularity/raw/musinsa_perfume_3month_sales_count_20260905.har,91,KEEP,NONE,named_perfume,"본품 향수 표현과 개별 상품명 확인; 고정 증정품 허용, 용량/농도 원문 유지",no_option_evidence,상품명에서 선택 옵션 근거 없음; 옵션 부재를 상세페이지에서 확인한 것은 아님,,130,KEEP,first_pass_KEEP
musinsa,130,판매수량순,3개월,4663857,춘몽,도플 퍼퓸 (Doppel Perfume) 10ml,https://www.musinsa.com/products/4663857,13900,2026-09-05,data/korea_popularity/raw/musinsa_perfume_3month_sales_count_20260905.har,91,KEEP,NONE,named_perfume,"본품 향수 표현과 개별 상품명 확인; 고정 증정품 허용, 용량/농도 원문 유지",no_option_evidence,상품명에서 선택 옵션 근거 없음; 옵션 부재를 상세페이지에서 확인한 것은 아님,,131,KEEP,first_pass_KEEP
musinsa,131,판매수량순,3개월,1997941,몽블랑 퍼퓸,익스플로러 EDP 30ML,https://www.musinsa.com/products/1997941,78000,2026-09-05,data/korea_popularity/raw/musinsa_perfume_3month_sales_count_20260905.har,91,KEEP,NONE,named_perfume,"본품 향수 표현과 개별 상품명 확인; 고정 증정품 허용, 용량/농도 원문 유지",no_option_evidence,상품명에서 선택 옵션 근거 없음; 옵션 부재를 상세페이지에서 확인한 것은 아님,,132,KEEP,first_pass_KEEP
musinsa,133,판매수량순,3개월,4891914,나르시소 로드리게즈,포 허 오드퍼퓸 퓨어 머스크 30ml,https://www.musinsa.com/products/4891914,84700,2026-09-05,data/korea_popularity/raw/musinsa_perfume_3month_sales_count_20260905.har,91,KEEP,NONE,named_perfume,"본품 향수 표현과 개별 상품명 확인; 고정 증정품 허용, 용량/농도 원문 유지",no_option_evidence,상품명에서 선택 옵션 근거 없음; 옵션 부재를 상세페이지에서 확인한 것은 아님,,134,KEEP,first_pass_KEEP
musinsa,134,판매수량순,3개월,2530193,랑방 퍼퓸,레 플레르 드 랑방 워터 릴리 EDT 50ML,https://www.musinsa.com/products/2530193,66000,2026-09-05,data/korea_popularity/raw/musinsa_perfume_3month_sales_count_20260905.har,91,KEEP,NONE,named_perfume,"본품 향수 표현과 개별 상품명 확인; 고정 증정품 허용, 용량/농도 원문 유지",no_option_evidence,상품명에서 선택 옵션 근거 없음; 옵션 부재를 상세페이지에서 확인한 것은 아님,,135,KEEP,first_pass_KEEP
musinsa,135,판매수량순,3개월,1847455,폴로랄프로렌 퍼퓸,폴로 블루 EDT 125ML,https://www.musinsa.com/products/1847455,108800,2026-09-05,data/korea_popularity/raw/musinsa_perfume_3month_sales_count_20260905.har,91,KEEP,NONE,named_perfume,"본품 향수 표현과 개별 상품명 확인; 고정 증정품 허용, 용량/농도 원문 유지",no_option_evidence,상품명에서 선택 옵션 근거 없음; 옵션 부재를 상세페이지에서 확인한 것은 아님,,136,KEEP,first_pass_KEEP
musinsa,136,판매수량순,3개월,5819268,테누이,오 드 퍼퓸 베어 10ml,https://www.musinsa.com/products/5819268,43000,2026-09-05,data/korea_popularity/raw/musinsa_perfume_3month_sales_count_20260905.har,91,KEEP,NONE,named_perfume,"본품 향수 표현과 개별 상품명 확인; 고정 증정품 허용, 용량/농도 원문 유지",no_option_evidence,상품명에서 선택 옵션 근거 없음; 옵션 부재를 상세페이지에서 확인한 것은 아님,,137,KEEP,first_pass_KEEP
musinsa,138,판매수량순,3개월,6261061,쿠오카,와일드피치 오 드 퍼퓸 50ml,https://www.musinsa.com/products/6261061,150000,2026-09-05,data/korea_popularity/raw/musinsa_perfume_3month_sales_count_20260905.har,91,KEEP,NONE,named_perfume,"본품 향수 표현과 개별 상품명 확인; 고정 증정품 허용, 용량/농도 원문 유지",no_option_evidence,상품명에서 선택 옵션 근거 없음; 옵션 부재를 상세페이지에서 확인한 것은 아님,,139,KEEP,first_pass_KEEP
musinsa,139,판매수량순,3개월,3122041,메종 마르지엘라 퍼퓸,레플리카 온어데이트 EDT 10ML,https://www.musinsa.com/products/3122041,42750,2026-09-05,data/korea_popularity/raw/musinsa_perfume_3month_sales_count_20260905.har,91,KEEP,NONE,named_perfume,"본품 향수 표현과 개별 상품명 확인; 고정 증정품 허용, 용량/농도 원문 유지",no_option_evidence,상품명에서 선택 옵션 근거 없음; 옵션 부재를 상세페이지에서 확인한 것은 아님,,140,KEEP,first_pass_KEEP
musinsa,141,판매수량순,3개월,2388475,리베르,[금목서 향수] 오 드 퍼퓸 플라워 소사이어티 30ML Flower Society,https://www.musinsa.com/products/2388475,57000,2026-09-05,data/korea_popularity/raw/musinsa_perfume_3month_sales_count_20260905.har,91,KEEP,NONE,named_perfume,"본품 향수 표현과 개별 상품명 확인; 고정 증정품 허용, 용량/농도 원문 유지",no_option_evidence,상품명에서 선택 옵션 근거 없음; 옵션 부재를 상세페이지에서 확인한 것은 아님,,142,KEEP,first_pass_KEEP
musinsa,143,판매수량순,3개월,5250747,이세이미야케 퍼퓸,르셀디세이 오 드 퍼퓸 100ml,https://www.musinsa.com/products/5250747,116640,2026-09-05,data/korea_popularity/raw/musinsa_perfume_3month_sales_count_20260905.har,91,KEEP,NONE,named_perfume,"본품 향수 표현과 개별 상품명 확인; 고정 증정품 허용, 용량/농도 원문 유지",no_option_evidence,상품명에서 선택 옵션 근거 없음; 옵션 부재를 상세페이지에서 확인한 것은 아님,,144,KEEP,first_pass_KEEP
musinsa,145,판매수량순,3개월,4425134,비비앙,[성호 PICK] 론도24 오 드 퍼퓸 EDP 50ml,https://www.musinsa.com/products/4425134,91900,2026-09-05,data/korea_popularity/raw/musinsa_perfume_3month_sales_count_20260905.har,91,KEEP,NONE,named_perfume,"본품 향수 표현과 개별 상품명 확인; 고정 증정품 허용, 용량/농도 원문 유지",no_option_evidence,상품명에서 선택 옵션 근거 없음; 옵션 부재를 상세페이지에서 확인한 것은 아님,,146,KEEP,first_pass_KEEP
musinsa,146,판매수량순,3개월,6510028,코치 프래그런스,체리 퍼퓸 30ML,https://www.musinsa.com/products/6510028,84000,2026-09-05,data/korea_popularity/raw/musinsa_perfume_3month_sales_count_20260905.har,91,KEEP,NONE,named_perfume,"본품 향수 표현과 개별 상품명 확인; 고정 증정품 허용, 용량/농도 원문 유지",no_option_evidence,상품명에서 선택 옵션 근거 없음; 옵션 부재를 상세페이지에서 확인한 것은 아님,,147,KEEP,first_pass_KEEP
musinsa,147,판매수량순,3개월,5115544,센녹,퍼퓸 베이비블러셔50ml,https://www.musinsa.com/products/5115544,82000,2026-09-05,data/korea_popularity/raw/musinsa_perfume_3month_sales_count_20260905.har,91,KEEP,NONE,named_perfume,"본품 향수 표현과 개별 상품명 확인; 고정 증정품 허용, 용량/농도 원문 유지",no_option_evidence,상품명에서 선택 옵션 근거 없음; 옵션 부재를 상세페이지에서 확인한 것은 아님,,148,KEEP,first_pass_KEEP
musinsa,148,판매수량순,3개월,6255346,포엘리에,우디&머스크향 옴므 오 드 퍼퓸 향수 30ml,https://www.musinsa.com/products/6255346,20000,2026-09-05,data/korea_popularity/raw/musinsa_perfume_3month_sales_count_20260905.har,91,KEEP,NONE,named_perfume,"본품 향수 표현과 개별 상품명 확인; 고정 증정품 허용, 용량/농도 원문 유지",no_option_evidence,상품명에서 선택 옵션 근거 없음; 옵션 부재를 상세페이지에서 확인한 것은 아님,,149,KEEP,first_pass_KEEP
musinsa,149,판매수량순,3개월,4652950,비비앙,[운학 PICK] 콜린 오 드 퍼퓸 EDP 50ml,https://www.musinsa.com/products/4652950,91900,2026-09-05,data/korea_popularity/raw/musinsa_perfume_3month_sales_count_20260905.har,91,KEEP,NONE,named_perfume,"본품 향수 표현과 개별 상품명 확인; 고정 증정품 허용, 용량/농도 원문 유지",no_option_evidence,상품명에서 선택 옵션 근거 없음; 옵션 부재를 상세페이지에서 확인한 것은 아님,,150,KEEP,first_pass_KEEP
musinsa,150,판매수량순,3개월,4499729,라퐁프,우드세이지앤씨솔트 30ml 향수,https://www.musinsa.com/products/4499729,19900,2026-09-05,data/korea_popularity/raw/musinsa_perfume_3month_sales_count_20260905.har,91,KEEP,NONE,named_perfume,"본품 향수 표현과 개별 상품명 확인; 고정 증정품 허용, 용량/농도 원문 유지",no_option_evidence,상품명에서 선택 옵션 근거 없음; 옵션 부재를 상세페이지에서 확인한 것은 아님,,151,KEEP,first_pass_KEEP
musinsa,151,판매수량순,3개월,4352251,이세이미야케 퍼퓸,르셀디세이 오드뚜왈렛 50ml,https://www.musinsa.com/products/4352251,79920,2026-09-05,data/korea_popularity/raw/musinsa_perfume_3month_sales_count_20260905.har,91,KEEP,NONE,named_perfume,"본품 향수 표현과 개별 상품명 확인; 고정 증정품 허용, 용량/농도 원문 유지",no_option_evidence,상품명에서 선택 옵션 근거 없음; 옵션 부재를 상세페이지에서 확인한 것은 아님,,152,KEEP,first_pass_KEEP
musinsa,153,판매수량순,3개월,6039284,리베르,[장미 생화향] 오 드 퍼퓸 로즈 제스트 30ML Rose Zest,https://www.musinsa.com/products/6039284,57000,2026-09-05,data/korea_popularity/raw/musinsa_perfume_3month_sales_count_20260905.har,91,KEEP,NONE,named_perfume,"본품 향수 표현과 개별 상품명 확인; 고정 증정품 허용, 용량/농도 원문 유지",no_option_evidence,상품명에서 선택 옵션 근거 없음; 옵션 부재를 상세페이지에서 확인한 것은 아님,,154,KEEP,first_pass_KEEP
musinsa,155,판매수량순,3개월,6367327,에스더블유나인틴,SW19 5pm 오 드 퍼퓸 12ml,https://www.musinsa.com/products/6367327,39000,2026-09-05,data/korea_popularity/raw/musinsa_perfume_3month_sales_count_20260905.har,91,KEEP,NONE,named_perfume,"본품 향수 표현과 개별 상품명 확인; 고정 증정품 허용, 용량/농도 원문 유지",no_option_evidence,상품명에서 선택 옵션 근거 없음; 옵션 부재를 상세페이지에서 확인한 것은 아님,,156,KEEP,first_pass_KEEP
musinsa,156,판매수량순,3개월,5819269,테누이,오 드 퍼퓸 페더 10ml,https://www.musinsa.com/products/5819269,43000,2026-09-05,data/korea_popularity/raw/musinsa_perfume_3month_sales_count_20260905.har,91,KEEP,NONE,named_perfume,"본품 향수 표현과 개별 상품명 확인; 고정 증정품 허용, 용량/농도 원문 유지",no_option_evidence,상품명에서 선택 옵션 근거 없음; 옵션 부재를 상세페이지에서 확인한 것은 아님,,157,KEEP,first_pass_KEEP
musinsa,157,판매수량순,3개월,3430554,롤리타 렘피카,롤리타렘피카 EDP 100ml,https://www.musinsa.com/products/3430554,64500,2026-09-05,data/korea_popularity/raw/musinsa_perfume_3month_sales_count_20260905.har,91,KEEP,NONE,named_perfume,"본품 향수 표현과 개별 상품명 확인; 고정 증정품 허용, 용량/농도 원문 유지",no_option_evidence,상품명에서 선택 옵션 근거 없음; 옵션 부재를 상세페이지에서 확인한 것은 아님,,158,KEEP,first_pass_KEEP
musinsa,158,판매수량순,3개월,1910206,존바바토스,아티산 블루 EDT 125ML,https://www.musinsa.com/products/1910206,89400,2026-09-05,data/korea_popularity/raw/musinsa_perfume_3month_sales_count_20260905.har,91,KEEP,NONE,named_perfume,"본품 향수 표현과 개별 상품명 확인; 고정 증정품 허용, 용량/농도 원문 유지",no_option_evidence,상품명에서 선택 옵션 근거 없음; 옵션 부재를 상세페이지에서 확인한 것은 아님,,159,KEEP,first_pass_KEEP
musinsa,159,판매수량순,3개월,2006667,코치 프래그런스,플로럴 EDP 30ML,https://www.musinsa.com/products/2006667,76000,2026-09-05,data/korea_popularity/raw/musinsa_perfume_3month_sales_count_20260905.har,91,KEEP,NONE,named_perfume,"본품 향수 표현과 개별 상품명 확인; 고정 증정품 허용, 용량/농도 원문 유지",no_option_evidence,상품명에서 선택 옵션 근거 없음; 옵션 부재를 상세페이지에서 확인한 것은 아님,,160,KEEP,first_pass_KEEP
musinsa,160,판매수량순,3개월,3787802,밀크하우스캔들,[오일퍼퓸] 썬 키스드 피오니 15ml,https://www.musinsa.com/products/3787802,87000,2026-09-05,data/korea_popularity/raw/musinsa_perfume_3month_sales_count_20260905.har,91,KEEP,NONE,named_perfume,"본품 향수 표현과 개별 상품명 확인; 고정 증정품 허용, 용량/농도 원문 유지",no_option_evidence,상품명에서 선택 옵션 근거 없음; 옵션 부재를 상세페이지에서 확인한 것은 아님,,161,KEEP,first_pass_KEEP
musinsa,161,판매수량순,3개월,4771017,클린,클리어 쿨 코튼 EDP 30ML,https://www.musinsa.com/products/4771017,35750,2026-09-05,data/korea_popularity/raw/musinsa_perfume_3month_sales_count_20260905.har,91,KEEP,NONE,named_perfume,"본품 향수 표현과 개별 상품명 확인; 고정 증정품 허용, 용량/농도 원문 유지",no_option_evidence,상품명에서 선택 옵션 근거 없음; 옵션 부재를 상세페이지에서 확인한 것은 아님,,162,KEEP,first_pass_KEEP
musinsa,163,판매수량순,3개월,4217109,센틀리에,오 드 퍼퓸 오렌지블라썸 토스카나 50ml,https://www.musinsa.com/products/4217109,89000,2026-09-05,data/korea_popularity/raw/musinsa_perfume_3month_sales_count_20260905.har,91,KEEP,NONE,named_perfume,"본품 향수 표현과 개별 상품명 확인; 고정 증정품 허용, 용량/농도 원문 유지",no_option_evidence,상품명에서 선택 옵션 근거 없음; 옵션 부재를 상세페이지에서 확인한 것은 아님,,164,KEEP,first_pass_KEEP
musinsa,164,판매수량순,3개월,3897564,베르사체 퍼퓸,맨 오 플래쉬 EDT 100ML + 맨 오 플래쉬 미니어처 [선물박스],https://www.musinsa.com/products/3897564,80360,2026-09-05,data/korea_popularity/raw/musinsa_perfume_3month_sales_count_20260905.har,91,KEEP,NONE,named_perfume,"본품 향수 표현과 개별 상품명 확인; 고정 증정품 허용, 용량/농도 원문 유지",no_option_evidence,상품명에서 선택 옵션 근거 없음; 옵션 부재를 상세페이지에서 확인한 것은 아님,,165,KEEP,first_pass_KEEP
musinsa,167,판매수량순,3개월,6279096,알보우,앰버생귄 오드퍼퓸 향수 30ML,https://www.musinsa.com/products/6279096,68000,2026-09-05,data/korea_popularity/raw/musinsa_perfume_3month_sales_count_20260905.har,91,KEEP,NONE,named_perfume,"본품 향수 표현과 개별 상품명 확인; 고정 증정품 허용, 용량/농도 원문 유지",no_option_evidence,상품명에서 선택 옵션 근거 없음; 옵션 부재를 상세페이지에서 확인한 것은 아님,,168,KEEP,first_pass_KEEP
musinsa,168,판매수량순,3개월,1960886,존바바토스,아티산 블랙 EDT 125ML,https://www.musinsa.com/products/1960886,89400,2026-09-05,data/korea_popularity/raw/musinsa_perfume_3month_sales_count_20260905.har,91,KEEP,NONE,named_perfume,"본품 향수 표현과 개별 상품명 확인; 고정 증정품 허용, 용량/농도 원문 유지",no_option_evidence,상품명에서 선택 옵션 근거 없음; 옵션 부재를 상세페이지에서 확인한 것은 아님,,169,KEEP,first_pass_KEEP
musinsa,169,판매수량순,3개월,6147740,캘빈클라인 퍼퓸,씨케이원 EDT 50ML,https://www.musinsa.com/products/6147740,69000,2026-09-05,data/korea_popularity/raw/musinsa_perfume_3month_sales_count_20260905.har,91,KEEP,NONE,named_perfume,"본품 향수 표현과 개별 상품명 확인; 고정 증정품 허용, 용량/농도 원문 유지",no_option_evidence,상품명에서 선택 옵션 근거 없음; 옵션 부재를 상세페이지에서 확인한 것은 아님,,170,KEEP,first_pass_KEEP
musinsa,171,판매수량순,3개월,4253214,부씨,해피벌쓰데이 오 드 퍼퓸 30ml,https://www.musinsa.com/products/4253214,56050,2026-09-05,data/korea_popularity/raw/musinsa_perfume_3month_sales_count_20260905.har,91,KEEP,NONE,named_perfume,"본품 향수 표현과 개별 상품명 확인; 고정 증정품 허용, 용량/농도 원문 유지",no_option_evidence,상품명에서 선택 옵션 근거 없음; 옵션 부재를 상세페이지에서 확인한 것은 아님,,172,KEEP,first_pass_KEEP
musinsa,172,판매수량순,3개월,2955304,에스더블유나인틴,SW19 6am 오 드 퍼퓸 50ml,https://www.musinsa.com/products/2955304,119000,2026-09-05,data/korea_popularity/raw/musinsa_perfume_3month_sales_count_20260905.har,91,KEEP,NONE,named_perfume,"본품 향수 표현과 개별 상품명 확인; 고정 증정품 허용, 용량/농도 원문 유지",no_option_evidence,상품명에서 선택 옵션 근거 없음; 옵션 부재를 상세페이지에서 확인한 것은 아님,,173,KEEP,first_pass_KEEP
musinsa,173,판매수량순,3개월,6332582,아디다스 향수,아디다스 바이브 스파크 업 EDP 100ML,https://www.musinsa.com/products/6332582,39200,2026-09-05,data/korea_popularity/raw/musinsa_perfume_3month_sales_count_20260905.har,91,KEEP,NONE,named_perfume,"본품 향수 표현과 개별 상품명 확인; 고정 증정품 허용, 용량/농도 원문 유지",no_option_evidence,상품명에서 선택 옵션 근거 없음; 옵션 부재를 상세페이지에서 확인한 것은 아님,,174,KEEP,first_pass_KEEP
musinsa,174,판매수량순,3개월,6192605,플르부아,오 드 퍼퓸 EDP 모닝소일 50mL,https://www.musinsa.com/products/6192605,44800,2026-09-05,data/korea_popularity/raw/musinsa_perfume_3month_sales_count_20260905.har,91,KEEP,NONE,named_perfume,"본품 향수 표현과 개별 상품명 확인; 고정 증정품 허용, 용량/농도 원문 유지",no_option_evidence,상품명에서 선택 옵션 근거 없음; 옵션 부재를 상세페이지에서 확인한 것은 아님,,175,KEEP,first_pass_KEEP
musinsa,175,판매수량순,3개월,5823348,알보우,도쿄 스트라이프 오드퍼퓸 향수 30ML,https://www.musinsa.com/products/5823348,68000,2026-09-05,data/korea_popularity/raw/musinsa_perfume_3month_sales_count_20260905.har,91,KEEP,NONE,named_perfume,"본품 향수 표현과 개별 상품명 확인; 고정 증정품 허용, 용량/농도 원문 유지",no_option_evidence,상품명에서 선택 옵션 근거 없음; 옵션 부재를 상세페이지에서 확인한 것은 아님,,176,KEEP,first_pass_KEEP
musinsa,176,판매수량순,3개월,2006635,코치 프래그런스,우먼 EDT 30ML,https://www.musinsa.com/products/2006635,72000,2026-09-05,data/korea_popularity/raw/musinsa_perfume_3month_sales_count_20260905.har,91,KEEP,NONE,named_perfume,"본품 향수 표현과 개별 상품명 확인; 고정 증정품 허용, 용량/농도 원문 유지",no_option_evidence,상품명에서 선택 옵션 근거 없음; 옵션 부재를 상세페이지에서 확인한 것은 아님,,177,KEEP,first_pass_KEEP
musinsa,177,판매수량순,3개월,1847357,폴로랄프로렌 퍼퓸,폴로 블루 EDT 40ML,https://www.musinsa.com/products/1847357,68000,2026-09-05,data/korea_popularity/raw/musinsa_perfume_3month_sales_count_20260905.har,91,KEEP,NONE,named_perfume,"본품 향수 표현과 개별 상품명 확인; 고정 증정품 허용, 용량/농도 원문 유지",no_option_evidence,상품명에서 선택 옵션 근거 없음; 옵션 부재를 상세페이지에서 확인한 것은 아님,,178,KEEP,first_pass_KEEP
musinsa,178,판매수량순,3개월,6955780,러쉬,[러쉬×무민] 무민밸리 30ml - 퍼퓸/향수,https://www.musinsa.com/products/6955780,80000,2026-09-05,data/korea_popularity/raw/musinsa_perfume_3month_sales_count_20260905.har,91,KEEP,NONE,named_perfume,"본품 향수 표현과 개별 상품명 확인; 고정 증정품 허용, 용량/농도 원문 유지",no_option_evidence,상품명에서 선택 옵션 근거 없음; 옵션 부재를 상세페이지에서 확인한 것은 아님,,179,KEEP,first_pass_KEEP
musinsa,180,판매수량순,3개월,1854002,폴로랄프로렌 퍼퓸,폴로 랄프 EDT 100ML,https://www.musinsa.com/products/1854002,106250,2026-09-05,data/korea_popularity/raw/musinsa_perfume_3month_sales_count_20260905.har,91,KEEP,NONE,named_perfume,"본품 향수 표현과 개별 상품명 확인; 고정 증정품 허용, 용량/농도 원문 유지",no_option_evidence,상품명에서 선택 옵션 근거 없음; 옵션 부재를 상세페이지에서 확인한 것은 아님,,181,KEEP,first_pass_KEEP
musinsa,181,판매수량순,3개월,4090592,나르시소 로드리게즈,포 힘 블루 느와르 EDT 50ml,https://www.musinsa.com/products/4090592,77250,2026-09-05,data/korea_popularity/raw/musinsa_perfume_3month_sales_count_20260905.har,160,KEEP,NONE,named_perfume,"본품 향수 표현과 개별 상품명 확인; 고정 증정품 허용, 용량/농도 원문 유지",no_option_evidence,상품명에서 선택 옵션 근거 없음; 옵션 부재를 상세페이지에서 확인한 것은 아님,,182,KEEP,first_pass_KEEP
musinsa,182,판매수량순,3개월,5599421,에스더블유나인틴,SW19 Midnight 오 드 퍼퓸 50ml&12ml 기획세트,https://www.musinsa.com/products/5599421,158000,2026-09-05,data/korea_popularity/raw/musinsa_perfume_3month_sales_count_20260905.har,160,KEEP,NONE,named_perfume,"본품 향수 표현과 개별 상품명 확인; 고정 증정품 허용, 용량/농도 원문 유지",no_option_evidence,상품명에서 선택 옵션 근거 없음; 옵션 부재를 상세페이지에서 확인한 것은 아님,,183,KEEP,first_pass_KEEP
musinsa,183,판매수량순,3개월,2027874,메종 마르지엘라 퍼퓸,레플리카 세일링 데이 EDT 100ML,https://www.musinsa.com/products/2027874,228000,2026-09-05,data/korea_popularity/raw/musinsa_perfume_3month_sales_count_20260905.har,160,KEEP,NONE,named_perfume,"본품 향수 표현과 개별 상품명 확인; 고정 증정품 허용, 용량/농도 원문 유지",no_option_evidence,상품명에서 선택 옵션 근거 없음; 옵션 부재를 상세페이지에서 확인한 것은 아님,,184,KEEP,first_pass_KEEP
musinsa,184,판매수량순,3개월,1937359,클린,클래식 레인 EDP 30ML,https://www.musinsa.com/products/1937359,52000,2026-09-05,data/korea_popularity/raw/musinsa_perfume_3month_sales_count_20260905.har,160,KEEP,NONE,named_perfume,"본품 향수 표현과 개별 상품명 확인; 고정 증정품 허용, 용량/농도 원문 유지",no_option_evidence,상품명에서 선택 옵션 근거 없음; 옵션 부재를 상세페이지에서 확인한 것은 아님,,185,KEEP,first_pass_KEEP
musinsa,186,판매수량순,3개월,6367302,에스더블유나인틴,SW19 5pm 오 드 퍼퓸 50ml,https://www.musinsa.com/products/6367302,119000,2026-09-05,data/korea_popularity/raw/musinsa_perfume_3month_sales_count_20260905.har,160,KEEP,NONE,named_perfume,"본품 향수 표현과 개별 상품명 확인; 고정 증정품 허용, 용량/농도 원문 유지",no_option_evidence,상품명에서 선택 옵션 근거 없음; 옵션 부재를 상세페이지에서 확인한 것은 아님,,187,KEEP,first_pass_KEEP
musinsa,187,판매수량순,3개월,3122052,메종 마르지엘라 퍼퓸,레플리카 웬 더 레인 스탑스 EDT 100ML,https://www.musinsa.com/products/3122052,228000,2026-09-05,data/korea_popularity/raw/musinsa_perfume_3month_sales_count_20260905.har,160,KEEP,NONE,named_perfume,"본품 향수 표현과 개별 상품명 확인; 고정 증정품 허용, 용량/농도 원문 유지",no_option_evidence,상품명에서 선택 옵션 근거 없음; 옵션 부재를 상세페이지에서 확인한 것은 아님,,188,KEEP,first_pass_KEEP
musinsa,188,판매수량순,3개월,2530216,랑방 퍼퓸,레 플레르 드 랑방 블루 오키드 EDT 50ML,https://www.musinsa.com/products/2530216,66000,2026-09-05,data/korea_popularity/raw/musinsa_perfume_3month_sales_count_20260905.har,160,KEEP,NONE,named_perfume,"본품 향수 표현과 개별 상품명 확인; 고정 증정품 허용, 용량/농도 원문 유지",no_option_evidence,상품명에서 선택 옵션 근거 없음; 옵션 부재를 상세페이지에서 확인한 것은 아님,,189,KEEP,first_pass_KEEP
musinsa,189,판매수량순,3개월,6095042,아뜰리에페이,아뜰리에페이 마이스킨벗베터 30ml,https://www.musinsa.com/products/6095042,46900,2026-09-05,data/korea_popularity/raw/musinsa_perfume_3month_sales_count_20260905.har,160,REVIEW,NONE,product_type_unconfirmed,용량/이름만 있고 인체용 향수 표현이 없어 로컬 상품명만으로 용도 확정 불가,no_option_evidence,상품명에서 선택 옵션 근거 없음; 옵션 부재를 상세페이지에서 확인한 것은 아님,,190,KEEP,second_pass_KEEP
musinsa,190,판매수량순,3개월,4633683,에스더블유나인틴,SW19 6am 오 드 퍼퓸 12ml,https://www.musinsa.com/products/4633683,39000,2026-09-05,data/korea_popularity/raw/musinsa_perfume_3month_sales_count_20260905.har,160,KEEP,NONE,named_perfume,"본품 향수 표현과 개별 상품명 확인; 고정 증정품 허용, 용량/농도 원문 유지",no_option_evidence,상품명에서 선택 옵션 근거 없음; 옵션 부재를 상세페이지에서 확인한 것은 아님,,191,KEEP,first_pass_KEEP
musinsa,191,판매수량순,3개월,3518010,에이오지,오 드 퍼퓸 레이 30ml,https://www.musinsa.com/products/3518010,64000,2026-09-05,data/korea_popularity/raw/musinsa_perfume_3month_sales_count_20260905.har,160,KEEP,NONE,named_perfume,"본품 향수 표현과 개별 상품명 확인; 고정 증정품 허용, 용량/농도 원문 유지",no_option_evidence,상품명에서 선택 옵션 근거 없음; 옵션 부재를 상세페이지에서 확인한 것은 아님,,192,KEEP,first_pass_KEEP
musinsa,192,판매수량순,3개월,4572505,시머스,애프터 샤워 EDP 50ml,https://www.musinsa.com/products/4572505,89700,2026-09-05,data/korea_popularity/raw/musinsa_perfume_3month_sales_count_20260905.har,160,KEEP,NONE,named_perfume,"본품 향수 표현과 개별 상품명 확인; 고정 증정품 허용, 용량/농도 원문 유지",no_option_evidence,상품명에서 선택 옵션 근거 없음; 옵션 부재를 상세페이지에서 확인한 것은 아님,,193,KEEP,first_pass_KEEP
musinsa,193,판매수량순,3개월,2634749,존바바토스,XX 아티산 틸 EDT 125ML,https://www.musinsa.com/products/2634749,85200,2026-09-05,data/korea_popularity/raw/musinsa_perfume_3month_sales_count_20260905.har,160,KEEP,NONE,named_perfume,"본품 향수 표현과 개별 상품명 확인; 고정 증정품 허용, 용량/농도 원문 유지",no_option_evidence,상품명에서 선택 옵션 근거 없음; 옵션 부재를 상세페이지에서 확인한 것은 아님,,194,KEEP,first_pass_KEEP
musinsa,194,판매수량순,3개월,2004509,랑방 퍼퓸,모던 프린세스 EDP 30ML,https://www.musinsa.com/products/2004509,71000,2026-09-05,data/korea_popularity/raw/musinsa_perfume_3month_sales_count_20260905.har,160,KEEP,NONE,named_perfume,"본품 향수 표현과 개별 상품명 확인; 고정 증정품 허용, 용량/농도 원문 유지",no_option_evidence,상품명에서 선택 옵션 근거 없음; 옵션 부재를 상세페이지에서 확인한 것은 아님,,195,KEEP,first_pass_KEEP
musinsa,195,판매수량순,3개월,1285050,엘리자베스아덴,5번가 EDP 75ml,https://www.musinsa.com/products/1285050,31200,2026-09-05,data/korea_popularity/raw/musinsa_perfume_3month_sales_count_20260905.har,160,KEEP,NONE,named_perfume,"본품 향수 표현과 개별 상품명 확인; 고정 증정품 허용, 용량/농도 원문 유지",no_option_evidence,상품명에서 선택 옵션 근거 없음; 옵션 부재를 상세페이지에서 확인한 것은 아님,,196,KEEP,first_pass_KEEP
musinsa,196,판매수량순,3개월,2027895,메종 마르지엘라 퍼퓸,레플리카 버블 바스 EDT 30ML,https://www.musinsa.com/products/2027895,122550,2026-09-05,data/korea_popularity/raw/musinsa_perfume_3month_sales_count_20260905.har,160,KEEP,NONE,named_perfume,"본품 향수 표현과 개별 상품명 확인; 고정 증정품 허용, 용량/농도 원문 유지",no_option_evidence,상품명에서 선택 옵션 근거 없음; 옵션 부재를 상세페이지에서 확인한 것은 아님,,197,KEEP,first_pass_KEEP
musinsa,197,판매수량순,3개월,6246787,베르사체 퍼퓸,베르사체 크리스탈 에메랄드 오 드 퍼퓸 30ml,https://www.musinsa.com/products/6246787,112000,2026-09-05,data/korea_popularity/raw/musinsa_perfume_3month_sales_count_20260905.har,160,KEEP,NONE,named_perfume,"본품 향수 표현과 개별 상품명 확인; 고정 증정품 허용, 용량/농도 원문 유지",no_option_evidence,상품명에서 선택 옵션 근거 없음; 옵션 부재를 상세페이지에서 확인한 것은 아님,,198,KEEP,first_pass_KEEP
musinsa,198,판매수량순,3개월,6239047,부씨,아브라카다멈 오 드 퍼퓸 30ml,https://www.musinsa.com/products/6239047,56050,2026-09-05,data/korea_popularity/raw/musinsa_perfume_3month_sales_count_20260905.har,160,KEEP,NONE,named_perfume,"본품 향수 표현과 개별 상품명 확인; 고정 증정품 허용, 용량/농도 원문 유지",no_option_evidence,상품명에서 선택 옵션 근거 없음; 옵션 부재를 상세페이지에서 확인한 것은 아님,,199,KEEP,first_pass_KEEP
musinsa,200,판매수량순,3개월,6095164,아뜰리에페이,데이 오프 30ml,https://www.musinsa.com/products/6095164,44900,2026-09-05,data/korea_popularity/raw/musinsa_perfume_3month_sales_count_20260905.har,160,REVIEW,NONE,product_type_unconfirmed,용량/이름만 있고 인체용 향수 표현이 없어 로컬 상품명만으로 용도 확정 불가,no_option_evidence,상품명에서 선택 옵션 근거 없음; 옵션 부재를 상세페이지에서 확인한 것은 아님,,201,KEEP,second_pass_KEEP
musinsa,201,판매수량순,3개월,5753844,달바,리추얼 탠저린 퍼퓸 30ml,https://www.musinsa.com/products/5753844,40680,2026-09-05,data/korea_popularity/raw/musinsa_perfume_3month_sales_count_20260905.har,160,KEEP,NONE,named_perfume,"본품 향수 표현과 개별 상품명 확인; 고정 증정품 허용, 용량/농도 원문 유지",no_option_evidence,상품명에서 선택 옵션 근거 없음; 옵션 부재를 상세페이지에서 확인한 것은 아님,,202,KEEP,first_pass_KEEP
musinsa,203,판매수량순,3개월,2959141,에스더블유나인틴,SW19 3pm 오 드 퍼퓸 50ml,https://www.musinsa.com/products/2959141,119000,2026-09-05,data/korea_popularity/raw/musinsa_perfume_3month_sales_count_20260905.har,160,KEEP,NONE,named_perfume,"본품 향수 표현과 개별 상품명 확인; 고정 증정품 허용, 용량/농도 원문 유지",no_option_evidence,상품명에서 선택 옵션 근거 없음; 옵션 부재를 상세페이지에서 확인한 것은 아님,,204,KEEP,first_pass_KEEP
musinsa,205,판매수량순,3개월,2005112,지미추 퍼퓸,우먼 EDT 40ML,https://www.musinsa.com/products/2005112,87000,2026-09-05,data/korea_popularity/raw/musinsa_perfume_3month_sales_count_20260905.har,160,KEEP,NONE,named_perfume,"본품 향수 표현과 개별 상품명 확인; 고정 증정품 허용, 용량/농도 원문 유지",no_option_evidence,상품명에서 선택 옵션 근거 없음; 옵션 부재를 상세페이지에서 확인한 것은 아님,,206,KEEP,first_pass_KEEP
musinsa,206,판매수량순,3개월,2004514,랑방 퍼퓸,모던 프린세스 EDP 60ML,https://www.musinsa.com/products/2004514,105000,2026-09-05,data/korea_popularity/raw/musinsa_perfume_3month_sales_count_20260905.har,160,KEEP,NONE,named_perfume,"본품 향수 표현과 개별 상품명 확인; 고정 증정품 허용, 용량/농도 원문 유지",no_option_evidence,상품명에서 선택 옵션 근거 없음; 옵션 부재를 상세페이지에서 확인한 것은 아님,,207,KEEP,first_pass_KEEP
musinsa,207,판매수량순,3개월,1997945,몽블랑 퍼퓸,익스플로러 EDP 60ML,https://www.musinsa.com/products/1997945,121000,2026-09-05,data/korea_popularity/raw/musinsa_perfume_3month_sales_count_20260905.har,160,KEEP,NONE,named_perfume,"본품 향수 표현과 개별 상품명 확인; 고정 증정품 허용, 용량/농도 원문 유지",no_option_evidence,상품명에서 선택 옵션 근거 없음; 옵션 부재를 상세페이지에서 확인한 것은 아님,,208,KEEP,first_pass_KEEP
musinsa,208,판매수량순,3개월,4541871,메종 마르지엘라 퍼퓸,레플리카 소울 오브 더 포레스트 EDP 100ML,https://www.musinsa.com/products/4541871,308750,2026-09-05,data/korea_popularity/raw/musinsa_perfume_3month_sales_count_20260905.har,160,KEEP,NONE,named_perfume,"본품 향수 표현과 개별 상품명 확인; 고정 증정품 허용, 용량/농도 원문 유지",no_option_evidence,상품명에서 선택 옵션 근거 없음; 옵션 부재를 상세페이지에서 확인한 것은 아님,,209,KEEP,first_pass_KEEP
musinsa,210,판매수량순,3개월,6313181,플르부아,오 드 퍼퓸 EDP 히노끼 레더 30mL,https://www.musinsa.com/products/6313181,30100,2026-09-05,data/korea_popularity/raw/musinsa_perfume_3month_sales_count_20260905.har,160,KEEP,NONE,named_perfume,"본품 향수 표현과 개별 상품명 확인; 고정 증정품 허용, 용량/농도 원문 유지",no_option_evidence,상품명에서 선택 옵션 근거 없음; 옵션 부재를 상세페이지에서 확인한 것은 아님,,211,KEEP,first_pass_KEEP
musinsa,212,판매수량순,3개월,3662668,오브제,베르가못 레인 퍼퓸 50ml,https://www.musinsa.com/products/3662668,39800,2026-09-05,data/korea_popularity/raw/musinsa_perfume_3month_sales_count_20260905.har,160,KEEP,NONE,named_perfume,"본품 향수 표현과 개별 상품명 확인; 고정 증정품 허용, 용량/농도 원문 유지",no_option_evidence,상품명에서 선택 옵션 근거 없음; 옵션 부재를 상세페이지에서 확인한 것은 아님,,213,KEEP,first_pass_KEEP
musinsa,213,판매수량순,3개월,3122046,메종 마르지엘라 퍼퓸,레플리카 온어데이트 EDT 30ML,https://www.musinsa.com/products/3122046,122550,2026-09-05,data/korea_popularity/raw/musinsa_perfume_3month_sales_count_20260905.har,160,KEEP,NONE,named_perfume,"본품 향수 표현과 개별 상품명 확인; 고정 증정품 허용, 용량/농도 원문 유지",no_option_evidence,상품명에서 선택 옵션 근거 없음; 옵션 부재를 상세페이지에서 확인한 것은 아님,,214,KEEP,first_pass_KEEP
musinsa,214,판매수량순,3개월,5836956,에스더블유나인틴,SW19 Midnight 오일 퍼퓸 10ml,https://www.musinsa.com/products/5836956,48000,2026-09-05,data/korea_popularity/raw/musinsa_perfume_3month_sales_count_20260905.har,160,KEEP,NONE,named_perfume,"본품 향수 표현과 개별 상품명 확인; 고정 증정품 허용, 용량/농도 원문 유지",no_option_evidence,상품명에서 선택 옵션 근거 없음; 옵션 부재를 상세페이지에서 확인한 것은 아님,,215,KEEP,first_pass_KEEP
musinsa,215,판매수량순,3개월,3741729,루아페,다이브 가든 오 드 퍼퓸v2(30ml),https://www.musinsa.com/products/3741729,38000,2026-09-05,data/korea_popularity/raw/musinsa_perfume_3month_sales_count_20260905.har,160,KEEP,NONE,named_perfume,"본품 향수 표현과 개별 상품명 확인; 고정 증정품 허용, 용량/농도 원문 유지",no_option_evidence,상품명에서 선택 옵션 근거 없음; 옵션 부재를 상세페이지에서 확인한 것은 아님,,216,KEEP,first_pass_KEEP
musinsa,216,판매수량순,3개월,3716617,메종 마르지엘라 퍼퓸,레플리카 프롬 더 가든 EDT 30ML,https://www.musinsa.com/products/3716617,122550,2026-09-05,data/korea_popularity/raw/musinsa_perfume_3month_sales_count_20260905.har,160,KEEP,NONE,named_perfume,"본품 향수 표현과 개별 상품명 확인; 고정 증정품 허용, 용량/농도 원문 유지",no_option_evidence,상품명에서 선택 옵션 근거 없음; 옵션 부재를 상세페이지에서 확인한 것은 아님,,217,KEEP,first_pass_KEEP
musinsa,217,판매수량순,3개월,3354160,베르사체 퍼퓸,블루진 EDT 75ml,https://www.musinsa.com/products/3354160,39300,2026-09-05,data/korea_popularity/raw/musinsa_perfume_3month_sales_count_20260905.har,160,KEEP,NONE,named_perfume,"본품 향수 표현과 개별 상품명 확인; 고정 증정품 허용, 용량/농도 원문 유지",no_option_evidence,상품명에서 선택 옵션 근거 없음; 옵션 부재를 상세페이지에서 확인한 것은 아님,,218,KEEP,first_pass_KEEP
musinsa,218,판매수량순,3개월,3122068,메종 마르지엘라 퍼퓸,레플리카 바이 더 파이어플레이스 EDT 10ML,https://www.musinsa.com/products/3122068,42750,2026-09-05,data/korea_popularity/raw/musinsa_perfume_3month_sales_count_20260905.har,160,KEEP,NONE,named_perfume,"본품 향수 표현과 개별 상품명 확인; 고정 증정품 허용, 용량/농도 원문 유지",no_option_evidence,상품명에서 선택 옵션 근거 없음; 옵션 부재를 상세페이지에서 확인한 것은 아님,,219,KEEP,first_pass_KEEP
musinsa,219,판매수량순,3개월,1937358,클린,클래식 레인 EDP 60ML,https://www.musinsa.com/products/1937358,84000,2026-09-05,data/korea_popularity/raw/musinsa_perfume_3month_sales_count_20260905.har,160,KEEP,NONE,named_perfume,"본품 향수 표현과 개별 상품명 확인; 고정 증정품 허용, 용량/농도 원문 유지",no_option_evidence,상품명에서 선택 옵션 근거 없음; 옵션 부재를 상세페이지에서 확인한 것은 아님,,220,KEEP,first_pass_KEEP
musinsa,221,판매수량순,3개월,6039275,리베르,[풀향 향수] 오 드 퍼퓸 그린 사운즈 30ML Green Sounds,https://www.musinsa.com/products/6039275,57000,2026-09-05,data/korea_popularity/raw/musinsa_perfume_3month_sales_count_20260905.har,160,KEEP,NONE,named_perfume,"본품 향수 표현과 개별 상품명 확인; 고정 증정품 허용, 용량/농도 원문 유지",no_option_evidence,상품명에서 선택 옵션 근거 없음; 옵션 부재를 상세페이지에서 확인한 것은 아님,,222,KEEP,first_pass_KEEP
musinsa,222,판매수량순,3개월,3962611,메종 마르지엘라 퍼퓸,레플리카 프롬 더 가든 EDT 10ML,https://www.musinsa.com/products/3962611,42750,2026-09-05,data/korea_popularity/raw/musinsa_perfume_3month_sales_count_20260905.har,160,KEEP,NONE,named_perfume,"본품 향수 표현과 개별 상품명 확인; 고정 증정품 허용, 용량/농도 원문 유지",no_option_evidence,상품명에서 선택 옵션 근거 없음; 옵션 부재를 상세페이지에서 확인한 것은 아님,,223,KEEP,first_pass_KEEP
musinsa,223,판매수량순,3개월,5195353,돌체앤가바나,라이트 블루 오 드 뚜왈렛 10ml (리뉴얼),https://www.musinsa.com/products/5195353,36900,2026-09-05,data/korea_popularity/raw/musinsa_perfume_3month_sales_count_20260905.har,160,KEEP,NONE,named_perfume,"본품 향수 표현과 개별 상품명 확인; 고정 증정품 허용, 용량/농도 원문 유지",no_option_evidence,상품명에서 선택 옵션 근거 없음; 옵션 부재를 상세페이지에서 확인한 것은 아님,,224,KEEP,first_pass_KEEP
musinsa,225,판매수량순,3개월,4633763,에스더블유나인틴,SW19 3pm 오 드 퍼퓸 12ml,https://www.musinsa.com/products/4633763,39000,2026-09-05,data/korea_popularity/raw/musinsa_perfume_3month_sales_count_20260905.har,160,KEEP,NONE,named_perfume,"본품 향수 표현과 개별 상품명 확인; 고정 증정품 허용, 용량/농도 원문 유지",no_option_evidence,상품명에서 선택 옵션 근거 없음; 옵션 부재를 상세페이지에서 확인한 것은 아님,,226,KEEP,first_pass_KEEP
musinsa,226,판매수량순,3개월,4488843,라퐁프,엔젤스쉐어 30ml 향수,https://www.musinsa.com/products/4488843,19900,2026-09-05,data/korea_popularity/raw/musinsa_perfume_3month_sales_count_20260905.har,160,KEEP,NONE,named_perfume,"본품 향수 표현과 개별 상품명 확인; 고정 증정품 허용, 용량/농도 원문 유지",no_option_evidence,상품명에서 선택 옵션 근거 없음; 옵션 부재를 상세페이지에서 확인한 것은 아님,,227,KEEP,first_pass_KEEP
musinsa,227,판매수량순,3개월,4442627,비비앙,[이한 PICK] 뉴욕인틸리 오 드 퍼퓸 EDP 10ml,https://www.musinsa.com/products/4442627,45900,2026-09-05,data/korea_popularity/raw/musinsa_perfume_3month_sales_count_20260905.har,160,KEEP,NONE,named_perfume,"본품 향수 표현과 개별 상품명 확인; 고정 증정품 허용, 용량/농도 원문 유지",no_option_evidence,상품명에서 선택 옵션 근거 없음; 옵션 부재를 상세페이지에서 확인한 것은 아님,,228,KEEP,first_pass_KEEP
musinsa,228,판매수량순,3개월,3873657,베르사체 퍼퓸,에로스 EDT 30ML + 에로스미니어처 [선물박스],https://www.musinsa.com/products/3873657,49500,2026-09-05,data/korea_popularity/raw/musinsa_perfume_3month_sales_count_20260905.har,160,KEEP,NONE,named_perfume,"본품 향수 표현과 개별 상품명 확인; 고정 증정품 허용, 용량/농도 원문 유지",no_option_evidence,상품명에서 선택 옵션 근거 없음; 옵션 부재를 상세페이지에서 확인한 것은 아님,,229,KEEP,first_pass_KEEP
musinsa,229,판매수량순,3개월,3388720,에따 리브르 도랑쥬,유 오어 썸원 라이크 유 EDP 50ml,https://www.musinsa.com/products/3388720,170000,2026-09-05,data/korea_popularity/raw/musinsa_perfume_3month_sales_count_20260905.har,160,KEEP,NONE,named_perfume,"본품 향수 표현과 개별 상품명 확인; 고정 증정품 허용, 용량/농도 원문 유지",no_option_evidence,상품명에서 선택 옵션 근거 없음; 옵션 부재를 상세페이지에서 확인한 것은 아님,,230,KEEP,first_pass_KEEP
musinsa,230,판매수량순,3개월,3082541,유쏘풀,엠포리아코튼 니치향수,https://www.musinsa.com/products/3082541,63000,2026-09-05,data/korea_popularity/raw/musinsa_perfume_3month_sales_count_20260905.har,160,KEEP,NONE,named_perfume,"본품 향수 표현과 개별 상품명 확인; 고정 증정품 허용, 용량/농도 원문 유지",no_option_evidence,상품명에서 선택 옵션 근거 없음; 옵션 부재를 상세페이지에서 확인한 것은 아님,,231,KEEP,first_pass_KEEP
musinsa,231,판매수량순,3개월,2215324,로이비,오 드 퍼퓸 베르가못 앤 화이트로즈 50ml,https://www.musinsa.com/products/2215324,95200,2026-09-05,data/korea_popularity/raw/musinsa_perfume_3month_sales_count_20260905.har,160,KEEP,NONE,named_perfume,"본품 향수 표현과 개별 상품명 확인; 고정 증정품 허용, 용량/농도 원문 유지",no_option_evidence,상품명에서 선택 옵션 근거 없음; 옵션 부재를 상세페이지에서 확인한 것은 아님,,232,KEEP,first_pass_KEEP
musinsa,232,판매수량순,3개월,6528698,더바디샵,화이트 머스크 오 드 뚜왈렛 60ML (98139),https://www.musinsa.com/products/6528698,49000,2026-09-05,data/korea_popularity/raw/musinsa_perfume_3month_sales_count_20260905.har,160,KEEP,NONE,named_perfume,"본품 향수 표현과 개별 상품명 확인; 고정 증정품 허용, 용량/농도 원문 유지",no_option_evidence,상품명에서 선택 옵션 근거 없음; 옵션 부재를 상세페이지에서 확인한 것은 아님,,233,KEEP,first_pass_KEEP
musinsa,233,판매수량순,3개월,4986131,에스더블유나인틴,SW19 8am 오 드 퍼퓸 12ml,https://www.musinsa.com/products/4986131,39000,2026-09-05,data/korea_popularity/raw/musinsa_perfume_3month_sales_count_20260905.har,160,KEEP,NONE,named_perfume,"본품 향수 표현과 개별 상품명 확인; 고정 증정품 허용, 용량/농도 원문 유지",no_option_evidence,상품명에서 선택 옵션 근거 없음; 옵션 부재를 상세페이지에서 확인한 것은 아님,,234,KEEP,first_pass_KEEP
musinsa,235,판매수량순,3개월,3915219,베르사체 퍼퓸,뿌르 옴므 EDT 50ML + 뿌르 옴 미니어처 [선물박스],https://www.musinsa.com/products/3915219,55000,2026-09-05,data/korea_popularity/raw/musinsa_perfume_3month_sales_count_20260905.har,160,KEEP,NONE,named_perfume,"본품 향수 표현과 개별 상품명 확인; 고정 증정품 허용, 용량/농도 원문 유지",no_option_evidence,상품명에서 선택 옵션 근거 없음; 옵션 부재를 상세페이지에서 확인한 것은 아님,,236,KEEP,first_pass_KEEP
musinsa,236,판매수량순,3개월,5195335,돌체앤가바나,라이트 블루 오 드 뚜왈렛 100ml (리뉴얼),https://www.musinsa.com/products/5195335,158400,2026-09-05,data/korea_popularity/raw/musinsa_perfume_3month_sales_count_20260905.har,160,KEEP,NONE,named_perfume,"본품 향수 표현과 개별 상품명 확인; 고정 증정품 허용, 용량/농도 원문 유지",no_option_evidence,상품명에서 선택 옵션 근거 없음; 옵션 부재를 상세페이지에서 확인한 것은 아님,,237,KEEP,first_pass_KEEP
musinsa,239,판매수량순,3개월,4082216,호텔도슨,미드소마 향수 오드퍼퓸 75ml 새벽공기향 (디스커버리 5종 세트 증정),https://www.musinsa.com/products/4082216,94000,2026-09-05,data/korea_popularity/raw/musinsa_perfume_3month_sales_count_20260905.har,160,KEEP,NONE,named_perfume,"본품 향수 표현과 개별 상품명 확인; 고정 증정품 허용, 용량/농도 원문 유지",no_option_evidence,상품명에서 선택 옵션 근거 없음; 옵션 부재를 상세페이지에서 확인한 것은 아님,,240,KEEP,first_pass_KEEP
musinsa,240,판매수량순,3개월,3897545,베르사체 퍼퓸,맨 오 플래쉬 EDT 50ML + 맨 오 플래쉬 미니어처 [선물박스],https://www.musinsa.com/products/3897545,60760,2026-09-05,data/korea_popularity/raw/musinsa_perfume_3month_sales_count_20260905.har,160,KEEP,NONE,named_perfume,"본품 향수 표현과 개별 상품명 확인; 고정 증정품 허용, 용량/농도 원문 유지",no_option_evidence,상품명에서 선택 옵션 근거 없음; 옵션 부재를 상세페이지에서 확인한 것은 아님,,241,KEEP,first_pass_KEEP
musinsa,241,판매수량순,3개월,3388691,에따 리브르 도랑쥬,유 오어 썸원 라이크 유 EDP 100ml,https://www.musinsa.com/products/3388691,250000,2026-09-05,data/korea_popularity/raw/musinsa_perfume_3month_sales_count_20260905.har,217,KEEP,NONE,named_perfume,"본품 향수 표현과 개별 상품명 확인; 고정 증정품 허용, 용량/농도 원문 유지",no_option_evidence,상품명에서 선택 옵션 근거 없음; 옵션 부재를 상세페이지에서 확인한 것은 아님,,242,KEEP,first_pass_KEEP
musinsa,242,판매수량순,3개월,3319812,엘리자베스아덴,그린티 넥타린 블러썸 EDT 100ml +향수 공병 증정,https://www.musinsa.com/products/3319812,28500,2026-09-05,data/korea_popularity/raw/musinsa_perfume_3month_sales_count_20260905.har,217,KEEP,NONE,named_perfume,"본품 향수 표현과 개별 상품명 확인; 고정 증정품 허용, 용량/농도 원문 유지",no_option_evidence,상품명에서 선택 옵션 근거 없음; 옵션 부재를 상세페이지에서 확인한 것은 아님,,243,KEEP,first_pass_KEEP
musinsa,244,판매수량순,3개월,1960887,존바바토스,아티산 블랙 EDT 75ML,https://www.musinsa.com/products/1960887,65400,2026-09-05,data/korea_popularity/raw/musinsa_perfume_3month_sales_count_20260905.har,217,KEEP,NONE,named_perfume,"본품 향수 표현과 개별 상품명 확인; 고정 증정품 허용, 용량/농도 원문 유지",no_option_evidence,상품명에서 선택 옵션 근거 없음; 옵션 부재를 상세페이지에서 확인한 것은 아님,,245,KEEP,first_pass_KEEP
musinsa,245,판매수량순,3개월,1910181,제니퍼로페즈,글로우 바이 제이로 EDT 50ML,https://www.musinsa.com/products/1910181,49200,2026-09-05,data/korea_popularity/raw/musinsa_perfume_3month_sales_count_20260905.har,217,KEEP,NONE,named_perfume,"본품 향수 표현과 개별 상품명 확인; 고정 증정품 허용, 용량/농도 원문 유지",no_option_evidence,상품명에서 선택 옵션 근거 없음; 옵션 부재를 상세페이지에서 확인한 것은 아님,,246,KEEP,first_pass_KEEP
musinsa,247,판매수량순,3개월,6313125,플르부아,오 드 퍼퓸 EDP 모닝소일 30mL,https://www.musinsa.com/products/6313125,30100,2026-09-05,data/korea_popularity/raw/musinsa_perfume_3month_sales_count_20260905.har,217,KEEP,NONE,named_perfume,"본품 향수 표현과 개별 상품명 확인; 고정 증정품 허용, 용량/농도 원문 유지",no_option_evidence,상품명에서 선택 옵션 근거 없음; 옵션 부재를 상세페이지에서 확인한 것은 아님,,248,KEEP,first_pass_KEEP
musinsa,248,판매수량순,3개월,6088369,클린,클래식 스트로베리 필즈 EDP 30ML,https://www.musinsa.com/products/6088369,52000,2026-09-05,data/korea_popularity/raw/musinsa_perfume_3month_sales_count_20260905.har,217,KEEP,NONE,named_perfume,"본품 향수 표현과 개별 상품명 확인; 고정 증정품 허용, 용량/농도 원문 유지",no_option_evidence,상품명에서 선택 옵션 근거 없음; 옵션 부재를 상세페이지에서 확인한 것은 아님,,249,KEEP,first_pass_KEEP
musinsa,251,판매수량순,3개월,6223292,호텔도슨,오드퍼퓸 20ml 미드소마,https://www.musinsa.com/products/6223292,38700,2026-09-05,data/korea_popularity/raw/musinsa_perfume_3month_sales_count_20260905.har,217,KEEP,NONE,named_perfume,"본품 향수 표현과 개별 상품명 확인; 고정 증정품 허용, 용량/농도 원문 유지",no_option_evidence,상품명에서 선택 옵션 근거 없음; 옵션 부재를 상세페이지에서 확인한 것은 아님,,252,KEEP,first_pass_KEEP
musinsa,255,판매수량순,3개월,5248421,존바바토스,아티산 포레스트 EDP 125ML,https://www.musinsa.com/products/5248421,118300,2026-09-05,data/korea_popularity/raw/musinsa_perfume_3month_sales_count_20260905.har,217,KEEP,NONE,named_perfume,"본품 향수 표현과 개별 상품명 확인; 고정 증정품 허용, 용량/농도 원문 유지",no_option_evidence,상품명에서 선택 옵션 근거 없음; 옵션 부재를 상세페이지에서 확인한 것은 아님,,256,KEEP,first_pass_KEEP
musinsa,256,판매수량순,3개월,4758034,마인드오버바디,[생화장미향수] 로즈온어플래닛 오드퍼퓸 향수 50ml,https://www.musinsa.com/products/4758034,57000,2026-09-05,data/korea_popularity/raw/musinsa_perfume_3month_sales_count_20260905.har,217,KEEP,NONE,named_perfume,"본품 향수 표현과 개별 상품명 확인; 고정 증정품 허용, 용량/농도 원문 유지",no_option_evidence,상품명에서 선택 옵션 근거 없음; 옵션 부재를 상세페이지에서 확인한 것은 아님,,257,KEEP,first_pass_KEEP
musinsa,257,판매수량순,3개월,3876792,클린,리저브 블렌드 스킨 EDP 50ML,https://www.musinsa.com/products/3876792,62300,2026-09-05,data/korea_popularity/raw/musinsa_perfume_3month_sales_count_20260905.har,217,KEEP,NONE,named_perfume,"본품 향수 표현과 개별 상품명 확인; 고정 증정품 허용, 용량/농도 원문 유지",no_option_evidence,상품명에서 선택 옵션 근거 없음; 옵션 부재를 상세페이지에서 확인한 것은 아님,,258,KEEP,first_pass_KEEP
musinsa,258,판매수량순,3개월,2027870,메종 마르지엘라 퍼퓸,레플리카 스프링타임 인 어 파크 EDT 100ML,https://www.musinsa.com/products/2027870,228000,2026-09-05,data/korea_popularity/raw/musinsa_perfume_3month_sales_count_20260905.har,217,KEEP,NONE,named_perfume,"본품 향수 표현과 개별 상품명 확인; 고정 증정품 허용, 용량/농도 원문 유지",no_option_evidence,상품명에서 선택 옵션 근거 없음; 옵션 부재를 상세페이지에서 확인한 것은 아님,,259,KEEP,first_pass_KEEP
musinsa,259,판매수량순,3개월,1997743,몽블랑 퍼퓸,스타워커 EDT 50ML,https://www.musinsa.com/products/1997743,90000,2026-09-05,data/korea_popularity/raw/musinsa_perfume_3month_sales_count_20260905.har,217,KEEP,NONE,named_perfume,"본품 향수 표현과 개별 상품명 확인; 고정 증정품 허용, 용량/농도 원문 유지",no_option_evidence,상품명에서 선택 옵션 근거 없음; 옵션 부재를 상세페이지에서 확인한 것은 아님,,260,KEEP,first_pass_KEEP
musinsa,260,판매수량순,3개월,1858503,로이비,오 드 퍼퓸 피오니 앤 화이트 머스크 50ml,https://www.musinsa.com/products/1858503,95200,2026-09-05,data/korea_popularity/raw/musinsa_perfume_3month_sales_count_20260905.har,217,KEEP,NONE,named_perfume,"본품 향수 표현과 개별 상품명 확인; 고정 증정품 허용, 용량/농도 원문 유지",no_option_evidence,상품명에서 선택 옵션 근거 없음; 옵션 부재를 상세페이지에서 확인한 것은 아님,,261,KEEP,first_pass_KEEP
musinsa,261,판매수량순,3개월,4299208,킨포크노츠,오 드 퍼퓸 캡틴스 바 - 30ml,https://www.musinsa.com/products/4299208,110000,2026-09-05,data/korea_popularity/raw/musinsa_perfume_3month_sales_count_20260905.har,217,KEEP,NONE,named_perfume,"본품 향수 표현과 개별 상품명 확인; 고정 증정품 허용, 용량/농도 원문 유지",no_option_evidence,상품명에서 선택 옵션 근거 없음; 옵션 부재를 상세페이지에서 확인한 것은 아님,,262,KEEP,first_pass_KEEP
musinsa,263,판매수량순,3개월,6363889,비비앙,구름 오 드 퍼퓸 EDP 10ml,https://www.musinsa.com/products/6363889,45900,2026-09-05,data/korea_popularity/raw/musinsa_perfume_3month_sales_count_20260905.har,217,KEEP,NONE,named_perfume,"본품 향수 표현과 개별 상품명 확인; 고정 증정품 허용, 용량/농도 원문 유지",no_option_evidence,상품명에서 선택 옵션 근거 없음; 옵션 부재를 상세페이지에서 확인한 것은 아님,,264,KEEP,first_pass_KEEP
musinsa,265,판매수량순,3개월,4891924,나르시소 로드리게즈,포 허 오드퍼퓸 퓨어 머스크 100ml,https://www.musinsa.com/products/4891924,161250,2026-09-05,data/korea_popularity/raw/musinsa_perfume_3month_sales_count_20260905.har,217,KEEP,NONE,named_perfume,"본품 향수 표현과 개별 상품명 확인; 고정 증정품 허용, 용량/농도 원문 유지",no_option_evidence,상품명에서 선택 옵션 근거 없음; 옵션 부재를 상세페이지에서 확인한 것은 아님,,266,KEEP,first_pass_KEEP
musinsa,267,판매수량순,3개월,4425060,비비앙,[보이넥스트도어 PICK] 에끌로에 오 드 퍼퓸 EDP 50ml,https://www.musinsa.com/products/4425060,91900,2026-09-05,data/korea_popularity/raw/musinsa_perfume_3month_sales_count_20260905.har,217,KEEP,NONE,named_perfume,"본품 향수 표현과 개별 상품명 확인; 고정 증정품 허용, 용량/농도 원문 유지",no_option_evidence,상품명에서 선택 옵션 근거 없음; 옵션 부재를 상세페이지에서 확인한 것은 아님,,268,KEEP,first_pass_KEEP
musinsa,268,판매수량순,3개월,4389950,데이모어센트,#20 밤쉘 Type (업그레이드) 엑스트레드퍼퓸/니치향수 50ml,https://www.musinsa.com/products/4389950,32900,2026-09-05,data/korea_popularity/raw/musinsa_perfume_3month_sales_count_20260905.har,217,KEEP,NONE,named_perfume,"본품 향수 표현과 개별 상품명 확인; 고정 증정품 허용, 용량/농도 원문 유지",no_option_evidence,상품명에서 선택 옵션 근거 없음; 옵션 부재를 상세페이지에서 확인한 것은 아님,,269,KEEP,first_pass_KEEP
musinsa,271,판매수량순,3개월,6085722,아디다스 향수,바이브 스무스 페이스 EDP (30ML/50ML/100ML),https://www.musinsa.com/products/6085722,22000,2026-09-05,data/korea_popularity/raw/musinsa_perfume_3month_sales_count_20260905.har,217,KEEP,SIZE,named_perfume,"본품 향수 표현과 개별 상품명 확인; 고정 증정품 허용, 용량/농도 원문 유지",size_list,동일 상품명에 단위가 명시된 용량 목록,,272,KEEP,first_pass_KEEP
musinsa,274,판매수량순,3개월,4572574,시머스,상탈 팬텀 EDP 50ml,https://www.musinsa.com/products/4572574,89700,2026-09-05,data/korea_popularity/raw/musinsa_perfume_3month_sales_count_20260905.har,217,KEEP,NONE,named_perfume,"본품 향수 표현과 개별 상품명 확인; 고정 증정품 허용, 용량/농도 원문 유지",no_option_evidence,상품명에서 선택 옵션 근거 없음; 옵션 부재를 상세페이지에서 확인한 것은 아님,,275,KEEP,first_pass_KEEP
musinsa,275,판매수량순,3개월,4090155,이세이미야케 퍼퓸,로디세이 뿌르 옴므 EDT 125ml,https://www.musinsa.com/products/4090155,110160,2026-09-05,data/korea_popularity/raw/musinsa_perfume_3month_sales_count_20260905.har,217,KEEP,NONE,named_perfume,"본품 향수 표현과 개별 상품명 확인; 고정 증정품 허용, 용량/농도 원문 유지",no_option_evidence,상품명에서 선택 옵션 근거 없음; 옵션 부재를 상세페이지에서 확인한 것은 아님,,276,KEEP,first_pass_KEEP
musinsa,276,판매수량순,3개월,2004440,랑방 퍼퓸,에끌라 드 아르페쥬 EDP 100ML(+샘플 2ML 3종),https://www.musinsa.com/products/2004440,142000,2026-09-05,data/korea_popularity/raw/musinsa_perfume_3month_sales_count_20260905.har,217,KEEP,NONE,named_perfume,"본품 향수 표현과 개별 상품명 확인; 고정 증정품 허용, 용량/농도 원문 유지",no_option_evidence,상품명에서 선택 옵션 근거 없음; 옵션 부재를 상세페이지에서 확인한 것은 아님,,277,KEEP,first_pass_KEEP
musinsa,277,판매수량순,3개월,6880773,질스튜어트 뷰티,"[LIMITED] 크리스탈 블룸 썸씽 퓨어 블루 오 드 퍼퓸 30ml + 롤 온 10ml 26,000원 상당",https://www.musinsa.com/products/6880773,60680,2026-09-05,data/korea_popularity/raw/musinsa_perfume_3month_sales_count_20260905.har,217,KEEP,NONE,named_perfume,"본품 향수 표현과 개별 상품명 확인; 고정 증정품 허용, 용량/농도 원문 유지",no_option_evidence,상품명에서 선택 옵션 근거 없음; 옵션 부재를 상세페이지에서 확인한 것은 아님,,278,KEEP,first_pass_KEEP
musinsa,278,판매수량순,3개월,5956384,엑스니힐로,러스트 인 파라다이스 오드퍼퓸 10ml,https://www.musinsa.com/products/5956384,95000,2026-09-05,data/korea_popularity/raw/musinsa_perfume_3month_sales_count_20260905.har,217,KEEP,NONE,named_perfume,"본품 향수 표현과 개별 상품명 확인; 고정 증정품 허용, 용량/농도 원문 유지",no_option_evidence,상품명에서 선택 옵션 근거 없음; 옵션 부재를 상세페이지에서 확인한 것은 아님,,279,KEEP,first_pass_KEEP
musinsa,281,판매수량순,3개월,4090144,이세이미야케 퍼퓸,로디세이 뿌르 옴므 EDT 75ml,https://www.musinsa.com/products/4090144,79920,2026-09-05,data/korea_popularity/raw/musinsa_perfume_3month_sales_count_20260905.har,217,KEEP,NONE,named_perfume,"본품 향수 표현과 개별 상품명 확인; 고정 증정품 허용, 용량/농도 원문 유지",no_option_evidence,상품명에서 선택 옵션 근거 없음; 옵션 부재를 상세페이지에서 확인한 것은 아님,,282,KEEP,first_pass_KEEP
musinsa,282,판매수량순,3개월,3385912,에따 리브르 도랑쥬,헤르만 EDP 30ml,https://www.musinsa.com/products/3385912,110000,2026-09-05,data/korea_popularity/raw/musinsa_perfume_3month_sales_count_20260905.har,217,KEEP,NONE,named_perfume,"본품 향수 표현과 개별 상품명 확인; 고정 증정품 허용, 용량/농도 원문 유지",no_option_evidence,상품명에서 선택 옵션 근거 없음; 옵션 부재를 상세페이지에서 확인한 것은 아님,,283,KEEP,first_pass_KEEP
musinsa,283,판매수량순,3개월,5250703,이세이미야케 퍼퓸,르셀디세이 오 드 퍼퓸 50ml,https://www.musinsa.com/products/5250703,86400,2026-09-05,data/korea_popularity/raw/musinsa_perfume_3month_sales_count_20260905.har,217,KEEP,NONE,named_perfume,"본품 향수 표현과 개별 상품명 확인; 고정 증정품 허용, 용량/농도 원문 유지",no_option_evidence,상품명에서 선택 옵션 근거 없음; 옵션 부재를 상세페이지에서 확인한 것은 아님,,284,KEEP,first_pass_KEEP
musinsa,284,판매수량순,3개월,3354261,베르사체 퍼퓸,브라이트 크리스탈 EDT 90ml,https://www.musinsa.com/products/3354261,95500,2026-09-05,data/korea_popularity/raw/musinsa_perfume_3month_sales_count_20260905.har,217,KEEP,NONE,named_perfume,"본품 향수 표현과 개별 상품명 확인; 고정 증정품 허용, 용량/농도 원문 유지",no_option_evidence,상품명에서 선택 옵션 근거 없음; 옵션 부재를 상세페이지에서 확인한 것은 아님,,285,KEEP,first_pass_KEEP
musinsa,285,판매수량순,3개월,3354150,베르사체 퍼퓸,레드진 EDT 75ml,https://www.musinsa.com/products/3354150,39300,2026-09-05,data/korea_popularity/raw/musinsa_perfume_3month_sales_count_20260905.har,217,KEEP,NONE,named_perfume,"본품 향수 표현과 개별 상품명 확인; 고정 증정품 허용, 용량/농도 원문 유지",no_option_evidence,상품명에서 선택 옵션 근거 없음; 옵션 부재를 상세페이지에서 확인한 것은 아님,,286,KEEP,first_pass_KEEP
musinsa,286,판매수량순,3개월,6454564,다비도프,쿨워터맨 EDT 세트 (EDT125+SG75+ASB75),https://www.musinsa.com/products/6454564,106000,2026-09-05,data/korea_popularity/raw/musinsa_perfume_3month_sales_count_20260905.har,217,KEEP,NONE,named_perfume,"본품 향수 표현과 개별 상품명 확인; 고정 증정품 허용, 용량/농도 원문 유지",no_option_evidence,상품명에서 선택 옵션 근거 없음; 옵션 부재를 상세페이지에서 확인한 것은 아님,,287,KEEP,first_pass_KEEP
musinsa,287,판매수량순,3개월,6405530,메종 마르지엘라 퍼퓸,레플리카 체이싱 선셋 EDT 30ML,https://www.musinsa.com/products/6405530,122550,2026-09-05,data/korea_popularity/raw/musinsa_perfume_3month_sales_count_20260905.har,217,KEEP,NONE,named_perfume,"본품 향수 표현과 개별 상품명 확인; 고정 증정품 허용, 용량/농도 원문 유지",no_option_evidence,상품명에서 선택 옵션 근거 없음; 옵션 부재를 상세페이지에서 확인한 것은 아님,,288,KEEP,first_pass_KEEP
musinsa,289,판매수량순,3개월,5575069,아리아나 그란데,땡큐 넥스트 2.0 EDP 30ML,https://www.musinsa.com/products/5575069,52500,2026-09-05,data/korea_popularity/raw/musinsa_perfume_3month_sales_count_20260905.har,217,KEEP,NONE,named_perfume,"본품 향수 표현과 개별 상품명 확인; 고정 증정품 허용, 용량/농도 원문 유지",no_option_evidence,상품명에서 선택 옵션 근거 없음; 옵션 부재를 상세페이지에서 확인한 것은 아님,,290,KEEP,first_pass_KEEP
musinsa,290,판매수량순,3개월,5142630,로이비,오 드 퍼퓸 베르가못 앤 화이트로즈 18ml,https://www.musinsa.com/products/5142630,39200,2026-09-05,data/korea_popularity/raw/musinsa_perfume_3month_sales_count_20260905.har,217,KEEP,NONE,named_perfume,"본품 향수 표현과 개별 상품명 확인; 고정 증정품 허용, 용량/농도 원문 유지",no_option_evidence,상품명에서 선택 옵션 근거 없음; 옵션 부재를 상세페이지에서 확인한 것은 아님,,291,KEEP,first_pass_KEEP
musinsa,291,판매수량순,3개월,4866490,에스더블유나인틴,SW19 8am 오 드 퍼퓸 50ml,https://www.musinsa.com/products/4866490,119000,2026-09-05,data/korea_popularity/raw/musinsa_perfume_3month_sales_count_20260905.har,217,KEEP,NONE,named_perfume,"본품 향수 표현과 개별 상품명 확인; 고정 증정품 허용, 용량/농도 원문 유지",no_option_evidence,상품명에서 선택 옵션 근거 없음; 옵션 부재를 상세페이지에서 확인한 것은 아님,,292,KEEP,first_pass_KEEP
musinsa,292,판매수량순,3개월,2530208,랑방 퍼퓸,레 플레르 드 랑방 써니 매그놀리아 EDT 50ML,https://www.musinsa.com/products/2530208,66000,2026-09-05,data/korea_popularity/raw/musinsa_perfume_3month_sales_count_20260905.har,217,KEEP,NONE,named_perfume,"본품 향수 표현과 개별 상품명 확인; 고정 증정품 허용, 용량/농도 원문 유지",no_option_evidence,상품명에서 선택 옵션 근거 없음; 옵션 부재를 상세페이지에서 확인한 것은 아님,,293,KEEP,first_pass_KEEP
musinsa,293,판매수량순,3개월,1937365,클린,클래식 쿨 코튼 EDP 60ML,https://www.musinsa.com/products/1937365,84000,2026-09-05,data/korea_popularity/raw/musinsa_perfume_3month_sales_count_20260905.har,217,KEEP,NONE,named_perfume,"본품 향수 표현과 개별 상품명 확인; 고정 증정품 허용, 용량/농도 원문 유지",no_option_evidence,상품명에서 선택 옵션 근거 없음; 옵션 부재를 상세페이지에서 확인한 것은 아님,,294,KEEP,first_pass_KEEP
musinsa,294,판매수량순,3개월,1910154,아리아나 그란데,스위트 라이크 캔디 EDP 30ML,https://www.musinsa.com/products/1910154,52500,2026-09-05,data/korea_popularity/raw/musinsa_perfume_3month_sales_count_20260905.har,217,KEEP,NONE,named_perfume,"본품 향수 표현과 개별 상품명 확인; 고정 증정품 허용, 용량/농도 원문 유지",no_option_evidence,상품명에서 선택 옵션 근거 없음; 옵션 부재를 상세페이지에서 확인한 것은 아님,,295,KEEP,first_pass_KEEP
musinsa,295,판매수량순,3개월,5991071,메종 마르지엘라 퍼퓸,레플리카 업 앳 던 EDT 100ML,https://www.musinsa.com/products/5991071,228000,2026-09-05,data/korea_popularity/raw/musinsa_perfume_3month_sales_count_20260905.har,217,KEEP,NONE,named_perfume,"본품 향수 표현과 개별 상품명 확인; 고정 증정품 허용, 용량/농도 원문 유지",no_option_evidence,상품명에서 선택 옵션 근거 없음; 옵션 부재를 상세페이지에서 확인한 것은 아님,,296,KEEP,first_pass_KEEP
musinsa,297,판매수량순,3개월,5240778,센녹,퍼퓸 슬리핑로즈 50ml,https://www.musinsa.com/products/5240778,82000,2026-09-05,data/korea_popularity/raw/musinsa_perfume_3month_sales_count_20260905.har,217,KEEP,NONE,named_perfume,"본품 향수 표현과 개별 상품명 확인; 고정 증정품 허용, 용량/농도 원문 유지",no_option_evidence,상품명에서 선택 옵션 근거 없음; 옵션 부재를 상세페이지에서 확인한 것은 아님,,298,KEEP,first_pass_KEEP
musinsa,300,판매수량순,3개월,6528625,더바디샵,화이트 머스크 오 드 퍼퓸 30ML (98110),https://www.musinsa.com/products/6528625,49000,2026-09-05,data/korea_popularity/raw/musinsa_perfume_3month_sales_count_20260905.har,217,KEEP,NONE,named_perfume,"본품 향수 표현과 개별 상품명 확인; 고정 증정품 허용, 용량/농도 원문 유지",no_option_evidence,상품명에서 선택 옵션 근거 없음; 옵션 부재를 상세페이지에서 확인한 것은 아님,,301,KEEP,first_pass_KEEP
musinsa,301,판매수량순,3개월,6168157,헤트라스 뷰티,핸드메이드 퍼퓸 50ml 더 리본,https://www.musinsa.com/products/6168157,64000,2026-09-05,data/korea_popularity/raw/musinsa_perfume_3month_sales_count_20260905.har,280,KEEP,NONE,named_perfume,"본품 향수 표현과 개별 상품명 확인; 고정 증정품 허용, 용량/농도 원문 유지",no_option_evidence,상품명에서 선택 옵션 근거 없음; 옵션 부재를 상세페이지에서 확인한 것은 아님,,302,KEEP,first_pass_KEEP
musinsa,302,판매수량순,3개월,5749486,닉켈하우스,퓨어 젭퍼 오드퍼퓸 50ML,https://www.musinsa.com/products/5749486,54500,2026-09-05,data/korea_popularity/raw/musinsa_perfume_3month_sales_count_20260905.har,280,KEEP,NONE,named_perfume,"본품 향수 표현과 개별 상품명 확인; 고정 증정품 허용, 용량/농도 원문 유지",no_option_evidence,상품명에서 선택 옵션 근거 없음; 옵션 부재를 상세페이지에서 확인한 것은 아님,,303,KEEP,first_pass_KEEP
musinsa,303,판매수량순,3개월,4484684,라퐁프,블랑쉬 30ml 향수,https://www.musinsa.com/products/4484684,19900,2026-09-05,data/korea_popularity/raw/musinsa_perfume_3month_sales_count_20260905.har,280,KEEP,NONE,named_perfume,"본품 향수 표현과 개별 상품명 확인; 고정 증정품 허용, 용량/농도 원문 유지",no_option_evidence,상품명에서 선택 옵션 근거 없음; 옵션 부재를 상세페이지에서 확인한 것은 아님,,304,KEEP,first_pass_KEEP
musinsa,304,판매수량순,3개월,3873817,베르사체 퍼퓸,에로스 EDT 50ML + 에로스 미니어처 [선물박스],https://www.musinsa.com/products/3873817,63840,2026-09-05,data/korea_popularity/raw/musinsa_perfume_3month_sales_count_20260905.har,280,KEEP,NONE,named_perfume,"본품 향수 표현과 개별 상품명 확인; 고정 증정품 허용, 용량/농도 원문 유지",no_option_evidence,상품명에서 선택 옵션 근거 없음; 옵션 부재를 상세페이지에서 확인한 것은 아님,,305,KEEP,first_pass_KEEP
musinsa,305,판매수량순,3개월,5877525,나르시소 로드리게즈,퓨어 머스크 블랑 포 허 오 드 퍼퓸 인텐스 30ml,https://www.musinsa.com/products/5877525,108000,2026-09-05,data/korea_popularity/raw/musinsa_perfume_3month_sales_count_20260905.har,280,KEEP,NONE,named_perfume,"본품 향수 표현과 개별 상품명 확인; 고정 증정품 허용, 용량/농도 원문 유지",no_option_evidence,상품명에서 선택 옵션 근거 없음; 옵션 부재를 상세페이지에서 확인한 것은 아님,,306,KEEP,first_pass_KEEP
musinsa,306,판매수량순,3개월,5195364,돌체앤가바나,라이트 블루 뿌르 옴므 오 드 뚜왈렛 10ml (리뉴얼),https://www.musinsa.com/products/5195364,36900,2026-09-05,data/korea_popularity/raw/musinsa_perfume_3month_sales_count_20260905.har,280,KEEP,NONE,named_perfume,"본품 향수 표현과 개별 상품명 확인; 고정 증정품 허용, 용량/농도 원문 유지",no_option_evidence,상품명에서 선택 옵션 근거 없음; 옵션 부재를 상세페이지에서 확인한 것은 아님,,307,KEEP,first_pass_KEEP
musinsa,307,판매수량순,3개월,4897432,든향,"오 드 퍼퓸 EDP, 파자마 Pajama 15ML",https://www.musinsa.com/products/4897432,57000,2026-09-05,data/korea_popularity/raw/musinsa_perfume_3month_sales_count_20260905.har,280,KEEP,NONE,named_perfume,"본품 향수 표현과 개별 상품명 확인; 고정 증정품 허용, 용량/농도 원문 유지",no_option_evidence,상품명에서 선택 옵션 근거 없음; 옵션 부재를 상세페이지에서 확인한 것은 아님,,308,KEEP,first_pass_KEEP
musinsa,308,판매수량순,3개월,4488841,라퐁프,블랙베리앤베이 30ml 향수,https://www.musinsa.com/products/4488841,19900,2026-09-05,data/korea_popularity/raw/musinsa_perfume_3month_sales_count_20260905.har,280,KEEP,NONE,named_perfume,"본품 향수 표현과 개별 상품명 확인; 고정 증정품 허용, 용량/농도 원문 유지",no_option_evidence,상품명에서 선택 옵션 근거 없음; 옵션 부재를 상세페이지에서 확인한 것은 아님,,309,KEEP,first_pass_KEEP
musinsa,309,판매수량순,3개월,4298459,킨포크노츠,오 드 퍼퓸 가든 샤워 - 30ml,https://www.musinsa.com/products/4298459,110000,2026-09-05,data/korea_popularity/raw/musinsa_perfume_3month_sales_count_20260905.har,280,KEEP,NONE,named_perfume,"본품 향수 표현과 개별 상품명 확인; 고정 증정품 허용, 용량/농도 원문 유지",no_option_evidence,상품명에서 선택 옵션 근거 없음; 옵션 부재를 상세페이지에서 확인한 것은 아님,,310,KEEP,first_pass_KEEP
musinsa,310,판매수량순,3개월,4285771,엘리자베스아덴,화이트티 EDP 100ml,https://www.musinsa.com/products/4285771,60500,2026-09-05,data/korea_popularity/raw/musinsa_perfume_3month_sales_count_20260905.har,280,KEEP,NONE,named_perfume,"본품 향수 표현과 개별 상품명 확인; 고정 증정품 허용, 용량/농도 원문 유지",no_option_evidence,상품명에서 선택 옵션 근거 없음; 옵션 부재를 상세페이지에서 확인한 것은 아님,,311,KEEP,first_pass_KEEP
musinsa,312,판매수량순,3개월,3082545,유쏘풀,히페리온 니치향수,https://www.musinsa.com/products/3082545,63000,2026-09-05,data/korea_popularity/raw/musinsa_perfume_3month_sales_count_20260905.har,280,KEEP,NONE,named_perfume,"본품 향수 표현과 개별 상품명 확인; 고정 증정품 허용, 용량/농도 원문 유지",no_option_evidence,상품명에서 선택 옵션 근거 없음; 옵션 부재를 상세페이지에서 확인한 것은 아님,,313,KEEP,first_pass_KEEP
musinsa,313,판매수량순,3개월,2027865,메종 마르지엘라 퍼퓸,레플리카 바이 더 파이어플레이스 EDT 30ML,https://www.musinsa.com/products/2027865,122550,2026-09-05,data/korea_popularity/raw/musinsa_perfume_3month_sales_count_20260905.har,280,KEEP,NONE,named_perfume,"본품 향수 표현과 개별 상품명 확인; 고정 증정품 허용, 용량/농도 원문 유지",no_option_evidence,상품명에서 선택 옵션 근거 없음; 옵션 부재를 상세페이지에서 확인한 것은 아님,,314,KEEP,first_pass_KEEP
musinsa,314,판매수량순,3개월,2004519,랑방 퍼퓸,모던 프린세스 EDP 90ML(+샘플 2ML 3종),https://www.musinsa.com/products/2004519,140000,2026-09-05,data/korea_popularity/raw/musinsa_perfume_3month_sales_count_20260905.har,280,KEEP,NONE,named_perfume,"본품 향수 표현과 개별 상품명 확인; 고정 증정품 허용, 용량/농도 원문 유지",no_option_evidence,상품명에서 선택 옵션 근거 없음; 옵션 부재를 상세페이지에서 확인한 것은 아님,,315,KEEP,first_pass_KEEP
musinsa,315,판매수량순,3개월,6807386,라피네르,[키링굿즈증정/선물포장] 키링 퍼퓸 10ml 메탈 튤립,https://www.musinsa.com/products/6807386,24000,2026-09-05,data/korea_popularity/raw/musinsa_perfume_3month_sales_count_20260905.har,280,KEEP,NONE,named_perfume,"본품 향수 표현과 개별 상품명 확인; 고정 증정품 허용, 용량/농도 원문 유지",no_option_evidence,상품명에서 선택 옵션 근거 없음; 옵션 부재를 상세페이지에서 확인한 것은 아님,,316,KEEP,first_pass_KEEP
musinsa,316,판매수량순,3개월,6321288,어레이드 오드 퍼퓸,오드 퍼퓸 오크모스 머스크 50ml,https://www.musinsa.com/products/6321288,48900,2026-09-05,data/korea_popularity/raw/musinsa_perfume_3month_sales_count_20260905.har,280,KEEP,NONE,named_perfume,"본품 향수 표현과 개별 상품명 확인; 고정 증정품 허용, 용량/농도 원문 유지",no_option_evidence,상품명에서 선택 옵션 근거 없음; 옵션 부재를 상세페이지에서 확인한 것은 아님,,317,KEEP,first_pass_KEEP
musinsa,317,판매수량순,3개월,5138616,로이비,오 드 퍼퓸 피오니 앤 화이트 머스크 18ml,https://www.musinsa.com/products/5138616,39200,2026-09-05,data/korea_popularity/raw/musinsa_perfume_3month_sales_count_20260905.har,280,KEEP,NONE,named_perfume,"본품 향수 표현과 개별 상품명 확인; 고정 증정품 허용, 용량/농도 원문 유지",no_option_evidence,상품명에서 선택 옵션 근거 없음; 옵션 부재를 상세페이지에서 확인한 것은 아님,,318,KEEP,first_pass_KEEP
musinsa,318,판매수량순,3개월,4918288,사브리나 카펜터,체리베이비 EDP 30ML,https://www.musinsa.com/products/4918288,48000,2026-09-05,data/korea_popularity/raw/musinsa_perfume_3month_sales_count_20260905.har,280,KEEP,NONE,named_perfume,"본품 향수 표현과 개별 상품명 확인; 고정 증정품 허용, 용량/농도 원문 유지",no_option_evidence,상품명에서 선택 옵션 근거 없음; 옵션 부재를 상세페이지에서 확인한 것은 아님,,319,KEEP,first_pass_KEEP
musinsa,319,판매수량순,3개월,4918110,사브리나 카펜터,스위트투스 EDP 30ML,https://www.musinsa.com/products/4918110,48000,2026-09-05,data/korea_popularity/raw/musinsa_perfume_3month_sales_count_20260905.har,280,KEEP,NONE,named_perfume,"본품 향수 표현과 개별 상품명 확인; 고정 증정품 허용, 용량/농도 원문 유지",no_option_evidence,상품명에서 선택 옵션 근거 없음; 옵션 부재를 상세페이지에서 확인한 것은 아님,,320,KEEP,first_pass_KEEP
musinsa,320,판매수량순,3개월,3836483,클린,리저브 블렌드 레인 EDP 10ML,https://www.musinsa.com/products/3836483,22400,2026-09-05,data/korea_popularity/raw/musinsa_perfume_3month_sales_count_20260905.har,280,KEEP,NONE,named_perfume,"본품 향수 표현과 개별 상품명 확인; 고정 증정품 허용, 용량/농도 원문 유지",no_option_evidence,상품명에서 선택 옵션 근거 없음; 옵션 부재를 상세페이지에서 확인한 것은 아님,,321,KEEP,first_pass_KEEP
musinsa,321,판매수량순,3개월,3356584,겐조 퍼퓸,겐조 옴므 EDT 40ml,https://www.musinsa.com/products/3356584,49900,2026-09-05,data/korea_popularity/raw/musinsa_perfume_3month_sales_count_20260905.har,280,KEEP,NONE,named_perfume,"본품 향수 표현과 개별 상품명 확인; 고정 증정품 허용, 용량/농도 원문 유지",no_option_evidence,상품명에서 선택 옵션 근거 없음; 옵션 부재를 상세페이지에서 확인한 것은 아님,,322,KEEP,first_pass_KEEP
musinsa,322,판매수량순,3개월,3332965,리베르,[코튼 향수] 오 드 퍼퓸 30ml 스팀 글로스 Steam Gloss,https://www.musinsa.com/products/3332965,57000,2026-09-05,data/korea_popularity/raw/musinsa_perfume_3month_sales_count_20260905.har,280,KEEP,NONE,named_perfume,"본품 향수 표현과 개별 상품명 확인; 고정 증정품 허용, 용량/농도 원문 유지",no_option_evidence,상품명에서 선택 옵션 근거 없음; 옵션 부재를 상세페이지에서 확인한 것은 아님,,323,KEEP,first_pass_KEEP
musinsa,323,판매수량순,3개월,2597654,클린,클래식 소프트 런드리 EDP 30ML,https://www.musinsa.com/products/2597654,52000,2026-09-05,data/korea_popularity/raw/musinsa_perfume_3month_sales_count_20260905.har,280,KEEP,NONE,named_perfume,"본품 향수 표현과 개별 상품명 확인; 고정 증정품 허용, 용량/농도 원문 유지",no_option_evidence,상품명에서 선택 옵션 근거 없음; 옵션 부재를 상세페이지에서 확인한 것은 아님,,324,KEEP,first_pass_KEEP
musinsa,324,판매수량순,3개월,2005122,지미추 퍼퓸,블러썸 EDP 40ML,https://www.musinsa.com/products/2005122,88000,2026-09-05,data/korea_popularity/raw/musinsa_perfume_3month_sales_count_20260905.har,280,KEEP,NONE,named_perfume,"본품 향수 표현과 개별 상품명 확인; 고정 증정품 허용, 용량/농도 원문 유지",no_option_evidence,상품명에서 선택 옵션 근거 없음; 옵션 부재를 상세페이지에서 확인한 것은 아님,,325,KEEP,first_pass_KEEP
musinsa,326,판매수량순,3개월,6424895,캘빈클라인 퍼퓸,씨케이원 나이트 에센스 퍼퓸 인텐스 50ML,https://www.musinsa.com/products/6424895,79000,2026-09-05,data/korea_popularity/raw/musinsa_perfume_3month_sales_count_20260905.har,280,KEEP,NONE,named_perfume,"본품 향수 표현과 개별 상품명 확인; 고정 증정품 허용, 용량/농도 원문 유지",no_option_evidence,상품명에서 선택 옵션 근거 없음; 옵션 부재를 상세페이지에서 확인한 것은 아님,,327,KEEP,first_pass_KEEP
musinsa,328,판매수량순,3개월,5008109,비비앙,[리우 PICK] 도쿄레이 오 드 퍼퓸 EDP 50ml,https://www.musinsa.com/products/5008109,91900,2026-09-05,data/korea_popularity/raw/musinsa_perfume_3month_sales_count_20260905.har,280,KEEP,NONE,named_perfume,"본품 향수 표현과 개별 상품명 확인; 고정 증정품 허용, 용량/농도 원문 유지",no_option_evidence,상품명에서 선택 옵션 근거 없음; 옵션 부재를 상세페이지에서 확인한 것은 아님,,329,KEEP,first_pass_KEEP
musinsa,330,판매수량순,3개월,3348915,러쉬,더티 30ml - 퍼퓸/향수,https://www.musinsa.com/products/3348915,70000,2026-09-05,data/korea_popularity/raw/musinsa_perfume_3month_sales_count_20260905.har,280,KEEP,NONE,named_perfume,"본품 향수 표현과 개별 상품명 확인; 고정 증정품 허용, 용량/농도 원문 유지",no_option_evidence,상품명에서 선택 옵션 근거 없음; 옵션 부재를 상세페이지에서 확인한 것은 아님,,331,KEEP,first_pass_KEEP
musinsa,332,판매수량순,3개월,5240738,센녹,퍼퓸 린넨시트러스 50ml,https://www.musinsa.com/products/5240738,76000,2026-09-05,data/korea_popularity/raw/musinsa_perfume_3month_sales_count_20260905.har,280,KEEP,NONE,named_perfume,"본품 향수 표현과 개별 상품명 확인; 고정 증정품 허용, 용량/농도 원문 유지",no_option_evidence,상품명에서 선택 옵션 근거 없음; 옵션 부재를 상세페이지에서 확인한 것은 아님,,333,KEEP,first_pass_KEEP
musinsa,333,판매수량순,3개월,5165774,디아르망,여자가 좋아하는 남자 니치향수 블루마틴,https://www.musinsa.com/products/5165774,59800,2026-09-05,data/korea_popularity/raw/musinsa_perfume_3month_sales_count_20260905.har,280,KEEP,NONE,named_perfume,"본품 향수 표현과 개별 상품명 확인; 고정 증정품 허용, 용량/농도 원문 유지",no_option_evidence,상품명에서 선택 옵션 근거 없음; 옵션 부재를 상세페이지에서 확인한 것은 아님,,334,KEEP,first_pass_KEEP
musinsa,334,판매수량순,3개월,4047678,엘리자베스아덴,그린티 코코넛브리즈 EDT 100ml,https://www.musinsa.com/products/4047678,28500,2026-09-05,data/korea_popularity/raw/musinsa_perfume_3month_sales_count_20260905.har,280,KEEP,NONE,named_perfume,"본품 향수 표현과 개별 상품명 확인; 고정 증정품 허용, 용량/농도 원문 유지",no_option_evidence,상품명에서 선택 옵션 근거 없음; 옵션 부재를 상세페이지에서 확인한 것은 아님,,335,KEEP,first_pass_KEEP
musinsa,335,판매수량순,3개월,3356158,베르사체 퍼퓸,뿌르옴므 딜런블루 EDT 100ml,https://www.musinsa.com/products/3356158,86800,2026-09-05,data/korea_popularity/raw/musinsa_perfume_3month_sales_count_20260905.har,280,KEEP,NONE,named_perfume,"본품 향수 표현과 개별 상품명 확인; 고정 증정품 허용, 용량/농도 원문 유지",no_option_evidence,상품명에서 선택 옵션 근거 없음; 옵션 부재를 상세페이지에서 확인한 것은 아님,,336,KEEP,first_pass_KEEP
musinsa,336,판매수량순,3개월,2428555,그라펜,타투 퍼퓸 원우드 롤온 11ml,https://www.musinsa.com/products/2428555,13500,2026-09-05,data/korea_popularity/raw/musinsa_perfume_3month_sales_count_20260905.har,280,KEEP,NONE,named_perfume,"본품 향수 표현과 개별 상품명 확인; 고정 증정품 허용, 용량/농도 원문 유지",no_option_evidence,상품명에서 선택 옵션 근거 없음; 옵션 부재를 상세페이지에서 확인한 것은 아님,,337,KEEP,first_pass_KEEP
musinsa,337,판매수량순,3개월,6807438,라피네르,노드아이 오리진 퍼퓸 50ML 메탈 튤립,https://www.musinsa.com/products/6807438,56000,2026-09-05,data/korea_popularity/raw/musinsa_perfume_3month_sales_count_20260905.har,280,KEEP,NONE,named_perfume,"본품 향수 표현과 개별 상품명 확인; 고정 증정품 허용, 용량/농도 원문 유지",no_option_evidence,상품명에서 선택 옵션 근거 없음; 옵션 부재를 상세페이지에서 확인한 것은 아님,,338,KEEP,first_pass_KEEP
musinsa,338,판매수량순,3개월,6515598,아디다스 향수,아디다스 바이브 스무스 페이스 EDP 100ML,https://www.musinsa.com/products/6515598,40000,2026-09-05,data/korea_popularity/raw/musinsa_perfume_3month_sales_count_20260905.har,280,KEEP,NONE,named_perfume,"본품 향수 표현과 개별 상품명 확인; 고정 증정품 허용, 용량/농도 원문 유지",no_option_evidence,상품명에서 선택 옵션 근거 없음; 옵션 부재를 상세페이지에서 확인한 것은 아님,,339,KEEP,first_pass_KEEP
musinsa,339,판매수량순,3개월,6330333,아닐로,엠버528 오 드 퍼퓸 50ml,https://www.musinsa.com/products/6330333,61200,2026-09-05,data/korea_popularity/raw/musinsa_perfume_3month_sales_count_20260905.har,280,KEEP,NONE,named_perfume,"본품 향수 표현과 개별 상품명 확인; 고정 증정품 허용, 용량/농도 원문 유지",no_option_evidence,상품명에서 선택 옵션 근거 없음; 옵션 부재를 상세페이지에서 확인한 것은 아님,,340,KEEP,first_pass_KEEP
musinsa,341,판매수량순,3개월,4484680,라퐁프,모하비고스트 30ml 향수,https://www.musinsa.com/products/4484680,19900,2026-09-05,data/korea_popularity/raw/musinsa_perfume_3month_sales_count_20260905.har,280,KEEP,NONE,named_perfume,"본품 향수 표현과 개별 상품명 확인; 고정 증정품 허용, 용량/농도 원문 유지",no_option_evidence,상품명에서 선택 옵션 근거 없음; 옵션 부재를 상세페이지에서 확인한 것은 아님,,342,KEEP,first_pass_KEEP
musinsa,342,판매수량순,3개월,4162194,누다라,시그니처 퍼퓸 틴타슈 30ML,https://www.musinsa.com/products/4162194,52000,2026-09-05,data/korea_popularity/raw/musinsa_perfume_3month_sales_count_20260905.har,280,KEEP,NONE,named_perfume,"본품 향수 표현과 개별 상품명 확인; 고정 증정품 허용, 용량/농도 원문 유지",no_option_evidence,상품명에서 선택 옵션 근거 없음; 옵션 부재를 상세페이지에서 확인한 것은 아님,,343,KEEP,first_pass_KEEP
musinsa,343,판매수량순,3개월,4090607,나르시소 로드리게즈,포 힘 블루 느와르 EDT 100ml,https://www.musinsa.com/products/4090607,106500,2026-09-05,data/korea_popularity/raw/musinsa_perfume_3month_sales_count_20260905.har,280,KEEP,NONE,named_perfume,"본품 향수 표현과 개별 상품명 확인; 고정 증정품 허용, 용량/농도 원문 유지",no_option_evidence,상품명에서 선택 옵션 근거 없음; 옵션 부재를 상세페이지에서 확인한 것은 아님,,344,KEEP,first_pass_KEEP
musinsa,344,판매수량순,3개월,3356566,겐조 퍼퓸,로 겐조 뿌르옴므 EDT 30ml,https://www.musinsa.com/products/3356566,41200,2026-09-05,data/korea_popularity/raw/musinsa_perfume_3month_sales_count_20260905.har,280,KEEP,NONE,named_perfume,"본품 향수 표현과 개별 상품명 확인; 고정 증정품 허용, 용량/농도 원문 유지",no_option_evidence,상품명에서 선택 옵션 근거 없음; 옵션 부재를 상세페이지에서 확인한 것은 아님,,345,KEEP,first_pass_KEEP
musinsa,345,판매수량순,3개월,3164712,아로,풀 문 블로썸 50ml,https://www.musinsa.com/products/3164712,65000,2026-09-05,data/korea_popularity/raw/musinsa_perfume_3month_sales_count_20260905.har,280,REVIEW,NONE,product_type_unconfirmed,용량/이름만 있고 인체용 향수 표현이 없어 로컬 상품명만으로 용도 확정 불가,no_option_evidence,상품명에서 선택 옵션 근거 없음; 옵션 부재를 상세페이지에서 확인한 것은 아님,,346,KEEP,second_pass_KEEP
musinsa,347,판매수량순,3개월,6146007,캘빈클라인 퍼퓸,씨케이원 에센스 퍼퓸 인텐스100ml,https://www.musinsa.com/products/6146007,102000,2026-09-05,data/korea_popularity/raw/musinsa_perfume_3month_sales_count_20260905.har,280,KEEP,NONE,named_perfume,"본품 향수 표현과 개별 상품명 확인; 고정 증정품 허용, 용량/농도 원문 유지",no_option_evidence,상품명에서 선택 옵션 근거 없음; 옵션 부재를 상세페이지에서 확인한 것은 아님,,348,KEEP,first_pass_KEEP
musinsa,348,판매수량순,3개월,6083354,몽블랑 퍼퓸,익스플로러 익스트림 퍼퓸 60ML,https://www.musinsa.com/products/6083354,127000,2026-09-05,data/korea_popularity/raw/musinsa_perfume_3month_sales_count_20260905.har,280,KEEP,NONE,named_perfume,"본품 향수 표현과 개별 상품명 확인; 고정 증정품 허용, 용량/농도 원문 유지",no_option_evidence,상품명에서 선택 옵션 근거 없음; 옵션 부재를 상세페이지에서 확인한 것은 아님,,349,KEEP,first_pass_KEEP
musinsa,349,판매수량순,3개월,3349076,러쉬,더티 100ml - 퍼퓸/향수,https://www.musinsa.com/products/3349076,130000,2026-09-05,data/korea_popularity/raw/musinsa_perfume_3month_sales_count_20260905.har,280,KEEP,NONE,named_perfume,"본품 향수 표현과 개별 상품명 확인; 고정 증정품 허용, 용량/농도 원문 유지",no_option_evidence,상품명에서 선택 옵션 근거 없음; 옵션 부재를 상세페이지에서 확인한 것은 아님,,350,KEEP,first_pass_KEEP
oliveyoung,3,판매순,기간 미확인,A000000221675,포맨트,[스테디셀러 특가/올영1위/박지훈 포카증정] 포맨트 시그니처 퍼퓸 코튼허그 50ml,https://www.oliveyoung.co.kr/store/goods/getGoodsDetail.do?goodsNo=A000000221675&dispCatNo=100000100050013&trackingCd=Cat100000100050013_Small&t_page=카테고리관&t_click=향수_전체__상품상세&t_number=3,"35,100원 ~",2026-09-05,data/korea_popularity/raw/oliveyoung_perfume_sales_20260905.har,0,KEEP,NONE,named_perfume,"본품 향수 표현과 개별 상품명 확인; 고정 증정품 허용, 용량/농도 원문 유지",no_option_evidence,상품명에서 선택 옵션 근거 없음; 옵션 부재를 상세페이지에서 확인한 것은 아님,,354,KEEP,first_pass_KEEP
oliveyoung,9,판매순,기간 미확인,A000000176516,랑방,랑방 에끌라 드 아르페쥬 EDP 30ml/50ml (단품/기획),https://www.oliveyoung.co.kr/store/goods/getGoodsDetail.do?goodsNo=A000000176516&dispCatNo=100000100050013&trackingCd=Cat100000100050013_Small&t_page=카테고리관&t_click=향수_전체__상품상세&t_number=9,"48,830원 ~",2026-09-05,data/korea_popularity/raw/oliveyoung_perfume_sales_20260905.har,0,REVIEW,MIXED,option_mixed,옵션 유형 혼합 또는 옵션 대응 근거 부족,size_and_package,용량 목록과 단품/기획 선택이 함께 있음,,360,KEEP,second_pass_KEEP
oliveyoung,14,판매순,기간 미확인,A000000200391,제니퍼로페즈,[단독기획] 제니퍼로페즈 글로우 바이제이로 EDT 100ml 기획(+프로미스 바디로션),https://www.oliveyoung.co.kr/store/goods/getGoodsDetail.do?goodsNo=A000000200391&dispCatNo=100000100050013&trackingCd=Cat100000100050013_Small&t_page=카테고리관&t_click=향수_전체__상품상세&t_number=14,"31,160원 ~",2026-09-05,data/korea_popularity/raw/oliveyoung_perfume_sales_20260905.har,0,KEEP,NONE,named_perfume,"본품 향수 표현과 개별 상품명 확인; 고정 증정품 허용, 용량/농도 원문 유지",no_option_evidence,상품명에서 선택 옵션 근거 없음; 옵션 부재를 상세페이지에서 확인한 것은 아님,,365,KEEP,first_pass_KEEP
oliveyoung,17,판매순,기간 미확인,A000000192645,나르시소 로드리게즈,[타잔 Pick]나르시소 로드리게즈 포 허 퓨어 머스크 EDP (30ml/50ml/100ml/기획),https://www.oliveyoung.co.kr/store/goods/getGoodsDetail.do?goodsNo=A000000192645&dispCatNo=100000100050013&trackingCd=Cat100000100050013_Small&t_page=카테고리관&t_click=향수_전체__상품상세&t_number=17,"63,480원 ~",2026-09-05,data/korea_popularity/raw/oliveyoung_perfume_sales_20260905.har,0,REVIEW,MIXED,option_mixed,옵션 유형 혼합 또는 옵션 대응 근거 부족,size_and_package,용량 목록과 단품/기획 선택이 함께 있음,,368,KEEP,second_pass_KEEP
oliveyoung,20,판매순,기간 미확인,A000000221676,포맨트,[박지훈 포카증정] 포맨트 시그니처 퍼퓸 코튼메모리 50ml 단품/기획,https://www.oliveyoung.co.kr/store/goods/getGoodsDetail.do?goodsNo=A000000221676&dispCatNo=100000100050013&trackingCd=Cat100000100050013_Small&t_page=카테고리관&t_click=향수_전체__상품상세&t_number=20,"45,570원 ~",2026-09-05,data/korea_popularity/raw/oliveyoung_perfume_sales_20260905.har,0,KEEP,PACKAGE,named_perfume,"본품 향수 표현과 개별 상품명 확인; 고정 증정품 허용, 용량/농도 원문 유지",package_choice,단품과 기획 구성 선택; 고정 증정 세트와 구별,,371,KEEP,first_pass_KEEP
oliveyoung,23,판매순,기간 미확인,A000000237353,포맨트,[박지훈 포카증정] 포맨트 시그니처 퍼퓸 코튼베이비 50ml 기획/단품,https://www.oliveyoung.co.kr/store/goods/getGoodsDetail.do?goodsNo=A000000237353&dispCatNo=100000100050013&trackingCd=Cat100000100050013_Small&t_page=카테고리관&t_click=향수_전체__상품상세&t_number=23,"45,570원 ~",2026-09-05,data/korea_popularity/raw/oliveyoung_perfume_sales_20260905.har,0,KEEP,PACKAGE,named_perfume,"본품 향수 표현과 개별 상품명 확인; 고정 증정품 허용, 용량/농도 원문 유지",package_choice,단품과 기획 구성 선택; 고정 증정 세트와 구별,,374,KEEP,first_pass_KEEP
oliveyoung,25,판매순,기간 미확인,A000000189088,몽블랑,몽블랑 익스플로러 EDP (30ml/60ml/100ml),https://www.oliveyoung.co.kr/store/goods/getGoodsDetail.do?goodsNo=A000000189088&dispCatNo=100000100050013&trackingCd=Cat100000100050013_Small&t_page=카테고리관&t_click=향수_전체__상품상세&t_number=25,"51,620원 ~",2026-09-05,data/korea_popularity/raw/oliveyoung_perfume_sales_20260905.har,0,KEEP,SIZE,named_perfume,"본품 향수 표현과 개별 상품명 확인; 고정 증정품 허용, 용량/농도 원문 유지",size_list,동일 상품명에 단위가 명시된 용량 목록,,376,KEEP,first_pass_KEEP
oliveyoung,27,판매순,기간 미확인,A000000193114,클린,[단독기획] 클린 웜코튼 EDP 30ml (+10ml 롤러볼),https://www.oliveyoung.co.kr/store/goods/getGoodsDetail.do?goodsNo=A000000193114&dispCatNo=100000100050013&trackingCd=Cat100000100050013_Small&t_page=카테고리관&t_click=향수_전체__상품상세&t_number=27,"37,910원 ~",2026-09-05,data/korea_popularity/raw/oliveyoung_perfume_sales_20260905.har,0,KEEP,NONE,named_perfume,"본품 향수 표현과 개별 상품명 확인; 고정 증정품 허용, 용량/농도 원문 유지",no_option_evidence,상품명에서 선택 옵션 근거 없음; 옵션 부재를 상세페이지에서 확인한 것은 아님,,378,KEEP,first_pass_KEEP
oliveyoung,29,판매순,기간 미확인,A000000267356,아뜰리에페이,[NEW/기획] 아뜰리에페이 퍼퓸 30ml 데이오프,https://www.oliveyoung.co.kr/store/goods/getGoodsDetail.do?goodsNo=A000000267356&dispCatNo=100000100050013&trackingCd=Cat100000100050013_Small&t_page=카테고리관&t_click=향수_전체__상품상세&t_number=29,"32,400원 ~",2026-09-05,data/korea_popularity/raw/oliveyoung_perfume_sales_20260905.har,0,KEEP,NONE,named_perfume,"본품 향수 표현과 개별 상품명 확인; 고정 증정품 허용, 용량/농도 원문 유지",no_option_evidence,상품명에서 선택 옵션 근거 없음; 옵션 부재를 상세페이지에서 확인한 것은 아님,,380,KEEP,first_pass_KEEP
oliveyoung,30,판매순,기간 미확인,A000000135301,캘빈클라인,캘빈클라인 CK 비 EDT 3종 택1 (50ml/100ml/200ml),https://www.oliveyoung.co.kr/store/goods/getGoodsDetail.do?goodsNo=A000000135301&dispCatNo=100000100050013&trackingCd=Cat100000100050013_Small&t_page=카테고리관&t_click=향수_전체__상품상세&t_number=30,"42,510원 ~",2026-09-05,data/korea_popularity/raw/oliveyoung_perfume_sales_20260905.har,0,KEEP,SIZE,named_perfume,"본품 향수 표현과 개별 상품명 확인; 고정 증정품 허용, 용량/농도 원문 유지",size_list,동일 상품명에 단위가 명시된 용량 목록,,381,KEEP,first_pass_KEEP
oliveyoung,31,판매순,기간 미확인,A000000137487,아리아나그란데,아리아나그란데 땡큐 넥스트 EDP 50ml,https://www.oliveyoung.co.kr/store/goods/getGoodsDetail.do?goodsNo=A000000137487&dispCatNo=100000100050013&trackingCd=Cat100000100050013_Small&t_page=카테고리관&t_click=향수_전체__상품상세&t_number=31,"54,910원",2026-09-05,data/korea_popularity/raw/oliveyoung_perfume_sales_20260905.har,0,KEEP,NONE,named_perfume,"본품 향수 표현과 개별 상품명 확인; 고정 증정품 허용, 용량/농도 원문 유지",no_option_evidence,상품명에서 선택 옵션 근거 없음; 옵션 부재를 상세페이지에서 확인한 것은 아님,,382,KEEP,first_pass_KEEP
oliveyoung,33,판매순,기간 미확인,A000000128148,캘빈클라인,캘빈클라인 CK One EDT 단품/기획,https://www.oliveyoung.co.kr/store/goods/getGoodsDetail.do?goodsNo=A000000128148&dispCatNo=100000100050013&trackingCd=Cat100000100050013_Small&t_page=카테고리관&t_click=향수_전체__상품상세&t_number=33,"44,440원 ~",2026-09-05,data/korea_popularity/raw/oliveyoung_perfume_sales_20260905.har,0,KEEP,PACKAGE,named_perfume,"본품 향수 표현과 개별 상품명 확인; 고정 증정품 허용, 용량/농도 원문 유지",package_choice,단품과 기획 구성 선택; 고정 증정 세트와 구별,,384,KEEP,first_pass_KEEP
oliveyoung,34,판매순,기간 미확인,A000000193149,존바바토스,존바바토스 아티산 EDT 40ml 단품/기획 중 택1,https://www.oliveyoung.co.kr/store/goods/getGoodsDetail.do?goodsNo=A000000193149&dispCatNo=100000100050013&trackingCd=Cat100000100050013_Small&t_page=카테고리관&t_click=향수_전체__상품상세&t_number=34,"31,450원 ~",2026-09-05,data/korea_popularity/raw/oliveyoung_perfume_sales_20260905.har,0,KEEP,PACKAGE,named_perfume,"본품 향수 표현과 개별 상품명 확인; 고정 증정품 허용, 용량/농도 원문 유지",package_choice,단품과 기획 구성 선택; 고정 증정 세트와 구별,,385,KEEP,first_pass_KEEP
oliveyoung,36,판매순,기간 미확인,A000000129613,클린,"클린 웜코튼 EDP 30ml,60ml 단품/기획 중 택 1",https://www.oliveyoung.co.kr/store/goods/getGoodsDetail.do?goodsNo=A000000129613&dispCatNo=100000100050013&trackingCd=Cat100000100050013_Small&t_page=카테고리관&t_click=향수_전체__상품상세&t_number=36,"37,910원 ~",2026-09-05,data/korea_popularity/raw/oliveyoung_perfume_sales_20260905.har,0,REVIEW,MIXED,option_mixed,옵션 유형 혼합 또는 옵션 대응 근거 부족,size_and_package,용량 목록과 단품/기획 선택이 함께 있음,,387,KEEP,second_pass_KEEP
oliveyoung,37,판매순,기간 미확인,A000000226000,끌로에,끌로에 로 드 퍼퓸 인텐스 EDP 30ml/50ml/50기획,https://www.oliveyoung.co.kr/store/goods/getGoodsDetail.do?goodsNo=A000000226000&dispCatNo=100000100050013&trackingCd=Cat100000100050013_Small&t_page=카테고리관&t_click=향수_전체__상품상세&t_number=37,"93,150원 ~",2026-09-05,data/korea_popularity/raw/oliveyoung_perfume_sales_20260905.har,0,REVIEW,MIXED,option_mixed,옵션 유형 혼합 또는 옵션 대응 근거 부족,snapshot_option_review,서로 다른 용량과 특정 용량의 기획 구성 선택이 함께 있음,,388,KEEP,second_pass_KEEP
oliveyoung,39,판매순,기간 미확인,A000000136754,아리아나그란데,"[단독기획] 아리아나그란데 스위트 라이크 캔디 EDP 30ml, 50ml, 100ml 중 택 1",https://www.oliveyoung.co.kr/store/goods/getGoodsDetail.do?goodsNo=A000000136754&dispCatNo=100000100050013&trackingCd=Cat100000100050013_Small&t_page=카테고리관&t_click=향수_전체__상품상세&t_number=39,"54,910원 ~",2026-09-05,data/korea_popularity/raw/oliveyoung_perfume_sales_20260905.har,0,KEEP,SIZE,named_perfume,"본품 향수 표현과 개별 상품명 확인; 고정 증정품 허용, 용량/농도 원문 유지",size_list,동일 상품명에 단위가 명시된 용량 목록,,390,KEEP,first_pass_KEEP
oliveyoung,40,판매순,기간 미확인,A000000245613,나르시소 로드리게즈,[NEW] 나르시소 로드리게즈 포 허 퓨어 머스크 블랑 EDPI (30ml/50ml/기획),https://www.oliveyoung.co.kr/store/goods/getGoodsDetail.do?goodsNo=A000000245613&dispCatNo=100000100050013&trackingCd=Cat100000100050013_Small&t_page=카테고리관&t_click=향수_전체__상품상세&t_number=40,"84,240원 ~",2026-09-05,data/korea_popularity/raw/oliveyoung_perfume_sales_20260905.har,0,REVIEW,MIXED,option_mixed,옵션 유형 혼합 또는 옵션 대응 근거 부족,size_and_package,용량 목록과 단품/기획 선택이 함께 있음,,391,KEEP,second_pass_KEEP
oliveyoung,41,판매순,기간 미확인,A000000187659,캘빈클라인,캘빈클라인 CK 올 EDT 100ml,https://www.oliveyoung.co.kr/store/goods/getGoodsDetail.do?goodsNo=A000000187659&dispCatNo=100000100050013&trackingCd=Cat100000100050013_Small&t_page=카테고리관&t_click=향수_전체__상품상세&t_number=41,"54,740원",2026-09-05,data/korea_popularity/raw/oliveyoung_perfume_sales_20260905.har,0,KEEP,NONE,named_perfume,"본품 향수 표현과 개별 상품명 확인; 고정 증정품 허용, 용량/농도 원문 유지",no_option_evidence,상품명에서 선택 옵션 근거 없음; 옵션 부재를 상세페이지에서 확인한 것은 아님,,392,KEEP,first_pass_KEEP
oliveyoung,44,판매순,기간 미확인,A000000000438,랑방,랑방 잔느 EDP 30ml,https://www.oliveyoung.co.kr/store/goods/getGoodsDetail.do?goodsNo=A000000000438&dispCatNo=100000100050013&trackingCd=Cat100000100050013_Small&t_page=카테고리관&t_click=향수_전체__상품상세&t_number=44,"50,220원",2026-09-05,data/korea_popularity/raw/oliveyoung_perfume_sales_20260905.har,0,KEEP,NONE,named_perfume,"본품 향수 표현과 개별 상품명 확인; 고정 증정품 허용, 용량/농도 원문 유지",no_option_evidence,상품명에서 선택 옵션 근거 없음; 옵션 부재를 상세페이지에서 확인한 것은 아님,,395,KEEP,first_pass_KEEP
oliveyoung,45,판매순,기간 미확인,A000000192901,포맨트,포맨트 시그니처 퍼퓸 코튼배쓰 50ml,https://www.oliveyoung.co.kr/store/goods/getGoodsDetail.do?goodsNo=A000000192901&dispCatNo=100000100050013&trackingCd=Cat100000100050013_Small&t_page=카테고리관&t_click=향수_전체__상품상세&t_number=45,"45,570원",2026-09-05,data/korea_popularity/raw/oliveyoung_perfume_sales_20260905.har,0,KEEP,NONE,named_perfume,"본품 향수 표현과 개별 상품명 확인; 고정 증정품 허용, 용량/농도 원문 유지",no_option_evidence,상품명에서 선택 옵션 근거 없음; 옵션 부재를 상세페이지에서 확인한 것은 아님,,396,KEEP,first_pass_KEEP
oliveyoung,48,판매순,기간 미확인,A000000187588,나르시소 로드리게즈,[프레쉬로즈향] 나르시소 로드리게즈 나르시소 크리스탈 EDP (30ml/50m/기획),https://www.oliveyoung.co.kr/store/goods/getGoodsDetail.do?goodsNo=A000000187588&dispCatNo=100000100050013&trackingCd=Cat100000100050013_Small&t_page=카테고리관&t_click=향수_전체__상품상세&t_number=48,"66,500원 ~",2026-09-05,data/korea_popularity/raw/oliveyoung_perfume_sales_20260905.har,0,REVIEW,MIXED,option_mixed,옵션 유형 혼합 또는 옵션 대응 근거 부족,snapshot_option_review,서로 다른 용량과 특정 용량의 기획 구성 선택이 함께 있음,,399,KEEP,second_pass_KEEP
oliveyoung,49,판매순,기간 미확인,A000000189468,필로소피,[원지안PICK] 필로소피 어메이징 그레이스 EDT 15ml/60ml/60ml기획,https://www.oliveyoung.co.kr/store/goods/getGoodsDetail.do?goodsNo=A000000189468&dispCatNo=100000100050013&trackingCd=Cat100000100050013_Small&t_page=카테고리관&t_click=향수_전체__상품상세&t_number=49,"24,420원 ~",2026-09-05,data/korea_popularity/raw/oliveyoung_perfume_sales_20260905.har,144,REVIEW,MIXED,option_mixed,옵션 유형 혼합 또는 옵션 대응 근거 부족,snapshot_option_review,서로 다른 용량과 특정 용량의 기획 구성 선택이 함께 있음,,400,KEEP,second_pass_KEEP
oliveyoung,50,판매순,기간 미확인,A000000243086,라멜린,라멜린 플로럴 퍼퓸 50ml,https://www.oliveyoung.co.kr/store/goods/getGoodsDetail.do?goodsNo=A000000243086&dispCatNo=100000100050013&trackingCd=Cat100000100050013_Small&t_page=카테고리관&t_click=향수_전체__상품상세&t_number=50,"11,900원",2026-09-05,data/korea_popularity/raw/oliveyoung_perfume_sales_20260905.har,144,KEEP,NONE,named_perfume,"본품 향수 표현과 개별 상품명 확인; 고정 증정품 허용, 용량/농도 원문 유지",no_option_evidence,상품명에서 선택 옵션 근거 없음; 옵션 부재를 상세페이지에서 확인한 것은 아님,,401,KEEP,first_pass_KEEP
oliveyoung,51,판매순,기간 미확인,A000000000439,랑방,랑방 잔느 EDP 50ml,https://www.oliveyoung.co.kr/store/goods/getGoodsDetail.do?goodsNo=A000000000439&dispCatNo=100000100050013&trackingCd=Cat100000100050013_Small&t_page=카테고리관&t_click=향수_전체__상품상세&t_number=51,"74,640원",2026-09-05,data/korea_popularity/raw/oliveyoung_perfume_sales_20260905.har,144,KEEP,NONE,named_perfume,"본품 향수 표현과 개별 상품명 확인; 고정 증정품 허용, 용량/농도 원문 유지",no_option_evidence,상품명에서 선택 옵션 근거 없음; 옵션 부재를 상세페이지에서 확인한 것은 아님,,402,KEEP,first_pass_KEEP
oliveyoung,52,판매순,기간 미확인,A000000210617,캘빈클라인,캘빈클라인 CK One 에센스 퍼퓸 인텐스 50ml/100ml/200ml 택1,https://www.oliveyoung.co.kr/store/goods/getGoodsDetail.do?goodsNo=A000000210617&dispCatNo=100000100050013&trackingCd=Cat100000100050013_Small&t_page=카테고리관&t_click=향수_전체__상품상세&t_number=52,"50,880원 ~",2026-09-05,data/korea_popularity/raw/oliveyoung_perfume_sales_20260905.har,144,KEEP,SIZE,named_perfume,"본품 향수 표현과 개별 상품명 확인; 고정 증정품 허용, 용량/농도 원문 유지",size_list,동일 상품명에 단위가 명시된 용량 목록,,403,KEEP,first_pass_KEEP
oliveyoung,54,판매순,기간 미확인,A000000213179,루아페,"[러블리한 플로럴향] 루아페 오,러브 EDP 30ml",https://www.oliveyoung.co.kr/store/goods/getGoodsDetail.do?goodsNo=A000000213179&dispCatNo=100000100050013&trackingCd=Cat100000100050013_Small&t_page=카테고리관&t_click=향수_전체__상품상세&t_number=54,"34,200원",2026-09-05,data/korea_popularity/raw/oliveyoung_perfume_sales_20260905.har,144,KEEP,NONE,named_perfume,"본품 향수 표현과 개별 상품명 확인; 고정 증정품 허용, 용량/농도 원문 유지",no_option_evidence,상품명에서 선택 옵션 근거 없음; 옵션 부재를 상세페이지에서 확인한 것은 아님,,405,KEEP,first_pass_KEEP
oliveyoung,56,판매순,기간 미확인,A000000267358,아뜰리에페이,[NEW/기획] 아뜰리에페이 퍼퓸 30ml 마이스킨벗베러,https://www.oliveyoung.co.kr/store/goods/getGoodsDetail.do?goodsNo=A000000267358&dispCatNo=100000100050013&trackingCd=Cat100000100050013_Small&t_page=카테고리관&t_click=향수_전체__상품상세&t_number=56,"32,400원 ~",2026-09-05,data/korea_popularity/raw/oliveyoung_perfume_sales_20260905.har,144,KEEP,NONE,named_perfume,"본품 향수 표현과 개별 상품명 확인; 고정 증정품 허용, 용량/농도 원문 유지",no_option_evidence,상품명에서 선택 옵션 근거 없음; 옵션 부재를 상세페이지에서 확인한 것은 아님,,407,KEEP,first_pass_KEEP
oliveyoung,59,판매순,기간 미확인,A000000256472,캘빈클라인,[NEW] 캘빈클라인 씨케이원 나이트 에센스 EDP (50ml/100ml/200ml),https://www.oliveyoung.co.kr/store/goods/getGoodsDetail.do?goodsNo=A000000256472&dispCatNo=100000100050013&trackingCd=Cat100000100050013_Small&t_page=카테고리관&t_click=향수_전체__상품상세&t_number=59,"59,410원 ~",2026-09-05,data/korea_popularity/raw/oliveyoung_perfume_sales_20260905.har,144,KEEP,SIZE,named_perfume,"본품 향수 표현과 개별 상품명 확인; 고정 증정품 허용, 용량/농도 원문 유지",size_list,동일 상품명에 단위가 명시된 용량 목록,,410,KEEP,first_pass_KEEP
oliveyoung,60,판매순,기간 미확인,A000000216068,랑방,랑방 레 플레르 드 랑방 워터 릴리 EDT 90ml,https://www.oliveyoung.co.kr/store/goods/getGoodsDetail.do?goodsNo=A000000216068&dispCatNo=100000100050013&trackingCd=Cat100000100050013_Small&t_page=카테고리관&t_click=향수_전체__상품상세&t_number=60,"69,750원",2026-09-05,data/korea_popularity/raw/oliveyoung_perfume_sales_20260905.har,144,KEEP,NONE,named_perfume,"본품 향수 표현과 개별 상품명 확인; 고정 증정품 허용, 용량/농도 원문 유지",no_option_evidence,상품명에서 선택 옵션 근거 없음; 옵션 부재를 상세페이지에서 확인한 것은 아님,,411,KEEP,first_pass_KEEP
oliveyoung,61,판매순,기간 미확인,A000000163257,랑방,랑방 레 플레르 드 랑방 써니 매그놀리아 EDT 50ml,https://www.oliveyoung.co.kr/store/goods/getGoodsDetail.do?goodsNo=A000000163257&dispCatNo=100000100050013&trackingCd=Cat100000100050013_Small&t_page=카테고리관&t_click=향수_전체__상품상세&t_number=61,"46,040원",2026-09-05,data/korea_popularity/raw/oliveyoung_perfume_sales_20260905.har,144,KEEP,NONE,named_perfume,"본품 향수 표현과 개별 상품명 확인; 고정 증정품 허용, 용량/농도 원문 유지",no_option_evidence,상품명에서 선택 옵션 근거 없음; 옵션 부재를 상세페이지에서 확인한 것은 아님,,412,KEEP,first_pass_KEEP
oliveyoung,62,판매순,기간 미확인,A000000183800,랑방,랑방 레 플레르 드 랑방 워터 릴리 EDT 50ml,https://www.oliveyoung.co.kr/store/goods/getGoodsDetail.do?goodsNo=A000000183800&dispCatNo=100000100050013&trackingCd=Cat100000100050013_Small&t_page=카테고리관&t_click=향수_전체__상품상세&t_number=62,"43,950원",2026-09-05,data/korea_popularity/raw/oliveyoung_perfume_sales_20260905.har,144,KEEP,NONE,named_perfume,"본품 향수 표현과 개별 상품명 확인; 고정 증정품 허용, 용량/농도 원문 유지",no_option_evidence,상품명에서 선택 옵션 근거 없음; 옵션 부재를 상세페이지에서 확인한 것은 아님,,413,KEEP,first_pass_KEEP
oliveyoung,63,판매순,기간 미확인,A000000267359,아뜰리에페이,[NEW] 아뜰리에페이 퍼퓸 30ml 뮤게가든,https://www.oliveyoung.co.kr/store/goods/getGoodsDetail.do?goodsNo=A000000267359&dispCatNo=100000100050013&trackingCd=Cat100000100050013_Small&t_page=카테고리관&t_click=향수_전체__상품상세&t_number=63,"30,600원",2026-09-05,data/korea_popularity/raw/oliveyoung_perfume_sales_20260905.har,144,KEEP,NONE,named_perfume,"본품 향수 표현과 개별 상품명 확인; 고정 증정품 허용, 용량/농도 원문 유지",no_option_evidence,상품명에서 선택 옵션 근거 없음; 옵션 부재를 상세페이지에서 확인한 것은 아님,,414,KEEP,first_pass_KEEP
oliveyoung,67,판매순,기간 미확인,A000000176514,지미추,지미추 아이 원 추 EDP (40m/60ml),https://www.oliveyoung.co.kr/store/goods/getGoodsDetail.do?goodsNo=A000000176514&dispCatNo=100000100050013&trackingCd=Cat100000100050013_Small&t_page=카테고리관&t_click=향수_전체__상품상세&t_number=67,"68,360원 ~",2026-09-05,data/korea_popularity/raw/oliveyoung_perfume_sales_20260905.har,144,REVIEW,UNKNOWN,option_unknown,옵션 유형 혼합 또는 옵션 대응 근거 부족,unresolved_slash,슬래시 목록의 의미를 안전하게 확정하지 못함,,418,KEEP,second_pass_KEEP
oliveyoung,68,판매순,기간 미확인,A000000000445,랑방,랑방 에끌라 드 아르페쥬 EDP 50ml (단품/기획),https://www.oliveyoung.co.kr/store/goods/getGoodsDetail.do?goodsNo=A000000000445&dispCatNo=100000100050013&trackingCd=Cat100000100050013_Small&t_page=카테고리관&t_click=향수_전체__상품상세&t_number=68,"71,150원 ~",2026-09-05,data/korea_popularity/raw/oliveyoung_perfume_sales_20260905.har,144,KEEP,PACKAGE,named_perfume,"본품 향수 표현과 개별 상품명 확인; 고정 증정품 허용, 용량/농도 원문 유지",package_choice,단품과 기획 구성 선택; 고정 증정 세트와 구별,,419,KEEP,first_pass_KEEP
oliveyoung,70,판매순,기간 미확인,A000000006791,존바바토스,존바바토스 아티산 블랙 EDT 125ml,https://www.oliveyoung.co.kr/store/goods/getGoodsDetail.do?goodsNo=A000000006791&dispCatNo=100000100050013&trackingCd=Cat100000100050013_Small&t_page=카테고리관&t_click=향수_전체__상품상세&t_number=70,"66,410원",2026-09-05,data/korea_popularity/raw/oliveyoung_perfume_sales_20260905.har,144,KEEP,NONE,named_perfume,"본품 향수 표현과 개별 상품명 확인; 고정 증정품 허용, 용량/농도 원문 유지",no_option_evidence,상품명에서 선택 옵션 근거 없음; 옵션 부재를 상세페이지에서 확인한 것은 아님,,421,KEEP,first_pass_KEEP
oliveyoung,71,판매순,기간 미확인,A000000002290,몽블랑,몽블랑 레전드 EDT 30ml/50ml 중 택1,https://www.oliveyoung.co.kr/store/goods/getGoodsDetail.do?goodsNo=A000000002290&dispCatNo=100000100050013&trackingCd=Cat100000100050013_Small&t_page=카테고리관&t_click=향수_전체__상품상세&t_number=71,"70,450원 ~",2026-09-05,data/korea_popularity/raw/oliveyoung_perfume_sales_20260905.har,144,KEEP,SIZE,named_perfume,"본품 향수 표현과 개별 상품명 확인; 고정 증정품 허용, 용량/농도 원문 유지",size_list,동일 상품명에 단위가 명시된 용량 목록,,422,KEEP,first_pass_KEEP
oliveyoung,72,판매순,기간 미확인,A000000002291,지미추,지미추 EDT 40ml,https://www.oliveyoung.co.kr/store/goods/getGoodsDetail.do?goodsNo=A000000002291&dispCatNo=100000100050013&trackingCd=Cat100000100050013_Small&t_page=카테고리관&t_click=향수_전체__상품상세&t_number=72,"57,900원 ~",2026-09-05,data/korea_popularity/raw/oliveyoung_perfume_sales_20260905.har,144,KEEP,NONE,named_perfume,"본품 향수 표현과 개별 상품명 확인; 고정 증정품 허용, 용량/농도 원문 유지",no_option_evidence,상품명에서 선택 옵션 근거 없음; 옵션 부재를 상세페이지에서 확인한 것은 아님,,423,KEEP,first_pass_KEEP
oliveyoung,76,판매순,기간 미확인,A000000104639,제니퍼로페즈,제니퍼로페즈 글로우 바이제이로 EDT 30ml,https://www.oliveyoung.co.kr/store/goods/getGoodsDetail.do?goodsNo=A000000104639&dispCatNo=100000100050013&trackingCd=Cat100000100050013_Small&t_page=카테고리관&t_click=향수_전체__상품상세&t_number=76,"31,160원",2026-09-05,data/korea_popularity/raw/oliveyoung_perfume_sales_20260905.har,144,KEEP,NONE,named_perfume,"본품 향수 표현과 개별 상품명 확인; 고정 증정품 허용, 용량/농도 원문 유지",no_option_evidence,상품명에서 선택 옵션 근거 없음; 옵션 부재를 상세페이지에서 확인한 것은 아님,,427,KEEP,first_pass_KEEP
oliveyoung,78,판매순,기간 미확인,A000000263672,로라메르시에,[NEW] 로라메르시에 오 드 퍼퓸 50ml 앰버바닐라,https://www.oliveyoung.co.kr/store/goods/getGoodsDetail.do?goodsNo=A000000263672&dispCatNo=100000100050013&trackingCd=Cat100000100050013_Small&t_page=카테고리관&t_click=향수_전체__상품상세&t_number=78,"152,610원",2026-09-05,data/korea_popularity/raw/oliveyoung_perfume_sales_20260905.har,144,KEEP,NONE,named_perfume,"본품 향수 표현과 개별 상품명 확인; 고정 증정품 허용, 용량/농도 원문 유지",no_option_evidence,상품명에서 선택 옵션 근거 없음; 옵션 부재를 상세페이지에서 확인한 것은 아님,,429,KEEP,first_pass_KEEP
oliveyoung,79,판매순,기간 미확인,A000000203084,끌로에,끌로에 루미네즈 EDP (30ml/50ml),https://www.oliveyoung.co.kr/store/goods/getGoodsDetail.do?goodsNo=A000000203084&dispCatNo=100000100050013&trackingCd=Cat100000100050013_Small&t_page=카테고리관&t_click=향수_전체__상품상세&t_number=79,"125,580원 ~",2026-09-05,data/korea_popularity/raw/oliveyoung_perfume_sales_20260905.har,144,KEEP,SIZE,named_perfume,"본품 향수 표현과 개별 상품명 확인; 고정 증정품 허용, 용량/농도 원문 유지",size_list,동일 상품명에 단위가 명시된 용량 목록,,430,KEEP,first_pass_KEEP
oliveyoung,80,판매순,기간 미확인,A000000176261,지미추,지미추 아이 원 추 포에버 EDP 60ml,https://www.oliveyoung.co.kr/store/goods/getGoodsDetail.do?goodsNo=A000000176261&dispCatNo=100000100050013&trackingCd=Cat100000100050013_Small&t_page=카테고리관&t_click=향수_전체__상품상세&t_number=80,"96,960원",2026-09-05,data/korea_popularity/raw/oliveyoung_perfume_sales_20260905.har,144,KEEP,NONE,named_perfume,"본품 향수 표현과 개별 상품명 확인; 고정 증정품 허용, 용량/농도 원문 유지",no_option_evidence,상품명에서 선택 옵션 근거 없음; 옵션 부재를 상세페이지에서 확인한 것은 아님,,431,KEEP,first_pass_KEEP
oliveyoung,81,판매순,기간 미확인,A000000002292,지미추,지미추 EDT 60ml,https://www.oliveyoung.co.kr/store/goods/getGoodsDetail.do?goodsNo=A000000002292&dispCatNo=100000100050013&trackingCd=Cat100000100050013_Small&t_page=카테고리관&t_click=향수_전체__상품상세&t_number=81,"83,010원",2026-09-05,data/korea_popularity/raw/oliveyoung_perfume_sales_20260905.har,144,KEEP,NONE,named_perfume,"본품 향수 표현과 개별 상품명 확인; 고정 증정품 허용, 용량/농도 원문 유지",no_option_evidence,상품명에서 선택 옵션 근거 없음; 옵션 부재를 상세페이지에서 확인한 것은 아님,,432,KEEP,first_pass_KEEP
oliveyoung,82,판매순,기간 미확인,A000000210366,지미추,지미추 아이원추 르 파팡 퍼퓸 (40ml / 60ml),https://www.oliveyoung.co.kr/store/goods/getGoodsDetail.do?goodsNo=A000000210366&dispCatNo=100000100050013&trackingCd=Cat100000100050013_Small&t_page=카테고리관&t_click=향수_전체__상품상세&t_number=82,"78,820원 ~",2026-09-05,data/korea_popularity/raw/oliveyoung_perfume_sales_20260905.har,144,KEEP,SIZE,named_perfume,"본품 향수 표현과 개별 상품명 확인; 고정 증정품 허용, 용량/농도 원문 유지",size_list,동일 상품명에 단위가 명시된 용량 목록,,433,KEEP,first_pass_KEEP
oliveyoung,83,판매순,기간 미확인,A000000148148,버버리,버버리 위크엔드 우먼 EDP 50ml/100ml,https://www.oliveyoung.co.kr/store/goods/getGoodsDetail.do?goodsNo=A000000148148&dispCatNo=100000100050013&trackingCd=Cat100000100050013_Small&t_page=카테고리관&t_click=향수_전체__상품상세&t_number=83,"61,200원 ~",2026-09-05,data/korea_popularity/raw/oliveyoung_perfume_sales_20260905.har,144,KEEP,SIZE,named_perfume,"본품 향수 표현과 개별 상품명 확인; 고정 증정품 허용, 용량/농도 원문 유지",size_list,동일 상품명에 단위가 명시된 용량 목록,,434,KEEP,first_pass_KEEP
oliveyoung,85,판매순,기간 미확인,A000000192711,버버리,버버리 포맨 EDT 50ml,https://www.oliveyoung.co.kr/store/goods/getGoodsDetail.do?goodsNo=A000000192711&dispCatNo=100000100050013&trackingCd=Cat100000100050013_Small&t_page=카테고리관&t_click=향수_전체__상품상세&t_number=85,"50,130원",2026-09-05,data/korea_popularity/raw/oliveyoung_perfume_sales_20260905.har,144,KEEP,NONE,named_perfume,"본품 향수 표현과 개별 상품명 확인; 고정 증정품 허용, 용량/농도 원문 유지",no_option_evidence,상품명에서 선택 옵션 근거 없음; 옵션 부재를 상세페이지에서 확인한 것은 아님,,436,KEEP,first_pass_KEEP
oliveyoung,86,판매순,기간 미확인,A000000261590,끌로에,[NEW] 끌로에 르 퍼퓸 EDP 30ml/50ml,https://www.oliveyoung.co.kr/store/goods/getGoodsDetail.do?goodsNo=A000000261590&dispCatNo=100000100050013&trackingCd=Cat100000100050013_Small&t_page=카테고리관&t_click=향수_전체__상품상세&t_number=86,"105,840원 ~",2026-09-05,data/korea_popularity/raw/oliveyoung_perfume_sales_20260905.har,144,KEEP,SIZE,named_perfume,"본품 향수 표현과 개별 상품명 확인; 고정 증정품 허용, 용량/농도 원문 유지",size_list,동일 상품명에 단위가 명시된 용량 목록,,437,KEEP,first_pass_KEEP
oliveyoung,87,판매순,기간 미확인,A000000000432,랑방,랑방 메리미 EDP 50ml,https://www.oliveyoung.co.kr/store/goods/getGoodsDetail.do?goodsNo=A000000000432&dispCatNo=100000100050013&trackingCd=Cat100000100050013_Small&t_page=카테고리관&t_click=향수_전체__상품상세&t_number=87,"78,820원",2026-09-05,data/korea_popularity/raw/oliveyoung_perfume_sales_20260905.har,144,KEEP,NONE,named_perfume,"본품 향수 표현과 개별 상품명 확인; 고정 증정품 허용, 용량/농도 원문 유지",no_option_evidence,상품명에서 선택 옵션 근거 없음; 옵션 부재를 상세페이지에서 확인한 것은 아님,,438,KEEP,first_pass_KEEP
oliveyoung,88,판매순,기간 미확인,A000000146004,겐조,플라워바이겐조 EDP 50ml,https://www.oliveyoung.co.kr/store/goods/getGoodsDetail.do?goodsNo=A000000146004&dispCatNo=100000100050013&trackingCd=Cat100000100050013_Small&t_page=카테고리관&t_click=향수_전체__상품상세&t_number=88,"75,340원",2026-09-05,data/korea_popularity/raw/oliveyoung_perfume_sales_20260905.har,144,KEEP,NONE,named_perfume,"본품 향수 표현과 개별 상품명 확인; 고정 증정품 허용, 용량/농도 원문 유지",no_option_evidence,상품명에서 선택 옵션 근거 없음; 옵션 부재를 상세페이지에서 확인한 것은 아님,,439,KEEP,first_pass_KEEP
oliveyoung,89,판매순,기간 미확인,A000000199959,버버리,버버리 터치 포 맨 EDT 50ml/100ml,https://www.oliveyoung.co.kr/store/goods/getGoodsDetail.do?goodsNo=A000000199959&dispCatNo=100000100050013&trackingCd=Cat100000100050013_Small&t_page=카테고리관&t_click=향수_전체__상품상세&t_number=89,"58,590원 ~",2026-09-05,data/korea_popularity/raw/oliveyoung_perfume_sales_20260905.har,144,KEEP,SIZE,named_perfume,"본품 향수 표현과 개별 상품명 확인; 고정 증정품 허용, 용량/농도 원문 유지",size_list,동일 상품명에 단위가 명시된 용량 목록,,440,KEEP,first_pass_KEEP
oliveyoung,90,판매순,기간 미확인,A000000013262,존바바토스,존바바토스 아티산 블루 EDT 125ml,https://www.oliveyoung.co.kr/store/goods/getGoodsDetail.do?goodsNo=A000000013262&dispCatNo=100000100050013&trackingCd=Cat100000100050013_Small&t_page=카테고리관&t_click=향수_전체__상품상세&t_number=90,"66,410원",2026-09-05,data/korea_popularity/raw/oliveyoung_perfume_sales_20260905.har,144,KEEP,NONE,named_perfume,"본품 향수 표현과 개별 상품명 확인; 고정 증정품 허용, 용량/농도 원문 유지",no_option_evidence,상품명에서 선택 옵션 근거 없음; 옵션 부재를 상세페이지에서 확인한 것은 아님,,441,KEEP,first_pass_KEEP
oliveyoung,91,판매순,기간 미확인,A000000163258,랑방,랑방 레 플레르 드 랑방 써니 매그놀리아 EDT 90ml,https://www.oliveyoung.co.kr/store/goods/getGoodsDetail.do?goodsNo=A000000163258&dispCatNo=100000100050013&trackingCd=Cat100000100050013_Small&t_page=카테고리관&t_click=향수_전체__상품상세&t_number=91,"66,270원",2026-09-05,data/korea_popularity/raw/oliveyoung_perfume_sales_20260905.har,144,KEEP,NONE,named_perfume,"본품 향수 표현과 개별 상품명 확인; 고정 증정품 허용, 용량/농도 원문 유지",no_option_evidence,상품명에서 선택 옵션 근거 없음; 옵션 부재를 상세페이지에서 확인한 것은 아님,,442,KEEP,first_pass_KEEP
oliveyoung,92,판매순,기간 미확인,A000000157634,캘빈클라인,캘빈클라인 CK 디파이 EDT 30ml/50ml 택1,https://www.oliveyoung.co.kr/store/goods/getGoodsDetail.do?goodsNo=A000000157634&dispCatNo=100000100050013&trackingCd=Cat100000100050013_Small&t_page=카테고리관&t_click=향수_전체__상품상세&t_number=92,"48,950원 ~",2026-09-05,data/korea_popularity/raw/oliveyoung_perfume_sales_20260905.har,144,KEEP,SIZE,named_perfume,"본품 향수 표현과 개별 상품명 확인; 고정 증정품 허용, 용량/농도 원문 유지",size_list,동일 상품명에 단위가 명시된 용량 목록,,443,KEEP,first_pass_KEEP
oliveyoung,93,판매순,기간 미확인,A000000142176,랄프로렌,"랄프로렌 폴로 랄프 EDT 30ml,50ml 단품/기획 중 택 1",https://www.oliveyoung.co.kr/store/goods/getGoodsDetail.do?goodsNo=A000000142176&dispCatNo=100000100050013&trackingCd=Cat100000100050013_Small&t_page=카테고리관&t_click=향수_전체__상품상세&t_number=93,"72,200원 ~",2026-09-05,data/korea_popularity/raw/oliveyoung_perfume_sales_20260905.har,144,REVIEW,MIXED,option_mixed,옵션 유형 혼합 또는 옵션 대응 근거 부족,size_and_package,용량 목록과 단품/기획 선택이 함께 있음,,444,KEEP,second_pass_KEEP
oliveyoung,95,판매순,기간 미확인,A000000211434,사브리나카펜터,[단독기획] 사브리나카펜터 스위트 투스 EDP 30ml/75ml,https://www.oliveyoung.co.kr/store/goods/getGoodsDetail.do?goodsNo=A000000211434&dispCatNo=100000100050013&trackingCd=Cat100000100050013_Small&t_page=카테고리관&t_click=향수_전체__상품상세&t_number=95,"56,530원 ~",2026-09-05,data/korea_popularity/raw/oliveyoung_perfume_sales_20260905.har,144,KEEP,SIZE,named_perfume,"본품 향수 표현과 개별 상품명 확인; 고정 증정품 허용, 용량/농도 원문 유지",size_list,동일 상품명에 단위가 명시된 용량 목록,,446,KEEP,first_pass_KEEP
oliveyoung,96,판매순,기간 미확인,A000000197779,포맨트,[리뉴얼출시]포맨트 시그니처 퍼퓸 코튼브리즈 50ml,https://www.oliveyoung.co.kr/store/goods/getGoodsDetail.do?goodsNo=A000000197779&dispCatNo=100000100050013&trackingCd=Cat100000100050013_Small&t_page=카테고리관&t_click=향수_전체__상품상세&t_number=96,"45,570원",2026-09-05,data/korea_popularity/raw/oliveyoung_perfume_sales_20260905.har,144,KEEP,NONE,named_perfume,"본품 향수 표현과 개별 상품명 확인; 고정 증정품 허용, 용량/농도 원문 유지",no_option_evidence,상품명에서 선택 옵션 근거 없음; 옵션 부재를 상세페이지에서 확인한 것은 아님,,447,KEEP,first_pass_KEEP
oliveyoung,97,판매순,기간 미확인,A000000210218,든향,[보라색 베이비 로션향] 든향 EDP 15ml 파자마,https://www.oliveyoung.co.kr/store/goods/getGoodsDetail.do?goodsNo=A000000210218&dispCatNo=100000100050013&trackingCd=Cat100000100050013_Small&t_page=카테고리관&t_click=향수_전체__상품상세&t_number=97,"37,800원",2026-09-05,data/korea_popularity/raw/oliveyoung_perfume_sales_20260905.har,288,KEEP,NONE,named_perfume,"본품 향수 표현과 개별 상품명 확인; 고정 증정품 허용, 용량/농도 원문 유지",no_option_evidence,상품명에서 선택 옵션 근거 없음; 옵션 부재를 상세페이지에서 확인한 것은 아님,,448,KEEP,first_pass_KEEP
oliveyoung,98,판매순,기간 미확인,A000000248069,에틀리에,[엔믹스지우PICK] 에틀리에 오 드 퍼퓸 스킨센트 30ml/10ml,https://www.oliveyoung.co.kr/store/goods/getGoodsDetail.do?goodsNo=A000000248069&dispCatNo=100000100050013&trackingCd=Cat100000100050013_Small&t_page=카테고리관&t_click=향수_전체__상품상세&t_number=98,"15,940원 ~",2026-09-05,data/korea_popularity/raw/oliveyoung_perfume_sales_20260905.har,288,KEEP,SIZE,named_perfume,"본품 향수 표현과 개별 상품명 확인; 고정 증정품 허용, 용량/농도 원문 유지",size_list,동일 상품명에 단위가 명시된 용량 목록,,449,KEEP,first_pass_KEEP
oliveyoung,99,판매순,기간 미확인,A000000229852,아디다스(뷰티),[김재원PICK] 아디다스 스파크업 EDP (30ml기획/50ml/100ml),https://www.oliveyoung.co.kr/store/goods/getGoodsDetail.do?goodsNo=A000000229852&dispCatNo=100000100050013&trackingCd=Cat100000100050013_Small&t_page=카테고리관&t_click=향수_전체__상품상세&t_number=99,"27,360원 ~",2026-09-05,data/korea_popularity/raw/oliveyoung_perfume_sales_20260905.har,288,REVIEW,MIXED,option_mixed,옵션 유형 혼합 또는 옵션 대응 근거 부족,snapshot_option_review,서로 다른 용량과 특정 용량의 기획 구성 선택이 함께 있음,,450,KEEP,second_pass_KEEP
oliveyoung,102,판매순,기간 미확인,A000000243088,라멜린,[청량한향] 라멜린 오션 퍼퓸 50ml,https://www.oliveyoung.co.kr/store/goods/getGoodsDetail.do?goodsNo=A000000243088&dispCatNo=100000100050013&trackingCd=Cat100000100050013_Small&t_page=카테고리관&t_click=향수_전체__상품상세&t_number=102,"11,900원",2026-09-05,data/korea_popularity/raw/oliveyoung_perfume_sales_20260905.har,288,KEEP,NONE,named_perfume,"본품 향수 표현과 개별 상품명 확인; 고정 증정품 허용, 용량/농도 원문 유지",no_option_evidence,상품명에서 선택 옵션 근거 없음; 옵션 부재를 상세페이지에서 확인한 것은 아님,,453,KEEP,first_pass_KEEP
oliveyoung,103,판매순,기간 미확인,A000000163445,그라펜,[무화과/우디]그라펜 타투 퍼퓸 원우드 롤온 11ml,https://www.oliveyoung.co.kr/store/goods/getGoodsDetail.do?goodsNo=A000000163445&dispCatNo=100000100050013&trackingCd=Cat100000100050013_Small&t_page=카테고리관&t_click=향수_전체__상품상세&t_number=103,"8,160원",2026-09-05,data/korea_popularity/raw/oliveyoung_perfume_sales_20260905.har,288,KEEP,NONE,named_perfume,"본품 향수 표현과 개별 상품명 확인; 고정 증정품 허용, 용량/농도 원문 유지",no_option_evidence,상품명에서 선택 옵션 근거 없음; 옵션 부재를 상세페이지에서 확인한 것은 아님,,454,KEEP,first_pass_KEEP
oliveyoung,104,판매순,기간 미확인,A000000210408,이세이미야케,이세이미야케 르 셀 디세이 EDT (50ml/100ml/기획),https://www.oliveyoung.co.kr/store/goods/getGoodsDetail.do?goodsNo=A000000210408&dispCatNo=100000100050013&trackingCd=Cat100000100050013_Small&t_page=카테고리관&t_click=향수_전체__상품상세&t_number=104,"68,550원 ~",2026-09-05,data/korea_popularity/raw/oliveyoung_perfume_sales_20260905.har,288,REVIEW,MIXED,option_mixed,옵션 유형 혼합 또는 옵션 대응 근거 부족,size_and_package,용량 목록과 단품/기획 선택이 함께 있음,,455,KEEP,second_pass_KEEP
oliveyoung,105,판매순,기간 미확인,A000000238176,캘빈클라인,CK 캘빈클라인 One EDT 어워즈 한정기획 (200ml),https://www.oliveyoung.co.kr/store/goods/getGoodsDetail.do?goodsNo=A000000238176&dispCatNo=100000100050013&trackingCd=Cat100000100050013_Small&t_page=카테고리관&t_click=향수_전체__상품상세&t_number=105,"79,860원",2026-09-05,data/korea_popularity/raw/oliveyoung_perfume_sales_20260905.har,288,KEEP,NONE,named_perfume,"본품 향수 표현과 개별 상품명 확인; 고정 증정품 허용, 용량/농도 원문 유지",no_option_evidence,상품명에서 선택 옵션 근거 없음; 옵션 부재를 상세페이지에서 확인한 것은 아님,,456,KEEP,first_pass_KEEP
oliveyoung,107,판매순,기간 미확인,A000000012156,지미추,지미추 블러썸 EDP (40ml/60ml),https://www.oliveyoung.co.kr/store/goods/getGoodsDetail.do?goodsNo=A000000012156&dispCatNo=100000100050013&trackingCd=Cat100000100050013_Small&t_page=카테고리관&t_click=향수_전체__상품상세&t_number=107,"61,380원 ~",2026-09-05,data/korea_popularity/raw/oliveyoung_perfume_sales_20260905.har,288,KEEP,SIZE,named_perfume,"본품 향수 표현과 개별 상품명 확인; 고정 증정품 허용, 용량/농도 원문 유지",size_list,동일 상품명에 단위가 명시된 용량 목록,,458,KEEP,first_pass_KEEP
oliveyoung,108,판매순,기간 미확인,A000000147508,지미추,지미추 아이 원 추 EDP 40ml,https://www.oliveyoung.co.kr/store/goods/getGoodsDetail.do?goodsNo=A000000147508&dispCatNo=100000100050013&trackingCd=Cat100000100050013_Small&t_page=카테고리관&t_click=향수_전체__상품상세&t_number=108,"68,360원",2026-09-05,data/korea_popularity/raw/oliveyoung_perfume_sales_20260905.har,288,KEEP,NONE,named_perfume,"본품 향수 표현과 개별 상품명 확인; 고정 증정품 허용, 용량/농도 원문 유지",no_option_evidence,상품명에서 선택 옵션 근거 없음; 옵션 부재를 상세페이지에서 확인한 것은 아님,,459,KEEP,first_pass_KEEP
oliveyoung,109,판매순,기간 미확인,A000000229424,돌체앤가바나,[NEW/리뉴얼] 돌체앤가바나 라이트블루 EDT 30ml,https://www.oliveyoung.co.kr/store/goods/getGoodsDetail.do?goodsNo=A000000229424&dispCatNo=100000100050013&trackingCd=Cat100000100050013_Small&t_page=카테고리관&t_click=향수_전체__상품상세&t_number=109,"67,200원",2026-09-05,data/korea_popularity/raw/oliveyoung_perfume_sales_20260905.har,288,KEEP,NONE,named_perfume,"본품 향수 표현과 개별 상품명 확인; 고정 증정품 허용, 용량/농도 원문 유지",no_option_evidence,상품명에서 선택 옵션 근거 없음; 옵션 부재를 상세페이지에서 확인한 것은 아님,,460,KEEP,first_pass_KEEP
oliveyoung,110,판매순,기간 미확인,A000000163253,랑방,랑방 레 플레르 드 랑방 블루 오키드 EDT 90ml,https://www.oliveyoung.co.kr/store/goods/getGoodsDetail.do?goodsNo=A000000163253&dispCatNo=100000100050013&trackingCd=Cat100000100050013_Small&t_page=카테고리관&t_click=향수_전체__상품상세&t_number=110,"66,270원",2026-09-05,data/korea_popularity/raw/oliveyoung_perfume_sales_20260905.har,288,KEEP,NONE,named_perfume,"본품 향수 표현과 개별 상품명 확인; 고정 증정품 허용, 용량/농도 원문 유지",no_option_evidence,상품명에서 선택 옵션 근거 없음; 옵션 부재를 상세페이지에서 확인한 것은 아님,,461,KEEP,first_pass_KEEP
oliveyoung,111,판매순,기간 미확인,A000000228062,필로소피,[원지안PICK] 필로소피 어메이징 그레이스 발레로즈 EDT 60ml,https://www.oliveyoung.co.kr/store/goods/getGoodsDetail.do?goodsNo=A000000228062&dispCatNo=100000100050013&trackingCd=Cat100000100050013_Small&t_page=카테고리관&t_click=향수_전체__상품상세&t_number=111,"55,110원",2026-09-05,data/korea_popularity/raw/oliveyoung_perfume_sales_20260905.har,288,KEEP,NONE,named_perfume,"본품 향수 표현과 개별 상품명 확인; 고정 증정품 허용, 용량/농도 원문 유지",no_option_evidence,상품명에서 선택 옵션 근거 없음; 옵션 부재를 상세페이지에서 확인한 것은 아님,,462,KEEP,first_pass_KEEP
oliveyoung,112,판매순,기간 미확인,A000000136757,아리아나그란데,아리아나그란데 클라우드 EDP 50ml,https://www.oliveyoung.co.kr/store/goods/getGoodsDetail.do?goodsNo=A000000136757&dispCatNo=100000100050013&trackingCd=Cat100000100050013_Small&t_page=카테고리관&t_click=향수_전체__상품상세&t_number=112,"54,910원",2026-09-05,data/korea_popularity/raw/oliveyoung_perfume_sales_20260905.har,288,KEEP,NONE,named_perfume,"본품 향수 표현과 개별 상품명 확인; 고정 증정품 허용, 용량/농도 원문 유지",no_option_evidence,상품명에서 선택 옵션 근거 없음; 옵션 부재를 상세페이지에서 확인한 것은 아님,,463,KEEP,first_pass_KEEP
oliveyoung,113,판매순,기간 미확인,A000000267522,아리아나그란데,아리아나그란데 스위트 라이크 캔디 EDP 50ml 기획(+맥세이프 하트 스마트톡),https://www.oliveyoung.co.kr/store/goods/getGoodsDetail.do?goodsNo=A000000267522&dispCatNo=100000100050013&trackingCd=Cat100000100050013_Small&t_page=카테고리관&t_click=향수_전체__상품상세&t_number=113,"54,910원 ~",2026-09-05,data/korea_popularity/raw/oliveyoung_perfume_sales_20260905.har,288,KEEP,NONE,named_perfume,"본품 향수 표현과 개별 상품명 확인; 고정 증정품 허용, 용량/농도 원문 유지",no_option_evidence,상품명에서 선택 옵션 근거 없음; 옵션 부재를 상세페이지에서 확인한 것은 아님,,464,KEEP,first_pass_KEEP
oliveyoung,114,판매순,기간 미확인,A000000267361,아뜰리에페이,[NEW] 아뜰리에페이 퍼퓸 30ml 베이비 피치,https://www.oliveyoung.co.kr/store/goods/getGoodsDetail.do?goodsNo=A000000267361&dispCatNo=100000100050013&trackingCd=Cat100000100050013_Small&t_page=카테고리관&t_click=향수_전체__상품상세&t_number=114,"30,600원",2026-09-05,data/korea_popularity/raw/oliveyoung_perfume_sales_20260905.har,288,KEEP,NONE,named_perfume,"본품 향수 표현과 개별 상품명 확인; 고정 증정품 허용, 용량/농도 원문 유지",no_option_evidence,상품명에서 선택 옵션 근거 없음; 옵션 부재를 상세페이지에서 확인한 것은 아님,,465,KEEP,first_pass_KEEP
oliveyoung,115,판매순,기간 미확인,A000000259435,엘리자베스아덴,엘리자베스아덴 그린티 스트로베리 바질 EDT 100ml,https://www.oliveyoung.co.kr/store/goods/getGoodsDetail.do?goodsNo=A000000259435&dispCatNo=100000100050013&trackingCd=Cat100000100050013_Small&t_page=카테고리관&t_click=향수_전체__상품상세&t_number=115,"30,150원",2026-09-05,data/korea_popularity/raw/oliveyoung_perfume_sales_20260905.har,288,KEEP,NONE,named_perfume,"본품 향수 표현과 개별 상품명 확인; 고정 증정품 허용, 용량/농도 원문 유지",no_option_evidence,상품명에서 선택 옵션 근거 없음; 옵션 부재를 상세페이지에서 확인한 것은 아님,,466,KEEP,first_pass_KEEP
oliveyoung,120,판매순,기간 미확인,A000000152436,로맨띠끄,[명품향수/ 블랙베리&베이]로맨띠끄 블랙베리 퍼퓸 50ml,https://www.oliveyoung.co.kr/store/goods/getGoodsDetail.do?goodsNo=A000000152436&dispCatNo=100000100050013&trackingCd=Cat100000100050013_Small&t_page=카테고리관&t_click=향수_전체__상품상세&t_number=120,"18,810원",2026-09-05,data/korea_popularity/raw/oliveyoung_perfume_sales_20260905.har,288,KEEP,NONE,named_perfume,"본품 향수 표현과 개별 상품명 확인; 고정 증정품 허용, 용량/농도 원문 유지",no_option_evidence,상품명에서 선택 옵션 근거 없음; 옵션 부재를 상세페이지에서 확인한 것은 아님,,471,KEEP,first_pass_KEEP
oliveyoung,123,판매순,기간 미확인,A000000189526,몽블랑,몽블랑 익스플로러 EDP 100ml,https://www.oliveyoung.co.kr/store/goods/getGoodsDetail.do?goodsNo=A000000189526&dispCatNo=100000100050013&trackingCd=Cat100000100050013_Small&t_page=카테고리관&t_click=향수_전체__상품상세&t_number=123,"105,330원",2026-09-05,data/korea_popularity/raw/oliveyoung_perfume_sales_20260905.har,288,KEEP,NONE,named_perfume,"본품 향수 표현과 개별 상품명 확인; 고정 증정품 허용, 용량/농도 원문 유지",no_option_evidence,상품명에서 선택 옵션 근거 없음; 옵션 부재를 상세페이지에서 확인한 것은 아님,,474,KEEP,first_pass_KEEP
oliveyoung,124,판매순,기간 미확인,A000000229420,돌체앤가바나,[베스트/리뉴얼] 돌체앤가바나 라이트블루 EDT 50ml,https://www.oliveyoung.co.kr/store/goods/getGoodsDetail.do?goodsNo=A000000229420&dispCatNo=100000100050013&trackingCd=Cat100000100050013_Small&t_page=카테고리관&t_click=향수_전체__상품상세&t_number=124,"95,370원",2026-09-05,data/korea_popularity/raw/oliveyoung_perfume_sales_20260905.har,288,KEEP,NONE,named_perfume,"본품 향수 표현과 개별 상품명 확인; 고정 증정품 허용, 용량/농도 원문 유지",no_option_evidence,상품명에서 선택 옵션 근거 없음; 옵션 부재를 상세페이지에서 확인한 것은 아님,,475,KEEP,first_pass_KEEP
oliveyoung,125,판매순,기간 미확인,A000000203627,끌로에,끌로에 노마드 EDP 30ml/50ml/50ml 기획,https://www.oliveyoung.co.kr/store/goods/getGoodsDetail.do?goodsNo=A000000203627&dispCatNo=100000100050013&trackingCd=Cat100000100050013_Small&t_page=카테고리관&t_click=향수_전체__상품상세&t_number=125,"84,870원 ~",2026-09-05,data/korea_popularity/raw/oliveyoung_perfume_sales_20260905.har,288,REVIEW,MIXED,option_mixed,옵션 유형 혼합 또는 옵션 대응 근거 부족,snapshot_option_review,서로 다른 용량과 특정 용량의 기획 구성 선택이 함께 있음,,476,KEEP,second_pass_KEEP
oliveyoung,126,판매순,기간 미확인,A000000004971,몽블랑,몽블랑 스타워커 오드뚜왈렛 75ml,https://www.oliveyoung.co.kr/store/goods/getGoodsDetail.do?goodsNo=A000000004971&dispCatNo=100000100050013&trackingCd=Cat100000100050013_Small&t_page=카테고리관&t_click=향수_전체__상품상세&t_number=126,"83,700원",2026-09-05,data/korea_popularity/raw/oliveyoung_perfume_sales_20260905.har,288,KEEP,NONE,named_perfume,"본품 향수 표현과 개별 상품명 확인; 고정 증정품 허용, 용량/농도 원문 유지",no_option_evidence,상품명에서 선택 옵션 근거 없음; 옵션 부재를 상세페이지에서 확인한 것은 아님,,477,KEEP,first_pass_KEEP
oliveyoung,127,판매순,기간 미확인,A000000183802,끌로에,끌로에 로즈탠저린 EDT 30ml/50ml,https://www.oliveyoung.co.kr/store/goods/getGoodsDetail.do?goodsNo=A000000183802&dispCatNo=100000100050013&trackingCd=Cat100000100050013_Small&t_page=카테고리관&t_click=향수_전체__상품상세&t_number=127,"69,000원 ~",2026-09-05,data/korea_popularity/raw/oliveyoung_perfume_sales_20260905.har,288,KEEP,SIZE,named_perfume,"본품 향수 표현과 개별 상품명 확인; 고정 증정품 허용, 용량/농도 원문 유지",size_list,동일 상품명에 단위가 명시된 용량 목록,,478,KEEP,first_pass_KEEP
oliveyoung,128,판매순,기간 미확인,A000000192511,나르시소 로드리게즈,나르시소 로드리게즈 엉브레 EDP 30ml,https://www.oliveyoung.co.kr/store/goods/getGoodsDetail.do?goodsNo=A000000192511&dispCatNo=100000100050013&trackingCd=Cat100000100050013_Small&t_page=카테고리관&t_click=향수_전체__상품상세&t_number=128,"67,930원",2026-09-05,data/korea_popularity/raw/oliveyoung_perfume_sales_20260905.har,288,KEEP,NONE,named_perfume,"본품 향수 표현과 개별 상품명 확인; 고정 증정품 허용, 용량/농도 원문 유지",no_option_evidence,상품명에서 선택 옵션 근거 없음; 옵션 부재를 상세페이지에서 확인한 것은 아님,,479,KEEP,first_pass_KEEP
oliveyoung,129,판매순,기간 미확인,A000000267542,메르세데스 벤츠,메르세데스 벤츠 맨 EDT 100ml 기획 (+벤츠 맨 10ml),https://www.oliveyoung.co.kr/store/goods/getGoodsDetail.do?goodsNo=A000000267542&dispCatNo=100000100050013&trackingCd=Cat100000100050013_Small&t_page=카테고리관&t_click=향수_전체__상품상세&t_number=129,"66,410원 ~",2026-09-05,data/korea_popularity/raw/oliveyoung_perfume_sales_20260905.har,288,KEEP,NONE,named_perfume,"본품 향수 표현과 개별 상품명 확인; 고정 증정품 허용, 용량/농도 원문 유지",no_option_evidence,상품명에서 선택 옵션 근거 없음; 옵션 부재를 상세페이지에서 확인한 것은 아님,,480,KEEP,first_pass_KEEP
oliveyoung,130,판매순,기간 미확인,A000000262917,포스테스,포스테스 오 드 퍼퓸 50ml 프롬 생트로페 (2607 리뉴얼),https://www.oliveyoung.co.kr/store/goods/getGoodsDetail.do?goodsNo=A000000262917&dispCatNo=100000100050013&trackingCd=Cat100000100050013_Small&t_page=카테고리관&t_click=향수_전체__상품상세&t_number=130,"58,910원",2026-09-05,data/korea_popularity/raw/oliveyoung_perfume_sales_20260905.har,288,KEEP,NONE,named_perfume,"본품 향수 표현과 개별 상품명 확인; 고정 증정품 허용, 용량/농도 원문 유지",no_option_evidence,상품명에서 선택 옵션 근거 없음; 옵션 부재를 상세페이지에서 확인한 것은 아님,,481,KEEP,first_pass_KEEP
oliveyoung,131,판매순,기간 미확인,A000000141374,메르세데스 벤츠,메르세데스 벤츠 맨 EDT 30ml/50ml/100ml 3종 택1,https://www.oliveyoung.co.kr/store/goods/getGoodsDetail.do?goodsNo=A000000141374&dispCatNo=100000100050013&trackingCd=Cat100000100050013_Small&t_page=카테고리관&t_click=향수_전체__상품상세&t_number=131,"35,910원 ~",2026-09-05,data/korea_popularity/raw/oliveyoung_perfume_sales_20260905.har,288,KEEP,SIZE,named_perfume,"본품 향수 표현과 개별 상품명 확인; 고정 증정품 허용, 용량/농도 원문 유지",size_list,동일 상품명에 단위가 명시된 용량 목록,,482,KEEP,first_pass_KEEP
oliveyoung,132,판매순,기간 미확인,A000000000431,랑방,랑방 메리미 EDP 30ml,https://www.oliveyoung.co.kr/store/goods/getGoodsDetail.do?goodsNo=A000000000431&dispCatNo=100000100050013&trackingCd=Cat100000100050013_Small&t_page=카테고리관&t_click=향수_전체__상품상세&t_number=132,"53,010원",2026-09-05,data/korea_popularity/raw/oliveyoung_perfume_sales_20260905.har,288,KEEP,NONE,named_perfume,"본품 향수 표현과 개별 상품명 확인; 고정 증정품 허용, 용량/농도 원문 유지",no_option_evidence,상품명에서 선택 옵션 근거 없음; 옵션 부재를 상세페이지에서 확인한 것은 아님,,483,KEEP,first_pass_KEEP
oliveyoung,133,판매순,기간 미확인,A000000137476,아리아나그란데,아리아나그란데 땡큐 넥스트 EDP 30ml 단품/기획 중 택1,https://www.oliveyoung.co.kr/store/goods/getGoodsDetail.do?goodsNo=A000000137476&dispCatNo=100000100050013&trackingCd=Cat100000100050013_Small&t_page=카테고리관&t_click=향수_전체__상품상세&t_number=133,"45,890원 ~",2026-09-05,data/korea_popularity/raw/oliveyoung_perfume_sales_20260905.har,288,KEEP,PACKAGE,named_perfume,"본품 향수 표현과 개별 상품명 확인; 고정 증정품 허용, 용량/농도 원문 유지",package_choice,단품과 기획 구성 선택; 고정 증정 세트와 구별,,484,KEEP,first_pass_KEEP
oliveyoung,134,판매순,기간 미확인,A000000219281,클린,[단독기획] 클린 스트로베리필즈 EDP 60ml+10ML 롤러볼 증정 기획/ 단품 중 택1,https://www.oliveyoung.co.kr/store/goods/getGoodsDetail.do?goodsNo=A000000219281&dispCatNo=100000100050013&trackingCd=Cat100000100050013_Small&t_page=카테고리관&t_click=향수_전체__상품상세&t_number=134,"37,910원 ~",2026-09-05,data/korea_popularity/raw/oliveyoung_perfume_sales_20260905.har,288,KEEP,PACKAGE,named_perfume,"본품 향수 표현과 개별 상품명 확인; 고정 증정품 허용, 용량/농도 원문 유지",package_choice,단품과 기획 구성 선택; 고정 증정 세트와 구별,,485,KEEP,first_pass_KEEP
oliveyoung,135,판매순,기간 미확인,A000000201145,헉슬리,헉슬리 퍼퓸 포트브레스 15ml,https://www.oliveyoung.co.kr/store/goods/getGoodsDetail.do?goodsNo=A000000201145&dispCatNo=100000100050013&trackingCd=Cat100000100050013_Small&t_page=카테고리관&t_click=향수_전체__상품상세&t_number=135,"36,480원",2026-09-05,data/korea_popularity/raw/oliveyoung_perfume_sales_20260905.har,288,KEEP,NONE,named_perfume,"본품 향수 표현과 개별 상품명 확인; 고정 증정품 허용, 용량/농도 원문 유지",no_option_evidence,상품명에서 선택 옵션 근거 없음; 옵션 부재를 상세페이지에서 확인한 것은 아님,,486,KEEP,first_pass_KEEP
oliveyoung,137,판매순,기간 미확인,A000000256743,에틀리에,[엔믹스릴리PICK] 에틀리에 오 드 퍼퓸 앰버버번 30ml,https://www.oliveyoung.co.kr/store/goods/getGoodsDetail.do?goodsNo=A000000256743&dispCatNo=100000100050013&trackingCd=Cat100000100050013_Small&t_page=카테고리관&t_click=향수_전체__상품상세&t_number=137,"32,850원",2026-09-05,data/korea_popularity/raw/oliveyoung_perfume_sales_20260905.har,288,KEEP,NONE,named_perfume,"본품 향수 표현과 개별 상품명 확인; 고정 증정품 허용, 용량/농도 원문 유지",no_option_evidence,상품명에서 선택 옵션 근거 없음; 옵션 부재를 상세페이지에서 확인한 것은 아님,,488,KEEP,first_pass_KEEP
oliveyoung,138,판매순,기간 미확인,A000000229857,아디다스(뷰티),[김재원PICK] 아디다스 해피필즈 EDP (30ml/100ml),https://www.oliveyoung.co.kr/store/goods/getGoodsDetail.do?goodsNo=A000000229857&dispCatNo=100000100050013&trackingCd=Cat100000100050013_Small&t_page=카테고리관&t_click=향수_전체__상품상세&t_number=138,"18,610원 ~",2026-09-05,data/korea_popularity/raw/oliveyoung_perfume_sales_20260905.har,288,KEEP,SIZE,named_perfume,"본품 향수 표현과 개별 상품명 확인; 고정 증정품 허용, 용량/농도 원문 유지",size_list,동일 상품명에 단위가 명시된 용량 목록,,489,KEEP,first_pass_KEEP
oliveyoung,141,판매순,기간 미확인,A000000249002,그라펜,[기프트세트] 그라펜 타투 퍼퓸 원우드 29ml 선물세트(+코튼헤이즈솔리드퍼퓸 3g+기프트케이스),https://www.oliveyoung.co.kr/store/goods/getGoodsDetail.do?goodsNo=A000000249002&dispCatNo=100000100050013&trackingCd=Cat100000100050013_Small&t_page=카테고리관&t_click=향수_전체__상품상세&t_number=141,"22,100원",2026-09-05,data/korea_popularity/raw/oliveyoung_perfume_sales_20260905.har,288,KEEP,NONE,named_perfume,"본품 향수 표현과 개별 상품명 확인; 고정 증정품 허용, 용량/농도 원문 유지",no_option_evidence,상품명에서 선택 옵션 근거 없음; 옵션 부재를 상세페이지에서 확인한 것은 아님,,492,KEEP,first_pass_KEEP
oliveyoung,144,판매순,기간 미확인,A000000147445,지미추,지미추 아이 원 추 EDP 60ml,https://www.oliveyoung.co.kr/store/goods/getGoodsDetail.do?goodsNo=A000000147445&dispCatNo=100000100050013&trackingCd=Cat100000100050013_Small&t_page=카테고리관&t_click=향수_전체__상품상세&t_number=144,"101,840원",2026-09-05,data/korea_popularity/raw/oliveyoung_perfume_sales_20260905.har,288,KEEP,NONE,named_perfume,"본품 향수 표현과 개별 상품명 확인; 고정 증정품 허용, 용량/농도 원문 유지",no_option_evidence,상품명에서 선택 옵션 근거 없음; 옵션 부재를 상세페이지에서 확인한 것은 아님,,495,KEEP,first_pass_KEEP
oliveyoung,145,판매순,기간 미확인,A000000227309,나르시소 로드리게즈,[클린코튼향] 나르시소 로드리게즈 나르시소 래디언트 EDP (30ml/50ml),https://www.oliveyoung.co.kr/store/goods/getGoodsDetail.do?goodsNo=A000000227309&dispCatNo=100000100050013&trackingCd=Cat100000100050013_Small&t_page=카테고리관&t_click=향수_전체__상품상세&t_number=145,"66,500원 ~",2026-09-05,data/korea_popularity/raw/oliveyoung_perfume_sales_20260905.har,432,KEEP,SIZE,named_perfume,"본품 향수 표현과 개별 상품명 확인; 고정 증정품 허용, 용량/농도 원문 유지",size_list,동일 상품명에 단위가 명시된 용량 목록,,496,KEEP,first_pass_KEEP
oliveyoung,146,판매순,기간 미확인,A000000187834,필로소피,필로소피 어메이징 그레이스 EDP 60ml,https://www.oliveyoung.co.kr/store/goods/getGoodsDetail.do?goodsNo=A000000187834&dispCatNo=100000100050013&trackingCd=Cat100000100050013_Small&t_page=카테고리관&t_click=향수_전체__상품상세&t_number=146,"65,010원",2026-09-05,data/korea_popularity/raw/oliveyoung_perfume_sales_20260905.har,432,KEEP,NONE,named_perfume,"본품 향수 표현과 개별 상품명 확인; 고정 증정품 허용, 용량/농도 원문 유지",no_option_evidence,상품명에서 선택 옵션 근거 없음; 옵션 부재를 상세페이지에서 확인한 것은 아님,,497,KEEP,first_pass_KEEP
oliveyoung,148,판매순,기간 미확인,A000000163393,겐조,플라워바이겐조 EDP 30ml/50ml 2종 택1,https://www.oliveyoung.co.kr/store/goods/getGoodsDetail.do?goodsNo=A000000163393&dispCatNo=100000100050013&trackingCd=Cat100000100050013_Small&t_page=카테고리관&t_click=향수_전체__상품상세&t_number=148,"57,860원 ~",2026-09-05,data/korea_popularity/raw/oliveyoung_perfume_sales_20260905.har,432,KEEP,SIZE,named_perfume,"본품 향수 표현과 개별 상품명 확인; 고정 증정품 허용, 용량/농도 원문 유지",size_list,동일 상품명에 단위가 명시된 용량 목록,,499,KEEP,first_pass_KEEP
oliveyoung,149,판매순,기간 미확인,A000000123934,몽블랑,몽블랑 익스플로러 EDP 30ml,https://www.oliveyoung.co.kr/store/goods/getGoodsDetail.do?goodsNo=A000000123934&dispCatNo=100000100050013&trackingCd=Cat100000100050013_Small&t_page=카테고리관&t_click=향수_전체__상품상세&t_number=149,"51,620원",2026-09-05,data/korea_popularity/raw/oliveyoung_perfume_sales_20260905.har,432,KEEP,NONE,named_perfume,"본품 향수 표현과 개별 상품명 확인; 고정 증정품 허용, 용량/농도 원문 유지",no_option_evidence,상품명에서 선택 옵션 근거 없음; 옵션 부재를 상세페이지에서 확인한 것은 아님,,500,KEEP,first_pass_KEEP
oliveyoung,150,판매순,기간 미확인,A000000149629,클린,클린 퓨어솝 EDP 30ml/60ml 2종 중 택1,https://www.oliveyoung.co.kr/store/goods/getGoodsDetail.do?goodsNo=A000000149629&dispCatNo=100000100050013&trackingCd=Cat100000100050013_Small&t_page=카테고리관&t_click=향수_전체__상품상세&t_number=150,"56,910원 ~",2026-09-05,data/korea_popularity/raw/oliveyoung_perfume_sales_20260905.har,432,KEEP,SIZE,named_perfume,"본품 향수 표현과 개별 상품명 확인; 고정 증정품 허용, 용량/농도 원문 유지",size_list,동일 상품명에 단위가 명시된 용량 목록,,501,KEEP,first_pass_KEEP
oliveyoung,152,판매순,기간 미확인,A000000136753,아리아나그란데,아리아나그란데 스위트 라이크 캔디 EDP 30ml 기획(+땡큐넥스트 1.5ml 바이알),https://www.oliveyoung.co.kr/store/goods/getGoodsDetail.do?goodsNo=A000000136753&dispCatNo=100000100050013&trackingCd=Cat100000100050013_Small&t_page=카테고리관&t_click=향수_전체__상품상세&t_number=152,"45,890원 ~",2026-09-05,data/korea_popularity/raw/oliveyoung_perfume_sales_20260905.har,432,KEEP,NONE,named_perfume,"본품 향수 표현과 개별 상품명 확인; 고정 증정품 허용, 용량/농도 원문 유지",no_option_evidence,상품명에서 선택 옵션 근거 없음; 옵션 부재를 상세페이지에서 확인한 것은 아님,,503,KEEP,first_pass_KEEP
oliveyoung,153,판매순,기간 미확인,A000000210878,누다라,[우디/무화과향] 누다라 EDP 30ml 우드마벨,https://www.oliveyoung.co.kr/store/goods/getGoodsDetail.do?goodsNo=A000000210878&dispCatNo=100000100050013&trackingCd=Cat100000100050013_Small&t_page=카테고리관&t_click=향수_전체__상품상세&t_number=153,"45,880원",2026-09-05,data/korea_popularity/raw/oliveyoung_perfume_sales_20260905.har,432,KEEP,NONE,named_perfume,"본품 향수 표현과 개별 상품명 확인; 고정 증정품 허용, 용량/농도 원문 유지",no_option_evidence,상품명에서 선택 옵션 근거 없음; 옵션 부재를 상세페이지에서 확인한 것은 아님,,504,KEEP,first_pass_KEEP
oliveyoung,154,판매순,기간 미확인,A000000227445,헤레카,[트렌디한/우디향] 헤레카 스모키우드 퍼퓸 50ml,https://www.oliveyoung.co.kr/store/goods/getGoodsDetail.do?goodsNo=A000000227445&dispCatNo=100000100050013&trackingCd=Cat100000100050013_Small&t_page=카테고리관&t_click=향수_전체__상품상세&t_number=154,"42,750원",2026-09-05,data/korea_popularity/raw/oliveyoung_perfume_sales_20260905.har,432,KEEP,NONE,named_perfume,"본품 향수 표현과 개별 상품명 확인; 고정 증정품 허용, 용량/농도 원문 유지",no_option_evidence,상품명에서 선택 옵션 근거 없음; 옵션 부재를 상세페이지에서 확인한 것은 아님,,505,KEEP,first_pass_KEEP
oliveyoung,156,판매순,기간 미확인,A000000104640,제니퍼로페즈,제니퍼로페즈 글로우 바이제이로 EDT 50ml,https://www.oliveyoung.co.kr/store/goods/getGoodsDetail.do?goodsNo=A000000104640&dispCatNo=100000100050013&trackingCd=Cat100000100050013_Small&t_page=카테고리관&t_click=향수_전체__상품상세&t_number=156,"41,610원 ~",2026-09-05,data/korea_popularity/raw/oliveyoung_perfume_sales_20260905.har,432,KEEP,NONE,named_perfume,"본품 향수 표현과 개별 상품명 확인; 고정 증정품 허용, 용량/농도 원문 유지",no_option_evidence,상품명에서 선택 옵션 근거 없음; 옵션 부재를 상세페이지에서 확인한 것은 아님,,507,KEEP,first_pass_KEEP
oliveyoung,158,판매순,기간 미확인,A000000208818,에이딕트,에이딕트 오 드 퍼퓸 보이드 우드 50ml,https://www.oliveyoung.co.kr/store/goods/getGoodsDetail.do?goodsNo=A000000208818&dispCatNo=100000100050013&trackingCd=Cat100000100050013_Small&t_page=카테고리관&t_click=향수_전체__상품상세&t_number=158,"36,960원",2026-09-05,data/korea_popularity/raw/oliveyoung_perfume_sales_20260905.har,432,KEEP,NONE,named_perfume,"본품 향수 표현과 개별 상품명 확인; 고정 증정품 허용, 용량/농도 원문 유지",no_option_evidence,상품명에서 선택 옵션 근거 없음; 옵션 부재를 상세페이지에서 확인한 것은 아님,,509,KEEP,first_pass_KEEP
oliveyoung,159,판매순,기간 미확인,A000000208826,에이딕트,에이딕트 오 드 퍼퓸 웜 애프터눈 50ml,https://www.oliveyoung.co.kr/store/goods/getGoodsDetail.do?goodsNo=A000000208826&dispCatNo=100000100050013&trackingCd=Cat100000100050013_Small&t_page=카테고리관&t_click=향수_전체__상품상세&t_number=159,"36,960원 ~",2026-09-05,data/korea_popularity/raw/oliveyoung_perfume_sales_20260905.har,432,KEEP,NONE,named_perfume,"본품 향수 표현과 개별 상품명 확인; 고정 증정품 허용, 용량/농도 원문 유지",no_option_evidence,상품명에서 선택 옵션 근거 없음; 옵션 부재를 상세페이지에서 확인한 것은 아님,,510,KEEP,first_pass_KEEP
oliveyoung,161,판매순,기간 미확인,A000000204901,호텔도슨,호텔도슨 셀프블룸 향수 오드퍼퓸 20ml [첫사랑향수],https://www.oliveyoung.co.kr/store/goods/getGoodsDetail.do?goodsNo=A000000204901&dispCatNo=100000100050013&trackingCd=Cat100000100050013_Small&t_page=카테고리관&t_click=향수_전체__상품상세&t_number=161,"34,830원",2026-09-05,data/korea_popularity/raw/oliveyoung_perfume_sales_20260905.har,432,KEEP,NONE,named_perfume,"본품 향수 표현과 개별 상품명 확인; 고정 증정품 허용, 용량/농도 원문 유지",no_option_evidence,상품명에서 선택 옵션 근거 없음; 옵션 부재를 상세페이지에서 확인한 것은 아님,,512,KEEP,first_pass_KEEP
oliveyoung,162,판매순,기간 미확인,A000000224967,루아페,[레몬비누향] 루아페 스티미 솝 EDP 30ml (단품/기획),https://www.oliveyoung.co.kr/store/goods/getGoodsDetail.do?goodsNo=A000000224967&dispCatNo=100000100050013&trackingCd=Cat100000100050013_Small&t_page=카테고리관&t_click=향수_전체__상품상세&t_number=162,"34,200원 ~",2026-09-05,data/korea_popularity/raw/oliveyoung_perfume_sales_20260905.har,432,KEEP,PACKAGE,named_perfume,"본품 향수 표현과 개별 상품명 확인; 고정 증정품 허용, 용량/농도 원문 유지",package_choice,단품과 기획 구성 선택; 고정 증정 세트와 구별,,513,KEEP,first_pass_KEEP
oliveyoung,163,판매순,기간 미확인,A000000230035,아디다스(뷰티),[김재원PICK] 아디다스 풀 리차지 EDP (30ml기획/50ml/100ml),https://www.oliveyoung.co.kr/store/goods/getGoodsDetail.do?goodsNo=A000000230035&dispCatNo=100000100050013&trackingCd=Cat100000100050013_Small&t_page=카테고리관&t_click=향수_전체__상품상세&t_number=163,"25,370원 ~",2026-09-05,data/korea_popularity/raw/oliveyoung_perfume_sales_20260905.har,432,REVIEW,MIXED,option_mixed,옵션 유형 혼합 또는 옵션 대응 근거 부족,snapshot_option_review,서로 다른 용량과 특정 용량의 기획 구성 선택이 함께 있음,,514,KEEP,second_pass_KEEP
oliveyoung,164,판매순,기간 미확인,A000000267357,아뜰리에페이,[NEW] 아뜰리에페이 퍼퓸 30ml 던 인 오슬로,https://www.oliveyoung.co.kr/store/goods/getGoodsDetail.do?goodsNo=A000000267357&dispCatNo=100000100050013&trackingCd=Cat100000100050013_Small&t_page=카테고리관&t_click=향수_전체__상품상세&t_number=164,"32,400원",2026-09-05,data/korea_popularity/raw/oliveyoung_perfume_sales_20260905.har,432,KEEP,NONE,named_perfume,"본품 향수 표현과 개별 상품명 확인; 고정 증정품 허용, 용량/농도 원문 유지",no_option_evidence,상품명에서 선택 옵션 근거 없음; 옵션 부재를 상세페이지에서 확인한 것은 아님,,515,KEEP,first_pass_KEEP
oliveyoung,165,판매순,기간 미확인,A000000254542,벨벳바니,벨벳바니 스킨퍼퓸 80ml 포에버영,https://www.oliveyoung.co.kr/store/goods/getGoodsDetail.do?goodsNo=A000000254542&dispCatNo=100000100050013&trackingCd=Cat100000100050013_Small&t_page=카테고리관&t_click=향수_전체__상품상세&t_number=165,"25,900원",2026-09-05,data/korea_popularity/raw/oliveyoung_perfume_sales_20260905.har,432,KEEP,NONE,named_perfume,"본품 향수 표현과 개별 상품명 확인; 고정 증정품 허용, 용량/농도 원문 유지",no_option_evidence,상품명에서 선택 옵션 근거 없음; 옵션 부재를 상세페이지에서 확인한 것은 아님,,516,KEEP,first_pass_KEEP
oliveyoung,170,판매순,기간 미확인,A000000229448,돌체앤가바나,[베스트/리뉴얼] 돌체앤가바나 라이트블루 뿌르 옴므 EDT 100ml,https://www.oliveyoung.co.kr/store/goods/getGoodsDetail.do?goodsNo=A000000229448&dispCatNo=100000100050013&trackingCd=Cat100000100050013_Small&t_page=카테고리관&t_click=향수_전체__상품상세&t_number=170,"112,710원",2026-09-05,data/korea_popularity/raw/oliveyoung_perfume_sales_20260905.har,432,KEEP,NONE,named_perfume,"본품 향수 표현과 개별 상품명 확인; 고정 증정품 허용, 용량/농도 원문 유지",no_option_evidence,상품명에서 선택 옵션 근거 없음; 옵션 부재를 상세페이지에서 확인한 것은 아님,,521,KEEP,first_pass_KEEP
oliveyoung,172,판매순,기간 미확인,A000000161643,끌로에,끌로에 나츄렐 EDP 30ml/50ml,https://www.oliveyoung.co.kr/store/goods/getGoodsDetail.do?goodsNo=A000000161643&dispCatNo=100000100050013&trackingCd=Cat100000100050013_Small&t_page=카테고리관&t_click=향수_전체__상품상세&t_number=172,"125,580원 ~",2026-09-05,data/korea_popularity/raw/oliveyoung_perfume_sales_20260905.har,432,KEEP,SIZE,named_perfume,"본품 향수 표현과 개별 상품명 확인; 고정 증정품 허용, 용량/농도 원문 유지",size_list,동일 상품명에 단위가 명시된 용량 목록,,523,KEEP,first_pass_KEEP
oliveyoung,173,판매순,기간 미확인,A000000230831,이세이미야케,이세이미야케 르 셀 디세이 EDP (50ml/100ml),https://www.oliveyoung.co.kr/store/goods/getGoodsDetail.do?goodsNo=A000000230831&dispCatNo=100000100050013&trackingCd=Cat100000100050013_Small&t_page=카테고리관&t_click=향수_전체__상품상세&t_number=173,"72,540원 ~",2026-09-05,data/korea_popularity/raw/oliveyoung_perfume_sales_20260905.har,432,KEEP,SIZE,named_perfume,"본품 향수 표현과 개별 상품명 확인; 고정 증정품 허용, 용량/농도 원문 유지",size_list,동일 상품명에 단위가 명시된 용량 목록,,524,KEEP,first_pass_KEEP
oliveyoung,175,판매순,기간 미확인,A000000262915,코치,코치 체리 퍼퓸 50ml/30ml,https://www.oliveyoung.co.kr/store/goods/getGoodsDetail.do?goodsNo=A000000262915&dispCatNo=100000100050013&trackingCd=Cat100000100050013_Small&t_page=카테고리관&t_click=향수_전체__상품상세&t_number=175,"99,610원 ~",2026-09-05,data/korea_popularity/raw/oliveyoung_perfume_sales_20260905.har,432,KEEP,SIZE,named_perfume,"본품 향수 표현과 개별 상품명 확인; 고정 증정품 허용, 용량/농도 원문 유지",size_list,동일 상품명에 단위가 명시된 용량 목록,,526,KEEP,first_pass_KEEP
oliveyoung,177,판매순,기간 미확인,A000000189581,베르사체,[NEW] 베르사체 맨 오 프레쉬 50ml (단품/기획),https://www.oliveyoung.co.kr/store/goods/getGoodsDetail.do?goodsNo=A000000189581&dispCatNo=100000100050013&trackingCd=Cat100000100050013_Small&t_page=카테고리관&t_click=향수_전체__상품상세&t_number=177,"81,230원 ~",2026-09-05,data/korea_popularity/raw/oliveyoung_perfume_sales_20260905.har,432,REVIEW,PACKAGE,product_type_unconfirmed,용량/이름만 있고 인체용 향수 표현이 없어 로컬 상품명만으로 용도 확정 불가,package_choice,단품과 기획 구성 선택; 고정 증정 세트와 구별,,528,KEEP,second_pass_KEEP
oliveyoung,178,판매순,기간 미확인,A000000255413,랑방,"랑방 에끌라 드 아르페쥬 화이트 티 EDP 50ml (단품,기획)",https://www.oliveyoung.co.kr/store/goods/getGoodsDetail.do?goodsNo=A000000255413&dispCatNo=100000100050013&trackingCd=Cat100000100050013_Small&t_page=카테고리관&t_click=향수_전체__상품상세&t_number=178,"80,640원 ~",2026-09-05,data/korea_popularity/raw/oliveyoung_perfume_sales_20260905.har,432,KEEP,PACKAGE,named_perfume,"본품 향수 표현과 개별 상품명 확인; 고정 증정품 허용, 용량/농도 원문 유지",package_choice,단품과 기획 구성 선택; 고정 증정 세트와 구별,,529,KEEP,first_pass_KEEP
oliveyoung,179,판매순,기간 미확인,A000000142177,랄프로렌,랄프로렌 폴로 랄프 EDT 50ml,https://www.oliveyoung.co.kr/store/goods/getGoodsDetail.do?goodsNo=A000000142177&dispCatNo=100000100050013&trackingCd=Cat100000100050013_Small&t_page=카테고리관&t_click=향수_전체__상품상세&t_number=179,"72,200원",2026-09-05,data/korea_popularity/raw/oliveyoung_perfume_sales_20260905.har,432,KEEP,NONE,named_perfume,"본품 향수 표현과 개별 상품명 확인; 고정 증정품 허용, 용량/농도 원문 유지",no_option_evidence,상품명에서 선택 옵션 근거 없음; 옵션 부재를 상세페이지에서 확인한 것은 아님,,530,KEEP,first_pass_KEEP
oliveyoung,180,판매순,기간 미확인,A000000256458,이세이미야케,이세이미야케 뤼미에르 디세이 EDP (30ml/50ml),https://www.oliveyoung.co.kr/store/goods/getGoodsDetail.do?goodsNo=A000000256458&dispCatNo=100000100050013&trackingCd=Cat100000100050013_Small&t_page=카테고리관&t_click=향수_전체__상품상세&t_number=180,"71,110원 ~",2026-09-05,data/korea_popularity/raw/oliveyoung_perfume_sales_20260905.har,432,KEEP,SIZE,named_perfume,"본품 향수 표현과 개별 상품명 확인; 고정 증정품 허용, 용량/농도 원문 유지",size_list,동일 상품명에 단위가 명시된 용량 목록,,531,KEEP,first_pass_KEEP
oliveyoung,181,판매순,기간 미확인,A000000013437,몽블랑,몽블랑 레전드 스피릿 EDT 50ml,https://www.oliveyoung.co.kr/store/goods/getGoodsDetail.do?goodsNo=A000000013437&dispCatNo=100000100050013&trackingCd=Cat100000100050013_Small&t_page=카테고리관&t_click=향수_전체__상품상세&t_number=181,"70,450원",2026-09-05,data/korea_popularity/raw/oliveyoung_perfume_sales_20260905.har,432,KEEP,NONE,named_perfume,"본품 향수 표현과 개별 상품명 확인; 고정 증정품 허용, 용량/농도 원문 유지",no_option_evidence,상품명에서 선택 옵션 근거 없음; 옵션 부재를 상세페이지에서 확인한 것은 아님,,532,KEEP,first_pass_KEEP
oliveyoung,182,판매순,기간 미확인,A000000111388,나르시소 로드리게즈,나르시소 로드리게즈 포 허 EDT (30ml/50ml),https://www.oliveyoung.co.kr/store/goods/getGoodsDetail.do?goodsNo=A000000111388&dispCatNo=100000100050013&trackingCd=Cat100000100050013_Small&t_page=카테고리관&t_click=향수_전체__상품상세&t_number=182,"57,430원 ~",2026-09-05,data/korea_popularity/raw/oliveyoung_perfume_sales_20260905.har,432,KEEP,SIZE,named_perfume,"본품 향수 표현과 개별 상품명 확인; 고정 증정품 허용, 용량/농도 원문 유지",size_list,동일 상품명에 단위가 명시된 용량 목록,,533,KEEP,first_pass_KEEP
oliveyoung,183,판매순,기간 미확인,A000000159676,메르세데스 벤츠,메르세데스 벤츠 맨 프레쉬 EDT 100ml,https://www.oliveyoung.co.kr/store/goods/getGoodsDetail.do?goodsNo=A000000159676&dispCatNo=100000100050013&trackingCd=Cat100000100050013_Small&t_page=카테고리관&t_click=향수_전체__상품상세&t_number=183,"66,410원",2026-09-05,data/korea_popularity/raw/oliveyoung_perfume_sales_20260905.har,432,KEEP,NONE,named_perfume,"본품 향수 표현과 개별 상품명 확인; 고정 증정품 허용, 용량/농도 원문 유지",no_option_evidence,상품명에서 선택 옵션 근거 없음; 옵션 부재를 상세페이지에서 확인한 것은 아님,,534,KEEP,first_pass_KEEP
oliveyoung,184,판매순,기간 미확인,A000000187568,마이클코어스,마이클 코어스 고저스 오드퍼퓸 30ml/50ml/100ml 택1,https://www.oliveyoung.co.kr/store/goods/getGoodsDetail.do?goodsNo=A000000187568&dispCatNo=100000100050013&trackingCd=Cat100000100050013_Small&t_page=카테고리관&t_click=향수_전체__상품상세&t_number=184,"66,410원 ~",2026-09-05,data/korea_popularity/raw/oliveyoung_perfume_sales_20260905.har,432,KEEP,SIZE,named_perfume,"본품 향수 표현과 개별 상품명 확인; 고정 증정품 허용, 용량/농도 원문 유지",size_list,동일 상품명에 단위가 명시된 용량 목록,,535,KEEP,first_pass_KEEP
oliveyoung,185,판매순,기간 미확인,A000000159552,필로소피,필로소피 퓨어 그레이스 EDP 60ml,https://www.oliveyoung.co.kr/store/goods/getGoodsDetail.do?goodsNo=A000000159552&dispCatNo=100000100050013&trackingCd=Cat100000100050013_Small&t_page=카테고리관&t_click=향수_전체__상품상세&t_number=185,"65,010원",2026-09-05,data/korea_popularity/raw/oliveyoung_perfume_sales_20260905.har,432,KEEP,NONE,named_perfume,"본품 향수 표현과 개별 상품명 확인; 고정 증정품 허용, 용량/농도 원문 유지",no_option_evidence,상품명에서 선택 옵션 근거 없음; 옵션 부재를 상세페이지에서 확인한 것은 아님,,536,KEEP,first_pass_KEEP
oliveyoung,186,판매순,기간 미확인,A000000149024,베르사체,베르사체 오프레쉬 맨 30ml 기획(+5ml 미니어처),https://www.oliveyoung.co.kr/store/goods/getGoodsDetail.do?goodsNo=A000000149024&dispCatNo=100000100050013&trackingCd=Cat100000100050013_Small&t_page=카테고리관&t_click=향수_전체__상품상세&t_number=186,"63,560원 ~",2026-09-05,data/korea_popularity/raw/oliveyoung_perfume_sales_20260905.har,432,REVIEW,NONE,product_type_unconfirmed,용량/이름만 있고 인체용 향수 표현이 없어 로컬 상품명만으로 용도 확정 불가,no_option_evidence,상품명에서 선택 옵션 근거 없음; 옵션 부재를 상세페이지에서 확인한 것은 아님,,537,KEEP,second_pass_KEEP
oliveyoung,187,판매순,기간 미확인,A000000004973,몽블랑,몽블랑 스타워커 오드뚜왈렛 50ml,https://www.oliveyoung.co.kr/store/goods/getGoodsDetail.do?goodsNo=A000000004973&dispCatNo=100000100050013&trackingCd=Cat100000100050013_Small&t_page=카테고리관&t_click=향수_전체__상품상세&t_number=187,"62,780원",2026-09-05,data/korea_popularity/raw/oliveyoung_perfume_sales_20260905.har,432,KEEP,NONE,named_perfume,"본품 향수 표현과 개별 상품명 확인; 고정 증정품 허용, 용량/농도 원문 유지",no_option_evidence,상품명에서 선택 옵션 근거 없음; 옵션 부재를 상세페이지에서 확인한 것은 아님,,538,KEEP,first_pass_KEEP
oliveyoung,188,판매순,기간 미확인,A000000012155,지미추,지미추 블러썸 EDP 40ml,https://www.oliveyoung.co.kr/store/goods/getGoodsDetail.do?goodsNo=A000000012155&dispCatNo=100000100050013&trackingCd=Cat100000100050013_Small&t_page=카테고리관&t_click=향수_전체__상품상세&t_number=188,"61,380원",2026-09-05,data/korea_popularity/raw/oliveyoung_perfume_sales_20260905.har,432,KEEP,NONE,named_perfume,"본품 향수 표현과 개별 상품명 확인; 고정 증정품 허용, 용량/농도 원문 유지",no_option_evidence,상품명에서 선택 옵션 근거 없음; 옵션 부재를 상세페이지에서 확인한 것은 아님,,539,KEEP,first_pass_KEEP
oliveyoung,189,판매순,기간 미확인,A000000262885,포스테스,포스테스 오 드 퍼퓸 50ml 프롬 서울 단품/기획(+트래블 러기지택 핑크),https://www.oliveyoung.co.kr/store/goods/getGoodsDetail.do?goodsNo=A000000262885&dispCatNo=100000100050013&trackingCd=Cat100000100050013_Small&t_page=카테고리관&t_click=향수_전체__상품상세&t_number=189,"58,910원 ~",2026-09-05,data/korea_popularity/raw/oliveyoung_perfume_sales_20260905.har,432,KEEP,PACKAGE,named_perfume,"본품 향수 표현과 개별 상품명 확인; 고정 증정품 허용, 용량/농도 원문 유지",package_choice,단품과 기획 구성 선택; 고정 증정 세트와 구별,,540,KEEP,first_pass_KEEP
oliveyoung,190,판매순,기간 미확인,A000000183309,캘빈클라인,캘빈클라인 CK 에브리원 EDP 50ml/100ml,https://www.oliveyoung.co.kr/store/goods/getGoodsDetail.do?goodsNo=A000000183309&dispCatNo=100000100050013&trackingCd=Cat100000100050013_Small&t_page=카테고리관&t_click=향수_전체__상품상세&t_number=190,"49,590원 ~",2026-09-05,data/korea_popularity/raw/oliveyoung_perfume_sales_20260905.har,432,KEEP,SIZE,named_perfume,"본품 향수 표현과 개별 상품명 확인; 고정 증정품 허용, 용량/농도 원문 유지",size_list,동일 상품명에 단위가 명시된 용량 목록,,541,KEEP,first_pass_KEEP
oliveyoung,191,판매순,기간 미확인,A000000203335,알보우,[지원PICK] 알보우 케이스 스터디 EDP 30ml 앰버 생귄,https://www.oliveyoung.co.kr/store/goods/getGoodsDetail.do?goodsNo=A000000203335&dispCatNo=100000100050013&trackingCd=Cat100000100050013_Small&t_page=카테고리관&t_click=향수_전체__상품상세&t_number=191,"58,140원",2026-09-05,data/korea_popularity/raw/oliveyoung_perfume_sales_20260905.har,432,KEEP,NONE,named_perfume,"본품 향수 표현과 개별 상품명 확인; 고정 증정품 허용, 용량/농도 원문 유지",no_option_evidence,상품명에서 선택 옵션 근거 없음; 옵션 부재를 상세페이지에서 확인한 것은 아님,,542,KEEP,first_pass_KEEP
oliveyoung,193,판매순,기간 미확인,A000000202710,아로,아로 풀 문 블로썸 EDT 50ml,https://www.oliveyoung.co.kr/store/goods/getGoodsDetail.do?goodsNo=A000000202710&dispCatNo=100000100050013&trackingCd=Cat100000100050013_Small&t_page=카테고리관&t_click=향수_전체__상품상세&t_number=193,"55,530원",2026-09-05,data/korea_popularity/raw/oliveyoung_perfume_sales_20260905.har,574,KEEP,NONE,named_perfume,"본품 향수 표현과 개별 상품명 확인; 고정 증정품 허용, 용량/농도 원문 유지",no_option_evidence,상품명에서 선택 옵션 근거 없음; 옵션 부재를 상세페이지에서 확인한 것은 아님,,544,KEEP,first_pass_KEEP
oliveyoung,194,판매순,기간 미확인,A000000201228,리베르,[금목서 향수] 리베르 오 드 퍼퓸 플라워 소사이어티 30ml,https://www.oliveyoung.co.kr/store/goods/getGoodsDetail.do?goodsNo=A000000201228&dispCatNo=100000100050013&trackingCd=Cat100000100050013_Small&t_page=카테고리관&t_click=향수_전체__상품상세&t_number=194,"53,200원",2026-09-05,data/korea_popularity/raw/oliveyoung_perfume_sales_20260905.har,574,KEEP,NONE,named_perfume,"본품 향수 표현과 개별 상품명 확인; 고정 증정품 허용, 용량/농도 원문 유지",no_option_evidence,상품명에서 선택 옵션 근거 없음; 옵션 부재를 상세페이지에서 확인한 것은 아님,,545,KEEP,first_pass_KEEP
oliveyoung,195,판매순,기간 미확인,A000000002289,몽블랑,몽블랑 레전드 EDT 30ml,https://www.oliveyoung.co.kr/store/goods/getGoodsDetail.do?goodsNo=A000000002289&dispCatNo=100000100050013&trackingCd=Cat100000100050013_Small&t_page=카테고리관&t_click=향수_전체__상품상세&t_number=195,"53,010원",2026-09-05,data/korea_popularity/raw/oliveyoung_perfume_sales_20260905.har,574,KEEP,NONE,named_perfume,"본품 향수 표현과 개별 상품명 확인; 고정 증정품 허용, 용량/농도 원문 유지",no_option_evidence,상품명에서 선택 옵션 근거 없음; 옵션 부재를 상세페이지에서 확인한 것은 아님,,546,KEEP,first_pass_KEEP
oliveyoung,196,판매순,기간 미확인,A000000193156,존바바토스,존바바토스 아티산 블랙 EDT 75ml  (+공병) 기획,https://www.oliveyoung.co.kr/store/goods/getGoodsDetail.do?goodsNo=A000000193156&dispCatNo=100000100050013&trackingCd=Cat100000100050013_Small&t_page=카테고리관&t_click=향수_전체__상품상세&t_number=196,"50,640원",2026-09-05,data/korea_popularity/raw/oliveyoung_perfume_sales_20260905.har,574,KEEP,NONE,named_perfume,"본품 향수 표현과 개별 상품명 확인; 고정 증정품 허용, 용량/농도 원문 유지",no_option_evidence,상품명에서 선택 옵션 근거 없음; 옵션 부재를 상세페이지에서 확인한 것은 아님,,547,KEEP,first_pass_KEEP
oliveyoung,197,판매순,기간 미확인,A000000000444,랑방,랑방 에끌라 드 아르페쥬 EDP 30ml,https://www.oliveyoung.co.kr/store/goods/getGoodsDetail.do?goodsNo=A000000000444&dispCatNo=100000100050013&trackingCd=Cat100000100050013_Small&t_page=카테고리관&t_click=향수_전체__상품상세&t_number=197,"48,830원 ~",2026-09-05,data/korea_popularity/raw/oliveyoung_perfume_sales_20260905.har,574,KEEP,NONE,named_perfume,"본품 향수 표현과 개별 상품명 확인; 고정 증정품 허용, 용량/농도 원문 유지",no_option_evidence,상품명에서 선택 옵션 근거 없음; 옵션 부재를 상세페이지에서 확인한 것은 아님,,548,KEEP,first_pass_KEEP
oliveyoung,198,판매순,기간 미확인,A000000241721,홀리바넘,홀리바넘 오 드 뚜왈렛 30ml 썸머 브레이크,https://www.oliveyoung.co.kr/store/goods/getGoodsDetail.do?goodsNo=A000000241721&dispCatNo=100000100050013&trackingCd=Cat100000100050013_Small&t_page=카테고리관&t_click=향수_전체__상품상세&t_number=198,"48,060원",2026-09-05,data/korea_popularity/raw/oliveyoung_perfume_sales_20260905.har,574,KEEP,NONE,named_perfume,"본품 향수 표현과 개별 상품명 확인; 고정 증정품 허용, 용량/농도 원문 유지",no_option_evidence,상품명에서 선택 옵션 근거 없음; 옵션 부재를 상세페이지에서 확인한 것은 아님,,549,KEEP,first_pass_KEEP
oliveyoung,199,판매순,기간 미확인,A000000136751,아리아나그란데,아리아나그란데 아리 EDP 30ml 기획(+땡큐넥스트 1.5ml 바이알),https://www.oliveyoung.co.kr/store/goods/getGoodsDetail.do?goodsNo=A000000136751&dispCatNo=100000100050013&trackingCd=Cat100000100050013_Small&t_page=카테고리관&t_click=향수_전체__상품상세&t_number=199,"45,890원 ~",2026-09-05,data/korea_popularity/raw/oliveyoung_perfume_sales_20260905.har,574,KEEP,NONE,named_perfume,"본품 향수 표현과 개별 상품명 확인; 고정 증정품 허용, 용량/농도 원문 유지",no_option_evidence,상품명에서 선택 옵션 근거 없음; 옵션 부재를 상세페이지에서 확인한 것은 아님,,550,KEEP,first_pass_KEEP
oliveyoung,200,판매순,기간 미확인,A000000238663,아리아나그란데,아리아나그란데 땡큐 넥스트 2.0 EDP 30ml 단품/기획 중 택1,https://www.oliveyoung.co.kr/store/goods/getGoodsDetail.do?goodsNo=A000000238663&dispCatNo=100000100050013&trackingCd=Cat100000100050013_Small&t_page=카테고리관&t_click=향수_전체__상품상세&t_number=200,"45,890원 ~",2026-09-05,data/korea_popularity/raw/oliveyoung_perfume_sales_20260905.har,574,KEEP,PACKAGE,named_perfume,"본품 향수 표현과 개별 상품명 확인; 고정 증정품 허용, 용량/농도 원문 유지",package_choice,단품과 기획 구성 선택; 고정 증정 세트와 구별,,551,KEEP,first_pass_KEEP
oliveyoung,202,판매순,기간 미확인,A000000204074,데메테르 어스,"데메테르 어스 리프레싱 오 파퓨메 EDP 30ml/50ml 자킨토스,그리스",https://www.oliveyoung.co.kr/store/goods/getGoodsDetail.do?goodsNo=A000000204074&dispCatNo=100000100050013&trackingCd=Cat100000100050013_Small&t_page=카테고리관&t_click=향수_전체__상품상세&t_number=202,"39,240원 ~",2026-09-05,data/korea_popularity/raw/oliveyoung_perfume_sales_20260905.har,574,KEEP,SIZE,named_perfume,"본품 향수 표현과 개별 상품명 확인; 고정 증정품 허용, 용량/농도 원문 유지",size_list,동일 상품명에 단위가 명시된 용량 목록,,553,KEEP,first_pass_KEEP
oliveyoung,203,판매순,기간 미확인,A000000184180,클린,클린 애플블로썸 EDP 30/60ml 2종 중 택1,https://www.oliveyoung.co.kr/store/goods/getGoodsDetail.do?goodsNo=A000000184180&dispCatNo=100000100050013&trackingCd=Cat100000100050013_Small&t_page=카테고리관&t_click=향수_전체__상품상세&t_number=203,"37,910원 ~",2026-09-05,data/korea_popularity/raw/oliveyoung_perfume_sales_20260905.har,574,KEEP,SIZE,named_perfume,"본품 향수 표현과 개별 상품명 확인; 고정 증정품 허용, 용량/농도 원문 유지",size_list,동일 상품명에 단위가 명시된 용량 목록,,554,KEEP,first_pass_KEEP
oliveyoung,206,판매순,기간 미확인,A000000236503,필로소피,[원지안PICK] 필로소피 프레쉬크림 웜캐시미어 EDT (15ml/60ml/60ml파우치기획),https://www.oliveyoung.co.kr/store/goods/getGoodsDetail.do?goodsNo=A000000236503&dispCatNo=100000100050013&trackingCd=Cat100000100050013_Small&t_page=카테고리관&t_click=향수_전체__상품상세&t_number=206,"20,930원 ~",2026-09-05,data/korea_popularity/raw/oliveyoung_perfume_sales_20260905.har,574,REVIEW,MIXED,option_mixed,옵션 유형 혼합 또는 옵션 대응 근거 부족,snapshot_option_review,서로 다른 용량과 특정 용량의 기획 구성 선택이 함께 있음,,557,KEEP,second_pass_KEEP
oliveyoung,207,판매순,기간 미확인,A000000224744,루아페,[포근코튼향] 루아페 코지 머스크 EDP 30ml,https://www.oliveyoung.co.kr/store/goods/getGoodsDetail.do?goodsNo=A000000224744&dispCatNo=100000100050013&trackingCd=Cat100000100050013_Small&t_page=카테고리관&t_click=향수_전체__상품상세&t_number=207,"34,200원",2026-09-05,data/korea_popularity/raw/oliveyoung_perfume_sales_20260905.har,574,KEEP,NONE,named_perfume,"본품 향수 표현과 개별 상품명 확인; 고정 증정품 허용, 용량/농도 원문 유지",no_option_evidence,상품명에서 선택 옵션 근거 없음; 옵션 부재를 상세페이지에서 확인한 것은 아님,,558,KEEP,first_pass_KEEP
oliveyoung,208,판매순,기간 미확인,A000000248071,에틀리에,[엔믹스해원PICK] 에틀리에 오 드 퍼퓸 플라워 앤 슈가 30ml,https://www.oliveyoung.co.kr/store/goods/getGoodsDetail.do?goodsNo=A000000248071&dispCatNo=100000100050013&trackingCd=Cat100000100050013_Small&t_page=카테고리관&t_click=향수_전체__상품상세&t_number=208,"32,850원",2026-09-05,data/korea_popularity/raw/oliveyoung_perfume_sales_20260905.har,574,KEEP,NONE,named_perfume,"본품 향수 표현과 개별 상품명 확인; 고정 증정품 허용, 용량/농도 원문 유지",no_option_evidence,상품명에서 선택 옵션 근거 없음; 옵션 부재를 상세페이지에서 확인한 것은 아님,,559,KEEP,first_pass_KEEP
oliveyoung,209,판매순,기간 미확인,A000000248073,에틀리에,[엔믹스규진PICK] 에틀리에 오 드 퍼퓸 트와일라잇블룸 30ml/10ml,https://www.oliveyoung.co.kr/store/goods/getGoodsDetail.do?goodsNo=A000000248073&dispCatNo=100000100050013&trackingCd=Cat100000100050013_Small&t_page=카테고리관&t_click=향수_전체__상품상세&t_number=209,"15,940원 ~",2026-09-05,data/korea_popularity/raw/oliveyoung_perfume_sales_20260905.har,574,KEEP,SIZE,named_perfume,"본품 향수 표현과 개별 상품명 확인; 고정 증정품 허용, 용량/농도 원문 유지",size_list,동일 상품명에 단위가 명시된 용량 목록,,560,KEEP,first_pass_KEEP
oliveyoung,210,판매순,기간 미확인,A000000248076,에틀리에,[엔믹스배이PICK] 에틀리에 오 드 퍼퓸 바닐라앤라벤더 30ml,https://www.oliveyoung.co.kr/store/goods/getGoodsDetail.do?goodsNo=A000000248076&dispCatNo=100000100050013&trackingCd=Cat100000100050013_Small&t_page=카테고리관&t_click=향수_전체__상품상세&t_number=210,"32,850원",2026-09-05,data/korea_popularity/raw/oliveyoung_perfume_sales_20260905.har,574,KEEP,NONE,named_perfume,"본품 향수 표현과 개별 상품명 확인; 고정 증정품 허용, 용량/농도 원문 유지",no_option_evidence,상품명에서 선택 옵션 근거 없음; 옵션 부재를 상세페이지에서 확인한 것은 아님,,561,KEEP,first_pass_KEEP
oliveyoung,211,판매순,기간 미확인,A000000203682,로이비,[미니향수] 로이비 오드퍼퓸 베르가못 앤 화이트로즈 18ml,https://www.oliveyoung.co.kr/store/goods/getGoodsDetail.do?goodsNo=A000000203682&dispCatNo=100000100050013&trackingCd=Cat100000100050013_Small&t_page=카테고리관&t_click=향수_전체__상품상세&t_number=211,"32,590원",2026-09-05,data/korea_popularity/raw/oliveyoung_perfume_sales_20260905.har,574,KEEP,NONE,named_perfume,"본품 향수 표현과 개별 상품명 확인; 고정 증정품 허용, 용량/농도 원문 유지",no_option_evidence,상품명에서 선택 옵션 근거 없음; 옵션 부재를 상세페이지에서 확인한 것은 아님,,562,KEEP,first_pass_KEEP
oliveyoung,215,판매순,기간 미확인,A000000159757,더바디샵,더바디샵 화이트 머스크 EDT 30ml,https://www.oliveyoung.co.kr/store/goods/getGoodsDetail.do?goodsNo=A000000159757&dispCatNo=100000100050013&trackingCd=Cat100000100050013_Small&t_page=카테고리관&t_click=향수_전체__상품상세&t_number=215,"28,800원",2026-09-05,data/korea_popularity/raw/oliveyoung_perfume_sales_20260905.har,574,KEEP,NONE,named_perfume,"본품 향수 표현과 개별 상품명 확인; 고정 증정품 허용, 용량/농도 원문 유지",no_option_evidence,상품명에서 선택 옵션 근거 없음; 옵션 부재를 상세페이지에서 확인한 것은 아님,,566,KEEP,first_pass_KEEP
oliveyoung,219,판매순,기간 미확인,A000000254544,벨벳바니,벨벳바니 스킨퍼퓸 80ml 퍼스트러브,https://www.oliveyoung.co.kr/store/goods/getGoodsDetail.do?goodsNo=A000000254544&dispCatNo=100000100050013&trackingCd=Cat100000100050013_Small&t_page=카테고리관&t_click=향수_전체__상품상세&t_number=219,"25,900원",2026-09-05,data/korea_popularity/raw/oliveyoung_perfume_sales_20260905.har,574,KEEP,NONE,named_perfume,"본품 향수 표현과 개별 상품명 확인; 고정 증정품 허용, 용량/농도 원문 유지",no_option_evidence,상품명에서 선택 옵션 근거 없음; 옵션 부재를 상세페이지에서 확인한 것은 아님,,570,KEEP,first_pass_KEEP
oliveyoung,220,판매순,기간 미확인,A000000254545,벨벳바니,벨벳바니 스킨퍼퓸 80ml 마이선샤인,https://www.oliveyoung.co.kr/store/goods/getGoodsDetail.do?goodsNo=A000000254545&dispCatNo=100000100050013&trackingCd=Cat100000100050013_Small&t_page=카테고리관&t_click=향수_전체__상품상세&t_number=220,"25,900원",2026-09-05,data/korea_popularity/raw/oliveyoung_perfume_sales_20260905.har,574,KEEP,NONE,named_perfume,"본품 향수 표현과 개별 상품명 확인; 고정 증정품 허용, 용량/농도 원문 유지",no_option_evidence,상품명에서 선택 옵션 근거 없음; 옵션 부재를 상세페이지에서 확인한 것은 아님,,571,KEEP,first_pass_KEEP
oliveyoung,221,판매순,기간 미확인,A000000254547,벨벳바니,벨벳바니 스킨퍼퓸 80ml 실키모닝,https://www.oliveyoung.co.kr/store/goods/getGoodsDetail.do?goodsNo=A000000254547&dispCatNo=100000100050013&trackingCd=Cat100000100050013_Small&t_page=카테고리관&t_click=향수_전체__상품상세&t_number=221,"25,900원",2026-09-05,data/korea_popularity/raw/oliveyoung_perfume_sales_20260905.har,574,KEEP,NONE,named_perfume,"본품 향수 표현과 개별 상품명 확인; 고정 증정품 허용, 용량/농도 원문 유지",no_option_evidence,상품명에서 선택 옵션 근거 없음; 옵션 부재를 상세페이지에서 확인한 것은 아님,,572,KEEP,first_pass_KEEP
oliveyoung,222,판매순,기간 미확인,A000000229293,랑콤,랑콤 이돌 오 드 퍼퓸 25ml/50ml/100ml,https://www.oliveyoung.co.kr/store/goods/getGoodsDetail.do?goodsNo=A000000229293&dispCatNo=100000100050013&trackingCd=Cat100000100050013_Small&t_page=카테고리관&t_click=향수_전체__상품상세&t_number=222,"214,140원 ~",2026-09-05,data/korea_popularity/raw/oliveyoung_perfume_sales_20260905.har,574,KEEP,SIZE,named_perfume,"본품 향수 표현과 개별 상품명 확인; 고정 증정품 허용, 용량/농도 원문 유지",size_list,동일 상품명에 단위가 명시된 용량 목록,,573,KEEP,first_pass_KEEP
oliveyoung,223,판매순,기간 미확인,A000000249267,메모,[NEW] 메모 오데옹 오드퍼퓸 30ml,https://www.oliveyoung.co.kr/store/goods/getGoodsDetail.do?goodsNo=A000000249267&dispCatNo=100000100050013&trackingCd=Cat100000100050013_Small&t_page=카테고리관&t_click=향수_전체__상품상세&t_number=223,"198,550원",2026-09-05,data/korea_popularity/raw/oliveyoung_perfume_sales_20260905.har,574,KEEP,NONE,named_perfume,"본품 향수 표현과 개별 상품명 확인; 고정 증정품 허용, 용량/농도 원문 유지",no_option_evidence,상품명에서 선택 옵션 근거 없음; 옵션 부재를 상세페이지에서 확인한 것은 아님,,574,KEEP,first_pass_KEEP
oliveyoung,224,판매순,기간 미확인,A000000219850,나르시소 로드리게즈,나르시소 로드리게즈 포 허 인텐스 EDP (30ml/50ml),https://www.oliveyoung.co.kr/store/goods/getGoodsDetail.do?goodsNo=A000000219850&dispCatNo=100000100050013&trackingCd=Cat100000100050013_Small&t_page=카테고리관&t_click=향수_전체__상품상세&t_number=224,"72,540원 ~",2026-09-05,data/korea_popularity/raw/oliveyoung_perfume_sales_20260905.har,574,KEEP,SIZE,named_perfume,"본품 향수 표현과 개별 상품명 확인; 고정 증정품 허용, 용량/농도 원문 유지",size_list,동일 상품명에 단위가 명시된 용량 목록,,575,KEEP,first_pass_KEEP
oliveyoung,225,판매순,기간 미확인,A000000229447,돌체앤가바나,[NEW/리뉴얼] 돌체앤가바나 라이트블루 뿌르 옴므 EDT 50ml,https://www.oliveyoung.co.kr/store/goods/getGoodsDetail.do?goodsNo=A000000229447&dispCatNo=100000100050013&trackingCd=Cat100000100050013_Small&t_page=카테고리관&t_click=향수_전체__상품상세&t_number=225,"82,370원",2026-09-05,data/korea_popularity/raw/oliveyoung_perfume_sales_20260905.har,574,KEEP,NONE,named_perfume,"본품 향수 표현과 개별 상품명 확인; 고정 증정품 허용, 용량/농도 원문 유지",no_option_evidence,상품명에서 선택 옵션 근거 없음; 옵션 부재를 상세페이지에서 확인한 것은 아님,,576,KEEP,first_pass_KEEP
oliveyoung,227,판매순,기간 미확인,A000000210423,나르시소 로드리게즈,나르시소 로드리게즈 올 오브 미 인텐스 EDP (30ml/50ml/기획),https://www.oliveyoung.co.kr/store/goods/getGoodsDetail.do?goodsNo=A000000210423&dispCatNo=100000100050013&trackingCd=Cat100000100050013_Small&t_page=카테고리관&t_click=향수_전체__상품상세&t_number=227,"69,200원 ~",2026-09-05,data/korea_popularity/raw/oliveyoung_perfume_sales_20260905.har,574,REVIEW,MIXED,option_mixed,옵션 유형 혼합 또는 옵션 대응 근거 부족,size_and_package,용량 목록과 단품/기획 선택이 함께 있음,,578,KEEP,second_pass_KEEP
oliveyoung,228,판매순,기간 미확인,A000000199398,랑방,랑방 레 플레르 드 랑방 스위트 자스민 EDT 50ml/90ml,https://www.oliveyoung.co.kr/store/goods/getGoodsDetail.do?goodsNo=A000000199398&dispCatNo=100000100050013&trackingCd=Cat100000100050013_Small&t_page=카테고리관&t_click=향수_전체__상품상세&t_number=228,"66,270원 ~",2026-09-05,data/korea_popularity/raw/oliveyoung_perfume_sales_20260905.har,574,KEEP,SIZE,named_perfume,"본품 향수 표현과 개별 상품명 확인; 고정 증정품 허용, 용량/농도 원문 유지",size_list,동일 상품명에 단위가 명시된 용량 목록,,579,KEEP,first_pass_KEEP
oliveyoung,229,판매순,기간 미확인,A000000224156,필로소피,필로소피 어메이징 그레이스 발레로즈 EDP 60ml,https://www.oliveyoung.co.kr/store/goods/getGoodsDetail.do?goodsNo=A000000224156&dispCatNo=100000100050013&trackingCd=Cat100000100050013_Small&t_page=카테고리관&t_click=향수_전체__상품상세&t_number=229,"65,010원",2026-09-05,data/korea_popularity/raw/oliveyoung_perfume_sales_20260905.har,574,KEEP,NONE,named_perfume,"본품 향수 표현과 개별 상품명 확인; 고정 증정품 허용, 용량/농도 원문 유지",no_option_evidence,상품명에서 선택 옵션 근거 없음; 옵션 부재를 상세페이지에서 확인한 것은 아님,,580,KEEP,first_pass_KEEP
oliveyoung,230,판매순,기간 미확인,A000000008553,베르사체,베르사체 에로스 EDT 30ml,https://www.oliveyoung.co.kr/store/goods/getGoodsDetail.do?goodsNo=A000000008553&dispCatNo=100000100050013&trackingCd=Cat100000100050013_Small&t_page=카테고리관&t_click=향수_전체__상품상세&t_number=230,"63,560원",2026-09-05,data/korea_popularity/raw/oliveyoung_perfume_sales_20260905.har,574,KEEP,NONE,named_perfume,"본품 향수 표현과 개별 상품명 확인; 고정 증정품 허용, 용량/농도 원문 유지",no_option_evidence,상품명에서 선택 옵션 근거 없음; 옵션 부재를 상세페이지에서 확인한 것은 아님,,581,KEEP,first_pass_KEEP
oliveyoung,231,판매순,기간 미확인,A000000142154,랄프로렌,랄프로렌 폴로 블루 EDT 40ml,https://www.oliveyoung.co.kr/store/goods/getGoodsDetail.do?goodsNo=A000000142154&dispCatNo=100000100050013&trackingCd=Cat100000100050013_Small&t_page=카테고리관&t_click=향수_전체__상품상세&t_number=231,"60,800원 ~",2026-09-05,data/korea_popularity/raw/oliveyoung_perfume_sales_20260905.har,574,KEEP,NONE,named_perfume,"본품 향수 표현과 개별 상품명 확인; 고정 증정품 허용, 용량/농도 원문 유지",no_option_evidence,상품명에서 선택 옵션 근거 없음; 옵션 부재를 상세페이지에서 확인한 것은 아님,,582,KEEP,first_pass_KEEP
oliveyoung,232,판매순,기간 미확인,A000000217785,랄프로렌,랄프로렌 폴로 블루 EDT 택 1 (40ml/75ml),https://www.oliveyoung.co.kr/store/goods/getGoodsDetail.do?goodsNo=A000000217785&dispCatNo=100000100050013&trackingCd=Cat100000100050013_Small&t_page=카테고리관&t_click=향수_전체__상품상세&t_number=232,"60,800원 ~",2026-09-05,data/korea_popularity/raw/oliveyoung_perfume_sales_20260905.har,574,KEEP,SIZE,named_perfume,"본품 향수 표현과 개별 상품명 확인; 고정 증정품 허용, 용량/농도 원문 유지",size_list,동일 상품명에 단위가 명시된 용량 목록,,583,KEEP,first_pass_KEEP
oliveyoung,233,판매순,기간 미확인,A000000262920,포스테스,포스테스 오 드 퍼퓸 50ml 프롬 맨하튼 (2607 리뉴얼),https://www.oliveyoung.co.kr/store/goods/getGoodsDetail.do?goodsNo=A000000262920&dispCatNo=100000100050013&trackingCd=Cat100000100050013_Small&t_page=카테고리관&t_click=향수_전체__상품상세&t_number=233,"58,910원",2026-09-05,data/korea_popularity/raw/oliveyoung_perfume_sales_20260905.har,574,KEEP,NONE,named_perfume,"본품 향수 표현과 개별 상품명 확인; 고정 증정품 허용, 용량/농도 원문 유지",no_option_evidence,상품명에서 선택 옵션 근거 없음; 옵션 부재를 상세페이지에서 확인한 것은 아님,,584,KEEP,first_pass_KEEP
oliveyoung,234,판매순,기간 미확인,A000000219000,버버리,버버리 브릿 포 힘 EDT 30ml/50ml,https://www.oliveyoung.co.kr/store/goods/getGoodsDetail.do?goodsNo=A000000219000&dispCatNo=100000100050013&trackingCd=Cat100000100050013_Small&t_page=카테고리관&t_click=향수_전체__상품상세&t_number=234,"58,590원 ~",2026-09-05,data/korea_popularity/raw/oliveyoung_perfume_sales_20260905.har,574,KEEP,SIZE,named_perfume,"본품 향수 표현과 개별 상품명 확인; 고정 증정품 허용, 용량/농도 원문 유지",size_list,동일 상품명에 단위가 명시된 용량 목록,,585,KEEP,first_pass_KEEP
oliveyoung,235,판매순,기간 미확인,A000000203333,알보우,[기획] 알보우 케이스 스터디 EDP 30ml 몬순 (+핸드크림),https://www.oliveyoung.co.kr/store/goods/getGoodsDetail.do?goodsNo=A000000203333&dispCatNo=100000100050013&trackingCd=Cat100000100050013_Small&t_page=카테고리관&t_click=향수_전체__상품상세&t_number=235,"58,140원 ~",2026-09-05,data/korea_popularity/raw/oliveyoung_perfume_sales_20260905.har,574,KEEP,NONE,named_perfume,"본품 향수 표현과 개별 상품명 확인; 고정 증정품 허용, 용량/농도 원문 유지",no_option_evidence,상품명에서 선택 옵션 근거 없음; 옵션 부재를 상세페이지에서 확인한 것은 아님,,586,KEEP,first_pass_KEEP
oliveyoung,236,판매순,기간 미확인,A000000146002,겐조,플라워바이겐조 EDP 30ml,https://www.oliveyoung.co.kr/store/goods/getGoodsDetail.do?goodsNo=A000000146002&dispCatNo=100000100050013&trackingCd=Cat100000100050013_Small&t_page=카테고리관&t_click=향수_전체__상품상세&t_number=236,"57,860원",2026-09-05,data/korea_popularity/raw/oliveyoung_perfume_sales_20260905.har,574,KEEP,NONE,named_perfume,"본품 향수 표현과 개별 상품명 확인; 고정 증정품 허용, 용량/농도 원문 유지",no_option_evidence,상품명에서 선택 옵션 근거 없음; 옵션 부재를 상세페이지에서 확인한 것은 아님,,587,KEEP,first_pass_KEEP
oliveyoung,237,판매순,기간 미확인,A000000206314,캘빈클라인,캘빈클라인 CK One 골드 EDT 50ml/100ml/200ml,https://www.oliveyoung.co.kr/store/goods/getGoodsDetail.do?goodsNo=A000000206314&dispCatNo=100000100050013&trackingCd=Cat100000100050013_Small&t_page=카테고리관&t_click=향수_전체__상품상세&t_number=237,"40,580원 ~",2026-09-05,data/korea_popularity/raw/oliveyoung_perfume_sales_20260905.har,574,KEEP,SIZE,named_perfume,"본품 향수 표현과 개별 상품명 확인; 고정 증정품 허용, 용량/농도 원문 유지",size_list,동일 상품명에 단위가 명시된 용량 목록,,588,KEEP,first_pass_KEEP
oliveyoung,238,판매순,기간 미확인,A000000211433,사브리나카펜터,"사브리나카펜터 스위트 투스 카라멜 드림 EDP 30ml,75ml 단품/기획",https://www.oliveyoung.co.kr/store/goods/getGoodsDetail.do?goodsNo=A000000211433&dispCatNo=100000100050013&trackingCd=Cat100000100050013_Small&t_page=카테고리관&t_click=향수_전체__상품상세&t_number=238,"56,530원 ~",2026-09-05,data/korea_popularity/raw/oliveyoung_perfume_sales_20260905.har,574,REVIEW,MIXED,option_mixed,옵션 유형 혼합 또는 옵션 대응 근거 부족,size_and_package,용량 목록과 단품/기획 선택이 함께 있음,,589,KEEP,second_pass_KEEP
oliveyoung,239,판매순,기간 미확인,A000000231893,아로,아로 EDT 50ml 체리 온 탑,https://www.oliveyoung.co.kr/store/goods/getGoodsDetail.do?goodsNo=A000000231893&dispCatNo=100000100050013&trackingCd=Cat100000100050013_Small&t_page=카테고리관&t_click=향수_전체__상품상세&t_number=239,"55,530원",2026-09-05,data/korea_popularity/raw/oliveyoung_perfume_sales_20260905.har,574,KEEP,NONE,named_perfume,"본품 향수 표현과 개별 상품명 확인; 고정 증정품 허용, 용량/농도 원문 유지",no_option_evidence,상품명에서 선택 옵션 근거 없음; 옵션 부재를 상세페이지에서 확인한 것은 아님,,590,KEEP,first_pass_KEEP
oliveyoung,240,판매순,기간 미확인,A000000014214,메르세데스 벤츠,메르세데스 벤츠 맨 EDT 50ml,https://www.oliveyoung.co.kr/store/goods/getGoodsDetail.do?goodsNo=A000000014214&dispCatNo=100000100050013&trackingCd=Cat100000100050013_Small&t_page=카테고리관&t_click=향수_전체__상품상세&t_number=240,"55,480원",2026-09-05,data/korea_popularity/raw/oliveyoung_perfume_sales_20260905.har,574,KEEP,NONE,named_perfume,"본품 향수 표현과 개별 상품명 확인; 고정 증정품 허용, 용량/농도 원문 유지",no_option_evidence,상품명에서 선택 옵션 근거 없음; 옵션 부재를 상세페이지에서 확인한 것은 아님,,591,KEEP,first_pass_KEEP
oliveyoung,241,판매순,기간 미확인,A000000235575,투데이이즈,투데이이즈 인더메모리 오드 퍼퓸 50ml,https://www.oliveyoung.co.kr/store/goods/getGoodsDetail.do?goodsNo=A000000235575&dispCatNo=100000100050013&trackingCd=Cat100000100050013_Small&t_page=카테고리관&t_click=향수_전체__상품상세&t_number=241,"55,300원",2026-09-05,data/korea_popularity/raw/oliveyoung_perfume_sales_20260905.har,718,KEEP,NONE,named_perfume,"본품 향수 표현과 개별 상품명 확인; 고정 증정품 허용, 용량/농도 원문 유지",no_option_evidence,상품명에서 선택 옵션 근거 없음; 옵션 부재를 상세페이지에서 확인한 것은 아님,,592,KEEP,first_pass_KEEP
oliveyoung,242,판매순,기간 미확인,A000000113253,필로소피,[원지안PICK] 필로소피 퓨어그레이스 EDT 15ml/60ml/60ml기획,https://www.oliveyoung.co.kr/store/goods/getGoodsDetail.do?goodsNo=A000000113253&dispCatNo=100000100050013&trackingCd=Cat100000100050013_Small&t_page=카테고리관&t_click=향수_전체__상품상세&t_number=242,"55,110원 ~",2026-09-05,data/korea_popularity/raw/oliveyoung_perfume_sales_20260905.har,718,REVIEW,MIXED,option_mixed,옵션 유형 혼합 또는 옵션 대응 근거 부족,snapshot_option_review,서로 다른 용량과 특정 용량의 기획 구성 선택이 함께 있음,,593,KEEP,second_pass_KEEP
oliveyoung,243,판매순,기간 미확인,A000000013436,몽블랑,몽블랑 레전드 스피릿 EDT 30ml,https://www.oliveyoung.co.kr/store/goods/getGoodsDetail.do?goodsNo=A000000013436&dispCatNo=100000100050013&trackingCd=Cat100000100050013_Small&t_page=카테고리관&t_click=향수_전체__상품상세&t_number=243,"53,010원",2026-09-05,data/korea_popularity/raw/oliveyoung_perfume_sales_20260905.har,718,KEEP,NONE,named_perfume,"본품 향수 표현과 개별 상품명 확인; 고정 증정품 허용, 용량/농도 원문 유지",no_option_evidence,상품명에서 선택 옵션 근거 없음; 옵션 부재를 상세페이지에서 확인한 것은 아님,,594,KEEP,first_pass_KEEP
oliveyoung,244,판매순,기간 미확인,A000000159451,겐조,플라워바이겐조 NEW EDT 30ml/50ml 2종 택1,https://www.oliveyoung.co.kr/store/goods/getGoodsDetail.do?goodsNo=A000000159451&dispCatNo=100000100050013&trackingCd=Cat100000100050013_Small&t_page=카테고리관&t_click=향수_전체__상품상세&t_number=244,"51,350원 ~",2026-09-05,data/korea_popularity/raw/oliveyoung_perfume_sales_20260905.har,718,KEEP,SIZE,named_perfume,"본품 향수 표현과 개별 상품명 확인; 고정 증정품 허용, 용량/농도 원문 유지",size_list,동일 상품명에 단위가 명시된 용량 목록,,595,KEEP,first_pass_KEEP
oliveyoung,245,판매순,기간 미확인,A000000193154,존바바토스,존바바토스 아티산 블루 EDT 75ml (단품/기획),https://www.oliveyoung.co.kr/store/goods/getGoodsDetail.do?goodsNo=A000000193154&dispCatNo=100000100050013&trackingCd=Cat100000100050013_Small&t_page=카테고리관&t_click=향수_전체__상품상세&t_number=245,"50,640원",2026-09-05,data/korea_popularity/raw/oliveyoung_perfume_sales_20260905.har,718,KEEP,PACKAGE,named_perfume,"본품 향수 표현과 개별 상품명 확인; 고정 증정품 허용, 용량/농도 원문 유지",package_choice,단품과 기획 구성 선택; 고정 증정 세트와 구별,,596,KEEP,first_pass_KEEP
oliveyoung,246,판매순,기간 미확인,A000000241722,홀리바넘,홀리바넘 오 드 뚜왈렛 30ml 라임에이드,https://www.oliveyoung.co.kr/store/goods/getGoodsDetail.do?goodsNo=A000000241722&dispCatNo=100000100050013&trackingCd=Cat100000100050013_Small&t_page=카테고리관&t_click=향수_전체__상품상세&t_number=246,"48,060원",2026-09-05,data/korea_popularity/raw/oliveyoung_perfume_sales_20260905.har,718,KEEP,NONE,named_perfume,"본품 향수 표현과 개별 상품명 확인; 고정 증정품 허용, 용량/농도 원문 유지",no_option_evidence,상품명에서 선택 옵션 근거 없음; 옵션 부재를 상세페이지에서 확인한 것은 아님,,597,KEEP,first_pass_KEEP
oliveyoung,247,판매순,기간 미확인,A000000145011,아리아나그란데,아리아나그란데 문라이트 EDP 30ml,https://www.oliveyoung.co.kr/store/goods/getGoodsDetail.do?goodsNo=A000000145011&dispCatNo=100000100050013&trackingCd=Cat100000100050013_Small&t_page=카테고리관&t_click=향수_전체__상품상세&t_number=247,"45,890원",2026-09-05,data/korea_popularity/raw/oliveyoung_perfume_sales_20260905.har,718,KEEP,NONE,named_perfume,"본품 향수 표현과 개별 상품명 확인; 고정 증정품 허용, 용량/농도 원문 유지",no_option_evidence,상품명에서 선택 옵션 근거 없음; 옵션 부재를 상세페이지에서 확인한 것은 아님,,598,KEEP,first_pass_KEEP
oliveyoung,249,판매순,기간 미확인,A000000240212,시머스,시머스 미드나잇 파크 EDP 50ml,https://www.oliveyoung.co.kr/store/goods/getGoodsDetail.do?goodsNo=A000000240212&dispCatNo=100000100050013&trackingCd=Cat100000100050013_Small&t_page=카테고리관&t_click=향수_전체__상품상세&t_number=249,"43,000원",2026-09-05,data/korea_popularity/raw/oliveyoung_perfume_sales_20260905.har,718,KEEP,NONE,named_perfume,"본품 향수 표현과 개별 상품명 확인; 고정 증정품 허용, 용량/농도 원문 유지",no_option_evidence,상품명에서 선택 옵션 근거 없음; 옵션 부재를 상세페이지에서 확인한 것은 아님,,600,KEEP,first_pass_KEEP
oliveyoung,250,판매순,기간 미확인,A000000227850,테일러센츠,테일러센츠 오브제 퍼퓸 EDT 30ml 페일린넨,https://www.oliveyoung.co.kr/store/goods/getGoodsDetail.do?goodsNo=A000000227850&dispCatNo=100000100050013&trackingCd=Cat100000100050013_Small&t_page=카테고리관&t_click=향수_전체__상품상세&t_number=250,"41,400원",2026-09-05,data/korea_popularity/raw/oliveyoung_perfume_sales_20260905.har,718,KEEP,NONE,named_perfume,"본품 향수 표현과 개별 상품명 확인; 고정 증정품 허용, 용량/농도 원문 유지",no_option_evidence,상품명에서 선택 옵션 근거 없음; 옵션 부재를 상세페이지에서 확인한 것은 아님,,601,KEEP,first_pass_KEEP
oliveyoung,251,판매순,기간 미확인,A000000012354,겐조,로 겐조 뿌르 옴므 EDT 30ml,https://www.oliveyoung.co.kr/store/goods/getGoodsDetail.do?goodsNo=A000000012354&dispCatNo=100000100050013&trackingCd=Cat100000100050013_Small&t_page=카테고리관&t_click=향수_전체__상품상세&t_number=251,"41,380원",2026-09-05,data/korea_popularity/raw/oliveyoung_perfume_sales_20260905.har,718,KEEP,NONE,named_perfume,"본품 향수 표현과 개별 상품명 확인; 고정 증정품 허용, 용량/농도 원문 유지",no_option_evidence,상품명에서 선택 옵션 근거 없음; 옵션 부재를 상세페이지에서 확인한 것은 아님,,602,KEEP,first_pass_KEEP
oliveyoung,256,판매순,기간 미확인,A000000208820,에이딕트,에이딕트 오 드 퍼퓸 잇 더 피치 50ml,https://www.oliveyoung.co.kr/store/goods/getGoodsDetail.do?goodsNo=A000000208820&dispCatNo=100000100050013&trackingCd=Cat100000100050013_Small&t_page=카테고리관&t_click=향수_전체__상품상세&t_number=256,"36,960원",2026-09-05,data/korea_popularity/raw/oliveyoung_perfume_sales_20260905.har,718,KEEP,NONE,named_perfume,"본품 향수 표현과 개별 상품명 확인; 고정 증정품 허용, 용량/농도 원문 유지",no_option_evidence,상품명에서 선택 옵션 근거 없음; 옵션 부재를 상세페이지에서 확인한 것은 아님,,607,KEEP,first_pass_KEEP
oliveyoung,257,판매순,기간 미확인,A000000176263,헉슬리,헉슬리 퍼퓸 블루 메디나 탠저린 15ml,https://www.oliveyoung.co.kr/store/goods/getGoodsDetail.do?goodsNo=A000000176263&dispCatNo=100000100050013&trackingCd=Cat100000100050013_Small&t_page=카테고리관&t_click=향수_전체__상품상세&t_number=257,"36,480원",2026-09-05,data/korea_popularity/raw/oliveyoung_perfume_sales_20260905.har,718,KEEP,NONE,named_perfume,"본품 향수 표현과 개별 상품명 확인; 고정 증정품 허용, 용량/농도 원문 유지",no_option_evidence,상품명에서 선택 옵션 근거 없음; 옵션 부재를 상세페이지에서 확인한 것은 아님,,608,KEEP,first_pass_KEEP
oliveyoung,258,판매순,기간 미확인,A000000201147,헉슬리,[기획] 헉슬리 퍼퓸 로즈 피커 15ml,https://www.oliveyoung.co.kr/store/goods/getGoodsDetail.do?goodsNo=A000000201147&dispCatNo=100000100050013&trackingCd=Cat100000100050013_Small&t_page=카테고리관&t_click=향수_전체__상품상세&t_number=258,"36,480원 ~",2026-09-05,data/korea_popularity/raw/oliveyoung_perfume_sales_20260905.har,718,KEEP,NONE,named_perfume,"본품 향수 표현과 개별 상품명 확인; 고정 증정품 허용, 용량/농도 원문 유지",no_option_evidence,상품명에서 선택 옵션 근거 없음; 옵션 부재를 상세페이지에서 확인한 것은 아님,,609,KEEP,first_pass_KEEP
oliveyoung,259,판매순,기간 미확인,A000000249623,아디다스(뷰티),[김재원PICK] 아디다스 원더포스 EDP (50ml/100ml),https://www.oliveyoung.co.kr/store/goods/getGoodsDetail.do?goodsNo=A000000249623&dispCatNo=100000100050013&trackingCd=Cat100000100050013_Small&t_page=카테고리관&t_click=향수_전체__상품상세&t_number=259,"36,480원 ~",2026-09-05,data/korea_popularity/raw/oliveyoung_perfume_sales_20260905.har,718,KEEP,SIZE,named_perfume,"본품 향수 표현과 개별 상품명 확인; 고정 증정품 허용, 용량/농도 원문 유지",size_list,동일 상품명에 단위가 명시된 용량 목록,,610,KEEP,first_pass_KEEP
oliveyoung,261,판매순,기간 미확인,A000000204902,호텔도슨,호텔도슨 살룻투유 향수 오드퍼퓸 20ml [시트러스 블렌드향],https://www.oliveyoung.co.kr/store/goods/getGoodsDetail.do?goodsNo=A000000204902&dispCatNo=100000100050013&trackingCd=Cat100000100050013_Small&t_page=카테고리관&t_click=향수_전체__상품상세&t_number=261,"34,830원",2026-09-05,data/korea_popularity/raw/oliveyoung_perfume_sales_20260905.har,718,KEEP,NONE,named_perfume,"본품 향수 표현과 개별 상품명 확인; 고정 증정품 허용, 용량/농도 원문 유지",no_option_evidence,상품명에서 선택 옵션 근거 없음; 옵션 부재를 상세페이지에서 확인한 것은 아님,,612,KEEP,first_pass_KEEP
oliveyoung,262,판매순,기간 미확인,A000000204903,호텔도슨,호텔도슨 미드소마 향수 오드퍼퓸 20ml [새벽공기향],https://www.oliveyoung.co.kr/store/goods/getGoodsDetail.do?goodsNo=A000000204903&dispCatNo=100000100050013&trackingCd=Cat100000100050013_Small&t_page=카테고리관&t_click=향수_전체__상품상세&t_number=262,"34,830원",2026-09-05,data/korea_popularity/raw/oliveyoung_perfume_sales_20260905.har,718,KEEP,NONE,named_perfume,"본품 향수 표현과 개별 상품명 확인; 고정 증정품 허용, 용량/농도 원문 유지",no_option_evidence,상품명에서 선택 옵션 근거 없음; 옵션 부재를 상세페이지에서 확인한 것은 아님,,613,KEEP,first_pass_KEEP
oliveyoung,263,판매순,기간 미확인,A000000256753,에틀리에,[엔믹스설윤PICK] 에틀리에 오 드 퍼퓸 코튼파우더 30ml,https://www.oliveyoung.co.kr/store/goods/getGoodsDetail.do?goodsNo=A000000256753&dispCatNo=100000100050013&trackingCd=Cat100000100050013_Small&t_page=카테고리관&t_click=향수_전체__상품상세&t_number=263,"32,850원",2026-09-05,data/korea_popularity/raw/oliveyoung_perfume_sales_20260905.har,718,KEEP,NONE,named_perfume,"본품 향수 표현과 개별 상품명 확인; 고정 증정품 허용, 용량/농도 원문 유지",no_option_evidence,상품명에서 선택 옵션 근거 없음; 옵션 부재를 상세페이지에서 확인한 것은 아님,,614,KEEP,first_pass_KEEP
oliveyoung,264,판매순,기간 미확인,A000000267366,아뜰리에페이,[NEW] 아뜰리에페이 퍼퓸 30ml 코지파자마,https://www.oliveyoung.co.kr/store/goods/getGoodsDetail.do?goodsNo=A000000267366&dispCatNo=100000100050013&trackingCd=Cat100000100050013_Small&t_page=카테고리관&t_click=향수_전체__상품상세&t_number=264,"32,400원",2026-09-05,data/korea_popularity/raw/oliveyoung_perfume_sales_20260905.har,718,KEEP,NONE,named_perfume,"본품 향수 표현과 개별 상품명 확인; 고정 증정품 허용, 용량/농도 원문 유지",no_option_evidence,상품명에서 선택 옵션 근거 없음; 옵션 부재를 상세페이지에서 확인한 것은 아님,,615,KEEP,first_pass_KEEP
oliveyoung,265,판매순,기간 미확인,A000000267368,아뜰리에페이,[NEW] 아뜰리에페이 퍼퓸 30ml 프렌치로즈,https://www.oliveyoung.co.kr/store/goods/getGoodsDetail.do?goodsNo=A000000267368&dispCatNo=100000100050013&trackingCd=Cat100000100050013_Small&t_page=카테고리관&t_click=향수_전체__상품상세&t_number=265,"32,400원",2026-09-05,data/korea_popularity/raw/oliveyoung_perfume_sales_20260905.har,718,KEEP,NONE,named_perfume,"본품 향수 표현과 개별 상품명 확인; 고정 증정품 허용, 용량/농도 원문 유지",no_option_evidence,상품명에서 선택 옵션 근거 없음; 옵션 부재를 상세페이지에서 확인한 것은 아님,,616,KEEP,first_pass_KEEP
oliveyoung,266,판매순,기간 미확인,A000000173673,겐조,플라워바이겐조 EDP 15ml,https://www.oliveyoung.co.kr/store/goods/getGoodsDetail.do?goodsNo=A000000173673&dispCatNo=100000100050013&trackingCd=Cat100000100050013_Small&t_page=카테고리관&t_click=향수_전체__상품상세&t_number=266,"31,850원",2026-09-05,data/korea_popularity/raw/oliveyoung_perfume_sales_20260905.har,718,KEEP,NONE,named_perfume,"본품 향수 표현과 개별 상품명 확인; 고정 증정품 허용, 용량/농도 원문 유지",no_option_evidence,상품명에서 선택 옵션 근거 없음; 옵션 부재를 상세페이지에서 확인한 것은 아님,,617,KEEP,first_pass_KEEP
oliveyoung,267,판매순,기간 미확인,A000000163841,더바디샵,더바디샵 브리티쉬 로즈 EDT 100ml,https://www.oliveyoung.co.kr/store/goods/getGoodsDetail.do?goodsNo=A000000163841&dispCatNo=100000100050013&trackingCd=Cat100000100050013_Small&t_page=카테고리관&t_click=향수_전체__상품상세&t_number=267,"31,200원",2026-09-05,data/korea_popularity/raw/oliveyoung_perfume_sales_20260905.har,718,KEEP,NONE,named_perfume,"본품 향수 표현과 개별 상품명 확인; 고정 증정품 허용, 용량/농도 원문 유지",no_option_evidence,상품명에서 선택 옵션 근거 없음; 옵션 부재를 상세페이지에서 확인한 것은 아님,,618,KEEP,first_pass_KEEP
oliveyoung,268,판매순,기간 미확인,A000000267362,아뜰리에페이,[NEW] 아뜰리에페이 퍼퓸 30ml 블랙 우드,https://www.oliveyoung.co.kr/store/goods/getGoodsDetail.do?goodsNo=A000000267362&dispCatNo=100000100050013&trackingCd=Cat100000100050013_Small&t_page=카테고리관&t_click=향수_전체__상품상세&t_number=268,"30,600원",2026-09-05,data/korea_popularity/raw/oliveyoung_perfume_sales_20260905.har,718,KEEP,NONE,named_perfume,"본품 향수 표현과 개별 상품명 확인; 고정 증정품 허용, 용량/농도 원문 유지",no_option_evidence,상품명에서 선택 옵션 근거 없음; 옵션 부재를 상세페이지에서 확인한 것은 아님,,619,KEEP,first_pass_KEEP
oliveyoung,270,판매순,기간 미확인,A000000230056,아디다스(뷰티),[김재원PICK] 아디다스 겟 컴피 EDP (30m기획/50ml/100ml),https://www.oliveyoung.co.kr/store/goods/getGoodsDetail.do?goodsNo=A000000230056&dispCatNo=100000100050013&trackingCd=Cat100000100050013_Small&t_page=카테고리관&t_click=향수_전체__상품상세&t_number=270,"27,360원 ~",2026-09-05,data/korea_popularity/raw/oliveyoung_perfume_sales_20260905.har,718,REVIEW,MIXED,option_mixed,옵션 유형 혼합 또는 옵션 대응 근거 부족,snapshot_option_review,서로 다른 용량과 특정 용량의 기획 구성 선택이 함께 있음,,621,KEEP,second_pass_KEEP
oliveyoung,276,판매순,기간 미확인,A000000152432,로맨띠끄,[명품향수/도손&화이트플로럴향]로맨띠끄 튜베로즈 퍼퓸 50ml,https://www.oliveyoung.co.kr/store/goods/getGoodsDetail.do?goodsNo=A000000152432&dispCatNo=100000100050013&trackingCd=Cat100000100050013_Small&t_page=카테고리관&t_click=향수_전체__상품상세&t_number=276,"18,810원",2026-09-05,data/korea_popularity/raw/oliveyoung_perfume_sales_20260905.har,718,KEEP,NONE,named_perfume,"본품 향수 표현과 개별 상품명 확인; 고정 증정품 허용, 용량/농도 원문 유지",no_option_evidence,상품명에서 선택 옵션 근거 없음; 옵션 부재를 상세페이지에서 확인한 것은 아님,,627,KEEP,first_pass_KEEP
oliveyoung,277,판매순,기간 미확인,A000000229846,아디다스(뷰티),[김재원PICK] 아디다스  에너지 드라이브 EDP (30ml기획/50ml/100ml),https://www.oliveyoung.co.kr/store/goods/getGoodsDetail.do?goodsNo=A000000229846&dispCatNo=100000100050013&trackingCd=Cat100000100050013_Small&t_page=카테고리관&t_click=향수_전체__상품상세&t_number=277,"18,610원 ~",2026-09-05,data/korea_popularity/raw/oliveyoung_perfume_sales_20260905.har,718,REVIEW,MIXED,option_mixed,옵션 유형 혼합 또는 옵션 대응 근거 부족,snapshot_option_review,서로 다른 용량과 특정 용량의 기획 구성 선택이 함께 있음,,628,KEEP,second_pass_KEEP
oliveyoung,279,판매순,기간 미확인,A000000236444,아닐로,아닐로 패츌리가든 오 드 퍼퓸 10ml/50ml 단독 기획,https://www.oliveyoung.co.kr/store/goods/getGoodsDetail.do?goodsNo=A000000236444&dispCatNo=100000100050013&trackingCd=Cat100000100050013_Small&t_page=카테고리관&t_click=향수_전체__상품상세&t_number=279,"18,000원 ~",2026-09-05,data/korea_popularity/raw/oliveyoung_perfume_sales_20260905.har,718,KEEP,SIZE,named_perfume,"본품 향수 표현과 개별 상품명 확인; 고정 증정품 허용, 용량/농도 원문 유지",size_list,동일 상품명에 단위가 명시된 용량 목록,,630,KEEP,first_pass_KEEP
oliveyoung,284,판매순,기간 미확인,A000000000559,겐조,로 겐조 뿌르 팜므 EDT 30ml,https://www.oliveyoung.co.kr/store/goods/getGoodsDetail.do?goodsNo=A000000000559&dispCatNo=100000100050013&trackingCd=Cat100000100050013_Small&t_page=카테고리관&t_click=향수_전체__상품상세&t_number=284,"39,870원",2026-09-05,data/korea_popularity/raw/oliveyoung_perfume_sales_20260905.har,718,KEEP,NONE,named_perfume,"본품 향수 표현과 개별 상품명 확인; 고정 증정품 허용, 용량/농도 원문 유지",no_option_evidence,상품명에서 선택 옵션 근거 없음; 옵션 부재를 상세페이지에서 확인한 것은 아님,,635,KEEP,first_pass_KEEP
oliveyoung,286,판매순,기간 미확인,A000000000597,베르사체,베르사체 맨오프레쉬 50ml,https://www.oliveyoung.co.kr/store/goods/getGoodsDetail.do?goodsNo=A000000000597&dispCatNo=100000100050013&trackingCd=Cat100000100050013_Small&t_page=카테고리관&t_click=향수_전체__상품상세&t_number=286,"81,230원",2026-09-05,data/korea_popularity/raw/oliveyoung_perfume_sales_20260905.har,718,REVIEW,NONE,product_type_unconfirmed,용량/이름만 있고 인체용 향수 표현이 없어 로컬 상품명만으로 용도 확정 불가,no_option_evidence,상품명에서 선택 옵션 근거 없음; 옵션 부재를 상세페이지에서 확인한 것은 아님,,637,KEEP,second_pass_KEEP
oliveyoung,287,판매순,기간 미확인,A000000102233,마크제이콥스,마크제이콥스 데이지 오 쏘 프레쉬 EDT 75ml,https://www.oliveyoung.co.kr/store/goods/getGoodsDetail.do?goodsNo=A000000102233&dispCatNo=100000100050013&trackingCd=Cat100000100050013_Small&t_page=카테고리관&t_click=향수_전체__상품상세&t_number=287,"84,680원",2026-09-05,data/korea_popularity/raw/oliveyoung_perfume_sales_20260905.har,718,KEEP,NONE,named_perfume,"본품 향수 표현과 개별 상품명 확인; 고정 증정품 허용, 용량/농도 원문 유지",no_option_evidence,상품명에서 선택 옵션 근거 없음; 옵션 부재를 상세페이지에서 확인한 것은 아님,,638,KEEP,first_pass_KEEP
oliveyoung,288,판매순,기간 미확인,A000000111356,나르시소 로드리게즈,나르시소 로드리게즈 포 힘 블루 누와르 EDT (50ml/100ml),https://www.oliveyoung.co.kr/store/goods/getGoodsDetail.do?goodsNo=A000000111356&dispCatNo=100000100050013&trackingCd=Cat100000100050013_Small&t_page=카테고리관&t_click=향수_전체__상품상세&t_number=288,"61,600원 ~",2026-09-05,data/korea_popularity/raw/oliveyoung_perfume_sales_20260905.har,718,KEEP,SIZE,named_perfume,"본품 향수 표현과 개별 상품명 확인; 고정 증정품 허용, 용량/농도 원문 유지",size_list,동일 상품명에 단위가 명시된 용량 목록,,639,KEEP,first_pass_KEEP
oliveyoung,289,판매순,기간 미확인,A000000150655,토스,토스 러브미 EDP 30ml (미니어처 증정),https://www.oliveyoung.co.kr/store/goods/getGoodsDetail.do?goodsNo=A000000150655&dispCatNo=100000100050013&trackingCd=Cat100000100050013_Small&t_page=카테고리관&t_click=향수_전체__상품상세&t_number=289,"56,500원",2026-09-05,data/korea_popularity/raw/oliveyoung_perfume_sales_20260905.har,861,KEEP,NONE,named_perfume,"본품 향수 표현과 개별 상품명 확인; 고정 증정품 허용, 용량/농도 원문 유지",no_option_evidence,상품명에서 선택 옵션 근거 없음; 옵션 부재를 상세페이지에서 확인한 것은 아님,,640,KEEP,first_pass_KEEP
oliveyoung,290,판매순,기간 미확인,A000000152852,메르세데스 벤츠,메르세데스 벤츠 맨 프레쉬 EDT 50ml,https://www.oliveyoung.co.kr/store/goods/getGoodsDetail.do?goodsNo=A000000152852&dispCatNo=100000100050013&trackingCd=Cat100000100050013_Small&t_page=카테고리관&t_click=향수_전체__상품상세&t_number=290,"54,150원",2026-09-05,data/korea_popularity/raw/oliveyoung_perfume_sales_20260905.har,861,KEEP,NONE,named_perfume,"본품 향수 표현과 개별 상품명 확인; 고정 증정품 허용, 용량/농도 원문 유지",no_option_evidence,상품명에서 선택 옵션 근거 없음; 옵션 부재를 상세페이지에서 확인한 것은 아님,,641,KEEP,first_pass_KEEP
oliveyoung,292,판매순,기간 미확인,A000000156674,겐조,플라워바이겐조 NEW EDT 30ml,https://www.oliveyoung.co.kr/store/goods/getGoodsDetail.do?goodsNo=A000000156674&dispCatNo=100000100050013&trackingCd=Cat100000100050013_Small&t_page=카테고리관&t_click=향수_전체__상품상세&t_number=292,"51,350원",2026-09-05,data/korea_popularity/raw/oliveyoung_perfume_sales_20260905.har,861,KEEP,NONE,named_perfume,"본품 향수 표현과 개별 상품명 확인; 고정 증정품 허용, 용량/농도 원문 유지",no_option_evidence,상품명에서 선택 옵션 근거 없음; 옵션 부재를 상세페이지에서 확인한 것은 아님,,643,KEEP,first_pass_KEEP
oliveyoung,293,판매순,기간 미확인,A000000157084,메모,메모 마르파 오드퍼퓸 (30ml/75ml),https://www.oliveyoung.co.kr/store/goods/getGoodsDetail.do?goodsNo=A000000157084&dispCatNo=100000100050013&trackingCd=Cat100000100050013_Small&t_page=카테고리관&t_click=향수_전체__상품상세&t_number=293,"198,550원 ~",2026-09-05,data/korea_popularity/raw/oliveyoung_perfume_sales_20260905.har,861,KEEP,SIZE,named_perfume,"본품 향수 표현과 개별 상품명 확인; 고정 증정품 허용, 용량/농도 원문 유지",size_list,동일 상품명에 단위가 명시된 용량 목록,,644,KEEP,first_pass_KEEP
oliveyoung,295,판매순,기간 미확인,A000000161664,모스키노,모스키노 토이 보이 EDP 30ml,https://www.oliveyoung.co.kr/store/goods/getGoodsDetail.do?goodsNo=A000000161664&dispCatNo=100000100050013&trackingCd=Cat100000100050013_Small&t_page=카테고리관&t_click=향수_전체__상품상세&t_number=295,"53,680원",2026-09-05,data/korea_popularity/raw/oliveyoung_perfume_sales_20260905.har,861,KEEP,NONE,named_perfume,"본품 향수 표현과 개별 상품명 확인; 고정 증정품 허용, 용량/농도 원문 유지",no_option_evidence,상품명에서 선택 옵션 근거 없음; 옵션 부재를 상세페이지에서 확인한 것은 아님,,646,KEEP,first_pass_KEEP
oliveyoung,296,판매순,기간 미확인,A000000167684,마크제이콥스,마크제이콥스 퍼펙트 EDP 50ml,https://www.oliveyoung.co.kr/store/goods/getGoodsDetail.do?goodsNo=A000000167684&dispCatNo=100000100050013&trackingCd=Cat100000100050013_Small&t_page=카테고리관&t_click=향수_전체__상품상세&t_number=296,"97,760원",2026-09-05,data/korea_popularity/raw/oliveyoung_perfume_sales_20260905.har,861,KEEP,NONE,named_perfume,"본품 향수 표현과 개별 상품명 확인; 고정 증정품 허용, 용량/농도 원문 유지",no_option_evidence,상품명에서 선택 옵션 근거 없음; 옵션 부재를 상세페이지에서 확인한 것은 아님,,647,KEEP,first_pass_KEEP
oliveyoung,297,판매순,기간 미확인,A000000170883,겐조,겐조 옴므 EDP 110ml,https://www.oliveyoung.co.kr/store/goods/getGoodsDetail.do?goodsNo=A000000170883&dispCatNo=100000100050013&trackingCd=Cat100000100050013_Small&t_page=카테고리관&t_click=향수_전체__상품상세&t_number=297,"91,700원",2026-09-05,data/korea_popularity/raw/oliveyoung_perfume_sales_20260905.har,861,KEEP,NONE,named_perfume,"본품 향수 표현과 개별 상품명 확인; 고정 증정품 허용, 용량/농도 원문 유지",no_option_evidence,상품명에서 선택 옵션 근거 없음; 옵션 부재를 상세페이지에서 확인한 것은 아님,,648,KEEP,first_pass_KEEP
oliveyoung,298,판매순,기간 미확인,A000000170885,겐조,겐조 옴므 EDT 60ml,https://www.oliveyoung.co.kr/store/goods/getGoodsDetail.do?goodsNo=A000000170885&dispCatNo=100000100050013&trackingCd=Cat100000100050013_Small&t_page=카테고리관&t_click=향수_전체__상품상세&t_number=298,"63,180원",2026-09-05,data/korea_popularity/raw/oliveyoung_perfume_sales_20260905.har,861,KEEP,NONE,named_perfume,"본품 향수 표현과 개별 상품명 확인; 고정 증정품 허용, 용량/농도 원문 유지",no_option_evidence,상품명에서 선택 옵션 근거 없음; 옵션 부재를 상세페이지에서 확인한 것은 아님,,649,KEEP,first_pass_KEEP
oliveyoung,299,판매순,기간 미확인,A000000173513,엔시피,엔시피 601 앰버&가이악우드 EDP 10ml 기획세트(퍼퓸파우치+1ml 샘플 추가증정),https://www.oliveyoung.co.kr/store/goods/getGoodsDetail.do?goodsNo=A000000173513&dispCatNo=100000100050013&trackingCd=Cat100000100050013_Small&t_page=카테고리관&t_click=향수_전체__상품상세&t_number=299,"39,000원",2026-09-05,data/korea_popularity/raw/oliveyoung_perfume_sales_20260905.har,861,KEEP,NONE,named_perfume,"본품 향수 표현과 개별 상품명 확인; 고정 증정품 허용, 용량/농도 원문 유지",no_option_evidence,상품명에서 선택 옵션 근거 없음; 옵션 부재를 상세페이지에서 확인한 것은 아님,,650,KEEP,first_pass_KEEP
oliveyoung,300,판매순,기간 미확인,A000000174375,포엘리에,포엘리에 옴므 오드퍼퓸 우디&머스크 남자 향수 30ml,https://www.oliveyoung.co.kr/store/goods/getGoodsDetail.do?goodsNo=A000000174375&dispCatNo=100000100050013&trackingCd=Cat100000100050013_Small&t_page=카테고리관&t_click=향수_전체__상품상세&t_number=300,"20,000원",2026-09-05,data/korea_popularity/raw/oliveyoung_perfume_sales_20260905.har,861,KEEP,NONE,named_perfume,"본품 향수 표현과 개별 상품명 확인; 고정 증정품 허용, 용량/농도 원문 유지",no_option_evidence,상품명에서 선택 옵션 근거 없음; 옵션 부재를 상세페이지에서 확인한 것은 아님,,651,KEEP,first_pass_KEEP
oliveyoung,302,판매순,기간 미확인,A000000181616,메모,메모 케두 EDP 75ml,https://www.oliveyoung.co.kr/store/goods/getGoodsDetail.do?goodsNo=A000000181616&dispCatNo=100000100050013&trackingCd=Cat100000100050013_Small&t_page=카테고리관&t_click=향수_전체__상품상세&t_number=302,"379,050원",2026-09-05,data/korea_popularity/raw/oliveyoung_perfume_sales_20260905.har,861,KEEP,NONE,named_perfume,"본품 향수 표현과 개별 상품명 확인; 고정 증정품 허용, 용량/농도 원문 유지",no_option_evidence,상품명에서 선택 옵션 근거 없음; 옵션 부재를 상세페이지에서 확인한 것은 아님,,653,KEEP,first_pass_KEEP
oliveyoung,303,판매순,기간 미확인,A000000182391,끌로에,끌로에 노마드 EDT 30ml/50ml,https://www.oliveyoung.co.kr/store/goods/getGoodsDetail.do?goodsNo=A000000182391&dispCatNo=100000100050013&trackingCd=Cat100000100050013_Small&t_page=카테고리관&t_click=향수_전체__상품상세&t_number=303,"79,350원 ~",2026-09-05,data/korea_popularity/raw/oliveyoung_perfume_sales_20260905.har,861,KEEP,SIZE,named_perfume,"본품 향수 표현과 개별 상품명 확인; 고정 증정품 허용, 용량/농도 원문 유지",size_list,동일 상품명에 단위가 명시된 용량 목록,,654,KEEP,first_pass_KEEP
oliveyoung,304,판매순,기간 미확인,A000000182975,마이클코어스,[NEW] 마이클 코어스 고저스 오드퍼퓸 50ml,https://www.oliveyoung.co.kr/store/goods/getGoodsDetail.do?goodsNo=A000000182975&dispCatNo=100000100050013&trackingCd=Cat100000100050013_Small&t_page=카테고리관&t_click=향수_전체__상품상세&t_number=304,"66,410원",2026-09-05,data/korea_popularity/raw/oliveyoung_perfume_sales_20260905.har,861,KEEP,NONE,named_perfume,"본품 향수 표현과 개별 상품명 확인; 고정 증정품 허용, 용량/농도 원문 유지",no_option_evidence,상품명에서 선택 옵션 근거 없음; 옵션 부재를 상세페이지에서 확인한 것은 아님,,655,KEEP,first_pass_KEEP
oliveyoung,305,판매순,기간 미확인,A000000183803,버버리,버버리 터치 포 우먼 EDP 50ml,https://www.oliveyoung.co.kr/store/goods/getGoodsDetail.do?goodsNo=A000000183803&dispCatNo=100000100050013&trackingCd=Cat100000100050013_Small&t_page=카테고리관&t_click=향수_전체__상품상세&t_number=305,"84,630원",2026-09-05,data/korea_popularity/raw/oliveyoung_perfume_sales_20260905.har,861,KEEP,NONE,named_perfume,"본품 향수 표현과 개별 상품명 확인; 고정 증정품 허용, 용량/농도 원문 유지",no_option_evidence,상품명에서 선택 옵션 근거 없음; 옵션 부재를 상세페이지에서 확인한 것은 아님,,656,KEEP,first_pass_KEEP
oliveyoung,306,판매순,기간 미확인,A000000185421,겐조,[NEW]겐조 옴므 오 마린 EDT 60ml,https://www.oliveyoung.co.kr/store/goods/getGoodsDetail.do?goodsNo=A000000185421&dispCatNo=100000100050013&trackingCd=Cat100000100050013_Small&t_page=카테고리관&t_click=향수_전체__상품상세&t_number=306,"63,180원",2026-09-05,data/korea_popularity/raw/oliveyoung_perfume_sales_20260905.har,861,KEEP,NONE,named_perfume,"본품 향수 표현과 개별 상품명 확인; 고정 증정품 허용, 용량/농도 원문 유지",no_option_evidence,상품명에서 선택 옵션 근거 없음; 옵션 부재를 상세페이지에서 확인한 것은 아님,,657,KEEP,first_pass_KEEP
oliveyoung,307,판매순,기간 미확인,A000000191080,아리아나그란데,아리아나그란데 모드 블러쉬 EDP 30ml,https://www.oliveyoung.co.kr/store/goods/getGoodsDetail.do?goodsNo=A000000191080&dispCatNo=100000100050013&trackingCd=Cat100000100050013_Small&t_page=카테고리관&t_click=향수_전체__상품상세&t_number=307,"52,540원",2026-09-05,data/korea_popularity/raw/oliveyoung_perfume_sales_20260905.har,861,KEEP,NONE,named_perfume,"본품 향수 표현과 개별 상품명 확인; 고정 증정품 허용, 용량/농도 원문 유지",no_option_evidence,상품명에서 선택 옵션 근거 없음; 옵션 부재를 상세페이지에서 확인한 것은 아님,,658,KEEP,first_pass_KEEP
oliveyoung,308,판매순,기간 미확인,A000000191600,타미힐피거,[단독기획] 타미힐피거 타미 EDT 50ml (+바이알 2ea),https://www.oliveyoung.co.kr/store/goods/getGoodsDetail.do?goodsNo=A000000191600&dispCatNo=100000100050013&trackingCd=Cat100000100050013_Small&t_page=카테고리관&t_click=향수_전체__상품상세&t_number=308,"59,280원 ~",2026-09-05,data/korea_popularity/raw/oliveyoung_perfume_sales_20260905.har,861,KEEP,NONE,named_perfume,"본품 향수 표현과 개별 상품명 확인; 고정 증정품 허용, 용량/농도 원문 유지",no_option_evidence,상품명에서 선택 옵션 근거 없음; 옵션 부재를 상세페이지에서 확인한 것은 아님,,659,KEEP,first_pass_KEEP
oliveyoung,309,판매순,기간 미확인,A000000191603,타미힐피거,타미힐피거 타미나우 EDT 30ml,https://www.oliveyoung.co.kr/store/goods/getGoodsDetail.do?goodsNo=A000000191603&dispCatNo=100000100050013&trackingCd=Cat100000100050013_Small&t_page=카테고리관&t_click=향수_전체__상품상세&t_number=309,"28,410원",2026-09-05,data/korea_popularity/raw/oliveyoung_perfume_sales_20260905.har,861,KEEP,NONE,named_perfume,"본품 향수 표현과 개별 상품명 확인; 고정 증정품 허용, 용량/농도 원문 유지",no_option_evidence,상품명에서 선택 옵션 근거 없음; 옵션 부재를 상세페이지에서 확인한 것은 아님,,660,KEEP,first_pass_KEEP
oliveyoung,310,판매순,기간 미확인,A000000192207,코치,코치 러브 EDP 30ml,https://www.oliveyoung.co.kr/store/goods/getGoodsDetail.do?goodsNo=A000000192207&dispCatNo=100000100050013&trackingCd=Cat100000100050013_Small&t_page=카테고리관&t_click=향수_전체__상품상세&t_number=310,"53,010원",2026-09-05,data/korea_popularity/raw/oliveyoung_perfume_sales_20260905.har,861,KEEP,NONE,named_perfume,"본품 향수 표현과 개별 상품명 확인; 고정 증정품 허용, 용량/농도 원문 유지",no_option_evidence,상품명에서 선택 옵션 근거 없음; 옵션 부재를 상세페이지에서 확인한 것은 아님,,661,KEEP,first_pass_KEEP
oliveyoung,311,판매순,기간 미확인,A000000198092,루에브르,[임현주PICK]루에브르 리베르떼 오 드 퍼퓸 50ml,https://www.oliveyoung.co.kr/store/goods/getGoodsDetail.do?goodsNo=A000000198092&dispCatNo=100000100050013&trackingCd=Cat100000100050013_Small&t_page=카테고리관&t_click=향수_전체__상품상세&t_number=311,"72,090원",2026-09-05,data/korea_popularity/raw/oliveyoung_perfume_sales_20260905.har,861,KEEP,NONE,named_perfume,"본품 향수 표현과 개별 상품명 확인; 고정 증정품 허용, 용량/농도 원문 유지",no_option_evidence,상품명에서 선택 옵션 근거 없음; 옵션 부재를 상세페이지에서 확인한 것은 아님,,662,KEEP,first_pass_KEEP
oliveyoung,313,판매순,기간 미확인,A000000198599,겐조,겐조 옴므 오 마린 EDT 60ml/110ml 2종 택 1,https://www.oliveyoung.co.kr/store/goods/getGoodsDetail.do?goodsNo=A000000198599&dispCatNo=100000100050013&trackingCd=Cat100000100050013_Small&t_page=카테고리관&t_click=향수_전체__상품상세&t_number=313,"63,180원",2026-09-05,data/korea_popularity/raw/oliveyoung_perfume_sales_20260905.har,861,KEEP,SIZE,named_perfume,"본품 향수 표현과 개별 상품명 확인; 고정 증정품 허용, 용량/농도 원문 유지",size_list,동일 상품명에 단위가 명시된 용량 목록,,664,KEEP,first_pass_KEEP
oliveyoung,316,판매순,기간 미확인,A000000202712,아로,아로 니티 허그 EDT 50ml,https://www.oliveyoung.co.kr/store/goods/getGoodsDetail.do?goodsNo=A000000202712&dispCatNo=100000100050013&trackingCd=Cat100000100050013_Small&t_page=카테고리관&t_click=향수_전체__상품상세&t_number=316,"55,530원",2026-09-05,data/korea_popularity/raw/oliveyoung_perfume_sales_20260905.har,861,KEEP,NONE,named_perfume,"본품 향수 표현과 개별 상품명 확인; 고정 증정품 허용, 용량/농도 원문 유지",no_option_evidence,상품명에서 선택 옵션 근거 없음; 옵션 부재를 상세페이지에서 확인한 것은 아님,,667,KEEP,first_pass_KEEP
oliveyoung,317,판매순,기간 미확인,A000000202752,로맨띠끄,[명품향수/블루드&우디향]로맨띠끄 블루 드 옴므 퍼퓸 50ml,https://www.oliveyoung.co.kr/store/goods/getGoodsDetail.do?goodsNo=A000000202752&dispCatNo=100000100050013&trackingCd=Cat100000100050013_Small&t_page=카테고리관&t_click=향수_전체__상품상세&t_number=317,"18,810원",2026-09-05,data/korea_popularity/raw/oliveyoung_perfume_sales_20260905.har,861,KEEP,NONE,named_perfume,"본품 향수 표현과 개별 상품명 확인; 고정 증정품 허용, 용량/농도 원문 유지",no_option_evidence,상품명에서 선택 옵션 근거 없음; 옵션 부재를 상세페이지에서 확인한 것은 아님,,668,KEEP,first_pass_KEEP
oliveyoung,318,판매순,기간 미확인,A000000202753,로맨띠끄,[명품향수/ 옴브레레더&살냄새향] 로맨띠끄 오리진 레더 퍼퓸 50ml,https://www.oliveyoung.co.kr/store/goods/getGoodsDetail.do?goodsNo=A000000202753&dispCatNo=100000100050013&trackingCd=Cat100000100050013_Small&t_page=카테고리관&t_click=향수_전체__상품상세&t_number=318,"18,810원",2026-09-05,data/korea_popularity/raw/oliveyoung_perfume_sales_20260905.har,861,KEEP,NONE,named_perfume,"본품 향수 표현과 개별 상품명 확인; 고정 증정품 허용, 용량/농도 원문 유지",no_option_evidence,상품명에서 선택 옵션 근거 없음; 옵션 부재를 상세페이지에서 확인한 것은 아님,,669,KEEP,first_pass_KEEP
oliveyoung,321,판매순,기간 미확인,A000000204076,데메테르 어스,데메테르 어스 리프레싱 오 파퓨메 EDP 30ml/50ml 블라썸 36,https://www.oliveyoung.co.kr/store/goods/getGoodsDetail.do?goodsNo=A000000204076&dispCatNo=100000100050013&trackingCd=Cat100000100050013_Small&t_page=카테고리관&t_click=향수_전체__상품상세&t_number=321,"29,930원 ~",2026-09-05,data/korea_popularity/raw/oliveyoung_perfume_sales_20260905.har,861,KEEP,SIZE,named_perfume,"본품 향수 표현과 개별 상품명 확인; 고정 증정품 허용, 용량/농도 원문 유지",size_list,동일 상품명에 단위가 명시된 용량 목록,,672,KEEP,first_pass_KEEP
oliveyoung,323,판매순,기간 미확인,A000000204894,호텔도슨,호텔도슨 셀프블룸 향수 오드퍼퓸 75ml [첫사랑향수],https://www.oliveyoung.co.kr/store/goods/getGoodsDetail.do?goodsNo=A000000204894&dispCatNo=100000100050013&trackingCd=Cat100000100050013_Small&t_page=카테고리관&t_click=향수_전체__상품상세&t_number=323,"80,330원",2026-09-05,data/korea_popularity/raw/oliveyoung_perfume_sales_20260905.har,861,KEEP,NONE,named_perfume,"본품 향수 표현과 개별 상품명 확인; 고정 증정품 허용, 용량/농도 원문 유지",no_option_evidence,상품명에서 선택 옵션 근거 없음; 옵션 부재를 상세페이지에서 확인한 것은 아님,,674,KEEP,first_pass_KEEP
oliveyoung,325,판매순,기간 미확인,A000000205228,아로,아로 라이크 라일락 EDT 50ml,https://www.oliveyoung.co.kr/store/goods/getGoodsDetail.do?goodsNo=A000000205228&dispCatNo=100000100050013&trackingCd=Cat100000100050013_Small&t_page=카테고리관&t_click=향수_전체__상품상세&t_number=325,"55,530원",2026-09-05,data/korea_popularity/raw/oliveyoung_perfume_sales_20260905.har,861,KEEP,NONE,named_perfume,"본품 향수 표현과 개별 상품명 확인; 고정 증정품 허용, 용량/농도 원문 유지",no_option_evidence,상품명에서 선택 옵션 근거 없음; 옵션 부재를 상세페이지에서 확인한 것은 아님,,676,KEEP,first_pass_KEEP
oliveyoung,327,판매순,기간 미확인,A000000206226,부씨,[NEW] 부씨 HBD 해피벌쓰데이 EDP 30ml,https://www.oliveyoung.co.kr/store/goods/getGoodsDetail.do?goodsNo=A000000206226&dispCatNo=100000100050013&trackingCd=Cat100000100050013_Small&t_page=카테고리관&t_click=향수_전체__상품상세&t_number=327,"59,000원",2026-09-05,data/korea_popularity/raw/oliveyoung_perfume_sales_20260905.har,861,KEEP,NONE,named_perfume,"본품 향수 표현과 개별 상품명 확인; 고정 증정품 허용, 용량/농도 원문 유지",no_option_evidence,상품명에서 선택 옵션 근거 없음; 옵션 부재를 상세페이지에서 확인한 것은 아님,,678,KEEP,first_pass_KEEP
oliveyoung,328,판매순,기간 미확인,A000000206265,데메테르 어스,"데메테르 어스 리프레싱 오 파퓨메 EDP 30ml/50ml 베르가못트리, 시실리",https://www.oliveyoung.co.kr/store/goods/getGoodsDetail.do?goodsNo=A000000206265&dispCatNo=100000100050013&trackingCd=Cat100000100050013_Small&t_page=카테고리관&t_click=향수_전체__상품상세&t_number=328,"39,240원 ~",2026-09-05,data/korea_popularity/raw/oliveyoung_perfume_sales_20260905.har,861,KEEP,SIZE,named_perfume,"본품 향수 표현과 개별 상품명 확인; 고정 증정품 허용, 용량/농도 원문 유지",size_list,동일 상품명에 단위가 명시된 용량 목록,,679,KEEP,first_pass_KEEP
oliveyoung,329,판매순,기간 미확인,A000000206482,아뜰리에페이,아뜰리에페이 퍼퓸 프렌치로즈 30ml,https://www.oliveyoung.co.kr/store/goods/getGoodsDetail.do?goodsNo=A000000206482&dispCatNo=100000100050013&trackingCd=Cat100000100050013_Small&t_page=카테고리관&t_click=향수_전체__상품상세&t_number=329,"32,400원",2026-09-05,data/korea_popularity/raw/oliveyoung_perfume_sales_20260905.har,861,KEEP,NONE,named_perfume,"본품 향수 표현과 개별 상품명 확인; 고정 증정품 허용, 용량/농도 원문 유지",no_option_evidence,상품명에서 선택 옵션 근거 없음; 옵션 부재를 상세페이지에서 확인한 것은 아님,,680,KEEP,first_pass_KEEP
oliveyoung,330,판매순,기간 미확인,A000000206483,아뜰리에페이,아뜰리에페이 퍼퓸 위스테리아 위시 30ml,https://www.oliveyoung.co.kr/store/goods/getGoodsDetail.do?goodsNo=A000000206483&dispCatNo=100000100050013&trackingCd=Cat100000100050013_Small&t_page=카테고리관&t_click=향수_전체__상품상세&t_number=330,"30,600원",2026-09-05,data/korea_popularity/raw/oliveyoung_perfume_sales_20260905.har,861,KEEP,NONE,named_perfume,"본품 향수 표현과 개별 상품명 확인; 고정 증정품 허용, 용량/농도 원문 유지",no_option_evidence,상품명에서 선택 옵션 근거 없음; 옵션 부재를 상세페이지에서 확인한 것은 아님,,681,KEEP,first_pass_KEEP
oliveyoung,332,판매순,기간 미확인,A000000206522,아이젠틀맨,[남친향수] 아이젠틀맨 콜 유 마인 오 드 퍼퓸 50ml,https://www.oliveyoung.co.kr/store/goods/getGoodsDetail.do?goodsNo=A000000206522&dispCatNo=100000100050013&trackingCd=Cat100000100050013_Small&t_page=카테고리관&t_click=향수_전체__상품상세&t_number=332,"45,130원",2026-09-05,data/korea_popularity/raw/oliveyoung_perfume_sales_20260905.har,861,KEEP,NONE,named_perfume,"본품 향수 표현과 개별 상품명 확인; 고정 증정품 허용, 용량/농도 원문 유지",no_option_evidence,상품명에서 선택 옵션 근거 없음; 옵션 부재를 상세페이지에서 확인한 것은 아님,,683,KEEP,first_pass_KEEP
oliveyoung,333,판매순,기간 미확인,A000000206524,아이젠틀맨,[남친향수] 아이젠틀맨 메이크 미 호니 오 드 퍼퓸 50ml,https://www.oliveyoung.co.kr/store/goods/getGoodsDetail.do?goodsNo=A000000206524&dispCatNo=100000100050013&trackingCd=Cat100000100050013_Small&t_page=카테고리관&t_click=향수_전체__상품상세&t_number=333,"45,130원",2026-09-05,data/korea_popularity/raw/oliveyoung_perfume_sales_20260905.har,861,KEEP,NONE,named_perfume,"본품 향수 표현과 개별 상품명 확인; 고정 증정품 허용, 용량/농도 원문 유지",no_option_evidence,상품명에서 선택 옵션 근거 없음; 옵션 부재를 상세페이지에서 확인한 것은 아님,,684,KEEP,first_pass_KEEP
oliveyoung,334,판매순,기간 미확인,A000000206702,취,취 오드퍼퓸 50ml 사찰,https://www.oliveyoung.co.kr/store/goods/getGoodsDetail.do?goodsNo=A000000206702&dispCatNo=100000100050013&trackingCd=Cat100000100050013_Small&t_page=카테고리관&t_click=향수_전체__상품상세&t_number=334,"75,900원",2026-09-05,data/korea_popularity/raw/oliveyoung_perfume_sales_20260905.har,861,KEEP,NONE,named_perfume,"본품 향수 표현과 개별 상품명 확인; 고정 증정품 허용, 용량/농도 원문 유지",no_option_evidence,상품명에서 선택 옵션 근거 없음; 옵션 부재를 상세페이지에서 확인한 것은 아님,,685,KEEP,first_pass_KEEP
oliveyoung,336,판매순,기간 미확인,A000000208822,에이딕트,에이딕트 오 드 퍼퓸 블랑 드 블룸 50ml,https://www.oliveyoung.co.kr/store/goods/getGoodsDetail.do?goodsNo=A000000208822&dispCatNo=100000100050013&trackingCd=Cat100000100050013_Small&t_page=카테고리관&t_click=향수_전체__상품상세&t_number=336,"36,960원",2026-09-05,data/korea_popularity/raw/oliveyoung_perfume_sales_20260905.har,861,KEEP,NONE,named_perfume,"본품 향수 표현과 개별 상품명 확인; 고정 증정품 허용, 용량/농도 원문 유지",no_option_evidence,상품명에서 선택 옵션 근거 없음; 옵션 부재를 상세페이지에서 확인한 것은 아님,,687,KEEP,first_pass_KEEP
oliveyoung,337,판매순,기간 미확인,A000000209793,돌체앤가바나,돌체앤가바나 돌체 피오니 EDP 50ml,https://www.oliveyoung.co.kr/store/goods/getGoodsDetail.do?goodsNo=A000000209793&dispCatNo=100000100050013&trackingCd=Cat100000100050013_Small&t_page=카테고리관&t_click=향수_전체__상품상세&t_number=337,"103,320원",2026-09-05,data/korea_popularity/raw/oliveyoung_perfume_sales_20260905.har,1004,KEEP,NONE,named_perfume,"본품 향수 표현과 개별 상품명 확인; 고정 증정품 허용, 용량/농도 원문 유지",no_option_evidence,상품명에서 선택 옵션 근거 없음; 옵션 부재를 상세페이지에서 확인한 것은 아님,,688,KEEP,first_pass_KEEP
oliveyoung,338,판매순,기간 미확인,A000000209795,돌체앤가바나,돌체앤가바나 돌체 바이올렛 EDT 50ml,https://www.oliveyoung.co.kr/store/goods/getGoodsDetail.do?goodsNo=A000000209795&dispCatNo=100000100050013&trackingCd=Cat100000100050013_Small&t_page=카테고리관&t_click=향수_전체__상품상세&t_number=338,"97,540원",2026-09-05,data/korea_popularity/raw/oliveyoung_perfume_sales_20260905.har,1004,KEEP,NONE,named_perfume,"본품 향수 표현과 개별 상품명 확인; 고정 증정품 허용, 용량/농도 원문 유지",no_option_evidence,상품명에서 선택 옵션 근거 없음; 옵션 부재를 상세페이지에서 확인한 것은 아님,,689,KEEP,first_pass_KEEP
oliveyoung,339,판매순,기간 미확인,A000000211533,메르세데스 벤츠,메르세데스 벤츠 LSA Sea EDP 30ml/60ml 중 택1,https://www.oliveyoung.co.kr/store/goods/getGoodsDetail.do?goodsNo=A000000211533&dispCatNo=100000100050013&trackingCd=Cat100000100050013_Small&t_page=카테고리관&t_click=향수_전체__상품상세&t_number=339,"75,240원 ~",2026-09-05,data/korea_popularity/raw/oliveyoung_perfume_sales_20260905.har,1004,KEEP,SIZE,named_perfume,"본품 향수 표현과 개별 상품명 확인; 고정 증정품 허용, 용량/농도 원문 유지",size_list,동일 상품명에 단위가 명시된 용량 목록,,690,KEEP,first_pass_KEEP
oliveyoung,341,판매순,기간 미확인,A000000214502,센틀리에,센틀리에 오드퍼퓸 오렌지블라썸 토스카나 50ml,https://www.oliveyoung.co.kr/store/goods/getGoodsDetail.do?goodsNo=A000000214502&dispCatNo=100000100050013&trackingCd=Cat100000100050013_Small&t_page=카테고리관&t_click=향수_전체__상품상세&t_number=341,"67,640원",2026-09-05,data/korea_popularity/raw/oliveyoung_perfume_sales_20260905.har,1004,KEEP,NONE,named_perfume,"본품 향수 표현과 개별 상품명 확인; 고정 증정품 허용, 용량/농도 원문 유지",no_option_evidence,상품명에서 선택 옵션 근거 없음; 옵션 부재를 상세페이지에서 확인한 것은 아님,,692,KEEP,first_pass_KEEP
oliveyoung,342,판매순,기간 미확인,A000000215986,메모,메모 셔우드 오드퍼퓸 75ml,https://www.oliveyoung.co.kr/store/goods/getGoodsDetail.do?goodsNo=A000000215986&dispCatNo=100000100050013&trackingCd=Cat100000100050013_Small&t_page=카테고리관&t_click=향수_전체__상품상세&t_number=342,"379,050원",2026-09-05,data/korea_popularity/raw/oliveyoung_perfume_sales_20260905.har,1004,KEEP,NONE,named_perfume,"본품 향수 표현과 개별 상품명 확인; 고정 증정품 허용, 용량/농도 원문 유지",no_option_evidence,상품명에서 선택 옵션 근거 없음; 옵션 부재를 상세페이지에서 확인한 것은 아님,,693,KEEP,first_pass_KEEP
oliveyoung,344,판매순,기간 미확인,A000000215988,메모,메모 오드메모 오드퍼퓸 (30ml / 100ml),https://www.oliveyoung.co.kr/store/goods/getGoodsDetail.do?goodsNo=A000000215988&dispCatNo=100000100050013&trackingCd=Cat100000100050013_Small&t_page=카테고리관&t_click=향수_전체__상품상세&t_number=344,"198,550원 ~",2026-09-05,data/korea_popularity/raw/oliveyoung_perfume_sales_20260905.har,1004,KEEP,SIZE,named_perfume,"본품 향수 표현과 개별 상품명 확인; 고정 증정품 허용, 용량/농도 원문 유지",size_list,동일 상품명에 단위가 명시된 용량 목록,,695,KEEP,first_pass_KEEP
oliveyoung,345,판매순,기간 미확인,A000000215989,메모,메모 프렌치 레더 오드퍼퓸 30ml,https://www.oliveyoung.co.kr/store/goods/getGoodsDetail.do?goodsNo=A000000215989&dispCatNo=100000100050013&trackingCd=Cat100000100050013_Small&t_page=카테고리관&t_click=향수_전체__상품상세&t_number=345,"198,550원",2026-09-05,data/korea_popularity/raw/oliveyoung_perfume_sales_20260905.har,1004,KEEP,NONE,named_perfume,"본품 향수 표현과 개별 상품명 확인; 고정 증정품 허용, 용량/농도 원문 유지",no_option_evidence,상품명에서 선택 옵션 근거 없음; 옵션 부재를 상세페이지에서 확인한 것은 아님,,696,KEEP,first_pass_KEEP
oliveyoung,346,판매순,기간 미확인,A000000215990,메모,메모 마르파 오드퍼퓸 30ml,https://www.oliveyoung.co.kr/store/goods/getGoodsDetail.do?goodsNo=A000000215990&dispCatNo=100000100050013&trackingCd=Cat100000100050013_Small&t_page=카테고리관&t_click=향수_전체__상품상세&t_number=346,"198,550원",2026-09-05,data/korea_popularity/raw/oliveyoung_perfume_sales_20260905.har,1004,KEEP,NONE,named_perfume,"본품 향수 표현과 개별 상품명 확인; 고정 증정품 허용, 용량/농도 원문 유지",no_option_evidence,상품명에서 선택 옵션 근거 없음; 옵션 부재를 상세페이지에서 확인한 것은 아님,,697,KEEP,first_pass_KEEP
oliveyoung,347,판매순,기간 미확인,A000000216041,알보우,[기획] 알보우 케이스 스터디 EDP 30ml 상탈 블루 (+핸드크림),https://www.oliveyoung.co.kr/store/goods/getGoodsDetail.do?goodsNo=A000000216041&dispCatNo=100000100050013&trackingCd=Cat100000100050013_Small&t_page=카테고리관&t_click=향수_전체__상품상세&t_number=347,"58,140원 ~",2026-09-05,data/korea_popularity/raw/oliveyoung_perfume_sales_20260905.har,1004,KEEP,NONE,named_perfume,"본품 향수 표현과 개별 상품명 확인; 고정 증정품 허용, 용량/농도 원문 유지",no_option_evidence,상품명에서 선택 옵션 근거 없음; 옵션 부재를 상세페이지에서 확인한 것은 아님,,698,KEEP,first_pass_KEEP
oliveyoung,348,판매순,기간 미확인,A000000216439,더페이스샵,더페이스샵 소울 써니 블라썸 EDP 30ml,https://www.oliveyoung.co.kr/store/goods/getGoodsDetail.do?goodsNo=A000000216439&dispCatNo=100000100050013&trackingCd=Cat100000100050013_Small&t_page=카테고리관&t_click=향수_전체__상품상세&t_number=348,"20,280원",2026-09-05,data/korea_popularity/raw/oliveyoung_perfume_sales_20260905.har,1004,KEEP,NONE,named_perfume,"본품 향수 표현과 개별 상품명 확인; 고정 증정품 허용, 용량/농도 원문 유지",no_option_evidence,상품명에서 선택 옵션 근거 없음; 옵션 부재를 상세페이지에서 확인한 것은 아님,,699,KEEP,first_pass_KEEP
oliveyoung,349,판매순,기간 미확인,A000000216443,더페이스샵,더페이스샵 소울 릴리 드림 EDP 30ml,https://www.oliveyoung.co.kr/store/goods/getGoodsDetail.do?goodsNo=A000000216443&dispCatNo=100000100050013&trackingCd=Cat100000100050013_Small&t_page=카테고리관&t_click=향수_전체__상품상세&t_number=349,"20,280원",2026-09-05,data/korea_popularity/raw/oliveyoung_perfume_sales_20260905.har,1004,KEEP,NONE,named_perfume,"본품 향수 표현과 개별 상품명 확인; 고정 증정품 허용, 용량/농도 원문 유지",no_option_evidence,상품명에서 선택 옵션 근거 없음; 옵션 부재를 상세페이지에서 확인한 것은 아님,,700,KEEP,first_pass_KEEP
oliveyoung,350,판매순,기간 미확인,A000000216446,더페이스샵,더페이스샵 소울 퓨어 허그 EDP 30ml,https://www.oliveyoung.co.kr/store/goods/getGoodsDetail.do?goodsNo=A000000216446&dispCatNo=100000100050013&trackingCd=Cat100000100050013_Small&t_page=카테고리관&t_click=향수_전체__상품상세&t_number=350,"20,280원",2026-09-05,data/korea_popularity/raw/oliveyoung_perfume_sales_20260905.har,1004,KEEP,NONE,named_perfume,"본품 향수 표현과 개별 상품명 확인; 고정 증정품 허용, 용량/농도 원문 유지",no_option_evidence,상품명에서 선택 옵션 근거 없음; 옵션 부재를 상세페이지에서 확인한 것은 아님,,701,KEEP,first_pass_KEEP
lotte,1,판매 많은순,최근 30일,PD51657591,향수존,그레 카보틴 오드뚜왈렛 30ml,https://www.lotteon.com/product/PD51657591?mall_no=1,34740,2026-09-05,data/korea_popularity/raw/lotte_department_perfume_sales_top350_20260905.har,1,KEEP,NONE,named_perfume,"본품 향수 표현과 개별 상품명 확인; 고정 증정품 허용, 용량/농도 원문 유지",no_option_evidence,상품명에서 선택 옵션 근거 없음; 옵션 부재를 상세페이지에서 확인한 것은 아님,,702,KEEP,first_pass_KEEP
lotte,2,판매 많은순,최근 30일,PD67351722,향수존,[몽탈] 초콜릿 그리디 오드퍼퓸 100ml (바이알 3종),https://www.lotteon.com/product/PD67351722?mall_no=1,150480,2026-09-05,data/korea_popularity/raw/lotte_department_perfume_sales_top350_20260905.har,1,KEEP,NONE,named_perfume,"본품 향수 표현과 개별 상품명 확인; 고정 증정품 허용, 용량/농도 원문 유지",no_option_evidence,상품명에서 선택 옵션 근거 없음; 옵션 부재를 상세페이지에서 확인한 것은 아님,,703,KEEP,first_pass_KEEP
lotte,3,판매 많은순,최근 30일,LE1220689552,향수존,[베르사체] 에로스 에너지 EDP 100ml (미니어처 1종),https://www.lotteon.com/product/LE1220689552?sitmNo=LE1220689552_1324589045&mall_no=1,161100,2026-09-05,data/korea_popularity/raw/lotte_department_perfume_sales_top350_20260905.har,1,KEEP,NONE,named_perfume,"본품 향수 표현과 개별 상품명 확인; 고정 증정품 허용, 용량/농도 원문 유지",no_option_evidence,상품명에서 선택 옵션 근거 없음; 옵션 부재를 상세페이지에서 확인한 것은 아님,,704,KEEP,first_pass_KEEP
lotte,4,판매 많은순,최근 30일,PD38333575,향수존,재규어 클래식 일렉트릭 스카이 오드뚜왈렛 100ml,https://www.lotteon.com/product/PD38333575?mall_no=1,54180,2026-09-05,data/korea_popularity/raw/lotte_department_perfume_sales_top350_20260905.har,1,KEEP,NONE,named_perfume,"본품 향수 표현과 개별 상품명 확인; 고정 증정품 허용, 용량/농도 원문 유지",no_option_evidence,상품명에서 선택 옵션 근거 없음; 옵션 부재를 상세페이지에서 확인한 것은 아님,,705,KEEP,first_pass_KEEP
lotte,5,판매 많은순,최근 30일,PD59665070,향수존,라리끄 솔레이 루나 오드퍼퓸 100ml,https://www.lotteon.com/product/PD59665070?mall_no=1,196650,2026-09-05,data/korea_popularity/raw/lotte_department_perfume_sales_top350_20260905.har,1,KEEP,NONE,named_perfume,"본품 향수 표현과 개별 상품명 확인; 고정 증정품 허용, 용량/농도 원문 유지",no_option_evidence,상품명에서 선택 옵션 근거 없음; 옵션 부재를 상세페이지에서 확인한 것은 아님,,706,KEEP,first_pass_KEEP
lotte,6,판매 많은순,최근 30일,PD63600272,향수존,[만세라] 오드 레몬 민트 오드퍼퓸 60ml (바이알 3종),https://www.lotteon.com/product/PD63600272?mall_no=1,150480,2026-09-05,data/korea_popularity/raw/lotte_department_perfume_sales_top350_20260905.har,1,KEEP,NONE,named_perfume,"본품 향수 표현과 개별 상품명 확인; 고정 증정품 허용, 용량/농도 원문 유지",no_option_evidence,상품명에서 선택 옵션 근거 없음; 옵션 부재를 상세페이지에서 확인한 것은 아님,,707,KEEP,first_pass_KEEP
lotte,7,판매 많은순,최근 30일,PD57713957,향수존,[베르두콜렉션] 그랑크뤼 아주르 리비에라 EDP 100ml,https://www.lotteon.com/product/PD57713957?mall_no=1,49500,2026-09-05,data/korea_popularity/raw/lotte_department_perfume_sales_top350_20260905.har,1,KEEP,NONE,named_perfume,"본품 향수 표현과 개별 상품명 확인; 고정 증정품 허용, 용량/농도 원문 유지",no_option_evidence,상품명에서 선택 옵션 근거 없음; 옵션 부재를 상세페이지에서 확인한 것은 아님,,708,KEEP,first_pass_KEEP
lotte,8,판매 많은순,최근 30일,LE1207144895,향수존,[베르사체] 브라이트 크리스탈 오드뚜왈렛 90ml (+ 미니어처 1종),https://www.lotteon.com/product/LE1207144895?sitmNo=LE1207144895_1239047586&mall_no=1,128880,2026-09-05,data/korea_popularity/raw/lotte_department_perfume_sales_top350_20260905.har,1,KEEP,NONE,named_perfume,"본품 향수 표현과 개별 상품명 확인; 고정 증정품 허용, 용량/농도 원문 유지",no_option_evidence,상품명에서 선택 옵션 근거 없음; 옵션 부재를 상세페이지에서 확인한 것은 아님,,709,KEEP,first_pass_KEEP
lotte,9,판매 많은순,최근 30일,PD48941689,향수존,바나나리퍼블릭 메탈레인 오드퍼퓸 30ml,https://www.lotteon.com/product/PD48941689?mall_no=1,57600,2026-09-05,data/korea_popularity/raw/lotte_department_perfume_sales_top350_20260905.har,1,KEEP,NONE,named_perfume,"본품 향수 표현과 개별 상품명 확인; 고정 증정품 허용, 용량/농도 원문 유지",no_option_evidence,상품명에서 선택 옵션 근거 없음; 옵션 부재를 상세페이지에서 확인한 것은 아님,,710,KEEP,first_pass_KEEP
lotte,10,판매 많은순,최근 30일,LE1221902689,향수존,[니샤네] 팬 유어 플레임즈 엑스트레 드 퍼퓸 50ml (바이알 3종),https://www.lotteon.com/product/LE1221902689?sitmNo=LE1221902689_1332699035&mall_no=1,324900,2026-09-05,data/korea_popularity/raw/lotte_department_perfume_sales_top350_20260905.har,1,KEEP,NONE,named_perfume,"본품 향수 표현과 개별 상품명 확인; 고정 증정품 허용, 용량/농도 원문 유지",no_option_evidence,상품명에서 선택 옵션 근거 없음; 옵션 부재를 상세페이지에서 확인한 것은 아님,,711,KEEP,first_pass_KEEP
lotte,11,판매 많은순,최근 30일,PD48937481,향수존,바나나리퍼블릭 미드나잇 아워 오드퍼퓸 75ml,https://www.lotteon.com/product/PD48937481?mall_no=1,93600,2026-09-05,data/korea_popularity/raw/lotte_department_perfume_sales_top350_20260905.har,1,KEEP,NONE,named_perfume,"본품 향수 표현과 개별 상품명 확인; 고정 증정품 허용, 용량/농도 원문 유지",no_option_evidence,상품명에서 선택 옵션 근거 없음; 옵션 부재를 상세페이지에서 확인한 것은 아님,,712,KEEP,first_pass_KEEP
lotte,12,판매 많은순,최근 30일,PD64387972,향수존,[바나나리퍼블릭] 퓨어 화이트 오드퍼퓸 30ml,https://www.lotteon.com/product/PD64387972?mall_no=1,57600,2026-09-05,data/korea_popularity/raw/lotte_department_perfume_sales_top350_20260905.har,1,KEEP,NONE,named_perfume,"본품 향수 표현과 개별 상품명 확인; 고정 증정품 허용, 용량/농도 원문 유지",no_option_evidence,상품명에서 선택 옵션 근거 없음; 옵션 부재를 상세페이지에서 확인한 것은 아님,,713,KEEP,first_pass_KEEP
lotte,13,판매 많은순,최근 30일,LE1220621963,향수존,[BMW] 더 센트 오브 베르가무드 오드퍼퓸 100ml,https://www.lotteon.com/product/LE1220621963?sitmNo=LE1220621963_1324156490&mall_no=1,128250,2026-09-05,data/korea_popularity/raw/lotte_department_perfume_sales_top350_20260905.har,1,KEEP,NONE,named_perfume,"본품 향수 표현과 개별 상품명 확인; 고정 증정품 허용, 용량/농도 원문 유지",no_option_evidence,상품명에서 선택 옵션 근거 없음; 옵션 부재를 상세페이지에서 확인한 것은 아님,,714,KEEP,first_pass_KEEP
lotte,14,판매 많은순,최근 30일,PD51854281,향수존,[랑세] 르방케 오드퍼퓸 포 맨 50ml (바이알3종),https://www.lotteon.com/product/PD51854281?mall_no=1,125280,2026-09-05,data/korea_popularity/raw/lotte_department_perfume_sales_top350_20260905.har,1,KEEP,NONE,named_perfume,"본품 향수 표현과 개별 상품명 확인; 고정 증정품 허용, 용량/농도 원문 유지",no_option_evidence,상품명에서 선택 옵션 근거 없음; 옵션 부재를 상세페이지에서 확인한 것은 아님,,715,KEEP,first_pass_KEEP
lotte,15,판매 많은순,최근 30일,LE1220713398,향수존,[베르사체] 오프레쉬 맨 EDT 100ml (미니어처 1종),https://www.lotteon.com/product/LE1220713398?sitmNo=LE1220713398_1325791359&mall_no=1,108000,2026-09-05,data/korea_popularity/raw/lotte_department_perfume_sales_top350_20260905.har,1,KEEP,NONE,named_perfume,"본품 향수 표현과 개별 상품명 확인; 고정 증정품 허용, 용량/농도 원문 유지",no_option_evidence,상품명에서 선택 옵션 근거 없음; 옵션 부재를 상세페이지에서 확인한 것은 아님,,716,KEEP,first_pass_KEEP
lotte,16,판매 많은순,최근 30일,PD48933345,향수존,니코스 스컬프쳐 미코노스 오드퍼퓸 100ml,https://www.lotteon.com/product/PD48933345?mall_no=1,102600,2026-09-05,data/korea_popularity/raw/lotte_department_perfume_sales_top350_20260905.har,1,KEEP,NONE,named_perfume,"본품 향수 표현과 개별 상품명 확인; 고정 증정품 허용, 용량/농도 원문 유지",no_option_evidence,상품명에서 선택 옵션 근거 없음; 옵션 부재를 상세페이지에서 확인한 것은 아님,,717,KEEP,first_pass_KEEP
lotte,17,판매 많은순,최근 30일,LE1222197351,향수존,[몽탈] 비 마이 플럼 오드퍼퓸 100ml (바이알 3종),https://www.lotteon.com/product/LE1222197351?sitmNo=LE1222197351_1334661582&mall_no=1,207000,2026-09-05,data/korea_popularity/raw/lotte_department_perfume_sales_top350_20260905.har,1,KEEP,NONE,named_perfume,"본품 향수 표현과 개별 상품명 확인; 고정 증정품 허용, 용량/농도 원문 유지",no_option_evidence,상품명에서 선택 옵션 근거 없음; 옵션 부재를 상세페이지에서 확인한 것은 아님,,718,KEEP,first_pass_KEEP
lotte,18,판매 많은순,최근 30일,LE1222242988,향수존,[만세라] 자스민 엑스클루시프 오드퍼퓸 120ml (바이알 3종),https://www.lotteon.com/product/LE1222242988?sitmNo=LE1222242988_1335011358&mall_no=1,252000,2026-09-05,data/korea_popularity/raw/lotte_department_perfume_sales_top350_20260905.har,1,KEEP,NONE,named_perfume,"본품 향수 표현과 개별 상품명 확인; 고정 증정품 허용, 용량/농도 원문 유지",no_option_evidence,상품명에서 선택 옵션 근거 없음; 옵션 부재를 상세페이지에서 확인한 것은 아님,,719,KEEP,first_pass_KEEP
lotte,19,판매 많은순,최근 30일,PD51860983,향수존,[랑세] 조세핀 오드퍼퓸 포 우먼 100ml (바이알3종),https://www.lotteon.com/product/PD51860983?mall_no=1,172260,2026-09-05,data/korea_popularity/raw/lotte_department_perfume_sales_top350_20260905.har,1,KEEP,NONE,named_perfume,"본품 향수 표현과 개별 상품명 확인; 고정 증정품 허용, 용량/농도 원문 유지",no_option_evidence,상품명에서 선택 옵션 근거 없음; 옵션 부재를 상세페이지에서 확인한 것은 아님,,720,KEEP,first_pass_KEEP
lotte,20,판매 많은순,최근 30일,PD66471632,향수존,[몽탈] 버블 포에버 오드퍼퓸 100ml (바이알 3종),https://www.lotteon.com/product/PD66471632?mall_no=1,182160,2026-09-05,data/korea_popularity/raw/lotte_department_perfume_sales_top350_20260905.har,1,KEEP,NONE,named_perfume,"본품 향수 표현과 개별 상품명 확인; 고정 증정품 허용, 용량/농도 원문 유지",no_option_evidence,상품명에서 선택 옵션 근거 없음; 옵션 부재를 상세페이지에서 확인한 것은 아님,,721,KEEP,first_pass_KEEP
lotte,21,판매 많은순,최근 30일,PD66650759,향수존,[니샤네] 하지밧 엑스트레 드 퍼퓸 50ml (바이알3종),https://www.lotteon.com/product/PD66650759?mall_no=1,350550,2026-09-05,data/korea_popularity/raw/lotte_department_perfume_sales_top350_20260905.har,1,KEEP,NONE,named_perfume,"본품 향수 표현과 개별 상품명 확인; 고정 증정품 허용, 용량/농도 원문 유지",no_option_evidence,상품명에서 선택 옵션 근거 없음; 옵션 부재를 상세페이지에서 확인한 것은 아님,,722,KEEP,first_pass_KEEP
lotte,22,판매 많은순,최근 30일,PD66633377,향수존,[니샤네] 우롱차 엑스트레 드 퍼퓸 50ml (바이알3종),https://www.lotteon.com/product/PD66633377?mall_no=1,324900,2026-09-05,data/korea_popularity/raw/lotte_department_perfume_sales_top350_20260905.har,1,KEEP,NONE,named_perfume,"본품 향수 표현과 개별 상품명 확인; 고정 증정품 허용, 용량/농도 원문 유지",no_option_evidence,상품명에서 선택 옵션 근거 없음; 옵션 부재를 상세페이지에서 확인한 것은 아님,,723,KEEP,first_pass_KEEP
lotte,23,판매 많은순,최근 30일,PD65680646,향수존,[랑세] 데지레 오드퍼퓸 포 우먼 50ml (바이알 3종),https://www.lotteon.com/product/PD65680646?mall_no=1,125280,2026-09-05,data/korea_popularity/raw/lotte_department_perfume_sales_top350_20260905.har,1,KEEP,NONE,named_perfume,"본품 향수 표현과 개별 상품명 확인; 고정 증정품 허용, 용량/농도 원문 유지",no_option_evidence,상품명에서 선택 옵션 근거 없음; 옵션 부재를 상세페이지에서 확인한 것은 아님,,724,KEEP,first_pass_KEEP
lotte,24,판매 많은순,최근 30일,PD68530310,향수존,랑세 마틸드 오드퍼퓸 50ml (바이알 3종),https://www.lotteon.com/product/PD68530310?mall_no=1,136800,2026-09-05,data/korea_popularity/raw/lotte_department_perfume_sales_top350_20260905.har,1,KEEP,NONE,named_perfume,"본품 향수 표현과 개별 상품명 확인; 고정 증정품 허용, 용량/농도 원문 유지",no_option_evidence,상품명에서 선택 옵션 근거 없음; 옵션 부재를 상세페이지에서 확인한 것은 아님,,725,KEEP,first_pass_KEEP
lotte,25,판매 많은순,최근 30일,PD52737843,향수존,[에센셜퍼퓸] 더 머스크 바이 칼리스 베커 EDP 100ml (바이알2종),https://www.lotteon.com/product/PD52737843?mall_no=1,162450,2026-09-05,data/korea_popularity/raw/lotte_department_perfume_sales_top350_20260905.har,1,KEEP,NONE,named_perfume,"본품 향수 표현과 개별 상품명 확인; 고정 증정품 허용, 용량/농도 원문 유지",no_option_evidence,상품명에서 선택 옵션 근거 없음; 옵션 부재를 상세페이지에서 확인한 것은 아님,,726,KEEP,first_pass_KEEP
lotte,26,판매 많은순,최근 30일,PD58256151,향수존,[에센셜퍼퓸] 오렌지상탈 바이 나탈리 그라시아세토 EDP 100ml (바이알2종),https://www.lotteon.com/product/PD58256151?mall_no=1,162450,2026-09-05,data/korea_popularity/raw/lotte_department_perfume_sales_top350_20260905.har,1,KEEP,NONE,named_perfume,"본품 향수 표현과 개별 상품명 확인; 고정 증정품 허용, 용량/농도 원문 유지",no_option_evidence,상품명에서 선택 옵션 근거 없음; 옵션 부재를 상세페이지에서 확인한 것은 아님,,727,KEEP,first_pass_KEEP
lotte,27,판매 많은순,최근 30일,PD58288680,향수존,[에센셜퍼퓸] 피그 인퓨전 바이 나탈리 로슨 EDP 100ml (바이알2종),https://www.lotteon.com/product/PD58288680?mall_no=1,162450,2026-09-05,data/korea_popularity/raw/lotte_department_perfume_sales_top350_20260905.har,1,KEEP,NONE,named_perfume,"본품 향수 표현과 개별 상품명 확인; 고정 증정품 허용, 용량/농도 원문 유지",no_option_evidence,상품명에서 선택 옵션 근거 없음; 옵션 부재를 상세페이지에서 확인한 것은 아님,,728,KEEP,first_pass_KEEP
lotte,28,판매 많은순,최근 30일,LE1221806156,향수존,퓨레앙스 화이트 블룸 오드퍼퓸 50ml,https://www.lotteon.com/product/LE1221806156?sitmNo=LE1221806156_1332098700&mall_no=1,50400,2026-09-05,data/korea_popularity/raw/lotte_department_perfume_sales_top350_20260905.har,1,KEEP,NONE,named_perfume,"본품 향수 표현과 개별 상품명 확인; 고정 증정품 허용, 용량/농도 원문 유지",no_option_evidence,상품명에서 선택 옵션 근거 없음; 옵션 부재를 상세페이지에서 확인한 것은 아님,,729,KEEP,first_pass_KEEP
lotte,29,판매 많은순,최근 30일,LE1220872061,향수존,비엠더블유 앰버니스 오드퍼퓸 50ml,https://www.lotteon.com/product/LE1220872061?sitmNo=LE1220872061_1325791166&mall_no=1,99000,2026-09-05,data/korea_popularity/raw/lotte_department_perfume_sales_top350_20260905.har,1,KEEP,NONE,named_perfume,"본품 향수 표현과 개별 상품명 확인; 고정 증정품 허용, 용량/농도 원문 유지",no_option_evidence,상품명에서 선택 옵션 근거 없음; 옵션 부재를 상세페이지에서 확인한 것은 아님,,730,KEEP,first_pass_KEEP
lotte,30,판매 많은순,최근 30일,LE1220616823,향수존,[비엠더블유] 더 센트 오브 앰버니스 오드퍼퓸 50ml,https://www.lotteon.com/product/LE1220616823?sitmNo=LE1220616823_1324119968&mall_no=1,94050,2026-09-05,data/korea_popularity/raw/lotte_department_perfume_sales_top350_20260905.har,1,KEEP,NONE,named_perfume,"본품 향수 표현과 개별 상품명 확인; 고정 증정품 허용, 용량/농도 원문 유지",no_option_evidence,상품명에서 선택 옵션 근거 없음; 옵션 부재를 상세페이지에서 확인한 것은 아님,,731,KEEP,first_pass_KEEP
lotte,31,판매 많은순,최근 30일,LE1208156089,향수존,베르두콜렉션 그랑크뤼 아쌈 오브 인디아 EDP 100m,https://www.lotteon.com/product/LE1208156089?sitmNo=LE1208156089_1244448647&mall_no=1,49500,2026-09-05,data/korea_popularity/raw/lotte_department_perfume_sales_top350_20260905.har,1,REVIEW,NONE,unit_typo,40m/100m 등 단위 오타 의심; 원문만으로 보정하지 않음,no_option_evidence,상품명에서 선택 옵션 근거 없음; 옵션 부재를 상세페이지에서 확인한 것은 아님,,732,KEEP,second_pass_KEEP
lotte,32,판매 많은순,최근 30일,LE1208312389,향수존,베르두콜렉션 그랑크뤼 아주르 리비에라 EDP 100ml,https://www.lotteon.com/product/LE1208312389?sitmNo=LE1208312389_1245263937&mall_no=1,49500,2026-09-05,data/korea_popularity/raw/lotte_department_perfume_sales_top350_20260905.har,1,KEEP,NONE,named_perfume,"본품 향수 표현과 개별 상품명 확인; 고정 증정품 허용, 용량/농도 원문 유지",no_option_evidence,상품명에서 선택 옵션 근거 없음; 옵션 부재를 상세페이지에서 확인한 것은 아님,,733,KEEP,first_pass_KEEP
lotte,33,판매 많은순,최근 30일,PD66649697,향수존,[니샤네] 우롱차 엑스트레 드 퍼퓸 100ml (바이알3종),https://www.lotteon.com/product/PD66649697?mall_no=1,470250,2026-09-05,data/korea_popularity/raw/lotte_department_perfume_sales_top350_20260905.har,1,KEEP,NONE,named_perfume,"본품 향수 표현과 개별 상품명 확인; 고정 증정품 허용, 용량/농도 원문 유지",no_option_evidence,상품명에서 선택 옵션 근거 없음; 옵션 부재를 상세페이지에서 확인한 것은 아님,,734,KEEP,first_pass_KEEP
lotte,34,판매 많은순,최근 30일,PD63589929,향수존,[만세라] 인텐스 세드라 부아제 EXDP 120ml (바이알 3종),https://www.lotteon.com/product/PD63589929?mall_no=1,256500,2026-09-05,data/korea_popularity/raw/lotte_department_perfume_sales_top350_20260905.har,1,REVIEW,NONE,concentration_unclear,복수 농도 또는 EDPI/EXDP/PFM 등 미해석 코드; 임의 치환하지 않음,no_option_evidence,상품명에서 선택 옵션 근거 없음; 옵션 부재를 상세페이지에서 확인한 것은 아님,,735,KEEP,second_pass_KEEP
lotte,35,판매 많은순,최근 30일,PD48937356,향수존,바나나리퍼블릭 다크체리 & 앰버 오드퍼퓸 75ml,https://www.lotteon.com/product/PD48937356?mall_no=1,86400,2026-09-05,data/korea_popularity/raw/lotte_department_perfume_sales_top350_20260905.har,1,KEEP,NONE,named_perfume,"본품 향수 표현과 개별 상품명 확인; 고정 증정품 허용, 용량/농도 원문 유지",no_option_evidence,상품명에서 선택 옵션 근거 없음; 옵션 부재를 상세페이지에서 확인한 것은 아님,,736,KEEP,first_pass_KEEP
lotte,36,판매 많은순,최근 30일,LE1215817133,향수존,[리플레이] 러버즈 포 우먼 오드뚜왈렛 30ml,https://www.lotteon.com/product/LE1215817133?sitmNo=LE1215817133_1291793627&mall_no=1,49590,2026-09-05,data/korea_popularity/raw/lotte_department_perfume_sales_top350_20260905.har,1,KEEP,NONE,named_perfume,"본품 향수 표현과 개별 상품명 확인; 고정 증정품 허용, 용량/농도 원문 유지",no_option_evidence,상품명에서 선택 옵션 근거 없음; 옵션 부재를 상세페이지에서 확인한 것은 아님,,737,KEEP,first_pass_KEEP
lotte,37,판매 많은순,최근 30일,PD44961328,향수존,마주리 시그니처 클래식 오드퍼퓸 75ml,https://www.lotteon.com/product/PD44961328?mall_no=1,92880,2026-09-05,data/korea_popularity/raw/lotte_department_perfume_sales_top350_20260905.har,1,KEEP,NONE,named_perfume,"본품 향수 표현과 개별 상품명 확인; 고정 증정품 허용, 용량/농도 원문 유지",no_option_evidence,상품명에서 선택 옵션 근거 없음; 옵션 부재를 상세페이지에서 확인한 것은 아님,,738,KEEP,first_pass_KEEP
lotte,38,판매 많은순,최근 30일,PD63592343,향수존,[만세라] 인스턴트 크러쉬 오드퍼퓸 120ml (바이알 3종),https://www.lotteon.com/product/PD63592343?mall_no=1,221760,2026-09-05,data/korea_popularity/raw/lotte_department_perfume_sales_top350_20260905.har,1,KEEP,NONE,named_perfume,"본품 향수 표현과 개별 상품명 확인; 고정 증정품 허용, 용량/농도 원문 유지",no_option_evidence,상품명에서 선택 옵션 근거 없음; 옵션 부재를 상세페이지에서 확인한 것은 아님,,739,KEEP,first_pass_KEEP
lotte,39,판매 많은순,최근 30일,LE1207901995,향수존,[랑세] 조세핀 오드퍼퓸 포 우먼 50ml (바이알3종),https://www.lotteon.com/product/LE1207901995?sitmNo=LE1207901995_1243057092&mall_no=1,125280,2026-09-05,data/korea_popularity/raw/lotte_department_perfume_sales_top350_20260905.har,1,KEEP,NONE,named_perfume,"본품 향수 표현과 개별 상품명 확인; 고정 증정품 허용, 용량/농도 원문 유지",no_option_evidence,상품명에서 선택 옵션 근거 없음; 옵션 부재를 상세페이지에서 확인한 것은 아님,,740,KEEP,first_pass_KEEP
lotte,40,판매 많은순,최근 30일,PD52738176,향수존,[랑세] 헬레네 오드퍼퓸 포 우먼 50ml (바이알 3종),https://www.lotteon.com/product/PD52738176?mall_no=1,125280,2026-09-05,data/korea_popularity/raw/lotte_department_perfume_sales_top350_20260905.har,1,KEEP,NONE,named_perfume,"본품 향수 표현과 개별 상품명 확인; 고정 증정품 허용, 용량/농도 원문 유지",no_option_evidence,상품명에서 선택 옵션 근거 없음; 옵션 부재를 상세페이지에서 확인한 것은 아님,,741,KEEP,first_pass_KEEP
lotte,41,판매 많은순,최근 30일,PD63599473,향수존,[만세라] 통카 콜라 오드퍼퓸 60ml (바이알 3종),https://www.lotteon.com/product/PD63599473?mall_no=1,162450,2026-09-05,data/korea_popularity/raw/lotte_department_perfume_sales_top350_20260905.har,1,KEEP,NONE,named_perfume,"본품 향수 표현과 개별 상품명 확인; 고정 증정품 허용, 용량/농도 원문 유지",no_option_evidence,상품명에서 선택 옵션 근거 없음; 옵션 부재를 상세페이지에서 확인한 것은 아님,,742,KEEP,first_pass_KEEP
lotte,42,판매 많은순,최근 30일,PD48934679,향수존,케네스콜 맨카인드 라이즈 오드뚜왈렛 100ml,https://www.lotteon.com/product/PD48934679?mall_no=1,111150,2026-09-05,data/korea_popularity/raw/lotte_department_perfume_sales_top350_20260905.har,1,KEEP,NONE,named_perfume,"본품 향수 표현과 개별 상품명 확인; 고정 증정품 허용, 용량/농도 원문 유지",no_option_evidence,상품명에서 선택 옵션 근거 없음; 옵션 부재를 상세페이지에서 확인한 것은 아님,,743,KEEP,first_pass_KEEP
lotte,43,판매 많은순,최근 30일,LE1221760488,향수존,비엠더블유 M2025 오드뚜왈렛 50ml,https://www.lotteon.com/product/LE1221760488?sitmNo=LE1221760488_1331801181&mall_no=1,81000,2026-09-05,data/korea_popularity/raw/lotte_department_perfume_sales_top350_20260905.har,1,KEEP,NONE,named_perfume,"본품 향수 표현과 개별 상품명 확인; 고정 증정품 허용, 용량/농도 원문 유지",no_option_evidence,상품명에서 선택 옵션 근거 없음; 옵션 부재를 상세페이지에서 확인한 것은 아님,,744,KEEP,first_pass_KEEP
lotte,44,판매 많은순,최근 30일,LE1221915778,향수존,[BMW] M 2025 오드뚜왈렛 50ml,https://www.lotteon.com/product/LE1221915778?sitmNo=LE1221915778_1332795459&mall_no=1,81000,2026-09-05,data/korea_popularity/raw/lotte_department_perfume_sales_top350_20260905.har,1,KEEP,NONE,named_perfume,"본품 향수 표현과 개별 상품명 확인; 고정 증정품 허용, 용량/농도 원문 유지",no_option_evidence,상품명에서 선택 옵션 근거 없음; 옵션 부재를 상세페이지에서 확인한 것은 아님,,745,KEEP,first_pass_KEEP
lotte,45,판매 많은순,최근 30일,LE1222149895,향수존,[훌라] 아우텐티카 오드퍼퓸 50ml,https://www.lotteon.com/product/LE1222149895?sitmNo=LE1222149895_1334293970&mall_no=1,64080,2026-09-05,data/korea_popularity/raw/lotte_department_perfume_sales_top350_20260905.har,1,KEEP,NONE,named_perfume,"본품 향수 표현과 개별 상품명 확인; 고정 증정품 허용, 용량/농도 원문 유지",no_option_evidence,상품명에서 선택 옵션 근거 없음; 옵션 부재를 상세페이지에서 확인한 것은 아님,,746,KEEP,first_pass_KEEP
lotte,46,판매 많은순,최근 30일,LE1222243034,향수존,[만세라] 인텐스 레드 토바코 엑스트레 드 퍼퓸 60ml (바이알 3종),https://www.lotteon.com/product/LE1222243034?sitmNo=LE1222243034_1335011556&mall_no=1,216000,2026-09-05,data/korea_popularity/raw/lotte_department_perfume_sales_top350_20260905.har,1,KEEP,NONE,named_perfume,"본품 향수 표현과 개별 상품명 확인; 고정 증정품 허용, 용량/농도 원문 유지",no_option_evidence,상품명에서 선택 옵션 근거 없음; 옵션 부재를 상세페이지에서 확인한 것은 아님,,747,KEEP,first_pass_KEEP
lotte,47,판매 많은순,최근 30일,LE1222242917,향수존,[만세라] 패블러스 유주 오드퍼퓸 120ml (바이알 3종),https://www.lotteon.com/product/LE1222242917?sitmNo=LE1222242917_1335011011&mall_no=1,252000,2026-09-05,data/korea_popularity/raw/lotte_department_perfume_sales_top350_20260905.har,1,KEEP,NONE,named_perfume,"본품 향수 표현과 개별 상품명 확인; 고정 증정품 허용, 용량/농도 원문 유지",no_option_evidence,상품명에서 선택 옵션 근거 없음; 옵션 부재를 상세페이지에서 확인한 것은 아님,,748,KEEP,first_pass_KEEP
lotte,48,판매 많은순,최근 30일,LE1222149905,향수존,[훌라] 아도라빌레 오드퍼퓸 50ml,https://www.lotteon.com/product/LE1222149905?sitmNo=LE1222149905_1334294071&mall_no=1,64080,2026-09-05,data/korea_popularity/raw/lotte_department_perfume_sales_top350_20260905.har,1,KEEP,NONE,named_perfume,"본품 향수 표현과 개별 상품명 확인; 고정 증정품 허용, 용량/농도 원문 유지",no_option_evidence,상품명에서 선택 옵션 근거 없음; 옵션 부재를 상세페이지에서 확인한 것은 아님,,749,KEEP,first_pass_KEEP
lotte,49,판매 많은순,최근 30일,PD63596802,향수존,[만세라] 코코 바닐 오드퍼퓸 60ml (바이알 3종),https://www.lotteon.com/product/PD63596802?mall_no=1,134640,2026-09-05,data/korea_popularity/raw/lotte_department_perfume_sales_top350_20260905.har,1,KEEP,NONE,named_perfume,"본품 향수 표현과 개별 상품명 확인; 고정 증정품 허용, 용량/농도 원문 유지",no_option_evidence,상품명에서 선택 옵션 근거 없음; 옵션 부재를 상세페이지에서 확인한 것은 아님,,750,KEEP,first_pass_KEEP
lotte,50,판매 많은순,최근 30일,LE1215939417,향수존,[몽탈] 초콜릿 그리디 오드퍼퓸 100ml (바이알 3종),https://www.lotteon.com/product/LE1215939417?sitmNo=LE1215939417_1292564780&mall_no=1,150480,2026-09-05,data/korea_popularity/raw/lotte_department_perfume_sales_top350_20260905.har,1,KEEP,NONE,named_perfume,"본품 향수 표현과 개별 상품명 확인; 고정 증정품 허용, 용량/농도 원문 유지",no_option_evidence,상품명에서 선택 옵션 근거 없음; 옵션 부재를 상세페이지에서 확인한 것은 아님,,751,KEEP,first_pass_KEEP
lotte,51,판매 많은순,최근 30일,PD63598890,향수존,[만세라] 시실리 오드퍼퓸 60ml (바이알 3종),https://www.lotteon.com/product/PD63598890?mall_no=1,134640,2026-09-05,data/korea_popularity/raw/lotte_department_perfume_sales_top350_20260905.har,1,KEEP,NONE,named_perfume,"본품 향수 표현과 개별 상품명 확인; 고정 증정품 허용, 용량/농도 원문 유지",no_option_evidence,상품명에서 선택 옵션 근거 없음; 옵션 부재를 상세페이지에서 확인한 것은 아님,,752,KEEP,first_pass_KEEP
lotte,52,판매 많은순,최근 30일,LE1215962572,향수존,[만세라] 인스턴트 크러쉬 오드퍼퓸 60ml (바이알 3종),https://www.lotteon.com/product/LE1215962572?sitmNo=LE1215962572_1292716364&mall_no=1,150480,2026-09-05,data/korea_popularity/raw/lotte_department_perfume_sales_top350_20260905.har,1,KEEP,NONE,named_perfume,"본품 향수 표현과 개별 상품명 확인; 고정 증정품 허용, 용량/농도 원문 유지",no_option_evidence,상품명에서 선택 옵션 근거 없음; 옵션 부재를 상세페이지에서 확인한 것은 아님,,753,KEEP,first_pass_KEEP
lotte,53,판매 많은순,최근 30일,PD63607394,향수존,[만세라] 로즈 그리디 오드퍼퓸 60ml (바이알 3종),https://www.lotteon.com/product/PD63607394?mall_no=1,150480,2026-09-05,data/korea_popularity/raw/lotte_department_perfume_sales_top350_20260905.har,1,KEEP,NONE,named_perfume,"본품 향수 표현과 개별 상품명 확인; 고정 증정품 허용, 용량/농도 원문 유지",no_option_evidence,상품명에서 선택 옵션 근거 없음; 옵션 부재를 상세페이지에서 확인한 것은 아님,,754,KEEP,first_pass_KEEP
lotte,54,판매 많은순,최근 30일,PD63593822,향수존,[만세라] 인스턴트 크러쉬 오드퍼퓸 60ml (바이알 3종),https://www.lotteon.com/product/PD63593822?mall_no=1,150480,2026-09-05,data/korea_popularity/raw/lotte_department_perfume_sales_top350_20260905.har,1,KEEP,NONE,named_perfume,"본품 향수 표현과 개별 상품명 확인; 고정 증정품 허용, 용량/농도 원문 유지",no_option_evidence,상품명에서 선택 옵션 근거 없음; 옵션 부재를 상세페이지에서 확인한 것은 아님,,755,KEEP,first_pass_KEEP
lotte,55,판매 많은순,최근 30일,PD63595711,향수존,[만세라] 프렌치 리비에라 오드퍼퓸 120ml (바이알 3종),https://www.lotteon.com/product/PD63595711?mall_no=1,239400,2026-09-05,data/korea_popularity/raw/lotte_department_perfume_sales_top350_20260905.har,1,KEEP,NONE,named_perfume,"본품 향수 표현과 개별 상품명 확인; 고정 증정품 허용, 용량/농도 원문 유지",no_option_evidence,상품명에서 선택 옵션 근거 없음; 옵션 부재를 상세페이지에서 확인한 것은 아님,,756,KEEP,first_pass_KEEP
lotte,56,판매 많은순,최근 30일,LE1222117122,향수존,[훌라] 아도라빌레 오드퍼퓸 100ml,https://www.lotteon.com/product/LE1222117122?sitmNo=LE1222117122_1334085693&mall_no=1,89730,2026-09-05,data/korea_popularity/raw/lotte_department_perfume_sales_top350_20260905.har,1,KEEP,NONE,named_perfume,"본품 향수 표현과 개별 상품명 확인; 고정 증정품 허용, 용량/농도 원문 유지",no_option_evidence,상품명에서 선택 옵션 근거 없음; 옵션 부재를 상세페이지에서 확인한 것은 아님,,757,KEEP,first_pass_KEEP
lotte,57,판매 많은순,최근 30일,LE1222117039,향수존,[훌라] 퓨라 오드퍼퓸 100ml,https://www.lotteon.com/product/LE1222117039?sitmNo=LE1222117039_1334085236&mall_no=1,89730,2026-09-05,data/korea_popularity/raw/lotte_department_perfume_sales_top350_20260905.har,1,KEEP,NONE,named_perfume,"본품 향수 표현과 개별 상품명 확인; 고정 증정품 허용, 용량/농도 원문 유지",no_option_evidence,상품명에서 선택 옵션 근거 없음; 옵션 부재를 상세페이지에서 확인한 것은 아님,,758,KEEP,first_pass_KEEP
lotte,58,판매 많은순,최근 30일,LE1222117199,향수존,[훌라] 우니카 오드퍼퓸 100ml,https://www.lotteon.com/product/LE1222117199?sitmNo=LE1222117199_1334086100&mall_no=1,89730,2026-09-05,data/korea_popularity/raw/lotte_department_perfume_sales_top350_20260905.har,1,KEEP,NONE,named_perfume,"본품 향수 표현과 개별 상품명 확인; 고정 증정품 허용, 용량/농도 원문 유지",no_option_evidence,상품명에서 선택 옵션 근거 없음; 옵션 부재를 상세페이지에서 확인한 것은 아님,,759,KEEP,first_pass_KEEP
lotte,59,판매 많은순,최근 30일,LE1222129725,향수존,[막스앤코] 모닝 캔 웨이트 오드퍼퓸 100ml,https://www.lotteon.com/product/LE1222129725?sitmNo=LE1222129725_1334166074&mall_no=1,94500,2026-09-05,data/korea_popularity/raw/lotte_department_perfume_sales_top350_20260905.har,1,KEEP,NONE,named_perfume,"본품 향수 표현과 개별 상품명 확인; 고정 증정품 허용, 용량/농도 원문 유지",no_option_evidence,상품명에서 선택 옵션 근거 없음; 옵션 부재를 상세페이지에서 확인한 것은 아님,,760,KEEP,first_pass_KEEP
lotte,60,판매 많은순,최근 30일,LE1222117234,향수존,[훌라] 아우텐티카 오드퍼퓸 100ml,https://www.lotteon.com/product/LE1222117234?sitmNo=LE1222117234_1334086446&mall_no=1,89730,2026-09-05,data/korea_popularity/raw/lotte_department_perfume_sales_top350_20260905.har,1,KEEP,NONE,named_perfume,"본품 향수 표현과 개별 상품명 확인; 고정 증정품 허용, 용량/농도 원문 유지",no_option_evidence,상품명에서 선택 옵션 근거 없음; 옵션 부재를 상세페이지에서 확인한 것은 아님,,761,KEEP,first_pass_KEEP
lotte,61,판매 많은순,최근 30일,LE1222129591,향수존,[막스앤코] 굿 바이브스 돈 라이 오드퍼퓸 100ml,https://www.lotteon.com/product/LE1222129591?sitmNo=LE1222129591_1334165014&mall_no=1,94500,2026-09-05,data/korea_popularity/raw/lotte_department_perfume_sales_top350_20260905.har,2,KEEP,NONE,named_perfume,"본품 향수 표현과 개별 상품명 확인; 고정 증정품 허용, 용량/농도 원문 유지",no_option_evidence,상품명에서 선택 옵션 근거 없음; 옵션 부재를 상세페이지에서 확인한 것은 아님,,762,KEEP,first_pass_KEEP
lotte,62,판매 많은순,최근 30일,LE1222129683,향수존,[막스앤코] 쉬 이즈 어 10 오드퍼퓸 100ml,https://www.lotteon.com/product/LE1222129683?sitmNo=LE1222129683_1334165785&mall_no=1,94500,2026-09-05,data/korea_popularity/raw/lotte_department_perfume_sales_top350_20260905.har,2,KEEP,NONE,named_perfume,"본품 향수 표현과 개별 상품명 확인; 고정 증정품 허용, 용량/농도 원문 유지",no_option_evidence,상품명에서 선택 옵션 근거 없음; 옵션 부재를 상세페이지에서 확인한 것은 아님,,763,KEEP,first_pass_KEEP
lotte,63,판매 많은순,최근 30일,PD58254046,향수존,[에센셜퍼퓸] 나이스 베르가못 바이 앙투완메종디유 EDP 100ml (바이알2종),https://www.lotteon.com/product/PD58254046?mall_no=1,162450,2026-09-05,data/korea_popularity/raw/lotte_department_perfume_sales_top350_20260905.har,2,KEEP,NONE,named_perfume,"본품 향수 표현과 개별 상품명 확인; 고정 증정품 허용, 용량/농도 원문 유지",no_option_evidence,상품명에서 선택 옵션 근거 없음; 옵션 부재를 상세페이지에서 확인한 것은 아님,,764,KEEP,first_pass_KEEP
lotte,64,판매 많은순,최근 30일,LE1215915130,향수존,[랑세] 오드라 꾸론느 오드뚜왈렛 100ml (바이알 3종),https://www.lotteon.com/product/LE1215915130?sitmNo=LE1215915130_1292402872&mall_no=1,140940,2026-09-05,data/korea_popularity/raw/lotte_department_perfume_sales_top350_20260905.har,2,KEEP,NONE,named_perfume,"본품 향수 표현과 개별 상품명 확인; 고정 증정품 허용, 용량/농도 원문 유지",no_option_evidence,상품명에서 선택 옵션 근거 없음; 옵션 부재를 상세페이지에서 확인한 것은 아님,,765,KEEP,first_pass_KEEP
lotte,65,판매 많은순,최근 30일,LE1215915174,향수존,[랑세] 오드라 꾸론느 오드뚜왈렛 50ml (바이알 3종),https://www.lotteon.com/product/LE1215915174?sitmNo=LE1215915174_1292403196&mall_no=1,101880,2026-09-05,data/korea_popularity/raw/lotte_department_perfume_sales_top350_20260905.har,2,KEEP,NONE,named_perfume,"본품 향수 표현과 개별 상품명 확인; 고정 증정품 허용, 용량/농도 원문 유지",no_option_evidence,상품명에서 선택 옵션 근거 없음; 옵션 부재를 상세페이지에서 확인한 것은 아님,,766,KEEP,first_pass_KEEP
lotte,66,판매 많은순,최근 30일,PD52732121,향수존,[랑세] 프랑수와찰스 오드퍼퓸 포 맨 100ml (바이알 3종),https://www.lotteon.com/product/PD52732121?mall_no=1,172260,2026-09-05,data/korea_popularity/raw/lotte_department_perfume_sales_top350_20260905.har,2,KEEP,NONE,named_perfume,"본품 향수 표현과 개별 상품명 확인; 고정 증정품 허용, 용량/농도 원문 유지",no_option_evidence,상품명에서 선택 옵션 근거 없음; 옵션 부재를 상세페이지에서 확인한 것은 아님,,767,KEEP,first_pass_KEEP
lotte,67,판매 많은순,최근 30일,PD52742541,향수존,[랑세] 유제니 오드퍼퓸 포 우먼 100ml (바이알 3종),https://www.lotteon.com/product/PD52742541?mall_no=1,172260,2026-09-05,data/korea_popularity/raw/lotte_department_perfume_sales_top350_20260905.har,2,KEEP,NONE,named_perfume,"본품 향수 표현과 개별 상품명 확인; 고정 증정품 허용, 용량/농도 원문 유지",no_option_evidence,상품명에서 선택 옵션 근거 없음; 옵션 부재를 상세페이지에서 확인한 것은 아님,,768,KEEP,first_pass_KEEP
lotte,68,판매 많은순,최근 30일,PD52732624,향수존,[랑세] 르방케 오드퍼퓸 포 맨 100ml (바이알 3종),https://www.lotteon.com/product/PD52732624?mall_no=1,172260,2026-09-05,data/korea_popularity/raw/lotte_department_perfume_sales_top350_20260905.har,2,KEEP,NONE,named_perfume,"본품 향수 표현과 개별 상품명 확인; 고정 증정품 허용, 용량/농도 원문 유지",no_option_evidence,상품명에서 선택 옵션 근거 없음; 옵션 부재를 상세페이지에서 확인한 것은 아님,,769,KEEP,first_pass_KEEP
lotte,69,판매 많은순,최근 30일,LE1207901997,향수존,[랑세] 유제니 오드퍼퓸 포 우먼100ml (바이알3종),https://www.lotteon.com/product/LE1207901997?sitmNo=LE1207901997_1243057095&mall_no=1,172260,2026-09-05,data/korea_popularity/raw/lotte_department_perfume_sales_top350_20260905.har,2,KEEP,NONE,named_perfume,"본품 향수 표현과 개별 상품명 확인; 고정 증정품 허용, 용량/농도 원문 유지",no_option_evidence,상품명에서 선택 옵션 근거 없음; 옵션 부재를 상세페이지에서 확인한 것은 아님,,770,KEEP,first_pass_KEEP
lotte,70,판매 많은순,최근 30일,LE1207902004,향수존,[랑세] 르방케 오드퍼퓸 포 맨 100ml (바이알3종),https://www.lotteon.com/product/LE1207902004?sitmNo=LE1207902004_1243057107&mall_no=1,172260,2026-09-05,data/korea_popularity/raw/lotte_department_perfume_sales_top350_20260905.har,2,KEEP,NONE,named_perfume,"본품 향수 표현과 개별 상품명 확인; 고정 증정품 허용, 용량/농도 원문 유지",no_option_evidence,상품명에서 선택 옵션 근거 없음; 옵션 부재를 상세페이지에서 확인한 것은 아님,,771,KEEP,first_pass_KEEP
lotte,71,판매 많은순,최근 30일,LE1207858905,향수존,[랑세] 데지레 오드퍼퓸 포 우먼 50ml (바이알3종),https://www.lotteon.com/product/LE1207858905?sitmNo=LE1207858905_1242795787&mall_no=1,125280,2026-09-05,data/korea_popularity/raw/lotte_department_perfume_sales_top350_20260905.har,2,KEEP,NONE,named_perfume,"본품 향수 표현과 개별 상품명 확인; 고정 증정품 허용, 용량/농도 원문 유지",no_option_evidence,상품명에서 선택 옵션 근거 없음; 옵션 부재를 상세페이지에서 확인한 것은 아님,,772,KEEP,first_pass_KEEP
lotte,72,판매 많은순,최근 30일,PD51670573,향수존,[라리끄] 라무르 오드퍼퓸100ml,https://www.lotteon.com/product/PD51670573?mall_no=1,162000,2026-09-05,data/korea_popularity/raw/lotte_department_perfume_sales_top350_20260905.har,2,KEEP,NONE,named_perfume,"본품 향수 표현과 개별 상품명 확인; 고정 증정품 허용, 용량/농도 원문 유지",no_option_evidence,상품명에서 선택 옵션 근거 없음; 옵션 부재를 상세페이지에서 확인한 것은 아님,,773,KEEP,first_pass_KEEP
lotte,73,판매 많은순,최근 30일,LE1221915719,향수존,[BMW] M 1985 오드뚜왈렛 100ml,https://www.lotteon.com/product/LE1221915719?sitmNo=LE1221915719_1332794941&mall_no=1,108000,2026-09-05,data/korea_popularity/raw/lotte_department_perfume_sales_top350_20260905.har,2,KEEP,NONE,named_perfume,"본품 향수 표현과 개별 상품명 확인; 고정 증정품 허용, 용량/농도 원문 유지",no_option_evidence,상품명에서 선택 옵션 근거 없음; 옵션 부재를 상세페이지에서 확인한 것은 아님,,774,KEEP,first_pass_KEEP
lotte,74,판매 많은순,최근 30일,LE1221915669,향수존,[BMW] M 1972 오드뚜왈렛 100ml,https://www.lotteon.com/product/LE1221915669?sitmNo=LE1221915669_1332794647&mall_no=1,108000,2026-09-05,data/korea_popularity/raw/lotte_department_perfume_sales_top350_20260905.har,2,KEEP,NONE,named_perfume,"본품 향수 표현과 개별 상품명 확인; 고정 증정품 허용, 용량/농도 원문 유지",no_option_evidence,상품명에서 선택 옵션 근거 없음; 옵션 부재를 상세페이지에서 확인한 것은 아님,,775,KEEP,first_pass_KEEP
lotte,75,판매 많은순,최근 30일,LE1221915711,향수존,[BMW] M 1985 오드뚜왈렛 50ml,https://www.lotteon.com/product/LE1221915711?sitmNo=LE1221915711_1332794846&mall_no=1,81000,2026-09-05,data/korea_popularity/raw/lotte_department_perfume_sales_top350_20260905.har,2,KEEP,NONE,named_perfume,"본품 향수 표현과 개별 상품명 확인; 고정 증정품 허용, 용량/농도 원문 유지",no_option_evidence,상품명에서 선택 옵션 근거 없음; 옵션 부재를 상세페이지에서 확인한 것은 아님,,776,KEEP,first_pass_KEEP
lotte,76,판매 많은순,최근 30일,LE1221915757,향수존,[BMW] M 2025 오드뚜왈렛 100ml,https://www.lotteon.com/product/LE1221915757?sitmNo=LE1221915757_1332795310&mall_no=1,108000,2026-09-05,data/korea_popularity/raw/lotte_department_perfume_sales_top350_20260905.har,2,KEEP,NONE,named_perfume,"본품 향수 표현과 개별 상품명 확인; 고정 증정품 허용, 용량/농도 원문 유지",no_option_evidence,상품명에서 선택 옵션 근거 없음; 옵션 부재를 상세페이지에서 확인한 것은 아님,,777,KEEP,first_pass_KEEP
lotte,77,판매 많은순,최근 30일,LE1221914475,향수존,[바나나리퍼블릭] 네롤리 우드 오드퍼퓸 30ml,https://www.lotteon.com/product/LE1221914475?sitmNo=LE1221914475_1332789757&mall_no=1,57600,2026-09-05,data/korea_popularity/raw/lotte_department_perfume_sales_top350_20260905.har,2,KEEP,NONE,named_perfume,"본품 향수 표현과 개별 상품명 확인; 고정 증정품 허용, 용량/농도 원문 유지",no_option_evidence,상품명에서 선택 옵션 근거 없음; 옵션 부재를 상세페이지에서 확인한 것은 아님,,778,KEEP,first_pass_KEEP
lotte,78,판매 많은순,최근 30일,LE1221915660,향수존,[BMW] M 1972 오드뚜왈렛 50ml,https://www.lotteon.com/product/LE1221915660?sitmNo=LE1221915660_1332794594&mall_no=1,81000,2026-09-05,data/korea_popularity/raw/lotte_department_perfume_sales_top350_20260905.har,2,KEEP,NONE,named_perfume,"본품 향수 표현과 개별 상품명 확인; 고정 증정품 허용, 용량/농도 원문 유지",no_option_evidence,상품명에서 선택 옵션 근거 없음; 옵션 부재를 상세페이지에서 확인한 것은 아님,,779,KEEP,first_pass_KEEP
lotte,79,판매 많은순,최근 30일,LE1221903313,향수존,[니샤네] 헌드레드 사일런트 웨이즈 엑스트레 드 퍼퓸 50ml (바이알 3종),https://www.lotteon.com/product/LE1221903313?sitmNo=LE1221903313_1332703532&mall_no=1,324900,2026-09-05,data/korea_popularity/raw/lotte_department_perfume_sales_top350_20260905.har,2,KEEP,NONE,named_perfume,"본품 향수 표현과 개별 상품명 확인; 고정 증정품 허용, 용량/농도 원문 유지",no_option_evidence,상품명에서 선택 옵션 근거 없음; 옵션 부재를 상세페이지에서 확인한 것은 아님,,780,KEEP,first_pass_KEEP
lotte,80,판매 많은순,최근 30일,LE1221903438,향수존,[니샤네] 난쉬 엑스트레 드 퍼퓸 100ml (바이알 3종),https://www.lotteon.com/product/LE1221903438?sitmNo=LE1221903438_1332704341&mall_no=1,470250,2026-09-05,data/korea_popularity/raw/lotte_department_perfume_sales_top350_20260905.har,2,KEEP,NONE,named_perfume,"본품 향수 표현과 개별 상품명 확인; 고정 증정품 허용, 용량/농도 원문 유지",no_option_evidence,상품명에서 선택 옵션 근거 없음; 옵션 부재를 상세페이지에서 확인한 것은 아님,,781,KEEP,first_pass_KEEP
lotte,81,판매 많은순,최근 30일,LE1221903350,향수존,[니샤네] 헌드레드 사일런트 웨이즈 엑스트레 드 퍼퓸 100ml (바이알 3종),https://www.lotteon.com/product/LE1221903350?sitmNo=LE1221903350_1332703654&mall_no=1,470250,2026-09-05,data/korea_popularity/raw/lotte_department_perfume_sales_top350_20260905.har,2,KEEP,NONE,named_perfume,"본품 향수 표현과 개별 상품명 확인; 고정 증정품 허용, 용량/농도 원문 유지",no_option_evidence,상품명에서 선택 옵션 근거 없음; 옵션 부재를 상세페이지에서 확인한 것은 아님,,782,KEEP,first_pass_KEEP
lotte,82,판매 많은순,최근 30일,PD68533685,향수존,[랑세] 마틸드 오드퍼퓸 100ml (바이알 3종),https://www.lotteon.com/product/PD68533685?mall_no=1,188100,2026-09-05,data/korea_popularity/raw/lotte_department_perfume_sales_top350_20260905.har,2,KEEP,NONE,named_perfume,"본품 향수 표현과 개별 상품명 확인; 고정 증정품 허용, 용량/농도 원문 유지",no_option_evidence,상품명에서 선택 옵션 근거 없음; 옵션 부재를 상세페이지에서 확인한 것은 아님,,783,KEEP,first_pass_KEEP
lotte,83,판매 많은순,최근 30일,PD51857939,향수존,[랑세] 데지레 오드퍼퓸 포 우먼 100ml (바이알3종),https://www.lotteon.com/product/PD51857939?mall_no=1,172260,2026-09-05,data/korea_popularity/raw/lotte_department_perfume_sales_top350_20260905.har,2,KEEP,NONE,named_perfume,"본품 향수 표현과 개별 상품명 확인; 고정 증정품 허용, 용량/농도 원문 유지",no_option_evidence,상품명에서 선택 옵션 근거 없음; 옵션 부재를 상세페이지에서 확인한 것은 아님,,784,KEEP,first_pass_KEEP
lotte,84,판매 많은순,최근 30일,PD68527754,향수존,[랑세] 오드프랑스 오드뚜왈렛 100ml (바이알 3종),https://www.lotteon.com/product/PD68527754?mall_no=1,140940,2026-09-05,data/korea_popularity/raw/lotte_department_perfume_sales_top350_20260905.har,2,KEEP,NONE,named_perfume,"본품 향수 표현과 개별 상품명 확인; 고정 증정품 허용, 용량/농도 원문 유지",no_option_evidence,상품명에서 선택 옵션 근거 없음; 옵션 부재를 상세페이지에서 확인한 것은 아님,,785,KEEP,first_pass_KEEP
lotte,85,판매 많은순,최근 30일,PD58518288,향수존,[에센셜퍼퓸] 벨벳아이리스 바이 도미니크 로피옹 EDP 100ml (바이알2종),https://www.lotteon.com/product/PD58518288?mall_no=1,162450,2026-09-05,data/korea_popularity/raw/lotte_department_perfume_sales_top350_20260905.har,2,KEEP,NONE,named_perfume,"본품 향수 표현과 개별 상품명 확인; 고정 증정품 허용, 용량/농도 원문 유지",no_option_evidence,상품명에서 선택 옵션 근거 없음; 옵션 부재를 상세페이지에서 확인한 것은 아님,,786,KEEP,first_pass_KEEP
lotte,86,판매 많은순,최근 30일,PD59626638,향수존,[에센셜퍼퓸] 디바인 바닐 바이 올리비에 페슈 EDP 100ml (바이알2종),https://www.lotteon.com/product/PD59626638?mall_no=1,162450,2026-09-05,data/korea_popularity/raw/lotte_department_perfume_sales_top350_20260905.har,2,KEEP,NONE,named_perfume,"본품 향수 표현과 개별 상품명 확인; 고정 증정품 허용, 용량/농도 원문 유지",no_option_evidence,상품명에서 선택 옵션 근거 없음; 옵션 부재를 상세페이지에서 확인한 것은 아님,,787,KEEP,first_pass_KEEP
lotte,87,판매 많은순,최근 30일,PD53064604,향수존,[에센셜퍼퓸] 로즈 마그네틱 바이 소피라베 EDP 100ml (바이알2종),https://www.lotteon.com/product/PD53064604?mall_no=1,162450,2026-09-05,data/korea_popularity/raw/lotte_department_perfume_sales_top350_20260905.har,2,KEEP,NONE,named_perfume,"본품 향수 표현과 개별 상품명 확인; 고정 증정품 허용, 용량/농도 원문 유지",no_option_evidence,상품명에서 선택 옵션 근거 없음; 옵션 부재를 상세페이지에서 확인한 것은 아님,,788,KEEP,first_pass_KEEP
lotte,88,판매 많은순,최근 30일,PD52723479,향수존,[에센셜퍼퓸] 몽 베티버 바이 브루노 조바노빅 EDP 100ml (바이알2종),https://www.lotteon.com/product/PD52723479?mall_no=1,162450,2026-09-05,data/korea_popularity/raw/lotte_department_perfume_sales_top350_20260905.har,2,KEEP,NONE,named_perfume,"본품 향수 표현과 개별 상품명 확인; 고정 증정품 허용, 용량/농도 원문 유지",no_option_evidence,상품명에서 선택 옵션 근거 없음; 옵션 부재를 상세페이지에서 확인한 것은 아님,,789,KEEP,first_pass_KEEP
lotte,89,판매 많은순,최근 30일,PD52948598,향수존,[에센셜퍼퓸] 패출리 마니아 바이 파브리스 펠레그린 EDP 100ml (바이알2종),https://www.lotteon.com/product/PD52948598?mall_no=1,162450,2026-09-05,data/korea_popularity/raw/lotte_department_perfume_sales_top350_20260905.har,2,KEEP,NONE,named_perfume,"본품 향수 표현과 개별 상품명 확인; 고정 증정품 허용, 용량/농도 원문 유지",no_option_evidence,상품명에서 선택 옵션 근거 없음; 옵션 부재를 상세페이지에서 확인한 것은 아님,,790,KEEP,first_pass_KEEP
lotte,90,판매 많은순,최근 30일,PD52722173,향수존,[에센셜퍼퓸] 네롤리 보타니카 바이 앤 플리포 EDP 100ml (바이알2종),https://www.lotteon.com/product/PD52722173?mall_no=1,162450,2026-09-05,data/korea_popularity/raw/lotte_department_perfume_sales_top350_20260905.har,2,KEEP,NONE,named_perfume,"본품 향수 표현과 개별 상품명 확인; 고정 증정품 허용, 용량/농도 원문 유지",no_option_evidence,상품명에서 선택 옵션 근거 없음; 옵션 부재를 상세페이지에서 확인한 것은 아님,,791,KEEP,first_pass_KEEP
lotte,91,판매 많은순,최근 30일,PD66469984,향수존,[몽탈] 아라비안 통카 오드퍼퓸 100ml (바이알 3종),https://www.lotteon.com/product/PD66469984?mall_no=1,205200,2026-09-05,data/korea_popularity/raw/lotte_department_perfume_sales_top350_20260905.har,2,KEEP,NONE,named_perfume,"본품 향수 표현과 개별 상품명 확인; 고정 증정품 허용, 용량/농도 원문 유지",no_option_evidence,상품명에서 선택 옵션 근거 없음; 옵션 부재를 상세페이지에서 확인한 것은 아님,,792,KEEP,first_pass_KEEP
lotte,92,판매 많은순,최근 30일,PD65186936,향수존,바나나리퍼블릭 네롤리 우드 오드퍼퓸 75ml,https://www.lotteon.com/product/PD65186936?mall_no=1,86400,2026-09-05,data/korea_popularity/raw/lotte_department_perfume_sales_top350_20260905.har,2,KEEP,NONE,named_perfume,"본품 향수 표현과 개별 상품명 확인; 고정 증정품 허용, 용량/농도 원문 유지",no_option_evidence,상품명에서 선택 옵션 근거 없음; 옵션 부재를 상세페이지에서 확인한 것은 아님,,793,KEEP,first_pass_KEEP
lotte,93,판매 많은순,최근 30일,LE1221805853,향수존,퓨레앙스 골든 텐저린 오드퍼퓸 50ml,https://www.lotteon.com/product/LE1221805853?sitmNo=LE1221805853_1332096585&mall_no=1,50400,2026-09-05,data/korea_popularity/raw/lotte_department_perfume_sales_top350_20260905.har,2,KEEP,NONE,named_perfume,"본품 향수 표현과 개별 상품명 확인; 고정 증정품 허용, 용량/농도 원문 유지",no_option_evidence,상품명에서 선택 옵션 근거 없음; 옵션 부재를 상세페이지에서 확인한 것은 아님,,794,KEEP,first_pass_KEEP
lotte,94,판매 많은순,최근 30일,LE1221805913,향수존,퓨레앙스 블랑 드 로즈 오드퍼퓸 50ml,https://www.lotteon.com/product/LE1221805913?sitmNo=LE1221805913_1332097204&mall_no=1,50400,2026-09-05,data/korea_popularity/raw/lotte_department_perfume_sales_top350_20260905.har,2,KEEP,NONE,named_perfume,"본품 향수 표현과 개별 상품명 확인; 고정 증정품 허용, 용량/농도 원문 유지",no_option_evidence,상품명에서 선택 옵션 근거 없음; 옵션 부재를 상세페이지에서 확인한 것은 아님,,795,KEEP,first_pass_KEEP
lotte,95,판매 많은순,최근 30일,LE1221806123,향수존,퓨레앙스 플레르 머스크 오드퍼퓸 50ml,https://www.lotteon.com/product/LE1221806123?sitmNo=LE1221806123_1332098517&mall_no=1,50400,2026-09-05,data/korea_popularity/raw/lotte_department_perfume_sales_top350_20260905.har,2,KEEP,NONE,named_perfume,"본품 향수 표현과 개별 상품명 확인; 고정 증정품 허용, 용량/농도 원문 유지",no_option_evidence,상품명에서 선택 옵션 근거 없음; 옵션 부재를 상세페이지에서 확인한 것은 아님,,796,KEEP,first_pass_KEEP
lotte,96,판매 많은순,최근 30일,LE1221760268,향수존,비엠더블유 M1985 오드뚜왈렛 100ml,https://www.lotteon.com/product/LE1221760268?sitmNo=LE1221760268_1331800039&mall_no=1,108000,2026-09-05,data/korea_popularity/raw/lotte_department_perfume_sales_top350_20260905.har,2,KEEP,NONE,named_perfume,"본품 향수 표현과 개별 상품명 확인; 고정 증정품 허용, 용량/농도 원문 유지",no_option_evidence,상품명에서 선택 옵션 근거 없음; 옵션 부재를 상세페이지에서 확인한 것은 아님,,797,KEEP,first_pass_KEEP
lotte,97,판매 많은순,최근 30일,LE1221760215,향수존,비엠더블유 M1985 오드뚜왈렛 50ml,https://www.lotteon.com/product/LE1221760215?sitmNo=LE1221760215_1331799786&mall_no=1,81000,2026-09-05,data/korea_popularity/raw/lotte_department_perfume_sales_top350_20260905.har,2,KEEP,NONE,named_perfume,"본품 향수 표현과 개별 상품명 확인; 고정 증정품 허용, 용량/농도 원문 유지",no_option_evidence,상품명에서 선택 옵션 근거 없음; 옵션 부재를 상세페이지에서 확인한 것은 아님,,798,KEEP,first_pass_KEEP
lotte,98,판매 많은순,최근 30일,PD66632472,향수존,퓨레앙스 블랙베리 베일 오드퍼퓸 50ml,https://www.lotteon.com/product/PD66632472?mall_no=1,50400,2026-09-05,data/korea_popularity/raw/lotte_department_perfume_sales_top350_20260905.har,2,KEEP,NONE,named_perfume,"본품 향수 표현과 개별 상품명 확인; 고정 증정품 허용, 용량/농도 원문 유지",no_option_evidence,상품명에서 선택 옵션 근거 없음; 옵션 부재를 상세페이지에서 확인한 것은 아님,,799,KEEP,first_pass_KEEP
lotte,99,판매 많은순,최근 30일,LE1221760196,향수존,비엠더블유 M1972 오드뚜왈렛 50ml,https://www.lotteon.com/product/LE1221760196?sitmNo=LE1221760196_1331799569&mall_no=1,81000,2026-09-05,data/korea_popularity/raw/lotte_department_perfume_sales_top350_20260905.har,2,KEEP,NONE,named_perfume,"본품 향수 표현과 개별 상품명 확인; 고정 증정품 허용, 용량/농도 원문 유지",no_option_evidence,상품명에서 선택 옵션 근거 없음; 옵션 부재를 상세페이지에서 확인한 것은 아님,,800,KEEP,first_pass_KEEP
lotte,100,판매 많은순,최근 30일,LE1221760466,향수존,비엠더블유 M2025 오드뚜왈렛 100ml,https://www.lotteon.com/product/LE1221760466?sitmNo=LE1221760466_1331801031&mall_no=1,108000,2026-09-05,data/korea_popularity/raw/lotte_department_perfume_sales_top350_20260905.har,2,KEEP,NONE,named_perfume,"본품 향수 표현과 개별 상품명 확인; 고정 증정품 허용, 용량/농도 원문 유지",no_option_evidence,상품명에서 선택 옵션 근거 없음; 옵션 부재를 상세페이지에서 확인한 것은 아님,,801,KEEP,first_pass_KEEP
lotte,101,판매 많은순,최근 30일,LE1221806089,향수존,퓨레앙스 페어 가든 오드퍼퓸 50ml,https://www.lotteon.com/product/LE1221806089?sitmNo=LE1221806089_1332098209&mall_no=1,50400,2026-09-05,data/korea_popularity/raw/lotte_department_perfume_sales_top350_20260905.har,2,KEEP,NONE,named_perfume,"본품 향수 표현과 개별 상품명 확인; 고정 증정품 허용, 용량/농도 원문 유지",no_option_evidence,상품명에서 선택 옵션 근거 없음; 옵션 부재를 상세페이지에서 확인한 것은 아님,,802,KEEP,first_pass_KEEP
lotte,102,판매 많은순,최근 30일,LE1221760179,향수존,비엠더블유 M1972 오드뚜왈렛 100ml,https://www.lotteon.com/product/LE1221760179?sitmNo=LE1221760179_1331799458&mall_no=1,108000,2026-09-05,data/korea_popularity/raw/lotte_department_perfume_sales_top350_20260905.har,2,KEEP,NONE,named_perfume,"본품 향수 표현과 개별 상품명 확인; 고정 증정품 허용, 용량/농도 원문 유지",no_option_evidence,상품명에서 선택 옵션 근거 없음; 옵션 부재를 상세페이지에서 확인한 것은 아님,,803,KEEP,first_pass_KEEP
lotte,103,판매 많은순,최근 30일,LE1207942397,향수존,[베르사체] 에로스플레임 오드퍼퓸 100ml (미니어처1종 랜덤증정),https://www.lotteon.com/product/LE1207942397?sitmNo=LE1207942397_1243277446&mall_no=1,153000,2026-09-05,data/korea_popularity/raw/lotte_department_perfume_sales_top350_20260905.har,2,KEEP,NONE,named_perfume,"본품 향수 표현과 개별 상품명 확인; 고정 증정품 허용, 용량/농도 원문 유지",no_option_evidence,상품명에서 선택 옵션 근거 없음; 옵션 부재를 상세페이지에서 확인한 것은 아님,,804,KEEP,first_pass_KEEP
lotte,104,판매 많은순,최근 30일,LE1207144869,향수존,[베르사체] 에로스 플레임 오드퍼퓸 100ml,https://www.lotteon.com/product/LE1207144869?sitmNo=LE1207144869_1239047552&mall_no=1,147600,2026-09-05,data/korea_popularity/raw/lotte_department_perfume_sales_top350_20260905.har,2,KEEP,NONE,named_perfume,"본품 향수 표현과 개별 상품명 확인; 고정 증정품 허용, 용량/농도 원문 유지",no_option_evidence,상품명에서 선택 옵션 근거 없음; 옵션 부재를 상세페이지에서 확인한 것은 아님,,805,KEEP,first_pass_KEEP
lotte,105,판매 많은순,최근 30일,LE1220677285,향수존,[베르사체] 브라이트 크리스탈 EDT 90ml (미니어처1종 랜덤증정),https://www.lotteon.com/product/LE1220677285?sitmNo=LE1220677285_1324511956&mall_no=1,128880,2026-09-05,data/korea_popularity/raw/lotte_department_perfume_sales_top350_20260905.har,2,KEEP,NONE,named_perfume,"본품 향수 표현과 개별 상품명 확인; 고정 증정품 허용, 용량/농도 원문 유지",no_option_evidence,상품명에서 선택 옵션 근거 없음; 옵션 부재를 상세페이지에서 확인한 것은 아님,,806,KEEP,first_pass_KEEP
lotte,106,판매 많은순,최근 30일,LE1220699948,향수존,[베르사체] 브라이트 크리스탈 오드뚜왈렛 90ml (미니어처 1종),https://www.lotteon.com/product/LE1220699948?sitmNo=LE1220699948_1324650467&mall_no=1,128880,2026-09-05,data/korea_popularity/raw/lotte_department_perfume_sales_top350_20260905.har,2,KEEP,NONE,named_perfume,"본품 향수 표현과 개별 상품명 확인; 고정 증정품 허용, 용량/농도 원문 유지",no_option_evidence,상품명에서 선택 옵션 근거 없음; 옵션 부재를 상세페이지에서 확인한 것은 아님,,807,KEEP,first_pass_KEEP
lotte,107,판매 많은순,최근 30일,LE1220677316,향수존,[베르사체] 오프레쉬 맨 오드뚜왈렛 100ml (미니어처1종 랜덤증정),https://www.lotteon.com/product/LE1220677316?sitmNo=LE1220677316_1324512061&mall_no=1,108000,2026-09-05,data/korea_popularity/raw/lotte_department_perfume_sales_top350_20260905.har,2,KEEP,NONE,named_perfume,"본품 향수 표현과 개별 상품명 확인; 고정 증정품 허용, 용량/농도 원문 유지",no_option_evidence,상품명에서 선택 옵션 근거 없음; 옵션 부재를 상세페이지에서 확인한 것은 아님,,808,KEEP,first_pass_KEEP
lotte,108,판매 많은순,최근 30일,LE1207442267,향수존,[베르사체] 오프레쉬 맨 오드뚜왈렛 100ml (+ 미니어처 1종),https://www.lotteon.com/product/LE1207442267?sitmNo=LE1207442267_1240642805&mall_no=1,108000,2026-09-05,data/korea_popularity/raw/lotte_department_perfume_sales_top350_20260905.har,2,KEEP,NONE,named_perfume,"본품 향수 표현과 개별 상품명 확인; 고정 증정품 허용, 용량/농도 원문 유지",no_option_evidence,상품명에서 선택 옵션 근거 없음; 옵션 부재를 상세페이지에서 확인한 것은 아님,,809,KEEP,first_pass_KEEP
lotte,109,판매 많은순,최근 30일,LE1220738000,향수존,[니샤네] 멘트 투 비 씬 엑스트레 드 퍼퓸 50ml (바이알 3종),https://www.lotteon.com/product/LE1220738000?sitmNo=LE1220738000_1324878423&mall_no=1,350550,2026-09-05,data/korea_popularity/raw/lotte_department_perfume_sales_top350_20260905.har,2,KEEP,NONE,named_perfume,"본품 향수 표현과 개별 상품명 확인; 고정 증정품 허용, 용량/농도 원문 유지",no_option_evidence,상품명에서 선택 옵션 근거 없음; 옵션 부재를 상세페이지에서 확인한 것은 아님,,810,KEEP,first_pass_KEEP
lotte,110,판매 많은순,최근 30일,LE1220626402,향수존,[니샤네] 헌드레드사일런트 웨이즈 엑스트레 드 퍼퓸 50ml(+바이알3종),https://www.lotteon.com/product/LE1220626402?sitmNo=LE1220626402_1324181770&mall_no=1,324900,2026-09-05,data/korea_popularity/raw/lotte_department_perfume_sales_top350_20260905.har,2,KEEP,NONE,named_perfume,"본품 향수 표현과 개별 상품명 확인; 고정 증정품 허용, 용량/농도 원문 유지",no_option_evidence,상품명에서 선택 옵션 근거 없음; 옵션 부재를 상세페이지에서 확인한 것은 아님,,811,KEEP,first_pass_KEEP
lotte,111,판매 많은순,최근 30일,LE1220210522,향수존,[니샤네] 헌드레드사일런트 웨이즈 엑스트레 드 퍼퓸 100ml (바이알3종),https://www.lotteon.com/product/LE1220210522?sitmNo=LE1220210522_1321505433&mall_no=1,470250,2026-09-05,data/korea_popularity/raw/lotte_department_perfume_sales_top350_20260905.har,2,KEEP,NONE,named_perfume,"본품 향수 표현과 개별 상품명 확인; 고정 증정품 허용, 용량/농도 원문 유지",no_option_evidence,상품명에서 선택 옵션 근거 없음; 옵션 부재를 상세페이지에서 확인한 것은 아님,,812,KEEP,first_pass_KEEP
lotte,112,판매 많은순,최근 30일,LE1220203101,향수존,[니샤네] 난쉬 엑스트레 드 퍼퓸 100ml (바이알3종),https://www.lotteon.com/product/LE1220203101?sitmNo=LE1220203101_1321452935&mall_no=1,470250,2026-09-05,data/korea_popularity/raw/lotte_department_perfume_sales_top350_20260905.har,2,KEEP,NONE,named_perfume,"본품 향수 표현과 개별 상품명 확인; 고정 증정품 허용, 용량/농도 원문 유지",no_option_evidence,상품명에서 선택 옵션 근거 없음; 옵션 부재를 상세페이지에서 확인한 것은 아님,,813,KEEP,first_pass_KEEP
lotte,113,판매 많은순,최근 30일,LE1220626386,향수존,[니샤네] 팬 유어 플레임즈 엑스트레 드 퍼퓸 50ml (+바이알3종),https://www.lotteon.com/product/LE1220626386?sitmNo=LE1220626386_1325309357&mall_no=1,324900,2026-09-05,data/korea_popularity/raw/lotte_department_perfume_sales_top350_20260905.har,2,KEEP,NONE,named_perfume,"본품 향수 표현과 개별 상품명 확인; 고정 증정품 허용, 용량/농도 원문 유지",no_option_evidence,상품명에서 선택 옵션 근거 없음; 옵션 부재를 상세페이지에서 확인한 것은 아님,,814,KEEP,first_pass_KEEP
lotte,114,판매 많은순,최근 30일,LE1220872586,향수존,[니샤네] 멘트 투비씬 엑스트레 드 퍼퓸 50ml (+바이알3종),https://www.lotteon.com/product/LE1220872586?sitmNo=LE1220872586_1325795633&mall_no=1,350550,2026-09-05,data/korea_popularity/raw/lotte_department_perfume_sales_top350_20260905.har,2,KEEP,NONE,named_perfume,"본품 향수 표현과 개별 상품명 확인; 고정 증정품 허용, 용량/농도 원문 유지",no_option_evidence,상품명에서 선택 옵션 근거 없음; 옵션 부재를 상세페이지에서 확인한 것은 아님,,815,KEEP,first_pass_KEEP
lotte,115,판매 많은순,최근 30일,PD62591402,향수존,바나나리퍼블릭 피오니 & 페퍼콘 오드퍼퓸 75ml,https://www.lotteon.com/product/PD62591402?mall_no=1,86400,2026-09-05,data/korea_popularity/raw/lotte_department_perfume_sales_top350_20260905.har,2,KEEP,NONE,named_perfume,"본품 향수 표현과 개별 상품명 확인; 고정 증정품 허용, 용량/농도 원문 유지",no_option_evidence,상품명에서 선택 옵션 근거 없음; 옵션 부재를 상세페이지에서 확인한 것은 아님,,816,KEEP,first_pass_KEEP
lotte,116,판매 많은순,최근 30일,PD65175253,향수존,[바나나리퍼블릭] 피오니 & 페퍼콘 오드퍼퓸 30ml,https://www.lotteon.com/product/PD65175253?mall_no=1,57600,2026-09-05,data/korea_popularity/raw/lotte_department_perfume_sales_top350_20260905.har,2,KEEP,NONE,named_perfume,"본품 향수 표현과 개별 상품명 확인; 고정 증정품 허용, 용량/농도 원문 유지",no_option_evidence,상품명에서 선택 옵션 근거 없음; 옵션 부재를 상세페이지에서 확인한 것은 아님,,817,KEEP,first_pass_KEEP
lotte,117,판매 많은순,최근 30일,PD60489913,향수존,[벤틀리] 모멘텀 언브레이커블 오드퍼퓸 100ml,https://www.lotteon.com/product/PD60489913?mall_no=1,119700,2026-09-05,data/korea_popularity/raw/lotte_department_perfume_sales_top350_20260905.har,2,KEEP,NONE,named_perfume,"본품 향수 표현과 개별 상품명 확인; 고정 증정품 허용, 용량/농도 원문 유지",no_option_evidence,상품명에서 선택 옵션 근거 없음; 옵션 부재를 상세페이지에서 확인한 것은 아님,,818,KEEP,first_pass_KEEP
lotte,118,판매 많은순,최근 30일,PD52717468,향수존,[그레] 카보틴 오드뚜왈렛 100ml,https://www.lotteon.com/product/PD52717468?mall_no=1,50220,2026-09-05,data/korea_popularity/raw/lotte_department_perfume_sales_top350_20260905.har,2,KEEP,NONE,named_perfume,"본품 향수 표현과 개별 상품명 확인; 고정 증정품 허용, 용량/농도 원문 유지",no_option_evidence,상품명에서 선택 옵션 근거 없음; 옵션 부재를 상세페이지에서 확인한 것은 아님,,819,KEEP,first_pass_KEEP
lotte,119,판매 많은순,최근 30일,PD51917661,향수존,[재규어] 이어러 리로리드 오드퍼퓸 100ml,https://www.lotteon.com/product/PD51917661?mall_no=1,75780,2026-09-05,data/korea_popularity/raw/lotte_department_perfume_sales_top350_20260905.har,2,KEEP,NONE,named_perfume,"본품 향수 표현과 개별 상품명 확인; 고정 증정품 허용, 용량/농도 원문 유지",no_option_evidence,상품명에서 선택 옵션 근거 없음; 옵션 부재를 상세페이지에서 확인한 것은 아님,,820,KEEP,first_pass_KEEP
lotte,120,판매 많은순,최근 30일,LE1217243895,향수존,[재규어] 이어러 리로디드 오드퍼퓸 100ml,https://www.lotteon.com/product/LE1217243895?sitmNo=LE1217243895_1301270286&mall_no=1,75780,2026-09-05,data/korea_popularity/raw/lotte_department_perfume_sales_top350_20260905.har,2,KEEP,NONE,named_perfume,"본품 향수 표현과 개별 상품명 확인; 고정 증정품 허용, 용량/농도 원문 유지",no_option_evidence,상품명에서 선택 옵션 근거 없음; 옵션 부재를 상세페이지에서 확인한 것은 아님,,821,KEEP,first_pass_KEEP
lotte,121,판매 많은순,최근 30일,PD64394278,향수존,[바나나리퍼블릭] 퓨어 화이트 오드퍼퓸 75ml,https://www.lotteon.com/product/PD64394278?mall_no=1,86400,2026-09-05,data/korea_popularity/raw/lotte_department_perfume_sales_top350_20260905.har,45,KEEP,NONE,named_perfume,"본품 향수 표현과 개별 상품명 확인; 고정 증정품 허용, 용량/농도 원문 유지",no_option_evidence,상품명에서 선택 옵션 근거 없음; 옵션 부재를 상세페이지에서 확인한 것은 아님,,822,KEEP,first_pass_KEEP
lotte,122,판매 많은순,최근 30일,LE1220872384,향수존,비엠더블유 베르가무드 오드퍼퓸 50ml,https://www.lotteon.com/product/LE1220872384?sitmNo=LE1220872384_1325792824&mall_no=1,99000,2026-09-05,data/korea_popularity/raw/lotte_department_perfume_sales_top350_20260905.har,45,KEEP,NONE,named_perfume,"본품 향수 표현과 개별 상품명 확인; 고정 증정품 허용, 용량/농도 원문 유지",no_option_evidence,상품명에서 선택 옵션 근거 없음; 옵션 부재를 상세페이지에서 확인한 것은 아님,,823,KEEP,first_pass_KEEP
lotte,123,판매 많은순,최근 30일,LE1220858714,향수존,[니샤네] 아니 엑스트레 드 퍼퓸 50ml (바이알 3종),https://www.lotteon.com/product/LE1220858714?sitmNo=LE1220858714_1325671616&mall_no=1,324900,2026-09-05,data/korea_popularity/raw/lotte_department_perfume_sales_top350_20260905.har,45,KEEP,NONE,named_perfume,"본품 향수 표현과 개별 상품명 확인; 고정 증정품 허용, 용량/농도 원문 유지",no_option_evidence,상품명에서 선택 옵션 근거 없음; 옵션 부재를 상세페이지에서 확인한 것은 아님,,824,KEEP,first_pass_KEEP
lotte,124,판매 많은순,최근 30일,LE1220872357,향수존,비엠더블유 베르가무드 오드퍼퓸 100ml,https://www.lotteon.com/product/LE1220872357?sitmNo=LE1220872357_1325792711&mall_no=1,135000,2026-09-05,data/korea_popularity/raw/lotte_department_perfume_sales_top350_20260905.har,45,KEEP,NONE,named_perfume,"본품 향수 표현과 개별 상품명 확인; 고정 증정품 허용, 용량/농도 원문 유지",no_option_evidence,상품명에서 선택 옵션 근거 없음; 옵션 부재를 상세페이지에서 확인한 것은 아님,,825,KEEP,first_pass_KEEP
lotte,125,판매 많은순,최근 30일,PD66638286,향수존,[니샤네] 에게 엑스트레 드 퍼퓸 100ml (바이알3종),https://www.lotteon.com/product/PD66638286?mall_no=1,470250,2026-09-05,data/korea_popularity/raw/lotte_department_perfume_sales_top350_20260905.har,45,KEEP,NONE,named_perfume,"본품 향수 표현과 개별 상품명 확인; 고정 증정품 허용, 용량/농도 원문 유지",no_option_evidence,상품명에서 선택 옵션 근거 없음; 옵션 부재를 상세페이지에서 확인한 것은 아님,,826,KEEP,first_pass_KEEP
lotte,126,판매 많은순,최근 30일,LE1220872273,향수존,비엠더블유 앰버니스 오드퍼퓸 100ml,https://www.lotteon.com/product/LE1220872273?sitmNo=LE1220872273_1325791704&mall_no=1,135000,2026-09-05,data/korea_popularity/raw/lotte_department_perfume_sales_top350_20260905.har,45,KEEP,NONE,named_perfume,"본품 향수 표현과 개별 상품명 확인; 고정 증정품 허용, 용량/농도 원문 유지",no_option_evidence,상품명에서 선택 옵션 근거 없음; 옵션 부재를 상세페이지에서 확인한 것은 아님,,827,KEEP,first_pass_KEEP
lotte,127,판매 많은순,최근 30일,PD52719868,향수존,[바나나리퍼블릭] 벨벳 포메그레네이트 오드퍼퓸75ml,https://www.lotteon.com/product/PD52719868?mall_no=1,93600,2026-09-05,data/korea_popularity/raw/lotte_department_perfume_sales_top350_20260905.har,45,KEEP,NONE,named_perfume,"본품 향수 표현과 개별 상품명 확인; 고정 증정품 허용, 용량/농도 원문 유지",no_option_evidence,상품명에서 선택 옵션 근거 없음; 옵션 부재를 상세페이지에서 확인한 것은 아님,,828,KEEP,first_pass_KEEP
lotte,128,판매 많은순,최근 30일,LE1218587254,향수존,랑세 마틸드 오드퍼퓸 100ml (랑세바이알 3종증정),https://www.lotteon.com/product/LE1218587254?sitmNo=LE1218587254_1310029174&mall_no=1,188100,2026-09-05,data/korea_popularity/raw/lotte_department_perfume_sales_top350_20260905.har,45,KEEP,NONE,named_perfume,"본품 향수 표현과 개별 상품명 확인; 고정 증정품 허용, 용량/농도 원문 유지",no_option_evidence,상품명에서 선택 옵션 근거 없음; 옵션 부재를 상세페이지에서 확인한 것은 아님,,829,KEEP,first_pass_KEEP
lotte,129,판매 많은순,최근 30일,LE1214428355,향수존,[리플레이] 시크릿 포 우먼 오드뚜왈렛 100ml,https://www.lotteon.com/product/LE1214428355?sitmNo=LE1214428355_1283113555&mall_no=1,83790,2026-09-05,data/korea_popularity/raw/lotte_department_perfume_sales_top350_20260905.har,45,KEEP,NONE,named_perfume,"본품 향수 표현과 개별 상품명 확인; 고정 증정품 허용, 용량/농도 원문 유지",no_option_evidence,상품명에서 선택 옵션 근거 없음; 옵션 부재를 상세페이지에서 확인한 것은 아님,,830,KEEP,first_pass_KEEP
lotte,130,판매 많은순,최근 30일,LE1213125694,향수존,[만세라] 머스키 가든 오드퍼퓸 120ml (바이알 3종),https://www.lotteon.com/product/LE1213125694?sitmNo=LE1213125694_1274727681&mall_no=1,221760,2026-09-05,data/korea_popularity/raw/lotte_department_perfume_sales_top350_20260905.har,45,KEEP,NONE,named_perfume,"본품 향수 표현과 개별 상품명 확인; 고정 증정품 허용, 용량/농도 원문 유지",no_option_evidence,상품명에서 선택 옵션 근거 없음; 옵션 부재를 상세페이지에서 확인한 것은 아님,,831,KEEP,first_pass_KEEP
lotte,131,판매 많은순,최근 30일,LE1220703205,향수존,[베르사체] 브라이트 크리스탈 오드뚜왈렛 50ml (미니어처 1종),https://www.lotteon.com/product/LE1220703205?sitmNo=LE1220703205_1324668846&mall_no=1,82440,2026-09-05,data/korea_popularity/raw/lotte_department_perfume_sales_top350_20260905.har,45,KEEP,NONE,named_perfume,"본품 향수 표현과 개별 상품명 확인; 고정 증정품 허용, 용량/농도 원문 유지",no_option_evidence,상품명에서 선택 옵션 근거 없음; 옵션 부재를 상세페이지에서 확인한 것은 아님,,832,KEEP,first_pass_KEEP
lotte,132,판매 많은순,최근 30일,LE1220705030,향수존,[베르사체] 브라이트 크리스탈 앱솔루 오드퍼퓸 50ml (미니어처 1종),https://www.lotteon.com/product/LE1220705030?sitmNo=LE1220705030_1324678497&mall_no=1,91260,2026-09-05,data/korea_popularity/raw/lotte_department_perfume_sales_top350_20260905.har,45,KEEP,NONE,named_perfume,"본품 향수 표현과 개별 상품명 확인; 고정 증정품 허용, 용량/농도 원문 유지",no_option_evidence,상품명에서 선택 옵션 근거 없음; 옵션 부재를 상세페이지에서 확인한 것은 아님,,833,KEEP,first_pass_KEEP
lotte,133,판매 많은순,최근 30일,LE1220683858,향수존,[만세라] 통카 콜라 오드퍼퓸 120ml (바이알 3종),https://www.lotteon.com/product/LE1220683858?sitmNo=LE1220683858_1324556419&mall_no=1,252000,2026-09-05,data/korea_popularity/raw/lotte_department_perfume_sales_top350_20260905.har,45,KEEP,NONE,named_perfume,"본품 향수 표현과 개별 상품명 확인; 고정 증정품 허용, 용량/농도 원문 유지",no_option_evidence,상품명에서 선택 옵션 근거 없음; 옵션 부재를 상세페이지에서 확인한 것은 아님,,834,KEEP,first_pass_KEEP
lotte,134,판매 많은순,최근 30일,LE1220704979,향수존,[베르사체] 브라이트 크리스탈 앱솔루 오드퍼퓸 90ml (미니어처 1종),https://www.lotteon.com/product/LE1220704979?sitmNo=LE1220704979_1324678252&mall_no=1,140400,2026-09-05,data/korea_popularity/raw/lotte_department_perfume_sales_top350_20260905.har,45,KEEP,NONE,named_perfume,"본품 향수 표현과 개별 상품명 확인; 고정 증정품 허용, 용량/농도 원문 유지",no_option_evidence,상품명에서 선택 옵션 근거 없음; 옵션 부재를 상세페이지에서 확인한 것은 아님,,835,KEEP,first_pass_KEEP
lotte,135,판매 많은순,최근 30일,LE1220713382,향수존,[베르사체] 오프레쉬 맨 EDT 50ml (미니어처 1종),https://www.lotteon.com/product/LE1220713382?sitmNo=LE1220713382_1324725537&mall_no=1,82080,2026-09-05,data/korea_popularity/raw/lotte_department_perfume_sales_top350_20260905.har,45,KEEP,NONE,named_perfume,"본품 향수 표현과 개별 상품명 확인; 고정 증정품 허용, 용량/농도 원문 유지",no_option_evidence,상품명에서 선택 옵션 근거 없음; 옵션 부재를 상세페이지에서 확인한 것은 아님,,836,KEEP,first_pass_KEEP
lotte,136,판매 많은순,최근 30일,LE1220699352,향수존,[베르사체] 에로스 EDP 50ml (미니어처 1종),https://www.lotteon.com/product/LE1220699352?sitmNo=LE1220699352_1324647120&mall_no=1,120510,2026-09-05,data/korea_popularity/raw/lotte_department_perfume_sales_top350_20260905.har,45,KEEP,NONE,named_perfume,"본품 향수 표현과 개별 상품명 확인; 고정 증정품 허용, 용량/농도 원문 유지",no_option_evidence,상품명에서 선택 옵션 근거 없음; 옵션 부재를 상세페이지에서 확인한 것은 아님,,837,KEEP,first_pass_KEEP
lotte,137,판매 많은순,최근 30일,LE1220689602,향수존,[베르사체] 에로스 에너지 EDP 50ml (미니어처 1종),https://www.lotteon.com/product/LE1220689602?sitmNo=LE1220689602_1324589282&mall_no=1,126900,2026-09-05,data/korea_popularity/raw/lotte_department_perfume_sales_top350_20260905.har,45,KEEP,NONE,named_perfume,"본품 향수 표현과 개별 상품명 확인; 고정 증정품 허용, 용량/농도 원문 유지",no_option_evidence,상품명에서 선택 옵션 근거 없음; 옵션 부재를 상세페이지에서 확인한 것은 아님,,838,KEEP,first_pass_KEEP
lotte,138,판매 많은순,최근 30일,LE1220699545,향수존,[베르사체] 에로스 플레임 EDP 50ml (미니어처 1종),https://www.lotteon.com/product/LE1220699545?sitmNo=LE1220699545_1324648116&mall_no=1,120510,2026-09-05,data/korea_popularity/raw/lotte_department_perfume_sales_top350_20260905.har,45,KEEP,NONE,named_perfume,"본품 향수 표현과 개별 상품명 확인; 고정 증정품 허용, 용량/농도 원문 유지",no_option_evidence,상품명에서 선택 옵션 근거 없음; 옵션 부재를 상세페이지에서 확인한 것은 아님,,839,KEEP,first_pass_KEEP
lotte,139,판매 많은순,최근 30일,PD51658859,향수존,리플레이 탱크 플레이트 포 맨 오드뚜왈렛 30ml,https://www.lotteon.com/product/PD51658859?mall_no=1,44460,2026-09-05,data/korea_popularity/raw/lotte_department_perfume_sales_top350_20260905.har,45,KEEP,NONE,named_perfume,"본품 향수 표현과 개별 상품명 확인; 고정 증정품 허용, 용량/농도 원문 유지",no_option_evidence,상품명에서 선택 옵션 근거 없음; 옵션 부재를 상세페이지에서 확인한 것은 아님,,840,KEEP,first_pass_KEEP
lotte,140,판매 많은순,최근 30일,PD60136303,향수존,[리플레이] 시그니처 시크릿 포 우먼 오드뚜왈렛 100ml,https://www.lotteon.com/product/PD60136303?mall_no=1,83790,2026-09-05,data/korea_popularity/raw/lotte_department_perfume_sales_top350_20260905.har,45,KEEP,NONE,named_perfume,"본품 향수 표현과 개별 상품명 확인; 고정 증정품 허용, 용량/농도 원문 유지",no_option_evidence,상품명에서 선택 옵션 근거 없음; 옵션 부재를 상세페이지에서 확인한 것은 아님,,841,KEEP,first_pass_KEEP
lotte,141,판매 많은순,최근 30일,LE1216955442,향수존,[투미] 어웨이큰 08:00 오드퍼퓸 100ml,https://www.lotteon.com/product/LE1216955442?sitmNo=LE1216955442_1299361571&mall_no=1,145800,2026-09-05,data/korea_popularity/raw/lotte_department_perfume_sales_top350_20260905.har,45,KEEP,NONE,named_perfume,"본품 향수 표현과 개별 상품명 확인; 고정 증정품 허용, 용량/농도 원문 유지",no_option_evidence,상품명에서 선택 옵션 근거 없음; 옵션 부재를 상세페이지에서 확인한 것은 아님,,842,KEEP,first_pass_KEEP
lotte,142,판매 많은순,최근 30일,PD59551278,향수존,[리플레이] 소스 오브 라이프 포 우먼 오드퍼퓸 100ml,https://www.lotteon.com/product/PD59551278?mall_no=1,83790,2026-09-05,data/korea_popularity/raw/lotte_department_perfume_sales_top350_20260905.har,45,KEEP,NONE,named_perfume,"본품 향수 표현과 개별 상품명 확인; 고정 증정품 허용, 용량/농도 원문 유지",no_option_evidence,상품명에서 선택 옵션 근거 없음; 옵션 부재를 상세페이지에서 확인한 것은 아님,,843,KEEP,first_pass_KEEP
lotte,143,판매 많은순,최근 30일,LE1216038449,향수존,[트루사르디] 르비드밀라노 디이탈리안 아티스트 오브 비아솔페리노EDP 100ml,https://www.lotteon.com/product/LE1216038449?sitmNo=LE1216038449_1293226909&mall_no=1,138600,2026-09-05,data/korea_popularity/raw/lotte_department_perfume_sales_top350_20260905.har,45,KEEP,NONE,named_perfume,"본품 향수 표현과 개별 상품명 확인; 고정 증정품 허용, 용량/농도 원문 유지",no_option_evidence,상품명에서 선택 옵션 근거 없음; 옵션 부재를 상세페이지에서 확인한 것은 아님,,844,KEEP,first_pass_KEEP
lotte,144,판매 많은순,최근 30일,LE1220673471,향수존,[베르사체] 에로스 에너지 EDP 100ml (미니어처1종 랜덤증정),https://www.lotteon.com/product/LE1220673471?sitmNo=LE1220673471_1324489099&mall_no=1,161100,2026-09-05,data/korea_popularity/raw/lotte_department_perfume_sales_top350_20260905.har,45,KEEP,NONE,named_perfume,"본품 향수 표현과 개별 상품명 확인; 고정 증정품 허용, 용량/농도 원문 유지",no_option_evidence,상품명에서 선택 옵션 근거 없음; 옵션 부재를 상세페이지에서 확인한 것은 아님,,845,KEEP,first_pass_KEEP
lotte,145,판매 많은순,최근 30일,LE1220673486,향수존,[베르사체] 에로스 에너지 EDP 50ml (미니어처1종 랜덤증정),https://www.lotteon.com/product/LE1220673486?sitmNo=LE1220673486_1324489183&mall_no=1,126900,2026-09-05,data/korea_popularity/raw/lotte_department_perfume_sales_top350_20260905.har,45,KEEP,NONE,named_perfume,"본품 향수 표현과 개별 상품명 확인; 고정 증정품 허용, 용량/농도 원문 유지",no_option_evidence,상품명에서 선택 옵션 근거 없음; 옵션 부재를 상세페이지에서 확인한 것은 아님,,846,KEEP,first_pass_KEEP
lotte,146,판매 많은순,최근 30일,LE1220673920,향수존,[베르사체] 브라이트 크리스탈 앱솔루 EDP 90ml (미니어처1종 랜덤증정),https://www.lotteon.com/product/LE1220673920?sitmNo=LE1220673920_1324491686&mall_no=1,140400,2026-09-05,data/korea_popularity/raw/lotte_department_perfume_sales_top350_20260905.har,45,KEEP,NONE,named_perfume,"본품 향수 표현과 개별 상품명 확인; 고정 증정품 허용, 용량/농도 원문 유지",no_option_evidence,상품명에서 선택 옵션 근거 없음; 옵션 부재를 상세페이지에서 확인한 것은 아님,,847,KEEP,first_pass_KEEP
lotte,147,판매 많은순,최근 30일,LE1220673669,향수존,[베르사체] 브라이트 크리스탈 앱솔루 EDP 50ml (미니어처1종 랜덤증정),https://www.lotteon.com/product/LE1220673669?sitmNo=LE1220673669_1324490166&mall_no=1,91260,2026-09-05,data/korea_popularity/raw/lotte_department_perfume_sales_top350_20260905.har,45,KEEP,NONE,named_perfume,"본품 향수 표현과 개별 상품명 확인; 고정 증정품 허용, 용량/농도 원문 유지",no_option_evidence,상품명에서 선택 옵션 근거 없음; 옵션 부재를 상세페이지에서 확인한 것은 아님,,848,KEEP,first_pass_KEEP
lotte,148,판매 많은순,최근 30일,LE1220677268,향수존,[베르사체] 브라이트 크리스탈 EDT 50ml (미니어처1종 랜덤증정),https://www.lotteon.com/product/LE1220677268?sitmNo=LE1220677268_1324511869&mall_no=1,82440,2026-09-05,data/korea_popularity/raw/lotte_department_perfume_sales_top350_20260905.har,45,KEEP,NONE,named_perfume,"본품 향수 표현과 개별 상품명 확인; 고정 증정품 허용, 용량/농도 원문 유지",no_option_evidence,상품명에서 선택 옵션 근거 없음; 옵션 부재를 상세페이지에서 확인한 것은 아님,,849,KEEP,first_pass_KEEP
lotte,149,판매 많은순,최근 30일,LE1220673640,향수존,[베르사체] 브라이트 크리스탈 앱솔루 EDP 30ml,https://www.lotteon.com/product/LE1220673640?sitmNo=LE1220673640_1324490054&mall_no=1,60480,2026-09-05,data/korea_popularity/raw/lotte_department_perfume_sales_top350_20260905.har,45,KEEP,NONE,named_perfume,"본품 향수 표현과 개별 상품명 확인; 고정 증정품 허용, 용량/농도 원문 유지",no_option_evidence,상품명에서 선택 옵션 근거 없음; 옵션 부재를 상세페이지에서 확인한 것은 아님,,850,KEEP,first_pass_KEEP
lotte,150,판매 많은순,최근 30일,LE1220677325,향수존,[베르사체] 오프레쉬 맨 오드뚜왈렛 50ml (미니어처1종 랜덤증정),https://www.lotteon.com/product/LE1220677325?sitmNo=LE1220677325_1324512108&mall_no=1,82080,2026-09-05,data/korea_popularity/raw/lotte_department_perfume_sales_top350_20260905.har,45,KEEP,NONE,named_perfume,"본품 향수 표현과 개별 상품명 확인; 고정 증정품 허용, 용량/농도 원문 유지",no_option_evidence,상품명에서 선택 옵션 근거 없음; 옵션 부재를 상세페이지에서 확인한 것은 아님,,851,KEEP,first_pass_KEEP
lotte,151,판매 많은순,최근 30일,PD59667034,향수존,[트루사르디] 르비드밀라노 디스트릭트 오브 노로 EDP 100ml,https://www.lotteon.com/product/PD59667034?mall_no=1,138600,2026-09-05,data/korea_popularity/raw/lotte_department_perfume_sales_top350_20260905.har,45,KEEP,NONE,named_perfume,"본품 향수 표현과 개별 상품명 확인; 고정 증정품 허용, 용량/농도 원문 유지",no_option_evidence,상품명에서 선택 옵션 근거 없음; 옵션 부재를 상세페이지에서 확인한 것은 아님,,852,KEEP,first_pass_KEEP
lotte,152,판매 많은순,최근 30일,PD68543251,향수존,[랑세] 오 드 제피르 오드뚜왈렛 100ml (바이알 3종),https://www.lotteon.com/product/PD68543251?mall_no=1,153900,2026-09-05,data/korea_popularity/raw/lotte_department_perfume_sales_top350_20260905.har,45,KEEP,NONE,named_perfume,"본품 향수 표현과 개별 상품명 확인; 고정 증정품 허용, 용량/농도 원문 유지",no_option_evidence,상품명에서 선택 옵션 근거 없음; 옵션 부재를 상세페이지에서 확인한 것은 아님,,853,KEEP,first_pass_KEEP
lotte,153,판매 많은순,최근 30일,PD66487914,향수존,[몽탈] 아라비안스 오드퍼퓸 100ml (바이알 3종),https://www.lotteon.com/product/PD66487914?mall_no=1,205200,2026-09-05,data/korea_popularity/raw/lotte_department_perfume_sales_top350_20260905.har,45,KEEP,NONE,named_perfume,"본품 향수 표현과 개별 상품명 확인; 고정 증정품 허용, 용량/농도 원문 유지",no_option_evidence,상품명에서 선택 옵션 근거 없음; 옵션 부재를 상세페이지에서 확인한 것은 아님,,854,KEEP,first_pass_KEEP
lotte,154,판매 많은순,최근 30일,PD66485459,향수존,[몽탈] 바닐 압솔뤼 오드퍼퓸 100ml (바이알 3종),https://www.lotteon.com/product/PD66485459?mall_no=1,162450,2026-09-05,data/korea_popularity/raw/lotte_department_perfume_sales_top350_20260905.har,45,KEEP,NONE,named_perfume,"본품 향수 표현과 개별 상품명 확인; 고정 증정품 허용, 용량/농도 원문 유지",no_option_evidence,상품명에서 선택 옵션 근거 없음; 옵션 부재를 상세페이지에서 확인한 것은 아님,,855,KEEP,first_pass_KEEP
lotte,155,판매 많은순,최근 30일,LE1220621793,향수존,[BMW] 더 센트 오브 앰버니스 오드퍼퓸 50ml,https://www.lotteon.com/product/LE1220621793?sitmNo=LE1220621793_1324155039&mall_no=1,94050,2026-09-05,data/korea_popularity/raw/lotte_department_perfume_sales_top350_20260905.har,45,KEEP,NONE,named_perfume,"본품 향수 표현과 개별 상품명 확인; 고정 증정품 허용, 용량/농도 원문 유지",no_option_evidence,상품명에서 선택 옵션 근거 없음; 옵션 부재를 상세페이지에서 확인한 것은 아님,,856,KEEP,first_pass_KEEP
lotte,156,판매 많은순,최근 30일,LE1220621934,향수존,[BMW] 더 센트 오브 앰버니스 오드퍼퓸 100ml,https://www.lotteon.com/product/LE1220621934?sitmNo=LE1220621934_1324156286&mall_no=1,128250,2026-09-05,data/korea_popularity/raw/lotte_department_perfume_sales_top350_20260905.har,45,KEEP,NONE,named_perfume,"본품 향수 표현과 개별 상품명 확인; 고정 증정품 허용, 용량/농도 원문 유지",no_option_evidence,상품명에서 선택 옵션 근거 없음; 옵션 부재를 상세페이지에서 확인한 것은 아님,,857,KEEP,first_pass_KEEP
lotte,157,판매 많은순,최근 30일,LE1220621996,향수존,[BMW] 더 센트 오브 베르가무드 오드퍼퓸 50ml,https://www.lotteon.com/product/LE1220621996?sitmNo=LE1220621996_1324156660&mall_no=1,94050,2026-09-05,data/korea_popularity/raw/lotte_department_perfume_sales_top350_20260905.har,45,KEEP,NONE,named_perfume,"본품 향수 표현과 개별 상품명 확인; 고정 증정품 허용, 용량/농도 원문 유지",no_option_evidence,상품명에서 선택 옵션 근거 없음; 옵션 부재를 상세페이지에서 확인한 것은 아님,,858,KEEP,first_pass_KEEP
lotte,158,판매 많은순,최근 30일,PD66479865,향수존,[몽탈] 바닐라 케이크 오드퍼퓸 100ml (바이알 3종),https://www.lotteon.com/product/PD66479865?mall_no=1,162450,2026-09-05,data/korea_popularity/raw/lotte_department_perfume_sales_top350_20260905.har,45,KEEP,NONE,named_perfume,"본품 향수 표현과 개별 상품명 확인; 고정 증정품 허용, 용량/농도 원문 유지",no_option_evidence,상품명에서 선택 옵션 근거 없음; 옵션 부재를 상세페이지에서 확인한 것은 아님,,859,KEEP,first_pass_KEEP
lotte,159,판매 많은순,최근 30일,LE1215904202,향수존,[랑세] 오드 프랑스 오드뚜왈렛 100ml (바이알 3종),https://www.lotteon.com/product/LE1215904202?sitmNo=LE1215904202_1292333057&mall_no=1,140940,2026-09-05,data/korea_popularity/raw/lotte_department_perfume_sales_top350_20260905.har,45,KEEP,NONE,named_perfume,"본품 향수 표현과 개별 상품명 확인; 고정 증정품 허용, 용량/농도 원문 유지",no_option_evidence,상품명에서 선택 옵션 근거 없음; 옵션 부재를 상세페이지에서 확인한 것은 아님,,860,KEEP,first_pass_KEEP
lotte,160,판매 많은순,최근 30일,LE1220617025,향수존,[비엠더블유] 더 센트 오브 베르가무드 오드퍼퓸 100ml,https://www.lotteon.com/product/LE1220617025?sitmNo=LE1220617025_1324121263&mall_no=1,128250,2026-09-05,data/korea_popularity/raw/lotte_department_perfume_sales_top350_20260905.har,45,KEEP,NONE,named_perfume,"본품 향수 표현과 개별 상품명 확인; 고정 증정품 허용, 용량/농도 원문 유지",no_option_evidence,상품명에서 선택 옵션 근거 없음; 옵션 부재를 상세페이지에서 확인한 것은 아님,,861,KEEP,first_pass_KEEP
lotte,161,판매 많은순,최근 30일,LE1220617035,향수존,[비엠더블유] 더 센트 오브 베르가무드 오드퍼퓸 50ml,https://www.lotteon.com/product/LE1220617035?sitmNo=LE1220617035_1324121335&mall_no=1,94050,2026-09-05,data/korea_popularity/raw/lotte_department_perfume_sales_top350_20260905.har,45,KEEP,NONE,named_perfume,"본품 향수 표현과 개별 상품명 확인; 고정 증정품 허용, 용량/농도 원문 유지",no_option_evidence,상품명에서 선택 옵션 근거 없음; 옵션 부재를 상세페이지에서 확인한 것은 아님,,862,KEEP,first_pass_KEEP
lotte,162,판매 많은순,최근 30일,LE1220616864,향수존,[비엠더블유] 더 센트 오브 앰버니스 오드퍼퓸 100ml,https://www.lotteon.com/product/LE1220616864?sitmNo=LE1220616864_1324120210&mall_no=1,128250,2026-09-05,data/korea_popularity/raw/lotte_department_perfume_sales_top350_20260905.har,45,KEEP,NONE,named_perfume,"본품 향수 표현과 개별 상품명 확인; 고정 증정품 허용, 용량/농도 원문 유지",no_option_evidence,상품명에서 선택 옵션 근거 없음; 옵션 부재를 상세페이지에서 확인한 것은 아님,,863,KEEP,first_pass_KEEP
lotte,163,판매 많은순,최근 30일,LE1214411198,향수존,[만세라] 엠버 피버 오드퍼퓸 60ml (바이알 3종),https://www.lotteon.com/product/LE1214411198?sitmNo=LE1214411198_1283002863&mall_no=1,150480,2026-09-05,data/korea_popularity/raw/lotte_department_perfume_sales_top350_20260905.har,45,KEEP,NONE,named_perfume,"본품 향수 표현과 개별 상품명 확인; 고정 증정품 허용, 용량/농도 원문 유지",no_option_evidence,상품명에서 선택 옵션 근거 없음; 옵션 부재를 상세페이지에서 확인한 것은 아님,,864,KEEP,first_pass_KEEP
lotte,164,판매 많은순,최근 30일,LE1215954217,향수존,[만세라] 세드라 부아제 오드퍼퓸 120ml (바이알 3종),https://www.lotteon.com/product/LE1215954217?sitmNo=LE1215954217_1292660810&mall_no=1,190080,2026-09-05,data/korea_popularity/raw/lotte_department_perfume_sales_top350_20260905.har,45,KEEP,NONE,named_perfume,"본품 향수 표현과 개별 상품명 확인; 고정 증정품 허용, 용량/농도 원문 유지",no_option_evidence,상품명에서 선택 옵션 근거 없음; 옵션 부재를 상세페이지에서 확인한 것은 아님,,865,KEEP,first_pass_KEEP
lotte,165,판매 많은순,최근 30일,LE1215962495,향수존,[만세라] 오드 레몬 민트 오드퍼퓸 60ml (바이알 3종),https://www.lotteon.com/product/LE1215962495?sitmNo=LE1215962495_1292716011&mall_no=1,150480,2026-09-05,data/korea_popularity/raw/lotte_department_perfume_sales_top350_20260905.har,45,KEEP,NONE,named_perfume,"본품 향수 표현과 개별 상품명 확인; 고정 증정품 허용, 용량/농도 원문 유지",no_option_evidence,상품명에서 선택 옵션 근거 없음; 옵션 부재를 상세페이지에서 확인한 것은 아님,,866,KEEP,first_pass_KEEP
lotte,166,판매 많은순,최근 30일,PD63597906,향수존,[만세라] 세드라 부아제 오드퍼퓸 120ml (바이알 3종),https://www.lotteon.com/product/PD63597906?mall_no=1,190080,2026-09-05,data/korea_popularity/raw/lotte_department_perfume_sales_top350_20260905.har,45,KEEP,NONE,named_perfume,"본품 향수 표현과 개별 상품명 확인; 고정 증정품 허용, 용량/농도 원문 유지",no_option_evidence,상품명에서 선택 옵션 근거 없음; 옵션 부재를 상세페이지에서 확인한 것은 아님,,867,KEEP,first_pass_KEEP
lotte,167,판매 많은순,최근 30일,LE1220233289,향수존,[베르사체] 에로스 에너지 오드퍼퓸 100ml (+ 미니어처 1종),https://www.lotteon.com/product/LE1220233289?sitmNo=LE1220233289_1321660983&mall_no=1,161100,2026-09-05,data/korea_popularity/raw/lotte_department_perfume_sales_top350_20260905.har,45,KEEP,NONE,named_perfume,"본품 향수 표현과 개별 상품명 확인; 고정 증정품 허용, 용량/농도 원문 유지",no_option_evidence,상품명에서 선택 옵션 근거 없음; 옵션 부재를 상세페이지에서 확인한 것은 아님,,868,KEEP,first_pass_KEEP
lotte,168,판매 많은순,최근 30일,PD63598868,향수존,[만세라] 코코 바닐 오드퍼퓸 120ml (바이알 3종),https://www.lotteon.com/product/PD63598868?mall_no=1,190080,2026-09-05,data/korea_popularity/raw/lotte_department_perfume_sales_top350_20260905.har,45,KEEP,NONE,named_perfume,"본품 향수 표현과 개별 상품명 확인; 고정 증정품 허용, 용량/농도 원문 유지",no_option_evidence,상품명에서 선택 옵션 근거 없음; 옵션 부재를 상세페이지에서 확인한 것은 아님,,869,KEEP,first_pass_KEEP
lotte,169,판매 많은순,최근 30일,PD63600694,향수존,[만세라] 통카 콜라 오드퍼퓸 120ml (바이알 3종),https://www.lotteon.com/product/PD63600694?mall_no=1,239400,2026-09-05,data/korea_popularity/raw/lotte_department_perfume_sales_top350_20260905.har,45,KEEP,NONE,named_perfume,"본품 향수 표현과 개별 상품명 확인; 고정 증정품 허용, 용량/농도 원문 유지",no_option_evidence,상품명에서 선택 옵션 근거 없음; 옵션 부재를 상세페이지에서 확인한 것은 아님,,870,KEEP,first_pass_KEEP
lotte,170,판매 많은순,최근 30일,PD63594204,향수존,[만세라] 코스믹 페퍼 오드퍼퓸 120ml (바이알 3종),https://www.lotteon.com/product/PD63594204?mall_no=1,239400,2026-09-05,data/korea_popularity/raw/lotte_department_perfume_sales_top350_20260905.har,45,KEEP,NONE,named_perfume,"본품 향수 표현과 개별 상품명 확인; 고정 증정품 허용, 용량/농도 원문 유지",no_option_evidence,상품명에서 선택 옵션 근거 없음; 옵션 부재를 상세페이지에서 확인한 것은 아님,,871,KEEP,first_pass_KEEP
lotte,171,판매 많은순,최근 30일,PD66485143,향수존,[몽탈] 데이 드림즈 오드퍼퓸 100ml (바이알 3종),https://www.lotteon.com/product/PD66485143?mall_no=1,190080,2026-09-05,data/korea_popularity/raw/lotte_department_perfume_sales_top350_20260905.har,45,KEEP,NONE,named_perfume,"본품 향수 표현과 개별 상품명 확인; 고정 증정품 허용, 용량/농도 원문 유지",no_option_evidence,상품명에서 선택 옵션 근거 없음; 옵션 부재를 상세페이지에서 확인한 것은 아님,,872,KEEP,first_pass_KEEP
lotte,172,판매 많은순,최근 30일,PD59607859,향수존,[트루사르디] 르비드밀라노 비하인드 더 커튼 피아차 라스칼라 EDP 100ml,https://www.lotteon.com/product/PD59607859?mall_no=1,138600,2026-09-05,data/korea_popularity/raw/lotte_department_perfume_sales_top350_20260905.har,45,KEEP,NONE,named_perfume,"본품 향수 표현과 개별 상품명 확인; 고정 증정품 허용, 용량/농도 원문 유지",no_option_evidence,상품명에서 선택 옵션 근거 없음; 옵션 부재를 상세페이지에서 확인한 것은 아님,,873,KEEP,first_pass_KEEP
lotte,173,판매 많은순,최근 30일,LE1208012520,향수존,[트루사르디] 르비드밀라노 아이비콜리 피오리 치아리 EDP 100ml,https://www.lotteon.com/product/LE1208012520?sitmNo=LE1208012520_1243682116&mall_no=1,138600,2026-09-05,data/korea_popularity/raw/lotte_department_perfume_sales_top350_20260905.har,45,KEEP,NONE,named_perfume,"본품 향수 표현과 개별 상품명 확인; 고정 증정품 허용, 용량/농도 원문 유지",no_option_evidence,상품명에서 선택 옵션 근거 없음; 옵션 부재를 상세페이지에서 확인한 것은 아님,,874,KEEP,first_pass_KEEP
lotte,174,판매 많은순,최근 30일,PD57643624,향수존,[트루사르디] 르비드밀라노 워킹인 포르타 베네치아 EDP 100ml,https://www.lotteon.com/product/PD57643624?mall_no=1,138600,2026-09-05,data/korea_popularity/raw/lotte_department_perfume_sales_top350_20260905.har,45,KEEP,NONE,named_perfume,"본품 향수 표현과 개별 상품명 확인; 고정 증정품 허용, 용량/농도 원문 유지",no_option_evidence,상품명에서 선택 옵션 근거 없음; 옵션 부재를 상세페이지에서 확인한 것은 아님,,875,KEEP,first_pass_KEEP
lotte,175,판매 많은순,최근 30일,PD57798946,향수존,[트루사르디] 르비드밀라노 디이탈리안 아티스트 비아솔페리노 EDP100ml,https://www.lotteon.com/product/PD57798946?mall_no=1,138600,2026-09-05,data/korea_popularity/raw/lotte_department_perfume_sales_top350_20260905.har,45,KEEP,NONE,named_perfume,"본품 향수 표현과 개별 상품명 확인; 고정 증정품 허용, 용량/농도 원문 유지",no_option_evidence,상품명에서 선택 옵션 근거 없음; 옵션 부재를 상세페이지에서 확인한 것은 아님,,876,KEEP,first_pass_KEEP
lotte,176,판매 많은순,최근 30일,LE1207144886,향수존,[트루사르디] 르비드밀라노 비하인더커튼 피아차 라스칼라EDP 100ml,https://www.lotteon.com/product/LE1207144886?sitmNo=LE1207144886_1239047565&mall_no=1,138600,2026-09-05,data/korea_popularity/raw/lotte_department_perfume_sales_top350_20260905.har,45,KEEP,NONE,named_perfume,"본품 향수 표현과 개별 상품명 확인; 고정 증정품 허용, 용량/농도 원문 유지",no_option_evidence,상품명에서 선택 옵션 근거 없음; 옵션 부재를 상세페이지에서 확인한 것은 아님,,877,KEEP,first_pass_KEEP
lotte,177,판매 많은순,최근 30일,PD59576592,향수존,[트루사르디] 르비드밀라노 아이비콜리 비아 피오리 치아리EDP 100ml,https://www.lotteon.com/product/PD59576592?mall_no=1,138600,2026-09-05,data/korea_popularity/raw/lotte_department_perfume_sales_top350_20260905.har,45,KEEP,NONE,named_perfume,"본품 향수 표현과 개별 상품명 확인; 고정 증정품 허용, 용량/농도 원문 유지",no_option_evidence,상품명에서 선택 옵션 근거 없음; 옵션 부재를 상세페이지에서 확인한 것은 아님,,878,KEEP,first_pass_KEEP
lotte,178,판매 많은순,최근 30일,PD57643269,향수존,[트루사르디] 르비드밀라노 알바수이 나빌리 EDP 100ml,https://www.lotteon.com/product/PD57643269?mall_no=1,138600,2026-09-05,data/korea_popularity/raw/lotte_department_perfume_sales_top350_20260905.har,45,KEEP,NONE,named_perfume,"본품 향수 표현과 개별 상품명 확인; 고정 증정품 허용, 용량/농도 원문 유지",no_option_evidence,상품명에서 선택 옵션 근거 없음; 옵션 부재를 상세페이지에서 확인한 것은 아님,,879,KEEP,first_pass_KEEP
lotte,179,판매 많은순,최근 30일,PD63591048,향수존,[만세라] 체리 체리 오드퍼퓸 120ml (바이알 3종),https://www.lotteon.com/product/PD63591048?mall_no=1,239400,2026-09-05,data/korea_popularity/raw/lotte_department_perfume_sales_top350_20260905.har,45,KEEP,NONE,named_perfume,"본품 향수 표현과 개별 상품명 확인; 고정 증정품 허용, 용량/농도 원문 유지",no_option_evidence,상품명에서 선택 옵션 근거 없음; 옵션 부재를 상세페이지에서 확인한 것은 아님,,880,KEEP,first_pass_KEEP
lotte,180,판매 많은순,최근 30일,PD63597066,향수존,[만세라] 친퀘 테레 오드퍼퓸 120ml (바이알 3종),https://www.lotteon.com/product/PD63597066?mall_no=1,239400,2026-09-05,data/korea_popularity/raw/lotte_department_perfume_sales_top350_20260905.har,45,KEEP,NONE,named_perfume,"본품 향수 표현과 개별 상품명 확인; 고정 증정품 허용, 용량/농도 원문 유지",no_option_evidence,상품명에서 선택 옵션 근거 없음; 옵션 부재를 상세페이지에서 확인한 것은 아님,,881,KEEP,first_pass_KEEP
lotte,181,판매 많은순,최근 30일,PD63597394,향수존,[만세라] 블랙 골드 오드퍼퓸 60ml (바이알 3종),https://www.lotteon.com/product/PD63597394?mall_no=1,162450,2026-09-05,data/korea_popularity/raw/lotte_department_perfume_sales_top350_20260905.har,107,KEEP,NONE,named_perfume,"본품 향수 표현과 개별 상품명 확인; 고정 증정품 허용, 용량/농도 원문 유지",no_option_evidence,상품명에서 선택 옵션 근거 없음; 옵션 부재를 상세페이지에서 확인한 것은 아님,,882,KEEP,first_pass_KEEP
lotte,182,판매 많은순,최근 30일,PD63591633,향수존,[만세라] 코스믹 페퍼 오드퍼퓸 60ml (바이알 3종),https://www.lotteon.com/product/PD63591633?mall_no=1,162450,2026-09-05,data/korea_popularity/raw/lotte_department_perfume_sales_top350_20260905.har,107,KEEP,NONE,named_perfume,"본품 향수 표현과 개별 상품명 확인; 고정 증정품 허용, 용량/농도 원문 유지",no_option_evidence,상품명에서 선택 옵션 근거 없음; 옵션 부재를 상세페이지에서 확인한 것은 아님,,883,KEEP,first_pass_KEEP
lotte,183,판매 많은순,최근 30일,PD66635640,향수존,[니샤네] 아니 엑스트레 드 퍼퓸 100ml (바이알3종),https://www.lotteon.com/product/PD66635640?mall_no=1,470250,2026-09-05,data/korea_popularity/raw/lotte_department_perfume_sales_top350_20260905.har,107,KEEP,NONE,named_perfume,"본품 향수 표현과 개별 상품명 확인; 고정 증정품 허용, 용량/농도 원문 유지",no_option_evidence,상품명에서 선택 옵션 근거 없음; 옵션 부재를 상세페이지에서 확인한 것은 아님,,884,KEEP,first_pass_KEEP
lotte,184,판매 많은순,최근 30일,LE1220233344,향수존,[베르사체] 에로스 에너지 오드퍼퓸 50ml (+ 미니어처 1종),https://www.lotteon.com/product/LE1220233344?sitmNo=LE1220233344_1321661426&mall_no=1,126900,2026-09-05,data/korea_popularity/raw/lotte_department_perfume_sales_top350_20260905.har,107,KEEP,NONE,named_perfume,"본품 향수 표현과 개별 상품명 확인; 고정 증정품 허용, 용량/농도 원문 유지",no_option_evidence,상품명에서 선택 옵션 근거 없음; 옵션 부재를 상세페이지에서 확인한 것은 아님,,885,KEEP,first_pass_KEEP
lotte,185,판매 많은순,최근 30일,LE1220203973,향수존,[니샤네] 아니 엑스트레 드 퍼퓸 50ml (바이알3종),https://www.lotteon.com/product/LE1220203973?sitmNo=LE1220203973_1321457912&mall_no=1,324900,2026-09-05,data/korea_popularity/raw/lotte_department_perfume_sales_top350_20260905.har,107,KEEP,NONE,named_perfume,"본품 향수 표현과 개별 상품명 확인; 고정 증정품 허용, 용량/농도 원문 유지",no_option_evidence,상품명에서 선택 옵션 근거 없음; 옵션 부재를 상세페이지에서 확인한 것은 아님,,886,KEEP,first_pass_KEEP
lotte,186,판매 많은순,최근 30일,PD66628711,향수존,[니샤네] 페보니우스 런던엑스트레 드 퍼퓸 50ml (바이알3종),https://www.lotteon.com/product/PD66628711?mall_no=1,350550,2026-09-05,data/korea_popularity/raw/lotte_department_perfume_sales_top350_20260905.har,107,KEEP,NONE,named_perfume,"본품 향수 표현과 개별 상품명 확인; 고정 증정품 허용, 용량/농도 원문 유지",no_option_evidence,상품명에서 선택 옵션 근거 없음; 옵션 부재를 상세페이지에서 확인한 것은 아님,,887,KEEP,first_pass_KEEP
lotte,187,판매 많은순,최근 30일,PD66468757,향수존,[몽탈] 인피니티 오드퍼퓸 100ml (바이알 3종),https://www.lotteon.com/product/PD66468757?mall_no=1,205200,2026-09-05,data/korea_popularity/raw/lotte_department_perfume_sales_top350_20260905.har,107,KEEP,NONE,named_perfume,"본품 향수 표현과 개별 상품명 확인; 고정 증정품 허용, 용량/농도 원문 유지",no_option_evidence,상품명에서 선택 옵션 근거 없음; 옵션 부재를 상세페이지에서 확인한 것은 아님,,888,KEEP,first_pass_KEEP
lotte,188,판매 많은순,최근 30일,PD63588761,향수존,[만세라] 인텐스 세드라 부아제 EXDP 60ml (바이알 3종),https://www.lotteon.com/product/PD63588761?mall_no=1,179550,2026-09-05,data/korea_popularity/raw/lotte_department_perfume_sales_top350_20260905.har,107,REVIEW,NONE,concentration_unclear,복수 농도 또는 EDPI/EXDP/PFM 등 미해석 코드; 임의 치환하지 않음,no_option_evidence,상품명에서 선택 옵션 근거 없음; 옵션 부재를 상세페이지에서 확인한 것은 아님,,889,KEEP,second_pass_KEEP
lotte,189,판매 많은순,최근 30일,PD59151547,향수존,라리끄 솔레이 루나 오드퍼퓸 30ml,https://www.lotteon.com/product/PD59151547?mall_no=1,102600,2026-09-05,data/korea_popularity/raw/lotte_department_perfume_sales_top350_20260905.har,107,KEEP,NONE,named_perfume,"본품 향수 표현과 개별 상품명 확인; 고정 증정품 허용, 용량/농도 원문 유지",no_option_evidence,상품명에서 선택 옵션 근거 없음; 옵션 부재를 상세페이지에서 확인한 것은 아님,,890,KEEP,first_pass_KEEP
lotte,190,판매 많은순,최근 30일,PD68529823,향수존,[랑세] 오 드 제피르 오드뚜왈렛 50ml (바이알 3종),https://www.lotteon.com/product/PD68529823?mall_no=1,111150,2026-09-05,data/korea_popularity/raw/lotte_department_perfume_sales_top350_20260905.har,107,KEEP,NONE,named_perfume,"본품 향수 표현과 개별 상품명 확인; 고정 증정품 허용, 용량/농도 원문 유지",no_option_evidence,상품명에서 선택 옵션 근거 없음; 옵션 부재를 상세페이지에서 확인한 것은 아님,,891,KEEP,first_pass_KEEP
lotte,191,판매 많은순,최근 30일,LE1215947604,향수존,[몽탈] 솔레이 드 카프리 오드퍼퓸 100ml (바이알 3종),https://www.lotteon.com/product/LE1215947604?sitmNo=LE1215947604_1292619172&mall_no=1,150480,2026-09-05,data/korea_popularity/raw/lotte_department_perfume_sales_top350_20260905.har,107,KEEP,NONE,named_perfume,"본품 향수 표현과 개별 상품명 확인; 고정 증정품 허용, 용량/농도 원문 유지",no_option_evidence,상품명에서 선택 옵션 근거 없음; 옵션 부재를 상세페이지에서 확인한 것은 아님,,892,KEEP,first_pass_KEEP
lotte,192,판매 많은순,최근 30일,PD55956499,향수존,[베르두콜렉션] 그랑크뤼 과리아 모라다 EDP 100ml,https://www.lotteon.com/product/PD55956499?mall_no=1,49500,2026-09-05,data/korea_popularity/raw/lotte_department_perfume_sales_top350_20260905.har,107,KEEP,NONE,named_perfume,"본품 향수 표현과 개별 상품명 확인; 고정 증정품 허용, 용량/농도 원문 유지",no_option_evidence,상품명에서 선택 옵션 근거 없음; 옵션 부재를 상세페이지에서 확인한 것은 아님,,893,KEEP,first_pass_KEEP
lotte,193,판매 많은순,최근 30일,PD55950717,향수존,[베르두콜렉]션 그랑크뤼 펑라이 EDP 100ml,https://www.lotteon.com/product/PD55950717?mall_no=1,49500,2026-09-05,data/korea_popularity/raw/lotte_department_perfume_sales_top350_20260905.har,107,KEEP,NONE,named_perfume,"본품 향수 표현과 개별 상품명 확인; 고정 증정품 허용, 용량/농도 원문 유지",no_option_evidence,상품명에서 선택 옵션 근거 없음; 옵션 부재를 상세페이지에서 확인한 것은 아님,,894,KEEP,first_pass_KEEP
lotte,194,판매 많은순,최근 30일,LE1207844910,향수존,[베르사체] 에로스 플레임 오드퍼퓸 50ml (+ 미니어처 1종),https://www.lotteon.com/product/LE1207844910?sitmNo=LE1207844910_1242711775&mall_no=1,120510,2026-09-05,data/korea_popularity/raw/lotte_department_perfume_sales_top350_20260905.har,107,KEEP,NONE,named_perfume,"본품 향수 표현과 개별 상품명 확인; 고정 증정품 허용, 용량/농도 원문 유지",no_option_evidence,상품명에서 선택 옵션 근거 없음; 옵션 부재를 상세페이지에서 확인한 것은 아님,,895,KEEP,first_pass_KEEP
lotte,195,판매 많은순,최근 30일,PD53476766,향수존,[아뜰리에데조] 느와 바이 나이트 오드퍼퓸 100ml,https://www.lotteon.com/product/PD53476766?mall_no=1,299250,2026-09-05,data/korea_popularity/raw/lotte_department_perfume_sales_top350_20260905.har,107,KEEP,NONE,named_perfume,"본품 향수 표현과 개별 상품명 확인; 고정 증정품 허용, 용량/농도 원문 유지",no_option_evidence,상품명에서 선택 옵션 근거 없음; 옵션 부재를 상세페이지에서 확인한 것은 아님,,896,KEEP,first_pass_KEEP
lotte,196,판매 많은순,최근 30일,LE1218084789,향수존,[리플레이] 시크릿 포 우먼 오드뚜왈렛 30ml,https://www.lotteon.com/product/LE1218084789?sitmNo=LE1218084789_1306838976&mall_no=1,49590,2026-09-05,data/korea_popularity/raw/lotte_department_perfume_sales_top350_20260905.har,107,KEEP,NONE,named_perfume,"본품 향수 표현과 개별 상품명 확인; 고정 증정품 허용, 용량/농도 원문 유지",no_option_evidence,상품명에서 선택 옵션 근거 없음; 옵션 부재를 상세페이지에서 확인한 것은 아님,,897,KEEP,first_pass_KEEP
lotte,197,판매 많은순,최근 30일,PD51926506,향수존,[재규어] 이어러 오드뚜왈렛 100ml,https://www.lotteon.com/product/PD51926506?mall_no=1,75780,2026-09-05,data/korea_popularity/raw/lotte_department_perfume_sales_top350_20260905.har,107,KEEP,NONE,named_perfume,"본품 향수 표현과 개별 상품명 확인; 고정 증정품 허용, 용량/농도 원문 유지",no_option_evidence,상품명에서 선택 옵션 근거 없음; 옵션 부재를 상세페이지에서 확인한 것은 아님,,898,KEEP,first_pass_KEEP
lotte,198,판매 많은순,최근 30일,PD48942469,향수존,투미 키네틱 --:-- 오드퍼퓸 30ml,https://www.lotteon.com/product/PD48942469?mall_no=1,81000,2026-09-05,data/korea_popularity/raw/lotte_department_perfume_sales_top350_20260905.har,107,KEEP,NONE,named_perfume,"본품 향수 표현과 개별 상품명 확인; 고정 증정품 허용, 용량/농도 원문 유지",no_option_evidence,상품명에서 선택 옵션 근거 없음; 옵션 부재를 상세페이지에서 확인한 것은 아님,,899,KEEP,first_pass_KEEP
lotte,199,판매 많은순,최근 30일,PD51919059,향수존,[니코스] 스컬프쳐 오드퍼퓸 100ml,https://www.lotteon.com/product/PD51919059?mall_no=1,102600,2026-09-05,data/korea_popularity/raw/lotte_department_perfume_sales_top350_20260905.har,107,KEEP,NONE,named_perfume,"본품 향수 표현과 개별 상품명 확인; 고정 증정품 허용, 용량/농도 원문 유지",no_option_evidence,상품명에서 선택 옵션 근거 없음; 옵션 부재를 상세페이지에서 확인한 것은 아님,,900,KEEP,first_pass_KEEP
lotte,200,판매 많은순,최근 30일,PD48935993,향수존,니코스 스컬프쳐 오드뚜왈렛 100ml,https://www.lotteon.com/product/PD48935993?mall_no=1,68400,2026-09-05,data/korea_popularity/raw/lotte_department_perfume_sales_top350_20260905.har,107,KEEP,NONE,named_perfume,"본품 향수 표현과 개별 상품명 확인; 고정 증정품 허용, 용량/농도 원문 유지",no_option_evidence,상품명에서 선택 옵션 근거 없음; 옵션 부재를 상세페이지에서 확인한 것은 아님,,901,KEEP,first_pass_KEEP
lotte,201,판매 많은순,최근 30일,PD48938180,향수존,투미 어웨이큰 08:00 오드퍼퓸 30ml,https://www.lotteon.com/product/PD48938180?mall_no=1,81000,2026-09-05,data/korea_popularity/raw/lotte_department_perfume_sales_top350_20260905.har,107,KEEP,NONE,named_perfume,"본품 향수 표현과 개별 상품명 확인; 고정 증정품 허용, 용량/농도 원문 유지",no_option_evidence,상품명에서 선택 옵션 근거 없음; 옵션 부재를 상세페이지에서 확인한 것은 아님,,902,KEEP,first_pass_KEEP
lotte,202,판매 많은순,최근 30일,PD48939875,향수존,투미 컨티넘 12:00 오드퍼퓸 30ml,https://www.lotteon.com/product/PD48939875?mall_no=1,81000,2026-09-05,data/korea_popularity/raw/lotte_department_perfume_sales_top350_20260905.har,107,KEEP,NONE,named_perfume,"본품 향수 표현과 개별 상품명 확인; 고정 증정품 허용, 용량/농도 원문 유지",no_option_evidence,상품명에서 선택 옵션 근거 없음; 옵션 부재를 상세페이지에서 확인한 것은 아님,,903,KEEP,first_pass_KEEP
lotte,203,판매 많은순,최근 30일,PD48934547,향수존,투미 아틀라스 00:00 오드퍼퓸 30ml,https://www.lotteon.com/product/PD48934547?mall_no=1,81000,2026-09-05,data/korea_popularity/raw/lotte_department_perfume_sales_top350_20260905.har,107,KEEP,NONE,named_perfume,"본품 향수 표현과 개별 상품명 확인; 고정 증정품 허용, 용량/농도 원문 유지",no_option_evidence,상품명에서 선택 옵션 근거 없음; 옵션 부재를 상세페이지에서 확인한 것은 아님,,904,KEEP,first_pass_KEEP
lotte,204,판매 많은순,최근 30일,PD48940920,향수존,바나나리퍼블릭 메탈레인 오드퍼퓸 75ml,https://www.lotteon.com/product/PD48940920?mall_no=1,86400,2026-09-05,data/korea_popularity/raw/lotte_department_perfume_sales_top350_20260905.har,107,KEEP,NONE,named_perfume,"본품 향수 표현과 개별 상품명 확인; 고정 증정품 허용, 용량/농도 원문 유지",no_option_evidence,상품명에서 선택 옵션 근거 없음; 옵션 부재를 상세페이지에서 확인한 것은 아님,,905,KEEP,first_pass_KEEP
lotte,205,판매 많은순,최근 30일,PD48940791,향수존,투미 아틀라스 00:00 오드퍼퓸 100ml,https://www.lotteon.com/product/PD48940791?mall_no=1,145800,2026-09-05,data/korea_popularity/raw/lotte_department_perfume_sales_top350_20260905.har,107,KEEP,NONE,named_perfume,"본품 향수 표현과 개별 상품명 확인; 고정 증정품 허용, 용량/농도 원문 유지",no_option_evidence,상품명에서 선택 옵션 근거 없음; 옵션 부재를 상세페이지에서 확인한 것은 아님,,906,KEEP,first_pass_KEEP
lotte,206,판매 많은순,최근 30일,PD48940664,향수존,투미 컨티넘 12:00 오드퍼퓸 100ml,https://www.lotteon.com/product/PD48940664?mall_no=1,145800,2026-09-05,data/korea_popularity/raw/lotte_department_perfume_sales_top350_20260905.har,107,KEEP,NONE,named_perfume,"본품 향수 표현과 개별 상품명 확인; 고정 증정품 허용, 용량/농도 원문 유지",no_option_evidence,상품명에서 선택 옵션 근거 없음; 옵션 부재를 상세페이지에서 확인한 것은 아님,,907,KEEP,first_pass_KEEP
lotte,207,판매 많은순,최근 30일,PD48941360,향수존,투미 언와인드 20:00 오드퍼퓸 100ml,https://www.lotteon.com/product/PD48941360?mall_no=1,145800,2026-09-05,data/korea_popularity/raw/lotte_department_perfume_sales_top350_20260905.har,107,KEEP,NONE,named_perfume,"본품 향수 표현과 개별 상품명 확인; 고정 증정품 허용, 용량/농도 원문 유지",no_option_evidence,상품명에서 선택 옵션 근거 없음; 옵션 부재를 상세페이지에서 확인한 것은 아님,,908,KEEP,first_pass_KEEP
lotte,208,판매 많은순,최근 30일,PD48941396,향수존,케네스콜 블랙 포 허 오드퍼퓸 30ml,https://www.lotteon.com/product/PD48941396?mall_no=1,59850,2026-09-05,data/korea_popularity/raw/lotte_department_perfume_sales_top350_20260905.har,107,KEEP,NONE,named_perfume,"본품 향수 표현과 개별 상품명 확인; 고정 증정품 허용, 용량/농도 원문 유지",no_option_evidence,상품명에서 선택 옵션 근거 없음; 옵션 부재를 상세페이지에서 확인한 것은 아님,,909,KEEP,first_pass_KEEP
lotte,209,판매 많은순,최근 30일,PD48937538,향수존,케네스콜 맨카인드 오드뚜왈렛 100ml,https://www.lotteon.com/product/PD48937538?mall_no=1,111150,2026-09-05,data/korea_popularity/raw/lotte_department_perfume_sales_top350_20260905.har,107,KEEP,NONE,named_perfume,"본품 향수 표현과 개별 상품명 확인; 고정 증정품 허용, 용량/농도 원문 유지",no_option_evidence,상품명에서 선택 옵션 근거 없음; 옵션 부재를 상세페이지에서 확인한 것은 아님,,910,KEEP,first_pass_KEEP
lotte,210,판매 많은순,최근 30일,PD48937812,향수존,케네스콜 블랙 포 허 오드퍼퓸 100ml,https://www.lotteon.com/product/PD48937812?mall_no=1,102600,2026-09-05,data/korea_popularity/raw/lotte_department_perfume_sales_top350_20260905.har,107,KEEP,NONE,named_perfume,"본품 향수 표현과 개별 상품명 확인; 고정 증정품 허용, 용량/농도 원문 유지",no_option_evidence,상품명에서 선택 옵션 근거 없음; 옵션 부재를 상세페이지에서 확인한 것은 아님,,911,KEEP,first_pass_KEEP
lotte,211,판매 많은순,최근 30일,PD48941812,향수존,투미 키네틱 --:-- 오드퍼퓸 100ml,https://www.lotteon.com/product/PD48941812?mall_no=1,145800,2026-09-05,data/korea_popularity/raw/lotte_department_perfume_sales_top350_20260905.har,107,KEEP,NONE,named_perfume,"본품 향수 표현과 개별 상품명 확인; 고정 증정품 허용, 용량/농도 원문 유지",no_option_evidence,상품명에서 선택 옵션 근거 없음; 옵션 부재를 상세페이지에서 확인한 것은 아님,,912,KEEP,first_pass_KEEP
lotte,212,판매 많은순,최근 30일,PD48936540,향수존,바나나리퍼블릭 토바코&통카빈 오드퍼퓸 75ml,https://www.lotteon.com/product/PD48936540?mall_no=1,86400,2026-09-05,data/korea_popularity/raw/lotte_department_perfume_sales_top350_20260905.har,107,KEEP,NONE,named_perfume,"본품 향수 표현과 개별 상품명 확인; 고정 증정품 허용, 용량/농도 원문 유지",no_option_evidence,상품명에서 선택 옵션 근거 없음; 옵션 부재를 상세페이지에서 확인한 것은 아님,,913,KEEP,first_pass_KEEP
lotte,213,판매 많은순,최근 30일,PD48736430,향수존,라리끄 솔레이 비브랑 오드퍼퓸 30ml,https://www.lotteon.com/product/PD48736430?mall_no=1,102600,2026-09-05,data/korea_popularity/raw/lotte_department_perfume_sales_top350_20260905.har,107,KEEP,NONE,named_perfume,"본품 향수 표현과 개별 상품명 확인; 고정 증정품 허용, 용량/농도 원문 유지",no_option_evidence,상품명에서 선택 옵션 근거 없음; 옵션 부재를 상세페이지에서 확인한 것은 아님,,914,KEEP,first_pass_KEEP
lotte,214,판매 많은순,최근 30일,PD51924395,향수존,라리끄 솔레이 오드퍼퓸 30ml,https://www.lotteon.com/product/PD51924395?mall_no=1,102600,2026-09-05,data/korea_popularity/raw/lotte_department_perfume_sales_top350_20260905.har,107,KEEP,NONE,named_perfume,"본품 향수 표현과 개별 상품명 확인; 고정 증정품 허용, 용량/농도 원문 유지",no_option_evidence,상품명에서 선택 옵션 근거 없음; 옵션 부재를 상세페이지에서 확인한 것은 아님,,915,KEEP,first_pass_KEEP
lotte,215,판매 많은순,최근 30일,PD51919950,향수존,[라리끄] 솔레이 오드퍼퓸 100ml,https://www.lotteon.com/product/PD51919950?mall_no=1,196650,2026-09-05,data/korea_popularity/raw/lotte_department_perfume_sales_top350_20260905.har,107,KEEP,NONE,named_perfume,"본품 향수 표현과 개별 상품명 확인; 고정 증정품 허용, 용량/농도 원문 유지",no_option_evidence,상품명에서 선택 옵션 근거 없음; 옵션 부재를 상세페이지에서 확인한 것은 아님,,916,KEEP,first_pass_KEEP
lotte,216,판매 많은순,최근 30일,PD48732416,향수존,라리끄 솔레이 비브랑 오드퍼퓸 100ml,https://www.lotteon.com/product/PD48732416?mall_no=1,196650,2026-09-05,data/korea_popularity/raw/lotte_department_perfume_sales_top350_20260905.har,107,KEEP,NONE,named_perfume,"본품 향수 표현과 개별 상품명 확인; 고정 증정품 허용, 용량/농도 원문 유지",no_option_evidence,상품명에서 선택 옵션 근거 없음; 옵션 부재를 상세페이지에서 확인한 것은 아님,,917,KEEP,first_pass_KEEP
lotte,217,판매 많은순,최근 30일,PD52718116,향수존,[그레] 카보틴 로즈 오드뚜왈렛 30ml,https://www.lotteon.com/product/PD52718116?mall_no=1,34740,2026-09-05,data/korea_popularity/raw/lotte_department_perfume_sales_top350_20260905.har,107,KEEP,NONE,named_perfume,"본품 향수 표현과 개별 상품명 확인; 고정 증정품 허용, 용량/농도 원문 유지",no_option_evidence,상품명에서 선택 옵션 근거 없음; 옵션 부재를 상세페이지에서 확인한 것은 아님,,918,KEEP,first_pass_KEEP
lotte,218,판매 많은순,최근 30일,PD52722310,향수존,[그레] 카보틴 로즈 오드뚜왈렛 100ml,https://www.lotteon.com/product/PD52722310?mall_no=1,50220,2026-09-05,data/korea_popularity/raw/lotte_department_perfume_sales_top350_20260905.har,107,KEEP,NONE,named_perfume,"본품 향수 표현과 개별 상품명 확인; 고정 증정품 허용, 용량/농도 원문 유지",no_option_evidence,상품명에서 선택 옵션 근거 없음; 옵션 부재를 상세페이지에서 확인한 것은 아님,,919,KEEP,first_pass_KEEP
lotte,219,판매 많은순,최근 30일,PD48939106,향수존,그레 카보샤 셰리 오드퍼퓸 100ml,https://www.lotteon.com/product/PD48939106?mall_no=1,75780,2026-09-05,data/korea_popularity/raw/lotte_department_perfume_sales_top350_20260905.har,107,KEEP,NONE,named_perfume,"본품 향수 표현과 개별 상품명 확인; 고정 증정품 허용, 용량/농도 원문 유지",no_option_evidence,상품명에서 선택 옵션 근거 없음; 옵션 부재를 상세페이지에서 확인한 것은 아님,,920,KEEP,first_pass_KEEP
lotte,220,판매 많은순,최근 30일,PD52724399,향수존,[그레] 카보샤 오드퍼퓸 100ml,https://www.lotteon.com/product/PD52724399?mall_no=1,75780,2026-09-05,data/korea_popularity/raw/lotte_department_perfume_sales_top350_20260905.har,107,KEEP,NONE,named_perfume,"본품 향수 표현과 개별 상품명 확인; 고정 증정품 허용, 용량/농도 원문 유지",no_option_evidence,상품명에서 선택 옵션 근거 없음; 옵션 부재를 상세페이지에서 확인한 것은 아님,,921,KEEP,first_pass_KEEP
lotte,221,판매 많은순,최근 30일,LE1215946564,향수존,[몽탈] 파우더 플라워즈 오드퍼퓸 100ml (바이알 3종),https://www.lotteon.com/product/LE1215946564?sitmNo=LE1215946564_1292610593&mall_no=1,182160,2026-09-05,data/korea_popularity/raw/lotte_department_perfume_sales_top350_20260905.har,107,KEEP,NONE,named_perfume,"본품 향수 표현과 개별 상품명 확인; 고정 증정품 허용, 용량/농도 원문 유지",no_option_evidence,상품명에서 선택 옵션 근거 없음; 옵션 부재를 상세페이지에서 확인한 것은 아님,,922,KEEP,first_pass_KEEP
lotte,222,판매 많은순,최근 30일,LE1215947888,향수존,[몽탈] 우드&스파이스 오드퍼퓸 100ml (바이알 3종),https://www.lotteon.com/product/LE1215947888?sitmNo=LE1215947888_1292621335&mall_no=1,150480,2026-09-05,data/korea_popularity/raw/lotte_department_perfume_sales_top350_20260905.har,107,KEEP,NONE,named_perfume,"본품 향수 표현과 개별 상품명 확인; 고정 증정품 허용, 용량/농도 원문 유지",no_option_evidence,상품명에서 선택 옵션 근거 없음; 옵션 부재를 상세페이지에서 확인한 것은 아님,,923,KEEP,first_pass_KEEP
lotte,223,판매 많은순,최근 30일,PD63598786,향수존,[만세라] 로즈 바닐 오드퍼퓸 120ml (바이알 3종),https://www.lotteon.com/product/PD63598786?mall_no=1,190080,2026-09-05,data/korea_popularity/raw/lotte_department_perfume_sales_top350_20260905.har,107,KEEP,NONE,named_perfume,"본품 향수 표현과 개별 상품명 확인; 고정 증정품 허용, 용량/농도 원문 유지",no_option_evidence,상품명에서 선택 옵션 근거 없음; 옵션 부재를 상세페이지에서 확인한 것은 아님,,924,KEEP,first_pass_KEEP
lotte,224,판매 많은순,최근 30일,LE1215955203,향수존,[만세라] 로즈 그리디 오드퍼퓸 120ml (바이알 3종),https://www.lotteon.com/product/LE1215955203?sitmNo=LE1215955203_1292666277&mall_no=1,221760,2026-09-05,data/korea_popularity/raw/lotte_department_perfume_sales_top350_20260905.har,107,KEEP,NONE,named_perfume,"본품 향수 표현과 개별 상품명 확인; 고정 증정품 허용, 용량/농도 원문 유지",no_option_evidence,상품명에서 선택 옵션 근거 없음; 옵션 부재를 상세페이지에서 확인한 것은 아님,,925,KEEP,first_pass_KEEP
lotte,225,판매 많은순,최근 30일,LE1215948677,향수존,[만세라] 오드 레몬 민트 오드퍼퓸 120ml (바이알 3종),https://www.lotteon.com/product/LE1215948677?sitmNo=LE1215948677_1292627590&mall_no=1,221760,2026-09-05,data/korea_popularity/raw/lotte_department_perfume_sales_top350_20260905.har,107,KEEP,NONE,named_perfume,"본품 향수 표현과 개별 상품명 확인; 고정 증정품 허용, 용량/농도 원문 유지",no_option_evidence,상품명에서 선택 옵션 근거 없음; 옵션 부재를 상세페이지에서 확인한 것은 아님,,926,KEEP,first_pass_KEEP
lotte,226,판매 많은순,최근 30일,LE1215946774,향수존,[몽탈] 프리티 프루티 오드퍼퓸 100ml (바이알 3종),https://www.lotteon.com/product/LE1215946774?sitmNo=LE1215946774_1292612557&mall_no=1,182160,2026-09-05,data/korea_popularity/raw/lotte_department_perfume_sales_top350_20260905.har,107,KEEP,NONE,named_perfume,"본품 향수 표현과 개별 상품명 확인; 고정 증정품 허용, 용량/농도 원문 유지",no_option_evidence,상품명에서 선택 옵션 근거 없음; 옵션 부재를 상세페이지에서 확인한 것은 아님,,927,KEEP,first_pass_KEEP
lotte,227,판매 많은순,최근 30일,PD38544074,향수존,휴파슨스 본드스트리트 오드퍼퓸 100ml,https://www.lotteon.com/product/PD38544074?mall_no=1,162450,2026-09-05,data/korea_popularity/raw/lotte_department_perfume_sales_top350_20260905.har,107,KEEP,NONE,named_perfume,"본품 향수 표현과 개별 상품명 확인; 고정 증정품 허용, 용량/농도 원문 유지",no_option_evidence,상품명에서 선택 옵션 근거 없음; 옵션 부재를 상세페이지에서 확인한 것은 아님,,928,KEEP,first_pass_KEEP
lotte,228,판매 많은순,최근 30일,LE1215955152,향수존,[만세라] 레드 토바코 오드퍼퓸 120ml (바이알 3종),https://www.lotteon.com/product/LE1215955152?sitmNo=LE1215955152_1292665888&mall_no=1,237600,2026-09-05,data/korea_popularity/raw/lotte_department_perfume_sales_top350_20260905.har,107,KEEP,NONE,named_perfume,"본품 향수 표현과 개별 상품명 확인; 고정 증정품 허용, 용량/농도 원문 유지",no_option_evidence,상품명에서 선택 옵션 근거 없음; 옵션 부재를 상세페이지에서 확인한 것은 아님,,929,KEEP,first_pass_KEEP
lotte,229,판매 많은순,최근 30일,PD59613675,향수존,리플레이 시그니처 시크릿 포 우먼 오드뚜왈렛 30ml,https://www.lotteon.com/product/PD59613675?mall_no=1,49590,2026-09-05,data/korea_popularity/raw/lotte_department_perfume_sales_top350_20260905.har,107,KEEP,NONE,named_perfume,"본품 향수 표현과 개별 상품명 확인; 고정 증정품 허용, 용량/농도 원문 유지",no_option_evidence,상품명에서 선택 옵션 근거 없음; 옵션 부재를 상세페이지에서 확인한 것은 아님,,930,KEEP,first_pass_KEEP
lotte,230,판매 많은순,최근 30일,LE1215963369,향수존,[만세라] 베티버 센슈얼 오드퍼퓸 60ml (바이알 3종),https://www.lotteon.com/product/LE1215963369?sitmNo=LE1215963369_1292721507&mall_no=1,150480,2026-09-05,data/korea_popularity/raw/lotte_department_perfume_sales_top350_20260905.har,107,KEEP,NONE,named_perfume,"본품 향수 표현과 개별 상품명 확인; 고정 증정품 허용, 용량/농도 원문 유지",no_option_evidence,상품명에서 선택 옵션 근거 없음; 옵션 부재를 상세페이지에서 확인한 것은 아님,,931,KEEP,first_pass_KEEP
lotte,231,판매 많은순,최근 30일,LE1215945675,향수존,[몽탈] 머스크 투 머스크 오드퍼퓸 100ml (바이알 3종),https://www.lotteon.com/product/LE1215945675?sitmNo=LE1215945675_1292604105&mall_no=1,150480,2026-09-05,data/korea_popularity/raw/lotte_department_perfume_sales_top350_20260905.har,107,KEEP,NONE,named_perfume,"본품 향수 표현과 개별 상품명 확인; 고정 증정품 허용, 용량/농도 원문 유지",no_option_evidence,상품명에서 선택 옵션 근거 없음; 옵션 부재를 상세페이지에서 확인한 것은 아님,,932,KEEP,first_pass_KEEP
lotte,232,판매 많은순,최근 30일,LE1215794418,향수존,[만세라] 레드 토바코 오드퍼퓸 120ml (바이알 3종),https://www.lotteon.com/product/LE1215794418?sitmNo=LE1215794418_1291661455&mall_no=1,237600,2026-09-05,data/korea_popularity/raw/lotte_department_perfume_sales_top350_20260905.har,107,KEEP,NONE,named_perfume,"본품 향수 표현과 개별 상품명 확인; 고정 증정품 허용, 용량/농도 원문 유지",no_option_evidence,상품명에서 선택 옵션 근거 없음; 옵션 부재를 상세페이지에서 확인한 것은 아님,,933,KEEP,first_pass_KEEP
lotte,233,판매 많은순,최근 30일,LE1215954455,향수존,[만세라] 인스턴트 크러쉬 오드퍼퓸 120ml (바이알 3종),https://www.lotteon.com/product/LE1215954455?sitmNo=LE1215954455_1292661742&mall_no=1,221760,2026-09-05,data/korea_popularity/raw/lotte_department_perfume_sales_top350_20260905.har,107,KEEP,NONE,named_perfume,"본품 향수 표현과 개별 상품명 확인; 고정 증정품 허용, 용량/농도 원문 유지",no_option_evidence,상품명에서 선택 옵션 근거 없음; 옵션 부재를 상세페이지에서 확인한 것은 아님,,934,KEEP,first_pass_KEEP
lotte,234,판매 많은순,최근 30일,LE1215947138,향수존,[몽탈] 로즈 엘릭시르 오드퍼퓸 100ml (바이알 3종),https://www.lotteon.com/product/LE1215947138?sitmNo=LE1215947138_1292615487&mall_no=1,182160,2026-09-05,data/korea_popularity/raw/lotte_department_perfume_sales_top350_20260905.har,107,KEEP,NONE,named_perfume,"본품 향수 표현과 개별 상품명 확인; 고정 증정품 허용, 용량/농도 원문 유지",no_option_evidence,상품명에서 선택 옵션 근거 없음; 옵션 부재를 상세페이지에서 확인한 것은 아님,,935,KEEP,first_pass_KEEP
lotte,235,판매 많은순,최근 30일,LE1215939775,향수존,[몽탈] 크리스탈 플라워즈 오드퍼퓸 100ml (바이알 3종),https://www.lotteon.com/product/LE1215939775?sitmNo=LE1215939775_1292567212&mall_no=1,182160,2026-09-05,data/korea_popularity/raw/lotte_department_perfume_sales_top350_20260905.har,107,KEEP,NONE,named_perfume,"본품 향수 표현과 개별 상품명 확인; 고정 증정품 허용, 용량/농도 원문 유지",no_option_evidence,상품명에서 선택 옵션 근거 없음; 옵션 부재를 상세페이지에서 확인한 것은 아님,,936,KEEP,first_pass_KEEP
lotte,236,판매 많은순,최근 30일,LE1215947781,향수존,[몽탈] 스위트 피오니 오드퍼퓸 100ml (바이알 3종),https://www.lotteon.com/product/LE1215947781?sitmNo=LE1215947781_1292620365&mall_no=1,190080,2026-09-05,data/korea_popularity/raw/lotte_department_perfume_sales_top350_20260905.har,107,KEEP,NONE,named_perfume,"본품 향수 표현과 개별 상품명 확인; 고정 증정품 허용, 용량/농도 원문 유지",no_option_evidence,상품명에서 선택 옵션 근거 없음; 옵션 부재를 상세페이지에서 확인한 것은 아님,,937,KEEP,first_pass_KEEP
lotte,237,판매 많은순,최근 30일,PD52732872,향수존,[랑세] 르와엠페러 오드퍼퓸 포 맨 100ml (바이알 3종),https://www.lotteon.com/product/PD52732872?mall_no=1,172260,2026-09-05,data/korea_popularity/raw/lotte_department_perfume_sales_top350_20260905.har,107,KEEP,NONE,named_perfume,"본품 향수 표현과 개별 상품명 확인; 고정 증정품 허용, 용량/농도 원문 유지",no_option_evidence,상품명에서 선택 옵션 근거 없음; 옵션 부재를 상세페이지에서 확인한 것은 아님,,938,KEEP,first_pass_KEEP
lotte,238,판매 많은순,최근 30일,LE1215956359,향수존,[만세라] 골드 인센스 오드퍼퓸 120ml (바이알 3종),https://www.lotteon.com/product/LE1215956359?sitmNo=LE1215956359_1292673383&mall_no=1,213840,2026-09-05,data/korea_popularity/raw/lotte_department_perfume_sales_top350_20260905.har,107,KEEP,NONE,named_perfume,"본품 향수 표현과 개별 상품명 확인; 고정 증정품 허용, 용량/농도 원문 유지",no_option_evidence,상품명에서 선택 옵션 근거 없음; 옵션 부재를 상세페이지에서 확인한 것은 아님,,939,KEEP,first_pass_KEEP
lotte,239,판매 많은순,최근 30일,PD38544276,향수존,휴파슨스 화이트홀 오드퍼퓸 100ml,https://www.lotteon.com/product/PD38544276?mall_no=1,162450,2026-09-05,data/korea_popularity/raw/lotte_department_perfume_sales_top350_20260905.har,107,KEEP,NONE,named_perfume,"본품 향수 표현과 개별 상품명 확인; 고정 증정품 허용, 용량/농도 원문 유지",no_option_evidence,상품명에서 선택 옵션 근거 없음; 옵션 부재를 상세페이지에서 확인한 것은 아님,,940,KEEP,first_pass_KEEP
lotte,240,판매 많은순,최근 30일,LE1215794225,향수존,[몽탈] 솔레이 드 카프리 오드퍼퓸 100ml (바이알 3종),https://www.lotteon.com/product/LE1215794225?sitmNo=LE1215794225_1291660448&mall_no=1,150480,2026-09-05,data/korea_popularity/raw/lotte_department_perfume_sales_top350_20260905.har,107,KEEP,NONE,named_perfume,"본품 향수 표현과 개별 상품명 확인; 고정 증정품 허용, 용량/농도 원문 유지",no_option_evidence,상품명에서 선택 옵션 근거 없음; 옵션 부재를 상세페이지에서 확인한 것은 아님,,941,KEEP,first_pass_KEEP
lotte,241,판매 많은순,최근 30일,LE1215817128,향수존,[리플레이] 러버즈 포 맨 오드뚜왈렛 30ml,https://www.lotteon.com/product/LE1215817128?sitmNo=LE1215817128_1291793619&mall_no=1,49590,2026-09-05,data/korea_popularity/raw/lotte_department_perfume_sales_top350_20260905.har,169,KEEP,NONE,named_perfume,"본품 향수 표현과 개별 상품명 확인; 고정 증정품 허용, 용량/농도 원문 유지",no_option_evidence,상품명에서 선택 옵션 근거 없음; 옵션 부재를 상세페이지에서 확인한 것은 아님,,942,KEEP,first_pass_KEEP
lotte,242,판매 많은순,최근 30일,LE1215939145,향수존,[몽탈] 오드 포레스트 오드퍼퓸 100ml (바이알 3종),https://www.lotteon.com/product/LE1215939145?sitmNo=LE1215939145_1292563277&mall_no=1,182160,2026-09-05,data/korea_popularity/raw/lotte_department_perfume_sales_top350_20260905.har,169,KEEP,NONE,named_perfume,"본품 향수 표현과 개별 상품명 확인; 고정 증정품 허용, 용량/농도 원문 유지",no_option_evidence,상품명에서 선택 옵션 근거 없음; 옵션 부재를 상세페이지에서 확인한 것은 아님,,943,KEEP,first_pass_KEEP
lotte,243,판매 많은순,최근 30일,PD50823100,향수존,재규어 클래식 블랙 오드뚜왈렛 100ml,https://www.lotteon.com/product/PD50823100?mall_no=1,54180,2026-09-05,data/korea_popularity/raw/lotte_department_perfume_sales_top350_20260905.har,169,KEEP,NONE,named_perfume,"본품 향수 표현과 개별 상품명 확인; 고정 증정품 허용, 용량/농도 원문 유지",no_option_evidence,상품명에서 선택 옵션 근거 없음; 옵션 부재를 상세페이지에서 확인한 것은 아님,,944,KEEP,first_pass_KEEP
lotte,244,판매 많은순,최근 30일,PD51658649,향수존,리플레이 소스 오브 라이프 포 맨 오드뚜왈렛 30ml,https://www.lotteon.com/product/PD51658649?mall_no=1,49590,2026-09-05,data/korea_popularity/raw/lotte_department_perfume_sales_top350_20260905.har,169,KEEP,NONE,named_perfume,"본품 향수 표현과 개별 상품명 확인; 고정 증정품 허용, 용량/농도 원문 유지",no_option_evidence,상품명에서 선택 옵션 근거 없음; 옵션 부재를 상세페이지에서 확인한 것은 아님,,945,KEEP,first_pass_KEEP
lotte,245,판매 많은순,최근 30일,PD51660266,향수존,리플레이 소스 오브 라이프 포 우먼 오드퍼퓸 30ml,https://www.lotteon.com/product/PD51660266?mall_no=1,49590,2026-09-05,data/korea_popularity/raw/lotte_department_perfume_sales_top350_20260905.har,169,KEEP,NONE,named_perfume,"본품 향수 표현과 개별 상품명 확인; 고정 증정품 허용, 용량/농도 원문 유지",no_option_evidence,상품명에서 선택 옵션 근거 없음; 옵션 부재를 상세페이지에서 확인한 것은 아님,,946,KEEP,first_pass_KEEP
lotte,246,판매 많은순,최근 30일,PD52733734,향수존,[리플레이] 시그니처 러버즈 포 맨 오드뚜왈렛 30ml,https://www.lotteon.com/product/PD52733734?mall_no=1,49590,2026-09-05,data/korea_popularity/raw/lotte_department_perfume_sales_top350_20260905.har,169,KEEP,NONE,named_perfume,"본품 향수 표현과 개별 상품명 확인; 고정 증정품 허용, 용량/농도 원문 유지",no_option_evidence,상품명에서 선택 옵션 근거 없음; 옵션 부재를 상세페이지에서 확인한 것은 아님,,947,KEEP,first_pass_KEEP
lotte,247,판매 많은순,최근 30일,PD51917591,향수존,[리플레이] 소스 오브 라이프 포 맨 오드뚜왈렛 100ml,https://www.lotteon.com/product/PD51917591?mall_no=1,83790,2026-09-05,data/korea_popularity/raw/lotte_department_perfume_sales_top350_20260905.har,169,KEEP,NONE,named_perfume,"본품 향수 표현과 개별 상품명 확인; 고정 증정품 허용, 용량/농도 원문 유지",no_option_evidence,상품명에서 선택 옵션 근거 없음; 옵션 부재를 상세페이지에서 확인한 것은 아님,,948,KEEP,first_pass_KEEP
lotte,248,판매 많은순,최근 30일,PD52737598,향수존,[리플레이] 시그니처 러버즈 포 우먼 오드뚜왈렛 30ml,https://www.lotteon.com/product/PD52737598?mall_no=1,49590,2026-09-05,data/korea_popularity/raw/lotte_department_perfume_sales_top350_20260905.har,169,KEEP,NONE,named_perfume,"본품 향수 표현과 개별 상품명 확인; 고정 증정품 허용, 용량/농도 원문 유지",no_option_evidence,상품명에서 선택 옵션 근거 없음; 옵션 부재를 상세페이지에서 확인한 것은 아님,,949,KEEP,first_pass_KEEP
lotte,249,판매 많은순,최근 30일,PD53953501,향수존,라리끄 라무르 오드퍼퓸 50ml,https://www.lotteon.com/product/PD53953501?mall_no=1,111150,2026-09-05,data/korea_popularity/raw/lotte_department_perfume_sales_top350_20260905.har,169,KEEP,NONE,named_perfume,"본품 향수 표현과 개별 상품명 확인; 고정 증정품 허용, 용량/농도 원문 유지",no_option_evidence,상품명에서 선택 옵션 근거 없음; 옵션 부재를 상세페이지에서 확인한 것은 아님,,950,KEEP,first_pass_KEEP
lotte,250,판매 많은순,최근 30일,PD44961531,향수존,마주리 챠밍 튜베로즈 오드퍼퓸 75ml,https://www.lotteon.com/product/PD44961531?mall_no=1,108360,2026-09-05,data/korea_popularity/raw/lotte_department_perfume_sales_top350_20260905.har,169,KEEP,NONE,named_perfume,"본품 향수 표현과 개별 상품명 확인; 고정 증정품 허용, 용량/농도 원문 유지",no_option_evidence,상품명에서 선택 옵션 근거 없음; 옵션 부재를 상세페이지에서 확인한 것은 아님,,951,KEEP,first_pass_KEEP
lotte,251,판매 많은순,최근 30일,LE1214369816,향수존,[만세라] 로즈 그리디 오드퍼퓸 120ml (바이알 3종),https://www.lotteon.com/product/LE1214369816?sitmNo=LE1214369816_1282753742&mall_no=1,221760,2026-09-05,data/korea_popularity/raw/lotte_department_perfume_sales_top350_20260905.har,169,KEEP,NONE,named_perfume,"본품 향수 표현과 개별 상품명 확인; 고정 증정품 허용, 용량/농도 원문 유지",no_option_evidence,상품명에서 선택 옵션 근거 없음; 옵션 부재를 상세페이지에서 확인한 것은 아님,,952,KEEP,first_pass_KEEP
lotte,252,판매 많은순,최근 30일,PD51659802,향수존,리플레이 탱크 플레이트 포 우먼 오드뚜왈렛 100ml,https://www.lotteon.com/product/PD51659802?mall_no=1,80370,2026-09-05,data/korea_popularity/raw/lotte_department_perfume_sales_top350_20260905.har,169,KEEP,NONE,named_perfume,"본품 향수 표현과 개별 상품명 확인; 고정 증정품 허용, 용량/농도 원문 유지",no_option_evidence,상품명에서 선택 옵션 근거 없음; 옵션 부재를 상세페이지에서 확인한 것은 아님,,953,KEEP,first_pass_KEEP
lotte,253,판매 많은순,최근 30일,LE1214357987,향수존,[만세라] 엠버 피버 오드퍼퓸 120ml (바이알 3종),https://www.lotteon.com/product/LE1214357987?sitmNo=LE1214357987_1282670995&mall_no=1,213840,2026-09-05,data/korea_popularity/raw/lotte_department_perfume_sales_top350_20260905.har,169,KEEP,NONE,named_perfume,"본품 향수 표현과 개별 상품명 확인; 고정 증정품 허용, 용량/농도 원문 유지",no_option_evidence,상품명에서 선택 옵션 근거 없음; 옵션 부재를 상세페이지에서 확인한 것은 아님,,954,KEEP,first_pass_KEEP
lotte,254,판매 많은순,최근 30일,PD45446316,향수존,마주리 더 원 앤 온리 오드퍼퓸 75ml,https://www.lotteon.com/product/PD45446316?mall_no=1,92880,2026-09-05,data/korea_popularity/raw/lotte_department_perfume_sales_top350_20260905.har,169,KEEP,NONE,named_perfume,"본품 향수 표현과 개별 상품명 확인; 고정 증정품 허용, 용량/농도 원문 유지",no_option_evidence,상품명에서 선택 옵션 근거 없음; 옵션 부재를 상세페이지에서 확인한 것은 아님,,955,KEEP,first_pass_KEEP
lotte,255,판매 많은순,최근 30일,PD34522003,향수존,마주리 누르 네롤리 오드퍼퓸 75ml,https://www.lotteon.com/product/PD34522003?mall_no=1,108360,2026-09-05,data/korea_popularity/raw/lotte_department_perfume_sales_top350_20260905.har,169,KEEP,NONE,named_perfume,"본품 향수 표현과 개별 상품명 확인; 고정 증정품 허용, 용량/농도 원문 유지",no_option_evidence,상품명에서 선택 옵션 근거 없음; 옵션 부재를 상세페이지에서 확인한 것은 아님,,956,KEEP,first_pass_KEEP
lotte,256,판매 많은순,최근 30일,PD34522420,향수존,마주리 보헤미안 티 오드퍼퓸 75ml,https://www.lotteon.com/product/PD34522420?mall_no=1,108360,2026-09-05,data/korea_popularity/raw/lotte_department_perfume_sales_top350_20260905.har,169,KEEP,NONE,named_perfume,"본품 향수 표현과 개별 상품명 확인; 고정 증정품 허용, 용량/농도 원문 유지",no_option_evidence,상품명에서 선택 옵션 근거 없음; 옵션 부재를 상세페이지에서 확인한 것은 아님,,957,KEEP,first_pass_KEEP
lotte,257,판매 많은순,최근 30일,PD45437784,향수존,벤틀리 모멘텀 인텐스 오드퍼퓸 100ml,https://www.lotteon.com/product/PD45437784?mall_no=1,108360,2026-09-05,data/korea_popularity/raw/lotte_department_perfume_sales_top350_20260905.har,169,KEEP,NONE,named_perfume,"본품 향수 표현과 개별 상품명 확인; 고정 증정품 허용, 용량/농도 원문 유지",no_option_evidence,상품명에서 선택 옵션 근거 없음; 옵션 부재를 상세페이지에서 확인한 것은 아님,,958,KEEP,first_pass_KEEP
lotte,258,판매 많은순,최근 30일,PD63596885,향수존,[만세라] 베티버 센슈얼 오드퍼퓸 60ml (바이알 3종),https://www.lotteon.com/product/PD63596885?mall_no=1,150480,2026-09-05,data/korea_popularity/raw/lotte_department_perfume_sales_top350_20260905.har,169,KEEP,NONE,named_perfume,"본품 향수 표현과 개별 상품명 확인; 고정 증정품 허용, 용량/농도 원문 유지",no_option_evidence,상품명에서 선택 옵션 근거 없음; 옵션 부재를 상세페이지에서 확인한 것은 아님,,959,KEEP,first_pass_KEEP
lotte,259,판매 많은순,최근 30일,PD63589104,향수존,[만세라] 미드나이트 골드 오드퍼퓸 120ml (바이알 3종),https://www.lotteon.com/product/PD63589104?mall_no=1,221760,2026-09-05,data/korea_popularity/raw/lotte_department_perfume_sales_top350_20260905.har,169,KEEP,NONE,named_perfume,"본품 향수 표현과 개별 상품명 확인; 고정 증정품 허용, 용량/농도 원문 유지",no_option_evidence,상품명에서 선택 옵션 근거 없음; 옵션 부재를 상세페이지에서 확인한 것은 아님,,960,KEEP,first_pass_KEEP
lotte,260,판매 많은순,최근 30일,PD63588196,향수존,[만세라] 골드 인센스 오드퍼퓸 120ml (바이알 3종),https://www.lotteon.com/product/PD63588196?mall_no=1,221760,2026-09-05,data/korea_popularity/raw/lotte_department_perfume_sales_top350_20260905.har,169,KEEP,NONE,named_perfume,"본품 향수 표현과 개별 상품명 확인; 고정 증정품 허용, 용량/농도 원문 유지",no_option_evidence,상품명에서 선택 옵션 근거 없음; 옵션 부재를 상세페이지에서 확인한 것은 아님,,961,KEEP,first_pass_KEEP
lotte,261,판매 많은순,최근 30일,PD63598541,향수존,[만세라] 골드 인센스 오드퍼퓸 60ml (바이알 3종),https://www.lotteon.com/product/PD63598541?mall_no=1,150480,2026-09-05,data/korea_popularity/raw/lotte_department_perfume_sales_top350_20260905.har,169,KEEP,NONE,named_perfume,"본품 향수 표현과 개별 상품명 확인; 고정 증정품 허용, 용량/농도 원문 유지",no_option_evidence,상품명에서 선택 옵션 근거 없음; 옵션 부재를 상세페이지에서 확인한 것은 아님,,962,KEEP,first_pass_KEEP
lotte,262,판매 많은순,최근 30일,PD63585367,향수존,[만세라] 블랙 바닐라 오드퍼퓸 60ml (바이알 3종),https://www.lotteon.com/product/PD63585367?mall_no=1,166320,2026-09-05,data/korea_popularity/raw/lotte_department_perfume_sales_top350_20260905.har,169,KEEP,NONE,named_perfume,"본품 향수 표현과 개별 상품명 확인; 고정 증정품 허용, 용량/농도 원문 유지",no_option_evidence,상품명에서 선택 옵션 근거 없음; 옵션 부재를 상세페이지에서 확인한 것은 아님,,963,KEEP,first_pass_KEEP
lotte,263,판매 많은순,최근 30일,LE1213152609,향수존,[만세라] 레드 토바코 오드퍼퓸 120ml (바이알 3종),https://www.lotteon.com/product/LE1213152609?sitmNo=LE1213152609_1274889254&mall_no=1,237600,2026-09-05,data/korea_popularity/raw/lotte_department_perfume_sales_top350_20260905.har,169,KEEP,NONE,named_perfume,"본품 향수 표현과 개별 상품명 확인; 고정 증정품 허용, 용량/농도 원문 유지",no_option_evidence,상품명에서 선택 옵션 근거 없음; 옵션 부재를 상세페이지에서 확인한 것은 아님,,964,KEEP,first_pass_KEEP
lotte,264,판매 많은순,최근 30일,PD63589652,향수존,[만세라] 시실리 오드퍼퓸 120ml (바이알 3종),https://www.lotteon.com/product/PD63589652?mall_no=1,190080,2026-09-05,data/korea_popularity/raw/lotte_department_perfume_sales_top350_20260905.har,169,KEEP,NONE,named_perfume,"본품 향수 표현과 개별 상품명 확인; 고정 증정품 허용, 용량/농도 원문 유지",no_option_evidence,상품명에서 선택 옵션 근거 없음; 옵션 부재를 상세페이지에서 확인한 것은 아님,,965,KEEP,first_pass_KEEP
lotte,265,판매 많은순,최근 30일,PD63590787,향수존,[만세라] 레드 토바코 오드퍼퓸 60ml (바이알 3종),https://www.lotteon.com/product/PD63590787?mall_no=1,166320,2026-09-05,data/korea_popularity/raw/lotte_department_perfume_sales_top350_20260905.har,169,KEEP,NONE,named_perfume,"본품 향수 표현과 개별 상품명 확인; 고정 증정품 허용, 용량/농도 원문 유지",no_option_evidence,상품명에서 선택 옵션 근거 없음; 옵션 부재를 상세페이지에서 확인한 것은 아님,,966,KEEP,first_pass_KEEP
lotte,266,판매 많은순,최근 30일,LE1212841352,향수존,[라리끄] 라무르 오드퍼퓸 50ml,https://www.lotteon.com/product/LE1212841352?sitmNo=LE1212841352_1272978363&mall_no=1,111150,2026-09-05,data/korea_popularity/raw/lotte_department_perfume_sales_top350_20260905.har,169,KEEP,NONE,named_perfume,"본품 향수 표현과 개별 상품명 확인; 고정 증정품 허용, 용량/농도 원문 유지",no_option_evidence,상품명에서 선택 옵션 근거 없음; 옵션 부재를 상세페이지에서 확인한 것은 아님,,967,KEEP,first_pass_KEEP
lotte,267,판매 많은순,최근 30일,PD53477853,향수존,[아뜰리에데조] 포멜로 리비에라 오드퍼퓸 100ml,https://www.lotteon.com/product/PD53477853?mall_no=1,247950,2026-09-05,data/korea_popularity/raw/lotte_department_perfume_sales_top350_20260905.har,169,KEEP,NONE,named_perfume,"본품 향수 표현과 개별 상품명 확인; 고정 증정품 허용, 용량/농도 원문 유지",no_option_evidence,상품명에서 선택 옵션 근거 없음; 옵션 부재를 상세페이지에서 확인한 것은 아님,,968,KEEP,first_pass_KEEP
lotte,268,판매 많은순,최근 30일,PD34262352,향수존,벤틀리 포맨 아쥬르 오드뚜왈렛 100ml,https://www.lotteon.com/product/PD34262352?mall_no=1,100620,2026-09-05,data/korea_popularity/raw/lotte_department_perfume_sales_top350_20260905.har,169,KEEP,NONE,named_perfume,"본품 향수 표현과 개별 상품명 확인; 고정 증정품 허용, 용량/농도 원문 유지",no_option_evidence,상품명에서 선택 옵션 근거 없음; 옵션 부재를 상세페이지에서 확인한 것은 아님,,969,KEEP,first_pass_KEEP
lotte,269,판매 많은순,최근 30일,PD63601600,향수존,[만세라] 자르당 엑스클루시프 오드퍼퓸 120ml (바이알 3종),https://www.lotteon.com/product/PD63601600?mall_no=1,221760,2026-09-05,data/korea_popularity/raw/lotte_department_perfume_sales_top350_20260905.har,169,KEEP,NONE,named_perfume,"본품 향수 표현과 개별 상품명 확인; 고정 증정품 허용, 용량/농도 원문 유지",no_option_evidence,상품명에서 선택 옵션 근거 없음; 옵션 부재를 상세페이지에서 확인한 것은 아님,,970,KEEP,first_pass_KEEP
lotte,270,판매 많은순,최근 30일,PD63586540,향수존,[만세라] 오드 레몬 민트 오드퍼퓸 120ml (바이알 3종),https://www.lotteon.com/product/PD63586540?mall_no=1,221760,2026-09-05,data/korea_popularity/raw/lotte_department_perfume_sales_top350_20260905.har,169,KEEP,NONE,named_perfume,"본품 향수 표현과 개별 상품명 확인; 고정 증정품 허용, 용량/농도 원문 유지",no_option_evidence,상품명에서 선택 옵션 근거 없음; 옵션 부재를 상세페이지에서 확인한 것은 아님,,971,KEEP,first_pass_KEEP
lotte,271,판매 많은순,최근 30일,PD63591173,향수존,[만세라] 로즈 바닐 오드퍼퓸 60ml (바이알 3종),https://www.lotteon.com/product/PD63591173?mall_no=1,134640,2026-09-05,data/korea_popularity/raw/lotte_department_perfume_sales_top350_20260905.har,169,KEEP,NONE,named_perfume,"본품 향수 표현과 개별 상품명 확인; 고정 증정품 허용, 용량/농도 원문 유지",no_option_evidence,상품명에서 선택 옵션 근거 없음; 옵션 부재를 상세페이지에서 확인한 것은 아님,,972,KEEP,first_pass_KEEP
lotte,272,판매 많은순,최근 30일,PD63597192,향수존,[만세라] 자르당 엑스클루시프 오드퍼퓸 60ml (바이알 3종),https://www.lotteon.com/product/PD63597192?mall_no=1,150480,2026-09-05,data/korea_popularity/raw/lotte_department_perfume_sales_top350_20260905.har,169,KEEP,NONE,named_perfume,"본품 향수 표현과 개별 상품명 확인; 고정 증정품 허용, 용량/농도 원문 유지",no_option_evidence,상품명에서 선택 옵션 근거 없음; 옵션 부재를 상세페이지에서 확인한 것은 아님,,973,KEEP,first_pass_KEEP
lotte,273,판매 많은순,최근 30일,PD66474384,향수존,[몽탈] 로즈 머스크 오드퍼퓸 100ml (바이알 3종),https://www.lotteon.com/product/PD66474384?mall_no=1,182160,2026-09-05,data/korea_popularity/raw/lotte_department_perfume_sales_top350_20260905.har,169,KEEP,NONE,named_perfume,"본품 향수 표현과 개별 상품명 확인; 고정 증정품 허용, 용량/농도 원문 유지",no_option_evidence,상품명에서 선택 옵션 근거 없음; 옵션 부재를 상세페이지에서 확인한 것은 아님,,974,KEEP,first_pass_KEEP
lotte,274,판매 많은순,최근 30일,PD66464692,향수존,[몽탈] 퓨어 골드 오드퍼퓸 100ml (바이알 3종),https://www.lotteon.com/product/PD66464692?mall_no=1,182160,2026-09-05,data/korea_popularity/raw/lotte_department_perfume_sales_top350_20260905.har,169,KEEP,NONE,named_perfume,"본품 향수 표현과 개별 상품명 확인; 고정 증정품 허용, 용량/농도 원문 유지",no_option_evidence,상품명에서 선택 옵션 근거 없음; 옵션 부재를 상세페이지에서 확인한 것은 아님,,975,KEEP,first_pass_KEEP
lotte,275,판매 많은순,최근 30일,PD66472992,향수존,[몽탈] 크리스탈 플라워즈 오드퍼퓸 100ml (바이알 3종),https://www.lotteon.com/product/PD66472992?mall_no=1,182160,2026-09-05,data/korea_popularity/raw/lotte_department_perfume_sales_top350_20260905.har,169,KEEP,NONE,named_perfume,"본품 향수 표현과 개별 상품명 확인; 고정 증정품 허용, 용량/농도 원문 유지",no_option_evidence,상품명에서 선택 옵션 근거 없음; 옵션 부재를 상세페이지에서 확인한 것은 아님,,976,KEEP,first_pass_KEEP
lotte,276,판매 많은순,최근 30일,PD66467922,향수존,[몽탈] 오드 포레스트 오드퍼퓸 100ml (바이알 3종),https://www.lotteon.com/product/PD66467922?mall_no=1,182160,2026-09-05,data/korea_popularity/raw/lotte_department_perfume_sales_top350_20260905.har,169,KEEP,NONE,named_perfume,"본품 향수 표현과 개별 상품명 확인; 고정 증정품 허용, 용량/농도 원문 유지",no_option_evidence,상품명에서 선택 옵션 근거 없음; 옵션 부재를 상세페이지에서 확인한 것은 아님,,977,KEEP,first_pass_KEEP
lotte,277,판매 많은순,최근 30일,PD66466802,향수존,[몽탈] 인텐스 카페 오드퍼퓸 100ml (바이알 3종),https://www.lotteon.com/product/PD66466802?mall_no=1,182160,2026-09-05,data/korea_popularity/raw/lotte_department_perfume_sales_top350_20260905.har,169,KEEP,NONE,named_perfume,"본품 향수 표현과 개별 상품명 확인; 고정 증정품 허용, 용량/농도 원문 유지",no_option_evidence,상품명에서 선택 옵션 근거 없음; 옵션 부재를 상세페이지에서 확인한 것은 아님,,978,KEEP,first_pass_KEEP
lotte,278,판매 많은순,최근 30일,PD66474911,향수존,[몽탈] 머스크 투 머스크 오드퍼퓸 100ml (바이알 3종),https://www.lotteon.com/product/PD66474911?mall_no=1,150480,2026-09-05,data/korea_popularity/raw/lotte_department_perfume_sales_top350_20260905.har,169,KEEP,NONE,named_perfume,"본품 향수 표현과 개별 상품명 확인; 고정 증정품 허용, 용량/농도 원문 유지",no_option_evidence,상품명에서 선택 옵션 근거 없음; 옵션 부재를 상세페이지에서 확인한 것은 아님,,979,KEEP,first_pass_KEEP
lotte,279,판매 많은순,최근 30일,PD66487746,향수존,[몽탈] 파우더 플라워즈 오드퍼퓸 100ml (바이알 3종),https://www.lotteon.com/product/PD66487746?mall_no=1,182160,2026-09-05,data/korea_popularity/raw/lotte_department_perfume_sales_top350_20260905.har,169,KEEP,NONE,named_perfume,"본품 향수 표현과 개별 상품명 확인; 고정 증정품 허용, 용량/농도 원문 유지",no_option_evidence,상품명에서 선택 옵션 근거 없음; 옵션 부재를 상세페이지에서 확인한 것은 아님,,980,KEEP,first_pass_KEEP
lotte,280,판매 많은순,최근 30일,PD66482992,향수존,[몽탈] 프리티 프루티 오드퍼퓸 100ml (바이알 3종),https://www.lotteon.com/product/PD66482992?mall_no=1,182160,2026-09-05,data/korea_popularity/raw/lotte_department_perfume_sales_top350_20260905.har,169,KEEP,NONE,named_perfume,"본품 향수 표현과 개별 상품명 확인; 고정 증정품 허용, 용량/농도 원문 유지",no_option_evidence,상품명에서 선택 옵션 근거 없음; 옵션 부재를 상세페이지에서 확인한 것은 아님,,981,KEEP,first_pass_KEEP
lotte,281,판매 많은순,최근 30일,PD66475666,향수존,[몽탈] 우드&스파이스 오드퍼퓸 100ml (바이알 3종),https://www.lotteon.com/product/PD66475666?mall_no=1,150480,2026-09-05,data/korea_popularity/raw/lotte_department_perfume_sales_top350_20260905.har,169,KEEP,NONE,named_perfume,"본품 향수 표현과 개별 상품명 확인; 고정 증정품 허용, 용량/농도 원문 유지",no_option_evidence,상품명에서 선택 옵션 근거 없음; 옵션 부재를 상세페이지에서 확인한 것은 아님,,982,KEEP,first_pass_KEEP
lotte,282,판매 많은순,최근 30일,PD66473690,향수존,[몽탈] 스위트 피오니 오드퍼퓸 100ml (바이알 3종),https://www.lotteon.com/product/PD66473690?mall_no=1,190080,2026-09-05,data/korea_popularity/raw/lotte_department_perfume_sales_top350_20260905.har,169,KEEP,NONE,named_perfume,"본품 향수 표현과 개별 상품명 확인; 고정 증정품 허용, 용량/농도 원문 유지",no_option_evidence,상품명에서 선택 옵션 근거 없음; 옵션 부재를 상세페이지에서 확인한 것은 아님,,983,KEEP,first_pass_KEEP
lotte,283,판매 많은순,최근 30일,PD66471105,향수존,[몽탈] 로즈 엘릭시르 오드퍼퓸 100ml (바이알 3종),https://www.lotteon.com/product/PD66471105?mall_no=1,182160,2026-09-05,data/korea_popularity/raw/lotte_department_perfume_sales_top350_20260905.har,169,KEEP,NONE,named_perfume,"본품 향수 표현과 개별 상품명 확인; 고정 증정품 허용, 용량/농도 원문 유지",no_option_evidence,상품명에서 선택 옵션 근거 없음; 옵션 부재를 상세페이지에서 확인한 것은 아님,,984,KEEP,first_pass_KEEP
lotte,284,판매 많은순,최근 30일,PD66481950,향수존,[몽탈] 퓨어 러브 오드퍼퓸 100ml (바이알 3종),https://www.lotteon.com/product/PD66481950?mall_no=1,182160,2026-09-05,data/korea_popularity/raw/lotte_department_perfume_sales_top350_20260905.har,169,KEEP,NONE,named_perfume,"본품 향수 표현과 개별 상품명 확인; 고정 증정품 허용, 용량/농도 원문 유지",no_option_evidence,상품명에서 선택 옵션 근거 없음; 옵션 부재를 상세페이지에서 확인한 것은 아님,,985,KEEP,first_pass_KEEP
lotte,285,판매 많은순,최근 30일,PD53471520,향수존,[아뜰리에데조] 누다 베리타스 오드퍼퓸 100ml,https://www.lotteon.com/product/PD53471520?mall_no=1,247950,2026-09-05,data/korea_popularity/raw/lotte_department_perfume_sales_top350_20260905.har,169,KEEP,NONE,named_perfume,"본품 향수 표현과 개별 상품명 확인; 고정 증정품 허용, 용량/농도 원문 유지",no_option_evidence,상품명에서 선택 옵션 근거 없음; 옵션 부재를 상세페이지에서 확인한 것은 아님,,986,KEEP,first_pass_KEEP
lotte,286,판매 많은순,최근 30일,PD53468135,향수존,[아뜰리에데조] 리비에라 드라이브 오드퍼퓸 100ml,https://www.lotteon.com/product/PD53468135?mall_no=1,247950,2026-09-05,data/korea_popularity/raw/lotte_department_perfume_sales_top350_20260905.har,169,KEEP,NONE,named_perfume,"본품 향수 표현과 개별 상품명 확인; 고정 증정품 허용, 용량/농도 원문 유지",no_option_evidence,상품명에서 선택 옵션 근거 없음; 옵션 부재를 상세페이지에서 확인한 것은 아님,,987,KEEP,first_pass_KEEP
lotte,287,판매 많은순,최근 30일,LE1208061476,향수존,[베르사체] 에로스 오드퍼퓸 50ml (미니어처1종 랜덤증정),https://www.lotteon.com/product/LE1208061476?sitmNo=LE1208061476_1243934001&mall_no=1,120510,2026-09-05,data/korea_popularity/raw/lotte_department_perfume_sales_top350_20260905.har,169,KEEP,NONE,named_perfume,"본품 향수 표현과 개별 상품명 확인; 고정 증정품 허용, 용량/농도 원문 유지",no_option_evidence,상품명에서 선택 옵션 근거 없음; 옵션 부재를 상세페이지에서 확인한 것은 아님,,988,KEEP,first_pass_KEEP
lotte,288,판매 많은순,최근 30일,LE1208061487,향수존,[베르사체] 에로스 오드퍼퓸 50ml (+ 미니어처 1종),https://www.lotteon.com/product/LE1208061487?sitmNo=LE1208061487_1243934017&mall_no=1,120510,2026-09-05,data/korea_popularity/raw/lotte_department_perfume_sales_top350_20260905.har,169,KEEP,NONE,named_perfume,"본품 향수 표현과 개별 상품명 확인; 고정 증정품 허용, 용량/농도 원문 유지",no_option_evidence,상품명에서 선택 옵션 근거 없음; 옵션 부재를 상세페이지에서 확인한 것은 아님,,989,KEEP,first_pass_KEEP
lotte,289,판매 많은순,최근 30일,LE1207901990,향수존,[랑세] 헬레네 오드퍼퓸 포 우먼 50ml (바이알3종),https://www.lotteon.com/product/LE1207901990?sitmNo=LE1207901990_1243057077&mall_no=1,125280,2026-09-05,data/korea_popularity/raw/lotte_department_perfume_sales_top350_20260905.har,169,KEEP,NONE,named_perfume,"본품 향수 표현과 개별 상품명 확인; 고정 증정품 허용, 용량/농도 원문 유지",no_option_evidence,상품명에서 선택 옵션 근거 없음; 옵션 부재를 상세페이지에서 확인한 것은 아님,,990,KEEP,first_pass_KEEP
lotte,290,판매 많은순,최근 30일,LE1207901999,향수존,[랑세] 유제니 오드퍼퓸 포 우먼 50ml (바이알3종),https://www.lotteon.com/product/LE1207901999?sitmNo=LE1207901999_1243057097&mall_no=1,125280,2026-09-05,data/korea_popularity/raw/lotte_department_perfume_sales_top350_20260905.har,169,KEEP,NONE,named_perfume,"본품 향수 표현과 개별 상품명 확인; 고정 증정품 허용, 용량/농도 원문 유지",no_option_evidence,상품명에서 선택 옵션 근거 없음; 옵션 부재를 상세페이지에서 확인한 것은 아님,,991,KEEP,first_pass_KEEP
lotte,291,판매 많은순,최근 30일,PD53867283,향수존,[랑세] 조세핀 오드퍼퓸 포 우먼 50ml (바이알 3종),https://www.lotteon.com/product/PD53867283?mall_no=1,125280,2026-09-05,data/korea_popularity/raw/lotte_department_perfume_sales_top350_20260905.har,169,KEEP,NONE,named_perfume,"본품 향수 표현과 개별 상품명 확인; 고정 증정품 허용, 용량/농도 원문 유지",no_option_evidence,상품명에서 선택 옵션 근거 없음; 옵션 부재를 상세페이지에서 확인한 것은 아님,,992,KEEP,first_pass_KEEP
lotte,292,판매 많은순,최근 30일,PD52730703,향수존,[랑세] 유제니 오드퍼퓸 포 우먼 50ml (바이알 3종),https://www.lotteon.com/product/PD52730703?mall_no=1,125280,2026-09-05,data/korea_popularity/raw/lotte_department_perfume_sales_top350_20260905.har,169,KEEP,NONE,named_perfume,"본품 향수 표현과 개별 상품명 확인; 고정 증정품 허용, 용량/농도 원문 유지",no_option_evidence,상품명에서 선택 옵션 근거 없음; 옵션 부재를 상세페이지에서 확인한 것은 아님,,993,KEEP,first_pass_KEEP
lotte,293,판매 많은순,최근 30일,PD51863747,향수존,[랑세] 헬레네 오드퍼퓸 포 우먼 100ml (바이알3종),https://www.lotteon.com/product/PD51863747?mall_no=1,172260,2026-09-05,data/korea_popularity/raw/lotte_department_perfume_sales_top350_20260905.har,169,KEEP,NONE,named_perfume,"본품 향수 표현과 개별 상품명 확인; 고정 증정품 허용, 용량/농도 원문 유지",no_option_evidence,상품명에서 선택 옵션 근거 없음; 옵션 부재를 상세페이지에서 확인한 것은 아님,,994,KEEP,first_pass_KEEP
lotte,294,판매 많은순,최근 30일,PD68530301,향수존,[랑세] 오드 프랑스 오드뚜왈렛 50ml (바이알3종),https://www.lotteon.com/product/PD68530301?mall_no=1,101880,2026-09-05,data/korea_popularity/raw/lotte_department_perfume_sales_top350_20260905.har,169,KEEP,NONE,named_perfume,"본품 향수 표현과 개별 상품명 확인; 고정 증정품 허용, 용량/농도 원문 유지",no_option_evidence,상품명에서 선택 옵션 근거 없음; 옵션 부재를 상세페이지에서 확인한 것은 아님,,995,KEEP,first_pass_KEEP
lotte,295,판매 많은순,최근 30일,PD51861258,향수존,[랑세] 프랑수와 찰스 오드퍼퓸 포 맨 50ml (바이알3종),https://www.lotteon.com/product/PD51861258?mall_no=1,125280,2026-09-05,data/korea_popularity/raw/lotte_department_perfume_sales_top350_20260905.har,169,KEEP,NONE,named_perfume,"본품 향수 표현과 개별 상품명 확인; 고정 증정품 허용, 용량/농도 원문 유지",no_option_evidence,상품명에서 선택 옵션 근거 없음; 옵션 부재를 상세페이지에서 확인한 것은 아님,,996,KEEP,first_pass_KEEP
lotte,296,판매 많은순,최근 30일,LE1207442268,향수존,[베르사체] 오 프레쉬 맨 오드뚜왈렛 50ml (+ 미니어처 1종),https://www.lotteon.com/product/LE1207442268?sitmNo=LE1207442268_1240642806&mall_no=1,82080,2026-09-05,data/korea_popularity/raw/lotte_department_perfume_sales_top350_20260905.har,169,KEEP,NONE,named_perfume,"본품 향수 표현과 개별 상품명 확인; 고정 증정품 허용, 용량/농도 원문 유지",no_option_evidence,상품명에서 선택 옵션 근거 없음; 옵션 부재를 상세페이지에서 확인한 것은 아님,,997,KEEP,first_pass_KEEP
lotte,297,판매 많은순,최근 30일,LE1207144867,향수존,[베르사체] 브라이트 크리스탈 오드뚜왈렛 50ml (+ 미니어처 1종),https://www.lotteon.com/product/LE1207144867?sitmNo=LE1207144867_1239047546&mall_no=1,82440,2026-09-05,data/korea_popularity/raw/lotte_department_perfume_sales_top350_20260905.har,169,KEEP,NONE,named_perfume,"본품 향수 표현과 개별 상품명 확인; 고정 증정품 허용, 용량/농도 원문 유지",no_option_evidence,상품명에서 선택 옵션 근거 없음; 옵션 부재를 상세페이지에서 확인한 것은 아님,,998,KEEP,first_pass_KEEP
lotte,298,판매 많은순,최근 30일,PD59616755,향수존,[베르사체] 브라이트 크리스탈 앱솔루 오드퍼퓸 30ml,https://www.lotteon.com/product/PD59616755?mall_no=1,60480,2026-09-05,data/korea_popularity/raw/lotte_department_perfume_sales_top350_20260905.har,169,KEEP,NONE,named_perfume,"본품 향수 표현과 개별 상품명 확인; 고정 증정품 허용, 용량/농도 원문 유지",no_option_evidence,상품명에서 선택 옵션 근거 없음; 옵션 부재를 상세페이지에서 확인한 것은 아님,,999,KEEP,first_pass_KEEP
lotte,299,판매 많은순,최근 30일,PD57710469,향수존,베르두콜렉션 그랑크뤼 바니라 무레아 EDP 100ml,https://www.lotteon.com/product/PD57710469?mall_no=1,49500,2026-09-05,data/korea_popularity/raw/lotte_department_perfume_sales_top350_20260905.har,169,KEEP,NONE,named_perfume,"본품 향수 표현과 개별 상품명 확인; 고정 증정품 허용, 용량/농도 원문 유지",no_option_evidence,상품명에서 선택 옵션 근거 없음; 옵션 부재를 상세페이지에서 확인한 것은 아님,,1000,KEEP,first_pass_KEEP
