commercial_identity_id,origin,source,source_rank,source_product_id,brand_raw,product_name_raw,canonical_brand,brand_basis,fragrance_name_normalized,concentration,product_form,purchase_overlap_status,purchase_overlap_basis,matched_purchase_commercial_identity_id
ci_e58baaff7634,purchase,musinsa,1,4388016,무신사 스탠다드 뷰티,무신사 스탠다드 애프터 샤워 EDP 50ml,무신사 스탠다드 뷰티,unresolved_brand:무신사 스탠다드 뷰티,무신사 스탠다드 애프터 샤워,EDP,LIQUID_PERFUME,,,
ci_0375a31d4d31,purchase,musinsa,3,4268814,비비앙,[태산 PICK] 오드퍼퓸 월넛크릭그린  EDP 50ml,Vivienne Westwood,exact_or_alias:비비앙->Vivienne Westwood,태산 월넛크릭그린,EDP,LIQUID_PERFUME,,,
ci_eb6bab7c7c6c,purchase,musinsa,5,4902680,포맨트,시그니처 퍼퓸  코튼허그 50ml,Forment,exact_or_alias:포맨트->Forment,시그니처 코튼허그,PARFUM_UNSPECIFIED,LIQUID_PERFUME,,,
ci_1eb4b6619fa0,purchase,musinsa,6,6453356,무신사 스탠다드 뷰티,[Gen.G 컬래버] Chovy EDP 50ml,무신사 스탠다드 뷰티,unresolved_brand:무신사 스탠다드 뷰티,Gen G Chovy,EDP,LIQUID_PERFUME,,,
ci_ea3b2620a699,purchase,musinsa,7,6150470,무신사 스탠다드 뷰티,[노홍철 컬래버] 럭키 가이 實行力(실행력) EDP 50ml,무신사 스탠다드 뷰티,unresolved_brand:무신사 스탠다드 뷰티,노홍철 럭키 가이 실행력,EDP,LIQUID_PERFUME,,,
ci_d97a8f66f9f2,purchase,musinsa,8,5357869,무신사 스탠다드 뷰티,무신사 스탠다드 시어 EDP 50ml,무신사 스탠다드 뷰티,unresolved_brand:무신사 스탠다드 뷰티,무신사 스탠다드 시어,EDP,LIQUID_PERFUME,,,
ci_c14f3f1be109,purchase,musinsa,10,5542396,리베르,[김켄지 PICK] [구름 비누향] 오 드 퍼퓸 클라우드 사이 30ML Cloud Sai,리베르,unresolved_brand:리베르,김켄지 구름 비누향 클라우드 사이 Cloud Sai,EDP,LIQUID_PERFUME,,,
ci_fe5476d260a3,purchase,musinsa,11,4388018,무신사 스탠다드 뷰티,무신사 스탠다드 스모크 오우드 EDP 50ml,무신사 스탠다드 뷰티,unresolved_brand:무신사 스탠다드 뷰티,무신사 스탠다드 스모크 오우드,EDP,LIQUID_PERFUME,,,
ci_db1f1f0f25c7,purchase,musinsa,12,4254208,무신사 스탠다드 뷰티,무신사 스탠다드 모시 헤이즈 EDP 50ml,무신사 스탠다드 뷰티,unresolved_brand:무신사 스탠다드 뷰티,무신사 스탠다드 모시 헤이즈,EDP,LIQUID_PERFUME,,,
ci_71460603b2e8,purchase,musinsa,13,6453083,무신사 스탠다드 뷰티,[Gen.G 컬래버] Ruler EDP 50ml,무신사 스탠다드 뷰티,unresolved_brand:무신사 스탠다드 뷰티,Gen G Ruler,EDP,LIQUID_PERFUME,,,
ci_5aaf547e6734,purchase,musinsa,14,3122081,메종 마르지엘라 퍼퓸,레플리카 레이지 선데이 모닝 EDT 10ML,Maison Martin Margiela,exact_or_alias:메종 마르지엘라 퍼퓸->Maison Martin Margiela,레플리카 레이지 선데이 모닝,EDT,LIQUID_PERFUME,,,
ci_ae8fc927ce80,purchase,musinsa,15,2959415,에스더블유나인틴,SW19 Midnight 오 드 퍼퓸 50ml,SW19,exact_or_alias:에스더블유나인틴->SW19,Midnight,EDP,LIQUID_PERFUME,,,
ci_124bd000dfcf,purchase,musinsa,16,3082569,유쏘풀,세인트모리츠 니치향수,Youssoful,reviewed_brand_mapping:유쏘풀->Youssoful,세인트모리츠 니치,UNSPECIFIED,LIQUID_PERFUME,,,
ci_3cf24523e3e0,purchase,musinsa,18,1284603,엘리자베스아덴,그린티 센트 스프레이 EDC 100ml +향수 공병 증정,Elizabeth Arden,exact_or_alias:엘리자베스아덴->Elizabeth Arden,그린티 센트 스프레이,EDC,LIQUID_PERFUME,,,
ci_5575147b0b3b,purchase,musinsa,19,5800293,뉴뉴,샤를33 네놀리 오드퍼퓸,뉴뉴,unresolved_brand:뉴뉴,샤를33 네놀리,EDP,LIQUID_PERFUME,,,
ci_be61dc55fcd7,purchase,musinsa,20,4388017,무신사 스탠다드 뷰티,무신사 스탠다드 코코모 EDP 50ml,무신사 스탠다드 뷰티,unresolved_brand:무신사 스탠다드 뷰티,무신사 스탠다드 코코모,EDP,LIQUID_PERFUME,,,
ci_0375a31d4d31,purchase,musinsa,21,4442601,비비앙,[태산 PICK] 월넛크릭그린 오 드 퍼퓸 EDP 10ml,Vivienne Westwood,exact_or_alias:비비앙->Vivienne Westwood,태산 월넛크릭그린,EDP,LIQUID_PERFUME,,,
ci_7b5e6d8fb388,purchase,musinsa,23,5357868,무신사 스탠다드 뷰티,무신사 스탠다드 미드나잇 램블러 EDP 50ml,무신사 스탠다드 뷰티,unresolved_brand:무신사 스탠다드 뷰티,무신사 스탠다드 미드나잇 램블러,EDP,LIQUID_PERFUME,,,
ci_44bff09ef9ae,purchase,musinsa,25,5800302,뉴뉴,샤인30 오드퍼퓸,뉴뉴,unresolved_brand:뉴뉴,샤인30,EDP,LIQUID_PERFUME,,,
ci_5aaf547e6734,purchase,musinsa,27,2027859,메종 마르지엘라 퍼퓸,레플리카 레이지 선데이 모닝 EDT 30ML,Maison Martin Margiela,exact_or_alias:메종 마르지엘라 퍼퓸->Maison Martin Margiela,레플리카 레이지 선데이 모닝,EDT,LIQUID_PERFUME,,,
ci_68d02e396164,purchase,musinsa,28,4525980,리베르,[김켄지 PICK] [첫눈 향수] 오 드 퍼퓸 스노우 사이 30ML Snow Sai,리베르,unresolved_brand:리베르,김켄지 첫눈 스노우 사이 Snow Sai,EDP,LIQUID_PERFUME,,,
ci_6a221cc81cac,purchase,musinsa,29,3850836,로이비,오 드 퍼퓸 롤온 베르가못 앤 화이트 로즈 7.5ml,LOIVIE,reviewed_brand_mapping:로이비->LOIVIE,베르가못 앤 화이트 로즈,EDP,ROLL_ON,,,
ci_b0631f739e4f,purchase,musinsa,30,6880607,질스튜어트 뷰티,"화이트 플로럴 오 드 뚜왈렛 50ml(+화이트 플로럴 샴푸 42,000상당)",Jill Stuart,exact_or_alias:질스튜어트 뷰티->Jill Stuart,화이트 플로럴 000상당,EDT,LIQUID_PERFUME,,,
ci_6ddaef18703e,purchase,musinsa,32,6211276,투데이이즈,인유어메모리 오드 퍼퓸 50ml,투데이이즈,unresolved_brand:투데이이즈,인유어메모리 오드,EDP,LIQUID_PERFUME,,,
ci_de7b96871680,purchase,musinsa,33,4146844,누다라,시그니처 퍼퓸 오키탈 30ML,누다라,unresolved_brand:누다라,시그니처 오키탈,PARFUM_UNSPECIFIED,LIQUID_PERFUME,,,
ci_5aaf547e6734,purchase,musinsa,34,2027860,메종 마르지엘라 퍼퓸,레플리카 레이지 선데이 모닝 EDT 100ML,Maison Martin Margiela,exact_or_alias:메종 마르지엘라 퍼퓸->Maison Martin Margiela,레플리카 레이지 선데이 모닝,EDT,LIQUID_PERFUME,,,
ci_72b3ebd6097d,purchase,musinsa,35,3920147,베르사체 퍼퓸,브라이트 크리스탈 EDT 30ML + 베르사체 향수샘플 (쇼핑백증정)],Versace,exact_or_alias:베르사체 퍼퓸->Versace,브라이트 크리스탈,EDT,LIQUID_PERFUME,,,
ci_5aa30ef621dc,purchase,musinsa,37,3122050,메종 마르지엘라 퍼퓸,레플리카 재즈 클럽 EDT 10ML,Maison Martin Margiela,exact_or_alias:메종 마르지엘라 퍼퓸->Maison Martin Margiela,레플리카 재즈 클럽,EDT,LIQUID_PERFUME,,,
ci_5aa30ef621dc,purchase,musinsa,39,2027861,메종 마르지엘라 퍼퓸,레플리카 재즈 클럽 EDT 30ML,Maison Martin Margiela,exact_or_alias:메종 마르지엘라 퍼퓸->Maison Martin Margiela,레플리카 재즈 클럽,EDT,LIQUID_PERFUME,,,
ci_ae8fc927ce80,purchase,musinsa,40,4633803,에스더블유나인틴,SW19 Midnight 오 드 퍼퓸 12ml,SW19,exact_or_alias:에스더블유나인틴->SW19,Midnight,EDP,LIQUID_PERFUME,,,
ci_2228ae3a9f00,purchase,musinsa,42,1910209,존바바토스,아티산 EDT 75ML,John Varvatos,exact_or_alias:존바바토스->John Varvatos,아티산,EDT,LIQUID_PERFUME,,,
ci_cc65771c068b,purchase,musinsa,44,4146833,누다라,시그니처 퍼퓸 우드마벨 30ML,누다라,unresolved_brand:누다라,시그니처 우드마벨,PARFUM_UNSPECIFIED,LIQUID_PERFUME,,,
ci_c66ebe22a527,purchase,musinsa,45,5115500,센녹,퍼퓸 애프터배스 50ml,Sennok,reviewed_brand_mapping:센녹->Sennok,애프터배스,PARFUM_UNSPECIFIED,LIQUID_PERFUME,,,
ci_f40670521ac6,purchase,musinsa,47,5115518,센녹,퍼퓸 솝클린솝 50ml,Sennok,reviewed_brand_mapping:센녹->Sennok,솝클린솝,PARFUM_UNSPECIFIED,LIQUID_PERFUME,,,
ci_ed4dff7afb27,purchase,musinsa,48,4771019,클린,클리어 애플 블로썸 EDP 30ML,Clean,exact_or_alias:클린->Clean,클리어 애플 블로썸,EDP,LIQUID_PERFUME,,,
ci_2228ae3a9f00,purchase,musinsa,49,1910208,존바바토스,아티산 EDT 125ML,John Varvatos,exact_or_alias:존바바토스->John Varvatos,아티산,EDT,LIQUID_PERFUME,,,
ci_aeb57afd9726,purchase,musinsa,51,4570466,시머스,미드나잇 파크 EDP 50ml,시머스,unresolved_brand:시머스,미드나잇 파크,EDP,LIQUID_PERFUME,,,
ci_46238ae10e19,purchase,musinsa,53,4425165,비비앙,[이한 PICK] 뉴욕인틸리 오 드 퍼퓸 EDP 50ml,Vivienne Westwood,exact_or_alias:비비앙->Vivienne Westwood,이한 뉴욕인틸리,EDP,LIQUID_PERFUME,,,
ci_5aa30ef621dc,purchase,musinsa,54,2027862,메종 마르지엘라 퍼퓸,레플리카 재즈 클럽 EDT 100ML,Maison Martin Margiela,exact_or_alias:메종 마르지엘라 퍼퓸->Maison Martin Margiela,레플리카 재즈 클럽,EDT,LIQUID_PERFUME,,,
ci_93e27964ca8b,purchase,musinsa,55,3850821,로이비,오 드 퍼퓸 롤온 피오니 앤 화이트 머스크 7.5ml,LOIVIE,reviewed_brand_mapping:로이비->LOIVIE,피오니 앤 화이트 머스크,EDP,ROLL_ON,,,
ci_037e2669dbac,purchase,musinsa,56,5723973,센틀리에,오 드 퍼퓸 오렌지블라썸 토스카나 10ml,센틀리에,unresolved_brand:센틀리에,오렌지블라썸 토스카나,EDP,LIQUID_PERFUME,,,
ci_d3072c84a2f6,purchase,musinsa,58,3388734,에따 리브르 도랑쥬,유 오어 썸원 라이크 유 EDP 30ml,Etat Libre d'Orange,exact_or_alias:에따 리브르 도랑쥬->Etat Libre d'Orange,유 오어 썸원 라이크 유,EDP,LIQUID_PERFUME,,,
ci_f1be476fac30,purchase,musinsa,59,3506692,포뷰트,시그니처 헤어퍼퓸 애프터 선셋 남자향수 50ml,포뷰트,unresolved_brand:포뷰트,시그니처 애프터 선셋 남자,PARFUM_UNSPECIFIED,HAIR_FRAGRANCE,,,
ci_f5761360f432,purchase,musinsa,60,5823330,알보우,도쿄 피그 오드퍼퓸 향수 30ML,RboW,reviewed_brand_mapping:알보우->RboW,도쿄 피그,EDP,LIQUID_PERFUME,,,
ci_db35ae58fb2c,purchase,musinsa,62,5524898,아비브,오 드 퍼퓸 타입 N 50ml(+쇼핑백 증정),아비브,unresolved_brand:아비브,타입 N,EDP,LIQUID_PERFUME,,,
ci_9393b93d0ce6,purchase,musinsa,64,2249394,포맨트,시그니처 퍼퓸 코튼 디어 나잇 50ml,Forment,exact_or_alias:포맨트->Forment,시그니처 코튼 디어 나잇,PARFUM_UNSPECIFIED,LIQUID_PERFUME,,,
ci_e4de5fac0d9b,purchase,musinsa,68,2246800,클린,퓨어솝 EDP 60ML,Clean,exact_or_alias:클린->Clean,퓨어솝,EDP,LIQUID_PERFUME,,,
ci_4f0e24e2b0ec,purchase,musinsa,69,5462533,에이딕트,솔리드 퍼퓸 네이키드 30mlX2,Addct,reviewed_brand_mapping:에이딕트->Addct,네이키드 30mlX2,PARFUM_UNSPECIFIED,SOLID_FRAGRANCE,,,
ci_5b7152a05a88,purchase,musinsa,71,1997946,몽블랑 퍼퓸,익스플로러 EDP 100ML,Montblanc,exact_or_alias:몽블랑 퍼퓸->Montblanc,익스플로러,EDP,LIQUID_PERFUME,,,
ci_e4de5fac0d9b,purchase,musinsa,73,2246802,클린,퓨어솝 EDP 30ML,Clean,exact_or_alias:클린->Clean,퓨어솝,EDP,LIQUID_PERFUME,,,
ci_d28b9495862b,purchase,musinsa,75,6192807,플르부아,오 드 퍼퓸 EDP 히노끼 레더 50mL,플르부아,unresolved_brand:플르부아,히노끼 레더,EDP,LIQUID_PERFUME,,,
ci_2002333a4a42,purchase,musinsa,76,3082576,유쏘풀,베리섹시 니치향수,Youssoful,reviewed_brand_mapping:유쏘풀->Youssoful,베리섹시 니치,UNSPECIFIED,LIQUID_PERFUME,,,
ci_e49b9948a045,purchase,musinsa,78,4265625,세이리,오스만투스 엑스트레 드 퍼퓸 50mL,세이리,unresolved_brand:세이리,오스만투스 엑스트레 드,EXTRAIT,LIQUID_PERFUME,,,
ci_dde36cf02aa1,purchase,musinsa,80,6502893,센슬,플로우 세트 (뮤트 크림 퍼퓸 플로우 미닛 + [미니] 퀵틴트 2종),센슬,unresolved_brand:센슬,플로우 뮤트 플로우 미닛,PARFUM_UNSPECIFIED,LIQUID_PERFUME,,,
ci_fb38803bbfcc,purchase,musinsa,82,5115486,센녹,퍼퓸 슬로우셉템버 50ml,Sennok,reviewed_brand_mapping:센녹->Sennok,슬로우셉템버,PARFUM_UNSPECIFIED,LIQUID_PERFUME,,,
ci_30de9f13f79a,purchase,musinsa,83,6363686,비비앙,구름 오 드 퍼퓸 EDP 50ml,Vivienne Westwood,exact_or_alias:비비앙->Vivienne Westwood,구름,EDP,LIQUID_PERFUME,,,
ci_9fcfdb7b6424,purchase,musinsa,84,6211036,투데이이즈,인마이메모리 오드 퍼퓸 50ml,투데이이즈,unresolved_brand:투데이이즈,인마이메모리 오드,EDP,LIQUID_PERFUME,,,
ci_80a9b463c540,purchase,musinsa,86,6257652,그라펜,멀티 유즈 바디 퍼퓸 스프레이 200ml,그라펜,unresolved_brand:그라펜,멀티 유즈 스프레이,PARFUM_UNSPECIFIED,BODY_FRAGRANCE,,,
ci_489e92661f61,purchase,musinsa,88,1853991,폴로랄프로렌 퍼퓸,폴로 랄프 EDT 30ML,Ralph Lauren,exact_or_alias:폴로랄프로렌 퍼퓸->Ralph Lauren,폴로 랄프,EDT,LIQUID_PERFUME,,,
ci_ddb2869192fa,purchase,musinsa,89,4771020,클린,클리어 쿨 코튼 EDP 60ML,Clean,exact_or_alias:클린->Clean,클리어 쿨 코튼,EDP,LIQUID_PERFUME,,,
ci_489e92661f61,purchase,musinsa,92,1854001,폴로랄프로렌 퍼퓸,폴로 랄프 EDT 50ML,Ralph Lauren,exact_or_alias:폴로랄프로렌 퍼퓸->Ralph Lauren,폴로 랄프,EDT,LIQUID_PERFUME,,,
ci_ed9de50488a4,purchase,musinsa,93,2637311,다슈,아쿠아 다이브 퍼퓸 50ml,Dashu,reviewed_brand_mapping:다슈->Dashu,아쿠아 다이브,PARFUM_UNSPECIFIED,LIQUID_PERFUME,,,
ci_89d4dbdfbfef,purchase,musinsa,94,5195327,돌체앤가바나,라이트 블루 오 드 뚜왈렛 30ml (리뉴얼),Dolce&Gabbana,exact_or_alias:돌체앤가바나->Dolce&Gabbana,라이트 블루 리뉴얼,EDT,LIQUID_PERFUME,,,
ci_199e1eece1e7,purchase,musinsa,95,1910205,존바바토스,아티산 퓨어 EDT 75ML,John Varvatos,exact_or_alias:존바바토스->John Varvatos,아티산 퓨어,EDT,LIQUID_PERFUME,,,
ci_532319e5514b,purchase,musinsa,96,3291576,유겐,INSPIRE 오 드 퍼퓸 50ML,Yugen,reviewed_brand_mapping:유겐->Yugen,INSPIRE,EDP,LIQUID_PERFUME,,,
ci_37b1716e6608,purchase,musinsa,97,3764328,애프터블로우,솔리드 퍼퓸,After Blow,reviewed_brand_mapping:애프터블로우->After Blow,,PARFUM_UNSPECIFIED,SOLID_FRAGRANCE,,,
ci_ed4dff7afb27,purchase,musinsa,98,4771015,클린,클리어 애플 블로썸 EDP 60ML,Clean,exact_or_alias:클린->Clean,클리어 애플 블로썸,EDP,LIQUID_PERFUME,,,
ci_8e966beaa7d3,purchase,musinsa,99,6168034,헤트라스 뷰티,핸드메이드 퍼퓸 50ml 아틀리에 티,헤트라스 뷰티,unresolved_brand:헤트라스 뷰티,핸드메이드 아틀리에 티,PARFUM_UNSPECIFIED,LIQUID_PERFUME,,,
ci_aed707d08d34,purchase,musinsa,100,5956388,엑스니힐로,블루 탈리스만 오드퍼퓸 10ml,Ex Nihilo,exact_or_alias:엑스니힐로->Ex Nihilo,블루 탈리스만,EDP,LIQUID_PERFUME,,,
ci_5b66cdd8fc5f,purchase,musinsa,101,5467220,러쉬,29 하이 스트릿 30ml - 퍼퓸/향수,Lush,exact_or_alias:러쉬->Lush,29 하이 스트릿,PARFUM_UNSPECIFIED,LIQUID_PERFUME,,,
ci_cec1391bad56,purchase,musinsa,102,3122053,메종 마르지엘라 퍼퓸,레플리카 웬 더 레인 스탑스 EDT 30ML,Maison Martin Margiela,exact_or_alias:메종 마르지엘라 퍼퓸->Maison Martin Margiela,레플리카 웬 더 레인 스탑스,EDT,LIQUID_PERFUME,,,
ci_4fcbf0cd868b,purchase,musinsa,103,3863938,슬로우허밍,릴리프 퍼퓸밤,슬로우허밍,unresolved_brand:슬로우허밍,릴리프,PARFUM_UNSPECIFIED,BALM_OR_STICK,,,
ci_ac1a3e8aecee,purchase,musinsa,107,5207339,센녹,솔리드퍼퓸 고체향수 7g,Sennok,reviewed_brand_mapping:센녹->Sennok,,PARFUM_UNSPECIFIED,SOLID_FRAGRANCE,,,
ci_25ae9e92691e,purchase,musinsa,108,4195075,스테판 움베르 루카,갓 오브 파이어 EAU DE PARFUM,Stéphane Humbert Lucas 777,exact_or_alias:스테판 움베르 루카->Stéphane Humbert Lucas 777,갓 오브 파이어 EAU DE PARFUM,EDP,LIQUID_PERFUME,,,
ci_3cf24523e3e0,purchase,musinsa,109,1284601,엘리자베스아덴,그린티 센트 스프레이 EDC 30ml +향수 공병 증정,Elizabeth Arden,exact_or_alias:엘리자베스아덴->Elizabeth Arden,그린티 센트 스프레이,EDC,LIQUID_PERFUME,,,
ci_8f9c6acf1230,purchase,musinsa,110,2004435,랑방 퍼퓸,에끌라 드 아르페쥬 EDP 30ML,Lanvin,exact_or_alias:랑방 퍼퓸->Lanvin,에끌라 드 아르페쥬,EDP,LIQUID_PERFUME,,,
ci_4a2f80f67c34,purchase,musinsa,111,6315662,엘리자베스아덴,그린티 스트로베리 바질 EDT 100ml +향수 공병 증정,Elizabeth Arden,exact_or_alias:엘리자베스아덴->Elizabeth Arden,그린티 스트로베리 바질,EDT,LIQUID_PERFUME,,,
ci_bf8562dbb7c2,purchase,musinsa,112,5135059,메종 마르지엘라 퍼퓸,레플리카 네버 엔딩 썸머 EDT 30ML,Maison Martin Margiela,exact_or_alias:메종 마르지엘라 퍼퓸->Maison Martin Margiela,레플리카 네버 엔딩 썸머,EDT,LIQUID_PERFUME,,,
ci_71b9d531cf3b,purchase,musinsa,113,4425213,비비앙,[명재현 PICK] 로스트우드 오 드 퍼퓸 EDP 50ml,Vivienne Westwood,exact_or_alias:비비앙->Vivienne Westwood,명재현 로스트우드,EDP,LIQUID_PERFUME,,,
ci_09d4167c0459,purchase,musinsa,114,4352290,이세이미야케 퍼퓸,르셀디세이 오드뚜왈렛 100ml,Issey Miyake,exact_or_alias:이세이미야케 퍼퓸->Issey Miyake,르셀디세이,EDT,LIQUID_PERFUME,,,
ci_52ddc722ce8e,purchase,musinsa,115,3873835,베르사체 퍼퓸,에로스 EDT 100ML + 에로스 미니어처 [선물박스],Versace,exact_or_alias:베르사체 퍼퓸->Versace,에로스,EDT,LIQUID_PERFUME,,,
ci_b9e62a927dd4,purchase,musinsa,118,4262805,세이리,누드 엑스트레 드 퍼퓸 50mL,세이리,unresolved_brand:세이리,누드 엑스트레 드,EXTRAIT,LIQUID_PERFUME,,,
ci_cd172b21d5d3,purchase,musinsa,119,3819294,폴로랄프로렌 퍼퓸,폴로 EDT 125ML,Ralph Lauren,exact_or_alias:폴로랄프로렌 퍼퓸->Ralph Lauren,폴로,EDT,LIQUID_PERFUME,,,
ci_135a36451863,purchase,musinsa,120,1910207,존바바토스,아티산 블루 EDT 75ML,John Varvatos,exact_or_alias:존바바토스->John Varvatos,아티산 블루,EDT,LIQUID_PERFUME,,,
ci_199e1eece1e7,purchase,musinsa,121,1910204,존바바토스,아티산 퓨어 EDT 125ML,John Varvatos,exact_or_alias:존바바토스->John Varvatos,아티산 퓨어,EDT,LIQUID_PERFUME,,,
ci_efb07b8e1a13,purchase,musinsa,124,2027873,메종 마르지엘라 퍼퓸,레플리카 세일링 데이 EDT 30ML,Maison Martin Margiela,exact_or_alias:메종 마르지엘라 퍼퓸->Maison Martin Margiela,레플리카 세일링 데이,EDT,LIQUID_PERFUME,,,
ci_28ce250d3949,purchase,musinsa,125,6362932,센티카,시그니처 퍼퓸 플레르 에끌로 15ml,센티카,unresolved_brand:센티카,시그니처 플레르 에끌로,PARFUM_UNSPECIFIED,LIQUID_PERFUME,,,
ci_0dcd41256f4a,purchase,musinsa,128,1910182,제니퍼로페즈,글로우 바이 제이로 EDT 30ML,Jennifer Lopez,exact_or_alias:제니퍼로페즈->Jennifer Lopez,글로우 바이 제이로,EDT,LIQUID_PERFUME,,,
ci_91145615bbf1,purchase,musinsa,129,5991054,메종 마르지엘라 퍼퓸,레플리카 업 앳 던 EDT 30ML,Maison Martin Margiela,exact_or_alias:메종 마르지엘라 퍼퓸->Maison Martin Margiela,레플리카 업 앳 던,EDT,LIQUID_PERFUME,,,
ci_1ee603a82573,purchase,musinsa,130,4663857,춘몽,도플 퍼퓸 (Doppel Perfume) 10ml,춘몽,unresolved_brand:춘몽,도플 Doppel Perfume,PARFUM_UNSPECIFIED,LIQUID_PERFUME,,,
ci_5b7152a05a88,purchase,musinsa,131,1997941,몽블랑 퍼퓸,익스플로러 EDP 30ML,Montblanc,exact_or_alias:몽블랑 퍼퓸->Montblanc,익스플로러,EDP,LIQUID_PERFUME,,,
ci_6f1a4c905a1d,purchase,musinsa,133,4891914,나르시소 로드리게즈,포 허 오드퍼퓸 퓨어 머스크 30ml,Narciso Rodriguez,exact_or_alias:나르시소 로드리게즈->Narciso Rodriguez,포 허 퓨어 머스크,EDP,LIQUID_PERFUME,,,
ci_3e627a1be90a,purchase,musinsa,134,2530193,랑방 퍼퓸,레 플레르 드 랑방 워터 릴리 EDT 50ML,Lanvin,exact_or_alias:랑방 퍼퓸->Lanvin,레 플레르 드 랑방 워터 릴리,EDT,LIQUID_PERFUME,,,
ci_0ff12b1de629,purchase,musinsa,135,1847455,폴로랄프로렌 퍼퓸,폴로 블루 EDT 125ML,Ralph Lauren,exact_or_alias:폴로랄프로렌 퍼퓸->Ralph Lauren,폴로 블루,EDT,LIQUID_PERFUME,,,
ci_de2d25789235,purchase,musinsa,136,5819268,테누이,오 드 퍼퓸 베어 10ml,Tenui,reviewed_brand_mapping:테누이->Tenui,베어,EDP,LIQUID_PERFUME,,,
ci_9e3683e618f5,purchase,musinsa,138,6261061,쿠오카,와일드피치 오 드 퍼퓸 50ml,Kuoca,reviewed_brand_mapping:쿠오카->Kuoca,와일드피치,EDP,LIQUID_PERFUME,,,
ci_ab36af4ff5b0,purchase,musinsa,139,3122041,메종 마르지엘라 퍼퓸,레플리카 온어데이트 EDT 10ML,Maison Martin Margiela,exact_or_alias:메종 마르지엘라 퍼퓸->Maison Martin Margiela,레플리카 온어데이트,EDT,LIQUID_PERFUME,,,
ci_7f3e7adcd39e,purchase,musinsa,140,2948294,엘리자베스,고체향수 보,Elizabeth Arden,exact_or_alias:엘리자베스->Elizabeth Arden,보,UNSPECIFIED,SOLID_FRAGRANCE,,,
ci_27c1466023f4,purchase,musinsa,141,2388475,리베르,[금목서 향수] 오 드 퍼퓸 플라워 소사이어티 30ML Flower Society,리베르,unresolved_brand:리베르,금목서 플라워 소사이어티 Flower Society,EDP,LIQUID_PERFUME,,,
ci_ead83e6160b4,purchase,musinsa,143,5250747,이세이미야케 퍼퓸,르셀디세이 오 드 퍼퓸 100ml,Issey Miyake,exact_or_alias:이세이미야케 퍼퓸->Issey Miyake,르셀디세이,EDP,LIQUID_PERFUME,,,
ci_546041f781eb,purchase,musinsa,145,4425134,비비앙,[성호 PICK] 론도24 오 드 퍼퓸 EDP 50ml,Vivienne Westwood,exact_or_alias:비비앙->Vivienne Westwood,성호 론도24,EDP,LIQUID_PERFUME,,,
ci_b691058531a8,purchase,musinsa,146,6510028,코치 프래그런스,체리 퍼퓸 30ML,Coach,exact_or_alias:코치 프래그런스->Coach,체리,PARFUM_UNSPECIFIED,LIQUID_PERFUME,,,
ci_12bd605a8d47,purchase,musinsa,147,5115544,센녹,퍼퓸 베이비블러셔50ml,Sennok,reviewed_brand_mapping:센녹->Sennok,베이비블러셔50ml,PARFUM_UNSPECIFIED,LIQUID_PERFUME,,,
ci_69104ca504fb,purchase,musinsa,148,6255346,포엘리에,우디&머스크향 옴므 오 드 퍼퓸 향수 30ml,포엘리에,unresolved_brand:포엘리에,우디&머스크향 옴므,EDP,LIQUID_PERFUME,,,
ci_13239fdc7c7a,purchase,musinsa,149,4652950,비비앙,[운학 PICK] 콜린 오 드 퍼퓸 EDP 50ml,Vivienne Westwood,exact_or_alias:비비앙->Vivienne Westwood,운학 콜린,EDP,LIQUID_PERFUME,,,
ci_d118d49fa626,purchase,musinsa,150,4499729,라퐁프,우드세이지앤씨솔트 30ml 향수,라퐁프,unresolved_brand:라퐁프,우드세이지앤씨솔트,UNSPECIFIED,LIQUID_PERFUME,,,
ci_09d4167c0459,purchase,musinsa,151,4352251,이세이미야케 퍼퓸,르셀디세이 오드뚜왈렛 50ml,Issey Miyake,exact_or_alias:이세이미야케 퍼퓸->Issey Miyake,르셀디세이,EDT,LIQUID_PERFUME,,,
ci_22b490f019e7,purchase,musinsa,153,6039284,리베르,[장미 생화향] 오 드 퍼퓸 로즈 제스트 30ML Rose Zest,리베르,unresolved_brand:리베르,장미 생화향 로즈 제스트 Rose Zest,EDP,LIQUID_PERFUME,,,
ci_dd2b9244c21e,purchase,musinsa,155,6367327,에스더블유나인틴,SW19 5pm 오 드 퍼퓸 12ml,SW19,exact_or_alias:에스더블유나인틴->SW19,5pm,EDP,LIQUID_PERFUME,,,
ci_15637f950a6e,purchase,musinsa,156,5819269,테누이,오 드 퍼퓸 페더 10ml,Tenui,reviewed_brand_mapping:테누이->Tenui,페더,EDP,LIQUID_PERFUME,,,
ci_a50613603e2e,purchase,musinsa,157,3430554,롤리타 렘피카,롤리타렘피카 EDP 100ml,Lolita Lempicka,exact_or_alias:롤리타 렘피카->Lolita Lempicka,롤리타렘피카,EDP,LIQUID_PERFUME,,,
ci_135a36451863,purchase,musinsa,158,1910206,존바바토스,아티산 블루 EDT 125ML,John Varvatos,exact_or_alias:존바바토스->John Varvatos,아티산 블루,EDT,LIQUID_PERFUME,,,
ci_526ec19a16c3,purchase,musinsa,159,2006667,코치 프래그런스,플로럴 EDP 30ML,Coach,exact_or_alias:코치 프래그런스->Coach,플로럴,EDP,LIQUID_PERFUME,,,
ci_778b0b7da2b4,purchase,musinsa,160,3787802,밀크하우스캔들,[오일퍼퓸] 썬 키스드 피오니 15ml,밀크하우스캔들,unresolved_brand:밀크하우스캔들,오일 썬 키스드 피오니,PARFUM_UNSPECIFIED,LIQUID_PERFUME,,,
ci_ddb2869192fa,purchase,musinsa,161,4771017,클린,클리어 쿨 코튼 EDP 30ML,Clean,exact_or_alias:클린->Clean,클리어 쿨 코튼,EDP,LIQUID_PERFUME,,,
ci_930cf33cf7ca,purchase,musinsa,162,4446768,비비앙,[기프트패키지] 헤어 바디 퍼퓸 미스트 100ml,Vivienne Westwood,exact_or_alias:비비앙->Vivienne Westwood,기프트패키지,PARFUM_UNSPECIFIED,HAIR_FRAGRANCE,,,
ci_037e2669dbac,purchase,musinsa,163,4217109,센틀리에,오 드 퍼퓸 오렌지블라썸 토스카나 50ml,센틀리에,unresolved_brand:센틀리에,오렌지블라썸 토스카나,EDP,LIQUID_PERFUME,,,
ci_d957da2d1808,purchase,musinsa,164,3897564,베르사체 퍼퓸,맨 오 플래쉬 EDT 100ML + 맨 오 플래쉬 미니어처 [선물박스],Versace,exact_or_alias:베르사체 퍼퓸->Versace,맨 오 플래쉬,EDT,LIQUID_PERFUME,,,
ci_67d99819899e,purchase,musinsa,167,6279096,알보우,앰버생귄 오드퍼퓸 향수 30ML,RboW,reviewed_brand_mapping:알보우->RboW,앰버생귄,EDP,LIQUID_PERFUME,,,
ci_ce6521f1d93a,purchase,musinsa,168,1960886,존바바토스,아티산 블랙 EDT 125ML,John Varvatos,exact_or_alias:존바바토스->John Varvatos,아티산 블랙,EDT,LIQUID_PERFUME,,,
ci_8464256d016c,purchase,musinsa,169,6147740,캘빈클라인 퍼퓸,씨케이원 EDT 50ML,Calvin Klein,exact_or_alias:캘빈클라인 퍼퓸->Calvin Klein,씨케이원,EDT,LIQUID_PERFUME,,,
ci_7d5b2da6bd1e,purchase,musinsa,171,4253214,부씨,해피벌쓰데이 오 드 퍼퓸 30ml,Bussi,reviewed_brand_mapping:부씨->Bussi,해피벌쓰데이,EDP,LIQUID_PERFUME,,,
ci_497d08e59bab,purchase,musinsa,172,2955304,에스더블유나인틴,SW19 6am 오 드 퍼퓸 50ml,SW19,exact_or_alias:에스더블유나인틴->SW19,6am,EDP,LIQUID_PERFUME,,,
ci_9dc4ddf6a982,purchase,musinsa,173,6332582,아디다스 향수,아디다스 바이브 스파크 업 EDP 100ML,Adidas,exact_or_alias:아디다스 향수->Adidas,아디다스 바이브 스파크 업,EDP,LIQUID_PERFUME,,,
ci_31a28acedf24,purchase,musinsa,174,6192605,플르부아,오 드 퍼퓸 EDP 모닝소일 50mL,플르부아,unresolved_brand:플르부아,모닝소일,EDP,LIQUID_PERFUME,,,
ci_c389c44c881a,purchase,musinsa,175,5823348,알보우,도쿄 스트라이프 오드퍼퓸 향수 30ML,RboW,reviewed_brand_mapping:알보우->RboW,도쿄 스트라이프,EDP,LIQUID_PERFUME,,,
ci_4c068584014c,purchase,musinsa,176,2006635,코치 프래그런스,우먼 EDT 30ML,Coach,exact_or_alias:코치 프래그런스->Coach,우먼,EDT,LIQUID_PERFUME,,,
ci_0ff12b1de629,purchase,musinsa,177,1847357,폴로랄프로렌 퍼퓸,폴로 블루 EDT 40ML,Ralph Lauren,exact_or_alias:폴로랄프로렌 퍼퓸->Ralph Lauren,폴로 블루,EDT,LIQUID_PERFUME,,,
ci_ff5de9a9b99e,purchase,musinsa,178,6955780,러쉬,[러쉬×무민] 무민밸리 30ml - 퍼퓸/향수,Lush,exact_or_alias:러쉬->Lush,무민 무민밸리,PARFUM_UNSPECIFIED,LIQUID_PERFUME,,,
ci_489e92661f61,purchase,musinsa,180,1854002,폴로랄프로렌 퍼퓸,폴로 랄프 EDT 100ML,Ralph Lauren,exact_or_alias:폴로랄프로렌 퍼퓸->Ralph Lauren,폴로 랄프,EDT,LIQUID_PERFUME,,,
ci_53cfaa111d0d,purchase,musinsa,181,4090592,나르시소 로드리게즈,포 힘 블루 느와르 EDT 50ml,Narciso Rodriguez,exact_or_alias:나르시소 로드리게즈->Narciso Rodriguez,포 힘 블루 느와르,EDT,LIQUID_PERFUME,,,
ci_ae8fc927ce80,purchase,musinsa,182,5599421,에스더블유나인틴,SW19 Midnight 오 드 퍼퓸 50ml&12ml 기획세트,SW19,exact_or_alias:에스더블유나인틴->SW19,Midnight &,EDP,LIQUID_PERFUME,,,
ci_efb07b8e1a13,purchase,musinsa,183,2027874,메종 마르지엘라 퍼퓸,레플리카 세일링 데이 EDT 100ML,Maison Martin Margiela,exact_or_alias:메종 마르지엘라 퍼퓸->Maison Martin Margiela,레플리카 세일링 데이,EDT,LIQUID_PERFUME,,,
ci_0f5b3a1e90a1,purchase,musinsa,184,1937359,클린,클래식 레인 EDP 30ML,Clean,exact_or_alias:클린->Clean,클래식 레인,EDP,LIQUID_PERFUME,,,
ci_dd2b9244c21e,purchase,musinsa,186,6367302,에스더블유나인틴,SW19 5pm 오 드 퍼퓸 50ml,SW19,exact_or_alias:에스더블유나인틴->SW19,5pm,EDP,LIQUID_PERFUME,,,
ci_cec1391bad56,purchase,musinsa,187,3122052,메종 마르지엘라 퍼퓸,레플리카 웬 더 레인 스탑스 EDT 100ML,Maison Martin Margiela,exact_or_alias:메종 마르지엘라 퍼퓸->Maison Martin Margiela,레플리카 웬 더 레인 스탑스,EDT,LIQUID_PERFUME,,,
ci_c015a799d166,purchase,musinsa,188,2530216,랑방 퍼퓸,레 플레르 드 랑방 블루 오키드 EDT 50ML,Lanvin,exact_or_alias:랑방 퍼퓸->Lanvin,레 플레르 드 랑방 블루 오키드,EDT,LIQUID_PERFUME,,,
ci_d0f1ec6b5268,purchase,musinsa,189,6095042,아뜰리에페이,아뜰리에페이 마이스킨벗베터 30ml,Atelier Faye,unresolved_brand:아뜰리에페이,마이스킨벗베터,UNSPECIFIED,LIQUID_PERFUME,,,
ci_497d08e59bab,purchase,musinsa,190,4633683,에스더블유나인틴,SW19 6am 오 드 퍼퓸 12ml,SW19,exact_or_alias:에스더블유나인틴->SW19,6am,EDP,LIQUID_PERFUME,,,
ci_90e038c982e8,purchase,musinsa,191,3518010,에이오지,오 드 퍼퓸 레이 30ml,에이오지,unresolved_brand:에이오지,레이,EDP,LIQUID_PERFUME,,,
ci_df87c84ede43,purchase,musinsa,192,4572505,시머스,애프터 샤워 EDP 50ml,시머스,unresolved_brand:시머스,애프터 샤워,EDP,LIQUID_PERFUME,,,
ci_f450a6755aed,purchase,musinsa,193,2634749,존바바토스,XX 아티산 틸 EDT 125ML,John Varvatos,exact_or_alias:존바바토스->John Varvatos,XX 아티산 틸,EDT,LIQUID_PERFUME,,,
ci_41d60a0e2fa1,purchase,musinsa,194,2004509,랑방 퍼퓸,모던 프린세스 EDP 30ML,Lanvin,exact_or_alias:랑방 퍼퓸->Lanvin,모던 프린세스,EDP,LIQUID_PERFUME,,,
ci_9e0bd95ecae5,purchase,musinsa,195,1285050,엘리자베스아덴,5번가 EDP 75ml,Elizabeth Arden,exact_or_alias:엘리자베스아덴->Elizabeth Arden,5번가,EDP,LIQUID_PERFUME,,,
ci_ea64a82edfc9,purchase,musinsa,196,2027895,메종 마르지엘라 퍼퓸,레플리카 버블 바스 EDT 30ML,Maison Martin Margiela,exact_or_alias:메종 마르지엘라 퍼퓸->Maison Martin Margiela,레플리카 버블 바스,EDT,LIQUID_PERFUME,,,
ci_30d2393db880,purchase,musinsa,197,6246787,베르사체 퍼퓸,베르사체 크리스탈 에메랄드 오 드 퍼퓸 30ml,Versace,exact_or_alias:베르사체 퍼퓸->Versace,베르사체 크리스탈 에메랄드,EDP,LIQUID_PERFUME,,,
ci_0261ff4bed40,purchase,musinsa,198,6239047,부씨,아브라카다멈 오 드 퍼퓸 30ml,Bussi,reviewed_brand_mapping:부씨->Bussi,아브라카다멈,EDP,LIQUID_PERFUME,,,
ci_2c2eb1b4a4b1,purchase,musinsa,200,6095164,아뜰리에페이,데이 오프 30ml,Atelier Faye,unresolved_brand:아뜰리에페이,데이 오프,UNSPECIFIED,LIQUID_PERFUME,,,
ci_376267ec02f1,purchase,musinsa,201,5753844,달바,리추얼 탠저린 퍼퓸 30ml,d'Alba,reviewed_brand_mapping:달바->d'Alba,리추얼 탠저린,PARFUM_UNSPECIFIED,LIQUID_PERFUME,,,
ci_17c80f7171f7,purchase,musinsa,203,2959141,에스더블유나인틴,SW19 3pm 오 드 퍼퓸 50ml,SW19,exact_or_alias:에스더블유나인틴->SW19,3pm,EDP,LIQUID_PERFUME,,,
ci_53a64fbdd1d7,purchase,musinsa,205,2005112,지미추 퍼퓸,우먼 EDT 40ML,Jimmy Choo,exact_or_alias:지미추 퍼퓸->Jimmy Choo,우먼,EDT,LIQUID_PERFUME,,,
ci_41d60a0e2fa1,purchase,musinsa,206,2004514,랑방 퍼퓸,모던 프린세스 EDP 60ML,Lanvin,exact_or_alias:랑방 퍼퓸->Lanvin,모던 프린세스,EDP,LIQUID_PERFUME,,,
ci_5b7152a05a88,purchase,musinsa,207,1997945,몽블랑 퍼퓸,익스플로러 EDP 60ML,Montblanc,exact_or_alias:몽블랑 퍼퓸->Montblanc,익스플로러,EDP,LIQUID_PERFUME,,,
ci_4f7f153d45a8,purchase,musinsa,208,4541871,메종 마르지엘라 퍼퓸,레플리카 소울 오브 더 포레스트 EDP 100ML,Maison Martin Margiela,exact_or_alias:메종 마르지엘라 퍼퓸->Maison Martin Margiela,레플리카 소울 오브 더 포레스트,EDP,LIQUID_PERFUME,,,
ci_d28b9495862b,purchase,musinsa,210,6313181,플르부아,오 드 퍼퓸 EDP 히노끼 레더 30mL,플르부아,unresolved_brand:플르부아,히노끼 레더,EDP,LIQUID_PERFUME,,,
ci_34501be0a36e,purchase,musinsa,212,3662668,오브제,베르가못 레인 퍼퓸 50ml,오브제,unresolved_brand:오브제,베르가못 레인,PARFUM_UNSPECIFIED,LIQUID_PERFUME,,,
ci_ab36af4ff5b0,purchase,musinsa,213,3122046,메종 마르지엘라 퍼퓸,레플리카 온어데이트 EDT 30ML,Maison Martin Margiela,exact_or_alias:메종 마르지엘라 퍼퓸->Maison Martin Margiela,레플리카 온어데이트,EDT,LIQUID_PERFUME,,,
ci_1524c4e433b8,purchase,musinsa,214,5836956,에스더블유나인틴,SW19 Midnight 오일 퍼퓸 10ml,SW19,exact_or_alias:에스더블유나인틴->SW19,Midnight 오일,PARFUM_UNSPECIFIED,LIQUID_PERFUME,,,
ci_8c402744ac61,purchase,musinsa,215,3741729,루아페,다이브 가든 오 드 퍼퓸v2(30ml),Luafee,reviewed_brand_mapping:루아페->Luafee,다이브 가든 v2,EDP,LIQUID_PERFUME,,,
ci_9a7db233bb7a,purchase,musinsa,216,3716617,메종 마르지엘라 퍼퓸,레플리카 프롬 더 가든 EDT 30ML,Maison Martin Margiela,exact_or_alias:메종 마르지엘라 퍼퓸->Maison Martin Margiela,레플리카 프롬 더 가든,EDT,LIQUID_PERFUME,,,
ci_c4a5a43bd1ec,purchase,musinsa,217,3354160,베르사체 퍼퓸,블루진 EDT 75ml,Versace,exact_or_alias:베르사체 퍼퓸->Versace,블루진,EDT,LIQUID_PERFUME,,,
ci_f05acbcf9804,purchase,musinsa,218,3122068,메종 마르지엘라 퍼퓸,레플리카 바이 더 파이어플레이스 EDT 10ML,Maison Martin Margiela,exact_or_alias:메종 마르지엘라 퍼퓸->Maison Martin Margiela,레플리카 바이 더 파이어플레이스,EDT,LIQUID_PERFUME,,,
ci_0f5b3a1e90a1,purchase,musinsa,219,1937358,클린,클래식 레인 EDP 60ML,Clean,exact_or_alias:클린->Clean,클래식 레인,EDP,LIQUID_PERFUME,,,
ci_51b04b29e3eb,purchase,musinsa,221,6039275,리베르,[풀향 향수] 오 드 퍼퓸 그린 사운즈 30ML Green Sounds,리베르,unresolved_brand:리베르,풀향 그린 사운즈 Green Sounds,EDP,LIQUID_PERFUME,,,
ci_9a7db233bb7a,purchase,musinsa,222,3962611,메종 마르지엘라 퍼퓸,레플리카 프롬 더 가든 EDT 10ML,Maison Martin Margiela,exact_or_alias:메종 마르지엘라 퍼퓸->Maison Martin Margiela,레플리카 프롬 더 가든,EDT,LIQUID_PERFUME,,,
ci_89d4dbdfbfef,purchase,musinsa,223,5195353,돌체앤가바나,라이트 블루 오 드 뚜왈렛 10ml (리뉴얼),Dolce&Gabbana,exact_or_alias:돌체앤가바나->Dolce&Gabbana,라이트 블루 리뉴얼,EDT,LIQUID_PERFUME,,,
ci_17c80f7171f7,purchase,musinsa,225,4633763,에스더블유나인틴,SW19 3pm 오 드 퍼퓸 12ml,SW19,exact_or_alias:에스더블유나인틴->SW19,3pm,EDP,LIQUID_PERFUME,,,
ci_711f7e8f5ea3,purchase,musinsa,226,4488843,라퐁프,엔젤스쉐어 30ml 향수,라퐁프,unresolved_brand:라퐁프,엔 스쉐어,UNSPECIFIED,LIQUID_PERFUME,,,
ci_46238ae10e19,purchase,musinsa,227,4442627,비비앙,[이한 PICK] 뉴욕인틸리 오 드 퍼퓸 EDP 10ml,Vivienne Westwood,exact_or_alias:비비앙->Vivienne Westwood,이한 뉴욕인틸리,EDP,LIQUID_PERFUME,,,
ci_52ddc722ce8e,purchase,musinsa,228,3873657,베르사체 퍼퓸,에로스 EDT 30ML + 에로스미니어처 [선물박스],Versace,exact_or_alias:베르사체 퍼퓸->Versace,에로스,EDT,LIQUID_PERFUME,,,
ci_d3072c84a2f6,purchase,musinsa,229,3388720,에따 리브르 도랑쥬,유 오어 썸원 라이크 유 EDP 50ml,Etat Libre d'Orange,exact_or_alias:에따 리브르 도랑쥬->Etat Libre d'Orange,유 오어 썸원 라이크 유,EDP,LIQUID_PERFUME,,,
ci_3038ed5e0910,purchase,musinsa,230,3082541,유쏘풀,엠포리아코튼 니치향수,Youssoful,reviewed_brand_mapping:유쏘풀->Youssoful,엠포리아코튼 니치,UNSPECIFIED,LIQUID_PERFUME,,,
ci_c56b3b5c17ef,purchase,musinsa,231,2215324,로이비,오 드 퍼퓸 베르가못 앤 화이트로즈 50ml,LOIVIE,reviewed_brand_mapping:로이비->LOIVIE,베르가못 앤 화이트로즈,EDP,LIQUID_PERFUME,,,
ci_a7bda112211a,purchase,musinsa,232,6528698,더바디샵,화이트 머스크 오 드 뚜왈렛 60ML (98139),The Body Shop,exact_or_alias:더바디샵->The Body Shop,화이트 머스크 98139,EDT,LIQUID_PERFUME,,,
ci_6ce8b5ca257a,purchase,musinsa,233,4986131,에스더블유나인틴,SW19 8am 오 드 퍼퓸 12ml,SW19,exact_or_alias:에스더블유나인틴->SW19,8am,EDP,LIQUID_PERFUME,,,
ci_a808a5a9dea4,purchase,musinsa,235,3915219,베르사체 퍼퓸,뿌르 옴므 EDT 50ML + 뿌르 옴 미니어처 [선물박스],Versace,exact_or_alias:베르사체 퍼퓸->Versace,뿌르 옴므,EDT,LIQUID_PERFUME,,,
ci_89d4dbdfbfef,purchase,musinsa,236,5195335,돌체앤가바나,라이트 블루 오 드 뚜왈렛 100ml (리뉴얼),Dolce&Gabbana,exact_or_alias:돌체앤가바나->Dolce&Gabbana,라이트 블루 리뉴얼,EDT,LIQUID_PERFUME,,,
ci_24cc796dbb5b,purchase,musinsa,238,4375893,포맨트,솔리드 퍼퓸 페블+전용 허그몬 키링 증정,Forment,exact_or_alias:포맨트->Forment,페블,PARFUM_UNSPECIFIED,SOLID_FRAGRANCE,,,
ci_cf5730db1a65,purchase,musinsa,239,4082216,호텔도슨,미드소마 향수 오드퍼퓸 75ml 새벽공기향 (디스커버리 5종 세트 증정),Hotel Dawson,reviewed_brand_mapping:호텔도슨->Hotel Dawson,미드소마 새벽공기향 디스커버리,EDP,LIQUID_PERFUME,,,
ci_d957da2d1808,purchase,musinsa,240,3897545,베르사체 퍼퓸,맨 오 플래쉬 EDT 50ML + 맨 오 플래쉬 미니어처 [선물박스],Versace,exact_or_alias:베르사체 퍼퓸->Versace,맨 오 플래쉬,EDT,LIQUID_PERFUME,,,
ci_d3072c84a2f6,purchase,musinsa,241,3388691,에따 리브르 도랑쥬,유 오어 썸원 라이크 유 EDP 100ml,Etat Libre d'Orange,exact_or_alias:에따 리브르 도랑쥬->Etat Libre d'Orange,유 오어 썸원 라이크 유,EDP,LIQUID_PERFUME,,,
ci_6e45f24474bd,purchase,musinsa,242,3319812,엘리자베스아덴,그린티 넥타린 블러썸 EDT 100ml +향수 공병 증정,Elizabeth Arden,exact_or_alias:엘리자베스아덴->Elizabeth Arden,그린티 넥타린 블러썸,EDT,LIQUID_PERFUME,,,
ci_ce6521f1d93a,purchase,musinsa,244,1960887,존바바토스,아티산 블랙 EDT 75ML,John Varvatos,exact_or_alias:존바바토스->John Varvatos,아티산 블랙,EDT,LIQUID_PERFUME,,,
ci_0dcd41256f4a,purchase,musinsa,245,1910181,제니퍼로페즈,글로우 바이 제이로 EDT 50ML,Jennifer Lopez,exact_or_alias:제니퍼로페즈->Jennifer Lopez,글로우 바이 제이로,EDT,LIQUID_PERFUME,,,
ci_3588de8ac719,purchase,musinsa,246,6707461,돌체앤가바나,라이트 블루 하이드레이팅 퍼퓸 젤 30ml,Dolce&Gabbana,exact_or_alias:돌체앤가바나->Dolce&Gabbana,라이트 블루 하이드레이팅,PARFUM_UNSPECIFIED,LIQUID_PERFUME,,,
ci_31a28acedf24,purchase,musinsa,247,6313125,플르부아,오 드 퍼퓸 EDP 모닝소일 30mL,플르부아,unresolved_brand:플르부아,모닝소일,EDP,LIQUID_PERFUME,,,
ci_ab5528fe9f89,purchase,musinsa,248,6088369,클린,클래식 스트로베리 필즈 EDP 30ML,Clean,exact_or_alias:클린->Clean,클래식 스트로베리 필즈,EDP,LIQUID_PERFUME,,,
ci_e17cd2240578,purchase,musinsa,251,6223292,호텔도슨,오드퍼퓸 20ml 미드소마,Hotel Dawson,reviewed_brand_mapping:호텔도슨->Hotel Dawson,미드소마,EDP,LIQUID_PERFUME,,,
ci_06b1aaf49470,purchase,musinsa,252,5938489,스침,"넛츠 바닐라 헤어 우유 퍼퓸 50ml [풍부한 자연의 넛츠, 달콤한 바닐라 향]",스침,unresolved_brand:스침,넛츠 바닐라 우유 풍부한 자연의 넛츠 달콤한 바닐라 향,PARFUM_UNSPECIFIED,HAIR_FRAGRANCE,,,
ci_7ec2c6569622,purchase,musinsa,253,5938231,스침,"토마케일 헤어 우유 퍼퓸 50ml [달콤하고 신선한 토마토, 푸른 케일 향]",스침,unresolved_brand:스침,토마케일 우유 달콤하고 신선한 토마토 푸른 케일 향,PARFUM_UNSPECIFIED,HAIR_FRAGRANCE,,,
ci_9a50df59f0bc,purchase,musinsa,255,5248421,존바바토스,아티산 포레스트 EDP 125ML,John Varvatos,exact_or_alias:존바바토스->John Varvatos,아티산 포레스트,EDP,LIQUID_PERFUME,,,
ci_f7ced541c01c,purchase,musinsa,256,4758034,마인드오버바디,[생화장미향수] 로즈온어플래닛 오드퍼퓸 향수 50ml,마인드오버바디,unresolved_brand:마인드오버바디,생화장미 로즈온어플래닛,EDP,LIQUID_PERFUME,,,
ci_e57d14822a83,purchase,musinsa,257,3876792,클린,리저브 블렌드 스킨 EDP 50ML,Clean,exact_or_alias:클린->Clean,리저브 블렌드 스킨,EDP,LIQUID_PERFUME,,,
ci_48a7650c4dbb,purchase,musinsa,258,2027870,메종 마르지엘라 퍼퓸,레플리카 스프링타임 인 어 파크 EDT 100ML,Maison Martin Margiela,exact_or_alias:메종 마르지엘라 퍼퓸->Maison Martin Margiela,레플리카 스프링타임 인 어 파크,EDT,LIQUID_PERFUME,,,
ci_844980499428,purchase,musinsa,259,1997743,몽블랑 퍼퓸,스타워커 EDT 50ML,Montblanc,exact_or_alias:몽블랑 퍼퓸->Montblanc,스타워커,EDT,LIQUID_PERFUME,,,
ci_89065f584687,purchase,musinsa,260,1858503,로이비,오 드 퍼퓸 피오니 앤 화이트 머스크 50ml,LOIVIE,reviewed_brand_mapping:로이비->LOIVIE,피오니 앤 화이트 머스크,EDP,LIQUID_PERFUME,,,
ci_8f23a3d1df3d,purchase,musinsa,261,4299208,킨포크노츠,오 드 퍼퓸 캡틴스 바 - 30ml,KINFOLK NOTES,reviewed_brand_mapping:킨포크노츠->KINFOLK NOTES,캡틴스 바,EDP,LIQUID_PERFUME,,,
ci_214ae48a4e34,purchase,musinsa,262,1349728,엘리자베스,고체향수 베닝,Elizabeth Arden,exact_or_alias:엘리자베스->Elizabeth Arden,베닝,UNSPECIFIED,SOLID_FRAGRANCE,,,
ci_30de9f13f79a,purchase,musinsa,263,6363889,비비앙,구름 오 드 퍼퓸 EDP 10ml,Vivienne Westwood,exact_or_alias:비비앙->Vivienne Westwood,구름,EDP,LIQUID_PERFUME,,,
ci_6f1a4c905a1d,purchase,musinsa,265,4891924,나르시소 로드리게즈,포 허 오드퍼퓸 퓨어 머스크 100ml,Narciso Rodriguez,exact_or_alias:나르시소 로드리게즈->Narciso Rodriguez,포 허 퓨어 머스크,EDP,LIQUID_PERFUME,,,
ci_b30f69a3df89,purchase,musinsa,266,4542417,바디판타지,[파우치 랜덤 증정] 바디판타지 바디미스트 세트,Body Fantasies,reviewed_brand_mapping:바디판타지->Body Fantasies,파우치 판타지,UNSPECIFIED,BODY_FRAGRANCE,,,
ci_1ee9b276cd55,purchase,musinsa,267,4425060,비비앙,[보이넥스트도어 PICK] 에끌로에 오 드 퍼퓸 EDP 50ml,Vivienne Westwood,exact_or_alias:비비앙->Vivienne Westwood,보이넥스트도어 에끌로에,EDP,LIQUID_PERFUME,,,
ci_25a3e29e48bc,purchase,musinsa,268,4389950,데이모어센트,#20 밤쉘 Type (업그레이드) 엑스트레드퍼퓸/니치향수 50ml,데이모어센트,unresolved_brand:데이모어센트,20 쉘 Type 업그레이드 엑스트레드 니치,EXTRAIT,LIQUID_PERFUME,,,
ci_5af09bf5d215,purchase,musinsa,271,6085722,아디다스 향수,바이브 스무스 페이스 EDP (30ML/50ML/100ML),Adidas,exact_or_alias:아디다스 향수->Adidas,바이브 스무스 페이스,EDP,LIQUID_PERFUME,,,
ci_75acfa90d705,purchase,musinsa,274,4572574,시머스,상탈 팬텀 EDP 50ml,시머스,unresolved_brand:시머스,상탈 팬텀,EDP,LIQUID_PERFUME,,,
ci_16d1dac7e3d3,purchase,musinsa,275,4090155,이세이미야케 퍼퓸,로디세이 뿌르 옴므 EDT 125ml,Issey Miyake,exact_or_alias:이세이미야케 퍼퓸->Issey Miyake,로디세이 뿌르 옴므,EDT,LIQUID_PERFUME,,,
ci_8f9c6acf1230,purchase,musinsa,276,2004440,랑방 퍼퓸,에끌라 드 아르페쥬 EDP 100ML(+샘플 2ML 3종),Lanvin,exact_or_alias:랑방 퍼퓸->Lanvin,에끌라 드 아르페쥬,EDP,LIQUID_PERFUME,,,
ci_03db89ce6119,purchase,musinsa,277,6880773,질스튜어트 뷰티,"[LIMITED] 크리스탈 블룸 썸씽 퓨어 블루 오 드 퍼퓸 30ml + 롤 온 10ml 26,000원 상당",Jill Stuart,exact_or_alias:질스튜어트 뷰티->Jill Stuart,LIMITED 크리스탈 블룸 썸씽 퓨어 블루 000원 상당,EDP,LIQUID_PERFUME,,,
ci_951ff379ce1b,purchase,musinsa,278,5956384,엑스니힐로,러스트 인 파라다이스 오드퍼퓸 10ml,Ex Nihilo,exact_or_alias:엑스니힐로->Ex Nihilo,러스트 인 파라다이스,EDP,LIQUID_PERFUME,,,
ci_16d1dac7e3d3,purchase,musinsa,281,4090144,이세이미야케 퍼퓸,로디세이 뿌르 옴므 EDT 75ml,Issey Miyake,exact_or_alias:이세이미야케 퍼퓸->Issey Miyake,로디세이 뿌르 옴므,EDT,LIQUID_PERFUME,,,
ci_ec985663d1ef,purchase,musinsa,282,3385912,에따 리브르 도랑쥬,헤르만 EDP 30ml,Etat Libre d'Orange,exact_or_alias:에따 리브르 도랑쥬->Etat Libre d'Orange,헤르만,EDP,LIQUID_PERFUME,,,
ci_ead83e6160b4,purchase,musinsa,283,5250703,이세이미야케 퍼퓸,르셀디세이 오 드 퍼퓸 50ml,Issey Miyake,exact_or_alias:이세이미야케 퍼퓸->Issey Miyake,르셀디세이,EDP,LIQUID_PERFUME,,,
ci_72b3ebd6097d,purchase,musinsa,284,3354261,베르사체 퍼퓸,브라이트 크리스탈 EDT 90ml,Versace,exact_or_alias:베르사체 퍼퓸->Versace,브라이트 크리스탈,EDT,LIQUID_PERFUME,,,
ci_43fb1cd8f909,purchase,musinsa,285,3354150,베르사체 퍼퓸,레드진 EDT 75ml,Versace,exact_or_alias:베르사체 퍼퓸->Versace,레드진,EDT,LIQUID_PERFUME,,,
ci_b6a8d353474b,purchase,musinsa,286,6454564,다비도프,쿨워터맨 EDT 세트 (EDT125+SG75+ASB75),Davidoff,reviewed_brand_mapping:다비도프->Davidoff,쿨워터맨 EDT125,EDT,LIQUID_PERFUME,,,
ci_d4c9681992bb,purchase,musinsa,287,6405530,메종 마르지엘라 퍼퓸,레플리카 체이싱 선셋 EDT 30ML,Maison Martin Margiela,exact_or_alias:메종 마르지엘라 퍼퓸->Maison Martin Margiela,레플리카 체이싱 선셋,EDT,LIQUID_PERFUME,,,
ci_2fd40db92e1f,purchase,musinsa,289,5575069,아리아나 그란데,땡큐 넥스트 2.0 EDP 30ML,Ariana Grande,exact_or_alias:아리아나 그란데->Ariana Grande,땡큐 넥스트 2 0,EDP,LIQUID_PERFUME,,,
ci_c56b3b5c17ef,purchase,musinsa,290,5142630,로이비,오 드 퍼퓸 베르가못 앤 화이트로즈 18ml,LOIVIE,reviewed_brand_mapping:로이비->LOIVIE,베르가못 앤 화이트로즈,EDP,LIQUID_PERFUME,,,
ci_6ce8b5ca257a,purchase,musinsa,291,4866490,에스더블유나인틴,SW19 8am 오 드 퍼퓸 50ml,SW19,exact_or_alias:에스더블유나인틴->SW19,8am,EDP,LIQUID_PERFUME,,,
ci_d5f3d77a3d05,purchase,musinsa,292,2530208,랑방 퍼퓸,레 플레르 드 랑방 써니 매그놀리아 EDT 50ML,Lanvin,exact_or_alias:랑방 퍼퓸->Lanvin,레 플레르 드 랑방 써니 매그놀리아,EDT,LIQUID_PERFUME,,,
ci_c420901cde27,purchase,musinsa,293,1937365,클린,클래식 쿨 코튼 EDP 60ML,Clean,exact_or_alias:클린->Clean,클래식 쿨 코튼,EDP,LIQUID_PERFUME,,,
ci_b1466cebe3b7,purchase,musinsa,294,1910154,아리아나 그란데,스위트 라이크 캔디 EDP 30ML,Ariana Grande,exact_or_alias:아리아나 그란데->Ariana Grande,스위트 라이크 캔디,EDP,LIQUID_PERFUME,,,
ci_91145615bbf1,purchase,musinsa,295,5991071,메종 마르지엘라 퍼퓸,레플리카 업 앳 던 EDT 100ML,Maison Martin Margiela,exact_or_alias:메종 마르지엘라 퍼퓸->Maison Martin Margiela,레플리카 업 앳 던,EDT,LIQUID_PERFUME,,,
ci_6f816b0ebea7,purchase,musinsa,297,5240778,센녹,퍼퓸 슬리핑로즈 50ml,Sennok,reviewed_brand_mapping:센녹->Sennok,슬리핑로즈,PARFUM_UNSPECIFIED,LIQUID_PERFUME,,,
ci_07caf36ee06e,purchase,musinsa,300,6528625,더바디샵,화이트 머스크 오 드 퍼퓸 30ML (98110),The Body Shop,exact_or_alias:더바디샵->The Body Shop,화이트 머스크 98110,EDP,LIQUID_PERFUME,,,
ci_d4a291c33943,purchase,musinsa,301,6168157,헤트라스 뷰티,핸드메이드 퍼퓸 50ml 더 리본,헤트라스 뷰티,unresolved_brand:헤트라스 뷰티,핸드메이드 더 리본,PARFUM_UNSPECIFIED,LIQUID_PERFUME,,,
ci_a496085fe969,purchase,musinsa,302,5749486,닉켈하우스,퓨어 젭퍼 오드퍼퓸 50ML,닉켈하우스,unresolved_brand:닉켈하우스,퓨어 젭퍼,EDP,LIQUID_PERFUME,,,
ci_7bd259aa5e84,purchase,musinsa,303,4484684,라퐁프,블랑쉬 30ml 향수,라퐁프,unresolved_brand:라퐁프,블랑쉬,UNSPECIFIED,LIQUID_PERFUME,,,
ci_52ddc722ce8e,purchase,musinsa,304,3873817,베르사체 퍼퓸,에로스 EDT 50ML + 에로스 미니어처 [선물박스],Versace,exact_or_alias:베르사체 퍼퓸->Versace,에로스,EDT,LIQUID_PERFUME,,,
ci_487d7e45fd66,purchase,musinsa,305,5877525,나르시소 로드리게즈,퓨어 머스크 블랑 포 허 오 드 퍼퓸 인텐스 30ml,Narciso Rodriguez,exact_or_alias:나르시소 로드리게즈->Narciso Rodriguez,퓨어 머스크 블랑 포 허 인텐스,EDP,LIQUID_PERFUME,,,
ci_c433d1b6a85d,purchase,musinsa,306,5195364,돌체앤가바나,라이트 블루 뿌르 옴므 오 드 뚜왈렛 10ml (리뉴얼),Dolce&Gabbana,exact_or_alias:돌체앤가바나->Dolce&Gabbana,라이트 블루 뿌르 옴므 리뉴얼,EDT,LIQUID_PERFUME,,,
ci_f169826e372a,purchase,musinsa,307,4897432,든향,"오 드 퍼퓸 EDP, 파자마 Pajama 15ML",든향,unresolved_brand:든향,파자마 Pajama,EDP,LIQUID_PERFUME,,,
ci_2ccc66e293c4,purchase,musinsa,308,4488841,라퐁프,블랙베리앤베이 30ml 향수,라퐁프,unresolved_brand:라퐁프,블랙베리앤베이,UNSPECIFIED,LIQUID_PERFUME,,,
ci_2693a00d479b,purchase,musinsa,309,4298459,킨포크노츠,오 드 퍼퓸 가든 샤워 - 30ml,KINFOLK NOTES,reviewed_brand_mapping:킨포크노츠->KINFOLK NOTES,가든 샤워,EDP,LIQUID_PERFUME,,,
ci_8fcc2265df15,purchase,musinsa,310,4285771,엘리자베스아덴,화이트티 EDP 100ml,Elizabeth Arden,exact_or_alias:엘리자베스아덴->Elizabeth Arden,화이트티,EDP,LIQUID_PERFUME,,,
ci_dd21c26c8074,purchase,musinsa,312,3082545,유쏘풀,히페리온 니치향수,Youssoful,reviewed_brand_mapping:유쏘풀->Youssoful,히페리온 니치,UNSPECIFIED,LIQUID_PERFUME,,,
ci_f05acbcf9804,purchase,musinsa,313,2027865,메종 마르지엘라 퍼퓸,레플리카 바이 더 파이어플레이스 EDT 30ML,Maison Martin Margiela,exact_or_alias:메종 마르지엘라 퍼퓸->Maison Martin Margiela,레플리카 바이 더 파이어플레이스,EDT,LIQUID_PERFUME,,,
ci_41d60a0e2fa1,purchase,musinsa,314,2004519,랑방 퍼퓸,모던 프린세스 EDP 90ML(+샘플 2ML 3종),Lanvin,exact_or_alias:랑방 퍼퓸->Lanvin,모던 프린세스,EDP,LIQUID_PERFUME,,,
ci_bd7c4574ee8d,purchase,musinsa,315,6807386,라피네르,[키링굿즈증정/선물포장] 키링 퍼퓸 10ml 메탈 튤립,라피네르,unresolved_brand:라피네르,키링굿즈 선물포장 키링 메탈 튤립,PARFUM_UNSPECIFIED,LIQUID_PERFUME,,,
ci_17531ea3da3f,purchase,musinsa,316,6321288,어레이드 오드 퍼퓸,오드 퍼퓸 오크모스 머스크 50ml,어레이드 오드 퍼퓸,unresolved_brand:어레이드 오드 퍼퓸,오드 오크모스 머스크,EDP,LIQUID_PERFUME,,,
ci_89065f584687,purchase,musinsa,317,5138616,로이비,오 드 퍼퓸 피오니 앤 화이트 머스크 18ml,LOIVIE,reviewed_brand_mapping:로이비->LOIVIE,피오니 앤 화이트 머스크,EDP,LIQUID_PERFUME,,,
ci_fb136e084ad2,purchase,musinsa,318,4918288,사브리나 카펜터,체리베이비 EDP 30ML,Sabrina Carpenter,exact_or_alias:사브리나 카펜터->Sabrina Carpenter,체리베이비,EDP,LIQUID_PERFUME,,,
ci_4630385a2560,purchase,musinsa,319,4918110,사브리나 카펜터,스위트투스 EDP 30ML,Sabrina Carpenter,exact_or_alias:사브리나 카펜터->Sabrina Carpenter,스위트투스,EDP,LIQUID_PERFUME,,,
ci_0c3e36599029,purchase,musinsa,320,3836483,클린,리저브 블렌드 레인 EDP 10ML,Clean,exact_or_alias:클린->Clean,리저브 블렌드 레인,EDP,LIQUID_PERFUME,,,
ci_cbf0d7465305,purchase,musinsa,321,3356584,겐조 퍼퓸,겐조 옴므 EDT 40ml,Kenzo,exact_or_alias:겐조 퍼퓸->Kenzo,겐조 옴므,EDT,LIQUID_PERFUME,,,
ci_d3d6b5d738a1,purchase,musinsa,322,3332965,리베르,[코튼 향수] 오 드 퍼퓸 30ml 스팀 글로스 Steam Gloss,리베르,unresolved_brand:리베르,코튼 스팀 글로스 Steam Gloss,EDP,LIQUID_PERFUME,,,
ci_d042ddd14dbc,purchase,musinsa,323,2597654,클린,클래식 소프트 런드리 EDP 30ML,Clean,exact_or_alias:클린->Clean,클래식 소프트 런드리,EDP,LIQUID_PERFUME,,,
ci_c9752303ca5e,purchase,musinsa,324,2005122,지미추 퍼퓸,블러썸 EDP 40ML,Jimmy Choo,exact_or_alias:지미추 퍼퓸->Jimmy Choo,블러썸,EDP,LIQUID_PERFUME,,,
ci_27332baf1a94,purchase,musinsa,326,6424895,캘빈클라인 퍼퓸,씨케이원 나이트 에센스 퍼퓸 인텐스 50ML,Calvin Klein,exact_or_alias:캘빈클라인 퍼퓸->Calvin Klein,씨케이원 나이트 에센스 인텐스,PARFUM_UNSPECIFIED,LIQUID_PERFUME,,,
ci_43d322183c78,purchase,musinsa,328,5008109,비비앙,[리우 PICK] 도쿄레이 오 드 퍼퓸 EDP 50ml,Vivienne Westwood,exact_or_alias:비비앙->Vivienne Westwood,리우 도쿄레이,EDP,LIQUID_PERFUME,,,
ci_f974d3be25a5,purchase,musinsa,329,4230146,로그인 포레스트,더 딥 퍼퓸 스틱 피그 우디끄,로그인 포레스트,unresolved_brand:로그인 포레스트,더 딥 피그 우디끄,PARFUM_UNSPECIFIED,BALM_OR_STICK,,,
ci_a2b3cbe832e0,purchase,musinsa,330,3348915,러쉬,더티 30ml - 퍼퓸/향수,Lush,exact_or_alias:러쉬->Lush,더티,PARFUM_UNSPECIFIED,LIQUID_PERFUME,,,
ci_edb25b6c3ea3,purchase,musinsa,332,5240738,센녹,퍼퓸 린넨시트러스 50ml,Sennok,reviewed_brand_mapping:센녹->Sennok,린넨시트러스,PARFUM_UNSPECIFIED,LIQUID_PERFUME,,,
ci_1ec0f06d4fe6,purchase,musinsa,333,5165774,디아르망,여자가 좋아하는 남자 니치향수 블루마틴,디아르망,unresolved_brand:디아르망,여자가 좋아하는 남자 니치 블루마틴,UNSPECIFIED,LIQUID_PERFUME,,,
ci_5793667d500c,purchase,musinsa,334,4047678,엘리자베스아덴,그린티 코코넛브리즈 EDT 100ml,Elizabeth Arden,exact_or_alias:엘리자베스아덴->Elizabeth Arden,그린티 코코넛브리즈,EDT,LIQUID_PERFUME,,,
ci_e1a8a151aae2,purchase,musinsa,335,3356158,베르사체 퍼퓸,뿌르옴므 딜런블루 EDT 100ml,Versace,exact_or_alias:베르사체 퍼퓸->Versace,뿌르옴므 딜런블루,EDT,LIQUID_PERFUME,,,
ci_687504aac14b,purchase,musinsa,336,2428555,그라펜,타투 퍼퓸 원우드 롤온 11ml,그라펜,unresolved_brand:그라펜,타투 원우드,PARFUM_UNSPECIFIED,ROLL_ON,,,
ci_784a273ea50d,purchase,musinsa,337,6807438,라피네르,노드아이 오리진 퍼퓸 50ML 메탈 튤립,라피네르,unresolved_brand:라피네르,노드아이 오리진 메탈 튤립,PARFUM_UNSPECIFIED,LIQUID_PERFUME,,,
ci_064e3172215c,purchase,musinsa,338,6515598,아디다스 향수,아디다스 바이브 스무스 페이스 EDP 100ML,Adidas,exact_or_alias:아디다스 향수->Adidas,아디다스 바이브 스무스 페이스,EDP,LIQUID_PERFUME,,,
ci_c0bd4a4f5b6e,purchase,musinsa,339,6330333,아닐로,엠버528 오 드 퍼퓸 50ml,ANILLO,reviewed_brand_mapping:아닐로->ANILLO,엠버528,EDP,LIQUID_PERFUME,,,
ci_86a33bd30fbf,purchase,musinsa,341,4484680,라퐁프,모하비고스트 30ml 향수,라퐁프,unresolved_brand:라퐁프,모하비고스트,UNSPECIFIED,LIQUID_PERFUME,,,
ci_6a8371b682cf,purchase,musinsa,342,4162194,누다라,시그니처 퍼퓸 틴타슈 30ML,누다라,unresolved_brand:누다라,시그니처 틴타슈,PARFUM_UNSPECIFIED,LIQUID_PERFUME,,,
ci_53cfaa111d0d,purchase,musinsa,343,4090607,나르시소 로드리게즈,포 힘 블루 느와르 EDT 100ml,Narciso Rodriguez,exact_or_alias:나르시소 로드리게즈->Narciso Rodriguez,포 힘 블루 느와르,EDT,LIQUID_PERFUME,,,
ci_5521c25e1459,purchase,musinsa,344,3356566,겐조 퍼퓸,로 겐조 뿌르옴므 EDT 30ml,Kenzo,exact_or_alias:겐조 퍼퓸->Kenzo,로 겐조 뿌르옴므,EDT,LIQUID_PERFUME,,,
ci_f21db36f96f8,purchase,musinsa,345,3164712,아로,풀 문 블로썸 50ml,Ahro,reviewed_brand_mapping:아로->Ahro,풀 문 블로썸,UNSPECIFIED,LIQUID_PERFUME,,,
ci_3431d14236d3,purchase,musinsa,347,6146007,캘빈클라인 퍼퓸,씨케이원 에센스 퍼퓸 인텐스100ml,Calvin Klein,exact_or_alias:캘빈클라인 퍼퓸->Calvin Klein,씨케이원 에센스 인텐스100ml,PARFUM_UNSPECIFIED,LIQUID_PERFUME,,,
ci_a88d01a37159,purchase,musinsa,348,6083354,몽블랑 퍼퓸,익스플로러 익스트림 퍼퓸 60ML,Montblanc,exact_or_alias:몽블랑 퍼퓸->Montblanc,익스플로러 익스트림,PARFUM_UNSPECIFIED,LIQUID_PERFUME,,,
ci_a2b3cbe832e0,purchase,musinsa,349,3349076,러쉬,더티 100ml - 퍼퓸/향수,Lush,exact_or_alias:러쉬->Lush,더티,PARFUM_UNSPECIFIED,LIQUID_PERFUME,,,
ci_e2bbb1d18103,purchase,oliveyoung,3,A000000221675,포맨트,[스테디셀러 특가/올영1위/박지훈 포카증정] 포맨트 시그니처 퍼퓸 코튼허그 50ml,Forment,exact_or_alias:포맨트->Forment,박지훈 시그니처 코튼허그,PARFUM_UNSPECIFIED,LIQUID_PERFUME,,,
ci_8f9c6acf1230,purchase,oliveyoung,9,A000000176516,랑방,랑방 에끌라 드 아르페쥬 EDP 30ml/50ml (단품/기획),Lanvin,exact_or_alias:랑방->Lanvin,에끌라 드 아르페쥬,EDP,LIQUID_PERFUME,,,
ci_3f1625d048c2,purchase,oliveyoung,14,A000000200391,제니퍼로페즈,[단독기획] 제니퍼로페즈 글로우 바이제이로 EDT 100ml 기획(+프로미스 바디로션),Jennifer Lopez,exact_or_alias:제니퍼로페즈->Jennifer Lopez,글로우 바이제이로,EDT,BODY_FRAGRANCE,,,
ci_b8cd393d2c56,purchase,oliveyoung,17,A000000192645,나르시소 로드리게즈,[타잔 Pick]나르시소 로드리게즈 포 허 퓨어 머스크 EDP (30ml/50ml/100ml/기획),Narciso Rodriguez,exact_or_alias:나르시소 로드리게즈->Narciso Rodriguez,타잔 포 허 퓨어 머스크,EDP,LIQUID_PERFUME,,,
ci_be5552a929f6,purchase,oliveyoung,20,A000000221676,포맨트,[박지훈 포카증정] 포맨트 시그니처 퍼퓸 코튼메모리 50ml 단품/기획,Forment,exact_or_alias:포맨트->Forment,박지훈 시그니처 코튼메모리,PARFUM_UNSPECIFIED,LIQUID_PERFUME,,,
ci_f149cc2700c4,purchase,oliveyoung,23,A000000237353,포맨트,[박지훈 포카증정] 포맨트 시그니처 퍼퓸 코튼베이비 50ml 기획/단품,Forment,exact_or_alias:포맨트->Forment,박지훈 시그니처 코튼베이비,PARFUM_UNSPECIFIED,LIQUID_PERFUME,,,
ci_5b7152a05a88,purchase,oliveyoung,25,A000000189088,몽블랑,몽블랑 익스플로러 EDP (30ml/60ml/100ml),Montblanc,exact_or_alias:몽블랑->Montblanc,익스플로러,EDP,LIQUID_PERFUME,,,
ci_28ef15b9cc2a,purchase,oliveyoung,27,A000000193114,클린,[단독기획] 클린 웜코튼 EDP 30ml (+10ml 롤러볼),Clean,exact_or_alias:클린->Clean,웜코튼,EDP,LIQUID_PERFUME,,,
ci_4f945c5205c0,purchase,oliveyoung,29,A000000267356,아뜰리에페이,[NEW/기획] 아뜰리에페이 퍼퓸 30ml 데이오프,Atelier Faye,unresolved_brand:아뜰리에페이,데이오프,PARFUM_UNSPECIFIED,LIQUID_PERFUME,,,
ci_bef9410756d3,purchase,oliveyoung,30,A000000135301,캘빈클라인,캘빈클라인 CK 비 EDT 3종 택1 (50ml/100ml/200ml),Calvin Klein,exact_or_alias:캘빈클라인->Calvin Klein,CK 비,EDT,LIQUID_PERFUME,,,
ci_9a08a16f5b5e,purchase,oliveyoung,31,A000000137487,아리아나그란데,아리아나그란데 땡큐 넥스트 EDP 50ml,Ariana Grande,exact_or_alias:아리아나그란데->Ariana Grande,땡큐 넥스트,EDP,LIQUID_PERFUME,,,
ci_e138e63c4dbd,purchase,oliveyoung,32,A000000249631,클린,클린 헤어&바디 퍼퓸 미스트 휩드바닐라 88ml/236ml,Clean,exact_or_alias:클린->Clean,& 휩드바닐라,PARFUM_UNSPECIFIED,HAIR_FRAGRANCE,,,
ci_e950f7d25ef0,purchase,oliveyoung,33,A000000128148,캘빈클라인,캘빈클라인 CK One EDT 단품/기획,Calvin Klein,exact_or_alias:캘빈클라인->Calvin Klein,CK One,EDT,LIQUID_PERFUME,,,
ci_ecc1ed6c7ff8,purchase,oliveyoung,34,A000000193149,존바바토스,존바바토스 아티산 EDT 40ml 단품/기획 중 택1,John Varvatos,exact_or_alias:존바바토스->John Varvatos,아티산 중,EDT,LIQUID_PERFUME,,,
ci_d49aa1d6db5e,purchase,oliveyoung,36,A000000129613,클린,"클린 웜코튼 EDP 30ml,60ml 단품/기획 중 택 1",Clean,exact_or_alias:클린->Clean,웜코튼 중,EDP,LIQUID_PERFUME,,,
ci_d3737a1b01d7,purchase,oliveyoung,37,A000000226000,끌로에,끌로에 로 드 퍼퓸 인텐스 EDP 30ml/50ml/50기획,Chloé,exact_or_alias:끌로에->Chloé,로 드 인텐스 50,EDP,LIQUID_PERFUME,,,
ci_6a46ead3c476,purchase,oliveyoung,39,A000000136754,아리아나그란데,"[단독기획] 아리아나그란데 스위트 라이크 캔디 EDP 30ml, 50ml, 100ml 중 택 1",Ariana Grande,exact_or_alias:아리아나그란데->Ariana Grande,스위트 라이크 캔디 중,EDP,LIQUID_PERFUME,,,
ci_55c32188b932,purchase,oliveyoung,40,A000000245613,나르시소 로드리게즈,[NEW] 나르시소 로드리게즈 포 허 퓨어 머스크 블랑 EDPI (30ml/50ml/기획),Narciso Rodriguez,exact_or_alias:나르시소 로드리게즈->Narciso Rodriguez,포 허 퓨어 머스크 블랑,UNSPECIFIED,LIQUID_PERFUME,,,
ci_ecf6117c3a16,purchase,oliveyoung,41,A000000187659,캘빈클라인,캘빈클라인 CK 올 EDT 100ml,Calvin Klein,exact_or_alias:캘빈클라인->Calvin Klein,CK 올,EDT,LIQUID_PERFUME,,,
ci_a5b6588d75c6,purchase,oliveyoung,44,A000000000438,랑방,랑방 잔느 EDP 30ml,Lanvin,exact_or_alias:랑방->Lanvin,잔느,EDP,LIQUID_PERFUME,,,
ci_f2e2d7044172,purchase,oliveyoung,45,A000000192901,포맨트,포맨트 시그니처 퍼퓸 코튼배쓰 50ml,Forment,exact_or_alias:포맨트->Forment,시그니처 코튼배쓰,PARFUM_UNSPECIFIED,LIQUID_PERFUME,,,
ci_090d5c757bdd,purchase,oliveyoung,48,A000000187588,나르시소 로드리게즈,[프레쉬로즈향] 나르시소 로드리게즈 나르시소 크리스탈 EDP (30ml/50m/기획),Narciso Rodriguez,exact_or_alias:나르시소 로드리게즈->Narciso Rodriguez,프레쉬로즈향 나르시소 크리스탈,EDP,LIQUID_PERFUME,,,
ci_92cf3d32574e,purchase,oliveyoung,49,A000000189468,필로소피,[원지안PICK] 필로소피 어메이징 그레이스 EDT 15ml/60ml/60ml기획,Philosophy,exact_or_alias:필로소피->Philosophy,원지안 어메이징 그레이스 60ml,EDT,LIQUID_PERFUME,,,
ci_d7f360daaaee,purchase,oliveyoung,50,A000000243086,라멜린,라멜린 플로럴 퍼퓸 50ml,라멜린,unresolved_brand:라멜린,플로럴,PARFUM_UNSPECIFIED,LIQUID_PERFUME,,,
ci_a5b6588d75c6,purchase,oliveyoung,51,A000000000439,랑방,랑방 잔느 EDP 50ml,Lanvin,exact_or_alias:랑방->Lanvin,잔느,EDP,LIQUID_PERFUME,,,
ci_c5f6aa864282,purchase,oliveyoung,52,A000000210617,캘빈클라인,캘빈클라인 CK One 에센스 퍼퓸 인텐스 50ml/100ml/200ml 택1,Calvin Klein,exact_or_alias:캘빈클라인->Calvin Klein,CK One 에센스 인텐스,PARFUM_UNSPECIFIED,LIQUID_PERFUME,,,
ci_979dd155638a,purchase,oliveyoung,54,A000000213179,루아페,"[러블리한 플로럴향] 루아페 오,러브 EDP 30ml",Luafee,reviewed_brand_mapping:루아페->Luafee,러블리한 플로럴향 오 러브,EDP,LIQUID_PERFUME,,,
ci_102e06f3190c,purchase,oliveyoung,56,A000000267358,아뜰리에페이,[NEW/기획] 아뜰리에페이 퍼퓸 30ml 마이스킨벗베러,Atelier Faye,unresolved_brand:아뜰리에페이,마이스킨벗베러,PARFUM_UNSPECIFIED,LIQUID_PERFUME,,,
ci_39c0948727fa,purchase,oliveyoung,58,A000000208825,에이딕트,에이딕트 솔리드 퍼퓸 네이키드 뮤게 313 30ml,Addct,reviewed_brand_mapping:에이딕트->Addct,네이키드 뮤게 313,PARFUM_UNSPECIFIED,SOLID_FRAGRANCE,,,
ci_ae81bd990904,purchase,oliveyoung,59,A000000256472,캘빈클라인,[NEW] 캘빈클라인 씨케이원 나이트 에센스 EDP (50ml/100ml/200ml),Calvin Klein,exact_or_alias:캘빈클라인->Calvin Klein,씨케이원 나이트 에센스,EDP,LIQUID_PERFUME,,,
ci_ed334daca304,purchase,oliveyoung,60,A000000216068,랑방,랑방 레 플레르 드 랑방 워터 릴리 EDT 90ml,Lanvin,exact_or_alias:랑방->Lanvin,레 플레르 드 워터 릴리,EDT,LIQUID_PERFUME,,,
ci_cacb957def3b,purchase,oliveyoung,61,A000000163257,랑방,랑방 레 플레르 드 랑방 써니 매그놀리아 EDT 50ml,Lanvin,exact_or_alias:랑방->Lanvin,레 플레르 드 써니 매그놀리아,EDT,LIQUID_PERFUME,,,
ci_ed334daca304,purchase,oliveyoung,62,A000000183800,랑방,랑방 레 플레르 드 랑방 워터 릴리 EDT 50ml,Lanvin,exact_or_alias:랑방->Lanvin,레 플레르 드 워터 릴리,EDT,LIQUID_PERFUME,,,
ci_12ad9e9642b2,purchase,oliveyoung,63,A000000267359,아뜰리에페이,[NEW] 아뜰리에페이 퍼퓸 30ml 뮤게가든,Atelier Faye,unresolved_brand:아뜰리에페이,뮤게가든,PARFUM_UNSPECIFIED,LIQUID_PERFUME,,,
ci_fd42acc0c3f9,purchase,oliveyoung,65,A000000237796,어뮤즈,[올영단독기획] 어뮤즈 헤어 퍼퓸 미스트 한정 기획 (+솔리드퍼퓸밤키링증정),어뮤즈,unresolved_brand:어뮤즈,올영 한정,PARFUM_UNSPECIFIED,HAIR_FRAGRANCE,,,
ci_2203fd6a322c,purchase,oliveyoung,66,A000000208824,에이딕트,에이딕트 솔리드 퍼퓸 네이키드 머스크 103 30ml,Addct,reviewed_brand_mapping:에이딕트->Addct,네이키드 머스크 103,PARFUM_UNSPECIFIED,SOLID_FRAGRANCE,,,
ci_30370b03b0c1,purchase,oliveyoung,67,A000000176514,지미추,지미추 아이 원 추 EDP (40m/60ml),Jimmy Choo,exact_or_alias:지미추->Jimmy Choo,아이 원 추,EDP,LIQUID_PERFUME,,,
ci_8f9c6acf1230,purchase,oliveyoung,68,A000000000445,랑방,랑방 에끌라 드 아르페쥬 EDP 50ml (단품/기획),Lanvin,exact_or_alias:랑방->Lanvin,에끌라 드 아르페쥬,EDP,LIQUID_PERFUME,,,
ci_ce6521f1d93a,purchase,oliveyoung,70,A000000006791,존바바토스,존바바토스 아티산 블랙 EDT 125ml,John Varvatos,exact_or_alias:존바바토스->John Varvatos,아티산 블랙,EDT,LIQUID_PERFUME,,,
ci_2fc2db319ecd,purchase,oliveyoung,71,A000000002290,몽블랑,몽블랑 레전드 EDT 30ml/50ml 중 택1,Montblanc,exact_or_alias:몽블랑->Montblanc,레전드 중,EDT,LIQUID_PERFUME,,,
ci_65eac4509013,purchase,oliveyoung,72,A000000002291,지미추,지미추 EDT 40ml,Jimmy Choo,exact_or_alias:지미추->Jimmy Choo,,EDT,LIQUID_PERFUME,,,
ci_d35f8c98bc46,purchase,oliveyoung,75,A000000249629,클린,"클린 헤어&바디 퍼퓸 미스트 파파야 파라다이스 88ml,236ml (단품/기획)",Clean,exact_or_alias:클린->Clean,& 파파야 파라다이스,PARFUM_UNSPECIFIED,HAIR_FRAGRANCE,,,
ci_0dcd41256f4a,purchase,oliveyoung,76,A000000104639,제니퍼로페즈,제니퍼로페즈 글로우 바이제이로 EDT 30ml,Jennifer Lopez,exact_or_alias:제니퍼로페즈->Jennifer Lopez,글로우 바이제이로,EDT,LIQUID_PERFUME,,,
ci_9e5e93b2c387,purchase,oliveyoung,78,A000000263672,로라메르시에,[NEW] 로라메르시에 오 드 퍼퓸 50ml 앰버바닐라,Laura Mercier,exact_or_alias:로라메르시에->Laura Mercier,앰버바닐라,EDP,LIQUID_PERFUME,,,
ci_b0e2f4a43c26,purchase,oliveyoung,79,A000000203084,끌로에,끌로에 루미네즈 EDP (30ml/50ml),Chloé,exact_or_alias:끌로에->Chloé,루미네즈,EDP,LIQUID_PERFUME,,,
ci_cde0bdb250ad,purchase,oliveyoung,80,A000000176261,지미추,지미추 아이 원 추 포에버 EDP 60ml,Jimmy Choo,exact_or_alias:지미추->Jimmy Choo,아이 원 추 포에버,EDP,LIQUID_PERFUME,,,
ci_65eac4509013,purchase,oliveyoung,81,A000000002292,지미추,지미추 EDT 60ml,Jimmy Choo,exact_or_alias:지미추->Jimmy Choo,,EDT,LIQUID_PERFUME,,,
ci_b1e88853f76a,purchase,oliveyoung,82,A000000210366,지미추,지미추 아이원추 르 파팡 퍼퓸 (40ml / 60ml),Jimmy Choo,exact_or_alias:지미추->Jimmy Choo,아이원추 르 파팡,PARFUM_UNSPECIFIED,LIQUID_PERFUME,,,
ci_91832dbcb560,purchase,oliveyoung,83,A000000148148,버버리,버버리 위크엔드 우먼 EDP 50ml/100ml,Burberry,exact_or_alias:버버리->Burberry,위크엔드 우먼,EDP,LIQUID_PERFUME,,,
ci_8343895b72bc,purchase,oliveyoung,85,A000000192711,버버리,버버리 포맨 EDT 50ml,Burberry,exact_or_alias:버버리->Burberry,포맨,EDT,LIQUID_PERFUME,,,
ci_e244fce7bce0,purchase,oliveyoung,86,A000000261590,끌로에,[NEW] 끌로에 르 퍼퓸 EDP 30ml/50ml,Chloé,exact_or_alias:끌로에->Chloé,르,EDP,LIQUID_PERFUME,,,
ci_3637be30a1f2,purchase,oliveyoung,87,A000000000432,랑방,랑방 메리미 EDP 50ml,Lanvin,exact_or_alias:랑방->Lanvin,메리미,EDP,LIQUID_PERFUME,,,
ci_1f86ce3efead,purchase,oliveyoung,88,A000000146004,겐조,플라워바이겐조 EDP 50ml,Kenzo,exact_or_alias:겐조->Kenzo,플라워바이,EDP,LIQUID_PERFUME,,,
ci_3d6cd9885fad,purchase,oliveyoung,89,A000000199959,버버리,버버리 터치 포 맨 EDT 50ml/100ml,Burberry,exact_or_alias:버버리->Burberry,터치 포 맨,EDT,LIQUID_PERFUME,,,
ci_135a36451863,purchase,oliveyoung,90,A000000013262,존바바토스,존바바토스 아티산 블루 EDT 125ml,John Varvatos,exact_or_alias:존바바토스->John Varvatos,아티산 블루,EDT,LIQUID_PERFUME,,,
ci_cacb957def3b,purchase,oliveyoung,91,A000000163258,랑방,랑방 레 플레르 드 랑방 써니 매그놀리아 EDT 90ml,Lanvin,exact_or_alias:랑방->Lanvin,레 플레르 드 써니 매그놀리아,EDT,LIQUID_PERFUME,,,
ci_e978ba807ebb,purchase,oliveyoung,92,A000000157634,캘빈클라인,캘빈클라인 CK 디파이 EDT 30ml/50ml 택1,Calvin Klein,exact_or_alias:캘빈클라인->Calvin Klein,CK 디파이,EDT,LIQUID_PERFUME,,,
ci_d2fcaaa64889,purchase,oliveyoung,93,A000000142176,랄프로렌,"랄프로렌 폴로 랄프 EDT 30ml,50ml 단품/기획 중 택 1",Ralph Lauren,exact_or_alias:랄프로렌->Ralph Lauren,폴로 랄프 중,EDT,LIQUID_PERFUME,,,
ci_4630385a2560,purchase,oliveyoung,95,A000000211434,사브리나카펜터,[단독기획] 사브리나카펜터 스위트 투스 EDP 30ml/75ml,Sabrina Carpenter,exact_or_alias:사브리나카펜터->Sabrina Carpenter,스위트 투스,EDP,LIQUID_PERFUME,,,
ci_d7564396fd9b,purchase,oliveyoung,96,A000000197779,포맨트,[리뉴얼출시]포맨트 시그니처 퍼퓸 코튼브리즈 50ml,Forment,exact_or_alias:포맨트->Forment,시그니처 코튼브리즈,PARFUM_UNSPECIFIED,LIQUID_PERFUME,,,
ci_c0312168b64b,purchase,oliveyoung,97,A000000210218,든향,[보라색 베이비 로션향] 든향 EDP 15ml 파자마,든향,unresolved_brand:든향,보라색 베이비 로션향 파자마,EDP,LIQUID_PERFUME,,,
ci_cb304d30c259,purchase,oliveyoung,98,A000000248069,에틀리에,[엔믹스지우PICK] 에틀리에 오 드 퍼퓸 스킨센트 30ml/10ml,Kiss New York,reviewed_brand_mapping:에틀리에->Kiss New York,엔믹스지우 스킨센트,EDP,LIQUID_PERFUME,,,
ci_e24fb8fa9c57,purchase,oliveyoung,99,A000000229852,아디다스(뷰티),[김재원PICK] 아디다스 스파크업 EDP (30ml기획/50ml/100ml),Adidas,exact_or_alias:아디다스(뷰티)->Adidas,김재원 아디다스 스파크업 30ml,EDP,LIQUID_PERFUME,,,
ci_9fb8efce2e13,purchase,oliveyoung,100,A000000219515,포맨트,[박지훈 PICK/거울키링증정] 포맨트 시그니처 헤어 퍼퓸 코튼메모리 30ml (포켓몬 에디션),Forment,exact_or_alias:포맨트->Forment,박지훈 거울키링 시그니처 코튼메모리 포켓몬 에디션,PARFUM_UNSPECIFIED,HAIR_FRAGRANCE,,,
ci_ead2ce126fdc,purchase,oliveyoung,102,A000000243088,라멜린,[청량한향] 라멜린 오션 퍼퓸 50ml,라멜린,unresolved_brand:라멜린,청량한향 오션,PARFUM_UNSPECIFIED,LIQUID_PERFUME,,,
ci_d07b4e786ac6,purchase,oliveyoung,103,A000000163445,그라펜,[무화과/우디]그라펜 타투 퍼퓸 원우드 롤온 11ml,그라펜,unresolved_brand:그라펜,무화과 우디 타투 원우드,PARFUM_UNSPECIFIED,ROLL_ON,,,
ci_09d4167c0459,purchase,oliveyoung,104,A000000210408,이세이미야케,이세이미야케 르 셀 디세이 EDT (50ml/100ml/기획),Issey Miyake,exact_or_alias:이세이미야케->Issey Miyake,르 셀 디세이,EDT,LIQUID_PERFUME,,,
ci_22174ff268e4,purchase,oliveyoung,105,A000000238176,캘빈클라인,CK 캘빈클라인 One EDT 어워즈 한정기획 (200ml),Calvin Klein,exact_or_alias:캘빈클라인->Calvin Klein,CK One 어워즈 한정,EDT,LIQUID_PERFUME,,,
ci_c9752303ca5e,purchase,oliveyoung,107,A000000012156,지미추,지미추 블러썸 EDP (40ml/60ml),Jimmy Choo,exact_or_alias:지미추->Jimmy Choo,블러썸,EDP,LIQUID_PERFUME,,,
ci_30370b03b0c1,purchase,oliveyoung,108,A000000147508,지미추,지미추 아이 원 추 EDP 40ml,Jimmy Choo,exact_or_alias:지미추->Jimmy Choo,아이 원 추,EDP,LIQUID_PERFUME,,,
ci_c0a10848ee51,purchase,oliveyoung,109,A000000229424,돌체앤가바나,[NEW/리뉴얼] 돌체앤가바나 라이트블루 EDT 30ml,Dolce&Gabbana,exact_or_alias:돌체앤가바나->Dolce&Gabbana,리뉴얼 라이트블루,EDT,LIQUID_PERFUME,,,
ci_7b1b0c3c97bf,purchase,oliveyoung,110,A000000163253,랑방,랑방 레 플레르 드 랑방 블루 오키드 EDT 90ml,Lanvin,exact_or_alias:랑방->Lanvin,레 플레르 드 블루 오키드,EDT,LIQUID_PERFUME,,,
ci_df04693e4cb4,purchase,oliveyoung,111,A000000228062,필로소피,[원지안PICK] 필로소피 어메이징 그레이스 발레로즈 EDT 60ml,Philosophy,exact_or_alias:필로소피->Philosophy,원지안 어메이징 그레이스 발레로즈,EDT,LIQUID_PERFUME,,,
ci_801a083b87d3,purchase,oliveyoung,112,A000000136757,아리아나그란데,아리아나그란데 클라우드 EDP 50ml,Ariana Grande,exact_or_alias:아리아나그란데->Ariana Grande,클라우드,EDP,LIQUID_PERFUME,,,
ci_b1466cebe3b7,purchase,oliveyoung,113,A000000267522,아리아나그란데,아리아나그란데 스위트 라이크 캔디 EDP 50ml 기획(+맥세이프 하트 스마트톡),Ariana Grande,exact_or_alias:아리아나그란데->Ariana Grande,스위트 라이크 캔디,EDP,LIQUID_PERFUME,,,
ci_a87ef349f868,purchase,oliveyoung,114,A000000267361,아뜰리에페이,[NEW] 아뜰리에페이 퍼퓸 30ml 베이비 피치,Atelier Faye,unresolved_brand:아뜰리에페이,베이비 피치,PARFUM_UNSPECIFIED,LIQUID_PERFUME,,,
ci_4a2f80f67c34,purchase,oliveyoung,115,A000000259435,엘리자베스아덴,엘리자베스아덴 그린티 스트로베리 바질 EDT 100ml,Elizabeth Arden,exact_or_alias:엘리자베스아덴->Elizabeth Arden,그린티 스트로베리 바질,EDT,LIQUID_PERFUME,,,
ci_8edbde5051d7,purchase,oliveyoung,116,A000000227682,알보우,[NEW] 알보우 헤어퍼퓸 미스트 50ml 로즈 퀴르,RboW,reviewed_brand_mapping:알보우->RboW,로즈 퀴르,PARFUM_UNSPECIFIED,HAIR_FRAGRANCE,,,
ci_1029293a858d,purchase,oliveyoung,117,A000000243940,알보우,알보우 헤어퍼퓸 미스트 50ml 모노크롬,RboW,reviewed_brand_mapping:알보우->RboW,모노크롬,PARFUM_UNSPECIFIED,HAIR_FRAGRANCE,,,
ci_fa40e8f891bc,purchase,oliveyoung,120,A000000152436,로맨띠끄,[명품향수/ 블랙베리&베이]로맨띠끄 블랙베리 퍼퓸 50ml,로맨띠끄,unresolved_brand:로맨띠끄,명품 블랙베리&베이 블랙베리,PARFUM_UNSPECIFIED,LIQUID_PERFUME,,,
ci_e9ded798e88b,purchase,oliveyoung,121,A000000219064,슬로우허밍,[올영단독/헤어 퍼퓸 미니 증정] 슬로우허밍 플라워너리 릴리프 퍼퓸밤 플라워솝,슬로우허밍,unresolved_brand:슬로우허밍,올영단독 미니 플라워너리 릴리프 플라워솝,PARFUM_UNSPECIFIED,HAIR_FRAGRANCE,,,
ci_8d3fd68851e5,purchase,oliveyoung,122,A000000230245,저스트에즈아이엠,[무화과 수분충전] 아이엠 헤어 퍼퓸 미스트 100ml,저스트에즈아이엠,unresolved_brand:저스트에즈아이엠,무화과 수분충전 아이엠,PARFUM_UNSPECIFIED,HAIR_FRAGRANCE,,,
ci_5b7152a05a88,purchase,oliveyoung,123,A000000189526,몽블랑,몽블랑 익스플로러 EDP 100ml,Montblanc,exact_or_alias:몽블랑->Montblanc,익스플로러,EDP,LIQUID_PERFUME,,,
ci_f5f8a6517ebc,purchase,oliveyoung,124,A000000229420,돌체앤가바나,[베스트/리뉴얼] 돌체앤가바나 라이트블루 EDT 50ml,Dolce&Gabbana,exact_or_alias:돌체앤가바나->Dolce&Gabbana,베스트 리뉴얼 라이트블루,EDT,LIQUID_PERFUME,,,
ci_5f841369d660,purchase,oliveyoung,125,A000000203627,끌로에,끌로에 노마드 EDP 30ml/50ml/50ml 기획,Chloé,exact_or_alias:끌로에->Chloé,노마드,EDP,LIQUID_PERFUME,,,
ci_844980499428,purchase,oliveyoung,126,A000000004971,몽블랑,몽블랑 스타워커 오드뚜왈렛 75ml,Montblanc,exact_or_alias:몽블랑->Montblanc,스타워커,EDT,LIQUID_PERFUME,,,
ci_e9e3d3d4f4c3,purchase,oliveyoung,127,A000000183802,끌로에,끌로에 로즈탠저린 EDT 30ml/50ml,Chloé,exact_or_alias:끌로에->Chloé,로즈탠저린,EDT,LIQUID_PERFUME,,,
ci_6d23c4cc8ad3,purchase,oliveyoung,128,A000000192511,나르시소 로드리게즈,나르시소 로드리게즈 엉브레 EDP 30ml,Narciso Rodriguez,exact_or_alias:나르시소 로드리게즈->Narciso Rodriguez,엉브레,EDP,LIQUID_PERFUME,,,
ci_7f39563a5790,purchase,oliveyoung,129,A000000267542,메르세데스 벤츠,메르세데스 벤츠 맨 EDT 100ml 기획 (+벤츠 맨 10ml),Mercedes-Benz,exact_or_alias:메르세데스 벤츠->Mercedes-Benz,맨,EDT,LIQUID_PERFUME,,,
ci_995ff22a2add,purchase,oliveyoung,130,A000000262917,포스테스,포스테스 오 드 퍼퓸 50ml 프롬 생트로페 (2607 리뉴얼),Postes,reviewed_brand_mapping:포스테스->Postes,프롬 생트로페 2607 리뉴얼,EDP,LIQUID_PERFUME,,,
ci_7f39563a5790,purchase,oliveyoung,131,A000000141374,메르세데스 벤츠,메르세데스 벤츠 맨 EDT 30ml/50ml/100ml 3종 택1,Mercedes-Benz,exact_or_alias:메르세데스 벤츠->Mercedes-Benz,맨,EDT,LIQUID_PERFUME,,,
ci_3637be30a1f2,purchase,oliveyoung,132,A000000000431,랑방,랑방 메리미 EDP 30ml,Lanvin,exact_or_alias:랑방->Lanvin,메리미,EDP,LIQUID_PERFUME,,,
ci_8acb92ed35b3,purchase,oliveyoung,133,A000000137476,아리아나그란데,아리아나그란데 땡큐 넥스트 EDP 30ml 단품/기획 중 택1,Ariana Grande,exact_or_alias:아리아나그란데->Ariana Grande,땡큐 넥스트 중,EDP,LIQUID_PERFUME,,,
ci_d6f47d522967,purchase,oliveyoung,134,A000000219281,클린,[단독기획] 클린 스트로베리필즈 EDP 60ml+10ML 롤러볼 증정 기획/ 단품 중 택1,Clean,exact_or_alias:클린->Clean,스트로베리필즈 중,EDP,LIQUID_PERFUME,,,
ci_f05320b774b8,purchase,oliveyoung,135,A000000201145,헉슬리,헉슬리 퍼퓸 포트브레스 15ml,Huxley,reviewed_brand_mapping:헉슬리->Huxley,포트브레스,PARFUM_UNSPECIFIED,LIQUID_PERFUME,,,
ci_afa8a883decc,purchase,oliveyoung,137,A000000256743,에틀리에,[엔믹스릴리PICK] 에틀리에 오 드 퍼퓸 앰버버번 30ml,Kiss New York,reviewed_brand_mapping:에틀리에->Kiss New York,엔믹스릴리 앰버버번,EDP,LIQUID_PERFUME,,,
ci_061397e78705,purchase,oliveyoung,138,A000000229857,아디다스(뷰티),[김재원PICK] 아디다스 해피필즈 EDP (30ml/100ml),Adidas,exact_or_alias:아디다스(뷰티)->Adidas,김재원 아디다스 해피필즈,EDP,LIQUID_PERFUME,,,
ci_b58c9e05319d,purchase,oliveyoung,140,A000000267372,아뜰리에페이,[NEW] 아뜰리에페이 헤어 퍼퓸 30ml 슬립핑 베이비,Atelier Faye,unresolved_brand:아뜰리에페이,슬립핑 베이비,PARFUM_UNSPECIFIED,HAIR_FRAGRANCE,,,
ci_e0047f33d1fc,purchase,oliveyoung,141,A000000249002,그라펜,[기프트세트] 그라펜 타투 퍼퓸 원우드 29ml 선물세트(+코튼헤이즈솔리드퍼퓸 3g+기프트케이스),그라펜,unresolved_brand:그라펜,기프트 타투 원우드 선물,PARFUM_UNSPECIFIED,SOLID_FRAGRANCE,,,
ci_30370b03b0c1,purchase,oliveyoung,144,A000000147445,지미추,지미추 아이 원 추 EDP 60ml,Jimmy Choo,exact_or_alias:지미추->Jimmy Choo,아이 원 추,EDP,LIQUID_PERFUME,,,
ci_da542ea22760,purchase,oliveyoung,145,A000000227309,나르시소 로드리게즈,[클린코튼향] 나르시소 로드리게즈 나르시소 래디언트 EDP (30ml/50ml),Narciso Rodriguez,exact_or_alias:나르시소 로드리게즈->Narciso Rodriguez,클린코튼향 나르시소 래디언트,EDP,LIQUID_PERFUME,,,
ci_fb0dea544479,purchase,oliveyoung,146,A000000187834,필로소피,필로소피 어메이징 그레이스 EDP 60ml,Philosophy,exact_or_alias:필로소피->Philosophy,어메이징 그레이스,EDP,LIQUID_PERFUME,,,
ci_1f86ce3efead,purchase,oliveyoung,148,A000000163393,겐조,플라워바이겐조 EDP 30ml/50ml 2종 택1,Kenzo,exact_or_alias:겐조->Kenzo,플라워바이,EDP,LIQUID_PERFUME,,,
ci_5b7152a05a88,purchase,oliveyoung,149,A000000123934,몽블랑,몽블랑 익스플로러 EDP 30ml,Montblanc,exact_or_alias:몽블랑->Montblanc,익스플로러,EDP,LIQUID_PERFUME,,,
ci_46384c7971c9,purchase,oliveyoung,150,A000000149629,클린,클린 퓨어솝 EDP 30ml/60ml 2종 중 택1,Clean,exact_or_alias:클린->Clean,퓨어솝 중,EDP,LIQUID_PERFUME,,,
ci_b1466cebe3b7,purchase,oliveyoung,152,A000000136753,아리아나그란데,아리아나그란데 스위트 라이크 캔디 EDP 30ml 기획(+땡큐넥스트 1.5ml 바이알),Ariana Grande,exact_or_alias:아리아나그란데->Ariana Grande,스위트 라이크 캔디,EDP,LIQUID_PERFUME,,,
ci_c0c0fa5e9996,purchase,oliveyoung,153,A000000210878,누다라,[우디/무화과향] 누다라 EDP 30ml 우드마벨,누다라,unresolved_brand:누다라,우디 무화과향 우드마벨,EDP,LIQUID_PERFUME,,,
ci_cd58bf00b394,purchase,oliveyoung,154,A000000227445,헤레카,[트렌디한/우디향] 헤레카 스모키우드 퍼퓸 50ml,헤레카,unresolved_brand:헤레카,트렌디한 우디향 스모키우드,PARFUM_UNSPECIFIED,LIQUID_PERFUME,,,
ci_0dcd41256f4a,purchase,oliveyoung,156,A000000104640,제니퍼로페즈,제니퍼로페즈 글로우 바이제이로 EDT 50ml,Jennifer Lopez,exact_or_alias:제니퍼로페즈->Jennifer Lopez,글로우 바이제이로,EDT,LIQUID_PERFUME,,,
ci_e7c642a19e91,purchase,oliveyoung,158,A000000208818,에이딕트,에이딕트 오 드 퍼퓸 보이드 우드 50ml,Addct,reviewed_brand_mapping:에이딕트->Addct,보이드 우드,EDP,LIQUID_PERFUME,,,
ci_f28d24461591,purchase,oliveyoung,159,A000000208826,에이딕트,에이딕트 오 드 퍼퓸 웜 애프터눈 50ml,Addct,reviewed_brand_mapping:에이딕트->Addct,웜 애프터눈,EDP,LIQUID_PERFUME,,,
ci_618755e0b4c7,purchase,oliveyoung,161,A000000204901,호텔도슨,호텔도슨 셀프블룸 향수 오드퍼퓸 20ml [첫사랑향수],Hotel Dawson,reviewed_brand_mapping:호텔도슨->Hotel Dawson,셀프블룸 첫사랑,EDP,LIQUID_PERFUME,,,
ci_3e78a84654bb,purchase,oliveyoung,162,A000000224967,루아페,[레몬비누향] 루아페 스티미 솝 EDP 30ml (단품/기획),Luafee,reviewed_brand_mapping:루아페->Luafee,레몬비누향 스티미 솝,EDP,LIQUID_PERFUME,,,
ci_d725899bf33e,purchase,oliveyoung,163,A000000230035,아디다스(뷰티),[김재원PICK] 아디다스 풀 리차지 EDP (30ml기획/50ml/100ml),Adidas,exact_or_alias:아디다스(뷰티)->Adidas,김재원 아디다스 풀 리차지 30ml,EDP,LIQUID_PERFUME,,,
ci_c71a131731e4,purchase,oliveyoung,164,A000000267357,아뜰리에페이,[NEW] 아뜰리에페이 퍼퓸 30ml 던 인 오슬로,Atelier Faye,unresolved_brand:아뜰리에페이,던 인 오슬로,PARFUM_UNSPECIFIED,LIQUID_PERFUME,,,
ci_260b8737227d,purchase,oliveyoung,165,A000000254542,벨벳바니,벨벳바니 스킨퍼퓸 80ml 포에버영,벨벳바니,unresolved_brand:벨벳바니,스킨 포에버영,PARFUM_UNSPECIFIED,LIQUID_PERFUME,,,
ci_123cfe17aff2,purchase,oliveyoung,167,A000000224306,에이딕트,[에탄올 FREE] 에이딕트 헤어 퍼퓸 30ml 버베나 레인 (단품/기획),Addct,reviewed_brand_mapping:에이딕트->Addct,에탄올 FREE 버베나 레인,PARFUM_UNSPECIFIED,HAIR_FRAGRANCE,,,
ci_63034975f070,purchase,oliveyoung,170,A000000229448,돌체앤가바나,[베스트/리뉴얼] 돌체앤가바나 라이트블루 뿌르 옴므 EDT 100ml,Dolce&Gabbana,exact_or_alias:돌체앤가바나->Dolce&Gabbana,베스트 리뉴얼 라이트블루 뿌르 옴므,EDT,LIQUID_PERFUME,,,
ci_c565283367da,purchase,oliveyoung,172,A000000161643,끌로에,끌로에 나츄렐 EDP 30ml/50ml,Chloé,exact_or_alias:끌로에->Chloé,나츄렐,EDP,LIQUID_PERFUME,,,
ci_ead83e6160b4,purchase,oliveyoung,173,A000000230831,이세이미야케,이세이미야케 르 셀 디세이 EDP (50ml/100ml),Issey Miyake,exact_or_alias:이세이미야케->Issey Miyake,르 셀 디세이,EDP,LIQUID_PERFUME,,,
ci_b691058531a8,purchase,oliveyoung,175,A000000262915,코치,코치 체리 퍼퓸 50ml/30ml,Coach,exact_or_alias:코치->Coach,체리,PARFUM_UNSPECIFIED,LIQUID_PERFUME,,,
ci_9825f4c137fe,purchase,oliveyoung,177,A000000189581,베르사체,[NEW] 베르사체 맨 오 프레쉬 50ml (단품/기획),Versace,exact_or_alias:베르사체->Versace,맨 오 프레쉬,UNSPECIFIED,LIQUID_PERFUME,,,
ci_21e1d1f3e3be,purchase,oliveyoung,178,A000000255413,랑방,"랑방 에끌라 드 아르페쥬 화이트 티 EDP 50ml (단품,기획)",Lanvin,exact_or_alias:랑방->Lanvin,에끌라 드 아르페쥬 화이트 티,EDP,LIQUID_PERFUME,,,
ci_489e92661f61,purchase,oliveyoung,179,A000000142177,랄프로렌,랄프로렌 폴로 랄프 EDT 50ml,Ralph Lauren,exact_or_alias:랄프로렌->Ralph Lauren,폴로 랄프,EDT,LIQUID_PERFUME,,,
ci_ce3d6cf26038,purchase,oliveyoung,180,A000000256458,이세이미야케,이세이미야케 뤼미에르 디세이 EDP (30ml/50ml),Issey Miyake,exact_or_alias:이세이미야케->Issey Miyake,뤼미에르 디세이,EDP,LIQUID_PERFUME,,,
ci_601bb9c6684d,purchase,oliveyoung,181,A000000013437,몽블랑,몽블랑 레전드 스피릿 EDT 50ml,Montblanc,exact_or_alias:몽블랑->Montblanc,레전드 스피릿,EDT,LIQUID_PERFUME,,,
ci_53ea5c255a06,purchase,oliveyoung,182,A000000111388,나르시소 로드리게즈,나르시소 로드리게즈 포 허 EDT (30ml/50ml),Narciso Rodriguez,exact_or_alias:나르시소 로드리게즈->Narciso Rodriguez,포 허,EDT,LIQUID_PERFUME,,,
ci_1ae8327ff37a,purchase,oliveyoung,183,A000000159676,메르세데스 벤츠,메르세데스 벤츠 맨 프레쉬 EDT 100ml,Mercedes-Benz,exact_or_alias:메르세데스 벤츠->Mercedes-Benz,맨 프레쉬,EDT,LIQUID_PERFUME,,,
ci_58725aaf12a6,purchase,oliveyoung,184,A000000187568,마이클코어스,마이클 코어스 고저스 오드퍼퓸 30ml/50ml/100ml 택1,Michael Kors,exact_or_alias:마이클코어스->Michael Kors,마이클 코어스 고저스,EDP,LIQUID_PERFUME,,,
ci_557fad01877a,purchase,oliveyoung,185,A000000159552,필로소피,필로소피 퓨어 그레이스 EDP 60ml,Philosophy,exact_or_alias:필로소피->Philosophy,퓨어 그레이스,EDP,LIQUID_PERFUME,,,
ci_8798439946b7,purchase,oliveyoung,186,A000000149024,베르사체,베르사체 오프레쉬 맨 30ml 기획(+5ml 미니어처),Versace,exact_or_alias:베르사체->Versace,오프레쉬 맨,UNSPECIFIED,LIQUID_PERFUME,,,
ci_844980499428,purchase,oliveyoung,187,A000000004973,몽블랑,몽블랑 스타워커 오드뚜왈렛 50ml,Montblanc,exact_or_alias:몽블랑->Montblanc,스타워커,EDT,LIQUID_PERFUME,,,
ci_c9752303ca5e,purchase,oliveyoung,188,A000000012155,지미추,지미추 블러썸 EDP 40ml,Jimmy Choo,exact_or_alias:지미추->Jimmy Choo,블러썸,EDP,LIQUID_PERFUME,,,
ci_5ad764814230,purchase,oliveyoung,189,A000000262885,포스테스,포스테스 오 드 퍼퓸 50ml 프롬 서울 단품/기획(+트래블 러기지택 핑크),Postes,reviewed_brand_mapping:포스테스->Postes,프롬 서울,EDP,LIQUID_PERFUME,,,
ci_c854a702a4f1,purchase,oliveyoung,190,A000000183309,캘빈클라인,캘빈클라인 CK 에브리원 EDP 50ml/100ml,Calvin Klein,exact_or_alias:캘빈클라인->Calvin Klein,CK 에브리원,EDP,LIQUID_PERFUME,,,
ci_b702a0d98e3d,purchase,oliveyoung,191,A000000203335,알보우,[지원PICK] 알보우 케이스 스터디 EDP 30ml 앰버 생귄,RboW,reviewed_brand_mapping:알보우->RboW,지원 케이스 스터디 앰버 생귄,EDP,LIQUID_PERFUME,,,
ci_03de43d04a1e,purchase,oliveyoung,193,A000000202710,아로,아로 풀 문 블로썸 EDT 50ml,Ahro,reviewed_brand_mapping:아로->Ahro,풀 문 블로썸,EDT,LIQUID_PERFUME,,,
ci_d32688a3529e,purchase,oliveyoung,194,A000000201228,리베르,[금목서 향수] 리베르 오 드 퍼퓸 플라워 소사이어티 30ml,리베르,unresolved_brand:리베르,금목서 플라워 소사이어티,EDP,LIQUID_PERFUME,,,
ci_736dd9e89d13,purchase,oliveyoung,195,A000000002289,몽블랑,몽블랑 레전드 EDT 30ml,Montblanc,exact_or_alias:몽블랑->Montblanc,레전드,EDT,LIQUID_PERFUME,,,
ci_ce6521f1d93a,purchase,oliveyoung,196,A000000193156,존바바토스,존바바토스 아티산 블랙 EDT 75ml  (+공병) 기획,John Varvatos,exact_or_alias:존바바토스->John Varvatos,아티산 블랙,EDT,LIQUID_PERFUME,,,
ci_8f9c6acf1230,purchase,oliveyoung,197,A000000000444,랑방,랑방 에끌라 드 아르페쥬 EDP 30ml,Lanvin,exact_or_alias:랑방->Lanvin,에끌라 드 아르페쥬,EDP,LIQUID_PERFUME,,,
ci_cac2aeac5d89,purchase,oliveyoung,198,A000000241721,홀리바넘,홀리바넘 오 드 뚜왈렛 30ml 썸머 브레이크,Holibanum,reviewed_brand_mapping:홀리바넘->Holibanum,썸머 브레이크,EDT,LIQUID_PERFUME,,,
ci_8320393300a0,purchase,oliveyoung,199,A000000136751,아리아나그란데,아리아나그란데 아리 EDP 30ml 기획(+땡큐넥스트 1.5ml 바이알),Ariana Grande,exact_or_alias:아리아나그란데->Ariana Grande,아리,EDP,LIQUID_PERFUME,,,
ci_eb2f443e9a0f,purchase,oliveyoung,200,A000000238663,아리아나그란데,아리아나그란데 땡큐 넥스트 2.0 EDP 30ml 단품/기획 중 택1,Ariana Grande,exact_or_alias:아리아나그란데->Ariana Grande,땡큐 넥스트 2 0 중,EDP,LIQUID_PERFUME,,,
ci_4366f5321b19,purchase,oliveyoung,202,A000000204074,데메테르 어스,"데메테르 어스 리프레싱 오 파퓨메 EDP 30ml/50ml 자킨토스,그리스",Demeter Fragrance,exact_or_alias:데메테르 어스->Demeter Fragrance,리프레싱 오 파퓨메 자킨토스 그리스,EDP,LIQUID_PERFUME,,,
ci_6b5af3b2a5b1,purchase,oliveyoung,203,A000000184180,클린,클린 애플블로썸 EDP 30/60ml 2종 중 택1,Clean,exact_or_alias:클린->Clean,애플블로썸 30 중,EDP,LIQUID_PERFUME,,,
ci_769eb2e093e9,purchase,oliveyoung,206,A000000236503,필로소피,[원지안PICK] 필로소피 프레쉬크림 웜캐시미어 EDT (15ml/60ml/60ml파우치기획),Philosophy,exact_or_alias:필로소피->Philosophy,원지안 프레쉬 웜캐시미어 60ml파우치,EDT,LIQUID_PERFUME,,,
ci_c0330f2d03af,purchase,oliveyoung,207,A000000224744,루아페,[포근코튼향] 루아페 코지 머스크 EDP 30ml,Luafee,reviewed_brand_mapping:루아페->Luafee,포근코튼향 코지 머스크,EDP,LIQUID_PERFUME,,,
ci_74e0b2f49526,purchase,oliveyoung,208,A000000248071,에틀리에,[엔믹스해원PICK] 에틀리에 오 드 퍼퓸 플라워 앤 슈가 30ml,Kiss New York,reviewed_brand_mapping:에틀리에->Kiss New York,엔믹스해원 플라워 앤 슈가,EDP,LIQUID_PERFUME,,,
ci_d8294a657e0a,purchase,oliveyoung,209,A000000248073,에틀리에,[엔믹스규진PICK] 에틀리에 오 드 퍼퓸 트와일라잇블룸 30ml/10ml,Kiss New York,reviewed_brand_mapping:에틀리에->Kiss New York,엔믹스규진 트와일라잇블룸,EDP,LIQUID_PERFUME,,,
ci_4289b4a8b251,purchase,oliveyoung,210,A000000248076,에틀리에,[엔믹스배이PICK] 에틀리에 오 드 퍼퓸 바닐라앤라벤더 30ml,Kiss New York,reviewed_brand_mapping:에틀리에->Kiss New York,엔믹스배이 바닐라앤라벤더,EDP,LIQUID_PERFUME,,,
ci_27c243915d8a,purchase,oliveyoung,211,A000000203682,로이비,[미니향수] 로이비 오드퍼퓸 베르가못 앤 화이트로즈 18ml,LOIVIE,reviewed_brand_mapping:로이비->LOIVIE,미니 베르가못 앤 화이트로즈,EDP,LIQUID_PERFUME,,,
ci_e0cf42b26f03,purchase,oliveyoung,215,A000000159757,더바디샵,더바디샵 화이트 머스크 EDT 30ml,The Body Shop,exact_or_alias:더바디샵->The Body Shop,더 샵 화이트 머스크,EDT,BODY_FRAGRANCE,,,
ci_a1827c4749b3,purchase,oliveyoung,217,A000000249628,클린,"클린 헤어&바디 퍼퓸 미스트 로즈올데이 88ml,236ml (단품/기획)",Clean,exact_or_alias:클린->Clean,& 로즈올데이,PARFUM_UNSPECIFIED,HAIR_FRAGRANCE,,,
ci_0bd67c755b25,purchase,oliveyoung,219,A000000254544,벨벳바니,벨벳바니 스킨퍼퓸 80ml 퍼스트러브,벨벳바니,unresolved_brand:벨벳바니,스킨 퍼스트러브,PARFUM_UNSPECIFIED,LIQUID_PERFUME,,,
ci_30c9dd74e686,purchase,oliveyoung,220,A000000254545,벨벳바니,벨벳바니 스킨퍼퓸 80ml 마이선샤인,벨벳바니,unresolved_brand:벨벳바니,스킨 마이선샤인,PARFUM_UNSPECIFIED,LIQUID_PERFUME,,,
ci_f6578684a2bf,purchase,oliveyoung,221,A000000254547,벨벳바니,벨벳바니 스킨퍼퓸 80ml 실키모닝,벨벳바니,unresolved_brand:벨벳바니,스킨 실키모닝,PARFUM_UNSPECIFIED,LIQUID_PERFUME,,,
ci_c54b619695d7,purchase,oliveyoung,222,A000000229293,랑콤,랑콤 이돌 오 드 퍼퓸 25ml/50ml/100ml,Lancôme,exact_or_alias:랑콤->Lancôme,이돌,EDP,LIQUID_PERFUME,,,
ci_1f097a903a19,purchase,oliveyoung,223,A000000249267,메모,[NEW] 메모 오데옹 오드퍼퓸 30ml,Memo Paris,exact_or_alias:메모->Memo Paris,오데옹,EDP,LIQUID_PERFUME,,,
ci_560e6d97c163,purchase,oliveyoung,224,A000000219850,나르시소 로드리게즈,나르시소 로드리게즈 포 허 인텐스 EDP (30ml/50ml),Narciso Rodriguez,exact_or_alias:나르시소 로드리게즈->Narciso Rodriguez,포 허 인텐스,EDP,LIQUID_PERFUME,,,
ci_253bb2170a5c,purchase,oliveyoung,225,A000000229447,돌체앤가바나,[NEW/리뉴얼] 돌체앤가바나 라이트블루 뿌르 옴므 EDT 50ml,Dolce&Gabbana,exact_or_alias:돌체앤가바나->Dolce&Gabbana,리뉴얼 라이트블루 뿌르 옴므,EDT,LIQUID_PERFUME,,,
ci_4f36549015dc,purchase,oliveyoung,227,A000000210423,나르시소 로드리게즈,나르시소 로드리게즈 올 오브 미 인텐스 EDP (30ml/50ml/기획),Narciso Rodriguez,exact_or_alias:나르시소 로드리게즈->Narciso Rodriguez,올 오브 미 인텐스,EDP,LIQUID_PERFUME,,,
ci_d726eb9cd3a9,purchase,oliveyoung,228,A000000199398,랑방,랑방 레 플레르 드 랑방 스위트 자스민 EDT 50ml/90ml,Lanvin,exact_or_alias:랑방->Lanvin,레 플레르 드 스위트 자스민,EDT,LIQUID_PERFUME,,,
ci_00beca65a7db,purchase,oliveyoung,229,A000000224156,필로소피,필로소피 어메이징 그레이스 발레로즈 EDP 60ml,Philosophy,exact_or_alias:필로소피->Philosophy,어메이징 그레이스 발레로즈,EDP,LIQUID_PERFUME,,,
ci_52ddc722ce8e,purchase,oliveyoung,230,A000000008553,베르사체,베르사체 에로스 EDT 30ml,Versace,exact_or_alias:베르사체->Versace,에로스,EDT,LIQUID_PERFUME,,,
ci_0ff12b1de629,purchase,oliveyoung,231,A000000142154,랄프로렌,랄프로렌 폴로 블루 EDT 40ml,Ralph Lauren,exact_or_alias:랄프로렌->Ralph Lauren,폴로 블루,EDT,LIQUID_PERFUME,,,
ci_0ff12b1de629,purchase,oliveyoung,232,A000000217785,랄프로렌,랄프로렌 폴로 블루 EDT 택 1 (40ml/75ml),Ralph Lauren,exact_or_alias:랄프로렌->Ralph Lauren,폴로 블루,EDT,LIQUID_PERFUME,,,
ci_7c324b1c4e39,purchase,oliveyoung,233,A000000262920,포스테스,포스테스 오 드 퍼퓸 50ml 프롬 맨하튼 (2607 리뉴얼),Postes,reviewed_brand_mapping:포스테스->Postes,프롬 맨하튼 2607 리뉴얼,EDP,LIQUID_PERFUME,,,
ci_7a7a4c97f02b,purchase,oliveyoung,234,A000000219000,버버리,버버리 브릿 포 힘 EDT 30ml/50ml,Burberry,exact_or_alias:버버리->Burberry,브릿 포 힘,EDT,LIQUID_PERFUME,,,
ci_56df94402d2d,purchase,oliveyoung,235,A000000203333,알보우,[기획] 알보우 케이스 스터디 EDP 30ml 몬순 (+핸드크림),RboW,reviewed_brand_mapping:알보우->RboW,케이스 스터디 몬순,EDP,LIQUID_PERFUME,,,
ci_1f86ce3efead,purchase,oliveyoung,236,A000000146002,겐조,플라워바이겐조 EDP 30ml,Kenzo,exact_or_alias:겐조->Kenzo,플라워바이,EDP,LIQUID_PERFUME,,,
ci_77bccd934bf9,purchase,oliveyoung,237,A000000206314,캘빈클라인,캘빈클라인 CK One 골드 EDT 50ml/100ml/200ml,Calvin Klein,exact_or_alias:캘빈클라인->Calvin Klein,CK One 골드,EDT,LIQUID_PERFUME,,,
ci_ddce5bc87547,purchase,oliveyoung,238,A000000211433,사브리나카펜터,"사브리나카펜터 스위트 투스 카라멜 드림 EDP 30ml,75ml 단품/기획",Sabrina Carpenter,exact_or_alias:사브리나카펜터->Sabrina Carpenter,스위트 투스 카라멜 드림,EDP,LIQUID_PERFUME,,,
ci_703337d780d3,purchase,oliveyoung,239,A000000231893,아로,아로 EDT 50ml 체리 온 탑,Ahro,reviewed_brand_mapping:아로->Ahro,체리 온 탑,EDT,LIQUID_PERFUME,,,
ci_7f39563a5790,purchase,oliveyoung,240,A000000014214,메르세데스 벤츠,메르세데스 벤츠 맨 EDT 50ml,Mercedes-Benz,exact_or_alias:메르세데스 벤츠->Mercedes-Benz,맨,EDT,LIQUID_PERFUME,,,
ci_7bb29fdae112,purchase,oliveyoung,241,A000000235575,투데이이즈,투데이이즈 인더메모리 오드 퍼퓸 50ml,투데이이즈,unresolved_brand:투데이이즈,인더메모리 오드,EDP,LIQUID_PERFUME,,,
ci_1fc55836b760,purchase,oliveyoung,242,A000000113253,필로소피,[원지안PICK] 필로소피 퓨어그레이스 EDT 15ml/60ml/60ml기획,Philosophy,exact_or_alias:필로소피->Philosophy,원지안 퓨어그레이스 60ml,EDT,LIQUID_PERFUME,,,
ci_601bb9c6684d,purchase,oliveyoung,243,A000000013436,몽블랑,몽블랑 레전드 스피릿 EDT 30ml,Montblanc,exact_or_alias:몽블랑->Montblanc,레전드 스피릿,EDT,LIQUID_PERFUME,,,
ci_69cfae7949a5,purchase,oliveyoung,244,A000000159451,겐조,플라워바이겐조 NEW EDT 30ml/50ml 2종 택1,Kenzo,exact_or_alias:겐조->Kenzo,플라워바이,EDT,LIQUID_PERFUME,,,
ci_135a36451863,purchase,oliveyoung,245,A000000193154,존바바토스,존바바토스 아티산 블루 EDT 75ml (단품/기획),John Varvatos,exact_or_alias:존바바토스->John Varvatos,아티산 블루,EDT,LIQUID_PERFUME,,,
ci_d2de71c7a308,purchase,oliveyoung,246,A000000241722,홀리바넘,홀리바넘 오 드 뚜왈렛 30ml 라임에이드,Holibanum,reviewed_brand_mapping:홀리바넘->Holibanum,라임에이드,EDT,LIQUID_PERFUME,,,
ci_e6d05eb7a38a,purchase,oliveyoung,247,A000000145011,아리아나그란데,아리아나그란데 문라이트 EDP 30ml,Ariana Grande,exact_or_alias:아리아나그란데->Ariana Grande,문라이트,EDP,LIQUID_PERFUME,,,
ci_aeb57afd9726,purchase,oliveyoung,249,A000000240212,시머스,시머스 미드나잇 파크 EDP 50ml,시머스,unresolved_brand:시머스,미드나잇 파크,EDP,LIQUID_PERFUME,,,
ci_2861f81458d2,purchase,oliveyoung,250,A000000227850,테일러센츠,테일러센츠 오브제 퍼퓸 EDT 30ml 페일린넨,테일러센츠,unresolved_brand:테일러센츠,오브제 페일린넨,EDT,LIQUID_PERFUME,,,
ci_9cc569410f2e,purchase,oliveyoung,251,A000000012354,겐조,로 겐조 뿌르 옴므 EDT 30ml,Kenzo,exact_or_alias:겐조->Kenzo,로 뿌르 옴므,EDT,LIQUID_PERFUME,,,
ci_abc832e5b5ca,purchase,oliveyoung,252,A000000211193,나르시소 로드리게즈,나르시소 로드리게즈 올 오브 미 센티드 헤어 퍼퓸 미스트 30ml,Narciso Rodriguez,exact_or_alias:나르시소 로드리게즈->Narciso Rodriguez,올 오브 미 센티드,PARFUM_UNSPECIFIED,HAIR_FRAGRANCE,,,
ci_4ad7df3d4d6b,purchase,oliveyoung,256,A000000208820,에이딕트,에이딕트 오 드 퍼퓸 잇 더 피치 50ml,Addct,reviewed_brand_mapping:에이딕트->Addct,잇 더 피치,EDP,LIQUID_PERFUME,,,
ci_0b7a1d90a416,purchase,oliveyoung,257,A000000176263,헉슬리,헉슬리 퍼퓸 블루 메디나 탠저린 15ml,Huxley,reviewed_brand_mapping:헉슬리->Huxley,블루 메디나 탠저린,PARFUM_UNSPECIFIED,LIQUID_PERFUME,,,
ci_f73f3984cef2,purchase,oliveyoung,258,A000000201147,헉슬리,[기획] 헉슬리 퍼퓸 로즈 피커 15ml,Huxley,reviewed_brand_mapping:헉슬리->Huxley,로즈 피커,PARFUM_UNSPECIFIED,LIQUID_PERFUME,,,
ci_aa51823e6538,purchase,oliveyoung,259,A000000249623,아디다스(뷰티),[김재원PICK] 아디다스 원더포스 EDP (50ml/100ml),Adidas,exact_or_alias:아디다스(뷰티)->Adidas,김재원 아디다스 원더포스,EDP,LIQUID_PERFUME,,,
ci_5ec349e187e7,purchase,oliveyoung,261,A000000204902,호텔도슨,호텔도슨 살룻투유 향수 오드퍼퓸 20ml [시트러스 블렌드향],Hotel Dawson,reviewed_brand_mapping:호텔도슨->Hotel Dawson,살룻투유 시트러스 블렌드향,EDP,LIQUID_PERFUME,,,
ci_c3d37773b6a5,purchase,oliveyoung,262,A000000204903,호텔도슨,호텔도슨 미드소마 향수 오드퍼퓸 20ml [새벽공기향],Hotel Dawson,reviewed_brand_mapping:호텔도슨->Hotel Dawson,미드소마 새벽공기향,EDP,LIQUID_PERFUME,,,
ci_2137ed472e0c,purchase,oliveyoung,263,A000000256753,에틀리에,[엔믹스설윤PICK] 에틀리에 오 드 퍼퓸 코튼파우더 30ml,Kiss New York,reviewed_brand_mapping:에틀리에->Kiss New York,엔믹스설윤 코튼파우더,EDP,LIQUID_PERFUME,,,
ci_ec936f18d36c,purchase,oliveyoung,264,A000000267366,아뜰리에페이,[NEW] 아뜰리에페이 퍼퓸 30ml 코지파자마,Atelier Faye,unresolved_brand:아뜰리에페이,코지파자마,PARFUM_UNSPECIFIED,LIQUID_PERFUME,,,
ci_8ef0ec586657,purchase,oliveyoung,265,A000000267368,아뜰리에페이,[NEW] 아뜰리에페이 퍼퓸 30ml 프렌치로즈,Atelier Faye,unresolved_brand:아뜰리에페이,프렌치로즈,PARFUM_UNSPECIFIED,LIQUID_PERFUME,,,
ci_1f86ce3efead,purchase,oliveyoung,266,A000000173673,겐조,플라워바이겐조 EDP 15ml,Kenzo,exact_or_alias:겐조->Kenzo,플라워바이,EDP,LIQUID_PERFUME,,,
ci_9410f2c3c9e1,purchase,oliveyoung,267,A000000163841,더바디샵,더바디샵 브리티쉬 로즈 EDT 100ml,The Body Shop,exact_or_alias:더바디샵->The Body Shop,더 샵 브리티쉬 로즈,EDT,BODY_FRAGRANCE,,,
ci_d877021d43d8,purchase,oliveyoung,268,A000000267362,아뜰리에페이,[NEW] 아뜰리에페이 퍼퓸 30ml 블랙 우드,Atelier Faye,unresolved_brand:아뜰리에페이,블랙 우드,PARFUM_UNSPECIFIED,LIQUID_PERFUME,,,
ci_6591ee6833ed,purchase,oliveyoung,270,A000000230056,아디다스(뷰티),[김재원PICK] 아디다스 겟 컴피 EDP (30m기획/50ml/100ml),Adidas,exact_or_alias:아디다스(뷰티)->Adidas,김재원 아디다스 겟 컴피 30m,EDP,LIQUID_PERFUME,,,
ci_c8263db73b5c,purchase,oliveyoung,271,A000000267374,아뜰리에페이,[NEW] 아뜰리에페이 헤어 퍼퓸 30ml 실크 매그놀리아,Atelier Faye,unresolved_brand:아뜰리에페이,실크 매그놀리아,PARFUM_UNSPECIFIED,HAIR_FRAGRANCE,,,
ci_90198f48e65a,purchase,oliveyoung,272,A000000247868,록시땅,록시땅 버베나 바디 & 헤어 인비고레이팅 미스트 50ml,L'Occitane en Provence,exact_or_alias:록시땅->L'Occitane en Provence,버베나 & 인비고레이팅,UNSPECIFIED,HAIR_FRAGRANCE,,,
ci_386c9fc422b5,purchase,oliveyoung,274,A000000225318,헉슬리,[NEW] 헉슬리 헤어퍼퓸 25ml 로즈 피커,Huxley,reviewed_brand_mapping:헉슬리->Huxley,로즈 피커,PARFUM_UNSPECIFIED,HAIR_FRAGRANCE,,,
ci_645e551cc4d2,purchase,oliveyoung,275,A000000225468,에이딕트,[에탄올 FREE] 에이딕트 헤어퍼퓸 30ml (단품/기획),Addct,reviewed_brand_mapping:에이딕트->Addct,에탄올 FREE,PARFUM_UNSPECIFIED,HAIR_FRAGRANCE,,,
ci_1a425f8adb57,purchase,oliveyoung,276,A000000152432,로맨띠끄,[명품향수/도손&화이트플로럴향]로맨띠끄 튜베로즈 퍼퓸 50ml,로맨띠끄,unresolved_brand:로맨띠끄,명품 도손&화이트플로럴향 튜베로즈,PARFUM_UNSPECIFIED,LIQUID_PERFUME,,,
ci_2c9beac9d0e8,purchase,oliveyoung,277,A000000229846,아디다스(뷰티),[김재원PICK] 아디다스  에너지 드라이브 EDP (30ml기획/50ml/100ml),Adidas,exact_or_alias:아디다스(뷰티)->Adidas,김재원 아디다스 에너지 드라이브 30ml,EDP,LIQUID_PERFUME,,,
ci_b53be752c6dd,purchase,oliveyoung,278,A000000219066,슬로우허밍,슬로우허밍 플라워너리 릴리프 퍼퓸밤 플레르베일,슬로우허밍,unresolved_brand:슬로우허밍,플라워너리 릴리프 플레르베일,PARFUM_UNSPECIFIED,BALM_OR_STICK,,,
ci_d091a8acab36,purchase,oliveyoung,279,A000000236444,아닐로,아닐로 패츌리가든 오 드 퍼퓸 10ml/50ml 단독 기획,ANILLO,reviewed_brand_mapping:아닐로->ANILLO,패츌리가든 단독,EDP,LIQUID_PERFUME,,,
ci_364e46e48e35,purchase,oliveyoung,281,A000000253208,슬로우허밍,[단독기획] 슬로우허밍 프루티너리 헤어 퍼퓸 미스트 터치피치 기획 (+룸&패브릭 스프레이 플라워솝 미니),슬로우허밍,unresolved_brand:슬로우허밍,프루티너리 터치피치,PARFUM_UNSPECIFIED,HAIR_FRAGRANCE,,,
ci_c41a52adbb73,purchase,oliveyoung,282,A000000253209,슬로우허밍,[단독기획] 슬로우허밍 플라워너리 헤어 퍼퓸 미스트 플라워솝 기획 (+룸&패브릭 스프레이 플라워솝 미니),슬로우허밍,unresolved_brand:슬로우허밍,플라워너리 플라워솝,PARFUM_UNSPECIFIED,HAIR_FRAGRANCE,,,
ci_10b88a70f281,purchase,oliveyoung,284,A000000000559,겐조,로 겐조 뿌르 팜므 EDT 30ml,Kenzo,exact_or_alias:겐조->Kenzo,로 뿌르 팜므,EDT,LIQUID_PERFUME,,,
ci_9825f4c137fe,purchase,oliveyoung,286,A000000000597,베르사체,베르사체 맨오프레쉬 50ml,Versace,exact_or_alias:베르사체->Versace,맨오프레쉬,UNSPECIFIED,LIQUID_PERFUME,,,
ci_07ca704561a6,purchase,oliveyoung,287,A000000102233,마크제이콥스,마크제이콥스 데이지 오 쏘 프레쉬 EDT 75ml,Marc Jacobs,exact_or_alias:마크제이콥스->Marc Jacobs,데이지 오 쏘 프레쉬,EDT,LIQUID_PERFUME,,,
ci_2f24ebaf093c,purchase,oliveyoung,288,A000000111356,나르시소 로드리게즈,나르시소 로드리게즈 포 힘 블루 누와르 EDT (50ml/100ml),Narciso Rodriguez,exact_or_alias:나르시소 로드리게즈->Narciso Rodriguez,포 힘 블루 누와르,EDT,LIQUID_PERFUME,,,
ci_6d1c380aa36c,purchase,oliveyoung,289,A000000150655,토스,토스 러브미 EDP 30ml (미니어처 증정),토스,unresolved_brand:토스,러브미,EDP,LIQUID_PERFUME,,,
ci_1ae8327ff37a,purchase,oliveyoung,290,A000000152852,메르세데스 벤츠,메르세데스 벤츠 맨 프레쉬 EDT 50ml,Mercedes-Benz,exact_or_alias:메르세데스 벤츠->Mercedes-Benz,맨 프레쉬,EDT,LIQUID_PERFUME,,,
ci_69cfae7949a5,purchase,oliveyoung,292,A000000156674,겐조,플라워바이겐조 NEW EDT 30ml,Kenzo,exact_or_alias:겐조->Kenzo,플라워바이,EDT,LIQUID_PERFUME,,,
ci_86dc614dcc29,purchase,oliveyoung,293,A000000157084,메모,메모 마르파 오드퍼퓸 (30ml/75ml),Memo Paris,exact_or_alias:메모->Memo Paris,마르파,EDP,LIQUID_PERFUME,,,
ci_282980a7211b,purchase,oliveyoung,295,A000000161664,모스키노,모스키노 토이 보이 EDP 30ml,Moschino,exact_or_alias:모스키노->Moschino,토이 보이,EDP,LIQUID_PERFUME,,,
ci_f4b1990c867f,purchase,oliveyoung,296,A000000167684,마크제이콥스,마크제이콥스 퍼펙트 EDP 50ml,Marc Jacobs,exact_or_alias:마크제이콥스->Marc Jacobs,퍼펙트,EDP,LIQUID_PERFUME,,,
ci_92a3f91f742a,purchase,oliveyoung,297,A000000170883,겐조,겐조 옴므 EDP 110ml,Kenzo,exact_or_alias:겐조->Kenzo,옴므,EDP,LIQUID_PERFUME,,,
ci_a5b7d1b0a828,purchase,oliveyoung,298,A000000170885,겐조,겐조 옴므 EDT 60ml,Kenzo,exact_or_alias:겐조->Kenzo,옴므,EDT,LIQUID_PERFUME,,,
ci_dbe9baced91f,purchase,oliveyoung,299,A000000173513,엔시피,엔시피 601 앰버&가이악우드 EDP 10ml 기획세트(퍼퓸파우치+1ml 샘플 추가증정),N.C.P. Olfactives,reviewed_brand_mapping:엔시피->N.C.P. Olfactives,601 앰버&가이악우드 파우치,EDP,LIQUID_PERFUME,,,
ci_7189a8cff0e0,purchase,oliveyoung,300,A000000174375,포엘리에,포엘리에 옴므 오드퍼퓸 우디&머스크 남자 향수 30ml,포엘리에,unresolved_brand:포엘리에,옴므 우디&머스크 남자,EDP,LIQUID_PERFUME,,,
ci_24680e62d6d7,purchase,oliveyoung,302,A000000181616,메모,메모 케두 EDP 75ml,Memo Paris,exact_or_alias:메모->Memo Paris,케두,EDP,LIQUID_PERFUME,,,
ci_d586aa0a6484,purchase,oliveyoung,303,A000000182391,끌로에,끌로에 노마드 EDT 30ml/50ml,Chloé,exact_or_alias:끌로에->Chloé,노마드,EDT,LIQUID_PERFUME,,,
ci_58725aaf12a6,purchase,oliveyoung,304,A000000182975,마이클코어스,[NEW] 마이클 코어스 고저스 오드퍼퓸 50ml,Michael Kors,exact_or_alias:마이클코어스->Michael Kors,마이클 코어스 고저스,EDP,LIQUID_PERFUME,,,
ci_8c8b2a7cfdc2,purchase,oliveyoung,305,A000000183803,버버리,버버리 터치 포 우먼 EDP 50ml,Burberry,exact_or_alias:버버리->Burberry,터치 포 우먼,EDP,LIQUID_PERFUME,,,
ci_bd1391fc2268,purchase,oliveyoung,306,A000000185421,겐조,[NEW]겐조 옴므 오 마린 EDT 60ml,Kenzo,exact_or_alias:겐조->Kenzo,옴므 오 마린,EDT,LIQUID_PERFUME,,,
ci_5b4183bc4a94,purchase,oliveyoung,307,A000000191080,아리아나그란데,아리아나그란데 모드 블러쉬 EDP 30ml,Ariana Grande,exact_or_alias:아리아나그란데->Ariana Grande,모드 블러쉬,EDP,LIQUID_PERFUME,,,
ci_8628eab03e58,purchase,oliveyoung,308,A000000191600,타미힐피거,[단독기획] 타미힐피거 타미 EDT 50ml (+바이알 2ea),Tommy Hilfiger,exact_or_alias:타미힐피거->Tommy Hilfiger,타미,EDT,LIQUID_PERFUME,,,
ci_7b2ed46e866e,purchase,oliveyoung,309,A000000191603,타미힐피거,타미힐피거 타미나우 EDT 30ml,Tommy Hilfiger,exact_or_alias:타미힐피거->Tommy Hilfiger,타미나우,EDT,LIQUID_PERFUME,,,
ci_ddb91a563b5f,purchase,oliveyoung,310,A000000192207,코치,코치 러브 EDP 30ml,Coach,exact_or_alias:코치->Coach,러브,EDP,LIQUID_PERFUME,,,
ci_6998ac30750e,purchase,oliveyoung,311,A000000198092,루에브르,[임현주PICK]루에브르 리베르떼 오 드 퍼퓸 50ml,루에브르,unresolved_brand:루에브르,임현주 리베르떼,EDP,LIQUID_PERFUME,,,
ci_bd1391fc2268,purchase,oliveyoung,313,A000000198599,겐조,겐조 옴므 오 마린 EDT 60ml/110ml 2종 택 1,Kenzo,exact_or_alias:겐조->Kenzo,옴므 오 마린,EDT,LIQUID_PERFUME,,,
ci_c56976820c28,purchase,oliveyoung,316,A000000202712,아로,아로 니티 허그 EDT 50ml,Ahro,reviewed_brand_mapping:아로->Ahro,니티 허그,EDT,LIQUID_PERFUME,,,
ci_89da289a865f,purchase,oliveyoung,317,A000000202752,로맨띠끄,[명품향수/블루드&우디향]로맨띠끄 블루 드 옴므 퍼퓸 50ml,로맨띠끄,unresolved_brand:로맨띠끄,명품 블루드&우디향 블루 드 옴므,PARFUM_UNSPECIFIED,LIQUID_PERFUME,,,
ci_aa6e8d3afdf0,purchase,oliveyoung,318,A000000202753,로맨띠끄,[명품향수/ 옴브레레더&살냄새향] 로맨띠끄 오리진 레더 퍼퓸 50ml,로맨띠끄,unresolved_brand:로맨띠끄,명품 옴브레레더&살냄새향 오리진 레더,PARFUM_UNSPECIFIED,LIQUID_PERFUME,,,
ci_ea47bf82b845,purchase,oliveyoung,321,A000000204076,데메테르 어스,데메테르 어스 리프레싱 오 파퓨메 EDP 30ml/50ml 블라썸 36,Demeter Fragrance,exact_or_alias:데메테르 어스->Demeter Fragrance,리프레싱 오 파퓨메 블라썸 36,EDP,LIQUID_PERFUME,,,
ci_618755e0b4c7,purchase,oliveyoung,323,A000000204894,호텔도슨,호텔도슨 셀프블룸 향수 오드퍼퓸 75ml [첫사랑향수],Hotel Dawson,reviewed_brand_mapping:호텔도슨->Hotel Dawson,셀프블룸 첫사랑,EDP,LIQUID_PERFUME,,,
ci_1bab7c5ac4ff,purchase,oliveyoung,325,A000000205228,아로,아로 라이크 라일락 EDT 50ml,Ahro,reviewed_brand_mapping:아로->Ahro,라이크 라일락,EDT,LIQUID_PERFUME,,,
ci_0f4aec51b46a,purchase,oliveyoung,327,A000000206226,부씨,[NEW] 부씨 HBD 해피벌쓰데이 EDP 30ml,Bussi,reviewed_brand_mapping:부씨->Bussi,HBD 해피벌쓰데이,EDP,LIQUID_PERFUME,,,
ci_ca7a6821a53b,purchase,oliveyoung,328,A000000206265,데메테르 어스,"데메테르 어스 리프레싱 오 파퓨메 EDP 30ml/50ml 베르가못트리, 시실리",Demeter Fragrance,exact_or_alias:데메테르 어스->Demeter Fragrance,리프레싱 오 파퓨메 베르가못트리 시실리,EDP,LIQUID_PERFUME,,,
ci_8ef0ec586657,purchase,oliveyoung,329,A000000206482,아뜰리에페이,아뜰리에페이 퍼퓸 프렌치로즈 30ml,Atelier Faye,unresolved_brand:아뜰리에페이,프렌치로즈,PARFUM_UNSPECIFIED,LIQUID_PERFUME,,,
ci_b9124576388f,purchase,oliveyoung,330,A000000206483,아뜰리에페이,아뜰리에페이 퍼퓸 위스테리아 위시 30ml,Atelier Faye,unresolved_brand:아뜰리에페이,위스테리아 위시,PARFUM_UNSPECIFIED,LIQUID_PERFUME,,,
ci_c0996b76357a,purchase,oliveyoung,332,A000000206522,아이젠틀맨,[남친향수] 아이젠틀맨 콜 유 마인 오 드 퍼퓸 50ml,아이젠틀맨,unresolved_brand:아이젠틀맨,남친 콜 유 마인,EDP,LIQUID_PERFUME,,,
ci_d80c1e1c0e35,purchase,oliveyoung,333,A000000206524,아이젠틀맨,[남친향수] 아이젠틀맨 메이크 미 호니 오 드 퍼퓸 50ml,아이젠틀맨,unresolved_brand:아이젠틀맨,남친 메이크 미 호니,EDP,LIQUID_PERFUME,,,
ci_b529d8117e00,purchase,oliveyoung,334,A000000206702,취,취 오드퍼퓸 50ml 사찰,Chwi 취,reviewed_brand_mapping:취->Chwi 취,사찰,EDP,LIQUID_PERFUME,,,
ci_a14095efca22,purchase,oliveyoung,335,A000000208814,에이딕트,에이딕트 솔리드 퍼퓸 네이키드 오크모스 501 30ml,Addct,reviewed_brand_mapping:에이딕트->Addct,네이키드 오크모스 501,PARFUM_UNSPECIFIED,SOLID_FRAGRANCE,,,
ci_0cd8bde37817,purchase,oliveyoung,336,A000000208822,에이딕트,에이딕트 오 드 퍼퓸 블랑 드 블룸 50ml,Addct,reviewed_brand_mapping:에이딕트->Addct,블랑 드 블룸,EDP,LIQUID_PERFUME,,,
ci_c2f8eb4a45af,purchase,oliveyoung,337,A000000209793,돌체앤가바나,돌체앤가바나 돌체 피오니 EDP 50ml,Dolce&Gabbana,exact_or_alias:돌체앤가바나->Dolce&Gabbana,돌체 피오니,EDP,LIQUID_PERFUME,,,
ci_991648232bc5,purchase,oliveyoung,338,A000000209795,돌체앤가바나,돌체앤가바나 돌체 바이올렛 EDT 50ml,Dolce&Gabbana,exact_or_alias:돌체앤가바나->Dolce&Gabbana,돌체 바이올렛,EDT,LIQUID_PERFUME,,,
ci_3243eee784b1,purchase,oliveyoung,339,A000000211533,메르세데스 벤츠,메르세데스 벤츠 LSA Sea EDP 30ml/60ml 중 택1,Mercedes-Benz,exact_or_alias:메르세데스 벤츠->Mercedes-Benz,LSA Sea 중,EDP,LIQUID_PERFUME,,,
ci_037e2669dbac,purchase,oliveyoung,341,A000000214502,센틀리에,센틀리에 오드퍼퓸 오렌지블라썸 토스카나 50ml,센틀리에,unresolved_brand:센틀리에,오렌지블라썸 토스카나,EDP,LIQUID_PERFUME,,,
ci_2a1ea63b0803,purchase,oliveyoung,342,A000000215986,메모,메모 셔우드 오드퍼퓸 75ml,Memo Paris,exact_or_alias:메모->Memo Paris,셔우드,EDP,LIQUID_PERFUME,,,
ci_9d076738d9c6,purchase,oliveyoung,344,A000000215988,메모,메모 오드메모 오드퍼퓸 (30ml / 100ml),Memo Paris,exact_or_alias:메모->Memo Paris,오드,EDP,LIQUID_PERFUME,,,
ci_e400d6bf0dce,purchase,oliveyoung,345,A000000215989,메모,메모 프렌치 레더 오드퍼퓸 30ml,Memo Paris,exact_or_alias:메모->Memo Paris,프렌치 레더,EDP,LIQUID_PERFUME,,,
ci_86dc614dcc29,purchase,oliveyoung,346,A000000215990,메모,메모 마르파 오드퍼퓸 30ml,Memo Paris,exact_or_alias:메모->Memo Paris,마르파,EDP,LIQUID_PERFUME,,,
ci_40662b7794ec,purchase,oliveyoung,347,A000000216041,알보우,[기획] 알보우 케이스 스터디 EDP 30ml 상탈 블루 (+핸드크림),RboW,reviewed_brand_mapping:알보우->RboW,케이스 스터디 상탈 블루,EDP,LIQUID_PERFUME,,,
ci_6ce2f66eb9fa,purchase,oliveyoung,348,A000000216439,더페이스샵,더페이스샵 소울 써니 블라썸 EDP 30ml,The Face Shop,reviewed_brand_mapping:더페이스샵->The Face Shop,소울 써니 블라썸,EDP,LIQUID_PERFUME,,,
ci_0955109a1d1c,purchase,oliveyoung,349,A000000216443,더페이스샵,더페이스샵 소울 릴리 드림 EDP 30ml,The Face Shop,reviewed_brand_mapping:더페이스샵->The Face Shop,소울 릴리 드림,EDP,LIQUID_PERFUME,,,
ci_5617243762de,purchase,oliveyoung,350,A000000216446,더페이스샵,더페이스샵 소울 퓨어 허그 EDP 30ml,The Face Shop,reviewed_brand_mapping:더페이스샵->The Face Shop,소울 퓨어 허그,EDP,LIQUID_PERFUME,,,
ci_497721463d61,purchase,lotte,1,PD51657591,향수존,그레 카보틴 오드뚜왈렛 30ml,Grès,exact_or_alias:그레->Grès,카보틴,EDT,LIQUID_PERFUME,,,
ci_1788671841a1,purchase,lotte,2,PD67351722,향수존,[몽탈] 초콜릿 그리디 오드퍼퓸 100ml (바이알 3종),Montale,exact_or_alias:몽탈->Montale,초콜릿 그리디,EDP,LIQUID_PERFUME,,,
ci_76232424e429,purchase,lotte,3,LE1220689552,향수존,[베르사체] 에로스 에너지 EDP 100ml (미니어처 1종),Versace,exact_or_alias:베르사체->Versace,에로스 에너지,EDP,LIQUID_PERFUME,,,
ci_759aaa61d109,purchase,lotte,4,PD38333575,향수존,재규어 클래식 일렉트릭 스카이 오드뚜왈렛 100ml,Jaguar,exact_or_alias:재규어->Jaguar,클래식 일렉트릭 스카이,EDT,LIQUID_PERFUME,,,
ci_1a909149b802,purchase,lotte,5,PD59665070,향수존,라리끄 솔레이 루나 오드퍼퓸 100ml,Lalique,exact_or_alias:라리끄->Lalique,솔레이 루나,EDP,LIQUID_PERFUME,,,
ci_5ce232d05e65,purchase,lotte,6,PD63600272,향수존,[만세라] 오드 레몬 민트 오드퍼퓸 60ml (바이알 3종),Mancera,exact_or_alias:만세라->Mancera,오드 레몬 민트,EDP,LIQUID_PERFUME,,,
ci_2f9d3332dc12,purchase,lotte,7,PD57713957,향수존,[베르두콜렉션] 그랑크뤼 아주르 리비에라 EDP 100ml,Parfums Berdoues,exact_or_alias:베르두콜렉션->Parfums Berdoues,그랑크뤼 아주르 리비에라,EDP,LIQUID_PERFUME,,,
ci_72b3ebd6097d,purchase,lotte,8,LE1207144895,향수존,[베르사체] 브라이트 크리스탈 오드뚜왈렛 90ml (+ 미니어처 1종),Versace,exact_or_alias:베르사체->Versace,브라이트 크리스탈,EDT,LIQUID_PERFUME,,,
ci_36159d40c5bd,purchase,lotte,9,PD48941689,향수존,바나나리퍼블릭 메탈레인 오드퍼퓸 30ml,Banana Republic,exact_or_alias:바나나리퍼블릭->Banana Republic,메탈레인,EDP,LIQUID_PERFUME,,,
ci_7e172f0085d9,purchase,lotte,10,LE1221902689,향수존,[니샤네] 팬 유어 플레임즈 엑스트레 드 퍼퓸 50ml (바이알 3종),Nishane,exact_or_alias:니샤네->Nishane,팬 유어 플레임즈 엑스트레 드,EXTRAIT,LIQUID_PERFUME,,,
ci_63702fd83c27,purchase,lotte,11,PD48937481,향수존,바나나리퍼블릭 미드나잇 아워 오드퍼퓸 75ml,Banana Republic,exact_or_alias:바나나리퍼블릭->Banana Republic,미드나잇 아워,EDP,LIQUID_PERFUME,,,
ci_17431ee1f5b7,purchase,lotte,12,PD64387972,향수존,[바나나리퍼블릭] 퓨어 화이트 오드퍼퓸 30ml,Banana Republic,exact_or_alias:바나나리퍼블릭->Banana Republic,퓨어 화이트,EDP,LIQUID_PERFUME,,,
ci_db310e94e234,purchase,lotte,13,LE1220621963,향수존,[BMW] 더 센트 오브 베르가무드 오드퍼퓸 100ml,BMW Fragrances,exact_or_alias:BMW->BMW Fragrances,더 센트 오브 베르가무드,EDP,LIQUID_PERFUME,,,
ci_372f702bf714,purchase,lotte,14,PD51854281,향수존,[랑세] 르방케 오드퍼퓸 포 맨 50ml (바이알3종),Rance 1795,exact_or_alias:랑세->Rance 1795,르방케 포 맨 3종,EDP,LIQUID_PERFUME,,,
ci_2349a2481b25,purchase,lotte,15,LE1220713398,향수존,[베르사체] 오프레쉬 맨 EDT 100ml (미니어처 1종),Versace,exact_or_alias:베르사체->Versace,오프레쉬 맨,EDT,LIQUID_PERFUME,,,
ci_684edcf8558a,purchase,lotte,16,PD48933345,향수존,니코스 스컬프쳐 미코노스 오드퍼퓸 100ml,Nikos,exact_or_alias:니코스->Nikos,스컬프쳐 미코노스,EDP,LIQUID_PERFUME,,,
ci_8834b2618482,purchase,lotte,17,LE1222197351,향수존,[몽탈] 비 마이 플럼 오드퍼퓸 100ml (바이알 3종),Montale,exact_or_alias:몽탈->Montale,비 마이 플럼,EDP,LIQUID_PERFUME,,,
ci_3b1cfc988a42,purchase,lotte,18,LE1222242988,향수존,[만세라] 자스민 엑스클루시프 오드퍼퓸 120ml (바이알 3종),Mancera,exact_or_alias:만세라->Mancera,자스민 엑스클루시프,EDP,LIQUID_PERFUME,,,
ci_77ef68d53564,purchase,lotte,19,PD51860983,향수존,[랑세] 조세핀 오드퍼퓸 포 우먼 100ml (바이알3종),Rance 1795,exact_or_alias:랑세->Rance 1795,조세핀 포 우먼 3종,EDP,LIQUID_PERFUME,,,
ci_d1e694f37a14,purchase,lotte,20,PD66471632,향수존,[몽탈] 버블 포에버 오드퍼퓸 100ml (바이알 3종),Montale,exact_or_alias:몽탈->Montale,버블 포에버,EDP,LIQUID_PERFUME,,,
ci_723799ff0906,purchase,lotte,21,PD66650759,향수존,[니샤네] 하지밧 엑스트레 드 퍼퓸 50ml (바이알3종),Nishane,exact_or_alias:니샤네->Nishane,하지밧 엑스트레 드 3종,EXTRAIT,LIQUID_PERFUME,,,
ci_6b994e4f8017,purchase,lotte,22,PD66633377,향수존,[니샤네] 우롱차 엑스트레 드 퍼퓸 50ml (바이알3종),Nishane,exact_or_alias:니샤네->Nishane,우롱차 엑스트레 드 3종,EXTRAIT,LIQUID_PERFUME,,,
ci_06fde7bcef85,purchase,lotte,23,PD65680646,향수존,[랑세] 데지레 오드퍼퓸 포 우먼 50ml (바이알 3종),Rance 1795,exact_or_alias:랑세->Rance 1795,데지레 포 우먼,EDP,LIQUID_PERFUME,,,
ci_ede5ddfd0fce,purchase,lotte,24,PD68530310,향수존,랑세 마틸드 오드퍼퓸 50ml (바이알 3종),Rance 1795,exact_or_alias:랑세->Rance 1795,마틸드,EDP,LIQUID_PERFUME,,,
ci_943d8f44d22e,purchase,lotte,25,PD52737843,향수존,[에센셜퍼퓸] 더 머스크 바이 칼리스 베커 EDP 100ml (바이알2종),Essential Parfums,exact_or_alias:에센셜퍼퓸->Essential Parfums,에센셜 더 머스크 바이 칼리스 베커 2종,EDP,LIQUID_PERFUME,,,
ci_efe9bf7b788d,purchase,lotte,26,PD58256151,향수존,[에센셜퍼퓸] 오렌지상탈 바이 나탈리 그라시아세토 EDP 100ml (바이알2종),Essential Parfums,exact_or_alias:에센셜퍼퓸->Essential Parfums,에센셜 오렌지상탈 바이 나탈리 그라시아세토 2종,EDP,LIQUID_PERFUME,,,
ci_479dbdac0a43,purchase,lotte,27,PD58288680,향수존,[에센셜퍼퓸] 피그 인퓨전 바이 나탈리 로슨 EDP 100ml (바이알2종),Essential Parfums,exact_or_alias:에센셜퍼퓸->Essential Parfums,에센셜 피그 인퓨전 바이 나탈리 로슨 2종,EDP,LIQUID_PERFUME,,,
ci_c48800ffc2b0,purchase,lotte,28,LE1221806156,향수존,퓨레앙스 화이트 블룸 오드퍼퓸 50ml,퓨레앙스,unresolved_brand:퓨레앙스,화이트 블룸,EDP,LIQUID_PERFUME,,,
ci_2a6bca13c7e1,purchase,lotte,29,LE1220872061,향수존,비엠더블유 앰버니스 오드퍼퓸 50ml,BMW Fragrances,exact_or_alias:비엠더블유->BMW Fragrances,앰버니스,EDP,LIQUID_PERFUME,,,
ci_0b81c33195e9,purchase,lotte,30,LE1220616823,향수존,[비엠더블유] 더 센트 오브 앰버니스 오드퍼퓸 50ml,BMW Fragrances,exact_or_alias:비엠더블유->BMW Fragrances,더 센트 오브 앰버니스,EDP,LIQUID_PERFUME,,,
ci_8340a84c1a24,purchase,lotte,31,LE1208156089,향수존,베르두콜렉션 그랑크뤼 아쌈 오브 인디아 EDP 100m,Parfums Berdoues,exact_or_alias:베르두콜렉션->Parfums Berdoues,그랑크뤼 아쌈 오브 인디아,EDP,LIQUID_PERFUME,,,
ci_2f9d3332dc12,purchase,lotte,32,LE1208312389,향수존,베르두콜렉션 그랑크뤼 아주르 리비에라 EDP 100ml,Parfums Berdoues,exact_or_alias:베르두콜렉션->Parfums Berdoues,그랑크뤼 아주르 리비에라,EDP,LIQUID_PERFUME,,,
ci_6b994e4f8017,purchase,lotte,33,PD66649697,향수존,[니샤네] 우롱차 엑스트레 드 퍼퓸 100ml (바이알3종),Nishane,exact_or_alias:니샤네->Nishane,우롱차 엑스트레 드 3종,EXTRAIT,LIQUID_PERFUME,,,
ci_eac325a6dc15,purchase,lotte,34,PD63589929,향수존,[만세라] 인텐스 세드라 부아제 EXDP 120ml (바이알 3종),Mancera,exact_or_alias:만세라->Mancera,인텐스 세드라 부아제,EXTRAIT,LIQUID_PERFUME,,,
ci_cff22b02dea9,purchase,lotte,35,PD48937356,향수존,바나나리퍼블릭 다크체리 & 앰버 오드퍼퓸 75ml,Banana Republic,exact_or_alias:바나나리퍼블릭->Banana Republic,다크체리 & 앰버,EDP,LIQUID_PERFUME,,,
ci_d60c0d374cfc,purchase,lotte,36,LE1215817133,향수존,[리플레이] 러버즈 포 우먼 오드뚜왈렛 30ml,Replay,exact_or_alias:리플레이->Replay,러버즈 포 우먼,EDT,LIQUID_PERFUME,,,
ci_9655311a9980,purchase,lotte,37,PD44961328,향수존,마주리 시그니처 클래식 오드퍼퓸 75ml,마주리,unresolved_brand:마주리,시그니처 클래식,EDP,LIQUID_PERFUME,,,
ci_029d5242811e,purchase,lotte,38,PD63592343,향수존,[만세라] 인스턴트 크러쉬 오드퍼퓸 120ml (바이알 3종),Mancera,exact_or_alias:만세라->Mancera,인스턴트 크러쉬,EDP,LIQUID_PERFUME,,,
ci_77ef68d53564,purchase,lotte,39,LE1207901995,향수존,[랑세] 조세핀 오드퍼퓸 포 우먼 50ml (바이알3종),Rance 1795,exact_or_alias:랑세->Rance 1795,조세핀 포 우먼 3종,EDP,LIQUID_PERFUME,,,
ci_ef14f19b3b75,purchase,lotte,40,PD52738176,향수존,[랑세] 헬레네 오드퍼퓸 포 우먼 50ml (바이알 3종),Rance 1795,exact_or_alias:랑세->Rance 1795,헬레네 포 우먼,EDP,LIQUID_PERFUME,,,
ci_17579459b767,purchase,lotte,41,PD63599473,향수존,[만세라] 통카 콜라 오드퍼퓸 60ml (바이알 3종),Mancera,exact_or_alias:만세라->Mancera,통카 콜라,EDP,LIQUID_PERFUME,,,
ci_e202954dd7c6,purchase,lotte,42,PD48934679,향수존,케네스콜 맨카인드 라이즈 오드뚜왈렛 100ml,Kenneth Cole,exact_or_alias:케네스콜->Kenneth Cole,맨카인드 라이즈,EDT,LIQUID_PERFUME,,,
ci_c6b3db5b5caa,purchase,lotte,43,LE1221760488,향수존,비엠더블유 M2025 오드뚜왈렛 50ml,BMW Fragrances,exact_or_alias:비엠더블유->BMW Fragrances,M2025,EDT,LIQUID_PERFUME,,,
ci_c6b3db5b5caa,purchase,lotte,44,LE1221915778,향수존,[BMW] M 2025 오드뚜왈렛 50ml,BMW Fragrances,exact_or_alias:BMW->BMW Fragrances,M 2025,EDT,LIQUID_PERFUME,,,
ci_ca0ee5a0b251,purchase,lotte,45,LE1222149895,향수존,[훌라] 아우텐티카 오드퍼퓸 50ml,훌라,unresolved_brand:훌라,아우텐티카,EDP,LIQUID_PERFUME,,,
ci_3cd9661eab70,purchase,lotte,46,LE1222243034,향수존,[만세라] 인텐스 레드 토바코 엑스트레 드 퍼퓸 60ml (바이알 3종),Mancera,exact_or_alias:만세라->Mancera,인텐스 레드 토바코 엑스트레 드,EXTRAIT,LIQUID_PERFUME,,,
ci_a1c5a87f45bb,purchase,lotte,47,LE1222242917,향수존,[만세라] 패블러스 유주 오드퍼퓸 120ml (바이알 3종),Mancera,exact_or_alias:만세라->Mancera,패블러스 유주,EDP,LIQUID_PERFUME,,,
ci_552d7d6dc0b6,purchase,lotte,48,LE1222149905,향수존,[훌라] 아도라빌레 오드퍼퓸 50ml,훌라,unresolved_brand:훌라,아도라빌레,EDP,LIQUID_PERFUME,,,
ci_df319d71a09a,purchase,lotte,49,PD63596802,향수존,[만세라] 코코 바닐 오드퍼퓸 60ml (바이알 3종),Mancera,exact_or_alias:만세라->Mancera,코코 바닐,EDP,LIQUID_PERFUME,,,
ci_1788671841a1,purchase,lotte,50,LE1215939417,향수존,[몽탈] 초콜릿 그리디 오드퍼퓸 100ml (바이알 3종),Montale,exact_or_alias:몽탈->Montale,초콜릿 그리디,EDP,LIQUID_PERFUME,,,
ci_7a181ba8b2ed,purchase,lotte,51,PD63598890,향수존,[만세라] 시실리 오드퍼퓸 60ml (바이알 3종),Mancera,exact_or_alias:만세라->Mancera,시실리,EDP,LIQUID_PERFUME,,,
ci_029d5242811e,purchase,lotte,52,LE1215962572,향수존,[만세라] 인스턴트 크러쉬 오드퍼퓸 60ml (바이알 3종),Mancera,exact_or_alias:만세라->Mancera,인스턴트 크러쉬,EDP,LIQUID_PERFUME,,,
ci_36c77bf10f8a,purchase,lotte,53,PD63607394,향수존,[만세라] 로즈 그리디 오드퍼퓸 60ml (바이알 3종),Mancera,exact_or_alias:만세라->Mancera,로즈 그리디,EDP,LIQUID_PERFUME,,,
ci_029d5242811e,purchase,lotte,54,PD63593822,향수존,[만세라] 인스턴트 크러쉬 오드퍼퓸 60ml (바이알 3종),Mancera,exact_or_alias:만세라->Mancera,인스턴트 크러쉬,EDP,LIQUID_PERFUME,,,
ci_393fc8cf01a3,purchase,lotte,55,PD63595711,향수존,[만세라] 프렌치 리비에라 오드퍼퓸 120ml (바이알 3종),Mancera,exact_or_alias:만세라->Mancera,프렌치 리비에라,EDP,LIQUID_PERFUME,,,
ci_552d7d6dc0b6,purchase,lotte,56,LE1222117122,향수존,[훌라] 아도라빌레 오드퍼퓸 100ml,훌라,unresolved_brand:훌라,아도라빌레,EDP,LIQUID_PERFUME,,,
ci_975325349265,purchase,lotte,57,LE1222117039,향수존,[훌라] 퓨라 오드퍼퓸 100ml,훌라,unresolved_brand:훌라,퓨라,EDP,LIQUID_PERFUME,,,
ci_e1a4a5a7dcb1,purchase,lotte,58,LE1222117199,향수존,[훌라] 우니카 오드퍼퓸 100ml,훌라,unresolved_brand:훌라,우니카,EDP,LIQUID_PERFUME,,,
ci_a5cd171f5185,purchase,lotte,59,LE1222129725,향수존,[막스앤코] 모닝 캔 웨이트 오드퍼퓸 100ml,막스앤코,unresolved_brand:막스앤코,모닝 캔 웨이트,EDP,LIQUID_PERFUME,,,
ci_ca0ee5a0b251,purchase,lotte,60,LE1222117234,향수존,[훌라] 아우텐티카 오드퍼퓸 100ml,훌라,unresolved_brand:훌라,아우텐티카,EDP,LIQUID_PERFUME,,,
ci_d8461bafd796,purchase,lotte,61,LE1222129591,향수존,[막스앤코] 굿 바이브스 돈 라이 오드퍼퓸 100ml,막스앤코,unresolved_brand:막스앤코,굿 바이브스 돈 라이,EDP,LIQUID_PERFUME,,,
ci_683d2418c073,purchase,lotte,62,LE1222129683,향수존,[막스앤코] 쉬 이즈 어 10 오드퍼퓸 100ml,막스앤코,unresolved_brand:막스앤코,쉬 이즈 어 10,EDP,LIQUID_PERFUME,,,
ci_0e762e9fa72f,purchase,lotte,63,PD58254046,향수존,[에센셜퍼퓸] 나이스 베르가못 바이 앙투완메종디유 EDP 100ml (바이알2종),Essential Parfums,exact_or_alias:에센셜퍼퓸->Essential Parfums,에센셜 나이스 베르가못 바이 앙투완메종디유 2종,EDP,LIQUID_PERFUME,,,
ci_3c138ae27883,purchase,lotte,64,LE1215915130,향수존,[랑세] 오드라 꾸론느 오드뚜왈렛 100ml (바이알 3종),Rance 1795,exact_or_alias:랑세->Rance 1795,오드라 꾸론느,EDT,LIQUID_PERFUME,,,
ci_3c138ae27883,purchase,lotte,65,LE1215915174,향수존,[랑세] 오드라 꾸론느 오드뚜왈렛 50ml (바이알 3종),Rance 1795,exact_or_alias:랑세->Rance 1795,오드라 꾸론느,EDT,LIQUID_PERFUME,,,
ci_a31874bc1078,purchase,lotte,66,PD52732121,향수존,[랑세] 프랑수와찰스 오드퍼퓸 포 맨 100ml (바이알 3종),Rance 1795,exact_or_alias:랑세->Rance 1795,프랑수와찰스 포 맨,EDP,LIQUID_PERFUME,,,
ci_15c399e96ac7,purchase,lotte,67,PD52742541,향수존,[랑세] 유제니 오드퍼퓸 포 우먼 100ml (바이알 3종),Rance 1795,exact_or_alias:랑세->Rance 1795,유제니 포 우먼,EDP,LIQUID_PERFUME,,,
ci_b1d22fc8e5ed,purchase,lotte,68,PD52732624,향수존,[랑세] 르방케 오드퍼퓸 포 맨 100ml (바이알 3종),Rance 1795,exact_or_alias:랑세->Rance 1795,르방케 포 맨,EDP,LIQUID_PERFUME,,,
ci_4729f48f8c29,purchase,lotte,69,LE1207901997,향수존,[랑세] 유제니 오드퍼퓸 포 우먼100ml (바이알3종),Rance 1795,exact_or_alias:랑세->Rance 1795,유제니 포 우먼100ml 3종,EDP,LIQUID_PERFUME,,,
ci_372f702bf714,purchase,lotte,70,LE1207902004,향수존,[랑세] 르방케 오드퍼퓸 포 맨 100ml (바이알3종),Rance 1795,exact_or_alias:랑세->Rance 1795,르방케 포 맨 3종,EDP,LIQUID_PERFUME,,,
ci_71fa21326226,purchase,lotte,71,LE1207858905,향수존,[랑세] 데지레 오드퍼퓸 포 우먼 50ml (바이알3종),Rance 1795,exact_or_alias:랑세->Rance 1795,데지레 포 우먼 3종,EDP,LIQUID_PERFUME,,,
ci_77cc9879d419,purchase,lotte,72,PD51670573,향수존,[라리끄] 라무르 오드퍼퓸100ml,Lalique,exact_or_alias:라리끄->Lalique,라무르 100ml,EDP,LIQUID_PERFUME,,,
ci_e308c32a4ecb,purchase,lotte,73,LE1221915719,향수존,[BMW] M 1985 오드뚜왈렛 100ml,BMW Fragrances,exact_or_alias:BMW->BMW Fragrances,M 1985,EDT,LIQUID_PERFUME,,,
ci_d2c39dca8ba1,purchase,lotte,74,LE1221915669,향수존,[BMW] M 1972 오드뚜왈렛 100ml,BMW Fragrances,exact_or_alias:BMW->BMW Fragrances,M 1972,EDT,LIQUID_PERFUME,,,
ci_e308c32a4ecb,purchase,lotte,75,LE1221915711,향수존,[BMW] M 1985 오드뚜왈렛 50ml,BMW Fragrances,exact_or_alias:BMW->BMW Fragrances,M 1985,EDT,LIQUID_PERFUME,,,
ci_c6b3db5b5caa,purchase,lotte,76,LE1221915757,향수존,[BMW] M 2025 오드뚜왈렛 100ml,BMW Fragrances,exact_or_alias:BMW->BMW Fragrances,M 2025,EDT,LIQUID_PERFUME,,,
ci_6417c841663e,purchase,lotte,77,LE1221914475,향수존,[바나나리퍼블릭] 네롤리 우드 오드퍼퓸 30ml,Banana Republic,exact_or_alias:바나나리퍼블릭->Banana Republic,네롤리 우드,EDP,LIQUID_PERFUME,,,
ci_d2c39dca8ba1,purchase,lotte,78,LE1221915660,향수존,[BMW] M 1972 오드뚜왈렛 50ml,BMW Fragrances,exact_or_alias:BMW->BMW Fragrances,M 1972,EDT,LIQUID_PERFUME,,,
ci_6525a252213c,purchase,lotte,79,LE1221903313,향수존,[니샤네] 헌드레드 사일런트 웨이즈 엑스트레 드 퍼퓸 50ml (바이알 3종),Nishane,exact_or_alias:니샤네->Nishane,헌드레드 사일런트 웨이즈 엑스트레 드,EXTRAIT,LIQUID_PERFUME,,,
ci_f87ccd37195b,purchase,lotte,80,LE1221903438,향수존,[니샤네] 난쉬 엑스트레 드 퍼퓸 100ml (바이알 3종),Nishane,exact_or_alias:니샤네->Nishane,난쉬 엑스트레 드,EXTRAIT,LIQUID_PERFUME,,,
ci_6525a252213c,purchase,lotte,81,LE1221903350,향수존,[니샤네] 헌드레드 사일런트 웨이즈 엑스트레 드 퍼퓸 100ml (바이알 3종),Nishane,exact_or_alias:니샤네->Nishane,헌드레드 사일런트 웨이즈 엑스트레 드,EXTRAIT,LIQUID_PERFUME,,,
ci_ede5ddfd0fce,purchase,lotte,82,PD68533685,향수존,[랑세] 마틸드 오드퍼퓸 100ml (바이알 3종),Rance 1795,exact_or_alias:랑세->Rance 1795,마틸드,EDP,LIQUID_PERFUME,,,
ci_71fa21326226,purchase,lotte,83,PD51857939,향수존,[랑세] 데지레 오드퍼퓸 포 우먼 100ml (바이알3종),Rance 1795,exact_or_alias:랑세->Rance 1795,데지레 포 우먼 3종,EDP,LIQUID_PERFUME,,,
ci_0dcf5a90e211,purchase,lotte,84,PD68527754,향수존,[랑세] 오드프랑스 오드뚜왈렛 100ml (바이알 3종),Rance 1795,exact_or_alias:랑세->Rance 1795,오드프랑스,EDT,LIQUID_PERFUME,,,
ci_ccaf177d157d,purchase,lotte,85,PD58518288,향수존,[에센셜퍼퓸] 벨벳아이리스 바이 도미니크 로피옹 EDP 100ml (바이알2종),Essential Parfums,exact_or_alias:에센셜퍼퓸->Essential Parfums,에센셜 벨벳아이리스 바이 도미니크 로피옹 2종,EDP,LIQUID_PERFUME,,,
ci_e4a21527d71c,purchase,lotte,86,PD59626638,향수존,[에센셜퍼퓸] 디바인 바닐 바이 올리비에 페슈 EDP 100ml (바이알2종),Essential Parfums,exact_or_alias:에센셜퍼퓸->Essential Parfums,에센셜 디바인 바닐 바이 올리비에 페슈 2종,EDP,LIQUID_PERFUME,,,
ci_dca33c49dbd3,purchase,lotte,87,PD53064604,향수존,[에센셜퍼퓸] 로즈 마그네틱 바이 소피라베 EDP 100ml (바이알2종),Essential Parfums,exact_or_alias:에센셜퍼퓸->Essential Parfums,에센셜 로즈 마그네틱 바이 소피라베 2종,EDP,LIQUID_PERFUME,,,
ci_7efb9f7918b8,purchase,lotte,88,PD52723479,향수존,[에센셜퍼퓸] 몽 베티버 바이 브루노 조바노빅 EDP 100ml (바이알2종),Essential Parfums,exact_or_alias:에센셜퍼퓸->Essential Parfums,에센셜 몽 베티버 바이 브루노 조바노빅 2종,EDP,LIQUID_PERFUME,,,
ci_1078b76d0351,purchase,lotte,89,PD52948598,향수존,[에센셜퍼퓸] 패출리 마니아 바이 파브리스 펠레그린 EDP 100ml (바이알2종),Essential Parfums,exact_or_alias:에센셜퍼퓸->Essential Parfums,에센셜 패출리 마니아 바이 파브리스 펠레그린 2종,EDP,LIQUID_PERFUME,,,
ci_828fd587bcc8,purchase,lotte,90,PD52722173,향수존,[에센셜퍼퓸] 네롤리 보타니카 바이 앤 플리포 EDP 100ml (바이알2종),Essential Parfums,exact_or_alias:에센셜퍼퓸->Essential Parfums,에센셜 네롤리 보타니카 바이 앤 플리포 2종,EDP,LIQUID_PERFUME,,,
ci_48f88df72266,purchase,lotte,91,PD66469984,향수존,[몽탈] 아라비안 통카 오드퍼퓸 100ml (바이알 3종),Montale,exact_or_alias:몽탈->Montale,아라비안 통카,EDP,LIQUID_PERFUME,,,
ci_6417c841663e,purchase,lotte,92,PD65186936,향수존,바나나리퍼블릭 네롤리 우드 오드퍼퓸 75ml,Banana Republic,exact_or_alias:바나나리퍼블릭->Banana Republic,네롤리 우드,EDP,LIQUID_PERFUME,,,
ci_acd5fe065a4e,purchase,lotte,93,LE1221805853,향수존,퓨레앙스 골든 텐저린 오드퍼퓸 50ml,퓨레앙스,unresolved_brand:퓨레앙스,골든 텐저린,EDP,LIQUID_PERFUME,,,
ci_9dca89744659,purchase,lotte,94,LE1221805913,향수존,퓨레앙스 블랑 드 로즈 오드퍼퓸 50ml,퓨레앙스,unresolved_brand:퓨레앙스,블랑 드 로즈,EDP,LIQUID_PERFUME,,,
ci_788bf737ffe8,purchase,lotte,95,LE1221806123,향수존,퓨레앙스 플레르 머스크 오드퍼퓸 50ml,퓨레앙스,unresolved_brand:퓨레앙스,플레르 머스크,EDP,LIQUID_PERFUME,,,
ci_e308c32a4ecb,purchase,lotte,96,LE1221760268,향수존,비엠더블유 M1985 오드뚜왈렛 100ml,BMW Fragrances,exact_or_alias:비엠더블유->BMW Fragrances,M1985,EDT,LIQUID_PERFUME,,,
ci_e308c32a4ecb,purchase,lotte,97,LE1221760215,향수존,비엠더블유 M1985 오드뚜왈렛 50ml,BMW Fragrances,exact_or_alias:비엠더블유->BMW Fragrances,M1985,EDT,LIQUID_PERFUME,,,
ci_dacad42c2028,purchase,lotte,98,PD66632472,향수존,퓨레앙스 블랙베리 베일 오드퍼퓸 50ml,퓨레앙스,unresolved_brand:퓨레앙스,블랙베리 베일,EDP,LIQUID_PERFUME,,,
ci_d2c39dca8ba1,purchase,lotte,99,LE1221760196,향수존,비엠더블유 M1972 오드뚜왈렛 50ml,BMW Fragrances,exact_or_alias:비엠더블유->BMW Fragrances,M1972,EDT,LIQUID_PERFUME,,,
ci_c6b3db5b5caa,purchase,lotte,100,LE1221760466,향수존,비엠더블유 M2025 오드뚜왈렛 100ml,BMW Fragrances,exact_or_alias:비엠더블유->BMW Fragrances,M2025,EDT,LIQUID_PERFUME,,,
ci_d68c89b83d25,purchase,lotte,101,LE1221806089,향수존,퓨레앙스 페어 가든 오드퍼퓸 50ml,퓨레앙스,unresolved_brand:퓨레앙스,페어 가든,EDP,LIQUID_PERFUME,,,
ci_d2c39dca8ba1,purchase,lotte,102,LE1221760179,향수존,비엠더블유 M1972 오드뚜왈렛 100ml,BMW Fragrances,exact_or_alias:비엠더블유->BMW Fragrances,M1972,EDT,LIQUID_PERFUME,,,
ci_6c7d7de64d1a,purchase,lotte,103,LE1207942397,향수존,[베르사체] 에로스플레임 오드퍼퓸 100ml (미니어처1종 랜덤증정),Versace,exact_or_alias:베르사체->Versace,에로스플레임 1종,EDP,LIQUID_PERFUME,,,
ci_e72742290d76,purchase,lotte,104,LE1207144869,향수존,[베르사체] 에로스 플레임 오드퍼퓸 100ml,Versace,exact_or_alias:베르사체->Versace,에로스 플레임,EDP,LIQUID_PERFUME,,,
ci_f87fae9b0c0e,purchase,lotte,105,LE1220677285,향수존,[베르사체] 브라이트 크리스탈 EDT 90ml (미니어처1종 랜덤증정),Versace,exact_or_alias:베르사체->Versace,브라이트 크리스탈 1종,EDT,LIQUID_PERFUME,,,
ci_72b3ebd6097d,purchase,lotte,106,LE1220699948,향수존,[베르사체] 브라이트 크리스탈 오드뚜왈렛 90ml (미니어처 1종),Versace,exact_or_alias:베르사체->Versace,브라이트 크리스탈,EDT,LIQUID_PERFUME,,,
ci_fb30d3e33775,purchase,lotte,107,LE1220677316,향수존,[베르사체] 오프레쉬 맨 오드뚜왈렛 100ml (미니어처1종 랜덤증정),Versace,exact_or_alias:베르사체->Versace,오프레쉬 맨 1종,EDT,LIQUID_PERFUME,,,
ci_2349a2481b25,purchase,lotte,108,LE1207442267,향수존,[베르사체] 오프레쉬 맨 오드뚜왈렛 100ml (+ 미니어처 1종),Versace,exact_or_alias:베르사체->Versace,오프레쉬 맨,EDT,LIQUID_PERFUME,,,
ci_2667882908d6,purchase,lotte,109,LE1220738000,향수존,[니샤네] 멘트 투 비 씬 엑스트레 드 퍼퓸 50ml (바이알 3종),Nishane,exact_or_alias:니샤네->Nishane,멘트 투 비 씬 엑스트레 드,EXTRAIT,LIQUID_PERFUME,,,
ci_6525a252213c,purchase,lotte,110,LE1220626402,향수존,[니샤네] 헌드레드사일런트 웨이즈 엑스트레 드 퍼퓸 50ml(+바이알3종),Nishane,exact_or_alias:니샤네->Nishane,헌드레드사일런트 웨이즈 엑스트레 드,EXTRAIT,LIQUID_PERFUME,,,
ci_5ff6bd9e62a7,purchase,lotte,111,LE1220210522,향수존,[니샤네] 헌드레드사일런트 웨이즈 엑스트레 드 퍼퓸 100ml (바이알3종),Nishane,exact_or_alias:니샤네->Nishane,헌드레드사일런트 웨이즈 엑스트레 드 3종,EXTRAIT,LIQUID_PERFUME,,,
ci_961b6c888564,purchase,lotte,112,LE1220203101,향수존,[니샤네] 난쉬 엑스트레 드 퍼퓸 100ml (바이알3종),Nishane,exact_or_alias:니샤네->Nishane,난쉬 엑스트레 드 3종,EXTRAIT,LIQUID_PERFUME,,,
ci_7e172f0085d9,purchase,lotte,113,LE1220626386,향수존,[니샤네] 팬 유어 플레임즈 엑스트레 드 퍼퓸 50ml (+바이알3종),Nishane,exact_or_alias:니샤네->Nishane,팬 유어 플레임즈 엑스트레 드,EXTRAIT,LIQUID_PERFUME,,,
ci_2667882908d6,purchase,lotte,114,LE1220872586,향수존,[니샤네] 멘트 투비씬 엑스트레 드 퍼퓸 50ml (+바이알3종),Nishane,exact_or_alias:니샤네->Nishane,멘트 투비씬 엑스트레 드,EXTRAIT,LIQUID_PERFUME,,,
ci_b9a4a5188aac,purchase,lotte,115,PD62591402,향수존,바나나리퍼블릭 피오니 & 페퍼콘 오드퍼퓸 75ml,Banana Republic,exact_or_alias:바나나리퍼블릭->Banana Republic,피오니 & 페퍼콘,EDP,LIQUID_PERFUME,,,
ci_b9a4a5188aac,purchase,lotte,116,PD65175253,향수존,[바나나리퍼블릭] 피오니 & 페퍼콘 오드퍼퓸 30ml,Banana Republic,exact_or_alias:바나나리퍼블릭->Banana Republic,피오니 & 페퍼콘,EDP,LIQUID_PERFUME,,,
ci_cbb7b0330ab2,purchase,lotte,117,PD60489913,향수존,[벤틀리] 모멘텀 언브레이커블 오드퍼퓸 100ml,Bentley,exact_or_alias:벤틀리->Bentley,모멘텀 언브레이커블,EDP,LIQUID_PERFUME,,,
ci_497721463d61,purchase,lotte,118,PD52717468,향수존,[그레] 카보틴 오드뚜왈렛 100ml,Grès,exact_or_alias:그레->Grès,카보틴,EDT,LIQUID_PERFUME,,,
ci_ee512d3fd83f,purchase,lotte,119,PD51917661,향수존,[재규어] 이어러 리로리드 오드퍼퓸 100ml,Jaguar,exact_or_alias:재규어->Jaguar,이어러 리로리드,EDP,LIQUID_PERFUME,,,
ci_58d98aa97d8b,purchase,lotte,120,LE1217243895,향수존,[재규어] 이어러 리로디드 오드퍼퓸 100ml,Jaguar,exact_or_alias:재규어->Jaguar,이어러 리로디드,EDP,LIQUID_PERFUME,,,
ci_17431ee1f5b7,purchase,lotte,121,PD64394278,향수존,[바나나리퍼블릭] 퓨어 화이트 오드퍼퓸 75ml,Banana Republic,exact_or_alias:바나나리퍼블릭->Banana Republic,퓨어 화이트,EDP,LIQUID_PERFUME,,,
ci_b07c5a904a22,purchase,lotte,122,LE1220872384,향수존,비엠더블유 베르가무드 오드퍼퓸 50ml,BMW Fragrances,exact_or_alias:비엠더블유->BMW Fragrances,베르가무드,EDP,LIQUID_PERFUME,,,
ci_b5fded73abf9,purchase,lotte,123,LE1220858714,향수존,[니샤네] 아니 엑스트레 드 퍼퓸 50ml (바이알 3종),Nishane,exact_or_alias:니샤네->Nishane,아니 엑스트레 드,EXTRAIT,LIQUID_PERFUME,,,
ci_b07c5a904a22,purchase,lotte,124,LE1220872357,향수존,비엠더블유 베르가무드 오드퍼퓸 100ml,BMW Fragrances,exact_or_alias:비엠더블유->BMW Fragrances,베르가무드,EDP,LIQUID_PERFUME,,,
ci_8df0e96b32ea,purchase,lotte,125,PD66638286,향수존,[니샤네] 에게 엑스트레 드 퍼퓸 100ml (바이알3종),Nishane,exact_or_alias:니샤네->Nishane,에게 엑스트레 드 3종,EXTRAIT,LIQUID_PERFUME,,,
ci_2a6bca13c7e1,purchase,lotte,126,LE1220872273,향수존,비엠더블유 앰버니스 오드퍼퓸 100ml,BMW Fragrances,exact_or_alias:비엠더블유->BMW Fragrances,앰버니스,EDP,LIQUID_PERFUME,,,
ci_dedcc1bc3243,purchase,lotte,127,PD52719868,향수존,[바나나리퍼블릭] 벨벳 포메그레네이트 오드퍼퓸75ml,Banana Republic,exact_or_alias:바나나리퍼블릭->Banana Republic,벨벳 포메그레네이트 75ml,EDP,LIQUID_PERFUME,,,
ci_bfb471bec2cb,purchase,lotte,128,LE1218587254,향수존,랑세 마틸드 오드퍼퓸 100ml (랑세바이알 3종증정),Rance 1795,exact_or_alias:랑세->Rance 1795,마틸드 3종,EDP,LIQUID_PERFUME,,,
ci_87bf6ab870ca,purchase,lotte,129,LE1214428355,향수존,[리플레이] 시크릿 포 우먼 오드뚜왈렛 100ml,Replay,exact_or_alias:리플레이->Replay,시크릿 포 우먼,EDT,LIQUID_PERFUME,,,
ci_d62c7422f3c9,purchase,lotte,130,LE1213125694,향수존,[만세라] 머스키 가든 오드퍼퓸 120ml (바이알 3종),Mancera,exact_or_alias:만세라->Mancera,머스키 가든,EDP,LIQUID_PERFUME,,,
ci_72b3ebd6097d,purchase,lotte,131,LE1220703205,향수존,[베르사체] 브라이트 크리스탈 오드뚜왈렛 50ml (미니어처 1종),Versace,exact_or_alias:베르사체->Versace,브라이트 크리스탈,EDT,LIQUID_PERFUME,,,
ci_273373b93586,purchase,lotte,132,LE1220705030,향수존,[베르사체] 브라이트 크리스탈 앱솔루 오드퍼퓸 50ml (미니어처 1종),Versace,exact_or_alias:베르사체->Versace,브라이트 크리스탈 앱솔루,EDP,LIQUID_PERFUME,,,
ci_17579459b767,purchase,lotte,133,LE1220683858,향수존,[만세라] 통카 콜라 오드퍼퓸 120ml (바이알 3종),Mancera,exact_or_alias:만세라->Mancera,통카 콜라,EDP,LIQUID_PERFUME,,,
ci_273373b93586,purchase,lotte,134,LE1220704979,향수존,[베르사체] 브라이트 크리스탈 앱솔루 오드퍼퓸 90ml (미니어처 1종),Versace,exact_or_alias:베르사체->Versace,브라이트 크리스탈 앱솔루,EDP,LIQUID_PERFUME,,,
ci_2349a2481b25,purchase,lotte,135,LE1220713382,향수존,[베르사체] 오프레쉬 맨 EDT 50ml (미니어처 1종),Versace,exact_or_alias:베르사체->Versace,오프레쉬 맨,EDT,LIQUID_PERFUME,,,
ci_ca648c4a8a05,purchase,lotte,136,LE1220699352,향수존,[베르사체] 에로스 EDP 50ml (미니어처 1종),Versace,exact_or_alias:베르사체->Versace,에로스,EDP,LIQUID_PERFUME,,,
ci_76232424e429,purchase,lotte,137,LE1220689602,향수존,[베르사체] 에로스 에너지 EDP 50ml (미니어처 1종),Versace,exact_or_alias:베르사체->Versace,에로스 에너지,EDP,LIQUID_PERFUME,,,
ci_e72742290d76,purchase,lotte,138,LE1220699545,향수존,[베르사체] 에로스 플레임 EDP 50ml (미니어처 1종),Versace,exact_or_alias:베르사체->Versace,에로스 플레임,EDP,LIQUID_PERFUME,,,
ci_d982e707ddbc,purchase,lotte,139,PD51658859,향수존,리플레이 탱크 플레이트 포 맨 오드뚜왈렛 30ml,Replay,exact_or_alias:리플레이->Replay,탱크 플레이트 포 맨,EDT,LIQUID_PERFUME,,,
ci_2169b2f1510d,purchase,lotte,140,PD60136303,향수존,[리플레이] 시그니처 시크릿 포 우먼 오드뚜왈렛 100ml,Replay,exact_or_alias:리플레이->Replay,시그니처 시크릿 포 우먼,EDT,LIQUID_PERFUME,,,
ci_07d09ab41d6d,purchase,lotte,141,LE1216955442,향수존,[투미] 어웨이큰 08:00 오드퍼퓸 100ml,TUMI,exact_or_alias:투미->TUMI,어웨이큰 08 00,EDP,LIQUID_PERFUME,,,
ci_60a36f908dca,purchase,lotte,142,PD59551278,향수존,[리플레이] 소스 오브 라이프 포 우먼 오드퍼퓸 100ml,Replay,exact_or_alias:리플레이->Replay,소스 오브 라이프 포 우먼,EDP,LIQUID_PERFUME,,,
ci_9975d74312fa,purchase,lotte,143,LE1216038449,향수존,[트루사르디] 르비드밀라노 디이탈리안 아티스트 오브 비아솔페리노EDP 100ml,Trussardi,exact_or_alias:트루사르디->Trussardi,르비드밀라노 디이탈리안 아티스트 오브 비아솔페리노EDP,UNSPECIFIED,LIQUID_PERFUME,,,
ci_0212e7f4c6dc,purchase,lotte,144,LE1220673471,향수존,[베르사체] 에로스 에너지 EDP 100ml (미니어처1종 랜덤증정),Versace,exact_or_alias:베르사체->Versace,에로스 에너지 1종,EDP,LIQUID_PERFUME,,,
ci_0212e7f4c6dc,purchase,lotte,145,LE1220673486,향수존,[베르사체] 에로스 에너지 EDP 50ml (미니어처1종 랜덤증정),Versace,exact_or_alias:베르사체->Versace,에로스 에너지 1종,EDP,LIQUID_PERFUME,,,
ci_389ff6daf20d,purchase,lotte,146,LE1220673920,향수존,[베르사체] 브라이트 크리스탈 앱솔루 EDP 90ml (미니어처1종 랜덤증정),Versace,exact_or_alias:베르사체->Versace,브라이트 크리스탈 앱솔루 1종,EDP,LIQUID_PERFUME,,,
ci_389ff6daf20d,purchase,lotte,147,LE1220673669,향수존,[베르사체] 브라이트 크리스탈 앱솔루 EDP 50ml (미니어처1종 랜덤증정),Versace,exact_or_alias:베르사체->Versace,브라이트 크리스탈 앱솔루 1종,EDP,LIQUID_PERFUME,,,
ci_f87fae9b0c0e,purchase,lotte,148,LE1220677268,향수존,[베르사체] 브라이트 크리스탈 EDT 50ml (미니어처1종 랜덤증정),Versace,exact_or_alias:베르사체->Versace,브라이트 크리스탈 1종,EDT,LIQUID_PERFUME,,,
ci_273373b93586,purchase,lotte,149,LE1220673640,향수존,[베르사체] 브라이트 크리스탈 앱솔루 EDP 30ml,Versace,exact_or_alias:베르사체->Versace,브라이트 크리스탈 앱솔루,EDP,LIQUID_PERFUME,,,
ci_fb30d3e33775,purchase,lotte,150,LE1220677325,향수존,[베르사체] 오프레쉬 맨 오드뚜왈렛 50ml (미니어처1종 랜덤증정),Versace,exact_or_alias:베르사체->Versace,오프레쉬 맨 1종,EDT,LIQUID_PERFUME,,,
ci_bbf72792ad02,purchase,lotte,151,PD59667034,향수존,[트루사르디] 르비드밀라노 디스트릭트 오브 노로 EDP 100ml,Trussardi,exact_or_alias:트루사르디->Trussardi,르비드밀라노 디스트릭트 오브 노로,EDP,LIQUID_PERFUME,,,
ci_f12a519af9c5,purchase,lotte,152,PD68543251,향수존,[랑세] 오 드 제피르 오드뚜왈렛 100ml (바이알 3종),Rance 1795,exact_or_alias:랑세->Rance 1795,오 드 제피르,EDT,LIQUID_PERFUME,,,
ci_d9e3d05906cb,purchase,lotte,153,PD66487914,향수존,[몽탈] 아라비안스 오드퍼퓸 100ml (바이알 3종),Montale,exact_or_alias:몽탈->Montale,아라비안스,EDP,LIQUID_PERFUME,,,
ci_ec6da844c7a5,purchase,lotte,154,PD66485459,향수존,[몽탈] 바닐 압솔뤼 오드퍼퓸 100ml (바이알 3종),Montale,exact_or_alias:몽탈->Montale,바닐 압솔뤼,EDP,LIQUID_PERFUME,,,
ci_0b81c33195e9,purchase,lotte,155,LE1220621793,향수존,[BMW] 더 센트 오브 앰버니스 오드퍼퓸 50ml,BMW Fragrances,exact_or_alias:BMW->BMW Fragrances,더 센트 오브 앰버니스,EDP,LIQUID_PERFUME,,,
ci_0b81c33195e9,purchase,lotte,156,LE1220621934,향수존,[BMW] 더 센트 오브 앰버니스 오드퍼퓸 100ml,BMW Fragrances,exact_or_alias:BMW->BMW Fragrances,더 센트 오브 앰버니스,EDP,LIQUID_PERFUME,,,
ci_db310e94e234,purchase,lotte,157,LE1220621996,향수존,[BMW] 더 센트 오브 베르가무드 오드퍼퓸 50ml,BMW Fragrances,exact_or_alias:BMW->BMW Fragrances,더 센트 오브 베르가무드,EDP,LIQUID_PERFUME,,,
ci_47ce05cd8c6f,purchase,lotte,158,PD66479865,향수존,[몽탈] 바닐라 케이크 오드퍼퓸 100ml (바이알 3종),Montale,exact_or_alias:몽탈->Montale,바닐라 케이크,EDP,LIQUID_PERFUME,,,
ci_0dcf5a90e211,purchase,lotte,159,LE1215904202,향수존,[랑세] 오드 프랑스 오드뚜왈렛 100ml (바이알 3종),Rance 1795,exact_or_alias:랑세->Rance 1795,오드 프랑스,EDT,LIQUID_PERFUME,,,
ci_db310e94e234,purchase,lotte,160,LE1220617025,향수존,[비엠더블유] 더 센트 오브 베르가무드 오드퍼퓸 100ml,BMW Fragrances,exact_or_alias:비엠더블유->BMW Fragrances,더 센트 오브 베르가무드,EDP,LIQUID_PERFUME,,,
ci_db310e94e234,purchase,lotte,161,LE1220617035,향수존,[비엠더블유] 더 센트 오브 베르가무드 오드퍼퓸 50ml,BMW Fragrances,exact_or_alias:비엠더블유->BMW Fragrances,더 센트 오브 베르가무드,EDP,LIQUID_PERFUME,,,
ci_0b81c33195e9,purchase,lotte,162,LE1220616864,향수존,[비엠더블유] 더 센트 오브 앰버니스 오드퍼퓸 100ml,BMW Fragrances,exact_or_alias:비엠더블유->BMW Fragrances,더 센트 오브 앰버니스,EDP,LIQUID_PERFUME,,,
ci_59d00d38b234,purchase,lotte,163,LE1214411198,향수존,[만세라] 엠버 피버 오드퍼퓸 60ml (바이알 3종),Mancera,exact_or_alias:만세라->Mancera,엠버 피버,EDP,LIQUID_PERFUME,,,
ci_f2f04563896f,purchase,lotte,164,LE1215954217,향수존,[만세라] 세드라 부아제 오드퍼퓸 120ml (바이알 3종),Mancera,exact_or_alias:만세라->Mancera,세드라 부아제,EDP,LIQUID_PERFUME,,,
ci_5ce232d05e65,purchase,lotte,165,LE1215962495,향수존,[만세라] 오드 레몬 민트 오드퍼퓸 60ml (바이알 3종),Mancera,exact_or_alias:만세라->Mancera,오드 레몬 민트,EDP,LIQUID_PERFUME,,,
ci_f2f04563896f,purchase,lotte,166,PD63597906,향수존,[만세라] 세드라 부아제 오드퍼퓸 120ml (바이알 3종),Mancera,exact_or_alias:만세라->Mancera,세드라 부아제,EDP,LIQUID_PERFUME,,,
ci_76232424e429,purchase,lotte,167,LE1220233289,향수존,[베르사체] 에로스 에너지 오드퍼퓸 100ml (+ 미니어처 1종),Versace,exact_or_alias:베르사체->Versace,에로스 에너지,EDP,LIQUID_PERFUME,,,
ci_df319d71a09a,purchase,lotte,168,PD63598868,향수존,[만세라] 코코 바닐 오드퍼퓸 120ml (바이알 3종),Mancera,exact_or_alias:만세라->Mancera,코코 바닐,EDP,LIQUID_PERFUME,,,
ci_17579459b767,purchase,lotte,169,PD63600694,향수존,[만세라] 통카 콜라 오드퍼퓸 120ml (바이알 3종),Mancera,exact_or_alias:만세라->Mancera,통카 콜라,EDP,LIQUID_PERFUME,,,
ci_d315de036a0e,purchase,lotte,170,PD63594204,향수존,[만세라] 코스믹 페퍼 오드퍼퓸 120ml (바이알 3종),Mancera,exact_or_alias:만세라->Mancera,코스믹 페퍼,EDP,LIQUID_PERFUME,,,
ci_0381d47c8406,purchase,lotte,171,PD66485143,향수존,[몽탈] 데이 드림즈 오드퍼퓸 100ml (바이알 3종),Montale,exact_or_alias:몽탈->Montale,데이 드림즈,EDP,LIQUID_PERFUME,,,
ci_938c20fbc0d3,purchase,lotte,172,PD59607859,향수존,[트루사르디] 르비드밀라노 비하인드 더 커튼 피아차 라스칼라 EDP 100ml,Trussardi,exact_or_alias:트루사르디->Trussardi,르비드밀라노 비하인드 더 커튼 피아차 라스칼라,EDP,LIQUID_PERFUME,,,
ci_54dcd14cd0b1,purchase,lotte,173,LE1208012520,향수존,[트루사르디] 르비드밀라노 아이비콜리 피오리 치아리 EDP 100ml,Trussardi,exact_or_alias:트루사르디->Trussardi,르비드밀라노 아이비콜리 피오리 치아리,EDP,LIQUID_PERFUME,,,
ci_2b2dcf87238b,purchase,lotte,174,PD57643624,향수존,[트루사르디] 르비드밀라노 워킹인 포르타 베네치아 EDP 100ml,Trussardi,exact_or_alias:트루사르디->Trussardi,르비드밀라노 워킹인 포르타 베네치아,EDP,LIQUID_PERFUME,,,
ci_d7e4b6dd1cf0,purchase,lotte,175,PD57798946,향수존,[트루사르디] 르비드밀라노 디이탈리안 아티스트 비아솔페리노 EDP100ml,Trussardi,exact_or_alias:트루사르디->Trussardi,르비드밀라노 디이탈리안 아티스트 비아솔페리노 EDP100ml,UNSPECIFIED,LIQUID_PERFUME,,,
ci_e2bc8eed511e,purchase,lotte,176,LE1207144886,향수존,[트루사르디] 르비드밀라노 비하인더커튼 피아차 라스칼라EDP 100ml,Trussardi,exact_or_alias:트루사르디->Trussardi,르비드밀라노 비하인더커튼 피아차 라스칼라EDP,UNSPECIFIED,LIQUID_PERFUME,,,
ci_00a33e55aff9,purchase,lotte,177,PD59576592,향수존,[트루사르디] 르비드밀라노 아이비콜리 비아 피오리 치아리EDP 100ml,Trussardi,exact_or_alias:트루사르디->Trussardi,르비드밀라노 아이비콜리 비아 피오리 치아리EDP,UNSPECIFIED,LIQUID_PERFUME,,,
ci_c59ba142b294,purchase,lotte,178,PD57643269,향수존,[트루사르디] 르비드밀라노 알바수이 나빌리 EDP 100ml,Trussardi,exact_or_alias:트루사르디->Trussardi,르비드밀라노 알바수이 나빌리,EDP,LIQUID_PERFUME,,,
ci_0b77f29fee74,purchase,lotte,179,PD63591048,향수존,[만세라] 체리 체리 오드퍼퓸 120ml (바이알 3종),Mancera,exact_or_alias:만세라->Mancera,체리 체리,EDP,LIQUID_PERFUME,,,
ci_8fc9d9da835c,purchase,lotte,180,PD63597066,향수존,[만세라] 친퀘 테레 오드퍼퓸 120ml (바이알 3종),Mancera,exact_or_alias:만세라->Mancera,친퀘 테레,EDP,LIQUID_PERFUME,,,
ci_9d2eaf5bd206,purchase,lotte,181,PD63597394,향수존,[만세라] 블랙 골드 오드퍼퓸 60ml (바이알 3종),Mancera,exact_or_alias:만세라->Mancera,블랙 골드,EDP,LIQUID_PERFUME,,,
ci_d315de036a0e,purchase,lotte,182,PD63591633,향수존,[만세라] 코스믹 페퍼 오드퍼퓸 60ml (바이알 3종),Mancera,exact_or_alias:만세라->Mancera,코스믹 페퍼,EDP,LIQUID_PERFUME,,,
ci_f1a7e056026a,purchase,lotte,183,PD66635640,향수존,[니샤네] 아니 엑스트레 드 퍼퓸 100ml (바이알3종),Nishane,exact_or_alias:니샤네->Nishane,아니 엑스트레 드 3종,EXTRAIT,LIQUID_PERFUME,,,
ci_76232424e429,purchase,lotte,184,LE1220233344,향수존,[베르사체] 에로스 에너지 오드퍼퓸 50ml (+ 미니어처 1종),Versace,exact_or_alias:베르사체->Versace,에로스 에너지,EDP,LIQUID_PERFUME,,,
ci_f1a7e056026a,purchase,lotte,185,LE1220203973,향수존,[니샤네] 아니 엑스트레 드 퍼퓸 50ml (바이알3종),Nishane,exact_or_alias:니샤네->Nishane,아니 엑스트레 드 3종,EXTRAIT,LIQUID_PERFUME,,,
ci_5a2e37211d45,purchase,lotte,186,PD66628711,향수존,[니샤네] 페보니우스 런던엑스트레 드 퍼퓸 50ml (바이알3종),Nishane,exact_or_alias:니샤네->Nishane,페보니우스 런던엑스트레 드 3종,EXTRAIT,LIQUID_PERFUME,,,
ci_cc5699938bed,purchase,lotte,187,PD66468757,향수존,[몽탈] 인피니티 오드퍼퓸 100ml (바이알 3종),Montale,exact_or_alias:몽탈->Montale,인피니티,EDP,LIQUID_PERFUME,,,
ci_eac325a6dc15,purchase,lotte,188,PD63588761,향수존,[만세라] 인텐스 세드라 부아제 EXDP 60ml (바이알 3종),Mancera,exact_or_alias:만세라->Mancera,인텐스 세드라 부아제,EXTRAIT,LIQUID_PERFUME,,,
ci_1a909149b802,purchase,lotte,189,PD59151547,향수존,라리끄 솔레이 루나 오드퍼퓸 30ml,Lalique,exact_or_alias:라리끄->Lalique,솔레이 루나,EDP,LIQUID_PERFUME,,,
ci_f12a519af9c5,purchase,lotte,190,PD68529823,향수존,[랑세] 오 드 제피르 오드뚜왈렛 50ml (바이알 3종),Rance 1795,exact_or_alias:랑세->Rance 1795,오 드 제피르,EDT,LIQUID_PERFUME,,,
ci_a07995306f61,purchase,lotte,191,LE1215947604,향수존,[몽탈] 솔레이 드 카프리 오드퍼퓸 100ml (바이알 3종),Montale,exact_or_alias:몽탈->Montale,솔레이 드 카프리,EDP,LIQUID_PERFUME,,,
ci_73a08f4ff6ee,purchase,lotte,192,PD55956499,향수존,[베르두콜렉션] 그랑크뤼 과리아 모라다 EDP 100ml,Parfums Berdoues,exact_or_alias:베르두콜렉션->Parfums Berdoues,그랑크뤼 과리아 모라다,EDP,LIQUID_PERFUME,,,
ci_2741ea11a23d,purchase,lotte,193,PD55950717,향수존,[베르두콜렉]션 그랑크뤼 펑라이 EDP 100ml,Parfums Berdoues,exact_or_alias:베르두->Parfums Berdoues,콜렉 션 그랑크뤼 펑라이,EDP,LIQUID_PERFUME,,,
ci_e72742290d76,purchase,lotte,194,LE1207844910,향수존,[베르사체] 에로스 플레임 오드퍼퓸 50ml (+ 미니어처 1종),Versace,exact_or_alias:베르사체->Versace,에로스 플레임,EDP,LIQUID_PERFUME,,,
ci_0c2c64f28c57,purchase,lotte,195,PD53476766,향수존,[아뜰리에데조] 느와 바이 나이트 오드퍼퓸 100ml,Atelier des Ors,exact_or_alias:아뜰리에데조->Atelier des Ors,느와 바이 나이트,EDP,LIQUID_PERFUME,,,
ci_87bf6ab870ca,purchase,lotte,196,LE1218084789,향수존,[리플레이] 시크릿 포 우먼 오드뚜왈렛 30ml,Replay,exact_or_alias:리플레이->Replay,시크릿 포 우먼,EDT,LIQUID_PERFUME,,,
ci_bd6e43db5574,purchase,lotte,197,PD51926506,향수존,[재규어] 이어러 오드뚜왈렛 100ml,Jaguar,exact_or_alias:재규어->Jaguar,이어러,EDT,LIQUID_PERFUME,,,
ci_f53b2c73d710,purchase,lotte,198,PD48942469,향수존,투미 키네틱 --:-- 오드퍼퓸 30ml,TUMI,exact_or_alias:투미->TUMI,키네틱,EDP,LIQUID_PERFUME,,,
ci_34346c0a273e,purchase,lotte,199,PD51919059,향수존,[니코스] 스컬프쳐 오드퍼퓸 100ml,Nikos,exact_or_alias:니코스->Nikos,스컬프쳐,EDP,LIQUID_PERFUME,,,
ci_73fd56d19a90,purchase,lotte,200,PD48935993,향수존,니코스 스컬프쳐 오드뚜왈렛 100ml,Nikos,exact_or_alias:니코스->Nikos,스컬프쳐,EDT,LIQUID_PERFUME,,,
ci_07d09ab41d6d,purchase,lotte,201,PD48938180,향수존,투미 어웨이큰 08:00 오드퍼퓸 30ml,TUMI,exact_or_alias:투미->TUMI,어웨이큰 08 00,EDP,LIQUID_PERFUME,,,
ci_c36740a80f2a,purchase,lotte,202,PD48939875,향수존,투미 컨티넘 12:00 오드퍼퓸 30ml,TUMI,exact_or_alias:투미->TUMI,컨티넘 12 00,EDP,LIQUID_PERFUME,,,
ci_f7f619b38258,purchase,lotte,203,PD48934547,향수존,투미 아틀라스 00:00 오드퍼퓸 30ml,TUMI,exact_or_alias:투미->TUMI,아틀라스 00 00,EDP,LIQUID_PERFUME,,,
ci_36159d40c5bd,purchase,lotte,204,PD48940920,향수존,바나나리퍼블릭 메탈레인 오드퍼퓸 75ml,Banana Republic,exact_or_alias:바나나리퍼블릭->Banana Republic,메탈레인,EDP,LIQUID_PERFUME,,,
ci_f7f619b38258,purchase,lotte,205,PD48940791,향수존,투미 아틀라스 00:00 오드퍼퓸 100ml,TUMI,exact_or_alias:투미->TUMI,아틀라스 00 00,EDP,LIQUID_PERFUME,,,
ci_c36740a80f2a,purchase,lotte,206,PD48940664,향수존,투미 컨티넘 12:00 오드퍼퓸 100ml,TUMI,exact_or_alias:투미->TUMI,컨티넘 12 00,EDP,LIQUID_PERFUME,,,
ci_080f658678f2,purchase,lotte,207,PD48941360,향수존,투미 언와인드 20:00 오드퍼퓸 100ml,TUMI,exact_or_alias:투미->TUMI,언와인드 20 00,EDP,LIQUID_PERFUME,,,
ci_6b6e6390b821,purchase,lotte,208,PD48941396,향수존,케네스콜 블랙 포 허 오드퍼퓸 30ml,Kenneth Cole,exact_or_alias:케네스콜->Kenneth Cole,블랙 포 허,EDP,LIQUID_PERFUME,,,
ci_e728228b3ab2,purchase,lotte,209,PD48937538,향수존,케네스콜 맨카인드 오드뚜왈렛 100ml,Kenneth Cole,exact_or_alias:케네스콜->Kenneth Cole,맨카인드,EDT,LIQUID_PERFUME,,,
ci_6b6e6390b821,purchase,lotte,210,PD48937812,향수존,케네스콜 블랙 포 허 오드퍼퓸 100ml,Kenneth Cole,exact_or_alias:케네스콜->Kenneth Cole,블랙 포 허,EDP,LIQUID_PERFUME,,,
ci_f53b2c73d710,purchase,lotte,211,PD48941812,향수존,투미 키네틱 --:-- 오드퍼퓸 100ml,TUMI,exact_or_alias:투미->TUMI,키네틱,EDP,LIQUID_PERFUME,,,
ci_52cf9a832163,purchase,lotte,212,PD48936540,향수존,바나나리퍼블릭 토바코&통카빈 오드퍼퓸 75ml,Banana Republic,exact_or_alias:바나나리퍼블릭->Banana Republic,토바코&통카빈,EDP,LIQUID_PERFUME,,,
ci_d4d00261f05c,purchase,lotte,213,PD48736430,향수존,라리끄 솔레이 비브랑 오드퍼퓸 30ml,Lalique,exact_or_alias:라리끄->Lalique,솔레이 비브랑,EDP,LIQUID_PERFUME,,,
ci_647462aaf9a7,purchase,lotte,214,PD51924395,향수존,라리끄 솔레이 오드퍼퓸 30ml,Lalique,exact_or_alias:라리끄->Lalique,솔레이,EDP,LIQUID_PERFUME,,,
ci_647462aaf9a7,purchase,lotte,215,PD51919950,향수존,[라리끄] 솔레이 오드퍼퓸 100ml,Lalique,exact_or_alias:라리끄->Lalique,솔레이,EDP,LIQUID_PERFUME,,,
ci_d4d00261f05c,purchase,lotte,216,PD48732416,향수존,라리끄 솔레이 비브랑 오드퍼퓸 100ml,Lalique,exact_or_alias:라리끄->Lalique,솔레이 비브랑,EDP,LIQUID_PERFUME,,,
ci_436c24e79e33,purchase,lotte,217,PD52718116,향수존,[그레] 카보틴 로즈 오드뚜왈렛 30ml,Grès,exact_or_alias:그레->Grès,카보틴 로즈,EDT,LIQUID_PERFUME,,,
ci_436c24e79e33,purchase,lotte,218,PD52722310,향수존,[그레] 카보틴 로즈 오드뚜왈렛 100ml,Grès,exact_or_alias:그레->Grès,카보틴 로즈,EDT,LIQUID_PERFUME,,,
ci_a08338f33701,purchase,lotte,219,PD48939106,향수존,그레 카보샤 셰리 오드퍼퓸 100ml,Grès,exact_or_alias:그레->Grès,카보샤 셰리,EDP,LIQUID_PERFUME,,,
ci_2a8635bc11bf,purchase,lotte,220,PD52724399,향수존,[그레] 카보샤 오드퍼퓸 100ml,Grès,exact_or_alias:그레->Grès,카보샤,EDP,LIQUID_PERFUME,,,
ci_79005a235893,purchase,lotte,221,LE1215946564,향수존,[몽탈] 파우더 플라워즈 오드퍼퓸 100ml (바이알 3종),Montale,exact_or_alias:몽탈->Montale,파우더 플라워즈,EDP,LIQUID_PERFUME,,,
ci_66cce5ea1377,purchase,lotte,222,LE1215947888,향수존,[몽탈] 우드&스파이스 오드퍼퓸 100ml (바이알 3종),Montale,exact_or_alias:몽탈->Montale,우드&스파이스,EDP,LIQUID_PERFUME,,,
ci_addb5a20b96f,purchase,lotte,223,PD63598786,향수존,[만세라] 로즈 바닐 오드퍼퓸 120ml (바이알 3종),Mancera,exact_or_alias:만세라->Mancera,로즈 바닐,EDP,LIQUID_PERFUME,,,
ci_36c77bf10f8a,purchase,lotte,224,LE1215955203,향수존,[만세라] 로즈 그리디 오드퍼퓸 120ml (바이알 3종),Mancera,exact_or_alias:만세라->Mancera,로즈 그리디,EDP,LIQUID_PERFUME,,,
ci_5ce232d05e65,purchase,lotte,225,LE1215948677,향수존,[만세라] 오드 레몬 민트 오드퍼퓸 120ml (바이알 3종),Mancera,exact_or_alias:만세라->Mancera,오드 레몬 민트,EDP,LIQUID_PERFUME,,,
ci_f24c84468cb7,purchase,lotte,226,LE1215946774,향수존,[몽탈] 프리티 프루티 오드퍼퓸 100ml (바이알 3종),Montale,exact_or_alias:몽탈->Montale,프리티 프루티,EDP,LIQUID_PERFUME,,,
ci_a5e651da90ff,purchase,lotte,227,PD38544074,향수존,휴파슨스 본드스트리트 오드퍼퓸 100ml,휴파슨스,unresolved_brand:휴파슨스,본드스트리트,EDP,LIQUID_PERFUME,,,
ci_8fce3d2bf820,purchase,lotte,228,LE1215955152,향수존,[만세라] 레드 토바코 오드퍼퓸 120ml (바이알 3종),Mancera,exact_or_alias:만세라->Mancera,레드 토바코,EDP,LIQUID_PERFUME,,,
ci_2169b2f1510d,purchase,lotte,229,PD59613675,향수존,리플레이 시그니처 시크릿 포 우먼 오드뚜왈렛 30ml,Replay,exact_or_alias:리플레이->Replay,시그니처 시크릿 포 우먼,EDT,LIQUID_PERFUME,,,
ci_d949fba63554,purchase,lotte,230,LE1215963369,향수존,[만세라] 베티버 센슈얼 오드퍼퓸 60ml (바이알 3종),Mancera,exact_or_alias:만세라->Mancera,베티버 센슈얼,EDP,LIQUID_PERFUME,,,
ci_b5092ea1a84d,purchase,lotte,231,LE1215945675,향수존,[몽탈] 머스크 투 머스크 오드퍼퓸 100ml (바이알 3종),Montale,exact_or_alias:몽탈->Montale,머스크 투 머스크,EDP,LIQUID_PERFUME,,,
ci_8fce3d2bf820,purchase,lotte,232,LE1215794418,향수존,[만세라] 레드 토바코 오드퍼퓸 120ml (바이알 3종),Mancera,exact_or_alias:만세라->Mancera,레드 토바코,EDP,LIQUID_PERFUME,,,
ci_029d5242811e,purchase,lotte,233,LE1215954455,향수존,[만세라] 인스턴트 크러쉬 오드퍼퓸 120ml (바이알 3종),Mancera,exact_or_alias:만세라->Mancera,인스턴트 크러쉬,EDP,LIQUID_PERFUME,,,
ci_02bfc852a873,purchase,lotte,234,LE1215947138,향수존,[몽탈] 로즈 엘릭시르 오드퍼퓸 100ml (바이알 3종),Montale,exact_or_alias:몽탈->Montale,로즈 엘릭시르,EDP,LIQUID_PERFUME,,,
ci_ba040a294bf0,purchase,lotte,235,LE1215939775,향수존,[몽탈] 크리스탈 플라워즈 오드퍼퓸 100ml (바이알 3종),Montale,exact_or_alias:몽탈->Montale,크리스탈 플라워즈,EDP,LIQUID_PERFUME,,,
ci_d84388df7a7e,purchase,lotte,236,LE1215947781,향수존,[몽탈] 스위트 피오니 오드퍼퓸 100ml (바이알 3종),Montale,exact_or_alias:몽탈->Montale,스위트 피오니,EDP,LIQUID_PERFUME,,,
ci_5ae531dd8075,purchase,lotte,237,PD52732872,향수존,[랑세] 르와엠페러 오드퍼퓸 포 맨 100ml (바이알 3종),Rance 1795,exact_or_alias:랑세->Rance 1795,르와엠페러 포 맨,EDP,LIQUID_PERFUME,,,
ci_ae479988a6d6,purchase,lotte,238,LE1215956359,향수존,[만세라] 골드 인센스 오드퍼퓸 120ml (바이알 3종),Mancera,exact_or_alias:만세라->Mancera,골드 인센스,EDP,LIQUID_PERFUME,,,
ci_e171cbefba6e,purchase,lotte,239,PD38544276,향수존,휴파슨스 화이트홀 오드퍼퓸 100ml,휴파슨스,unresolved_brand:휴파슨스,화이트홀,EDP,LIQUID_PERFUME,,,
ci_a07995306f61,purchase,lotte,240,LE1215794225,향수존,[몽탈] 솔레이 드 카프리 오드퍼퓸 100ml (바이알 3종),Montale,exact_or_alias:몽탈->Montale,솔레이 드 카프리,EDP,LIQUID_PERFUME,,,
ci_3c99c7084bc3,purchase,lotte,241,LE1215817128,향수존,[리플레이] 러버즈 포 맨 오드뚜왈렛 30ml,Replay,exact_or_alias:리플레이->Replay,러버즈 포 맨,EDT,LIQUID_PERFUME,,,
ci_2faf29e0440f,purchase,lotte,242,LE1215939145,향수존,[몽탈] 오드 포레스트 오드퍼퓸 100ml (바이알 3종),Montale,exact_or_alias:몽탈->Montale,오드 포레스트,EDP,LIQUID_PERFUME,,,
ci_10ec36e81e9c,purchase,lotte,243,PD50823100,향수존,재규어 클래식 블랙 오드뚜왈렛 100ml,Jaguar,exact_or_alias:재규어->Jaguar,클래식 블랙,EDT,LIQUID_PERFUME,,,
ci_cbb9c5fbc6d6,purchase,lotte,244,PD51658649,향수존,리플레이 소스 오브 라이프 포 맨 오드뚜왈렛 30ml,Replay,exact_or_alias:리플레이->Replay,소스 오브 라이프 포 맨,EDT,LIQUID_PERFUME,,,
ci_60a36f908dca,purchase,lotte,245,PD51660266,향수존,리플레이 소스 오브 라이프 포 우먼 오드퍼퓸 30ml,Replay,exact_or_alias:리플레이->Replay,소스 오브 라이프 포 우먼,EDP,LIQUID_PERFUME,,,
ci_b8783dfdbdea,purchase,lotte,246,PD52733734,향수존,[리플레이] 시그니처 러버즈 포 맨 오드뚜왈렛 30ml,Replay,exact_or_alias:리플레이->Replay,시그니처 러버즈 포 맨,EDT,LIQUID_PERFUME,,,
ci_cbb9c5fbc6d6,purchase,lotte,247,PD51917591,향수존,[리플레이] 소스 오브 라이프 포 맨 오드뚜왈렛 100ml,Replay,exact_or_alias:리플레이->Replay,소스 오브 라이프 포 맨,EDT,LIQUID_PERFUME,,,
ci_1561b7dafb62,purchase,lotte,248,PD52737598,향수존,[리플레이] 시그니처 러버즈 포 우먼 오드뚜왈렛 30ml,Replay,exact_or_alias:리플레이->Replay,시그니처 러버즈 포 우먼,EDT,LIQUID_PERFUME,,,
ci_4fba2d4ee366,purchase,lotte,249,PD53953501,향수존,라리끄 라무르 오드퍼퓸 50ml,Lalique,exact_or_alias:라리끄->Lalique,라무르,EDP,LIQUID_PERFUME,,,
ci_a5c10f14e59f,purchase,lotte,250,PD44961531,향수존,마주리 챠밍 튜베로즈 오드퍼퓸 75ml,마주리,unresolved_brand:마주리,챠밍 튜베로즈,EDP,LIQUID_PERFUME,,,
ci_36c77bf10f8a,purchase,lotte,251,LE1214369816,향수존,[만세라] 로즈 그리디 오드퍼퓸 120ml (바이알 3종),Mancera,exact_or_alias:만세라->Mancera,로즈 그리디,EDP,LIQUID_PERFUME,,,
ci_cd663b989366,purchase,lotte,252,PD51659802,향수존,리플레이 탱크 플레이트 포 우먼 오드뚜왈렛 100ml,Replay,exact_or_alias:리플레이->Replay,탱크 플레이트 포 우먼,EDT,LIQUID_PERFUME,,,
ci_59d00d38b234,purchase,lotte,253,LE1214357987,향수존,[만세라] 엠버 피버 오드퍼퓸 120ml (바이알 3종),Mancera,exact_or_alias:만세라->Mancera,엠버 피버,EDP,LIQUID_PERFUME,,,
ci_448e593fbf02,purchase,lotte,254,PD45446316,향수존,마주리 더 원 앤 온리 오드퍼퓸 75ml,마주리,unresolved_brand:마주리,더 원 앤 온리,EDP,LIQUID_PERFUME,,,
ci_b66449e455e2,purchase,lotte,255,PD34522003,향수존,마주리 누르 네롤리 오드퍼퓸 75ml,마주리,unresolved_brand:마주리,누르 네롤리,EDP,LIQUID_PERFUME,,,
ci_051584ccfe35,purchase,lotte,256,PD34522420,향수존,마주리 보헤미안 티 오드퍼퓸 75ml,마주리,unresolved_brand:마주리,보헤미안 티,EDP,LIQUID_PERFUME,,,
ci_12c8169c219a,purchase,lotte,257,PD45437784,향수존,벤틀리 모멘텀 인텐스 오드퍼퓸 100ml,Bentley,exact_or_alias:벤틀리->Bentley,모멘텀 인텐스,EDP,LIQUID_PERFUME,,,
ci_d949fba63554,purchase,lotte,258,PD63596885,향수존,[만세라] 베티버 센슈얼 오드퍼퓸 60ml (바이알 3종),Mancera,exact_or_alias:만세라->Mancera,베티버 센슈얼,EDP,LIQUID_PERFUME,,,
ci_83b29bbf18ab,purchase,lotte,259,PD63589104,향수존,[만세라] 미드나이트 골드 오드퍼퓸 120ml (바이알 3종),Mancera,exact_or_alias:만세라->Mancera,미드나이트 골드,EDP,LIQUID_PERFUME,,,
ci_ae479988a6d6,purchase,lotte,260,PD63588196,향수존,[만세라] 골드 인센스 오드퍼퓸 120ml (바이알 3종),Mancera,exact_or_alias:만세라->Mancera,골드 인센스,EDP,LIQUID_PERFUME,,,
ci_ae479988a6d6,purchase,lotte,261,PD63598541,향수존,[만세라] 골드 인센스 오드퍼퓸 60ml (바이알 3종),Mancera,exact_or_alias:만세라->Mancera,골드 인센스,EDP,LIQUID_PERFUME,,,
ci_c8a9a9b57305,purchase,lotte,262,PD63585367,향수존,[만세라] 블랙 바닐라 오드퍼퓸 60ml (바이알 3종),Mancera,exact_or_alias:만세라->Mancera,블랙 바닐라,EDP,LIQUID_PERFUME,,,
ci_8fce3d2bf820,purchase,lotte,263,LE1213152609,향수존,[만세라] 레드 토바코 오드퍼퓸 120ml (바이알 3종),Mancera,exact_or_alias:만세라->Mancera,레드 토바코,EDP,LIQUID_PERFUME,,,
ci_7a181ba8b2ed,purchase,lotte,264,PD63589652,향수존,[만세라] 시실리 오드퍼퓸 120ml (바이알 3종),Mancera,exact_or_alias:만세라->Mancera,시실리,EDP,LIQUID_PERFUME,,,
ci_8fce3d2bf820,purchase,lotte,265,PD63590787,향수존,[만세라] 레드 토바코 오드퍼퓸 60ml (바이알 3종),Mancera,exact_or_alias:만세라->Mancera,레드 토바코,EDP,LIQUID_PERFUME,,,
ci_4fba2d4ee366,purchase,lotte,266,LE1212841352,향수존,[라리끄] 라무르 오드퍼퓸 50ml,Lalique,exact_or_alias:라리끄->Lalique,라무르,EDP,LIQUID_PERFUME,,,
ci_39d86a5f4b24,purchase,lotte,267,PD53477853,향수존,[아뜰리에데조] 포멜로 리비에라 오드퍼퓸 100ml,Atelier des Ors,exact_or_alias:아뜰리에데조->Atelier des Ors,포멜로 리비에라,EDP,LIQUID_PERFUME,,,
ci_518171a4f3e2,purchase,lotte,268,PD34262352,향수존,벤틀리 포맨 아쥬르 오드뚜왈렛 100ml,Bentley,exact_or_alias:벤틀리->Bentley,포맨 아쥬르,EDT,LIQUID_PERFUME,,,
ci_2f4d77d65b38,purchase,lotte,269,PD63601600,향수존,[만세라] 자르당 엑스클루시프 오드퍼퓸 120ml (바이알 3종),Mancera,exact_or_alias:만세라->Mancera,자르당 엑스클루시프,EDP,LIQUID_PERFUME,,,
ci_5ce232d05e65,purchase,lotte,270,PD63586540,향수존,[만세라] 오드 레몬 민트 오드퍼퓸 120ml (바이알 3종),Mancera,exact_or_alias:만세라->Mancera,오드 레몬 민트,EDP,LIQUID_PERFUME,,,
ci_addb5a20b96f,purchase,lotte,271,PD63591173,향수존,[만세라] 로즈 바닐 오드퍼퓸 60ml (바이알 3종),Mancera,exact_or_alias:만세라->Mancera,로즈 바닐,EDP,LIQUID_PERFUME,,,
ci_2f4d77d65b38,purchase,lotte,272,PD63597192,향수존,[만세라] 자르당 엑스클루시프 오드퍼퓸 60ml (바이알 3종),Mancera,exact_or_alias:만세라->Mancera,자르당 엑스클루시프,EDP,LIQUID_PERFUME,,,
ci_9fc3c852d933,purchase,lotte,273,PD66474384,향수존,[몽탈] 로즈 머스크 오드퍼퓸 100ml (바이알 3종),Montale,exact_or_alias:몽탈->Montale,로즈 머스크,EDP,LIQUID_PERFUME,,,
ci_e762cd7a9d4a,purchase,lotte,274,PD66464692,향수존,[몽탈] 퓨어 골드 오드퍼퓸 100ml (바이알 3종),Montale,exact_or_alias:몽탈->Montale,퓨어 골드,EDP,LIQUID_PERFUME,,,
ci_ba040a294bf0,purchase,lotte,275,PD66472992,향수존,[몽탈] 크리스탈 플라워즈 오드퍼퓸 100ml (바이알 3종),Montale,exact_or_alias:몽탈->Montale,크리스탈 플라워즈,EDP,LIQUID_PERFUME,,,
ci_2faf29e0440f,purchase,lotte,276,PD66467922,향수존,[몽탈] 오드 포레스트 오드퍼퓸 100ml (바이알 3종),Montale,exact_or_alias:몽탈->Montale,오드 포레스트,EDP,LIQUID_PERFUME,,,
ci_b15c2acb2ca9,purchase,lotte,277,PD66466802,향수존,[몽탈] 인텐스 카페 오드퍼퓸 100ml (바이알 3종),Montale,exact_or_alias:몽탈->Montale,인텐스 카페,EDP,LIQUID_PERFUME,,,
ci_b5092ea1a84d,purchase,lotte,278,PD66474911,향수존,[몽탈] 머스크 투 머스크 오드퍼퓸 100ml (바이알 3종),Montale,exact_or_alias:몽탈->Montale,머스크 투 머스크,EDP,LIQUID_PERFUME,,,
ci_79005a235893,purchase,lotte,279,PD66487746,향수존,[몽탈] 파우더 플라워즈 오드퍼퓸 100ml (바이알 3종),Montale,exact_or_alias:몽탈->Montale,파우더 플라워즈,EDP,LIQUID_PERFUME,,,
ci_f24c84468cb7,purchase,lotte,280,PD66482992,향수존,[몽탈] 프리티 프루티 오드퍼퓸 100ml (바이알 3종),Montale,exact_or_alias:몽탈->Montale,프리티 프루티,EDP,LIQUID_PERFUME,,,
ci_66cce5ea1377,purchase,lotte,281,PD66475666,향수존,[몽탈] 우드&스파이스 오드퍼퓸 100ml (바이알 3종),Montale,exact_or_alias:몽탈->Montale,우드&스파이스,EDP,LIQUID_PERFUME,,,
ci_d84388df7a7e,purchase,lotte,282,PD66473690,향수존,[몽탈] 스위트 피오니 오드퍼퓸 100ml (바이알 3종),Montale,exact_or_alias:몽탈->Montale,스위트 피오니,EDP,LIQUID_PERFUME,,,
ci_02bfc852a873,purchase,lotte,283,PD66471105,향수존,[몽탈] 로즈 엘릭시르 오드퍼퓸 100ml (바이알 3종),Montale,exact_or_alias:몽탈->Montale,로즈 엘릭시르,EDP,LIQUID_PERFUME,,,
ci_ebd53e0f3a15,purchase,lotte,284,PD66481950,향수존,[몽탈] 퓨어 러브 오드퍼퓸 100ml (바이알 3종),Montale,exact_or_alias:몽탈->Montale,퓨어 러브,EDP,LIQUID_PERFUME,,,
ci_008f1b2b4638,purchase,lotte,285,PD53471520,향수존,[아뜰리에데조] 누다 베리타스 오드퍼퓸 100ml,Atelier des Ors,exact_or_alias:아뜰리에데조->Atelier des Ors,누다 베리타스,EDP,LIQUID_PERFUME,,,
ci_3bab723fc064,purchase,lotte,286,PD53468135,향수존,[아뜰리에데조] 리비에라 드라이브 오드퍼퓸 100ml,Atelier des Ors,exact_or_alias:아뜰리에데조->Atelier des Ors,리비에라 드라이브,EDP,LIQUID_PERFUME,,,
ci_0acb93739a8b,purchase,lotte,287,LE1208061476,향수존,[베르사체] 에로스 오드퍼퓸 50ml (미니어처1종 랜덤증정),Versace,exact_or_alias:베르사체->Versace,에로스 1종,EDP,LIQUID_PERFUME,,,
ci_ca648c4a8a05,purchase,lotte,288,LE1208061487,향수존,[베르사체] 에로스 오드퍼퓸 50ml (+ 미니어처 1종),Versace,exact_or_alias:베르사체->Versace,에로스,EDP,LIQUID_PERFUME,,,
ci_30c87416d5e7,purchase,lotte,289,LE1207901990,향수존,[랑세] 헬레네 오드퍼퓸 포 우먼 50ml (바이알3종),Rance 1795,exact_or_alias:랑세->Rance 1795,헬레네 포 우먼 3종,EDP,LIQUID_PERFUME,,,
ci_39e4827e16fa,purchase,lotte,290,LE1207901999,향수존,[랑세] 유제니 오드퍼퓸 포 우먼 50ml (바이알3종),Rance 1795,exact_or_alias:랑세->Rance 1795,유제니 포 우먼 3종,EDP,LIQUID_PERFUME,,,
ci_f8922395ef1b,purchase,lotte,291,PD53867283,향수존,[랑세] 조세핀 오드퍼퓸 포 우먼 50ml (바이알 3종),Rance 1795,exact_or_alias:랑세->Rance 1795,조세핀 포 우먼,EDP,LIQUID_PERFUME,,,
ci_15c399e96ac7,purchase,lotte,292,PD52730703,향수존,[랑세] 유제니 오드퍼퓸 포 우먼 50ml (바이알 3종),Rance 1795,exact_or_alias:랑세->Rance 1795,유제니 포 우먼,EDP,LIQUID_PERFUME,,,
ci_30c87416d5e7,purchase,lotte,293,PD51863747,향수존,[랑세] 헬레네 오드퍼퓸 포 우먼 100ml (바이알3종),Rance 1795,exact_or_alias:랑세->Rance 1795,헬레네 포 우먼 3종,EDP,LIQUID_PERFUME,,,
ci_a7bf43ff1aa6,purchase,lotte,294,PD68530301,향수존,[랑세] 오드 프랑스 오드뚜왈렛 50ml (바이알3종),Rance 1795,exact_or_alias:랑세->Rance 1795,오드 프랑스 3종,EDT,LIQUID_PERFUME,,,
ci_4b4029191f03,purchase,lotte,295,PD51861258,향수존,[랑세] 프랑수와 찰스 오드퍼퓸 포 맨 50ml (바이알3종),Rance 1795,exact_or_alias:랑세->Rance 1795,프랑수와 찰스 포 맨 3종,EDP,LIQUID_PERFUME,,,
ci_2349a2481b25,purchase,lotte,296,LE1207442268,향수존,[베르사체] 오 프레쉬 맨 오드뚜왈렛 50ml (+ 미니어처 1종),Versace,exact_or_alias:베르사체->Versace,오 프레쉬 맨,EDT,LIQUID_PERFUME,,,
ci_72b3ebd6097d,purchase,lotte,297,LE1207144867,향수존,[베르사체] 브라이트 크리스탈 오드뚜왈렛 50ml (+ 미니어처 1종),Versace,exact_or_alias:베르사체->Versace,브라이트 크리스탈,EDT,LIQUID_PERFUME,,,
ci_273373b93586,purchase,lotte,298,PD59616755,향수존,[베르사체] 브라이트 크리스탈 앱솔루 오드퍼퓸 30ml,Versace,exact_or_alias:베르사체->Versace,브라이트 크리스탈 앱솔루,EDP,LIQUID_PERFUME,,,
ci_902fcb8dd6cd,purchase,lotte,299,PD57710469,향수존,베르두콜렉션 그랑크뤼 바니라 무레아 EDP 100ml,Parfums Berdoues,exact_or_alias:베르두콜렉션->Parfums Berdoues,그랑크뤼 바니라 무레아,EDP,LIQUID_PERFUME,,,
ci_2c35fded8c71,hwahae,hwahae,1,2032770,멈칫,스테이퍼퓸 [밤쉘],Mumchit,reviewed_brand_mapping:멈칫->Mumchit,스테이 쉘,PARFUM_UNSPECIFIED,LIQUID_PERFUME,NO_MATCH,related purchase row is a multi-scent listing excluded from confirmed KEEP; no individual Bombshell KEEP row,
ci_a0a02b36cbab,hwahae,hwahae,2,1951691,딥티크,오 드 퍼퓸 오르페옹,Diptyque,exact_or_alias:딥티크->Diptyque,오르페옹,EDP,LIQUID_PERFUME,NO_MATCH,no conservative brand + identity match among confirmed purchase KEEP rows,
ci_d3fc426a9647,hwahae,hwahae,3,2009917,엘리자베스아덴,그린티 센트 스프레이,Elizabeth Arden,exact_or_alias:엘리자베스아덴->Elizabeth Arden,그린티 센트 스프레이,UNSPECIFIED,LIQUID_PERFUME,MATCH_REVIEW,brand_exact + identity_exact; purchase specifies EDC while Hwahae omits concentration,ci_3cf24523e3e0
ci_c427296fb61c,hwahae,hwahae,4,2103479,조말론,우드 세이지 앤 씨 솔트 코롱,Jo Malone London,exact_or_alias:조말론->Jo Malone London,우드 세이지 앤 씨 솔트 코롱,UNSPECIFIED,LIQUID_PERFUME,NO_MATCH,no conservative brand + identity match among confirmed purchase KEEP rows,
ci_4de0e6367ac7,hwahae,hwahae,5,2170533,다니엘트루스,시그니처 밤쉘루스,Daniel's Truth,exact_or_alias:다니엘트루스->Daniel's Truth,시그니처 쉘루스,UNSPECIFIED,LIQUID_PERFUME,NO_MATCH,no conservative brand + identity + product-form match among expanded candidates,
ci_8f9c6acf1230,hwahae,hwahae,6,1899775,랑방,에끌라 드 아르페쥬 EDP,Lanvin,exact_or_alias:랑방->Lanvin,에끌라 드 아르페쥬,EDP,LIQUID_PERFUME,MATCH,brand_exact + identity_exact + EDP_exact,ci_8f9c6acf1230
ci_be5552a929f6,hwahae,hwahae,7,2136042,포맨트,시그니처 퍼퓸 [코튼메모리],Forment,exact_or_alias:포맨트->Forment,시그니처 코튼메모리,PARFUM_UNSPECIFIED,LIQUID_PERFUME,MATCH,brand_exact + identity_exact + promotional_copy_removed,ci_be5552a929f6
ci_1af25ac959c8,hwahae,hwahae,8,2134257,르라보,어나더 13 EDP,Le Labo,exact_or_alias:르라보->Le Labo,어나더 13,EDP,LIQUID_PERFUME,NO_MATCH,no conservative brand + identity match among confirmed purchase KEEP rows,
ci_162ce4d89e5c,hwahae,hwahae,9,2042358,딥티크,오 드 뚜왈렛 오 로즈,Diptyque,exact_or_alias:딥티크->Diptyque,오 로즈,EDT,LIQUID_PERFUME,NO_MATCH,no conservative brand + identity match among confirmed purchase KEEP rows,
ci_1bf0bf800b0a,hwahae,hwahae,10,2098221,바닐라부티크,허그 향수,Vanilla Boutique,unresolved_brand:바닐라부티크,허그,UNSPECIFIED,LIQUID_PERFUME,NO_MATCH,no conservative brand + identity match among confirmed purchase KEEP rows,
ci_9c7b60cda438,hwahae,hwahae,11,1997094,이솝,테싯 오 드 퍼퓸,Aesop,exact_or_alias:이솝->Aesop,테싯,EDP,LIQUID_PERFUME,NO_MATCH,no conservative brand + identity match among confirmed purchase KEEP rows,
ci_5aaf547e6734,hwahae,hwahae,12,1858536,메종 마르지엘라,레이지 선데이 모닝 EDT,Maison Martin Margiela,exact_or_alias:메종 마르지엘라->Maison Martin Margiela,레이지 선데이 모닝,EDT,LIQUID_PERFUME,MATCH,brand_alias + replica_collection_label_removed + identity_exact + EDT_exact,ci_5aaf547e6734
ci_107454de822b,hwahae,hwahae,13,2009995,끌로에,시그니처 EDP,Chloé,exact_or_alias:끌로에->Chloé,시그니처,EDP,LIQUID_PERFUME,NO_MATCH,no conservative brand + identity match among confirmed purchase KEEP rows,
ci_17304073f859,hwahae,hwahae,14,2075166,바이레도,오 드 퍼퓸 [블랑쉬],Byredo,exact_or_alias:바이레도->Byredo,블랑쉬,EDP,LIQUID_PERFUME,NO_MATCH,no conservative brand + identity match among confirmed purchase KEEP rows,
ci_d26a1c904519,hwahae,hwahae,15,1975958,디올,미스 디올 오 드 퍼퓸,Dior,exact_or_alias:디올->Dior,미스,EDP,LIQUID_PERFUME,NO_MATCH,no conservative brand + identity match among confirmed purchase KEEP rows,
ci_2084bc83573d,hwahae,hwahae,16,2004415,디올,미스 디올 블루밍 부케 오 드 뚜왈렛,Dior,exact_or_alias:디올->Dior,미스 블루밍 부케,EDT,LIQUID_PERFUME,NO_MATCH,no conservative brand + identity match among confirmed purchase KEEP rows,
ci_5bd545b067ba,hwahae,hwahae,17,2047254,딥티크,오 드 뚜왈렛 필로시코스,Diptyque,exact_or_alias:딥티크->Diptyque,필로시코스,EDT,LIQUID_PERFUME,NO_MATCH,no conservative brand + identity match among confirmed purchase KEEP rows,
ci_be5552a929f6,hwahae,hwahae,18,2142055,포맨트,헬로키티 에디션 시그니처 퍼퓸 [코튼메모리],Forment,exact_or_alias:포맨트->Forment,헬로키티 에디션 시그니처 코튼메모리,PARFUM_UNSPECIFIED,LIQUID_PERFUME,MATCH,brand_exact + identity_exact + promotional_edition_removed,ci_be5552a929f6
ci_eb6bab7c7c6c,hwahae,hwahae,19,2136035,포맨트,시그니처 퍼퓸 [코튼허그],Forment,exact_or_alias:포맨트->Forment,시그니처 코튼허그,PARFUM_UNSPECIFIED,LIQUID_PERFUME,MATCH,brand_exact + identity_exact,ci_eb6bab7c7c6c
ci_4f945c5205c0,hwahae,hwahae,20,2093332,아뜰리에페이,데이 오프,Atelier Faye,unresolved_brand:아뜰리에페이,데이 오프,UNSPECIFIED,LIQUID_PERFUME,MATCH,brand_exact + identity_exact + local_product_type_evidence,ci_4f945c5205c0
ci_da3cc8d44820,hwahae,hwahae,21,1814936,키엘,오리지널 머스크 향수,Kiehl's,reviewed_brand_mapping:키엘->Kiehl's,오리지널 머스크,UNSPECIFIED,LIQUID_PERFUME,NO_MATCH,no conservative brand + identity match among confirmed purchase KEEP rows,
ci_844918cb9436,hwahae,hwahae,22,2015342,바이레도,오 드 퍼퓸 [라튤립],Byredo,exact_or_alias:바이레도->Byredo,라튤립,EDP,LIQUID_PERFUME,NO_MATCH,no conservative brand + identity match among confirmed purchase KEEP rows,
ci_0bb163868ef8,hwahae,hwahae,23,2103482,조말론,블랙베리 앤 베이 코롱,Jo Malone London,exact_or_alias:조말론->Jo Malone London,블랙베리 앤 베이 코롱,UNSPECIFIED,LIQUID_PERFUME,NO_MATCH,no conservative brand + identity match among confirmed purchase KEEP rows,
ci_d7564396fd9b,hwahae,hwahae,24,1954133,포맨트,시그니처 퍼퓸 [코튼브리즈],Forment,exact_or_alias:포맨트->Forment,시그니처 코튼브리즈,PARFUM_UNSPECIFIED,LIQUID_PERFUME,MATCH,brand_exact + identity_exact + promotional_copy_removed,ci_d7564396fd9b
ci_0375a31d4d31,hwahae,hwahae,25,2136962,비비앙,오 드 퍼퓸 [월넛크릭그린],Vivienne Westwood,exact_or_alias:비비앙->Vivienne Westwood,월넛크릭그린,EDP,LIQUID_PERFUME,MATCH,brand_exact + identity_exact + EDP_exact,ci_0375a31d4d31
ci_062f12f6c251,hwahae,hwahae,26,2031474,바이레도,발 다프리크 오 드 퍼퓸,Byredo,exact_or_alias:바이레도->Byredo,발 다프리크,EDP,LIQUID_PERFUME,NO_MATCH,no conservative brand + identity match among confirmed purchase KEEP rows,
ci_0dcd41256f4a,hwahae,hwahae,27,2169817,제니퍼로페즈,글로우 바이 제이로 EDT,Jennifer Lopez,exact_or_alias:제니퍼로페즈->Jennifer Lopez,글로우 바이 제이로,EDT,LIQUID_PERFUME,MATCH,brand_exact + identity_exact + EDT_exact,ci_0dcd41256f4a
ci_4810685a726a,hwahae,hwahae,28,1979487,산타마리아노벨라,피렌체 1221 에디션 오드코롱 [프리지아],Santa Maria Novella,exact_or_alias:산타마리아노벨라->Santa Maria Novella,피렌체 1221 에디션 프리지아,EDC,LIQUID_PERFUME,NO_MATCH,no conservative brand + identity match among confirmed purchase KEEP rows,
ci_ed9de50488a4,hwahae,hwahae,29,1940005,다슈,아쿠아 다이브 퍼퓸,Dashu,reviewed_brand_mapping:다슈->Dashu,아쿠아 다이브,PARFUM_UNSPECIFIED,LIQUID_PERFUME,MATCH,brand_exact + identity_exact; size_difference_ignored,ci_ed9de50488a4
ci_e950f7d25ef0,hwahae,hwahae,30,2031885,CK,원 EDT,Calvin Klein,exact_or_alias:CK->Calvin Klein,원,EDT,LIQUID_PERFUME,MATCH,brand_alias_CK_CalvinKlein + identity_exact + EDT_exact,ci_e950f7d25ef0
ci_4277d84bcdbc,hwahae,hwahae,31,1969079,디올,쟈도르 오 드 퍼퓸,Dior,exact_or_alias:디올->Dior,쟈도르,EDP,LIQUID_PERFUME,NO_MATCH,no conservative brand + identity match among confirmed purchase KEEP rows,
ci_a1ab120d463f,hwahae,hwahae,32,2000075,샤넬,샹스 오 후레쉬 오 드 뚜왈렛,Chanel,exact_or_alias:샤넬->Chanel,샹스 오 후레쉬,EDT,LIQUID_PERFUME,NO_MATCH,no conservative brand + identity match among confirmed purchase KEEP rows,
ci_9a08a16f5b5e,hwahae,hwahae,33,1886673,아리아나그란데,땡큐 넥스트 EDP,Ariana Grande,exact_or_alias:아리아나그란데->Ariana Grande,땡큐 넥스트,EDP,LIQUID_PERFUME,MATCH,brand_exact + identity_exact + EDP_exact; 2.0_variant_not_used,ci_9a08a16f5b5e
ci_c64418cfae23,hwahae,hwahae,34,1756221,샤넬,N°5 오 프르미에르 오 드 빠르펭,Chanel,exact_or_alias:샤넬->Chanel,N 5 오 프르미에르 오 드 빠르펭,UNSPECIFIED,LIQUID_PERFUME,NO_MATCH,no conservative brand + identity match among confirmed purchase KEEP rows,
ci_5aa30ef621dc,hwahae,hwahae,35,2049780,메종 마르지엘라,재즈 클럽 EDT,Maison Martin Margiela,exact_or_alias:메종 마르지엘라->Maison Martin Margiela,재즈 클럽,EDT,LIQUID_PERFUME,MATCH,brand_alias + replica_collection_label_removed + identity_exact + EDT_exact,ci_5aa30ef621dc
ci_3a60949bd23c,hwahae,hwahae,36,2042361,딥티크,오 드 퍼퓸 플레르 드 뽀,Diptyque,exact_or_alias:딥티크->Diptyque,플레르 드 뽀,EDP,LIQUID_PERFUME,NO_MATCH,no conservative brand + identity match among confirmed purchase KEEP rows,
ci_144c02ac2e8c,hwahae,hwahae,37,1841124,샤넬,알뤼르 옴므 스포츠 오 드 뚜왈렛,Chanel,exact_or_alias:샤넬->Chanel,알뤼르 옴므 스포츠,EDT,LIQUID_PERFUME,NO_MATCH,no conservative brand + identity match among confirmed purchase KEEP rows,
ci_b1466cebe3b7,hwahae,hwahae,38,1880993,아리아나그란데,스위트 라이크 캔디 EDP,Ariana Grande,exact_or_alias:아리아나그란데->Ariana Grande,스위트 라이크 캔디,EDP,LIQUID_PERFUME,MATCH,brand_alias_spacing + identity_exact + EDP_exact,ci_b1466cebe3b7
ci_8320393300a0,hwahae,hwahae,39,1880999,아리아나그란데,아리 EDP,Ariana Grande,exact_or_alias:아리아나그란데->Ariana Grande,아리,EDP,LIQUID_PERFUME,MATCH,brand_exact + identity_exact + EDP_exact,ci_8320393300a0
ci_b440592c99d0,hwahae,hwahae,40,1999654,샤넬,코코 마드모아젤 오 드 빠르펭,Chanel,exact_or_alias:샤넬->Chanel,코코 마드모아 오 드 빠르펭,UNSPECIFIED,LIQUID_PERFUME,NO_MATCH,no conservative brand + identity match among confirmed purchase KEEP rows,
ci_7b7aed26cc5b,hwahae,hwahae,41,1769749,샤넬,샹스 오 비브 오 드 뚜왈렛,Chanel,exact_or_alias:샤넬->Chanel,샹스 오 비브,EDT,LIQUID_PERFUME,NO_MATCH,no conservative brand + identity match among confirmed purchase KEEP rows,
ci_0e58a7b232c1,hwahae,hwahae,42,1793593,랑콤,미라클 오 드 퍼퓸,Lancôme,exact_or_alias:랑콤->Lancôme,미라클,EDP,LIQUID_PERFUME,NO_MATCH,no conservative brand + identity match among confirmed purchase KEEP rows,
ci_62e83b955e8e,hwahae,hwahae,43,1822873,톰포드,네롤리 포르토피노 EDP,Tom Ford,exact_or_alias:톰포드->Tom Ford,네롤리 포르토피노,EDP,LIQUID_PERFUME,NO_MATCH,no conservative brand + identity match among confirmed purchase KEEP rows,
ci_bd02a2fbb9cf,hwahae,hwahae,44,1829140,랑방,모던 프린세스 오 센슈얼 EDT,Lanvin,exact_or_alias:랑방->Lanvin,모던 프린세스 오 센슈얼,EDT,LIQUID_PERFUME,NO_MATCH,"same-brand purchase rows are Modern Princess EDP, not Eau Sensuelle EDT",
ci_af915105c9d6,hwahae,hwahae,45,1888447,에르메스,운 자르뎅 수르닐 오 드 뚜왈렛,Hermès,exact_or_alias:에르메스->Hermès,운 자르뎅 수르닐,EDT,LIQUID_PERFUME,NO_MATCH,no conservative brand + identity match among confirmed purchase KEEP rows,
ci_d7d573ee1c3e,hwahae,hwahae,46,1855131,입생로랑뷰티,리브르 오 드 빠르펭,Yves Saint Laurent,exact_or_alias:입생로랑뷰티->Yves Saint Laurent,리브르 오 드 빠르펭,UNSPECIFIED,LIQUID_PERFUME,NO_MATCH,no conservative brand + identity match among confirmed purchase KEEP rows,
ci_7140e79c0934,hwahae,hwahae,47,1818814,조말론,잉글리쉬 오크 앤 헤이즐넛 코롱,Jo Malone London,exact_or_alias:조말론->Jo Malone London,잉글리쉬 오크 앤 헤이즐넛 코롱,UNSPECIFIED,LIQUID_PERFUME,NO_MATCH,no conservative brand + identity match among confirmed purchase KEEP rows,
ci_a43934ab0bfc,hwahae,hwahae,48,2034103,구찌,플로라 오 드 퍼퓸 [골저스가드니아],Gucci,exact_or_alias:구찌->Gucci,플로라 골저스가드니아,EDP,LIQUID_PERFUME,NO_MATCH,no conservative brand + identity match among confirmed purchase KEEP rows,
ci_08444c325013,hwahae,hwahae,49,2025129,바이레도,모하비 고스트 오 드 퍼퓸,Byredo,exact_or_alias:바이레도->Byredo,모하비 고스트,EDP,LIQUID_PERFUME,NO_MATCH,no conservative brand + identity match among confirmed purchase KEEP rows,
ci_389cfde1d598,hwahae,hwahae,50,1899298,샤넬,샹스 오 땅드르 오 드 빠르펭,Chanel,exact_or_alias:샤넬->Chanel,샹스 오 땅드르 오 드 빠르펭,UNSPECIFIED,LIQUID_PERFUME,NO_MATCH,no conservative brand + identity match among confirmed purchase KEEP rows,
ci_c493990816c7,hwahae,hwahae,51,1994200,샤넬,N°1 드 샤넬 레드 까멜리아 향수,Chanel,exact_or_alias:샤넬->Chanel,N 1 드 레드 까멜리아,UNSPECIFIED,LIQUID_PERFUME,NO_MATCH,no conservative brand + identity match among confirmed purchase KEEP rows,
ci_c9752303ca5e,hwahae,hwahae,52,1739435,지미추,블러썸 EDP,Jimmy Choo,exact_or_alias:지미추->Jimmy Choo,블러썸,EDP,LIQUID_PERFUME,MATCH,brand_exact + identity_exact + EDP_exact,ci_c9752303ca5e
ci_293208b599e8,hwahae,hwahae,53,1872402,르라보,상탈 33 EDP,Le Labo,exact_or_alias:르라보->Le Labo,상탈 33,EDP,LIQUID_PERFUME,NO_MATCH,no conservative brand + identity match among confirmed purchase KEEP rows,
ci_3637be30a1f2,hwahae,hwahae,54,14061,랑방,메리미 EDP,Lanvin,exact_or_alias:랑방->Lanvin,메리미,EDP,LIQUID_PERFUME,MATCH,brand_exact + identity_exact + EDP_exact,ci_3637be30a1f2
ci_a616dd0ed39d,hwahae,hwahae,55,1879931,이솝,로즈 오 드 퍼퓸,Aesop,exact_or_alias:이솝->Aesop,로즈,EDP,LIQUID_PERFUME,NO_MATCH,no conservative brand + identity match among confirmed purchase KEEP rows,
ci_62c43a95d372,hwahae,hwahae,56,1979676,헉슬리,퍼퓸 [모로칸가드너],Huxley,reviewed_brand_mapping:헉슬리->Huxley,모로칸가드너,PARFUM_UNSPECIFIED,LIQUID_PERFUME,NO_MATCH,no conservative brand + identity match among confirmed purchase KEEP rows,
ci_c55267126886,hwahae,hwahae,57,2014190,조말론,잉글리쉬 페어 앤 프리지아 코롱,Jo Malone London,exact_or_alias:조말론->Jo Malone London,잉글리쉬 페어 앤 프리지아 코롱,UNSPECIFIED,LIQUID_PERFUME,NO_MATCH,no conservative brand + identity match among confirmed purchase KEEP rows,
ci_74dd483efbfd,hwahae,hwahae,58,1744279,살바토레페라가모,인칸토 참 오 드 뚜왈렛,Salvatore Ferragamo,exact_or_alias:살바토레페라가모->Salvatore Ferragamo,인칸토 참,EDT,LIQUID_PERFUME,NO_MATCH,no conservative brand + identity match among confirmed purchase KEEP rows,
ci_a5b6588d75c6,hwahae,hwahae,59,1734173,랑방,잔느 EDP,Lanvin,exact_or_alias:랑방->Lanvin,잔느,EDP,LIQUID_PERFUME,MATCH,brand_exact + identity_exact + EDP_exact,ci_a5b6588d75c6
ci_6045ff2d156f,hwahae,hwahae,60,1790172,토스,베이비 토스 오 데 코롱,토스,unresolved_brand:토스,베이비 오 데 코롱,UNSPECIFIED,LIQUID_PERFUME,NO_MATCH,no conservative brand + identity match among confirmed purchase KEEP rows,
ci_7950ebae05bd,hwahae,hwahae,61,1869268,에스티로더,플레져 오 드 퍼퓸 스프레이,Estée Lauder,exact_or_alias:에스티로더->Estée Lauder,플레져 스프레이,EDP,LIQUID_PERFUME,NO_MATCH,no conservative brand + identity match among confirmed purchase KEEP rows,
ci_e4de5fac0d9b,hwahae,hwahae,62,1978596,클린,퓨어솝 EDP,Clean,exact_or_alias:클린->Clean,퓨어솝,EDP,LIQUID_PERFUME,MATCH,brand_exact + identity_exact + EDP_exact,ci_e4de5fac0d9b
ci_f87fae9b0c0e,hwahae,hwahae,63,1825872,베르사체,브라이트 크리스탈 EDT,Versace,exact_or_alias:베르사체->Versace,브라이트 크리스탈,EDT,LIQUID_PERFUME,MATCH,brand_in_purchase_title + identity_exact + EDT_exact,ci_f87fae9b0c0e
ci_8b6c935a8532,hwahae,hwahae,64,2009872,구찌,블룸 오 드 퍼퓸,Gucci,exact_or_alias:구찌->Gucci,블룸,EDP,LIQUID_PERFUME,NO_MATCH,no conservative brand + identity match among confirmed purchase KEEP rows,
ci_71ebbf36734f,hwahae,hwahae,65,1778651,바이레도,집시 워터 오 드 퍼퓸,Byredo,exact_or_alias:바이레도->Byredo,집시 워터,EDP,LIQUID_PERFUME,NO_MATCH,no conservative brand + identity match among confirmed purchase KEEP rows,
ci_d9f02e55e685,hwahae,hwahae,66,1764633,조말론,와일드 블루벨 코롱,Jo Malone London,exact_or_alias:조말론->Jo Malone London,와일드 블루벨 코롱,UNSPECIFIED,LIQUID_PERFUME,NO_MATCH,no conservative brand + identity match among confirmed purchase KEEP rows,
ci_967f46658c28,hwahae,hwahae,67,1941895,입생로랑뷰티,리브르 오 드 뚜왈렛,Yves Saint Laurent,exact_or_alias:입생로랑뷰티->Yves Saint Laurent,리브르,EDT,LIQUID_PERFUME,NO_MATCH,no conservative brand + identity match among confirmed purchase KEEP rows,
ci_ed334daca304,hwahae,hwahae,68,2010720,랑방,레 플레르 드 EDT [워터릴리],Lanvin,exact_or_alias:랑방->Lanvin,레 플레르 드 워터릴리,EDT,LIQUID_PERFUME,MATCH,brand_exact + collection_label_normalized + identity_exact + EDT_exact,ci_ed334daca304
ci_62d910c73aef,hwahae,hwahae,69,1765272,입생로랑뷰티,몽 파리 오 드 빠르펭,Yves Saint Laurent,exact_or_alias:입생로랑뷰티->Yves Saint Laurent,몽 파리 오 드 빠르펭,UNSPECIFIED,LIQUID_PERFUME,NO_MATCH,no conservative brand + identity match among confirmed purchase KEEP rows,
ci_f3536fc87e94,hwahae,hwahae,70,1979489,산타마리아노벨라,피렌체 1221 에디션 엔젤 디 피렌체 오드코롱,Santa Maria Novella,exact_or_alias:산타마리아노벨라->Santa Maria Novella,피렌체 1221 에디션 엔 디 피렌체,EDC,LIQUID_PERFUME,NO_MATCH,no conservative brand + identity match among confirmed purchase KEEP rows,
ci_9d1a7b03ec31,hwahae,hwahae,71,1959643,아쿠아디파르마,피코 디 아말피 오 드 뜨왈렛,Acqua di Parma,exact_or_alias:아쿠아디파르마->Acqua di Parma,피코 디 아말피 오 드 뜨왈렛,UNSPECIFIED,LIQUID_PERFUME,NO_MATCH,no conservative brand + identity match among confirmed purchase KEEP rows,
ci_801a083b87d3,hwahae,hwahae,72,1873625,아리아나그란데,클라우드 EDP,Ariana Grande,exact_or_alias:아리아나그란데->Ariana Grande,클라우드,EDP,LIQUID_PERFUME,MATCH,brand_exact + identity_exact + EDP_exact,ci_801a083b87d3
ci_e482bce17fd1,hwahae,hwahae,73,1825293,바이레도,인플로레센스 오 드 퍼퓸,Byredo,exact_or_alias:바이레도->Byredo,인플로레센스,EDP,LIQUID_PERFUME,NO_MATCH,no conservative brand + identity match among confirmed purchase KEEP rows,
ci_c1af0ea0301d,hwahae,hwahae,74,1979469,산타마리아노벨라,피렌체 1221 에디션 로사 가데니아 오드코롱,Santa Maria Novella,exact_or_alias:산타마리아노벨라->Santa Maria Novella,피렌체 1221 에디션 로사 가데니아,EDC,LIQUID_PERFUME,NO_MATCH,no conservative brand + identity match among confirmed purchase KEEP rows,
ci_32a3c5eeb16c,hwahae,hwahae,75,1876698,샤넬,가브리엘 에쌍스 오 드 빠르펭,Chanel,exact_or_alias:샤넬->Chanel,가브리엘 에쌍스 오 드 빠르펭,UNSPECIFIED,LIQUID_PERFUME,NO_MATCH,no conservative brand + identity match among confirmed purchase KEEP rows,
ci_dd74e4775403,hwahae,hwahae,76,1764636,조말론,레드 로즈 코롱,Jo Malone London,exact_or_alias:조말론->Jo Malone London,레드 로즈 코롱,UNSPECIFIED,LIQUID_PERFUME,NO_MATCH,no conservative brand + identity match among confirmed purchase KEEP rows,
ci_df148be1ae47,hwahae,hwahae,77,2103476,조말론,라임 바질 앤 만다린 코롱,Jo Malone London,exact_or_alias:조말론->Jo Malone London,라임 바질 앤 만다린 코롱,UNSPECIFIED,LIQUID_PERFUME,NO_MATCH,no conservative brand + identity match among confirmed purchase KEEP rows,
ci_c66ebe22a527,hwahae,hwahae,78,2076016,센녹,퍼퓸 [애프터배스],Sennok,reviewed_brand_mapping:센녹->Sennok,애프터배스,PARFUM_UNSPECIFIED,LIQUID_PERFUME,MATCH,brand_exact + identity_exact,ci_c66ebe22a527
ci_ecf6117c3a16,hwahae,hwahae,79,1872024,CK,씨케이 올 EDT,Calvin Klein,exact_or_alias:CK->Calvin Klein,씨케이 올,EDT,LIQUID_PERFUME,MATCH,brand_alias_CK_CalvinKlein + identity_exact + EDT_exact,ci_ecf6117c3a16
ci_b942e480720e,hwahae,hwahae,80,2010773,코치,EDT,Coach,exact_or_alias:코치->Coach,,EDT,LIQUID_PERFUME,MATCH_REVIEW,brand_alias + EDT_exact; Hwahae identity is abbreviated while purchase says women,ci_4c068584014c
ci_86e8202df97e,hwahae,hwahae,81,2011798,디올,쟈도르 퍼퓸 도,Dior,exact_or_alias:디올->Dior,쟈도르 도,PARFUM_UNSPECIFIED,LIQUID_PERFUME,NO_MATCH,no conservative brand + identity match among confirmed purchase KEEP rows,
ci_c015a799d166,hwahae,hwahae,82,2010590,랑방,레 플레르 드 EDT [블루오키드],Lanvin,exact_or_alias:랑방->Lanvin,레 플레르 드 블루오키드,EDT,LIQUID_PERFUME,MATCH,brand_alias + collection_label_normalized + identity_exact + EDT_exact,ci_c015a799d166
ci_65eac4509013,hwahae,hwahae,83,1734823,지미추,EDT,Jimmy Choo,exact_or_alias:지미추->Jimmy Choo,,EDT,LIQUID_PERFUME,MATCH,brand_exact + identity_exact + EDT_exact,ci_65eac4509013
ci_736dd9e89d13,hwahae,hwahae,84,1828132,몽블랑,레전드 오 드 뚜왈렛,Montblanc,exact_or_alias:몽블랑->Montblanc,레전드,EDT,LIQUID_PERFUME,MATCH,brand_exact + identity_exact + EDT_exact,ci_736dd9e89d13
ci_87b915f533b7,hwahae,hwahae,85,1734821,버버리,마이 버버리 오드퍼퓸,Burberry,exact_or_alias:버버리->Burberry,마이,EDP,LIQUID_PERFUME,NO_MATCH,no conservative brand + identity match among confirmed purchase KEEP rows,
ci_bef9410756d3,hwahae,hwahae,86,1737120,CK,비 오 드 뚜왈렛,Calvin Klein,exact_or_alias:CK->Calvin Klein,비,EDT,LIQUID_PERFUME,MATCH,brand_alias_CK_CalvinKlein + identity_exact + EDT_exact,ci_bef9410756d3
ci_5ca8c2d44a98,hwahae,hwahae,87,2079022,탬버린즈,에그 퍼퓸 [펌키니],Tamburins,reviewed_brand_mapping:탬버린즈->Tamburins,에그 펌키니,PARFUM_UNSPECIFIED,LIQUID_PERFUME,NO_MATCH,no conservative brand + identity match among confirmed purchase KEEP rows,
ci_c420901cde27,hwahae,hwahae,88,1854558,클린,쿨 코튼 오 드 퍼퓸,Clean,exact_or_alias:클린->Clean,쿨 코튼,EDP,LIQUID_PERFUME,MATCH,brand_exact + classic_collection_label_removed + identity_exact + EDP_exact,ci_c420901cde27
ci_518dbc0d2ea8,hwahae,hwahae,89,1863215,메블릭퍼퓸,케라 오 드 퍼퓸,Mebelic,unresolved_brand:메블릭퍼퓸,케라,EDP,LIQUID_PERFUME,NO_MATCH,no conservative brand + identity match among confirmed purchase KEEP rows,
ci_d06dbb3cb628,hwahae,hwahae,90,1966434,에디션드퍼퓸프레데릭말,포트레이트 오브 어 레이디,Frederic Malle,exact_or_alias:에디션드퍼퓸프레데릭말->Frederic Malle,포트레이트 오브 어 레이디,UNSPECIFIED,LIQUID_PERFUME,NO_MATCH,no conservative brand + identity + product-form match among expanded candidates,
ci_b56d0e0e5a5c,hwahae,hwahae,91,2011908,조말론,피오니 앤 블러쉬 스웨이드 코롱,Jo Malone London,exact_or_alias:조말론->Jo Malone London,피오니 앤 블러쉬 스웨이드 코롱,UNSPECIFIED,LIQUID_PERFUME,NO_MATCH,no conservative brand + identity match among confirmed purchase KEEP rows,
ci_7ed1d1421ae9,hwahae,hwahae,92,2025306,데일리콤마,모스트오드퍼퓸 [텐더파리],데일리콤마,unresolved_brand:데일리콤마,모스트 텐더파리,EDP,LIQUID_PERFUME,NO_MATCH,no conservative brand + identity match among confirmed purchase KEEP rows,
ci_3c6a890dddda,hwahae,hwahae,93,1765825,디올,옴므 코롱,Dior,exact_or_alias:디올->Dior,옴므 코롱,UNSPECIFIED,LIQUID_PERFUME,NO_MATCH,no conservative brand + identity match among confirmed purchase KEEP rows,
ci_8f843e5cde59,hwahae,hwahae,94,1791851,입생로랑뷰티,몽파리 오 드 뚜왈렛 루미에르,Yves Saint Laurent,exact_or_alias:입생로랑뷰티->Yves Saint Laurent,몽파리 루미에르,EDT,LIQUID_PERFUME,NO_MATCH,no conservative brand + identity match among confirmed purchase KEEP rows,
ci_9b8e78586ef0,hwahae,hwahae,95,1969119,디올,소바쥬 오 드 뚜왈렛,Dior,exact_or_alias:디올->Dior,소바쥬,EDT,LIQUID_PERFUME,NO_MATCH,no conservative brand + identity match among confirmed purchase KEEP rows,
ci_8911952ed170,hwahae,hwahae,96,1764627,조말론,얼 그레이 앤 큐컴버 코롱,Jo Malone London,exact_or_alias:조말론->Jo Malone London,얼 그레이 앤 큐컴버 코롱,UNSPECIFIED,LIQUID_PERFUME,NO_MATCH,no conservative brand + identity match among confirmed purchase KEEP rows,
ci_5b7152a05a88,hwahae,hwahae,97,1831130,몽블랑,익스플로러 오 드 퍼퓸,Montblanc,exact_or_alias:몽블랑->Montblanc,익스플로러,EDP,LIQUID_PERFUME,MATCH,brand_alias + identity_exact + EDP_exact,ci_5b7152a05a88
ci_1ccb7bd24c2a,hwahae,hwahae,98,1754734,프라다,캔디 EDP,Prada,exact_or_alias:프라다->Prada,캔디,EDP,LIQUID_PERFUME,NO_MATCH,no conservative brand + identity match among confirmed purchase KEEP rows,
ci_44a09a59b93d,hwahae,hwahae,99,1734175,랑방,루머2 로즈 EDP,Lanvin,exact_or_alias:랑방->Lanvin,루머2 로즈,EDP,LIQUID_PERFUME,NO_MATCH,no conservative brand + identity match among confirmed purchase KEEP rows,
ci_35680c3bc0ca,hwahae,hwahae,100,2017159,딥티크,오 드 퍼퓸 필로시코스,Diptyque,exact_or_alias:딥티크->Diptyque,필로시코스,EDP,LIQUID_PERFUME,NO_MATCH,no conservative brand + identity match among confirmed purchase KEEP rows,
