fragrantica_id,brand,name,9_family,9_top1,9_margin,9_mass_ratio,8A_family,8A_top1,8A_margin,8A_mass_ratio,8B_family,8B_top1,8B_margin,8B_mass_ratio,7_family,7_top1,7_margin,7_mass_ratio,8A-A_family,8A-A_top1,8A-A_margin,8A-A_mass_ratio,8B-A_family,8B-A_top1,8B-A_margin,8B-A_mass_ratio,7-A_family,7-A_top1,7-A_margin,7-A_mass_ratio
32394,Histoires de Parfums,This Is Not A Blue Bottle,GOURMAND,0.2444,0.0407,0.8976,GOURMAND,0.2892,0.0482,0.7587,FLORAL,0.2695,0.0647,0.6782,FLORAL,0.339,0.1051,0.5393,AMBER,0.2831,0.0387,0.8976,AMBER,0.3727,0.169,0.8976,AMBER,0.5275,0.3238,0.8976
2972,Robert Piguet,Baghari 2006,FLORAL,0.4369,0.1077,0.8376,FLORAL,0.6514,0.4587,0.5619,FLORAL,0.488,0.1203,0.75,FLORAL,0.7717,0.5435,0.4742,FLORAL,0.5504,0.2326,0.6649,FLORAL,0.4369,0.1077,0.8376,FLORAL,0.5504,0.1008,0.6649
16938,Parfums de Marly,Pegasus,GOURMAND,0.5918,0.4392,1.0,GOURMAND,0.6983,0.5937,0.8474,MUSK,0.3737,0.1566,0.4082,GREEN,0.3468,0.0161,0.2557,GOURMAND,0.6983,0.5937,0.8474,AMBER,0.5918,0.4392,1.0,AMBER,0.6983,0.5937,0.8474
45686,Elie Saab,Girl of Now,GOURMAND,0.4929,0.347,1.0,GOURMAND,0.4929,0.347,1.0,FRUITY,0.2877,0.0421,0.5071,FRUITY,0.2877,0.0421,0.5071,GOURMAND,0.4929,0.347,1.0,AMBER,0.5658,0.4199,1.0,AMBER,0.5658,0.4199,1.0
310,Cartier,Le Baiser Du Dragon,WOODY,0.3529,0.0751,1.0,WOODY,0.3529,0.0751,1.0,WOODY,0.4888,0.1742,0.7221,WOODY,0.4888,0.1742,0.7221,WOODY,0.3529,0.0751,1.0,AMBER,0.5051,0.1521,1.0,AMBER,0.5051,0.1521,1.0
2176,Serge Lutens,Louve,GOURMAND,0.5753,0.3995,1.0,GOURMAND,0.6238,0.4332,0.9224,FRUITY,0.414,0.1774,0.4247,FRUITY,0.5066,0.2171,0.347,GOURMAND,0.5753,0.3973,1.0,AMBER,0.6758,0.5,1.0,AMBER,0.7534,0.5776,1.0
38117,Tesori d'Oriente,Byzantium,GOURMAND,0.5815,0.4048,1.0,GOURMAND,0.674,0.4692,0.8628,AMBER,0.4221,0.0943,0.4185,AMBER,0.628,0.2561,0.2813,GOURMAND,0.674,0.4692,0.8628,AMBER,0.7581,0.6209,1.0,AMBER,0.8787,0.7575,0.8628
39459,Michael Kors,Wonderlust,GOURMAND,0.2811,0.0427,1.0,GOURMAND,0.3278,0.0498,0.8577,FLORAL,0.3317,0.0644,0.7189,FLORAL,0.4136,0.0802,0.5765,GOURMAND,0.3278,0.0498,0.8577,AMBER,0.4733,0.2349,1.0,AMBER,0.5519,0.2739,0.8577
40816,Maison Francis Kurkdjian,Grand Soir,AMBER,0.3979,0.0415,1.0,AMBER,0.4637,0.0484,0.8581,AMBER,0.6183,0.3978,0.6436,AMBER,0.7931,0.5862,0.5017,AMBER,0.4904,0.0958,0.9031,AMBER,0.7543,0.6125,1.0,AMBER,0.8851,0.7701,0.9031
72821,Lattafa Perfumes,Asad,AMBER,0.5538,0.3177,1.0,AMBER,0.5951,0.3414,0.9306,AMBER,0.725,0.5409,0.7639,AMBER,0.7975,0.595,0.6944,AMBER,0.5951,0.3414,0.9306,AMBER,0.7899,0.6493,1.0,AMBER,0.8489,0.6978,0.9306
609,Chanel,Coco Eau de Parfum,AMBER,0.3906,0.1718,1.0,AMBER,0.4462,0.1962,0.8753,AMBER,0.5,0.2801,0.7812,AMBER,0.595,0.3333,0.6565,AMBER,0.4462,0.1962,0.8753,AMBER,0.6094,0.4376,1.0,AMBER,0.6962,0.5,0.8753
2762,Serge Lutens,Chergui,AMBER,0.3377,0.0321,1.0,AMBER,0.3809,0.0362,0.8868,AMBER,0.4864,0.2554,0.6943,AMBER,0.5812,0.3052,0.5811,AMBER,0.3809,0.0362,0.8868,AMBER,0.6434,0.483,1.0,AMBER,0.7255,0.5447,0.8868
52616,Kayali Fragrances,Vanilla | 28,GOURMAND,0.3492,0.0053,1.0,GOURMAND,0.4099,0.0062,0.8519,AMBER,0.5285,0.3008,0.6508,AMBER,0.6842,0.4895,0.5026,AMBER,0.4499,0.0716,0.9233,AMBER,0.6931,0.545,1.0,AMBER,0.8281,0.7221,0.9233
46066,Maison Francis Kurkdjian,Baccarat Rouge 540 Extrait de Parfum,AMBER,0.307,0.0497,1.0,AMBER,0.3943,0.0639,0.7787,AMBER,0.4134,0.1155,0.7427,AMBER,0.5888,0.3322,0.5214,AMBER,0.5283,0.271,1.0,AMBER,0.5643,0.3431,1.0,AMBER,0.7856,0.6518,1.0
248,Calvin Klein,Obsession,AMBER,0.3579,0.047,1.0,AMBER,0.5193,0.3056,0.6892,AMBER,0.3889,0.0511,0.9202,AMBER,0.5872,0.3456,0.6094,AMBER,0.6188,0.4494,0.8691,AMBER,0.4376,0.1268,1.0,AMBER,0.7106,0.5412,0.8691
15294,Amouage,Interlude Man,AMBER,0.6707,0.3415,1.0,AMBER,0.6707,0.3415,1.0,AMBER,0.6707,0.3415,1.0,AMBER,0.6707,0.3415,1.0,AMBER,0.6707,0.3415,1.0,AMBER,0.6707,0.3415,1.0,AMBER,0.6707,0.3415,1.0
48682,Prada,Luna Rossa Black,MUSK,0.3016,0.0119,1.0,AMBER,0.4148,0.1449,0.6984,MUSK,0.3716,0.0147,0.8115,AMBER,0.5681,0.3307,0.5099,AMBER,0.535,0.3205,0.879,AMBER,0.4782,0.1766,1.0,AMBER,0.7494,0.6117,0.879
7399,Yves Saint Laurent,Opium Eau de Parfum 2009,AMBER,0.5853,0.4515,1.0,AMBER,0.5853,0.4515,1.0,AMBER,0.6629,0.5114,0.8829,AMBER,0.6629,0.5114,0.8829,AMBER,0.5853,0.4515,1.0,AMBER,0.7023,0.5686,1.0,AMBER,0.7023,0.5686,1.0
42027,Jo Malone London,Myrrh & Tonka,GOURMAND,0.424,0.0321,1.0,GOURMAND,0.424,0.0321,1.0,AMBER,0.6803,0.3606,0.576,AMBER,0.6803,0.3606,0.576,GOURMAND,0.424,0.0321,1.0,AMBER,0.8158,0.6317,1.0,AMBER,0.8158,0.6317,1.0
3168,Hermès,Elixir des Merveilles,AMBER,0.4932,0.2807,1.0,AMBER,0.4932,0.2807,1.0,AMBER,0.6074,0.3456,0.812,AMBER,0.6074,0.3456,0.812,AMBER,0.4932,0.2807,1.0,AMBER,0.6812,0.4687,1.0,AMBER,0.6812,0.4687,1.0
2366,Amouage,Jubilation XXV Man,AMBER,0.5485,0.3544,1.0,AMBER,0.5485,0.3544,1.0,AMBER,0.6551,0.4232,0.8374,AMBER,0.6551,0.4232,0.8374,AMBER,0.5485,0.3544,1.0,AMBER,0.7112,0.517,1.0,AMBER,0.7112,0.517,1.0
49755,Louis Vuitton,Ombre Nomade,WOODY,0.4295,0.0641,1.0,WOODY,0.4295,0.0641,1.0,WOODY,0.4295,0.0641,1.0,WOODY,0.4295,0.0641,1.0,WOODY,0.4295,0.0641,1.0,WOODY,0.4295,0.0641,1.0,WOODY,0.4295,0.0641,1.0
15452,Mugler,Alien Essence Absolue,AMBER,0.4906,0.2781,1.0,AMBER,0.5377,0.3048,0.9125,AMBER,0.623,0.4444,0.7875,AMBER,0.7009,0.5,0.7,AMBER,0.5377,0.3048,0.9125,AMBER,0.7031,0.5625,1.0,AMBER,0.7705,0.6164,0.9125
46797,Mercedes-Benz,Mercedes Benz Club Black Eau de Toilette,AMBER,0.4767,0.189,1.0,AMBER,0.5103,0.2023,0.9342,AMBER,0.6692,0.4308,0.7123,AMBER,0.7373,0.4746,0.6466,AMBER,0.5103,0.2023,0.9342,AMBER,0.7644,0.5945,1.0,AMBER,0.8182,0.6364,0.9342
34761,Giorgio Armani,Armani Code Profumo,AMBER,0.461,0.2411,1.0,AMBER,0.5065,0.2649,0.9102,AMBER,0.5909,0.4333,0.7801,AMBER,0.6678,0.4897,0.6903,AMBER,0.5508,0.331,1.0,AMBER,0.6809,0.5579,1.0,AMBER,0.7707,0.6478,1.0
765,Salvador Dali,Dali Parfum de Toilette,AMBER,0.5,0.2847,1.0,AMBER,0.5486,0.3123,0.9115,AMBER,0.5,0.2847,1.0,AMBER,0.5486,0.3123,0.9115,AMBER,0.5486,0.3123,0.9115,AMBER,0.5,0.2847,1.0,AMBER,0.5486,0.3123,0.9115
3606,Escentric Molecules,Molecule 02,AMBER,0.625,0.25,1.0,AMBER,1.0,1.0,0.625,AMBER,0.625,0.25,1.0,AMBER,1.0,1.0,0.625,AMBER,1.0,1.0,1.0,AMBER,0.625,0.25,1.0,AMBER,1.0,1.0,1.0
3607,Escentric Molecules,Escentric 02,MUSK,0.2952,0.0407,1.0,AMBER,0.361,0.0289,0.7048,MUSK,0.2952,0.0407,1.0,AMBER,0.361,0.0289,0.7048,AMBER,0.5056,0.2486,0.9109,MUSK,0.2952,0.0407,1.0,AMBER,0.5056,0.2486,0.9109
9685,Van Cleef & Arpels,Midnight in Paris,AMBER,0.4865,0.2492,1.0,AMBER,0.5243,0.2686,0.9279,AMBER,0.5473,0.2804,0.8889,AMBER,0.5956,0.3051,0.8168,AMBER,0.5586,0.3213,1.0,AMBER,0.5976,0.3604,1.0,AMBER,0.6697,0.4324,1.0
7145,Chanel,Les Exclusifs de Chanel Coromandel,AMBER,0.4577,0.1593,1.0,AMBER,0.4577,0.1593,1.0,AMBER,0.555,0.1932,0.8246,AMBER,0.555,0.1932,0.8246,AMBER,0.4577,0.1593,1.0,AMBER,0.6331,0.3347,1.0,AMBER,0.6331,0.3347,1.0
15727,Tom Ford,Noir,AMBER,0.413,0.087,1.0,AMBER,0.489,0.1031,0.8444,AMBER,0.413,0.087,1.0,AMBER,0.489,0.1031,0.8444,AMBER,0.489,0.1031,0.8444,AMBER,0.413,0.087,1.0,AMBER,0.489,0.1031,0.8444
34935,Guerlain,Les Absolus d'Orient Ambre Eternel,AMBER,0.3624,0.0797,1.0,AMBER,0.4473,0.0984,0.8102,AMBER,0.389,0.0855,0.9317,AMBER,0.4885,0.1074,0.7419,AMBER,0.5522,0.2694,1.0,AMBER,0.4307,0.148,1.0,AMBER,0.6205,0.3378,1.0
30945,Amouage,The Library Collection Opus IX,MUSK,0.461,0.2268,1.0,FLORAL,0.4344,0.1041,0.539,MUSK,0.461,0.2268,1.0,FLORAL,0.4344,0.1041,0.539,AMBER,0.5432,0.2838,0.9024,MUSK,0.461,0.2268,1.0,AMBER,0.5432,0.2838,0.9024
1229,Mugler,Eau de Star,AQUATIC,0.3864,0.0985,1.0,AQUATIC,0.3864,0.0985,1.0,AQUATIC,0.5426,0.195,0.7121,AQUATIC,0.5426,0.195,0.7121,AQUATIC,0.3864,0.0985,1.0,AQUATIC,0.3864,0.0202,1.0,AQUATIC,0.3864,0.0202,1.0
430,Jean Paul Gaultier,Le Male,GREEN,0.4247,0.1683,1.0,GREEN,0.4597,0.1822,0.9237,GREEN,0.5711,0.2447,0.7436,GREEN,0.6364,0.2727,0.6673,GREEN,0.4597,0.1822,0.9237,AMBER,0.499,0.0744,1.0,AMBER,0.5403,0.0805,0.9237
70465,Lattafa Perfumes,Fakhar Black,GREEN,0.4049,0.1969,0.9022,GREEN,0.4049,0.1969,0.9022,GREEN,0.4049,0.1969,0.9022,GREEN,0.4049,0.1969,0.9022,GREEN,0.4049,0.1969,0.9022,GREEN,0.4049,0.1969,0.9022,GREEN,0.4049,0.1969,0.9022
9241,Diptyque,Eau Duelle Eau de Toilette,AMBER,0.4469,0.2299,1.0,AMBER,0.4847,0.2494,0.9219,AMBER,0.5523,0.2842,0.8091,AMBER,0.6113,0.3145,0.731,AMBER,0.4847,0.2494,0.9219,AMBER,0.6377,0.4208,1.0,AMBER,0.6918,0.4565,0.9219
64718,Yves Saint Laurent,Y Le Parfum,GREEN,0.4572,0.2387,0.8571,GREEN,0.4572,0.2387,0.8571,GREEN,0.4572,0.2387,0.8571,GREEN,0.4572,0.2387,0.8571,GREEN,0.4572,0.2387,0.8571,GREEN,0.4572,0.2387,0.8571,GREEN,0.4572,0.2387,0.8571
1088,Antonio Banderas,Blue Seduction,AQUATIC,0.4172,0.1072,0.9096,AQUATIC,0.4172,0.1072,0.9096,AQUATIC,0.4172,0.1072,0.9096,AQUATIC,0.4172,0.1072,0.9096,AQUATIC,0.4172,0.1072,0.9096,AQUATIC,0.4172,0.1072,0.9096,AQUATIC,0.4172,0.1072,0.9096
642,Versace,Dreamer The Original Edition,GREEN,0.4575,0.2092,1.0,GREEN,0.4575,0.2092,1.0,GREEN,0.5251,0.2401,0.8713,GREEN,0.5251,0.2401,0.8713,GREEN,0.4575,0.2092,1.0,GREEN,0.4575,0.0805,1.0,GREEN,0.4575,0.0805,1.0
74915,Jean Paul Gaultier,Scandal Pour Homme Le Parfum,AMBER,0.3671,0.1374,1.0,AMBER,0.3965,0.1484,0.9259,AMBER,0.4765,0.2418,0.7703,AMBER,0.5273,0.2675,0.6962,AMBER,0.3965,0.1484,0.9259,AMBER,0.5967,0.4159,1.0,AMBER,0.6445,0.4492,0.9259
473,Creed,Original Santal,GREEN,0.4074,0.1508,1.0,GREEN,0.44,0.1629,0.9259,GREEN,0.4302,0.1592,0.9471,GREEN,0.4667,0.1727,0.873,GREEN,0.44,0.1629,0.9259,GREEN,0.4074,0.0979,1.0,GREEN,0.44,0.1057,0.9259
70090,Versace,Eros Parfum,GREEN,0.3717,0.0609,0.935,GREEN,0.3717,0.0609,0.935,GREEN,0.4296,0.0704,0.8089,GREEN,0.4296,0.0704,0.8089,GREEN,0.3717,0.0609,0.935,AMBER,0.4457,0.0739,0.935,AMBER,0.4457,0.0739,0.935
103,Guerlain,Jicky,GREEN,0.3236,0.0799,1.0,GREEN,0.348,0.086,0.9298,GREEN,0.3689,0.0911,0.8772,GREEN,0.401,0.099,0.807,GREEN,0.348,0.086,0.9298,AMBER,0.3665,0.0429,1.0,AMBER,0.3941,0.0461,0.9298
992,Lancôme,Hypnôse Homme,GREEN,0.4205,0.0078,1.0,GREEN,0.4205,0.0078,1.0,GREEN,0.4205,0.0078,1.0,GREEN,0.4205,0.0078,1.0,GREEN,0.4205,0.0078,1.0,GREEN,0.4205,0.0078,1.0,GREEN,0.4205,0.0078,1.0
45499,Donna Karan,DKNY Nectar Love,GOURMAND,0.3833,0.1868,1.0,GOURMAND,0.477,0.2349,0.8035,MUSK,0.3186,0.0032,0.6167,AMBER,0.463,0.125,0.4202,GOURMAND,0.4218,0.0921,0.9086,AMBER,0.5778,0.3813,1.0,AMBER,0.7516,0.5953,0.9086
50875,Hugo Boss,Boss The Scent Private Accord for Her ,GOURMAND,0.5,0.2837,1.0,GOURMAND,0.5,0.2837,1.0,AMBER,0.4326,0.1581,0.5,AMBER,0.4326,0.1581,0.5,GOURMAND,0.5,0.2837,1.0,AMBER,0.7163,0.5791,1.0,AMBER,0.7163,0.5791,1.0
748,Comptoir Sud Pacifique,Amour De Cacao,GOURMAND,0.5925,0.4316,1.0,GOURMAND,0.6278,0.4574,0.9437,AMBER,0.3947,0.1579,0.4075,AMBER,0.458,0.1832,0.3512,GOURMAND,0.6278,0.4574,0.9437,AMBER,0.7534,0.6568,1.0,AMBER,0.7983,0.696,0.9437
3729,Pierre Guillaume Paris,Musc Maori 04,GOURMAND,0.5629,0.3043,1.0,GOURMAND,0.6852,0.3705,0.8215,AMBER,0.5916,0.1832,0.4371,AMBER,1.0,1.0,0.2586,GOURMAND,0.6196,0.2393,0.9085,AMBER,0.8215,0.643,1.0,AMBER,1.0,1.0,0.9085
12426,Prada,Prada Candy,GOURMAND,0.483,0.2112,1.0,GOURMAND,0.6633,0.3267,0.7282,MUSK,0.5258,0.0516,0.517,AMBER,1.0,1.0,0.2451,GOURMAND,0.587,0.174,0.8228,AMBER,0.7282,0.4563,1.0,AMBER,1.0,1.0,0.8228
68074,Jean Paul Gaultier,Scandal Pour Homme,GOURMAND,0.5083,0.3262,1.0,GOURMAND,0.5083,0.3262,1.0,GREEN,0.3702,0.101,0.4917,GREEN,0.3702,0.101,0.4917,GOURMAND,0.5083,0.3262,1.0,AMBER,0.6407,0.4586,1.0,AMBER,0.6407,0.4586,1.0
51249,Dolce&Gabbana,The Only One,GOURMAND,0.5495,0.4026,1.0,GOURMAND,0.6441,0.4971,0.8531,MUSK,0.326,0.0476,0.4505,FLORAL,0.413,0.1141,0.3036,GOURMAND,0.6441,0.4971,0.8531,AMBER,0.637,0.4901,1.0,AMBER,0.7466,0.5996,0.8531
50256,Penhaligon's,Changing Constance,GOURMAND,0.5461,0.3311,1.0,GOURMAND,0.6044,0.3665,0.9035,AMBER,0.4734,0.2609,0.4539,AMBER,0.6012,0.3865,0.3575,GOURMAND,0.6044,0.3665,0.9035,AMBER,0.761,0.6645,1.0,AMBER,0.8422,0.7573,0.9035
51411,Tom Ford,Lost Cherry,GOURMAND,0.5435,0.234,1.0,GOURMAND,0.5435,0.234,1.0,FRUITY,0.678,0.3559,0.4565,FRUITY,0.678,0.3559,0.4565,GOURMAND,0.5435,0.234,1.0,AMBER,0.6905,0.381,1.0,AMBER,0.6905,0.381,1.0
78578,Tom Ford,Cherry Smoke,WOODY,0.4396,0.1541,1.0,WOODY,0.4396,0.1541,1.0,WOODY,0.6152,0.2304,0.7145,WOODY,0.6152,0.2304,0.7145,WOODY,0.4396,0.1541,1.0,WOODY,0.4396,0.1541,1.0,WOODY,0.4396,0.1541,1.0
38133,Attar Collection,Khaltat Night,AMBER,0.3743,0.1021,1.0,AMBER,0.396,0.108,0.9452,AMBER,0.4853,0.1324,0.7713,AMBER,0.5224,0.1425,0.7164,AMBER,0.396,0.108,0.9452,AMBER,0.603,0.3308,1.0,AMBER,0.638,0.35,0.9452
611,Chanel,Coco Mademoiselle,WOODY,0.3279,0.0546,1.0,WOODY,0.3279,0.0546,1.0,WOODY,0.4068,0.0678,0.806,WOODY,0.4068,0.0678,0.806,WOODY,0.3279,0.0546,1.0,WOODY,0.3279,0.0546,1.0,WOODY,0.3279,0.0546,1.0
53,Guerlain,Shalimar Eau de Parfum,WOODY,0.3218,0.046,1.0,WOODY,0.3643,0.052,0.8834,WOODY,0.3664,0.0523,0.8785,WOODY,0.4224,0.0603,0.7619,WOODY,0.3643,0.052,0.8834,AMBER,0.3974,0.0755,1.0,AMBER,0.4498,0.0855,0.8834
55157,Xerjoff,Erba Pura,GOURMAND,0.2449,0.0101,1.0,GOURMAND,0.3201,0.0556,0.7652,MUSK,0.311,0.0429,0.7551,CITRUS,0.3891,0.0078,0.5202,AMBER,0.2766,0.0023,0.8927,AMBER,0.3644,0.1296,1.0,AMBER,0.551,0.3243,0.8927
412,Giorgio Armani,Armani Code,GREEN,0.2291,0.0018,1.0,GREEN,0.2291,0.0018,1.0,GREEN,0.2551,0.002,0.8982,GREEN,0.2551,0.002,0.8982,GREEN,0.2291,0.0018,1.0,AMBER,0.3291,0.1,1.0,AMBER,0.3291,0.1,1.0
176,Chanel,Allure Eau de Parfum,FLORAL,0.3006,0.0882,1.0,FLORAL,0.3268,0.0959,0.9198,FLORAL,0.3817,0.1272,0.7876,FLORAL,0.4249,0.1416,0.7074,FLORAL,0.3268,0.0959,0.9198,FLORAL,0.3006,0.0882,1.0,FLORAL,0.3268,0.0959,0.9198
934,Calvin Klein,CK IN2U for Her,CITRUS,0.2801,0.0252,1.0,CITRUS,0.3012,0.0271,0.93,CITRUS,0.3165,0.0285,0.8852,CITRUS,0.3436,0.0309,0.8151,CITRUS,0.3012,0.0271,0.93,AMBER,0.3305,0.0504,1.0,AMBER,0.3554,0.0542,0.93
62762,Versace,Eros Eau de Parfum,GOURMAND,0.312,0.0128,1.0,GOURMAND,0.312,0.0128,1.0,GREEN,0.435,0.1698,0.688,GREEN,0.435,0.1698,0.688,GOURMAND,0.312,0.0128,1.0,AMBER,0.4069,0.1077,1.0,AMBER,0.4069,0.1077,1.0
565,Hugo Boss,Deep Red,CITRUS,0.2096,0.0231,1.0,CITRUS,0.2331,0.0256,0.8994,CITRUS,0.2577,0.0464,0.8134,CITRUS,0.2941,0.0529,0.7128,CITRUS,0.2331,0.0256,0.8994,AMBER,0.2851,0.0755,1.0,AMBER,0.317,0.0839,0.8994
2653,Chanel,Allure Homme Edition Blanche,CITRUS,0.2915,0.0875,1.0,CITRUS,0.3497,0.1049,0.8338,CITRUS,0.3663,0.1575,0.7959,CITRUS,0.463,0.2361,0.6297,CITRUS,0.3236,0.0971,0.9009,CITRUS,0.2915,0.0204,1.0,AMBER,0.3754,0.0518,0.9009
523,Chanel,Allure Homme,GOURMAND,0.2724,0.0512,1.0,GOURMAND,0.301,0.0566,0.9049,AMBER,0.304,0.0528,0.7276,AMBER,0.3497,0.0607,0.6325,GOURMAND,0.301,0.0566,0.9049,AMBER,0.4936,0.3108,1.0,AMBER,0.5455,0.3434,0.9049
13066,Trussardi,Trussardi Donna (2011),FLORAL,0.2968,0.0695,1.0,FLORAL,0.3133,0.0733,0.9474,FLORAL,0.3842,0.1117,0.7726,FLORAL,0.4123,0.1199,0.72,FLORAL,0.3133,0.0733,0.9474,FLORAL,0.2968,0.0695,1.0,FLORAL,0.3133,0.0733,0.9474
612,Chanel,Coco Mademoiselle Eau de Toilette,WOODY,0.358,0.0621,1.0,WOODY,0.358,0.0621,1.0,WOODY,0.358,0.0621,1.0,WOODY,0.358,0.0621,1.0,WOODY,0.358,0.0621,1.0,WOODY,0.358,0.0621,1.0,WOODY,0.358,0.0621,1.0
56324,Dior,Sauvage Parfum,AMBER,0.3206,0.1202,1.0,AMBER,0.3516,0.1319,0.9118,AMBER,0.3628,0.1361,0.8838,AMBER,0.403,0.1511,0.7956,AMBER,0.3516,0.1319,0.9118,AMBER,0.4369,0.2365,1.0,AMBER,0.4791,0.2593,0.9118
7955,Yves Rocher,Noix de Coco de Malaisie,GOURMAND,0.8824,0.7647,1.0,GOURMAND,0.8824,0.7647,1.0,FRUITY,1.0,1.0,0.1176,FRUITY,1.0,1.0,0.1176,GOURMAND,0.8824,0.7647,1.0,AMBER,0.8824,0.7647,1.0,AMBER,0.8824,0.7647,1.0
45968,Bath & Body Works,At the Beach,GOURMAND,0.4851,0.3234,1.0,GOURMAND,0.4851,0.3234,1.0,FRUITY,0.314,0.0537,0.5149,FRUITY,0.314,0.0537,0.5149,GOURMAND,0.4851,0.3234,1.0,AMBER,0.4851,0.3234,1.0,AMBER,0.4851,0.3234,1.0
3907,Givenchy,Givenchy Play Intense,GOURMAND,0.3769,0.0934,1.0,GOURMAND,0.3769,0.0934,1.0,AMBER,0.455,0.2561,0.6231,AMBER,0.455,0.2561,0.6231,GOURMAND,0.3769,0.0934,1.0,AMBER,0.6604,0.5365,1.0,AMBER,0.6604,0.5365,1.0
55001,Montale,Ristretto Intense Café,GOURMAND,0.541,0.3594,1.0,GOURMAND,0.6442,0.4279,0.8398,FLORAL,0.3957,0.0468,0.459,FLORAL,0.6078,0.2157,0.2988,GOURMAND,0.5931,0.3854,0.9121,AMBER,0.6582,0.4766,1.0,AMBER,0.8009,0.6017,0.9121
3258,Bond No 9,New Haarlem,GOURMAND,0.3654,0.1061,1.0,GOURMAND,0.3654,0.1061,1.0,AMBER,0.4087,0.0743,0.6346,AMBER,0.4087,0.0743,0.6346,GOURMAND,0.3654,0.1061,1.0,AMBER,0.6248,0.4126,1.0,AMBER,0.6248,0.4126,1.0
52924,Yves Saint Laurent,Black Opium Intense,GOURMAND,0.4144,0.1747,1.0,GOURMAND,0.4144,0.1747,1.0,AMBER,0.4094,0.1345,0.5856,AMBER,0.4094,0.1345,0.5856,GOURMAND,0.4144,0.1747,1.0,AMBER,0.6541,0.4932,1.0,AMBER,0.6541,0.4932,1.0
62199,Tom Ford,Black Orchid Parfum,WOODY,0.4665,0.2862,1.0,WOODY,0.4665,0.2862,1.0,WOODY,0.5492,0.337,0.8494,WOODY,0.5492,0.337,0.8494,WOODY,0.4665,0.2862,1.0,WOODY,0.4665,0.1357,1.0,WOODY,0.4665,0.1357,1.0
12792,Новая Заря (The New Dawn),Mystere,WOODY,0.6281,0.4421,1.0,WOODY,0.6281,0.4421,1.0,WOODY,0.6281,0.4421,1.0,WOODY,0.6281,0.4421,1.0,WOODY,0.6281,0.4421,1.0,WOODY,0.6281,0.4421,1.0,WOODY,0.6281,0.4421,1.0
45292,Amouage,Figment Man,WOODY,0.3959,0.1442,1.0,WOODY,0.5291,0.3364,0.7483,WOODY,0.3959,0.1442,1.0,WOODY,0.5291,0.3364,0.7483,WOODY,0.3959,0.0069,1.0,WOODY,0.3959,0.1442,1.0,WOODY,0.3959,0.0069,1.0
1460,Viktor&Rolf,Flowerbomb,FLORAL,0.3824,0.125,1.0,FLORAL,0.4657,0.1522,0.8211,FLORAL,0.4182,0.1367,0.9142,FLORAL,0.52,0.17,0.7353,FLORAL,0.4239,0.1386,0.902,FLORAL,0.3824,0.125,1.0,FLORAL,0.4239,0.1386,0.902
92,Yves Saint Laurent,Cinéma,FLORAL,0.3263,0.0212,0.9332,FLORAL,0.3555,0.0231,0.8564,FLORAL,0.4695,0.2328,0.6485,FLORAL,0.5325,0.2641,0.5718,FLORAL,0.3555,0.0231,0.8564,AMBER,0.4695,0.1432,0.9332,AMBER,0.5116,0.1561,0.8564
9677,Gucci,Gucci Guilty,AMBER,0.2851,0.0588,0.902,AMBER,0.2851,0.0588,0.902,AMBER,0.3273,0.0675,0.7857,AMBER,0.3273,0.0675,0.7857,AMBER,0.2851,0.0588,0.902,AMBER,0.414,0.1878,0.902,AMBER,0.414,0.1878,0.902
27040,Byredo,Mojave Ghost,FLORAL,0.357,0.0801,1.0,FLORAL,0.4937,0.2658,0.7231,FLORAL,0.357,0.0801,1.0,FLORAL,0.4937,0.2658,0.7231,FLORAL,0.4262,0.2131,0.8375,FLORAL,0.357,0.0801,1.0,FLORAL,0.4262,0.2131,0.8375
22963,Tom Ford,Velvet Orchid,GOURMAND,0.3505,0.1211,1.0,GOURMAND,0.403,0.1392,0.8697,AMBER,0.3531,0.0706,0.6495,AMBER,0.4417,0.0883,0.5193,GOURMAND,0.403,0.1392,0.8697,AMBER,0.5798,0.3963,1.0,AMBER,0.6667,0.4557,0.8697
51,Guerlain,L'Instant de Guerlain,GOURMAND,0.3859,0.1326,1.0,GOURMAND,0.4415,0.1516,0.8742,FLORAL,0.4126,0.2049,0.6141,FLORAL,0.5189,0.2577,0.4883,GOURMAND,0.4415,0.1516,0.8742,AMBER,0.5134,0.2601,1.0,AMBER,0.5873,0.2975,0.8742
15338,Lady Gaga,Fame,GOURMAND,0.3306,0.1265,1.0,GOURMAND,0.3624,0.1387,0.9122,FLORAL,0.3049,0.0274,0.6694,FLORAL,0.3509,0.0316,0.5816,GOURMAND,0.3624,0.1387,0.9122,AMBER,0.5163,0.3122,1.0,AMBER,0.566,0.3423,0.9122
86,Elizabeth Arden,Red Door,FLORAL,0.4784,0.2649,1.0,FLORAL,0.5394,0.2986,0.8871,FLORAL,0.6084,0.4648,0.7864,FLORAL,0.7104,0.564,0.6735,FLORAL,0.5394,0.2986,0.8871,FLORAL,0.4784,0.1684,1.0,FLORAL,0.5394,0.1898,0.8871
267,Calvin Klein,Truth,FLORAL,0.314,0.1093,1.0,FLORAL,0.3435,0.1196,0.914,FLORAL,0.347,0.1208,0.9047,FLORAL,0.3835,0.1335,0.8186,FLORAL,0.3435,0.1196,0.914,FLORAL,0.314,0.1093,1.0,FLORAL,0.3435,0.1196,0.914
4758,Новая Заря (The New Dawn),Красная Москва (Red Moscow),FLORAL,0.4981,0.2841,1.0,FLORAL,0.4981,0.2841,1.0,FLORAL,0.6337,0.4337,0.786,FLORAL,0.6337,0.4337,0.786,FLORAL,0.4981,0.2841,1.0,FLORAL,0.4981,0.1534,1.0,FLORAL,0.4981,0.1534,1.0
1871,Avon,Perceive,AMBER,0.2326,0.0152,1.0,AMBER,0.2869,0.0188,0.8109,AMBER,0.2688,0.0176,0.8652,AMBER,0.3441,0.0225,0.6761,AMBER,0.3667,0.1286,0.913,AMBER,0.3674,0.15,1.0,AMBER,0.5143,0.2762,0.913
54157,Bond No 9,Greenwich Village,FRUITY,0.2743,0.0842,0.8224,FRUITY,0.3307,0.1016,0.6821,FRUITY,0.3183,0.0977,0.7087,FRUITY,0.3969,0.1219,0.5684,AMBER,0.3024,0.0281,0.8224,FRUITY,0.2743,0.0043,0.8224,AMBER,0.4406,0.1663,0.8224
631,Versace,Crystal Noir,AMBER,0.3828,0.1263,0.9241,AMBER,0.4216,0.1391,0.8389,AMBER,0.5148,0.2803,0.687,AMBER,0.5877,0.32,0.6019,AMBER,0.4216,0.1391,0.8389,AMBER,0.6393,0.4649,0.9241,AMBER,0.7042,0.5121,0.8389
48100,Dior,Sauvage Eau de Parfum,AMBER,0.4055,0.0907,1.0,AMBER,0.446,0.0997,0.9093,AMBER,0.4055,0.0907,1.0,AMBER,0.446,0.0997,0.9093,AMBER,0.4962,0.1814,1.0,AMBER,0.4055,0.0907,1.0,AMBER,0.4962,0.1814,1.0
12865,Carolina Herrera,212 VIP Men,GREEN,0.2692,0.0824,1.0,GREEN,0.2692,0.0824,1.0,GREEN,0.3161,0.0968,0.8516,GREEN,0.3161,0.0968,0.8516,GREEN,0.2692,0.0824,1.0,AMBER,0.3315,0.0623,1.0,AMBER,0.3315,0.0623,1.0
6538,Amouage,Epic Woman,AMBER,0.4362,0.214,1.0,AMBER,0.4711,0.2311,0.9259,AMBER,0.4362,0.214,1.0,AMBER,0.4711,0.2311,0.9259,AMBER,0.4711,0.2311,0.9259,AMBER,0.4362,0.214,1.0,AMBER,0.4711,0.2311,0.9259
49751,Louis Vuitton,L’Immensité ,AMBER,0.351,0.0202,0.9451,AMBER,0.3697,0.0213,0.8974,AMBER,0.351,0.0202,0.9451,AMBER,0.3697,0.0213,0.8974,AMBER,0.4015,0.0707,0.9451,AMBER,0.351,0.0202,0.9451,AMBER,0.4015,0.0707,0.9451
1115,Burberry,Burberry Brit for Men,AMBER,0.3476,0.1922,1.0,AMBER,0.3737,0.2067,0.9301,AMBER,0.3729,0.2062,0.932,AMBER,0.4032,0.223,0.8621,AMBER,0.4175,0.2621,1.0,AMBER,0.4155,0.2602,1.0,AMBER,0.4854,0.3301,1.0
110661,Prada,Paradigme,AMBER,0.5566,0.4215,1.0,AMBER,0.61,0.462,0.9124,AMBER,0.5566,0.4215,1.0,AMBER,0.61,0.462,0.9124,AMBER,0.6442,0.5091,1.0,AMBER,0.5566,0.4215,1.0,AMBER,0.6442,0.5091,1.0
10206,Yves Saint Laurent,La Nuit de L'Homme Le Parfum,AMBER,0.2871,0.0535,1.0,AMBER,0.2871,0.0535,1.0,AMBER,0.3718,0.0692,0.7723,AMBER,0.3718,0.0692,0.7723,AMBER,0.2871,0.0535,1.0,AMBER,0.5149,0.2812,1.0,AMBER,0.5149,0.2812,1.0
1005,Serge Lutens,Arabie,AMBER,0.4974,0.3316,1.0,AMBER,0.4974,0.3316,1.0,AMBER,0.5963,0.4017,0.8342,AMBER,0.5963,0.4017,0.8342,AMBER,0.4974,0.3316,1.0,AMBER,0.6632,0.5009,1.0,AMBER,0.6632,0.5009,1.0
698,Dolce&Gabbana,The One,GOURMAND,0.285,0.0475,0.9376,GOURMAND,0.3261,0.0543,0.8196,FRUITY,0.3322,0.0664,0.6704,FRUITY,0.4032,0.0806,0.5523,GOURMAND,0.3261,0.0543,0.8196,AMBER,0.3705,0.133,0.9376,AMBER,0.4239,0.1522,0.8196
218,Dior,Poison,AMBER,0.3475,0.1258,1.0,AMBER,0.3475,0.1258,1.0,AMBER,0.4085,0.1479,0.8506,AMBER,0.4085,0.1479,0.8506,AMBER,0.3475,0.1258,1.0,AMBER,0.4969,0.2752,1.0,AMBER,0.4969,0.2752,1.0
172,Lancôme,Trésor,FLORAL,0.2442,0.0316,1.0,FLORAL,0.3069,0.0397,0.7958,FLORAL,0.3102,0.0428,0.7874,FLORAL,0.4188,0.0578,0.5832,FLORAL,0.3069,0.0397,0.7958,AMBER,0.2653,0.0211,1.0,AMBER,0.3333,0.0265,0.7958
61519,Mugler,Angel Nova,FRUITY,0.4199,0.2147,0.9369,FRUITY,0.4199,0.2147,0.9369,FRUITY,0.4888,0.25,0.8048,FRUITY,0.4888,0.25,0.8048,FRUITY,0.4199,0.2147,0.9369,FRUITY,0.4199,0.1987,0.9369,FRUITY,0.4199,0.1987,0.9369
67996,Lattafa Perfumes,Qaed Al Fursan,FRUITY,0.389,0.1546,0.8951,FRUITY,0.389,0.1546,0.8951,FRUITY,0.5081,0.2476,0.6853,FRUITY,0.5081,0.2476,0.6853,FRUITY,0.389,0.1546,0.8951,AMBER,0.4115,0.0224,0.8951,AMBER,0.4115,0.0224,0.8951
6103,Mugler,A*Men Pure Malt,WOODY,0.2986,0.0213,1.0,WOODY,0.2986,0.0213,1.0,WOODY,0.3673,0.0262,0.8128,WOODY,0.3673,0.0262,0.8128,WOODY,0.2986,0.0213,1.0,AMBER,0.4645,0.1659,1.0,AMBER,0.4645,0.1659,1.0
1596,Vera Wang,Princess,GOURMAND,0.4869,0.2696,0.8987,GOURMAND,0.4869,0.2696,0.8987,FLORAL,0.4235,0.0314,0.4611,FLORAL,0.4235,0.0314,0.4611,GOURMAND,0.4869,0.2696,0.8987,AMBER,0.5815,0.3642,0.8987,AMBER,0.5815,0.3642,0.8987
28182,Amouage,Sunshine Woman,FLORAL,0.3403,0.0556,1.0,FLORAL,0.3403,0.0556,1.0,FLORAL,0.4757,0.1521,0.7153,FLORAL,0.4757,0.1521,0.7153,FLORAL,0.3403,0.0556,1.0,AMBER,0.3588,0.0185,1.0,AMBER,0.3588,0.0185,1.0
4094,Jessica Simpson,Fancy,GOURMAND,0.5868,0.3802,1.0,GOURMAND,0.644,0.4172,0.9112,FRUITY,0.5,0.285,0.4132,FRUITY,0.6369,0.4268,0.3244,GOURMAND,0.644,0.4172,0.9112,AMBER,0.6364,0.4298,1.0,AMBER,0.6984,0.4717,0.9112
1036,Escada,Escada Magnetism,FRUITY,0.2762,0.0193,0.8983,FRUITY,0.2762,0.0193,0.8983,FRUITY,0.3704,0.0259,0.67,FRUITY,0.3704,0.0259,0.67,FRUITY,0.2762,0.0193,0.8983,FRUITY,0.2762,0.0193,0.8983,FRUITY,0.2762,0.0193,0.8983
68271,Afnan,Supremacy Not Only Intense,WOODY,0.4352,0.2418,1.0,WOODY,0.4737,0.2632,0.9188,WOODY,0.4352,0.2418,1.0,WOODY,0.4737,0.2632,0.9188,WOODY,0.4352,0.1799,1.0,WOODY,0.4352,0.2418,1.0,WOODY,0.4352,0.1799,1.0
3241,Montale,Mukhallat,GOURMAND,0.4903,0.2667,1.0,GOURMAND,0.5278,0.287,0.929,AMBER,0.4388,0.0169,0.5097,AMBER,0.5098,0.0196,0.4387,GOURMAND,0.5278,0.287,0.929,AMBER,0.714,0.4989,1.0,AMBER,0.7685,0.537,0.929
709,Mugler,Innocent,GOURMAND,0.3683,0.085,1.0,GOURMAND,0.3976,0.0917,0.9263,FRUITY,0.4484,0.1928,0.6317,FRUITY,0.5076,0.2183,0.5581,GOURMAND,0.3683,0.085,1.0,AMBER,0.4249,0.1416,1.0,AMBER,0.4986,0.2153,1.0
45639,Mugler,Aura Mugler,GREEN,0.3067,0.0259,1.0,GREEN,0.3067,0.0259,1.0,GREEN,0.4264,0.1922,0.7192,GREEN,0.4264,0.1922,0.7192,GREEN,0.3067,0.0259,1.0,GREEN,0.3067,0.0259,1.0,GREEN,0.3067,0.0259,1.0
62021,Marc Jacobs,Perfect,GOURMAND,0.328,0.0358,1.0,GOURMAND,0.328,0.0358,1.0,GREEN,0.4347,0.1787,0.672,GREEN,0.4347,0.1787,0.672,GOURMAND,0.328,0.0358,1.0,AMBER,0.328,0.0358,1.0,AMBER,0.328,0.0358,1.0
521,Rabanne,Ultraviolet Man,GREEN,0.3284,0.033,1.0,GREEN,0.3284,0.033,1.0,GREEN,0.3638,0.0366,0.9026,GREEN,0.3638,0.0366,0.9026,GREEN,0.3284,0.033,1.0,AMBER,0.3762,0.0479,1.0,AMBER,0.3762,0.0479,1.0
146,Bvlgari,Eau Parfumée au Thé Rouge,GOURMAND,0.2314,0.0696,1.0,GOURMAND,0.2567,0.0772,0.9013,GREEN,0.2105,0.0126,0.7686,GREEN,0.2415,0.0145,0.6699,GOURMAND,0.2314,0.0502,1.0,AMBER,0.3139,0.1521,1.0,AMBER,0.4126,0.2508,1.0
50,Guerlain,Chamade,AMBER,0.3979,0.0085,0.9004,AMBER,0.3979,0.0085,0.9004,AMBER,0.3979,0.0085,0.9004,AMBER,0.3979,0.0085,0.9004,AMBER,0.3979,0.0085,0.9004,AMBER,0.3979,0.0085,0.9004,AMBER,0.3979,0.0085,0.9004
30509,Montale,Honey Aoud,GOURMAND,0.3755,0.0056,1.0,GOURMAND,0.3755,0.0056,1.0,AMBER,0.5923,0.3214,0.6245,AMBER,0.5923,0.3214,0.6245,GOURMAND,0.3755,0.0056,1.0,AMBER,0.7454,0.5762,1.0,AMBER,0.7454,0.5762,1.0
59826,Trussardi,Limitless Shopping Via della Spiga,GOURMAND,0.5338,0.3835,0.911,GOURMAND,0.5884,0.4227,0.8265,FLORAL,0.3226,0.0108,0.4247,FLORAL,0.4027,0.0134,0.3402,GOURMAND,0.5884,0.4227,0.8265,AMBER,0.5338,0.3835,0.911,AMBER,0.5884,0.4227,0.8265
64029,Francesca Bianchi,Tyger Tyger,GOURMAND,0.3145,0.0883,1.0,GOURMAND,0.4064,0.1324,0.7739,MUSK,0.3299,0.0206,0.6855,WOODY,0.4615,0.1769,0.4594,GOURMAND,0.3618,0.1179,0.8693,AMBER,0.3145,0.0883,1.0,AMBER,0.4715,0.2276,0.8693
42254,MAC,Velvet Teddy,GOURMAND,0.5159,0.25,1.0,GOURMAND,0.5577,0.2703,0.925,FLORAL,0.5493,0.3944,0.4841,FLORAL,0.65,0.4722,0.4091,GOURMAND,0.5577,0.2703,0.925,AMBER,0.5864,0.3205,1.0,AMBER,0.6339,0.3464,0.925
18283,Phaedon,Tabac Rouge,AMBER,0.5328,0.2213,1.0,AMBER,0.5882,0.2443,0.9057,AMBER,0.7738,0.6369,0.6885,AMBER,0.8966,0.7931,0.5943,AMBER,0.5882,0.2443,0.9057,AMBER,0.8443,0.75,1.0,AMBER,0.9321,0.8643,0.9057
45396,Prada,Prada L'Homme Intense,WOODY,0.339,0.0565,1.0,WOODY,0.4,0.0667,0.8475,WOODY,0.3696,0.0616,0.9171,WOODY,0.4433,0.0739,0.7646,WOODY,0.4,0.0667,0.8475,WOODY,0.339,0.0565,1.0,WOODY,0.4,0.0667,0.8475
31411,Valentino,Valentino Donna,WOODY,0.4247,0.109,1.0,WOODY,0.4926,0.1264,0.8622,WOODY,0.4836,0.1241,0.8782,WOODY,0.5736,0.1472,0.7404,WOODY,0.4926,0.1264,0.8622,WOODY,0.4247,0.109,1.0,WOODY,0.4926,0.1264,0.8622
1980,Yves Rocher,Iris Noir,WOODY,0.4025,0.1365,1.0,WOODY,0.4531,0.1537,0.8883,WOODY,0.4025,0.1365,1.0,WOODY,0.4531,0.1537,0.8883,WOODY,0.4531,0.1537,0.8883,WOODY,0.4025,0.1365,1.0,WOODY,0.4531,0.1537,0.8883
101596,Dior,Dior Homme Intense 2025,FLORAL,0.4388,0.1693,1.0,FLORAL,0.6006,0.2561,0.7305,FLORAL,0.4388,0.1693,1.0,FLORAL,0.6006,0.2561,0.7305,FLORAL,0.5212,0.2222,0.8419,FLORAL,0.4388,0.1693,1.0,FLORAL,0.5212,0.2222,0.8419
11350,Serge Lutens,Jeux de Peau,GOURMAND,0.4414,0.209,1.0,GOURMAND,0.4814,0.2279,0.9168,AMBER,0.416,0.126,0.5586,AMBER,0.4888,0.148,0.4755,GOURMAND,0.4814,0.2279,0.9168,AMBER,0.6738,0.5117,1.0,AMBER,0.7349,0.5581,0.9168
34503,Yves Saint Laurent,Black Opium Nuit Blanche,GOURMAND,0.7256,0.6227,1.0,GOURMAND,0.7852,0.6738,0.9242,GREEN,0.375,0.0263,0.2744,GREEN,0.5182,0.0364,0.1986,GOURMAND,0.7852,0.6738,0.9242,AMBER,0.8213,0.7184,1.0,AMBER,0.8887,0.7773,0.9242
3670,Diesel,Plus Plus Feminine,GOURMAND,0.7109,0.565,1.0,GOURMAND,0.8323,0.736,0.8541,MUSK,0.5046,0.2202,0.2891,FRUITY,0.5741,0.1481,0.1432,GOURMAND,0.7791,0.689,0.9125,AMBER,0.7109,0.565,1.0,AMBER,0.843,0.7529,0.9125
18714,Diesel,Loverdose Tattoo,GOURMAND,0.5966,0.3643,1.0,GOURMAND,0.5966,0.3643,1.0,GREEN,0.5758,0.4242,0.4034,GREEN,0.5758,0.4242,0.4034,GOURMAND,0.5966,0.3643,1.0,AMBER,0.6528,0.4205,1.0,AMBER,0.6528,0.4205,1.0
78740,Valentino,Valentino Uomo Born In Roma Intense,GREEN,0.4183,0.1298,1.0,GREEN,0.4496,0.1395,0.9303,GREEN,0.5878,0.375,0.7115,GREEN,0.6517,0.4157,0.6418,GREEN,0.4496,0.1395,0.9303,GREEN,0.4183,0.0577,1.0,GREEN,0.4496,0.062,0.9303
83296,Yves Saint Laurent,Libre L'Absolu Platine,GREEN,0.3097,0.0162,0.9114,GREEN,0.3097,0.0162,0.9114,GREEN,0.3408,0.0178,0.8284,GREEN,0.3408,0.0178,0.8284,GREEN,0.3097,0.0162,0.9114,GREEN,0.3097,0.0162,0.9114,GREEN,0.3097,0.0162,0.9114
9502,Jean Paul Gaultier,Le Male Terrible,GREEN,0.3292,0.0463,1.0,GREEN,0.3292,0.0463,1.0,GREEN,0.4415,0.0621,0.7456,GREEN,0.4415,0.0621,0.7456,GREEN,0.3292,0.0463,1.0,AMBER,0.5374,0.2082,1.0,AMBER,0.5374,0.2082,1.0
6759,Carolina Herrera,CH Men,WOODY,0.3367,0.0199,1.0,WOODY,0.4132,0.0244,0.8147,WOODY,0.4927,0.2216,0.6833,WOODY,0.676,0.504,0.498,WOODY,0.3764,0.0223,0.8944,AMBER,0.3924,0.0558,1.0,AMBER,0.5278,0.1514,0.8944
154,Bvlgari,Black,WOODY,0.4081,0.065,1.0,WOODY,0.6212,0.3515,0.657,WOODY,0.4959,0.079,0.8229,WOODY,0.8505,0.7009,0.4798,WOODY,0.474,0.1536,0.861,WOODY,0.4081,0.065,1.0,AMBER,0.526,0.0521,0.861
16220,Byredo,Black Saffron,WOODY,0.3463,0.184,1.0,WOODY,0.4134,0.2326,0.8377,WOODY,0.3874,0.2058,0.8939,WOODY,0.4734,0.2663,0.7316,WOODY,0.3765,0.1624,0.9199,WOODY,0.3463,0.1255,1.0,WOODY,0.3765,0.0471,0.9199
19668,Rasasi,La Yuqawam Homme,WOODY,0.3865,0.2147,1.0,WOODY,0.4667,0.263,0.8282,WOODY,0.439,0.2439,0.8804,WOODY,0.5455,0.3074,0.7086,WOODY,0.3865,0.0613,1.0,WOODY,0.3865,0.1135,1.0,AMBER,0.4448,0.0583,1.0
8590,Histoires de Parfums,1740 Marquis de Sade,WOODY,0.3865,0.0957,1.0,WOODY,0.3865,0.0957,1.0,WOODY,0.4266,0.1057,0.906,WOODY,0.4266,0.1057,0.906,WOODY,0.3865,0.0957,1.0,WOODY,0.3865,0.0638,1.0,WOODY,0.3865,0.0638,1.0
75489,Tom Ford,Noir Extreme Parfum,GOURMAND,0.3105,0.0408,1.0,GOURMAND,0.3399,0.0447,0.9134,WOODY,0.391,0.0427,0.6895,WOODY,0.4472,0.0488,0.6029,GOURMAND,0.3399,0.0447,0.9134,AMBER,0.5507,0.281,1.0,AMBER,0.6029,0.3077,0.9134
61264,Room 1015,Cherry Punk,WOODY,0.3053,0.0361,1.0,WOODY,0.3414,0.0403,0.8942,WOODY,0.4178,0.1118,0.7308,WOODY,0.4885,0.1308,0.625,WOODY,0.3053,0.0361,1.0,AMBER,0.3654,0.0601,1.0,AMBER,0.4712,0.1659,1.0
66856,Dior,Eden-Roc,AQUATIC,0.4317,0.2969,1.0,AQUATIC,0.4317,0.2969,1.0,AQUATIC,0.4693,0.3228,0.9199,AQUATIC,0.4693,0.3228,0.9199,AQUATIC,0.4317,0.2969,1.0,AQUATIC,0.4317,0.2969,1.0,AQUATIC,0.4317,0.2969,1.0
59292,Mugler,Alien Mirage,AQUATIC,0.2996,0.0169,1.0,AQUATIC,0.2996,0.0169,1.0,AQUATIC,0.3249,0.0183,0.9219,AQUATIC,0.3249,0.0183,0.9219,AQUATIC,0.2996,0.0169,1.0,AQUATIC,0.2996,0.0169,1.0,AQUATIC,0.2996,0.0169,1.0
10131,Le Labo,Another 13,MUSK,0.4438,0.1716,1.0,AMBER,0.4894,0.2181,0.5562,MUSK,0.4438,0.1716,1.0,AMBER,0.4894,0.2181,0.5562,AMBER,0.6972,0.5363,0.9379,MUSK,0.4438,0.1716,1.0,AMBER,0.6972,0.5363,0.9379
71596,Narciso Rodriguez,Musc Noir Rose For Her,MUSK,0.3121,0.043,1.0,GOURMAND,0.3913,0.0054,0.6879,MUSK,0.4271,0.0639,0.7308,FLORAL,0.6339,0.2679,0.4187,GOURMAND,0.3077,0.0043,0.8748,MUSK,0.3121,0.043,1.0,AMBER,0.5214,0.2179,0.8748
1021,Guerlain,Angélique Noire,MUSK,0.3881,0.1068,1.0,GOURMAND,0.4597,0.2047,0.6119,MUSK,0.54,0.3229,0.7187,AMBER,0.472,0.2733,0.3306,AMBER,0.4422,0.098,0.8172,AMBER,0.4374,0.0493,1.0,AMBER,0.7864,0.706,0.8172
60867,Narciso Rodriguez,Narciso Eau de Parfum Ambrée,FLORAL,0.3292,0.007,1.0,FLORAL,0.4857,0.2987,0.6778,FLORAL,0.3292,0.007,1.0,FLORAL,0.4857,0.2987,0.6778,FLORAL,0.3856,0.0433,0.8539,FLORAL,0.3292,0.007,1.0,FLORAL,0.3856,0.0433,0.8539
760,Agent Provocateur,Agent Provocateur Maitresse,FLORAL,0.3781,0.0077,1.0,FLORAL,0.6006,0.3171,0.6296,FLORAL,0.4079,0.0083,0.9271,FLORAL,0.6793,0.3586,0.5566,FLORAL,0.4603,0.2266,0.8215,FLORAL,0.3781,0.0077,1.0,FLORAL,0.4603,0.1379,0.8215
34973,Prada,Prada Candy Kiss,MUSK,0.4728,0.2092,1.0,GOURMAND,0.5,0.1667,0.5272,MUSK,0.642,0.4034,0.7364,FLORAL,0.6667,0.3333,0.2636,AMBER,0.3438,0.0156,0.8033,MUSK,0.4728,0.2092,1.0,AMBER,0.6719,0.4531,0.8033
90957,Kylie Cosmetics,Cosmic Kylie Jenner,MUSK,0.356,0.0844,0.9008,FLORAL,0.4217,0.1823,0.5802,MUSK,0.4145,0.0983,0.7736,FLORAL,0.5401,0.2336,0.4529,AMBER,0.408,0.0798,0.7455,MUSK,0.356,0.0606,0.9008,AMBER,0.5787,0.2506,0.7455
4295,Nasomatto,Silver Musk,MUSK,0.9429,0.8857,1.0,GOURMAND,1.0,1.0,0.0571,MUSK,1.0,1.0,0.9429,NO_FAMILY_SIGNAL,,,0.0,AMBER,0.92,0.84,0.7143,MUSK,0.9429,0.8857,1.0,AMBER,1.0,1.0,0.7143
59827,Trussardi,Passeggiata In Galleria Vittorio Emanuele II,GOURMAND,0.5191,0.271,1.0,GOURMAND,0.5191,0.271,1.0,FLORAL,0.5159,0.2262,0.4809,FLORAL,0.5159,0.2262,0.4809,GOURMAND,0.5191,0.271,1.0,AMBER,0.6126,0.3645,1.0,AMBER,0.6126,0.3645,1.0
973,Aquolina,Chocolovers,GOURMAND,0.5128,0.3355,1.0,GOURMAND,0.553,0.3618,0.9274,CITRUS,0.364,0.0877,0.4872,CITRUS,0.4278,0.1031,0.4145,GOURMAND,0.553,0.3618,0.9274,AMBER,0.5577,0.3803,1.0,AMBER,0.6014,0.4101,0.9274
64948,Lattafa Perfumes,Bade'e Al Oud Oud for Glory,WOODY,0.4069,0.0385,1.0,WOODY,0.4835,0.0458,0.8415,WOODY,0.4069,0.0385,1.0,WOODY,0.4835,0.0458,0.8415,AMBER,0.486,0.0442,0.9208,WOODY,0.4069,0.0385,1.0,AMBER,0.486,0.0442,0.9208
1031,Yves Saint Laurent,M7,WOODY,0.3219,0.0322,1.0,WOODY,0.3686,0.0369,0.8734,WOODY,0.3219,0.0322,1.0,WOODY,0.3686,0.0369,0.8734,AMBER,0.3776,0.0343,0.9378,WOODY,0.3219,0.0322,1.0,AMBER,0.3776,0.0343,0.9378
28246,Guerlain,Les Absolus d'Orient Santal Royal,WOODY,0.4458,0.2437,1.0,WOODY,0.5576,0.3047,0.7996,WOODY,0.4458,0.2437,1.0,WOODY,0.5576,0.3047,0.7996,WOODY,0.5051,0.182,0.8827,WOODY,0.4458,0.2437,1.0,WOODY,0.5051,0.182,0.8827
32743,Gucci,Intense Oud,WOODY,0.4367,0.0271,1.0,WOODY,0.4789,0.0298,0.9118,WOODY,0.4367,0.0271,1.0,WOODY,0.4789,0.0298,0.9118,AMBER,0.4977,0.0611,1.0,WOODY,0.4367,0.0271,1.0,AMBER,0.4977,0.0611,1.0
48463,Maison Francis Kurkdjian,Oud Satin Mood Extrait de Parfum,AMBER,0.2916,0.0675,1.0,AMBER,0.3464,0.0802,0.8418,AMBER,0.3477,0.0806,0.8386,AMBER,0.4286,0.0993,0.6804,AMBER,0.3464,0.0802,0.8418,AMBER,0.453,0.229,1.0,AMBER,0.5382,0.272,0.8418
15231,Dior,Oud Ispahan,WOODY,0.4771,0.2104,1.0,WOODY,0.4771,0.2104,1.0,WOODY,0.4771,0.2104,1.0,WOODY,0.4771,0.2104,1.0,WOODY,0.4771,0.2104,1.0,WOODY,0.4771,0.2104,1.0,WOODY,0.4771,0.2104,1.0
96740,Diptyque,Lilyphéa,AQUATIC,0.5194,0.3104,0.949,AQUATIC,0.5194,0.3104,0.949,AQUATIC,0.5878,0.3514,0.8385,AQUATIC,0.5878,0.3514,0.8385,AQUATIC,0.5194,0.3104,0.949,AQUATIC,0.5194,0.194,0.949,AQUATIC,0.5194,0.194,0.949
36416,Mugler,Angel Muse,WOODY,0.4919,0.1532,1.0,WOODY,0.4919,0.1532,1.0,WOODY,0.7439,0.6076,0.6613,WOODY,0.7439,0.6076,0.6613,WOODY,0.4919,0.1532,1.0,WOODY,0.4919,0.0631,1.0,WOODY,0.4919,0.0631,1.0
13462,Jovoy Paris,Psychedelique,WOODY,0.4203,0.0259,1.0,WOODY,0.4607,0.0284,0.9124,WOODY,0.4658,0.0287,0.9024,WOODY,0.5159,0.0318,0.8147,AMBER,0.4821,0.0618,1.0,AMBER,0.492,0.0717,1.0,AMBER,0.5797,0.1594,1.0
31397,Yves Rocher,So Elixir Bois Sensuel,WOODY,0.4233,0.2578,1.0,WOODY,0.4831,0.2942,0.8763,WOODY,0.5073,0.3111,0.8345,WOODY,0.5956,0.3652,0.7108,WOODY,0.4831,0.2942,0.8763,WOODY,0.4233,0.0941,1.0,WOODY,0.4831,0.1074,0.8763
4433,L'Artisan Parfumeur,Voleur de Roses,WOODY,0.4789,0.2582,1.0,WOODY,0.4789,0.2582,1.0,WOODY,0.4789,0.2582,1.0,WOODY,0.4789,0.2582,1.0,WOODY,0.4789,0.2582,1.0,WOODY,0.4789,0.2582,1.0,WOODY,0.4789,0.2582,1.0
72,Kenzo,Flower by Kenzo,FLORAL,0.4201,0.132,1.0,FLORAL,0.5901,0.329,0.7119,FLORAL,0.516,0.1621,0.8141,FLORAL,0.7986,0.5972,0.526,FLORAL,0.516,0.2603,0.8141,FLORAL,0.4201,0.1283,1.0,FLORAL,0.516,0.032,0.8141
55,Guerlain,Samsara Eau de Parfum,FLORAL,0.3094,0.1025,1.0,FLORAL,0.3892,0.1289,0.7951,FLORAL,0.3902,0.1318,0.793,FLORAL,0.5261,0.1951,0.5881,FLORAL,0.3892,0.1289,0.7951,FLORAL,0.3094,0.0184,1.0,FLORAL,0.3892,0.0232,0.7951
1276,Cacharel,LouLou,AMBER,0.2807,0.039,1.0,AMBER,0.3447,0.0479,0.8141,AMBER,0.3701,0.125,0.7584,AMBER,0.4903,0.2987,0.5725,AMBER,0.3447,0.0479,0.8141,AMBER,0.5223,0.3364,1.0,AMBER,0.6416,0.5068,0.8141
68905,Dior,Miss Dior Eau de Parfum (2021),FLORAL,0.3758,0.0678,0.9137,FLORAL,0.4729,0.0853,0.7261,FLORAL,0.543,0.2463,0.6323,FLORAL,0.7722,0.5443,0.4447,FLORAL,0.4729,0.0853,0.7261,FLORAL,0.3758,0.0678,0.9137,FLORAL,0.4729,0.0853,0.7261
208,Guerlain,L'Heure Bleue Eau de Parfum,FLORAL,0.3292,0.1235,1.0,FLORAL,0.4145,0.2306,0.7942,FLORAL,0.3855,0.1446,0.8539,FLORAL,0.5079,0.3016,0.6481,FLORAL,0.4145,0.2306,0.7942,FLORAL,0.3292,0.0494,1.0,FLORAL,0.4145,0.0622,0.7942
18802,Trussardi,My Name,FLORAL,0.3868,0.0263,0.9113,FLORAL,0.6049,0.2099,0.5827,FLORAL,0.5176,0.0352,0.6811,FLORAL,1.0,1.0,0.3525,FLORAL,0.525,0.1821,0.6715,FLORAL,0.3868,0.0263,0.9113,FLORAL,0.525,0.05,0.6715
417,Giorgio Armani,Emporio Armani Lei,GOURMAND,0.3811,0.1705,1.0,GOURMAND,0.4827,0.2827,0.7895,MUSK,0.3401,0.085,0.6189,WOODY,0.3866,0.1443,0.4084,GOURMAND,0.4827,0.2827,0.7895,AMBER,0.3811,0.1705,1.0,AMBER,0.4827,0.2827,0.7895
1196,Slava Zaitsev,Maroussia,MUSK,0.2766,0.0189,1.0,AMBER,0.3563,0.0523,0.7234,MUSK,0.312,0.0213,0.8866,AMBER,0.4225,0.062,0.61,AMBER,0.4378,0.1722,0.8282,AMBER,0.3711,0.0945,1.0,AMBER,0.5747,0.3091,0.8282
90174,By Kilian,Princess,MUSK,0.3367,0.0202,0.931,GOURMAND,0.4772,0.203,0.6176,MUSK,0.4926,0.2266,0.6364,GREEN,0.5243,0.1942,0.3229,GOURMAND,0.4772,0.203,0.6176,AMBER,0.431,0.0943,0.931,AMBER,0.6497,0.3756,0.6176
684,Gucci,Gucci Eau de Parfum,WOODY,0.3396,0.13,1.0,WOODY,0.4297,0.183,0.7904,WOODY,0.3942,0.1509,0.8616,WOODY,0.5209,0.2219,0.652,WOODY,0.4297,0.183,0.7904,WOODY,0.3396,0.0063,1.0,WOODY,0.4297,0.008,0.7904
25315,Guerlain,Samsara Eau de Toilette,FLORAL,0.3292,0.1222,1.0,FLORAL,0.4151,0.1567,0.793,FLORAL,0.4056,0.1505,0.8116,FLORAL,0.5445,0.2055,0.6046,FLORAL,0.4151,0.1567,0.793,FLORAL,0.3292,0.0704,1.0,FLORAL,0.4151,0.0888,0.793
31771,Montale,Starry Nights,MUSK,0.3607,0.1523,0.931,WOODY,0.326,0.0313,0.5951,MUSK,0.3607,0.1523,0.931,WOODY,0.326,0.0313,0.5951,WOODY,0.2607,0.0251,0.7444,MUSK,0.3607,0.1523,0.931,WOODY,0.2607,0.0251,0.7444
18021,Montale,Intense Cafe,FLORAL,0.348,0.0356,1.0,FLORAL,0.4301,0.044,0.8092,FLORAL,0.5061,0.2287,0.6876,FLORAL,0.7004,0.4008,0.4969,FLORAL,0.3888,0.0398,0.8952,AMBER,0.4612,0.1132,1.0,AMBER,0.6112,0.2225,0.8952
30352,Maison Francis Kurkdjian,Oud Satin Mood,FLORAL,0.5692,0.4231,1.0,FLORAL,0.6167,0.4583,0.9231,FLORAL,0.6667,0.5405,0.8538,FLORAL,0.7327,0.5941,0.7769,FLORAL,0.6167,0.4583,0.9231,FLORAL,0.5692,0.3231,1.0,FLORAL,0.6167,0.35,0.9231
50370,Parfums de Marly,Delina Exclusif,FRUITY,0.2844,0.0379,0.9134,FRUITY,0.2844,0.0379,0.9134,FRUITY,0.3774,0.0629,0.6883,FRUITY,0.3774,0.0629,0.6883,FRUITY,0.2844,0.0379,0.9134,AMBER,0.3957,0.1114,0.9134,AMBER,0.3957,0.1114,0.9134
15210,Mancera,Roses Vanille,FLORAL,0.3325,0.0332,1.0,FLORAL,0.4407,0.0441,0.7545,FLORAL,0.4745,0.1241,0.7008,FLORAL,0.7303,0.5899,0.4552,FLORAL,0.3858,0.0386,0.8619,FLORAL,0.3325,0.0332,1.0,AMBER,0.4718,0.0861,0.8619
17162,Serge Lutens,La Fille de Berlin,FLORAL,0.5157,0.3307,1.0,FLORAL,0.5157,0.3307,1.0,FLORAL,0.5622,0.3605,0.9173,FLORAL,0.5622,0.3605,0.9173,FLORAL,0.5157,0.3307,1.0,FLORAL,0.5157,0.248,1.0,FLORAL,0.5157,0.248,1.0
31931,Byredo,Rose Of No Man's Land,FLORAL,0.5157,0.2997,1.0,FLORAL,0.5401,0.3139,0.9547,FLORAL,0.5157,0.2997,1.0,FLORAL,0.5401,0.3139,0.9547,FLORAL,0.5157,0.2544,1.0,FLORAL,0.5157,0.2997,1.0,FLORAL,0.5157,0.2544,1.0
57587,Initio Parfums Prives,Atomic Rose,FLORAL,0.4688,0.2463,1.0,FLORAL,0.5016,0.2635,0.9347,FLORAL,0.5374,0.2823,0.8724,FLORAL,0.5809,0.3051,0.8071,FLORAL,0.5016,0.2635,0.9347,FLORAL,0.4688,0.1187,1.0,FLORAL,0.5016,0.127,0.9347
4622,Amouage,Lyric Man,FLORAL,0.2813,0.0452,1.0,FLORAL,0.3683,0.121,0.7639,FLORAL,0.2813,0.0452,1.0,FLORAL,0.3683,0.121,0.7639,AMBER,0.3548,0.0392,0.8912,FLORAL,0.2813,0.0452,1.0,AMBER,0.3548,0.0392,0.8912
68214,Lattafa Perfumes,Bade'e Al Oud Amethyst,FLORAL,0.3586,0.0759,1.0,FLORAL,0.3586,0.0759,1.0,FLORAL,0.3903,0.0826,0.9188,FLORAL,0.3903,0.0826,0.9188,FLORAL,0.3586,0.0759,1.0,AMBER,0.3639,0.0052,1.0,AMBER,0.3639,0.0052,1.0
15286,Jo Malone London,Velvet Rose & Oud,FLORAL,0.3916,0.1355,1.0,FLORAL,0.3916,0.1355,1.0,FLORAL,0.5263,0.2267,0.744,FLORAL,0.5263,0.2267,0.744,FLORAL,0.3916,0.1355,1.0,FLORAL,0.3916,0.006,1.0,FLORAL,0.3916,0.006,1.0
38259,Amouage,Myths Man,WOODY,0.5428,0.2685,1.0,WOODY,0.5428,0.2685,1.0,WOODY,0.5428,0.2685,1.0,WOODY,0.5428,0.2685,1.0,WOODY,0.5428,0.2685,1.0,WOODY,0.5428,0.2685,1.0,WOODY,0.5428,0.2685,1.0
18368,Comme des Garcons,Black Eau de Toilette,AMBER,0.5504,0.1007,1.0,AMBER,0.5504,0.1007,1.0,AMBER,0.5504,0.1007,1.0,AMBER,0.5504,0.1007,1.0,AMBER,0.5504,0.1007,1.0,AMBER,0.5504,0.1007,1.0,AMBER,0.5504,0.1007,1.0
51705,Akro,Smoke,AMBER,0.3702,0.0553,1.0,AMBER,0.3702,0.0553,1.0,AMBER,0.4665,0.0697,0.7936,AMBER,0.4665,0.0697,0.7936,AMBER,0.3702,0.0553,1.0,AMBER,0.5766,0.2617,1.0,AMBER,0.5766,0.2617,1.0
562,Yves Saint Laurent,Opium Pour Homme,AMBER,0.3918,0.2385,1.0,AMBER,0.4628,0.3119,0.8467,AMBER,0.4406,0.2682,0.8893,AMBER,0.5324,0.3588,0.7359,AMBER,0.4628,0.3119,0.8467,AMBER,0.5026,0.3492,1.0,AMBER,0.5936,0.4427,0.8467
12446,Diesel,Loverdose,AMBER,0.3481,0.1239,1.0,AMBER,0.3806,0.1355,0.9145,AMBER,0.4487,0.2091,0.7758,AMBER,0.5043,0.235,0.6903,AMBER,0.3806,0.1355,0.9145,AMBER,0.5723,0.3864,1.0,AMBER,0.6258,0.4226,0.9145
6433,Lolita Lempicka,Si Lolita,AMBER,0.3646,0.2,1.0,AMBER,0.3931,0.2156,0.9274,AMBER,0.4364,0.2648,0.8354,AMBER,0.478,0.29,0.7628,AMBER,0.4372,0.2726,1.0,AMBER,0.5292,0.3858,1.0,AMBER,0.6018,0.4584,1.0
704,Mugler,Angel,GOURMAND,0.5486,0.3307,1.0,GOURMAND,0.5486,0.3307,1.0,WOODY,0.4826,0.2209,0.4514,WOODY,0.4826,0.2209,0.4514,GOURMAND,0.5486,0.3307,1.0,AMBER,0.664,0.4462,1.0,AMBER,0.664,0.4462,1.0
75805,Lattafa Perfumes,Khamrah,AMBER,0.5045,0.1154,1.0,AMBER,0.5045,0.1154,1.0,AMBER,0.8259,0.7259,0.6109,AMBER,0.8259,0.7259,0.6109,AMBER,0.5045,0.1154,1.0,AMBER,0.8937,0.8326,1.0,AMBER,0.8937,0.8326,1.0
39681,Carolina Herrera,Good Girl,GOURMAND,0.413,0.1638,1.0,GOURMAND,0.413,0.1638,1.0,FLORAL,0.4244,0.0,0.587,FLORAL,0.4244,0.0,0.587,GOURMAND,0.413,0.1638,1.0,AMBER,0.6621,0.413,1.0,AMBER,0.6621,0.413,1.0
72158,Jean Paul Gaultier,Le Beau Le Parfum,GOURMAND,0.4411,0.2464,1.0,GOURMAND,0.475,0.2654,0.9286,FRUITY,0.3482,0.0415,0.5589,FRUITY,0.3993,0.0476,0.4875,GOURMAND,0.475,0.2654,0.9286,AMBER,0.5625,0.3679,1.0,AMBER,0.6058,0.3962,0.9286
29157,Lancôme,La Nuit Trésor,GOURMAND,0.4939,0.2455,1.0,GOURMAND,0.4939,0.2455,1.0,FRUITY,0.491,0.1317,0.5061,FRUITY,0.491,0.1317,0.5061,GOURMAND,0.4939,0.2455,1.0,AMBER,0.6758,0.4273,1.0,AMBER,0.6758,0.4273,1.0
4322,By Kilian,Love Don't Be Shy,GOURMAND,0.4771,0.2683,1.0,GOURMAND,0.6012,0.3382,0.7936,FLORAL,0.3991,0.0044,0.5229,FLORAL,0.6594,0.3188,0.3165,GOURMAND,0.5239,0.2947,0.9106,AMBER,0.4771,0.2683,1.0,AMBER,0.6524,0.4232,0.9106
14681,Guerlain,La Petite Robe Noire,GOURMAND,0.5488,0.2494,1.0,GOURMAND,0.5488,0.2494,1.0,FRUITY,0.6633,0.4573,0.4512,FRUITY,0.6633,0.4573,0.4512,GOURMAND,0.5488,0.2494,1.0,AMBER,0.6417,0.3424,1.0,AMBER,0.6417,0.3424,1.0
76880,Lattafa Perfumes,Yara,GOURMAND,0.4025,0.1232,1.0,GOURMAND,0.5584,0.2934,0.7207,MUSK,0.4674,0.1478,0.5975,FRUITY,0.6,0.3548,0.3183,GOURMAND,0.4962,0.2608,0.8111,AMBER,0.4025,0.1232,1.0,AMBER,0.6076,0.3722,0.8111
84109,Parfums de Marly,Althaïr,GOURMAND,0.3924,0.1268,1.0,GOURMAND,0.4745,0.1533,0.827,AMBER,0.4371,0.1523,0.6076,AMBER,0.6111,0.4028,0.4346,GOURMAND,0.4295,0.0441,0.9135,AMBER,0.6579,0.4849,1.0,AMBER,0.815,0.7159,0.9135
43632,By Kilian,Black Phantom,GOURMAND,0.6226,0.3417,1.0,GOURMAND,0.6226,0.3417,1.0,AMBER,0.7444,0.4889,0.3774,AMBER,0.7444,0.4889,0.3774,GOURMAND,0.6226,0.3417,1.0,AMBER,0.9036,0.8071,1.0,AMBER,0.9036,0.8071,1.0
37735,Guerlain,L’Homme Idéal Eau de Parfum,GOURMAND,0.5705,0.326,1.0,GOURMAND,0.5705,0.326,1.0,FRUITY,0.5692,0.1383,0.4295,FRUITY,0.5692,0.1383,0.4295,GOURMAND,0.5705,0.326,1.0,AMBER,0.7555,0.511,1.0,AMBER,0.7555,0.511,1.0
4193,Montblanc,Individuel,GOURMAND,0.2474,0.019,1.0,GOURMAND,0.2698,0.0208,0.917,AMBER,0.3034,0.0759,0.7526,AMBER,0.3411,0.0853,0.6696,GOURMAND,0.2698,0.0208,0.917,AMBER,0.4758,0.3045,1.0,AMBER,0.5189,0.3321,0.917
57384,Montale,Arabians Tonka,GOURMAND,0.3732,0.0892,1.0,GOURMAND,0.422,0.1009,0.8844,AMBER,0.4531,0.2557,0.6268,AMBER,0.5556,0.3135,0.5112,GOURMAND,0.394,0.0278,0.9473,AMBER,0.6572,0.5335,1.0,AMBER,0.7602,0.6296,0.9473
11444,Mugler,A*Men Pure Havane,GOURMAND,0.5714,0.2102,1.0,GOURMAND,0.5714,0.2102,1.0,AMBER,0.8429,0.6857,0.4286,AMBER,0.8429,0.6857,0.4286,GOURMAND,0.5714,0.2102,1.0,AMBER,0.9327,0.8653,1.0,AMBER,0.9327,0.8653,1.0
63079,Sol de Janeiro,Cheirosa '71,GOURMAND,0.822,0.7415,1.0,GOURMAND,0.8641,0.7795,0.9512,AQUATIC,0.4521,0.1781,0.178,AQUATIC,0.6226,0.2453,0.1293,GOURMAND,0.8641,0.7795,0.9512,AMBER,0.8707,0.7902,1.0,AMBER,0.9154,0.8308,0.9512
306,Carolina Herrera,212 Sexy,GOURMAND,0.4343,0.1441,1.0,GOURMAND,0.6119,0.4537,0.7097,MUSK,0.5131,0.3146,0.5657,AMBER,0.4077,0.0923,0.2754,GOURMAND,0.51,0.2114,0.8517,AMBER,0.5466,0.2564,1.0,AMBER,0.8085,0.7065,0.8517
6457,By Kilian,Back to Black,GOURMAND,0.5192,0.217,1.0,GOURMAND,0.5192,0.217,1.0,AMBER,0.6286,0.2571,0.4808,AMBER,0.6286,0.2571,0.4808,GOURMAND,0.5192,0.217,1.0,AMBER,0.8214,0.6429,1.0,AMBER,0.8214,0.6429,1.0
804,Burberry,London for Men,AMBER,0.5426,0.3236,1.0,AMBER,0.5426,0.3236,1.0,AMBER,0.6393,0.3813,0.8488,AMBER,0.6393,0.3813,0.8488,AMBER,0.5426,0.3236,1.0,AMBER,0.6938,0.4748,1.0,AMBER,0.6938,0.4748,1.0
12520,Calvin Klein,CK One Shock For Him,AMBER,0.5901,0.4099,1.0,AMBER,0.5901,0.4099,1.0,AMBER,0.6758,0.4695,0.8732,AMBER,0.6758,0.4695,0.8732,AMBER,0.5901,0.4099,1.0,AMBER,0.7169,0.5368,1.0,AMBER,0.7169,0.5368,1.0
84413,By Kilian,Smoking Hot,AMBER,0.4235,0.1673,0.9168,AMBER,0.4235,0.1673,0.9168,AMBER,0.5694,0.3493,0.6819,AMBER,0.5694,0.3493,0.6819,AMBER,0.4235,0.1673,0.9168,AMBER,0.6797,0.516,0.9168,AMBER,0.6797,0.516,0.9168
53015,Zoologist Perfumes,Chameleon,FRUITY,0.3207,0.1056,1.0,FRUITY,0.3462,0.114,0.9263,FRUITY,0.377,0.1241,0.8506,FRUITY,0.4128,0.1359,0.7769,FRUITY,0.3462,0.114,0.9263,FRUITY,0.3207,0.1056,1.0,FRUITY,0.3462,0.114,0.9263
14728,Avon,Far Away Exotic,FRUITY,0.3189,0.0113,1.0,FRUITY,0.3428,0.0122,0.9302,FRUITY,0.4605,0.2752,0.6925,FRUITY,0.5121,0.3061,0.6226,FRUITY,0.3428,0.0122,0.9302,AMBER,0.4358,0.117,1.0,AMBER,0.4686,0.1258,0.9302
55838,Bvlgari,Splendida Tubereuse Mystique ,FLORAL,0.3197,0.0853,1.0,FLORAL,0.3197,0.0853,1.0,FLORAL,0.4176,0.1462,0.7655,FLORAL,0.4176,0.1462,0.7655,FLORAL,0.3197,0.0853,1.0,AMBER,0.4423,0.1226,1.0,AMBER,0.4423,0.1226,1.0
91640,Casamorati 1888,Quattro Pizzi,GOURMAND,0.3839,0.0873,1.0,GOURMAND,0.3839,0.0873,1.0,FLORAL,0.4813,0.0508,0.6161,FLORAL,0.4813,0.0508,0.6161,GOURMAND,0.3839,0.0873,1.0,AMBER,0.4382,0.1417,1.0,AMBER,0.4382,0.1417,1.0
56457,Yves Rocher,Plein Soleil,FLORAL,0.5156,0.3444,1.0,FLORAL,0.5799,0.3873,0.8891,FLORAL,0.5614,0.375,0.9183,FLORAL,0.6386,0.4265,0.8074,FLORAL,0.5441,0.3552,0.9475,FLORAL,0.5156,0.3132,1.0,FLORAL,0.5441,0.269,0.9475
25324,Yves Saint Laurent,Black Opium,GOURMAND,0.4831,0.2678,1.0,GOURMAND,0.4831,0.2678,1.0,AMBER,0.4167,0.1775,0.5169,AMBER,0.4167,0.1775,0.5169,GOURMAND,0.4831,0.2678,1.0,AMBER,0.6985,0.5749,1.0,AMBER,0.6985,0.5749,1.0
1825,Tom Ford,Tobacco Vanille,GOURMAND,0.4777,0.1826,1.0,GOURMAND,0.5079,0.1941,0.9406,AMBER,0.565,0.3862,0.5223,AMBER,0.6376,0.4358,0.4628,GOURMAND,0.5079,0.1941,0.9406,AMBER,0.7728,0.6794,1.0,AMBER,0.8217,0.7223,0.9406
219,Dior,Hypnotic Poison,GOURMAND,0.6858,0.5651,1.0,GOURMAND,0.7666,0.6317,0.8946,FRUITY,0.3841,0.0488,0.3142,FRUITY,0.578,0.156,0.2088,GOURMAND,0.7666,0.6317,0.8946,AMBER,0.6858,0.5651,1.0,AMBER,0.7666,0.6317,0.8946
81642,Jean Paul Gaultier,Le Male Elixir,GOURMAND,0.569,0.3128,1.0,GOURMAND,0.569,0.3128,1.0,GREEN,0.5943,0.1886,0.431,GREEN,0.5943,0.1886,0.431,GOURMAND,0.569,0.3128,1.0,AMBER,0.7438,0.4877,1.0,AMBER,0.7438,0.4877,1.0
52802,Giorgio Armani,Emporio Armani Stronger With You Intensely ,AMBER,0.4334,0.0338,1.0,AMBER,0.4745,0.037,0.9133,AMBER,0.7218,0.5775,0.6004,AMBER,0.8436,0.6872,0.5137,AMBER,0.4745,0.037,0.9133,AMBER,0.833,0.7463,1.0,AMBER,0.912,0.8241,0.9133
30947,Jean Paul Gaultier,Ultra Male,GOURMAND,0.3257,0.0153,1.0,GOURMAND,0.3257,0.0153,1.0,AMBER,0.4602,0.125,0.6743,AMBER,0.4602,0.125,0.6743,GOURMAND,0.3257,0.0153,1.0,AMBER,0.636,0.41,1.0,AMBER,0.636,0.41,1.0
65414,Afnan,9pm,GOURMAND,0.406,0.0299,0.9178,GOURMAND,0.406,0.0299,0.9178,AMBER,0.6332,0.4372,0.5452,AMBER,0.6332,0.4372,0.5452,GOURMAND,0.406,0.0299,0.9178,AMBER,0.7821,0.6657,0.9178,AMBER,0.7821,0.6657,0.9178
30499,Viktor&Rolf,Spicebomb Extreme,AMBER,0.5524,0.1748,1.0,AMBER,0.594,0.188,0.9301,AMBER,0.8876,0.7753,0.6224,AMBER,1.0,1.0,0.5524,AMBER,0.594,0.188,0.9301,AMBER,0.9301,0.8601,1.0,AMBER,1.0,1.0,0.9301
43297,Guerlain,Mon Guerlain,GOURMAND,0.322,0.0635,1.0,GOURMAND,0.3632,0.0716,0.8866,GREEN,0.3813,0.1237,0.678,GREEN,0.4578,0.1486,0.5646,GOURMAND,0.3632,0.0716,0.8866,AMBER,0.4966,0.2381,1.0,AMBER,0.5601,0.2685,0.8866
170,Lancôme,Hypnôse,FLORAL,0.3555,0.0115,1.0,FLORAL,0.3818,0.0123,0.9312,FLORAL,0.542,0.2727,0.656,FLORAL,0.6055,0.3047,0.5872,FLORAL,0.3818,0.0123,0.9312,FLORAL,0.3555,0.0115,1.0,FLORAL,0.3818,0.0123,0.9312
215,Dior,Dior Addict,GOURMAND,0.4395,0.2212,1.0,GOURMAND,0.4671,0.2351,0.941,FLORAL,0.3895,0.2526,0.5605,FLORAL,0.4353,0.2824,0.5015,GOURMAND,0.4671,0.2351,0.941,AMBER,0.5103,0.292,1.0,AMBER,0.5423,0.3103,0.941
31666,Rabanne,Olympéa,GOURMAND,0.2041,0.0204,1.0,GOURMAND,0.2252,0.0225,0.9061,AMBER,0.2308,0.0231,0.7959,AMBER,0.2616,0.0262,0.702,GOURMAND,0.2252,0.0225,0.9061,AMBER,0.3878,0.2224,1.0,AMBER,0.4279,0.2455,0.9061
701,Givenchy,Ange ou Demon,GOURMAND,0.3822,0.1822,1.0,GOURMAND,0.4095,0.1952,0.9333,FLORAL,0.3237,0.0935,0.6178,FLORAL,0.3629,0.1048,0.5511,GOURMAND,0.4095,0.1952,0.9333,AMBER,0.5244,0.3244,1.0,AMBER,0.5619,0.3476,0.9333
1251,Joop!,Joop! Homme,GOURMAND,0.2895,0.0243,1.0,GOURMAND,0.3295,0.0276,0.8785,AMBER,0.3732,0.1681,0.7105,AMBER,0.4502,0.2027,0.5891,GOURMAND,0.3295,0.0276,0.8785,AMBER,0.5547,0.4089,1.0,AMBER,0.6313,0.4654,0.8785
39358,Zadig & Voltaire,This is Her,GOURMAND,0.5211,0.2928,1.0,GOURMAND,0.5722,0.3215,0.9107,AMBER,0.4767,0.1399,0.4789,AMBER,0.586,0.172,0.3896,GOURMAND,0.5722,0.3215,0.9107,AMBER,0.7494,0.5881,1.0,AMBER,0.8229,0.6458,0.9107
84951,Dolce&Gabbana,Devotion,GOURMAND,0.5897,0.4511,1.0,GOURMAND,0.642,0.4911,0.9185,FLORAL,0.3377,0.0397,0.4103,FLORAL,0.4215,0.0496,0.3288,GOURMAND,0.642,0.4911,0.9185,AMBER,0.712,0.5734,1.0,AMBER,0.7751,0.6243,0.9185
62318,Yves Saint Laurent,Libre Intense,GOURMAND,0.3291,0.0943,1.0,GOURMAND,0.3497,0.1002,0.9413,GREEN,0.35,0.1187,0.6709,GREEN,0.3836,0.1301,0.6122,GOURMAND,0.3497,0.1002,0.9413,AMBER,0.4214,0.1866,1.0,AMBER,0.4477,0.1982,0.9413
70052,Billie Eilish,Eilish,GOURMAND,0.5902,0.3689,1.0,GOURMAND,0.6879,0.4299,0.8579,AMBER,0.54,0.1933,0.4098,AMBER,0.8265,0.6531,0.2678,GOURMAND,0.6467,0.3443,0.9126,AMBER,0.8115,0.6694,1.0,AMBER,0.9491,0.8982,0.9126
664,Kenzo,Kenzo Amour,GOURMAND,0.449,0.2372,1.0,GOURMAND,0.5696,0.3398,0.7883,MUSK,0.3843,0.0556,0.551,FLORAL,0.5338,0.2707,0.3393,GOURMAND,0.5269,0.3144,0.852,AMBER,0.449,0.2372,1.0,AMBER,0.6018,0.3892,0.852
64757,Giardini Di Toscana,Bianco Latte,GOURMAND,0.7036,0.5518,1.0,GOURMAND,0.8295,0.7244,0.8482,MUSK,0.5122,0.2114,0.2964,AMBER,0.6167,0.2333,0.1446,GOURMAND,0.7725,0.6058,0.9108,AMBER,0.7928,0.641,1.0,AMBER,0.9392,0.8783,0.9108
11801,Casamorati 1888,Lira,GOURMAND,0.6075,0.3598,1.0,GOURMAND,0.7104,0.4208,0.8551,AMBER,0.631,0.2619,0.3925,AMBER,1.0,1.0,0.2477,GOURMAND,0.6718,0.3437,0.9042,AMBER,0.8551,0.7103,1.0,AMBER,1.0,1.0,0.9042
54785,Nishane,Ani,AMBER,0.3838,0.2117,1.0,AMBER,0.4288,0.2365,0.895,AMBER,0.4636,0.2931,0.8279,AMBER,0.531,0.3357,0.7229,AMBER,0.4288,0.2365,0.895,AMBER,0.5559,0.4148,1.0,AMBER,0.6212,0.4635,0.895
519,Rabanne,Ultraviolet,FLORAL,0.329,0.0673,0.9192,FLORAL,0.4037,0.0826,0.7491,FLORAL,0.329,0.0673,0.9192,FLORAL,0.4037,0.0826,0.7491,FLORAL,0.4037,0.0826,0.7491,FLORAL,0.329,0.0673,0.9192,FLORAL,0.4037,0.0826,0.7491
1444,Halloween,Halloween,FLORAL,0.4275,0.1612,0.8932,FLORAL,0.5054,0.1906,0.7557,FLORAL,0.4275,0.1612,0.8932,FLORAL,0.5054,0.1906,0.7557,FLORAL,0.5054,0.1906,0.7557,FLORAL,0.4275,0.1612,0.8932,FLORAL,0.5054,0.1906,0.7557
1018,Tom Ford,Black Orchid,WOODY,0.3977,0.0994,1.0,WOODY,0.3977,0.0994,1.0,WOODY,0.5062,0.1266,0.7856,WOODY,0.5062,0.1266,0.7856,WOODY,0.3977,0.0994,1.0,AMBER,0.5127,0.115,1.0,AMBER,0.5127,0.115,1.0
61856,Jean Paul Gaultier,Le Male Le Parfum,AMBER,0.3049,0.0785,1.0,AMBER,0.3434,0.0884,0.8879,AMBER,0.3627,0.0933,0.8408,AMBER,0.4185,0.1077,0.7287,AMBER,0.3434,0.0884,0.8879,AMBER,0.4641,0.2377,1.0,AMBER,0.5227,0.2677,0.8879
39314,Parfums de Marly,Layton,AMBER,0.3141,0.107,1.0,AMBER,0.3477,0.1184,0.9032,AMBER,0.3642,0.124,0.8625,AMBER,0.4102,0.1397,0.7657,AMBER,0.3477,0.1184,0.9032,AMBER,0.4516,0.2445,1.0,AMBER,0.5,0.2707,0.9032
88175,Lattafa Perfumes,Khamrah Qahwa,GOURMAND,0.4761,0.0478,1.0,GOURMAND,0.5013,0.0504,0.9498,AMBER,0.8174,0.7215,0.5239,AMBER,0.904,0.8081,0.4737,GOURMAND,0.5013,0.0504,0.9498,AMBER,0.9043,0.8541,1.0,AMBER,0.9521,0.9043,0.9498
70,Kenzo,Kenzo Jungle L'Elephant,AMBER,0.5987,0.3684,1.0,AMBER,0.6386,0.393,0.9375,AMBER,0.7778,0.6368,0.7697,AMBER,0.8465,0.693,0.7072,AMBER,0.6386,0.393,0.9375,AMBER,0.8289,0.7204,1.0,AMBER,0.8842,0.7684,0.9375
29675,Tom Ford,Noir Extreme,AMBER,0.3578,0.0429,1.0,AMBER,0.3976,0.0477,0.8998,AMBER,0.5222,0.3107,0.6852,AMBER,0.6116,0.3639,0.585,AMBER,0.3976,0.0477,0.8998,AMBER,0.6726,0.5277,1.0,AMBER,0.7475,0.5865,0.8998
15963,Chanel,Coco Noir,AMBER,0.4058,0.1542,1.0,AMBER,0.4058,0.1542,1.0,AMBER,0.4496,0.1709,0.9026,AMBER,0.4496,0.1709,0.9026,AMBER,0.4058,0.1542,1.0,AMBER,0.5032,0.2516,1.0,AMBER,0.5032,0.2516,1.0
10464,Frederic Malle,Portrait of a Lady,AMBER,0.4553,0.1504,1.0,AMBER,0.4553,0.1504,1.0,AMBER,0.4553,0.1504,1.0,AMBER,0.4553,0.1504,1.0,AMBER,0.4553,0.1504,1.0,AMBER,0.4553,0.1504,1.0,AMBER,0.4553,0.1504,1.0
66826,Azzaro,The Most Wanted,AMBER,0.4439,0.1322,1.0,AMBER,0.4439,0.1322,1.0,AMBER,0.6449,0.4312,0.6883,AMBER,0.6449,0.4312,0.6883,AMBER,0.4439,0.1322,1.0,AMBER,0.7556,0.6085,1.0,AMBER,0.7556,0.6085,1.0
705,Mugler,A*Men,GOURMAND,0.5433,0.3008,1.0,GOURMAND,0.5433,0.3008,1.0,AMBER,0.531,0.0621,0.4567,AMBER,0.531,0.0621,0.4567,GOURMAND,0.5433,0.3008,1.0,AMBER,0.7858,0.5717,1.0,AMBER,0.7858,0.5717,1.0
222,Dior,Dolce Vita,AMBER,0.2789,0.0569,1.0,AMBER,0.3269,0.0667,0.8532,AMBER,0.3585,0.1415,0.778,AMBER,0.4419,0.1744,0.6312,AMBER,0.3269,0.0667,0.8532,AMBER,0.5009,0.3321,1.0,AMBER,0.5871,0.3892,0.8532
26358,Bvlgari,Bvlgari Man In Black,AMBER,0.5479,0.2892,1.0,AMBER,0.5479,0.2892,1.0,AMBER,0.6793,0.3586,0.8065,AMBER,0.6793,0.3586,0.8065,AMBER,0.5479,0.2892,1.0,AMBER,0.7413,0.4827,1.0,AMBER,0.7413,0.4827,1.0
1801,Frederic Malle,Musc Ravageur,AMBER,0.4106,0.1532,1.0,AMBER,0.553,0.2493,0.7426,AMBER,0.5302,0.1978,0.7745,AMBER,0.7942,0.5885,0.517,AMBER,0.6158,0.3547,0.8638,AMBER,0.6362,0.3787,1.0,AMBER,0.8768,0.7537,0.8638
42260,Initio Parfums Prives,Side Effect,AMBER,0.7472,0.6287,1.0,AMBER,0.7472,0.6287,1.0,AMBER,0.8325,0.7005,0.8975,AMBER,0.8325,0.7005,0.8975,AMBER,0.7472,0.6287,1.0,AMBER,0.8497,0.7312,1.0,AMBER,0.8497,0.7312,1.0
93,Yves Saint Laurent,Opium (1977),AMBER,0.6021,0.4264,1.0,AMBER,0.649,0.4596,0.9276,AMBER,0.6419,0.4545,0.938,AMBER,0.6955,0.4925,0.8656,AMBER,0.649,0.4596,0.9276,AMBER,0.6641,0.4884,1.0,AMBER,0.7159,0.5265,0.9276
21548,Parfums de Marly,Oajan,AMBER,0.535,0.1402,1.0,AMBER,0.535,0.1402,1.0,AMBER,0.8842,0.7684,0.6051,AMBER,0.8842,0.7684,0.6051,AMBER,0.535,0.1402,1.0,AMBER,0.9299,0.8598,1.0,AMBER,0.9299,0.8598,1.0
5749,Serge Lutens,Feminité du Bois,AMBER,0.3561,0.1557,1.0,AMBER,0.4034,0.1763,0.8827,AMBER,0.4217,0.1843,0.8443,AMBER,0.4897,0.2141,0.7271,AMBER,0.4034,0.1763,0.8827,AMBER,0.5117,0.3113,1.0,AMBER,0.5797,0.3527,0.8827
249,Calvin Klein,Obsession for Men,AMBER,0.6139,0.4556,1.0,AMBER,0.6752,0.5011,0.9093,AMBER,0.6139,0.4556,1.0,AMBER,0.6752,0.5011,0.9093,AMBER,0.6752,0.5011,0.9093,AMBER,0.6139,0.4556,1.0,AMBER,0.6752,0.5011,0.9093
707,Mugler,Alien,FLORAL,0.5381,0.2377,0.9571,FLORAL,0.6218,0.2746,0.8283,FLORAL,0.5381,0.2377,0.9571,FLORAL,0.6218,0.2746,0.8283,FLORAL,0.5714,0.1714,0.9013,FLORAL,0.5381,0.2377,0.9571,FLORAL,0.5714,0.1714,0.9013
56077,Yves Saint Laurent,Libre,GREEN,0.243,0.0093,1.0,GREEN,0.2865,0.011,0.8481,GREEN,0.3041,0.0117,0.7991,GREEN,0.3755,0.0144,0.6472,GREEN,0.2633,0.0101,0.9229,GREEN,0.243,0.0093,1.0,AMBER,0.2987,0.0354,0.9229
51488,Givenchy,L'Interdit Eau de Parfum,FLORAL,0.4887,0.3139,1.0,FLORAL,0.4887,0.3139,1.0,FLORAL,0.5922,0.3882,0.8252,FLORAL,0.5922,0.3882,0.8252,FLORAL,0.4887,0.3139,1.0,FLORAL,0.4887,0.3139,1.0,FLORAL,0.4887,0.3139,1.0
427,Jean Paul Gaultier,Classique,GOURMAND,0.2656,0.0033,1.0,GOURMAND,0.3152,0.0039,0.8426,FLORAL,0.3571,0.1429,0.7344,FLORAL,0.4545,0.2244,0.577,GOURMAND,0.3152,0.0039,0.8426,AMBER,0.3639,0.1016,1.0,AMBER,0.4319,0.1206,0.8426
4,Givenchy,Organza,FLORAL,0.5176,0.3592,1.0,FLORAL,0.6151,0.477,0.8415,FLORAL,0.5765,0.4,0.8979,FLORAL,0.7,0.5429,0.7394,FLORAL,0.5611,0.3473,0.9225,FLORAL,0.5176,0.2993,1.0,FLORAL,0.5611,0.2366,0.9225
75668,Prada,Prada Paradoxe,FLORAL,0.2525,0.0379,1.0,FLORAL,0.2924,0.0439,0.8636,FLORAL,0.3215,0.0482,0.7854,FLORAL,0.3891,0.0584,0.649,FLORAL,0.2725,0.0409,0.9268,AMBER,0.3258,0.0732,1.0,AMBER,0.4196,0.1471,0.9268
12258,Elie Saab,Le Parfum,FLORAL,0.4233,0.1567,1.0,FLORAL,0.4488,0.1661,0.9433,FLORAL,0.5773,0.35,0.7333,FLORAL,0.6256,0.3793,0.6767,FLORAL,0.4233,0.1567,1.0,FLORAL,0.4233,0.1567,1.0,FLORAL,0.4233,0.1,1.0
68404,Givenchy,L'Interdit Eau de Parfum Rouge,FLORAL,0.3541,0.0946,0.9377,FLORAL,0.3541,0.0946,0.9377,FLORAL,0.3541,0.0946,0.9377,FLORAL,0.3541,0.0946,0.9377,FLORAL,0.3541,0.0946,0.9377,FLORAL,0.3541,0.0946,0.9377,FLORAL,0.3541,0.0946,0.9377
34893,Tom Ford,Soleil Blanc,FLORAL,0.4,0.0,1.0,FLORAL,0.4,0.0,1.0,FLORAL,0.6667,0.4754,0.6,FLORAL,0.6667,0.4754,0.6,FLORAL,0.4,0.0,1.0,AMBER,0.5148,0.1148,1.0,AMBER,0.5148,0.1148,1.0
3750,Bvlgari,Jasmin Noir,GOURMAND,0.4012,0.0926,1.0,GOURMAND,0.4012,0.0926,1.0,FLORAL,0.5155,0.1959,0.5988,FLORAL,0.5155,0.1959,0.5988,GOURMAND,0.4012,0.0926,1.0,AMBER,0.5926,0.284,1.0,AMBER,0.5926,0.284,1.0
12770,Valentino,Valentina,FLORAL,0.3061,0.0454,1.0,FLORAL,0.3392,0.0503,0.9025,FLORAL,0.4141,0.2239,0.7392,FLORAL,0.477,0.258,0.6417,FLORAL,0.3061,0.0454,1.0,FLORAL,0.3061,0.0454,1.0,AMBER,0.3583,0.0522,1.0
12762,Amouage,Honour Woman,FLORAL,0.6134,0.395,0.9482,FLORAL,0.6728,0.4332,0.8645,FLORAL,0.6134,0.395,0.9482,FLORAL,0.6728,0.4332,0.8645,FLORAL,0.6134,0.395,0.9482,FLORAL,0.6134,0.395,0.9482,FLORAL,0.6134,0.395,0.9482
28201,Dior,Dior Addict Eau de Parfum (2014),GOURMAND,0.3233,0.0211,1.0,GOURMAND,0.3485,0.0228,0.9275,FLORAL,0.4464,0.2455,0.6767,FLORAL,0.5,0.275,0.6042,GOURMAND,0.3485,0.0228,0.9275,AMBER,0.3746,0.0725,1.0,AMBER,0.4039,0.0782,0.9275
83889,Jean Paul Gaultier,Gaultier Divine,AQUATIC,0.3341,0.0361,1.0,AQUATIC,0.3682,0.0398,0.9074,AQUATIC,0.4088,0.0442,0.8172,AQUATIC,0.4611,0.0498,0.7246,AQUATIC,0.3682,0.0398,0.9074,AQUATIC,0.3341,0.0361,1.0,AQUATIC,0.3682,0.0398,0.9074
955,Gloria Vanderbilt,Vanderbilt,FLORAL,0.4829,0.3442,1.0,FLORAL,0.5461,0.3893,0.8842,FLORAL,0.5574,0.3974,0.8662,FLORAL,0.6435,0.4587,0.7504,FLORAL,0.5461,0.3893,0.8842,FLORAL,0.4829,0.2104,1.0,FLORAL,0.5461,0.238,0.8842
9394,Yves Saint Laurent,Belle d'Opium,AMBER,0.3526,0.1434,1.0,AMBER,0.3526,0.1434,1.0,AMBER,0.3925,0.1596,0.8984,AMBER,0.3925,0.1596,0.8984,AMBER,0.3526,0.1434,1.0,AMBER,0.4542,0.245,1.0,AMBER,0.4542,0.245,1.0
33519,Maison Francis Kurkdjian,Baccarat Rouge 540,AMBER,0.4837,0.212,1.0,AMBER,0.5528,0.2422,0.875,AMBER,0.4837,0.212,1.0,AMBER,0.5528,0.2422,0.875,AMBER,0.5814,0.2907,0.9348,AMBER,0.4837,0.212,1.0,AMBER,0.5814,0.2907,0.9348
253,Calvin Klein,Euphoria,WOODY,0.2611,0.0026,1.0,WOODY,0.2933,0.0029,0.8903,WOODY,0.2959,0.003,0.8825,WOODY,0.3378,0.0034,0.7728,WOODY,0.2933,0.0029,0.8903,AMBER,0.2794,0.0183,1.0,AMBER,0.3138,0.0205,0.8903
62615,By Kilian,Angels' Share,AMBER,0.3956,0.0417,1.0,AMBER,0.4172,0.044,0.9483,AMBER,0.6123,0.3046,0.6461,AMBER,0.6656,0.3311,0.5944,AMBER,0.4172,0.044,0.9483,AMBER,0.7495,0.5507,1.0,AMBER,0.7904,0.5807,0.9483
1826,Tom Ford,Oud Wood,AMBER,0.4103,0.0314,1.0,AMBER,0.4103,0.0314,1.0,AMBER,0.4552,0.0348,0.9013,AMBER,0.4552,0.0348,0.9013,AMBER,0.4103,0.0314,1.0,AMBER,0.509,0.13,1.0,AMBER,0.509,0.13,1.0
221,Dior,Dune,AMBER,0.3864,0.1338,1.0,AMBER,0.4286,0.1485,0.9015,AMBER,0.4238,0.1468,0.9116,AMBER,0.4752,0.1646,0.8131,AMBER,0.4286,0.1485,0.9015,AMBER,0.4747,0.2222,1.0,AMBER,0.5266,0.2465,0.9015
55805,Valentino,Valentino Donna Born In Roma,FLORAL,0.2251,0.0436,1.0,FLORAL,0.2751,0.0618,0.8185,FLORAL,0.2688,0.0521,0.8377,FLORAL,0.3431,0.0771,0.6562,FLORAL,0.252,0.0371,0.8935,AMBER,0.2792,0.0541,1.0,AMBER,0.3965,0.1445,0.8935
17666,Bentley,Bentley for Men Intense,AMBER,0.6105,0.2211,1.0,AMBER,0.6105,0.2211,1.0,AMBER,0.6105,0.2211,1.0,AMBER,0.6105,0.2211,1.0,AMBER,0.6105,0.2211,1.0,AMBER,0.6105,0.2211,1.0,AMBER,0.6105,0.2211,1.0
71272,Givenchy,Gentleman Eau de Parfum Reserve Privée,AMBER,0.3302,0.0283,1.0,AMBER,0.3733,0.032,0.8844,AMBER,0.3302,0.0283,1.0,AMBER,0.3733,0.032,0.8844,AMBER,0.3733,0.032,0.8844,AMBER,0.3302,0.0283,1.0,AMBER,0.3733,0.032,0.8844
54885,Mancera,Instant Crush,AMBER,0.3225,0.0649,1.0,AMBER,0.4344,0.1612,0.7424,AMBER,0.3698,0.0744,0.8722,AMBER,0.5248,0.1947,0.6146,AMBER,0.4851,0.2363,0.8154,AMBER,0.4503,0.1927,1.0,AMBER,0.6418,0.393,0.8154
57038,BDK Parfums,Gris Charnel,WOODY,0.2294,0.0298,1.0,WOODY,0.2611,0.0339,0.8784,WOODY,0.2506,0.0326,0.9151,WOODY,0.289,0.0376,0.7936,WOODY,0.2611,0.0339,0.8784,AMBER,0.2752,0.0459,1.0,AMBER,0.3133,0.0522,0.8784
4573,Tauer Perfumes,02 L'Air du Desert Marocain,AMBER,0.3655,0.0552,1.0,AMBER,0.3841,0.058,0.9517,AMBER,0.3655,0.0552,1.0,AMBER,0.3841,0.058,0.9517,AMBER,0.4138,0.1034,1.0,AMBER,0.3655,0.0552,1.0,AMBER,0.4138,0.1034,1.0
62707,Tom Ford,Bitter Peach,AMBER,0.2631,0.0261,1.0,AMBER,0.295,0.0293,0.8918,AMBER,0.3447,0.1002,0.7631,AMBER,0.4017,0.1168,0.6549,AMBER,0.295,0.0293,0.8918,AMBER,0.5,0.3134,1.0,AMBER,0.5607,0.3515,0.8918
606,Chanel,Allure Sensuelle,WOODY,0.4727,0.3023,1.0,WOODY,0.5333,0.341,0.8864,WOODY,0.5699,0.3753,0.8295,WOODY,0.6603,0.4349,0.7159,WOODY,0.5333,0.341,0.8864,WOODY,0.4727,0.1409,1.0,WOODY,0.5333,0.159,0.8864
31226,Marc Jacobs,Decadence,WOODY,0.3259,0.1481,1.0,WOODY,0.3585,0.1629,0.9093,WOODY,0.3577,0.1626,0.9111,WOODY,0.3973,0.1806,0.8204,WOODY,0.3585,0.1629,0.9093,WOODY,0.3259,0.1481,1.0,WOODY,0.3585,0.1629,0.9093
17786,Xerjoff,Alexandria II,WOODY,0.3734,0.1279,1.0,WOODY,0.4231,0.145,0.8825,WOODY,0.4062,0.1392,0.9191,WOODY,0.4658,0.1596,0.8016,WOODY,0.4231,0.145,0.8825,WOODY,0.3734,0.047,1.0,WOODY,0.4231,0.0533,0.8825
43040,Gucci,Gucci Guilty Absolute,WOODY,0.7317,0.6067,1.0,WOODY,0.8163,0.6769,0.8963,WOODY,0.7317,0.6067,1.0,WOODY,0.8163,0.6769,0.8963,WOODY,0.7317,0.5884,1.0,WOODY,0.7317,0.6067,1.0,WOODY,0.7317,0.5884,1.0
2938,Estée Lauder,Sensuous,WOODY,0.3012,0.012,1.0,WOODY,0.3333,0.0133,0.9036,WOODY,0.346,0.0138,0.8705,WOODY,0.3891,0.0156,0.7741,WOODY,0.3333,0.0133,0.9036,AMBER,0.4187,0.1175,1.0,AMBER,0.4633,0.13,0.9036
40200,Nasomatto,Baraonda,AMBER,0.3459,0.0757,1.0,AMBER,0.4384,0.0959,0.7892,AMBER,0.3459,0.0757,1.0,AMBER,0.4384,0.0959,0.7892,AMBER,0.5419,0.2626,0.9676,AMBER,0.3459,0.0757,1.0,AMBER,0.5419,0.2626,0.9676
64947,Lattafa Perfumes,Ameer Al Oudh Intense Oud,WOODY,0.4046,0.0076,1.0,WOODY,0.4454,0.0084,0.9084,WOODY,0.6709,0.4937,0.6031,WOODY,0.791,0.5821,0.5115,WOODY,0.4454,0.0084,0.9084,AMBER,0.5038,0.0992,1.0,AMBER,0.5546,0.1092,0.9084
12317,Creed,Royal Oud,WOODY,0.3257,0.0076,1.0,WOODY,0.4776,0.2388,0.6819,WOODY,0.3257,0.0076,1.0,WOODY,0.4776,0.2388,0.6819,WOODY,0.3844,0.0871,0.8473,WOODY,0.3257,0.0076,1.0,WOODY,0.3844,0.0871,0.8473
590,Davidoff,Zino Davidoff,WOODY,0.3994,0.095,1.0,WOODY,0.3994,0.095,1.0,WOODY,0.3994,0.095,1.0,WOODY,0.3994,0.095,1.0,WOODY,0.3994,0.095,1.0,WOODY,0.3994,0.095,1.0,WOODY,0.3994,0.095,1.0
31825,Jo Malone London,Mimosa & Cardamom,FLORAL,0.3077,0.0705,1.0,FLORAL,0.3591,0.0823,0.8568,FLORAL,0.384,0.088,0.8013,FLORAL,0.4675,0.1071,0.6581,FLORAL,0.3591,0.0823,0.8568,AMBER,0.4359,0.1282,1.0,AMBER,0.5087,0.1496,0.8568
4421,Yves Rocher,Ispahan,AMBER,0.3743,0.1013,1.0,AMBER,0.4107,0.1111,0.9114,AMBER,0.5086,0.1376,0.736,AMBER,0.5782,0.1564,0.6474,AMBER,0.4107,0.1111,0.9114,AMBER,0.6383,0.3653,1.0,AMBER,0.7004,0.4008,0.9114
56023,Amouage,Love Mimosa,FLORAL,0.3168,0.0366,0.9225,FLORAL,0.391,0.0452,0.7475,FLORAL,0.3621,0.0419,0.8072,FLORAL,0.4623,0.0535,0.6322,FLORAL,0.391,0.0452,0.7475,FLORAL,0.3168,0.0366,0.9225,FLORAL,0.391,0.0452,0.7475
31172,Chanel,Chanel No 5 Eau Premiere (2015),FLORAL,0.5123,0.2828,0.8576,FLORAL,0.5556,0.3067,0.7909,FLORAL,0.6649,0.4309,0.6608,FLORAL,0.7396,0.4793,0.594,FLORAL,0.5556,0.3067,0.7909,FLORAL,0.5123,0.2828,0.8576,FLORAL,0.5556,0.3067,0.7909
96,Yves Saint Laurent,Rive Gauche,FLORAL,0.4623,0.1646,0.8744,FLORAL,0.4623,0.1646,0.8744,FLORAL,0.4623,0.1646,0.8744,FLORAL,0.4623,0.1646,0.8744,FLORAL,0.4623,0.1646,0.8744,FLORAL,0.4623,0.1646,0.8744,FLORAL,0.4623,0.1646,0.8744
91209,Frederic Malle,Acne Studios,FLORAL,0.3586,0.0552,0.8529,FLORAL,0.5149,0.3201,0.5941,FLORAL,0.3586,0.0552,0.8529,FLORAL,0.5149,0.3201,0.5941,FLORAL,0.4407,0.1808,0.6941,FLORAL,0.3586,0.0552,0.8529,FLORAL,0.4407,0.1808,0.6941
49504,Xerjoff,Pikovaya Dama 2018,FLORAL,0.3042,0.122,0.8742,FLORAL,0.3719,0.1604,0.715,FLORAL,0.3042,0.122,0.8742,FLORAL,0.3719,0.1604,0.715,FLORAL,0.3719,0.1604,0.715,FLORAL,0.3042,0.122,0.8742,FLORAL,0.3719,0.1604,0.715
11416,Carner Barcelona,Tardes,GOURMAND,0.5769,0.3563,1.0,GOURMAND,0.7403,0.5792,0.7794,MUSK,0.5215,0.2249,0.4231,FRUITY,0.62,0.24,0.2024,GOURMAND,0.6738,0.5272,0.8563,AMBER,0.5769,0.3563,1.0,AMBER,0.7636,0.617,0.8563
22537,Elie Saab,L'Eau Couture,GOURMAND,0.5664,0.3308,1.0,GOURMAND,0.5664,0.3308,1.0,FLORAL,0.5431,0.3017,0.4336,FLORAL,0.5431,0.3017,0.4336,GOURMAND,0.5664,0.3308,1.0,AMBER,0.5664,0.3308,1.0,AMBER,0.5664,0.3308,1.0
79167,Fine'ry.,Not Another Cherry,GOURMAND,0.5492,0.171,1.0,GOURMAND,0.5492,0.171,1.0,FRUITY,0.8391,0.6782,0.4508,FRUITY,0.8391,0.6782,0.4508,GOURMAND,0.5492,0.171,1.0,AMBER,0.5492,0.171,1.0,AMBER,0.5492,0.171,1.0
71512,Lancôme,La Nuit Trésor Intense,GOURMAND,0.5729,0.3322,1.0,GOURMAND,0.5729,0.3322,1.0,FRUITY,0.5635,0.2817,0.4271,FRUITY,0.5635,0.2817,0.4271,GOURMAND,0.5729,0.3322,1.0,AMBER,0.5729,0.3322,1.0,AMBER,0.5729,0.3322,1.0
10296,Juliette Has A Gun,Not A Perfume,AMBER,0.5806,0.3548,1.0,AMBER,0.72,0.44,0.8065,AMBER,0.5806,0.3548,1.0,AMBER,0.72,0.44,0.8065,AMBER,0.7742,0.5484,1.0,AMBER,0.5806,0.3548,1.0,AMBER,0.7742,0.5484,1.0
4056,John Galliano,John Galliano,MUSK,0.3034,0.0539,0.9082,FLORAL,0.3581,0.0355,0.6327,MUSK,0.3034,0.0539,0.9082,FLORAL,0.3581,0.0355,0.6327,AMBER,0.4101,0.0983,0.7265,MUSK,0.3034,0.0539,0.9082,AMBER,0.4101,0.0983,0.7265
917,Amouage,Gold Woman,MUSK,0.3638,0.0813,1.0,AMBER,0.4441,0.0479,0.6362,MUSK,0.3638,0.0813,1.0,AMBER,0.4441,0.0479,0.6362,AMBER,0.5896,0.2972,0.8618,MUSK,0.3638,0.0813,1.0,AMBER,0.5896,0.2972,0.8618
67702,Bath & Body Works,Into The Night,AMBER,0.3618,0.1513,1.0,AMBER,0.412,0.1723,0.8783,AMBER,0.3618,0.1513,1.0,AMBER,0.412,0.1723,0.8783,AMBER,0.4567,0.2353,0.9507,AMBER,0.3618,0.1513,1.0,AMBER,0.4567,0.2353,0.9507
97605,Glossier,You Doux,AMBER,0.3565,0.1768,1.0,AMBER,0.4184,0.2075,0.8522,AMBER,0.3565,0.1768,1.0,AMBER,0.4184,0.2075,0.8522,AMBER,0.5043,0.3246,1.0,AMBER,0.3565,0.1768,1.0,AMBER,0.5043,0.3246,1.0
103425,Glossier,You Fleur,MUSK,0.261,0.0691,1.0,AMBER,0.2597,0.0078,0.739,MUSK,0.261,0.0691,1.0,AMBER,0.2597,0.0078,0.739,AMBER,0.3936,0.1872,0.9021,MUSK,0.261,0.0691,1.0,AMBER,0.3936,0.1872,0.9021
49223,Nasomatto,Nudiflorum,WOODY,0.3326,0.118,1.0,WOODY,0.4235,0.194,0.7854,WOODY,0.3708,0.1316,0.897,WOODY,0.4874,0.2233,0.6824,WOODY,0.3326,0.118,1.0,WOODY,0.3326,0.118,1.0,WOODY,0.3326,0.015,1.0
73900,Issey Miyake,A Drop d'Issey Eau de Parfum Fraiche,AQUATIC,0.528,0.228,0.8224,AQUATIC,0.528,0.228,0.8224,AQUATIC,0.528,0.228,0.8224,AQUATIC,0.528,0.228,0.8224,AQUATIC,0.528,0.228,0.8224,AQUATIC,0.528,0.228,0.8224,AQUATIC,0.528,0.228,0.8224
37470,Antonio Banderas,Queen of Seduction,AQUATIC,0.2725,0.0572,0.8174,AQUATIC,0.2985,0.0627,0.7461,AQUATIC,0.3021,0.0634,0.7372,AQUATIC,0.3344,0.0702,0.6659,AQUATIC,0.2985,0.0627,0.7461,AQUATIC,0.2725,0.0572,0.8174,AQUATIC,0.2985,0.0627,0.7461
16602,Clean,Clean Rain,AQUATIC,0.4523,0.1771,0.8398,AQUATIC,0.5046,0.1976,0.7529,AQUATIC,0.4985,0.1952,0.762,AQUATIC,0.5627,0.2203,0.6751,AQUATIC,0.4523,0.1771,0.8398,AQUATIC,0.4523,0.1771,0.8398,AQUATIC,0.4523,0.1771,0.8398
9797,Oriflame,Midsummer Woman,AQUATIC,0.2639,0.0343,0.8013,AQUATIC,0.2907,0.0378,0.7273,AQUATIC,0.2639,0.0343,0.8013,AQUATIC,0.2907,0.0378,0.7273,AQUATIC,0.2907,0.0378,0.7273,AQUATIC,0.2639,0.0343,0.8013,AQUATIC,0.2907,0.0378,0.7273
19,Hermès,Un Jardin en Méditerranée,GREEN,0.3532,0.1548,0.8952,GREEN,0.3532,0.1548,0.8952,GREEN,0.3763,0.1649,0.8401,GREEN,0.3763,0.1649,0.8401,GREEN,0.3532,0.1548,0.8952,GREEN,0.3532,0.1468,0.8952,GREEN,0.3532,0.1468,0.8952
15512,Balenciaga,Florabotanica,GREEN,0.5096,0.2163,1.0,GREEN,0.5096,0.2163,1.0,GREEN,0.5096,0.2163,1.0,GREEN,0.5096,0.2163,1.0,GREEN,0.5096,0.2163,1.0,GREEN,0.5096,0.2163,1.0,GREEN,0.5096,0.2163,1.0
484,Dolce&Gabbana,Dolce&Gabbana,FLORAL,0.4438,0.2146,0.8696,FLORAL,0.4438,0.2146,0.8696,FLORAL,0.4438,0.2146,0.8696,FLORAL,0.4438,0.2146,0.8696,FLORAL,0.4438,0.2146,0.8696,FLORAL,0.4438,0.2146,0.8696,FLORAL,0.4438,0.2146,0.8696
4608,Geoffrey Beene,Grey Flannel,WOODY,0.3239,0.0142,1.0,WOODY,0.375,0.0164,0.8637,WOODY,0.3239,0.0142,1.0,WOODY,0.375,0.0164,0.8637,WOODY,0.375,0.0164,0.8637,WOODY,0.3239,0.0142,1.0,WOODY,0.375,0.0164,0.8637
1404,Sarah Jessica Parker,Covet,GREEN,0.3462,0.1644,1.0,GREEN,0.3776,0.1793,0.9168,GREEN,0.3891,0.1848,0.8897,GREEN,0.4293,0.2038,0.8066,GREEN,0.3462,0.1644,1.0,GREEN,0.3462,0.1644,1.0,GREEN,0.3462,0.1528,1.0
271,Calvin Klein,Escape,GREEN,0.4157,0.2397,0.9051,GREEN,0.4157,0.2397,0.9051,GREEN,0.4774,0.2753,0.7881,GREEN,0.4774,0.2753,0.7881,GREEN,0.4157,0.2397,0.9051,GREEN,0.4157,0.176,0.9051,GREEN,0.4157,0.176,0.9051
897,Ralph Lauren,Safari,GREEN,0.4614,0.2361,1.0,GREEN,0.4614,0.2361,1.0,GREEN,0.4614,0.2361,1.0,GREEN,0.4614,0.2361,1.0,GREEN,0.4614,0.2361,1.0,GREEN,0.4614,0.2361,1.0,GREEN,0.4614,0.2361,1.0
57255,Natura,Ekos Alma,AMBER,0.5789,0.4074,1.0,AMBER,0.5789,0.4074,1.0,AMBER,0.5789,0.4074,1.0,AMBER,0.5789,0.4074,1.0,AMBER,0.5789,0.4074,1.0,AMBER,0.5789,0.4074,1.0,AMBER,0.5789,0.4074,1.0
23317,Viktor&Rolf,Bonbon,GOURMAND,0.3797,0.211,1.0,GOURMAND,0.4072,0.2262,0.9325,CITRUS,0.2721,0.0952,0.6203,CITRUS,0.3053,0.1069,0.5527,GOURMAND,0.4072,0.2262,0.9325,AMBER,0.4599,0.2911,1.0,AMBER,0.4932,0.3122,0.9325
25753,Juicy Couture,Viva la Juicy Gold Couture,GOURMAND,0.5021,0.365,1.0,GOURMAND,0.5446,0.3959,0.9219,FLORAL,0.2754,0.0381,0.4979,FLORAL,0.3266,0.0452,0.4198,GOURMAND,0.5446,0.3959,0.9219,AMBER,0.557,0.4198,1.0,AMBER,0.6041,0.4554,0.9219
17565,Cacharel,Amor Amor In a Flash,GOURMAND,0.4879,0.1842,1.0,GOURMAND,0.5308,0.2004,0.919,AMBER,0.5929,0.3439,0.5121,AMBER,0.7042,0.4085,0.4312,GOURMAND,0.5308,0.2004,0.919,AMBER,0.7915,0.664,1.0,AMBER,0.8612,0.7225,0.919
88707,Yves Saint Laurent,Black Opium Over Red,GOURMAND,0.4572,0.2714,1.0,GOURMAND,0.4824,0.2863,0.948,FRUITY,0.3425,0.1062,0.5428,FRUITY,0.3788,0.1174,0.4907,GOURMAND,0.4824,0.2863,0.948,AMBER,0.5613,0.3755,1.0,AMBER,0.5922,0.3961,0.948
17387,Guerlain,La Petite Robe Noire Eau de Toilette,FRUITY,0.3659,0.0183,1.0,FRUITY,0.3659,0.0183,1.0,FRUITY,0.5607,0.2679,0.6524,FRUITY,0.5607,0.2679,0.6524,FRUITY,0.3659,0.0183,1.0,FRUITY,0.3659,0.0183,1.0,FRUITY,0.3659,0.0183,1.0
308,Cartier,Delices,GOURMAND,0.3491,0.1335,1.0,GOURMAND,0.3872,0.1481,0.9014,AMBER,0.3312,0.0158,0.6509,AMBER,0.3903,0.0186,0.5524,GOURMAND,0.3872,0.1481,0.9014,AMBER,0.5647,0.3593,1.0,AMBER,0.6264,0.3986,0.9014
69869,Guess,Seductive Red,GOURMAND,0.5088,0.2332,1.0,GOURMAND,0.5549,0.2543,0.917,FRUITY,0.5612,0.2914,0.4912,FRUITY,0.6753,0.3506,0.4081,GOURMAND,0.5549,0.2543,0.917,AMBER,0.5088,0.2332,1.0,AMBER,0.5549,0.2543,0.917
18043,Mancera,Roses & Chocolate,GOURMAND,0.4257,0.2083,1.0,GOURMAND,0.4989,0.2442,0.8533,FLORAL,0.3785,0.123,0.5743,FLORAL,0.5085,0.2415,0.4275,GOURMAND,0.4989,0.2442,0.8533,AMBER,0.5399,0.3225,1.0,AMBER,0.6327,0.3779,0.8533
15451,Christina Aguilera,Red Sin,AMBER,0.5684,0.3585,0.8531,AMBER,0.6132,0.3868,0.7907,AMBER,0.6164,0.3887,0.7867,AMBER,0.6694,0.4222,0.7243,AMBER,0.6132,0.3868,0.7907,AMBER,0.6462,0.4363,0.8531,AMBER,0.6972,0.4707,0.7907
7322,O Boticário,Myriad,AMBER,0.3672,0.226,1.0,AMBER,0.4185,0.2575,0.8776,AMBER,0.4276,0.2785,0.8588,AMBER,0.4987,0.3248,0.7363,AMBER,0.4185,0.2575,0.8776,AMBER,0.5085,0.3804,1.0,AMBER,0.5794,0.4335,0.8776
485,Dolce&Gabbana,Light Blue,CITRUS,0.3215,0.1158,0.8687,CITRUS,0.3861,0.139,0.7235,CITRUS,0.3215,0.1158,0.8687,CITRUS,0.3861,0.139,0.7235,CITRUS,0.3484,0.1254,0.8017,CITRUS,0.3215,0.1158,0.8687,CITRUS,0.3484,0.1254,0.8017
8442,Giorgio Armani,Acqua di Gioia,GREEN,0.4227,0.2048,0.9464,GREEN,0.4227,0.2048,0.9464,GREEN,0.4419,0.2141,0.9052,GREEN,0.4419,0.2141,0.9052,GREEN,0.4227,0.2048,0.9464,GREEN,0.4227,0.2048,0.9464,GREEN,0.4227,0.2048,0.9464
147,Nina Ricci,Nina,GOURMAND,0.2779,0.0591,0.8324,GOURMAND,0.2779,0.0591,0.8324,CITRUS,0.303,0.0576,0.6011,CITRUS,0.303,0.0576,0.6011,GOURMAND,0.2779,0.0591,0.8324,AMBER,0.2779,0.0591,0.8324,AMBER,0.2779,0.0591,0.8324
18,Hermès,Un Jardin Sur Le Nil,GREEN,0.2657,0.0689,1.0,GREEN,0.2916,0.0756,0.9114,GREEN,0.2657,0.0689,1.0,GREEN,0.2916,0.0756,0.9114,GREEN,0.2916,0.0756,0.9114,GREEN,0.2657,0.0689,1.0,GREEN,0.2916,0.0756,0.9114
238,Cacharel,Amor Amor,GOURMAND,0.2346,0.0068,1.0,GOURMAND,0.2562,0.0075,0.9157,CITRUS,0.2976,0.0476,0.7654,CITRUS,0.3344,0.0535,0.6811,GOURMAND,0.2562,0.0075,0.9157,AMBER,0.3235,0.0957,1.0,AMBER,0.3532,0.1045,0.9157
413,Giorgio Armani,Armani Code for Women,GOURMAND,0.3681,0.0934,0.9357,GOURMAND,0.393,0.0997,0.8766,CITRUS,0.4348,0.0913,0.5913,CITRUS,0.4831,0.1014,0.5321,GOURMAND,0.393,0.0997,0.8766,AMBER,0.4451,0.1703,0.9357,AMBER,0.4751,0.1818,0.8766
728,Moschino,Cheap & Chic I Love Love,CITRUS,0.5025,0.3719,0.9213,CITRUS,0.5319,0.3936,0.8704,CITRUS,0.578,0.4509,0.8009,CITRUS,0.6173,0.4815,0.75,CITRUS,0.5025,0.3618,0.9213,CITRUS,0.5025,0.2864,0.9213,CITRUS,0.5025,0.2312,0.9213
1687,Acqua di Parma,Acqua di Parma Blu Mediterraneo - Fico di Amalfi,CITRUS,0.346,0.128,0.9666,CITRUS,0.346,0.128,0.9666,CITRUS,0.3861,0.1429,0.8662,CITRUS,0.3861,0.1429,0.8662,CITRUS,0.346,0.128,0.9666,CITRUS,0.346,0.128,0.9666,CITRUS,0.346,0.128,0.9666
372,Clinique,Clinique Happy,CITRUS,0.3759,0.0752,0.9366,CITRUS,0.4049,0.081,0.8697,CITRUS,0.4115,0.0823,0.8556,CITRUS,0.4464,0.0893,0.7887,CITRUS,0.4049,0.081,0.8697,CITRUS,0.3759,0.0752,0.9366,CITRUS,0.4049,0.081,0.8697
3016,Tommy Hilfiger,Tommy Girl,FLORAL,0.4423,0.2019,1.0,FLORAL,0.4423,0.2019,1.0,FLORAL,0.4423,0.2019,1.0,FLORAL,0.4423,0.2019,1.0,FLORAL,0.4423,0.2019,1.0,FLORAL,0.4423,0.2019,1.0,FLORAL,0.4423,0.2019,1.0
1215,Moschino,Moschino Funny!,CITRUS,0.304,0.1581,0.7669,CITRUS,0.33,0.1716,0.7063,CITRUS,0.304,0.1581,0.7669,CITRUS,0.33,0.1716,0.7063,CITRUS,0.304,0.0821,0.7669,CITRUS,0.304,0.1581,0.7669,CITRUS,0.304,0.0821,0.7669
13064,Versace,Yellow Diamond,FLORAL,0.4124,0.1299,0.9077,FLORAL,0.4695,0.1479,0.7974,FLORAL,0.462,0.1456,0.8103,FLORAL,0.5348,0.1685,0.7,FLORAL,0.4695,0.1479,0.7974,FLORAL,0.4124,0.1299,0.9077,FLORAL,0.4695,0.1479,0.7974
38543,Chanel,Chanel No 5 L'Eau,CITRUS,0.369,0.0258,0.877,CITRUS,0.4082,0.0286,0.7929,CITRUS,0.4065,0.0285,0.7961,CITRUS,0.4545,0.0318,0.712,CITRUS,0.4082,0.0286,0.7929,CITRUS,0.369,0.0258,0.877,CITRUS,0.4082,0.0286,0.7929
502,Chanel,Allure,FLORAL,0.4023,0.1698,0.9227,FLORAL,0.4023,0.1698,0.9227,FLORAL,0.4819,0.2033,0.7704,FLORAL,0.4819,0.2033,0.7704,FLORAL,0.4023,0.1698,0.9227,FLORAL,0.4023,0.1698,0.9227,FLORAL,0.4023,0.1698,0.9227
1499,Shiseido,Zen,WOODY,0.2766,0.0499,1.0,WOODY,0.2968,0.0535,0.932,WOODY,0.3073,0.0554,0.9002,WOODY,0.3324,0.0599,0.8322,WOODY,0.2968,0.0535,0.932,WOODY,0.2766,0.0499,1.0,WOODY,0.2968,0.0535,0.932
17076,Hermès,Jour d'Hermes,FLORAL,0.3459,0.0314,0.9381,FLORAL,0.3691,0.0336,0.8791,FLORAL,0.3459,0.0314,0.9381,FLORAL,0.3691,0.0336,0.8791,FLORAL,0.3459,0.0314,0.9381,FLORAL,0.3459,0.0314,0.9381,FLORAL,0.3459,0.0314,0.9381
64105,Armaf,Club de Nuit Sillage,CITRUS,0.2907,0.061,1.0,CITRUS,0.3774,0.1358,0.7703,CITRUS,0.2907,0.061,1.0,CITRUS,0.3774,0.1358,0.7703,AMBER,0.3474,0.0227,0.8953,CITRUS,0.2907,0.061,1.0,AMBER,0.3474,0.0227,0.8953
128,Armand Basi,In Red,CITRUS,0.3215,0.0257,0.9094,CITRUS,0.3215,0.0257,0.9094,CITRUS,0.3215,0.0257,0.9094,CITRUS,0.3215,0.0257,0.9094,CITRUS,0.3215,0.0257,0.9094,CITRUS,0.3215,0.0257,0.9094,CITRUS,0.3215,0.0257,0.9094
44034,Dolce&Gabbana,Light Blue Eau Intense,CITRUS,0.2747,0.0137,0.8626,CITRUS,0.3717,0.1599,0.6374,CITRUS,0.2747,0.0137,0.8626,CITRUS,0.3717,0.1599,0.6374,CITRUS,0.3012,0.003,0.7867,CITRUS,0.2747,0.0137,0.8626,CITRUS,0.3012,0.003,0.7867
3128,Harajuku Lovers,Harajuku Lovers G,GOURMAND,0.7703,0.6689,1.0,GOURMAND,0.8413,0.7306,0.9155,FRUITY,0.4412,0.0735,0.2297,FRUITY,0.6977,0.3953,0.1453,GOURMAND,0.8413,0.7306,0.9155,AMBER,0.7703,0.6689,1.0,AMBER,0.8413,0.7306,0.9155
43572,Le Monde Gourmand,Lait de Coco,GOURMAND,0.843,0.7705,1.0,GOURMAND,0.8835,0.8076,0.9541,FRUITY,0.4615,0.1692,0.157,FRUITY,0.6522,0.3043,0.1111,GOURMAND,0.8835,0.8076,0.9541,AMBER,0.843,0.7705,1.0,AMBER,0.8835,0.8076,0.9541
25980,Beyoncé,Heat Wild Orchid,GOURMAND,0.5059,0.3314,1.0,GOURMAND,0.5455,0.3573,0.9275,FRUITY,0.3532,0.0516,0.4941,FRUITY,0.414,0.0605,0.4216,GOURMAND,0.5455,0.3573,0.9275,AMBER,0.5059,0.3314,1.0,AMBER,0.5455,0.3573,0.9275
11538,Estée Lauder,Bronze Goddess  2011,GOURMAND,0.5192,0.3448,1.0,GOURMAND,0.5192,0.3448,1.0,FLORAL,0.3625,0.1394,0.4808,FLORAL,0.3625,0.1394,0.4808,GOURMAND,0.5192,0.3448,1.0,AMBER,0.6264,0.4521,1.0,AMBER,0.6264,0.4521,1.0
10664,Новая Заря (The New Dawn),Кузнецкий мост (Kuznetsky Most),WOODY,0.4339,0.168,1.0,WOODY,0.4339,0.168,1.0,WOODY,0.481,0.1863,0.9021,WOODY,0.481,0.1863,0.9021,WOODY,0.4339,0.168,1.0,WOODY,0.4339,0.168,1.0,WOODY,0.4339,0.168,1.0
80039,Trussardi,District of Nolo,MUSK,0.2798,0.0343,1.0,FLORAL,0.3409,0.0476,0.7202,MUSK,0.2798,0.0343,1.0,FLORAL,0.3409,0.0476,0.7202,FLORAL,0.29,0.0405,0.8466,MUSK,0.2798,0.0343,1.0,FLORAL,0.29,0.0405,0.8466
632,Versace,Bright Crystal,FLORAL,0.4824,0.3137,0.8557,FLORAL,0.4824,0.3137,0.8557,FLORAL,0.5146,0.3347,0.802,FLORAL,0.5146,0.3347,0.802,FLORAL,0.4824,0.3137,0.8557,FLORAL,0.4824,0.3137,0.8557,FLORAL,0.4824,0.3137,0.8557
1733,Chloé,Chloé Eau de Parfum,FLORAL,0.7566,0.6105,0.8266,FLORAL,0.7566,0.6105,0.8266,FLORAL,0.7566,0.6105,0.8266,FLORAL,0.7566,0.6105,0.8266,FLORAL,0.7566,0.6105,0.8266,FLORAL,0.7566,0.6105,0.8266,FLORAL,0.7566,0.6105,0.8266
8069,Chanel,Chance Eau Tendre,FLORAL,0.286,0.0864,1.0,FLORAL,0.3573,0.1751,0.8004,FLORAL,0.3246,0.098,0.881,FLORAL,0.4197,0.2056,0.6814,FLORAL,0.3204,0.0925,0.8925,FLORAL,0.286,0.0557,1.0,AMBER,0.3613,0.0409,0.8925
988,Lanvin,Eclat d’Arpège,FLORAL,0.5678,0.407,0.7773,FLORAL,0.6608,0.4737,0.668,FLORAL,0.5678,0.407,0.7773,FLORAL,0.6608,0.4737,0.668,FLORAL,0.6011,0.4309,0.7344,FLORAL,0.5678,0.407,0.7773,FLORAL,0.6011,0.4309,0.7344
184,Lancôme,Miracle,FLORAL,0.3342,0.0963,0.8926,FLORAL,0.3582,0.1032,0.8329,FLORAL,0.3342,0.0963,0.8926,FLORAL,0.3582,0.1032,0.8329,FLORAL,0.3342,0.0561,0.8926,FLORAL,0.3342,0.0963,0.8926,FLORAL,0.3342,0.0561,0.8926
242,Cacharel,Noa,FLORAL,0.384,0.0799,0.8666,FLORAL,0.5518,0.3585,0.603,FLORAL,0.384,0.0799,0.8666,FLORAL,0.5518,0.3585,0.603,FLORAL,0.4447,0.149,0.7483,FLORAL,0.384,0.0799,0.8666,FLORAL,0.4447,0.149,0.7483
720,Issey Miyake,L'eau d'Issey,FLORAL,0.5975,0.3127,0.824,FLORAL,0.5975,0.3127,0.824,FLORAL,0.5975,0.3127,0.824,FLORAL,0.5975,0.3127,0.824,FLORAL,0.5975,0.3127,0.824,FLORAL,0.5975,0.3127,0.824,FLORAL,0.5975,0.3127,0.824
23280,Dior,Miss Dior Blooming Bouquet,FLORAL,0.5348,0.3422,0.85,FLORAL,0.6623,0.5132,0.6864,FLORAL,0.5682,0.3636,0.8,FLORAL,0.7143,0.5536,0.6364,FLORAL,0.5882,0.4559,0.7727,FLORAL,0.5348,0.3422,0.85,FLORAL,0.5882,0.4118,0.7727
669,Lacoste Fragrances,Lacoste Pour Femme,FLORAL,0.2738,0.0041,1.0,FLORAL,0.375,0.0611,0.7302,FLORAL,0.2738,0.0041,1.0,FLORAL,0.375,0.0611,0.7302,AMBER,0.3784,0.0401,0.8093,FLORAL,0.2738,0.0041,1.0,AMBER,0.3784,0.0401,0.8093
81,Elizabeth Arden,5th Avenue,FLORAL,0.6016,0.4851,0.8849,FLORAL,0.6667,0.5375,0.7986,FLORAL,0.6768,0.5457,0.7866,FLORAL,0.7603,0.613,0.7002,FLORAL,0.6667,0.5375,0.7986,FLORAL,0.6016,0.4851,0.8849,FLORAL,0.6667,0.5375,0.7986
536,Estée Lauder,Pleasures,FLORAL,0.6438,0.474,0.8333,FLORAL,0.6831,0.5029,0.7854,FLORAL,0.6438,0.474,0.8333,FLORAL,0.6831,0.5029,0.7854,FLORAL,0.6831,0.5029,0.7854,FLORAL,0.6438,0.474,0.8333,FLORAL,0.6831,0.5029,0.7854
257,Calvin Klein,Eternity,FLORAL,0.4314,0.0809,0.9358,FLORAL,0.4809,0.0902,0.8394,FLORAL,0.4314,0.0809,0.9358,FLORAL,0.4809,0.0902,0.8394,FLORAL,0.4809,0.0902,0.8394,FLORAL,0.4314,0.0809,0.9358,FLORAL,0.4809,0.0902,0.8394
78,Kenzo,L'Eau par Kenzo,GREEN,0.3391,0.0493,0.869,GREEN,0.3391,0.0493,0.869,GREEN,0.3391,0.0493,0.869,GREEN,0.3391,0.0493,0.869,GREEN,0.3391,0.0493,0.869,GREEN,0.3391,0.0493,0.869,GREEN,0.3391,0.0493,0.869
1000,Burberry,Weekend for Women,FLORAL,0.3853,0.2049,0.916,FLORAL,0.4701,0.2873,0.7507,FLORAL,0.4345,0.231,0.8123,FLORAL,0.5455,0.3333,0.6471,FLORAL,0.4701,0.2873,0.7507,FLORAL,0.3853,0.2049,0.916,FLORAL,0.4701,0.2873,0.7507
15924,By Kilian,Good Girl Gone Bad,FLORAL,0.6848,0.5157,1.0,FLORAL,0.6848,0.5157,1.0,FLORAL,0.6848,0.5157,1.0,FLORAL,0.6848,0.5157,1.0,FLORAL,0.6848,0.5157,1.0,FLORAL,0.6848,0.5157,1.0,FLORAL,0.6848,0.5157,1.0
66,Guerlain,Champs Elysees Eau de Toilette,FLORAL,0.5397,0.4007,0.8412,FLORAL,0.6269,0.4885,0.7242,FLORAL,0.6128,0.4549,0.7409,FLORAL,0.7277,0.5848,0.624,FLORAL,0.6269,0.4885,0.7242,FLORAL,0.5397,0.4007,0.8412,FLORAL,0.6269,0.4885,0.7242
8441,Byredo,La Tulipe,FLORAL,0.3846,0.0077,0.9559,FLORAL,0.3846,0.0077,0.9559,FLORAL,0.3937,0.0079,0.9338,FLORAL,0.3937,0.0079,0.9338,FLORAL,0.3846,0.0077,0.9559,FLORAL,0.3846,0.0077,0.9559,FLORAL,0.3846,0.0077,0.9559
520,Nina Ricci,Premier Jour,FLORAL,0.3404,0.1057,1.0,FLORAL,0.4248,0.1319,0.8013,FLORAL,0.4448,0.1851,0.7653,FLORAL,0.6007,0.3731,0.5666,FLORAL,0.3861,0.1199,0.8816,FLORAL,0.3404,0.1057,1.0,FLORAL,0.3861,0.0288,0.8816
18767,Jo Malone London,Peony & Blush Suede,FLORAL,0.6443,0.5101,0.812,FLORAL,0.7442,0.6085,0.703,FLORAL,0.6443,0.5101,0.812,FLORAL,0.7442,0.6085,0.703,FLORAL,0.6784,0.5548,0.7711,FLORAL,0.6443,0.5101,0.812,FLORAL,0.6784,0.5548,0.7711
141,Britney Spears,Curious,FLORAL,0.5528,0.413,1.0,FLORAL,0.6426,0.4946,0.8602,FLORAL,0.5973,0.4463,0.9255,FLORAL,0.7036,0.5415,0.7857,FLORAL,0.5953,0.4582,0.9286,FLORAL,0.5528,0.413,1.0,FLORAL,0.5953,0.4415,0.9286
826,Ralph Lauren,Ralph,FLORAL,0.3506,0.0762,0.8889,FLORAL,0.3952,0.0859,0.7886,FLORAL,0.3506,0.0762,0.8889,FLORAL,0.3952,0.0859,0.7886,FLORAL,0.371,0.0806,0.8401,FLORAL,0.3506,0.0762,0.8889,FLORAL,0.371,0.0806,0.8401
825,Ralph Lauren,Romance,FLORAL,0.5144,0.3994,1.0,FLORAL,0.5629,0.4371,0.9138,FLORAL,0.5144,0.3994,1.0,FLORAL,0.5629,0.4371,0.9138,FLORAL,0.5144,0.3276,1.0,FLORAL,0.5144,0.3994,1.0,FLORAL,0.5144,0.3276,1.0
2378,Avon,Pur Blanca,FLORAL,0.517,0.2075,0.8953,FLORAL,0.7486,0.6557,0.6182,FLORAL,0.5437,0.2183,0.8514,FLORAL,0.8059,0.7059,0.5743,FLORAL,0.6171,0.4414,0.75,FLORAL,0.517,0.2075,0.8953,FLORAL,0.6171,0.3829,0.75
508,Davidoff,Cool Water,AQUATIC,0.3082,0.0199,0.8342,AQUATIC,0.3082,0.0199,0.8342,AQUATIC,0.3563,0.023,0.7214,AQUATIC,0.3563,0.023,0.7214,AQUATIC,0.3082,0.0199,0.8342,AQUATIC,0.3082,0.0199,0.8342,AQUATIC,0.3082,0.0199,0.8342
6686,Byredo,Blanche,FLORAL,0.5976,0.2795,0.8058,FLORAL,0.8763,0.7527,0.5495,FLORAL,0.5976,0.2795,0.8058,FLORAL,0.8763,0.7527,0.5495,FLORAL,0.7086,0.5171,0.6796,FLORAL,0.5976,0.2795,0.8058,FLORAL,0.7086,0.5171,0.6796
6529,Givenchy,Ange Ou Demon Le Secret,FLORAL,0.33,0.1436,0.7988,FLORAL,0.33,0.1436,0.7988,FLORAL,0.33,0.1436,0.7988,FLORAL,0.33,0.1436,0.7988,FLORAL,0.33,0.1436,0.7988,FLORAL,0.33,0.1436,0.7988,FLORAL,0.33,0.1436,0.7988
1109,Amouage,Dia Woman,FLORAL,0.5622,0.2327,0.8127,FLORAL,0.8385,0.677,0.5449,FLORAL,0.5622,0.2327,0.8127,FLORAL,0.8385,0.677,0.5449,FLORAL,0.7349,0.5934,0.6217,FLORAL,0.5622,0.2327,0.8127,FLORAL,0.7349,0.5934,0.6217
17189,Zara,Applejuice,FLORAL,0.2589,0.0379,0.8175,FLORAL,0.3314,0.0486,0.6387,FLORAL,0.2589,0.0379,0.8175,FLORAL,0.3314,0.0486,0.6387,FLORAL,0.2929,0.0429,0.7226,FLORAL,0.2589,0.0379,0.8175,FLORAL,0.2929,0.0429,0.7226
66359,Guerlain,Aqua Allegoria Flora Salvaggia,FLORAL,0.4807,0.1362,0.7955,FLORAL,0.5826,0.1651,0.6564,FLORAL,0.4807,0.1362,0.7955,FLORAL,0.5826,0.1651,0.6564,FLORAL,0.5826,0.1651,0.6564,FLORAL,0.4807,0.1362,0.7955,FLORAL,0.5826,0.1651,0.6564
145,Bvlgari,Eau Parfumee au The Blanc,GREEN,0.3431,0.0604,1.0,GREEN,0.3991,0.0703,0.8596,GREEN,0.3431,0.0604,1.0,GREEN,0.3991,0.0703,0.8596,AMBER,0.423,0.0799,1.0,GREEN,0.3431,0.0604,1.0,AMBER,0.423,0.0799,1.0
29442,Bvlgari,Aqva Divina,AQUATIC,0.2317,0.0575,0.8969,AQUATIC,0.2317,0.0575,0.8969,AQUATIC,0.2317,0.0575,0.8969,AQUATIC,0.2317,0.0575,0.8969,AQUATIC,0.2317,0.0575,0.8969,AQUATIC,0.2317,0.0575,0.8969,AQUATIC,0.2317,0.0575,0.8969
156,Bvlgari,BLV,MUSK,0.2742,0.0022,0.8658,FLORAL,0.3746,0.065,0.6284,MUSK,0.2742,0.0022,0.8658,FLORAL,0.3746,0.065,0.6284,AMBER,0.4193,0.1042,0.7471,MUSK,0.2742,0.0022,0.8658,AMBER,0.4193,0.1042,0.7471
729,Moschino,Couture!,AMBER,0.387,0.217,1.0,AMBER,0.4131,0.2317,0.9367,AMBER,0.4403,0.2469,0.8788,AMBER,0.4745,0.2661,0.8156,AMBER,0.4131,0.2317,0.9367,AMBER,0.5081,0.3382,1.0,AMBER,0.5425,0.361,0.9367
6086,Dolce&Gabbana,D&G Anthology L'Imperatrice 3,AQUATIC,0.4324,0.0928,0.9309,AQUATIC,0.4324,0.0928,0.9309,AQUATIC,0.4697,0.1009,0.8568,AQUATIC,0.4697,0.1009,0.8568,AQUATIC,0.4324,0.0928,0.9309,AQUATIC,0.4324,0.0928,0.9309,AQUATIC,0.4324,0.0928,0.9309
51694,Burberry,Burberry Her,FRUITY,0.3767,0.0933,1.0,FRUITY,0.4669,0.1157,0.8067,FRUITY,0.5256,0.2558,0.7167,FRUITY,0.7197,0.5287,0.5233,FRUITY,0.417,0.1033,0.9033,FRUITY,0.3767,0.0467,1.0,AMBER,0.4723,0.0554,0.9033
11721,Lancôme,Trésor Midnight Rose,FRUITY,0.2681,0.0054,0.9256,FRUITY,0.2681,0.0054,0.9256,FRUITY,0.3205,0.0064,0.7742,FRUITY,0.3205,0.0064,0.7742,FRUITY,0.2681,0.0054,0.9256,AMBER,0.2895,0.0214,0.9256,AMBER,0.2895,0.0214,0.9256
818,Burberry,Burberry Women,GOURMAND,0.3107,0.0148,0.9548,GOURMAND,0.407,0.0194,0.7288,FRUITY,0.4292,0.0858,0.6582,FRUITY,0.6536,0.3072,0.4322,GOURMAND,0.3777,0.018,0.7853,AMBER,0.3107,0.0148,0.9548,AMBER,0.4496,0.0899,0.7853
65560,Carolina Herrera,Very Good Girl,FRUITY,0.4343,0.2171,0.8605,FRUITY,0.4343,0.2171,0.8605,FRUITY,0.5547,0.3359,0.6737,FRUITY,0.5547,0.3359,0.6737,FRUITY,0.4343,0.2171,0.8605,FRUITY,0.4343,0.1101,0.8605,FRUITY,0.4343,0.1101,0.8605
1835,Lalique,Amethyst,FRUITY,0.4237,0.2246,0.9365,FRUITY,0.4566,0.242,0.869,FRUITY,0.4808,0.2548,0.8254,FRUITY,0.5236,0.2775,0.7579,FRUITY,0.4237,0.2246,0.9365,FRUITY,0.4237,0.2246,0.9365,FRUITY,0.4237,0.1653,0.9365
10858,Marc Jacobs,Daisy Eau So Fresh,FRUITY,0.303,0.0879,0.9066,FRUITY,0.339,0.0983,0.8104,FRUITY,0.3584,0.1039,0.7665,FRUITY,0.4098,0.1189,0.6703,FRUITY,0.339,0.0983,0.8104,FRUITY,0.303,0.0879,0.9066,FRUITY,0.339,0.0983,0.8104
48002,Giorgio Armani,Sì Passione,FRUITY,0.303,0.0182,0.9322,FRUITY,0.303,0.0182,0.9322,FRUITY,0.4237,0.161,0.6667,FRUITY,0.4237,0.161,0.6667,FRUITY,0.303,0.0182,0.9322,AMBER,0.3848,0.0818,0.9322,AMBER,0.3848,0.0818,0.9322
15134,Jo Malone London,Blackberry & Bay,GREEN,0.2236,0.0166,1.0,GREEN,0.2236,0.0166,1.0,GREEN,0.2438,0.0181,0.9172,GREEN,0.2438,0.0181,0.9172,GREEN,0.2236,0.0166,1.0,AMBER,0.2692,0.0455,1.0,AMBER,0.2692,0.0455,1.0
6493,Yves Saint Laurent,Parisienne,FLORAL,0.5426,0.2766,0.8449,FLORAL,0.6145,0.3133,0.7461,FLORAL,0.5426,0.2766,0.8449,FLORAL,0.6145,0.3133,0.7461,FLORAL,0.6145,0.3133,0.7461,FLORAL,0.5426,0.2766,0.8449,FLORAL,0.6145,0.3133,0.7461
47459,Versace,Versace Pour Femme Dylan Blue,FLORAL,0.3538,0.0614,0.8792,FLORAL,0.3769,0.0654,0.8252,FLORAL,0.3769,0.0654,0.8252,FLORAL,0.4033,0.07,0.7712,FLORAL,0.3538,0.0614,0.8792,FLORAL,0.3538,0.0614,0.8792,FLORAL,0.3538,0.0614,0.8792
1701,Elizabeth Arden,Sunflowers,FLORAL,0.276,0.056,0.8865,FLORAL,0.276,0.056,0.8865,FLORAL,0.276,0.056,0.8865,FLORAL,0.276,0.056,0.8865,FLORAL,0.276,0.056,0.8865,FLORAL,0.276,0.056,0.8865,FLORAL,0.276,0.056,0.8865
8019,Lancôme,Tresor In Love,FLORAL,0.2821,0.0076,0.9043,FLORAL,0.3889,0.0417,0.656,FLORAL,0.3489,0.0093,0.7312,FLORAL,0.5283,0.0566,0.4829,FLORAL,0.3511,0.0376,0.7267,FLORAL,0.2821,0.0076,0.9043,FLORAL,0.3511,0.0157,0.7267
10190,Victoria's Secret,Bombshell,FRUITY,0.3575,0.0894,0.8449,FRUITY,0.3575,0.0894,0.8449,FRUITY,0.4526,0.1131,0.6673,FRUITY,0.4526,0.1131,0.6673,FRUITY,0.3575,0.0894,0.8449,FRUITY,0.3575,0.0894,0.8449,FRUITY,0.3575,0.0894,0.8449
51589,Moschino,Toy 2,FRUITY,0.2915,0.0875,0.864,FRUITY,0.3663,0.1429,0.6877,FRUITY,0.3311,0.0993,0.7607,FRUITY,0.431,0.1681,0.5844,FRUITY,0.3165,0.1234,0.796,FRUITY,0.2915,0.0875,0.864,FRUITY,0.3165,0.0506,0.796
685,Gucci,Gucci Eau de Parfum II,FRUITY,0.346,0.1799,0.8892,FRUITY,0.3817,0.1985,0.8062,FRUITY,0.3817,0.1985,0.8062,FRUITY,0.4255,0.2213,0.7231,FRUITY,0.3817,0.1985,0.8062,FRUITY,0.346,0.1696,0.8892,FRUITY,0.3817,0.187,0.8062
43324,Byredo,Bibliothèque,FRUITY,0.2364,0.0,1.0,FRUITY,0.3058,0.0,0.773,FRUITY,0.2967,0.0,0.7967,FRUITY,0.4149,0.0,0.5697,FRUITY,0.2747,0.0,0.8605,FRUITY,0.2364,0.0,1.0,AMBER,0.3379,0.0632,0.8605
35,Givenchy,Hot Couture,AMBER,0.2642,0.0755,1.0,AMBER,0.2851,0.0815,0.9264,AMBER,0.3091,0.0883,0.8547,AMBER,0.3382,0.0966,0.7811,AMBER,0.2851,0.0815,0.9264,AMBER,0.4094,0.2208,1.0,AMBER,0.442,0.2383,0.9264
67527,Sol de Janeiro,Cheirosa '40,GOURMAND,0.3711,0.1614,1.0,GOURMAND,0.4609,0.2005,0.805,FRUITY,0.3333,0.0233,0.6289,FRUITY,0.4831,0.2512,0.434,GOURMAND,0.4224,0.1838,0.8784,AMBER,0.4235,0.2138,1.0,AMBER,0.5656,0.327,0.8784
3782,Jo Malone London,Nectarine Blossom & Honey,FRUITY,0.3367,0.1178,0.9252,FRUITY,0.3759,0.1316,0.8287,FRUITY,0.431,0.1509,0.7227,FRUITY,0.4975,0.1741,0.6262,FRUITY,0.3759,0.1316,0.8287,FRUITY,0.3367,0.1178,0.9252,FRUITY,0.3759,0.1316,0.8287
39070,Dior,Miss Dior Absolutely Blooming,FLORAL,0.3106,0.0381,0.9434,FLORAL,0.3455,0.0424,0.8483,FLORAL,0.3551,0.0436,0.8252,FLORAL,0.4014,0.0493,0.7301,FLORAL,0.3106,0.0381,0.9434,FLORAL,0.3106,0.0381,0.9434,FLORAL,0.3106,0.0,0.9434
5609,Donna Karan,DKNY Be Delicious Fresh Blossom,FLORAL,0.4595,0.2342,0.8638,FLORAL,0.4595,0.2342,0.8638,FLORAL,0.4964,0.253,0.7996,FLORAL,0.4964,0.253,0.7996,FLORAL,0.4595,0.2342,0.8638,FLORAL,0.4595,0.2342,0.8638,FLORAL,0.4595,0.2342,0.8638
66098,Moschino,Toy 2 Bubble Gum,FRUITY,0.4248,0.1895,0.9623,FRUITY,0.4498,0.2007,0.9088,FRUITY,0.5556,0.2692,0.7358,FRUITY,0.5991,0.2903,0.6824,FRUITY,0.4248,0.1895,0.9623,FRUITY,0.4248,0.1895,0.9623,FRUITY,0.4248,0.134,0.9623
498,Donna Karan,DKNY Be Delicious,AQUATIC,0.3593,0.1597,0.8638,AQUATIC,0.3593,0.1597,0.8638,AQUATIC,0.3593,0.1597,0.8638,AQUATIC,0.3593,0.1597,0.8638,AQUATIC,0.3593,0.1597,0.8638,AQUATIC,0.3593,0.1597,0.8638,AQUATIC,0.3593,0.1597,0.8638
275,Calvin Klein,CK be,GREEN,0.4496,0.2345,1.0,GREEN,0.5728,0.4074,0.7849,GREEN,0.4496,0.2345,1.0,GREEN,0.5728,0.4074,0.7849,GREEN,0.5088,0.2675,0.8837,GREEN,0.4496,0.2345,1.0,GREEN,0.5088,0.2675,0.8837
12345,Chanel,Chanel No 19 Eau de Parfum,WOODY,0.4236,0.1263,1.0,WOODY,0.4633,0.1381,0.9145,WOODY,0.4236,0.1263,1.0,WOODY,0.4633,0.1381,0.9145,WOODY,0.4633,0.1381,0.9145,WOODY,0.4236,0.1263,1.0,WOODY,0.4633,0.1381,0.9145
11,Chanel,Chanel N°19,WOODY,0.3745,0.0855,1.0,WOODY,0.4196,0.0957,0.8927,WOODY,0.3745,0.0855,1.0,WOODY,0.4196,0.0957,0.8927,WOODY,0.4196,0.0957,0.8927,WOODY,0.3745,0.0855,1.0,WOODY,0.4196,0.0957,0.8927
687,Gucci,Gucci Rush 2,FLORAL,0.4932,0.2648,0.9087,FLORAL,0.5455,0.2929,0.8216,FLORAL,0.4932,0.2648,0.9087,FLORAL,0.5455,0.2929,0.8216,FLORAL,0.4932,0.2648,0.9087,FLORAL,0.4932,0.2648,0.9087,FLORAL,0.4932,0.2648,0.9087
2068,Guy Laroche,Fidji Eau de Toilette,WOODY,0.2899,0.026,1.0,WOODY,0.33,0.0296,0.8785,WOODY,0.2899,0.026,1.0,WOODY,0.33,0.0296,0.8785,WOODY,0.33,0.0296,0.8785,WOODY,0.2899,0.026,1.0,WOODY,0.33,0.0296,0.8785
88,Elizabeth Arden,Arden Beauty,FLORAL,0.2953,0.0628,1.0,FLORAL,0.3405,0.0724,0.8674,FLORAL,0.3256,0.0692,0.907,FLORAL,0.3814,0.0811,0.7744,FLORAL,0.3405,0.0724,0.8674,FLORAL,0.2953,0.0628,1.0,FLORAL,0.3405,0.0724,0.8674
4941,Bvlgari,Omnia Green Jade,FLORAL,0.3066,0.0951,0.8975,FLORAL,0.3728,0.1157,0.7381,FLORAL,0.3066,0.0951,0.8975,FLORAL,0.3728,0.1157,0.7381,FLORAL,0.3258,0.1011,0.8444,FLORAL,0.3066,0.0951,0.8975,FLORAL,0.3258,0.1011,0.8444
547,Estée Lauder,Private Collection,GREEN,0.4208,0.0479,1.0,GREEN,0.4208,0.0479,1.0,GREEN,0.4208,0.0479,1.0,GREEN,0.4208,0.0479,1.0,GREEN,0.4208,0.0479,1.0,GREEN,0.4208,0.0479,1.0,GREEN,0.4208,0.0479,1.0
50748,Cartier,Carat,FLORAL,0.4714,0.2426,1.0,FLORAL,0.5176,0.2663,0.9108,FLORAL,0.5061,0.2604,0.9314,FLORAL,0.5598,0.288,0.8421,FLORAL,0.5176,0.2663,0.9108,FLORAL,0.4714,0.2426,1.0,FLORAL,0.5176,0.2663,0.9108
31233,Jimmy Choo,Illicit,GOURMAND,0.4092,0.198,1.0,GOURMAND,0.4092,0.198,1.0,AMBER,0.3575,0.1117,0.5908,AMBER,0.3575,0.1117,0.5908,GOURMAND,0.4092,0.198,1.0,AMBER,0.6205,0.4752,1.0,AMBER,0.6205,0.4752,1.0
17511,Kim Kardashian,Pure Honey,GOURMAND,0.4697,0.2427,1.0,GOURMAND,0.5597,0.2893,0.8391,FLORAL,0.4279,0.1244,0.5303,FLORAL,0.6143,0.2286,0.3694,GOURMAND,0.5,0.2416,0.9393,AMBER,0.6121,0.3852,1.0,AMBER,0.7584,0.5169,0.9393
1795,Prada,Infusion d'Iris,WOODY,0.2692,0.0535,1.0,WOODY,0.3063,0.0609,0.8788,WOODY,0.2692,0.0535,1.0,WOODY,0.3063,0.0609,0.8788,WOODY,0.3063,0.0609,0.8788,WOODY,0.2692,0.0535,1.0,WOODY,0.3063,0.0609,0.8788
12424,Chanel,Chanel No 19 Poudre,FLORAL,0.3432,0.0537,1.0,FLORAL,0.4016,0.0629,0.8544,FLORAL,0.3432,0.0537,1.0,FLORAL,0.4016,0.0629,0.8544,FLORAL,0.4016,0.0629,0.8544,FLORAL,0.3432,0.0537,1.0,FLORAL,0.4016,0.0629,0.8544
12767,Tom Ford,Violet Blonde,MUSK,0.3024,0.006,1.0,WOODY,0.4249,0.1358,0.6976,MUSK,0.3024,0.006,1.0,WOODY,0.4249,0.1358,0.6976,WOODY,0.3639,0.1163,0.8145,MUSK,0.3024,0.006,1.0,WOODY,0.3639,0.1163,0.8145
31040,Prada,Infusion d'Iris (2015),FLORAL,0.3902,0.1441,1.0,FLORAL,0.4619,0.1706,0.8448,FLORAL,0.3902,0.1441,1.0,FLORAL,0.4619,0.1706,0.8448,FLORAL,0.4619,0.1706,0.8448,FLORAL,0.3902,0.1441,1.0,FLORAL,0.4619,0.1706,0.8448
20,Hermès,Hiris,FLORAL,0.4897,0.2322,1.0,FLORAL,0.5884,0.279,0.8322,FLORAL,0.4897,0.2322,1.0,FLORAL,0.5884,0.279,0.8322,FLORAL,0.5884,0.279,0.8322,FLORAL,0.4897,0.2322,1.0,FLORAL,0.5884,0.279,0.8322
990,Lanvin,Oxygene,MUSK,0.257,0.0219,1.0,AMBER,0.3164,0.0214,0.743,MUSK,0.3209,0.0274,0.8008,AMBER,0.4322,0.0293,0.5438,AMBER,0.4028,0.1452,0.8506,AMBER,0.4343,0.1773,1.0,AMBER,0.637,0.3794,0.8506
72365,Zoologist Perfumes,Cow,MUSK,0.2766,0.0402,0.8758,GOURMAND,0.3268,0.0033,0.6335,MUSK,0.3622,0.0557,0.6687,GREEN,0.4806,0.2039,0.4265,GOURMAND,0.2817,0.0028,0.735,MUSK,0.2766,0.0402,0.8758,AMBER,0.4197,0.1408,0.735
39738,Lancôme,Lavandes Trianon,GOURMAND,0.5294,0.1838,1.0,GOURMAND,0.564,0.1958,0.9387,GREEN,0.7344,0.599,0.4706,GREEN,0.8443,0.6886,0.4093,GOURMAND,0.564,0.1958,0.9387,AMBER,0.5931,0.2475,1.0,AMBER,0.6319,0.2637,0.9387
22839,Burberry,Burberry Brit Rhythm for Women,GREEN,0.3241,0.0481,0.9015,GREEN,0.4476,0.1202,0.6528,GREEN,0.3241,0.0481,0.9015,GREEN,0.4476,0.1202,0.6528,GREEN,0.3755,0.1009,0.778,GREEN,0.3241,0.0481,0.9015,GREEN,0.3755,0.1009,0.778
12425,Chanel,Les Exclusifs de Chanel Jersey,GREEN,0.3527,0.0673,0.8998,GREEN,0.4648,0.0887,0.6827,GREEN,0.4935,0.1558,0.643,GREEN,0.7451,0.4902,0.4259,GREEN,0.3948,0.0753,0.8038,GREEN,0.3527,0.0673,0.8998,AMBER,0.4701,0.0753,0.8038
57035,Lush,Twilight Body Spray,GREEN,0.351,0.0148,1.0,GREEN,0.351,0.0148,1.0,GREEN,0.4784,0.0202,0.7336,GREEN,0.4784,0.0202,0.7336,GREEN,0.351,0.0148,1.0,AMBER,0.6025,0.2516,1.0,AMBER,0.6025,0.2516,1.0
8315,O Boticário,Ma Chérie,GREEN,0.5396,0.2256,1.0,GREEN,0.7867,0.6267,0.686,GREEN,0.5396,0.2256,1.0,GREEN,0.7867,0.6267,0.686,GREEN,0.6629,0.3708,0.814,GREEN,0.5396,0.2256,1.0,GREEN,0.6629,0.3708,0.814
1335,Hermès,Kelly Calèche,FLORAL,0.4479,0.2413,1.0,FLORAL,0.5644,0.3067,0.7935,FLORAL,0.4479,0.2413,1.0,FLORAL,0.5644,0.3067,0.7935,FLORAL,0.4955,0.2692,0.9039,FLORAL,0.4479,0.2413,1.0,FLORAL,0.4955,0.2692,0.9039
52197,Tiziana Terenzi,Spirito Fiorentino,WOODY,0.4976,0.2668,1.0,WOODY,0.6216,0.3333,0.8005,WOODY,0.4976,0.2668,1.0,WOODY,0.6216,0.3333,0.8005,WOODY,0.5308,0.1385,0.9375,WOODY,0.4976,0.2668,1.0,WOODY,0.5308,0.1385,0.9375
13195,L'Artisan Parfumeur,Batucada,AQUATIC,0.2972,0.0066,1.0,AQUATIC,0.2972,0.0066,1.0,AQUATIC,0.3297,0.0073,0.9015,AQUATIC,0.3297,0.0073,0.9015,AQUATIC,0.2972,0.0066,1.0,AQUATIC,0.2972,0.0066,1.0,AQUATIC,0.2972,0.0066,1.0
14187,Avon,Perceive Dew,AQUATIC,0.4364,0.2661,0.9174,AQUATIC,0.4364,0.2661,0.9174,AQUATIC,0.4364,0.2661,0.9174,AQUATIC,0.4364,0.2661,0.9174,AQUATIC,0.4364,0.2661,0.9174,AQUATIC,0.4364,0.2661,0.9174,AQUATIC,0.4364,0.2661,0.9174
1427,Rochas,Aquawoman,AQUATIC,0.4304,0.243,1.0,AQUATIC,0.4304,0.243,1.0,AQUATIC,0.4304,0.243,1.0,AQUATIC,0.4304,0.243,1.0,AQUATIC,0.4304,0.243,1.0,AQUATIC,0.4304,0.243,1.0,AQUATIC,0.4304,0.243,1.0
69386,Zoologist Perfumes,Seahorse,AQUATIC,0.332,0.0354,0.9089,AQUATIC,0.332,0.0354,0.9089,AQUATIC,0.332,0.0354,0.9089,AQUATIC,0.332,0.0354,0.9089,AQUATIC,0.332,0.0354,0.9089,AQUATIC,0.332,0.0354,0.9089,AQUATIC,0.332,0.0354,0.9089
45668,Serge Lutens,Dent de Lait,GOURMAND,0.4316,0.1293,1.0,GOURMAND,0.6185,0.4632,0.6977,MUSK,0.5318,0.3411,0.5684,AMBER,0.4071,0.0429,0.2662,GOURMAND,0.6185,0.4632,0.6977,AMBER,0.5399,0.2376,1.0,AMBER,0.7738,0.6349,0.6977
395,Comme des Garcons,Odeur 53,AQUATIC,0.4352,0.1149,1.0,AQUATIC,0.5761,0.1521,0.7555,AQUATIC,0.4352,0.1149,1.0,AQUATIC,0.5761,0.1521,0.7555,AQUATIC,0.5761,0.1521,0.7555,AQUATIC,0.4352,0.1149,1.0,AQUATIC,0.5761,0.1521,0.7555
88636,Lattafa Perfumes,Masa,FRUITY,0.3043,0.1187,1.0,FRUITY,0.332,0.1296,0.9165,FRUITY,0.3417,0.1333,0.8905,FRUITY,0.377,0.1471,0.8071,FRUITY,0.3043,0.1113,1.0,FRUITY,0.3043,0.0853,1.0,FRUITY,0.3043,0.0019,1.0
38260,Amouage,Myths Woman,WOODY,0.4103,0.1595,1.0,WOODY,0.4103,0.1595,1.0,WOODY,0.4103,0.1595,1.0,WOODY,0.4103,0.1595,1.0,WOODY,0.4103,0.1595,1.0,WOODY,0.4103,0.1595,1.0,WOODY,0.4103,0.1595,1.0
3142,Revlon,Charlie Blue,WOODY,0.424,0.2365,1.0,WOODY,0.5218,0.3472,0.8125,WOODY,0.424,0.2365,1.0,WOODY,0.5218,0.3472,0.8125,WOODY,0.4665,0.2156,0.9088,WOODY,0.424,0.2365,1.0,WOODY,0.4665,0.2156,0.9088
209,Narciso Rodriguez,Narciso Rodriguez For Her,MUSK,0.3756,0.129,1.0,FLORAL,0.3948,0.203,0.6244,MUSK,0.3756,0.129,1.0,FLORAL,0.3948,0.203,0.6244,AMBER,0.3585,0.0701,0.8548,MUSK,0.3756,0.129,1.0,AMBER,0.3585,0.0701,0.8548
14319,Narciso Rodriguez,Narciso Rodriguez for Her Eau de Parfum,MUSK,0.3878,0.1547,1.0,WOODY,0.3808,0.089,0.6122,MUSK,0.3878,0.1547,1.0,WOODY,0.3808,0.089,0.6122,AMBER,0.4304,0.1496,0.8301,MUSK,0.3878,0.1547,1.0,AMBER,0.4304,0.1496,0.8301
46885,Glossier,You,FLORAL,0.3612,0.033,1.0,FLORAL,0.5377,0.1836,0.6718,FLORAL,0.3612,0.033,1.0,FLORAL,0.5377,0.1836,0.6718,AMBER,0.5136,0.1086,0.8921,FLORAL,0.3612,0.033,1.0,AMBER,0.5136,0.1086,0.8921
53441,Narciso Rodriguez,Pure Musc For Her,MUSK,0.6772,0.5354,1.0,WOODY,0.439,0.2195,0.3228,MUSK,0.7078,0.5597,0.9567,WOODY,0.507,0.2535,0.2795,AMBER,0.6649,0.4794,0.7638,MUSK,0.6772,0.5354,1.0,AMBER,0.7216,0.5361,0.7638
20542,Maison Martin Margiela,Lazy Sunday Morning,FLORAL,0.56,0.12,0.8427,FLORAL,1.0,1.0,0.4719,FLORAL,0.56,0.12,0.8427,FLORAL,1.0,1.0,0.4719,FLORAL,0.7159,0.4318,0.6592,FLORAL,0.56,0.12,0.8427,FLORAL,0.7159,0.4318,0.6592
60891,Givenchy,Irresistible Givenchy,FLORAL,0.3567,0.0261,1.0,FLORAL,0.5329,0.3293,0.6693,FLORAL,0.3982,0.0291,0.8958,FLORAL,0.6312,0.3901,0.5651,FLORAL,0.4101,0.1797,0.8697,FLORAL,0.3567,0.0261,1.0,FLORAL,0.4101,0.0599,0.8697
78574,Parfums de Marly,Valaya,MUSK,0.3284,0.0405,0.8669,FLORAL,0.4286,0.1397,0.5823,MUSK,0.3284,0.0405,0.8669,FLORAL,0.4286,0.1397,0.5823,AMBER,0.347,0.0217,0.7671,MUSK,0.3284,0.0405,0.8669,AMBER,0.347,0.0217,0.7671
48681,Diptyque,Fleur de Peau Eau de Parfum,MUSK,0.4665,0.1712,1.0,FLORAL,0.5535,0.2465,0.5335,MUSK,0.4665,0.1712,1.0,FLORAL,0.5535,0.2465,0.5335,AMBER,0.527,0.1492,0.7816,MUSK,0.4665,0.1712,1.0,AMBER,0.527,0.1492,0.7816
6386,Tom Ford,White Suede,MUSK,0.4645,0.2213,0.9313,WOODY,0.4541,0.0969,0.4987,MUSK,0.4645,0.2213,0.9313,WOODY,0.4541,0.0969,0.4987,AMBER,0.5743,0.2736,0.7532,MUSK,0.4645,0.2213,0.9313,AMBER,0.5743,0.2736,0.7532
2797,Frederic Malle,L'Eau d'Hiver,MUSK,0.5064,0.3368,1.0,FLORAL,0.3438,0.0938,0.4936,MUSK,0.5397,0.3589,0.9383,FLORAL,0.3929,0.1071,0.4319,AMBER,0.4486,0.2226,0.7506,MUSK,0.5064,0.3368,1.0,AMBER,0.5308,0.3048,0.7506
2432,The Body Shop,White Musk,MUSK,0.545,0.3188,1.0,FLORAL,0.497,0.1257,0.455,MUSK,0.5797,0.3391,0.9401,FLORAL,0.5724,0.1448,0.3951,AMBER,0.4261,0.1409,0.7929,MUSK,0.545,0.3188,1.0,AMBER,0.5017,0.2165,0.7929
33500,Natura,Cereja e Avelã,GOURMAND,0.4415,0.1491,0.9014,GOURMAND,0.4415,0.1491,0.9014,FRUITY,0.5236,0.2399,0.5034,FRUITY,0.5236,0.2399,0.5034,GOURMAND,0.4415,0.1491,0.9014,AMBER,0.4415,0.1491,0.9014,AMBER,0.4415,0.1491,0.9014
34810,By Kilian,Some Like It Hot,GOURMAND,0.3468,0.0867,0.9351,GOURMAND,0.3468,0.0867,0.9351,FLORAL,0.3982,0.0619,0.6108,FLORAL,0.3982,0.0619,0.6108,GOURMAND,0.3468,0.0867,0.9351,AMBER,0.3468,0.0867,0.9351,AMBER,0.3468,0.0867,0.9351
6437,Masaki Matsushima,mat;,AQUATIC,0.3218,0.0554,1.0,AQUATIC,0.3218,0.0554,1.0,AQUATIC,0.3218,0.0554,1.0,AQUATIC,0.3218,0.0554,1.0,AQUATIC,0.3218,0.0554,1.0,AQUATIC,0.3218,0.0554,1.0,AQUATIC,0.3218,0.0554,1.0
103256,Lattafa Perfumes,Ana Abiyedh Coral,AQUATIC,0.3558,0.0318,1.0,AQUATIC,0.4439,0.0397,0.8015,AQUATIC,0.5263,0.2327,0.676,AQUATIC,0.7451,0.4902,0.4775,AQUATIC,0.3975,0.0356,0.8951,AQUATIC,0.3558,0.0318,1.0,AMBER,0.4665,0.069,0.8951
1107,Mexx,Fly High Woman,AQUATIC,0.395,0.1975,0.8991,AQUATIC,0.395,0.1975,0.8991,AQUATIC,0.4388,0.2194,0.8093,AQUATIC,0.4388,0.2194,0.8093,AQUATIC,0.395,0.1975,0.8991,AQUATIC,0.395,0.1892,0.8991,AQUATIC,0.395,0.1892,0.8991
69001,Dolce&Gabbana,The One Gold,WOODY,0.3113,0.0545,1.0,WOODY,0.3412,0.0597,0.9125,WOODY,0.4188,0.212,0.7432,WOODY,0.4748,0.2404,0.6556,WOODY,0.3113,0.0545,1.0,AMBER,0.3541,0.0428,1.0,AMBER,0.4416,0.1304,1.0
12321,Goutal,"Mon Parfum Cheri, par Camille",WOODY,0.4,0.1552,1.0,WOODY,0.4762,0.1848,0.84,WOODY,0.4,0.1552,1.0,WOODY,0.4762,0.1848,0.84,WOODY,0.4762,0.1848,0.84,WOODY,0.4,0.1552,1.0,WOODY,0.4762,0.1848,0.84
28711,Chanel,Chanel No 5 Parfum,FLORAL,0.4033,0.0967,0.882,FLORAL,0.5818,0.1635,0.6115,FLORAL,0.4033,0.0967,0.882,FLORAL,0.5818,0.1635,0.6115,FLORAL,0.4954,0.1393,0.718,FLORAL,0.4033,0.0967,0.882,FLORAL,0.4954,0.1393,0.718
327,Cerruti,1881,FLORAL,0.3856,0.0523,1.0,FLORAL,0.4703,0.0637,0.8198,FLORAL,0.3856,0.0523,1.0,FLORAL,0.4703,0.0637,0.8198,FLORAL,0.4703,0.0637,0.8198,FLORAL,0.3856,0.0523,1.0,FLORAL,0.4703,0.0637,0.8198
9370,Chloé,Love,MUSK,0.4407,0.0915,0.9365,FLORAL,0.6242,0.4909,0.5238,MUSK,0.4727,0.0982,0.873,FLORAL,0.7103,0.5586,0.4603,FLORAL,0.5282,0.3744,0.619,MUSK,0.4407,0.0915,0.9365,FLORAL,0.5282,0.2718,0.619
1106,Guerlain,L'Instant Magic,FLORAL,0.3837,0.0605,1.0,FLORAL,0.567,0.268,0.6767,FLORAL,0.481,0.0758,0.7977,FLORAL,0.8088,0.6176,0.4744,FLORAL,0.5,0.2364,0.7674,FLORAL,0.3837,0.0605,1.0,FLORAL,0.5,0.1182,0.7674
94,Yves Saint Laurent,Paris,FLORAL,0.6299,0.443,1.0,FLORAL,0.7747,0.6552,0.8131,FLORAL,0.6299,0.443,1.0,FLORAL,0.7747,0.6552,0.8131,FLORAL,0.7747,0.6552,0.8131,FLORAL,0.6299,0.443,1.0,FLORAL,0.7747,0.6552,0.8131
780,Bvlgari,Omnia Amethyste,FLORAL,0.3374,0.0929,1.0,FLORAL,0.4466,0.1586,0.7555,FLORAL,0.4312,0.1188,0.7824,FLORAL,0.6273,0.4136,0.5379,FLORAL,0.4466,0.1586,0.7555,FLORAL,0.3374,0.0929,1.0,FLORAL,0.4466,0.1586,0.7555
15555,Casamorati 1888,Dama Bianca,FLORAL,0.3292,0.0125,1.0,FLORAL,0.4817,0.2652,0.6833,FLORAL,0.3863,0.0147,0.8521,FLORAL,0.6148,0.4086,0.5354,FLORAL,0.4158,0.2289,0.7917,FLORAL,0.3292,0.0125,1.0,FLORAL,0.4158,0.0921,0.7917
12310,Jo Malone London,Wild Bluebell,MUSK,0.4144,0.2296,1.0,GREEN,0.3156,0.0432,0.5856,MUSK,0.463,0.2565,0.8949,GREEN,0.3846,0.0526,0.4805,AMBER,0.3237,0.0942,0.8054,MUSK,0.4144,0.2296,1.0,AMBER,0.4541,0.2246,0.8054
49331,Narciso Rodriguez,Narciso Rouge,MUSK,0.3406,0.1036,1.0,FLORAL,0.3595,0.0272,0.6594,MUSK,0.4362,0.1327,0.7809,FLORAL,0.5385,0.0769,0.4402,FLORAL,0.296,0.0224,0.8008,MUSK,0.3406,0.1036,1.0,AMBER,0.4502,0.1542,0.8008
4521,Etat Libre d'Orange,Putain des Palaces,MUSK,0.5355,0.2553,1.0,FLORAL,0.6031,0.3664,0.4645,MUSK,0.5355,0.2553,1.0,FLORAL,0.6031,0.3664,0.4645,FLORAL,0.4341,0.0385,0.6454,MUSK,0.5355,0.2553,1.0,FLORAL,0.4341,0.0385,0.6454
45977,Initio Parfums Prives,Psychedelic Love,FLORAL,0.2522,0.0345,1.0,FLORAL,0.3048,0.0418,0.8273,FLORAL,0.3153,0.0432,0.7997,FLORAL,0.4022,0.0551,0.6269,FLORAL,0.3048,0.0418,0.8273,AMBER,0.418,0.1658,1.0,AMBER,0.5052,0.2004,0.8273
142,Bvlgari,Bvlgari Pour Femme,FLORAL,0.5693,0.3218,1.0,FLORAL,0.7566,0.602,0.7525,FLORAL,0.6101,0.3448,0.9332,FLORAL,0.8303,0.6606,0.6856,FLORAL,0.7566,0.602,0.7525,FLORAL,0.5693,0.3218,1.0,FLORAL,0.7566,0.602,0.7525
1771,Dior,Dior Homme Intense 2007,FLORAL,0.2707,0.047,1.0,FLORAL,0.3333,0.0579,0.812,FLORAL,0.3288,0.0571,0.8233,FLORAL,0.426,0.074,0.6353,FLORAL,0.3333,0.0579,0.812,AMBER,0.2801,0.0094,1.0,AMBER,0.3449,0.0116,0.812
4771,Frederic Malle,Iris Poudre,FLORAL,0.4143,0.0913,1.0,FLORAL,0.6118,0.2237,0.6771,FLORAL,0.4143,0.0913,1.0,FLORAL,0.6118,0.2237,0.6771,FLORAL,0.533,0.1948,0.7773,FLORAL,0.4143,0.0913,1.0,FLORAL,0.533,0.1948,0.7773
43871,Parfums de Marly,Delina,FLORAL,0.4656,0.2799,0.8543,FLORAL,0.5719,0.3562,0.6957,FLORAL,0.4656,0.2799,0.8543,FLORAL,0.5719,0.3562,0.6957,FLORAL,0.5097,0.3175,0.7804,FLORAL,0.4656,0.2799,0.8543,FLORAL,0.5097,0.3175,0.7804
205,Agent Provocateur,Agent Provocateur,FLORAL,0.3741,0.1066,1.0,FLORAL,0.5107,0.3007,0.7325,FLORAL,0.3741,0.1066,1.0,FLORAL,0.5107,0.3007,0.7325,FLORAL,0.418,0.1016,0.8951,FLORAL,0.3741,0.1066,1.0,FLORAL,0.418,0.1016,0.8951
33,Givenchy,Very Irresistible,FLORAL,0.6299,0.4911,0.8921,FLORAL,0.6299,0.4911,0.8921,FLORAL,0.6299,0.4911,0.8921,FLORAL,0.6299,0.4911,0.8921,FLORAL,0.6299,0.4911,0.8921,FLORAL,0.6299,0.4911,0.8921,FLORAL,0.6299,0.4911,0.8921
1148,Montale,Roses Musk,FLORAL,0.5129,0.0677,1.0,FLORAL,0.9244,0.8779,0.5548,FLORAL,0.5265,0.0695,0.9742,FLORAL,0.9695,0.939,0.529,FLORAL,0.5911,0.2305,0.8677,FLORAL,0.5129,0.0677,1.0,FLORAL,0.5911,0.2007,0.8677
42580,Narciso Rodriguez,Narciso Rodriguez Fleur Musc for Her,FLORAL,0.5541,0.2297,0.8789,FLORAL,0.82,0.724,0.5938,FLORAL,0.5541,0.2297,0.8789,FLORAL,0.82,0.724,0.5938,FLORAL,0.6347,0.3344,0.7672,FLORAL,0.5541,0.2297,0.8789,FLORAL,0.6347,0.3344,0.7672
601,Stella McCartney,Stella,FLORAL,0.6722,0.5311,0.8893,FLORAL,0.7074,0.559,0.845,FLORAL,0.6722,0.5311,0.8893,FLORAL,0.7074,0.559,0.845,FLORAL,0.6864,0.5127,0.8708,FLORAL,0.6722,0.5311,0.8893,FLORAL,0.6864,0.5127,0.8708
6461,Dolce&Gabbana,Rose The One,FLORAL,0.59,0.3835,0.8737,FLORAL,0.6431,0.418,0.8015,FLORAL,0.59,0.3835,0.8737,FLORAL,0.6431,0.418,0.8015,FLORAL,0.59,0.3835,0.8737,FLORAL,0.59,0.3835,0.8737,FLORAL,0.59,0.3835,0.8737
52359,Chanel,Chance Eau Tendre Eau de Parfum,FLORAL,0.3888,0.1824,1.0,FLORAL,0.4899,0.3105,0.7936,FLORAL,0.4418,0.2073,0.88,FLORAL,0.5772,0.3658,0.6736,FLORAL,0.4175,0.2646,0.9312,FLORAL,0.3888,0.1824,1.0,FLORAL,0.4175,0.1409,0.9312
18702,Chloé,Chloé Roses de Chloé,FLORAL,0.4676,0.3118,1.0,FLORAL,0.554,0.3972,0.8441,FLORAL,0.4676,0.3118,1.0,FLORAL,0.554,0.3972,0.8441,FLORAL,0.5,0.3585,0.9353,FLORAL,0.4676,0.3118,1.0,FLORAL,0.5,0.3585,0.9353
58562,Dior,Miss Dior Rose N'Roses,FLORAL,0.3414,0.1022,1.0,FLORAL,0.4488,0.2509,0.7608,FLORAL,0.3414,0.1022,1.0,FLORAL,0.4488,0.2509,0.7608,FLORAL,0.3724,0.0499,0.9167,FLORAL,0.3414,0.1022,1.0,FLORAL,0.3724,0.0499,0.9167
6166,Marc Jacobs,Lola,FLORAL,0.413,0.1558,0.8974,FLORAL,0.4649,0.1754,0.7972,FLORAL,0.5559,0.2622,0.6667,FLORAL,0.6543,0.3086,0.5664,FLORAL,0.413,0.0831,0.8974,AMBER,0.4753,0.0623,0.8974,AMBER,0.587,0.174,0.8974
13041,Yves Rocher,Moment de Bonheur,FLORAL,0.4098,0.1607,1.0,FLORAL,0.4098,0.1607,1.0,FLORAL,0.4098,0.1607,1.0,FLORAL,0.4098,0.1607,1.0,FLORAL,0.4098,0.1607,1.0,FLORAL,0.4098,0.1607,1.0,FLORAL,0.4098,0.1607,1.0
29083,Maison Francis Kurkdjian,A La Rose,FLORAL,0.5179,0.292,1.0,FLORAL,0.669,0.5089,0.7741,FLORAL,0.5179,0.292,1.0,FLORAL,0.669,0.5089,0.7741,FLORAL,0.6006,0.4345,0.8623,FLORAL,0.5179,0.292,1.0,FLORAL,0.6006,0.4345,0.8623
5512,Perfumer's Workshop,Tea Rose,FLORAL,0.632,0.44,0.9091,FLORAL,0.632,0.44,0.9091,FLORAL,0.632,0.44,0.9091,FLORAL,0.632,0.44,0.9091,FLORAL,0.632,0.44,0.9091,FLORAL,0.632,0.44,0.9091,FLORAL,0.632,0.44,0.9091
14214,Diptyque,Eau Rose,FLORAL,0.4103,0.1738,1.0,FLORAL,0.4472,0.1894,0.9174,FLORAL,0.4103,0.1738,1.0,FLORAL,0.4472,0.1894,0.9174,FLORAL,0.4103,0.1738,1.0,FLORAL,0.4103,0.1738,1.0,FLORAL,0.4103,0.1738,1.0
60105,Maison Martin Margiela,Bubble Bath,MUSK,0.5152,0.2614,1.0,GOURMAND,0.5236,0.2565,0.4848,MUSK,0.6905,0.517,0.7462,FLORAL,0.5604,0.1209,0.231,GOURMAND,0.3876,0.1279,0.6548,MUSK,0.5152,0.2614,1.0,AMBER,0.6473,0.4496,0.6548
456,Lolita Lempicka,Lolita Lempicka,GOURMAND,0.2651,0.0201,1.0,GOURMAND,0.3143,0.0238,0.8434,FLORAL,0.3333,0.0601,0.7349,FLORAL,0.4236,0.0764,0.5783,GOURMAND,0.3143,0.0238,0.8434,AMBER,0.4659,0.2209,1.0,AMBER,0.5524,0.2619,0.8434
45838,Lolita Lempicka,Lolita Lempicka Mon Premier Parfum,AMBER,0.5701,0.3318,1.0,AMBER,0.5755,0.3349,0.9907,AMBER,0.7485,0.5337,0.7617,AMBER,0.7578,0.5404,0.7523,AMBER,0.5755,0.3349,0.9907,AMBER,0.8084,0.6449,1.0,AMBER,0.816,0.6509,0.9907
6459,Jo Malone London,Vanilla & Anise,FLORAL,0.2306,0.0189,1.0,FLORAL,0.2564,0.021,0.8994,FLORAL,0.2926,0.0266,0.7883,FLORAL,0.3354,0.0305,0.6876,FLORAL,0.2564,0.021,0.8994,AMBER,0.4214,0.1908,1.0,AMBER,0.4685,0.2121,0.8994
14982,Lancôme,La Vie Est Belle,GOURMAND,0.4361,0.2381,1.0,GOURMAND,0.4754,0.2596,0.9173,WOODY,0.3511,0.0756,0.5639,WOODY,0.4115,0.0885,0.4812,GOURMAND,0.4754,0.2596,0.9173,AMBER,0.4361,0.2381,1.0,AMBER,0.4754,0.2596,0.9173
50384,Ariana Grande,Cloud,GOURMAND,0.8046,0.6722,1.0,GOURMAND,0.9275,0.855,0.8675,MUSK,0.678,0.3559,0.1954,GREEN,1.0,1.0,0.0629,GOURMAND,0.8497,0.7657,0.947,AMBER,0.8046,0.6722,1.0,AMBER,0.9336,0.8671,0.947
600,Britney Spears,Fantasy,GOURMAND,0.4528,0.0792,0.9075,GOURMAND,0.5063,0.0886,0.8116,FRUITY,0.6828,0.4897,0.4966,FRUITY,0.8462,0.6923,0.4007,GOURMAND,0.48,0.084,0.8562,AMBER,0.4528,0.0792,0.9075,AMBER,0.532,0.136,0.8562
975,Aquolina,Pink Sugar,GOURMAND,0.6566,0.5253,1.0,GOURMAND,0.7143,0.5714,0.9192,AMBER,0.3824,0.098,0.3434,AMBER,0.5,0.1282,0.2626,GOURMAND,0.7143,0.5714,0.9192,AMBER,0.7879,0.6902,1.0,AMBER,0.8571,0.7509,0.9192
4410,Juicy Couture,Viva la Juicy,GOURMAND,0.5158,0.3281,1.0,GOURMAND,0.5158,0.3281,1.0,FLORAL,0.3878,0.1265,0.4842,FLORAL,0.3878,0.1265,0.4842,GOURMAND,0.5158,0.3281,1.0,AMBER,0.5158,0.3281,1.0,AMBER,0.5158,0.3281,1.0
802,Britney Spears,Midnight Fantasy,GOURMAND,0.4644,0.0885,1.0,GOURMAND,0.5108,0.0973,0.9091,FRUITY,0.7018,0.5321,0.5356,FRUITY,0.8453,0.6906,0.4447,GOURMAND,0.5108,0.0973,0.9091,AMBER,0.4644,0.0885,1.0,AMBER,0.5108,0.0973,0.9091
819,Burberry,Burberry Brit,GOURMAND,0.6152,0.4863,1.0,GOURMAND,0.6152,0.4863,1.0,FRUITY,0.3352,0.0385,0.3848,FRUITY,0.3352,0.0385,0.3848,GOURMAND,0.6152,0.4863,1.0,AMBER,0.6913,0.5624,1.0,AMBER,0.6913,0.5624,1.0
93628,Lattafa Perfumes,Eclaire,GOURMAND,0.8631,0.7611,1.0,GOURMAND,0.961,0.922,0.8981,MUSK,0.7442,0.4884,0.1369,AMBER,1.0,1.0,0.035,GOURMAND,0.9218,0.8435,0.9363,AMBER,0.8981,0.7962,1.0,AMBER,1.0,1.0,0.9363
15335,Dolce&Gabbana,Dolce&Gabbana Pour Femme,GOURMAND,0.4109,0.2248,1.0,GOURMAND,0.5048,0.327,0.814,MUSK,0.3158,0.0702,0.5891,FLORAL,0.359,0.0641,0.4031,GOURMAND,0.5048,0.327,0.814,AMBER,0.4109,0.2248,1.0,AMBER,0.5048,0.327,0.814
768,Salvador Dali,Laguna,GOURMAND,0.4101,0.191,1.0,GOURMAND,0.4582,0.2134,0.8951,FRUITY,0.3714,0.127,0.5899,FRUITY,0.4517,0.1544,0.485,GOURMAND,0.4582,0.2134,0.8951,AMBER,0.4101,0.191,1.0,AMBER,0.4582,0.2134,0.8951
79846,Kayali Fragrances,Yum Pistachio Gelato | 33,GOURMAND,0.6148,0.4556,0.9375,GOURMAND,0.6721,0.498,0.8576,WOODY,0.4135,0.1923,0.3611,WOODY,0.5309,0.2716,0.2812,GOURMAND,0.6721,0.498,0.8576,AMBER,0.6926,0.5333,0.9375,AMBER,0.7571,0.583,0.8576
31661,Ariana Grande,Ari,GOURMAND,0.361,0.13,0.9519,GOURMAND,0.4525,0.1629,0.7595,FRUITY,0.3616,0.0452,0.6082,FRUITY,0.5289,0.2479,0.4158,GOURMAND,0.4255,0.1532,0.8076,AMBER,0.361,0.13,0.9519,AMBER,0.4851,0.2128,0.8076
39970,Ariana Grande,Sweet Like Candy,GOURMAND,0.5613,0.3558,1.0,GOURMAND,0.6246,0.3959,0.8988,FRUITY,0.4685,0.2378,0.4387,FRUITY,0.6091,0.3364,0.3374,GOURMAND,0.6246,0.3959,0.8988,AMBER,0.5613,0.3558,1.0,AMBER,0.6246,0.3959,0.8988
35973,By Kilian,Moonlight in Heaven,GOURMAND,0.3641,0.1105,1.0,GOURMAND,0.3641,0.1105,1.0,FRUITY,0.3989,0.114,0.6359,FRUITY,0.3989,0.114,0.6359,GOURMAND,0.3641,0.1105,1.0,AMBER,0.3641,0.1105,1.0,AMBER,0.3641,0.1105,1.0
56741,Ariana Grande,"Thank U, Next",GOURMAND,0.7306,0.5926,1.0,GOURMAND,0.7778,0.6308,0.9394,FRUITY,0.5125,0.25,0.2694,FRUITY,0.6613,0.3226,0.2088,GOURMAND,0.7306,0.5926,1.0,AMBER,0.7306,0.5926,1.0,AMBER,0.7912,0.6532,1.0
99254,Kayali Fragrances,Yum Boujee Marshmallow | 81,GOURMAND,0.6798,0.5257,1.0,GOURMAND,0.8037,0.6262,0.8458,MUSK,0.4815,0.0123,0.3202,FRUITY,0.9048,0.8095,0.166,GOURMAND,0.7611,0.5929,0.8933,AMBER,0.6798,0.5257,1.0,AMBER,0.8142,0.646,0.8933
69117,Parfums de Marly,Oriana,GOURMAND,0.4244,0.2471,1.0,GOURMAND,0.5159,0.311,0.8227,MUSK,0.3081,0.0152,0.5756,CITRUS,0.4234,0.0803,0.3983,GOURMAND,0.471,0.2839,0.9012,AMBER,0.4244,0.2471,1.0,AMBER,0.5581,0.371,0.9012
76824,Sabrina Carpenter,Sweet Tooth,GOURMAND,0.7428,0.5507,1.0,GOURMAND,0.9193,0.8386,0.808,MUSK,0.7465,0.493,0.2572,AMBER,1.0,1.0,0.0652,GOURMAND,0.8506,0.7012,0.8732,AMBER,0.808,0.6159,1.0,AMBER,1.0,1.0,0.8732
67004,Imaginary Authors,The Soft Lawn: Edition 2.0,GREEN,0.4039,0.0706,0.6589,GREEN,0.4039,0.0706,0.6589,GREEN,0.4039,0.0706,0.6589,GREEN,0.4039,0.0706,0.6589,GREEN,0.4039,0.0706,0.6589,GREEN,0.4039,0.0706,0.6589,GREEN,0.4039,0.0706,0.6589
105520,French Avenue,Vulcan Feu,FRUITY,0.4286,0.2338,0.924,FRUITY,0.4286,0.2338,0.924,FRUITY,0.5323,0.3629,0.744,FRUITY,0.5323,0.3629,0.744,FRUITY,0.4286,0.2338,0.924,FRUITY,0.4286,0.1558,0.924,FRUITY,0.4286,0.1558,0.924
74962,Rabanne,Fame,FRUITY,0.3448,0.0479,1.0,FRUITY,0.3789,0.0526,0.91,FRUITY,0.4905,0.3297,0.7031,FRUITY,0.5625,0.3781,0.613,FRUITY,0.3789,0.0526,0.91,FRUITY,0.3448,0.0479,1.0,FRUITY,0.3789,0.0526,0.91
73990,Sol de Janeiro,Cheirosa '68,FRUITY,0.4234,0.1681,0.9252,FRUITY,0.4784,0.1899,0.8189,FRUITY,0.4727,0.1876,0.8287,FRUITY,0.5422,0.2153,0.7224,FRUITY,0.4234,0.1681,0.9252,FRUITY,0.4234,0.1681,0.9252,FRUITY,0.4234,0.1681,0.9252
121870,Giorgio Armani,Power Of You,FRUITY,0.3853,0.039,0.8844,FRUITY,0.4068,0.0412,0.8377,FRUITY,0.5895,0.3684,0.5781,FRUITY,0.6412,0.4008,0.5314,FRUITY,0.4068,0.0412,0.8377,FRUITY,0.3853,0.039,0.8844,FRUITY,0.4068,0.0412,0.8377
49098,Diptyque,Do Son Eau de Parfum,FLORAL,0.5436,0.2791,1.0,FLORAL,0.7391,0.5494,0.7355,FLORAL,0.5436,0.2791,1.0,FLORAL,0.7391,0.5494,0.7355,FLORAL,0.5719,0.3456,0.9506,FLORAL,0.5436,0.2791,1.0,FLORAL,0.5719,0.3456,0.9506
105331,Marc-Antoine Barrois,Aldebaran,FLORAL,0.4813,0.2406,0.9056,FLORAL,0.5233,0.2616,0.8329,FLORAL,0.4813,0.2406,0.9056,FLORAL,0.5233,0.2616,0.8329,FLORAL,0.4813,0.1604,0.9056,FLORAL,0.4813,0.2406,0.9056,FLORAL,0.4813,0.1604,0.9056
90733,Maison Crivelli,Tubéreuse Astrale,FLORAL,0.4885,0.2621,1.0,FLORAL,0.5431,0.2914,0.8994,FLORAL,0.5344,0.2867,0.914,FLORAL,0.6005,0.3222,0.8134,FLORAL,0.4885,0.1614,1.0,FLORAL,0.4885,0.1761,1.0,FLORAL,0.4885,0.0755,1.0
82595,Sol de Janeiro,Rio Radiance,GOURMAND,0.4358,0.0309,1.0,GOURMAND,0.4621,0.0328,0.9431,FLORAL,0.7176,0.536,0.5642,FLORAL,0.7981,0.5962,0.5073,GOURMAND,0.4358,0.0309,1.0,AMBER,0.4358,0.0309,1.0,AMBER,0.4927,0.0878,1.0
70189,Les Liquides Imaginaires,Blanche Bête,GOURMAND,0.4399,0.1386,1.0,GOURMAND,0.5935,0.187,0.7412,FLORAL,0.538,0.0759,0.5601,FLORAL,1.0,1.0,0.3013,GOURMAND,0.4857,0.1531,0.9057,AMBER,0.4399,0.1386,1.0,AMBER,0.6673,0.3347,0.9057
33514,Parfums de Marly,Carlisle,AMBER,0.3479,0.0521,1.0,AMBER,0.3479,0.0521,1.0,AMBER,0.4941,0.1272,0.7042,AMBER,0.4941,0.1272,0.7042,AMBER,0.3479,0.0521,1.0,AMBER,0.6438,0.3854,1.0,AMBER,0.6438,0.3854,1.0
6463,Van Cleef & Arpels,Orchidée Vanille,GOURMAND,0.5418,0.4025,1.0,GOURMAND,0.6295,0.518,0.8607,MUSK,0.3041,0.0946,0.4582,FLORAL,0.301,0.0388,0.3189,GOURMAND,0.6295,0.518,0.8607,AMBER,0.6068,0.4675,1.0,AMBER,0.705,0.5935,0.8607
13710,Katy Perry,Meow,GOURMAND,0.3742,0.1772,0.9442,GOURMAND,0.4254,0.2015,0.8306,FLORAL,0.3147,0.0629,0.5909,FLORAL,0.3896,0.0779,0.4773,GOURMAND,0.4254,0.2015,0.8306,AMBER,0.3742,0.1772,0.9442,AMBER,0.4254,0.2015,0.8306
94979,Gucci,Flora Gorgeous Orchid,GOURMAND,0.4421,0.2579,1.0,GOURMAND,0.5153,0.3006,0.8579,AQUATIC,0.3302,0.0708,0.5579,AQUATIC,0.443,0.0949,0.4158,GOURMAND,0.5153,0.3006,0.8579,AMBER,0.5289,0.3447,1.0,AMBER,0.6166,0.4018,0.8579
14845,Nobile 1942,La Danza delle Libellule,GOURMAND,0.2564,0.0103,0.8667,GOURMAND,0.2941,0.0118,0.7556,FRUITY,0.331,0.1138,0.6444,FRUITY,0.4,0.1375,0.5333,GOURMAND,0.2941,0.0118,0.7556,AMBER,0.4179,0.1718,0.8667,AMBER,0.4794,0.1971,0.7556
55766,Tom Ford,Metallique,FLORAL,0.3251,0.0788,0.9002,FLORAL,0.4258,0.1032,0.6874,FLORAL,0.4314,0.1176,0.6785,FLORAL,0.6286,0.4238,0.4656,FLORAL,0.386,0.0936,0.7583,AMBER,0.3522,0.0271,0.9002,AMBER,0.5117,0.1257,0.7583
7993,Victoria's Secret,Coconut Passion,GOURMAND,0.8232,0.75,1.0,GOURMAND,0.8852,0.8066,0.9299,FRUITY,0.4138,0.0172,0.1768,FRUITY,0.6857,0.3714,0.1067,GOURMAND,0.8852,0.8066,0.9299,AMBER,0.8567,0.7835,1.0,AMBER,0.9213,0.8426,0.9299
43476,Amouage,Blossom Love,GOURMAND,0.4568,0.2779,0.9425,GOURMAND,0.5293,0.322,0.8135,FLORAL,0.3295,0.0698,0.5119,FLORAL,0.4404,0.0933,0.3829,GOURMAND,0.5293,0.322,0.8135,AMBER,0.5432,0.3642,0.9425,AMBER,0.6293,0.422,0.8135
95752,Lattafa Perfumes,Yara Candy,MUSK,0.2168,0.0123,1.0,GOURMAND,0.2611,0.0601,0.7832,MUSK,0.2725,0.0746,0.7955,FRUITY,0.2721,0.0671,0.5787,GOURMAND,0.2364,0.0544,0.865,MUSK,0.2168,0.0123,1.0,AMBER,0.331,0.1489,0.865
67578,Lancôme,Idôle Aura,FLORAL,0.3602,0.1328,1.0,FLORAL,0.4661,0.1927,0.7726,FLORAL,0.4509,0.1662,0.7988,FLORAL,0.6303,0.2606,0.5714,FLORAL,0.4134,0.1709,0.8712,FLORAL,0.3602,0.1328,1.0,FLORAL,0.4134,0.0693,0.8712
667,Guerlain,Insolence,FLORAL,0.3587,0.1603,1.0,FLORAL,0.4475,0.2525,0.8016,FLORAL,0.4124,0.1843,0.8697,FLORAL,0.5343,0.3015,0.6713,FLORAL,0.4475,0.2525,0.8016,FLORAL,0.3587,0.1583,1.0,FLORAL,0.4475,0.1975,0.8016
4566,Guerlain,Insolence Eau de Parfum,FLORAL,0.4504,0.2137,0.9335,FLORAL,0.59,0.3967,0.7126,FLORAL,0.4917,0.2333,0.8551,FLORAL,0.6629,0.4457,0.6342,FLORAL,0.59,0.3967,0.7126,FLORAL,0.4504,0.2137,0.9335,FLORAL,0.59,0.3967,0.7126
58912,Guerlain,Insolence Eau de Toilette,FLORAL,0.5722,0.3399,0.9169,FLORAL,0.7454,0.5941,0.7039,FLORAL,0.6215,0.3692,0.8442,FLORAL,0.8313,0.6626,0.6312,FLORAL,0.7454,0.5941,0.7039,FLORAL,0.5722,0.3399,0.9169,FLORAL,0.7454,0.5941,0.7039
5576,Guerlain,Insolence Eau Glacée,FLORAL,0.4853,0.2627,0.8634,FLORAL,0.6241,0.4207,0.6713,FLORAL,0.4853,0.2627,0.8634,FLORAL,0.6241,0.4207,0.6713,FLORAL,0.6241,0.4207,0.6713,FLORAL,0.4853,0.2627,0.8634,FLORAL,0.6241,0.4207,0.6713
1138,Rabanne,Black XS for Her,GOURMAND,0.4127,0.2137,1.0,GOURMAND,0.4127,0.2137,1.0,WOODY,0.3389,0.0611,0.5873,WOODY,0.3389,0.0611,0.5873,GOURMAND,0.4127,0.2137,1.0,AMBER,0.5759,0.3768,1.0,AMBER,0.5759,0.3768,1.0
1014,Nina Ricci,L'Air du Temps,FLORAL,0.4239,0.1897,1.0,FLORAL,0.4801,0.2149,0.8829,FLORAL,0.4239,0.1897,1.0,FLORAL,0.4801,0.2149,0.8829,FLORAL,0.4801,0.2149,0.8829,FLORAL,0.4239,0.1897,1.0,FLORAL,0.4801,0.2149,0.8829
67502,Versace,Crystal Noir Eau de Toilette,AMBER,0.3705,0.1495,0.9369,AMBER,0.4757,0.2351,0.7298,AMBER,0.3705,0.1495,0.9369,AMBER,0.4757,0.2351,0.7298,AMBER,0.5245,0.3064,0.8047,AMBER,0.3705,0.1495,0.9369,AMBER,0.5245,0.3064,0.8047
18490,Tom Ford,Plum Japonais,AMBER,0.5048,0.32,1.0,AMBER,0.5048,0.32,1.0,AMBER,0.5824,0.3692,0.8667,AMBER,0.5824,0.3692,0.8667,AMBER,0.5048,0.32,1.0,AMBER,0.6381,0.4533,1.0,AMBER,0.6381,0.4533,1.0
13442,Rihanna,Rebelle,GOURMAND,0.4408,0.1711,1.0,GOURMAND,0.4696,0.1822,0.9386,AMBER,0.4824,0.2118,0.5592,AMBER,0.5419,0.2379,0.4978,GOURMAND,0.4696,0.1822,0.9386,AMBER,0.7105,0.5592,1.0,AMBER,0.757,0.5958,0.9386
49270,Zoologist Perfumes,Moth,AMBER,0.3833,0.1252,1.0,AMBER,0.4468,0.1459,0.8578,AMBER,0.4343,0.1419,0.8825,AMBER,0.5177,0.1691,0.7403,AMBER,0.4468,0.1459,0.8578,AMBER,0.5008,0.2427,1.0,AMBER,0.5838,0.2829,0.8578
210,Dior,J'adore,FLORAL,0.4461,0.2647,0.8947,FLORAL,0.4828,0.2865,0.8268,FLORAL,0.507,0.3008,0.7873,FLORAL,0.5549,0.3293,0.7193,FLORAL,0.4828,0.2865,0.8268,FLORAL,0.4461,0.2647,0.8947,FLORAL,0.4828,0.2865,0.8268
214,Dior,Pure Poison,FLORAL,0.3891,0.1907,1.0,FLORAL,0.4525,0.2217,0.8599,FLORAL,0.4348,0.213,0.8949,FLORAL,0.5155,0.2526,0.7549,FLORAL,0.4184,0.205,0.93,FLORAL,0.3891,0.1907,1.0,FLORAL,0.4184,0.1757,0.93
9045,Rabanne,Lady Million,FLORAL,0.335,0.0077,1.0,FLORAL,0.355,0.0081,0.9437,FLORAL,0.4981,0.3308,0.6726,FLORAL,0.5436,0.361,0.6164,FLORAL,0.335,0.0077,1.0,FLORAL,0.335,0.0077,1.0,AMBER,0.3836,0.0486,1.0
1361,Marc Jacobs,Daisy,FLORAL,0.296,0.0172,1.0,FLORAL,0.3406,0.0198,0.8692,FLORAL,0.3215,0.0187,0.9208,FLORAL,0.3747,0.0218,0.79,FLORAL,0.3406,0.0198,0.8692,FLORAL,0.296,0.0172,1.0,FLORAL,0.3406,0.0198,0.8692
62036,Giorgio Armani,My Way,FLORAL,0.5125,0.2954,1.0,FLORAL,0.6545,0.4727,0.7829,FLORAL,0.5878,0.3388,0.8719,FLORAL,0.7826,0.5652,0.6548,FLORAL,0.5496,0.3893,0.9324,FLORAL,0.5125,0.2954,1.0,FLORAL,0.5496,0.2519,0.9324
44894,Gucci,Gucci Bloom,FLORAL,0.8224,0.729,0.9727,FLORAL,0.9072,0.8505,0.8818,FLORAL,0.8224,0.729,0.9727,FLORAL,0.9072,0.8505,0.8818,FLORAL,0.8224,0.729,0.9727,FLORAL,0.8224,0.729,0.9727,FLORAL,0.8224,0.729,0.9727
236,Cacharel,Anais Anais,FLORAL,0.4788,0.2671,1.0,FLORAL,0.5122,0.2857,0.9349,FLORAL,0.4788,0.2671,1.0,FLORAL,0.5122,0.2857,0.9349,FLORAL,0.4788,0.2671,1.0,FLORAL,0.4788,0.2671,1.0,FLORAL,0.4788,0.2671,1.0
3,Givenchy,Amarige,FLORAL,0.5581,0.4238,1.0,FLORAL,0.6207,0.4713,0.8992,FLORAL,0.6448,0.5134,0.8656,FLORAL,0.7297,0.5811,0.7649,FLORAL,0.6207,0.4713,0.8992,FLORAL,0.5581,0.4238,1.0,FLORAL,0.6207,0.4713,0.8992
813,Burberry,London,FLORAL,0.5833,0.4318,0.9395,FLORAL,0.621,0.4597,0.8826,FLORAL,0.6311,0.4672,0.8683,FLORAL,0.6754,0.5,0.8114,FLORAL,0.5833,0.4318,0.9395,FLORAL,0.5833,0.4318,0.9395,FLORAL,0.5833,0.4318,0.9395
244,Cacharel,Eden,FLORAL,0.3939,0.2545,0.8919,FLORAL,0.4382,0.2831,0.8018,FLORAL,0.4545,0.2937,0.773,FLORAL,0.5145,0.3325,0.6829,FLORAL,0.4382,0.2831,0.8018,FLORAL,0.3939,0.2545,0.8919,FLORAL,0.4382,0.2831,0.8018
43718,Chanel,Gabrielle,FLORAL,0.3299,0.1005,1.0,FLORAL,0.3902,0.1189,0.8454,FLORAL,0.3647,0.1111,0.9046,FLORAL,0.4399,0.134,0.75,FLORAL,0.3556,0.1083,0.9278,FLORAL,0.3299,0.1005,1.0,FLORAL,0.3556,0.1083,0.9278
27571,Ex Nihilo,Fleur Narcotique,FLORAL,0.4897,0.2387,0.8365,FLORAL,0.5459,0.2661,0.7504,FLORAL,0.4897,0.2387,0.8365,FLORAL,0.5459,0.2661,0.7504,FLORAL,0.4897,0.2387,0.8365,FLORAL,0.4897,0.2387,0.8365,FLORAL,0.4897,0.2387,0.8365
68578,Gucci,Flora Gorgeous Gardenia,FLORAL,0.4459,0.1907,0.9327,FLORAL,0.4459,0.1907,0.9327,FLORAL,0.5986,0.4118,0.6947,FLORAL,0.5986,0.4118,0.6947,FLORAL,0.4459,0.1907,0.9327,FLORAL,0.4459,0.1907,0.9327,FLORAL,0.4459,0.1907,0.9327
46145,Hermès,Twilly d’Hermès,FLORAL,0.406,0.218,0.8986,FLORAL,0.4682,0.2514,0.7793,FLORAL,0.406,0.218,0.8986,FLORAL,0.4682,0.2514,0.7793,FLORAL,0.4367,0.1914,0.8356,FLORAL,0.406,0.218,0.8986,FLORAL,0.4367,0.1914,0.8356
6341,Guerlain,Idylle,FLORAL,0.7105,0.617,0.8281,FLORAL,0.7839,0.6839,0.7506,FLORAL,0.7105,0.617,0.8281,FLORAL,0.7839,0.6839,0.7506,FLORAL,0.7105,0.617,0.8281,FLORAL,0.7105,0.617,0.8281,FLORAL,0.7105,0.617,0.8281
296,Carolina Herrera,212,FLORAL,0.4665,0.1951,1.0,FLORAL,0.6402,0.4644,0.7287,FLORAL,0.4665,0.1951,1.0,FLORAL,0.6402,0.4644,0.7287,FLORAL,0.5222,0.3379,0.8933,FLORAL,0.4665,0.1951,1.0,FLORAL,0.5222,0.3379,0.8933
12878,Cartier,Baiser Vole,FLORAL,0.3891,0.1128,0.9519,FLORAL,0.4219,0.1224,0.8778,FLORAL,0.3891,0.1128,0.9519,FLORAL,0.4219,0.1224,0.8778,FLORAL,0.3891,0.1128,0.9519,FLORAL,0.3891,0.1128,0.9519,FLORAL,0.3891,0.1128,0.9519
24785,Guerlain,Terracotta Le Parfum,FLORAL,0.4596,0.0632,1.0,FLORAL,0.4596,0.0632,1.0,FLORAL,0.7616,0.6802,0.6035,FLORAL,0.7616,0.6802,0.6035,FLORAL,0.4596,0.0632,1.0,FLORAL,0.4596,0.0632,1.0,FLORAL,0.4596,0.0632,1.0
808,Avon,Today,FLORAL,0.6507,0.5042,1.0,FLORAL,0.7624,0.6601,0.8535,FLORAL,0.6507,0.5042,1.0,FLORAL,0.7624,0.6601,0.8535,FLORAL,0.6507,0.5042,1.0,FLORAL,0.6507,0.5042,1.0,FLORAL,0.6507,0.5042,1.0
8840,Calvin Klein,Beauty,FLORAL,0.5756,0.3506,0.9644,FLORAL,0.7429,0.5619,0.7473,FLORAL,0.5756,0.3506,0.9644,FLORAL,0.7429,0.5619,0.7473,FLORAL,0.5932,0.3916,0.9359,FLORAL,0.5756,0.3506,0.9644,FLORAL,0.5932,0.3916,0.9359
869,Jennifer Lopez,Glow,FLORAL,0.5187,0.1931,1.0,FLORAL,0.7692,0.5385,0.6744,FLORAL,0.5187,0.1931,1.0,FLORAL,0.7692,0.5385,0.6744,FLORAL,0.5921,0.3618,0.8761,FLORAL,0.5187,0.1931,1.0,FLORAL,0.5921,0.3618,0.8761
27,Hermès,24 Faubourg,FLORAL,0.3867,0.2512,1.0,FLORAL,0.4232,0.2749,0.9138,FLORAL,0.4373,0.2841,0.8842,FLORAL,0.4846,0.3148,0.798,FLORAL,0.4232,0.2749,0.9138,FLORAL,0.3867,0.1872,1.0,FLORAL,0.4232,0.2049,0.9138
30815,Gucci,Gucci Bamboo,FLORAL,0.3898,0.2062,1.0,FLORAL,0.4195,0.2219,0.9294,FLORAL,0.4299,0.2274,0.9068,FLORAL,0.4662,0.2466,0.8362,FLORAL,0.4195,0.2219,0.9294,FLORAL,0.3898,0.1582,1.0,FLORAL,0.4195,0.1702,0.9294
6458,Byredo,Bal d'Afrique,WOODY,0.3843,0.1213,0.9349,WOODY,0.4307,0.136,0.834,WOODY,0.3843,0.1213,0.9349,WOODY,0.4307,0.136,0.834,WOODY,0.4307,0.136,0.834,WOODY,0.3843,0.1213,0.9349,WOODY,0.4307,0.136,0.834
40069,Chanel,Chanel No 5 Eau de Parfum,FLORAL,0.5336,0.1906,0.8627,FLORAL,0.6087,0.2174,0.7563,FLORAL,0.5336,0.1906,0.8627,FLORAL,0.6087,0.2174,0.7563,FLORAL,0.6087,0.2174,0.7563,FLORAL,0.5336,0.1906,0.8627,FLORAL,0.6087,0.2174,0.7563
152,Bvlgari,Omnia Crystalline,AQUATIC,0.2446,0.0473,0.9168,AQUATIC,0.2911,0.0563,0.7703,AQUATIC,0.2446,0.0473,0.9168,AQUATIC,0.2911,0.0563,0.7703,AQUATIC,0.2446,0.0473,0.9168,AQUATIC,0.2446,0.0473,0.9168,AQUATIC,0.2446,0.0473,0.9168
993,Sarah Jessica Parker,Lovely,MUSK,0.2965,0.0386,1.0,GREEN,0.3666,0.0025,0.7035,MUSK,0.2965,0.0386,1.0,GREEN,0.3666,0.0025,0.7035,GREEN,0.294,0.002,0.8772,MUSK,0.2965,0.0386,1.0,GREEN,0.294,0.002,0.8772
78656,Amouage,Guidance,AMBER,0.2734,0.0051,1.0,AMBER,0.2983,0.0055,0.9165,AMBER,0.3737,0.0277,0.7316,AMBER,0.4219,0.0312,0.6481,AMBER,0.2983,0.0055,0.9165,AMBER,0.5418,0.2886,1.0,AMBER,0.5912,0.3149,0.9165
26127,Narciso Rodriguez,Narciso ,MUSK,0.3781,0.1198,1.0,FLORAL,0.4153,0.0831,0.6219,MUSK,0.4085,0.1295,0.9256,FLORAL,0.4717,0.0943,0.5475,FLORAL,0.2941,0.0024,0.8781,MUSK,0.3781,0.1198,1.0,AMBER,0.3765,0.0824,0.8781
1024,Frederic Malle,Carnal Flower,GOURMAND,0.2623,0.0291,1.0,GOURMAND,0.2933,0.0326,0.8944,GREEN,0.316,0.0222,0.7377,GREEN,0.3689,0.0259,0.6321,GOURMAND,0.2623,0.0291,1.0,AMBER,0.2623,0.0291,1.0,AMBER,0.3679,0.1348,1.0
1574,Yves Saint Laurent,Elle,WOODY,0.4866,0.1794,0.8834,WOODY,0.4866,0.1794,0.8834,WOODY,0.4866,0.1794,0.8834,WOODY,0.4866,0.1794,0.8834,WOODY,0.4866,0.1794,0.8834,WOODY,0.4866,0.1794,0.8834,WOODY,0.4866,0.1794,0.8834
1360,Chanel,Chanel N°5 Eau Premiere,FLORAL,0.593,0.3816,0.8574,FLORAL,0.593,0.3816,0.8574,FLORAL,0.7519,0.5037,0.6762,FLORAL,0.7519,0.5037,0.6762,FLORAL,0.593,0.3816,0.8574,FLORAL,0.593,0.3816,0.8574,FLORAL,0.593,0.3816,0.8574
10856,Chanel,Chanel No 5 Eau de Toilette,FLORAL,0.3937,0.084,0.8787,FLORAL,0.5597,0.1194,0.618,FLORAL,0.3937,0.084,0.8787,FLORAL,0.5597,0.1194,0.618,FLORAL,0.4806,0.1025,0.7197,FLORAL,0.3937,0.084,0.8787,FLORAL,0.4806,0.1025,0.7197
3956,Diptyque,Tam Dao Eau de Toilette,WOODY,0.4202,0.1429,1.0,WOODY,0.5051,0.1717,0.8319,WOODY,0.4202,0.1429,1.0,WOODY,0.5051,0.1717,0.8319,WOODY,0.4831,0.1208,0.8697,WOODY,0.4202,0.1429,1.0,WOODY,0.4831,0.1208,0.8697
26372,Calvin Klein,Reveal,MUSK,0.3967,0.186,1.0,AMBER,0.3493,0.0068,0.6033,MUSK,0.3967,0.186,1.0,AMBER,0.3493,0.0068,0.6033,AMBER,0.5238,0.2732,0.8244,MUSK,0.3967,0.186,1.0,AMBER,0.5238,0.2732,0.8244
3678,Le Labo,Rose 31,WOODY,0.3501,0.1345,1.0,WOODY,0.4181,0.1605,0.8375,WOODY,0.3501,0.1345,1.0,WOODY,0.4181,0.1605,0.8375,WOODY,0.3754,0.042,0.9328,WOODY,0.3501,0.1345,1.0,WOODY,0.3754,0.042,0.9328
171,Lancôme,Poeme,FLORAL,0.4833,0.2593,1.0,FLORAL,0.5541,0.2973,0.8723,FLORAL,0.6228,0.4582,0.776,FLORAL,0.7455,0.6182,0.6483,FLORAL,0.5541,0.2973,0.8723,FLORAL,0.4833,0.2593,1.0,FLORAL,0.5541,0.2973,0.8723
15261,Maison Martin Margiela,Beach Walk,GOURMAND,0.421,0.1919,1.0,GOURMAND,0.546,0.3368,0.771,MUSK,0.3955,0.117,0.579,FLORAL,0.4608,0.1889,0.35,GOURMAND,0.478,0.2949,0.8806,AMBER,0.421,0.1919,1.0,AMBER,0.6026,0.4194,0.8806
91688,Marc-Antoine Barrois,Tilia,FLORAL,0.5385,0.2308,1.0,FLORAL,0.5932,0.2542,0.9077,FLORAL,0.7778,0.6444,0.6923,FLORAL,0.8974,0.7949,0.6,FLORAL,0.5932,0.2542,0.9077,FLORAL,0.5385,0.2308,1.0,FLORAL,0.5932,0.2542,0.9077
18180,Diptyque,Eau Moheli,FLORAL,0.4228,0.1568,0.9397,FLORAL,0.4228,0.1568,0.9397,FLORAL,0.4958,0.1838,0.8013,FLORAL,0.4958,0.1838,0.8013,FLORAL,0.4228,0.1568,0.9397,FLORAL,0.4228,0.0095,0.9397,FLORAL,0.4228,0.0095,0.9397
6805,Maison Francis Kurkdjian,APOM Pour Femme,FLORAL,0.4499,0.2673,1.0,FLORAL,0.4951,0.2941,0.9087,FLORAL,0.5445,0.3235,0.8263,FLORAL,0.6121,0.3636,0.735,FLORAL,0.4742,0.2817,0.9488,FLORAL,0.4499,0.2673,1.0,FLORAL,0.4742,0.2488,0.9488
37889,27 87,#Hashtag,FLORAL,0.3295,0.0719,0.8778,FLORAL,0.4438,0.2344,0.6517,FLORAL,0.3295,0.0719,0.8778,FLORAL,0.4438,0.2344,0.6517,FLORAL,0.3827,0.0728,0.7556,FLORAL,0.3295,0.0719,0.8778,FLORAL,0.3827,0.0728,0.7556
22964,Serge Lutens,Laine de Verre,MUSK,0.435,0.1698,0.8021,FLORAL,0.4695,0.1549,0.4532,MUSK,0.435,0.1698,0.8021,FLORAL,0.4695,0.1549,0.4532,FLORAL,0.3378,0.0068,0.6298,MUSK,0.435,0.1698,0.8021,FLORAL,0.3378,0.0068,0.6298
30549,Majda Bekkali,Tulaytulah,GOURMAND,0.5209,0.3593,1.0,GOURMAND,0.5744,0.3962,0.9068,FLORAL,0.3373,0.0992,0.4791,FLORAL,0.4187,0.1232,0.3859,GOURMAND,0.5744,0.3962,0.9068,AMBER,0.5209,0.3593,1.0,AMBER,0.5744,0.3962,0.9068
40031,Versace,Versace Pour Homme Dylan Blue,AMBER,0.4732,0.2768,0.9333,AMBER,0.5436,0.3179,0.8125,AMBER,0.4732,0.2768,0.9333,AMBER,0.5436,0.3179,0.8125,AMBER,0.6027,0.4062,0.9333,AMBER,0.4732,0.2768,0.9333,AMBER,0.6027,0.4062,0.9333
51037,Parfums de Marly,Percival,AMBER,0.2929,0.0518,1.0,AMBER,0.3327,0.0588,0.8803,AMBER,0.2929,0.0518,1.0,AMBER,0.3327,0.0588,0.8803,AMBER,0.4126,0.1715,1.0,AMBER,0.2929,0.0518,1.0,AMBER,0.4126,0.1715,1.0
75064,Amouage,Opus XIV – Royal Tobacco,AMBER,0.761,0.6265,1.0,AMBER,0.761,0.6265,1.0,AMBER,0.8794,0.7587,0.8654,AMBER,0.8794,0.7587,0.8654,AMBER,0.761,0.6265,1.0,AMBER,0.8956,0.7912,1.0,AMBER,0.8956,0.7912,1.0
56294,Zoologist Perfumes,Squid,AMBER,0.5188,0.3344,1.0,AMBER,0.5188,0.3344,1.0,AMBER,0.5608,0.3615,0.925,AMBER,0.5608,0.3615,0.925,AMBER,0.5188,0.3344,1.0,AMBER,0.5938,0.4094,1.0,AMBER,0.5938,0.4094,1.0
42936,Zoologist Perfumes,Civet,AMBER,0.43,0.08,1.0,AMBER,0.6615,0.4923,0.65,AMBER,0.43,0.08,1.0,AMBER,0.6615,0.4923,0.65,AMBER,0.7582,0.6374,0.91,AMBER,0.43,0.08,1.0,AMBER,0.7582,0.6374,0.91
122212,Jean Paul Gaultier,Le Male In Blue,GREEN,0.5032,0.1444,1.0,GREEN,0.5374,0.1542,0.9363,GREEN,0.5436,0.156,0.9257,GREEN,0.5837,0.1675,0.862,GREEN,0.5032,0.0807,1.0,GREEN,0.5032,0.0701,1.0,GREEN,0.5032,0.0064,1.0
1742,Bvlgari,Aqva Pour Homme Marine,AQUATIC,0.4406,0.2406,0.8984,AQUATIC,0.4406,0.2406,0.8984,AQUATIC,0.4406,0.2406,0.8984,AQUATIC,0.4406,0.2406,0.8984,AQUATIC,0.4406,0.2406,0.8984,AQUATIC,0.4406,0.2406,0.8984,AQUATIC,0.4406,0.2406,0.8984
70985,Maison Martin Margiela,When the Rain Stops,AQUATIC,0.3743,0.0642,1.0,AQUATIC,0.3743,0.0642,1.0,AQUATIC,0.3743,0.0642,1.0,AQUATIC,0.3743,0.0642,1.0,AQUATIC,0.3743,0.0642,1.0,AQUATIC,0.3743,0.0642,1.0,AQUATIC,0.3743,0.0642,1.0
59021,Calvin Klein,CK Everyone Eau de Toilette,CITRUS,0.2331,0.0,0.8218,CITRUS,0.2915,0.0,0.6571,CITRUS,0.2331,0.0,0.8218,CITRUS,0.2915,0.0,0.6571,AMBER,0.2843,0.0305,0.7548,CITRUS,0.2331,0.0,0.8218,AMBER,0.2843,0.0305,0.7548
27996,Calvin Klein,Reveal Men,AQUATIC,0.288,0.1268,0.8846,AQUATIC,0.288,0.1268,0.8846,AQUATIC,0.3434,0.162,0.742,AQUATIC,0.3434,0.162,0.742,AQUATIC,0.288,0.1268,0.8846,AMBER,0.3062,0.0181,0.8846,AMBER,0.3062,0.0181,0.8846
47255,Escada,Sorbetto Rosso,AQUATIC,0.5728,0.3642,0.883,AQUATIC,0.5728,0.3642,0.883,AQUATIC,0.6628,0.4215,0.7632,AQUATIC,0.6628,0.4215,0.7632,AQUATIC,0.5728,0.3642,0.883,AQUATIC,0.5728,0.3642,0.883,AQUATIC,0.5728,0.3642,0.883
50757,Yves Saint Laurent,Y Eau de Parfum,AMBER,0.3219,0.0236,0.8996,AMBER,0.3219,0.0236,0.8996,AMBER,0.3219,0.0236,0.8996,AMBER,0.3219,0.0236,0.8996,AMBER,0.3219,0.0236,0.8996,AMBER,0.3219,0.0236,0.8996,AMBER,0.3219,0.0236,0.8996
507,Davidoff,Cool Water,GREEN,0.5552,0.3399,0.9515,GREEN,0.5552,0.3399,0.9515,GREEN,0.5552,0.3399,0.9515,GREEN,0.5552,0.3399,0.9515,GREEN,0.5552,0.3399,0.9515,GREEN,0.5552,0.3399,0.9515,GREEN,0.5552,0.3399,0.9515
29727,Giorgio Armani,Acqua di Giò Profumo,AMBER,0.3341,0.0972,1.0,AMBER,0.3341,0.0972,1.0,AMBER,0.3341,0.0972,1.0,AMBER,0.3341,0.0972,1.0,AMBER,0.3341,0.0972,1.0,AMBER,0.3341,0.0972,1.0,AMBER,0.3341,0.0972,1.0
25529,Jo Malone London,Wood Sage & Sea Salt,GREEN,0.317,0.0286,1.0,GREEN,0.3605,0.0326,0.8793,GREEN,0.317,0.0286,1.0,GREEN,0.3605,0.0326,0.8793,GREEN,0.317,0.0286,1.0,GREEN,0.317,0.0286,1.0,GREEN,0.317,0.0286,1.0
637,Versace,Blue Jeans,GREEN,0.2972,0.1325,0.9239,GREEN,0.3326,0.1483,0.8256,GREEN,0.3371,0.1503,0.8145,GREEN,0.3834,0.171,0.7161,GREEN,0.3326,0.1483,0.8256,GREEN,0.2972,0.0141,0.9239,GREEN,0.3326,0.0157,0.8256
2069,Guy Laroche,Drakkar Noir,GREEN,0.4032,0.0504,1.0,GREEN,0.4032,0.0504,1.0,GREEN,0.4032,0.0504,1.0,GREEN,0.4032,0.0504,1.0,GREEN,0.4032,0.0504,1.0,GREEN,0.4032,0.0504,1.0,GREEN,0.4032,0.0504,1.0
70424,Xerjoff,Torino21,GREEN,0.5556,0.3363,0.9597,GREEN,0.5854,0.3544,0.9107,GREEN,0.5556,0.3363,0.9597,GREEN,0.5854,0.3544,0.9107,GREEN,0.5556,0.2853,0.9597,GREEN,0.5556,0.3363,0.9597,GREEN,0.5556,0.2853,0.9597
829,Azzaro,Azzaro pour Homme,WOODY,0.4652,0.1371,1.0,WOODY,0.4652,0.1371,1.0,WOODY,0.4652,0.1371,1.0,WOODY,0.4652,0.1371,1.0,WOODY,0.4652,0.1371,1.0,WOODY,0.4652,0.1371,1.0,WOODY,0.4652,0.1371,1.0
258,Calvin Klein,Eternity For Men,GREEN,0.4768,0.3032,1.0,GREEN,0.4768,0.3032,1.0,GREEN,0.4768,0.3032,1.0,GREEN,0.4768,0.3032,1.0,GREEN,0.4768,0.3032,1.0,GREEN,0.4768,0.3032,1.0,GREEN,0.4768,0.3032,1.0
231,Dior,Eau Sauvage,GREEN,0.2976,0.0262,1.0,GREEN,0.2976,0.0262,1.0,GREEN,0.2976,0.0262,1.0,GREEN,0.2976,0.0262,1.0,GREEN,0.2976,0.0262,1.0,GREEN,0.2976,0.0262,1.0,GREEN,0.2976,0.0262,1.0
53400,Maison Francis Kurkdjian,Gentle Fluidity Silver,GREEN,0.3254,0.0444,1.0,GREEN,0.3704,0.0505,0.8787,GREEN,0.3354,0.0457,0.9704,GREEN,0.3833,0.0523,0.8491,AMBER,0.3648,0.0189,0.9408,GREEN,0.3254,0.0148,1.0,AMBER,0.3962,0.0503,0.9408
68753,Prada,Luna Rossa Ocean ,GREEN,0.4194,0.1502,1.0,GREEN,0.5739,0.4261,0.7308,GREEN,0.4194,0.1502,1.0,GREEN,0.5739,0.4261,0.7308,GREEN,0.4811,0.1996,0.8718,GREEN,0.4194,0.1502,1.0,GREEN,0.4811,0.1996,0.8718
65147,Hermès,H24,GREEN,0.3802,0.0964,1.0,GREEN,0.3802,0.0964,1.0,GREEN,0.3977,0.1009,0.9559,GREEN,0.3977,0.1009,0.9559,GREEN,0.3802,0.0964,1.0,GREEN,0.3802,0.0523,1.0,GREEN,0.3802,0.0523,1.0
570,Hugo Boss,Hugo,GREEN,0.5631,0.3422,0.9055,GREEN,0.5631,0.3422,0.9055,GREEN,0.5631,0.3422,0.9055,GREEN,0.5631,0.3422,0.9055,GREEN,0.5631,0.3422,0.9055,GREEN,0.5631,0.3422,0.9055,GREEN,0.5631,0.3422,0.9055
67997,Yves Saint Laurent,La Nuit de L'Homme Bleu Électrique,GREEN,0.4361,0.0554,0.9584,GREEN,0.4361,0.0554,0.9584,GREEN,0.4361,0.0554,0.9584,GREEN,0.4361,0.0554,0.9584,GREEN,0.4361,0.0554,0.9584,GREEN,0.4361,0.0554,0.9584,GREEN,0.4361,0.0554,0.9584
15754,Prada,Luna Rossa,GREEN,0.5325,0.3398,1.0,GREEN,0.5909,0.377,0.9012,GREEN,0.5325,0.3398,1.0,GREEN,0.5909,0.377,0.9012,GREEN,0.5325,0.241,1.0,GREEN,0.5325,0.3398,1.0,GREEN,0.5325,0.241,1.0
59064,Tom Ford,Beau De Jour Eau de Parfum,GREEN,0.4367,0.0837,1.0,GREEN,0.4367,0.0837,1.0,GREEN,0.4367,0.0837,1.0,GREEN,0.4367,0.0837,1.0,GREEN,0.4367,0.0837,1.0,GREEN,0.4367,0.0837,1.0,GREEN,0.4367,0.0837,1.0
78288,Theodoros Kalotinis,Velvet Chocolate,GOURMAND,0.691,0.4426,1.0,GOURMAND,0.7149,0.4579,0.9666,AMBER,0.8041,0.6959,0.309,AMBER,0.9015,0.803,0.2756,GOURMAND,0.7149,0.4579,0.9666,AMBER,0.9395,0.9061,1.0,AMBER,0.9719,0.9438,0.9666
91499,Bath & Body Works,Sweetheart Cherry,GOURMAND,0.4841,0.1383,1.0,GOURMAND,0.5106,0.1459,0.9481,FRUITY,0.6704,0.5251,0.5159,FRUITY,0.7453,0.5839,0.464,GOURMAND,0.5106,0.1459,0.9481,AMBER,0.4841,0.1383,1.0,AMBER,0.5106,0.1459,0.9481
410,Giorgio Armani,Acqua di Gio,CITRUS,0.3497,0.1713,0.9316,CITRUS,0.3497,0.1713,0.9316,CITRUS,0.3497,0.1713,0.9316,CITRUS,0.3497,0.1713,0.9316,CITRUS,0.3497,0.1713,0.9316,CITRUS,0.3497,0.1713,0.9316,CITRUS,0.3497,0.1713,0.9316
276,Calvin Klein,CK One,CITRUS,0.3049,0.0213,0.9086,CITRUS,0.3448,0.0241,0.8033,CITRUS,0.3049,0.0213,0.9086,CITRUS,0.3448,0.0241,0.8033,CITRUS,0.3448,0.0241,0.8033,CITRUS,0.3049,0.0213,0.9086,CITRUS,0.3448,0.0241,0.8033
2318,Versace,Versace Pour Homme,CITRUS,0.3413,0.0785,0.9391,CITRUS,0.3636,0.0836,0.8814,CITRUS,0.3413,0.0785,0.9391,CITRUS,0.3636,0.0836,0.8814,CITRUS,0.3413,0.0785,0.9391,CITRUS,0.3413,0.0785,0.9391,CITRUS,0.3413,0.0785,0.9391
83,Elizabeth Arden,Green Tea,GREEN,0.4425,0.1475,0.8992,GREEN,0.4425,0.1475,0.8992,GREEN,0.4425,0.1475,0.8992,GREEN,0.4425,0.1475,0.8992,GREEN,0.4425,0.1475,0.8992,GREEN,0.4425,0.1475,0.8992,GREEN,0.4425,0.1475,0.8992
84094,Yves Saint Laurent,MYSLF Eau de Parfum,CITRUS,0.3058,0.0734,1.0,CITRUS,0.3247,0.0779,0.9419,CITRUS,0.3289,0.0789,0.9297,CITRUS,0.3509,0.0842,0.8716,CITRUS,0.3247,0.0779,0.9419,CITRUS,0.3058,0.0734,1.0,CITRUS,0.3247,0.0779,0.9419
67370,Louis Vuitton,Imagination,CITRUS,0.463,0.1991,0.878,CITRUS,0.4854,0.2087,0.8374,CITRUS,0.463,0.1991,0.878,CITRUS,0.4854,0.2087,0.8374,CITRUS,0.463,0.1528,0.878,CITRUS,0.463,0.1991,0.878,CITRUS,0.463,0.1528,0.878
472,Creed,Silver Mountain Water,GREEN,0.2815,0.0768,1.0,GREEN,0.354,0.1064,0.7953,GREEN,0.2815,0.0768,1.0,GREEN,0.354,0.1064,0.7953,GREEN,0.3109,0.0935,0.9055,GREEN,0.2815,0.0768,1.0,GREEN,0.3109,0.0935,0.9055
12192,Tom Ford,Neroli Portofino,CITRUS,0.3817,0.0954,0.9424,CITRUS,0.3817,0.0954,0.9424,CITRUS,0.4016,0.1004,0.8957,CITRUS,0.4016,0.1004,0.8957,CITRUS,0.3817,0.0954,0.9424,CITRUS,0.3817,0.0954,0.9424,CITRUS,0.3817,0.0954,0.9424
1068,Dolce&Gabbana,Light Blue pour Homme,AMBER,0.3425,0.0685,1.0,AMBER,0.3613,0.0723,0.9479,AMBER,0.3425,0.0685,1.0,AMBER,0.3613,0.0723,0.9479,AMBER,0.3945,0.1205,1.0,AMBER,0.3425,0.0685,1.0,AMBER,0.3945,0.1205,1.0
899,Creed,Virgin Island Water 2007,GOURMAND,0.5153,0.2368,1.0,GOURMAND,0.5153,0.2368,1.0,CITRUS,0.5747,0.2644,0.4847,CITRUS,0.5747,0.2644,0.4847,GOURMAND,0.5153,0.2368,1.0,AMBER,0.6657,0.3872,1.0,AMBER,0.6657,0.3872,1.0
2060,Guerlain,Aqua Allegoria Mandarine Basilic,CITRUS,0.3984,0.0916,0.9161,CITRUS,0.3984,0.0916,0.9161,CITRUS,0.4367,0.1004,0.8358,CITRUS,0.4367,0.1004,0.8358,CITRUS,0.3984,0.0916,0.9161,CITRUS,0.3984,0.0916,0.9161,CITRUS,0.3984,0.0916,0.9161
788,Azzaro,Chrome,CITRUS,0.2571,0.0411,0.9153,CITRUS,0.2571,0.0411,0.9153,CITRUS,0.2762,0.0442,0.8518,CITRUS,0.2762,0.0442,0.8518,CITRUS,0.2571,0.0411,0.9153,CITRUS,0.2571,0.0411,0.9153,CITRUS,0.2571,0.0411,0.9153
153,Bvlgari,Aqva Pour Homme,AQUATIC,0.3385,0.1173,1.0,AQUATIC,0.3542,0.1227,0.9558,AQUATIC,0.3385,0.1173,1.0,AQUATIC,0.3542,0.1227,0.9558,AQUATIC,0.3542,0.1227,0.9558,AQUATIC,0.3385,0.1173,1.0,AQUATIC,0.3542,0.1227,0.9558
70839,Afnan,Turathi Blue,CITRUS,0.2915,0.0087,0.8728,CITRUS,0.4065,0.0976,0.626,CITRUS,0.2915,0.0087,0.8728,CITRUS,0.4065,0.0976,0.626,AMBER,0.4267,0.101,0.7812,CITRUS,0.2915,0.0087,0.8728,AMBER,0.4267,0.101,0.7812
3256,4711,4711 Original Eau de Cologne,CITRUS,0.5128,0.2974,0.9466,CITRUS,0.5128,0.2974,0.9466,CITRUS,0.5128,0.2974,0.9466,CITRUS,0.5128,0.2974,0.9466,CITRUS,0.5128,0.2974,0.9466,CITRUS,0.5128,0.2974,0.9466,CITRUS,0.5128,0.2974,0.9466
30567,Nishane,Wulóng Chá,CITRUS,0.3906,0.25,1.0,CITRUS,0.4464,0.2857,0.875,CITRUS,0.431,0.2759,0.9062,CITRUS,0.5,0.32,0.7812,CITRUS,0.4132,0.1901,0.9453,CITRUS,0.3906,0.1562,1.0,CITRUS,0.4132,0.0909,0.9453
17256,Dior,Dior Homme Cologne 2013,CITRUS,0.3745,0.1498,0.9435,CITRUS,0.4831,0.2512,0.7314,CITRUS,0.3745,0.1498,0.9435,CITRUS,0.4831,0.2512,0.7314,CITRUS,0.4132,0.1157,0.8551,CITRUS,0.3745,0.1498,0.9435,CITRUS,0.4132,0.1157,0.8551
81423,Louis Vuitton,Pacific Chill,CITRUS,0.3077,0.0246,0.9448,CITRUS,0.3268,0.0261,0.8895,CITRUS,0.3356,0.0268,0.8663,CITRUS,0.3584,0.0287,0.811,CITRUS,0.3268,0.0261,0.8895,CITRUS,0.3077,0.0246,0.9448,CITRUS,0.3268,0.0261,0.8895
72439,Hermès,Terre d'Hermès Eau Givree,CITRUS,0.2994,0.1018,0.9489,CITRUS,0.2994,0.1018,0.9489,CITRUS,0.2994,0.1018,0.9489,CITRUS,0.2994,0.1018,0.9489,CITRUS,0.2994,0.1018,0.9489,CITRUS,0.2994,0.1018,0.9489,CITRUS,0.2994,0.1018,0.9489
29818,Hermès,Le Jardin de Monsieur Li,GREEN,0.3979,0.1326,0.9263,GREEN,0.3979,0.1326,0.9263,GREEN,0.4098,0.1366,0.8993,GREEN,0.4098,0.1366,0.8993,GREEN,0.3979,0.1326,0.9263,GREEN,0.3979,0.1326,0.9263,GREEN,0.3979,0.1326,0.9263
92647,Versace,Eros Energy,CITRUS,0.5181,0.3523,1.0,CITRUS,0.5556,0.3778,0.9326,CITRUS,0.5181,0.3523,1.0,CITRUS,0.5556,0.3778,0.9326,CITRUS,0.5181,0.3523,1.0,CITRUS,0.5181,0.3523,1.0,CITRUS,0.5181,0.3523,1.0
373,Clinique,Clinique Happy,CITRUS,0.3676,0.1066,1.0,CITRUS,0.3676,0.1066,1.0,CITRUS,0.3846,0.1115,0.9559,CITRUS,0.3846,0.1115,0.9559,CITRUS,0.3676,0.1066,1.0,CITRUS,0.3676,0.1066,1.0,CITRUS,0.3676,0.1066,1.0
46296,Roja Dove,Elysium Pour Homme Parfum Cologne,GREEN,0.2861,0.0496,1.0,GREEN,0.2861,0.0496,1.0,GREEN,0.2861,0.0496,1.0,GREEN,0.2861,0.0496,1.0,GREEN,0.2861,0.0496,1.0,GREEN,0.2861,0.0496,1.0,GREEN,0.2861,0.0496,1.0
15336,Dolce&Gabbana,Dolce&Gabbana Pour Homme (2012),GREEN,0.3743,0.1011,0.9266,GREEN,0.3743,0.1011,0.9266,GREEN,0.4077,0.1101,0.8506,GREEN,0.4077,0.1101,0.8506,GREEN,0.3743,0.1011,0.9266,GREEN,0.3743,0.0219,0.9266,GREEN,0.3743,0.0219,0.9266
53806,Guerlain,Aqua Allegoria Coconut Fizz,GOURMAND,0.6323,0.4624,1.0,GOURMAND,0.6323,0.4624,1.0,FRUITY,0.4621,0.1515,0.3677,FRUITY,0.4621,0.1515,0.3677,GOURMAND,0.6323,0.4624,1.0,AMBER,0.6323,0.4624,1.0,AMBER,0.6323,0.4624,1.0
17140,The Body Shop,Coconut,GOURMAND,0.8824,0.7647,1.0,GOURMAND,0.8824,0.7647,1.0,FRUITY,1.0,1.0,0.1176,FRUITY,1.0,1.0,0.1176,GOURMAND,0.8824,0.7647,1.0,AMBER,0.8824,0.7647,1.0,AMBER,0.8824,0.7647,1.0
89234,d'Annam,Vietnamese Coffee,GOURMAND,0.6484,0.3562,1.0,GOURMAND,0.6484,0.3562,1.0,AMBER,0.8312,0.6623,0.3516,AMBER,0.8312,0.6623,0.3516,GOURMAND,0.6484,0.3562,1.0,AMBER,0.9406,0.8813,1.0,AMBER,0.9406,0.8813,1.0
7350,O Boticário,Connexion,WOODY,0.5554,0.3161,1.0,WOODY,0.5554,0.3161,1.0,WOODY,0.5554,0.3161,1.0,WOODY,0.5554,0.3161,1.0,WOODY,0.5554,0.3161,1.0,WOODY,0.5554,0.3161,1.0,WOODY,0.5554,0.3161,1.0
6063,Hermès,Eau de Gentiane Blanche,FLORAL,0.4239,0.1605,1.0,FLORAL,0.5754,0.4106,0.7366,FLORAL,0.4824,0.1827,0.8786,FLORAL,0.689,0.5251,0.6152,FLORAL,0.4964,0.241,0.8539,FLORAL,0.4239,0.1605,1.0,FLORAL,0.4964,0.0988,0.8539
6311,Casamorati 1888,Fiore d'Ulivo,FLORAL,0.3155,0.0915,0.9435,FLORAL,0.3484,0.101,0.8542,FLORAL,0.3155,0.0915,0.9435,FLORAL,0.3484,0.101,0.8542,FLORAL,0.3155,0.0536,0.9435,FLORAL,0.3155,0.0915,0.9435,FLORAL,0.3155,0.0536,0.9435
53804,Guerlain,Aqua Allegoria Flora Cherrysia,AQUATIC,0.3178,0.0841,0.8861,AQUATIC,0.4072,0.1078,0.6915,AQUATIC,0.3178,0.0841,0.8861,AQUATIC,0.4072,0.1078,0.6915,AQUATIC,0.357,0.0945,0.7888,AQUATIC,0.3178,0.0841,0.8861,AQUATIC,0.357,0.0945,0.7888
84035,Jo Malone London,English Pear & Sweet Pea,MUSK,0.3522,0.0377,1.0,FLORAL,0.4854,0.0243,0.6478,MUSK,0.5022,0.0538,0.7013,FLORAL,0.9009,0.8018,0.3491,FLORAL,0.3521,0.0176,0.8931,MUSK,0.3522,0.0377,1.0,AMBER,0.6092,0.257,0.8931
857,Givenchy,Insense,GREEN,0.2914,0.0419,0.8336,GREEN,0.2914,0.0419,0.8336,GREEN,0.2914,0.0419,0.8336,GREEN,0.2914,0.0419,0.8336,GREEN,0.2914,0.0419,0.8336,GREEN,0.2914,0.0419,0.8336,GREEN,0.2914,0.0419,0.8336
67916,O Boticário,Quasar Ice,GREEN,0.3633,0.0707,0.7567,GREEN,0.3633,0.0707,0.7567,GREEN,0.3633,0.0707,0.7567,GREEN,0.3633,0.0707,0.7567,GREEN,0.3633,0.0707,0.7567,GREEN,0.3633,0.0707,0.7567,GREEN,0.3633,0.0707,0.7567
66042,O Boticário,Malbec Bleu,GREEN,0.4271,0.2538,0.7992,GREEN,0.4271,0.2538,0.7992,GREEN,0.4271,0.2538,0.7992,GREEN,0.4271,0.2538,0.7992,GREEN,0.4271,0.2538,0.7992,GREEN,0.4271,0.2538,0.7992,GREEN,0.4271,0.2538,0.7992
31861,Dior,Sauvage,AMBER,0.4151,0.1697,1.0,AMBER,0.4622,0.189,0.8982,AMBER,0.4151,0.1697,1.0,AMBER,0.4622,0.189,0.8982,AMBER,0.517,0.2715,1.0,AMBER,0.4151,0.1697,1.0,AMBER,0.517,0.2715,1.0
43402,Prada,Luna Rossa Carbon Eau de Toilette,AMBER,0.3345,0.0576,1.0,AMBER,0.4237,0.0729,0.7896,AMBER,0.3345,0.0576,1.0,AMBER,0.4237,0.0729,0.7896,AMBER,0.4837,0.1694,0.8813,AMBER,0.3345,0.0576,1.0,AMBER,0.4837,0.1694,0.8813
5002,Salvatore Ferragamo,F by Ferragamo Black,AMBER,0.4199,0.0671,1.0,AMBER,0.4199,0.0671,1.0,AMBER,0.5013,0.0801,0.8377,AMBER,0.5013,0.0801,0.8377,AMBER,0.4199,0.0671,1.0,AMBER,0.5823,0.2294,1.0,AMBER,0.5823,0.2294,1.0
31445,Hugo Boss,Boss The Scent,WOODY,0.2761,0.0716,0.9244,WOODY,0.3,0.0778,0.8507,WOODY,0.2761,0.0716,0.9244,WOODY,0.3,0.0778,0.8507,AMBER,0.2843,0.0082,0.9244,WOODY,0.2761,0.0716,0.9244,AMBER,0.2843,0.0082,0.9244
3785,Lalique,Lalique White,AMBER,0.3778,0.1662,1.0,AMBER,0.4412,0.1941,0.8564,AMBER,0.3778,0.1662,1.0,AMBER,0.4412,0.1941,0.8564,AMBER,0.4737,0.241,0.9093,AMBER,0.3778,0.1662,1.0,AMBER,0.4737,0.241,0.9093
107084,Arabiyat Prestige,Marwa,AMBER,0.6259,0.4467,0.882,AMBER,0.6259,0.4467,0.882,AMBER,0.6259,0.4467,0.882,AMBER,0.6259,0.4467,0.882,AMBER,0.6259,0.4467,0.882,AMBER,0.6259,0.4467,0.882,AMBER,0.6259,0.4467,0.882
48965,Natura,Homem Sagaz,AMBER,0.3055,0.0819,1.0,AMBER,0.3352,0.0899,0.9113,AMBER,0.3934,0.2,0.7765,AMBER,0.4442,0.2258,0.6877,AMBER,0.3352,0.0899,0.9113,AMBER,0.529,0.3788,1.0,AMBER,0.5805,0.4157,0.9113
13549,Antonio Banderas,The Golden Secret,AMBER,0.3185,0.0669,0.929,AMBER,0.3509,0.0737,0.8432,AMBER,0.3185,0.0669,0.929,AMBER,0.3509,0.0737,0.8432,AMBER,0.4108,0.1592,0.929,AMBER,0.3185,0.0669,0.929,AMBER,0.4108,0.1592,0.929
7792,Jacques Bogart,Bogart,WOODY,0.5642,0.2974,1.0,WOODY,0.5642,0.2974,1.0,WOODY,0.5642,0.2974,1.0,WOODY,0.5642,0.2974,1.0,WOODY,0.5642,0.2974,1.0,WOODY,0.5642,0.2974,1.0,WOODY,0.5642,0.2974,1.0
4441,L'Artisan Parfumeur,Fou d'Absinthe,AMBER,0.4737,0.1347,1.0,AMBER,0.4737,0.1347,1.0,AMBER,0.4737,0.1347,1.0,AMBER,0.4737,0.1347,1.0,AMBER,0.4737,0.1347,1.0,AMBER,0.4737,0.1347,1.0,AMBER,0.4737,0.1347,1.0
46890,Rasasi,Hawas for Him,FRUITY,0.2252,0.009,0.8621,FRUITY,0.2451,0.0098,0.7922,FRUITY,0.2475,0.0099,0.7845,FRUITY,0.2717,0.0109,0.7146,AMBER,0.286,0.0608,0.8621,AMBER,0.295,0.0698,0.8621,AMBER,0.3761,0.1509,0.8621
11784,Montblanc,Legend,GREEN,0.2626,0.035,1.0,GREEN,0.2626,0.035,1.0,GREEN,0.3401,0.0882,0.7724,GREEN,0.3401,0.0882,0.7724,GREEN,0.2626,0.035,1.0,AMBER,0.3385,0.0759,1.0,AMBER,0.3385,0.0759,1.0
89050,Rasasi,Hawas Ice,FRUITY,0.2841,0.0199,0.9096,FRUITY,0.3413,0.0239,0.7571,FRUITY,0.3195,0.0224,0.8088,FRUITY,0.3937,0.0276,0.6563,FRUITY,0.3096,0.0217,0.8346,FRUITY,0.2841,0.0199,0.9096,FRUITY,0.3096,0.0093,0.8346
68326,By Kilian,Apple Brandy on the Rocks,AMBER,0.3474,0.0993,0.8838,AMBER,0.3474,0.0993,0.8838,AMBER,0.3889,0.1111,0.7895,AMBER,0.3889,0.1111,0.7895,AMBER,0.3474,0.0993,0.8838,AMBER,0.4541,0.206,0.8838,AMBER,0.4541,0.206,0.8838
1605,Diesel,Fuel for Life Homme,GREEN,0.3321,0.1506,1.0,GREEN,0.3321,0.1506,1.0,GREEN,0.4049,0.1836,0.8203,GREEN,0.4049,0.1836,0.8203,GREEN,0.3321,0.1506,1.0,GREEN,0.3321,0.0454,1.0,GREEN,0.3321,0.0454,1.0
78611,Afnan,9am Dive,GREEN,0.3102,0.1034,0.8849,GREEN,0.3102,0.1034,0.8849,GREEN,0.3102,0.1034,0.8849,GREEN,0.3102,0.1034,0.8849,GREEN,0.3102,0.1034,0.8849,GREEN,0.3102,0.1034,0.8849,GREEN,0.3102,0.1034,0.8849
46165,Floraïku,One Umbrella for Two,FRUITY,0.289,0.0549,0.9227,FRUITY,0.3175,0.0603,0.84,FRUITY,0.289,0.0549,0.9227,FRUITY,0.3175,0.0603,0.84,FRUITY,0.289,0.0549,0.9227,FRUITY,0.289,0.0549,0.9227,FRUITY,0.289,0.0549,0.9227
11502,Hermès,Un Jardin Sur Le Toit,GREEN,0.3624,0.1226,0.7978,GREEN,0.3624,0.1226,0.7978,GREEN,0.408,0.138,0.7087,GREEN,0.408,0.138,0.7087,GREEN,0.3624,0.1226,0.7978,GREEN,0.3624,0.1226,0.7978,GREEN,0.3624,0.1226,0.7978
43531,Etat Libre d'Orange,You Or Someone Like You,GREEN,0.5358,0.3515,1.0,GREEN,0.5647,0.3705,0.9488,GREEN,0.5358,0.3515,1.0,GREEN,0.5647,0.3705,0.9488,GREEN,0.5358,0.3003,1.0,GREEN,0.5358,0.3515,1.0,GREEN,0.5358,0.3003,1.0
60,Guerlain,Aqua Allegoria Herba Fresca,GREEN,0.5736,0.4377,0.9044,GREEN,0.5736,0.4377,0.9044,GREEN,0.5938,0.4531,0.8737,GREEN,0.5938,0.4531,0.8737,GREEN,0.5736,0.4377,0.9044,GREEN,0.5736,0.4151,0.9044,GREEN,0.5736,0.4151,0.9044
6314,Tommy Hilfiger,Tommy,GREEN,0.4283,0.2432,0.934,GREEN,0.4558,0.2588,0.8777,GREEN,0.4283,0.2432,0.934,GREEN,0.4558,0.2588,0.8777,GREEN,0.4558,0.2588,0.8777,GREEN,0.4283,0.2432,0.934,GREEN,0.4558,0.2588,0.8777
30928,Vilhelm Parfumerie,Dear Polly,AMBER,0.2555,0.0098,0.866,AMBER,0.2873,0.011,0.7702,AMBER,0.2555,0.0098,0.866,AMBER,0.2873,0.011,0.7702,AMBER,0.3661,0.1204,0.866,AMBER,0.2555,0.0098,0.866,AMBER,0.3661,0.1204,0.866
72040,Diptyque,Philosykos Eau de Toilette,GREEN,0.3145,0.0409,0.8391,GREEN,0.3205,0.0417,0.8232,GREEN,0.4184,0.0544,0.6306,GREEN,0.4292,0.0558,0.6148,GREEN,0.3205,0.0417,0.8232,GREEN,0.3145,0.0409,0.8391,GREEN,0.3205,0.0417,0.8232
17322,Gucci,Gucci Guilty Black Pour Homme,GREEN,0.4821,0.2674,1.0,GREEN,0.4821,0.2674,1.0,GREEN,0.4821,0.2674,1.0,GREEN,0.4821,0.2674,1.0,GREEN,0.4821,0.2674,1.0,GREEN,0.4821,0.2674,1.0,GREEN,0.4821,0.2674,1.0
12311,Hugo Boss,Hugo Just Different,GREEN,0.4411,0.1704,0.9215,GREEN,0.4744,0.1833,0.8568,GREEN,0.4411,0.1704,0.9215,GREEN,0.4744,0.1833,0.8568,GREEN,0.4411,0.1003,0.9215,GREEN,0.4411,0.1704,0.9215,GREEN,0.4411,0.1003,0.9215
889,Jean Paul Gaultier,Fleur du Mâle,GREEN,0.4841,0.2654,0.9386,GREEN,0.4841,0.2654,0.9386,GREEN,0.4841,0.2654,0.9386,GREEN,0.4841,0.2654,0.9386,GREEN,0.4841,0.2654,0.9386,GREEN,0.4841,0.2654,0.9386,GREEN,0.4841,0.2654,0.9386
59597,Zoologist Perfumes,Sloth,GREEN,0.4392,0.1804,1.0,GREEN,0.4392,0.1804,1.0,GREEN,0.4392,0.1804,1.0,GREEN,0.4392,0.1804,1.0,GREEN,0.4392,0.1804,1.0,GREEN,0.4392,0.1804,1.0,GREEN,0.4392,0.1804,1.0
43037,Penhaligon's,Roaring Radcliff,AMBER,0.5395,0.1715,1.0,AMBER,0.5395,0.1715,1.0,AMBER,0.8537,0.7073,0.632,AMBER,0.8537,0.7073,0.632,AMBER,0.5395,0.1715,1.0,AMBER,0.9075,0.815,1.0,AMBER,0.9075,0.815,1.0
69010,Dior,Dior Homme Original,WOODY,0.2808,0.0091,1.0,WOODY,0.315,0.0102,0.8913,WOODY,0.2808,0.0091,1.0,WOODY,0.315,0.0102,0.8913,WOODY,0.315,0.0102,0.8913,WOODY,0.2808,0.0091,1.0,WOODY,0.315,0.0102,0.8913
69708,Estée Lauder,Tender Light,FLORAL,0.3055,0.112,0.9352,FLORAL,0.3555,0.1303,0.8038,FLORAL,0.3055,0.112,0.9352,FLORAL,0.3555,0.1303,0.8038,FLORAL,0.3555,0.1303,0.8038,FLORAL,0.3055,0.112,0.9352,FLORAL,0.3555,0.1303,0.8038
17774,Philosophy,Fresh Cream,GOURMAND,0.8182,0.6923,1.0,GOURMAND,0.936,0.876,0.8741,MUSK,0.6923,0.4038,0.1818,GREEN,0.9375,0.875,0.0559,GOURMAND,0.936,0.876,0.8741,AMBER,0.8182,0.6923,1.0,AMBER,0.936,0.876,0.8741
30551,Chabaud Maison de Parfum,Lait Concentré,GOURMAND,0.8876,0.8101,1.0,GOURMAND,0.8876,0.8101,1.0,GREEN,0.6897,0.3793,0.1124,GREEN,0.6897,0.3793,0.1124,GOURMAND,0.8876,0.8101,1.0,AMBER,0.8876,0.8101,1.0,AMBER,0.8876,0.8101,1.0
2550,Burberry,Baby Touch,GOURMAND,0.4077,0.1365,1.0,GOURMAND,0.4077,0.1365,1.0,GREEN,0.4579,0.1526,0.5923,GREEN,0.4579,0.1526,0.5923,GOURMAND,0.4077,0.1365,1.0,AMBER,0.4077,0.1365,1.0,AMBER,0.4077,0.1365,1.0
3166,Caron,Pour Un Homme de Caron,GREEN,0.4206,0.1519,1.0,GREEN,0.5389,0.1946,0.7804,GREEN,0.5751,0.2748,0.7313,GREEN,0.8219,0.6438,0.5117,GREEN,0.4762,0.172,0.8832,GREEN,0.4206,0.0607,1.0,AMBER,0.5238,0.0476,0.8832
95863,Dior,Sauvage Eau Forte,GREEN,0.3842,0.1228,1.0,GREEN,0.5201,0.1716,0.7386,GREEN,0.3842,0.1228,1.0,GREEN,0.5201,0.1716,0.7386,AMBER,0.4729,0.0521,0.9129,GREEN,0.3842,0.1228,1.0,AMBER,0.4729,0.0521,0.9129
10559,Penhaligon's,Sartorial,GREEN,0.2774,0.0233,1.0,GREEN,0.3508,0.0294,0.7907,GREEN,0.3719,0.0913,0.7458,GREEN,0.517,0.2446,0.5365,GREEN,0.3133,0.0263,0.8854,AMBER,0.3671,0.0897,1.0,AMBER,0.5216,0.2083,0.8854
7344,O Boticário,Thaty,GREEN,0.5815,0.4486,1.0,GREEN,0.6554,0.5056,0.8872,GREEN,0.5815,0.4486,1.0,GREEN,0.6554,0.5056,0.8872,GREEN,0.5815,0.3358,1.0,GREEN,0.5815,0.4486,1.0,GREEN,0.5815,0.3358,1.0
228,Dior,Fahrenheit,WOODY,0.3327,0.1055,1.0,WOODY,0.375,0.119,0.8873,WOODY,0.3327,0.1055,1.0,WOODY,0.375,0.119,0.8873,WOODY,0.3327,0.0984,1.0,WOODY,0.3327,0.1055,1.0,WOODY,0.3327,0.0984,1.0
28499,Masque Milano,Russian Tea,WOODY,0.3806,0.1054,1.0,WOODY,0.3806,0.1054,1.0,WOODY,0.4126,0.1142,0.9226,WOODY,0.4126,0.1142,0.9226,WOODY,0.3806,0.1054,1.0,WOODY,0.3806,0.028,1.0,WOODY,0.3806,0.028,1.0
331,Cerruti,Image Woman,WOODY,0.4092,0.1615,1.0,WOODY,0.4264,0.1683,0.9596,WOODY,0.4092,0.1615,1.0,WOODY,0.4264,0.1683,0.9596,WOODY,0.4092,0.1615,1.0,WOODY,0.4092,0.1615,1.0,WOODY,0.4092,0.1615,1.0
59532,Giorgio Armani,Acqua di Giò Profondo,AQUATIC,0.3852,0.1601,0.896,AQUATIC,0.3852,0.1601,0.896,AQUATIC,0.3852,0.1601,0.896,AQUATIC,0.3852,0.1601,0.896,AQUATIC,0.3852,0.1601,0.896,AQUATIC,0.3852,0.1601,0.896,AQUATIC,0.3852,0.1601,0.896
42747,Hermès,Eau des Merveilles Bleue,AQUATIC,0.4928,0.1971,1.0,AQUATIC,0.4928,0.1971,1.0,AQUATIC,0.4928,0.1971,1.0,AQUATIC,0.4928,0.1971,1.0,AQUATIC,0.4928,0.1971,1.0,AQUATIC,0.4928,0.1971,1.0,AQUATIC,0.4928,0.1971,1.0
90451,Giorgio Armani,Acqua di Giò Profondo Parfum,AQUATIC,0.3279,0.1358,1.0,AQUATIC,0.3279,0.1358,1.0,AQUATIC,0.3279,0.1358,1.0,AQUATIC,0.3279,0.1358,1.0,AQUATIC,0.3279,0.1358,1.0,AQUATIC,0.3279,0.1358,1.0,AQUATIC,0.3279,0.1358,1.0
66266,Montblanc,Explorer Ultra Blue,AQUATIC,0.3069,0.1395,1.0,AQUATIC,0.3069,0.1395,1.0,AQUATIC,0.3326,0.1512,0.9227,AQUATIC,0.3326,0.1512,0.9227,AQUATIC,0.3069,0.1395,1.0,AQUATIC,0.3069,0.1395,1.0,AQUATIC,0.3069,0.1395,1.0
75421,Toskovat',Inexcusable Evil,AQUATIC,0.4283,0.0987,1.0,AQUATIC,0.4897,0.1128,0.8744,AQUATIC,0.4283,0.0987,1.0,AQUATIC,0.4897,0.1128,0.8744,AQUATIC,0.4897,0.1128,0.8744,AQUATIC,0.4283,0.0987,1.0,AQUATIC,0.4897,0.1128,0.8744
25382,MiN NEW YORK,MOON DUST,MUSK,0.2637,0.0151,1.0,AQUATIC,0.3376,0.0,0.7363,MUSK,0.2875,0.0164,0.9171,AQUATIC,0.3804,0.0,0.6535,AMBER,0.4308,0.1407,0.8569,AMBER,0.3315,0.0678,1.0,AMBER,0.5275,0.2374,0.8569
27322,Pinaud Clubman,Clubman,WOODY,0.5277,0.3509,0.9177,WOODY,0.5277,0.3509,0.9177,WOODY,0.5277,0.3509,0.9177,WOODY,0.5277,0.3509,0.9177,WOODY,0.5277,0.3509,0.9177,WOODY,0.5277,0.3509,0.9177,WOODY,0.5277,0.3509,0.9177
735,Yves Saint Laurent,Kouros,MUSK,0.5326,0.363,1.0,WOODY,0.3628,0.0558,0.4674,MUSK,0.5778,0.3939,0.9217,WOODY,0.4358,0.067,0.3891,AMBER,0.55,0.355,0.8696,MUSK,0.5326,0.363,1.0,AMBER,0.64,0.445,0.8696
53471,Orto Parisi,Megamare,MUSK,0.3227,0.0046,0.8688,AQUATIC,0.4696,0.277,0.5885,MUSK,0.3227,0.0046,0.8688,AQUATIC,0.4696,0.277,0.5885,AMBER,0.3965,0.0455,0.7873,MUSK,0.3227,0.0046,0.8688,AMBER,0.3965,0.0455,0.7873
66120,Juliette Has A Gun,Pear Inc,MUSK,0.3618,0.15,0.9341,AMBER,0.3318,0.0553,0.5962,MUSK,0.4169,0.1729,0.8104,AMBER,0.4186,0.0698,0.4725,AMBER,0.5426,0.3533,0.8709,MUSK,0.3618,0.0176,0.9341,AMBER,0.6845,0.4953,0.8709
90433,Rabanne,Invictus Parfum,MUSK,0.4108,0.1529,1.0,GREEN,0.4378,0.0703,0.5892,MUSK,0.4108,0.1529,1.0,GREEN,0.4378,0.0703,0.5892,GREEN,0.3447,0.0553,0.7484,MUSK,0.4108,0.1529,1.0,GREEN,0.3447,0.0553,0.7484
6334,Le Labo,Ambrette 9,MUSK,0.4097,0.1839,0.9337,FLORAL,0.3825,0.0601,0.5512,MUSK,0.4601,0.2065,0.8313,FLORAL,0.4698,0.0738,0.4488,AMBER,0.3534,0.106,0.8524,MUSK,0.4097,0.1839,0.9337,AMBER,0.4735,0.2261,0.8524
18222,L'Erbolario,All'Olio di Argan,GOURMAND,0.5684,0.4048,1.0,GOURMAND,0.6688,0.4763,0.8499,WOODY,0.3789,0.0311,0.4316,WOODY,0.581,0.2952,0.2815,GOURMAND,0.631,0.4494,0.9008,AMBER,0.6488,0.4853,1.0,AMBER,0.7768,0.5952,0.9008
1198,Ralph Lauren,Polo Blue,AQUATIC,0.4413,0.108,0.9342,AQUATIC,0.4947,0.1211,0.8333,AQUATIC,0.4413,0.108,0.9342,AQUATIC,0.4947,0.1211,0.8333,AQUATIC,0.4413,0.108,0.9342,AQUATIC,0.4413,0.108,0.9342,AQUATIC,0.4413,0.108,0.9342
1063,Narciso Rodriguez,Narciso Rodriguez for Him,AQUATIC,0.3277,0.0565,1.0,AQUATIC,0.4496,0.1163,0.7288,AQUATIC,0.3277,0.0565,1.0,AQUATIC,0.4496,0.1163,0.7288,AMBER,0.3674,0.0042,0.9021,AQUATIC,0.3277,0.0565,1.0,AMBER,0.3674,0.0042,0.9021
62616,By Kilian,Roses on Ice,AQUATIC,0.4177,0.1885,1.0,AQUATIC,0.4534,0.2047,0.9212,AQUATIC,0.4177,0.1885,1.0,AQUATIC,0.4534,0.2047,0.9212,AQUATIC,0.4177,0.1885,1.0,AQUATIC,0.4177,0.1885,1.0,AQUATIC,0.4177,0.1885,1.0
37753,Abercrombie & Fitch,First Instinct,AQUATIC,0.4344,0.2053,0.8877,AQUATIC,0.5014,0.2369,0.7691,AQUATIC,0.4344,0.2053,0.8877,AQUATIC,0.5014,0.2369,0.7691,AQUATIC,0.4344,0.2053,0.8877,AQUATIC,0.4344,0.2053,0.8877,AQUATIC,0.4344,0.2053,0.8877
27711,Armaf,Tres Nuit,FLORAL,0.2857,0.0594,1.0,FLORAL,0.3508,0.0729,0.8145,FLORAL,0.2857,0.0594,1.0,FLORAL,0.3508,0.0729,0.8145,FLORAL,0.3508,0.0729,0.8145,FLORAL,0.2857,0.0594,1.0,FLORAL,0.3508,0.0729,0.8145
60665,ZARKOPERFUME,The Muse,MUSK,0.7236,0.5894,0.9685,FLORAL,0.4853,0.0735,0.2677,MUSK,0.7448,0.6067,0.9409,FLORAL,0.541,0.082,0.2402,AMBER,0.5342,0.3082,0.5748,MUSK,0.7236,0.5894,0.9685,AMBER,0.5822,0.3562,0.5748
52483,Chanel,1957 Eau de Parfum,MUSK,0.4456,0.0875,0.9332,FLORAL,0.6459,0.4545,0.5173,MUSK,0.4456,0.0875,0.9332,FLORAL,0.6459,0.4545,0.5173,FLORAL,0.4874,0.2419,0.6856,MUSK,0.4456,0.0875,0.9332,FLORAL,0.4874,0.2419,0.6856
62617,Maison Crivelli,Iris Malikhân,GREEN,0.2341,0.0117,1.0,GREEN,0.2811,0.0141,0.8328,GREEN,0.2657,0.0133,0.8813,GREEN,0.3279,0.0164,0.714,GREEN,0.2811,0.0141,0.8328,GREEN,0.2341,0.0117,1.0,GREEN,0.2811,0.0141,0.8328
35226,Mancera,Wild Cherry,GOURMAND,0.3327,0.1335,1.0,GOURMAND,0.4154,0.1791,0.8008,MUSK,0.2985,0.0149,0.6673,FRUITY,0.4043,0.1787,0.4681,GOURMAND,0.4154,0.1791,0.8008,AMBER,0.3327,0.1335,1.0,AMBER,0.4154,0.1791,0.8008
125485,Creed,Wild Vetiver,FLORAL,0.2554,0.0268,1.0,FLORAL,0.2554,0.0268,1.0,FLORAL,0.2554,0.0268,1.0,FLORAL,0.2554,0.0268,1.0,FLORAL,0.2554,0.0268,1.0,FLORAL,0.2554,0.0268,1.0,FLORAL,0.2554,0.0268,1.0
68998,Penhaligon's,Constantinople,WOODY,0.391,0.1638,1.0,WOODY,0.391,0.1638,1.0,WOODY,0.4362,0.1828,0.8964,WOODY,0.4362,0.1828,0.8964,WOODY,0.391,0.1638,1.0,WOODY,0.391,0.0603,1.0,WOODY,0.391,0.0603,1.0
79171,Fine'ry.,Before The Rainbow,WOODY,0.3779,0.0258,1.0,WOODY,0.3779,0.0258,1.0,WOODY,0.3779,0.0258,1.0,WOODY,0.3779,0.0258,1.0,WOODY,0.3779,0.0258,1.0,WOODY,0.3779,0.0258,1.0,WOODY,0.3779,0.0258,1.0
36247,BeauFort London,Vi Et Armis,AMBER,0.4757,0.0541,1.0,AMBER,0.4757,0.0541,1.0,AMBER,0.5301,0.0602,0.8973,AMBER,0.5301,0.0602,0.8973,AMBER,0.4757,0.0541,1.0,AMBER,0.5784,0.1568,1.0,AMBER,0.5784,0.1568,1.0
105519,French Avenue,Veneno,AMBER,0.4306,0.2056,0.9119,AMBER,0.4306,0.2056,0.9119,AMBER,0.5556,0.3288,0.7067,AMBER,0.5556,0.3288,0.7067,AMBER,0.4306,0.2056,0.9119,AMBER,0.6555,0.4798,0.9119,AMBER,0.6555,0.4798,0.9119
4491,Histoires de Parfums,1725,GREEN,0.2642,0.0459,1.0,GREEN,0.2981,0.0518,0.8862,GREEN,0.338,0.1033,0.7817,GREEN,0.3956,0.1209,0.6679,GREEN,0.2981,0.0518,0.8862,AMBER,0.4018,0.1376,1.0,AMBER,0.4534,0.1553,0.8862
24922,Lacoste Fragrances,Lacoste Live,GREEN,0.2366,0.0518,0.9409,GREEN,0.2366,0.0518,0.9409,GREEN,0.2678,0.0586,0.8313,GREEN,0.2678,0.0586,0.8313,GREEN,0.2366,0.0518,0.9409,AMBER,0.3013,0.0647,0.9409,AMBER,0.3013,0.0647,0.9409
30529,Xerjoff,XJ 1861 Naxos,GOURMAND,0.4943,0.283,1.0,GOURMAND,0.4943,0.283,1.0,GREEN,0.4179,0.1978,0.5057,GREEN,0.4179,0.1978,0.5057,GOURMAND,0.4943,0.283,1.0,AMBER,0.6057,0.3943,1.0,AMBER,0.6057,0.3943,1.0
62775,Nasomatto,Fantomas,AQUATIC,0.3566,0.0982,0.6778,AQUATIC,0.3566,0.0982,0.6778,AQUATIC,0.4808,0.1742,0.5026,AQUATIC,0.4808,0.1742,0.5026,AQUATIC,0.3566,0.0982,0.6778,AQUATIC,0.3566,0.0982,0.6778,AQUATIC,0.3566,0.0982,0.6778
30721,Reyane Tradition,Insurrection II Wild,GOURMAND,0.6197,0.3378,1.0,GOURMAND,0.6197,0.3378,1.0,AMBER,0.7412,0.6,0.3803,AMBER,0.7412,0.6,0.3803,GOURMAND,0.6197,0.3378,1.0,AMBER,0.9016,0.8479,1.0,AMBER,0.9016,0.8479,1.0
91883,Zimaya,Sharaf Blend,GOURMAND,0.4689,0.113,1.0,GOURMAND,0.4985,0.1201,0.9407,AMBER,0.6702,0.5532,0.5311,AMBER,0.7545,0.6228,0.4718,GOURMAND,0.4985,0.1201,0.9407,AMBER,0.8249,0.7627,1.0,AMBER,0.8769,0.8108,0.9407
45706,Imaginary Authors,Saint Julep,GREEN,0.3043,0.0087,1.0,GREEN,0.3043,0.0087,1.0,GREEN,0.4321,0.1821,0.7043,GREEN,0.4321,0.1821,0.7043,GREEN,0.3043,0.0087,1.0,AMBER,0.4717,0.1674,1.0,AMBER,0.4717,0.1674,1.0
25977,Jimmy Choo,Jimmy Choo Man,FRUITY,0.3094,0.0915,0.8982,FRUITY,0.3489,0.1032,0.7965,FRUITY,0.3955,0.2006,0.7025,FRUITY,0.4625,0.2345,0.6008,FRUITY,0.3094,0.0915,0.8982,FRUITY,0.3094,0.0915,0.8982,AMBER,0.3312,0.0218,0.8982
16067,Santa Maria Novella,Tabacco Toscano,WOODY,0.3953,0.1351,1.0,WOODY,0.4407,0.1507,0.897,WOODY,0.5212,0.1782,0.7584,WOODY,0.6031,0.2062,0.6554,WOODY,0.4407,0.1507,0.897,AMBER,0.5017,0.1064,1.0,AMBER,0.5593,0.1186,0.897
93818,Maison Alhambra,Hercules,AMBER,0.5324,0.2891,1.0,AMBER,0.587,0.3187,0.9071,AMBER,0.7037,0.5302,0.7566,AMBER,0.8022,0.6044,0.6637,AMBER,0.6254,0.382,1.0,AMBER,0.7758,0.6445,1.0,AMBER,0.8687,0.7375,1.0
17145,The Body Shop,Mango,FRUITY,0.6207,0.4138,1.0,FRUITY,0.6207,0.4138,1.0,FRUITY,0.7826,0.6087,0.7931,FRUITY,0.7826,0.6087,0.7931,FRUITY,0.6207,0.4138,1.0,FRUITY,0.6207,0.4138,1.0,FRUITY,0.6207,0.4138,1.0
16657,Versace,Eros,GREEN,0.3646,0.1562,1.0,GREEN,0.3646,0.1562,1.0,GREEN,0.4605,0.2026,0.7917,GREEN,0.4605,0.2026,0.7917,GREEN,0.3646,0.1562,1.0,AMBER,0.4125,0.0479,1.0,AMBER,0.4125,0.0479,1.0
83483,Burberry,Goddess,GOURMAND,0.5444,0.3243,1.0,GOURMAND,0.5875,0.35,0.9266,GREEN,0.4831,0.1271,0.4556,GREEN,0.5758,0.1515,0.3822,GOURMAND,0.5875,0.35,0.9266,AMBER,0.7066,0.4865,1.0,AMBER,0.7625,0.525,0.9266
45258,Giorgio Armani,Emporio Armani Stronger With You,GOURMAND,0.5494,0.2963,1.0,GOURMAND,0.5993,0.3232,0.9167,GREEN,0.5616,0.3082,0.4506,GREEN,0.6891,0.3782,0.3673,GOURMAND,0.5993,0.3232,0.9167,AMBER,0.6636,0.4105,1.0,AMBER,0.7239,0.4478,0.9167
88083,ALREHAB PERFUMES,Choco Musk Eau de Parfum,GOURMAND,0.521,0.3046,1.0,GOURMAND,0.665,0.4169,0.7836,MUSK,0.4519,0.046,0.479,AMBER,0.7405,0.4809,0.2625,GOURMAND,0.5991,0.2765,0.8697,AMBER,0.7154,0.499,1.0,AMBER,0.9217,0.8433,0.8697
46038,Rabanne,Pure XS,GOURMAND,0.4399,0.0887,1.0,GOURMAND,0.4399,0.0887,1.0,AMBER,0.6271,0.4092,0.5601,AMBER,0.6271,0.4092,0.5601,GOURMAND,0.4399,0.0887,1.0,AMBER,0.7911,0.6691,1.0,AMBER,0.7911,0.6691,1.0
64788,Giardini Di Toscana,Celeste,FLORAL,0.3131,0.0436,1.0,FLORAL,0.3828,0.0534,0.8178,FLORAL,0.4286,0.1792,0.7306,FLORAL,0.5709,0.4187,0.5484,FLORAL,0.3828,0.0534,0.8178,AMBER,0.3416,0.0285,1.0,AMBER,0.4176,0.0348,0.8178
68415,Dior,Sauvage Elixir,AMBER,0.6012,0.3385,1.0,AMBER,0.6012,0.3385,1.0,AMBER,0.6012,0.3385,1.0,AMBER,0.6012,0.3385,1.0,AMBER,0.6012,0.3385,1.0,AMBER,0.6012,0.3385,1.0,AMBER,0.6012,0.3385,1.0
5242,L'Artisan Parfumeur,Tea for Two,AMBER,0.6196,0.3471,0.9107,AMBER,0.6196,0.3471,0.9107,AMBER,0.8518,0.7035,0.6625,AMBER,0.8518,0.7035,0.6625,AMBER,0.6196,0.3471,0.9107,AMBER,0.8922,0.7843,0.9107,AMBER,0.8922,0.7843,0.9107
51704,Akro,Awake,AMBER,0.339,0.0508,0.9833,AMBER,0.339,0.0508,0.9833,AMBER,0.4762,0.219,0.7,AMBER,0.4762,0.219,0.7,AMBER,0.339,0.0508,0.9833,AMBER,0.6271,0.4441,0.9833,AMBER,0.6271,0.4441,0.9833
23711,Montblanc,Emblem,AMBER,0.3259,0.0972,1.0,AMBER,0.3259,0.0972,1.0,AMBER,0.3523,0.105,0.9251,AMBER,0.3523,0.105,0.9251,AMBER,0.3259,0.0972,1.0,AMBER,0.4008,0.1721,1.0,AMBER,0.4008,0.1721,1.0
15948,Etat Libre d'Orange,The Afternoon of a Faun,AMBER,0.3808,0.0879,1.0,AMBER,0.3808,0.0879,1.0,AMBER,0.4323,0.0998,0.8808,AMBER,0.4323,0.0998,0.8808,AMBER,0.3808,0.0879,1.0,AMBER,0.5,0.2071,1.0,AMBER,0.5,0.2071,1.0
68283,Afnan,Supremacy in Oud,AMBER,0.3519,0.0808,1.0,AMBER,0.4126,0.0947,0.8528,AMBER,0.4179,0.0959,0.842,AMBER,0.5065,0.1163,0.6948,AMBER,0.4561,0.1618,0.921,AMBER,0.5099,0.2388,1.0,AMBER,0.6277,0.3333,0.921
44128,Franck Boclet,Cocaïne,FLORAL,0.4855,0.1929,1.0,FLORAL,0.5243,0.2083,0.926,FLORAL,0.6864,0.5818,0.7074,FLORAL,0.7665,0.6497,0.6334,FLORAL,0.4855,0.1929,1.0,FLORAL,0.4855,0.119,1.0,FLORAL,0.4855,0.045,1.0
64805,Maison Martin Margiela,Matcha Meditation,GREEN,0.3028,0.0681,0.9122,GREEN,0.3266,0.0734,0.8458,GREEN,0.3644,0.0819,0.758,GREEN,0.3994,0.0898,0.6916,GREEN,0.3266,0.0734,0.8458,GREEN,0.3028,0.0423,0.9122,GREEN,0.3266,0.0456,0.8458
72556,Rabanne,Olympéa Solar,FLORAL,0.4766,0.2865,1.0,FLORAL,0.4766,0.2865,1.0,FLORAL,0.5544,0.3333,0.8596,FLORAL,0.5544,0.3333,0.8596,FLORAL,0.4766,0.2865,1.0,FLORAL,0.4766,0.2427,1.0,FLORAL,0.4766,0.2427,1.0
35234,Clean,Rain,WOODY,0.3139,0.0706,1.0,WOODY,0.3139,0.0706,1.0,WOODY,0.3139,0.0706,1.0,WOODY,0.3139,0.0706,1.0,WOODY,0.3139,0.0706,1.0,WOODY,0.3139,0.0706,1.0,WOODY,0.3139,0.0706,1.0
64338,Essential Parfums,Bois Impérial,WOODY,0.4763,0.1657,1.0,WOODY,0.4763,0.1657,1.0,WOODY,0.4763,0.1657,1.0,WOODY,0.4763,0.1657,1.0,WOODY,0.4763,0.1657,1.0,WOODY,0.4763,0.1657,1.0,WOODY,0.4763,0.1657,1.0
15211,Mancera,Cedrat Boise,WOODY,0.3038,0.1086,1.0,WOODY,0.3333,0.1192,0.9113,WOODY,0.327,0.1169,0.929,WOODY,0.3615,0.1293,0.8404,WOODY,0.3333,0.1192,0.9113,WOODY,0.3038,0.1086,1.0,WOODY,0.3333,0.1192,0.9113
31872,Le Labo,The Noir 29,AMBER,0.2682,0.0416,1.0,AMBER,0.2682,0.0416,1.0,AMBER,0.3079,0.0477,0.8711,AMBER,0.3079,0.0477,0.8711,AMBER,0.2682,0.0416,1.0,AMBER,0.3971,0.1705,1.0,AMBER,0.3971,0.1705,1.0
62101,Parfums de Marly,Greenley,WOODY,0.2849,0.0814,1.0,WOODY,0.3577,0.129,0.7965,WOODY,0.2849,0.0814,1.0,WOODY,0.3577,0.129,0.7965,WOODY,0.3182,0.1126,0.8953,WOODY,0.2849,0.0814,1.0,WOODY,0.3182,0.1126,0.8953
16445,Xerjoff,40 Knots,AQUATIC,0.3939,0.0152,1.0,AQUATIC,0.4078,0.0157,0.9659,AQUATIC,0.3939,0.0152,1.0,AQUATIC,0.4078,0.0157,0.9659,AQUATIC,0.4078,0.0157,0.9659,AQUATIC,0.3939,0.0152,1.0,AQUATIC,0.4078,0.0157,0.9659
77,Kenzo,Kenzo pour Homme,GREEN,0.3268,0.0451,1.0,GREEN,0.3515,0.0485,0.9296,GREEN,0.3268,0.0451,1.0,GREEN,0.3515,0.0485,0.9296,GREEN,0.3515,0.0485,0.9296,GREEN,0.3268,0.0451,1.0,GREEN,0.3515,0.0485,0.9296
26845,Nest,Indigo,GREEN,0.2467,0.0654,1.0,GREEN,0.2467,0.0654,1.0,GREEN,0.2745,0.0727,0.8987,GREEN,0.2745,0.0727,0.8987,GREEN,0.2467,0.0654,1.0,AMBER,0.2827,0.0359,1.0,AMBER,0.2827,0.0359,1.0
5581,Jo Malone London,Pomegranate Noir,AMBER,0.3904,0.0695,1.0,AMBER,0.3904,0.0695,1.0,AMBER,0.4411,0.0785,0.885,AMBER,0.4411,0.0785,0.885,AMBER,0.3904,0.0695,1.0,AMBER,0.5053,0.1845,1.0,AMBER,0.5053,0.1845,1.0
74121,Marc-Antoine Barrois,Encelade,WOODY,0.4159,0.1111,1.0,WOODY,0.4486,0.1199,0.927,WOODY,0.4834,0.1292,0.8603,WOODY,0.5282,0.1411,0.7873,WOODY,0.4486,0.1199,0.927,WOODY,0.4159,0.1111,1.0,WOODY,0.4486,0.1199,0.927
96817,Rasasi,Hawas Black,WOODY,0.5915,0.401,1.0,WOODY,0.5915,0.401,1.0,WOODY,0.6327,0.429,0.9348,WOODY,0.6327,0.429,0.9348,WOODY,0.5915,0.401,1.0,WOODY,0.5915,0.401,1.0,WOODY,0.5915,0.401,1.0
14838,The Different Company,Tokyo Bloom,FLORAL,0.2681,0.0304,1.0,FLORAL,0.3087,0.035,0.8685,FLORAL,0.3064,0.0347,0.8752,FLORAL,0.3605,0.0408,0.7437,FLORAL,0.3087,0.035,0.8685,FLORAL,0.2681,0.0067,1.0,FLORAL,0.3087,0.0078,0.8685
16546,Imaginary Authors,The Soft Lawn,GREEN,0.3002,0.0051,0.8682,GREEN,0.3002,0.0051,0.8682,GREEN,0.3384,0.0057,0.7701,GREEN,0.3384,0.0057,0.7701,GREEN,0.3002,0.0051,0.8682,GREEN,0.3002,0.0051,0.8682,GREEN,0.3002,0.0051,0.8682
25780,Guerlain,L’Homme Idéal,GOURMAND,0.4942,0.3306,1.0,GOURMAND,0.4942,0.3306,1.0,CITRUS,0.3234,0.0429,0.5058,CITRUS,0.3234,0.0429,0.5058,GOURMAND,0.4942,0.3306,1.0,AMBER,0.4942,0.3306,1.0,AMBER,0.4942,0.3306,1.0
31909,Dolce&Gabbana,The One for Men Eau de Parfum,AMBER,0.5655,0.431,1.0,AMBER,0.5655,0.431,1.0,AMBER,0.626,0.4771,0.9034,AMBER,0.626,0.4771,0.9034,AMBER,0.5655,0.431,1.0,AMBER,0.6621,0.5276,1.0,AMBER,0.6621,0.5276,1.0
2056,Dolce&Gabbana,The One for Men,AMBER,0.5599,0.4199,1.0,AMBER,0.5599,0.4199,1.0,AMBER,0.6206,0.4654,0.9022,AMBER,0.6206,0.4654,0.9022,AMBER,0.5599,0.4199,1.0,AMBER,0.6577,0.5177,1.0,AMBER,0.6577,0.5177,1.0
6472,Nasomatto,Black Afgano,WOODY,0.4051,0.0896,1.0,WOODY,0.4051,0.0896,1.0,WOODY,0.4051,0.0896,1.0,WOODY,0.4051,0.0896,1.0,WOODY,0.4051,0.0896,1.0,WOODY,0.4051,0.0896,1.0,WOODY,0.4051,0.0896,1.0
96246,Hugo Boss,Bottled Absolu,AMBER,0.4813,0.0196,1.0,AMBER,0.4813,0.0196,1.0,AMBER,0.4813,0.0196,1.0,AMBER,0.4813,0.0196,1.0,AMBER,0.4813,0.0196,1.0,AMBER,0.4813,0.0196,1.0,AMBER,0.4813,0.0196,1.0
15295,Amouage,Interlude Woman,AMBER,0.4566,0.2162,1.0,AMBER,0.4566,0.2162,1.0,AMBER,0.6011,0.3298,0.7596,AMBER,0.6011,0.3298,0.7596,AMBER,0.4566,0.2162,1.0,AMBER,0.697,0.4909,1.0,AMBER,0.697,0.4909,1.0
1998,Issey Miyake,L'Eau d'Issey Pour Homme Intense,AMBER,0.5563,0.3615,1.0,AMBER,0.5563,0.3615,1.0,AMBER,0.5563,0.3615,1.0,AMBER,0.5563,0.3615,1.0,AMBER,0.5563,0.3615,1.0,AMBER,0.5563,0.3615,1.0,AMBER,0.5563,0.3615,1.0
34730,Etat Libre d'Orange,Hermann à mes Côtés me Paraissait une Ombre,WOODY,0.355,0.0911,1.0,WOODY,0.355,0.0911,1.0,WOODY,0.355,0.0911,1.0,WOODY,0.355,0.0911,1.0,WOODY,0.355,0.0911,1.0,WOODY,0.355,0.0911,1.0,WOODY,0.355,0.0911,1.0
15967,Dior,Miss Dior Le Parfum,AMBER,0.3516,0.0762,1.0,AMBER,0.3516,0.0762,1.0,AMBER,0.4045,0.0876,0.8691,AMBER,0.4045,0.0876,0.8691,AMBER,0.3516,0.0762,1.0,AMBER,0.4824,0.207,1.0,AMBER,0.4824,0.207,1.0
75182,Burberry,Hero Eau de Parfum,AMBER,0.4798,0.1509,1.0,AMBER,0.4798,0.1509,1.0,AMBER,0.5028,0.1582,0.9542,AMBER,0.5028,0.1582,0.9542,AMBER,0.4798,0.1509,1.0,AMBER,0.5256,0.1968,1.0,AMBER,0.5256,0.1968,1.0
55166,Fragrance One,Office For Men,AMBER,0.3406,0.0899,1.0,AMBER,0.4545,0.2182,0.7493,AMBER,0.3406,0.0899,1.0,AMBER,0.4545,0.2182,0.7493,AMBER,0.5588,0.3676,0.9264,AMBER,0.3406,0.0899,1.0,AMBER,0.5588,0.3676,0.9264
69923,Orto Parisi,Cuoium,WOODY,0.4597,0.1866,1.0,WOODY,0.6324,0.2649,0.7269,WOODY,0.4597,0.1866,1.0,WOODY,0.6324,0.2649,0.7269,AMBER,0.5403,0.0806,1.0,WOODY,0.4597,0.1866,1.0,AMBER,0.5403,0.0806,1.0
79942,Maison Alhambra,Toscano Leather,WOODY,0.4201,0.2049,1.0,WOODY,0.5284,0.2577,0.7951,WOODY,0.4496,0.2193,0.9344,WOODY,0.5758,0.2809,0.7295,WOODY,0.4201,0.0,1.0,WOODY,0.4201,0.1393,1.0,AMBER,0.4857,0.0656,1.0
31827,Mugler,Cuir Impertinent,AMBER,0.4535,0.2838,1.0,AMBER,0.5462,0.3497,0.8303,AMBER,0.4894,0.3063,0.9266,AMBER,0.5991,0.3836,0.7569,AMBER,0.5947,0.4193,0.9299,AMBER,0.5269,0.3573,1.0,AMBER,0.6737,0.4982,0.9299
17150,Atelier Cologne,Mistral Patchouli,AMBER,0.401,0.0732,1.0,AMBER,0.401,0.0732,1.0,AMBER,0.401,0.0732,1.0,AMBER,0.401,0.0732,1.0,AMBER,0.401,0.0732,1.0,AMBER,0.401,0.0732,1.0,AMBER,0.401,0.0732,1.0
375,Clinique,Clinique Happy Heart 2003,AQUATIC,0.3659,0.228,1.0,AQUATIC,0.3659,0.228,1.0,AQUATIC,0.3659,0.228,1.0,AQUATIC,0.3659,0.228,1.0,AQUATIC,0.3659,0.228,1.0,AQUATIC,0.3659,0.228,1.0,AQUATIC,0.3659,0.228,1.0
101438,Giorgio Armani,Acqua di Giò Elixir,AQUATIC,0.334,0.0428,1.0,AQUATIC,0.334,0.0428,1.0,AQUATIC,0.334,0.0428,1.0,AQUATIC,0.334,0.0428,1.0,AQUATIC,0.334,0.0428,1.0,AQUATIC,0.334,0.0428,1.0,AQUATIC,0.334,0.0428,1.0
14225,Dolce&Gabbana,The One Sport,AMBER,0.2839,0.0313,0.9055,AMBER,0.3063,0.0338,0.8393,AMBER,0.2839,0.0313,0.9055,AMBER,0.3063,0.0338,0.8393,AMBER,0.357,0.1044,0.9055,AMBER,0.2839,0.0313,0.9055,AMBER,0.357,0.1044,0.9055
5521,Yves Saint Laurent,La Nuit de l'Homme,GREEN,0.4326,0.1062,1.0,GREEN,0.4326,0.1062,1.0,GREEN,0.4326,0.1062,1.0,GREEN,0.4326,0.1062,1.0,GREEN,0.4326,0.1062,1.0,GREEN,0.4326,0.1062,1.0,GREEN,0.4326,0.1062,1.0
14669,Chanel,Allure Homme Sport Eau Extreme,GREEN,0.3194,0.1138,1.0,GREEN,0.3501,0.1247,0.9122,GREEN,0.402,0.2261,0.7944,GREEN,0.452,0.2542,0.7066,GREEN,0.3194,0.1038,1.0,AMBER,0.3333,0.014,1.0,AMBER,0.4212,0.1018,1.0
614,Chanel,Egoiste Platinum,GREEN,0.5394,0.2727,1.0,GREEN,0.5394,0.2727,1.0,GREEN,0.5394,0.2727,1.0,GREEN,0.5394,0.2727,1.0,GREEN,0.5394,0.2727,1.0,GREEN,0.5394,0.2727,1.0,GREEN,0.5394,0.2727,1.0
46513,Tom Ford,Fabulous,GOURMAND,0.3619,0.0983,1.0,GOURMAND,0.3619,0.0983,1.0,GREEN,0.4132,0.0049,0.6381,GREEN,0.4132,0.0049,0.6381,GOURMAND,0.3619,0.0983,1.0,AMBER,0.4758,0.2122,1.0,AMBER,0.4758,0.2122,1.0
71761,Valentino,Valentino Uomo Born In Roma Coral Fantasy,AMBER,0.3644,0.0572,1.0,AMBER,0.3644,0.0572,1.0,AMBER,0.4155,0.0652,0.8771,AMBER,0.4155,0.0652,0.8771,AMBER,0.3644,0.0572,1.0,AMBER,0.4873,0.1801,1.0,AMBER,0.4873,0.1801,1.0
371,Clinique,Aromatics Elixir,WOODY,0.4981,0.2035,1.0,WOODY,0.4981,0.2035,1.0,WOODY,0.4981,0.2035,1.0,WOODY,0.4981,0.2035,1.0,WOODY,0.4981,0.2035,1.0,WOODY,0.4981,0.2035,1.0,WOODY,0.4981,0.2035,1.0
69,Guerlain,Vetiver,WOODY,0.2915,0.0359,1.0,WOODY,0.2915,0.0359,1.0,WOODY,0.2915,0.0359,1.0,WOODY,0.2915,0.0359,1.0,WOODY,0.2915,0.0359,1.0,WOODY,0.2915,0.0359,1.0,WOODY,0.2915,0.0359,1.0
81508,Giorgio Armani,Acqua di Giò Parfum,AMBER,0.3219,0.037,1.0,AMBER,0.3219,0.037,1.0,AMBER,0.3219,0.037,1.0,AMBER,0.3219,0.037,1.0,AMBER,0.3219,0.037,1.0,AMBER,0.3219,0.037,1.0,AMBER,0.3219,0.037,1.0
307,Cartier,Declaration,AMBER,0.3333,0.0584,0.9371,AMBER,0.3333,0.0584,0.9371,AMBER,0.3333,0.0584,0.9371,AMBER,0.3333,0.0584,0.9371,AMBER,0.3333,0.0584,0.9371,AMBER,0.3333,0.0584,0.9371,AMBER,0.3333,0.0584,0.9371
38686,Azzaro,Wanted,AMBER,0.4208,0.1733,0.8879,AMBER,0.4208,0.1733,0.8879,AMBER,0.4208,0.1733,0.8879,AMBER,0.4208,0.1733,0.8879,AMBER,0.4208,0.1733,0.8879,AMBER,0.4208,0.1733,0.8879,AMBER,0.4208,0.1733,0.8879
71888,Carolina Herrera,Bad Boy Cobalt Parfum Electrique,GREEN,0.2922,0.0174,1.0,GREEN,0.2922,0.0174,1.0,GREEN,0.3262,0.0194,0.8957,GREEN,0.3262,0.0194,0.8957,GREEN,0.2922,0.0174,1.0,GREEN,0.2922,0.0087,1.0,GREEN,0.2922,0.0087,1.0
390,Comme des Garcons,Comme des Garcons 2,AMBER,0.2899,0.0483,0.9099,AMBER,0.2899,0.0483,0.9099,AMBER,0.2899,0.0483,0.9099,AMBER,0.2899,0.0483,0.9099,AMBER,0.2899,0.0483,0.9099,AMBER,0.2899,0.0483,0.9099,AMBER,0.2899,0.0483,0.9099
45343,Coach,Coach for Men,AMBER,0.3406,0.1426,1.0,AMBER,0.3406,0.1426,1.0,AMBER,0.3707,0.1552,0.9188,AMBER,0.3707,0.1552,0.9188,AMBER,0.3406,0.1426,1.0,AMBER,0.4218,0.2238,1.0,AMBER,0.4218,0.2238,1.0
113,Aramis,Aramis,WOODY,0.5256,0.2473,1.0,WOODY,0.5256,0.2473,1.0,WOODY,0.5256,0.2473,1.0,WOODY,0.5256,0.2473,1.0,WOODY,0.5256,0.2473,1.0,WOODY,0.5256,0.2473,1.0,WOODY,0.5256,0.2473,1.0
3508,Abercrombie & Fitch,Fierce,WOODY,0.2975,0.0475,0.9174,WOODY,0.3343,0.0534,0.8165,WOODY,0.2975,0.0475,0.9174,WOODY,0.3343,0.0534,0.8165,WOODY,0.2975,0.0475,0.9174,WOODY,0.2975,0.0475,0.9174,WOODY,0.2975,0.0475,0.9174
48138,Giorgio Armani,Acqua di Giò Absolu,AMBER,0.297,0.099,1.0,AMBER,0.297,0.099,1.0,AMBER,0.297,0.099,1.0,AMBER,0.297,0.099,1.0,AMBER,0.297,0.099,1.0,AMBER,0.297,0.099,1.0,AMBER,0.297,0.099,1.0
41698,Creed,Viking,GREEN,0.461,0.2064,1.0,GREEN,0.461,0.2064,1.0,GREEN,0.461,0.2064,1.0,GREEN,0.461,0.2064,1.0,GREEN,0.461,0.2064,1.0,GREEN,0.461,0.2064,1.0,GREEN,0.461,0.2064,1.0
88995,Lush,Sticky Dates,GOURMAND,0.5667,0.2444,1.0,GOURMAND,0.5885,0.2538,0.963,AMBER,0.7436,0.5726,0.4333,AMBER,0.8131,0.6262,0.3963,GOURMAND,0.5885,0.2538,0.963,AMBER,0.8889,0.8148,1.0,AMBER,0.9231,0.8462,0.963
89051,Room 1015,Cherry Punk Extrait de Parfum,GOURMAND,0.3333,0.0623,1.0,GOURMAND,0.3607,0.0674,0.9241,FRUITY,0.4065,0.0163,0.6667,FRUITY,0.4587,0.0183,0.5908,GOURMAND,0.3607,0.0674,0.9241,AMBER,0.5935,0.3225,1.0,AMBER,0.6422,0.349,0.9241
80482,Une Nuit Nomade,Sugar Leather,AMBER,0.4254,0.1623,1.0,AMBER,0.4597,0.1754,0.9254,AMBER,0.5772,0.2557,0.7369,AMBER,0.6423,0.2845,0.6623,AMBER,0.5,0.2369,1.0,AMBER,0.6884,0.4515,1.0,AMBER,0.7631,0.5261,1.0
17,Hermès,Terre d'Hermès,WOODY,0.3416,0.1041,1.0,WOODY,0.3416,0.1041,1.0,WOODY,0.357,0.1087,0.957,WOODY,0.357,0.1087,0.957,WOODY,0.3416,0.1041,1.0,WOODY,0.3416,0.0611,1.0,WOODY,0.3416,0.0611,1.0
34696,Armaf,Club de Nuit Intense Man,WOODY,0.3469,0.0554,0.9171,WOODY,0.3469,0.0554,0.9171,WOODY,0.3814,0.0609,0.8342,WOODY,0.3814,0.0609,0.8342,WOODY,0.3469,0.0554,0.9171,WOODY,0.3469,0.0554,0.9171,WOODY,0.3469,0.0554,0.9171
25967,Chanel,Bleu de Chanel Eau de Parfum,AMBER,0.4227,0.1812,0.9345,AMBER,0.4227,0.1812,0.9345,AMBER,0.4227,0.1812,0.9345,AMBER,0.4227,0.1812,0.9345,AMBER,0.4227,0.1812,0.9345,AMBER,0.4227,0.1812,0.9345,AMBER,0.4227,0.1812,0.9345
9099,Chanel,Bleu de Chanel,AMBER,0.4103,0.1726,1.0,AMBER,0.4103,0.1726,1.0,AMBER,0.4103,0.1726,1.0,AMBER,0.4103,0.1726,1.0,AMBER,0.4103,0.1726,1.0,AMBER,0.4103,0.1726,1.0,AMBER,0.4103,0.1726,1.0
721,Issey Miyake,L'Eau d'Issey Pour Homme,CITRUS,0.3356,0.0772,0.9401,CITRUS,0.3356,0.0772,0.9401,CITRUS,0.3571,0.0821,0.8833,CITRUS,0.3571,0.0821,0.8833,CITRUS,0.3356,0.0772,0.9401,CITRUS,0.3356,0.0772,0.9401,CITRUS,0.3356,0.0772,0.9401
52180,Versace,Eros Flame,CITRUS,0.25,0.02,1.0,CITRUS,0.2653,0.0212,0.9425,CITRUS,0.3135,0.0251,0.7975,CITRUS,0.3378,0.027,0.74,CITRUS,0.2653,0.0212,0.9425,AMBER,0.4325,0.1825,1.0,AMBER,0.4589,0.1936,0.9425
644,Versace,Versace Man Eau Fraiche,CITRUS,0.2967,0.1098,0.9413,CITRUS,0.2967,0.1098,0.9413,CITRUS,0.2967,0.1098,0.9413,CITRUS,0.2967,0.1098,0.9413,CITRUS,0.2967,0.1098,0.9413,CITRUS,0.2967,0.1098,0.9413,CITRUS,0.2967,0.1098,0.9413
607,Chanel,Allure Homme Sport,CITRUS,0.2632,0.0184,0.9246,CITRUS,0.2632,0.0184,0.9246,CITRUS,0.3484,0.1568,0.6983,CITRUS,0.3484,0.1568,0.6983,CITRUS,0.2632,0.0184,0.9246,AMBER,0.3342,0.0711,0.9246,AMBER,0.3342,0.0711,0.9246
18471,Rabanne,Invictus,AQUATIC,0.256,0.0372,1.0,AQUATIC,0.256,0.0372,1.0,AQUATIC,0.256,0.0372,1.0,AQUATIC,0.256,0.0372,1.0,AQUATIC,0.256,0.0372,1.0,AQUATIC,0.256,0.0372,1.0,AQUATIC,0.256,0.0372,1.0
5752,Versace,Versense,CITRUS,0.3731,0.1866,0.9306,CITRUS,0.4049,0.2024,0.8576,CITRUS,0.3731,0.1866,0.9306,CITRUS,0.4049,0.2024,0.8576,CITRUS,0.4049,0.2024,0.8576,CITRUS,0.3731,0.1866,0.9306,CITRUS,0.4049,0.2024,0.8576
44035,Dolce&Gabbana,Light Blue Eau Intense Pour Homme,AQUATIC,0.3059,0.0889,1.0,AQUATIC,0.3279,0.0953,0.9328,AQUATIC,0.3059,0.0889,1.0,AQUATIC,0.3279,0.0953,0.9328,AQUATIC,0.3059,0.0889,1.0,AQUATIC,0.3059,0.0889,1.0,AQUATIC,0.3059,0.0889,1.0
297,Carolina Herrera,212 Men,GREEN,0.2982,0.0721,1.0,GREEN,0.355,0.0858,0.8402,GREEN,0.2982,0.0721,1.0,GREEN,0.355,0.0858,0.8402,GREEN,0.329,0.0065,0.9064,GREEN,0.2982,0.0721,1.0,GREEN,0.329,0.0065,0.9064
8282,Hermès,Terre d'Hermes Parfum,WOODY,0.4103,0.0897,1.0,WOODY,0.4103,0.0897,1.0,WOODY,0.4354,0.0952,0.9423,WOODY,0.4354,0.0952,0.9423,WOODY,0.4103,0.0897,1.0,WOODY,0.4103,0.0897,1.0,WOODY,0.4103,0.0897,1.0
33443,Montblanc,Legend Spirit,CITRUS,0.2398,0.0072,0.9329,CITRUS,0.2778,0.0083,0.8054,CITRUS,0.2398,0.0072,0.9329,CITRUS,0.2778,0.0083,0.8054,AMBER,0.2638,0.024,0.9329,CITRUS,0.2398,0.0072,0.9329,AMBER,0.2638,0.024,0.9329
66097,Initio Parfums Prives,Musk Therapy,MUSK,0.3002,0.1014,1.0,CITRUS,0.2841,0.0511,0.6998,MUSK,0.3002,0.1014,1.0,CITRUS,0.2841,0.0511,0.6998,AMBER,0.2626,0.0342,0.8708,MUSK,0.3002,0.1014,1.0,AMBER,0.2626,0.0342,0.8708
68226,Rabanne,Phantom,WOODY,0.2737,0.0044,1.0,WOODY,0.2737,0.0044,1.0,WOODY,0.3316,0.0053,0.8256,WOODY,0.3316,0.0053,0.8256,WOODY,0.2737,0.0044,1.0,WOODY,0.2737,0.0044,1.0,WOODY,0.2737,0.0044,1.0
50495,By Kilian,Bad Boys Are No Good But Good Boys Are No Fun,AMBER,0.4028,0.109,1.0,AMBER,0.4028,0.109,1.0,AMBER,0.4028,0.109,1.0,AMBER,0.4028,0.109,1.0,AMBER,0.4028,0.109,1.0,AMBER,0.4028,0.109,1.0,AMBER,0.4028,0.109,1.0
55785,Jean Paul Gaultier,Le Beau,GOURMAND,0.658,0.5472,1.0,GOURMAND,0.658,0.5472,1.0,CITRUS,0.3241,0.0897,0.342,CITRUS,0.3241,0.0897,0.342,GOURMAND,0.658,0.5472,1.0,AMBER,0.7382,0.6274,1.0,AMBER,0.7382,0.6274,1.0
120986,Valentino,Valentino Uomo Born in Roma Purple Melancholia,GOURMAND,0.413,0.1323,1.0,GOURMAND,0.413,0.1323,1.0,GREEN,0.4783,0.0791,0.587,GREEN,0.4783,0.0791,0.587,GOURMAND,0.413,0.1323,1.0,AMBER,0.6473,0.3666,1.0,AMBER,0.6473,0.3666,1.0
1426,Rochas,Rochas Man,GOURMAND,0.5108,0.3235,1.0,GOURMAND,0.5667,0.3589,0.9014,GREEN,0.3831,0.1452,0.4892,GREEN,0.4798,0.1818,0.3905,GOURMAND,0.5667,0.3589,0.9014,AMBER,0.5108,0.3235,1.0,AMBER,0.5667,0.3589,0.9014
102772,Hermès,Terre d’Hermès Intense,AMBER,0.4525,0.2148,1.0,AMBER,0.4525,0.2148,1.0,AMBER,0.5935,0.4111,0.7623,AMBER,0.5935,0.4111,0.7623,AMBER,0.4525,0.2148,1.0,AMBER,0.6901,0.5511,1.0,AMBER,0.6901,0.5511,1.0
1822,Tom Ford,Noir de Noir,WOODY,0.5204,0.2633,1.0,WOODY,0.5204,0.2633,1.0,WOODY,0.5756,0.2912,0.9041,WOODY,0.5756,0.2912,0.9041,WOODY,0.5204,0.2633,1.0,WOODY,0.5204,0.2633,1.0,WOODY,0.5204,0.2633,1.0
207,Guerlain,Mitsouko Eau de Toilette,WOODY,0.4921,0.345,1.0,WOODY,0.4921,0.345,1.0,WOODY,0.4921,0.345,1.0,WOODY,0.4921,0.345,1.0,WOODY,0.4921,0.345,1.0,WOODY,0.4921,0.345,1.0,WOODY,0.4921,0.345,1.0
31352,Chanel,Cristalle Eau de Parfum,WOODY,0.5477,0.4483,1.0,WOODY,0.5477,0.4483,1.0,WOODY,0.5973,0.4889,0.9168,WOODY,0.5973,0.4889,0.9168,WOODY,0.5477,0.4483,1.0,WOODY,0.5477,0.4483,1.0,WOODY,0.5477,0.4483,1.0
15514,Valentino,Valentina Assoluto,WOODY,0.4596,0.1963,1.0,WOODY,0.5013,0.2141,0.9169,WOODY,0.5251,0.2243,0.8753,WOODY,0.5802,0.2478,0.7921,WOODY,0.4596,0.1963,1.0,WOODY,0.4596,0.1963,1.0,WOODY,0.4596,0.1963,1.0
10314,Jo Malone London,English Pear & Freesia,FLORAL,0.3771,0.179,0.9249,FLORAL,0.418,0.1984,0.8344,FLORAL,0.4365,0.2072,0.7991,FLORAL,0.4922,0.2336,0.7086,FLORAL,0.3771,0.179,0.9249,FLORAL,0.3771,0.179,0.9249,FLORAL,0.3771,0.1432,0.9249
78576,Carolina Herrera,Good Girl Blush,FLORAL,0.4333,0.0952,0.8678,FLORAL,0.4333,0.0952,0.8678,FLORAL,0.6547,0.4353,0.5744,FLORAL,0.6547,0.4353,0.5744,FLORAL,0.4333,0.0952,0.8678,FLORAL,0.4333,0.0952,0.8678,FLORAL,0.4333,0.0952,0.8678
83621,Gucci,Flora Gorgeous Magnolia,FLORAL,0.3157,0.0428,1.0,FLORAL,0.3571,0.0484,0.8839,FLORAL,0.4342,0.2521,0.7271,FLORAL,0.5167,0.3,0.611,FLORAL,0.3157,0.0428,1.0,FLORAL,0.3157,0.0428,1.0,AMBER,0.389,0.0733,1.0
31798,Alaia Paris,Alaïa,FLORAL,0.4416,0.0337,0.853,FLORAL,0.7458,0.4916,0.5051,FLORAL,0.4416,0.0337,0.853,FLORAL,0.7458,0.4916,0.5051,FLORAL,0.5235,0.2254,0.7196,FLORAL,0.4416,0.0337,0.853,FLORAL,0.5235,0.2254,0.7196
1607,Elizabeth Arden,Mediterranean,FLORAL,0.2755,0.0551,0.9453,FLORAL,0.3534,0.1272,0.737,FLORAL,0.3145,0.0629,0.8281,FLORAL,0.4202,0.1513,0.6198,FLORAL,0.3155,0.1136,0.8255,FLORAL,0.2755,0.0551,0.9453,FLORAL,0.3155,0.0662,0.8255
18306,Stéphane Humbert Lucas 777,Soleil de Jeddah,GREEN,0.2218,0.0338,1.0,GREEN,0.2571,0.0392,0.8628,GREEN,0.2218,0.0338,1.0,GREEN,0.2571,0.0392,0.8628,AMBER,0.2368,0.015,1.0,GREEN,0.2218,0.0338,1.0,AMBER,0.2368,0.015,1.0
75487,O Boticário,Malbec Ultra Bleu,GREEN,0.4449,0.2669,0.8252,GREEN,0.4449,0.2669,0.8252,GREEN,0.4449,0.2669,0.8252,GREEN,0.4449,0.2669,0.8252,GREEN,0.4449,0.2669,0.8252,GREEN,0.4449,0.2669,0.8252,GREEN,0.4449,0.2669,0.8252
45707,L'Artisan Parfumeur,Un Air de Bretagne,AQUATIC,0.3762,0.1729,0.8106,AQUATIC,0.3762,0.1729,0.8106,AQUATIC,0.3762,0.1729,0.8106,AQUATIC,0.3762,0.1729,0.8106,AQUATIC,0.3762,0.1729,0.8106,AQUATIC,0.3762,0.1729,0.8106,AQUATIC,0.3762,0.1729,0.8106
734,Yves Saint Laurent,L'Homme,AMBER,0.3945,0.1808,0.9057,AMBER,0.3945,0.1808,0.9057,AMBER,0.4223,0.1935,0.8462,AMBER,0.4223,0.1935,0.8462,AMBER,0.3945,0.1808,0.9057,AMBER,0.4603,0.2466,0.9057,AMBER,0.4603,0.2466,0.9057
815,Burberry,Touch for Men,AQUATIC,0.2738,0.0228,1.0,AQUATIC,0.3655,0.1117,0.749,AQUATIC,0.2738,0.0228,1.0,AQUATIC,0.3655,0.1117,0.749,AMBER,0.3811,0.0779,0.903,AQUATIC,0.2738,0.0228,1.0,AMBER,0.3811,0.0779,0.903
45956,Yves Saint Laurent,Yves Saint Laurent Y,GREEN,0.3067,0.0038,0.8495,GREEN,0.3067,0.0038,0.8495,GREEN,0.3067,0.0038,0.8495,GREEN,0.3067,0.0038,0.8495,GREEN,0.3067,0.0038,0.8495,GREEN,0.3067,0.0038,0.8495,GREEN,0.3067,0.0038,0.8495
2736,Hermès,Un Jardin Apres la Mousson,AMBER,0.5655,0.3155,0.8571,AMBER,0.5655,0.3155,0.8571,AMBER,0.5655,0.3155,0.8571,AMBER,0.5655,0.3155,0.8571,AMBER,0.5655,0.3155,0.8571,AMBER,0.5655,0.3155,0.8571,AMBER,0.5655,0.3155,0.8571
799,Calvin Klein,Euphoria Men,AMBER,0.4899,0.1385,0.9164,AMBER,0.4899,0.1385,0.9164,AMBER,0.4899,0.1385,0.9164,AMBER,0.4899,0.1385,0.9164,AMBER,0.4899,0.1385,0.9164,AMBER,0.4899,0.1385,0.9164,AMBER,0.4899,0.1385,0.9164
15462,Cartier,Declaration d'Un Soir,AMBER,0.4469,0.1643,1.0,AMBER,0.4756,0.1748,0.9396,AMBER,0.4469,0.1643,1.0,AMBER,0.4756,0.1748,0.9396,AMBER,0.4756,0.1748,0.9396,AMBER,0.4469,0.1643,1.0,AMBER,0.4756,0.1748,0.9396
14825,Giorgio Armani,Acqua di Gio Essenza,AMBER,0.2742,0.068,0.8615,AMBER,0.2742,0.068,0.8615,AMBER,0.2742,0.068,0.8615,AMBER,0.2742,0.068,0.8615,AMBER,0.2742,0.068,0.8615,AMBER,0.2742,0.068,0.8615,AMBER,0.2742,0.068,0.8615
25251,Amouage,Journey Man,AMBER,0.5277,0.3202,1.0,AMBER,0.5277,0.3202,1.0,AMBER,0.5277,0.3202,1.0,AMBER,0.5277,0.3202,1.0,AMBER,0.5277,0.3202,1.0,AMBER,0.5277,0.3202,1.0,AMBER,0.5277,0.3202,1.0
148,Bvlgari,BLV Pour Homme,AMBER,0.4517,0.1691,0.9059,AMBER,0.4517,0.1691,0.9059,AMBER,0.4517,0.1691,0.9059,AMBER,0.4517,0.1691,0.9059,AMBER,0.4517,0.1691,0.9059,AMBER,0.4517,0.1691,0.9059,AMBER,0.4517,0.1691,0.9059
51353,Zoologist Perfumes,Tyrannosaurus Rex,AMBER,0.5238,0.2707,1.0,AMBER,0.5664,0.2927,0.9248,AMBER,0.5238,0.2707,1.0,AMBER,0.5664,0.2927,0.9248,AMBER,0.599,0.3459,1.0,AMBER,0.5238,0.2707,1.0,AMBER,0.599,0.3459,1.0
9828,Creed,Aventus,WOODY,0.3747,0.1051,0.9206,WOODY,0.4149,0.1164,0.8313,WOODY,0.4399,0.1234,0.7841,WOODY,0.4964,0.1393,0.6948,WOODY,0.3747,0.1051,0.9206,WOODY,0.3747,0.1051,0.9206,WOODY,0.3747,0.1051,0.9206
38914,Yves Saint Laurent,Mon Paris,FRUITY,0.3086,0.0648,0.9101,FRUITY,0.3086,0.0648,0.9101,FRUITY,0.4082,0.1714,0.6882,FRUITY,0.4082,0.1714,0.6882,FRUITY,0.3086,0.0648,0.9101,FRUITY,0.3086,0.0648,0.9101,FRUITY,0.3086,0.0648,0.9101
32172,Tiziana Terenzi,Kirkè,FRUITY,0.3934,0.1081,0.9074,FRUITY,0.5504,0.2017,0.6485,FRUITY,0.524,0.144,0.6812,FRUITY,0.8452,0.6903,0.4223,FRUITY,0.458,0.1678,0.7793,FRUITY,0.3934,0.1081,0.9074,FRUITY,0.458,0.0,0.7793
98689,Afnan,Supremacy Collector's Edition Pour Homme,FRUITY,0.2637,0.1044,1.0,FRUITY,0.288,0.114,0.9158,FRUITY,0.3137,0.1394,0.8407,FRUITY,0.3487,0.155,0.7564,FRUITY,0.2637,0.0678,1.0,AMBER,0.2711,0.0073,1.0,AMBER,0.3553,0.0916,1.0
23295,Cartier,La Panthere,WOODY,0.3481,0.163,1.0,WOODY,0.4244,0.1986,0.8204,WOODY,0.4069,0.1905,0.8556,WOODY,0.5151,0.2411,0.6759,WOODY,0.3481,0.163,1.0,WOODY,0.3481,0.163,1.0,WOODY,0.3481,0.0241,1.0
10554,Rihanna,Reb'l Fleur,GOURMAND,0.4513,0.2301,1.0,GOURMAND,0.5469,0.2788,0.8252,FRUITY,0.4032,0.0847,0.5487,FRUITY,0.5917,0.1834,0.3739,GOURMAND,0.5075,0.2587,0.8894,AMBER,0.4513,0.2301,1.0,AMBER,0.5796,0.3308,0.8894
11588,Dior,Miss Dior Cherie Eau de Parfum,WOODY,0.3737,0.1577,1.0,WOODY,0.3737,0.1577,1.0,WOODY,0.438,0.1848,0.8531,WOODY,0.438,0.1848,0.8531,WOODY,0.3737,0.1577,1.0,WOODY,0.3737,0.1469,1.0,WOODY,0.3737,0.1469,1.0
58226,Gisada,Ambassador Men,FRUITY,0.373,0.1393,1.0,FRUITY,0.373,0.1393,1.0,FRUITY,0.4866,0.238,0.7664,FRUITY,0.4866,0.238,0.7664,FRUITY,0.373,0.1393,1.0,AMBER,0.4242,0.0512,1.0,AMBER,0.4242,0.0512,1.0
38497,Creed,Aventus for Her,MUSK,0.2809,0.0681,0.9126,FRUITY,0.2959,0.0562,0.6563,MUSK,0.2809,0.0681,0.9126,FRUITY,0.2959,0.0562,0.6563,AMBER,0.2556,0.0074,0.7825,MUSK,0.2809,0.0681,0.9126,AMBER,0.2556,0.0074,0.7825
46098,Xerjoff,Cruz del Sur II,FRUITY,0.5466,0.2637,0.9482,FRUITY,0.5466,0.2637,0.9482,FRUITY,0.7623,0.6682,0.6799,FRUITY,0.7623,0.6682,0.6799,FRUITY,0.5466,0.2637,0.9482,FRUITY,0.5466,0.2637,0.9482,FRUITY,0.5466,0.2637,0.9482
913,Nautica,Nautica Voyage,GREEN,0.3472,0.1597,0.9057,GREEN,0.4274,0.2222,0.7358,GREEN,0.3472,0.1597,0.9057,GREEN,0.4274,0.2222,0.7358,GREEN,0.3861,0.2008,0.8145,GREEN,0.3472,0.1597,0.9057,GREEN,0.3861,0.2008,0.8145
3865,Diptyque,Philosykos Eau de Parfum,GOURMAND,0.3282,0.0215,0.8907,GOURMAND,0.3282,0.0215,0.8907,GREEN,0.4566,0.1142,0.5984,GREEN,0.4566,0.1142,0.5984,GOURMAND,0.3282,0.0215,0.8907,AMBER,0.3282,0.0215,0.8907,AMBER,0.3282,0.0215,0.8907
46336,Amouage,Beach Hut Man,GREEN,0.4895,0.0991,0.9407,GREEN,0.4895,0.0991,0.9407,GREEN,0.4895,0.0991,0.9407,GREEN,0.4895,0.0991,0.9407,GREEN,0.4895,0.0991,0.9407,GREEN,0.4895,0.0991,0.9407,GREEN,0.4895,0.0991,0.9407
1261,L'Artisan Parfumeur,Premier Figuier,GOURMAND,0.4475,0.2374,0.875,GOURMAND,0.4475,0.2374,0.875,GREEN,0.3802,0.0684,0.4835,GREEN,0.3802,0.0684,0.4835,GOURMAND,0.4475,0.2374,0.875,AMBER,0.4475,0.2374,0.875,AMBER,0.4475,0.2374,0.875
8098,Calvin Klein,Eternity Aqua for Men,AQUATIC,0.325,0.1575,1.0,AQUATIC,0.347,0.1682,0.9363,AQUATIC,0.325,0.1575,1.0,AQUATIC,0.347,0.1682,0.9363,AQUATIC,0.347,0.1682,0.9363,AQUATIC,0.325,0.1575,1.0,AQUATIC,0.347,0.1682,0.9363
770,Bvlgari,Bvlgari Pour Homme Soir,WOODY,0.2967,0.0409,0.92,WOODY,0.2967,0.0409,0.92,WOODY,0.2967,0.0409,0.92,WOODY,0.2967,0.0409,0.92,WOODY,0.2967,0.0409,0.92,WOODY,0.2967,0.0409,0.92,WOODY,0.2967,0.0409,0.92
68794,Frederic Malle,Synthetic Jungle,GREEN,0.4179,0.1354,0.9156,GREEN,0.4179,0.1354,0.9156,GREEN,0.4179,0.1354,0.9156,GREEN,0.4179,0.1354,0.9156,GREEN,0.4179,0.1354,0.9156,GREEN,0.4179,0.1354,0.9156,GREEN,0.4179,0.1354,0.9156
45651,Jean Paul Gaultier,Scandal,GOURMAND,0.5036,0.3515,1.0,GOURMAND,0.5478,0.3824,0.9192,FLORAL,0.3062,0.0766,0.4964,FLORAL,0.3657,0.0914,0.4157,GOURMAND,0.5036,0.342,1.0,AMBER,0.5843,0.4323,1.0,AMBER,0.6651,0.5131,1.0
605,Sisley,Soir de Lune,WOODY,0.4069,0.1547,1.0,WOODY,0.4069,0.1547,1.0,WOODY,0.5442,0.239,0.7477,WOODY,0.5442,0.239,0.7477,WOODY,0.4069,0.1547,1.0,WOODY,0.4069,0.042,1.0,WOODY,0.4069,0.042,1.0
54275,Jean Paul Gaultier,Scandal A Paris,GOURMAND,0.4743,0.2274,0.9274,GOURMAND,0.4899,0.2348,0.898,FLORAL,0.4698,0.1628,0.4875,FLORAL,0.5,0.1733,0.458,GOURMAND,0.4743,0.2274,0.9274,AMBER,0.4743,0.2274,0.9274,AMBER,0.5061,0.2592,0.9274
13016,Dior,Dior Homme Intense 2011,FLORAL,0.4016,0.1379,1.0,FLORAL,0.4648,0.1596,0.8641,FLORAL,0.4016,0.1379,1.0,FLORAL,0.4648,0.1596,0.8641,FLORAL,0.4648,0.1596,0.8641,FLORAL,0.4016,0.1379,1.0,FLORAL,0.4648,0.1596,0.8641
27417,Dior,Dior Homme Parfum,WOODY,0.4022,0.0471,1.0,WOODY,0.5311,0.0622,0.7572,WOODY,0.4022,0.0471,1.0,WOODY,0.5311,0.0622,0.7572,WOODY,0.4805,0.0563,0.837,WOODY,0.4022,0.0471,1.0,WOODY,0.4805,0.0563,0.837
13015,Dior,Dior Homme,WOODY,0.3248,0.0277,1.0,WOODY,0.3744,0.032,0.8673,WOODY,0.3753,0.032,0.8653,WOODY,0.4432,0.0378,0.7327,WOODY,0.3744,0.032,0.8673,WOODY,0.3248,0.0277,1.0,WOODY,0.3744,0.032,0.8673
75126,Giorgio Armani,Armani Code Parfum,FLORAL,0.2738,0.0615,1.0,FLORAL,0.3202,0.0719,0.8552,FLORAL,0.2981,0.067,0.9187,FLORAL,0.3538,0.0795,0.7738,FLORAL,0.3202,0.0719,0.8552,FLORAL,0.2738,0.0615,1.0,FLORAL,0.3202,0.0719,0.8552
18755,L'Artisan Parfumeur,Amour Nocturne,GOURMAND,0.5188,0.2262,1.0,GOURMAND,0.5442,0.2372,0.9534,WOODY,0.6083,0.4608,0.4812,WOODY,0.6735,0.5102,0.4346,GOURMAND,0.5442,0.2372,0.9534,AMBER,0.5188,0.2262,1.0,AMBER,0.5442,0.2372,0.9534
9075,Cuba Paris,Cuba Gold,GREEN,0.403,0.1279,1.0,GREEN,0.403,0.1279,1.0,GREEN,0.5559,0.3059,0.7249,GREEN,0.5559,0.3059,0.7249,GREEN,0.403,0.1279,1.0,AMBER,0.4563,0.0533,1.0,AMBER,0.4563,0.0533,1.0
593,Serge Lutens,Gris Clair,GREEN,0.3581,0.0721,1.0,GREEN,0.3581,0.0721,1.0,GREEN,0.3869,0.0779,0.9256,GREEN,0.3869,0.0779,0.9256,GREEN,0.3581,0.0721,1.0,AMBER,0.3605,0.0023,1.0,AMBER,0.3605,0.0023,1.0
90953,Azzaro,The Most Wanted Intense,GREEN,0.328,0.0736,1.0,GREEN,0.328,0.0736,1.0,GREEN,0.3691,0.0828,0.8887,GREEN,0.3691,0.0828,0.8887,GREEN,0.328,0.0736,1.0,GREEN,0.328,0.0736,1.0,GREEN,0.328,0.0736,1.0
50239,Tom Ford,Ombré Leather (2018),WOODY,0.5085,0.2955,1.0,WOODY,0.6109,0.3549,0.8324,WOODY,0.5085,0.2955,1.0,WOODY,0.6109,0.3549,0.8324,WOODY,0.5085,0.1278,1.0,WOODY,0.5085,0.2955,1.0,WOODY,0.5085,0.1278,1.0
1849,Tom Ford,Tuscan Leather,WOODY,0.493,0.3322,1.0,WOODY,0.564,0.38,0.8741,WOODY,0.5423,0.3654,0.9091,WOODY,0.6295,0.4241,0.7832,WOODY,0.493,0.2063,1.0,WOODY,0.493,0.2413,1.0,WOODY,0.493,0.1154,1.0
12863,Bottega Veneta,Bottega Veneta,WOODY,0.7531,0.6607,1.0,WOODY,0.8297,0.7378,0.9076,WOODY,0.7531,0.6607,1.0,WOODY,0.8297,0.7378,0.9076,WOODY,0.7531,0.5897,1.0,WOODY,0.7531,0.6607,1.0,WOODY,0.7531,0.5897,1.0
68716,Tom Ford,Ombré Leather Parfum,WOODY,0.4245,0.2038,1.0,WOODY,0.4849,0.2329,0.8753,WOODY,0.4245,0.2038,1.0,WOODY,0.4849,0.2329,0.8753,WOODY,0.4245,0.2038,1.0,WOODY,0.4245,0.2038,1.0,WOODY,0.4245,0.2038,1.0
11771,Parfums de Marly,Godolphin,WOODY,0.3634,0.1779,1.0,WOODY,0.4462,0.2646,0.8145,WOODY,0.394,0.1929,0.9223,WOODY,0.4932,0.2925,0.7368,WOODY,0.3887,0.1635,0.9348,WOODY,0.3634,0.1779,1.0,WOODY,0.3887,0.0804,0.9348
102882,Azzaro,Forever Wanted Elixir,WOODY,0.2676,0.0705,1.0,WOODY,0.2979,0.0785,0.8983,WOODY,0.3108,0.0819,0.861,WOODY,0.3525,0.0929,0.7593,WOODY,0.2676,0.0705,1.0,WOODY,0.2676,0.0498,1.0,AMBER,0.3195,0.0519,1.0
4524,Etat Libre d'Orange,Tom of Finland,WOODY,0.3244,0.0717,1.0,WOODY,0.4341,0.2518,0.7473,WOODY,0.3671,0.0811,0.8835,WOODY,0.5142,0.2983,0.6308,WOODY,0.3717,0.1191,0.8728,WOODY,0.3244,0.0717,1.0,AMBER,0.386,0.0144,0.8728
6332,Le Labo,Patchouli 24,WOODY,0.6243,0.3579,1.0,WOODY,0.6243,0.3579,1.0,WOODY,0.7009,0.4018,0.8907,WOODY,0.7009,0.4018,0.8907,WOODY,0.6243,0.3579,1.0,WOODY,0.6243,0.2485,1.0,WOODY,0.6243,0.2485,1.0
9224,Montale,Aoud Leather,WOODY,0.4257,0.1238,1.0,WOODY,0.4914,0.1429,0.8663,WOODY,0.4257,0.1238,1.0,WOODY,0.4914,0.1429,0.8663,AMBER,0.4356,0.0099,1.0,WOODY,0.4257,0.1238,1.0,AMBER,0.4356,0.0099,1.0
466,Creed,Millésime Impérial,AQUATIC,0.3445,0.1732,1.0,AQUATIC,0.4066,0.2044,0.8473,AQUATIC,0.373,0.1875,0.9236,AQUATIC,0.4469,0.2246,0.7709,AQUATIC,0.373,0.1875,0.9236,AQUATIC,0.3445,0.1732,1.0,AQUATIC,0.373,0.1875,0.9236
64104,Armaf,Club de Nuit Milestone,MUSK,0.2603,0.0879,1.0,AQUATIC,0.2331,0.0186,0.7397,MUSK,0.2603,0.0879,1.0,AQUATIC,0.2331,0.0186,0.7397,AQUATIC,0.1992,0.0159,0.8655,MUSK,0.2603,0.0879,1.0,AQUATIC,0.1992,0.0159,0.8655
4523,Etat Libre d'Orange,Secretions Magnifiques,AQUATIC,0.4019,0.0236,1.0,AQUATIC,0.4019,0.0236,1.0,AQUATIC,0.6464,0.4905,0.6217,AQUATIC,0.6464,0.4905,0.6217,AQUATIC,0.4019,0.0236,1.0,AQUATIC,0.4019,0.0236,1.0,AQUATIC,0.4019,0.0236,1.0
95642,Issey Miyake,Le Sel d’Issey,AQUATIC,0.4555,0.1081,1.0,AQUATIC,0.4555,0.1081,1.0,AQUATIC,0.4555,0.1081,1.0,AQUATIC,0.4555,0.1081,1.0,AQUATIC,0.4555,0.1081,1.0,AQUATIC,0.4555,0.1081,1.0,AQUATIC,0.4555,0.1081,1.0
54720,Marc-Antoine Barrois,Ganymede,WOODY,0.3866,0.1663,1.0,WOODY,0.4958,0.2188,0.7797,WOODY,0.3866,0.1663,1.0,WOODY,0.4958,0.2188,0.7797,WOODY,0.442,0.1309,0.8747,WOODY,0.3866,0.1663,1.0,WOODY,0.442,0.1309,0.8747
55963,Valentino,Valentino Uomo Born in Roma,AQUATIC,0.5397,0.3272,1.0,AQUATIC,0.5397,0.3272,1.0,AQUATIC,0.5397,0.3272,1.0,AQUATIC,0.5397,0.3272,1.0,AQUATIC,0.5397,0.3272,1.0,AQUATIC,0.5397,0.3272,1.0,AQUATIC,0.5397,0.3272,1.0
25316,Guerlain,Mitsouko Eau de Parfum,WOODY,0.4633,0.2217,1.0,WOODY,0.4633,0.2217,1.0,WOODY,0.4633,0.2217,1.0,WOODY,0.4633,0.2217,1.0,WOODY,0.4633,0.2217,1.0,WOODY,0.4633,0.2217,1.0,WOODY,0.4633,0.2217,1.0
75811,Hermès,H24 Eau de Parfum,WOODY,0.4888,0.2485,1.0,WOODY,0.4888,0.2485,1.0,WOODY,0.4888,0.2485,1.0,WOODY,0.4888,0.2485,1.0,WOODY,0.4888,0.2485,1.0,WOODY,0.4888,0.2485,1.0,WOODY,0.4888,0.2485,1.0
53224,Chloé,Nomade Eau de Toilette,WOODY,0.4619,0.1524,0.8946,WOODY,0.4619,0.1524,0.8946,WOODY,0.4619,0.1524,0.8946,WOODY,0.4619,0.1524,0.8946,WOODY,0.4619,0.1524,0.8946,WOODY,0.4619,0.1524,0.8946,WOODY,0.4619,0.1524,0.8946
36679,Narciso Rodriguez,Narciso Poudree,MUSK,0.2884,0.0203,1.0,FLORAL,0.3766,0.1351,0.7116,MUSK,0.3459,0.0244,0.8336,FLORAL,0.4915,0.1763,0.5453,FLORAL,0.299,0.0928,0.8965,MUSK,0.2884,0.0203,1.0,AMBER,0.3918,0.0928,0.8965
31351,Chanel,Chance Eau de Parfum,WOODY,0.3704,0.0591,1.0,WOODY,0.5379,0.3535,0.6887,WOODY,0.4042,0.0645,0.9165,WOODY,0.6121,0.4023,0.6052,WOODY,0.4294,0.1028,0.8626,WOODY,0.3704,0.0591,1.0,WOODY,0.4294,0.006,0.8626
78658,Diptyque,L'Eau Papier,MUSK,0.5479,0.3425,1.0,FLORAL,0.4545,0.1939,0.4521,MUSK,0.5917,0.3698,0.926,FLORAL,0.5435,0.2319,0.3781,AMBER,0.4107,0.1429,0.7671,MUSK,0.5479,0.3425,1.0,AMBER,0.5071,0.2393,0.7671
53742,Thomas Kosmala,Après l’Amour,MUSK,0.4381,0.1766,1.0,AMBER,0.4653,0.1918,0.5619,MUSK,0.4484,0.1808,0.9771,AMBER,0.4851,0.2,0.539,AMBER,0.6507,0.472,0.8601,MUSK,0.4381,0.1537,1.0,AMBER,0.6773,0.4987,0.8601
50790,Essential Parfums,The Musc,MUSK,0.4838,0.2824,1.0,AMBER,0.3901,0.1525,0.5162,MUSK,0.5305,0.3096,0.912,AMBER,0.4703,0.1838,0.4282,AMBER,0.6253,0.4793,0.8403,MUSK,0.4838,0.1944,1.0,AMBER,0.73,0.584,0.8403
51469,BDK Parfums,Crème de Cuir,MUSK,0.3755,0.0939,1.0,WOODY,0.451,0.2745,0.6245,MUSK,0.4135,0.1034,0.9082,WOODY,0.5287,0.3218,0.5327,WOODY,0.3399,0.0099,0.8286,MUSK,0.3755,0.0939,1.0,AMBER,0.4409,0.101,0.8286
918,Amouage,Gold Man,MUSK,0.4428,0.1989,1.0,FLORAL,0.4377,0.0337,0.5572,MUSK,0.4428,0.1989,1.0,FLORAL,0.4377,0.0337,0.5572,AMBER,0.6127,0.3282,0.8574,MUSK,0.4428,0.1989,1.0,AMBER,0.6127,0.3282,0.8574
52015,Hermetica,Sandalsun,GOURMAND,0.5598,0.3739,1.0,GOURMAND,0.639,0.4268,0.8761,WOODY,0.4223,0.1262,0.4402,WOODY,0.5878,0.1757,0.3162,GOURMAND,0.639,0.4268,0.8761,AMBER,0.6902,0.5043,1.0,AMBER,0.7878,0.5756,0.8761
83842,Maison Crivelli,Oud Maracujá,WOODY,0.3946,0.1054,1.0,WOODY,0.3946,0.1054,1.0,WOODY,0.4537,0.1211,0.8697,WOODY,0.4537,0.1211,0.8697,WOODY,0.3946,0.1054,1.0,WOODY,0.3946,0.0785,1.0,WOODY,0.3946,0.0785,1.0
70776,Parfums de Marly,Haltane,WOODY,0.3026,0.053,1.0,WOODY,0.3277,0.0574,0.9234,WOODY,0.3532,0.0619,0.8566,WOODY,0.3879,0.068,0.78,WOODY,0.3277,0.0574,0.9234,AMBER,0.3713,0.0688,1.0,AMBER,0.4021,0.0745,0.9234
24192,Orto Parisi,Stercus,GOURMAND,0.4555,0.1652,1.0,GOURMAND,0.6107,0.2214,0.7459,WOODY,0.5333,0.0667,0.5445,WOODY,1.0,1.0,0.2904,GOURMAND,0.5207,0.1888,0.8748,AMBER,0.4555,0.1652,1.0,AMBER,0.668,0.3361,0.8748
12134,Montale,Dark Aoud,WOODY,0.6006,0.3701,1.0,WOODY,0.6981,0.4302,0.8604,WOODY,0.6006,0.3701,1.0,WOODY,0.6981,0.4302,0.8604,WOODY,0.6981,0.4302,0.8604,WOODY,0.6006,0.3701,1.0,WOODY,0.6981,0.4302,0.8604
31219,Juliette Has A Gun,Another Oud,WOODY,0.2667,0.0373,1.0,WOODY,0.346,0.0727,0.7707,WOODY,0.2959,0.0414,0.9013,WOODY,0.3968,0.0833,0.672,AMBER,0.4068,0.1243,0.944,AMBER,0.3093,0.0427,1.0,AMBER,0.5113,0.2288,0.944
474,Creed,Green Irish Tweed,AQUATIC,0.3295,0.1193,1.0,AQUATIC,0.4173,0.1655,0.7898,AQUATIC,0.3295,0.1193,1.0,AQUATIC,0.4173,0.1655,0.7898,AQUATIC,0.3799,0.1419,0.8674,AQUATIC,0.3295,0.1193,1.0,AQUATIC,0.3799,0.1419,0.8674
70646,Lake & Skye,11 11,MUSK,0.4,0.0721,1.0,AQUATIC,0.5464,0.2896,0.6,MUSK,0.4094,0.0738,0.977,AQUATIC,0.5682,0.3011,0.577,AMBER,0.4925,0.1194,0.8787,MUSK,0.4,0.0721,1.0,AMBER,0.5187,0.1455,0.8787
610,Chanel,Chance Eau de Toilette,WOODY,0.4369,0.3015,1.0,WOODY,0.488,0.3368,0.8954,WOODY,0.5053,0.3523,0.8646,WOODY,0.5749,0.4008,0.76,WOODY,0.4369,0.2415,1.0,WOODY,0.4369,0.2108,1.0,WOODY,0.4369,0.1062,1.0
1282,Dior,Midnight Poison,WOODY,0.4028,0.1984,1.0,WOODY,0.4028,0.1984,1.0,WOODY,0.4362,0.2149,0.9234,WOODY,0.4362,0.2149,0.9234,WOODY,0.4028,0.1984,1.0,WOODY,0.4028,0.1218,1.0,WOODY,0.4028,0.1218,1.0
17796,Dior,Miss Dior (2012),WOODY,0.396,0.1485,1.0,WOODY,0.432,0.162,0.9168,WOODY,0.396,0.1485,1.0,WOODY,0.432,0.162,0.9168,WOODY,0.396,0.1485,1.0,WOODY,0.396,0.1485,1.0,WOODY,0.396,0.1485,1.0
32269,Yves Saint Laurent,Tuxedo,AMBER,0.4743,0.2023,1.0,AMBER,0.4743,0.2023,1.0,AMBER,0.5479,0.2337,0.8657,AMBER,0.5479,0.2337,0.8657,AMBER,0.4743,0.2023,1.0,AMBER,0.6086,0.3367,1.0,AMBER,0.6086,0.3367,1.0
1150,Gucci,Gucci by Gucci Eau de Parfum,GOURMAND,0.3097,0.0516,1.0,GOURMAND,0.3429,0.0571,0.9032,WOODY,0.3738,0.1402,0.6903,WOODY,0.4348,0.163,0.5935,GOURMAND,0.3097,0.0516,1.0,AMBER,0.3903,0.1323,1.0,AMBER,0.4871,0.229,1.0
39029,Prada,Prada L'Homme,FLORAL,0.3193,0.1064,1.0,FLORAL,0.3995,0.1332,0.7992,FLORAL,0.3193,0.1064,1.0,FLORAL,0.3995,0.1332,0.7992,FLORAL,0.3995,0.1332,0.7992,FLORAL,0.3193,0.1064,1.0,FLORAL,0.3995,0.1332,0.7992
13014,Burberry,Body,MUSK,0.3526,0.1325,1.0,FLORAL,0.3401,0.0749,0.6474,MUSK,0.3526,0.1325,1.0,FLORAL,0.3401,0.0749,0.6474,AMBER,0.3119,0.0413,0.8134,MUSK,0.3526,0.1325,1.0,AMBER,0.3119,0.0413,0.8134
65738,Diptyque,Orphéon Eau de Parfum,MUSK,0.2309,0.0115,1.0,WOODY,0.2853,0.012,0.7691,MUSK,0.2488,0.0124,0.9284,WOODY,0.3146,0.0132,0.6975,WOODY,0.2853,0.012,0.7691,MUSK,0.2309,0.0046,1.0,AMBER,0.2943,0.009,0.7691
3552,DSQUARED²,She Wood,FLORAL,0.3408,0.092,0.9371,FLORAL,0.4536,0.1556,0.704,FLORAL,0.3408,0.092,0.9371,FLORAL,0.4536,0.1556,0.704,FLORAL,0.4536,0.1556,0.704,FLORAL,0.3408,0.092,0.9371,FLORAL,0.4536,0.1556,0.704
46400,Prada,Prada L'Homme L'Eau,MUSK,0.3257,0.0521,0.9219,FLORAL,0.4058,0.087,0.6216,MUSK,0.3257,0.0521,0.9219,FLORAL,0.4058,0.087,0.6216,FLORAL,0.4058,0.087,0.6216,MUSK,0.3257,0.0521,0.9219,FLORAL,0.4058,0.087,0.6216
595,Serge Lutens,Daim Blond,MUSK,0.4558,0.2842,1.0,FLORAL,0.3153,0.0394,0.5442,MUSK,0.5167,0.3222,0.882,FLORAL,0.4025,0.0503,0.4263,AMBER,0.2564,0.022,0.7319,MUSK,0.4558,0.2842,1.0,AMBER,0.4176,0.1832,0.7319
55795,Lancôme,Idôle,FLORAL,0.4242,0.1688,1.0,FLORAL,0.5698,0.407,0.7446,FLORAL,0.478,0.1902,0.8874,FLORAL,0.6712,0.4795,0.632,FLORAL,0.4723,0.3012,0.8983,FLORAL,0.4242,0.1688,1.0,FLORAL,0.4723,0.1759,0.8983
55858,Moschino,Toy Boy,FLORAL,0.3589,0.0547,1.0,FLORAL,0.408,0.0622,0.8796,FLORAL,0.3589,0.0547,1.0,FLORAL,0.408,0.0622,0.8796,AMBER,0.4245,0.0656,1.0,FLORAL,0.3589,0.0547,1.0,AMBER,0.4245,0.0656,1.0
1715,Juliette Has A Gun,Lady Vengeance,FLORAL,0.3023,0.0295,1.0,FLORAL,0.3654,0.0357,0.8273,FLORAL,0.3023,0.0295,1.0,FLORAL,0.3654,0.0357,0.8273,AMBER,0.425,0.1227,1.0,FLORAL,0.3023,0.0295,1.0,AMBER,0.425,0.1227,1.0
1142,Montale,Black Aoud,WOODY,0.4356,0.1005,1.0,WOODY,0.4856,0.1121,0.8969,WOODY,0.4356,0.1005,1.0,WOODY,0.4856,0.1121,0.8969,WOODY,0.4356,0.1005,1.0,WOODY,0.4356,0.1005,1.0,WOODY,0.4356,0.1005,1.0
27656,Armaf,Club de Nuit Intense,AMBER,0.3419,0.0437,1.0,AMBER,0.3419,0.0437,1.0,AMBER,0.3755,0.048,0.9105,AMBER,0.3755,0.048,0.9105,AMBER,0.3419,0.0437,1.0,AMBER,0.4314,0.1332,1.0,AMBER,0.4314,0.1332,1.0
58781,Tom Ford,Rose Prick,AMBER,0.3244,0.0201,1.0,AMBER,0.3244,0.0201,1.0,AMBER,0.3244,0.0201,1.0,AMBER,0.3244,0.0201,1.0,AMBER,0.3244,0.0201,1.0,AMBER,0.3244,0.0201,1.0,AMBER,0.3244,0.0201,1.0
28049,Memo Paris,French Leather,FLORAL,0.3185,0.1012,1.0,FLORAL,0.3624,0.1152,0.879,FLORAL,0.3185,0.1012,1.0,FLORAL,0.3624,0.1152,0.879,FLORAL,0.3185,0.0988,1.0,FLORAL,0.3185,0.1012,1.0,FLORAL,0.3185,0.0988,1.0
46598,BeauFort London,Iron Duke,WOODY,0.4771,0.2018,1.0,WOODY,0.532,0.2251,0.8968,WOODY,0.5266,0.2228,0.906,WOODY,0.5943,0.2514,0.8028,WOODY,0.4771,0.0986,1.0,WOODY,0.4771,0.1078,1.0,WOODY,0.4771,0.0046,1.0
33796,BeauFort London,1805 Tonnerre,WOODY,0.5083,0.2924,1.0,WOODY,0.5083,0.2924,1.0,WOODY,0.5083,0.2924,1.0,WOODY,0.5083,0.2924,1.0,WOODY,0.5083,0.2924,1.0,WOODY,0.5083,0.2924,1.0,WOODY,0.5083,0.2924,1.0
46132,Vilhelm Parfumerie,Darling Nikki,WOODY,0.5259,0.2537,1.0,WOODY,0.5602,0.2702,0.9389,WOODY,0.5259,0.2537,1.0,WOODY,0.5602,0.2702,0.9389,WOODY,0.5602,0.2702,0.9389,WOODY,0.5259,0.2537,1.0,WOODY,0.5602,0.2702,0.9389
62701,Etat Libre d'Orange,Exit The King,FLORAL,0.4096,0.0588,0.8895,FLORAL,0.6309,0.2617,0.5775,FLORAL,0.4096,0.0588,0.8895,FLORAL,0.6309,0.2617,0.5775,FLORAL,0.5237,0.2173,0.6957,FLORAL,0.4096,0.0588,0.8895,FLORAL,0.5237,0.2173,0.6957
58157,Zara,Ebony Wood,AMBER,0.3289,0.1158,1.0,AMBER,0.3709,0.1306,0.8868,AMBER,0.3634,0.1279,0.9053,AMBER,0.4153,0.1462,0.7921,AMBER,0.4421,0.2289,1.0,AMBER,0.4237,0.2105,1.0,AMBER,0.5368,0.3237,1.0
28363,Nicolai Parfumeur Createur,Cuir Cuba Intense,AMBER,0.4447,0.1025,1.0,AMBER,0.4447,0.1025,1.0,AMBER,0.5106,0.1176,0.8709,AMBER,0.5106,0.1176,0.8709,AMBER,0.4447,0.1025,1.0,AMBER,0.5738,0.2316,1.0,AMBER,0.5738,0.2316,1.0
94713,French Avenue,Liquid Brun,GOURMAND,0.3652,0.0524,1.0,GOURMAND,0.398,0.0571,0.9176,AMBER,0.4926,0.3569,0.6348,AMBER,0.5661,0.4102,0.5524,GOURMAND,0.398,0.0571,0.9176,AMBER,0.6779,0.5918,1.0,AMBER,0.7388,0.6449,0.9176
10573,Jimmy Choo,Jimmy Choo,WOODY,0.3607,0.0109,1.0,WOODY,0.3607,0.0109,1.0,WOODY,0.5546,0.3571,0.6503,WOODY,0.5546,0.3571,0.6503,WOODY,0.3607,0.0109,1.0,AMBER,0.4399,0.0792,1.0,AMBER,0.4399,0.0792,1.0
213,Dior,Miss Dior Cherie,FRUITY,0.3935,0.0,1.0,FRUITY,0.3935,0.0,1.0,FRUITY,0.6489,0.3867,0.6065,FRUITY,0.6489,0.3867,0.6065,FRUITY,0.3935,0.0,1.0,FRUITY,0.3935,0.0,1.0,FRUITY,0.3935,0.0,1.0
4514,Etat Libre d'Orange,Divin'Enfant,GOURMAND,0.3395,0.0212,1.0,GOURMAND,0.4981,0.3113,0.6817,MUSK,0.4819,0.2892,0.6605,FLORAL,0.3721,0.0155,0.3422,GOURMAND,0.3926,0.0399,0.8647,AMBER,0.4615,0.1432,1.0,AMBER,0.7454,0.5982,0.8647
6205,Lancôme,Hypnôse Senses,GOURMAND,0.2821,0.0085,1.0,GOURMAND,0.2821,0.0085,1.0,FLORAL,0.381,0.0496,0.7179,FLORAL,0.381,0.0496,0.7179,GOURMAND,0.2821,0.0085,1.0,AMBER,0.5199,0.2464,1.0,AMBER,0.5199,0.2464,1.0
1953,L'Artisan Parfumeur,Dzing!,GOURMAND,0.3753,0.0921,1.0,GOURMAND,0.5235,0.1379,0.7169,MUSK,0.4532,0.0108,0.6247,WOODY,0.8092,0.6184,0.3416,GOURMAND,0.4024,0.1012,0.9326,AMBER,0.4404,0.1573,1.0,AMBER,0.7036,0.4072,0.9326
10463,L'Artisan Parfumeur,Traversee du Bosphore,GOURMAND,0.4984,0.2721,1.0,GOURMAND,0.4984,0.2721,1.0,WOODY,0.451,0.2353,0.5016,WOODY,0.451,0.2353,0.5016,GOURMAND,0.4984,0.2721,1.0,AMBER,0.5836,0.3574,1.0,AMBER,0.5836,0.3574,1.0
20541,Maison Martin Margiela,Jazz Club,AMBER,0.4829,0.1787,1.0,AMBER,0.4829,0.1787,1.0,AMBER,0.694,0.5328,0.6958,AMBER,0.694,0.5328,0.6958,AMBER,0.4829,0.1787,1.0,AMBER,0.7871,0.6749,1.0,AMBER,0.7871,0.6749,1.0
16939,Parfums de Marly,Herod,AMBER,0.5404,0.2677,1.0,AMBER,0.5836,0.2891,0.9259,AMBER,0.7431,0.588,0.7273,AMBER,0.8273,0.6546,0.6532,AMBER,0.6145,0.3418,1.0,AMBER,0.8131,0.7003,1.0,AMBER,0.8872,0.7744,1.0
17184,Chopard,Oud Malaki,AMBER,0.4057,0.0133,1.0,AMBER,0.4522,0.0149,0.8971,AMBER,0.4503,0.0148,0.901,AMBER,0.5084,0.0167,0.7981,AMBER,0.5086,0.1162,1.0,AMBER,0.5048,0.1124,1.0,AMBER,0.6076,0.2152,1.0
84246,Mancera,Red Tobacco Intense,WOODY,0.3656,0.0484,1.0,WOODY,0.4056,0.0537,0.9015,WOODY,0.4679,0.062,0.7813,WOODY,0.5355,0.0709,0.6828,AMBER,0.4157,0.0501,1.0,AMBER,0.5359,0.1703,1.0,AMBER,0.6344,0.2688,1.0
1197,Ralph Lauren,Polo Black,FRUITY,0.3233,0.1083,1.0,FRUITY,0.3233,0.1083,1.0,FRUITY,0.3782,0.1267,0.855,FRUITY,0.3782,0.1267,0.855,FRUITY,0.3233,0.1083,1.0,FRUITY,0.3233,0.0967,1.0,FRUITY,0.3233,0.0967,1.0
1435,Paris Hilton,Paris Hilton for Men,FRUITY,0.3056,0.0,0.8831,FRUITY,0.3056,0.0,0.8831,FRUITY,0.3509,0.0,0.7691,FRUITY,0.3509,0.0,0.7691,FRUITY,0.3056,0.0,0.8831,FRUITY,0.3056,0.0,0.8831,FRUITY,0.3056,0.0,0.8831
3756,Montale,Chypre Fruite,WOODY,0.4514,0.087,0.9182,WOODY,0.4934,0.0951,0.8401,WOODY,0.4514,0.087,0.9182,WOODY,0.4934,0.0951,0.8401,WOODY,0.4514,0.087,0.9182,WOODY,0.4514,0.087,0.9182,WOODY,0.4514,0.087,0.9182
27997,Juliette Has A Gun,Moon Dance,FLORAL,0.6582,0.4218,1.0,FLORAL,0.7357,0.4715,0.8946,FLORAL,0.6582,0.4218,1.0,FLORAL,0.7357,0.4715,0.8946,FLORAL,0.7357,0.4715,0.8946,FLORAL,0.6582,0.4218,1.0,FLORAL,0.7357,0.4715,0.8946
73664,Azzaro,The Most Wanted Parfum,GOURMAND,0.4068,0.1729,0.9077,GOURMAND,0.4528,0.1925,0.8154,WOODY,0.3943,0.0286,0.5385,WOODY,0.4759,0.0345,0.4462,GOURMAND,0.4528,0.1925,0.8154,AMBER,0.6237,0.3898,0.9077,AMBER,0.6943,0.434,0.8154
71708,Rabanne,1 Million Elixir,GOURMAND,0.4167,0.2685,1.0,GOURMAND,0.4515,0.291,0.9228,FRUITY,0.254,0.0582,0.5833,FRUITY,0.2927,0.0671,0.5062,GOURMAND,0.4515,0.291,0.9228,AMBER,0.4907,0.3426,1.0,AMBER,0.5318,0.3712,0.9228
38254,Valentino,Valentino Uomo Intense ,GOURMAND,0.2987,0.0199,1.0,GOURMAND,0.3534,0.0236,0.8451,FLORAL,0.3975,0.1136,0.7013,FLORAL,0.5101,0.1457,0.5465,GOURMAND,0.3534,0.0236,0.8451,AMBER,0.2987,0.0199,1.0,AMBER,0.3534,0.0236,0.8451
1019,Guerlain,Cuir Béluga,GOURMAND,0.3878,0.1108,1.0,GOURMAND,0.5364,0.3448,0.723,MUSK,0.4525,0.2262,0.6122,AMBER,0.4132,0.0661,0.3352,GOURMAND,0.4895,0.2273,0.7922,AMBER,0.5263,0.2493,1.0,AMBER,0.7517,0.6049,0.7922
53243,Giorgio Armani,Sì Fiori,MUSK,0.2127,0.0093,1.0,FLORAL,0.2583,0.0213,0.7873,MUSK,0.2615,0.0115,0.8134,FLORAL,0.3385,0.0745,0.6007,FLORAL,0.228,0.0188,0.8918,MUSK,0.2127,0.0093,1.0,AMBER,0.3264,0.0983,0.8918
11456,Atelier Cologne,Vanille Insensée,WOODY,0.2915,0.0106,1.0,WOODY,0.3149,0.0115,0.9255,WOODY,0.4053,0.1834,0.7191,WOODY,0.4521,0.2046,0.6447,WOODY,0.3149,0.0115,0.9255,AMBER,0.3447,0.0532,1.0,AMBER,0.3724,0.0575,0.9255
9439,Playboy,Playboy New York,GREEN,0.2161,0.0101,0.697,GREEN,0.2161,0.0101,0.697,GREEN,0.2722,0.0443,0.5534,GREEN,0.2722,0.0443,0.5534,GREEN,0.2161,0.0101,0.697,AMBER,0.3643,0.1482,0.697,AMBER,0.3643,0.1482,0.697
7247,Balenciaga,Balenciaga Paris,FLORAL,0.3164,0.0723,1.0,FLORAL,0.3733,0.0853,0.8477,FLORAL,0.3164,0.0723,1.0,FLORAL,0.3733,0.0853,0.8477,FLORAL,0.3733,0.0853,0.8477,FLORAL,0.3164,0.0723,1.0,FLORAL,0.3733,0.0853,0.8477
13401,Lalique,Hommage à l'Homme Eau de Toilette,AMBER,0.2782,0.0429,1.0,AMBER,0.3543,0.0547,0.7854,AMBER,0.2782,0.0429,1.0,AMBER,0.3543,0.0547,0.7854,AMBER,0.4037,0.1271,0.8506,AMBER,0.2782,0.0429,1.0,AMBER,0.4037,0.1271,0.8506
3747,Rabanne,1 Million,AMBER,0.5141,0.3169,1.0,AMBER,0.5516,0.3401,0.9319,AMBER,0.5141,0.3169,1.0,AMBER,0.5516,0.3401,0.9319,AMBER,0.5822,0.385,1.0,AMBER,0.5141,0.3169,1.0,AMBER,0.5822,0.385,1.0
13857,Viktor&Rolf,Spicebomb,AMBER,0.6537,0.5585,1.0,AMBER,0.6537,0.5585,1.0,AMBER,0.7224,0.6199,0.9049,AMBER,0.7224,0.6199,0.9049,AMBER,0.6537,0.5585,1.0,AMBER,0.7488,0.6561,1.0,AMBER,0.7488,0.6561,1.0
46663,Mancera,Red Tobacco,AMBER,0.5701,0.3542,1.0,AMBER,0.5701,0.3542,1.0,AMBER,0.7271,0.4541,0.7841,AMBER,0.7271,0.4541,0.7841,AMBER,0.5701,0.3542,1.0,AMBER,0.786,0.572,1.0,AMBER,0.786,0.572,1.0
49144,Azzaro,Wanted by Night,AMBER,0.495,0.3538,1.0,AMBER,0.495,0.3538,1.0,AMBER,0.5633,0.4026,0.8787,AMBER,0.5633,0.4026,0.8787,AMBER,0.495,0.3538,1.0,AMBER,0.6163,0.4751,1.0,AMBER,0.6163,0.4751,1.0
48476,Givenchy,Gentleman Eau de Parfum,AMBER,0.5079,0.2718,1.0,AMBER,0.5995,0.3208,0.8472,AMBER,0.6649,0.4649,0.7639,AMBER,0.8312,0.6623,0.6111,AMBER,0.5995,0.3208,0.8472,AMBER,0.744,0.5913,1.0,AMBER,0.8782,0.7564,0.8472
31383,Memo Paris,African Leather,WOODY,0.3913,0.019,1.0,WOODY,0.4223,0.0205,0.9266,WOODY,0.3913,0.019,1.0,WOODY,0.4223,0.0205,0.9266,AMBER,0.4457,0.0543,1.0,WOODY,0.3913,0.019,1.0,AMBER,0.4457,0.0543,1.0
31508,Carolina Herrera,CH Men Prive,AMBER,0.4102,0.1305,1.0,AMBER,0.4424,0.1408,0.9271,AMBER,0.4515,0.1437,0.9085,AMBER,0.4909,0.1562,0.8356,AMBER,0.4831,0.2034,1.0,AMBER,0.5017,0.222,1.0,AMBER,0.5746,0.2949,1.0
1119,Gucci,Gucci Pour Homme II,AMBER,0.4725,0.197,0.9147,AMBER,0.4725,0.197,0.9147,AMBER,0.5126,0.2138,0.843,AMBER,0.5126,0.2138,0.843,AMBER,0.4725,0.197,0.9147,AMBER,0.5508,0.2754,0.9147,AMBER,0.5508,0.2754,0.9147
10146,Amouage,Memoir Woman,AMBER,0.4696,0.0972,1.0,AMBER,0.5088,0.1053,0.9231,AMBER,0.4696,0.0972,1.0,AMBER,0.5088,0.1053,0.9231,AMBER,0.5466,0.1741,1.0,AMBER,0.4696,0.0972,1.0,AMBER,0.5466,0.1741,1.0
7916,Hermès,Voyage d'Hermes,GREEN,0.3307,0.064,0.9375,GREEN,0.3533,0.0684,0.8775,GREEN,0.3307,0.064,0.9375,GREEN,0.3533,0.0684,0.8775,GREEN,0.3307,0.0,0.9375,GREEN,0.3307,0.064,0.9375,GREEN,0.3307,0.0,0.9375
11570,Guerlain,L'Instant de Guerlain pour Homme Eau Extreme,WOODY,0.2865,0.0037,1.0,WOODY,0.3088,0.004,0.9279,WOODY,0.3452,0.0045,0.8299,WOODY,0.378,0.0049,0.7579,WOODY,0.3088,0.004,0.9279,AMBER,0.4529,0.1664,1.0,AMBER,0.488,0.1793,0.9279
64152,Franck Boclet,Vinyl,AMBER,0.4161,0.2232,1.0,AMBER,0.4507,0.2418,0.9232,AMBER,0.5155,0.3031,0.8071,AMBER,0.5697,0.335,0.7304,AMBER,0.4507,0.2418,0.9232,AMBER,0.6089,0.4375,1.0,AMBER,0.6596,0.4739,0.9232
686,Gucci,Gucci Rush,WOODY,0.3713,0.0928,1.0,WOODY,0.3713,0.0928,1.0,WOODY,0.4101,0.1025,0.9055,WOODY,0.4101,0.1025,0.9055,WOODY,0.3713,0.0928,1.0,WOODY,0.3713,0.0928,1.0,WOODY,0.3713,0.0928,1.0
6382,Nina Ricci,Ricci Ricci,FLORAL,0.27,0.0018,1.0,FLORAL,0.27,0.0018,1.0,FLORAL,0.27,0.0018,1.0,FLORAL,0.27,0.0018,1.0,FLORAL,0.27,0.0018,1.0,FLORAL,0.27,0.0018,1.0,FLORAL,0.27,0.0018,1.0
60035,Rabanne,1 Million Parfum,FLORAL,0.3768,0.1984,1.0,FLORAL,0.4393,0.2313,0.8577,FLORAL,0.3768,0.1984,1.0,FLORAL,0.4393,0.2313,0.8577,FLORAL,0.3768,0.0862,1.0,FLORAL,0.3768,0.1984,1.0,FLORAL,0.3768,0.0862,1.0
2167,Yves Rocher,Comme une Evidence,FLORAL,0.3768,0.0301,0.8927,FLORAL,0.3768,0.0301,0.8927,FLORAL,0.3768,0.0301,0.8927,FLORAL,0.3768,0.0301,0.8927,FLORAL,0.3768,0.0301,0.8927,FLORAL,0.3768,0.0301,0.8927,FLORAL,0.3768,0.0301,0.8927
4518,Etat Libre d'Orange,Jasmin et Cigarette,AMBER,0.2908,0.0357,1.0,AMBER,0.3393,0.0417,0.8571,AMBER,0.3413,0.0419,0.852,AMBER,0.4101,0.0504,0.7092,AMBER,0.3901,0.1154,0.9286,AMBER,0.4388,0.1837,1.0,AMBER,0.5495,0.2747,0.9286
13052,Givenchy,Ange ou Demon Le Secret Elixir,FLORAL,0.4293,0.1929,0.9064,FLORAL,0.4293,0.1929,0.9064,FLORAL,0.462,0.2076,0.8424,FLORAL,0.462,0.2076,0.8424,FLORAL,0.4293,0.1929,0.9064,FLORAL,0.4293,0.1929,0.9064,FLORAL,0.4293,0.1929,0.9064
2783,Memo Paris,Lalibela,FLORAL,0.6197,0.4836,1.0,FLORAL,0.7135,0.5568,0.8685,FLORAL,0.7174,0.5652,0.8638,FLORAL,0.8462,0.6923,0.7324,FLORAL,0.6701,0.5228,0.9249,FLORAL,0.6197,0.4836,1.0,FLORAL,0.6701,0.4619,0.9249
31623,Maison Martin Margiela,By the Fireplace,AMBER,0.3964,0.1663,1.0,AMBER,0.464,0.1947,0.8542,AMBER,0.5148,0.2189,0.7699,AMBER,0.635,0.2701,0.6241,AMBER,0.495,0.2412,0.9066,AMBER,0.6264,0.3986,1.0,AMBER,0.7487,0.4975,0.9066
1834,Lalique,Encre Noire,WOODY,0.4669,0.1638,1.0,WOODY,0.5382,0.1888,0.8676,WOODY,0.4669,0.1638,1.0,WOODY,0.5382,0.1888,0.8676,WOODY,0.4803,0.1685,0.9721,WOODY,0.4669,0.1638,1.0,WOODY,0.4803,0.1685,0.9721
18453,Giorgio Armani,Si,GREEN,0.2365,0.0383,1.0,GREEN,0.2365,0.0383,1.0,GREEN,0.2798,0.0453,0.8452,GREEN,0.2798,0.0453,0.8452,GREEN,0.2365,0.0383,1.0,AMBER,0.28,0.0435,1.0,AMBER,0.28,0.0435,1.0
52002,Montblanc,Explorer,AMBER,0.3033,0.0349,1.0,AMBER,0.3374,0.0389,0.8989,AMBER,0.3033,0.0349,1.0,AMBER,0.3374,0.0389,0.8989,AMBER,0.4044,0.136,1.0,AMBER,0.3033,0.0349,1.0,AMBER,0.4044,0.136,1.0
1483,Chanel,Chance Eau Fraiche,WOODY,0.3241,0.0829,1.0,WOODY,0.3886,0.0994,0.8342,WOODY,0.3241,0.0829,1.0,WOODY,0.3886,0.0994,0.8342,WOODY,0.3534,0.0904,0.9171,WOODY,0.3241,0.0829,1.0,WOODY,0.3534,0.0904,0.9171
383,Hugo Boss,Boss Bottled,AMBER,0.2414,0.0498,1.0,AMBER,0.2642,0.0545,0.9138,AMBER,0.2788,0.0575,0.8659,AMBER,0.3096,0.0639,0.7797,AMBER,0.2642,0.0545,0.9138,AMBER,0.3755,0.1839,1.0,AMBER,0.4109,0.2013,0.9138
12201,Le Labo,Santal 33,WOODY,0.4551,0.2372,1.0,WOODY,0.582,0.3852,0.7821,WOODY,0.4551,0.2372,1.0,WOODY,0.582,0.3852,0.7821,WOODY,0.5462,0.3423,0.8333,WOODY,0.4551,0.2372,1.0,WOODY,0.5462,0.3423,0.8333
44174,Nishane,Hacivat,WOODY,0.4723,0.2905,1.0,WOODY,0.4723,0.2905,1.0,WOODY,0.5272,0.3243,0.8958,WOODY,0.5272,0.3243,0.8958,WOODY,0.4723,0.2905,1.0,WOODY,0.4723,0.2905,1.0,WOODY,0.4723,0.2905,1.0
3575,Byredo,Gypsy Water,AMBER,0.2909,0.0754,1.0,AMBER,0.3214,0.0833,0.9052,AMBER,0.3184,0.0825,0.9138,AMBER,0.3553,0.0921,0.819,AMBER,0.3214,0.0833,0.9052,AMBER,0.3772,0.1616,1.0,AMBER,0.4167,0.1786,0.9052
48434,Chloé,Nomade,WOODY,0.4288,0.2707,1.0,WOODY,0.4612,0.2911,0.9297,WOODY,0.472,0.2979,0.9086,WOODY,0.5115,0.3229,0.8383,WOODY,0.4612,0.2911,0.9297,WOODY,0.4288,0.2707,1.0,WOODY,0.4612,0.2911,0.9297
49912,Chanel,Bleu de Chanel Parfum,AMBER,0.2881,0.0111,1.0,AMBER,0.3114,0.012,0.9252,AMBER,0.2881,0.0111,1.0,AMBER,0.3114,0.012,0.9252,AMBER,0.3114,0.012,0.9252,AMBER,0.2881,0.0111,1.0,AMBER,0.3114,0.012,0.9252
845,Escentric Molecules,Molecule 01,MUSK,0.3929,0.0357,1.0,WOODY,0.5882,0.1765,0.6071,MUSK,0.3929,0.0357,1.0,WOODY,0.5882,0.1765,0.6071,AMBER,0.6296,0.2593,0.9643,MUSK,0.3929,0.0357,1.0,AMBER,0.6296,0.2593,0.9643
920,Amouage,Reflection Man,WOODY,0.3247,0.049,1.0,WOODY,0.3631,0.0548,0.8943,WOODY,0.3247,0.049,1.0,WOODY,0.3631,0.0548,0.8943,WOODY,0.3631,0.0548,0.8943,WOODY,0.3247,0.049,1.0,WOODY,0.3631,0.0548,0.8943
58714,Dior,Dior Homme 2020,WOODY,0.3758,0.1078,1.0,WOODY,0.5134,0.2946,0.732,WOODY,0.3758,0.1078,1.0,WOODY,0.5134,0.2946,0.732,WOODY,0.4021,0.014,0.9346,WOODY,0.3758,0.1078,1.0,WOODY,0.4021,0.014,0.9346
6697,Tom Ford,Grey Vetiver,WOODY,0.5081,0.2649,1.0,WOODY,0.5081,0.2649,1.0,WOODY,0.5081,0.2649,1.0,WOODY,0.5081,0.2649,1.0,WOODY,0.5081,0.2649,1.0,WOODY,0.5081,0.2649,1.0,WOODY,0.5081,0.2649,1.0
9,Hermès,Eau des Merveilles,AMBER,0.2804,0.0174,0.9369,AMBER,0.2804,0.0174,0.9369,AMBER,0.3021,0.0187,0.8697,AMBER,0.3021,0.0187,0.8697,AMBER,0.2804,0.0174,0.9369,AMBER,0.3522,0.0891,0.9369,AMBER,0.3522,0.0891,0.9369
32356,Lalique,Encre Noire A L'Extreme,WOODY,0.414,0.0218,1.0,WOODY,0.414,0.0218,1.0,WOODY,0.414,0.0218,1.0,WOODY,0.414,0.0218,1.0,WOODY,0.414,0.0218,1.0,WOODY,0.414,0.0218,1.0,WOODY,0.414,0.0218,1.0
613,Chanel,Egoiste,AMBER,0.4202,0.1955,1.0,AMBER,0.4595,0.2138,0.9146,AMBER,0.4202,0.1955,1.0,AMBER,0.4595,0.2138,0.9146,AMBER,0.4595,0.2138,0.9146,AMBER,0.4202,0.1955,1.0,AMBER,0.4595,0.2138,0.9146
48903,Rabanne,1 Million Lucky,GOURMAND,0.4245,0.1847,1.0,GOURMAND,0.4245,0.1847,1.0,WOODY,0.4167,0.2125,0.5755,WOODY,0.4167,0.2125,0.5755,GOURMAND,0.4245,0.1847,1.0,AMBER,0.4916,0.2518,1.0,AMBER,0.4916,0.2518,1.0
1833,Lalique,Perles De Lalique,WOODY,0.4942,0.2904,1.0,WOODY,0.5527,0.3247,0.8942,WOODY,0.4942,0.2904,1.0,WOODY,0.5527,0.3247,0.8942,WOODY,0.5527,0.3247,0.8942,WOODY,0.4942,0.2904,1.0,WOODY,0.5527,0.3247,0.8942
21369,Lalique,Encre Noire Sport,WOODY,0.3169,0.0493,1.0,WOODY,0.335,0.0521,0.946,WOODY,0.3169,0.0493,1.0,WOODY,0.335,0.0521,0.946,WOODY,0.3169,0.0493,1.0,WOODY,0.3169,0.0493,1.0,WOODY,0.3169,0.0493,1.0
1009,Paloma Picasso,Paloma Picasso,WOODY,0.3882,0.1179,1.0,WOODY,0.5321,0.3468,0.7296,WOODY,0.3882,0.1179,1.0,WOODY,0.5321,0.3468,0.7296,WOODY,0.4358,0.1537,0.8908,WOODY,0.3882,0.1179,1.0,WOODY,0.4358,0.1537,0.8908
890,Ralph Lauren,Polo,WOODY,0.4751,0.1692,1.0,WOODY,0.4751,0.1692,1.0,WOODY,0.4751,0.1692,1.0,WOODY,0.4751,0.1692,1.0,WOODY,0.4751,0.1692,1.0,WOODY,0.4751,0.1692,1.0,WOODY,0.4751,0.1692,1.0
616,Chanel,Antaeus,WOODY,0.6595,0.4902,1.0,WOODY,0.7255,0.5392,0.9091,WOODY,0.6595,0.4902,1.0,WOODY,0.7255,0.5392,0.9091,WOODY,0.6595,0.4902,1.0,WOODY,0.6595,0.4902,1.0,WOODY,0.6595,0.4902,1.0
11043,Lacoste Fragrances,Eau de Lacoste L.12.12. White,FLORAL,0.3327,0.0716,1.0,FLORAL,0.3327,0.0716,1.0,FLORAL,0.3327,0.0716,1.0,FLORAL,0.3327,0.0716,1.0,FLORAL,0.3327,0.0716,1.0,FLORAL,0.3327,0.0716,1.0,FLORAL,0.3327,0.0716,1.0
57129,Louis Vuitton,Cœur Battant,FLORAL,0.4941,0.3546,0.9058,FLORAL,0.4941,0.3546,0.9058,FLORAL,0.5742,0.4121,0.7794,FLORAL,0.5742,0.4121,0.7794,FLORAL,0.4941,0.3546,0.9058,FLORAL,0.4941,0.3546,0.9058,FLORAL,0.4941,0.3546,0.9058
