fragrantica_id,brand,name,fs1_argmax,fs1_top1,fs1_margin,fs2_argmax,fs1_CITRUS,fs1_FRUITY,fs1_FLORAL,fs1_GREEN,fs1_AQUATIC,fs1_WOODY,fs1_AMBER,fs1_GOURMAND,fs1_MUSK
32394,Histoires de Parfums,This Is Not A Blue Bottle,MUSK,0.3218,0.0932,MUSK,0.2285,0.0,0.0,0.0,0.0,0.1152,0.1152,0.2194,0.3218
2972,Robert Piguet,Baghari 2006,MUSK,0.5335,0.3711,MUSK,0.1624,0.0,0.1082,0.0,0.0,0.0,0.1082,0.0876,0.5335
16938,Parfums de Marly,Pegasus,GOURMAND,0.5918,0.4392,GOURMAND,0.0,0.0845,0.0,0.0887,0.0,0.0825,0.0,0.5918,0.1526
45686,Elie Saab,Girl of Now,GOURMAND,0.4929,0.347,GOURMAND,0.089,0.1459,0.0747,0.0,0.0,0.1246,0.073,0.4929,0.0
310,Cartier,Le Baiser Du Dragon,WOODY,0.3529,0.0751,GOURMAND,0.0,0.142,0.0,0.0,0.0,0.3529,0.2272,0.2779,0.0
2176,Serge Lutens,Louve,GOURMAND,0.5753,0.3995,GOURMAND,0.0,0.1758,0.0708,0.0,0.0,0.0,0.1005,0.5753,0.0776
38117,Tesori d'Oriente,Byzantium,GOURMAND,0.5815,0.4048,GOURMAND,0.0,0.0,0.1046,0.0,0.0,0.0,0.1767,0.5815,0.1372
39459,Michael Kors,Wonderlust,GOURMAND,0.2811,0.0427,GOURMAND,0.0,0.0,0.2384,0.0,0.0,0.1459,0.1922,0.2811,0.1423
40816,Maison Francis Kurkdjian,Grand Soir,AMBER,0.3979,0.0415,AMBER,0.0,0.0,0.0,0.1038,0.0,0.0,0.3979,0.3564,0.1419
72821,Lattafa Perfumes,Asad,AMBER,0.5538,0.3177,AMBER,0.0,0.0,0.0,0.0,0.0,0.1406,0.5538,0.2361,0.0694
609,Chanel,Coco Eau de Parfum,AMBER,0.3906,0.1718,AMBER,0.0,0.0,0.1718,0.0,0.0,0.0941,0.3906,0.2188,0.1247
2762,Serge Lutens,Chergui,AMBER,0.3377,0.0321,AMBER,0.0,0.0,0.0,0.083,0.0,0.1604,0.3377,0.3057,0.1132
52616,Kayali Fragrances,Vanilla | 28,GOURMAND,0.3492,0.0053,AMBER,0.0,0.0,0.0608,0.0,0.0,0.0979,0.3439,0.3492,0.1481
46066,Maison Francis Kurkdjian,Baccarat Rouge 540 Extrait de Parfum,AMBER,0.307,0.0497,GOURMAND,0.0,0.0806,0.0,0.0,0.0,0.1338,0.307,0.2573,0.2213
248,Calvin Klein,Obsession,AMBER,0.3579,0.047,AMBER,0.0,0.0,0.0,0.1043,0.0,0.1472,0.3579,0.0798,0.3108
15294,Amouage,Interlude Man,AMBER,0.6707,0.3415,AMBER,0.0,0.0,0.0,0.0,0.0,0.3293,0.6707,0.0,0.0
48682,Prada,Luna Rossa Black,MUSK,0.3016,0.0119,AMBER,0.0,0.0,0.0,0.0992,0.0,0.121,0.2897,0.1885,0.3016
7399,Yves Saint Laurent,Opium Eau de Parfum 2009,AMBER,0.5853,0.4515,AMBER,0.087,0.0,0.0769,0.0,0.0,0.1338,0.5853,0.1171,0.0
42027,Jo Malone London,Myrrh & Tonka,GOURMAND,0.424,0.0321,GOURMAND,0.0,0.0,0.0,0.1842,0.0,0.0,0.3919,0.424,0.0
3168,Hermès,Elixir des Merveilles,AMBER,0.4932,0.2807,AMBER,0.1063,0.0,0.0,0.0,0.0,0.2125,0.4932,0.188,0.0
2366,Amouage,Jubilation XXV Man,AMBER,0.5485,0.3544,AMBER,0.0,0.0947,0.0,0.0,0.0,0.1942,0.5485,0.1626,0.0
49755,Louis Vuitton,Ombre Nomade,WOODY,0.4295,0.0641,WOODY,0.0,0.0833,0.1218,0.0,0.0,0.4295,0.3654,0.0,0.0
15452,Mugler,Alien Essence Absolue,AMBER,0.4906,0.2781,AMBER,0.0,0.0,0.1406,0.0,0.0,0.0688,0.4906,0.2125,0.0875
46797,Mercedes-Benz,Mercedes Benz Club Black Eau de Toilette,AMBER,0.4767,0.189,AMBER,0.0,0.0,0.0,0.0,0.0,0.1699,0.4767,0.2877,0.0658
34761,Giorgio Armani,Armani Code Profumo,AMBER,0.461,0.2411,AMBER,0.0,0.0,0.0,0.1229,0.0,0.1064,0.461,0.2199,0.0898
765,Salvador Dali,Dali Parfum de Toilette,AMBER,0.5,0.323,AMBER,0.0,0.0,0.1268,0.0885,0.0,0.1077,0.5,0.0,0.177
3606,Escentric Molecules,Molecule 02,AMBER,0.625,0.25,AMBER,0.0,0.0,0.0,0.0,0.0,0.0,0.625,0.0,0.375
3607,Escentric Molecules,Escentric 02,MUSK,0.2952,0.0407,FLORAL,0.0,0.0,0.2341,0.0,0.0,0.2163,0.2545,0.0,0.2952
9685,Van Cleef & Arpels,Midnight in Paris,AMBER,0.4865,0.2492,WOODY,0.0,0.0,0.0,0.0931,0.0,0.2372,0.4865,0.1111,0.0721
7145,Chanel,Les Exclusifs de Chanel Coromandel,AMBER,0.4577,0.1593,AMBER,0.0685,0.0,0.0,0.0,0.0,0.2984,0.4577,0.1754,0.0
15727,Tom Ford,Noir,AMBER,0.413,0.087,WOODY,0.0,0.0,0.1056,0.0,0.0,0.3259,0.413,0.0,0.1556
34935,Guerlain,Les Absolus d'Orient Ambre Eternel,AMBER,0.3624,0.0797,AMBER,0.0,0.0,0.0,0.0968,0.0,0.2827,0.3624,0.0683,0.1898
30945,Amouage,The Library Collection Opus IX,MUSK,0.461,0.2268,MUSK,0.0,0.0,0.2341,0.0,0.0,0.178,0.1268,0.0,0.461
1229,Mugler,Eau de Star,AQUATIC,0.3864,0.0985,AQUATIC,0.0,0.0,0.0,0.0,0.3864,0.2475,0.0783,0.2879,0.0
430,Jean Paul Gaultier,Le Male,GREEN,0.4247,0.1683,GREEN,0.0,0.0,0.0,0.4247,0.0,0.0,0.2427,0.2564,0.0763
70465,Lattafa Perfumes,Fakhar Black,GREEN,0.3653,0.1737,GREEN,0.1916,0.1198,0.0,0.3653,0.0,0.1357,0.1876,0.0,0.0
9241,Diptyque,Eau Duelle Eau de Toilette,AMBER,0.4469,0.2299,AMBER,0.0,0.0,0.0,0.2169,0.0,0.0672,0.4469,0.1909,0.0781
64718,Yves Saint Laurent,Y Le Parfum,GREEN,0.3919,0.1641,GREEN,0.2278,0.1062,0.0,0.3919,0.0,0.0869,0.1873,0.0,0.0
1088,Antonio Banderas,Blue Seduction,AQUATIC,0.3794,0.0975,AQUATIC,0.0904,0.1436,0.0,0.2819,0.3794,0.0,0.1046,0.0,0.0
642,Versace,Dreamer The Original Edition,GREEN,0.4575,0.2092,GREEN,0.0,0.0,0.0736,0.4575,0.0,0.092,0.2483,0.1287,0.0
74915,Jean Paul Gaultier,Scandal Pour Homme Le Parfum,AMBER,0.3671,0.1374,AMBER,0.0,0.0,0.0,0.1808,0.0,0.1483,0.3671,0.2297,0.0741
473,Creed,Original Santal,GREEN,0.4074,0.1508,GREEN,0.0,0.0,0.0,0.4074,0.0,0.209,0.2566,0.0529,0.0741
70090,Versace,Eros Parfum,GREEN,0.3476,0.0569,GREEN,0.1606,0.0752,0.0,0.3476,0.0,0.0,0.2907,0.126,0.0
103,Guerlain,Jicky,GREEN,0.3236,0.0799,GREEN,0.1423,0.0,0.0,0.3236,0.0,0.0975,0.2437,0.1228,0.0702
992,Lancôme,Hypnôse Homme,GREEN,0.4205,0.0078,GREEN,0.0872,0.0,0.0,0.4205,0.0,0.0795,0.4128,0.0,0.0
45499,Donna Karan,DKNY Nectar Love,GOURMAND,0.3833,0.1031,AMBER,0.0,0.142,0.0,0.0,0.0,0.0,0.1946,0.3833,0.2802
50875,Hugo Boss,Boss The Scent Private Accord for Her ,GOURMAND,0.5,0.2837,GOURMAND,0.1372,0.0837,0.0628,0.0,0.0,0.0,0.2163,0.5,0.0
748,Comptoir Sud Pacifique,Amour De Cacao,GOURMAND,0.5925,0.4316,GOURMAND,0.0965,0.0938,0.0,0.0,0.0,0.0,0.1609,0.5925,0.0563
3729,Pierre Guillaume Paris,Musc Maori 04,GOURMAND,0.5629,0.3043,GOURMAND,0.0,0.0,0.0,0.0,0.0,0.0,0.2586,0.5629,0.1785
12426,Prada,Prada Candy,GOURMAND,0.483,0.2112,GOURMAND,0.0,0.0,0.0,0.0,0.0,0.0,0.2451,0.483,0.2718
68074,Jean Paul Gaultier,Scandal Pour Homme,GOURMAND,0.5083,0.3262,GOURMAND,0.1229,0.0,0.0,0.182,0.0,0.0544,0.1324,0.5083,0.0
51249,Dolce&Gabbana,The Only One,GOURMAND,0.5495,0.4026,GOURMAND,0.0908,0.0,0.1254,0.0,0.0,0.0,0.0875,0.5495,0.1469
50256,Penhaligon's,Changing Constance,GOURMAND,0.5461,0.3311,GOURMAND,0.0,0.0,0.0,0.0658,0.0768,0.0,0.2149,0.5461,0.0965
51411,Tom Ford,Lost Cherry,GOURMAND,0.5435,0.234,GOURMAND,0.0,0.3095,0.0,0.0,0.0,0.0,0.147,0.5435,0.0
78578,Tom Ford,Cherry Smoke,WOODY,0.4396,0.1541,FRUITY,0.0,0.275,0.0,0.0,0.0,0.4396,0.0,0.2855,0.0
38133,Attar Collection,Khaltat Night,AMBER,0.3743,0.1021,FRUITY,0.0,0.2722,0.0,0.0,0.0,0.0699,0.3743,0.2287,0.0548
611,Chanel,Coco Mademoiselle,WOODY,0.3279,0.0546,WOODY,0.2732,0.0,0.2049,0.0,0.0,0.3279,0.0,0.194,0.0
53,Guerlain,Shalimar Eau de Parfum,WOODY,0.3218,0.046,WOODY,0.1642,0.0,0.0,0.0,0.0,0.3218,0.2759,0.1215,0.1166
55157,Xerjoff,Erba Pura,GOURMAND,0.2449,0.0101,GOURMAND,0.2024,0.1984,0.0,0.0,0.0,0.0,0.1194,0.2449,0.2348
412,Giorgio Armani,Armani Code,GREEN,0.2291,0.0018,GREEN,0.1818,0.0,0.1145,0.2291,0.0,0.1455,0.2273,0.1018,0.0
176,Chanel,Allure Eau de Parfum,FLORAL,0.3006,0.0882,FLORAL,0.2004,0.1082,0.3006,0.0,0.0,0.0982,0.0,0.2124,0.0802
934,Calvin Klein,CK IN2U for Her,CITRUS,0.2801,0.0252,GREEN,0.2801,0.0,0.0,0.2549,0.0,0.0644,0.2157,0.1148,0.07
62762,Versace,Eros Eau de Parfum,GOURMAND,0.312,0.0128,GOURMAND,0.1825,0.0,0.0,0.2993,0.0,0.1113,0.0949,0.312,0.0
565,Hugo Boss,Deep Red,CITRUS,0.2096,0.0231,GOURMAND,0.2096,0.1719,0.0964,0.0,0.0,0.1363,0.0985,0.1866,0.1006
2653,Chanel,Allure Homme Edition Blanche,CITRUS,0.2915,0.0875,GOURMAND,0.2915,0.0,0.0,0.1429,0.0,0.1283,0.0671,0.2041,0.1662
523,Chanel,Allure Homme,GOURMAND,0.2724,0.0512,GOURMAND,0.1828,0.0,0.0,0.1024,0.0,0.1261,0.2212,0.2724,0.0951
13066,Trussardi,Trussardi Donna (2011),FLORAL,0.2968,0.0695,FLORAL,0.2105,0.1368,0.2968,0.0,0.0,0.0758,0.0,0.2274,0.0526
612,Chanel,Coco Mademoiselle Eau de Toilette,WOODY,0.358,0.0621,WOODY,0.2959,0.0,0.1598,0.0888,0.0,0.358,0.0976,0.0,0.0
56324,Dior,Sauvage Parfum,AMBER,0.3206,0.1202,AMBER,0.2004,0.0,0.0,0.1263,0.0,0.1483,0.3206,0.1162,0.0882
7955,Yves Rocher,Noix de Coco de Malaisie,GOURMAND,0.8824,0.7647,GOURMAND,0.0,0.1176,0.0,0.0,0.0,0.0,0.0,0.8824,0.0
45968,Bath & Body Works,At the Beach,GOURMAND,0.4851,0.3234,GOURMAND,0.1085,0.1617,0.134,0.0,0.1106,0.0,0.0,0.4851,0.0
3907,Givenchy,Givenchy Play Intense,GOURMAND,0.3769,0.0934,GOURMAND,0.0968,0.0,0.0,0.1188,0.0,0.1239,0.2835,0.3769,0.0
55001,Montale,Ristretto Intense Café,GOURMAND,0.541,0.3594,GOURMAND,0.0,0.0,0.1816,0.0,0.0,0.0,0.1172,0.541,0.1602
3258,Bond No 9,New Haarlem,GOURMAND,0.3654,0.1061,GOURMAND,0.0,0.0,0.0,0.2122,0.0,0.1631,0.2593,0.3654,0.0
52924,Yves Saint Laurent,Black Opium Intense,GOURMAND,0.4144,0.1747,GOURMAND,0.0976,0.0873,0.0,0.161,0.0,0.0,0.2397,0.4144,0.0
62199,Tom Ford,Black Orchid Parfum,WOODY,0.4665,0.2862,WOODY,0.0,0.1004,0.1022,0.0,0.0,0.4665,0.1803,0.1506,0.0
12792,Новая Заря (The New Dawn),Mystere,WOODY,0.6281,0.4421,WOODY,0.0,0.0,0.0895,0.0965,0.186,0.6281,0.0,0.0,0.0
45292,Amouage,Figment Man,WOODY,0.3959,0.1442,WOODY,0.0709,0.0,0.0,0.1442,0.0,0.3959,0.1373,0.0,0.2517
1460,Viktor&Rolf,Flowerbomb,FLORAL,0.3824,0.125,FLORAL,0.0956,0.0,0.3824,0.0,0.0,0.2574,0.0,0.0858,0.1789
92,Yves Saint Laurent,Cinéma,FLORAL,0.3045,0.0198,FLORAL,0.1807,0.0,0.3045,0.0,0.0,0.0,0.1535,0.2847,0.0767
9677,Gucci,Gucci Guilty,AMBER,0.2571,0.0531,AMBER,0.1918,0.1286,0.2041,0.0,0.0,0.102,0.2571,0.1163,0.0
27040,Byredo,Mojave Ghost,FLORAL,0.357,0.0801,FLORAL,0.0503,0.087,0.357,0.0,0.0,0.1648,0.0641,0.0,0.2769
22963,Tom Ford,Velvet Orchid,GOURMAND,0.3505,0.1211,GOURMAND,0.0,0.0,0.1835,0.0,0.0,0.1064,0.2294,0.3505,0.1303
51,Guerlain,L'Instant de Guerlain,GOURMAND,0.3859,0.1326,GOURMAND,0.1074,0.0,0.2534,0.0,0.0,0.0,0.1275,0.3859,0.1258
15338,Lady Gaga,Fame,GOURMAND,0.3306,0.1265,GOURMAND,0.0,0.1041,0.2041,0.0,0.0,0.0878,0.1857,0.3306,0.0878
86,Elizabeth Arden,Red Door,FLORAL,0.4784,0.2649,FLORAL,0.0,0.0,0.4784,0.0,0.0,0.0986,0.0965,0.2136,0.1129
267,Calvin Klein,Truth,FLORAL,0.314,0.1093,FLORAL,0.1023,0.0,0.314,0.2047,0.0,0.1977,0.0,0.0953,0.086
4758,Новая Заря (The New Dawn),Красная Москва (Red Moscow),FLORAL,0.4981,0.2841,FLORAL,0.0,0.0,0.4981,0.1572,0.0,0.0,0.1307,0.214,0.0
1871,Avon,Perceive,AMBER,0.2326,0.0152,AMBER,0.0,0.1391,0.2174,0.0,0.0,0.087,0.2326,0.1348,0.1891
54157,Bond No 9,Greenwich Village,FRUITY,0.2256,0.048,FRUITY,0.1776,0.2256,0.1563,0.0,0.0782,0.0,0.1083,0.1137,0.1403
631,Versace,Crystal Noir,AMBER,0.3537,0.1167,GOURMAND,0.0759,0.0,0.1611,0.0,0.0,0.087,0.3537,0.237,0.0852
48100,Dior,Sauvage Eau de Parfum,AMBER,0.4055,0.0907,GREEN,0.1889,0.0,0.0,0.3149,0.0,0.0,0.4055,0.0,0.0907
12865,Carolina Herrera,212 VIP Men,GREEN,0.2692,0.0824,GOURMAND,0.0916,0.1868,0.0,0.2692,0.0,0.1209,0.1832,0.1484,0.0
6538,Amouage,Epic Woman,AMBER,0.4362,0.214,AMBER,0.0,0.0,0.1502,0.1173,0.0,0.2222,0.4362,0.0,0.0741
49751,Louis Vuitton,L’Immensité ,AMBER,0.3317,0.0191,GREEN,0.2554,0.0,0.0,0.3126,0.0525,0.0,0.3317,0.0,0.0477
1115,Burberry,Burberry Brit for Men,AMBER,0.3476,0.1922,AMBER,0.1301,0.0,0.1553,0.0893,0.0,0.1398,0.3476,0.068,0.0699
110661,Prada,Paradigme,AMBER,0.5566,0.4215,AMBER,0.1077,0.0,0.0,0.135,0.0,0.1131,0.5566,0.0,0.0876
10206,Yves Saint Laurent,La Nuit de L'Homme Le Parfum,AMBER,0.2871,0.0535,GREEN,0.0,0.1426,0.0,0.2337,0.0,0.1089,0.2871,0.2277,0.0
1005,Serge Lutens,Arabie,AMBER,0.4974,0.3316,AMBER,0.0,0.1623,0.0,0.0725,0.0,0.1019,0.4974,0.1658,0.0
698,Dolce&Gabbana,The One,GOURMAND,0.2673,0.0445,GOURMAND,0.1336,0.2227,0.1782,0.0,0.0,0.0,0.0802,0.2673,0.118
218,Dior,Poison,AMBER,0.3475,0.1258,FLORAL,0.0,0.1572,0.2217,0.0,0.0,0.1242,0.3475,0.1494,0.0
172,Lancôme,Trésor,FLORAL,0.2442,0.0316,FLORAL,0.0,0.2105,0.2442,0.0,0.0,0.0758,0.0526,0.2126,0.2042
61519,Mugler,Angel Nova,FRUITY,0.3934,0.2012,FRUITY,0.0631,0.3934,0.1441,0.0,0.0,0.1922,0.0751,0.1321,0.0
67996,Lattafa Perfumes,Qaed Al Fursan,FRUITY,0.3482,0.1384,FRUITY,0.1049,0.3482,0.0,0.0,0.0,0.1786,0.1585,0.2098,0.0
6103,Mugler,A*Men Pure Malt,WOODY,0.2986,0.0213,AMBER,0.0,0.237,0.0,0.0,0.0,0.2986,0.2773,0.1872,0.0
1596,Vera Wang,Princess,GOURMAND,0.4376,0.2423,GOURMAND,0.1013,0.1808,0.1953,0.0,0.0,0.0,0.085,0.4376,0.0
28182,Amouage,Sunshine Woman,FLORAL,0.3403,0.0556,GOURMAND,0.0,0.2315,0.3403,0.0,0.0,0.0694,0.0741,0.2847,0.0
4094,Jessica Simpson,Fancy,GOURMAND,0.5868,0.3802,GOURMAND,0.0,0.2066,0.0682,0.0,0.0,0.0,0.0496,0.5868,0.0888
1036,Escada,Escada Magnetism,FRUITY,0.2481,0.0174,GREEN,0.1017,0.2481,0.0943,0.2308,0.0,0.0968,0.0,0.2283,0.0
68271,Afnan,Supremacy Not Only Intense,WOODY,0.4352,0.2418,WOODY,0.1161,0.1934,0.0,0.0,0.0,0.4352,0.1741,0.0,0.0812
3241,Montale,Mukhallat,GOURMAND,0.4903,0.2667,GOURMAND,0.0,0.2151,0.0,0.0,0.0,0.0,0.2237,0.4903,0.071
709,Mugler,Innocent,GOURMAND,0.3683,0.085,GOURMAND,0.1615,0.2833,0.0567,0.0,0.0,0.0,0.0567,0.3683,0.0737
45639,Mugler,Aura Mugler,GREEN,0.3067,0.0259,GREEN,0.067,0.1015,0.0756,0.3067,0.0,0.1685,0.0,0.2808,0.0
62021,Marc Jacobs,Perfect,GOURMAND,0.328,0.0358,GOURMAND,0.0,0.172,0.0986,0.2921,0.0,0.1093,0.0,0.328,0.0
521,Rabanne,Ultraviolet Man,GREEN,0.3284,0.033,WOODY,0.0,0.0,0.0,0.3284,0.0,0.2954,0.2789,0.0974,0.0
146,Bvlgari,Eau Parfumée au Thé Rouge,GOURMAND,0.2314,0.0696,GOURMAND,0.1521,0.1262,0.0,0.1618,0.0,0.1472,0.0825,0.2314,0.0987
50,Guerlain,Chamade,AMBER,0.3582,0.0939,AMBER,0.0996,0.0,0.2644,0.1916,0.0,0.0,0.3582,0.0,0.0862
30509,Montale,Honey Aoud,GOURMAND,0.3755,0.0056,GOURMAND,0.0,0.0,0.0855,0.0,0.0,0.1691,0.3699,0.3755,0.0
59826,Trussardi,Limitless Shopping Via della Spiga,GOURMAND,0.4863,0.3493,GOURMAND,0.089,0.1324,0.137,0.0708,0.0,0.0,0.0,0.4863,0.0845
64029,Francesca Bianchi,Tyger Tyger,GOURMAND,0.3145,0.0883,GOURMAND,0.0,0.1166,0.1307,0.0,0.0,0.212,0.0,0.3145,0.2261
42254,MAC,Velvet Teddy,GOURMAND,0.5159,0.25,GOURMAND,0.0,0.0,0.2659,0.0727,0.0,0.0,0.0705,0.5159,0.075
18283,Phaedon,Tabac Rouge,AMBER,0.5328,0.2213,AMBER,0.0,0.0,0.0615,0.0,0.0,0.0,0.5328,0.3115,0.0943
45396,Prada,Prada L'Homme Intense,WOODY,0.339,0.0565,FLORAL,0.0,0.0,0.2825,0.0,0.0,0.339,0.1431,0.0829,0.1525
31411,Valentino,Valentino Donna,WOODY,0.4247,0.109,WOODY,0.0,0.0,0.3157,0.0,0.0,0.4247,0.0,0.1218,0.1378
1980,Yves Rocher,Iris Noir,WOODY,0.4025,0.1365,FLORAL,0.0,0.0,0.266,0.1294,0.0,0.4025,0.0904,0.0,0.1117
101596,Dior,Dior Homme Intense 2025,FLORAL,0.4388,0.1693,FLORAL,0.0,0.0,0.4388,0.0401,0.0,0.2517,0.0,0.0,0.2695
11350,Serge Lutens,Jeux de Peau,GOURMAND,0.4414,0.209,GOURMAND,0.0,0.081,0.0,0.0,0.0,0.162,0.2324,0.4414,0.0832
34503,Yves Saint Laurent,Black Opium Nuit Blanche,GOURMAND,0.7256,0.6227,GOURMAND,0.0,0.0,0.0,0.1029,0.0,0.0,0.0957,0.7256,0.0758
3670,Diesel,Plus Plus Feminine,GOURMAND,0.7109,0.565,GOURMAND,0.0,0.0822,0.061,0.0,0.0,0.0,0.0,0.7109,0.1459
18714,Diesel,Loverdose Tattoo,GOURMAND,0.5966,0.3643,GOURMAND,0.0538,0.0,0.0611,0.2323,0.0,0.0,0.0562,0.5966,0.0
78740,Valentino,Valentino Uomo Born In Roma Intense,GREEN,0.4183,0.1298,GREEN,0.0,0.0,0.0,0.4183,0.0,0.1514,0.0721,0.2885,0.0697
83296,Yves Saint Laurent,Libre L'Absolu Platine,GREEN,0.2823,0.0092,GREEN,0.2731,0.0,0.1144,0.2823,0.0,0.0,0.0941,0.083,0.1531
9502,Jean Paul Gaultier,Le Male Terrible,GREEN,0.3292,0.0463,GREEN,0.1335,0.0,0.0,0.3292,0.0,0.0,0.2829,0.2544,0.0
6759,Carolina Herrera,CH Men,WOODY,0.3367,0.0199,WOODY,0.0,0.0,0.0,0.0857,0.0,0.3367,0.0757,0.3167,0.1853
154,Bvlgari,Black,WOODY,0.4081,0.065,WOODY,0.0,0.0,0.0,0.0,0.0,0.4081,0.0717,0.1771,0.343
16220,Byredo,Black Saffron,WOODY,0.3463,0.184,WOODY,0.0,0.1515,0.0,0.119,0.0,0.3463,0.1147,0.1061,0.1623
19668,Rasasi,La Yuqawam Homme,WOODY,0.3865,0.2147,WOODY,0.0,0.1687,0.0,0.0,0.0,0.3865,0.1534,0.1196,0.1718
8590,Histoires de Parfums,1740 Marquis de Sade,WOODY,0.3865,0.0957,WOODY,0.0,0.0,0.0,0.2908,0.0,0.3865,0.2287,0.094,0.0
75489,Tom Ford,Noir Extreme Parfum,GOURMAND,0.3105,0.0408,WOODY,0.0,0.0,0.0,0.0931,0.0,0.2696,0.2402,0.3105,0.0866
61264,Room 1015,Cherry Punk,WOODY,0.3053,0.0361,FRUITY,0.0,0.2236,0.0,0.0,0.0,0.3053,0.0962,0.2692,0.1058
66856,Dior,Eden-Roc,AQUATIC,0.4317,0.2969,AQUATIC,0.1348,0.0,0.1293,0.1038,0.4317,0.1202,0.0,0.0801,0.0
59292,Mugler,Alien Mirage,AQUATIC,0.2996,0.0169,AQUATIC,0.0,0.0,0.2827,0.097,0.2996,0.1392,0.1034,0.0781,0.0
10131,Le Labo,Another 13,MUSK,0.4438,0.1716,MUSK,0.0,0.071,0.0621,0.0,0.0,0.1509,0.2722,0.0,0.4438
71596,Narciso Rodriguez,Musc Noir Rose For Her,MUSK,0.3121,0.043,FLORAL,0.0,0.1533,0.2654,0.0,0.0,0.0,0.0,0.2692,0.3121
1021,Guerlain,Angélique Noire,MUSK,0.3881,0.1068,MUSK,0.0,0.0657,0.0637,0.0,0.0,0.0452,0.1561,0.2813,0.3881
60867,Narciso Rodriguez,Narciso Eau de Parfum Ambrée,FLORAL,0.3292,0.007,FLORAL,0.0,0.1056,0.3292,0.0,0.0,0.1268,0.1162,0.0,0.3222
760,Agent Provocateur,Agent Provocateur Maitresse,FLORAL,0.3781,0.0077,FLORAL,0.0,0.0,0.3781,0.0,0.0,0.1785,0.0,0.0729,0.3704
34973,Prada,Prada Candy Kiss,MUSK,0.4728,0.2092,MUSK,0.0879,0.0,0.1757,0.0,0.0,0.0,0.0,0.2636,0.4728
90957,Kylie Cosmetics,Cosmic Kylie Jenner,MUSK,0.3207,0.076,MUSK,0.1686,0.0,0.2446,0.0,0.0,0.0,0.1388,0.1273,0.3207
4295,Nasomatto,Silver Musk,MUSK,0.9429,0.8857,MUSK,0.0,0.0,0.0,0.0,0.0,0.0,0.0,0.0571,0.9429
59827,Trussardi,Passeggiata In Galleria Vittorio Emanuele II,GOURMAND,0.5191,0.271,GOURMAND,0.0,0.0,0.2481,0.0,0.0,0.1393,0.0935,0.5191,0.0
973,Aquolina,Chocolovers,GOURMAND,0.5128,0.3355,GOURMAND,0.1774,0.0,0.0,0.0577,0.0,0.1346,0.0449,0.5128,0.0726
64948,Lattafa Perfumes,Bade'e Al Oud Oud for Glory,WOODY,0.4069,0.0385,WOODY,0.0,0.0,0.0,0.0664,0.0,0.4069,0.3683,0.0,0.1585
1031,Yves Saint Laurent,M7,WOODY,0.3219,0.0322,WOODY,0.1094,0.0,0.0,0.1524,0.0,0.3219,0.2897,0.0,0.1266
28246,Guerlain,Les Absolus d'Orient Santal Royal,WOODY,0.4458,0.2437,WOODY,0.0,0.0,0.1516,0.0,0.0,0.4458,0.2022,0.0,0.2004
32743,Gucci,Intense Oud,WOODY,0.4367,0.0271,WOODY,0.0,0.0656,0.0,0.0,0.0,0.4367,0.4095,0.0,0.0882
48463,Maison Francis Kurkdjian,Oud Satin Mood Extrait de Parfum,AMBER,0.2916,0.0675,FLORAL,0.0,0.0,0.2241,0.0,0.0,0.1647,0.2916,0.1614,0.1582
15231,Dior,Oud Ispahan,WOODY,0.4771,0.2104,WOODY,0.0,0.0,0.2562,0.0,0.0,0.4771,0.2667,0.0,0.0
96740,Diptyque,Lilyphéa,AQUATIC,0.4929,0.2946,AQUATIC,0.051,0.0,0.0,0.1473,0.4929,0.0,0.1983,0.1105,0.0
36416,Mugler,Angel Muse,WOODY,0.4919,0.1532,GOURMAND,0.0,0.0,0.0,0.0793,0.0,0.4919,0.0901,0.3387,0.0
13462,Jovoy Paris,Psychedelique,WOODY,0.4203,0.0259,WOODY,0.0,0.0,0.0,0.0,0.0,0.4203,0.3944,0.0976,0.0876
31397,Yves Rocher,So Elixir Bois Sensuel,WOODY,0.4233,0.2578,WOODY,0.0,0.0,0.1237,0.0,0.0,0.4233,0.1638,0.1655,0.1237
4433,L'Artisan Parfumeur,Voleur de Roses,WOODY,0.4789,0.2582,WOODY,0.0,0.0986,0.2207,0.0,0.0,0.4789,0.2019,0.0,0.0
72,Kenzo,Flower by Kenzo,FLORAL,0.4201,0.132,FLORAL,0.0,0.0,0.4201,0.0,0.0,0.0,0.1059,0.1859,0.2881
55,Guerlain,Samsara Eau de Parfum,FLORAL,0.3094,0.1025,FLORAL,0.0,0.0,0.3094,0.0,0.0,0.1947,0.084,0.207,0.2049
1276,Cacharel,LouLou,AMBER,0.2807,0.039,AMBER,0.0,0.0855,0.1097,0.0,0.0,0.0967,0.2807,0.2416,0.1859
68905,Dior,Miss Dior Eau de Parfum (2021),FLORAL,0.3433,0.0619,FLORAL,0.0863,0.1013,0.3433,0.0,0.0,0.0,0.0,0.2814,0.1876
208,Guerlain,L'Heure Bleue Eau de Parfum,FLORAL,0.3292,0.1235,FLORAL,0.0,0.0,0.3292,0.0905,0.0,0.0947,0.1337,0.1461,0.2058
18802,Trussardi,My Name,FLORAL,0.3525,0.024,FLORAL,0.0887,0.0,0.3525,0.0,0.0,0.0,0.0,0.2302,0.3285
417,Giorgio Armani,Emporio Armani Lei,GOURMAND,0.3811,0.1705,GOURMAND,0.0989,0.0716,0.08,0.0,0.0,0.1579,0.0,0.3811,0.2105
1196,Slava Zaitsev,Maroussia,MUSK,0.2766,0.0189,AMBER,0.0,0.0,0.2199,0.0,0.0,0.1323,0.2577,0.1134,0.2766
90174,By Kilian,Princess,MUSK,0.3135,0.0188,GREEN,0.0972,0.0188,0.0,0.1693,0.0,0.0,0.1066,0.2947,0.3135
684,Gucci,Gucci Eau de Parfum,WOODY,0.3396,0.13,WOODY,0.0,0.0,0.0,0.1174,0.0,0.3396,0.195,0.1384,0.2096
25315,Guerlain,Samsara Eau de Toilette,FLORAL,0.3292,0.1222,FLORAL,0.0,0.0,0.3292,0.0,0.0,0.205,0.0704,0.1884,0.207
31771,Montale,Starry Nights,MUSK,0.3358,0.0914,MUSK,0.2444,0.0821,0.1437,0.0,0.0,0.194,0.0,0.0,0.3358
18021,Montale,Intense Cafe,FLORAL,0.348,0.0356,GOURMAND,0.0,0.0,0.348,0.0,0.0,0.0,0.1488,0.3124,0.1908
30352,Maison Francis Kurkdjian,Oud Satin Mood,FLORAL,0.5692,0.4231,FLORAL,0.0,0.0,0.5692,0.0,0.0,0.1077,0.1,0.1462,0.0769
50370,Parfums de Marly,Delina Exclusif,FRUITY,0.2597,0.0346,FRUITY,0.0866,0.2597,0.2165,0.0,0.0,0.0758,0.1364,0.2251,0.0
15210,Mancera,Roses Vanille,FLORAL,0.3325,0.0332,FLORAL,0.0588,0.0,0.3325,0.0,0.0,0.0639,0.0,0.2992,0.2455
17162,Serge Lutens,La Fille de Berlin,FLORAL,0.5157,0.3307,FLORAL,0.0,0.0,0.5157,0.1614,0.0,0.0551,0.185,0.0827,0.0
31931,Byredo,Rose Of No Man's Land,FLORAL,0.5157,0.2997,FLORAL,0.0,0.0627,0.5157,0.0,0.0,0.1603,0.216,0.0,0.0453
57587,Initio Parfums Prives,Atomic Rose,FLORAL,0.4688,0.2463,FLORAL,0.1157,0.0,0.4688,0.0,0.0,0.0,0.2226,0.1276,0.0653
4622,Amouage,Lyric Man,FLORAL,0.2813,0.0452,FLORAL,0.1869,0.0,0.2813,0.0,0.0,0.1068,0.1889,0.0,0.2361
68214,Lattafa Perfumes,Bade'e Al Oud Amethyst,FLORAL,0.3586,0.0759,WOODY,0.0733,0.0,0.3586,0.0,0.0,0.2042,0.2827,0.0812,0.0
15286,Jo Malone London,Velvet Rose & Oud,FLORAL,0.3916,0.1355,WOODY,0.0,0.0,0.3916,0.0,0.0,0.2229,0.1295,0.256,0.0
38259,Amouage,Myths Man,WOODY,0.5428,0.2685,WOODY,0.0,0.0,0.1051,0.2743,0.0,0.5428,0.0778,0.0,0.0
18368,Comme des Garcons,Black Eau de Toilette,AMBER,0.5504,0.1007,WOODY,0.0,0.0,0.0,0.0,0.0,0.4496,0.5504,0.0,0.0
51705,Akro,Smoke,AMBER,0.3702,0.0553,AMBER,0.0,0.0,0.0,0.1085,0.0,0.3149,0.3702,0.2064,0.0
562,Yves Saint Laurent,Opium Pour Homme,AMBER,0.3918,0.2385,AMBER,0.0,0.1261,0.0,0.1278,0.0,0.0903,0.3918,0.1107,0.1533
12446,Diesel,Loverdose,AMBER,0.3481,0.1239,GREEN,0.0,0.0,0.1563,0.1858,0.0,0.0,0.3481,0.2242,0.0855
6433,Lolita Lempicka,Si Lolita,AMBER,0.3646,0.2,AMBER,0.1257,0.0,0.1292,0.1434,0.0,0.0,0.3646,0.1646,0.0726
704,Mugler,Angel,GOURMAND,0.5486,0.3307,GOURMAND,0.0,0.1181,0.0,0.0,0.0,0.2178,0.1155,0.5486,0.0
75805,Lattafa Perfumes,Khamrah,AMBER,0.5045,0.1154,AMBER,0.0,0.0452,0.0,0.0,0.0,0.0611,0.5045,0.3891,0.0
39681,Carolina Herrera,Good Girl,GOURMAND,0.413,0.1638,GOURMAND,0.0,0.0,0.2491,0.0,0.0,0.0887,0.2491,0.413,0.0
72158,Jean Paul Gaultier,Le Beau Le Parfum,GOURMAND,0.4411,0.2464,GOURMAND,0.0,0.1946,0.0,0.0,0.0,0.1714,0.1214,0.4411,0.0714
29157,Lancôme,La Nuit Trésor,GOURMAND,0.4939,0.2455,GOURMAND,0.0,0.2485,0.0,0.0,0.0,0.0758,0.1818,0.4939,0.0
4322,By Kilian,Love Don't Be Shy,GOURMAND,0.4771,0.2683,GOURMAND,0.1078,0.0,0.2087,0.0,0.0,0.0,0.0,0.4771,0.2064
14681,Guerlain,La Petite Robe Noire,GOURMAND,0.5488,0.2494,GOURMAND,0.0,0.2993,0.0,0.059,0.0,0.0,0.093,0.5488,0.0
76880,Lattafa Perfumes,Yara,GOURMAND,0.4025,0.1232,GOURMAND,0.0493,0.191,0.078,0.0,0.0,0.0,0.0,0.4025,0.2793
84109,Parfums de Marly,Althaïr,GOURMAND,0.3924,0.1268,AMBER,0.0785,0.0,0.0,0.0905,0.0,0.0,0.2656,0.3924,0.173
43632,By Kilian,Black Phantom,GOURMAND,0.6226,0.3417,GOURMAND,0.0,0.0,0.0,0.0,0.0,0.0964,0.2809,0.6226,0.0
37735,Guerlain,L’Homme Idéal Eau de Parfum,GOURMAND,0.5705,0.326,GOURMAND,0.0,0.2445,0.0,0.0,0.0,0.0,0.1851,0.5705,0.0
4193,Montblanc,Individuel,GOURMAND,0.2474,0.019,AMBER,0.0,0.1713,0.0,0.1626,0.0,0.1073,0.2284,0.2474,0.083
57384,Montale,Arabians Tonka,GOURMAND,0.3732,0.0892,GOURMAND,0.0,0.0,0.1034,0.0,0.0,0.1237,0.284,0.3732,0.1156
11444,Mugler,A*Men Pure Havane,GOURMAND,0.5714,0.2102,GOURMAND,0.0,0.0,0.0,0.0,0.0,0.0673,0.3612,0.5714,0.0
63079,Sol de Janeiro,Cheirosa '71,GOURMAND,0.822,0.7415,GOURMAND,0.0,0.0,0.0,0.0,0.0805,0.0,0.0488,0.822,0.0488
306,Carolina Herrera,212 Sexy,GOURMAND,0.4343,0.1441,GOURMAND,0.0763,0.0,0.0869,0.0,0.0,0.0,0.1123,0.4343,0.2903
6457,By Kilian,Back to Black,GOURMAND,0.5192,0.217,GOURMAND,0.0,0.1786,0.0,0.0,0.0,0.0,0.3022,0.5192,0.0
804,Burberry,London for Men,AMBER,0.5426,0.3236,AMBER,0.0,0.0,0.0,0.0872,0.0,0.219,0.5426,0.1512,0.0
12520,Calvin Klein,CK One Shock For Him,AMBER,0.5901,0.4099,AMBER,0.0,0.0,0.0,0.1801,0.0,0.1029,0.5901,0.1268,0.0
84413,By Kilian,Smoking Hot,AMBER,0.3883,0.1533,AMBER,0.0832,0.1501,0.0,0.0,0.0,0.1436,0.3883,0.2349,0.0
53015,Zoologist Perfumes,Chameleon,FRUITY,0.3207,0.1056,FRUITY,0.0857,0.3207,0.2151,0.0,0.0,0.1554,0.0,0.1494,0.0737
14728,Avon,Far Away Exotic,FRUITY,0.3189,0.0113,FRUITY,0.0717,0.3189,0.0,0.0,0.0,0.1038,0.1283,0.3075,0.0698
55838,Bvlgari,Splendida Tubereuse Mystique ,FLORAL,0.3197,0.0853,FLORAL,0.0,0.1279,0.3197,0.1101,0.0,0.0,0.2078,0.2345,0.0
91640,Casamorati 1888,Quattro Pizzi,GOURMAND,0.3839,0.0873,GOURMAND,0.0,0.0,0.2965,0.2652,0.0,0.0,0.0544,0.3839,0.0
56457,Yves Rocher,Plein Soleil,FLORAL,0.5156,0.3444,FLORAL,0.0,0.0,0.5156,0.0,0.0,0.1712,0.1206,0.0817,0.1109
25324,Yves Saint Laurent,Black Opium,GOURMAND,0.4831,0.2678,GOURMAND,0.0,0.0861,0.1236,0.0,0.0,0.0918,0.2154,0.4831,0.0
1825,Tom Ford,Tobacco Vanille,GOURMAND,0.4777,0.1826,GOURMAND,0.0,0.0934,0.0,0.0,0.0,0.0743,0.2951,0.4777,0.0594
219,Dior,Hypnotic Poison,GOURMAND,0.6858,0.5651,GOURMAND,0.0,0.1207,0.0,0.0,0.0,0.0881,0.0,0.6858,0.1054
81642,Jean Paul Gaultier,Le Male Elixir,GOURMAND,0.569,0.3128,GOURMAND,0.0,0.0,0.0,0.2562,0.0,0.0,0.1749,0.569,0.0
52802,Giorgio Armani,Emporio Armani Stronger With You Intensely ,AMBER,0.4334,0.0338,AMBER,0.0,0.0,0.0,0.0803,0.0,0.0,0.4334,0.3996,0.0867
30947,Jean Paul Gaultier,Ultra Male,GOURMAND,0.3257,0.0153,AMBER,0.0,0.1379,0.0,0.2261,0.0,0.0,0.3103,0.3257,0.0
65414,Afnan,9pm,GOURMAND,0.3726,0.0274,AMBER,0.0822,0.1068,0.0,0.0932,0.0,0.0,0.3452,0.3726,0.0
30499,Viktor&Rolf,Spicebomb Extreme,AMBER,0.5524,0.1748,AMBER,0.0,0.0,0.0,0.0,0.0,0.0,0.5524,0.3776,0.0699
43297,Guerlain,Mon Guerlain,GOURMAND,0.322,0.0635,GREEN,0.0,0.0,0.0,0.2585,0.0,0.1315,0.1746,0.322,0.1134
170,Lancôme,Hypnôse,FLORAL,0.3555,0.0115,FLORAL,0.0,0.1766,0.3555,0.055,0.0,0.0,0.0,0.344,0.0688
215,Dior,Dior Addict,GOURMAND,0.4395,0.2212,GOURMAND,0.0678,0.0767,0.2183,0.0678,0.0,0.0,0.0708,0.4395,0.059
31666,Rabanne,Olympéa,GOURMAND,0.2041,0.0204,AQUATIC,0.0918,0.0,0.1388,0.0,0.1653,0.1224,0.1837,0.2041,0.0939
701,Givenchy,Ange ou Demon,GOURMAND,0.3822,0.1822,GOURMAND,0.0,0.0,0.2,0.1111,0.0,0.0978,0.1422,0.3822,0.0667
1251,Joop!,Joop! Homme,GOURMAND,0.2895,0.0243,AMBER,0.0992,0.0,0.1457,0.0,0.0,0.0789,0.2652,0.2895,0.1215
39358,Zadig & Voltaire,This is Her,GOURMAND,0.5211,0.2928,GOURMAND,0.0,0.0,0.0,0.0,0.0,0.1613,0.2283,0.5211,0.0893
84951,Dolce&Gabbana,Devotion,GOURMAND,0.5897,0.4511,GOURMAND,0.0679,0.0,0.1386,0.0,0.0,0.0,0.1223,0.5897,0.0815
62318,Yves Saint Laurent,Libre Intense,GOURMAND,0.3291,0.0943,GREEN,0.13,0.0,0.1551,0.2348,0.0,0.0,0.0922,0.3291,0.0587
70052,Billie Eilish,Eilish,GOURMAND,0.5902,0.3689,GOURMAND,0.0,0.0,0.0,0.0,0.0,0.0464,0.2213,0.5902,0.1421
664,Kenzo,Kenzo Amour,GOURMAND,0.449,0.2372,GOURMAND,0.0,0.0689,0.1811,0.0893,0.0,0.0,0.0,0.449,0.2117
64757,Giardini Di Toscana,Bianco Latte,GOURMAND,0.7036,0.5518,GOURMAND,0.0,0.0,0.0,0.0554,0.0,0.0,0.0892,0.7036,0.1518
11801,Casamorati 1888,Lira,GOURMAND,0.6075,0.3598,GOURMAND,0.0,0.0,0.0,0.0,0.0,0.0,0.2477,0.6075,0.1449
54785,Nishane,Ani,AMBER,0.3838,0.2117,AMBER,0.1119,0.0,0.0,0.0861,0.0,0.1411,0.3838,0.1721,0.105
519,Rabanne,Ultraviolet,FLORAL,0.3024,0.0619,FLORAL,0.0808,0.11,0.3024,0.0,0.0,0.0962,0.2405,0.0,0.1701
1444,Halloween,Halloween,FLORAL,0.3819,0.144,FLORAL,0.1068,0.0,0.3819,0.2379,0.1359,0.0,0.0,0.0,0.1375
1018,Tom Ford,Black Orchid,WOODY,0.3977,0.0994,WOODY,0.0,0.0,0.0897,0.0,0.0,0.3977,0.2982,0.2144,0.0
61856,Jean Paul Gaultier,Le Male Le Parfum,AMBER,0.3049,0.0785,GREEN,0.0,0.0,0.1054,0.2265,0.0,0.0919,0.3049,0.1592,0.1121
39314,Parfums de Marly,Layton,AMBER,0.3141,0.107,GREEN,0.0,0.1053,0.0,0.2071,0.0,0.1392,0.3141,0.1375,0.0968
88175,Lattafa Perfumes,Khamrah Qahwa,GOURMAND,0.4761,0.0478,GOURMAND,0.0,0.0,0.0,0.0455,0.0,0.0,0.4282,0.4761,0.0502
70,Kenzo,Kenzo Jungle L'Elephant,AMBER,0.5987,0.3684,AMBER,0.0,0.0,0.0,0.1086,0.0,0.0,0.5987,0.2303,0.0625
29675,Tom Ford,Noir Extreme,AMBER,0.3578,0.0429,AMBER,0.0,0.0,0.0,0.0823,0.0,0.1449,0.3578,0.3148,0.1002
15963,Chanel,Coco Noir,AMBER,0.4058,0.1542,AMBER,0.1396,0.0,0.0,0.1055,0.0,0.2516,0.4058,0.0974,0.0
10464,Frederic Malle,Portrait of a Lady,AMBER,0.4553,0.1504,AMBER,0.0,0.0935,0.1463,0.0,0.0,0.3049,0.4553,0.0,0.0
66826,Azzaro,The Most Wanted,AMBER,0.4439,0.1322,GOURMAND,0.0,0.0,0.0,0.0973,0.0,0.1471,0.4439,0.3117,0.0
705,Mugler,A*Men,GOURMAND,0.5433,0.3008,GOURMAND,0.0,0.0,0.0,0.0,0.0,0.2142,0.2425,0.5433,0.0
222,Dior,Dolce Vita,AMBER,0.2789,0.0569,AMBER,0.0697,0.1138,0.0,0.0,0.0,0.1688,0.2789,0.222,0.1468
26358,Bvlgari,Bvlgari Man In Black,AMBER,0.5479,0.2892,AMBER,0.0,0.0,0.0,0.0,0.0,0.2587,0.5479,0.1935,0.0
1801,Frederic Malle,Musc Ravageur,AMBER,0.4106,0.1532,AMBER,0.0,0.0,0.0,0.0,0.0,0.1064,0.4106,0.2255,0.2574
42260,Initio Parfums Prives,Side Effect,AMBER,0.7472,0.6287,AMBER,0.0,0.0,0.0319,0.0,0.0,0.1185,0.7472,0.1025,0.0
93,Yves Saint Laurent,Opium (1977),AMBER,0.6021,0.4264,AMBER,0.0,0.0,0.0,0.0879,0.0,0.1757,0.6021,0.062,0.0724
21548,Parfums de Marly,Oajan,AMBER,0.535,0.1402,AMBER,0.0,0.0,0.0701,0.0,0.0,0.0,0.535,0.3949,0.0
5749,Serge Lutens,Feminité du Bois,AMBER,0.3561,0.1557,AMBER,0.0,0.1706,0.0,0.0,0.0,0.2004,0.3561,0.1557,0.1173
249,Calvin Klein,Obsession for Men,AMBER,0.6139,0.4556,AMBER,0.0,0.0,0.0,0.1371,0.0,0.1583,0.6139,0.0,0.0907
707,Mugler,Alien,FLORAL,0.515,0.2275,FLORAL,0.0429,0.0,0.515,0.0,0.0,0.0258,0.2876,0.0,0.1288
56077,Yves Saint Laurent,Libre,GREEN,0.243,0.0093,GREEN,0.1706,0.0,0.2336,0.243,0.0,0.0,0.0,0.2009,0.1519
51488,Givenchy,L'Interdit Eau de Parfum,FLORAL,0.4887,0.3139,FLORAL,0.0906,0.0777,0.4887,0.0,0.0,0.1683,0.0,0.1748,0.0
427,Jean Paul Gaultier,Classique,GOURMAND,0.2656,0.0033,GREEN,0.1328,0.0,0.2623,0.0836,0.0,0.0,0.0984,0.2656,0.1574
4,Givenchy,Organza,FLORAL,0.5176,0.3592,FLORAL,0.0,0.0,0.5176,0.0,0.0,0.1056,0.1162,0.1021,0.1585
75668,Prada,Prada Paradoxe,FLORAL,0.2525,0.0379,FLORAL,0.2146,0.0707,0.2525,0.0,0.0,0.0,0.1111,0.2146,0.1364
12258,Elie Saab,Le Parfum,FLORAL,0.4233,0.1567,GOURMAND,0.0867,0.0,0.4233,0.0,0.0,0.1667,0.0,0.2667,0.0567
68404,Givenchy,L'Interdit Eau de Parfum Rouge,FLORAL,0.3321,0.0887,FLORAL,0.1925,0.0,0.3321,0.0,0.0,0.2434,0.2321,0.0,0.0
34893,Tom Ford,Soleil Blanc,FLORAL,0.4,0.0,FLORAL,0.0,0.0,0.4,0.0,0.0,0.0852,0.1148,0.4,0.0
3750,Bvlgari,Jasmin Noir,GOURMAND,0.4012,0.0926,GOURMAND,0.0,0.0,0.3086,0.0,0.0,0.0988,0.1914,0.4012,0.0
12770,Valentino,Valentina,FLORAL,0.3061,0.0454,FLORAL,0.0658,0.1293,0.3061,0.0,0.0,0.1406,0.0,0.2608,0.0975
12762,Amouage,Honour Woman,FLORAL,0.5817,0.3745,FLORAL,0.0518,0.0,0.5817,0.2072,0.0,0.0,0.0757,0.0,0.0837
28201,Dior,Dior Addict Eau de Parfum (2014),GOURMAND,0.3233,0.0211,GOURMAND,0.136,0.0,0.3021,0.1148,0.0,0.0,0.0514,0.3233,0.0725
83889,Jean Paul Gaultier,Gaultier Divine,AQUATIC,0.3341,0.0361,AQUATIC,0.0,0.0,0.298,0.0926,0.3341,0.0,0.0,0.1828,0.0926
955,Gloria Vanderbilt,Vanderbilt,FLORAL,0.3768,0.155,FLORAL,0.0,0.0,0.3768,0.0,0.0,0.1289,0.1387,0.1338,0.2219
9394,Yves Saint Laurent,Belle d'Opium,AMBER,0.3526,0.1434,AMBER,0.0,0.1375,0.1992,0.0,0.0,0.2092,0.3526,0.1016,0.0
33519,Maison Francis Kurkdjian,Baccarat Rouge 540,AMBER,0.4837,0.212,AMBER,0.0,0.0,0.0598,0.0598,0.0,0.2717,0.4837,0.0,0.125
253,Calvin Klein,Euphoria,WOODY,0.2611,0.0026,FLORAL,0.0,0.0914,0.2585,0.0,0.0,0.2611,0.1619,0.1175,0.1097
62615,By Kilian,Angels' Share,AMBER,0.3956,0.0417,AMBER,0.0,0.0,0.0,0.0,0.0,0.1988,0.3956,0.3539,0.0517
1826,Tom Ford,Oud Wood,AMBER,0.4103,0.0314,WOODY,0.0,0.0,0.0,0.1121,0.0,0.3789,0.4103,0.0987,0.0
221,Dior,Dune,AMBER,0.3864,0.1338,AMBER,0.0909,0.0,0.0833,0.0,0.0,0.2525,0.3864,0.0884,0.0985
55805,Valentino,Valentino Donna Born In Roma,FLORAL,0.2251,0.0436,AMBER,0.0,0.1396,0.2251,0.0,0.0,0.1745,0.1169,0.1623,0.1815
17666,Bentley,Bentley for Men Intense,AMBER,0.6105,0.2211,AMBER,0.0,0.0,0.0,0.0,0.0,0.3895,0.6105,0.0,0.0
71272,Givenchy,Gentleman Eau de Parfum Reserve Privée,AMBER,0.3302,0.0283,AMBER,0.0,0.0,0.2524,0.0,0.0,0.3019,0.3302,0.0,0.1156
54885,Mancera,Instant Crush,AMBER,0.3225,0.0649,MUSK,0.0892,0.0,0.0,0.0,0.0,0.2028,0.3225,0.1278,0.2576
57038,BDK Parfums,Gris Charnel,WOODY,0.2294,0.0298,FLORAL,0.0,0.0894,0.0849,0.1995,0.0,0.2294,0.1904,0.0849,0.1216
4573,Tauer Perfumes,02 L'Air du Desert Marocain,AMBER,0.3655,0.0552,AMBER,0.0,0.0,0.0,0.2759,0.0,0.3103,0.3655,0.0,0.0483
62707,Tom Ford,Bitter Peach,AMBER,0.2631,0.0261,AMBER,0.069,0.1362,0.0,0.0,0.0,0.1866,0.2631,0.2369,0.1082
606,Chanel,Allure Sensuelle,WOODY,0.4727,0.3023,WOODY,0.0818,0.0,0.0,0.0,0.0,0.4727,0.1614,0.1705,0.1136
31226,Marc Jacobs,Decadence,WOODY,0.3259,0.1481,FLORAL,0.0,0.1778,0.1519,0.0815,0.0,0.3259,0.0833,0.0889,0.0907
17786,Xerjoff,Alexandria II,WOODY,0.3734,0.1279,WOODY,0.0,0.0,0.0731,0.1097,0.0,0.3734,0.2454,0.0809,0.1175
43040,Gucci,Gucci Guilty Absolute,WOODY,0.7317,0.6067,WOODY,0.0,0.0,0.0,0.125,0.0,0.7317,0.0396,0.0,0.1037
2938,Estée Lauder,Sensuous,WOODY,0.3012,0.012,GOURMAND,0.0,0.0,0.1837,0.0,0.0,0.3012,0.2892,0.1295,0.0964
40200,Nasomatto,Baraonda,AMBER,0.3459,0.0757,AMBER,0.0,0.0,0.173,0.0,0.0,0.2703,0.3459,0.0,0.2108
64947,Lattafa Perfumes,Ameer Al Oudh Intense Oud,WOODY,0.4046,0.0076,WOODY,0.0,0.0,0.0,0.0,0.0,0.4046,0.1069,0.3969,0.0916
12317,Creed,Royal Oud,WOODY,0.3257,0.0076,WOODY,0.1069,0.0,0.0,0.1628,0.0,0.3257,0.0865,0.0,0.3181
590,Davidoff,Zino Davidoff,WOODY,0.3994,0.095,AMBER,0.0,0.0,0.0754,0.2207,0.0,0.3994,0.3045,0.0,0.0
31825,Jo Malone London,Mimosa & Cardamom,FLORAL,0.3077,0.0705,FLORAL,0.0,0.0,0.3077,0.1132,0.0,0.0,0.2372,0.1987,0.1432
4421,Yves Rocher,Ispahan,AMBER,0.3743,0.1013,FLORAL,0.0,0.0,0.2731,0.0,0.0,0.0,0.3743,0.264,0.0886
56023,Amouage,Love Mimosa,FLORAL,0.2922,0.0338,AQUATIC,0.0775,0.0815,0.2922,0.0,0.2584,0.0,0.0,0.1153,0.175
31172,Chanel,Chanel No 5 Eau Premiere (2015),FLORAL,0.2636,0.0211,MUSK,0.1424,0.0,0.2636,0.0,0.0,0.1547,0.0,0.1968,0.2425
96,Yves Saint Laurent,Rive Gauche,WOODY,0.2603,0.0092,MUSK,0.1256,0.0,0.2511,0.2098,0.0,0.2603,0.0,0.0,0.1531
91209,Frederic Malle,Acne Studios,MUSK,0.4549,0.3078,MUSK,0.1471,0.0922,0.1098,0.0,0.0,0.1157,0.0804,0.0,0.4549
49504,Xerjoff,Pikovaya Dama 2018,MUSK,0.3185,0.0414,MUSK,0.2771,0.0,0.1067,0.0876,0.0,0.1274,0.0828,0.0,0.3185
11416,Carner Barcelona,Tardes,GOURMAND,0.5769,0.3563,GOURMAND,0.0,0.1255,0.0,0.0769,0.0,0.0,0.0,0.5769,0.2206
22537,Elie Saab,L'Eau Couture,GOURMAND,0.5664,0.3308,GOURMAND,0.1047,0.0935,0.2355,0.0,0.0,0.0,0.0,0.5664,0.0
79167,Fine'ry.,Not Another Cherry,GOURMAND,0.5492,0.171,GOURMAND,0.0,0.3782,0.0725,0.0,0.0,0.0,0.0,0.5492,0.0
71512,Lancôme,La Nuit Trésor Intense,GOURMAND,0.5729,0.3322,GOURMAND,0.0,0.2407,0.1203,0.0,0.0,0.0661,0.0,0.5729,0.0
10296,Juliette Has A Gun,Not A Perfume,AMBER,0.5806,0.3548,AMBER,0.0,0.0,0.0,0.0,0.0,0.2258,0.5806,0.0,0.1935
4056,John Galliano,John Galliano,MUSK,0.2755,0.049,FLORAL,0.0918,0.0,0.2265,0.0,0.0,0.202,0.2041,0.0,0.2755
917,Amouage,Gold Woman,MUSK,0.3638,0.0813,MUSK,0.0,0.0,0.252,0.0,0.0,0.1016,0.2825,0.0,0.3638
67702,Bath & Body Works,Into The Night,AMBER,0.3618,0.1513,AMBER,0.0,0.2105,0.1743,0.0,0.0,0.1316,0.3618,0.0,0.1217
97605,Glossier,You Doux,AMBER,0.3565,0.1768,AMBER,0.0754,0.0,0.1304,0.1101,0.0,0.1797,0.3565,0.0,0.1478
103425,Glossier,You Fleur,MUSK,0.261,0.0691,AQUATIC,0.0,0.1363,0.1862,0.0,0.1036,0.1209,0.1919,0.0,0.261
49223,Nasomatto,Nudiflorum,WOODY,0.3326,0.118,WOODY,0.0,0.1803,0.073,0.0966,0.0,0.3326,0.0,0.103,0.2146
73900,Issey Miyake,A Drop d'Issey Eau de Parfum Fraiche,AQUATIC,0.4342,0.1875,AQUATIC,0.1776,0.0,0.2467,0.0526,0.4342,0.0526,0.0362,0.0,0.0
37470,Antonio Banderas,Queen of Seduction,CITRUS,0.3586,0.1359,AQUATIC,0.3586,0.098,0.098,0.0,0.2227,0.0713,0.0,0.0802,0.0713
16602,Clean,Clean Rain,AQUATIC,0.3799,0.1487,AQUATIC,0.1602,0.0641,0.2311,0.0,0.3799,0.0,0.0,0.0778,0.087
9797,Oriflame,Midsummer Woman,CITRUS,0.3827,0.1712,AQUATIC,0.3827,0.0,0.1839,0.148,0.2114,0.0,0.0,0.0,0.074
19,Hermès,Un Jardin en Méditerranée,GREEN,0.3162,0.0373,GREEN,0.2789,0.0,0.0426,0.3162,0.0,0.1776,0.1297,0.0551,0.0
15512,Balenciaga,Florabotanica,GREEN,0.5096,0.2163,GREEN,0.0,0.0,0.2933,0.5096,0.0,0.0601,0.137,0.0,0.0
484,Dolce&Gabbana,Dolce&Gabbana,FLORAL,0.2609,0.0272,MUSK,0.2337,0.0,0.2609,0.1812,0.0,0.0,0.1993,0.0,0.125
4608,Geoffrey Beene,Grey Flannel,WOODY,0.3239,0.0142,WOODY,0.0973,0.0,0.1327,0.3097,0.0,0.3239,0.0,0.0,0.1363
1404,Sarah Jessica Parker,Covet,GREEN,0.3462,0.1644,GREEN,0.1702,0.0,0.1818,0.3462,0.0,0.1083,0.0,0.1103,0.0832
271,Calvin Klein,Escape,GREEN,0.3763,0.2169,GREEN,0.0949,0.1593,0.1525,0.3763,0.0,0.0,0.1,0.1169,0.0
897,Ralph Lauren,Safari,GREEN,0.4614,0.2361,GREEN,0.0,0.0,0.0966,0.4614,0.0,0.2253,0.2167,0.0,0.0
57255,Natura,Ekos Alma,AMBER,0.5789,0.4074,AMBER,0.0,0.0,0.1033,0.0858,0.0604,0.1715,0.5789,0.0,0.0
23317,Viktor&Rolf,Bonbon,GOURMAND,0.3797,0.211,GOURMAND,0.1688,0.1034,0.1097,0.0,0.0,0.0907,0.0802,0.3797,0.0675
25753,Juicy Couture,Viva la Juicy Gold Couture,GOURMAND,0.5021,0.365,GOURMAND,0.0,0.1181,0.1371,0.0,0.0,0.1097,0.0549,0.5021,0.0781
17565,Cacharel,Amor Amor In a Flash,GOURMAND,0.4879,0.1842,GOURMAND,0.0,0.1275,0.0,0.0,0.0,0.0,0.3036,0.4879,0.081
88707,Yves Saint Laurent,Black Opium Over Red,GOURMAND,0.4572,0.2714,GOURMAND,0.0725,0.1859,0.1283,0.0,0.0,0.0,0.1041,0.4572,0.052
17387,Guerlain,La Petite Robe Noire Eau de Toilette,FRUITY,0.3659,0.0183,FRUITY,0.0,0.3659,0.1911,0.0955,0.0,0.0,0.0,0.3476,0.0
308,Cartier,Delices,GOURMAND,0.3491,0.1335,FRUITY,0.0,0.2053,0.0595,0.0,0.0,0.0719,0.2156,0.3491,0.0986
69869,Guess,Seductive Red,GOURMAND,0.5088,0.2332,GOURMAND,0.0,0.2756,0.1325,0.0,0.0,0.0,0.0,0.5088,0.083
18043,Mancera,Roses & Chocolate,GOURMAND,0.4257,0.2083,GOURMAND,0.0,0.096,0.2174,0.0,0.0,0.0,0.1141,0.4257,0.1467
15451,Christina Aguilera,Red Sin,AMBER,0.4849,0.3058,AMBER,0.1469,0.1791,0.0,0.0,0.0,0.0604,0.4849,0.0664,0.0624
7322,O Boticário,Myriad,AMBER,0.3672,0.226,AMBER,0.0829,0.0847,0.1281,0.0,0.0,0.0734,0.3672,0.1412,0.1224
485,Dolce&Gabbana,Light Blue,CITRUS,0.4106,0.2318,CITRUS,0.4106,0.1145,0.0,0.1508,0.0,0.1788,0.0,0.0,0.1453
8442,Giorgio Armani,Acqua di Gioia,GREEN,0.4,0.1402,GREEN,0.2598,0.0,0.1155,0.4,0.0,0.0866,0.0969,0.0412,0.0
147,Nina Ricci,Nina,CITRUS,0.3497,0.1184,CITRUS,0.3497,0.1475,0.0729,0.0874,0.0,0.1111,0.0,0.2313,0.0
18,Hermès,Un Jardin Sur Le Nil,GREEN,0.2657,0.0689,FRUITY,0.1969,0.1909,0.1339,0.2657,0.0,0.0,0.124,0.0,0.0886
238,Cacharel,Amor Amor,GOURMAND,0.2346,0.0068,GOURMAND,0.2278,0.1913,0.0843,0.0888,0.0,0.0,0.0888,0.2346,0.0843
413,Giorgio Armani,Armani Code for Women,GOURMAND,0.3445,0.0231,GOURMAND,0.3213,0.0,0.2031,0.0,0.0,0.0,0.072,0.3445,0.0591
728,Moschino,Cheap & Chic I Love Love,CITRUS,0.5417,0.4213,CITRUS,0.5417,0.0602,0.0,0.1019,0.0,0.0463,0.0787,0.1204,0.0509
1687,Acqua di Parma,Acqua di Parma Blu Mediterraneo - Fico di Amalfi,CITRUS,0.3679,0.1572,CITRUS,0.3679,0.1405,0.0401,0.0702,0.0,0.2107,0.0702,0.1003,0.0
372,Clinique,Clinique Happy,CITRUS,0.4155,0.1338,CITRUS,0.4155,0.0,0.2817,0.0739,0.0,0.0,0.081,0.081,0.0669
3016,Tommy Hilfiger,Tommy Girl,FLORAL,0.4423,0.2019,FLORAL,0.2404,0.1034,0.4423,0.1514,0.0,0.0625,0.0,0.0,0.0
1215,Moschino,Moschino Funny!,CITRUS,0.4662,0.3543,CITRUS,0.4662,0.0932,0.0816,0.1119,0.0,0.0769,0.1096,0.0,0.0606
13064,Versace,Yellow Diamond,FLORAL,0.3744,0.0256,FLORAL,0.3487,0.0,0.3744,0.0692,0.0,0.0,0.0,0.0974,0.1103
38543,Chanel,Chanel No 5 L'Eau,CITRUS,0.4466,0.2201,MUSK,0.4466,0.0,0.1586,0.0,0.0,0.0874,0.0,0.0809,0.2265
502,Chanel,Allure,FLORAL,0.3712,0.0794,FLORAL,0.2918,0.1116,0.3712,0.0,0.0,0.073,0.0,0.1524,0.0
1499,Shiseido,Zen,WOODY,0.2766,0.0499,WOODY,0.2268,0.1043,0.1293,0.0,0.0,0.2766,0.0952,0.0998,0.068
17076,Hermès,Jour d'Hermes,CITRUS,0.3569,0.0324,FLORAL,0.3569,0.0,0.3245,0.1888,0.0708,0.0,0.0,0.0,0.059
64105,Armaf,Club de Nuit Sillage,CITRUS,0.2907,0.061,CITRUS,0.2907,0.0785,0.0,0.0901,0.0,0.125,0.186,0.0,0.2297
128,Armand Basi,In Red,CITRUS,0.383,0.114,CITRUS,0.383,0.0,0.1462,0.0819,0.0,0.1199,0.269,0.0,0.0
44034,Dolce&Gabbana,Light Blue Eau Intense,CITRUS,0.3744,0.1493,CITRUS,0.3744,0.1351,0.0,0.1114,0.0,0.0687,0.0853,0.0,0.2251
3128,Harajuku Lovers,Harajuku Lovers G,GOURMAND,0.7703,0.6689,GOURMAND,0.0,0.1014,0.0439,0.0,0.0,0.0,0.0,0.7703,0.0845
43572,Le Monde Gourmand,Lait de Coco,GOURMAND,0.843,0.7705,GOURMAND,0.0386,0.0725,0.0,0.0,0.0,0.0,0.0,0.843,0.0459
25980,Beyoncé,Heat Wild Orchid,GOURMAND,0.5059,0.3314,GOURMAND,0.0,0.1745,0.149,0.0,0.0,0.098,0.0,0.5059,0.0725
11538,Estée Lauder,Bronze Goddess  2011,GOURMAND,0.5192,0.3448,GOURMAND,0.1054,0.0,0.1743,0.0,0.0,0.0939,0.1073,0.5192,0.0
10664,Новая Заря (The New Dawn),Кузнецкий мост (Kuznetsky Most),WOODY,0.4339,0.168,WOODY,0.0995,0.0,0.2659,0.1028,0.0,0.4339,0.0,0.0979,0.0
80039,Trussardi,District of Nolo,MUSK,0.2798,0.0343,AQUATIC,0.0,0.083,0.2455,0.0,0.2112,0.1805,0.0,0.0,0.2798
632,Versace,Bright Crystal,FLORAL,0.4128,0.1242,FLORAL,0.2886,0.0,0.4128,0.0,0.0705,0.1007,0.0738,0.0537,0.0
1733,Chloé,Chloé Eau de Parfum,FLORAL,0.6254,0.452,FLORAL,0.1734,0.1207,0.6254,0.0,0.0,0.0433,0.0372,0.0,0.0
8069,Chanel,Chance Eau Tendre,FLORAL,0.286,0.0864,FLORAL,0.1382,0.1459,0.286,0.0,0.0,0.0,0.1113,0.119,0.1996
988,Lanvin,Eclat d’Arpège,FLORAL,0.4414,0.2188,FLORAL,0.2227,0.0586,0.4414,0.125,0.0,0.0,0.043,0.0,0.1094
184,Lancôme,Miracle,FLORAL,0.2983,0.0573,FRUITY,0.2411,0.2124,0.2983,0.0,0.0,0.0,0.1885,0.0,0.0597
242,Cacharel,Noa,FLORAL,0.3328,0.0693,FLORAL,0.1334,0.0,0.3328,0.1166,0.0,0.0777,0.076,0.0,0.2635
720,Issey Miyake,L'eau d'Issey,FLORAL,0.4923,0.2577,AQUATIC,0.176,0.0485,0.4923,0.0,0.2347,0.0485,0.0,0.0,0.0
23280,Dior,Miss Dior Blooming Bouquet,FLORAL,0.4545,0.225,FLORAL,0.2295,0.1023,0.4545,0.0,0.0,0.0,0.0,0.05,0.1636
669,Lacoste Fragrances,Lacoste Pour Femme,FLORAL,0.2738,0.0041,FLORAL,0.0,0.0,0.2738,0.0,0.0,0.2292,0.2272,0.0,0.2698
81,Elizabeth Arden,5th Avenue,FLORAL,0.5324,0.3525,FLORAL,0.1799,0.0,0.5324,0.1031,0.0,0.0,0.0,0.0983,0.0863
536,Estée Lauder,Pleasures,FLORAL,0.5365,0.3699,FLORAL,0.1667,0.0,0.5365,0.1416,0.0,0.0479,0.0594,0.0,0.0479
257,Calvin Klein,Eternity,FLORAL,0.4037,0.0757,GREEN,0.0642,0.0,0.4037,0.328,0.0,0.0,0.1078,0.0,0.0963
78,Kenzo,L'Eau par Kenzo,GREEN,0.2947,0.0428,GREEN,0.131,0.0,0.2519,0.2947,0.1108,0.1033,0.1083,0.0,0.0
1000,Burberry,Weekend for Women,FLORAL,0.3529,0.1877,FLORAL,0.084,0.1373,0.3529,0.07,0.0,0.0868,0.0,0.1036,0.1653
15924,By Kilian,Good Girl Gone Bad,FLORAL,0.6848,0.5157,FLORAL,0.0,0.1691,0.6848,0.071,0.0,0.0752,0.0,0.0,0.0
66,Guerlain,Champs Elysees Eau de Toilette,FLORAL,0.454,0.2953,FLORAL,0.1588,0.0808,0.454,0.0891,0.0,0.0,0.0,0.1003,0.117
8441,Byredo,La Tulipe,FLORAL,0.3676,0.0074,GREEN,0.0441,0.0699,0.3676,0.3603,0.0,0.0551,0.0809,0.0221,0.0
520,Nina Ricci,Premier Jour,FLORAL,0.3404,0.1057,FLORAL,0.0973,0.0,0.3404,0.0,0.0,0.129,0.0,0.2347,0.1987
18767,Jo Malone London,Peony & Blush Suede,FLORAL,0.5232,0.3351,FLORAL,0.188,0.0845,0.5232,0.0,0.0,0.0954,0.0,0.0,0.109
141,Britney Spears,Curious,FLORAL,0.5528,0.413,FLORAL,0.0,0.1056,0.5528,0.0,0.1273,0.0,0.0,0.0745,0.1398
826,Ralph Lauren,Ralph,FLORAL,0.3117,0.0623,FLORAL,0.2493,0.2439,0.3117,0.0949,0.0,0.0,0.0,0.0,0.1003
825,Ralph Lauren,Romance,FLORAL,0.5144,0.3994,FLORAL,0.1149,0.0,0.5144,0.0948,0.0,0.0891,0.1006,0.0,0.0862
2378,Avon,Pur Blanca,FLORAL,0.4628,0.1858,FLORAL,0.1047,0.0,0.4628,0.0574,0.0,0.0541,0.0,0.0439,0.277
508,Davidoff,Cool Water,AQUATIC,0.257,0.0166,AQUATIC,0.2322,0.1575,0.2405,0.0,0.257,0.0,0.0,0.1128,0.0
6686,Byredo,Blanche,MUSK,0.4408,0.1437,MUSK,0.1942,0.0,0.2971,0.0,0.0,0.068,0.0,0.0,0.4408
6529,Givenchy,Ange Ou Demon Le Secret,CITRUS,0.3501,0.0865,CITRUS,0.3501,0.1247,0.2636,0.1107,0.0,0.0865,0.0644,0.0,0.0
1109,Amouage,Dia Woman,MUSK,0.4251,0.1255,MUSK,0.1873,0.0,0.2996,0.0,0.0,0.088,0.0,0.0,0.4251
17189,Zara,Applejuice,CITRUS,0.3394,0.1277,CITRUS,0.3394,0.1807,0.2117,0.0894,0.0,0.0,0.0,0.0,0.1788
66359,Guerlain,Aqua Allegoria Flora Salvaggia,FLORAL,0.3824,0.1084,AQUATIC,0.2045,0.0,0.3824,0.0,0.274,0.0,0.0,0.0,0.1391
145,Bvlgari,Eau Parfumee au The Blanc,GREEN,0.3431,0.0604,GREEN,0.1345,0.0,0.0994,0.3431,0.0,0.0,0.2827,0.0,0.1404
29442,Bvlgari,Aqva Divina,CITRUS,0.2578,0.05,AQUATIC,0.2578,0.1172,0.1484,0.0,0.2078,0.1125,0.1562,0.0,0.0
156,Bvlgari,BLV,CITRUS,0.249,0.0117,CITRUS,0.249,0.0,0.2354,0.0,0.0,0.0837,0.1946,0.0,0.2374
729,Moschino,Couture!,AMBER,0.387,0.217,AMBER,0.17,0.0,0.1139,0.0,0.0,0.1447,0.387,0.1212,0.0633
6086,Dolce&Gabbana,D&G Anthology L'Imperatrice 3,AQUATIC,0.4025,0.0864,AQUATIC,0.0691,0.316,0.0,0.1383,0.4025,0.0,0.0,0.0741,0.0
51694,Burberry,Burberry Her,FRUITY,0.3767,0.0933,FRUITY,0.0,0.3767,0.0,0.0,0.0,0.1,0.0467,0.2833,0.1933
11721,Lancôme,Trésor Midnight Rose,FRUITY,0.2481,0.005,FLORAL,0.0744,0.2481,0.2432,0.0918,0.0,0.0744,0.1166,0.1514,0.0
818,Burberry,Burberry Women,GOURMAND,0.2966,0.0141,GOURMAND,0.0452,0.2825,0.0,0.0,0.0,0.1497,0.0,0.2966,0.226
65560,Carolina Herrera,Very Good Girl,FRUITY,0.3737,0.1737,FRUITY,0.2,0.3737,0.1474,0.0,0.0,0.0,0.0921,0.1868,0.0
1835,Lalique,Amethyst,FRUITY,0.3968,0.2103,FRUITY,0.0635,0.3968,0.1865,0.0,0.0,0.1111,0.0635,0.1111,0.0675
10858,Marc Jacobs,Daisy Eau So Fresh,FRUITY,0.2747,0.0797,FLORAL,0.1593,0.2747,0.1951,0.1346,0.0,0.0,0.0,0.1401,0.0962
48002,Giorgio Armani,Sì Passione,FRUITY,0.2825,0.0169,FRUITY,0.0678,0.2825,0.1751,0.0,0.0,0.1158,0.0932,0.2655,0.0
15134,Jo Malone London,Blackberry & Bay,GREEN,0.2236,0.0166,GREEN,0.1387,0.207,0.0455,0.2236,0.0,0.1159,0.1863,0.0828,0.0
6493,Yves Saint Laurent,Parisienne,FLORAL,0.5037,0.2568,FLORAL,0.0716,0.2469,0.5037,0.0,0.0,0.0691,0.0,0.0,0.1086
47459,Versace,Versace Pour Femme Dylan Blue,FLORAL,0.3111,0.054,FLORAL,0.1208,0.2571,0.3111,0.1337,0.0,0.0694,0.0,0.054,0.054
1701,Elizabeth Arden,Sunflowers,CITRUS,0.2748,0.0301,AQUATIC,0.2748,0.1773,0.2447,0.0,0.195,0.1082,0.0,0.0,0.0
8019,Lancôme,Tresor In Love,FLORAL,0.2551,0.0068,FLORAL,0.0957,0.2278,0.2551,0.0,0.0,0.0,0.0,0.1731,0.2483
10190,Victoria's Secret,Bombshell,FRUITY,0.302,0.0082,FRUITY,0.2939,0.302,0.2265,0.0,0.0,0.0,0.0,0.1776,0.0
51589,Moschino,Toy 2,FRUITY,0.2519,0.005,FRUITY,0.2469,0.2519,0.1537,0.068,0.0,0.0,0.0,0.1033,0.1763
685,Gucci,Gucci Eau de Parfum II,FRUITY,0.3077,0.16,FRUITY,0.1108,0.3077,0.1169,0.0769,0.0,0.1477,0.0738,0.0831,0.0831
43324,Byredo,Bibliothèque,FRUITY,0.2364,0.0,WOODY,0.0,0.2364,0.0969,0.0,0.0,0.2364,0.0,0.2033,0.227
35,Givenchy,Hot Couture,AMBER,0.2642,0.0755,AMBER,0.0962,0.1887,0.0,0.0943,0.0,0.1377,0.2642,0.1453,0.0736
67527,Sol de Janeiro,Cheirosa '40,GOURMAND,0.3711,0.1614,GOURMAND,0.0,0.2096,0.0713,0.0,0.0,0.1006,0.0524,0.3711,0.195
3782,Jo Malone London,Nectarine Blossom & Honey,FRUITY,0.3115,0.109,FRUITY,0.0748,0.3115,0.0654,0.2025,0.0,0.0467,0.0,0.2025,0.0966
39070,Dior,Miss Dior Absolutely Blooming,FLORAL,0.2931,0.036,FLORAL,0.0566,0.2571,0.2931,0.0,0.0,0.1003,0.0797,0.1183,0.0951
5609,Donna Karan,DKNY Be Delicious Fresh Blossom,FLORAL,0.3969,0.1401,FLORAL,0.2568,0.1946,0.3969,0.0875,0.0,0.0,0.0,0.0642,0.0
66098,Moschino,Toy 2 Bubble Gum,FRUITY,0.4088,0.1824,FRUITY,0.1006,0.4088,0.2107,0.0,0.0,0.0,0.0,0.2264,0.0535
498,Donna Karan,DKNY Be Delicious,AQUATIC,0.3103,0.0862,AQUATIC,0.2241,0.1638,0.1293,0.1724,0.3103,0.0,0.0,0.0,0.0
275,Calvin Klein,CK be,GREEN,0.4496,0.2345,GREEN,0.0911,0.0,0.0,0.4496,0.0,0.1298,0.1143,0.0,0.2151
12345,Chanel,Chanel No 19 Eau de Parfum,WOODY,0.4236,0.1263,WOODY,0.0876,0.0,0.1059,0.2974,0.0,0.4236,0.0,0.0,0.0855
11,Chanel,Chanel N°19,WOODY,0.3745,0.0855,WOODY,0.0,0.0,0.2291,0.2891,0.0,0.3745,0.0,0.0,0.1073
687,Gucci,Gucci Rush 2,FLORAL,0.4481,0.2407,FLORAL,0.0913,0.0954,0.4481,0.2075,0.0,0.0,0.0705,0.0,0.0871
2068,Guy Laroche,Fidji Eau de Toilette,WOODY,0.2899,0.026,FLORAL,0.0,0.0,0.2413,0.2639,0.0,0.2899,0.0833,0.0,0.1215
88,Elizabeth Arden,Arden Beauty,FLORAL,0.2953,0.0628,GREEN,0.0,0.0767,0.2953,0.2326,0.0814,0.0,0.0884,0.093,0.1326
4941,Bvlgari,Omnia Green Jade,FLORAL,0.2751,0.0854,FLORAL,0.1879,0.0,0.2751,0.1898,0.0,0.1879,0.0,0.0,0.1594
547,Estée Lauder,Private Collection,GREEN,0.4208,0.0479,GREEN,0.0,0.0,0.3729,0.4208,0.0,0.1021,0.1042,0.0,0.0
50748,Cartier,Carat,FLORAL,0.4714,0.2426,FLORAL,0.0,0.0732,0.4714,0.2288,0.0,0.0,0.0686,0.0686,0.0892
31233,Jimmy Choo,Illicit,GOURMAND,0.4092,0.198,GOURMAND,0.1452,0.0,0.1337,0.0,0.0,0.1007,0.2112,0.4092,0.0
17511,Kim Kardashian,Pure Honey,GOURMAND,0.4697,0.2427,GOURMAND,0.0,0.0,0.2269,0.0,0.0,0.0,0.1425,0.4697,0.1609
1795,Prada,Infusion d'Iris,WOODY,0.2692,0.0535,FLORAL,0.1194,0.0,0.1783,0.0963,0.0,0.2692,0.2157,0.0,0.1212
12424,Chanel,Chanel No 19 Poudre,FLORAL,0.3432,0.0537,FLORAL,0.0,0.0,0.3432,0.2894,0.0,0.2218,0.0,0.0,0.1456
12767,Tom Ford,Violet Blonde,MUSK,0.3024,0.006,AQUATIC,0.0,0.0,0.2016,0.0,0.1996,0.2964,0.0,0.0,0.3024
31040,Prada,Infusion d'Iris (2015),FLORAL,0.3902,0.1441,FLORAL,0.1353,0.0,0.3902,0.0,0.0,0.2461,0.0732,0.0,0.1552
20,Hermès,Hiris,FLORAL,0.4897,0.2322,FLORAL,0.0,0.0,0.4897,0.0851,0.0,0.2575,0.0,0.0,0.1678
990,Lanvin,Oxygene,MUSK,0.257,0.0219,GOURMAND,0.0,0.0,0.2191,0.0,0.0,0.0896,0.2351,0.1992,0.257
72365,Zoologist Perfumes,Cow,MUSK,0.2422,0.0352,GOURMAND,0.1242,0.118,0.1035,0.205,0.0,0.0,0.0,0.207,0.2422
39738,Lancôme,Lavandes Trianon,GOURMAND,0.5294,0.1838,GOURMAND,0.0,0.0,0.0,0.3456,0.0,0.0,0.0637,0.5294,0.0613
22839,Burberry,Burberry Brit Rhythm for Women,GREEN,0.2922,0.0434,GREEN,0.0985,0.0,0.2137,0.2922,0.0,0.1469,0.0,0.0,0.2487
12425,Chanel,Les Exclusifs de Chanel Jersey,GREEN,0.3173,0.0605,GREEN,0.1002,0.0,0.1086,0.3173,0.0,0.0,0.0,0.2568,0.2171
57035,Lush,Twilight Body Spray,GREEN,0.351,0.0148,GREEN,0.0,0.0,0.0465,0.351,0.0,0.0,0.3362,0.2664,0.0
8315,O Boticário,Ma Chérie,GREEN,0.5396,0.2256,GREEN,0.0,0.0,0.0366,0.5396,0.0,0.0,0.1098,0.0,0.314
1335,Hermès,Kelly Calèche,FLORAL,0.4479,0.2413,FLORAL,0.1411,0.0,0.4479,0.0,0.0,0.2045,0.0,0.0,0.2065
52197,Tiziana Terenzi,Spirito Fiorentino,WOODY,0.4976,0.2668,WOODY,0.0,0.0,0.0721,0.0,0.0,0.4976,0.2308,0.0,0.1995
13195,L'Artisan Parfumeur,Batucada,AQUATIC,0.2972,0.0066,AQUATIC,0.1642,0.0,0.0755,0.2906,0.2972,0.0,0.0739,0.0985,0.0
14187,Avon,Perceive Dew,AQUATIC,0.4004,0.167,AQUATIC,0.2334,0.1023,0.1077,0.1562,0.4004,0.0,0.0,0.0,0.0
1427,Rochas,Aquawoman,AQUATIC,0.4304,0.243,AQUATIC,0.119,0.0861,0.0962,0.1873,0.4304,0.0,0.081,0.0,0.0
69386,Zoologist Perfumes,Seahorse,AQUATIC,0.3018,0.0321,AQUATIC,0.0911,0.0,0.1857,0.1518,0.3018,0.0,0.2696,0.0,0.0
45668,Serge Lutens,Dent de Lait,GOURMAND,0.4316,0.1293,GOURMAND,0.0,0.0,0.0608,0.0,0.0,0.097,0.1084,0.4316,0.3023
395,Comme des Garcons,Odeur 53,AQUATIC,0.4352,0.1149,AQUATIC,0.0,0.0,0.0,0.0,0.4352,0.3203,0.0,0.0,0.2445
88636,Lattafa Perfumes,Masa,FRUITY,0.3043,0.1187,AQUATIC,0.0649,0.3043,0.0,0.0,0.1855,0.1429,0.1095,0.1095,0.0835
38260,Amouage,Myths Woman,WOODY,0.4103,0.1595,WOODY,0.0,0.0,0.2309,0.2508,0.0,0.4103,0.108,0.0,0.0
3142,Revlon,Charlie Blue,WOODY,0.424,0.2365,WOODY,0.0,0.0,0.1419,0.1149,0.0,0.424,0.1318,0.0,0.1875
209,Narciso Rodriguez,Narciso Rodriguez For Her,MUSK,0.3756,0.129,MUSK,0.1198,0.0968,0.2465,0.0,0.0,0.0853,0.076,0.0,0.3756
14319,Narciso Rodriguez,Narciso Rodriguez for Her Eau de Parfum,MUSK,0.3878,0.1547,MUSK,0.0,0.061,0.1786,0.0,0.0,0.2331,0.1394,0.0,0.3878
46885,Glossier,You,FLORAL,0.3612,0.033,FLORAL,0.0,0.0,0.3612,0.0,0.0,0.0727,0.2379,0.0,0.3282
53441,Narciso Rodriguez,Pure Musc For Her,MUSK,0.6772,0.5354,MUSK,0.0,0.0,0.0709,0.0,0.0,0.1417,0.0669,0.0433,0.6772
20542,Maison Martin Margiela,Lazy Sunday Morning,MUSK,0.5056,0.1685,MUSK,0.1573,0.0,0.3371,0.0,0.0,0.0,0.0,0.0,0.5056
60891,Givenchy,Irresistible Givenchy,FLORAL,0.3567,0.0261,FLORAL,0.0,0.1363,0.3567,0.0,0.0721,0.0,0.0,0.1042,0.3307
78574,Parfums de Marly,Valaya,MUSK,0.3974,0.0961,MUSK,0.3013,0.0832,0.1368,0.0,0.0,0.0,0.0813,0.0,0.3974
48681,Diptyque,Fleur de Peau Eau de Parfum,MUSK,0.5633,0.3648,MUSK,0.0,0.0,0.1985,0.0,0.0,0.0744,0.1638,0.0,0.5633
6386,Tom Ford,White Suede,MUSK,0.4326,0.2061,MUSK,0.0687,0.0,0.0941,0.0,0.0,0.2265,0.1781,0.0,0.4326
2797,Frederic Malle,L'Eau d'Hiver,MUSK,0.5064,0.3368,MUSK,0.1234,0.0,0.1697,0.0591,0.0,0.0,0.0797,0.0617,0.5064
2432,The Body Shop,White Musk,MUSK,0.545,0.3188,MUSK,0.0,0.0,0.2262,0.0,0.0,0.1689,0.0,0.0599,0.545
33500,Natura,Cereja e Avelã,GOURMAND,0.398,0.1344,GOURMAND,0.0986,0.2636,0.0969,0.0,0.0,0.1429,0.0,0.398,0.0
34810,By Kilian,Some Like It Hot,GOURMAND,0.3243,0.0811,GOURMAND,0.0649,0.2054,0.2432,0.0,0.0,0.1622,0.0,0.3243,0.0
6437,Masaki Matsushima,mat;,AQUATIC,0.3218,0.0554,AQUATIC,0.0,0.0588,0.1349,0.2664,0.3218,0.1349,0.083,0.0,0.0
103256,Lattafa Perfumes,Ana Abiyedh Coral,AQUATIC,0.3558,0.0318,AQUATIC,0.0,0.1217,0.0,0.0,0.3558,0.0,0.0,0.324,0.1985
1107,Mexx,Fly High Woman,AQUATIC,0.3551,0.1682,AQUATIC,0.1869,0.1776,0.0953,0.0,0.3551,0.0,0.0953,0.0897,0.0
69001,Dolce&Gabbana,The One Gold,WOODY,0.3113,0.0545,WOODY,0.0,0.1537,0.0934,0.0,0.0,0.3113,0.0973,0.2568,0.0875
12321,Goutal,"Mon Parfum Cheri, par Camille",WOODY,0.4,0.1552,FLORAL,0.0,0.1152,0.2448,0.0,0.0,0.4,0.08,0.0,0.16
28711,Chanel,Chanel No 5 Parfum,MUSK,0.4,0.1443,MUSK,0.118,0.0,0.2262,0.0,0.0,0.2557,0.0,0.0,0.4
327,Cerruti,1881,FLORAL,0.3856,0.0523,FLORAL,0.0,0.0,0.3856,0.3333,0.0,0.1009,0.0,0.0,0.1802
9370,Chloé,Love,MUSK,0.4127,0.0857,FLORAL,0.0635,0.0,0.327,0.0698,0.0,0.0635,0.0,0.0635,0.4127
1106,Guerlain,L'Instant Magic,FLORAL,0.3837,0.0605,FLORAL,0.0,0.0,0.3837,0.0,0.0,0.0907,0.0,0.2023,0.3233
94,Yves Saint Laurent,Paris,FLORAL,0.6299,0.443,FLORAL,0.0,0.0,0.6299,0.0972,0.0,0.086,0.0,0.0,0.1869
780,Bvlgari,Omnia Amethyste,FLORAL,0.3374,0.0929,FLORAL,0.0,0.0,0.3374,0.0856,0.0,0.1149,0.0,0.2176,0.2445
15555,Casamorati 1888,Dama Bianca,FLORAL,0.3292,0.0125,FLORAL,0.1104,0.0,0.3292,0.0,0.0,0.0958,0.0,0.1479,0.3167
12310,Jo Malone London,Wild Bluebell,MUSK,0.4144,0.2296,AQUATIC,0.0,0.0953,0.0,0.1848,0.1595,0.0,0.0409,0.1051,0.4144
49331,Narciso Rodriguez,Narciso Rouge,MUSK,0.3406,0.1036,FLORAL,0.0,0.0,0.2371,0.0,0.0,0.2032,0.0,0.2191,0.3406
4521,Etat Libre d'Orange,Putain des Palaces,MUSK,0.5355,0.2553,FLORAL,0.0,0.0,0.2801,0.0,0.0,0.1099,0.0745,0.0,0.5355
45977,Initio Parfums Prives,Psychedelic Love,FLORAL,0.2522,0.0345,FLORAL,0.0,0.0,0.2522,0.0,0.0,0.1572,0.2176,0.2003,0.1727
142,Bvlgari,Bvlgari Pour Femme,FLORAL,0.5693,0.3218,FLORAL,0.0,0.0,0.5693,0.0,0.0,0.1163,0.0,0.0668,0.2475
1771,Dior,Dior Homme Intense 2007,FLORAL,0.2707,0.047,FLORAL,0.0,0.0,0.2707,0.0376,0.0,0.2237,0.1034,0.1767,0.188
4771,Frederic Malle,Iris Poudre,FLORAL,0.4143,0.0913,FLORAL,0.0,0.0,0.4143,0.0,0.0,0.2628,0.0,0.0,0.3229
43871,Parfums de Marly,Delina,FLORAL,0.3978,0.2391,FLORAL,0.1457,0.15,0.3978,0.1478,0.0,0.0,0.0,0.0,0.1587
205,Agent Provocateur,Agent Provocateur,FLORAL,0.3741,0.1066,FLORAL,0.0,0.0,0.3741,0.0839,0.0,0.1538,0.1206,0.0,0.2675
33,Givenchy,Very Irresistible,FLORAL,0.5619,0.3556,FLORAL,0.2063,0.0508,0.5619,0.1238,0.0,0.0,0.0571,0.0,0.0
1148,Montale,Roses Musk,FLORAL,0.5129,0.0677,FLORAL,0.0161,0.0,0.5129,0.0,0.0,0.0,0.0,0.0258,0.4452
42580,Narciso Rodriguez,Narciso Rodriguez Fleur Musc for Her,FLORAL,0.4869,0.2019,FLORAL,0.1211,0.0,0.4869,0.0,0.0,0.0499,0.057,0.0,0.285
601,Stella McCartney,Stella,FLORAL,0.5978,0.3838,FLORAL,0.214,0.0185,0.5978,0.0,0.0,0.0,0.1255,0.0,0.0443
6461,Dolce&Gabbana,Rose The One,FLORAL,0.5155,0.2835,FLORAL,0.232,0.1804,0.5155,0.0,0.0,0.0,0.0,0.0,0.0722
52359,Chanel,Chance Eau Tendre Eau de Parfum,FLORAL,0.3888,0.1824,FLORAL,0.1424,0.1424,0.3888,0.0,0.0,0.0,0.0,0.12,0.2064
18702,Chloé,Chloé Roses de Chloé,FLORAL,0.4676,0.3118,FLORAL,0.1324,0.1147,0.4676,0.0706,0.0,0.0588,0.0,0.0,0.1559
58562,Dior,Miss Dior Rose N'Roses,FLORAL,0.3414,0.1022,FLORAL,0.129,0.0,0.3414,0.1505,0.0,0.0,0.1398,0.0,0.2392
6166,Marc Jacobs,Lola,FLORAL,0.3706,0.1399,FLORAL,0.1026,0.0,0.3706,0.0,0.0,0.0,0.1958,0.2308,0.1002
13041,Yves Rocher,Moment de Bonheur,FLORAL,0.4098,0.1607,FLORAL,0.0,0.0,0.4098,0.2492,0.0,0.1705,0.1705,0.0,0.0
29083,Maison Francis Kurkdjian,A La Rose,FLORAL,0.5179,0.292,FLORAL,0.124,0.0,0.5179,0.0,0.0,0.0771,0.0551,0.0,0.2259
5512,Perfumer's Workshop,Tea Rose,FLORAL,0.5745,0.4,FLORAL,0.0909,0.0,0.5745,0.1745,0.0291,0.0,0.1309,0.0,0.0
14214,Diptyque,Eau Rose,FLORAL,0.4103,0.1738,FLORAL,0.0769,0.2365,0.4103,0.0912,0.0,0.0,0.1026,0.0,0.0826
60105,Maison Martin Margiela,Bubble Bath,MUSK,0.5152,0.2614,MUSK,0.0,0.0,0.1294,0.1015,0.0,0.0,0.0,0.2538,0.5152
456,Lolita Lempicka,Lolita Lempicka,GOURMAND,0.2651,0.0201,GREEN,0.0,0.0,0.245,0.1325,0.0,0.0,0.2008,0.2651,0.1566
45838,Lolita Lempicka,Lolita Lempicka Mon Premier Parfum,AMBER,0.5701,0.3318,AMBER,0.0,0.0093,0.0093,0.1636,0.0,0.0,0.5701,0.2383,0.0093
6459,Jo Malone London,Vanilla & Anise,FLORAL,0.2306,0.0189,GREEN,0.0692,0.0,0.2306,0.1782,0.0,0.0,0.2096,0.2117,0.1006
14982,Lancôme,La Vie Est Belle,GOURMAND,0.4361,0.2381,GOURMAND,0.0,0.1278,0.1554,0.0,0.0,0.198,0.0,0.4361,0.0827
50384,Ariana Grande,Cloud,GOURMAND,0.8046,0.6722,GOURMAND,0.0,0.0,0.0,0.0629,0.0,0.0,0.0,0.8046,0.1325
600,Britney Spears,Fantasy,GOURMAND,0.411,0.0719,FRUITY,0.0925,0.339,0.0616,0.0,0.0,0.0,0.0,0.411,0.0959
975,Aquolina,Pink Sugar,GOURMAND,0.6566,0.5253,GOURMAND,0.0337,0.0976,0.0,0.0,0.0,0.0,0.1313,0.6566,0.0808
4410,Juicy Couture,Viva la Juicy,GOURMAND,0.5158,0.3281,GOURMAND,0.0909,0.1265,0.1877,0.0,0.0,0.0791,0.0,0.5158,0.0
802,Britney Spears,Midnight Fantasy,GOURMAND,0.4644,0.0885,FRUITY,0.0,0.3759,0.0688,0.0,0.0,0.0,0.0,0.4644,0.0909
819,Burberry,Burberry Brit,GOURMAND,0.6152,0.4863,GOURMAND,0.1142,0.129,0.0655,0.0,0.0,0.0,0.0761,0.6152,0.0
93628,Lattafa Perfumes,Eclaire,GOURMAND,0.8631,0.7611,GOURMAND,0.0,0.0,0.0,0.0,0.0,0.0,0.035,0.8631,0.1019
15335,Dolce&Gabbana,Dolce&Gabbana Pour Femme,GOURMAND,0.4109,0.2248,GOURMAND,0.0879,0.1189,0.1447,0.0,0.0,0.0517,0.0,0.4109,0.186
768,Salvador Dali,Laguna,GOURMAND,0.4101,0.191,GOURMAND,0.1442,0.2191,0.0,0.0,0.0,0.1217,0.0,0.4101,0.1049
79846,Kayali Fragrances,Yum Pistachio Gelato | 33,GOURMAND,0.5764,0.4271,GOURMAND,0.0625,0.0,0.0,0.059,0.0,0.1493,0.0729,0.5764,0.0799
31661,Ariana Grande,Ari,GOURMAND,0.3436,0.1237,GOURMAND,0.1271,0.2199,0.1168,0.0,0.0,0.0,0.0,0.3436,0.1924
39970,Ariana Grande,Sweet Like Candy,GOURMAND,0.5613,0.3558,GOURMAND,0.0399,0.2055,0.092,0.0,0.0,0.0,0.0,0.5613,0.1012
35973,By Kilian,Moonlight in Heaven,GOURMAND,0.3641,0.1105,GOURMAND,0.1812,0.2536,0.0,0.1232,0.0,0.0779,0.0,0.3641,0.0
56741,Ariana Grande,"Thank U, Next",GOURMAND,0.7306,0.5926,GOURMAND,0.0,0.138,0.0707,0.0,0.0,0.0,0.0,0.7306,0.0606
99254,Kayali Fragrances,Yum Boujee Marshmallow | 81,GOURMAND,0.6798,0.5257,GOURMAND,0.0,0.1502,0.0158,0.0,0.0,0.0,0.0,0.6798,0.1542
69117,Parfums de Marly,Oriana,GOURMAND,0.4244,0.2471,GOURMAND,0.1686,0.1366,0.093,0.0,0.0,0.0,0.0,0.4244,0.1773
76824,Sabrina Carpenter,Sweet Tooth,GOURMAND,0.7428,0.5507,GOURMAND,0.0,0.0,0.0,0.0,0.0,0.0,0.0652,0.7428,0.192
67004,Imaginary Authors,The Soft Lawn: Edition 2.0,GREEN,0.3589,0.0627,GREEN,0.2091,0.0,0.1359,0.3589,0.0,0.2962,0.0,0.0,0.0
105520,French Avenue,Vulcan Feu,FRUITY,0.396,0.194,FRUITY,0.202,0.396,0.0,0.072,0.0,0.078,0.072,0.18,0.0
74962,Rabanne,Fame,FRUITY,0.3448,0.0479,FRUITY,0.0575,0.3448,0.0977,0.0,0.0,0.113,0.0,0.2969,0.09
73990,Sol de Janeiro,Cheirosa '68,FRUITY,0.3917,0.1555,FRUITY,0.0748,0.3917,0.2362,0.0,0.0945,0.0,0.0,0.0965,0.1063
121870,Giorgio Armani,Power Of You,FRUITY,0.3408,0.0345,FRUITY,0.2434,0.3408,0.0629,0.0,0.0,0.0,0.0,0.3063,0.0467
49098,Diptyque,Do Son Eau de Parfum,FLORAL,0.5436,0.2791,FLORAL,0.0523,0.0,0.5436,0.1395,0.0,0.0,0.0,0.0,0.2645
105331,Marc-Antoine Barrois,Aldebaran,FLORAL,0.4358,0.2179,FLORAL,0.0944,0.0,0.4358,0.1792,0.0,0.0,0.2179,0.0,0.0726
90733,Maison Crivelli,Tubéreuse Astrale,FLORAL,0.4885,0.2621,FLORAL,0.0,0.0985,0.4885,0.0,0.0,0.0,0.2264,0.086,0.1006
82595,Sol de Janeiro,Rio Radiance,GOURMAND,0.4358,0.0309,FLORAL,0.0,0.0,0.4049,0.0,0.1024,0.0,0.0,0.4358,0.0569
70189,Les Liquides Imaginaires,Blanche Bête,GOURMAND,0.4399,0.1386,GOURMAND,0.0,0.0,0.3013,0.0,0.0,0.0,0.0,0.4399,0.2588
33514,Parfums de Marly,Carlisle,AMBER,0.3479,0.0521,AMBER,0.0,0.0979,0.0,0.0,0.0,0.2583,0.3479,0.2958,0.0
6463,Van Cleef & Arpels,Orchidée Vanille,GOURMAND,0.5418,0.4025,GOURMAND,0.0743,0.0836,0.096,0.0,0.0,0.0,0.065,0.5418,0.1393
13710,Katy Perry,Meow,GOURMAND,0.3533,0.1674,GOURMAND,0.1426,0.1488,0.186,0.0,0.0558,0.0,0.0,0.3533,0.1136
94979,Gucci,Flora Gorgeous Orchid,GOURMAND,0.4421,0.2579,GOURMAND,0.0,0.0,0.1447,0.0,0.1842,0.0,0.0868,0.4421,0.1421
14845,Nobile 1942,La Danza delle Libellule,GOURMAND,0.2222,0.0089,AMBER,0.2,0.2133,0.0,0.1133,0.0,0.0,0.14,0.2222,0.1111
55766,Tom Ford,Metallique,MUSK,0.3814,0.1596,MUSK,0.0998,0.0,0.1242,0.0,0.0,0.0776,0.0953,0.2217,0.3814
7993,Victoria's Secret,Coconut Passion,GOURMAND,0.8232,0.75,GOURMAND,0.0,0.0732,0.0,0.0,0.0,0.0,0.0335,0.8232,0.0701
43476,Amouage,Blossom Love,GOURMAND,0.4306,0.2619,GOURMAND,0.0575,0.1329,0.1687,0.0,0.0,0.0,0.0813,0.4306,0.129
95752,Lattafa Perfumes,Yara Candy,MUSK,0.2168,0.0123,GOURMAND,0.1186,0.1575,0.1063,0.1022,0.0,0.0941,0.0,0.2045,0.2168
67578,Lancôme,Idôle Aura,FLORAL,0.3602,0.1328,AQUATIC,0.0,0.0,0.3602,0.0,0.2113,0.0,0.0,0.2012,0.2274
667,Guerlain,Insolence,FLORAL,0.3587,0.1603,FLORAL,0.0,0.1563,0.3587,0.0,0.0,0.0862,0.0701,0.1303,0.1984
4566,Guerlain,Insolence Eau de Parfum,FLORAL,0.4204,0.1995,FLORAL,0.0665,0.076,0.4204,0.0,0.0,0.1378,0.0,0.0784,0.2209
58912,Guerlain,Insolence Eau de Toilette,FLORAL,0.5247,0.3117,FLORAL,0.0831,0.1065,0.5247,0.0,0.0,0.0,0.0,0.0727,0.213
5576,Guerlain,Insolence Eau Glacée,FLORAL,0.419,0.2176,FLORAL,0.2014,0.1366,0.419,0.0,0.0,0.0509,0.0,0.0,0.1921
1138,Rabanne,Black XS for Her,GOURMAND,0.4127,0.2137,GOURMAND,0.0,0.1387,0.0865,0.0,0.0,0.199,0.1631,0.4127,0.0
1014,Nina Ricci,L'Air du Temps,FLORAL,0.3466,0.1124,FLORAL,0.0,0.0,0.3466,0.0913,0.0,0.1335,0.2342,0.0,0.1944
67502,Versace,Crystal Noir Eau de Toilette,AMBER,0.3471,0.14,AMBER,0.0631,0.0,0.1361,0.071,0.0,0.1755,0.3471,0.0,0.2071
18490,Tom Ford,Plum Japonais,AMBER,0.5048,0.32,AMBER,0.0,0.1771,0.0,0.0,0.0,0.1848,0.5048,0.1333,0.0
13442,Rihanna,Rebelle,GOURMAND,0.4408,0.1711,GOURMAND,0.0,0.1513,0.0,0.0,0.0,0.0768,0.2697,0.4408,0.0614
49270,Zoologist Perfumes,Moth,AMBER,0.3833,0.1252,GOURMAND,0.0,0.0,0.0989,0.0,0.0,0.2581,0.3833,0.1175,0.1422
210,Dior,J'adore,FLORAL,0.3991,0.2149,FLORAL,0.1842,0.1623,0.3991,0.0,0.0789,0.0,0.0,0.1075,0.068
214,Dior,Pure Poison,FLORAL,0.3891,0.1907,FLORAL,0.1984,0.0,0.3891,0.0,0.0,0.1167,0.0506,0.1051,0.1401
9045,Rabanne,Lady Million,FLORAL,0.335,0.0077,GOURMAND,0.1125,0.1023,0.335,0.0,0.0,0.0665,0.0,0.3274,0.0563
1361,Marc Jacobs,Daisy,FLORAL,0.296,0.0172,AQUATIC,0.1205,0.0947,0.296,0.0,0.2788,0.0,0.0,0.0792,0.1308
62036,Giorgio Armani,My Way,FLORAL,0.5125,0.2954,FLORAL,0.1423,0.0,0.5125,0.0,0.0,0.0,0.0,0.1281,0.2171
44894,Gucci,Gucci Bloom,FLORAL,0.8,0.7091,FLORAL,0.0273,0.0318,0.8,0.05,0.0,0.0,0.0,0.0,0.0909
236,Cacharel,Anais Anais,FLORAL,0.4788,0.2671,FLORAL,0.0,0.0,0.4788,0.2117,0.0,0.1759,0.0684,0.0,0.0651
3,Givenchy,Amarige,FLORAL,0.5581,0.4238,FLORAL,0.0,0.093,0.5581,0.0,0.0,0.1137,0.0,0.1344,0.1008
813,Burberry,London,FLORAL,0.548,0.3452,FLORAL,0.2028,0.121,0.548,0.0,0.0,0.0,0.0,0.0712,0.0569
244,Cacharel,Eden,FLORAL,0.3514,0.227,FLORAL,0.1081,0.0883,0.3514,0.0,0.1189,0.1243,0.0,0.1189,0.0901
43718,Chanel,Gabrielle,FLORAL,0.3299,0.1005,FLORAL,0.2294,0.0851,0.3299,0.0,0.0,0.1057,0.0,0.0954,0.1546
27571,Ex Nihilo,Fleur Narcotique,FLORAL,0.4096,0.1153,FLORAL,0.2943,0.21,0.4096,0.0,0.0,0.0,0.0,0.0,0.0861
68578,Gucci,Flora Gorgeous Gardenia,FLORAL,0.4159,0.1779,FLORAL,0.137,0.1298,0.4159,0.0,0.0,0.0793,0.0,0.238,0.0
46145,Hermès,Twilly d’Hermès,FLORAL,0.3649,0.0946,FLORAL,0.2703,0.0,0.3649,0.0,0.0,0.0968,0.1486,0.0,0.1194
6341,Guerlain,Idylle,FLORAL,0.5884,0.4165,FLORAL,0.1719,0.0484,0.5884,0.0751,0.0,0.0387,0.0,0.0,0.0775
296,Carolina Herrera,212,FLORAL,0.4665,0.1951,FLORAL,0.128,0.0,0.4665,0.0823,0.0,0.0518,0.0,0.0,0.2713
12878,Cartier,Baiser Vole,FLORAL,0.3704,0.1074,FLORAL,0.1444,0.0,0.3704,0.263,0.0,0.0,0.1481,0.0,0.0741
24785,Guerlain,Terracotta Le Parfum,FLORAL,0.4596,0.0632,FLORAL,0.0491,0.0491,0.4596,0.0,0.0,0.0456,0.0,0.3965,0.0
808,Avon,Today,FLORAL,0.6507,0.5042,FLORAL,0.0592,0.0,0.6507,0.0873,0.0,0.0563,0.0,0.0,0.1465
8840,Calvin Klein,Beauty,FLORAL,0.5552,0.3381,FLORAL,0.0356,0.0,0.5552,0.0569,0.0,0.1352,0.0,0.0,0.2171
869,Jennifer Lopez,Glow,FLORAL,0.5187,0.1931,FLORAL,0.1556,0.0,0.5187,0.0,0.0,0.0,0.0,0.0,0.3256
27,Hermès,24 Faubourg,FLORAL,0.3867,0.2512,FLORAL,0.1355,0.0,0.3867,0.0764,0.0,0.1158,0.0837,0.1158,0.0862
30815,Gucci,Gucci Bamboo,FLORAL,0.3898,0.2062,FLORAL,0.1836,0.0,0.3898,0.0,0.0,0.1243,0.1384,0.0932,0.0706
6458,Byredo,Bal d'Afrique,WOODY,0.3592,0.1134,FLORAL,0.0651,0.0,0.229,0.2458,0.0,0.3592,0.0,0.0,0.1008
40069,Chanel,Chanel No 5 Eau de Parfum,FLORAL,0.3075,0.0116,FLORAL,0.1373,0.0,0.3075,0.0,0.0,0.2959,0.0,0.0,0.2592
152,Bvlgari,Omnia Crystalline,AQUATIC,0.2242,0.0434,AQUATIC,0.0832,0.0922,0.1483,0.1248,0.2242,0.1808,0.0,0.0,0.1465
993,Sarah Jessica Parker,Lovely,MUSK,0.2965,0.0386,GREEN,0.1211,0.0,0.0,0.2579,0.0,0.2561,0.0684,0.0,0.2965
78656,Amouage,Guidance,AMBER,0.2734,0.0051,GOURMAND,0.0,0.1215,0.0,0.0,0.0,0.2532,0.2734,0.2684,0.0835
26127,Narciso Rodriguez,Narciso ,MUSK,0.3781,0.1198,MUSK,0.0,0.0,0.2583,0.0826,0.0,0.2066,0.0,0.0744,0.3781
1024,Frederic Malle,Carnal Flower,GOURMAND,0.2623,0.0291,GREEN,0.0,0.0,0.2168,0.2332,0.0,0.1821,0.0,0.2623,0.1056
1574,Yves Saint Laurent,Elle,WOODY,0.4299,0.1585,WOODY,0.1166,0.0,0.2714,0.0801,0.0,0.4299,0.102,0.0,0.0
1360,Chanel,Chanel N°5 Eau Premiere,FLORAL,0.344,0.1628,FLORAL,0.1426,0.0,0.344,0.0,0.0,0.1678,0.0,0.1812,0.1644
10856,Chanel,Chanel No 5 Eau de Toilette,MUSK,0.3885,0.1164,MUSK,0.1213,0.0,0.218,0.0,0.0,0.2721,0.0,0.0,0.3885
3956,Diptyque,Tam Dao Eau de Toilette,WOODY,0.4202,0.1429,AMBER,0.0,0.0,0.0,0.1345,0.0,0.4202,0.2773,0.0,0.1681
26372,Calvin Klein,Reveal,MUSK,0.3967,0.186,AQUATIC,0.0,0.0,0.0723,0.0,0.1136,0.2066,0.2107,0.0,0.3967
3678,Le Labo,Rose 31,WOODY,0.3501,0.1345,FLORAL,0.0,0.0,0.1737,0.098,0.0,0.3501,0.2157,0.0,0.1625
171,Lancôme,Poeme,FLORAL,0.4833,0.2593,FLORAL,0.0,0.0825,0.4833,0.0825,0.0,0.0,0.0,0.224,0.1277
15261,Maison Martin Margiela,Beach Walk,GOURMAND,0.421,0.1919,GOURMAND,0.0935,0.0,0.1613,0.0,0.0,0.0952,0.0,0.421,0.229
91688,Marc-Antoine Barrois,Tilia,FLORAL,0.5385,0.2308,FLORAL,0.0,0.0,0.5385,0.0615,0.0,0.0,0.0,0.3077,0.0923
18180,Diptyque,Eau Moheli,FLORAL,0.3973,0.1473,FLORAL,0.0603,0.0,0.3973,0.0,0.0,0.154,0.25,0.1384,0.0
6805,Maison Francis Kurkdjian,APOM Pour Femme,FLORAL,0.4499,0.2673,FLORAL,0.1024,0.0,0.4499,0.0,0.0,0.1826,0.0,0.1737,0.0913
37889,27 87,#Hashtag,MUSK,0.4297,0.2933,MUSK,0.1222,0.0,0.0855,0.0,0.0957,0.1365,0.1303,0.0,0.4297
22964,Serge Lutens,Laine de Verre,MUSK,0.5617,0.2213,MUSK,0.3404,0.0,0.0,0.0,0.0,0.066,0.0319,0.0,0.5617
30549,Majda Bekkali,Tulaytulah,GOURMAND,0.5209,0.3593,GOURMAND,0.0,0.1141,0.1616,0.0,0.0,0.1103,0.0,0.5209,0.0932
40031,Versace,Versace Pour Homme Dylan Blue,AMBER,0.4417,0.1917,AMBER,0.25,0.0,0.0,0.0,0.1167,0.0708,0.4417,0.0,0.1208
51037,Parfums de Marly,Percival,AMBER,0.2929,0.0518,GREEN,0.1375,0.0,0.0712,0.2411,0.0,0.1375,0.2929,0.0,0.1197
75064,Amouage,Opus XIV – Royal Tobacco,AMBER,0.761,0.6265,AMBER,0.0,0.0,0.0,0.1044,0.0,0.0,0.761,0.1346,0.0
56294,Zoologist Perfumes,Squid,AMBER,0.5188,0.3344,AMBER,0.0,0.0,0.0,0.1219,0.1,0.1844,0.5188,0.075,0.0
42936,Zoologist Perfumes,Civet,AMBER,0.43,0.08,AMBER,0.0,0.0,0.11,0.0,0.0,0.11,0.43,0.0,0.35
122212,Jean Paul Gaultier,Le Male In Blue,GREEN,0.5032,0.1444,GREEN,0.0,0.0,0.0,0.5032,0.0,0.0,0.3588,0.0743,0.0637
1742,Bvlgari,Aqva Pour Homme Marine,AQUATIC,0.3958,0.1146,AQUATIC,0.2812,0.0,0.0365,0.138,0.3958,0.0703,0.0781,0.0,0.0
70985,Maison Martin Margiela,When the Rain Stops,AQUATIC,0.3743,0.0642,AQUATIC,0.0,0.0,0.0922,0.2235,0.3743,0.3101,0.0,0.0,0.0
59021,Calvin Klein,CK Everyone Eau de Toilette,CITRUS,0.3697,0.1782,AQUATIC,0.3697,0.0,0.0,0.0747,0.1916,0.0824,0.1169,0.0,0.1648
27996,Calvin Klein,Reveal Men,AQUATIC,0.2548,0.1122,AQUATIC,0.1154,0.1346,0.0,0.1266,0.2548,0.0978,0.1282,0.1426,0.0
47255,Escada,Sorbetto Rosso,AQUATIC,0.5058,0.3216,AQUATIC,0.1404,0.1842,0.0234,0.0263,0.5058,0.0,0.0,0.1199,0.0
50757,Yves Saint Laurent,Y Eau de Parfum,AMBER,0.2896,0.0212,GREEN,0.1873,0.1139,0.0,0.2683,0.0,0.1409,0.2896,0.0,0.0
507,Davidoff,Cool Water,GREEN,0.5283,0.3235,GREEN,0.0485,0.0,0.0,0.5283,0.2049,0.0863,0.1321,0.0,0.0
29727,Giorgio Armani,Acqua di Giò Profumo,AMBER,0.3341,0.0972,AQUATIC,0.0924,0.0,0.0,0.237,0.1398,0.1967,0.3341,0.0,0.0
25529,Jo Malone London,Wood Sage & Sea Salt,GREEN,0.317,0.0286,AQUATIC,0.1288,0.0,0.0654,0.317,0.2883,0.0,0.0798,0.0,0.1207
637,Versace,Blue Jeans,GREEN,0.2746,0.0575,GREEN,0.2171,0.0,0.0,0.2746,0.0,0.1484,0.1521,0.1095,0.0983
2069,Guy Laroche,Drakkar Noir,GREEN,0.4032,0.0504,GREEN,0.0849,0.0,0.0,0.4032,0.0,0.3528,0.1592,0.0,0.0
70424,Xerjoff,Torino21,GREEN,0.5331,0.3228,GREEN,0.1614,0.0461,0.0,0.5331,0.0,0.0,0.2104,0.0,0.049
829,Azzaro,Azzaro pour Homme,WOODY,0.4652,0.1371,WOODY,0.0742,0.0,0.0,0.3281,0.0,0.4652,0.1326,0.0,0.0
258,Calvin Klein,Eternity For Men,GREEN,0.4768,0.3032,GREEN,0.1736,0.0,0.088,0.4768,0.0,0.1125,0.1491,0.0,0.0
231,Dior,Eau Sauvage,GREEN,0.2976,0.0262,WOODY,0.2119,0.0,0.0524,0.2976,0.0,0.2714,0.1667,0.0,0.0
53400,Maison Francis Kurkdjian,Gentle Fluidity Silver,GREEN,0.3254,0.0444,GREEN,0.0355,0.0,0.0,0.3254,0.0,0.2071,0.2811,0.0296,0.1213
68753,Prada,Luna Rossa Ocean ,GREEN,0.4194,0.1502,GREEN,0.1081,0.0,0.0989,0.4194,0.0,0.0,0.1044,0.0,0.2692
65147,Hermès,H24,GREEN,0.3802,0.0964,AMBER,0.0,0.0,0.1708,0.3802,0.0,0.1212,0.2837,0.0441,0.0
570,Hugo Boss,Hugo,GREEN,0.5099,0.3099,GREEN,0.0945,0.0791,0.0,0.5099,0.0,0.1165,0.2,0.0,0.0
67997,Yves Saint Laurent,La Nuit de L'Homme Bleu Électrique,GREEN,0.418,0.0531,GREEN,0.1109,0.0,0.0,0.418,0.0,0.1062,0.3649,0.0,0.0
15754,Prada,Luna Rossa,GREEN,0.5325,0.3398,GREEN,0.1157,0.0,0.0602,0.5325,0.0,0.0,0.1928,0.0,0.0988
59064,Tom Ford,Beau De Jour Eau de Parfum,GREEN,0.4367,0.0837,GREEN,0.0,0.0,0.0,0.4367,0.0,0.3529,0.2104,0.0,0.0
78288,Theodoros Kalotinis,Velvet Chocolate,GOURMAND,0.691,0.4426,GOURMAND,0.0,0.0,0.0,0.0271,0.0,0.0,0.2484,0.691,0.0334
91499,Bath & Body Works,Sweetheart Cherry,GOURMAND,0.4841,0.1383,FRUITY,0.0,0.3458,0.0,0.0432,0.0,0.0749,0.0,0.4841,0.0519
410,Giorgio Armani,Acqua di Gio,CITRUS,0.3941,0.228,AQUATIC,0.3941,0.0,0.1401,0.1661,0.1303,0.0717,0.0977,0.0,0.0
276,Calvin Klein,CK One,CITRUS,0.3684,0.1108,CITRUS,0.3684,0.0,0.0942,0.2576,0.0,0.1025,0.072,0.0,0.1053
2318,Versace,Versace Pour Homme,CITRUS,0.3814,0.1346,CITRUS,0.3814,0.0,0.1667,0.2468,0.0,0.0,0.1474,0.0,0.0577
83,Elizabeth Arden,Green Tea,GREEN,0.3979,0.0318,GREEN,0.366,0.0,0.0716,0.3979,0.0398,0.0,0.1247,0.0,0.0
84094,Yves Saint Laurent,MYSLF Eau de Parfum,CITRUS,0.3058,0.0734,FLORAL,0.3058,0.0,0.2324,0.0581,0.0,0.1804,0.0948,0.0703,0.0581
67370,Louis Vuitton,Imagination,CITRUS,0.5285,0.2967,CITRUS,0.5285,0.0,0.0366,0.1626,0.0,0.0,0.2317,0.0,0.0407
472,Creed,Silver Mountain Water,GREEN,0.2815,0.0768,GREEN,0.1969,0.122,0.0,0.2815,0.0,0.1083,0.0866,0.0,0.2047
12192,Tom Ford,Neroli Portofino,CITRUS,0.4173,0.1475,CITRUS,0.4173,0.0,0.2698,0.1151,0.0,0.0,0.1511,0.0468,0.0
1068,Dolce&Gabbana,Light Blue pour Homme,AMBER,0.3425,0.0685,AMBER,0.274,0.0,0.0,0.1753,0.0,0.1562,0.3425,0.0,0.0521
899,Creed,Virgin Island Water 2007,GOURMAND,0.5153,0.2368,GOURMAND,0.2786,0.0,0.0,0.0,0.0,0.0557,0.1504,0.5153,0.0
2060,Guerlain,Aqua Allegoria Mandarine Basilic,CITRUS,0.4489,0.1679,GREEN,0.4489,0.0584,0.0,0.281,0.0,0.0,0.1314,0.0803,0.0
788,Azzaro,Chrome,CITRUS,0.32,0.1224,CITRUS,0.32,0.0,0.1529,0.1976,0.0,0.1388,0.1271,0.0635,0.0
153,Bvlgari,Aqva Pour Homme,AQUATIC,0.3385,0.1173,AQUATIC,0.2212,0.0,0.0,0.2102,0.3385,0.1394,0.0465,0.0,0.0442
70839,Afnan,Turathi Blue,CITRUS,0.3817,0.1349,CITRUS,0.3817,0.0,0.0,0.0,0.0,0.1934,0.1781,0.0,0.2468
3256,4711,4711 Original Eau de Cologne,CITRUS,0.5388,0.335,CITRUS,0.5388,0.0,0.0777,0.2039,0.0,0.034,0.1456,0.0,0.0
30567,Nishane,Wulóng Chá,CITRUS,0.3906,0.25,CITRUS,0.3906,0.0781,0.0,0.1289,0.0,0.043,0.1406,0.0938,0.125
17256,Dior,Dior Homme Cologne 2013,CITRUS,0.4099,0.1979,CITRUS,0.4099,0.0,0.1696,0.0777,0.0,0.0,0.1307,0.0,0.212
81423,Louis Vuitton,Pacific Chill,CITRUS,0.3459,0.0785,GREEN,0.3459,0.1134,0.0,0.2674,0.0,0.0,0.1395,0.0785,0.0552
72439,Hermès,Terre d'Hermès Eau Givree,CITRUS,0.3352,0.1477,AQUATIC,0.3352,0.0,0.0,0.1648,0.1136,0.1875,0.1733,0.0,0.0256
29818,Hermès,Le Jardin de Monsieur Li,GREEN,0.3686,0.0491,GREEN,0.3194,0.0,0.2187,0.3686,0.0,0.0,0.0663,0.027,0.0
92647,Versace,Eros Energy,CITRUS,0.5181,0.3523,CITRUS,0.5181,0.0622,0.0,0.0933,0.0,0.1658,0.0933,0.0,0.0674
373,Clinique,Clinique Happy,CITRUS,0.3676,0.1066,AQUATIC,0.3676,0.0,0.1287,0.261,0.1029,0.0956,0.0,0.0441,0.0
46296,Roja Dove,Elysium Pour Homme Parfum Cologne,GREEN,0.2861,0.0496,GREEN,0.2364,0.0709,0.0,0.2861,0.0,0.2104,0.1962,0.0,0.0
15336,Dolce&Gabbana,Dolce&Gabbana Pour Homme (2012),GREEN,0.3468,0.0203,GREEN,0.3266,0.0,0.0,0.3468,0.0,0.0,0.2506,0.0759,0.0
53806,Guerlain,Aqua Allegoria Coconut Fizz,GOURMAND,0.6323,0.4624,GOURMAND,0.0836,0.1699,0.1142,0.0,0.0,0.0,0.0,0.6323,0.0
17140,The Body Shop,Coconut,GOURMAND,0.8824,0.7647,GOURMAND,0.0,0.1176,0.0,0.0,0.0,0.0,0.0,0.8824,0.0
89234,d'Annam,Vietnamese Coffee,GOURMAND,0.6484,0.3562,GOURMAND,0.0,0.0,0.0594,0.0,0.0,0.0,0.2922,0.6484,0.0
7350,O Boticário,Connexion,WOODY,0.5554,0.3161,WOODY,0.1019,0.0,0.0,0.1034,0.0,0.5554,0.2393,0.0,0.0
6063,Hermès,Eau de Gentiane Blanche,FLORAL,0.4239,0.1605,FLORAL,0.0,0.0,0.4239,0.0,0.0,0.0905,0.1008,0.1214,0.2634
6311,Casamorati 1888,Fiore d'Ulivo,FLORAL,0.2976,0.0298,FLORAL,0.2679,0.0,0.2976,0.125,0.0625,0.0,0.1577,0.0,0.0893
53804,Guerlain,Aqua Allegoria Flora Cherrysia,AQUATIC,0.2816,0.0745,AQUATIC,0.1863,0.1304,0.207,0.0,0.2816,0.0,0.0,0.0,0.1946
84035,Jo Malone London,English Pear & Sweet Pea,MUSK,0.3522,0.0377,GOURMAND,0.0,0.0,0.3145,0.0346,0.0,0.0,0.0,0.2987,0.3522
857,Givenchy,Insense,CITRUS,0.2845,0.0416,MUSK,0.2845,0.0,0.1098,0.2429,0.0,0.1048,0.1597,0.0,0.0982
67916,O Boticário,Quasar Ice,CITRUS,0.3236,0.0487,AQUATIC,0.3236,0.0,0.0,0.2749,0.2214,0.0754,0.1046,0.0,0.0
66042,O Boticário,Malbec Bleu,GREEN,0.3414,0.0582,GREEN,0.2831,0.0,0.0,0.3414,0.1245,0.1124,0.1386,0.0,0.0
31861,Dior,Sauvage,AMBER,0.4151,0.1697,GREEN,0.1462,0.0,0.0,0.2454,0.0,0.0914,0.4151,0.0,0.1018
43402,Prada,Luna Rossa Carbon Eau de Toilette,AMBER,0.3345,0.0576,MUSK,0.1079,0.0,0.0,0.277,0.0,0.0701,0.3345,0.0,0.2104
5002,Salvatore Ferragamo,F by Ferragamo Black,AMBER,0.4199,0.0671,GREEN,0.0,0.0649,0.0,0.3528,0.0,0.0,0.4199,0.1623,0.0
31445,Hugo Boss,Boss The Scent,CITRUS,0.2571,0.0019,WOODY,0.2571,0.0983,0.0,0.1267,0.0,0.2552,0.189,0.0,0.0737
3785,Lalique,Lalique White,AMBER,0.3778,0.1662,AMBER,0.1562,0.0,0.0,0.2116,0.0,0.1108,0.3778,0.0,0.1436
107084,Arabiyat Prestige,Marwa,AMBER,0.552,0.276,AMBER,0.276,0.0,0.0,0.07,0.0,0.102,0.552,0.0,0.0
48965,Natura,Homem Sagaz,AMBER,0.3055,0.0819,AMBER,0.0,0.1502,0.0,0.0904,0.0,0.1416,0.3055,0.2235,0.0887
13549,Antonio Banderas,The Golden Secret,AMBER,0.2959,0.0621,WOODY,0.071,0.1124,0.0,0.2337,0.0,0.2012,0.2959,0.0,0.0858
7792,Jacques Bogart,Bogart,WOODY,0.5642,0.2974,WOODY,0.0,0.0,0.0,0.169,0.0,0.5642,0.2668,0.0,0.0
4441,L'Artisan Parfumeur,Fou d'Absinthe,AMBER,0.4737,0.1347,GREEN,0.0,0.0,0.0,0.3389,0.0,0.1874,0.4737,0.0,0.0
46890,Rasasi,Hawas for Him,CITRUS,0.3243,0.1301,AQUATIC,0.3243,0.1942,0.0,0.0,0.1573,0.0,0.1767,0.0777,0.0699
11784,Montblanc,Legend,GREEN,0.2626,0.035,GREEN,0.1031,0.1946,0.0,0.2626,0.0,0.1012,0.1109,0.2276,0.0
89050,Rasasi,Hawas Ice,CITRUS,0.3307,0.0724,CITRUS,0.3307,0.2584,0.0,0.0853,0.0,0.0,0.0724,0.1008,0.1525
68326,By Kilian,Apple Brandy on the Rocks,AMBER,0.307,0.0877,AMBER,0.1162,0.2193,0.0,0.0768,0.0,0.1864,0.307,0.0943,0.0
1605,Diesel,Fuel for Life Homme,GREEN,0.3321,0.1506,GREEN,0.1016,0.1815,0.0,0.3321,0.0,0.098,0.1071,0.1797,0.0
78611,Afnan,9am Dive,GREEN,0.2744,0.0347,GREEN,0.2397,0.1577,0.0,0.2744,0.0,0.1451,0.183,0.0,0.0
46165,Floraïku,One Umbrella for Two,FRUITY,0.2667,0.0507,GREEN,0.0773,0.2667,0.1067,0.216,0.0,0.1627,0.088,0.0,0.0827
11502,Hermès,Un Jardin Sur Le Toit,GREEN,0.2891,0.087,GREEN,0.2022,0.1696,0.1913,0.2891,0.0,0.0,0.0587,0.0891,0.0
43531,Etat Libre d'Orange,You Or Someone Like You,GREEN,0.5358,0.3515,GREEN,0.1263,0.0,0.1024,0.5358,0.0,0.0,0.1843,0.0,0.0512
60,Guerlain,Aqua Allegoria Herba Fresca,GREEN,0.5188,0.3003,GREEN,0.2184,0.0,0.1195,0.5188,0.0,0.0,0.1126,0.0307,0.0
6314,Tommy Hilfiger,Tommy,GREEN,0.4,0.1689,GREEN,0.2311,0.1398,0.0,0.4,0.0,0.0,0.1728,0.0,0.0563
30928,Vilhelm Parfumerie,Dear Polly,CITRUS,0.2915,0.0702,GREEN,0.2915,0.0957,0.0,0.2128,0.0,0.083,0.2213,0.0,0.0957
72040,Diptyque,Philosykos Eau de Toilette,GREEN,0.2639,0.0343,GREEN,0.1741,0.1082,0.0,0.2639,0.0,0.2296,0.0,0.2084,0.0158
17322,Gucci,Gucci Guilty Black Pour Homme,GREEN,0.4821,0.2674,GREEN,0.096,0.0,0.1488,0.4821,0.0,0.2147,0.0584,0.0,0.0
12311,Hugo Boss,Hugo Just Different,GREEN,0.4065,0.157,GREEN,0.0785,0.1016,0.0,0.4065,0.0,0.0993,0.2494,0.0,0.0647
889,Jean Paul Gaultier,Fleur du Mâle,GREEN,0.4544,0.2491,GREEN,0.1982,0.0,0.2053,0.4544,0.0,0.0,0.1421,0.0,0.0
59597,Zoologist Perfumes,Sloth,GREEN,0.4392,0.1804,GREEN,0.0,0.0,0.0667,0.4392,0.0,0.2353,0.2588,0.0,0.0
43037,Penhaligon's,Roaring Radcliff,AMBER,0.5395,0.1715,AMBER,0.0,0.0,0.0,0.0,0.0,0.0925,0.5395,0.368,0.0
69010,Dior,Dior Homme Original,WOODY,0.2808,0.0091,FLORAL,0.0,0.0,0.2717,0.192,0.0,0.2808,0.1467,0.0,0.1087
69708,Estée Lauder,Tender Light,FLORAL,0.2857,0.04,FLORAL,0.2457,0.0,0.2857,0.1486,0.0,0.0762,0.1124,0.0,0.1314
17774,Philosophy,Fresh Cream,GOURMAND,0.8182,0.6923,GOURMAND,0.0,0.0035,0.0,0.0524,0.0,0.0,0.0,0.8182,0.1259
30551,Chabaud Maison de Parfum,Lait Concentré,GOURMAND,0.8876,0.8101,GOURMAND,0.0,0.0349,0.0,0.0775,0.0,0.0,0.0,0.8876,0.0
2550,Burberry,Baby Touch,GOURMAND,0.4077,0.1365,GOURMAND,0.1808,0.0664,0.0,0.2712,0.0,0.0738,0.0,0.4077,0.0
3166,Caron,Pour Un Homme de Caron,GREEN,0.4206,0.1519,GREEN,0.0,0.0,0.0,0.4206,0.0,0.0,0.0911,0.2687,0.2196
95863,Dior,Sauvage Eau Forte,GREEN,0.3842,0.1228,GREEN,0.0,0.0,0.0,0.3842,0.0,0.097,0.2574,0.0,0.2614
10559,Penhaligon's,Sartorial,GREEN,0.2774,0.0233,MUSK,0.0,0.0,0.0,0.2774,0.0,0.1462,0.113,0.2542,0.2093
7344,O Boticário,Thaty,GREEN,0.5815,0.4486,GREEN,0.0,0.0,0.0827,0.5815,0.0,0.0902,0.1328,0.0,0.1128
228,Dior,Fahrenheit,WOODY,0.3327,0.1055,AQUATIC,0.0,0.0,0.093,0.1127,0.2272,0.3327,0.1216,0.0,0.1127
28499,Masque Milano,Russian Tea,WOODY,0.3806,0.1054,WOODY,0.0,0.0,0.0,0.2667,0.0,0.3806,0.2753,0.0774,0.0
331,Cerruti,Image Woman,WOODY,0.4092,0.1615,WOODY,0.1321,0.0,0.0,0.2477,0.0,0.4092,0.1706,0.0,0.0404
59532,Giorgio Armani,Acqua di Giò Profondo,AQUATIC,0.3451,0.0915,AQUATIC,0.2536,0.0,0.0,0.2017,0.3451,0.0915,0.1081,0.0,0.0
42747,Hermès,Eau des Merveilles Bleue,AQUATIC,0.4928,0.1971,AQUATIC,0.0,0.0,0.0,0.1739,0.4928,0.2957,0.0377,0.0,0.0
90451,Giorgio Armani,Acqua di Giò Profondo Parfum,AQUATIC,0.3279,0.1358,AQUATIC,0.1569,0.0,0.0937,0.1405,0.3279,0.192,0.089,0.0,0.0
66266,Montblanc,Explorer Ultra Blue,AQUATIC,0.3069,0.1395,AQUATIC,0.1395,0.103,0.0,0.1674,0.3069,0.1288,0.0773,0.0773,0.0
75421,Toskovat',Inexcusable Evil,AQUATIC,0.4283,0.0987,AQUATIC,0.0,0.0,0.0,0.0,0.4283,0.3296,0.1166,0.0,0.1256
25382,MiN NEW YORK,MOON DUST,MUSK,0.2637,0.0151,AQUATIC,0.0,0.0,0.0,0.0,0.2486,0.1563,0.2486,0.0829,0.2637
27322,Pinaud Clubman,Clubman,WOODY,0.4843,0.2397,WOODY,0.2446,0.0,0.0,0.138,0.0,0.4843,0.1332,0.0,0.0
735,Yves Saint Laurent,Kouros,MUSK,0.5326,0.363,MUSK,0.0,0.0,0.0,0.1435,0.0,0.1696,0.0761,0.0783,0.5326
53471,Orto Parisi,Megamare,MUSK,0.2803,0.004,AQUATIC,0.2326,0.0,0.0,0.0974,0.2763,0.0,0.1133,0.0,0.2803
66120,Juliette Has A Gun,Pear Inc,MUSK,0.3379,0.1401,MUSK,0.0659,0.1648,0.0,0.022,0.0879,0.0,0.1978,0.1236,0.3379
90433,Rabanne,Invictus Parfum,MUSK,0.4108,0.1529,MUSK,0.0,0.0,0.0,0.258,0.2166,0.1146,0.0,0.0,0.4108
6334,Le Labo,Ambrette 9,MUSK,0.4759,0.2982,MUSK,0.1265,0.1777,0.1175,0.0,0.0,0.0,0.0,0.1024,0.4759
18222,L'Erbolario,All'Olio di Argan,GOURMAND,0.5684,0.4048,GOURMAND,0.0375,0.0,0.0,0.0,0.0,0.1635,0.0804,0.5684,0.1501
1198,Ralph Lauren,Polo Blue,AQUATIC,0.4123,0.1009,AQUATIC,0.0658,0.0,0.0,0.3114,0.4123,0.0,0.1096,0.0,0.1009
1063,Narciso Rodriguez,Narciso Rodriguez for Him,AQUATIC,0.3277,0.0565,AQUATIC,0.0,0.0,0.0,0.0,0.3277,0.2429,0.1582,0.0,0.2712
62616,By Kilian,Roses on Ice,AQUATIC,0.4177,0.1885,AQUATIC,0.0,0.0,0.0955,0.2291,0.4177,0.0955,0.0835,0.0,0.0788
37753,Abercrombie & Fitch,First Instinct,AQUATIC,0.3856,0.1716,AQUATIC,0.214,0.0,0.0,0.2034,0.3856,0.0,0.0784,0.0,0.1186
27711,Armaf,Tres Nuit,FLORAL,0.2857,0.0594,FLORAL,0.102,0.0,0.2857,0.2263,0.0,0.1039,0.0965,0.0,0.1855
60665,ZARKOPERFUME,The Muse,MUSK,0.7008,0.5709,MUSK,0.0315,0.0,0.1299,0.0,0.0,0.1102,0.0,0.0276,0.7008
52483,Chanel,1957 Eau de Parfum,MUSK,0.5198,0.2896,MUSK,0.151,0.0,0.2302,0.0,0.0,0.099,0.0,0.0,0.5198
62617,Maison Crivelli,Iris Malikhân,GREEN,0.2341,0.0117,FLORAL,0.0,0.0,0.1672,0.2341,0.0,0.2224,0.0903,0.1187,0.1672
35226,Mancera,Wild Cherry,GOURMAND,0.3327,0.1335,FRUITY,0.0996,0.1892,0.1056,0.0,0.0,0.0737,0.0,0.3327,0.1992
125485,Creed,Wild Vetiver,FLORAL,0.2554,0.0268,FLORAL,0.125,0.0839,0.2554,0.1571,0.0,0.15,0.2286,0.0,0.0
68998,Penhaligon's,Constantinople,WOODY,0.391,0.1638,WOODY,0.0,0.0,0.1546,0.1236,0.0,0.391,0.2272,0.1036,0.0
79171,Fine'ry.,Before The Rainbow,WOODY,0.3779,0.0258,AQUATIC,0.1502,0.0,0.0,0.0446,0.3521,0.3779,0.0751,0.0,0.0
36247,BeauFort London,Vi Et Armis,AMBER,0.4757,0.0541,AMBER,0.0,0.0,0.0,0.0,0.0,0.4216,0.4757,0.1027,0.0
105519,French Avenue,Veneno,AMBER,0.3926,0.1875,AMBER,0.0881,0.1538,0.0,0.0,0.0,0.1603,0.3926,0.2051,0.0
4491,Histoires de Parfums,1725,GREEN,0.2642,0.0459,GREEN,0.1101,0.0,0.0,0.2642,0.0,0.1101,0.1835,0.2183,0.1138
24922,Lacoste Fragrances,Lacoste Live,GREEN,0.2226,0.0035,GREEN,0.2191,0.0,0.0,0.2226,0.1183,0.1565,0.1739,0.1096,0.0
30529,Xerjoff,XJ 1861 Naxos,GOURMAND,0.4943,0.283,GOURMAND,0.1094,0.0,0.0736,0.2113,0.0,0.0,0.1113,0.4943,0.0
62775,Nasomatto,Fantomas,AQUATIC,0.3115,0.0858,AQUATIC,0.1264,0.1377,0.0,0.0,0.3115,0.1986,0.0,0.2257,0.0
30721,Reyane Tradition,Insurrection II Wild,GOURMAND,0.6197,0.3378,GOURMAND,0.0,0.0,0.0447,0.0,0.0,0.0537,0.2819,0.6197,0.0
91883,Zimaya,Sharaf Blend,GOURMAND,0.4689,0.113,GOURMAND,0.0,0.0621,0.0,0.0,0.0,0.0537,0.3559,0.4689,0.0593
45706,Imaginary Authors,Saint Julep,GREEN,0.3043,0.0087,AMBER,0.1587,0.0,0.0,0.3043,0.0652,0.0,0.1761,0.2957,0.0
25977,Jimmy Choo,Jimmy Choo Man,FRUITY,0.2779,0.0822,FRUITY,0.1018,0.2779,0.0,0.137,0.0881,0.0978,0.0,0.1957,0.1018
16067,Santa Maria Novella,Tabacco Toscano,WOODY,0.3953,0.1351,WOODY,0.0,0.0,0.0,0.0,0.0,0.3953,0.2601,0.2416,0.103
93818,Maison Alhambra,Hercules,AMBER,0.5324,0.2891,AMBER,0.0,0.0,0.0,0.0,0.0,0.1313,0.5324,0.2434,0.0929
17145,The Body Shop,Mango,FRUITY,0.6207,0.4138,FRUITY,0.1379,0.6207,0.0,0.0,0.0,0.0345,0.0,0.2069,0.0
16657,Versace,Eros,GREEN,0.3646,0.1562,GREEN,0.0771,0.0771,0.0,0.3646,0.0,0.0688,0.2042,0.2083,0.0
83483,Burberry,Goddess,GOURMAND,0.5444,0.3243,GOURMAND,0.0,0.0,0.0,0.2201,0.0,0.0,0.1622,0.5444,0.0734
45258,Giorgio Armani,Emporio Armani Stronger With You,GOURMAND,0.5494,0.2963,GOURMAND,0.0,0.0,0.0,0.2531,0.0,0.0,0.1142,0.5494,0.0833
88083,ALREHAB PERFUMES,Choco Musk Eau de Parfum,GOURMAND,0.521,0.3046,GOURMAND,0.0,0.0,0.0,0.0,0.0,0.0681,0.1944,0.521,0.2164
46038,Rabanne,Pure XS,GOURMAND,0.4399,0.0887,GOURMAND,0.0869,0.0,0.0,0.0,0.0,0.122,0.3512,0.4399,0.0
64788,Giardini Di Toscana,Celeste,FLORAL,0.3131,0.0436,FLORAL,0.0,0.0835,0.3131,0.0,0.0797,0.0,0.0721,0.2694,0.1822
68415,Dior,Sauvage Elixir,AMBER,0.6012,0.3385,AMBER,0.0,0.0,0.0,0.2626,0.0,0.1362,0.6012,0.0,0.0
5242,L'Artisan Parfumeur,Tea for Two,AMBER,0.5643,0.3161,AMBER,0.0893,0.0,0.0,0.0982,0.0,0.0,0.5643,0.2482,0.0
51704,Akro,Awake,AMBER,0.3333,0.05,GOURMAND,0.1033,0.0,0.0,0.18,0.0,0.1,0.3333,0.2833,0.0
23711,Montblanc,Emblem,AMBER,0.3259,0.0972,AQUATIC,0.0951,0.0,0.0,0.1883,0.2287,0.087,0.3259,0.0749,0.0
15948,Etat Libre d'Orange,The Afternoon of a Faun,AMBER,0.3808,0.0879,WOODY,0.0,0.0,0.0816,0.1255,0.0,0.2929,0.3808,0.1192,0.0
68283,Afnan,Supremacy in Oud,AMBER,0.3519,0.0808,WOODY,0.0,0.0,0.0,0.0718,0.0,0.2711,0.3519,0.158,0.1472
44128,Franck Boclet,Cocaïne,FLORAL,0.4855,0.1929,FLORAL,0.0,0.074,0.4855,0.0,0.0,0.0,0.074,0.2926,0.074
64805,Maison Martin Margiela,Matcha Meditation,GREEN,0.2762,0.0621,GREEN,0.2056,0.0,0.2141,0.2762,0.0,0.0,0.0835,0.1542,0.0664
72556,Rabanne,Olympéa Solar,FLORAL,0.4006,0.2105,FLORAL,0.1901,0.0497,0.4006,0.0,0.0,0.0497,0.0936,0.1404,0.076
35234,Clean,Rain,WOODY,0.3139,0.0706,WOODY,0.2068,0.0,0.2433,0.0608,0.0,0.3139,0.1752,0.0,0.0
64338,Essential Parfums,Bois Impérial,WOODY,0.4763,0.1657,WOODY,0.0,0.0,0.0,0.213,0.0,0.4763,0.3107,0.0,0.0
15211,Mancera,Cedrat Boise,WOODY,0.3038,0.1086,WOODY,0.1951,0.1863,0.0,0.0887,0.0,0.3038,0.0665,0.071,0.0887
31872,Le Labo,The Noir 29,AMBER,0.2682,0.0416,AMBER,0.0603,0.1081,0.0,0.2266,0.0,0.2079,0.2682,0.1289,0.0
62101,Parfums de Marly,Greenley,WOODY,0.2849,0.0814,WOODY,0.1822,0.1395,0.0,0.1047,0.0,0.2849,0.0853,0.0,0.2035
16445,Xerjoff,40 Knots,AQUATIC,0.3939,0.0152,AQUATIC,0.0,0.0,0.0,0.1932,0.3939,0.3788,0.0,0.0,0.0341
77,Kenzo,Kenzo pour Homme,GREEN,0.3268,0.0451,GREEN,0.0507,0.0,0.0507,0.3268,0.0986,0.2817,0.1211,0.0,0.0704
26845,Nest,Indigo,GREEN,0.2467,0.0654,GREEN,0.1454,0.1618,0.0,0.2467,0.0,0.1634,0.1814,0.1013,0.0
5581,Jo Malone London,Pomegranate Noir,AMBER,0.3904,0.0695,AMBER,0.0,0.1738,0.0,0.0,0.0,0.3209,0.3904,0.115,0.0
74121,Marc-Antoine Barrois,Encelade,WOODY,0.4159,0.1111,WOODY,0.0,0.0,0.0,0.3048,0.0,0.4159,0.0667,0.1397,0.073
96817,Rasasi,Hawas Black,WOODY,0.5915,0.401,WOODY,0.1905,0.0727,0.0,0.0,0.0,0.5915,0.0802,0.0652,0.0
14838,The Different Company,Tokyo Bloom,FLORAL,0.2681,0.0304,FLORAL,0.1012,0.0,0.2681,0.2378,0.0,0.0,0.1366,0.1248,0.1315
16546,Imaginary Authors,The Soft Lawn,GREEN,0.3002,0.0051,FLORAL,0.0,0.0,0.1686,0.3002,0.0,0.2951,0.1231,0.113,0.0
25780,Guerlain,L’Homme Idéal,GOURMAND,0.4942,0.3306,GOURMAND,0.1636,0.0835,0.0,0.1419,0.0,0.1169,0.0,0.4942,0.0
31909,Dolce&Gabbana,The One for Men Eau de Parfum,AMBER,0.5655,0.431,AMBER,0.1345,0.0,0.0,0.1345,0.0,0.069,0.5655,0.0966,0.0
2056,Dolce&Gabbana,The One for Men,AMBER,0.5599,0.4199,AMBER,0.1332,0.0,0.0,0.14,0.0,0.0691,0.5599,0.0978,0.0
6472,Nasomatto,Black Afgano,WOODY,0.4051,0.0896,GREEN,0.0,0.0,0.0,0.2793,0.0,0.4051,0.3156,0.0,0.0
96246,Hugo Boss,Bottled Absolu,AMBER,0.4813,0.0196,WOODY,0.0,0.0,0.0,0.057,0.0,0.4617,0.4813,0.0,0.0
15295,Amouage,Interlude Woman,AMBER,0.4566,0.2162,AMBER,0.0,0.0,0.0,0.097,0.0,0.2061,0.4566,0.2404,0.0
1998,Issey Miyake,L'Eau d'Issey Pour Homme Intense,AMBER,0.5563,0.3615,AMBER,0.1948,0.0,0.0714,0.0,0.0,0.1775,0.5563,0.0,0.0
34730,Etat Libre d'Orange,Hermann à mes Côtés me Paraissait une Ombre,WOODY,0.355,0.0911,AQUATIC,0.0,0.0,0.1691,0.0,0.2119,0.355,0.2639,0.0,0.0
15967,Dior,Miss Dior Le Parfum,AMBER,0.3516,0.0762,AMBER,0.1016,0.0,0.1406,0.0,0.0,0.2754,0.3516,0.1309,0.0
75182,Burberry,Hero Eau de Parfum,AMBER,0.4798,0.1509,AMBER,0.0,0.0,0.0,0.1456,0.0,0.3288,0.4798,0.0458,0.0
55166,Fragrance One,Office For Men,AMBER,0.3406,0.0899,AMBER,0.139,0.0,0.0926,0.0,0.0,0.1771,0.3406,0.0,0.2507
69923,Orto Parisi,Cuoium,WOODY,0.4597,0.1866,WOODY,0.0,0.0,0.0,0.0,0.0,0.4597,0.2672,0.0,0.2731
79942,Maison Alhambra,Toscano Leather,WOODY,0.4201,0.2049,WOODY,0.0,0.0943,0.0,0.0,0.0,0.4201,0.2152,0.0656,0.2049
31827,Mugler,Cuir Impertinent,AMBER,0.4535,0.2838,AMBER,0.0,0.0,0.0,0.1631,0.0,0.1403,0.4535,0.0734,0.1697
17150,Atelier Cologne,Mistral Patchouli,AMBER,0.401,0.0732,GREEN,0.0,0.0,0.0,0.2712,0.0,0.3278,0.401,0.0,0.0
375,Clinique,Clinique Happy Heart 2003,AQUATIC,0.3659,0.228,AQUATIC,0.0958,0.0824,0.1303,0.1379,0.3659,0.0996,0.0881,0.0,0.0
101438,Giorgio Armani,Acqua di Giò Elixir,AQUATIC,0.334,0.0428,AQUATIC,0.1842,0.0,0.0,0.0771,0.334,0.2912,0.1135,0.0,0.0
14225,Dolce&Gabbana,The One Sport,AMBER,0.2571,0.0284,AQUATIC,0.0945,0.0,0.0,0.1645,0.189,0.2287,0.2571,0.0,0.0662
5521,Yves Saint Laurent,La Nuit de l'Homme,GREEN,0.4326,0.1062,GREEN,0.0699,0.0,0.0,0.4326,0.0,0.171,0.3264,0.0,0.0
14669,Chanel,Allure Homme Sport Eau Extreme,GREEN,0.3194,0.1138,GREEN,0.1198,0.0,0.0,0.3194,0.0,0.1397,0.1277,0.2056,0.0878
614,Chanel,Egoiste Platinum,GREEN,0.5394,0.2727,GREEN,0.0,0.0,0.0,0.5394,0.0,0.2667,0.1939,0.0,0.0
46513,Tom Ford,Fabulous,GOURMAND,0.3619,0.0983,GOURMAND,0.0,0.0,0.0,0.2637,0.0,0.2605,0.1139,0.3619,0.0
71761,Valentino,Valentino Uomo Born In Roma Coral Fantasy,AMBER,0.3644,0.0572,AMBER,0.0,0.1377,0.0,0.3072,0.0,0.0678,0.3644,0.1229,0.0
371,Clinique,Aromatics Elixir,WOODY,0.4981,0.2035,WOODY,0.0,0.0,0.0911,0.2946,0.0,0.4981,0.1163,0.0,0.0
69,Guerlain,Vetiver,WOODY,0.2915,0.0359,AMBER,0.1771,0.0,0.0516,0.2242,0.0,0.2915,0.2556,0.0,0.0
81508,Giorgio Armani,Acqua di Giò Parfum,AMBER,0.3219,0.037,AQUATIC,0.0883,0.0,0.0,0.2849,0.1311,0.1738,0.3219,0.0,0.0
307,Cartier,Declaration,AMBER,0.3124,0.0548,WOODY,0.2272,0.0,0.0,0.2028,0.0,0.2576,0.3124,0.0,0.0
38686,Azzaro,Wanted,AMBER,0.3736,0.1516,AMBER,0.222,0.0791,0.0,0.2198,0.0,0.1055,0.3736,0.0,0.0
71888,Carolina Herrera,Bad Boy Cobalt Parfum Electrique,GREEN,0.2922,0.0174,GREEN,0.0,0.1496,0.0,0.2922,0.0,0.2748,0.1791,0.1043,0.0
390,Comme des Garcons,Comme des Garcons 2,AMBER,0.2637,0.044,MUSK,0.1604,0.0,0.0879,0.2198,0.0,0.1538,0.2637,0.0,0.1143
45343,Coach,Coach for Men,AMBER,0.3406,0.1426,AMBER,0.198,0.101,0.0,0.198,0.0,0.0812,0.3406,0.0812,0.0
113,Aramis,Aramis,WOODY,0.5256,0.2473,WOODY,0.0,0.0,0.0,0.2784,0.0,0.5256,0.196,0.0,0.0
3508,Abercrombie & Fitch,Fierce,WOODY,0.2729,0.0436,WOODY,0.2202,0.0,0.0596,0.2294,0.0,0.2729,0.117,0.0,0.1009
48138,Giorgio Armani,Acqua di Giò Absolu,AMBER,0.297,0.099,AQUATIC,0.1347,0.0713,0.0,0.198,0.1089,0.1901,0.297,0.0,0.0
41698,Creed,Viking,GREEN,0.461,0.2064,GREEN,0.1445,0.0,0.0642,0.461,0.0,0.0757,0.2546,0.0,0.0
88995,Lush,Sticky Dates,GOURMAND,0.5667,0.2444,GOURMAND,0.0,0.0,0.0,0.0,0.0,0.0741,0.3222,0.5667,0.037
89051,Room 1015,Cherry Punk Extrait de Parfum,GOURMAND,0.3333,0.0623,FRUITY,0.0,0.271,0.0,0.0,0.0,0.0596,0.2602,0.3333,0.0759
80482,Une Nuit Nomade,Sugar Leather,AMBER,0.4254,0.1623,AMBER,0.0,0.0,0.0,0.0,0.0,0.2369,0.4254,0.2631,0.0746
17,Hermès,Terre d'Hermès,WOODY,0.3416,0.1041,WOODY,0.2262,0.0,0.0,0.1516,0.0,0.3416,0.2376,0.043,0.0
34696,Armaf,Club de Nuit Intense Man,CITRUS,0.3503,0.0321,WOODY,0.3503,0.1578,0.0,0.0909,0.0,0.3182,0.0,0.0829,0.0
25967,Chanel,Bleu de Chanel Eau de Parfum,AMBER,0.395,0.1038,AMBER,0.2912,0.0,0.0,0.1016,0.0,0.2122,0.395,0.0,0.0
9099,Chanel,Bleu de Chanel,AMBER,0.4103,0.1726,AMBER,0.2242,0.0,0.0,0.1278,0.0,0.2377,0.4103,0.0,0.0
721,Issey Miyake,L'Eau d'Issey Pour Homme,CITRUS,0.3754,0.1325,CITRUS,0.3754,0.0,0.0978,0.2429,0.0,0.1041,0.123,0.0568,0.0
52180,Versace,Eros Flame,CITRUS,0.25,0.02,AMBER,0.25,0.0,0.0,0.1425,0.0,0.1175,0.23,0.2025,0.0575
644,Versace,Versace Man Eau Fraiche,CITRUS,0.338,0.162,FRUITY,0.338,0.176,0.0,0.176,0.0,0.1508,0.1592,0.0,0.0
607,Chanel,Allure Homme Sport,CITRUS,0.3187,0.0925,MUSK,0.3187,0.0,0.0,0.1338,0.1119,0.0,0.0827,0.2263,0.1265
18471,Rabanne,Invictus,AQUATIC,0.256,0.0372,AQUATIC,0.2188,0.0,0.0613,0.1685,0.256,0.0941,0.2013,0.0,0.0
5752,Versace,Versense,CITRUS,0.4167,0.2431,CITRUS,0.4167,0.0,0.0799,0.0938,0.0,0.1736,0.1632,0.0,0.0729
44035,Dolce&Gabbana,Light Blue Eau Intense Pour Homme,AQUATIC,0.3059,0.0889,AQUATIC,0.2169,0.0,0.0,0.2148,0.3059,0.0911,0.1041,0.0,0.0672
297,Carolina Herrera,212 Men,GREEN,0.2982,0.0721,GREEN,0.1949,0.0,0.0,0.2982,0.0,0.1209,0.2261,0.0,0.1598
8282,Hermès,Terre d'Hermes Parfum,WOODY,0.4103,0.0897,WOODY,0.3205,0.0,0.0,0.0,0.0,0.4103,0.2115,0.0577,0.0
33443,Montblanc,Legend Spirit,CITRUS,0.2908,0.0738,GREEN,0.2908,0.0,0.0,0.217,0.1342,0.1119,0.1186,0.0,0.1275
66097,Initio Parfums Prives,Musk Therapy,MUSK,0.3002,0.1014,MUSK,0.1988,0.1153,0.163,0.0577,0.0,0.1074,0.0577,0.0,0.3002
68226,Rabanne,Phantom,WOODY,0.2737,0.0044,GREEN,0.2208,0.0618,0.0,0.2693,0.0,0.2737,0.0,0.1744,0.0
50495,By Kilian,Bad Boys Are No Good But Good Boys Are No Fun,AMBER,0.4028,0.109,FRUITY,0.1374,0.2938,0.0,0.0,0.0,0.1659,0.4028,0.0,0.0
55785,Jean Paul Gaultier,Le Beau,GOURMAND,0.658,0.5472,GOURMAND,0.1108,0.0708,0.0,0.0802,0.0,0.0,0.0802,0.658,0.0
120986,Valentino,Valentino Uomo Born in Roma Purple Melancholia,GOURMAND,0.413,0.1323,GOURMAND,0.0,0.0,0.0,0.2807,0.0,0.0719,0.2343,0.413,0.0
1426,Rochas,Rochas Man,GOURMAND,0.5108,0.3235,GOURMAND,0.0,0.0868,0.0,0.1874,0.0,0.1164,0.0,0.5108,0.0986
102772,Hermès,Terre d’Hermès Intense,AMBER,0.4525,0.2148,GOURMAND,0.1232,0.0,0.0,0.0475,0.0,0.1391,0.4525,0.2377,0.0
1822,Tom Ford,Noir de Noir,WOODY,0.5204,0.2633,WOODY,0.0,0.0,0.2571,0.0,0.0,0.5204,0.1265,0.0959,0.0
207,Guerlain,Mitsouko Eau de Toilette,WOODY,0.4921,0.345,WOODY,0.1068,0.0806,0.0911,0.0823,0.0,0.4921,0.1471,0.0,0.0
31352,Chanel,Cristalle Eau de Parfum,WOODY,0.5477,0.4483,WOODY,0.0811,0.0994,0.0892,0.0994,0.0,0.5477,0.0,0.0832,0.0
15514,Valentino,Valentina Assoluto,WOODY,0.4596,0.1963,WOODY,0.0,0.0693,0.2633,0.0,0.0,0.4596,0.0,0.1247,0.0831
10314,Jo Malone London,English Pear & Freesia,FLORAL,0.3488,0.1656,FLORAL,0.0751,0.1832,0.3488,0.0,0.1038,0.0728,0.0,0.1258,0.0905
78576,Carolina Herrera,Good Girl Blush,FLORAL,0.376,0.0826,FLORAL,0.2583,0.0,0.376,0.0,0.0,0.0723,0.0,0.2934,0.0
83621,Gucci,Flora Gorgeous Magnolia,FLORAL,0.3157,0.0428,GOURMAND,0.0916,0.1324,0.3157,0.0,0.0,0.0713,0.0,0.2729,0.1161
31798,Alaia Paris,Alaïa,FLORAL,0.3767,0.0287,FLORAL,0.147,0.0,0.3767,0.0,0.0,0.1284,0.0,0.0,0.348
1607,Elizabeth Arden,Mediterranean,FLORAL,0.2604,0.0521,FLORAL,0.1849,0.1667,0.2604,0.0,0.0,0.0625,0.0,0.1172,0.2083
18306,Stéphane Humbert Lucas 777,Soleil de Jeddah,GREEN,0.2218,0.0338,GREEN,0.0996,0.0977,0.188,0.2218,0.0,0.156,0.0996,0.0,0.1372
75487,O Boticário,Malbec Ultra Bleu,GREEN,0.3671,0.1031,GREEN,0.264,0.0,0.0,0.3671,0.1399,0.1469,0.0822,0.0,0.0
45707,L'Artisan Parfumeur,Un Air de Bretagne,CITRUS,0.3542,0.0492,AQUATIC,0.3542,0.0,0.0,0.1326,0.3049,0.1193,0.089,0.0,0.0
734,Yves Saint Laurent,L'Homme,AMBER,0.3573,0.0695,AMBER,0.2878,0.0,0.0,0.1414,0.0571,0.0968,0.3573,0.0596,0.0
815,Burberry,Touch for Men,AQUATIC,0.2738,0.0228,AQUATIC,0.0,0.0,0.0,0.173,0.2738,0.1122,0.1901,0.0,0.251
45956,Yves Saint Laurent,Yves Saint Laurent Y,CITRUS,0.288,0.0275,MUSK,0.288,0.0987,0.0,0.2605,0.0,0.0,0.2573,0.0,0.0955
2736,Hermès,Un Jardin Apres la Mousson,AMBER,0.4847,0.2704,AMBER,0.2117,0.0,0.0,0.2143,0.0893,0.0,0.4847,0.0,0.0
799,Calvin Klein,Euphoria Men,AMBER,0.4489,0.1269,GREEN,0.0836,0.0,0.0,0.322,0.0,0.1455,0.4489,0.0,0.0
15462,Cartier,Declaration d'Un Soir,AMBER,0.4469,0.1643,AMBER,0.0,0.0,0.2826,0.1014,0.0,0.1087,0.4469,0.0,0.0604
14825,Giorgio Armani,Acqua di Gio Essenza,CITRUS,0.302,0.0657,AQUATIC,0.302,0.0,0.0604,0.1776,0.1279,0.0959,0.2362,0.0,0.0
25251,Amouage,Journey Man,AMBER,0.5277,0.3202,AMBER,0.1265,0.0,0.0,0.1383,0.0,0.2075,0.5277,0.0,0.0
148,Bvlgari,BLV Pour Homme,AMBER,0.4092,0.1532,AMBER,0.0941,0.0,0.081,0.256,0.0,0.1597,0.4092,0.0,0.0
51353,Zoologist Perfumes,Tyrannosaurus Rex,AMBER,0.5238,0.2707,AMBER,0.0,0.0,0.0,0.1479,0.0,0.2531,0.5238,0.0,0.0752
9828,Creed,Aventus,WOODY,0.3449,0.0968,WOODY,0.1811,0.2481,0.0,0.0,0.0,0.3449,0.0,0.1365,0.0893
38914,Yves Saint Laurent,Mon Paris,FRUITY,0.2809,0.059,FRUITY,0.1742,0.2809,0.1629,0.0,0.0,0.1601,0.0,0.2219,0.0
32172,Tiziana Terenzi,Kirkè,FRUITY,0.3569,0.0981,FRUITY,0.0926,0.3569,0.0,0.0,0.0,0.0654,0.0,0.2262,0.2589
98689,Afnan,Supremacy Collector's Edition Pour Homme,FRUITY,0.2637,0.1044,FRUITY,0.141,0.2637,0.1465,0.0,0.0,0.0934,0.1117,0.1593,0.0842
23295,Cartier,La Panthere,WOODY,0.3481,0.163,WOODY,0.0,0.1852,0.1426,0.0,0.0,0.3481,0.0,0.1444,0.1796
10554,Rihanna,Reb'l Fleur,GOURMAND,0.4513,0.2301,GOURMAND,0.0,0.2212,0.0,0.0,0.0,0.1527,0.0,0.4513,0.1748
11588,Dior,Miss Dior Cherie Eau de Parfum,WOODY,0.3737,0.1577,WOODY,0.0994,0.216,0.0842,0.0,0.0,0.3737,0.0799,0.1469,0.0
58226,Gisada,Ambassador Men,FRUITY,0.373,0.1393,FRUITY,0.0,0.373,0.0,0.0881,0.0,0.1148,0.1906,0.2336,0.0
38497,Creed,Aventus for Her,MUSK,0.2563,0.0117,CITRUS,0.2447,0.1942,0.0893,0.0,0.0,0.1417,0.0738,0.0,0.2563
46098,Xerjoff,Cruz del Sur II,FRUITY,0.5183,0.25,FRUITY,0.0915,0.5183,0.0579,0.0,0.0,0.064,0.0,0.2683,0.0
913,Nautica,Nautica Voyage,GREEN,0.3145,0.1447,GREEN,0.0943,0.1509,0.1195,0.3145,0.0786,0.0723,0.0,0.0,0.1698
3865,Diptyque,Philosykos Eau de Parfum,GOURMAND,0.2923,0.0191,GOURMAND,0.1093,0.1202,0.0,0.2732,0.0,0.2049,0.0,0.2923,0.0
46336,Amouage,Beach Hut Man,GREEN,0.4605,0.0932,GREEN,0.0593,0.0,0.0,0.4605,0.0,0.3672,0.113,0.0,0.0
1261,L'Artisan Parfumeur,Premier Figuier,GOURMAND,0.3915,0.2077,GOURMAND,0.125,0.1489,0.0,0.1838,0.0,0.1507,0.0,0.3915,0.0
8098,Calvin Klein,Eternity Aqua for Men,AQUATIC,0.325,0.1575,AQUATIC,0.1374,0.0,0.067,0.1675,0.325,0.1524,0.0871,0.0,0.0637
770,Bvlgari,Bvlgari Pour Homme Soir,WOODY,0.2729,0.0376,GREEN,0.2235,0.0,0.0,0.2353,0.0541,0.2729,0.2141,0.0,0.0
68794,Frederic Malle,Synthetic Jungle,GREEN,0.3826,0.124,GREEN,0.0844,0.0,0.2586,0.3826,0.0,0.1372,0.1372,0.0,0.0
45651,Jean Paul Gaultier,Scandal,GOURMAND,0.5036,0.3515,GOURMAND,0.114,0.0,0.152,0.0,0.0,0.0689,0.0808,0.5036,0.0808
605,Sisley,Soir de Lune,WOODY,0.4069,0.1547,WOODY,0.0,0.0,0.2282,0.0,0.0,0.4069,0.1126,0.2523,0.0
54275,Jean Paul Gaultier,Scandal A Paris,GOURMAND,0.4399,0.2109,GOURMAND,0.0726,0.1497,0.229,0.0,0.0794,0.0,0.0,0.4399,0.0295
13016,Dior,Dior Homme Intense 2011,FLORAL,0.4016,0.1379,FLORAL,0.0,0.0,0.4016,0.1988,0.0,0.2637,0.0,0.0,0.1359
27417,Dior,Dior Homme Parfum,WOODY,0.4022,0.0471,FLORAL,0.0,0.0,0.3551,0.0,0.0,0.4022,0.0,0.0,0.2428
13015,Dior,Dior Homme,WOODY,0.3248,0.0277,FLORAL,0.0,0.0,0.297,0.1109,0.0,0.3248,0.0,0.1347,0.1327
75126,Giorgio Armani,Armani Code Parfum,MUSK,0.2202,0.0079,FLORAL,0.131,0.0,0.1984,0.1567,0.0,0.2123,0.0,0.0813,0.2202
18755,L'Artisan Parfumeur,Amour Nocturne,GOURMAND,0.5188,0.2262,GOURMAND,0.0,0.0,0.071,0.071,0.0,0.2927,0.0,0.5188,0.0466
9075,Cuba Paris,Cuba Gold,GREEN,0.403,0.1279,GREEN,0.0,0.0,0.0,0.403,0.0,0.1407,0.1812,0.2751,0.0
593,Serge Lutens,Gris Clair,GREEN,0.3581,0.0721,GREEN,0.0,0.0,0.0767,0.3581,0.0,0.2047,0.286,0.0744,0.0
90953,Azzaro,The Most Wanted Intense,GREEN,0.328,0.0736,GOURMAND,0.165,0.0,0.0,0.328,0.0,0.2545,0.1412,0.1113,0.0
50239,Tom Ford,Ombré Leather (2018),WOODY,0.5085,0.2955,WOODY,0.0,0.0,0.1108,0.0,0.0,0.5085,0.2131,0.0,0.1676
1849,Tom Ford,Tuscan Leather,WOODY,0.493,0.3322,WOODY,0.0,0.1294,0.0,0.0,0.0,0.493,0.1608,0.0909,0.1259
12863,Bottega Veneta,Bottega Veneta,WOODY,0.7531,0.6607,WOODY,0.0,0.0,0.0835,0.0,0.0,0.7531,0.071,0.0,0.0924
68716,Tom Ford,Ombré Leather Parfum,WOODY,0.4245,0.2038,WOODY,0.0,0.0,0.1535,0.0,0.2206,0.4245,0.0767,0.0,0.1247
11771,Parfums de Marly,Godolphin,WOODY,0.3634,0.1779,WOODY,0.0,0.1353,0.0,0.1479,0.0,0.3634,0.0902,0.0777,0.1855
102882,Azzaro,Forever Wanted Elixir,WOODY,0.2676,0.0705,WOODY,0.0851,0.1971,0.0,0.1307,0.0,0.2676,0.0788,0.139,0.1017
4524,Etat Libre d'Orange,Tom of Finland,MUSK,0.328,0.0036,WOODY,0.0,0.0,0.0,0.1362,0.0,0.3244,0.095,0.1165,0.328
6332,Le Labo,Patchouli 24,WOODY,0.6243,0.3579,WOODY,0.0,0.0,0.0,0.0,0.0,0.6243,0.2664,0.1093,0.0
9224,Montale,Aoud Leather,WOODY,0.4257,0.1238,WOODY,0.0767,0.0,0.0,0.0619,0.0,0.4257,0.302,0.0,0.1337
466,Creed,Millésime Impérial,AQUATIC,0.3445,0.1732,AQUATIC,0.1713,0.1378,0.0,0.1173,0.3445,0.0,0.0,0.0764,0.1527
64104,Armaf,Club de Nuit Milestone,MUSK,0.2603,0.0879,AQUATIC,0.081,0.0931,0.0914,0.1586,0.1724,0.1431,0.0,0.0,0.2603
4523,Etat Libre d'Orange,Secretions Magnifiques,AQUATIC,0.4019,0.0236,AQUATIC,0.0,0.0,0.0638,0.0969,0.4019,0.0591,0.0,0.3783,0.0
95642,Issey Miyake,Le Sel d’Issey,AQUATIC,0.4555,0.1081,AQUATIC,0.0,0.0,0.0,0.1102,0.4555,0.3475,0.0869,0.0,0.0
54720,Marc-Antoine Barrois,Ganymede,WOODY,0.3866,0.1663,AQUATIC,0.0,0.0,0.0,0.0,0.216,0.3866,0.1771,0.0,0.2203
55963,Valentino,Valentino Uomo Born in Roma,AQUATIC,0.5397,0.3272,AQUATIC,0.0,0.0,0.0,0.2126,0.5397,0.1738,0.0739,0.0,0.0
25316,Guerlain,Mitsouko Eau de Parfum,WOODY,0.4633,0.2217,WOODY,0.1283,0.0817,0.085,0.0,0.0,0.4633,0.2417,0.0,0.0
75811,Hermès,H24 Eau de Parfum,WOODY,0.4888,0.2485,WOODY,0.0,0.0,0.0978,0.2403,0.0,0.4888,0.1731,0.0,0.0
53224,Chloé,Nomade Eau de Toilette,WOODY,0.4132,0.1364,WOODY,0.155,0.2769,0.155,0.0,0.0,0.4132,0.0,0.0,0.0
36679,Narciso Rodriguez,Narciso Poudree,MUSK,0.2884,0.0203,FLORAL,0.0,0.0,0.268,0.1054,0.0,0.1719,0.0,0.1664,0.2884
31351,Chanel,Chance Eau de Parfum,WOODY,0.3704,0.0591,WOODY,0.0,0.0,0.127,0.0,0.0,0.3704,0.1078,0.0835,0.3113
78658,Diptyque,L'Eau Papier,MUSK,0.5479,0.3425,MUSK,0.0,0.0,0.2055,0.0548,0.0,0.1178,0.0,0.074,0.5479
53742,Thomas Kosmala,Après l’Amour,MUSK,0.4381,0.1766,MUSK,0.1239,0.0,0.0,0.0,0.0,0.1537,0.2615,0.0229,0.4381
50790,Essential Parfums,The Musc,MUSK,0.4838,0.2824,AMBER,0.0,0.0,0.0,0.1227,0.0,0.1042,0.2014,0.088,0.4838
51469,BDK Parfums,Crème de Cuir,MUSK,0.3755,0.0939,WOODY,0.1102,0.0714,0.0,0.0,0.0,0.2816,0.0694,0.0918,0.3755
918,Amouage,Gold Man,MUSK,0.4428,0.1989,MUSK,0.0,0.0,0.2439,0.0,0.0,0.0882,0.2251,0.0,0.4428
52015,Hermetica,Sandalsun,GOURMAND,0.5598,0.3739,GOURMAND,0.0,0.0,0.0,0.0,0.0,0.1859,0.1303,0.5598,0.1239
83842,Maison Crivelli,Oud Maracujá,WOODY,0.3946,0.1054,WOODY,0.0,0.2893,0.0,0.0,0.0,0.3946,0.1858,0.1303,0.0
70776,Parfums de Marly,Haltane,WOODY,0.3026,0.053,WOODY,0.0,0.0,0.0,0.2495,0.0,0.3026,0.2279,0.1434,0.0766
24192,Orto Parisi,Stercus,GOURMAND,0.4555,0.1652,GOURMAND,0.0,0.0,0.0,0.0,0.0,0.2904,0.0,0.4555,0.2541
12134,Montale,Dark Aoud,WOODY,0.6006,0.3701,WOODY,0.0,0.0,0.0,0.0292,0.0,0.6006,0.2305,0.0,0.1396
31219,Juliette Has A Gun,Another Oud,WOODY,0.2667,0.0373,WOODY,0.0667,0.128,0.0,0.0,0.0,0.2667,0.2107,0.0987,0.2293
474,Creed,Green Irish Tweed,AQUATIC,0.3295,0.1193,AQUATIC,0.0,0.0,0.1989,0.0,0.3295,0.1326,0.1288,0.0,0.2102
70646,Lake & Skye,11 11,MUSK,0.4,0.0721,AQUATIC,0.0,0.0,0.0,0.0,0.3279,0.0951,0.1541,0.023,0.4
610,Chanel,Chance Eau de Toilette,WOODY,0.4369,0.3015,WOODY,0.1323,0.1,0.0,0.0,0.0,0.4369,0.0908,0.1354,0.1046
1282,Dior,Midnight Poison,WOODY,0.4028,0.1984,WOODY,0.1788,0.0,0.1375,0.0,0.0,0.4028,0.2043,0.0766,0.0
17796,Dior,Miss Dior (2012),WOODY,0.396,0.1485,WOODY,0.1743,0.0,0.2475,0.0,0.0,0.396,0.099,0.0,0.0832
32269,Yves Saint Laurent,Tuxedo,AMBER,0.4743,0.2023,AMBER,0.0,0.0,0.0,0.0,0.1194,0.272,0.4743,0.1343,0.0
1150,Gucci,Gucci by Gucci Eau de Parfum,GOURMAND,0.3097,0.0516,GOURMAND,0.0,0.1613,0.0935,0.0,0.0,0.2581,0.0806,0.3097,0.0968
39029,Prada,Prada L'Homme,FLORAL,0.3193,0.1064,FLORAL,0.0,0.0,0.3193,0.0803,0.0,0.2129,0.1867,0.0,0.2008
13014,Burberry,Body,MUSK,0.3526,0.1325,MUSK,0.0,0.0858,0.2201,0.0821,0.0,0.1716,0.0877,0.0,0.3526
65738,Diptyque,Orphéon Eau de Parfum,MUSK,0.2309,0.0115,GREEN,0.0,0.0,0.1132,0.2102,0.0,0.2194,0.1547,0.0716,0.2309
3552,DSQUARED²,She Wood,FLORAL,0.3193,0.0862,FLORAL,0.1445,0.0,0.3193,0.0932,0.0,0.2098,0.0,0.0,0.2331
46400,Prada,Prada L'Homme L'Eau,MUSK,0.3003,0.048,FLORAL,0.1562,0.0,0.2523,0.0,0.0,0.1982,0.0931,0.0,0.3003
595,Serge Lutens,Daim Blond,MUSK,0.4558,0.2842,MUSK,0.0,0.1046,0.1716,0.0,0.0,0.1501,0.0,0.118,0.4558
55795,Lancôme,Idôle,FLORAL,0.4242,0.1688,FLORAL,0.0866,0.1212,0.4242,0.0,0.0,0.0,0.0,0.1126,0.2554
55858,Moschino,Toy Boy,FLORAL,0.3589,0.0547,FLORAL,0.0,0.0,0.3589,0.0919,0.0,0.1247,0.3042,0.0,0.1204
1715,Juliette Has A Gun,Lady Vengeance,FLORAL,0.3023,0.0295,FLORAL,0.0,0.0,0.3023,0.0,0.0,0.2727,0.2523,0.0,0.1727
1142,Montale,Black Aoud,WOODY,0.4356,0.1005,WOODY,0.0619,0.0,0.3351,0.0,0.0,0.4356,0.0644,0.0,0.1031
27656,Armaf,Club de Nuit Intense,AMBER,0.3419,0.0437,WOODY,0.0,0.0,0.2704,0.0,0.0,0.2982,0.3419,0.0895,0.0
58781,Tom Ford,Rose Prick,AMBER,0.3244,0.0201,WOODY,0.0805,0.0,0.2908,0.0,0.0,0.3043,0.3244,0.0,0.0
28049,Memo Paris,French Leather,FLORAL,0.3185,0.1012,FLORAL,0.158,0.0,0.3185,0.0864,0.0,0.2173,0.0988,0.0,0.121
46598,BeauFort London,Iron Duke,WOODY,0.4771,0.2018,WOODY,0.0,0.0,0.0,0.0505,0.0,0.4771,0.2752,0.094,0.1032
33796,BeauFort London,1805 Tonnerre,WOODY,0.5083,0.2924,WOODY,0.0864,0.0,0.0,0.2159,0.1262,0.5083,0.0631,0.0,0.0
46132,Vilhelm Parfumerie,Darling Nikki,WOODY,0.5259,0.2537,WOODY,0.0778,0.0,0.0,0.063,0.0,0.5259,0.2722,0.0,0.0611
62701,Etat Libre d'Orange,Exit The King,MUSK,0.4264,0.1764,MUSK,0.1105,0.0,0.25,0.0,0.0,0.2132,0.0,0.0,0.4264
58157,Zara,Ebony Wood,AMBER,0.3289,0.1158,AMBER,0.1237,0.0,0.0,0.1263,0.0,0.2132,0.3289,0.0947,0.1132
28363,Nicolai Parfumeur Createur,Cuir Cuba Intense,AMBER,0.4447,0.1025,AMBER,0.0,0.0,0.084,0.3422,0.0,0.0,0.4447,0.1291,0.0
94713,French Avenue,Liquid Brun,GOURMAND,0.3652,0.0524,AMBER,0.0787,0.0,0.0861,0.0749,0.0,0.0,0.3127,0.3652,0.0824
10573,Jimmy Choo,Jimmy Choo,WOODY,0.3607,0.0109,WOODY,0.0,0.1284,0.0,0.071,0.0,0.3607,0.0902,0.3497,0.0
213,Dior,Miss Dior Cherie,FRUITY,0.3935,0.0,FRUITY,0.0539,0.3935,0.0,0.0,0.0,0.159,0.0,0.3935,0.0
4514,Etat Libre d'Orange,Divin'Enfant,GOURMAND,0.3395,0.0212,GOURMAND,0.0,0.0,0.1273,0.0,0.0,0.0928,0.122,0.3395,0.3183
6205,Lancôme,Hypnôse Senses,GOURMAND,0.2821,0.0085,GOURMAND,0.1011,0.0,0.2735,0.0,0.0,0.1054,0.2379,0.2821,0.0
1953,L'Artisan Parfumeur,Dzing!,GOURMAND,0.3753,0.0921,GOURMAND,0.0,0.0,0.0,0.0,0.0,0.2764,0.0652,0.3753,0.2831
10463,L'Artisan Parfumeur,Traversee du Bosphore,GOURMAND,0.4984,0.2721,GOURMAND,0.0,0.1082,0.082,0.0,0.0,0.2262,0.0852,0.4984,0.0
20541,Maison Martin Margiela,Jazz Club,AMBER,0.4829,0.1787,AMBER,0.0,0.0,0.0,0.1008,0.0,0.1122,0.4829,0.3042,0.0
16939,Parfums de Marly,Herod,AMBER,0.5404,0.2677,AMBER,0.0,0.0,0.0,0.0,0.0,0.1128,0.5404,0.2727,0.0741
17184,Chopard,Oud Malaki,AMBER,0.4057,0.0133,AMBER,0.0,0.0,0.0,0.0,0.0,0.3924,0.4057,0.099,0.1029
84246,Mancera,Red Tobacco Intense,WOODY,0.3656,0.0484,WOODY,0.0,0.0,0.0,0.0,0.0,0.3656,0.3172,0.2187,0.0985
1197,Ralph Lauren,Polo Black,FRUITY,0.3233,0.1083,FRUITY,0.1233,0.3233,0.0,0.1117,0.0,0.215,0.0817,0.145,0.0
1435,Paris Hilton,Paris Hilton for Men,FRUITY,0.2699,0.0,FRUITY,0.1169,0.2699,0.0,0.2699,0.1124,0.1169,0.0,0.1139,0.0
3756,Montale,Chypre Fruite,WOODY,0.4145,0.0799,WOODY,0.1729,0.3346,0.0,0.0,0.0,0.4145,0.0,0.0,0.0781
27997,Juliette Has A Gun,Moon Dance,FLORAL,0.6582,0.4218,FLORAL,0.0,0.0,0.6582,0.0,0.0,0.2364,0.0,0.0,0.1054
73664,Azzaro,The Most Wanted Parfum,GOURMAND,0.3692,0.1569,GOURMAND,0.1292,0.0,0.0,0.0,0.0,0.2123,0.1969,0.3692,0.0923
71708,Rabanne,1 Million Elixir,GOURMAND,0.4167,0.2685,GOURMAND,0.0,0.1481,0.1142,0.0802,0.0,0.0895,0.0741,0.4167,0.0772
38254,Valentino,Valentino Uomo Intense ,GOURMAND,0.2987,0.0199,FLORAL,0.0,0.0,0.2788,0.0686,0.0,0.1991,0.0,0.2987,0.1549
1019,Guerlain,Cuir Béluga,GOURMAND,0.3878,0.1108,GOURMAND,0.0,0.0,0.0,0.0803,0.0,0.1163,0.1385,0.3878,0.277
53243,Giorgio Armani,Sì Fiori,MUSK,0.2127,0.0093,FLORAL,0.1493,0.1586,0.2034,0.0,0.0,0.0896,0.0,0.1866,0.2127
11456,Atelier Cologne,Vanille Insensée,WOODY,0.2915,0.0106,GOURMAND,0.1596,0.0,0.0,0.1298,0.0,0.2915,0.0638,0.2809,0.0745
9439,Playboy,Playboy New York,CITRUS,0.2569,0.0743,MUSK,0.2569,0.0998,0.0,0.1826,0.0,0.0,0.1338,0.1741,0.1529
7247,Balenciaga,Balenciaga Paris,FLORAL,0.3164,0.0723,AQUATIC,0.0,0.0,0.3164,0.0,0.2441,0.2031,0.084,0.0,0.1523
13401,Lalique,Hommage à l'Homme Eau de Toilette,AMBER,0.2782,0.0429,AQUATIC,0.0,0.0,0.159,0.0,0.2353,0.1129,0.2782,0.0,0.2146
3747,Rabanne,1 Million,AMBER,0.5141,0.3169,AMBER,0.1455,0.0,0.0751,0.0,0.0,0.1972,0.5141,0.0,0.0681
13857,Viktor&Rolf,Spicebomb,AMBER,0.6537,0.5585,AMBER,0.0756,0.0,0.0,0.0829,0.0,0.0927,0.6537,0.0951,0.0
46663,Mancera,Red Tobacco,AMBER,0.5701,0.3542,AMBER,0.0,0.0,0.0,0.0,0.0,0.214,0.5701,0.2159,0.0
49144,Azzaro,Wanted by Night,AMBER,0.495,0.3538,AMBER,0.1196,0.1412,0.0,0.0,0.0,0.1229,0.495,0.1213,0.0
48476,Givenchy,Gentleman Eau de Parfum,AMBER,0.5079,0.2718,AMBER,0.0,0.0,0.1032,0.0,0.0,0.0,0.5079,0.2361,0.1528
31383,Memo Paris,African Leather,WOODY,0.3913,0.019,WOODY,0.0,0.0,0.0,0.163,0.0,0.3913,0.3723,0.0,0.0734
31508,Carolina Herrera,CH Men Prive,AMBER,0.4102,0.1305,AMBER,0.0,0.0,0.0,0.1458,0.0,0.2797,0.4102,0.0915,0.0729
1119,Gucci,Gucci Pour Homme II,AMBER,0.4322,0.1802,AMBER,0.0853,0.0,0.0,0.1589,0.2519,0.0,0.4322,0.0717,0.0
10146,Amouage,Memoir Woman,AMBER,0.4696,0.0972,WOODY,0.0,0.0,0.0,0.081,0.0,0.3725,0.4696,0.0,0.0769
7916,Hermès,Voyage d'Hermes,GREEN,0.31,0.06,GREEN,0.225,0.0,0.0375,0.31,0.0,0.1175,0.25,0.0,0.06
11570,Guerlain,L'Instant de Guerlain pour Homme Eau Extreme,WOODY,0.2865,0.0037,GOURMAND,0.0795,0.0,0.0,0.1091,0.0,0.2865,0.2828,0.1701,0.0721
64152,Franck Boclet,Vinyl,AMBER,0.4161,0.2232,AMBER,0.0,0.1429,0.0,0.0,0.0,0.1714,0.4161,0.1929,0.0768
686,Gucci,Gucci Rush,WOODY,0.3713,0.0928,WOODY,0.0,0.1189,0.2785,0.1368,0.0,0.3713,0.0,0.0945,0.0
6382,Nina Ricci,Ricci Ricci,FLORAL,0.27,0.0018,FLORAL,0.0,0.1172,0.27,0.2682,0.0,0.2593,0.0853,0.0,0.0
60035,Rabanne,1 Million Parfum,FLORAL,0.3768,0.1984,FLORAL,0.0,0.0681,0.3768,0.0,0.0862,0.1784,0.1483,0.0,0.1423
2167,Yves Rocher,Comme une Evidence,FLORAL,0.3363,0.0268,WOODY,0.1073,0.0,0.3363,0.161,0.0859,0.3095,0.0,0.0,0.0
4518,Etat Libre d'Orange,Jasmin et Cigarette,AMBER,0.2908,0.0357,AMBER,0.0,0.0689,0.2551,0.0944,0.0,0.0,0.2908,0.148,0.1429
13052,Givenchy,Ange ou Demon Le Secret Elixir,FLORAL,0.3892,0.0813,FLORAL,0.3079,0.0788,0.3892,0.0862,0.0,0.0739,0.0,0.064,0.0
2783,Memo Paris,Lalibela,FLORAL,0.6197,0.4836,FLORAL,0.0,0.0,0.6197,0.0,0.0,0.1127,0.0,0.1362,0.1315
31623,Maison Martin Margiela,By the Fireplace,AMBER,0.3964,0.1663,AMBER,0.0,0.0,0.0,0.0,0.0,0.2278,0.3964,0.2301,0.1458
1834,Lalique,Encre Noire,WOODY,0.4669,0.1638,WOODY,0.0,0.0,0.0,0.3031,0.0,0.4669,0.0976,0.0,0.1324
18453,Giorgio Armani,Si,GREEN,0.2365,0.0383,AMBER,0.0,0.1113,0.1983,0.2365,0.0,0.1739,0.1252,0.1548,0.0
52002,Montblanc,Explorer,AMBER,0.3033,0.0349,AMBER,0.1765,0.0,0.0,0.1507,0.0,0.2684,0.3033,0.0,0.1011
1483,Chanel,Chance Eau Fraiche,WOODY,0.3241,0.0829,WOODY,0.2412,0.0,0.1533,0.1156,0.0,0.3241,0.0,0.0,0.1658
383,Hugo Boss,Boss Bottled,AMBER,0.2414,0.0498,AMBER,0.0881,0.1667,0.0,0.092,0.0,0.1916,0.2414,0.1341,0.0862
12201,Le Labo,Santal 33,WOODY,0.4551,0.2372,WOODY,0.0,0.0,0.1538,0.0545,0.0,0.4551,0.1186,0.0,0.2179
44174,Nishane,Hacivat,WOODY,0.4723,0.2905,WOODY,0.1729,0.1818,0.0,0.0,0.0,0.4723,0.0687,0.1042,0.0
3575,Byredo,Gypsy Water,AMBER,0.2909,0.0754,AMBER,0.1272,0.0,0.0,0.1853,0.0,0.2155,0.2909,0.0862,0.0948
48434,Chloé,Nomade,WOODY,0.4288,0.2707,WOODY,0.1582,0.1388,0.1125,0.0,0.0,0.4288,0.0,0.0914,0.0703
49912,Chanel,Bleu de Chanel Parfum,AMBER,0.2881,0.0111,AMBER,0.1607,0.0,0.0,0.1994,0.0,0.277,0.2881,0.0,0.0748
845,Escentric Molecules,Molecule 01,MUSK,0.3929,0.0357,MUSK,0.0,0.0,0.0,0.0,0.0,0.3571,0.25,0.0,0.3929
920,Amouage,Reflection Man,WOODY,0.3247,0.049,FLORAL,0.0722,0.0,0.2758,0.1392,0.0,0.3247,0.0825,0.0,0.1057
58714,Dior,Dior Homme 2020,WOODY,0.3758,0.1078,MUSK,0.0817,0.0,0.0,0.1144,0.0,0.3758,0.1601,0.0,0.268
6697,Tom Ford,Grey Vetiver,WOODY,0.5081,0.2649,WOODY,0.1324,0.0,0.0459,0.2432,0.0,0.5081,0.0703,0.0,0.0
9,Hermès,Eau des Merveilles,AMBER,0.2627,0.0163,GREEN,0.22,0.0,0.0,0.2464,0.0,0.2037,0.2627,0.0672,0.0
32356,Lalique,Encre Noire A L'Extreme,WOODY,0.414,0.0218,WOODY,0.0,0.0,0.0,0.1937,0.0,0.414,0.3923,0.0,0.0
613,Chanel,Egoiste,AMBER,0.4202,0.1955,AMBER,0.0,0.0,0.182,0.0876,0.0,0.2247,0.4202,0.0,0.0854
48903,Rabanne,1 Million Lucky,GOURMAND,0.4245,0.1847,GOURMAND,0.0863,0.1175,0.0,0.0,0.0647,0.2398,0.0671,0.4245,0.0
1833,Lalique,Perles De Lalique,WOODY,0.4942,0.2904,WOODY,0.0,0.0,0.2038,0.0,0.0,0.4942,0.1962,0.0,0.1058
21369,Lalique,Encre Noire Sport,WOODY,0.3169,0.0493,WOODY,0.1479,0.0,0.0,0.2676,0.0728,0.3169,0.1408,0.0,0.054
1009,Paloma Picasso,Paloma Picasso,WOODY,0.3882,0.1179,WOODY,0.0,0.0,0.1352,0.1161,0.0,0.3882,0.0901,0.0,0.2704
890,Ralph Lauren,Polo,WOODY,0.4751,0.1692,WOODY,0.0,0.0,0.0,0.306,0.0,0.4751,0.2189,0.0,0.0
616,Chanel,Antaeus,WOODY,0.6595,0.4902,WOODY,0.0,0.0,0.0802,0.1693,0.0,0.6595,0.0,0.0,0.0909
11043,Lacoste Fragrances,Eau de Lacoste L.12.12. White,FLORAL,0.3327,0.0716,FLORAL,0.1556,0.0,0.3327,0.1538,0.0,0.2612,0.0966,0.0,0.0
57129,Louis Vuitton,Cœur Battant,FLORAL,0.4475,0.3212,FLORAL,0.0942,0.1263,0.4475,0.0857,0.1199,0.0,0.0,0.1263,0.0
