raw_note,canonical_note,relation,evidence_source,reason,manual_review_required
Musk,Musk-Like,SAME_CONCEPT,"scent_term_dictionary_v0.3.csv; scent_term_evidence_v0.3.csv (IFF, IFRA)",Existing HIGH-confidence SAME_CONCEPT decision reused without reinterpretation.,False
Amber,Amber,CANONICAL,17_fragrantica_note_vocabulary.csv,No confirmed duplicate expression; retained as its own canonical concept.,False
Bergamot,Bergamot,CANONICAL,17_fragrantica_note_vocabulary.csv,No confirmed duplicate expression; retained as its own canonical concept.,False
Vanilla,Vanilla,CANONICAL,17_fragrantica_note_vocabulary.csv,No confirmed duplicate expression; retained as its own canonical concept.,False
Sandalwood,Sandalwood,CANONICAL,17_fragrantica_note_vocabulary.csv,No confirmed duplicate expression; retained as its own canonical concept.,False
Jasmine,Jasmine,CANONICAL,17_fragrantica_note_vocabulary.csv,No confirmed duplicate expression; retained as its own canonical concept.,False
Patchouli,Patchouli,CANONICAL,17_fragrantica_note_vocabulary.csv,No confirmed duplicate expression; retained as its own canonical concept.,False
Rose,Rose,CANONICAL,17_fragrantica_note_vocabulary.csv,No confirmed duplicate expression; retained as its own canonical concept.,False
Cedar,Cedar,CANONICAL,17_fragrantica_note_vocabulary.csv,No confirmed duplicate expression; retained as its own canonical concept.,False
Vetiver,Vetiver,CANONICAL,17_fragrantica_note_vocabulary.csv,No confirmed duplicate expression; retained as its own canonical concept.,False
Lemon,Lemon,CANONICAL,17_fragrantica_note_vocabulary.csv,No confirmed duplicate expression; retained as its own canonical concept.,False
Tonka Bean,Tonka Bean,CANONICAL,17_fragrantica_note_vocabulary.csv,No confirmed duplicate expression; retained as its own canonical concept.,False
Lavender,Lavender,CANONICAL,17_fragrantica_note_vocabulary.csv,No confirmed duplicate expression; retained as its own canonical concept.,False
Mandarin Orange,Mandarin Orange,CANONICAL,17_fragrantica_note_vocabulary.csv,No confirmed duplicate expression; retained as its own canonical concept.,False
Orange Blossom,Orange Blossom,CANONICAL,17_fragrantica_note_vocabulary.csv,No confirmed duplicate expression; retained as its own canonical concept.,False
Leather,Leather,CANONICAL,scent_term_dictionary_v0.3.csv; scent_term_evidence_v0.3.csv (IFF),Existing HIGH-confidence SAME_CONCEPT decision reused without reinterpretation.,False
Cardamom,Cardamom,CANONICAL,17_fragrantica_note_vocabulary.csv,No confirmed duplicate expression; retained as its own canonical concept.,False
Pink Pepper,Pink Pepper,CANONICAL,17_fragrantica_note_vocabulary.csv,No confirmed duplicate expression; retained as its own canonical concept.,False
Violet,Violet,CANONICAL,17_fragrantica_note_vocabulary.csv,No confirmed duplicate expression; retained as its own canonical concept.,False
Grapefruit,Grapefruit,CANONICAL,17_fragrantica_note_vocabulary.csv,No confirmed duplicate expression; retained as its own canonical concept.,False
Iris,Iris,CANONICAL,17_fragrantica_note_vocabulary.csv,No confirmed duplicate expression; retained as its own canonical concept.,False
Oakmoss,Oakmoss,CANONICAL,17_fragrantica_note_vocabulary.csv,No confirmed duplicate expression; retained as its own canonical concept.,False
Geranium,Geranium,CANONICAL,17_fragrantica_note_vocabulary.csv,No confirmed duplicate expression; retained as its own canonical concept.,False
Saffron,Saffron,CANONICAL,17_fragrantica_note_vocabulary.csv,No confirmed duplicate expression; retained as its own canonical concept.,False
White Musk,White Musk,NOT_SAME,"v0.3 dictionary/evidence, Stage 20 decisions, or explicit audit exclusion","Existing v0.3 relation to Musk-Like is FAMILY, not SAME_CONCEPT.",False
Woody Notes,Woody,SAME_CONCEPT,"scent_term_dictionary_v0.3.csv; scent_term_evidence_v0.3.csv (IFF, IFRA)",Existing HIGH-confidence SAME_CONCEPT decision reused without reinterpretation.,False
Orange,Orange,CANONICAL,17_fragrantica_note_vocabulary.csv,No confirmed duplicate expression; retained as its own canonical concept.,False
Cinnamon,Cinnamon,CANONICAL,17_fragrantica_note_vocabulary.csv,No confirmed duplicate expression; retained as its own canonical concept.,False
Peach,Peach,CANONICAL,17_fragrantica_note_vocabulary.csv,No confirmed duplicate expression; retained as its own canonical concept.,False
Lily-of-the-Valley,Muguet,SAME_CONCEPT,scent_term_dictionary_v0.3.csv; scent_term_evidence_v0.3.csv (dsm-firmenich),Existing HIGH-confidence SAME_CONCEPT decision reused without reinterpretation.,False
Labdanum,Labdanum,CANONICAL,17_fragrantica_note_vocabulary.csv,No confirmed duplicate expression; retained as its own canonical concept.,False
Ylang-Ylang,Ylang-Ylang,CANONICAL,17_fragrantica_note_vocabulary.csv,No confirmed duplicate expression; retained as its own canonical concept.,False
Benzoin,Benzoin,CANONICAL,17_fragrantica_note_vocabulary.csv,No confirmed duplicate expression; retained as its own canonical concept.,False
Incense,Incense,CANONICAL,17_fragrantica_note_vocabulary.csv,No confirmed duplicate expression; retained as its own canonical concept.,False
Ginger,Ginger,CANONICAL,17_fragrantica_note_vocabulary.csv,No confirmed duplicate expression; retained as its own canonical concept.,False
Neroli,Neroli,NOT_SAME,"v0.3 dictionary/evidence, Stage 20 decisions, or explicit audit exclusion",Orange Blossom and Neroli are distinct bitter-orange flower materials in Stage 20 evidence.,False
Ambergris,Ambergris,CANONICAL,17_fragrantica_note_vocabulary.csv,No confirmed duplicate expression; retained as its own canonical concept.,False
Nutmeg,Nutmeg,CANONICAL,17_fragrantica_note_vocabulary.csv,No confirmed duplicate expression; retained as its own canonical concept.,False
Raspberry,Raspberry,CANONICAL,17_fragrantica_note_vocabulary.csv,No confirmed duplicate expression; retained as its own canonical concept.,False
Pear,Pear,CANONICAL,17_fragrantica_note_vocabulary.csv,No confirmed duplicate expression; retained as its own canonical concept.,False
Tuberose,Tuberose,CANONICAL,17_fragrantica_note_vocabulary.csv,No confirmed duplicate expression; retained as its own canonical concept.,False
Agarwood (Oud),Agarwood,SAME_CONCEPT,"scent_term_dictionary_v0.3.csv; scent_term_evidence_v0.3.csv (Givaudan, IFRA)",Existing HIGH-confidence SAME_CONCEPT decision reused without reinterpretation.,False
Apple,Apple,CANONICAL,17_fragrantica_note_vocabulary.csv,No confirmed duplicate expression; retained as its own canonical concept.,False
Freesia,Freesia,CANONICAL,17_fragrantica_note_vocabulary.csv,No confirmed duplicate expression; retained as its own canonical concept.,False
Black Currant,Blackcurrant,SAME_CONCEPT,"scent_term_dictionary_v0.3.csv; scent_term_evidence_v0.3.csv (IFF, IFRA)",Existing HIGH-confidence SAME_CONCEPT decision reused without reinterpretation.,False
Peony,Peony,CANONICAL,17_fragrantica_note_vocabulary.csv,No confirmed duplicate expression; retained as its own canonical concept.,False
Tobacco,Tobacco,CANONICAL,17_fragrantica_note_vocabulary.csv,No confirmed duplicate expression; retained as its own canonical concept.,False
Citruses,Citrus,SAME_CONCEPT,"scent_term_dictionary_v0.3.csv; scent_term_evidence_v0.3.csv (IFF, IFRA)",Existing HIGH-confidence SAME_CONCEPT decision reused without reinterpretation.,False
Black Pepper,Black Pepper,CANONICAL,17_fragrantica_note_vocabulary.csv,No confirmed duplicate expression; retained as its own canonical concept.,False
Cedarwood,Cedarwood,CANONICAL,17_fragrantica_note_vocabulary.csv,No confirmed duplicate expression; retained as its own canonical concept.,False
Caramel,Caramel,CANONICAL,17_fragrantica_note_vocabulary.csv,No confirmed duplicate expression; retained as its own canonical concept.,False
Magnolia,Magnolia,CANONICAL,17_fragrantica_note_vocabulary.csv,No confirmed duplicate expression; retained as its own canonical concept.,False
Mint,Mint,CANONICAL,17_fragrantica_note_vocabulary.csv,No confirmed duplicate expression; retained as its own canonical concept.,False
Green Notes,Green,SAME_CONCEPT,"scent_term_dictionary_v0.3.csv; scent_term_evidence_v0.3.csv (IFF, IFRA)",Existing HIGH-confidence SAME_CONCEPT decision reused without reinterpretation.,False
Floral Notes,Floral,SAME_CONCEPT,"scent_term_dictionary_v0.3.csv; scent_term_evidence_v0.3.csv (IFF, IFRA)",Existing HIGH-confidence SAME_CONCEPT decision reused without reinterpretation.,False
Pepper,Pepper,CANONICAL,17_fragrantica_note_vocabulary.csv,No confirmed duplicate expression; retained as its own canonical concept.,False
Moss,Moss,NOT_SAME,"v0.3 dictionary/evidence, Stage 20 decisions, or explicit audit exclusion",Moss is RELATED to Mossy and must not be collapsed with Oakmoss.,False
Pineapple,Pineapple,CANONICAL,17_fragrantica_note_vocabulary.csv,No confirmed duplicate expression; retained as its own canonical concept.,False
Heliotrope,Heliotrope,CANONICAL,17_fragrantica_note_vocabulary.csv,No confirmed duplicate expression; retained as its own canonical concept.,False
Gardenia,Gardenia,CANONICAL,17_fragrantica_note_vocabulary.csv,No confirmed duplicate expression; retained as its own canonical concept.,False
Guaiac Wood,Guaiac Wood,CANONICAL,17_fragrantica_note_vocabulary.csv,No confirmed duplicate expression; retained as its own canonical concept.,False
Honey,Honey,CANONICAL,17_fragrantica_note_vocabulary.csv,No confirmed duplicate expression; retained as its own canonical concept.,False
Coconut,Coconut,CANONICAL,17_fragrantica_note_vocabulary.csv,No confirmed duplicate expression; retained as its own canonical concept.,False
Lime,Lime,CANONICAL,17_fragrantica_note_vocabulary.csv,No confirmed duplicate expression; retained as its own canonical concept.,False
Oud,Agarwood,SAME_CONCEPT,"scent_term_dictionary_v0.3.csv; scent_term_evidence_v0.3.csv (Givaudan, IFRA)",Existing HIGH-confidence SAME_CONCEPT decision reused without reinterpretation.,False
Plum,Plum,CANONICAL,17_fragrantica_note_vocabulary.csv,No confirmed duplicate expression; retained as its own canonical concept.,False
Coriander,Coriander,CANONICAL,17_fragrantica_note_vocabulary.csv,No confirmed duplicate expression; retained as its own canonical concept.,False
Sage,Sage,CANONICAL,17_fragrantica_note_vocabulary.csv,No confirmed duplicate expression; retained as its own canonical concept.,False
Woodsy Notes,Woodsy Notes,REVIEW,Candidate rule; existing project evidence insufficient,Existing v0.3 evidence explicitly did not equate Woodsy Notes with Woody.,True
Olibanum,Olibanum,CANONICAL,17_fragrantica_note_vocabulary.csv,No confirmed duplicate expression; retained as its own canonical concept.,False
Rosemary,Rosemary,CANONICAL,17_fragrantica_note_vocabulary.csv,No confirmed duplicate expression; retained as its own canonical concept.,False
Lily of the Valley,Muguet,SAME_CONCEPT,scent_term_dictionary_v0.3.csv; scent_term_evidence_v0.3.csv (dsm-firmenich),Existing HIGH-confidence SAME_CONCEPT decision reused without reinterpretation.,False
Ambroxan,Ambroxide,SAME_CONCEPT,scent_term_dictionary_v0.3.csv; scent_term_evidence_v0.3.csv (PubChem),Existing HIGH-confidence SAME_CONCEPT decision reused without reinterpretation.,False
Lily,Lily,CANONICAL,17_fragrantica_note_vocabulary.csv,No confirmed duplicate expression; retained as its own canonical concept.,False
Aldehydes,Aldehydic,SAME_CONCEPT,scent_term_dictionary_v0.3.csv; scent_term_evidence_v0.3.csv (IFRA),Existing HIGH-confidence SAME_CONCEPT decision reused without reinterpretation.,False
Jasmine Sambac,Jasmine Sambac,CANONICAL,17_fragrantica_note_vocabulary.csv,No confirmed duplicate expression; retained as its own canonical concept.,False
Spices,Spicy,SAME_CONCEPT,scent_term_dictionary_v0.3.csv; scent_term_evidence_v0.3.csv (IFRA),Existing HIGH-confidence SAME_CONCEPT decision reused without reinterpretation.,False
Mandarin,Mandarin,CANONICAL,17_fragrantica_note_vocabulary.csv,No confirmed duplicate expression; retained as its own canonical concept.,False
Basil,Basil,CANONICAL,17_fragrantica_note_vocabulary.csv,No confirmed duplicate expression; retained as its own canonical concept.,False
Osmanthus,Osmanthus,CANONICAL,17_fragrantica_note_vocabulary.csv,No confirmed duplicate expression; retained as its own canonical concept.,False
Violet Leaf,Violet Leaf,CANONICAL,17_fragrantica_note_vocabulary.csv,No confirmed duplicate expression; retained as its own canonical concept.,False
Orchid,Orchid,CANONICAL,17_fragrantica_note_vocabulary.csv,No confirmed duplicate expression; retained as its own canonical concept.,False
Tangerine,Tangerine,CANONICAL,17_fragrantica_note_vocabulary.csv,No confirmed duplicate expression; retained as its own canonical concept.,False
Petitgrain,Petitgrain,CANONICAL,17_fragrantica_note_vocabulary.csv,No confirmed duplicate expression; retained as its own canonical concept.,False
Almond,Almond,CANONICAL,17_fragrantica_note_vocabulary.csv,No confirmed duplicate expression; retained as its own canonical concept.,False
Myrrh,Myrrh,CANONICAL,17_fragrantica_note_vocabulary.csv,No confirmed duplicate expression; retained as its own canonical concept.,False
Galbanum,Galbanum,CANONICAL,17_fragrantica_note_vocabulary.csv,No confirmed duplicate expression; retained as its own canonical concept.,False
Virginia Cedar,Virginia Cedar,CANONICAL,17_fragrantica_note_vocabulary.csv,No confirmed duplicate expression; retained as its own canonical concept.,False
Cashmere Wood,Cashmere Wood,CANONICAL,17_fragrantica_note_vocabulary.csv,No confirmed duplicate expression; retained as its own canonical concept.,False
Cypress,Cypress,CANONICAL,17_fragrantica_note_vocabulary.csv,No confirmed duplicate expression; retained as its own canonical concept.,False
Carnation,Carnation,CANONICAL,17_fragrantica_note_vocabulary.csv,No confirmed duplicate expression; retained as its own canonical concept.,False
Clary Sage,Clary Sage,CANONICAL,17_fragrantica_note_vocabulary.csv,No confirmed duplicate expression; retained as its own canonical concept.,False
Fruity Notes,Fruity,SAME_CONCEPT,scent_term_dictionary_v0.3.csv; scent_term_evidence_v0.3.csv (IFRA),Existing HIGH-confidence SAME_CONCEPT decision reused without reinterpretation.,False
Coffee,Coffee,CANONICAL,17_fragrantica_note_vocabulary.csv,No confirmed duplicate expression; retained as its own canonical concept.,False
Cashmeran,Cashmeran,CANONICAL,scent_term_dictionary_v0.3.csv; scent_term_evidence_v0.3.csv (IFF),Existing HIGH-confidence SAME_CONCEPT decision reused without reinterpretation.,False
Cloves,Clove,SAME_CONCEPT,scent_term_dictionary_v0.3.csv; scent_term_evidence_v0.3.csv (IFRA),Existing HIGH-confidence SAME_CONCEPT decision reused without reinterpretation.,False
Orris,Orris,CANONICAL,17_fragrantica_note_vocabulary.csv,No confirmed duplicate expression; retained as its own canonical concept.,False
White Flowers,White Flowers,CANONICAL,17_fragrantica_note_vocabulary.csv,No confirmed duplicate expression; retained as its own canonical concept.,False
Spicy Notes,Spicy,SAME_CONCEPT,scent_term_dictionary_v0.3.csv; scent_term_evidence_v0.3.csv (IFRA),Existing HIGH-confidence SAME_CONCEPT decision reused without reinterpretation.,False
Sea Notes,Sea Notes,CANONICAL,17_fragrantica_note_vocabulary.csv,No confirmed duplicate expression; retained as its own canonical concept.,False
Praline,Praline,CANONICAL,17_fragrantica_note_vocabulary.csv,No confirmed duplicate expression; retained as its own canonical concept.,False
Orris Root,Orris Root,CANONICAL,17_fragrantica_note_vocabulary.csv,No confirmed duplicate expression; retained as its own canonical concept.,False
Bulgarian Rose,Bulgarian Rose,CANONICAL,17_fragrantica_note_vocabulary.csv,No confirmed duplicate expression; retained as its own canonical concept.,False
Clove,Clove,CANONICAL,17_fragrantica_note_vocabulary.csv,No confirmed duplicate expression; retained as its own canonical concept.,False
Sugar,Sugar,CANONICAL,17_fragrantica_note_vocabulary.csv,No confirmed duplicate expression; retained as its own canonical concept.,False
Mimosa,Mimosa,CANONICAL,17_fragrantica_note_vocabulary.csv,No confirmed duplicate expression; retained as its own canonical concept.,False
Cassis,Cassis,CANONICAL,17_fragrantica_note_vocabulary.csv,No confirmed duplicate expression; retained as its own canonical concept.,False
Vanille,Vanille,REVIEW,Candidate rule; existing project evidence insufficient,"Vanilla/Vanille is a plausible language variant, but existing v0.3 evidence explicitly left Vanille unresolved.",True
Strawberry,Strawberry,CANONICAL,17_fragrantica_note_vocabulary.csv,No confirmed duplicate expression; retained as its own canonical concept.,False
Apricot,Apricot,CANONICAL,17_fragrantica_note_vocabulary.csv,No confirmed duplicate expression; retained as its own canonical concept.,False
Rum,Rum,CANONICAL,17_fragrantica_note_vocabulary.csv,No confirmed duplicate expression; retained as its own canonical concept.,False
Juniper,Juniper,CANONICAL,17_fragrantica_note_vocabulary.csv,No confirmed duplicate expression; retained as its own canonical concept.,False
elemi,elemi,CANONICAL,17_fragrantica_note_vocabulary.csv,No confirmed duplicate expression; retained as its own canonical concept.,False
Melon,Melon,CANONICAL,17_fragrantica_note_vocabulary.csv,No confirmed duplicate expression; retained as its own canonical concept.,False
Turkish Rose,Turkish Rose,CANONICAL,17_fragrantica_note_vocabulary.csv,No confirmed duplicate expression; retained as its own canonical concept.,False
Fig,Fig,CANONICAL,17_fragrantica_note_vocabulary.csv,No confirmed duplicate expression; retained as its own canonical concept.,False
Bitter Orange,Bitter Orange,CANONICAL,17_fragrantica_note_vocabulary.csv,No confirmed duplicate expression; retained as its own canonical concept.,False
Lotus,Lotus,CANONICAL,17_fragrantica_note_vocabulary.csv,No confirmed duplicate expression; retained as its own canonical concept.,False
Artemisia,Artemisia,CANONICAL,17_fragrantica_note_vocabulary.csv,No confirmed duplicate expression; retained as its own canonical concept.,False
Amberwood,Amberwood,CANONICAL,17_fragrantica_note_vocabulary.csv,No confirmed duplicate expression; retained as its own canonical concept.,False
Suede,Suede,CANONICAL,17_fragrantica_note_vocabulary.csv,No confirmed duplicate expression; retained as its own canonical concept.,False
Litchi,Litchi,CANONICAL,17_fragrantica_note_vocabulary.csv,No confirmed duplicate expression; retained as its own canonical concept.,False
Cyclamen,Cyclamen,CANONICAL,17_fragrantica_note_vocabulary.csv,No confirmed duplicate expression; retained as its own canonical concept.,False
Green Apple,Green Apple,CANONICAL,17_fragrantica_note_vocabulary.csv,No confirmed duplicate expression; retained as its own canonical concept.,False
Milk,Milk,CANONICAL,17_fragrantica_note_vocabulary.csv,No confirmed duplicate expression; retained as its own canonical concept.,False
Damask Rose,Damask Rose,CANONICAL,17_fragrantica_note_vocabulary.csv,No confirmed duplicate expression; retained as its own canonical concept.,False
Cherry,Cherry,CANONICAL,17_fragrantica_note_vocabulary.csv,No confirmed duplicate expression; retained as its own canonical concept.,False
Powdery Notes,Powdery,SAME_CONCEPT,scent_term_dictionary_v0.3.csv; scent_term_evidence_v0.3.csv (IFRA),Existing HIGH-confidence SAME_CONCEPT decision reused without reinterpretation.,False
Tea,Tea,CANONICAL,17_fragrantica_note_vocabulary.csv,No confirmed duplicate expression; retained as its own canonical concept.,False
Thyme,Thyme,CANONICAL,17_fragrantica_note_vocabulary.csv,No confirmed duplicate expression; retained as its own canonical concept.,False
Mango,Mango,CANONICAL,17_fragrantica_note_vocabulary.csv,No confirmed duplicate expression; retained as its own canonical concept.,False
Frankincense,Frankincense,CANONICAL,17_fragrantica_note_vocabulary.csv,No confirmed duplicate expression; retained as its own canonical concept.,False
Ylang Ylang,Ylang-Ylang,SAME_CONCEPT,Fragrantica internal vocabulary; case/space/hyphen/punctuation rule,Existing raw labels differ only by a case/space/hyphen/punctuation form; an existing representative raw label is retained.,False
Red Berries,Red Berries,CANONICAL,17_fragrantica_note_vocabulary.csv,No confirmed duplicate expression; retained as its own canonical concept.,False
Passionfruit,Passion Fruit,SAME_CONCEPT,Fragrantica internal vocabulary; case/space/hyphen/punctuation rule,Existing raw labels differ only by a case/space/hyphen/punctuation form; an existing representative raw label is retained.,False
Honeysuckle,Honeysuckle,CANONICAL,17_fragrantica_note_vocabulary.csv,No confirmed duplicate expression; retained as its own canonical concept.,False
Tonka,Tonka,CANONICAL,17_fragrantica_note_vocabulary.csv,No confirmed duplicate expression; retained as its own canonical concept.,False
Styrax,Styrax,CANONICAL,17_fragrantica_note_vocabulary.csv,No confirmed duplicate expression; retained as its own canonical concept.,False
Lilac,Lilac,CANONICAL,17_fragrantica_note_vocabulary.csv,No confirmed duplicate expression; retained as its own canonical concept.,False
Blackcurrant,Blackcurrant,CANONICAL,17_fragrantica_note_vocabulary.csv,No confirmed duplicate expression; retained as its own canonical concept.,False
Rhubarb,Rhubarb,CANONICAL,17_fragrantica_note_vocabulary.csv,No confirmed duplicate expression; retained as its own canonical concept.,False
Narcissus,Narcissus,CANONICAL,17_fragrantica_note_vocabulary.csv,No confirmed duplicate expression; retained as its own canonical concept.,False
Madagascar Vanilla,Madagascar Vanilla,CANONICAL,17_fragrantica_note_vocabulary.csv,No confirmed duplicate expression; retained as its own canonical concept.,False
Birch,Birch,CANONICAL,17_fragrantica_note_vocabulary.csv,No confirmed duplicate expression; retained as its own canonical concept.,False
Blackberry,Blackberry,CANONICAL,17_fragrantica_note_vocabulary.csv,No confirmed duplicate expression; retained as its own canonical concept.,False
Anise,Anise,CANONICAL,17_fragrantica_note_vocabulary.csv,No confirmed duplicate expression; retained as its own canonical concept.,False
Civet,Civet,CANONICAL,17_fragrantica_note_vocabulary.csv,No confirmed duplicate expression; retained as its own canonical concept.,False
Amalfi Lemon,Amalfi Lemon,CANONICAL,17_fragrantica_note_vocabulary.csv,No confirmed duplicate expression; retained as its own canonical concept.,False
Green Tea,Green Tea,CANONICAL,17_fragrantica_note_vocabulary.csv,No confirmed duplicate expression; retained as its own canonical concept.,False
Juniper Berries,Juniper Berries,CANONICAL,17_fragrantica_note_vocabulary.csv,No confirmed duplicate expression; retained as its own canonical concept.,False
Cacao,Cacao,CANONICAL,17_fragrantica_note_vocabulary.csv,No confirmed duplicate expression; retained as its own canonical concept.,False
Frangipani,Frangipani,CANONICAL,17_fragrantica_note_vocabulary.csv,No confirmed duplicate expression; retained as its own canonical concept.,False
Hyacinth,Hyacinth,CANONICAL,17_fragrantica_note_vocabulary.csv,No confirmed duplicate expression; retained as its own canonical concept.,False
Blood Orange,Blood Orange,CANONICAL,17_fragrantica_note_vocabulary.csv,No confirmed duplicate expression; retained as its own canonical concept.,False
Citrus,Citrus,CANONICAL,17_fragrantica_note_vocabulary.csv,No confirmed duplicate expression; retained as its own canonical concept.,False
Agarwood,Agarwood,CANONICAL,17_fragrantica_note_vocabulary.csv,No confirmed duplicate expression; retained as its own canonical concept.,False
Palisander Rosewood,Palisander Rosewood,CANONICAL,17_fragrantica_note_vocabulary.csv,No confirmed duplicate expression; retained as its own canonical concept.,False
Cumin,Cumin,CANONICAL,17_fragrantica_note_vocabulary.csv,No confirmed duplicate expression; retained as its own canonical concept.,False
Smoke,Smoky,SAME_CONCEPT,scent_term_dictionary_v0.3.csv; scent_term_evidence_v0.3.csv (IFRA),Existing HIGH-confidence SAME_CONCEPT decision reused without reinterpretation.,False
Yuzu,Yuzu,CANONICAL,17_fragrantica_note_vocabulary.csv,No confirmed duplicate expression; retained as its own canonical concept.,False
Sweet Notes,Sweet,SAME_CONCEPT,scent_term_dictionary_v0.3.csv; scent_term_evidence_v0.3.csv (IFRA),Existing HIGH-confidence SAME_CONCEPT decision reused without reinterpretation.,False
Haitian Vetiver,Haitian Vetiver,CANONICAL,17_fragrantica_note_vocabulary.csv,No confirmed duplicate expression; retained as its own canonical concept.,False
Cypriol Oil or Nagarmotha,Cypriol Oil or Nagarmotha,CANONICAL,17_fragrantica_note_vocabulary.csv,No confirmed duplicate expression; retained as its own canonical concept.,False
Ambrette (Musk Mallow),Ambrette (Musk Mallow),CANONICAL,17_fragrantica_note_vocabulary.csv,No confirmed duplicate expression; retained as its own canonical concept.,False
Water Lily,Water Lily,CANONICAL,17_fragrantica_note_vocabulary.csv,No confirmed duplicate expression; retained as its own canonical concept.,False
Green Leaves,Green Leaves,CANONICAL,17_fragrantica_note_vocabulary.csv,No confirmed duplicate expression; retained as its own canonical concept.,False
Ozonic notes,Ozonic,SAME_CONCEPT,scent_term_dictionary_v0.3.csv; scent_term_evidence_v0.3.csv (IFRA),Existing HIGH-confidence SAME_CONCEPT decision reused without reinterpretation.,False
Bourbon Vanilla,Bourbon Vanilla,CANONICAL,17_fragrantica_note_vocabulary.csv,No confirmed duplicate expression; retained as its own canonical concept.,False
Chocolate,Chocolate,CANONICAL,17_fragrantica_note_vocabulary.csv,No confirmed duplicate expression; retained as its own canonical concept.,False
Oak,Oak,CANONICAL,17_fragrantica_note_vocabulary.csv,No confirmed duplicate expression; retained as its own canonical concept.,False
Castoreum,Castoreum,CANONICAL,17_fragrantica_note_vocabulary.csv,No confirmed duplicate expression; retained as its own canonical concept.,False
Ambrette,Ambrette,CANONICAL,17_fragrantica_note_vocabulary.csv,No confirmed duplicate expression; retained as its own canonical concept.,False
Red Apple,Red Apple,CANONICAL,17_fragrantica_note_vocabulary.csv,No confirmed duplicate expression; retained as its own canonical concept.,False
Calabrian bergamot,Calabrian bergamot,CANONICAL,17_fragrantica_note_vocabulary.csv,No confirmed duplicate expression; retained as its own canonical concept.,False
oak moss,Oakmoss,SAME_CONCEPT,Fragrantica internal vocabulary; case/space/hyphen/punctuation rule,Existing raw labels differ only by a case/space/hyphen/punctuation form; an existing representative raw label is retained.,False
Chamomile,Chamomile,CANONICAL,17_fragrantica_note_vocabulary.csv,No confirmed duplicate expression; retained as its own canonical concept.,False
Opoponax,Opoponax,CANONICAL,17_fragrantica_note_vocabulary.csv,No confirmed duplicate expression; retained as its own canonical concept.,False
Pine,Pine,CANONICAL,17_fragrantica_note_vocabulary.csv,No confirmed duplicate expression; retained as its own canonical concept.,False
Peru Balsam,Peru Balsam,CANONICAL,17_fragrantica_note_vocabulary.csv,No confirmed duplicate expression; retained as its own canonical concept.,False
Watery Notes,Watery,SAME_CONCEPT,scent_term_dictionary_v0.3.csv; scent_term_evidence_v0.3.csv (IFRA),Existing HIGH-confidence SAME_CONCEPT decision reused without reinterpretation.,False
Water Notes,Water Notes,NOT_SAME,"v0.3 dictionary/evidence, Stage 20 decisions, or explicit audit exclusion","Existing v0.3 relation to Watery is RELATED, not SAME_CONCEPT.",False
Herbal Notes,Herbal,SAME_CONCEPT,scent_term_dictionary_v0.3.csv; scent_term_evidence_v0.3.csv (IFRA),Existing HIGH-confidence SAME_CONCEPT decision reused without reinterpretation.,False
Star Anise,Star Anise,CANONICAL,17_fragrantica_note_vocabulary.csv,No confirmed duplicate expression; retained as its own canonical concept.,False
Resins,Resin,SAME_CONCEPT,Fragrantica internal vocabulary; clear singular/plural rule,Existing raw labels differ only by a clear singular/plural form; an existing representative raw label is retained.,False
Hazelnut,Hazelnut,CANONICAL,17_fragrantica_note_vocabulary.csv,No confirmed duplicate expression; retained as its own canonical concept.,False
Salt,Salt,CANONICAL,17_fragrantica_note_vocabulary.csv,No confirmed duplicate expression; retained as its own canonical concept.,False
Licorice,Licorice,CANONICAL,17_fragrantica_note_vocabulary.csv,No confirmed duplicate expression; retained as its own canonical concept.,False
Red Fruits,Red Fruits,CANONICAL,17_fragrantica_note_vocabulary.csv,No confirmed duplicate expression; retained as its own canonical concept.,False
Black Tea,Black Tea,CANONICAL,17_fragrantica_note_vocabulary.csv,No confirmed duplicate expression; retained as its own canonical concept.,False
Eucalyptus,Eucalyptus,CANONICAL,17_fragrantica_note_vocabulary.csv,No confirmed duplicate expression; retained as its own canonical concept.,False
Marigold,Marigold,CANONICAL,17_fragrantica_note_vocabulary.csv,No confirmed duplicate expression; retained as its own canonical concept.,False
Watermelon,Watermelon,CANONICAL,17_fragrantica_note_vocabulary.csv,No confirmed duplicate expression; retained as its own canonical concept.,False
Davana,Davana,CANONICAL,17_fragrantica_note_vocabulary.csv,No confirmed duplicate expression; retained as its own canonical concept.,False
Tolu Balsam,Tolu Balsam,CANONICAL,17_fragrantica_note_vocabulary.csv,No confirmed duplicate expression; retained as its own canonical concept.,False
Coumarin,Coumarin,CANONICAL,17_fragrantica_note_vocabulary.csv,No confirmed duplicate expression; retained as its own canonical concept.,False
Immortelle,Immortelle,CANONICAL,17_fragrantica_note_vocabulary.csv,No confirmed duplicate expression; retained as its own canonical concept.,False
Whipped Cream,Whipped Cream,CANONICAL,17_fragrantica_note_vocabulary.csv,No confirmed duplicate expression; retained as its own canonical concept.,False
Angelica,Angelica,CANONICAL,17_fragrantica_note_vocabulary.csv,No confirmed duplicate expression; retained as its own canonical concept.,False
African Orange Flower,African Orange Flower,CANONICAL,17_fragrantica_note_vocabulary.csv,No confirmed duplicate expression; retained as its own canonical concept.,False
Pomegranate,Pomegranate,CANONICAL,17_fragrantica_note_vocabulary.csv,No confirmed duplicate expression; retained as its own canonical concept.,False
Fir,Fir,CANONICAL,17_fragrantica_note_vocabulary.csv,No confirmed duplicate expression; retained as its own canonical concept.,False
Citron,Citron,CANONICAL,17_fragrantica_note_vocabulary.csv,No confirmed duplicate expression; retained as its own canonical concept.,False
Sicilian Lemon,Sicilian Lemon,CANONICAL,17_fragrantica_note_vocabulary.csv,No confirmed duplicate expression; retained as its own canonical concept.,False
Grass,Grass,CANONICAL,17_fragrantica_note_vocabulary.csv,No confirmed duplicate expression; retained as its own canonical concept.,False
Fruits,Fruits,CANONICAL,17_fragrantica_note_vocabulary.csv,No confirmed duplicate expression; retained as its own canonical concept.,False
Cognac,Cognac,CANONICAL,17_fragrantica_note_vocabulary.csv,No confirmed duplicate expression; retained as its own canonical concept.,False
Atlas Cedar,Atlas Cedar,CANONICAL,17_fragrantica_note_vocabulary.csv,No confirmed duplicate expression; retained as its own canonical concept.,False
Papyrus,Papyrus,CANONICAL,17_fragrantica_note_vocabulary.csv,No confirmed duplicate expression; retained as its own canonical concept.,False
Marshmallow,Marshmallow,CANONICAL,17_fragrantica_note_vocabulary.csv,No confirmed duplicate expression; retained as its own canonical concept.,False
Hay,Hay,CANONICAL,17_fragrantica_note_vocabulary.csv,No confirmed duplicate expression; retained as its own canonical concept.,False
Flowers,Flowers,CANONICAL,17_fragrantica_note_vocabulary.csv,No confirmed duplicate expression; retained as its own canonical concept.,False
Sea water,Sea water,CANONICAL,17_fragrantica_note_vocabulary.csv,No confirmed duplicate expression; retained as its own canonical concept.,False
Brazilian Rosewood,Brazilian Rosewood,CANONICAL,17_fragrantica_note_vocabulary.csv,No confirmed duplicate expression; retained as its own canonical concept.,False
White Amber,White Amber,CANONICAL,17_fragrantica_note_vocabulary.csv,No confirmed duplicate expression; retained as its own canonical concept.,False
Caraway,Caraway,CANONICAL,17_fragrantica_note_vocabulary.csv,No confirmed duplicate expression; retained as its own canonical concept.,False
Pink Grapefruit,Pink Grapefruit,CANONICAL,17_fragrantica_note_vocabulary.csv,No confirmed duplicate expression; retained as its own canonical concept.,False
Sweet Orange,Sweet Orange,CANONICAL,17_fragrantica_note_vocabulary.csv,No confirmed duplicate expression; retained as its own canonical concept.,False
Balsam Fir,Balsam Fir,CANONICAL,17_fragrantica_note_vocabulary.csv,No confirmed duplicate expression; retained as its own canonical concept.,False
Fig Leaf,Fig Leaf,CANONICAL,17_fragrantica_note_vocabulary.csv,No confirmed duplicate expression; retained as its own canonical concept.,False
Amyris,Amyris,CANONICAL,17_fragrantica_note_vocabulary.csv,No confirmed duplicate expression; retained as its own canonical concept.,False
Tiare Flower,Tiare Flower,CANONICAL,17_fragrantica_note_vocabulary.csv,No confirmed duplicate expression; retained as its own canonical concept.,False
Sea Salt,Sea Salt,CANONICAL,17_fragrantica_note_vocabulary.csv,No confirmed duplicate expression; retained as its own canonical concept.,False
Dark Chocolate,Dark Chocolate,CANONICAL,17_fragrantica_note_vocabulary.csv,No confirmed duplicate expression; retained as its own canonical concept.,False
Mate,Mate,CANONICAL,17_fragrantica_note_vocabulary.csv,No confirmed duplicate expression; retained as its own canonical concept.,False
Bay Leaf,Bay Leaf,CANONICAL,17_fragrantica_note_vocabulary.csv,No confirmed duplicate expression; retained as its own canonical concept.,False
Precious Woods,Precious Woods,CANONICAL,17_fragrantica_note_vocabulary.csv,No confirmed duplicate expression; retained as its own canonical concept.,False
Egyptian Jasmine,Egyptian Jasmine,CANONICAL,17_fragrantica_note_vocabulary.csv,No confirmed duplicate expression; retained as its own canonical concept.,False
Tarragon,Tarragon,CANONICAL,17_fragrantica_note_vocabulary.csv,No confirmed duplicate expression; retained as its own canonical concept.,False
Seaweed,Seaweed,CANONICAL,17_fragrantica_note_vocabulary.csv,No confirmed duplicate expression; retained as its own canonical concept.,False
Cotton Candy,Cotton Candy,CANONICAL,17_fragrantica_note_vocabulary.csv,No confirmed duplicate expression; retained as its own canonical concept.,False
Beeswax,Beeswax,CANONICAL,17_fragrantica_note_vocabulary.csv,No confirmed duplicate expression; retained as its own canonical concept.,False
Marine notes,Marine,SAME_CONCEPT,scent_term_dictionary_v0.3.csv; scent_term_evidence_v0.3.csv (IFRA),Existing HIGH-confidence SAME_CONCEPT decision reused without reinterpretation.,False
Hedione,Hedione,CANONICAL,17_fragrantica_note_vocabulary.csv,No confirmed duplicate expression; retained as its own canonical concept.,False
Bitter Almond,Bitter Almond,CANONICAL,17_fragrantica_note_vocabulary.csv,No confirmed duplicate expression; retained as its own canonical concept.,False
White Woods,White Woods,CANONICAL,17_fragrantica_note_vocabulary.csv,No confirmed duplicate expression; retained as its own canonical concept.,False
Green Mandarin,Green Mandarin,CANONICAL,17_fragrantica_note_vocabulary.csv,No confirmed duplicate expression; retained as its own canonical concept.,False
May Rose,May Rose,CANONICAL,17_fragrantica_note_vocabulary.csv,No confirmed duplicate expression; retained as its own canonical concept.,False
Bamboo,Bamboo,CANONICAL,17_fragrantica_note_vocabulary.csv,No confirmed duplicate expression; retained as its own canonical concept.,False
Sandalowood,Sandalwood,SAME_CONCEPT,Fragrantica internal vocabulary; clear spelling rule,Existing raw labels differ only by a clear spelling form; an existing representative raw label is retained.,False
Cypriol,Cypriol,CANONICAL,17_fragrantica_note_vocabulary.csv,No confirmed duplicate expression; retained as its own canonical concept.,False
Iso E Super,Iso E Super,CANONICAL,17_fragrantica_note_vocabulary.csv,No confirmed duplicate expression; retained as its own canonical concept.,False
Pomelo,Pomelo,CANONICAL,17_fragrantica_note_vocabulary.csv,No confirmed duplicate expression; retained as its own canonical concept.,False
Cherry Blossom,Cherry Blossom,CANONICAL,17_fragrantica_note_vocabulary.csv,No confirmed duplicate expression; retained as its own canonical concept.,False
White Rose,White Rose,CANONICAL,17_fragrantica_note_vocabulary.csv,No confirmed duplicate expression; retained as its own canonical concept.,False
Violet Leaves,Violet Leaves,CANONICAL,17_fragrantica_note_vocabulary.csv,No confirmed duplicate expression; retained as its own canonical concept.,False
Vanilla Absolute,Vanilla Absolute,CANONICAL,17_fragrantica_note_vocabulary.csv,No confirmed duplicate expression; retained as its own canonical concept.,False
Pistachio,Pistachio,CANONICAL,17_fragrantica_note_vocabulary.csv,No confirmed duplicate expression; retained as its own canonical concept.,False
Hibiscus,Hibiscus,CANONICAL,17_fragrantica_note_vocabulary.csv,No confirmed duplicate expression; retained as its own canonical concept.,False
Brown sugar,Brown sugar,CANONICAL,17_fragrantica_note_vocabulary.csv,No confirmed duplicate expression; retained as its own canonical concept.,False
Red Currant,Red Currant,CANONICAL,17_fragrantica_note_vocabulary.csv,No confirmed duplicate expression; retained as its own canonical concept.,False
Wormwood,Wormwood,CANONICAL,17_fragrantica_note_vocabulary.csv,No confirmed duplicate expression; retained as its own canonical concept.,False
Lemon Verbena,Lemon Verbena,CANONICAL,17_fragrantica_note_vocabulary.csv,No confirmed duplicate expression; retained as its own canonical concept.,False
Nectarine,Nectarine,CANONICAL,17_fragrantica_note_vocabulary.csv,No confirmed duplicate expression; retained as its own canonical concept.,False
Cocoa,Cocoa,CANONICAL,17_fragrantica_note_vocabulary.csv,No confirmed duplicate expression; retained as its own canonical concept.,False
Resin,Resin,CANONICAL,17_fragrantica_note_vocabulary.csv,No confirmed duplicate expression; retained as its own canonical concept.,False
Solar Notes,Solar Notes,CANONICAL,17_fragrantica_note_vocabulary.csv,No confirmed duplicate expression; retained as its own canonical concept.,False
Lychee,Lychee,CANONICAL,17_fragrantica_note_vocabulary.csv,No confirmed duplicate expression; retained as its own canonical concept.,False
Dried Fruits,Dried-Fruit,SAME_CONCEPT,scent_term_dictionary_v0.3.csv; scent_term_evidence_v0.3.csv (IFRA),Existing HIGH-confidence SAME_CONCEPT decision reused without reinterpretation.,False
Clementine,Clementine,CANONICAL,17_fragrantica_note_vocabulary.csv,No confirmed duplicate expression; retained as its own canonical concept.,False
Driftwood,Driftwood,CANONICAL,17_fragrantica_note_vocabulary.csv,No confirmed duplicate expression; retained as its own canonical concept.,False
Sichuan Pepper,Sichuan Pepper,CANONICAL,17_fragrantica_note_vocabulary.csv,No confirmed duplicate expression; retained as its own canonical concept.,False
Blueberry,Blueberry,CANONICAL,17_fragrantica_note_vocabulary.csv,No confirmed duplicate expression; retained as its own canonical concept.,False
Indonesian Patchouli Leaf,Indonesian Patchouli Leaf,CANONICAL,17_fragrantica_note_vocabulary.csv,No confirmed duplicate expression; retained as its own canonical concept.,False
Whiskey,Whiskey,CANONICAL,17_fragrantica_note_vocabulary.csv,No confirmed duplicate expression; retained as its own canonical concept.,False
Coconut Milk,Coconut Milk,CANONICAL,17_fragrantica_note_vocabulary.csv,No confirmed duplicate expression; retained as its own canonical concept.,False
Champaca,Champaca,CANONICAL,17_fragrantica_note_vocabulary.csv,No confirmed duplicate expression; retained as its own canonical concept.,False
Peach Blossom,Peach Blossom,CANONICAL,17_fragrantica_note_vocabulary.csv,No confirmed duplicate expression; retained as its own canonical concept.,False
Australian Sandalwood,Australian Sandalwood,CANONICAL,17_fragrantica_note_vocabulary.csv,No confirmed duplicate expression; retained as its own canonical concept.,False
White Pepper,White Pepper,CANONICAL,17_fragrantica_note_vocabulary.csv,No confirmed duplicate expression; retained as its own canonical concept.,False
Animal notes,Animal notes,CANONICAL,17_fragrantica_note_vocabulary.csv,No confirmed duplicate expression; retained as its own canonical concept.,False
Peppermint,Peppermint,NOT_SAME,"v0.3 dictionary/evidence, Stage 20 decisions, or explicit audit exclusion",Mint is broader and existing v0.3 evidence separates Mentha material forms.,False
cannabis,cannabis,CANONICAL,17_fragrantica_note_vocabulary.csv,No confirmed duplicate expression; retained as its own canonical concept.,False
Pine Tree,Pine Tree,CANONICAL,17_fragrantica_note_vocabulary.csv,No confirmed duplicate expression; retained as its own canonical concept.,False
Myrtle,Myrtle,CANONICAL,17_fragrantica_note_vocabulary.csv,No confirmed duplicate expression; retained as its own canonical concept.,False
Vanilla Orchid,Vanilla Orchid,CANONICAL,17_fragrantica_note_vocabulary.csv,No confirmed duplicate expression; retained as its own canonical concept.,False
Butter,Butter,CANONICAL,17_fragrantica_note_vocabulary.csv,No confirmed duplicate expression; retained as its own canonical concept.,False
Teak Wood,Teak Wood,CANONICAL,17_fragrantica_note_vocabulary.csv,No confirmed duplicate expression; retained as its own canonical concept.,False
Aquatic notes,Aquatic notes,CANONICAL,17_fragrantica_note_vocabulary.csv,No confirmed duplicate expression; retained as its own canonical concept.,False
Tobacco Leaf,Tobacco Leaf,CANONICAL,17_fragrantica_note_vocabulary.csv,No confirmed duplicate expression; retained as its own canonical concept.,False
Rose de Mai,Rose de Mai,CANONICAL,17_fragrantica_note_vocabulary.csv,No confirmed duplicate expression; retained as its own canonical concept.,False
Italian Lemon,Italian Lemon,CANONICAL,17_fragrantica_note_vocabulary.csv,No confirmed duplicate expression; retained as its own canonical concept.,False
Myrhh,Myrhh,CANONICAL,17_fragrantica_note_vocabulary.csv,No confirmed duplicate expression; retained as its own canonical concept.,False
Apple Blossom,Apple Blossom,CANONICAL,17_fragrantica_note_vocabulary.csv,No confirmed duplicate expression; retained as its own canonical concept.,False
Guava,Guava,CANONICAL,17_fragrantica_note_vocabulary.csv,No confirmed duplicate expression; retained as its own canonical concept.,False
Earthy Notes,Earthy Notes,CANONICAL,17_fragrantica_note_vocabulary.csv,No confirmed duplicate expression; retained as its own canonical concept.,False
Vanilla Bean,Vanilla Bean,CANONICAL,17_fragrantica_note_vocabulary.csv,No confirmed duplicate expression; retained as its own canonical concept.,False
Oriental notes,Oriental notes,CANONICAL,17_fragrantica_note_vocabulary.csv,No confirmed duplicate expression; retained as its own canonical concept.,False
Cucumber,Cucumber,CANONICAL,17_fragrantica_note_vocabulary.csv,No confirmed duplicate expression; retained as its own canonical concept.,False
White Peach,White Peach,CANONICAL,17_fragrantica_note_vocabulary.csv,No confirmed duplicate expression; retained as its own canonical concept.,False
Grapes,Grapes,CANONICAL,17_fragrantica_note_vocabulary.csv,No confirmed duplicate expression; retained as its own canonical concept.,False
White Tea,White Tea,CANONICAL,17_fragrantica_note_vocabulary.csv,No confirmed duplicate expression; retained as its own canonical concept.,False
Akigalawood,Akigalawood,CANONICAL,17_fragrantica_note_vocabulary.csv,No confirmed duplicate expression; retained as its own canonical concept.,False
Taif Rose,Taif Rose,CANONICAL,17_fragrantica_note_vocabulary.csv,No confirmed duplicate expression; retained as its own canonical concept.,False
Verbena,Verbena,CANONICAL,17_fragrantica_note_vocabulary.csv,No confirmed duplicate expression; retained as its own canonical concept.,False
Cambodian Oud,Cambodian Oud,CANONICAL,17_fragrantica_note_vocabulary.csv,No confirmed duplicate expression; retained as its own canonical concept.,False
Palo Santo,Palo Santo,CANONICAL,17_fragrantica_note_vocabulary.csv,No confirmed duplicate expression; retained as its own canonical concept.,False
Mineral notes,Mineral notes,CANONICAL,17_fragrantica_note_vocabulary.csv,No confirmed duplicate expression; retained as its own canonical concept.,False
Sandal,Sandal,CANONICAL,17_fragrantica_note_vocabulary.csv,No confirmed duplicate expression; retained as its own canonical concept.,False
Rose Petals,Rose Petals,CANONICAL,17_fragrantica_note_vocabulary.csv,No confirmed duplicate expression; retained as its own canonical concept.,False
Mahogany,Mahogany,CANONICAL,17_fragrantica_note_vocabulary.csv,No confirmed duplicate expression; retained as its own canonical concept.,False
Gurjan balsam,Gurjan balsam,CANONICAL,17_fragrantica_note_vocabulary.csv,No confirmed duplicate expression; retained as its own canonical concept.,False
Carrot Seeds,Carrot Seeds,CANONICAL,17_fragrantica_note_vocabulary.csv,No confirmed duplicate expression; retained as its own canonical concept.,False
Elemi resin,Elemi resin,CANONICAL,17_fragrantica_note_vocabulary.csv,No confirmed duplicate expression; retained as its own canonical concept.,False
Siam Benzoin,Siam Benzoin,CANONICAL,17_fragrantica_note_vocabulary.csv,No confirmed duplicate expression; retained as its own canonical concept.,False
Ivy,Ivy,CANONICAL,17_fragrantica_note_vocabulary.csv,No confirmed duplicate expression; retained as its own canonical concept.,False
Balsamic Notes,Balsamic Notes,CANONICAL,17_fragrantica_note_vocabulary.csv,No confirmed duplicate expression; retained as its own canonical concept.,False
Dry Wood,Dry Wood,CANONICAL,17_fragrantica_note_vocabulary.csv,No confirmed duplicate expression; retained as its own canonical concept.,False
Sicilian Bergamot,Sicilian Bergamot,CANONICAL,17_fragrantica_note_vocabulary.csv,No confirmed duplicate expression; retained as its own canonical concept.,False
French labdanum,French labdanum,CANONICAL,17_fragrantica_note_vocabulary.csv,No confirmed duplicate expression; retained as its own canonical concept.,False
Pimento,Pimento,CANONICAL,17_fragrantica_note_vocabulary.csv,No confirmed duplicate expression; retained as its own canonical concept.,False
Champagne,Champagne,CANONICAL,17_fragrantica_note_vocabulary.csv,No confirmed duplicate expression; retained as its own canonical concept.,False
Vetyver,Vetyver,CANONICAL,17_fragrantica_note_vocabulary.csv,No confirmed duplicate expression; retained as its own canonical concept.,False
Wild Berries,Wild Berries,CANONICAL,17_fragrantica_note_vocabulary.csv,No confirmed duplicate expression; retained as its own canonical concept.,False
Metallic notes,Metallic notes,CANONICAL,17_fragrantica_note_vocabulary.csv,No confirmed duplicate expression; retained as its own canonical concept.,False
Lemongrass,Lemongrass,CANONICAL,17_fragrantica_note_vocabulary.csv,No confirmed duplicate expression; retained as its own canonical concept.,False
Dates,Dates,CANONICAL,17_fragrantica_note_vocabulary.csv,No confirmed duplicate expression; retained as its own canonical concept.,False
Cacao Pod,Cacao Pod,CANONICAL,17_fragrantica_note_vocabulary.csv,No confirmed duplicate expression; retained as its own canonical concept.,False
White Cedar Extract,White Cedar Extract,CANONICAL,17_fragrantica_note_vocabulary.csv,No confirmed duplicate expression; retained as its own canonical concept.,False
Vanila,Vanila,CANONICAL,17_fragrantica_note_vocabulary.csv,No confirmed duplicate expression; retained as its own canonical concept.,False
Moroccan Rose,Moroccan Rose,CANONICAL,17_fragrantica_note_vocabulary.csv,No confirmed duplicate expression; retained as its own canonical concept.,False
Toffee,Toffee,CANONICAL,17_fragrantica_note_vocabulary.csv,No confirmed duplicate expression; retained as its own canonical concept.,False
Kiwi,Kiwi,CANONICAL,17_fragrantica_note_vocabulary.csv,No confirmed duplicate expression; retained as its own canonical concept.,False
Rice,Rice,CANONICAL,17_fragrantica_note_vocabulary.csv,No confirmed duplicate expression; retained as its own canonical concept.,False
Indian Jasmine,Indian Jasmine,CANONICAL,17_fragrantica_note_vocabulary.csv,No confirmed duplicate expression; retained as its own canonical concept.,False
Indian Oud,Indian Oud,CANONICAL,17_fragrantica_note_vocabulary.csv,No confirmed duplicate expression; retained as its own canonical concept.,False
Tropical Fruits,Tropical Fruit,SAME_CONCEPT,Fragrantica internal vocabulary; clear singular/plural rule,Existing raw labels differ only by a clear singular/plural form; an existing representative raw label is retained.,False
Hawthorn,Hawthorn,CANONICAL,17_fragrantica_note_vocabulary.csv,No confirmed duplicate expression; retained as its own canonical concept.,False
White Chocolate,White Chocolate,CANONICAL,17_fragrantica_note_vocabulary.csv,No confirmed duplicate expression; retained as its own canonical concept.,False
Big Strawberry,Big Strawberry,CANONICAL,17_fragrantica_note_vocabulary.csv,No confirmed duplicate expression; retained as its own canonical concept.,False
Aromatic Notes,Aromatic Notes,CANONICAL,17_fragrantica_note_vocabulary.csv,No confirmed duplicate expression; retained as its own canonical concept.,False
Cassia,Cassia,CANONICAL,17_fragrantica_note_vocabulary.csv,No confirmed duplicate expression; retained as its own canonical concept.,False
Cranberry,Cranberry,CANONICAL,17_fragrantica_note_vocabulary.csv,No confirmed duplicate expression; retained as its own canonical concept.,False
Fennel,Fennel,CANONICAL,17_fragrantica_note_vocabulary.csv,No confirmed duplicate expression; retained as its own canonical concept.,False
Green Accord,Green Accord,CANONICAL,17_fragrantica_note_vocabulary.csv,No confirmed duplicate expression; retained as its own canonical concept.,False
Italian Mandarin,Italian Mandarin,CANONICAL,17_fragrantica_note_vocabulary.csv,No confirmed duplicate expression; retained as its own canonical concept.,False
Virginian Cedar,Virginian Cedar,REVIEW,Candidate rule; existing project evidence insufficient,Virginia/Virginian wording is plausible but existing evidence does not confirm identity.,True
Quince,Quince,CANONICAL,17_fragrantica_note_vocabulary.csv,No confirmed duplicate expression; retained as its own canonical concept.,False
Birch Tar,Birch Tar,CANONICAL,17_fragrantica_note_vocabulary.csv,No confirmed duplicate expression; retained as its own canonical concept.,False
Banana,Banana,CANONICAL,17_fragrantica_note_vocabulary.csv,No confirmed duplicate expression; retained as its own canonical concept.,False
Cotton Flower,Cotton Flower,CANONICAL,17_fragrantica_note_vocabulary.csv,No confirmed duplicate expression; retained as its own canonical concept.,False
Lime (Linden) Blossom,Lime (Linden) Blossom,CANONICAL,17_fragrantica_note_vocabulary.csv,No confirmed duplicate expression; retained as its own canonical concept.,False
Mastic or Lentisque,Mastic or Lentisque,CANONICAL,17_fragrantica_note_vocabulary.csv,No confirmed duplicate expression; retained as its own canonical concept.,False
Sugar Cane,Sugar Cane,CANONICAL,17_fragrantica_note_vocabulary.csv,No confirmed duplicate expression; retained as its own canonical concept.,False
Mysore Sandalwood,Mysore Sandalwood,CANONICAL,17_fragrantica_note_vocabulary.csv,No confirmed duplicate expression; retained as its own canonical concept.,False
Lemon Zest,Lemon Zest,CANONICAL,17_fragrantica_note_vocabulary.csv,No confirmed duplicate expression; retained as its own canonical concept.,False
Carrot,Carrot,CANONICAL,17_fragrantica_note_vocabulary.csv,No confirmed duplicate expression; retained as its own canonical concept.,False
White Wood,White Wood,REVIEW,Candidate rule; existing project evidence insufficient,"White Wood/White Woods may be grammatical variants, but existing evidence is unresolved.",True
juniper berry,Juniper Berries,SAME_CONCEPT,Fragrantica internal vocabulary; clear singular/plural rule,Existing raw labels differ only by a clear singular/plural form; an existing representative raw label is retained.,False
Chestnut,Chestnut,CANONICAL,17_fragrantica_note_vocabulary.csv,No confirmed duplicate expression; retained as its own canonical concept.,False
Kumquat,Kumquat,CANONICAL,17_fragrantica_note_vocabulary.csv,No confirmed duplicate expression; retained as its own canonical concept.,False
Sand,Sand,CANONICAL,17_fragrantica_note_vocabulary.csv,No confirmed duplicate expression; retained as its own canonical concept.,False
Fern,Fern,CANONICAL,17_fragrantica_note_vocabulary.csv,No confirmed duplicate expression; retained as its own canonical concept.,False
Natural Musk,Natural Musk,CANONICAL,17_fragrantica_note_vocabulary.csv,No confirmed duplicate expression; retained as its own canonical concept.,False
Tomato Leaf,Tomato Leaf,CANONICAL,17_fragrantica_note_vocabulary.csv,No confirmed duplicate expression; retained as its own canonical concept.,False
Calone,Calone,CANONICAL,17_fragrantica_note_vocabulary.csv,No confirmed duplicate expression; retained as its own canonical concept.,False
Pine needles,Pine needles,NOT_SAME,"v0.3 dictionary/evidence, Stage 20 decisions, or explicit audit exclusion",Pine and Pine Needle material are not automatically identical concepts.,False
Granny Smith apple,Granny Smith apple,CANONICAL,17_fragrantica_note_vocabulary.csv,No confirmed duplicate expression; retained as its own canonical concept.,False
Almond Blossom,Almond Blossom,CANONICAL,17_fragrantica_note_vocabulary.csv,No confirmed duplicate expression; retained as its own canonical concept.,False
White Honey,White Honey,CANONICAL,17_fragrantica_note_vocabulary.csv,No confirmed duplicate expression; retained as its own canonical concept.,False
Sweet Pea,Sweet Pea,CANONICAL,17_fragrantica_note_vocabulary.csv,No confirmed duplicate expression; retained as its own canonical concept.,False
Rose Oil,Rose Oil,CANONICAL,17_fragrantica_note_vocabulary.csv,No confirmed duplicate expression; retained as its own canonical concept.,False
Passion Flower,Passion Flower,CANONICAL,17_fragrantica_note_vocabulary.csv,No confirmed duplicate expression; retained as its own canonical concept.,False
Wisteria,Wisteria,CANONICAL,17_fragrantica_note_vocabulary.csv,No confirmed duplicate expression; retained as its own canonical concept.,False
Tahitian Vanilla,Tahitian Vanilla,CANONICAL,17_fragrantica_note_vocabulary.csv,No confirmed duplicate expression; retained as its own canonical concept.,False
Red Rose,Red Rose,CANONICAL,17_fragrantica_note_vocabulary.csv,No confirmed duplicate expression; retained as its own canonical concept.,False
Red Wine,Red Wine,CANONICAL,17_fragrantica_note_vocabulary.csv,No confirmed duplicate expression; retained as its own canonical concept.,False
Papaya,Papaya,CANONICAL,17_fragrantica_note_vocabulary.csv,No confirmed duplicate expression; retained as its own canonical concept.,False
Sour Cherry,Sour Cherry,CANONICAL,17_fragrantica_note_vocabulary.csv,No confirmed duplicate expression; retained as its own canonical concept.,False
Soil Tincture,Soil Tincture,CANONICAL,17_fragrantica_note_vocabulary.csv,No confirmed duplicate expression; retained as its own canonical concept.,False
Liquor,Liquor,CANONICAL,17_fragrantica_note_vocabulary.csv,No confirmed duplicate expression; retained as its own canonical concept.,False
Wildflowers,Wildflowers,CANONICAL,17_fragrantica_note_vocabulary.csv,No confirmed duplicate expression; retained as its own canonical concept.,False
Rose Water,Rose Water,CANONICAL,17_fragrantica_note_vocabulary.csv,No confirmed duplicate expression; retained as its own canonical concept.,False
Black Cherry,Black Cherry,CANONICAL,17_fragrantica_note_vocabulary.csv,No confirmed duplicate expression; retained as its own canonical concept.,False
Cashmere Musk,Cashmere Musk,CANONICAL,17_fragrantica_note_vocabulary.csv,No confirmed duplicate expression; retained as its own canonical concept.,False
Coconut Water,Coconut Water,CANONICAL,17_fragrantica_note_vocabulary.csv,No confirmed duplicate expression; retained as its own canonical concept.,False
Wild Strawberry,Wild Strawberry,CANONICAL,17_fragrantica_note_vocabulary.csv,No confirmed duplicate expression; retained as its own canonical concept.,False
Oily Notes,Oily Notes,CANONICAL,17_fragrantica_note_vocabulary.csv,No confirmed duplicate expression; retained as its own canonical concept.,False
Absinthe,Absinthe,CANONICAL,17_fragrantica_note_vocabulary.csv,No confirmed duplicate expression; retained as its own canonical concept.,False
Ice cream,Ice cream,CANONICAL,17_fragrantica_note_vocabulary.csv,No confirmed duplicate expression; retained as its own canonical concept.,False
Skin,Skin,CANONICAL,17_fragrantica_note_vocabulary.csv,No confirmed duplicate expression; retained as its own canonical concept.,False
Custard,Custard,CANONICAL,17_fragrantica_note_vocabulary.csv,No confirmed duplicate expression; retained as its own canonical concept.,False
Oregano,Oregano,CANONICAL,17_fragrantica_note_vocabulary.csv,No confirmed duplicate expression; retained as its own canonical concept.,False
Ice,Ice,CANONICAL,17_fragrantica_note_vocabulary.csv,No confirmed duplicate expression; retained as its own canonical concept.,False
Black Amber,Black Amber,CANONICAL,17_fragrantica_note_vocabulary.csv,No confirmed duplicate expression; retained as its own canonical concept.,False
Pink Peony,Pink Peony,CANONICAL,17_fragrantica_note_vocabulary.csv,No confirmed duplicate expression; retained as its own canonical concept.,False
Gourmand Accord,Gourmand Accord,CANONICAL,17_fragrantica_note_vocabulary.csv,No confirmed duplicate expression; retained as its own canonical concept.,False
Tunisian Neroli,Tunisian Neroli,CANONICAL,17_fragrantica_note_vocabulary.csv,No confirmed duplicate expression; retained as its own canonical concept.,False
White Lily,White Lily,CANONICAL,17_fragrantica_note_vocabulary.csv,No confirmed duplicate expression; retained as its own canonical concept.,False
Cade oil,Cade oil,CANONICAL,17_fragrantica_note_vocabulary.csv,No confirmed duplicate expression; retained as its own canonical concept.,False
Blonde Woods,Blonde Woods,CANONICAL,17_fragrantica_note_vocabulary.csv,No confirmed duplicate expression; retained as its own canonical concept.,False
Lemon Blossom,Lemon Blossom,CANONICAL,17_fragrantica_note_vocabulary.csv,No confirmed duplicate expression; retained as its own canonical concept.,False
Sicilian Orange,Sicilian Orange,CANONICAL,17_fragrantica_note_vocabulary.csv,No confirmed duplicate expression; retained as its own canonical concept.,False
Clover,Clover,CANONICAL,17_fragrantica_note_vocabulary.csv,No confirmed duplicate expression; retained as its own canonical concept.,False
Broom,Broom,CANONICAL,17_fragrantica_note_vocabulary.csv,No confirmed duplicate expression; retained as its own canonical concept.,False
Green Grass,Green Grass,CANONICAL,17_fragrantica_note_vocabulary.csv,No confirmed duplicate expression; retained as its own canonical concept.,False
Fir Resin,Fir Resin,CANONICAL,17_fragrantica_note_vocabulary.csv,No confirmed duplicate expression; retained as its own canonical concept.,False
Texas Cedar,Texas Cedar,CANONICAL,17_fragrantica_note_vocabulary.csv,No confirmed duplicate expression; retained as its own canonical concept.,False
Gin,Gin,CANONICAL,17_fragrantica_note_vocabulary.csv,No confirmed duplicate expression; retained as its own canonical concept.,False
Ceylon Cinnamon,Ceylon Cinnamon,CANONICAL,17_fragrantica_note_vocabulary.csv,No confirmed duplicate expression; retained as its own canonical concept.,False
Wild Rose,Wild Rose,CANONICAL,17_fragrantica_note_vocabulary.csv,No confirmed duplicate expression; retained as its own canonical concept.,False
Laotian Oud,Laotian Oud,CANONICAL,17_fragrantica_note_vocabulary.csv,No confirmed duplicate expression; retained as its own canonical concept.,False
Exotic Fruits,Exotic Fruits,CANONICAL,17_fragrantica_note_vocabulary.csv,No confirmed duplicate expression; retained as its own canonical concept.,False
Thailand Oud,Thailand Oud,CANONICAL,17_fragrantica_note_vocabulary.csv,No confirmed duplicate expression; retained as its own canonical concept.,False
Hinoki Wood,Hinoki Wood,CANONICAL,17_fragrantica_note_vocabulary.csv,No confirmed duplicate expression; retained as its own canonical concept.,False
Dew Drop,Dew Drop,CANONICAL,17_fragrantica_note_vocabulary.csv,No confirmed duplicate expression; retained as its own canonical concept.,False
Tincture of Rose,Tincture of Rose,CANONICAL,17_fragrantica_note_vocabulary.csv,No confirmed duplicate expression; retained as its own canonical concept.,False
Black Musk,Black Musk,CANONICAL,17_fragrantica_note_vocabulary.csv,No confirmed duplicate expression; retained as its own canonical concept.,False
Sicilian Mandarin,Sicilian Mandarin,CANONICAL,17_fragrantica_note_vocabulary.csv,No confirmed duplicate expression; retained as its own canonical concept.,False
Turmeric,Turmeric,CANONICAL,17_fragrantica_note_vocabulary.csv,No confirmed duplicate expression; retained as its own canonical concept.,False
Almond Milk,Almond Milk,CANONICAL,17_fragrantica_note_vocabulary.csv,No confirmed duplicate expression; retained as its own canonical concept.,False
Laurels,Laurels,CANONICAL,17_fragrantica_note_vocabulary.csv,No confirmed duplicate expression; retained as its own canonical concept.,False
Guatemalan Cardamom,Guatemalan Cardamom,CANONICAL,17_fragrantica_note_vocabulary.csv,No confirmed duplicate expression; retained as its own canonical concept.,False
Tulip,Tulip,CANONICAL,17_fragrantica_note_vocabulary.csv,No confirmed duplicate expression; retained as its own canonical concept.,False
Yellow Mandarin,Yellow Mandarin,CANONICAL,17_fragrantica_note_vocabulary.csv,No confirmed duplicate expression; retained as its own canonical concept.,False
Ebony,Ebony,CANONICAL,17_fragrantica_note_vocabulary.csv,No confirmed duplicate expression; retained as its own canonical concept.,False
Iris Flower,Iris Flower,CANONICAL,17_fragrantica_note_vocabulary.csv,No confirmed duplicate expression; retained as its own canonical concept.,False
Velvet,Velvet,CANONICAL,17_fragrantica_note_vocabulary.csv,No confirmed duplicate expression; retained as its own canonical concept.,False
Blue Lotus,Blue Lotus,CANONICAL,17_fragrantica_note_vocabulary.csv,No confirmed duplicate expression; retained as its own canonical concept.,False
Indian Tuberose,Indian Tuberose,CANONICAL,17_fragrantica_note_vocabulary.csv,No confirmed duplicate expression; retained as its own canonical concept.,False
Black currant leaf,Black currant leaf,CANONICAL,17_fragrantica_note_vocabulary.csv,No confirmed duplicate expression; retained as its own canonical concept.,False
Camphor,Camphor,CANONICAL,17_fragrantica_note_vocabulary.csv,No confirmed duplicate expression; retained as its own canonical concept.,False
Tea Rose,Tea Rose,CANONICAL,17_fragrantica_note_vocabulary.csv,No confirmed duplicate expression; retained as its own canonical concept.,False
Truffle,Truffle,CANONICAL,17_fragrantica_note_vocabulary.csv,No confirmed duplicate expression; retained as its own canonical concept.,False
Acácia,Acácia,CANONICAL,17_fragrantica_note_vocabulary.csv,No confirmed duplicate expression; retained as its own canonical concept.,False
Pear Blossom,Pear Blossom,CANONICAL,17_fragrantica_note_vocabulary.csv,No confirmed duplicate expression; retained as its own canonical concept.,False
Tobacco Blossom,Tobacco Blossom,CANONICAL,17_fragrantica_note_vocabulary.csv,No confirmed duplicate expression; retained as its own canonical concept.,False
Costus,Costus,CANONICAL,17_fragrantica_note_vocabulary.csv,No confirmed duplicate expression; retained as its own canonical concept.,False
Sorbet,Sorbet,CANONICAL,17_fragrantica_note_vocabulary.csv,No confirmed duplicate expression; retained as its own canonical concept.,False
Cream,Cream,CANONICAL,17_fragrantica_note_vocabulary.csv,No confirmed duplicate expression; retained as its own canonical concept.,False
Rose Geranium,Rose Geranium,CANONICAL,17_fragrantica_note_vocabulary.csv,No confirmed duplicate expression; retained as its own canonical concept.,False
Hinoki,Hinoki,CANONICAL,17_fragrantica_note_vocabulary.csv,No confirmed duplicate expression; retained as its own canonical concept.,False
Carambola (Star Fruit),Carambola (Star Fruit),CANONICAL,17_fragrantica_note_vocabulary.csv,No confirmed duplicate expression; retained as its own canonical concept.,False
Olive,Olive,CANONICAL,17_fragrantica_note_vocabulary.csv,No confirmed duplicate expression; retained as its own canonical concept.,False
Sesame,Sesame,CANONICAL,17_fragrantica_note_vocabulary.csv,No confirmed duplicate expression; retained as its own canonical concept.,False
Allspice,Allspice,CANONICAL,17_fragrantica_note_vocabulary.csv,No confirmed duplicate expression; retained as its own canonical concept.,False
Plum Blossom,Plum Blossom,CANONICAL,17_fragrantica_note_vocabulary.csv,No confirmed duplicate expression; retained as its own canonical concept.,False
Nagarmotha,Nagarmotha,CANONICAL,17_fragrantica_note_vocabulary.csv,No confirmed duplicate expression; retained as its own canonical concept.,False
White Sandalwood,White Sandalwood,CANONICAL,17_fragrantica_note_vocabulary.csv,No confirmed duplicate expression; retained as its own canonical concept.,False
Brazilian Orange,Brazilian Orange,CANONICAL,17_fragrantica_note_vocabulary.csv,No confirmed duplicate expression; retained as its own canonical concept.,False
Orange Peel,Orange Peel,CANONICAL,17_fragrantica_note_vocabulary.csv,No confirmed duplicate expression; retained as its own canonical concept.,False
Mountain Air,Mountain Air,CANONICAL,17_fragrantica_note_vocabulary.csv,No confirmed duplicate expression; retained as its own canonical concept.,False
Bourbon Geranium,Bourbon Geranium,CANONICAL,17_fragrantica_note_vocabulary.csv,No confirmed duplicate expression; retained as its own canonical concept.,False
Hiacynth,Hiacynth,CANONICAL,17_fragrantica_note_vocabulary.csv,No confirmed duplicate expression; retained as its own canonical concept.,False
Gaiac Wood,Gaiac Wood,REVIEW,Candidate rule; existing project evidence insufficient,"Gaiac/Guaiac may be a spelling or language variant, but existing project evidence does not explicitly confirm alias identity.",True
Brandy,Brandy,CANONICAL,17_fragrantica_note_vocabulary.csv,No confirmed duplicate expression; retained as its own canonical concept.,False
Grasse Rose,Grasse Rose,CANONICAL,17_fragrantica_note_vocabulary.csv,No confirmed duplicate expression; retained as its own canonical concept.,False
Matcha Tea,Matcha Tea,CANONICAL,17_fragrantica_note_vocabulary.csv,No confirmed duplicate expression; retained as its own canonical concept.,False
Blood Mandarin,Blood Mandarin,CANONICAL,17_fragrantica_note_vocabulary.csv,No confirmed duplicate expression; retained as its own canonical concept.,False
Ginger flower,Ginger flower,CANONICAL,17_fragrantica_note_vocabulary.csv,No confirmed duplicate expression; retained as its own canonical concept.,False
Rain Notes,Rain Notes,CANONICAL,17_fragrantica_note_vocabulary.csv,No confirmed duplicate expression; retained as its own canonical concept.,False
Walnut,Walnut,CANONICAL,17_fragrantica_note_vocabulary.csv,No confirmed duplicate expression; retained as its own canonical concept.,False
Java vetiver oil,Java vetiver oil,CANONICAL,17_fragrantica_note_vocabulary.csv,No confirmed duplicate expression; retained as its own canonical concept.,False
Aloe Vera,Aloe Vera,CANONICAL,17_fragrantica_note_vocabulary.csv,No confirmed duplicate expression; retained as its own canonical concept.,False
Moroccan Jasmine,Moroccan Jasmine,CANONICAL,17_fragrantica_note_vocabulary.csv,No confirmed duplicate expression; retained as its own canonical concept.,False
Night Blooming Jasmine,Night Blooming Jasmine,CANONICAL,17_fragrantica_note_vocabulary.csv,No confirmed duplicate expression; retained as its own canonical concept.,False
Chili Pepper,Chili Pepper,CANONICAL,17_fragrantica_note_vocabulary.csv,No confirmed duplicate expression; retained as its own canonical concept.,False
Litsea Cubeba,Litsea Cubeba,CANONICAL,17_fragrantica_note_vocabulary.csv,No confirmed duplicate expression; retained as its own canonical concept.,False
Water Jasmine,Water Jasmine,CANONICAL,17_fragrantica_note_vocabulary.csv,No confirmed duplicate expression; retained as its own canonical concept.,False
Linden Blossom,Linden Blossom,CANONICAL,17_fragrantica_note_vocabulary.csv,No confirmed duplicate expression; retained as its own canonical concept.,False
Cupcake,Cupcake,CANONICAL,17_fragrantica_note_vocabulary.csv,No confirmed duplicate expression; retained as its own canonical concept.,False
Poppy,Poppy,CANONICAL,17_fragrantica_note_vocabulary.csv,No confirmed duplicate expression; retained as its own canonical concept.,False
Black Rose,Black Rose,CANONICAL,17_fragrantica_note_vocabulary.csv,No confirmed duplicate expression; retained as its own canonical concept.,False
Exotic Woods,Exotic Woods,CANONICAL,17_fragrantica_note_vocabulary.csv,No confirmed duplicate expression; retained as its own canonical concept.,False
Vanilla Flower,Vanilla Flower,CANONICAL,17_fragrantica_note_vocabulary.csv,No confirmed duplicate expression; retained as its own canonical concept.,False
Cardamon,Cardamon,CANONICAL,17_fragrantica_note_vocabulary.csv,No confirmed duplicate expression; retained as its own canonical concept.,False
Fig Tree,Fig Tree,CANONICAL,17_fragrantica_note_vocabulary.csv,No confirmed duplicate expression; retained as its own canonical concept.,False
Exotic floral notes,Exotic floral notes,CANONICAL,17_fragrantica_note_vocabulary.csv,No confirmed duplicate expression; retained as its own canonical concept.,False
Red Pepper,Red Pepper,CANONICAL,17_fragrantica_note_vocabulary.csv,No confirmed duplicate expression; retained as its own canonical concept.,False
Biscuit,Biscuit,CANONICAL,17_fragrantica_note_vocabulary.csv,No confirmed duplicate expression; retained as its own canonical concept.,False
Spun Sugar,Spun Sugar,CANONICAL,17_fragrantica_note_vocabulary.csv,No confirmed duplicate expression; retained as its own canonical concept.,False
Nard Himalayan (Jatamansi),Nard Himalayan (Jatamansi),CANONICAL,17_fragrantica_note_vocabulary.csv,No confirmed duplicate expression; retained as its own canonical concept.,False
Tunisian Orange Blossom,Tunisian Orange Blossom,CANONICAL,17_fragrantica_note_vocabulary.csv,No confirmed duplicate expression; retained as its own canonical concept.,False
Tuscan Iris,Tuscan Iris,CANONICAL,17_fragrantica_note_vocabulary.csv,No confirmed duplicate expression; retained as its own canonical concept.,False
Ink,Ink,CANONICAL,17_fragrantica_note_vocabulary.csv,No confirmed duplicate expression; retained as its own canonical concept.,False
Maple,Maple,CANONICAL,17_fragrantica_note_vocabulary.csv,No confirmed duplicate expression; retained as its own canonical concept.,False
Spearmint,Spearmint,CANONICAL,17_fragrantica_note_vocabulary.csv,No confirmed duplicate expression; retained as its own canonical concept.,False
Pumpkin,Pumpkin,CANONICAL,17_fragrantica_note_vocabulary.csv,No confirmed duplicate expression; retained as its own canonical concept.,False
Wheat,Wheat,CANONICAL,17_fragrantica_note_vocabulary.csv,No confirmed duplicate expression; retained as its own canonical concept.,False
Copaiba balm,Copaiba balm,CANONICAL,17_fragrantica_note_vocabulary.csv,No confirmed duplicate expression; retained as its own canonical concept.,False
Lemon Peel,Lemon Peel,CANONICAL,17_fragrantica_note_vocabulary.csv,No confirmed duplicate expression; retained as its own canonical concept.,False
Palmarosa,Palmarosa,CANONICAL,17_fragrantica_note_vocabulary.csv,No confirmed duplicate expression; retained as its own canonical concept.,False
Cake,Cake,CANONICAL,17_fragrantica_note_vocabulary.csv,No confirmed duplicate expression; retained as its own canonical concept.,False
Marjoram,Marjoram,CANONICAL,17_fragrantica_note_vocabulary.csv,No confirmed duplicate expression; retained as its own canonical concept.,False
Black Orchid,Black Orchid,CANONICAL,17_fragrantica_note_vocabulary.csv,No confirmed duplicate expression; retained as its own canonical concept.,False
Black Vanilla Husk,Black Vanilla Husk,CANONICAL,17_fragrantica_note_vocabulary.csv,No confirmed duplicate expression; retained as its own canonical concept.,False
Spanish Labdanum,Spanish Labdanum,CANONICAL,17_fragrantica_note_vocabulary.csv,No confirmed duplicate expression; retained as its own canonical concept.,False
AmbrofixTM,AmbrofixTM,CANONICAL,17_fragrantica_note_vocabulary.csv,No confirmed duplicate expression; retained as its own canonical concept.,False
Cistus Incanus,Cistus Incanus,CANONICAL,17_fragrantica_note_vocabulary.csv,No confirmed duplicate expression; retained as its own canonical concept.,False
Hyrax,Hyrax,CANONICAL,17_fragrantica_note_vocabulary.csv,No confirmed duplicate expression; retained as its own canonical concept.,False
Olive Tree,Olive Tree,CANONICAL,17_fragrantica_note_vocabulary.csv,No confirmed duplicate expression; retained as its own canonical concept.,False
Shiso,Shiso,CANONICAL,17_fragrantica_note_vocabulary.csv,No confirmed duplicate expression; retained as its own canonical concept.,False
White Grapefruit,White Grapefruit,CANONICAL,17_fragrantica_note_vocabulary.csv,No confirmed duplicate expression; retained as its own canonical concept.,False
Bark,Bark,CANONICAL,17_fragrantica_note_vocabulary.csv,No confirmed duplicate expression; retained as its own canonical concept.,False
Syrup,Syrup,CANONICAL,17_fragrantica_note_vocabulary.csv,No confirmed duplicate expression; retained as its own canonical concept.,False
Ambrox Super,Ambrox Super,CANONICAL,17_fragrantica_note_vocabulary.csv,No confirmed duplicate expression; retained as its own canonical concept.,False
Lemon Leaf,Lemon Leaf,CANONICAL,17_fragrantica_note_vocabulary.csv,No confirmed duplicate expression; retained as its own canonical concept.,False
Ambrettolide,Ambrettolide,CANONICAL,17_fragrantica_note_vocabulary.csv,No confirmed duplicate expression; retained as its own canonical concept.,False
Crystal Amber,Crystal Amber,CANONICAL,17_fragrantica_note_vocabulary.csv,No confirmed duplicate expression; retained as its own canonical concept.,False
Rose Hip,Rose Hip,CANONICAL,17_fragrantica_note_vocabulary.csv,No confirmed duplicate expression; retained as its own canonical concept.,False
White Tobacco,White Tobacco,CANONICAL,17_fragrantica_note_vocabulary.csv,No confirmed duplicate expression; retained as its own canonical concept.,False
Mexican chocolate,Mexican chocolate,CANONICAL,17_fragrantica_note_vocabulary.csv,No confirmed duplicate expression; retained as its own canonical concept.,False
Calamus,Calamus,CANONICAL,17_fragrantica_note_vocabulary.csv,No confirmed duplicate expression; retained as its own canonical concept.,False
Mushroom,Mushroom,CANONICAL,17_fragrantica_note_vocabulary.csv,No confirmed duplicate expression; retained as its own canonical concept.,False
Cedar Needles,Cedar Needles,CANONICAL,17_fragrantica_note_vocabulary.csv,No confirmed duplicate expression; retained as its own canonical concept.,False
Datura,Datura,CANONICAL,17_fragrantica_note_vocabulary.csv,No confirmed duplicate expression; retained as its own canonical concept.,False
Bourbon Vetiver,Bourbon Vetiver,CANONICAL,17_fragrantica_note_vocabulary.csv,No confirmed duplicate expression; retained as its own canonical concept.,False
Berries,Berries,CANONICAL,17_fragrantica_note_vocabulary.csv,No confirmed duplicate expression; retained as its own canonical concept.,False
Green Bell Pepper,Green Bell Pepper,CANONICAL,17_fragrantica_note_vocabulary.csv,No confirmed duplicate expression; retained as its own canonical concept.,False
Jasmine Tea,Jasmine Tea,CANONICAL,17_fragrantica_note_vocabulary.csv,No confirmed duplicate expression; retained as its own canonical concept.,False
Rock rose,Rock rose,CANONICAL,17_fragrantica_note_vocabulary.csv,No confirmed duplicate expression; retained as its own canonical concept.,False
White Oud,White Oud,CANONICAL,17_fragrantica_note_vocabulary.csv,No confirmed duplicate expression; retained as its own canonical concept.,False
Indian Patchouli,Indian Patchouli,CANONICAL,17_fragrantica_note_vocabulary.csv,No confirmed duplicate expression; retained as its own canonical concept.,False
Patchouli Leaf,Patchouli Leaf,CANONICAL,17_fragrantica_note_vocabulary.csv,No confirmed duplicate expression; retained as its own canonical concept.,False
Pitahaya,Pitahaya,CANONICAL,17_fragrantica_note_vocabulary.csv,No confirmed duplicate expression; retained as its own canonical concept.,False
Bubble Gum,Bubble Gum,CANONICAL,17_fragrantica_note_vocabulary.csv,No confirmed duplicate expression; retained as its own canonical concept.,False
Birch Leaf,Birch Leaf,CANONICAL,17_fragrantica_note_vocabulary.csv,No confirmed duplicate expression; retained as its own canonical concept.,False
Camellia,Camellia,CANONICAL,17_fragrantica_note_vocabulary.csv,No confirmed duplicate expression; retained as its own canonical concept.,False
Amaretto,Amaretto,CANONICAL,17_fragrantica_note_vocabulary.csv,No confirmed duplicate expression; retained as its own canonical concept.,False
Himalayan Cedar,Himalayan Cedar,CANONICAL,17_fragrantica_note_vocabulary.csv,No confirmed duplicate expression; retained as its own canonical concept.,False
Paprika,Paprika,CANONICAL,17_fragrantica_note_vocabulary.csv,No confirmed duplicate expression; retained as its own canonical concept.,False
Ebony Wood,Ebony Wood,CANONICAL,17_fragrantica_note_vocabulary.csv,No confirmed duplicate expression; retained as its own canonical concept.,False
Bellflower,Bellflower,CANONICAL,17_fragrantica_note_vocabulary.csv,No confirmed duplicate expression; retained as its own canonical concept.,False
Star Jasmine,Star Jasmine,CANONICAL,17_fragrantica_note_vocabulary.csv,No confirmed duplicate expression; retained as its own canonical concept.,False
Timur,Timur,CANONICAL,17_fragrantica_note_vocabulary.csv,No confirmed duplicate expression; retained as its own canonical concept.,False
Copal,Copal,CANONICAL,17_fragrantica_note_vocabulary.csv,No confirmed duplicate expression; retained as its own canonical concept.,False
Daisy,Daisy,CANONICAL,17_fragrantica_note_vocabulary.csv,No confirmed duplicate expression; retained as its own canonical concept.,False
Spruce,Spruce,CANONICAL,17_fragrantica_note_vocabulary.csv,No confirmed duplicate expression; retained as its own canonical concept.,False
Black Elder,Black Elder,CANONICAL,17_fragrantica_note_vocabulary.csv,No confirmed duplicate expression; retained as its own canonical concept.,False
Chinese Osmanthus,Chinese Osmanthus,CANONICAL,17_fragrantica_note_vocabulary.csv,No confirmed duplicate expression; retained as its own canonical concept.,False
Mandarin Blossom,Mandarin Blossom,CANONICAL,17_fragrantica_note_vocabulary.csv,No confirmed duplicate expression; retained as its own canonical concept.,False
Petalia,Petalia,CANONICAL,17_fragrantica_note_vocabulary.csv,No confirmed duplicate expression; retained as its own canonical concept.,False
Clearwood,Clearwood,CANONICAL,17_fragrantica_note_vocabulary.csv,No confirmed duplicate expression; retained as its own canonical concept.,False
Pink Lotus,Pink Lotus,CANONICAL,17_fragrantica_note_vocabulary.csv,No confirmed duplicate expression; retained as its own canonical concept.,False
Red Cedar,Red Cedar,CANONICAL,17_fragrantica_note_vocabulary.csv,No confirmed duplicate expression; retained as its own canonical concept.,False
Vodka,Vodka,CANONICAL,17_fragrantica_note_vocabulary.csv,No confirmed duplicate expression; retained as its own canonical concept.,False
Popcorn,Popcorn,CANONICAL,17_fragrantica_note_vocabulary.csv,No confirmed duplicate expression; retained as its own canonical concept.,False
Currant buds,Currant buds,CANONICAL,17_fragrantica_note_vocabulary.csv,No confirmed duplicate expression; retained as its own canonical concept.,False
Amber Xtreme,Amber Xtreme,CANONICAL,17_fragrantica_note_vocabulary.csv,No confirmed duplicate expression; retained as its own canonical concept.,False
Paper,Paper,CANONICAL,17_fragrantica_note_vocabulary.csv,No confirmed duplicate expression; retained as its own canonical concept.,False
gunpowder,gunpowder,CANONICAL,17_fragrantica_note_vocabulary.csv,No confirmed duplicate expression; retained as its own canonical concept.,False
Algae,Algae,CANONICAL,17_fragrantica_note_vocabulary.csv,No confirmed duplicate expression; retained as its own canonical concept.,False
Candy apple,Candy Apple,SAME_CONCEPT,Fragrantica internal vocabulary; case/space/hyphen/punctuation rule,Existing raw labels differ only by a case/space/hyphen/punctuation form; an existing representative raw label is retained.,False
Tiare,Tiare,CANONICAL,17_fragrantica_note_vocabulary.csv,No confirmed duplicate expression; retained as its own canonical concept.,False
Cinammon,Cinammon,CANONICAL,17_fragrantica_note_vocabulary.csv,No confirmed duplicate expression; retained as its own canonical concept.,False
Boronia,Boronia,CANONICAL,17_fragrantica_note_vocabulary.csv,No confirmed duplicate expression; retained as its own canonical concept.,False
Cookie,Cookie,CANONICAL,17_fragrantica_note_vocabulary.csv,No confirmed duplicate expression; retained as its own canonical concept.,False
OrcanoxTM,OrcanoxTM,CANONICAL,17_fragrantica_note_vocabulary.csv,No confirmed duplicate expression; retained as its own canonical concept.,False
Tea Leaf,Tea Leaf,CANONICAL,17_fragrantica_note_vocabulary.csv,No confirmed duplicate expression; retained as its own canonical concept.,False
Roasted Coffee Beans,Roasted Coffee Beans,CANONICAL,17_fragrantica_note_vocabulary.csv,No confirmed duplicate expression; retained as its own canonical concept.,False
Linen,Linen,CANONICAL,17_fragrantica_note_vocabulary.csv,No confirmed duplicate expression; retained as its own canonical concept.,False
Meringue,Meringue,CANONICAL,17_fragrantica_note_vocabulary.csv,No confirmed duplicate expression; retained as its own canonical concept.,False
Buchu or Agathosma,Buchu or Agathosma,CANONICAL,17_fragrantica_note_vocabulary.csv,No confirmed duplicate expression; retained as its own canonical concept.,False
Copahu Balm,Copahu Balm,CANONICAL,17_fragrantica_note_vocabulary.csv,No confirmed duplicate expression; retained as its own canonical concept.,False
Tamarind,Tamarind,CANONICAL,17_fragrantica_note_vocabulary.csv,No confirmed duplicate expression; retained as its own canonical concept.,False
White Lotus,White Lotus,CANONICAL,17_fragrantica_note_vocabulary.csv,No confirmed duplicate expression; retained as its own canonical concept.,False
Fresh note,Fresh note,CANONICAL,17_fragrantica_note_vocabulary.csv,No confirmed duplicate expression; retained as its own canonical concept.,False
Snow,Snow,CANONICAL,17_fragrantica_note_vocabulary.csv,No confirmed duplicate expression; retained as its own canonical concept.,False
Aromatic Spices,Aromatic Spices,CANONICAL,17_fragrantica_note_vocabulary.csv,No confirmed duplicate expression; retained as its own canonical concept.,False
Cinnamon Leaf,Cinnamon Leaf,CANONICAL,17_fragrantica_note_vocabulary.csv,No confirmed duplicate expression; retained as its own canonical concept.,False
Coconut Nectar,Coconut Nectar,CANONICAL,17_fragrantica_note_vocabulary.csv,No confirmed duplicate expression; retained as its own canonical concept.,False
Syringa,Syringa,CANONICAL,17_fragrantica_note_vocabulary.csv,No confirmed duplicate expression; retained as its own canonical concept.,False
Dried Plum,Dried Plum,CANONICAL,17_fragrantica_note_vocabulary.csv,No confirmed duplicate expression; retained as its own canonical concept.,False
Sunflower,Sunflower,CANONICAL,17_fragrantica_note_vocabulary.csv,No confirmed duplicate expression; retained as its own canonical concept.,False
Celery,Celery,CANONICAL,17_fragrantica_note_vocabulary.csv,No confirmed duplicate expression; retained as its own canonical concept.,False
Sweet Almond,Sweet Almond,CANONICAL,17_fragrantica_note_vocabulary.csv,No confirmed duplicate expression; retained as its own canonical concept.,False
Coca-Cola,Coca-Cola,CANONICAL,17_fragrantica_note_vocabulary.csv,No confirmed duplicate expression; retained as its own canonical concept.,False
Ash,Ash,CANONICAL,17_fragrantica_note_vocabulary.csv,No confirmed duplicate expression; retained as its own canonical concept.,False
Candied Fruits,Candied Fruits,CANONICAL,17_fragrantica_note_vocabulary.csv,No confirmed duplicate expression; retained as its own canonical concept.,False
Maple syrup,Maple syrup,CANONICAL,17_fragrantica_note_vocabulary.csv,No confirmed duplicate expression; retained as its own canonical concept.,False
Pink Rose,Pink Rose,CANONICAL,17_fragrantica_note_vocabulary.csv,No confirmed duplicate expression; retained as its own canonical concept.,False
Civetta,Civetta,CANONICAL,17_fragrantica_note_vocabulary.csv,No confirmed duplicate expression; retained as its own canonical concept.,False
Raspberry Leaf,Raspberry Leaf,CANONICAL,17_fragrantica_note_vocabulary.csv,No confirmed duplicate expression; retained as its own canonical concept.,False
Lactones,Lactones,CANONICAL,17_fragrantica_note_vocabulary.csv,No confirmed duplicate expression; retained as its own canonical concept.,False
Mandarin Leaf,Mandarin Leaf,CANONICAL,17_fragrantica_note_vocabulary.csv,No confirmed duplicate expression; retained as its own canonical concept.,False
Rhuburb,Rhuburb,CANONICAL,17_fragrantica_note_vocabulary.csv,No confirmed duplicate expression; retained as its own canonical concept.,False
Cactus,Cactus,CANONICAL,17_fragrantica_note_vocabulary.csv,No confirmed duplicate expression; retained as its own canonical concept.,False
Nectar,Nectar,CANONICAL,17_fragrantica_note_vocabulary.csv,No confirmed duplicate expression; retained as its own canonical concept.,False
Fenugreek,Fenugreek,CANONICAL,17_fragrantica_note_vocabulary.csv,No confirmed duplicate expression; retained as its own canonical concept.,False
Vanilla Pod,Vanilla Pod,CANONICAL,17_fragrantica_note_vocabulary.csv,No confirmed duplicate expression; retained as its own canonical concept.,False
White Blossom,White Blossom,CANONICAL,17_fragrantica_note_vocabulary.csv,No confirmed duplicate expression; retained as its own canonical concept.,False
Madagascar Ylang-Ylang,Madagascar Ylang-Ylang,CANONICAL,17_fragrantica_note_vocabulary.csv,No confirmed duplicate expression; retained as its own canonical concept.,False
Maltol,Maltol,CANONICAL,17_fragrantica_note_vocabulary.csv,No confirmed duplicate expression; retained as its own canonical concept.,False
Chrysanthemum,Chrysanthemum,CANONICAL,17_fragrantica_note_vocabulary.csv,No confirmed duplicate expression; retained as its own canonical concept.,False
Bread,Bread,CANONICAL,17_fragrantica_note_vocabulary.csv,No confirmed duplicate expression; retained as its own canonical concept.,False
Russian Leather,Russian Leather,CANONICAL,17_fragrantica_note_vocabulary.csv,No confirmed duplicate expression; retained as its own canonical concept.,False
Cappuccino,Cappuccino,CANONICAL,17_fragrantica_note_vocabulary.csv,No confirmed duplicate expression; retained as its own canonical concept.,False
Marzipan,Marzipan,CANONICAL,17_fragrantica_note_vocabulary.csv,No confirmed duplicate expression; retained as its own canonical concept.,False
Black Violet,Black Violet,CANONICAL,17_fragrantica_note_vocabulary.csv,No confirmed duplicate expression; retained as its own canonical concept.,False
Petitgrain Paraguay,Petitgrain Paraguay,CANONICAL,17_fragrantica_note_vocabulary.csv,No confirmed duplicate expression; retained as its own canonical concept.,False
Monoi Oil,Monoi Oil,CANONICAL,17_fragrantica_note_vocabulary.csv,No confirmed duplicate expression; retained as its own canonical concept.,False
Orange Oil,Orange Oil,CANONICAL,17_fragrantica_note_vocabulary.csv,No confirmed duplicate expression; retained as its own canonical concept.,False
Water Hyacinth,Water Hyacinth,CANONICAL,17_fragrantica_note_vocabulary.csv,No confirmed duplicate expression; retained as its own canonical concept.,False
Milk Chocolate,Milk Chocolate,CANONICAL,17_fragrantica_note_vocabulary.csv,No confirmed duplicate expression; retained as its own canonical concept.,False
Vanilla Sugar,Vanilla Sugar,CANONICAL,17_fragrantica_note_vocabulary.csv,No confirmed duplicate expression; retained as its own canonical concept.,False
Ambrocenide,Ambrocenide,CANONICAL,17_fragrantica_note_vocabulary.csv,No confirmed duplicate expression; retained as its own canonical concept.,False
Gingerbread,Gingerbread,CANONICAL,17_fragrantica_note_vocabulary.csv,No confirmed duplicate expression; retained as its own canonical concept.,False
Nutty Notes,Nutty Notes,CANONICAL,17_fragrantica_note_vocabulary.csv,No confirmed duplicate expression; retained as its own canonical concept.,False
Palm Leaf,Palm Leaf,CANONICAL,17_fragrantica_note_vocabulary.csv,No confirmed duplicate expression; retained as its own canonical concept.,False
Soap,Soap,CANONICAL,17_fragrantica_note_vocabulary.csv,No confirmed duplicate expression; retained as its own canonical concept.,False
Grapefruit blossom,Grapefruit blossom,CANONICAL,17_fragrantica_note_vocabulary.csv,No confirmed duplicate expression; retained as its own canonical concept.,False
Macarons,Macarons,CANONICAL,17_fragrantica_note_vocabulary.csv,No confirmed duplicate expression; retained as its own canonical concept.,False
Oolong tea,Oolong tea,CANONICAL,17_fragrantica_note_vocabulary.csv,No confirmed duplicate expression; retained as its own canonical concept.,False
Creme Brulee,Creme Brulee,CANONICAL,17_fragrantica_note_vocabulary.csv,No confirmed duplicate expression; retained as its own canonical concept.,False
Petrichor,Petrichor,CANONICAL,17_fragrantica_note_vocabulary.csv,No confirmed duplicate expression; retained as its own canonical concept.,False
Silk,Silk,CANONICAL,17_fragrantica_note_vocabulary.csv,No confirmed duplicate expression; retained as its own canonical concept.,False
Black locust,Black locust,CANONICAL,17_fragrantica_note_vocabulary.csv,No confirmed duplicate expression; retained as its own canonical concept.,False
Camelia,Camelia,CANONICAL,17_fragrantica_note_vocabulary.csv,No confirmed duplicate expression; retained as its own canonical concept.,False
Cherry Liqueur,Cherry Liqueur,CANONICAL,17_fragrantica_note_vocabulary.csv,No confirmed duplicate expression; retained as its own canonical concept.,False
Red Thyme,Red Thyme,CANONICAL,17_fragrantica_note_vocabulary.csv,No confirmed duplicate expression; retained as its own canonical concept.,False
White Ginger Lily,White Ginger Lily,CANONICAL,17_fragrantica_note_vocabulary.csv,No confirmed duplicate expression; retained as its own canonical concept.,False
Fig Nectar,Fig Nectar,CANONICAL,17_fragrantica_note_vocabulary.csv,No confirmed duplicate expression; retained as its own canonical concept.,False
Floral Fruity Notes,Floral Fruity Notes,CANONICAL,17_fragrantica_note_vocabulary.csv,No confirmed duplicate expression; retained as its own canonical concept.,False
White Orchid,White Orchid,CANONICAL,17_fragrantica_note_vocabulary.csv,No confirmed duplicate expression; retained as its own canonical concept.,False
Apricot Blossom,Apricot Blossom,CANONICAL,17_fragrantica_note_vocabulary.csv,No confirmed duplicate expression; retained as its own canonical concept.,False
Earl Grey Tea,Earl Grey Tea,CANONICAL,17_fragrantica_note_vocabulary.csv,No confirmed duplicate expression; retained as its own canonical concept.,False
Malt,Malt,CANONICAL,17_fragrantica_note_vocabulary.csv,No confirmed duplicate expression; retained as its own canonical concept.,False
Mace,Mace,CANONICAL,17_fragrantica_note_vocabulary.csv,No confirmed duplicate expression; retained as its own canonical concept.,False
Agave,Agave,CANONICAL,17_fragrantica_note_vocabulary.csv,No confirmed duplicate expression; retained as its own canonical concept.,False
Nashi Pear,Nashi Pear,CANONICAL,17_fragrantica_note_vocabulary.csv,No confirmed duplicate expression; retained as its own canonical concept.,False
Pelargonium,Pelargonium,CANONICAL,17_fragrantica_note_vocabulary.csv,No confirmed duplicate expression; retained as its own canonical concept.,False
Indian Sandalwood,Indian Sandalwood,CANONICAL,17_fragrantica_note_vocabulary.csv,No confirmed duplicate expression; retained as its own canonical concept.,False
Airy Note,Airy Note,CANONICAL,17_fragrantica_note_vocabulary.csv,No confirmed duplicate expression; retained as its own canonical concept.,False
Cabreuva,Cabreuva,CANONICAL,17_fragrantica_note_vocabulary.csv,No confirmed duplicate expression; retained as its own canonical concept.,False
Fire,Fire,CANONICAL,17_fragrantica_note_vocabulary.csv,No confirmed duplicate expression; retained as its own canonical concept.,False
Mojito,Mojito,CANONICAL,17_fragrantica_note_vocabulary.csv,No confirmed duplicate expression; retained as its own canonical concept.,False
Stone,Stone,CANONICAL,17_fragrantica_note_vocabulary.csv,No confirmed duplicate expression; retained as its own canonical concept.,False
White Suede,White Suede,CANONICAL,17_fragrantica_note_vocabulary.csv,No confirmed duplicate expression; retained as its own canonical concept.,False
dark woodsy notes,dark woodsy notes,CANONICAL,17_fragrantica_note_vocabulary.csv,No confirmed duplicate expression; retained as its own canonical concept.,False
Blood,Blood,CANONICAL,17_fragrantica_note_vocabulary.csv,No confirmed duplicate expression; retained as its own canonical concept.,False
Cactus Flower,Cactus Flower,CANONICAL,17_fragrantica_note_vocabulary.csv,No confirmed duplicate expression; retained as its own canonical concept.,False
Condensed Milk,Condensed Milk,CANONICAL,17_fragrantica_note_vocabulary.csv,No confirmed duplicate expression; retained as its own canonical concept.,False
Pine Tree Needles,Pine Tree Needles,CANONICAL,17_fragrantica_note_vocabulary.csv,No confirmed duplicate expression; retained as its own canonical concept.,False
ebony tree,ebony tree,CANONICAL,17_fragrantica_note_vocabulary.csv,No confirmed duplicate expression; retained as its own canonical concept.,False
Lemon Tree,Lemon Tree,CANONICAL,17_fragrantica_note_vocabulary.csv,No confirmed duplicate expression; retained as its own canonical concept.,False
Mirabelle,Mirabelle,CANONICAL,17_fragrantica_note_vocabulary.csv,No confirmed duplicate expression; retained as its own canonical concept.,False
Amaryllis,Amaryllis,CANONICAL,17_fragrantica_note_vocabulary.csv,No confirmed duplicate expression; retained as its own canonical concept.,False
Bourbon Whiskey,Bourbon Whiskey,CANONICAL,17_fragrantica_note_vocabulary.csv,No confirmed duplicate expression; retained as its own canonical concept.,False
Hyssop,Hyssop,CANONICAL,17_fragrantica_note_vocabulary.csv,No confirmed duplicate expression; retained as its own canonical concept.,False
Black Leather,Black Leather,CANONICAL,17_fragrantica_note_vocabulary.csv,No confirmed duplicate expression; retained as its own canonical concept.,False
Cetalox,Cetalox,CANONICAL,17_fragrantica_note_vocabulary.csv,No confirmed duplicate expression; retained as its own canonical concept.,False
Lavender Extract,Lavender Extract,CANONICAL,17_fragrantica_note_vocabulary.csv,No confirmed duplicate expression; retained as its own canonical concept.,False
Red Mandarin,Red Mandarin,CANONICAL,17_fragrantica_note_vocabulary.csv,No confirmed duplicate expression; retained as its own canonical concept.,False
White Wine,White Wine,CANONICAL,17_fragrantica_note_vocabulary.csv,No confirmed duplicate expression; retained as its own canonical concept.,False
Pandanus,Pandanus,CANONICAL,17_fragrantica_note_vocabulary.csv,No confirmed duplicate expression; retained as its own canonical concept.,False
Black Currant Blossom,Black Currant Blossom,CANONICAL,17_fragrantica_note_vocabulary.csv,No confirmed duplicate expression; retained as its own canonical concept.,False
Tahitian Vetiver,Tahitian Vetiver,CANONICAL,17_fragrantica_note_vocabulary.csv,No confirmed duplicate expression; retained as its own canonical concept.,False
Tropical Fruit,Tropical Fruit,CANONICAL,17_fragrantica_note_vocabulary.csv,No confirmed duplicate expression; retained as its own canonical concept.,False
Burnt Sugar,Burnt Sugar,CANONICAL,17_fragrantica_note_vocabulary.csv,No confirmed duplicate expression; retained as its own canonical concept.,False
Gooseberry,Gooseberry,CANONICAL,17_fragrantica_note_vocabulary.csv,No confirmed duplicate expression; retained as its own canonical concept.,False
Red Peony,Red Peony,CANONICAL,17_fragrantica_note_vocabulary.csv,No confirmed duplicate expression; retained as its own canonical concept.,False
Sequoia,Sequoia,CANONICAL,17_fragrantica_note_vocabulary.csv,No confirmed duplicate expression; retained as its own canonical concept.,False
Cashmirwood,Cashmirwood,CANONICAL,17_fragrantica_note_vocabulary.csv,No confirmed duplicate expression; retained as its own canonical concept.,False
Plumeria,Plumeria,CANONICAL,17_fragrantica_note_vocabulary.csv,No confirmed duplicate expression; retained as its own canonical concept.,False
White Iris,White Iris,CANONICAL,17_fragrantica_note_vocabulary.csv,No confirmed duplicate expression; retained as its own canonical concept.,False
Georgywood,Georgywood,CANONICAL,17_fragrantica_note_vocabulary.csv,No confirmed duplicate expression; retained as its own canonical concept.,False
Lemon Balm,Lemon Balm,CANONICAL,17_fragrantica_note_vocabulary.csv,No confirmed duplicate expression; retained as its own canonical concept.,False
Liatris,Liatris,CANONICAL,17_fragrantica_note_vocabulary.csv,No confirmed duplicate expression; retained as its own canonical concept.,False
Mahonial,Mahonial,CANONICAL,17_fragrantica_note_vocabulary.csv,No confirmed duplicate expression; retained as its own canonical concept.,False
Marshamallow,Marshmallow,SAME_CONCEPT,Fragrantica internal vocabulary; clear spelling rule,Existing raw labels differ only by a clear spelling form; an existing representative raw label is retained.,False
Opium,Opium,CANONICAL,17_fragrantica_note_vocabulary.csv,No confirmed duplicate expression; retained as its own canonical concept.,False
Persimmon,Persimmon,CANONICAL,17_fragrantica_note_vocabulary.csv,No confirmed duplicate expression; retained as its own canonical concept.,False
Synthetic Civet,Synthetic Civet,CANONICAL,17_fragrantica_note_vocabulary.csv,No confirmed duplicate expression; retained as its own canonical concept.,False
Wild Lavender,Wild Lavender,CANONICAL,17_fragrantica_note_vocabulary.csv,No confirmed duplicate expression; retained as its own canonical concept.,False
plum,Plum,SAME_CONCEPT,Fragrantica internal vocabulary; case/space/hyphen/punctuation rule,Existing raw labels differ only by a case/space/hyphen/punctuation form; an existing representative raw label is retained.,False
Bamboo Leaf,Bamboo Leaf,CANONICAL,17_fragrantica_note_vocabulary.csv,No confirmed duplicate expression; retained as its own canonical concept.,False
Violet Root,Violet Root,CANONICAL,17_fragrantica_note_vocabulary.csv,No confirmed duplicate expression; retained as its own canonical concept.,False
Dahlia,Dahlia,CANONICAL,17_fragrantica_note_vocabulary.csv,No confirmed duplicate expression; retained as its own canonical concept.,False
Mugwort,Mugwort,CANONICAL,17_fragrantica_note_vocabulary.csv,No confirmed duplicate expression; retained as its own canonical concept.,False
Salted Caramel,Salted Caramel,CANONICAL,17_fragrantica_note_vocabulary.csv,No confirmed duplicate expression; retained as its own canonical concept.,False
Bigarade,Bigarade,CANONICAL,17_fragrantica_note_vocabulary.csv,No confirmed duplicate expression; retained as its own canonical concept.,False
African Geranium,African Geranium,CANONICAL,17_fragrantica_note_vocabulary.csv,No confirmed duplicate expression; retained as its own canonical concept.,False
Angelica Root,Angelica Root,CANONICAL,17_fragrantica_note_vocabulary.csv,No confirmed duplicate expression; retained as its own canonical concept.,False
Baie Rose,Baie Rose,CANONICAL,17_fragrantica_note_vocabulary.csv,No confirmed duplicate expression; retained as its own canonical concept.,False
Barley,Barley,CANONICAL,17_fragrantica_note_vocabulary.csv,No confirmed duplicate expression; retained as its own canonical concept.,False
French orange flower,French orange flower,CANONICAL,17_fragrantica_note_vocabulary.csv,No confirmed duplicate expression; retained as its own canonical concept.,False
Kaffir Lime,Kaffir Lime,CANONICAL,17_fragrantica_note_vocabulary.csv,No confirmed duplicate expression; retained as its own canonical concept.,False
Orange Leaf,Orange Leaf,CANONICAL,17_fragrantica_note_vocabulary.csv,No confirmed duplicate expression; retained as its own canonical concept.,False
Helvetolide,Helvetolide,CANONICAL,17_fragrantica_note_vocabulary.csv,No confirmed duplicate expression; retained as its own canonical concept.,False
Lime (Linden Blossom),Lime (Linden) Blossom,SAME_CONCEPT,Fragrantica internal vocabulary; case/space/hyphen/punctuation rule,Existing raw labels differ only by a case/space/hyphen/punctuation form; an existing representative raw label is retained.,False
Raisin,Raisin,CANONICAL,17_fragrantica_note_vocabulary.csv,No confirmed duplicate expression; retained as its own canonical concept.,False
Blackcurrant Syrup,Blackcurrant Syrup,CANONICAL,17_fragrantica_note_vocabulary.csv,No confirmed duplicate expression; retained as its own canonical concept.,False
Celery Seeds,Celery Seeds,CANONICAL,17_fragrantica_note_vocabulary.csv,No confirmed duplicate expression; retained as its own canonical concept.,False
Pink Freesia,Pink Freesia,CANONICAL,17_fragrantica_note_vocabulary.csv,No confirmed duplicate expression; retained as its own canonical concept.,False
Siberian Pine,Siberian Pine,CANONICAL,17_fragrantica_note_vocabulary.csv,No confirmed duplicate expression; retained as its own canonical concept.,False
Talc,Talc,CANONICAL,17_fragrantica_note_vocabulary.csv,No confirmed duplicate expression; retained as its own canonical concept.,False
Vanillin,Vanillin,CANONICAL,17_fragrantica_note_vocabulary.csv,No confirmed duplicate expression; retained as its own canonical concept.,False
Black Spruce,Black Spruce,CANONICAL,17_fragrantica_note_vocabulary.csv,No confirmed duplicate expression; retained as its own canonical concept.,False
Bran,Bran,CANONICAL,17_fragrantica_note_vocabulary.csv,No confirmed duplicate expression; retained as its own canonical concept.,False
Night blooming Cereus,Night blooming Cereus,CANONICAL,17_fragrantica_note_vocabulary.csv,No confirmed duplicate expression; retained as its own canonical concept.,False
Pineapple Leaf,Pineapple Leaf,CANONICAL,17_fragrantica_note_vocabulary.csv,No confirmed duplicate expression; retained as its own canonical concept.,False
Rhododendron,Rhododendron,CANONICAL,17_fragrantica_note_vocabulary.csv,No confirmed duplicate expression; retained as its own canonical concept.,False
Candied Almond,Candied Almond,CANONICAL,17_fragrantica_note_vocabulary.csv,No confirmed duplicate expression; retained as its own canonical concept.,False
Floral bouquet,Floral bouquet,CANONICAL,17_fragrantica_note_vocabulary.csv,No confirmed duplicate expression; retained as its own canonical concept.,False
Blood Grapefruit,Blood Grapefruit,CANONICAL,17_fragrantica_note_vocabulary.csv,No confirmed duplicate expression; retained as its own canonical concept.,False
Coffee blossom,Coffee blossom,CANONICAL,17_fragrantica_note_vocabulary.csv,No confirmed duplicate expression; retained as its own canonical concept.,False
Forest Fruits,Forest Fruits,CANONICAL,17_fragrantica_note_vocabulary.csv,No confirmed duplicate expression; retained as its own canonical concept.,False
Turkish Rose Oil,Turkish Rose Oil,CANONICAL,17_fragrantica_note_vocabulary.csv,No confirmed duplicate expression; retained as its own canonical concept.,False
Iris Butter,Iris Butter,CANONICAL,17_fragrantica_note_vocabulary.csv,No confirmed duplicate expression; retained as its own canonical concept.,False
Red Chilli Pepper,Red Chilli Pepper,CANONICAL,17_fragrantica_note_vocabulary.csv,No confirmed duplicate expression; retained as its own canonical concept.,False
Cedar Leaves,Cedar Leaves,CANONICAL,17_fragrantica_note_vocabulary.csv,No confirmed duplicate expression; retained as its own canonical concept.,False
Clove Leaf,Clove Leaf,CANONICAL,17_fragrantica_note_vocabulary.csv,No confirmed duplicate expression; retained as its own canonical concept.,False
Mignonette,Mignonette,CANONICAL,17_fragrantica_note_vocabulary.csv,No confirmed duplicate expression; retained as its own canonical concept.,False
Wool,Wool,CANONICAL,17_fragrantica_note_vocabulary.csv,No confirmed duplicate expression; retained as its own canonical concept.,False
heather,heather,CANONICAL,17_fragrantica_note_vocabulary.csv,No confirmed duplicate expression; retained as its own canonical concept.,False
Concrete,Concrete,CANONICAL,17_fragrantica_note_vocabulary.csv,No confirmed duplicate expression; retained as its own canonical concept.,False
Olive Blossom,Olive Blossom,CANONICAL,17_fragrantica_note_vocabulary.csv,No confirmed duplicate expression; retained as its own canonical concept.,False
Pitosporum,Pittosporum,SAME_CONCEPT,Fragrantica internal vocabulary; clear spelling rule,Existing raw labels differ only by a clear spelling form; an existing representative raw label is retained.,False
Tomato,Tomato,CANONICAL,17_fragrantica_note_vocabulary.csv,No confirmed duplicate expression; retained as its own canonical concept.,False
French Rose,French Rose,CANONICAL,17_fragrantica_note_vocabulary.csv,No confirmed duplicate expression; retained as its own canonical concept.,False
Lichen,Lichen,CANONICAL,17_fragrantica_note_vocabulary.csv,No confirmed duplicate expression; retained as its own canonical concept.,False
Snowdrops,Snowdrops,CANONICAL,17_fragrantica_note_vocabulary.csv,No confirmed duplicate expression; retained as its own canonical concept.,False
black fig,black fig,CANONICAL,17_fragrantica_note_vocabulary.csv,No confirmed duplicate expression; retained as its own canonical concept.,False
mulberry,mulberry,CANONICAL,17_fragrantica_note_vocabulary.csv,No confirmed duplicate expression; retained as its own canonical concept.,False
Evernyl,Evernyl,CANONICAL,17_fragrantica_note_vocabulary.csv,No confirmed duplicate expression; retained as its own canonical concept.,False
Moroccan Cedar,Moroccan Cedar,CANONICAL,17_fragrantica_note_vocabulary.csv,No confirmed duplicate expression; retained as its own canonical concept.,False
Musk Mallow,Musk Mallow,CANONICAL,17_fragrantica_note_vocabulary.csv,No confirmed duplicate expression; retained as its own canonical concept.,False
Siam,Siam,CANONICAL,17_fragrantica_note_vocabulary.csv,No confirmed duplicate expression; retained as its own canonical concept.,False
CO2 Extracts,CO2 Extracts,CANONICAL,17_fragrantica_note_vocabulary.csv,No confirmed duplicate expression; retained as its own canonical concept.,False
Ambrarome,Ambrarome,CANONICAL,17_fragrantica_note_vocabulary.csv,No confirmed duplicate expression; retained as its own canonical concept.,False
Banana Leaf,Banana Leaf,CANONICAL,17_fragrantica_note_vocabulary.csv,No confirmed duplicate expression; retained as its own canonical concept.,False
Japanese Cherry Blossom,Japanese Cherry Blossom,CANONICAL,17_fragrantica_note_vocabulary.csv,No confirmed duplicate expression; retained as its own canonical concept.,False
Macadamia,Macadamia,CANONICAL,17_fragrantica_note_vocabulary.csv,No confirmed duplicate expression; retained as its own canonical concept.,False
Water,Water,CANONICAL,17_fragrantica_note_vocabulary.csv,No confirmed duplicate expression; retained as its own canonical concept.,False
Acai Berry,Acai Berry,CANONICAL,17_fragrantica_note_vocabulary.csv,No confirmed duplicate expression; retained as its own canonical concept.,False
Clay,Clay,CANONICAL,17_fragrantica_note_vocabulary.csv,No confirmed duplicate expression; retained as its own canonical concept.,False
Italian Tangerine,Italian Tangerine,CANONICAL,17_fragrantica_note_vocabulary.csv,No confirmed duplicate expression; retained as its own canonical concept.,False
Piña Colada,Piña Colada,CANONICAL,17_fragrantica_note_vocabulary.csv,No confirmed duplicate expression; retained as its own canonical concept.,False
Egyptian Musk,Egyptian Musk,CANONICAL,17_fragrantica_note_vocabulary.csv,No confirmed duplicate expression; retained as its own canonical concept.,False
Espresso,Espresso,CANONICAL,17_fragrantica_note_vocabulary.csv,No confirmed duplicate expression; retained as its own canonical concept.,False
Italian Iris,Italian Iris,CANONICAL,17_fragrantica_note_vocabulary.csv,No confirmed duplicate expression; retained as its own canonical concept.,False
Milk Mousse,Milk Mousse,CANONICAL,17_fragrantica_note_vocabulary.csv,No confirmed duplicate expression; retained as its own canonical concept.,False
Wild Orchid,Wild Orchid,CANONICAL,17_fragrantica_note_vocabulary.csv,No confirmed duplicate expression; retained as its own canonical concept.,False
Assam Oud,Assam Oud,CANONICAL,17_fragrantica_note_vocabulary.csv,No confirmed duplicate expression; retained as its own canonical concept.,False
Hortensia,Hortensia,CANONICAL,17_fragrantica_note_vocabulary.csv,No confirmed duplicate expression; retained as its own canonical concept.,False
Apple Tree,Apple Tree,CANONICAL,17_fragrantica_note_vocabulary.csv,No confirmed duplicate expression; retained as its own canonical concept.,False
Lemonade,Lemonade,CANONICAL,17_fragrantica_note_vocabulary.csv,No confirmed duplicate expression; retained as its own canonical concept.,False
Nigerian Ginger,Nigerian Ginger,CANONICAL,17_fragrantica_note_vocabulary.csv,No confirmed duplicate expression; retained as its own canonical concept.,False
Singapore Patchouli,Singapore Patchouli,CANONICAL,17_fragrantica_note_vocabulary.csv,No confirmed duplicate expression; retained as its own canonical concept.,False
Water Mint,Water Mint,CANONICAL,17_fragrantica_note_vocabulary.csv,No confirmed duplicate expression; retained as its own canonical concept.,False
Gasoline,Gasoline,CANONICAL,17_fragrantica_note_vocabulary.csv,No confirmed duplicate expression; retained as its own canonical concept.,False
Parma Violet,Parma Violet,CANONICAL,17_fragrantica_note_vocabulary.csv,No confirmed duplicate expression; retained as its own canonical concept.,False
Black Cardamom,Black Cardamom,CANONICAL,17_fragrantica_note_vocabulary.csv,No confirmed duplicate expression; retained as its own canonical concept.,False
Malaysian Oud,Malaysian Oud,CANONICAL,17_fragrantica_note_vocabulary.csv,No confirmed duplicate expression; retained as its own canonical concept.,False
Mexican Vanilla,Mexican Vanilla,CANONICAL,17_fragrantica_note_vocabulary.csv,No confirmed duplicate expression; retained as its own canonical concept.,False
Vetiver Root,Vetiver Root,CANONICAL,17_fragrantica_note_vocabulary.csv,No confirmed duplicate expression; retained as its own canonical concept.,False
Vine,Vine,CANONICAL,17_fragrantica_note_vocabulary.csv,No confirmed duplicate expression; retained as its own canonical concept.,False
Priprioca,Priprioca,CANONICAL,17_fragrantica_note_vocabulary.csv,No confirmed duplicate expression; retained as its own canonical concept.,False
Black and Pink Pepper,Black and Pink Pepper,CANONICAL,17_fragrantica_note_vocabulary.csv,No confirmed duplicate expression; retained as its own canonical concept.,False
Dried Fallen Leaves,Dried Fallen Leaves,CANONICAL,17_fragrantica_note_vocabulary.csv,No confirmed duplicate expression; retained as its own canonical concept.,False
Flower Petals,Flower Petals,CANONICAL,17_fragrantica_note_vocabulary.csv,No confirmed duplicate expression; retained as its own canonical concept.,False
Hemlock,Hemlock,CANONICAL,17_fragrantica_note_vocabulary.csv,No confirmed duplicate expression; retained as its own canonical concept.,False
Italian Orange,Italian Orange,CANONICAL,17_fragrantica_note_vocabulary.csv,No confirmed duplicate expression; retained as its own canonical concept.,False
Light Amber,Light Amber,CANONICAL,17_fragrantica_note_vocabulary.csv,No confirmed duplicate expression; retained as its own canonical concept.,False
Mimosa absolute,Mimosa absolute,CANONICAL,17_fragrantica_note_vocabulary.csv,No confirmed duplicate expression; retained as its own canonical concept.,False
Mirabelle Plum,Mirabelle Plum,CANONICAL,17_fragrantica_note_vocabulary.csv,No confirmed duplicate expression; retained as its own canonical concept.,False
Mock Orange,Mock Orange,CANONICAL,17_fragrantica_note_vocabulary.csv,No confirmed duplicate expression; retained as its own canonical concept.,False
Choya Loban,Choya Loban,CANONICAL,17_fragrantica_note_vocabulary.csv,No confirmed duplicate expression; retained as its own canonical concept.,False
Casablanca Lily,Casablanca Lily,CANONICAL,17_fragrantica_note_vocabulary.csv,No confirmed duplicate expression; retained as its own canonical concept.,False
Citrus and Floral Notes,Citrus and Floral Notes,CANONICAL,17_fragrantica_note_vocabulary.csv,No confirmed duplicate expression; retained as its own canonical concept.,False
Gentiana,Gentiana,CANONICAL,17_fragrantica_note_vocabulary.csv,No confirmed duplicate expression; retained as its own canonical concept.,False
Lipstick,Lipstick,CANONICAL,17_fragrantica_note_vocabulary.csv,No confirmed duplicate expression; retained as its own canonical concept.,False
Madagascar Vetiver,Madagascar Vetiver,CANONICAL,17_fragrantica_note_vocabulary.csv,No confirmed duplicate expression; retained as its own canonical concept.,False
Pink Jasmine,Pink Jasmine,CANONICAL,17_fragrantica_note_vocabulary.csv,No confirmed duplicate expression; retained as its own canonical concept.,False
Red Poppy,Red Poppy,CANONICAL,17_fragrantica_note_vocabulary.csv,No confirmed duplicate expression; retained as its own canonical concept.,False
Creamy notes,Creamy notes,CANONICAL,17_fragrantica_note_vocabulary.csv,No confirmed duplicate expression; retained as its own canonical concept.,False
Milk Cream,Milk Cream,CANONICAL,17_fragrantica_note_vocabulary.csv,No confirmed duplicate expression; retained as its own canonical concept.,False
Amyl Salicylate,Amyl Salicylate,CANONICAL,17_fragrantica_note_vocabulary.csv,No confirmed duplicate expression; retained as its own canonical concept.,False
Blackwood,Blackwood,CANONICAL,17_fragrantica_note_vocabulary.csv,No confirmed duplicate expression; retained as its own canonical concept.,False
Ginseng,Ginseng,CANONICAL,17_fragrantica_note_vocabulary.csv,No confirmed duplicate expression; retained as its own canonical concept.,False
Madagascar Cloves,Madagascar Cloves,CANONICAL,17_fragrantica_note_vocabulary.csv,No confirmed duplicate expression; retained as its own canonical concept.,False
Strawberry Leaf,Strawberry Leaf,CANONICAL,17_fragrantica_note_vocabulary.csv,No confirmed duplicate expression; retained as its own canonical concept.,False
White Rum,White Rum,CANONICAL,17_fragrantica_note_vocabulary.csv,No confirmed duplicate expression; retained as its own canonical concept.,False
Exotic Spices,Exotic Spices,CANONICAL,17_fragrantica_note_vocabulary.csv,No confirmed duplicate expression; retained as its own canonical concept.,False
Ambertonic,Ambertonic,CANONICAL,17_fragrantica_note_vocabulary.csv,No confirmed duplicate expression; retained as its own canonical concept.,False
Candied Orange,Candied Orange,CANONICAL,17_fragrantica_note_vocabulary.csv,No confirmed duplicate expression; retained as its own canonical concept.,False
Green Lilac,Green Lilac,CANONICAL,17_fragrantica_note_vocabulary.csv,No confirmed duplicate expression; retained as its own canonical concept.,False
Madagascar Pepper,Madagascar Pepper,CANONICAL,17_fragrantica_note_vocabulary.csv,No confirmed duplicate expression; retained as its own canonical concept.,False
Massoia,Massoia,CANONICAL,17_fragrantica_note_vocabulary.csv,No confirmed duplicate expression; retained as its own canonical concept.,False
Palm Tree,Palm Tree,CANONICAL,17_fragrantica_note_vocabulary.csv,No confirmed duplicate expression; retained as its own canonical concept.,False
West Indian Bay,West Indian Bay,CANONICAL,17_fragrantica_note_vocabulary.csv,No confirmed duplicate expression; retained as its own canonical concept.,False
Berry Fruits,Berry Fruits,CANONICAL,17_fragrantica_note_vocabulary.csv,No confirmed duplicate expression; retained as its own canonical concept.,False
Bitter Orange Blossom,Bitter Orange Blossom,CANONICAL,17_fragrantica_note_vocabulary.csv,No confirmed duplicate expression; retained as its own canonical concept.,False
Dulce de leche,Dulce de leche,CANONICAL,17_fragrantica_note_vocabulary.csv,No confirmed duplicate expression; retained as its own canonical concept.,False
Geosmin,Geosmin,CANONICAL,17_fragrantica_note_vocabulary.csv,No confirmed duplicate expression; retained as its own canonical concept.,False
Thuja,Thuja,CANONICAL,17_fragrantica_note_vocabulary.csv,No confirmed duplicate expression; retained as its own canonical concept.,False
Green Mango,Green Mango,CANONICAL,17_fragrantica_note_vocabulary.csv,No confirmed duplicate expression; retained as its own canonical concept.,False
Ho Wood,Ho Wood,CANONICAL,17_fragrantica_note_vocabulary.csv,No confirmed duplicate expression; retained as its own canonical concept.,False
Peat,Peat,CANONICAL,17_fragrantica_note_vocabulary.csv,No confirmed duplicate expression; retained as its own canonical concept.,False
Tonic Water,Tonic Water,CANONICAL,17_fragrantica_note_vocabulary.csv,No confirmed duplicate expression; retained as its own canonical concept.,False
Vietnamese Oud,Vietnamese Oud,CANONICAL,17_fragrantica_note_vocabulary.csv,No confirmed duplicate expression; retained as its own canonical concept.,False
Caviar,Caviar,CANONICAL,17_fragrantica_note_vocabulary.csv,No confirmed duplicate expression; retained as its own canonical concept.,False
Chinese Black Tea,Chinese Black Tea,CANONICAL,17_fragrantica_note_vocabulary.csv,No confirmed duplicate expression; retained as its own canonical concept.,False
Dewberry,Dewberry,CANONICAL,17_fragrantica_note_vocabulary.csv,No confirmed duplicate expression; retained as its own canonical concept.,False
Kyara Incense,Kyara Incense,CANONICAL,17_fragrantica_note_vocabulary.csv,No confirmed duplicate expression; retained as its own canonical concept.,False
Poplar (Populus) buds,Poplar (Populus) buds,CANONICAL,17_fragrantica_note_vocabulary.csv,No confirmed duplicate expression; retained as its own canonical concept.,False
Wild Jasmine,Wild Jasmine,CANONICAL,17_fragrantica_note_vocabulary.csv,No confirmed duplicate expression; retained as its own canonical concept.,False
Dreamwood,Dreamwood,CANONICAL,17_fragrantica_note_vocabulary.csv,No confirmed duplicate expression; retained as its own canonical concept.,False
Graperfuit,Graperfuit,CANONICAL,17_fragrantica_note_vocabulary.csv,No confirmed duplicate expression; retained as its own canonical concept.,False
Pimento Seeds,Pimento Seeds,CANONICAL,17_fragrantica_note_vocabulary.csv,No confirmed duplicate expression; retained as its own canonical concept.,False
Reseda,Reseda,CANONICAL,17_fragrantica_note_vocabulary.csv,No confirmed duplicate expression; retained as its own canonical concept.,False
Seagrass,Seagrass,CANONICAL,17_fragrantica_note_vocabulary.csv,No confirmed duplicate expression; retained as its own canonical concept.,False
Water Flowers,Water Flowers,CANONICAL,17_fragrantica_note_vocabulary.csv,No confirmed duplicate expression; retained as its own canonical concept.,False
Tequila,Tequila,CANONICAL,17_fragrantica_note_vocabulary.csv,No confirmed duplicate expression; retained as its own canonical concept.,False
Coal,Coal,CANONICAL,17_fragrantica_note_vocabulary.csv,No confirmed duplicate expression; retained as its own canonical concept.,False
Dust,Dust,CANONICAL,17_fragrantica_note_vocabulary.csv,No confirmed duplicate expression; retained as its own canonical concept.,False
Grenadine,Grenadine,CANONICAL,17_fragrantica_note_vocabulary.csv,No confirmed duplicate expression; retained as its own canonical concept.,False
Holly,Holly,CANONICAL,17_fragrantica_note_vocabulary.csv,No confirmed duplicate expression; retained as its own canonical concept.,False
Indole,Indole,CANONICAL,17_fragrantica_note_vocabulary.csv,No confirmed duplicate expression; retained as its own canonical concept.,False
Masala Chai,Masala Chai,CANONICAL,17_fragrantica_note_vocabulary.csv,No confirmed duplicate expression; retained as its own canonical concept.,False
Oak Tree,Oak Tree,CANONICAL,17_fragrantica_note_vocabulary.csv,No confirmed duplicate expression; retained as its own canonical concept.,False
Tahitian Tiare Flower,Tahitian Tiare Flower,CANONICAL,17_fragrantica_note_vocabulary.csv,No confirmed duplicate expression; retained as its own canonical concept.,False
Wood Resin,Wood Resin,CANONICAL,17_fragrantica_note_vocabulary.csv,No confirmed duplicate expression; retained as its own canonical concept.,False
Arum Lily,Arum Lily,CANONICAL,17_fragrantica_note_vocabulary.csv,No confirmed duplicate expression; retained as its own canonical concept.,False
Dark Patchouli,Dark Patchouli,CANONICAL,17_fragrantica_note_vocabulary.csv,No confirmed duplicate expression; retained as its own canonical concept.,False
Frosting,Frosting,CANONICAL,17_fragrantica_note_vocabulary.csv,No confirmed duplicate expression; retained as its own canonical concept.,False
Loukhoum,Loukhoum,CANONICAL,17_fragrantica_note_vocabulary.csv,No confirmed duplicate expression; retained as its own canonical concept.,False
Oat,Oat,CANONICAL,17_fragrantica_note_vocabulary.csv,No confirmed duplicate expression; retained as its own canonical concept.,False
Oriental Woodsy notes,Oriental Woodsy notes,CANONICAL,17_fragrantica_note_vocabulary.csv,No confirmed duplicate expression; retained as its own canonical concept.,False
Raspberry Bloom,Raspberry Bloom,CANONICAL,17_fragrantica_note_vocabulary.csv,No confirmed duplicate expression; retained as its own canonical concept.,False
Vervain,Vervain,CANONICAL,17_fragrantica_note_vocabulary.csv,No confirmed duplicate expression; retained as its own canonical concept.,False
Coconut Blossom,Coconut Blossom,CANONICAL,17_fragrantica_note_vocabulary.csv,No confirmed duplicate expression; retained as its own canonical concept.,False
Coriander Leaf,Coriander Leaf,CANONICAL,17_fragrantica_note_vocabulary.csv,No confirmed duplicate expression; retained as its own canonical concept.,False
Cypriol Oil,Cypriol Oil,CANONICAL,17_fragrantica_note_vocabulary.csv,No confirmed duplicate expression; retained as its own canonical concept.,False
Indonesian Nutmeg,Indonesian Nutmeg,CANONICAL,17_fragrantica_note_vocabulary.csv,No confirmed duplicate expression; retained as its own canonical concept.,False
Nectarine blossom,Nectarine blossom,CANONICAL,17_fragrantica_note_vocabulary.csv,No confirmed duplicate expression; retained as its own canonical concept.,False
Neroli Essence,Neroli Essence,CANONICAL,17_fragrantica_note_vocabulary.csv,No confirmed duplicate expression; retained as its own canonical concept.,False
White Leather,White Leather,CANONICAL,17_fragrantica_note_vocabulary.csv,No confirmed duplicate expression; retained as its own canonical concept.,False
Asphalt,Asphalt,CANONICAL,17_fragrantica_note_vocabulary.csv,No confirmed duplicate expression; retained as its own canonical concept.,False
Cascalone,Cascalone,CANONICAL,17_fragrantica_note_vocabulary.csv,No confirmed duplicate expression; retained as its own canonical concept.,False
Cedarmoss,Cedarmoss,CANONICAL,17_fragrantica_note_vocabulary.csv,No confirmed duplicate expression; retained as its own canonical concept.,False
Dragon Blood Resin,Dragon Blood Resin,CANONICAL,17_fragrantica_note_vocabulary.csv,No confirmed duplicate expression; retained as its own canonical concept.,False
English Rose,English Rose,CANONICAL,17_fragrantica_note_vocabulary.csv,No confirmed duplicate expression; retained as its own canonical concept.,False
Kashmir wood,Kashmir wood,CANONICAL,17_fragrantica_note_vocabulary.csv,No confirmed duplicate expression; retained as its own canonical concept.,False
Lorenox,Lorenox,CANONICAL,17_fragrantica_note_vocabulary.csv,No confirmed duplicate expression; retained as its own canonical concept.,False
Pineapple blossom,Pineapple blossom,CANONICAL,17_fragrantica_note_vocabulary.csv,No confirmed duplicate expression; retained as its own canonical concept.,False
Silver Fir,Silver Fir,CANONICAL,17_fragrantica_note_vocabulary.csv,No confirmed duplicate expression; retained as its own canonical concept.,False
Stephanotis,Stephanotis,CANONICAL,17_fragrantica_note_vocabulary.csv,No confirmed duplicate expression; retained as its own canonical concept.,False
Vinyl,Vinyl,CANONICAL,17_fragrantica_note_vocabulary.csv,No confirmed duplicate expression; retained as its own canonical concept.,False
Buttercream,Buttercream,CANONICAL,17_fragrantica_note_vocabulary.csv,No confirmed duplicate expression; retained as its own canonical concept.,False
Chypre Notes,Chypre Notes,CANONICAL,17_fragrantica_note_vocabulary.csv,No confirmed duplicate expression; retained as its own canonical concept.,False
Citrus Blossom,Citrus Blossom,CANONICAL,17_fragrantica_note_vocabulary.csv,No confirmed duplicate expression; retained as its own canonical concept.,False
Dill,Dill,CANONICAL,17_fragrantica_note_vocabulary.csv,No confirmed duplicate expression; retained as its own canonical concept.,False
Frosting [Glacé],Frosting [Glacé],CANONICAL,17_fragrantica_note_vocabulary.csv,No confirmed duplicate expression; retained as its own canonical concept.,False
Fur,Fur,CANONICAL,17_fragrantica_note_vocabulary.csv,No confirmed duplicate expression; retained as its own canonical concept.,False
Transparent Flowers,Transparent Flowers,CANONICAL,17_fragrantica_note_vocabulary.csv,No confirmed duplicate expression; retained as its own canonical concept.,False
Vanilla Caviar,Vanilla Caviar,CANONICAL,17_fragrantica_note_vocabulary.csv,No confirmed duplicate expression; retained as its own canonical concept.,False
Almond Cream,Almond Cream,CANONICAL,17_fragrantica_note_vocabulary.csv,No confirmed duplicate expression; retained as its own canonical concept.,False
Buddha Wood,Buddha Wood,CANONICAL,17_fragrantica_note_vocabulary.csv,No confirmed duplicate expression; retained as its own canonical concept.,False
Chinese Cedar,Chinese Cedar,CANONICAL,17_fragrantica_note_vocabulary.csv,No confirmed duplicate expression; retained as its own canonical concept.,False
Chinese Jasmine,Chinese Jasmine,CANONICAL,17_fragrantica_note_vocabulary.csv,No confirmed duplicate expression; retained as its own canonical concept.,False
Indian Spices,Indian Spices,CANONICAL,17_fragrantica_note_vocabulary.csv,No confirmed duplicate expression; retained as its own canonical concept.,False
Rooibos Tea,Rooibos Tea,CANONICAL,17_fragrantica_note_vocabulary.csv,No confirmed duplicate expression; retained as its own canonical concept.,False
Tyger Lily,Tyger Lily,CANONICAL,17_fragrantica_note_vocabulary.csv,No confirmed duplicate expression; retained as its own canonical concept.,False
Yellow Freesia,Yellow Freesia,CANONICAL,17_fragrantica_note_vocabulary.csv,No confirmed duplicate expression; retained as its own canonical concept.,False
Candied Lemon,Candied Lemon,CANONICAL,17_fragrantica_note_vocabulary.csv,No confirmed duplicate expression; retained as its own canonical concept.,False
Choya Nakh,Choya Nakh,CANONICAL,17_fragrantica_note_vocabulary.csv,No confirmed duplicate expression; retained as its own canonical concept.,False
Flax,Flax,CANONICAL,17_fragrantica_note_vocabulary.csv,No confirmed duplicate expression; retained as its own canonical concept.,False
Green Pear,Green Pear,CANONICAL,17_fragrantica_note_vocabulary.csv,No confirmed duplicate expression; retained as its own canonical concept.,False
Green Tangerine,Green Tangerine,CANONICAL,17_fragrantica_note_vocabulary.csv,No confirmed duplicate expression; retained as its own canonical concept.,False
Paradisone,Paradisone,CANONICAL,17_fragrantica_note_vocabulary.csv,No confirmed duplicate expression; retained as its own canonical concept.,False
Red Algae,Red Algae,CANONICAL,17_fragrantica_note_vocabulary.csv,No confirmed duplicate expression; retained as its own canonical concept.,False
Hops,Hops,CANONICAL,17_fragrantica_note_vocabulary.csv,No confirmed duplicate expression; retained as its own canonical concept.,False
Turkey Red Rose,Turkey Red Rose,CANONICAL,17_fragrantica_note_vocabulary.csv,No confirmed duplicate expression; retained as its own canonical concept.,False
Rubber,Rubber,CANONICAL,17_fragrantica_note_vocabulary.csv,No confirmed duplicate expression; retained as its own canonical concept.,False
Mitti Attar,Mitti Attar,CANONICAL,17_fragrantica_note_vocabulary.csv,No confirmed duplicate expression; retained as its own canonical concept.,False
Water Fruit,Water Fruit,CANONICAL,17_fragrantica_note_vocabulary.csv,No confirmed duplicate expression; retained as its own canonical concept.,False
Almond Tree,Almond Tree,CANONICAL,17_fragrantica_note_vocabulary.csv,No confirmed duplicate expression; retained as its own canonical concept.,False
Cereals,Cereal,SAME_CONCEPT,Fragrantica internal vocabulary; clear singular/plural rule,Existing raw labels differ only by a clear singular/plural form; an existing representative raw label is retained.,False
Chantilly Cream,Chantilly Cream,CANONICAL,17_fragrantica_note_vocabulary.csv,No confirmed duplicate expression; retained as its own canonical concept.,False
Cilantro,Cilantro,CANONICAL,17_fragrantica_note_vocabulary.csv,No confirmed duplicate expression; retained as its own canonical concept.,False
Flint,Flint,CANONICAL,17_fragrantica_note_vocabulary.csv,No confirmed duplicate expression; retained as its own canonical concept.,False
Forget me not,Forget me not,CANONICAL,17_fragrantica_note_vocabulary.csv,No confirmed duplicate expression; retained as its own canonical concept.,False
Nettle,Nettle,CANONICAL,17_fragrantica_note_vocabulary.csv,No confirmed duplicate expression; retained as its own canonical concept.,False
Roasted Nuts,Roasted Nuts,CANONICAL,17_fragrantica_note_vocabulary.csv,No confirmed duplicate expression; retained as its own canonical concept.,False
Silk Tree blossom,Silk Tree blossom,CANONICAL,17_fragrantica_note_vocabulary.csv,No confirmed duplicate expression; retained as its own canonical concept.,False
White Pear,White Pear,CANONICAL,17_fragrantica_note_vocabulary.csv,No confirmed duplicate expression; retained as its own canonical concept.,False
White Violet,White Violet,CANONICAL,17_fragrantica_note_vocabulary.csv,No confirmed duplicate expression; retained as its own canonical concept.,False
Blue Lavender,Blue Lavender,CANONICAL,17_fragrantica_note_vocabulary.csv,No confirmed duplicate expression; retained as its own canonical concept.,False
Breu-Branco,Breu-Branco,CANONICAL,17_fragrantica_note_vocabulary.csv,No confirmed duplicate expression; retained as its own canonical concept.,False
Dirt,Dirt,CANONICAL,17_fragrantica_note_vocabulary.csv,No confirmed duplicate expression; retained as its own canonical concept.,False
Green Almond,Green Almond,CANONICAL,17_fragrantica_note_vocabulary.csv,No confirmed duplicate expression; retained as its own canonical concept.,False
Pine tar,Pine tar,CANONICAL,17_fragrantica_note_vocabulary.csv,No confirmed duplicate expression; retained as its own canonical concept.,False
Pomarose,Pomarose,CANONICAL,17_fragrantica_note_vocabulary.csv,No confirmed duplicate expression; retained as its own canonical concept.,False
Primrose,Primrose,CANONICAL,17_fragrantica_note_vocabulary.csv,No confirmed duplicate expression; retained as its own canonical concept.,False
Sweet Grass,Sweet Grass,CANONICAL,17_fragrantica_note_vocabulary.csv,No confirmed duplicate expression; retained as its own canonical concept.,False
Black Licorice,Black Licorice,CANONICAL,17_fragrantica_note_vocabulary.csv,No confirmed duplicate expression; retained as its own canonical concept.,False
Champagne Rosé,Champagne Rosé,CANONICAL,17_fragrantica_note_vocabulary.csv,No confirmed duplicate expression; retained as its own canonical concept.,False
Finger Lime,Finger Lime,CANONICAL,17_fragrantica_note_vocabulary.csv,No confirmed duplicate expression; retained as its own canonical concept.,False
Fougère Accord,Fougère Accord,CANONICAL,17_fragrantica_note_vocabulary.csv,No confirmed duplicate expression; retained as its own canonical concept.,False
Galanga,Galanga,CANONICAL,17_fragrantica_note_vocabulary.csv,No confirmed duplicate expression; retained as its own canonical concept.,False
Javanol,Javanol,CANONICAL,17_fragrantica_note_vocabulary.csv,No confirmed duplicate expression; retained as its own canonical concept.,False
Lapsang Souchong Tea,Lapsang Souchong Tea,CANONICAL,17_fragrantica_note_vocabulary.csv,No confirmed duplicate expression; retained as its own canonical concept.,False
Mango Blossom,Mango Blossom,CANONICAL,17_fragrantica_note_vocabulary.csv,No confirmed duplicate expression; retained as its own canonical concept.,False
Red Sandalwood,Red Sandalwood,CANONICAL,17_fragrantica_note_vocabulary.csv,No confirmed duplicate expression; retained as its own canonical concept.,False
Seashells,Seashells,CANONICAL,17_fragrantica_note_vocabulary.csv,No confirmed duplicate expression; retained as its own canonical concept.,False
Elderberry,Elderberry,CANONICAL,17_fragrantica_note_vocabulary.csv,No confirmed duplicate expression; retained as its own canonical concept.,False
Nougat,Nougat,CANONICAL,17_fragrantica_note_vocabulary.csv,No confirmed duplicate expression; retained as its own canonical concept.,False
Pecan,Pecan,CANONICAL,17_fragrantica_note_vocabulary.csv,No confirmed duplicate expression; retained as its own canonical concept.,False
Accord Eudora®,Accord Eudora®,CANONICAL,17_fragrantica_note_vocabulary.csv,No confirmed duplicate expression; retained as its own canonical concept.,False
Karo Karounde,Karo Karounde,CANONICAL,17_fragrantica_note_vocabulary.csv,No confirmed duplicate expression; retained as its own canonical concept.,False
Lady of the Night Flower,Lady of the Night Flower,CANONICAL,17_fragrantica_note_vocabulary.csv,No confirmed duplicate expression; retained as its own canonical concept.,False
Lime Blossom,Lime Blossom,CANONICAL,17_fragrantica_note_vocabulary.csv,No confirmed duplicate expression; retained as its own canonical concept.,False
Limoncello,Limoncello,CANONICAL,17_fragrantica_note_vocabulary.csv,No confirmed duplicate expression; retained as its own canonical concept.,False
Maraschino Cherry,Maraschino Cherry,CANONICAL,17_fragrantica_note_vocabulary.csv,No confirmed duplicate expression; retained as its own canonical concept.,False
Nard,Nard,CANONICAL,17_fragrantica_note_vocabulary.csv,No confirmed duplicate expression; retained as its own canonical concept.,False
Nasturtium,Nasturtium,CANONICAL,17_fragrantica_note_vocabulary.csv,No confirmed duplicate expression; retained as its own canonical concept.,False
Pimento Leaf,Pimento Leaf,CANONICAL,17_fragrantica_note_vocabulary.csv,No confirmed duplicate expression; retained as its own canonical concept.,False
Pollen,Pollen,CANONICAL,17_fragrantica_note_vocabulary.csv,No confirmed duplicate expression; retained as its own canonical concept.,False
Rose Leaf,Rose Leaf,CANONICAL,17_fragrantica_note_vocabulary.csv,No confirmed duplicate expression; retained as its own canonical concept.,False
Rosebay Willowherb,Rosebay Willowherb,CANONICAL,17_fragrantica_note_vocabulary.csv,No confirmed duplicate expression; retained as its own canonical concept.,False
TimbersilkTM,TimbersilkTM,CANONICAL,17_fragrantica_note_vocabulary.csv,No confirmed duplicate expression; retained as its own canonical concept.,False
Watercress,Watercress,CANONICAL,17_fragrantica_note_vocabulary.csv,No confirmed duplicate expression; retained as its own canonical concept.,False
White Currant,White Currant,CANONICAL,17_fragrantica_note_vocabulary.csv,No confirmed duplicate expression; retained as its own canonical concept.,False
Boletus edulis,Boletus edulis,CANONICAL,17_fragrantica_note_vocabulary.csv,No confirmed duplicate expression; retained as its own canonical concept.,False
Candle Wax,Candle Wax,CANONICAL,17_fragrantica_note_vocabulary.csv,No confirmed duplicate expression; retained as its own canonical concept.,False
French Violet,French Violet,CANONICAL,17_fragrantica_note_vocabulary.csv,No confirmed duplicate expression; retained as its own canonical concept.,False
Gurjun Balsam,Gurjun Balsam,CANONICAL,17_fragrantica_note_vocabulary.csv,No confirmed duplicate expression; retained as its own canonical concept.,False
Lime peel,Lime peel,CANONICAL,17_fragrantica_note_vocabulary.csv,No confirmed duplicate expression; retained as its own canonical concept.,False
Magnolia Petals,Magnolia Petals,CANONICAL,17_fragrantica_note_vocabulary.csv,No confirmed duplicate expression; retained as its own canonical concept.,False
Marmalade,Marmalade,CANONICAL,17_fragrantica_note_vocabulary.csv,No confirmed duplicate expression; retained as its own canonical concept.,False
Rice Powder,Rice Powder,CANONICAL,17_fragrantica_note_vocabulary.csv,No confirmed duplicate expression; retained as its own canonical concept.,False
Stems Greens,Stems Greens,CANONICAL,17_fragrantica_note_vocabulary.csv,No confirmed duplicate expression; retained as its own canonical concept.,False
Valerian,Valerian,CANONICAL,17_fragrantica_note_vocabulary.csv,No confirmed duplicate expression; retained as its own canonical concept.,False
White Magnolia,White Magnolia,CANONICAL,17_fragrantica_note_vocabulary.csv,No confirmed duplicate expression; retained as its own canonical concept.,False
boxwood,boxwood,CANONICAL,17_fragrantica_note_vocabulary.csv,No confirmed duplicate expression; retained as its own canonical concept.,False
prickly pear,prickly pear,CANONICAL,17_fragrantica_note_vocabulary.csv,No confirmed duplicate expression; retained as its own canonical concept.,False
Conifer,Conifer,CANONICAL,17_fragrantica_note_vocabulary.csv,No confirmed duplicate expression; retained as its own canonical concept.,False
Dyer’s Greenweed,Dyer’s Greenweed,CANONICAL,17_fragrantica_note_vocabulary.csv,No confirmed duplicate expression; retained as its own canonical concept.,False
French pastries,French pastries,CANONICAL,17_fragrantica_note_vocabulary.csv,No confirmed duplicate expression; retained as its own canonical concept.,False
Gold,Gold,CANONICAL,17_fragrantica_note_vocabulary.csv,No confirmed duplicate expression; retained as its own canonical concept.,False
Jelly,Jelly,CANONICAL,17_fragrantica_note_vocabulary.csv,No confirmed duplicate expression; retained as its own canonical concept.,False
Mangosteen,Mangosteen,CANONICAL,17_fragrantica_note_vocabulary.csv,No confirmed duplicate expression; retained as its own canonical concept.,False
Nerium Oleander,Nerium Oleander,CANONICAL,17_fragrantica_note_vocabulary.csv,No confirmed duplicate expression; retained as its own canonical concept.,False
Parsley,Parsley,CANONICAL,17_fragrantica_note_vocabulary.csv,No confirmed duplicate expression; retained as its own canonical concept.,False
pink tulip,pink tulip,CANONICAL,17_fragrantica_note_vocabulary.csv,No confirmed duplicate expression; retained as its own canonical concept.,False
Chinese Oud,Chinese Oud,CANONICAL,17_fragrantica_note_vocabulary.csv,No confirmed duplicate expression; retained as its own canonical concept.,False
Henna,Henna,CANONICAL,17_fragrantica_note_vocabulary.csv,No confirmed duplicate expression; retained as its own canonical concept.,False
edelweiss,edelweiss,CANONICAL,17_fragrantica_note_vocabulary.csv,No confirmed duplicate expression; retained as its own canonical concept.,False
Blue Sage,Blue Sage,CANONICAL,17_fragrantica_note_vocabulary.csv,No confirmed duplicate expression; retained as its own canonical concept.,False
Brazilian Redwood,Brazilian Redwood,CANONICAL,17_fragrantica_note_vocabulary.csv,No confirmed duplicate expression; retained as its own canonical concept.,False
Cypress Leaf,Cypress Leaf,CANONICAL,17_fragrantica_note_vocabulary.csv,No confirmed duplicate expression; retained as its own canonical concept.,False
Dandelion,Dandelion,CANONICAL,17_fragrantica_note_vocabulary.csv,No confirmed duplicate expression; retained as its own canonical concept.,False
Gaiac,Gaiac,CANONICAL,17_fragrantica_note_vocabulary.csv,No confirmed duplicate expression; retained as its own canonical concept.,False
Honeycomb,Honeycomb,CANONICAL,17_fragrantica_note_vocabulary.csv,No confirmed duplicate expression; retained as its own canonical concept.,False
Indian Saffron,Indian Saffron,CANONICAL,17_fragrantica_note_vocabulary.csv,No confirmed duplicate expression; retained as its own canonical concept.,False
Italian Jasmine,Italian Jasmine,CANONICAL,17_fragrantica_note_vocabulary.csv,No confirmed duplicate expression; retained as its own canonical concept.,False
Muscenone,Muscenone,CANONICAL,17_fragrantica_note_vocabulary.csv,No confirmed duplicate expression; retained as its own canonical concept.,False
Panacotta,Panna Cotta,SAME_CONCEPT,Fragrantica internal vocabulary; clear spelling rule,Existing raw labels differ only by a clear spelling form; an existing representative raw label is retained.,False
Red Amber,Red Amber,CANONICAL,17_fragrantica_note_vocabulary.csv,No confirmed duplicate expression; retained as its own canonical concept.,False
Reed,Reed,CANONICAL,17_fragrantica_note_vocabulary.csv,No confirmed duplicate expression; retained as its own canonical concept.,False
Tar,Tar,CANONICAL,17_fragrantica_note_vocabulary.csv,No confirmed duplicate expression; retained as its own canonical concept.,False
cream soda,cream soda,CANONICAL,17_fragrantica_note_vocabulary.csv,No confirmed duplicate expression; retained as its own canonical concept.,False
Peanut,Peanut,CANONICAL,17_fragrantica_note_vocabulary.csv,No confirmed duplicate expression; retained as its own canonical concept.,False
Bellini,Bellini,CANONICAL,17_fragrantica_note_vocabulary.csv,No confirmed duplicate expression; retained as its own canonical concept.,False
Bergamot Leaf,Bergamot Leaf,CANONICAL,17_fragrantica_note_vocabulary.csv,No confirmed duplicate expression; retained as its own canonical concept.,False
Damask Plum,Damask Plum,CANONICAL,17_fragrantica_note_vocabulary.csv,No confirmed duplicate expression; retained as its own canonical concept.,False
Gray Musk,Gray Musk,CANONICAL,17_fragrantica_note_vocabulary.csv,No confirmed duplicate expression; retained as its own canonical concept.,False
Iris Pallida,Iris Pallida,CANONICAL,17_fragrantica_note_vocabulary.csv,No confirmed duplicate expression; retained as its own canonical concept.,False
Leatherwood,Leatherwood,CANONICAL,17_fragrantica_note_vocabulary.csv,No confirmed duplicate expression; retained as its own canonical concept.,False
Plastic,Plastic,CANONICAL,17_fragrantica_note_vocabulary.csv,No confirmed duplicate expression; retained as its own canonical concept.,False
Red Tea,Red Tea,CANONICAL,17_fragrantica_note_vocabulary.csv,No confirmed duplicate expression; retained as its own canonical concept.,False
Rose Oxide,Rose Oxide,CANONICAL,17_fragrantica_note_vocabulary.csv,No confirmed duplicate expression; retained as its own canonical concept.,False
Skin musk,Skin musk,CANONICAL,17_fragrantica_note_vocabulary.csv,No confirmed duplicate expression; retained as its own canonical concept.,False
Tansy,Tansy,CANONICAL,17_fragrantica_note_vocabulary.csv,No confirmed duplicate expression; retained as its own canonical concept.,False
Yarrow,Yarrow,CANONICAL,17_fragrantica_note_vocabulary.csv,No confirmed duplicate expression; retained as its own canonical concept.,False
Butterscotch,Butterscotch,CANONICAL,17_fragrantica_note_vocabulary.csv,No confirmed duplicate expression; retained as its own canonical concept.,False
Dried Apricot,Dried Apricot,CANONICAL,17_fragrantica_note_vocabulary.csv,No confirmed duplicate expression; retained as its own canonical concept.,False
Egyptian balsam,Egyptian balsam,CANONICAL,17_fragrantica_note_vocabulary.csv,No confirmed duplicate expression; retained as its own canonical concept.,False
Italian Orris Root,Italian Orris Root,CANONICAL,17_fragrantica_note_vocabulary.csv,No confirmed duplicate expression; retained as its own canonical concept.,False
Molasses,Molasses,CANONICAL,17_fragrantica_note_vocabulary.csv,No confirmed duplicate expression; retained as its own canonical concept.,False
Pitanga,Pitanga,CANONICAL,17_fragrantica_note_vocabulary.csv,No confirmed duplicate expression; retained as its own canonical concept.,False
Suntan Lotion,Suntan Lotion,CANONICAL,17_fragrantica_note_vocabulary.csv,No confirmed duplicate expression; retained as its own canonical concept.,False
Wild Orange,Wild Orange,CANONICAL,17_fragrantica_note_vocabulary.csv,No confirmed duplicate expression; retained as its own canonical concept.,False
AmbrostarTM,AmbrostarTM,CANONICAL,17_fragrantica_note_vocabulary.csv,No confirmed duplicate expression; retained as its own canonical concept.,False
Blue Hyacinth,Blue Hyacinth,CANONICAL,17_fragrantica_note_vocabulary.csv,No confirmed duplicate expression; retained as its own canonical concept.,False
Cedar Essence,Cedar Essence,CANONICAL,17_fragrantica_note_vocabulary.csv,No confirmed duplicate expression; retained as its own canonical concept.,False
Egyptian Rose,Egyptian Rose,CANONICAL,17_fragrantica_note_vocabulary.csv,No confirmed duplicate expression; retained as its own canonical concept.,False
Liquidambar,Liquidambar,CANONICAL,17_fragrantica_note_vocabulary.csv,No confirmed duplicate expression; retained as its own canonical concept.,False
Martini,Martini,CANONICAL,17_fragrantica_note_vocabulary.csv,No confirmed duplicate expression; retained as its own canonical concept.,False
Pear Leaf,Pear Leaf,CANONICAL,17_fragrantica_note_vocabulary.csv,No confirmed duplicate expression; retained as its own canonical concept.,False
Powdered Sugar,Powdered Sugar,CANONICAL,17_fragrantica_note_vocabulary.csv,No confirmed duplicate expression; retained as its own canonical concept.,False
Rhubarb Leaf,Rhubarb Leaf,CANONICAL,17_fragrantica_note_vocabulary.csv,No confirmed duplicate expression; retained as its own canonical concept.,False
Wallflower,Wallflower,CANONICAL,17_fragrantica_note_vocabulary.csv,No confirmed duplicate expression; retained as its own canonical concept.,False
Wintergreen,Wintergreen,CANONICAL,17_fragrantica_note_vocabulary.csv,No confirmed duplicate expression; retained as its own canonical concept.,False
Fabric,Fabric,CANONICAL,17_fragrantica_note_vocabulary.csv,No confirmed duplicate expression; retained as its own canonical concept.,False
Bergamot Blossom,Bergamot Blossom,CANONICAL,17_fragrantica_note_vocabulary.csv,No confirmed duplicate expression; retained as its own canonical concept.,False
Black Iris,Black Iris,CANONICAL,17_fragrantica_note_vocabulary.csv,No confirmed duplicate expression; retained as its own canonical concept.,False
Cacao Butter,Cacao Butter,CANONICAL,17_fragrantica_note_vocabulary.csv,No confirmed duplicate expression; retained as its own canonical concept.,False
Candied Ginger,Candied Ginger,CANONICAL,17_fragrantica_note_vocabulary.csv,No confirmed duplicate expression; retained as its own canonical concept.,False
Cassia Bourbon,Cassia Bourbon,CANONICAL,17_fragrantica_note_vocabulary.csv,No confirmed duplicate expression; retained as its own canonical concept.,False
Cheese,Cheese,CANONICAL,17_fragrantica_note_vocabulary.csv,No confirmed duplicate expression; retained as its own canonical concept.,False
Curry Tree,Curry Tree,CANONICAL,17_fragrantica_note_vocabulary.csv,No confirmed duplicate expression; retained as its own canonical concept.,False
Goji Berries,Goji Berries,CANONICAL,17_fragrantica_note_vocabulary.csv,No confirmed duplicate expression; retained as its own canonical concept.,False
Hibiscus Seed,Hibiscus Seed,CANONICAL,17_fragrantica_note_vocabulary.csv,No confirmed duplicate expression; retained as its own canonical concept.,False
Mugane,Mugane,CANONICAL,17_fragrantica_note_vocabulary.csv,No confirmed duplicate expression; retained as its own canonical concept.,False
Pea,Pea,CANONICAL,17_fragrantica_note_vocabulary.csv,No confirmed duplicate expression; retained as its own canonical concept.,False
Prosecco,Prosecco,CANONICAL,17_fragrantica_note_vocabulary.csv,No confirmed duplicate expression; retained as its own canonical concept.,False
Sap,Sap,CANONICAL,17_fragrantica_note_vocabulary.csv,No confirmed duplicate expression; retained as its own canonical concept.,False
Charred Wood,Charred Wood,CANONICAL,17_fragrantica_note_vocabulary.csv,No confirmed duplicate expression; retained as its own canonical concept.,False
African Ginger,African Ginger,CANONICAL,17_fragrantica_note_vocabulary.csv,No confirmed duplicate expression; retained as its own canonical concept.,False
Bushman Candle,Bushman Candle,CANONICAL,17_fragrantica_note_vocabulary.csv,No confirmed duplicate expression; retained as its own canonical concept.,False
Gorse,Gorse,CANONICAL,17_fragrantica_note_vocabulary.csv,No confirmed duplicate expression; retained as its own canonical concept.,False
Hot iron,Hot iron,CANONICAL,17_fragrantica_note_vocabulary.csv,No confirmed duplicate expression; retained as its own canonical concept.,False
Manuka,Manuka,CANONICAL,17_fragrantica_note_vocabulary.csv,No confirmed duplicate expression; retained as its own canonical concept.,False
Old Books,Old Books,CANONICAL,17_fragrantica_note_vocabulary.csv,No confirmed duplicate expression; retained as its own canonical concept.,False
Orangewood,Orangewood,CANONICAL,17_fragrantica_note_vocabulary.csv,No confirmed duplicate expression; retained as its own canonical concept.,False
Sinfonide,Sinfonide,CANONICAL,17_fragrantica_note_vocabulary.csv,No confirmed duplicate expression; retained as its own canonical concept.,False
Transparent Woods,Transparent Woods,CANONICAL,17_fragrantica_note_vocabulary.csv,No confirmed duplicate expression; retained as its own canonical concept.,False
Tulsi,Tulsi,CANONICAL,17_fragrantica_note_vocabulary.csv,No confirmed duplicate expression; retained as its own canonical concept.,False
Vermouth,Vermouth,CANONICAL,17_fragrantica_note_vocabulary.csv,No confirmed duplicate expression; retained as its own canonical concept.,False
Yellow Narcissus,Yellow Narcissus,CANONICAL,17_fragrantica_note_vocabulary.csv,No confirmed duplicate expression; retained as its own canonical concept.,False
latex,latex,CANONICAL,17_fragrantica_note_vocabulary.csv,No confirmed duplicate expression; retained as its own canonical concept.,False
Larch,Larch,CANONICAL,17_fragrantica_note_vocabulary.csv,No confirmed duplicate expression; retained as its own canonical concept.,False
Olive Leaf,Olive Leaf,CANONICAL,17_fragrantica_note_vocabulary.csv,No confirmed duplicate expression; retained as its own canonical concept.,False
Aglaia,Aglaia,CANONICAL,17_fragrantica_note_vocabulary.csv,No confirmed duplicate expression; retained as its own canonical concept.,False
Calabrian Mandarin,Calabrian Mandarin,CANONICAL,17_fragrantica_note_vocabulary.csv,No confirmed duplicate expression; retained as its own canonical concept.,False
Cantaloupe,Cantaloupe,CANONICAL,17_fragrantica_note_vocabulary.csv,No confirmed duplicate expression; retained as its own canonical concept.,False
Coconut Powder,Coconut Powder,CANONICAL,17_fragrantica_note_vocabulary.csv,No confirmed duplicate expression; retained as its own canonical concept.,False
Coton candy,Cotton Candy,SAME_CONCEPT,Fragrantica internal vocabulary; clear spelling rule,Existing raw labels differ only by a clear spelling form; an existing representative raw label is retained.,False
Fig Milk,Fig Milk,CANONICAL,17_fragrantica_note_vocabulary.csv,No confirmed duplicate expression; retained as its own canonical concept.,False
Green Forest,Green Forest,CANONICAL,17_fragrantica_note_vocabulary.csv,No confirmed duplicate expression; retained as its own canonical concept.,False
Jacaranda,Jacaranda,CANONICAL,17_fragrantica_note_vocabulary.csv,No confirmed duplicate expression; retained as its own canonical concept.,False
Magnolia Leaf,Magnolia Leaf,CANONICAL,17_fragrantica_note_vocabulary.csv,No confirmed duplicate expression; retained as its own canonical concept.,False
Mandora,Mandora,CANONICAL,17_fragrantica_note_vocabulary.csv,No confirmed duplicate expression; retained as its own canonical concept.,False
Natural Vanilla,Natural Vanilla,CANONICAL,17_fragrantica_note_vocabulary.csv,No confirmed duplicate expression; retained as its own canonical concept.,False
Roots,Roots,CANONICAL,17_fragrantica_note_vocabulary.csv,No confirmed duplicate expression; retained as its own canonical concept.,False
Steam Accord,Steam Accord,CANONICAL,17_fragrantica_note_vocabulary.csv,No confirmed duplicate expression; retained as its own canonical concept.,False
Tiramisu,Tiramisu,CANONICAL,17_fragrantica_note_vocabulary.csv,No confirmed duplicate expression; retained as its own canonical concept.,False
Waffle,Waffle,CANONICAL,17_fragrantica_note_vocabulary.csv,No confirmed duplicate expression; retained as its own canonical concept.,False
Chinotto,Chinotto,CANONICAL,17_fragrantica_note_vocabulary.csv,No confirmed duplicate expression; retained as its own canonical concept.,False
Corn,Corn,CANONICAL,17_fragrantica_note_vocabulary.csv,No confirmed duplicate expression; retained as its own canonical concept.,False
AMBROX® SUPER,Ambrox Super,SAME_CONCEPT,Fragrantica internal vocabulary; case/space/hyphen/punctuation rule,Existing raw labels differ only by a case/space/hyphen/punctuation form; an existing representative raw label is retained.,False
Apple Leaf,Apple Leaf,CANONICAL,17_fragrantica_note_vocabulary.csv,No confirmed duplicate expression; retained as its own canonical concept.,False
Bourbon Pepper,Bourbon Pepper,CANONICAL,17_fragrantica_note_vocabulary.csv,No confirmed duplicate expression; retained as its own canonical concept.,False
Citrus Leaves,Citrus Leaves,CANONICAL,17_fragrantica_note_vocabulary.csv,No confirmed duplicate expression; retained as its own canonical concept.,False
French Narcissus,French Narcissus,CANONICAL,17_fragrantica_note_vocabulary.csv,No confirmed duplicate expression; retained as its own canonical concept.,False
Fresh Cream,Fresh Cream,CANONICAL,17_fragrantica_note_vocabulary.csv,No confirmed duplicate expression; retained as its own canonical concept.,False
Honeydew Melon,Honeydew Melon,CANONICAL,17_fragrantica_note_vocabulary.csv,No confirmed duplicate expression; retained as its own canonical concept.,False
Indian Ginger,Indian Ginger,CANONICAL,17_fragrantica_note_vocabulary.csv,No confirmed duplicate expression; retained as its own canonical concept.,False
Japanese Plum,Japanese Plum,CANONICAL,17_fragrantica_note_vocabulary.csv,No confirmed duplicate expression; retained as its own canonical concept.,False
Marron glace,Marron glace,CANONICAL,17_fragrantica_note_vocabulary.csv,No confirmed duplicate expression; retained as its own canonical concept.,False
Pebbles,Pebbles,CANONICAL,17_fragrantica_note_vocabulary.csv,No confirmed duplicate expression; retained as its own canonical concept.,False
Peppertree,Peppertree,CANONICAL,17_fragrantica_note_vocabulary.csv,No confirmed duplicate expression; retained as its own canonical concept.,False
Peruvian Pepper,Peruvian Pepper,CANONICAL,17_fragrantica_note_vocabulary.csv,No confirmed duplicate expression; retained as its own canonical concept.,False
Propolis,Propolis,CANONICAL,17_fragrantica_note_vocabulary.csv,No confirmed duplicate expression; retained as its own canonical concept.,False
Red Lily,Red Lily,CANONICAL,17_fragrantica_note_vocabulary.csv,No confirmed duplicate expression; retained as its own canonical concept.,False
Rose Jam,Rose Jam,CANONICAL,17_fragrantica_note_vocabulary.csv,No confirmed duplicate expression; retained as its own canonical concept.,False
Saffiano Leather,Saffiano Leather,CANONICAL,17_fragrantica_note_vocabulary.csv,No confirmed duplicate expression; retained as its own canonical concept.,False
Yogurt,Yogurt,CANONICAL,17_fragrantica_note_vocabulary.csv,No confirmed duplicate expression; retained as its own canonical concept.,False
Choya Ral,Choya Ral,CANONICAL,17_fragrantica_note_vocabulary.csv,No confirmed duplicate expression; retained as its own canonical concept.,False
Sake,Sake,CANONICAL,17_fragrantica_note_vocabulary.csv,No confirmed duplicate expression; retained as its own canonical concept.,False
Blue Rose,Blue Rose,CANONICAL,17_fragrantica_note_vocabulary.csv,No confirmed duplicate expression; retained as its own canonical concept.,False
Cherry extract,Cherry extract,CANONICAL,17_fragrantica_note_vocabulary.csv,No confirmed duplicate expression; retained as its own canonical concept.,False
Cookie Dough,Cookie Dough,CANONICAL,17_fragrantica_note_vocabulary.csv,No confirmed duplicate expression; retained as its own canonical concept.,False
Cornflower or Sultan seeds,Cornflower or Sultan seeds,CANONICAL,17_fragrantica_note_vocabulary.csv,No confirmed duplicate expression; retained as its own canonical concept.,False
Croissant,Croissant,CANONICAL,17_fragrantica_note_vocabulary.csv,No confirmed duplicate expression; retained as its own canonical concept.,False
Hiba,Hiba,CANONICAL,17_fragrantica_note_vocabulary.csv,No confirmed duplicate expression; retained as its own canonical concept.,False
Pansy,Pansy,CANONICAL,17_fragrantica_note_vocabulary.csv,No confirmed duplicate expression; retained as its own canonical concept.,False
Pear Wood,Pear Wood,CANONICAL,17_fragrantica_note_vocabulary.csv,No confirmed duplicate expression; retained as its own canonical concept.,False
Puff Pastry,Puff Pastry,CANONICAL,17_fragrantica_note_vocabulary.csv,No confirmed duplicate expression; retained as its own canonical concept.,False
Spanish Jasmine,Spanish Jasmine,CANONICAL,17_fragrantica_note_vocabulary.csv,No confirmed duplicate expression; retained as its own canonical concept.,False
Tangelo,Tangelo,CANONICAL,17_fragrantica_note_vocabulary.csv,No confirmed duplicate expression; retained as its own canonical concept.,False
White Ginger,White Ginger,CANONICAL,17_fragrantica_note_vocabulary.csv,No confirmed duplicate expression; retained as its own canonical concept.,False
White Heliotrope,White Heliotrope,CANONICAL,17_fragrantica_note_vocabulary.csv,No confirmed duplicate expression; retained as its own canonical concept.,False
Yellow Fruits,Yellow Fruits,CANONICAL,17_fragrantica_note_vocabulary.csv,No confirmed duplicate expression; retained as its own canonical concept.,False
Ambreine,Ambreine,CANONICAL,17_fragrantica_note_vocabulary.csv,No confirmed duplicate expression; retained as its own canonical concept.,False
Bakhoor,Bakhoor,CANONICAL,17_fragrantica_note_vocabulary.csv,No confirmed duplicate expression; retained as its own canonical concept.,False
Belladonna,Belladonna,CANONICAL,17_fragrantica_note_vocabulary.csv,No confirmed duplicate expression; retained as its own canonical concept.,False
Citrus Leaf,Citrus Leaf,CANONICAL,17_fragrantica_note_vocabulary.csv,No confirmed duplicate expression; retained as its own canonical concept.,False
Dried Rose,Dried Rose,CANONICAL,17_fragrantica_note_vocabulary.csv,No confirmed duplicate expression; retained as its own canonical concept.,False
Egyptian Pelargonium,Egyptian Pelargonium,CANONICAL,17_fragrantica_note_vocabulary.csv,No confirmed duplicate expression; retained as its own canonical concept.,False
Galaxolide,Galaxolide,CANONICAL,17_fragrantica_note_vocabulary.csv,No confirmed duplicate expression; retained as its own canonical concept.,False
Green Anjou Pears,Green Anjou Pears,CANONICAL,17_fragrantica_note_vocabulary.csv,No confirmed duplicate expression; retained as its own canonical concept.,False
Green Orange,Green Orange,CANONICAL,17_fragrantica_note_vocabulary.csv,No confirmed duplicate expression; retained as its own canonical concept.,False
Iced Lemon,Iced Lemon,CANONICAL,17_fragrantica_note_vocabulary.csv,No confirmed duplicate expression; retained as its own canonical concept.,False
Italian Cypress,Italian Cypress,CANONICAL,17_fragrantica_note_vocabulary.csv,No confirmed duplicate expression; retained as its own canonical concept.,False
Maninka,Maninka,CANONICAL,17_fragrantica_note_vocabulary.csv,No confirmed duplicate expression; retained as its own canonical concept.,False
Mocha,Mocha,CANONICAL,17_fragrantica_note_vocabulary.csv,No confirmed duplicate expression; retained as its own canonical concept.,False
Pataqueira,Pataqueira,CANONICAL,17_fragrantica_note_vocabulary.csv,No confirmed duplicate expression; retained as its own canonical concept.,False
Safraleine,Safraleine,CANONICAL,17_fragrantica_note_vocabulary.csv,No confirmed duplicate expression; retained as its own canonical concept.,False
Star Fruit,Star Fruit,CANONICAL,17_fragrantica_note_vocabulary.csv,No confirmed duplicate expression; retained as its own canonical concept.,False
Tahitian Gardenia,Tahitian Gardenia,CANONICAL,17_fragrantica_note_vocabulary.csv,No confirmed duplicate expression; retained as its own canonical concept.,False
Tangerine Blossom,Tangerine Blossom,CANONICAL,17_fragrantica_note_vocabulary.csv,No confirmed duplicate expression; retained as its own canonical concept.,False
Balsamic Vinegar,Balsamic Vinegar,CANONICAL,17_fragrantica_note_vocabulary.csv,No confirmed duplicate expression; retained as its own canonical concept.,False
Basil Leaf,Basil Leaf,CANONICAL,17_fragrantica_note_vocabulary.csv,No confirmed duplicate expression; retained as its own canonical concept.,False
Boozy Notes,Boozy Notes,CANONICAL,17_fragrantica_note_vocabulary.csv,No confirmed duplicate expression; retained as its own canonical concept.,False
Calypsone,Calypsone,CANONICAL,17_fragrantica_note_vocabulary.csv,No confirmed duplicate expression; retained as its own canonical concept.,False
Campari,Campari,CANONICAL,17_fragrantica_note_vocabulary.csv,No confirmed duplicate expression; retained as its own canonical concept.,False
Carob tree,Carob tree,CANONICAL,17_fragrantica_note_vocabulary.csv,No confirmed duplicate expression; retained as its own canonical concept.,False
Cyperus esculentus,Cyperus esculentus,CANONICAL,17_fragrantica_note_vocabulary.csv,No confirmed duplicate expression; retained as its own canonical concept.,False
Goat hair tincture,Goat hair tincture,CANONICAL,17_fragrantica_note_vocabulary.csv,No confirmed duplicate expression; retained as its own canonical concept.,False
Jasmine Leaf,Jasmine Leaf,CANONICAL,17_fragrantica_note_vocabulary.csv,No confirmed duplicate expression; retained as its own canonical concept.,False
Kephalis,Kephalis,CANONICAL,17_fragrantica_note_vocabulary.csv,No confirmed duplicate expression; retained as its own canonical concept.,False
Kulfi,Kulfi,CANONICAL,17_fragrantica_note_vocabulary.csv,No confirmed duplicate expression; retained as its own canonical concept.,False
Methyl Pamplemousse,Methyl Pamplemousse,CANONICAL,17_fragrantica_note_vocabulary.csv,No confirmed duplicate expression; retained as its own canonical concept.,False
NorlimbanolTM,NorlimbanolTM,CANONICAL,17_fragrantica_note_vocabulary.csv,No confirmed duplicate expression; retained as its own canonical concept.,False
Nutmeg Flower,Nutmeg Flower,CANONICAL,17_fragrantica_note_vocabulary.csv,No confirmed duplicate expression; retained as its own canonical concept.,False
Redwood,Redwood,CANONICAL,17_fragrantica_note_vocabulary.csv,No confirmed duplicate expression; retained as its own canonical concept.,False
Rosebud,Rosebud,CANONICAL,17_fragrantica_note_vocabulary.csv,No confirmed duplicate expression; retained as its own canonical concept.,False
Storax,Storax,CANONICAL,17_fragrantica_note_vocabulary.csv,No confirmed duplicate expression; retained as its own canonical concept.,False
Strawberry Syrup,Strawberry Syrup,CANONICAL,17_fragrantica_note_vocabulary.csv,No confirmed duplicate expression; retained as its own canonical concept.,False
Bougainvillea,Bougainvillea,CANONICAL,17_fragrantica_note_vocabulary.csv,No confirmed duplicate expression; retained as its own canonical concept.,False
False Jasmine,False Jasmine,CANONICAL,17_fragrantica_note_vocabulary.csv,No confirmed duplicate expression; retained as its own canonical concept.,False
Jackfruit,Jackfruit,CANONICAL,17_fragrantica_note_vocabulary.csv,No confirmed duplicate expression; retained as its own canonical concept.,False
Amaranth,Amaranth,CANONICAL,17_fragrantica_note_vocabulary.csv,No confirmed duplicate expression; retained as its own canonical concept.,False
Amber Oil,Amber Oil,CANONICAL,17_fragrantica_note_vocabulary.csv,No confirmed duplicate expression; retained as its own canonical concept.,False
Asafoetida,Asafoetida,CANONICAL,17_fragrantica_note_vocabulary.csv,No confirmed duplicate expression; retained as its own canonical concept.,False
Banana Flower,Banana Flower,CANONICAL,17_fragrantica_note_vocabulary.csv,No confirmed duplicate expression; retained as its own canonical concept.,False
Bluebell,Bluebell,CANONICAL,17_fragrantica_note_vocabulary.csv,No confirmed duplicate expression; retained as its own canonical concept.,False
Brazil nut,Brazil nut,CANONICAL,17_fragrantica_note_vocabulary.csv,No confirmed duplicate expression; retained as its own canonical concept.,False
Canadian balsam,Canadian balsam,CANONICAL,17_fragrantica_note_vocabulary.csv,No confirmed duplicate expression; retained as its own canonical concept.,False
Chinese Cinnamon Wood,Chinese Cinnamon Wood,CANONICAL,17_fragrantica_note_vocabulary.csv,No confirmed duplicate expression; retained as its own canonical concept.,False
Chinese Peony,Chinese Peony,CANONICAL,17_fragrantica_note_vocabulary.csv,No confirmed duplicate expression; retained as its own canonical concept.,False
Cloudberry,Cloudberry,CANONICAL,17_fragrantica_note_vocabulary.csv,No confirmed duplicate expression; retained as its own canonical concept.,False
Coffee CO2,Coffee CO2,CANONICAL,17_fragrantica_note_vocabulary.csv,No confirmed duplicate expression; retained as its own canonical concept.,False
Dihydromyrcenol,Dihydromyrcenol,CANONICAL,17_fragrantica_note_vocabulary.csv,No confirmed duplicate expression; retained as its own canonical concept.,False
Guarana,Guarana,CANONICAL,17_fragrantica_note_vocabulary.csv,No confirmed duplicate expression; retained as its own canonical concept.,False
Iran Galbanum,Iran Galbanum,CANONICAL,17_fragrantica_note_vocabulary.csv,No confirmed duplicate expression; retained as its own canonical concept.,False
Iris Petals,Iris Petals,CANONICAL,17_fragrantica_note_vocabulary.csv,No confirmed duplicate expression; retained as its own canonical concept.,False
Japanese Loquat,Japanese Loquat,CANONICAL,17_fragrantica_note_vocabulary.csv,No confirmed duplicate expression; retained as its own canonical concept.,False
Mahonia,Mahonia,CANONICAL,17_fragrantica_note_vocabulary.csv,No confirmed duplicate expression; retained as its own canonical concept.,False
Mirabilis,Mirabilis,CANONICAL,17_fragrantica_note_vocabulary.csv,No confirmed duplicate expression; retained as its own canonical concept.,False
Muhuhu,Muhuhu,CANONICAL,17_fragrantica_note_vocabulary.csv,No confirmed duplicate expression; retained as its own canonical concept.,False
Mystikal,Mystikal,CANONICAL,17_fragrantica_note_vocabulary.csv,No confirmed duplicate expression; retained as its own canonical concept.,False
Nag Champa,Nag Champa,CANONICAL,17_fragrantica_note_vocabulary.csv,No confirmed duplicate expression; retained as its own canonical concept.,False
Rice Basmati,Rice Basmati,CANONICAL,17_fragrantica_note_vocabulary.csv,No confirmed duplicate expression; retained as its own canonical concept.,False
Sea Buckthorn,Sea Buckthorn,CANONICAL,17_fragrantica_note_vocabulary.csv,No confirmed duplicate expression; retained as its own canonical concept.,False
Sea Daffodil,Sea Daffodil,CANONICAL,17_fragrantica_note_vocabulary.csv,No confirmed duplicate expression; retained as its own canonical concept.,False
Soybean,Soybean,CANONICAL,17_fragrantica_note_vocabulary.csv,No confirmed duplicate expression; retained as its own canonical concept.,False
Sycamore,Sycamore,CANONICAL,17_fragrantica_note_vocabulary.csv,No confirmed duplicate expression; retained as its own canonical concept.,False
White Willow,White Willow,CANONICAL,17_fragrantica_note_vocabulary.csv,No confirmed duplicate expression; retained as its own canonical concept.,False
Yellow Plum,Yellow Plum,CANONICAL,17_fragrantica_note_vocabulary.csv,No confirmed duplicate expression; retained as its own canonical concept.,False
Arabian Spices,Arabian Spices,CANONICAL,17_fragrantica_note_vocabulary.csv,No confirmed duplicate expression; retained as its own canonical concept.,False
Bay essence,Bay essence,CANONICAL,17_fragrantica_note_vocabulary.csv,No confirmed duplicate expression; retained as its own canonical concept.,False
Aquozone,Aquozone,CANONICAL,17_fragrantica_note_vocabulary.csv,No confirmed duplicate expression; retained as its own canonical concept.,False
Argentinian Lemon,Argentinian Lemon,CANONICAL,17_fragrantica_note_vocabulary.csv,No confirmed duplicate expression; retained as its own canonical concept.,False
Azalea,Azalea,CANONICAL,17_fragrantica_note_vocabulary.csv,No confirmed duplicate expression; retained as its own canonical concept.,False
Beetroot,Beetroot,CANONICAL,17_fragrantica_note_vocabulary.csv,No confirmed duplicate expression; retained as its own canonical concept.,False
Borneol,Borneol,CANONICAL,17_fragrantica_note_vocabulary.csv,No confirmed duplicate expression; retained as its own canonical concept.,False
Bourbon Rose,Bourbon Rose,CANONICAL,17_fragrantica_note_vocabulary.csv,No confirmed duplicate expression; retained as its own canonical concept.,False
Boysenberry,Boysenberry,CANONICAL,17_fragrantica_note_vocabulary.csv,No confirmed duplicate expression; retained as its own canonical concept.,False
Cananga,Cananga,CANONICAL,17_fragrantica_note_vocabulary.csv,No confirmed duplicate expression; retained as its own canonical concept.,False
Cashew,Cashew,CANONICAL,17_fragrantica_note_vocabulary.csv,No confirmed duplicate expression; retained as its own canonical concept.,False
Coral Reef,Coral Reef,CANONICAL,17_fragrantica_note_vocabulary.csv,No confirmed duplicate expression; retained as its own canonical concept.,False
Florida Grapefruit,Florida Grapefruit,CANONICAL,17_fragrantica_note_vocabulary.csv,No confirmed duplicate expression; retained as its own canonical concept.,False
Fruity and Spicy Notes,Fruity and Spicy Notes,CANONICAL,17_fragrantica_note_vocabulary.csv,No confirmed duplicate expression; retained as its own canonical concept.,False
Grape leaves,Grape leaves,CANONICAL,17_fragrantica_note_vocabulary.csv,No confirmed duplicate expression; retained as its own canonical concept.,False
Hazelnut cocoa spread,Hazelnut cocoa spread,CANONICAL,17_fragrantica_note_vocabulary.csv,No confirmed duplicate expression; retained as its own canonical concept.,False
Hyraceum,Hyraceum,CANONICAL,17_fragrantica_note_vocabulary.csv,No confirmed duplicate expression; retained as its own canonical concept.,False
Jade Flower,Jade Flower,CANONICAL,17_fragrantica_note_vocabulary.csv,No confirmed duplicate expression; retained as its own canonical concept.,False
Pepperwood or Hercules Club,Pepperwood or Hercules Club,CANONICAL,17_fragrantica_note_vocabulary.csv,No confirmed duplicate expression; retained as its own canonical concept.,False
Rangoon Creeper,Rangoon Creeper,CANONICAL,17_fragrantica_note_vocabulary.csv,No confirmed duplicate expression; retained as its own canonical concept.,False
Rice Flower,Rice Flower,CANONICAL,17_fragrantica_note_vocabulary.csv,No confirmed duplicate expression; retained as its own canonical concept.,False
Star apple,Star apple,CANONICAL,17_fragrantica_note_vocabulary.csv,No confirmed duplicate expression; retained as its own canonical concept.,False
Strelitzia,Strelitzia,CANONICAL,17_fragrantica_note_vocabulary.csv,No confirmed duplicate expression; retained as its own canonical concept.,False
Wasabi,Wasabi,CANONICAL,17_fragrantica_note_vocabulary.csv,No confirmed duplicate expression; retained as its own canonical concept.,False
Yeast,Yeast,CANONICAL,17_fragrantica_note_vocabulary.csv,No confirmed duplicate expression; retained as its own canonical concept.,False
Avocado,Avocado,CANONICAL,17_fragrantica_note_vocabulary.csv,No confirmed duplicate expression; retained as its own canonical concept.,False
Michelia,Michelia,CANONICAL,17_fragrantica_note_vocabulary.csv,No confirmed duplicate expression; retained as its own canonical concept.,False
Beer,Beer,CANONICAL,17_fragrantica_note_vocabulary.csv,No confirmed duplicate expression; retained as its own canonical concept.,False
Bulgarian Light Tobacco,Bulgarian Light Tobacco,CANONICAL,17_fragrantica_note_vocabulary.csv,No confirmed duplicate expression; retained as its own canonical concept.,False
Calamansi,Calamansi,CANONICAL,17_fragrantica_note_vocabulary.csv,No confirmed duplicate expression; retained as its own canonical concept.,False
Californian Lemon,Californian Lemon,CANONICAL,17_fragrantica_note_vocabulary.csv,No confirmed duplicate expression; retained as its own canonical concept.,False
Cone Waffle,Cone Waffle,CANONICAL,17_fragrantica_note_vocabulary.csv,No confirmed duplicate expression; retained as its own canonical concept.,False
Cork,Cork,CANONICAL,17_fragrantica_note_vocabulary.csv,No confirmed duplicate expression; retained as its own canonical concept.,False
Darjeeling Tea,Darjeeling Tea,CANONICAL,17_fragrantica_note_vocabulary.csv,No confirmed duplicate expression; retained as its own canonical concept.,False
Eglantine Rose,Eglantine Rose,CANONICAL,17_fragrantica_note_vocabulary.csv,No confirmed duplicate expression; retained as its own canonical concept.,False
Green Nard,Green Nard,CANONICAL,17_fragrantica_note_vocabulary.csv,No confirmed duplicate expression; retained as its own canonical concept.,False
Japanese Cypress,Japanese Cypress,CANONICAL,17_fragrantica_note_vocabulary.csv,No confirmed duplicate expression; retained as its own canonical concept.,False
Japanese Green Tea,Japanese Green Tea,CANONICAL,17_fragrantica_note_vocabulary.csv,No confirmed duplicate expression; retained as its own canonical concept.,False
Lotus Leaf,Lotus Leaf,CANONICAL,17_fragrantica_note_vocabulary.csv,No confirmed duplicate expression; retained as its own canonical concept.,False
Mousse de Saxe,Mousse de Saxe,CANONICAL,17_fragrantica_note_vocabulary.csv,No confirmed duplicate expression; retained as its own canonical concept.,False
Myrrh Oil,Myrrh Oil,CANONICAL,17_fragrantica_note_vocabulary.csv,No confirmed duplicate expression; retained as its own canonical concept.,False
Papaya flower,Papaya flower,CANONICAL,17_fragrantica_note_vocabulary.csv,No confirmed duplicate expression; retained as its own canonical concept.,False
Paramela,Paramela,CANONICAL,17_fragrantica_note_vocabulary.csv,No confirmed duplicate expression; retained as its own canonical concept.,False
Pepper Oil,Pepper Oil,CANONICAL,17_fragrantica_note_vocabulary.csv,No confirmed duplicate expression; retained as its own canonical concept.,False
Pink Nerium Oleander,Pink Nerium Oleander,CANONICAL,17_fragrantica_note_vocabulary.csv,No confirmed duplicate expression; retained as its own canonical concept.,False
Sicilian Bitter Orange,Sicilian Bitter Orange,CANONICAL,17_fragrantica_note_vocabulary.csv,No confirmed duplicate expression; retained as its own canonical concept.,False
Sweet Pepper,Sweet Pepper,CANONICAL,17_fragrantica_note_vocabulary.csv,No confirmed duplicate expression; retained as its own canonical concept.,False
White Carnation,White Carnation,CANONICAL,17_fragrantica_note_vocabulary.csv,No confirmed duplicate expression; retained as its own canonical concept.,False
Yellow Rose,Yellow Rose,CANONICAL,17_fragrantica_note_vocabulary.csv,No confirmed duplicate expression; retained as its own canonical concept.,False
Pancake,Pancake,CANONICAL,17_fragrantica_note_vocabulary.csv,No confirmed duplicate expression; retained as its own canonical concept.,False
Apple juice,Apple juice,CANONICAL,17_fragrantica_note_vocabulary.csv,No confirmed duplicate expression; retained as its own canonical concept.,False
Argan,Argan,CANONICAL,17_fragrantica_note_vocabulary.csv,No confirmed duplicate expression; retained as its own canonical concept.,False
Baileys Irish Cream,Baileys Irish Cream,CANONICAL,17_fragrantica_note_vocabulary.csv,No confirmed duplicate expression; retained as its own canonical concept.,False
Barberry,Barberry,CANONICAL,17_fragrantica_note_vocabulary.csv,No confirmed duplicate expression; retained as its own canonical concept.,False
Canadian Fir,Canadian Fir,CANONICAL,17_fragrantica_note_vocabulary.csv,No confirmed duplicate expression; retained as its own canonical concept.,False
Carambola,Carambola,CANONICAL,17_fragrantica_note_vocabulary.csv,No confirmed duplicate expression; retained as its own canonical concept.,False
Cherry Tree,Cherry Tree,CANONICAL,17_fragrantica_note_vocabulary.csv,No confirmed duplicate expression; retained as its own canonical concept.,False
Chocolate Flower,Chocolate Flower,CANONICAL,17_fragrantica_note_vocabulary.csv,No confirmed duplicate expression; retained as its own canonical concept.,False
Cubeb or Tailed pepper,Cubeb or Tailed pepper,CANONICAL,17_fragrantica_note_vocabulary.csv,No confirmed duplicate expression; retained as its own canonical concept.,False
Desert Rose,Desert Rose,CANONICAL,17_fragrantica_note_vocabulary.csv,No confirmed duplicate expression; retained as its own canonical concept.,False
Ember,Ember,CANONICAL,17_fragrantica_note_vocabulary.csv,No confirmed duplicate expression; retained as its own canonical concept.,False
Flouve,Flouve,CANONICAL,17_fragrantica_note_vocabulary.csv,No confirmed duplicate expression; retained as its own canonical concept.,False
Goldenrod,Goldenrod,CANONICAL,17_fragrantica_note_vocabulary.csv,No confirmed duplicate expression; retained as its own canonical concept.,False
Grapefruit Peel,Grapefruit Peel,CANONICAL,17_fragrantica_note_vocabulary.csv,No confirmed duplicate expression; retained as its own canonical concept.,False
Green Sap,Green Sap,CANONICAL,17_fragrantica_note_vocabulary.csv,No confirmed duplicate expression; retained as its own canonical concept.,False
Gummy Candies,Gummy Candies,CANONICAL,17_fragrantica_note_vocabulary.csv,No confirmed duplicate expression; retained as its own canonical concept.,False
Iced Tea,Iced Tea,CANONICAL,17_fragrantica_note_vocabulary.csv,No confirmed duplicate expression; retained as its own canonical concept.,False
Italian Violet,Italian Violet,CANONICAL,17_fragrantica_note_vocabulary.csv,No confirmed duplicate expression; retained as its own canonical concept.,False
Jabuticaba,Jabuticaba,CANONICAL,17_fragrantica_note_vocabulary.csv,No confirmed duplicate expression; retained as its own canonical concept.,False
Jasmine Orchid,Jasmine Orchid,CANONICAL,17_fragrantica_note_vocabulary.csv,No confirmed duplicate expression; retained as its own canonical concept.,False
Laminaria,Laminaria,CANONICAL,17_fragrantica_note_vocabulary.csv,No confirmed duplicate expression; retained as its own canonical concept.,False
Lysylang,Lysylang,CANONICAL,17_fragrantica_note_vocabulary.csv,No confirmed duplicate expression; retained as its own canonical concept.,False
Peach Leaf,Peach Leaf,CANONICAL,17_fragrantica_note_vocabulary.csv,No confirmed duplicate expression; retained as its own canonical concept.,False
Pinot Noir grapes,Pinot Noir grapes,CANONICAL,17_fragrantica_note_vocabulary.csv,No confirmed duplicate expression; retained as its own canonical concept.,False
Ravensara,Ravensara,CANONICAL,17_fragrantica_note_vocabulary.csv,No confirmed duplicate expression; retained as its own canonical concept.,False
Sicilian Citruses,Sicilian Citruses,CANONICAL,17_fragrantica_note_vocabulary.csv,No confirmed duplicate expression; retained as its own canonical concept.,False
Silver,Silver,CANONICAL,17_fragrantica_note_vocabulary.csv,No confirmed duplicate expression; retained as its own canonical concept.,False
Sweat,Sweat,CANONICAL,17_fragrantica_note_vocabulary.csv,No confirmed duplicate expression; retained as its own canonical concept.,False
Tulle Accord,Tulle Accord,CANONICAL,17_fragrantica_note_vocabulary.csv,No confirmed duplicate expression; retained as its own canonical concept.,False
Yellow Flowers,Yellow Flowers,CANONICAL,17_fragrantica_note_vocabulary.csv,No confirmed duplicate expression; retained as its own canonical concept.,False
Sparkling Water,Sparkling Water,CANONICAL,17_fragrantica_note_vocabulary.csv,No confirmed duplicate expression; retained as its own canonical concept.,False
African Violet,African Violet,CANONICAL,17_fragrantica_note_vocabulary.csv,No confirmed duplicate expression; retained as its own canonical concept.,False
Blackberry leaf,Blackberry leaf,CANONICAL,17_fragrantica_note_vocabulary.csv,No confirmed duplicate expression; retained as its own canonical concept.,False
Buddha's hand,Buddha's hand,CANONICAL,17_fragrantica_note_vocabulary.csv,No confirmed duplicate expression; retained as its own canonical concept.,False
Calla Lily,Calla Lily,CANONICAL,17_fragrantica_note_vocabulary.csv,No confirmed duplicate expression; retained as its own canonical concept.,False
Columbian Coffee,Columbian Coffee,CANONICAL,17_fragrantica_note_vocabulary.csv,No confirmed duplicate expression; retained as its own canonical concept.,False
Daim,Daim,CANONICAL,17_fragrantica_note_vocabulary.csv,No confirmed duplicate expression; retained as its own canonical concept.,False
Decalepis hamiltonii,Decalepis hamiltonii,CANONICAL,17_fragrantica_note_vocabulary.csv,No confirmed duplicate expression; retained as its own canonical concept.,False
Deer Musk,Deer Musk,CANONICAL,17_fragrantica_note_vocabulary.csv,No confirmed duplicate expression; retained as its own canonical concept.,False
Green Grape,Green Grape,CANONICAL,17_fragrantica_note_vocabulary.csv,No confirmed duplicate expression; retained as its own canonical concept.,False
Green Lily,Green Lily,CANONICAL,17_fragrantica_note_vocabulary.csv,No confirmed duplicate expression; retained as its own canonical concept.,False
Habanolide®,Habanolide®,CANONICAL,17_fragrantica_note_vocabulary.csv,No confirmed duplicate expression; retained as its own canonical concept.,False
Icing pink,Icing pink,CANONICAL,17_fragrantica_note_vocabulary.csv,No confirmed duplicate expression; retained as its own canonical concept.,False
Indonesian Oud,Indonesian Oud,CANONICAL,17_fragrantica_note_vocabulary.csv,No confirmed duplicate expression; retained as its own canonical concept.,False
Ionones,Ionones,CANONICAL,17_fragrantica_note_vocabulary.csv,No confirmed duplicate expression; retained as its own canonical concept.,False
Lava,Lava,CANONICAL,17_fragrantica_note_vocabulary.csv,No confirmed duplicate expression; retained as its own canonical concept.,False
Madeleine,Madeleine,CANONICAL,17_fragrantica_note_vocabulary.csv,No confirmed duplicate expression; retained as its own canonical concept.,False
Mezcal,Mezcal,CANONICAL,17_fragrantica_note_vocabulary.csv,No confirmed duplicate expression; retained as its own canonical concept.,False
Milkshake,Milkshake,CANONICAL,17_fragrantica_note_vocabulary.csv,No confirmed duplicate expression; retained as its own canonical concept.,False
Moon Flower,Moon Flower,CANONICAL,17_fragrantica_note_vocabulary.csv,No confirmed duplicate expression; retained as its own canonical concept.,False
Pear Ice Cream,Pear Ice Cream,CANONICAL,17_fragrantica_note_vocabulary.csv,No confirmed duplicate expression; retained as its own canonical concept.,False
Plum Tree,Plum Tree,CANONICAL,17_fragrantica_note_vocabulary.csv,No confirmed duplicate expression; retained as its own canonical concept.,False
Red Litchi,Red Litchi,CANONICAL,17_fragrantica_note_vocabulary.csv,No confirmed duplicate expression; retained as its own canonical concept.,False
Rue,Rue,CANONICAL,17_fragrantica_note_vocabulary.csv,No confirmed duplicate expression; retained as its own canonical concept.,False
Sapodilla,Sapodilla,CANONICAL,17_fragrantica_note_vocabulary.csv,No confirmed duplicate expression; retained as its own canonical concept.,False
Tea Tree Oil,Tea Tree Oil,CANONICAL,17_fragrantica_note_vocabulary.csv,No confirmed duplicate expression; retained as its own canonical concept.,False
Wet Stone,Wet Stone,CANONICAL,17_fragrantica_note_vocabulary.csv,No confirmed duplicate expression; retained as its own canonical concept.,False
White Grape,White Grape,CANONICAL,17_fragrantica_note_vocabulary.csv,No confirmed duplicate expression; retained as its own canonical concept.,False
Williams Pear,Williams Pear,CANONICAL,17_fragrantica_note_vocabulary.csv,No confirmed duplicate expression; retained as its own canonical concept.,False
African Marigold,African Marigold,CANONICAL,17_fragrantica_note_vocabulary.csv,No confirmed duplicate expression; retained as its own canonical concept.,False
Agave nectar,Agave nectar,CANONICAL,17_fragrantica_note_vocabulary.csv,No confirmed duplicate expression; retained as its own canonical concept.,False
Angels Trumpet,Angel's Trumpet,SAME_CONCEPT,Fragrantica internal vocabulary; case/space/hyphen/punctuation rule,Existing raw labels differ only by a case/space/hyphen/punctuation form; an existing representative raw label is retained.,False
Black hemlock or Tsuga,Black hemlock or Tsuga,CANONICAL,17_fragrantica_note_vocabulary.csv,No confirmed duplicate expression; retained as its own canonical concept.,False
Brioche,Brioche,CANONICAL,17_fragrantica_note_vocabulary.csv,No confirmed duplicate expression; retained as its own canonical concept.,False
Carnation leaves,Carnation leaves,CANONICAL,17_fragrantica_note_vocabulary.csv,No confirmed duplicate expression; retained as its own canonical concept.,False
Cherry Syrup,Cherry Syrup,CANONICAL,17_fragrantica_note_vocabulary.csv,No confirmed duplicate expression; retained as its own canonical concept.,False
Chinese Tea,Chinese Tea,CANONICAL,17_fragrantica_note_vocabulary.csv,No confirmed duplicate expression; retained as its own canonical concept.,False
Daphne,Daphne,CANONICAL,17_fragrantica_note_vocabulary.csv,No confirmed duplicate expression; retained as its own canonical concept.,False
Elderflower,Elderflower,CANONICAL,17_fragrantica_note_vocabulary.csv,No confirmed duplicate expression; retained as its own canonical concept.,False
Flour,Flour,CANONICAL,17_fragrantica_note_vocabulary.csv,No confirmed duplicate expression; retained as its own canonical concept.,False
Fresh Evergreen,Fresh Evergreen,CANONICAL,17_fragrantica_note_vocabulary.csv,No confirmed duplicate expression; retained as its own canonical concept.,False
Guava blossom,Guava blossom,CANONICAL,17_fragrantica_note_vocabulary.csv,No confirmed duplicate expression; retained as its own canonical concept.,False
Hawaiian Jasmine,Hawaiian Jasmine,CANONICAL,17_fragrantica_note_vocabulary.csv,No confirmed duplicate expression; retained as its own canonical concept.,False
Indian Vanilla,Indian Vanilla,CANONICAL,17_fragrantica_note_vocabulary.csv,No confirmed duplicate expression; retained as its own canonical concept.,False
Industrial glue,Industrial glue,CANONICAL,17_fragrantica_note_vocabulary.csv,No confirmed duplicate expression; retained as its own canonical concept.,False
Melissa Flower,Melissa Flower,CANONICAL,17_fragrantica_note_vocabulary.csv,No confirmed duplicate expression; retained as its own canonical concept.,False
Motor Oil,Motor Oil,CANONICAL,17_fragrantica_note_vocabulary.csv,No confirmed duplicate expression; retained as its own canonical concept.,False
Passion Fruit,Passion Fruit,CANONICAL,17_fragrantica_note_vocabulary.csv,No confirmed duplicate expression; retained as its own canonical concept.,False
Prunella,Prunella,CANONICAL,17_fragrantica_note_vocabulary.csv,No confirmed duplicate expression; retained as its own canonical concept.,False
Pu'er tea,Pu'er tea,CANONICAL,17_fragrantica_note_vocabulary.csv,No confirmed duplicate expression; retained as its own canonical concept.,False
Sylkolide,Sylkolide,CANONICAL,17_fragrantica_note_vocabulary.csv,No confirmed duplicate expression; retained as its own canonical concept.,False
Varnish Accord,Varnish Accord,CANONICAL,17_fragrantica_note_vocabulary.csv,No confirmed duplicate expression; retained as its own canonical concept.,False
Wild Strawberry Leaf,Wild Strawberry Leaf,CANONICAL,17_fragrantica_note_vocabulary.csv,No confirmed duplicate expression; retained as its own canonical concept.,False
Wine Lees,Wine Lees,CANONICAL,17_fragrantica_note_vocabulary.csv,No confirmed duplicate expression; retained as its own canonical concept.,False
grapeflower,grapeflower,CANONICAL,17_fragrantica_note_vocabulary.csv,No confirmed duplicate expression; retained as its own canonical concept.,False
Ambretone,Ambretone,CANONICAL,17_fragrantica_note_vocabulary.csv,No confirmed duplicate expression; retained as its own canonical concept.,False
Apple Tree Blossom,Apple Tree Blossom,CANONICAL,17_fragrantica_note_vocabulary.csv,No confirmed duplicate expression; retained as its own canonical concept.,False
Australian Blue Cypress,Australian Blue Cypress,CANONICAL,17_fragrantica_note_vocabulary.csv,No confirmed duplicate expression; retained as its own canonical concept.,False
Betel Pepper,Betel Pepper,CANONICAL,17_fragrantica_note_vocabulary.csv,No confirmed duplicate expression; retained as its own canonical concept.,False
Brazilian Mandarin,Brazilian Mandarin,CANONICAL,17_fragrantica_note_vocabulary.csv,No confirmed duplicate expression; retained as its own canonical concept.,False
Calendula,Calendula,CANONICAL,17_fragrantica_note_vocabulary.csv,No confirmed duplicate expression; retained as its own canonical concept.,False
Cheesecake,Cheesecake,CANONICAL,17_fragrantica_note_vocabulary.csv,No confirmed duplicate expression; retained as its own canonical concept.,False
Cigarette,Cigarette,CANONICAL,17_fragrantica_note_vocabulary.csv,No confirmed duplicate expression; retained as its own canonical concept.,False
Clean notes,Clean notes,CANONICAL,17_fragrantica_note_vocabulary.csv,No confirmed duplicate expression; retained as its own canonical concept.,False
Coca,Coca,CANONICAL,17_fragrantica_note_vocabulary.csv,No confirmed duplicate expression; retained as its own canonical concept.,False
Confetti (Sugared Almonds),Confetti (Sugared Almonds),CANONICAL,17_fragrantica_note_vocabulary.csv,No confirmed duplicate expression; retained as its own canonical concept.,False
Cosmone,Cosmone,CANONICAL,17_fragrantica_note_vocabulary.csv,No confirmed duplicate expression; retained as its own canonical concept.,False
Crithmum,Crithmum,CANONICAL,17_fragrantica_note_vocabulary.csv,No confirmed duplicate expression; retained as its own canonical concept.,False
Dianthus,Dianthus,CANONICAL,17_fragrantica_note_vocabulary.csv,No confirmed duplicate expression; retained as its own canonical concept.,False
Dried Apple Crisp,Dried Apple Crisp,CANONICAL,17_fragrantica_note_vocabulary.csv,No confirmed duplicate expression; retained as its own canonical concept.,False
Freesia Petals,Freesia Petals,CANONICAL,17_fragrantica_note_vocabulary.csv,No confirmed duplicate expression; retained as its own canonical concept.,False
Fuchsia,Fuchsia,CANONICAL,17_fragrantica_note_vocabulary.csv,No confirmed duplicate expression; retained as its own canonical concept.,False
Gelato,Gelato,CANONICAL,17_fragrantica_note_vocabulary.csv,No confirmed duplicate expression; retained as its own canonical concept.,False
Grapefruit Leaf,Grapefruit Leaf,CANONICAL,17_fragrantica_note_vocabulary.csv,No confirmed duplicate expression; retained as its own canonical concept.,False
Iodine,Iodine,CANONICAL,17_fragrantica_note_vocabulary.csv,No confirmed duplicate expression; retained as its own canonical concept.,False
"Ishpink, Ocotea Quixos","Ishpink, Ocotea Quixos",CANONICAL,17_fragrantica_note_vocabulary.csv,No confirmed duplicate expression; retained as its own canonical concept.,False
Jatamansi or Spikenard,Jatamansi or Spikenard,CANONICAL,17_fragrantica_note_vocabulary.csv,No confirmed duplicate expression; retained as its own canonical concept.,False
Karo-Korund,Karo-Korund,CANONICAL,17_fragrantica_note_vocabulary.csv,No confirmed duplicate expression; retained as its own canonical concept.,False
Limetta,Limetta,CANONICAL,17_fragrantica_note_vocabulary.csv,No confirmed duplicate expression; retained as its own canonical concept.,False
Massoia Wood,Massoia Wood,CANONICAL,17_fragrantica_note_vocabulary.csv,No confirmed duplicate expression; retained as its own canonical concept.,False
Melilot or Sweet Clover,Melilot or Sweet Clover,CANONICAL,17_fragrantica_note_vocabulary.csv,No confirmed duplicate expression; retained as its own canonical concept.,False
PepperwoodTM,PepperwoodTM,CANONICAL,17_fragrantica_note_vocabulary.csv,No confirmed duplicate expression; retained as its own canonical concept.,False
Serenolide,Serenolide,CANONICAL,17_fragrantica_note_vocabulary.csv,No confirmed duplicate expression; retained as its own canonical concept.,False
Spray Paint,Spray Paint,CANONICAL,17_fragrantica_note_vocabulary.csv,No confirmed duplicate expression; retained as its own canonical concept.,False
Toast,Toast,CANONICAL,17_fragrantica_note_vocabulary.csv,No confirmed duplicate expression; retained as its own canonical concept.,False
Rhum Agricole,Rhum Agricole,CANONICAL,17_fragrantica_note_vocabulary.csv,No confirmed duplicate expression; retained as its own canonical concept.,False
Sumac,Sumac,CANONICAL,17_fragrantica_note_vocabulary.csv,No confirmed duplicate expression; retained as its own canonical concept.,False
Arnica,Arnica,CANONICAL,17_fragrantica_note_vocabulary.csv,No confirmed duplicate expression; retained as its own canonical concept.,False
Black locust Honey,Black locust Honey,CANONICAL,17_fragrantica_note_vocabulary.csv,No confirmed duplicate expression; retained as its own canonical concept.,False
Burnt Match,Burnt Match,CANONICAL,17_fragrantica_note_vocabulary.csv,No confirmed duplicate expression; retained as its own canonical concept.,False
Butterfly Orchid,Butterfly Orchid,CANONICAL,17_fragrantica_note_vocabulary.csv,No confirmed duplicate expression; retained as its own canonical concept.,False
Candies,Candies,CANONICAL,17_fragrantica_note_vocabulary.csv,No confirmed duplicate expression; retained as its own canonical concept.,False
Catnip,Catnip,CANONICAL,17_fragrantica_note_vocabulary.csv,No confirmed duplicate expression; retained as its own canonical concept.,False
Civettone,Civettone,CANONICAL,17_fragrantica_note_vocabulary.csv,No confirmed duplicate expression; retained as its own canonical concept.,False
Creosote Bush,Creosote Bush,CANONICAL,17_fragrantica_note_vocabulary.csv,No confirmed duplicate expression; retained as its own canonical concept.,False
Curacao,Curacao,CANONICAL,17_fragrantica_note_vocabulary.csv,No confirmed duplicate expression; retained as its own canonical concept.,False
Fig Wood Bark,Fig Wood Bark,CANONICAL,17_fragrantica_note_vocabulary.csv,No confirmed duplicate expression; retained as its own canonical concept.,False
Green Tea Flower,Green Tea Flower,CANONICAL,17_fragrantica_note_vocabulary.csv,No confirmed duplicate expression; retained as its own canonical concept.,False
Ground Cherry,Ground Cherry,CANONICAL,17_fragrantica_note_vocabulary.csv,No confirmed duplicate expression; retained as its own canonical concept.,False
Island Musk,Island Musk,CANONICAL,17_fragrantica_note_vocabulary.csv,No confirmed duplicate expression; retained as its own canonical concept.,False
Mayflower,Mayflower,CANONICAL,17_fragrantica_note_vocabulary.csv,No confirmed duplicate expression; retained as its own canonical concept.,False
Myrica,Myrica,CANONICAL,17_fragrantica_note_vocabulary.csv,No confirmed duplicate expression; retained as its own canonical concept.,False
Nootka,Nootka,CANONICAL,17_fragrantica_note_vocabulary.csv,No confirmed duplicate expression; retained as its own canonical concept.,False
NymphealTM,NymphealTM,CANONICAL,17_fragrantica_note_vocabulary.csv,No confirmed duplicate expression; retained as its own canonical concept.,False
Oud Smoke,Oud Smoke,CANONICAL,17_fragrantica_note_vocabulary.csv,No confirmed duplicate expression; retained as its own canonical concept.,False
Oysters,Oysters,CANONICAL,17_fragrantica_note_vocabulary.csv,No confirmed duplicate expression; retained as its own canonical concept.,False
Panettone,Panettone,CANONICAL,17_fragrantica_note_vocabulary.csv,No confirmed duplicate expression; retained as its own canonical concept.,False
Pink Lily,Pink Lily,CANONICAL,17_fragrantica_note_vocabulary.csv,No confirmed duplicate expression; retained as its own canonical concept.,False
Pink Litchi,Pink Litchi,CANONICAL,17_fragrantica_note_vocabulary.csv,No confirmed duplicate expression; retained as its own canonical concept.,False
Pomegranate Blossom,Pomegranate Blossom,CANONICAL,17_fragrantica_note_vocabulary.csv,No confirmed duplicate expression; retained as its own canonical concept.,False
Poplar,Poplar,CANONICAL,17_fragrantica_note_vocabulary.csv,No confirmed duplicate expression; retained as its own canonical concept.,False
Privet,Privet,CANONICAL,17_fragrantica_note_vocabulary.csv,No confirmed duplicate expression; retained as its own canonical concept.,False
Punch,Punch,CANONICAL,17_fragrantica_note_vocabulary.csv,No confirmed duplicate expression; retained as its own canonical concept.,False
Sand Lily,Sand Lily,CANONICAL,17_fragrantica_note_vocabulary.csv,No confirmed duplicate expression; retained as its own canonical concept.,False
Santolina,Santolina,CANONICAL,17_fragrantica_note_vocabulary.csv,No confirmed duplicate expression; retained as its own canonical concept.,False
Sawdust,Sawdust,CANONICAL,17_fragrantica_note_vocabulary.csv,No confirmed duplicate expression; retained as its own canonical concept.,False
Somalian Opoponax,Somalian Opoponax,CANONICAL,17_fragrantica_note_vocabulary.csv,No confirmed duplicate expression; retained as its own canonical concept.,False
Sugar Syrup,Sugar Syrup,CANONICAL,17_fragrantica_note_vocabulary.csv,No confirmed duplicate expression; retained as its own canonical concept.,False
White Hyacinth,White Hyacinth,CANONICAL,17_fragrantica_note_vocabulary.csv,No confirmed duplicate expression; retained as its own canonical concept.,False
Wood barrel,Wood barrel,CANONICAL,17_fragrantica_note_vocabulary.csv,No confirmed duplicate expression; retained as its own canonical concept.,False
oriental flower notes,oriental flower notes,CANONICAL,17_fragrantica_note_vocabulary.csv,No confirmed duplicate expression; retained as its own canonical concept.,False
Durian,Durian,CANONICAL,17_fragrantica_note_vocabulary.csv,No confirmed duplicate expression; retained as its own canonical concept.,False
Hinoki incense,Hinoki incense,CANONICAL,17_fragrantica_note_vocabulary.csv,No confirmed duplicate expression; retained as its own canonical concept.,False
Olibanum Sacra Resin Green,Olibanum Sacra Resin Green,CANONICAL,17_fragrantica_note_vocabulary.csv,No confirmed duplicate expression; retained as its own canonical concept.,False
Acerola,Acerola,CANONICAL,17_fragrantica_note_vocabulary.csv,No confirmed duplicate expression; retained as its own canonical concept.,False
Baked Apple,Baked Apple,CANONICAL,17_fragrantica_note_vocabulary.csv,No confirmed duplicate expression; retained as its own canonical concept.,False
Blue Curacao,Blue Curacao,CANONICAL,17_fragrantica_note_vocabulary.csv,No confirmed duplicate expression; retained as its own canonical concept.,False
Buddleia,Buddleia,CANONICAL,17_fragrantica_note_vocabulary.csv,No confirmed duplicate expression; retained as its own canonical concept.,False
Chinese Grapefruit,Chinese Grapefruit,CANONICAL,17_fragrantica_note_vocabulary.csv,No confirmed duplicate expression; retained as its own canonical concept.,False
Cocaine,Cocaine,CANONICAL,17_fragrantica_note_vocabulary.csv,No confirmed duplicate expression; retained as its own canonical concept.,False
Coconut Leaf,Coconut Leaf,CANONICAL,17_fragrantica_note_vocabulary.csv,No confirmed duplicate expression; retained as its own canonical concept.,False
Cottonwood (Poplar),Cottonwood (Poplar),CANONICAL,17_fragrantica_note_vocabulary.csv,No confirmed duplicate expression; retained as its own canonical concept.,False
Cuban Cigar,Cuban Cigar,CANONICAL,17_fragrantica_note_vocabulary.csv,No confirmed duplicate expression; retained as its own canonical concept.,False
Forest Foliage,Forest Foliage,CANONICAL,17_fragrantica_note_vocabulary.csv,No confirmed duplicate expression; retained as its own canonical concept.,False
Hamanasu or Japanese Rose,Hamanasu or Japanese Rose,CANONICAL,17_fragrantica_note_vocabulary.csv,No confirmed duplicate expression; retained as its own canonical concept.,False
Head Space Waterfall,Head Space Waterfall,CANONICAL,17_fragrantica_note_vocabulary.csv,No confirmed duplicate expression; retained as its own canonical concept.,False
Hellebore flower,Hellebore flower,CANONICAL,17_fragrantica_note_vocabulary.csv,No confirmed duplicate expression; retained as its own canonical concept.,False
Honeybush or Cyclopia,Honeybush or Cyclopia,CANONICAL,17_fragrantica_note_vocabulary.csv,No confirmed duplicate expression; retained as its own canonical concept.,False
Indian Mandarin,Indian Mandarin,CANONICAL,17_fragrantica_note_vocabulary.csv,No confirmed duplicate expression; retained as its own canonical concept.,False
Lantana,Lantana,CANONICAL,17_fragrantica_note_vocabulary.csv,No confirmed duplicate expression; retained as its own canonical concept.,False
Liatrix,Liatrix,CANONICAL,17_fragrantica_note_vocabulary.csv,No confirmed duplicate expression; retained as its own canonical concept.,False
Lotus Petals,Lotus Petals,CANONICAL,17_fragrantica_note_vocabulary.csv,No confirmed duplicate expression; retained as its own canonical concept.,False
Lovage Root,Lovage Root,CANONICAL,17_fragrantica_note_vocabulary.csv,No confirmed duplicate expression; retained as its own canonical concept.,False
Mimosa Petals,Mimosa Petals,CANONICAL,17_fragrantica_note_vocabulary.csv,No confirmed duplicate expression; retained as its own canonical concept.,False
Mirabella Plum,Mirabella Plum,CANONICAL,17_fragrantica_note_vocabulary.csv,No confirmed duplicate expression; retained as its own canonical concept.,False
Mistletoe,Mistletoe,CANONICAL,17_fragrantica_note_vocabulary.csv,No confirmed duplicate expression; retained as its own canonical concept.,False
Orange Cassia Tree,Orange Cassia Tree,CANONICAL,17_fragrantica_note_vocabulary.csv,No confirmed duplicate expression; retained as its own canonical concept.,False
Red currant leaf,Red currant leaf,CANONICAL,17_fragrantica_note_vocabulary.csv,No confirmed duplicate expression; retained as its own canonical concept.,False
Sclarene,Sclarene,CANONICAL,17_fragrantica_note_vocabulary.csv,No confirmed duplicate expression; retained as its own canonical concept.,False
Shea Butter,Shea Butter,CANONICAL,17_fragrantica_note_vocabulary.csv,No confirmed duplicate expression; retained as its own canonical concept.,False
St. John's Wort,St. John's Wort,CANONICAL,17_fragrantica_note_vocabulary.csv,No confirmed duplicate expression; retained as its own canonical concept.,False
Thistle,Thistle,CANONICAL,17_fragrantica_note_vocabulary.csv,No confirmed duplicate expression; retained as its own canonical concept.,False
Toasted Coconut,Toasted Coconut,CANONICAL,17_fragrantica_note_vocabulary.csv,No confirmed duplicate expression; retained as its own canonical concept.,False
Turkish Coffee Beans,Turkish Coffee Beans,CANONICAL,17_fragrantica_note_vocabulary.csv,No confirmed duplicate expression; retained as its own canonical concept.,False
Violet Woodsorrel,Violet Woodsorrel,CANONICAL,17_fragrantica_note_vocabulary.csv,No confirmed duplicate expression; retained as its own canonical concept.,False
White Bergamot,White Bergamot,CANONICAL,17_fragrantica_note_vocabulary.csv,No confirmed duplicate expression; retained as its own canonical concept.,False
Yellow Water Lily,Yellow Water Lily,CANONICAL,17_fragrantica_note_vocabulary.csv,No confirmed duplicate expression; retained as its own canonical concept.,False
Amazon Lily,Amazon Lily,CANONICAL,17_fragrantica_note_vocabulary.csv,No confirmed duplicate expression; retained as its own canonical concept.,False
Assam Tea,Assam Tea,CANONICAL,17_fragrantica_note_vocabulary.csv,No confirmed duplicate expression; retained as its own canonical concept.,False
Beer/Ale,Beer/Ale,CANONICAL,17_fragrantica_note_vocabulary.csv,No confirmed duplicate expression; retained as its own canonical concept.,False
Blackberry Blossom,Blackberry Blossom,CANONICAL,17_fragrantica_note_vocabulary.csv,No confirmed duplicate expression; retained as its own canonical concept.,False
Caffè Latte,Caffè Latte,CANONICAL,17_fragrantica_note_vocabulary.csv,No confirmed duplicate expression; retained as its own canonical concept.,False
Caipirinha,Caipirinha,CANONICAL,17_fragrantica_note_vocabulary.csv,No confirmed duplicate expression; retained as its own canonical concept.,False
Canadian Pine,Canadian Pine,CANONICAL,17_fragrantica_note_vocabulary.csv,No confirmed duplicate expression; retained as its own canonical concept.,False
Chalood Bark,Chalood Bark,CANONICAL,17_fragrantica_note_vocabulary.csv,No confirmed duplicate expression; retained as its own canonical concept.,False
Cherimoya,Cherimoya,CANONICAL,17_fragrantica_note_vocabulary.csv,No confirmed duplicate expression; retained as its own canonical concept.,False
China Rose,China Rose,CANONICAL,17_fragrantica_note_vocabulary.csv,No confirmed duplicate expression; retained as its own canonical concept.,False
Chinese Orange,Chinese Orange,CANONICAL,17_fragrantica_note_vocabulary.csv,No confirmed duplicate expression; retained as its own canonical concept.,False
Coconut Rum,Coconut Rum,CANONICAL,17_fragrantica_note_vocabulary.csv,No confirmed duplicate expression; retained as its own canonical concept.,False
Creamy Flowers,Creamy Flowers,CANONICAL,17_fragrantica_note_vocabulary.csv,No confirmed duplicate expression; retained as its own canonical concept.,False
Damascone,Damascone,CANONICAL,17_fragrantica_note_vocabulary.csv,No confirmed duplicate expression; retained as its own canonical concept.,False
Egyptian Rosewood,Egyptian Rosewood,CANONICAL,17_fragrantica_note_vocabulary.csv,No confirmed duplicate expression; retained as its own canonical concept.,False
Feijoa Fruit,Feijoa Fruit,CANONICAL,17_fragrantica_note_vocabulary.csv,No confirmed duplicate expression; retained as its own canonical concept.,False
Grape Seed,Grape Seed,CANONICAL,17_fragrantica_note_vocabulary.csv,No confirmed duplicate expression; retained as its own canonical concept.,False
Green Plum,Green Plum,CANONICAL,17_fragrantica_note_vocabulary.csv,No confirmed duplicate expression; retained as its own canonical concept.,False
Healingwood,Healingwood,CANONICAL,17_fragrantica_note_vocabulary.csv,No confirmed duplicate expression; retained as its own canonical concept.,False
Hibiscus Blossom,Hibiscus Blossom,CANONICAL,17_fragrantica_note_vocabulary.csv,No confirmed duplicate expression; retained as its own canonical concept.,False
Horchata,Horchata,CANONICAL,17_fragrantica_note_vocabulary.csv,No confirmed duplicate expression; retained as its own canonical concept.,False
Indian Pepper,Indian Pepper,CANONICAL,17_fragrantica_note_vocabulary.csv,No confirmed duplicate expression; retained as its own canonical concept.,False
Jonquille,Jonquille,CANONICAL,17_fragrantica_note_vocabulary.csv,No confirmed duplicate expression; retained as its own canonical concept.,False
Lemon Leaf Oil,Lemon Leaf Oil,CANONICAL,17_fragrantica_note_vocabulary.csv,No confirmed duplicate expression; retained as its own canonical concept.,False
Longoza,Longoza,CANONICAL,17_fragrantica_note_vocabulary.csv,No confirmed duplicate expression; retained as its own canonical concept.,False
Magnolan,Magnolan,CANONICAL,17_fragrantica_note_vocabulary.csv,No confirmed duplicate expression; retained as its own canonical concept.,False
Moroccan Incense,Moroccan Incense,CANONICAL,17_fragrantica_note_vocabulary.csv,No confirmed duplicate expression; retained as its own canonical concept.,False
Mud,Mud,CANONICAL,17_fragrantica_note_vocabulary.csv,No confirmed duplicate expression; retained as its own canonical concept.,False
Nigella,Nigella,CANONICAL,17_fragrantica_note_vocabulary.csv,No confirmed duplicate expression; retained as its own canonical concept.,False
Orange Flower Water,Orange Flower Water,CANONICAL,17_fragrantica_note_vocabulary.csv,No confirmed duplicate expression; retained as its own canonical concept.,False
Peach Cream,Peach Cream,CANONICAL,17_fragrantica_note_vocabulary.csv,No confirmed duplicate expression; retained as its own canonical concept.,False
Phlox,Phlox,CANONICAL,17_fragrantica_note_vocabulary.csv,No confirmed duplicate expression; retained as its own canonical concept.,False
Prunol,Prunol,CANONICAL,17_fragrantica_note_vocabulary.csv,No confirmed duplicate expression; retained as its own canonical concept.,False
Raspberry Blossom,Raspberry Blossom,CANONICAL,17_fragrantica_note_vocabulary.csv,No confirmed duplicate expression; retained as its own canonical concept.,False
Rice Pudding,Rice Pudding,CANONICAL,17_fragrantica_note_vocabulary.csv,No confirmed duplicate expression; retained as its own canonical concept.,False
Rose Mallow,Rose Mallow,CANONICAL,17_fragrantica_note_vocabulary.csv,No confirmed duplicate expression; retained as its own canonical concept.,False
Royal Lily,Royal Lily,CANONICAL,17_fragrantica_note_vocabulary.csv,No confirmed duplicate expression; retained as its own canonical concept.,False
Salicylic Acid,Salicylic Acid,CANONICAL,17_fragrantica_note_vocabulary.csv,No confirmed duplicate expression; retained as its own canonical concept.,False
Shea Nuts,Shea Nuts,CANONICAL,17_fragrantica_note_vocabulary.csv,No confirmed duplicate expression; retained as its own canonical concept.,False
Siam Wood,Siam Wood,CANONICAL,17_fragrantica_note_vocabulary.csv,No confirmed duplicate expression; retained as its own canonical concept.,False
Strawberry Flower,Strawberry Flower,CANONICAL,17_fragrantica_note_vocabulary.csv,No confirmed duplicate expression; retained as its own canonical concept.,False
Trees,Trees,CANONICAL,17_fragrantica_note_vocabulary.csv,No confirmed duplicate expression; retained as its own canonical concept.,False
Valencia Orange Flower,Valencia Orange Flower,CANONICAL,17_fragrantica_note_vocabulary.csv,No confirmed duplicate expression; retained as its own canonical concept.,False
White Cherry,White Cherry,CANONICAL,17_fragrantica_note_vocabulary.csv,No confirmed duplicate expression; retained as its own canonical concept.,False
White Tabacco,White Tabacco,CANONICAL,17_fragrantica_note_vocabulary.csv,No confirmed duplicate expression; retained as its own canonical concept.,False
Wolfwood,Wolfwood,CANONICAL,17_fragrantica_note_vocabulary.csv,No confirmed duplicate expression; retained as its own canonical concept.,False
citruses with sugar,citruses with sugar,CANONICAL,17_fragrantica_note_vocabulary.csv,No confirmed duplicate expression; retained as its own canonical concept.,False
Baobab,Baobab,CANONICAL,17_fragrantica_note_vocabulary.csv,No confirmed duplicate expression; retained as its own canonical concept.,False
Chimonanthus or Wintersweet,Chimonanthus or Wintersweet,CANONICAL,17_fragrantica_note_vocabulary.csv,No confirmed duplicate expression; retained as its own canonical concept.,False
Acorn,Acorn,CANONICAL,17_fragrantica_note_vocabulary.csv,No confirmed duplicate expression; retained as its own canonical concept.,False
Artichoke,Artichoke,CANONICAL,17_fragrantica_note_vocabulary.csv,No confirmed duplicate expression; retained as its own canonical concept.,False
Betel Leaf,Betel Leaf,CANONICAL,17_fragrantica_note_vocabulary.csv,No confirmed duplicate expression; retained as its own canonical concept.,False
Blackthorn,Blackthorn,CANONICAL,17_fragrantica_note_vocabulary.csv,No confirmed duplicate expression; retained as its own canonical concept.,False
Brownie,Brownie,CANONICAL,17_fragrantica_note_vocabulary.csv,No confirmed duplicate expression; retained as its own canonical concept.,False
Bulrush,Bulrush,CANONICAL,17_fragrantica_note_vocabulary.csv,No confirmed duplicate expression; retained as its own canonical concept.,False
California Orange,California Orange,CANONICAL,17_fragrantica_note_vocabulary.csv,No confirmed duplicate expression; retained as its own canonical concept.,False
California Redwood,California Redwood,CANONICAL,17_fragrantica_note_vocabulary.csv,No confirmed duplicate expression; retained as its own canonical concept.,False
Calycanthus,Calycanthus,CANONICAL,17_fragrantica_note_vocabulary.csv,No confirmed duplicate expression; retained as its own canonical concept.,False
Christmas Tree or Flame Tree,Christmas Tree or Flame Tree,CANONICAL,17_fragrantica_note_vocabulary.csv,No confirmed duplicate expression; retained as its own canonical concept.,False
Citruses Water,Citruses Water,CANONICAL,17_fragrantica_note_vocabulary.csv,No confirmed duplicate expression; retained as its own canonical concept.,False
Cocktail accord,Cocktail accord,CANONICAL,17_fragrantica_note_vocabulary.csv,No confirmed duplicate expression; retained as its own canonical concept.,False
Corn Silk,Corn Silk,CANONICAL,17_fragrantica_note_vocabulary.csv,No confirmed duplicate expression; retained as its own canonical concept.,False
Evergreen,Evergreen,CANONICAL,17_fragrantica_note_vocabulary.csv,No confirmed duplicate expression; retained as its own canonical concept.,False
Floralozone,Floralozone,CANONICAL,17_fragrantica_note_vocabulary.csv,No confirmed duplicate expression; retained as its own canonical concept.,False
Green Coconut,Green Coconut,CANONICAL,17_fragrantica_note_vocabulary.csv,No confirmed duplicate expression; retained as its own canonical concept.,False
Japanese Osmanthus,Japanese Osmanthus,CANONICAL,17_fragrantica_note_vocabulary.csv,No confirmed duplicate expression; retained as its own canonical concept.,False
Jeans,Jeans,CANONICAL,17_fragrantica_note_vocabulary.csv,No confirmed duplicate expression; retained as its own canonical concept.,False
Jellybean,Jellybean,CANONICAL,17_fragrantica_note_vocabulary.csv,No confirmed duplicate expression; retained as its own canonical concept.,False
Katrafay,Katrafay,CANONICAL,17_fragrantica_note_vocabulary.csv,No confirmed duplicate expression; retained as its own canonical concept.,False
Kir Royal,Kir Royal,CANONICAL,17_fragrantica_note_vocabulary.csv,No confirmed duplicate expression; retained as its own canonical concept.,False
Longjing tea,Longjing tea,CANONICAL,17_fragrantica_note_vocabulary.csv,No confirmed duplicate expression; retained as its own canonical concept.,False
Madagascar Sandalwood,Madagascar Sandalwood,CANONICAL,17_fragrantica_note_vocabulary.csv,No confirmed duplicate expression; retained as its own canonical concept.,False
Mascarpone Cheese,Mascarpone Cheese,CANONICAL,17_fragrantica_note_vocabulary.csv,No confirmed duplicate expression; retained as its own canonical concept.,False
Medlar,Medlar,CANONICAL,17_fragrantica_note_vocabulary.csv,No confirmed duplicate expression; retained as its own canonical concept.,False
Moroccan Mimosa,Moroccan Mimosa,CANONICAL,17_fragrantica_note_vocabulary.csv,No confirmed duplicate expression; retained as its own canonical concept.,False
Muscone,Muscone,CANONICAL,17_fragrantica_note_vocabulary.csv,No confirmed duplicate expression; retained as its own canonical concept.,False
Muskrat,Muskrat,CANONICAL,17_fragrantica_note_vocabulary.csv,No confirmed duplicate expression; retained as its own canonical concept.,False
Pearls,Pearls,CANONICAL,17_fragrantica_note_vocabulary.csv,No confirmed duplicate expression; retained as its own canonical concept.,False
Periwinkle,Periwinkle,CANONICAL,17_fragrantica_note_vocabulary.csv,No confirmed duplicate expression; retained as its own canonical concept.,False
Plum Liquor,Plum Liquor,CANONICAL,17_fragrantica_note_vocabulary.csv,No confirmed duplicate expression; retained as its own canonical concept.,False
Poplar buds,Poplar buds,CANONICAL,17_fragrantica_note_vocabulary.csv,No confirmed duplicate expression; retained as its own canonical concept.,False
Red Fruits Smoothie,Red Fruits Smoothie,CANONICAL,17_fragrantica_note_vocabulary.csv,No confirmed duplicate expression; retained as its own canonical concept.,False
Rye,Rye,CANONICAL,17_fragrantica_note_vocabulary.csv,No confirmed duplicate expression; retained as its own canonical concept.,False
Sangria,Sangria,CANONICAL,17_fragrantica_note_vocabulary.csv,No confirmed duplicate expression; retained as its own canonical concept.,False
Satin,Satin,CANONICAL,17_fragrantica_note_vocabulary.csv,No confirmed duplicate expression; retained as its own canonical concept.,False
Sedge,Sedge,CANONICAL,17_fragrantica_note_vocabulary.csv,No confirmed duplicate expression; retained as its own canonical concept.,False
Shamama Attar,Shamama Attar,CANONICAL,17_fragrantica_note_vocabulary.csv,No confirmed duplicate expression; retained as its own canonical concept.,False
Shortcrust Pastry,Shortcrust Pastry,CANONICAL,17_fragrantica_note_vocabulary.csv,No confirmed duplicate expression; retained as its own canonical concept.,False
Sicilian Citrus,Sicilian Citrus,CANONICAL,17_fragrantica_note_vocabulary.csv,No confirmed duplicate expression; retained as its own canonical concept.,False
Silver Pine,Silver Pine,CANONICAL,17_fragrantica_note_vocabulary.csv,No confirmed duplicate expression; retained as its own canonical concept.,False
Soursop,Soursop,CANONICAL,17_fragrantica_note_vocabulary.csv,No confirmed duplicate expression; retained as its own canonical concept.,False
Sparkling Wine,Sparkling Wine,CANONICAL,17_fragrantica_note_vocabulary.csv,No confirmed duplicate expression; retained as its own canonical concept.,False
Tuscan Cypress,Tuscan Cypress,CANONICAL,17_fragrantica_note_vocabulary.csv,No confirmed duplicate expression; retained as its own canonical concept.,False
Water Peony,Water Peony,CANONICAL,17_fragrantica_note_vocabulary.csv,No confirmed duplicate expression; retained as its own canonical concept.,False
White Champaca,White Champaca,CANONICAL,17_fragrantica_note_vocabulary.csv,No confirmed duplicate expression; retained as its own canonical concept.,False
White Cyclamen,White Cyclamen,CANONICAL,17_fragrantica_note_vocabulary.csv,No confirmed duplicate expression; retained as its own canonical concept.,False
White Mimosa,White Mimosa,CANONICAL,17_fragrantica_note_vocabulary.csv,No confirmed duplicate expression; retained as its own canonical concept.,False
White Nerium Oleander,White Nerium Oleander,CANONICAL,17_fragrantica_note_vocabulary.csv,No confirmed duplicate expression; retained as its own canonical concept.,False
Wild Peony,Wild Peony,CANONICAL,17_fragrantica_note_vocabulary.csv,No confirmed duplicate expression; retained as its own canonical concept.,False
cocoa shell,cocoa shell,CANONICAL,17_fragrantica_note_vocabulary.csv,No confirmed duplicate expression; retained as its own canonical concept.,False
Hot Chocolate,Hot Chocolate,CANONICAL,17_fragrantica_note_vocabulary.csv,No confirmed duplicate expression; retained as its own canonical concept.,False
Egyptian Tuberose,Egyptian Tuberose,CANONICAL,17_fragrantica_note_vocabulary.csv,No confirmed duplicate expression; retained as its own canonical concept.,False
Fog,Fog,CANONICAL,17_fragrantica_note_vocabulary.csv,No confirmed duplicate expression; retained as its own canonical concept.,False
Money,Money,CANONICAL,17_fragrantica_note_vocabulary.csv,No confirmed duplicate expression; retained as its own canonical concept.,False
Apple pulp,Apple pulp,CANONICAL,17_fragrantica_note_vocabulary.csv,No confirmed duplicate expression; retained as its own canonical concept.,False
Bacon,Bacon,CANONICAL,17_fragrantica_note_vocabulary.csv,No confirmed duplicate expression; retained as its own canonical concept.,False
Buttercup,Buttercup,CANONICAL,17_fragrantica_note_vocabulary.csv,No confirmed duplicate expression; retained as its own canonical concept.,False
Buttermilk,Buttermilk,CANONICAL,17_fragrantica_note_vocabulary.csv,No confirmed duplicate expression; retained as its own canonical concept.,False
Cacao Blossom,Cacao Blossom,CANONICAL,17_fragrantica_note_vocabulary.csv,No confirmed duplicate expression; retained as its own canonical concept.,False
Cachaça,Cachaça,CANONICAL,17_fragrantica_note_vocabulary.csv,No confirmed duplicate expression; retained as its own canonical concept.,False
Café Expresso,Café Expresso,CANONICAL,17_fragrantica_note_vocabulary.csv,No confirmed duplicate expression; retained as its own canonical concept.,False
Cascarilla,Cascarilla,CANONICAL,17_fragrantica_note_vocabulary.csv,No confirmed duplicate expression; retained as its own canonical concept.,False
Chocolate Fudge,Chocolate Fudge,CANONICAL,17_fragrantica_note_vocabulary.csv,No confirmed duplicate expression; retained as its own canonical concept.,False
Daiquiri,Daiquiri,CANONICAL,17_fragrantica_note_vocabulary.csv,No confirmed duplicate expression; retained as its own canonical concept.,False
Egg,Egg,CANONICAL,17_fragrantica_note_vocabulary.csv,No confirmed duplicate expression; retained as its own canonical concept.,False
Firwood,Firwood,CANONICAL,17_fragrantica_note_vocabulary.csv,No confirmed duplicate expression; retained as its own canonical concept.,False
Frosted Apple,Frosted Apple,CANONICAL,17_fragrantica_note_vocabulary.csv,No confirmed duplicate expression; retained as its own canonical concept.,False
Frosted Berries,Frosted Berries,CANONICAL,17_fragrantica_note_vocabulary.csv,No confirmed duplicate expression; retained as its own canonical concept.,False
Frosted Mango,Frosted Mango,CANONICAL,17_fragrantica_note_vocabulary.csv,No confirmed duplicate expression; retained as its own canonical concept.,False
Gladiolus,Gladiolus,CANONICAL,17_fragrantica_note_vocabulary.csv,No confirmed duplicate expression; retained as its own canonical concept.,False
Grains,Grains,CANONICAL,17_fragrantica_note_vocabulary.csv,No confirmed duplicate expression; retained as its own canonical concept.,False
Green Coriander,Green Coriander,CANONICAL,17_fragrantica_note_vocabulary.csv,No confirmed duplicate expression; retained as its own canonical concept.,False
Hivernal®,Hivernal®,CANONICAL,17_fragrantica_note_vocabulary.csv,No confirmed duplicate expression; retained as its own canonical concept.,False
Honeydew Blossom,Honeydew Blossom,CANONICAL,17_fragrantica_note_vocabulary.csv,No confirmed duplicate expression; retained as its own canonical concept.,False
Indian Mimosa,Indian Mimosa,CANONICAL,17_fragrantica_note_vocabulary.csv,No confirmed duplicate expression; retained as its own canonical concept.,False
Indonesian Jasmine,Indonesian Jasmine,CANONICAL,17_fragrantica_note_vocabulary.csv,No confirmed duplicate expression; retained as its own canonical concept.,False
Isobutyl Quinoline,Isobutyl Quinoline,CANONICAL,17_fragrantica_note_vocabulary.csv,No confirmed duplicate expression; retained as its own canonical concept.,False
Jiuniang (Sweet Fermented Rice Wine),Jiuniang (Sweet Fermented Rice Wine),CANONICAL,17_fragrantica_note_vocabulary.csv,No confirmed duplicate expression; retained as its own canonical concept.,False
Laburnum,Laburnum,CANONICAL,17_fragrantica_note_vocabulary.csv,No confirmed duplicate expression; retained as its own canonical concept.,False
Lemon Myrtle,Lemon Myrtle,CANONICAL,17_fragrantica_note_vocabulary.csv,No confirmed duplicate expression; retained as its own canonical concept.,False
Lilybelle®,Lilybelle®,CANONICAL,17_fragrantica_note_vocabulary.csv,No confirmed duplicate expression; retained as its own canonical concept.,False
Lingonberry,Lingonberry,CANONICAL,17_fragrantica_note_vocabulary.csv,No confirmed duplicate expression; retained as its own canonical concept.,False
Lydia Broom,Lydia Broom,CANONICAL,17_fragrantica_note_vocabulary.csv,No confirmed duplicate expression; retained as its own canonical concept.,False
Macchiato,Macchiato,CANONICAL,17_fragrantica_note_vocabulary.csv,No confirmed duplicate expression; retained as its own canonical concept.,False
Mango Tree,Mango Tree,CANONICAL,17_fragrantica_note_vocabulary.csv,No confirmed duplicate expression; retained as its own canonical concept.,False
Margarita,Margarita,CANONICAL,17_fragrantica_note_vocabulary.csv,No confirmed duplicate expression; retained as its own canonical concept.,False
Meadowsweet,Meadowsweet,CANONICAL,17_fragrantica_note_vocabulary.csv,No confirmed duplicate expression; retained as its own canonical concept.,False
Nutella,Nutella,CANONICAL,17_fragrantica_note_vocabulary.csv,No confirmed duplicate expression; retained as its own canonical concept.,False
Oatmilk,Oatmilk,CANONICAL,17_fragrantica_note_vocabulary.csv,No confirmed duplicate expression; retained as its own canonical concept.,False
Operanide,Operanide,CANONICAL,17_fragrantica_note_vocabulary.csv,No confirmed duplicate expression; retained as its own canonical concept.,False
Panna Cotta,Panna Cotta,CANONICAL,17_fragrantica_note_vocabulary.csv,No confirmed duplicate expression; retained as its own canonical concept.,False
Paperbark,Paperbark,CANONICAL,17_fragrantica_note_vocabulary.csv,No confirmed duplicate expression; retained as its own canonical concept.,False
Pistachio Blossom,Pistachio Blossom,CANONICAL,17_fragrantica_note_vocabulary.csv,No confirmed duplicate expression; retained as its own canonical concept.,False
Plum Wood,Plum Wood,CANONICAL,17_fragrantica_note_vocabulary.csv,No confirmed duplicate expression; retained as its own canonical concept.,False
Polygonum,Polygonum,CANONICAL,17_fragrantica_note_vocabulary.csv,No confirmed duplicate expression; retained as its own canonical concept.,False
Potato,Potato,CANONICAL,17_fragrantica_note_vocabulary.csv,No confirmed duplicate expression; retained as its own canonical concept.,False
Pudding,Pudding,CANONICAL,17_fragrantica_note_vocabulary.csv,No confirmed duplicate expression; retained as its own canonical concept.,False
Red Freesia,Red Freesia,CANONICAL,17_fragrantica_note_vocabulary.csv,No confirmed duplicate expression; retained as its own canonical concept.,False
Red Myrrh,Red Myrrh,CANONICAL,17_fragrantica_note_vocabulary.csv,No confirmed duplicate expression; retained as its own canonical concept.,False
Rosyfolia,Rosyfolia,CANONICAL,17_fragrantica_note_vocabulary.csv,No confirmed duplicate expression; retained as its own canonical concept.,False
Siam Resin,Siam Resin,CANONICAL,17_fragrantica_note_vocabulary.csv,No confirmed duplicate expression; retained as its own canonical concept.,False
Siberian rhododendron,Siberian rhododendron,CANONICAL,17_fragrantica_note_vocabulary.csv,No confirmed duplicate expression; retained as its own canonical concept.,False
Silkwood Blossom,Silkwood Blossom,CANONICAL,17_fragrantica_note_vocabulary.csv,No confirmed duplicate expression; retained as its own canonical concept.,False
Straw,Straw,CANONICAL,17_fragrantica_note_vocabulary.csv,No confirmed duplicate expression; retained as its own canonical concept.,False
Surf Wax,Surf Wax,CANONICAL,17_fragrantica_note_vocabulary.csv,No confirmed duplicate expression; retained as its own canonical concept.,False
Tangerine Zest,Tangerine Zest,CANONICAL,17_fragrantica_note_vocabulary.csv,No confirmed duplicate expression; retained as its own canonical concept.,False
White Peach Blossom,White Peach Blossom,CANONICAL,17_fragrantica_note_vocabulary.csv,No confirmed duplicate expression; retained as its own canonical concept.,False
Winterberry,Winterberry,CANONICAL,17_fragrantica_note_vocabulary.csv,No confirmed duplicate expression; retained as its own canonical concept.,False
Marble,Marble,CANONICAL,17_fragrantica_note_vocabulary.csv,No confirmed duplicate expression; retained as its own canonical concept.,False
Pencil,Pencil,CANONICAL,17_fragrantica_note_vocabulary.csv,No confirmed duplicate expression; retained as its own canonical concept.,False
Almond Wood,Almond Wood,CANONICAL,17_fragrantica_note_vocabulary.csv,No confirmed duplicate expression; retained as its own canonical concept.,False
Ambrinol,Ambrinol,CANONICAL,17_fragrantica_note_vocabulary.csv,No confirmed duplicate expression; retained as its own canonical concept.,False
Apple Pie,Apple Pie,CANONICAL,17_fragrantica_note_vocabulary.csv,No confirmed duplicate expression; retained as its own canonical concept.,False
Asian lily,Asian lily,CANONICAL,17_fragrantica_note_vocabulary.csv,No confirmed duplicate expression; retained as its own canonical concept.,False
Beech,Beech,CANONICAL,17_fragrantica_note_vocabulary.csv,No confirmed duplicate expression; retained as its own canonical concept.,False
Bird cherry,Bird cherry,CANONICAL,17_fragrantica_note_vocabulary.csv,No confirmed duplicate expression; retained as its own canonical concept.,False
Black Basil,Black Basil,CANONICAL,17_fragrantica_note_vocabulary.csv,No confirmed duplicate expression; retained as its own canonical concept.,False
Black Walnut,Black Walnut,CANONICAL,17_fragrantica_note_vocabulary.csv,No confirmed duplicate expression; retained as its own canonical concept.,False
Blue Lilies,Blue Lilies,CANONICAL,17_fragrantica_note_vocabulary.csv,No confirmed duplicate expression; retained as its own canonical concept.,False
Blue Poppy,Blue Poppy,CANONICAL,17_fragrantica_note_vocabulary.csv,No confirmed duplicate expression; retained as its own canonical concept.,False
Candy Apple,Candy Apple,CANONICAL,17_fragrantica_note_vocabulary.csv,No confirmed duplicate expression; retained as its own canonical concept.,False
Capitiú,Capitiú,CANONICAL,17_fragrantica_note_vocabulary.csv,No confirmed duplicate expression; retained as its own canonical concept.,False
Chalk,Chalk,CANONICAL,17_fragrantica_note_vocabulary.csv,No confirmed duplicate expression; retained as its own canonical concept.,False
Cherry Jam,Cherry Jam,CANONICAL,17_fragrantica_note_vocabulary.csv,No confirmed duplicate expression; retained as its own canonical concept.,False
Chocolate Truffle,Chocolate Truffle,CANONICAL,17_fragrantica_note_vocabulary.csv,No confirmed duplicate expression; retained as its own canonical concept.,False
Cobblestone,Cobblestone,CANONICAL,17_fragrantica_note_vocabulary.csv,No confirmed duplicate expression; retained as its own canonical concept.,False
Cocktail Fruits,Cocktail Fruits,CANONICAL,17_fragrantica_note_vocabulary.csv,No confirmed duplicate expression; retained as its own canonical concept.,False
Coco De Mer,Coco De Mer,CANONICAL,17_fragrantica_note_vocabulary.csv,No confirmed duplicate expression; retained as its own canonical concept.,False
Cocobolo,Cocobolo,CANONICAL,17_fragrantica_note_vocabulary.csv,No confirmed duplicate expression; retained as its own canonical concept.,False
Coriander Extract,Coriander Extract,CANONICAL,17_fragrantica_note_vocabulary.csv,No confirmed duplicate expression; retained as its own canonical concept.,False
"Cupuacu, Cupuassu, Copoasu","Cupuacu, Cupuassu, Copoasu",CANONICAL,17_fragrantica_note_vocabulary.csv,No confirmed duplicate expression; retained as its own canonical concept.,False
Darjeeling Black tea,Darjeeling Black tea,CANONICAL,17_fragrantica_note_vocabulary.csv,No confirmed duplicate expression; retained as its own canonical concept.,False
Dragée,Dragée,CANONICAL,17_fragrantica_note_vocabulary.csv,No confirmed duplicate expression; retained as its own canonical concept.,False
Eggnog,Eggnog,CANONICAL,17_fragrantica_note_vocabulary.csv,No confirmed duplicate expression; retained as its own canonical concept.,False
Elm,Elm,CANONICAL,17_fragrantica_note_vocabulary.csv,No confirmed duplicate expression; retained as its own canonical concept.,False
Eucalyptus Blossom,Eucalyptus Blossom,CANONICAL,17_fragrantica_note_vocabulary.csv,No confirmed duplicate expression; retained as its own canonical concept.,False
Eugenol,Eugenol,CANONICAL,17_fragrantica_note_vocabulary.csv,No confirmed duplicate expression; retained as its own canonical concept.,False
Fragonia,Fragonia,CANONICAL,17_fragrantica_note_vocabulary.csv,No confirmed duplicate expression; retained as its own canonical concept.,False
Fuji Apple,Fuji Apple,CANONICAL,17_fragrantica_note_vocabulary.csv,No confirmed duplicate expression; retained as its own canonical concept.,False
Griotte Cherries,Griotte Cherries,CANONICAL,17_fragrantica_note_vocabulary.csv,No confirmed duplicate expression; retained as its own canonical concept.,False
Hog Plum,Hog Plum,CANONICAL,17_fragrantica_note_vocabulary.csv,No confirmed duplicate expression; retained as its own canonical concept.,False
Indian Lotus,Indian Lotus,CANONICAL,17_fragrantica_note_vocabulary.csv,No confirmed duplicate expression; retained as its own canonical concept.,False
Jojoba,Jojoba,CANONICAL,17_fragrantica_note_vocabulary.csv,No confirmed duplicate expression; retained as its own canonical concept.,False
Jujube Blossom,Jujube Blossom,CANONICAL,17_fragrantica_note_vocabulary.csv,No confirmed duplicate expression; retained as its own canonical concept.,False
Kadam,Kadam,CANONICAL,17_fragrantica_note_vocabulary.csv,No confirmed duplicate expression; retained as its own canonical concept.,False
Kiwi Flower,Kiwi Flower,CANONICAL,17_fragrantica_note_vocabulary.csv,No confirmed duplicate expression; retained as its own canonical concept.,False
Lantana leaves,Lantana leaves,CANONICAL,17_fragrantica_note_vocabulary.csv,No confirmed duplicate expression; retained as its own canonical concept.,False
Lemon Soda,Lemon Soda,CANONICAL,17_fragrantica_note_vocabulary.csv,No confirmed duplicate expression; retained as its own canonical concept.,False
Lettuce,Lettuce,CANONICAL,17_fragrantica_note_vocabulary.csv,No confirmed duplicate expression; retained as its own canonical concept.,False
Lip gloss,Lip gloss,CANONICAL,17_fragrantica_note_vocabulary.csv,No confirmed duplicate expression; retained as its own canonical concept.,False
Litchi Blossom,Litchi Blossom,CANONICAL,17_fragrantica_note_vocabulary.csv,No confirmed duplicate expression; retained as its own canonical concept.,False
Mahoganywood,Mahoganywood,CANONICAL,17_fragrantica_note_vocabulary.csv,No confirmed duplicate expression; retained as its own canonical concept.,False
Oak Leaves,Oak Leaves,CANONICAL,17_fragrantica_note_vocabulary.csv,No confirmed duplicate expression; retained as its own canonical concept.,False
Orange Honey,Orange Honey,CANONICAL,17_fragrantica_note_vocabulary.csv,No confirmed duplicate expression; retained as its own canonical concept.,False
Palestinian Sweet Lime,Palestinian Sweet Lime,CANONICAL,17_fragrantica_note_vocabulary.csv,No confirmed duplicate expression; retained as its own canonical concept.,False
Peach Tree,Peach Tree,CANONICAL,17_fragrantica_note_vocabulary.csv,No confirmed duplicate expression; retained as its own canonical concept.,False
Pearadise®,Pearadise®,CANONICAL,17_fragrantica_note_vocabulary.csv,No confirmed duplicate expression; retained as its own canonical concept.,False
Pennyroyal,Pennyroyal,CANONICAL,17_fragrantica_note_vocabulary.csv,No confirmed duplicate expression; retained as its own canonical concept.,False
Pink Himalayan Sea Salt,Pink Himalayan Sea Salt,CANONICAL,17_fragrantica_note_vocabulary.csv,No confirmed duplicate expression; retained as its own canonical concept.,False
Pistachio Spread Cream,Pistachio Spread Cream,CANONICAL,17_fragrantica_note_vocabulary.csv,No confirmed duplicate expression; retained as its own canonical concept.,False
Plum Wine,Plum Wine,CANONICAL,17_fragrantica_note_vocabulary.csv,No confirmed duplicate expression; retained as its own canonical concept.,False
Poison,Poison,CANONICAL,17_fragrantica_note_vocabulary.csv,No confirmed duplicate expression; retained as its own canonical concept.,False
Rosa Alba,Rosa Alba,CANONICAL,17_fragrantica_note_vocabulary.csv,No confirmed duplicate expression; retained as its own canonical concept.,False
Safflower,Safflower,CANONICAL,17_fragrantica_note_vocabulary.csv,No confirmed duplicate expression; retained as its own canonical concept.,False
Sea Foam,Sea Foam,CANONICAL,17_fragrantica_note_vocabulary.csv,No confirmed duplicate expression; retained as its own canonical concept.,False
Silk Vine or Milk Broom,Silk Vine or Milk Broom,CANONICAL,17_fragrantica_note_vocabulary.csv,No confirmed duplicate expression; retained as its own canonical concept.,False
Sour Cherry Blossom,Sour Cherry Blossom,CANONICAL,17_fragrantica_note_vocabulary.csv,No confirmed duplicate expression; retained as its own canonical concept.,False
Sprinkles,Sprinkles,CANONICAL,17_fragrantica_note_vocabulary.csv,No confirmed duplicate expression; retained as its own canonical concept.,False
Strawberry Fizz Candy,Strawberry Fizz Candy,CANONICAL,17_fragrantica_note_vocabulary.csv,No confirmed duplicate expression; retained as its own canonical concept.,False
Strawberry Jam,Strawberry Jam,CANONICAL,17_fragrantica_note_vocabulary.csv,No confirmed duplicate expression; retained as its own canonical concept.,False
Sugar cookie,Sugar cookie,CANONICAL,17_fragrantica_note_vocabulary.csv,No confirmed duplicate expression; retained as its own canonical concept.,False
Sunscreen,Sunscreen,CANONICAL,17_fragrantica_note_vocabulary.csv,No confirmed duplicate expression; retained as its own canonical concept.,False
Texas Rosewood,Texas Rosewood,CANONICAL,17_fragrantica_note_vocabulary.csv,No confirmed duplicate expression; retained as its own canonical concept.,False
Thanaka Wood,Thanaka Wood,CANONICAL,17_fragrantica_note_vocabulary.csv,No confirmed duplicate expression; retained as its own canonical concept.,False
VelvioneTM,VelvioneTM,CANONICAL,17_fragrantica_note_vocabulary.csv,No confirmed duplicate expression; retained as its own canonical concept.,False
Water Violet,Water Violet,CANONICAL,17_fragrantica_note_vocabulary.csv,No confirmed duplicate expression; retained as its own canonical concept.,False
White Cardamom,White Cardamom,CANONICAL,17_fragrantica_note_vocabulary.csv,No confirmed duplicate expression; retained as its own canonical concept.,False
Yellow Champaca,Yellow Champaca,CANONICAL,17_fragrantica_note_vocabulary.csv,No confirmed duplicate expression; retained as its own canonical concept.,False
Pandan Leaf,Pandan Leaf,CANONICAL,17_fragrantica_note_vocabulary.csv,No confirmed duplicate expression; retained as its own canonical concept.,False
Coal Tar,Coal Tar,CANONICAL,17_fragrantica_note_vocabulary.csv,No confirmed duplicate expression; retained as its own canonical concept.,False
Amber from Tunis,Amber from Tunis,CANONICAL,17_fragrantica_note_vocabulary.csv,No confirmed duplicate expression; retained as its own canonical concept.,False
American Apple,American Apple,CANONICAL,17_fragrantica_note_vocabulary.csv,No confirmed duplicate expression; retained as its own canonical concept.,False
Ammophila (beach grass),Ammophila (beach grass),CANONICAL,17_fragrantica_note_vocabulary.csv,No confirmed duplicate expression; retained as its own canonical concept.,False
Apple Shisha Accord,Apple Shisha Accord,CANONICAL,17_fragrantica_note_vocabulary.csv,No confirmed duplicate expression; retained as its own canonical concept.,False
Araucaria,Araucaria,CANONICAL,17_fragrantica_note_vocabulary.csv,No confirmed duplicate expression; retained as its own canonical concept.,False
Baklava,Baklava,CANONICAL,17_fragrantica_note_vocabulary.csv,No confirmed duplicate expression; retained as its own canonical concept.,False
Banksia Australian,Banksia Australian,CANONICAL,17_fragrantica_note_vocabulary.csv,No confirmed duplicate expression; retained as its own canonical concept.,False
Begonia,Begonia,CANONICAL,17_fragrantica_note_vocabulary.csv,No confirmed duplicate expression; retained as its own canonical concept.,False
Belambra tree,Belambra tree,CANONICAL,17_fragrantica_note_vocabulary.csv,No confirmed duplicate expression; retained as its own canonical concept.,False
Black Narcissus,Black Narcissus,CANONICAL,17_fragrantica_note_vocabulary.csv,No confirmed duplicate expression; retained as its own canonical concept.,False
Blue Cypress,Blue Cypress,CANONICAL,17_fragrantica_note_vocabulary.csv,No confirmed duplicate expression; retained as its own canonical concept.,False
Bonbon,Bonbon,CANONICAL,17_fragrantica_note_vocabulary.csv,No confirmed duplicate expression; retained as its own canonical concept.,False
Caoutchouc,Caoutchouc,CANONICAL,17_fragrantica_note_vocabulary.csv,No confirmed duplicate expression; retained as its own canonical concept.,False
Caper,Caper,CANONICAL,17_fragrantica_note_vocabulary.csv,No confirmed duplicate expression; retained as its own canonical concept.,False
Cashalox,Cashalox,CANONICAL,17_fragrantica_note_vocabulary.csv,No confirmed duplicate expression; retained as its own canonical concept.,False
Chen Pi,Chen Pi,CANONICAL,17_fragrantica_note_vocabulary.csv,No confirmed duplicate expression; retained as its own canonical concept.,False
Chinese Pink Peony,Chinese Pink Peony,CANONICAL,17_fragrantica_note_vocabulary.csv,No confirmed duplicate expression; retained as its own canonical concept.,False
Coconut Pie,Coconut Pie,CANONICAL,17_fragrantica_note_vocabulary.csv,No confirmed duplicate expression; retained as its own canonical concept.,False
Coffee Tincture,Coffee Tincture,CANONICAL,17_fragrantica_note_vocabulary.csv,No confirmed duplicate expression; retained as its own canonical concept.,False
Copper,Copper,CANONICAL,17_fragrantica_note_vocabulary.csv,No confirmed duplicate expression; retained as its own canonical concept.,False
Cream Liqueur,Cream Liqueur,CANONICAL,17_fragrantica_note_vocabulary.csv,No confirmed duplicate expression; retained as its own canonical concept.,False
Curry,Curry,CANONICAL,17_fragrantica_note_vocabulary.csv,No confirmed duplicate expression; retained as its own canonical concept.,False
Deer Tongue Grass,Deer Tongue Grass,CANONICAL,17_fragrantica_note_vocabulary.csv,No confirmed duplicate expression; retained as its own canonical concept.,False
Donut or Doughnut,Donut or Doughnut,CANONICAL,17_fragrantica_note_vocabulary.csv,No confirmed duplicate expression; retained as its own canonical concept.,False
Egyptian Sage,Egyptian Sage,CANONICAL,17_fragrantica_note_vocabulary.csv,No confirmed duplicate expression; retained as its own canonical concept.,False
Exaltolide®,Exaltolide®,CANONICAL,17_fragrantica_note_vocabulary.csv,No confirmed duplicate expression; retained as its own canonical concept.,False
Fish,Fish,CANONICAL,17_fragrantica_note_vocabulary.csv,No confirmed duplicate expression; retained as its own canonical concept.,False
Genet,Genet,CANONICAL,17_fragrantica_note_vocabulary.csv,No confirmed duplicate expression; retained as its own canonical concept.,False
Ginger Leaf,Ginger Leaf,CANONICAL,17_fragrantica_note_vocabulary.csv,No confirmed duplicate expression; retained as its own canonical concept.,False
Ginkgo,Ginkgo,CANONICAL,17_fragrantica_note_vocabulary.csv,No confirmed duplicate expression; retained as its own canonical concept.,False
Guaiacol,Guaiacol,CANONICAL,17_fragrantica_note_vocabulary.csv,No confirmed duplicate expression; retained as its own canonical concept.,False
Halva,Halva,CANONICAL,17_fragrantica_note_vocabulary.csv,No confirmed duplicate expression; retained as its own canonical concept.,False
Hazel Bloosom,Hazel Bloosom,CANONICAL,17_fragrantica_note_vocabulary.csv,No confirmed duplicate expression; retained as its own canonical concept.,False
Hookah,Hookah,CANONICAL,17_fragrantica_note_vocabulary.csv,No confirmed duplicate expression; retained as its own canonical concept.,False
Indian woods,Indian woods,CANONICAL,17_fragrantica_note_vocabulary.csv,No confirmed duplicate expression; retained as its own canonical concept.,False
Israeli Basil,Israeli Basil,CANONICAL,17_fragrantica_note_vocabulary.csv,No confirmed duplicate expression; retained as its own canonical concept.,False
Japanese Incense,Japanese Incense,CANONICAL,17_fragrantica_note_vocabulary.csv,No confirmed duplicate expression; retained as its own canonical concept.,False
Japanese pepper,Japanese pepper,CANONICAL,17_fragrantica_note_vocabulary.csv,No confirmed duplicate expression; retained as its own canonical concept.,False
Jasmolactone,Jasmolactone,CANONICAL,17_fragrantica_note_vocabulary.csv,No confirmed duplicate expression; retained as its own canonical concept.,False
Kangaroo Paw,Kangaroo Paw,CANONICAL,17_fragrantica_note_vocabulary.csv,No confirmed duplicate expression; retained as its own canonical concept.,False
Kyphi,Kyphi,CANONICAL,17_fragrantica_note_vocabulary.csv,No confirmed duplicate expression; retained as its own canonical concept.,False
Larkspur,Larkspur,CANONICAL,17_fragrantica_note_vocabulary.csv,No confirmed duplicate expression; retained as its own canonical concept.,False
Loganberry,Loganberry,CANONICAL,17_fragrantica_note_vocabulary.csv,No confirmed duplicate expression; retained as its own canonical concept.,False
Lupin,Lupin,CANONICAL,17_fragrantica_note_vocabulary.csv,No confirmed duplicate expression; retained as its own canonical concept.,False
Mariposa Lily,Mariposa Lily,CANONICAL,17_fragrantica_note_vocabulary.csv,No confirmed duplicate expression; retained as its own canonical concept.,False
Menthol,Menthol,CANONICAL,17_fragrantica_note_vocabulary.csv,No confirmed duplicate expression; retained as its own canonical concept.,False
Mulled Wine,Mulled Wine,CANONICAL,17_fragrantica_note_vocabulary.csv,No confirmed duplicate expression; retained as its own canonical concept.,False
NaturalCalmTM,NaturalCalmTM,CANONICAL,17_fragrantica_note_vocabulary.csv,No confirmed duplicate expression; retained as its own canonical concept.,False
Orchid Pink Leopard,Orchid Pink Leopard,CANONICAL,17_fragrantica_note_vocabulary.csv,No confirmed duplicate expression; retained as its own canonical concept.,False
Pamplewood,Pamplewood,CANONICAL,17_fragrantica_note_vocabulary.csv,No confirmed duplicate expression; retained as its own canonical concept.,False
Pandan,Pandan,CANONICAL,17_fragrantica_note_vocabulary.csv,No confirmed duplicate expression; retained as its own canonical concept.,False
Pink Crystal,Pink Crystal,CANONICAL,17_fragrantica_note_vocabulary.csv,No confirmed duplicate expression; retained as its own canonical concept.,False
Port Wine,Port Wine,CANONICAL,17_fragrantica_note_vocabulary.csv,No confirmed duplicate expression; retained as its own canonical concept.,False
Powdery Musk,Powdery Musk,CANONICAL,17_fragrantica_note_vocabulary.csv,No confirmed duplicate expression; retained as its own canonical concept.,False
Queen of the Night Flower,Queen of the Night Flower,CANONICAL,17_fragrantica_note_vocabulary.csv,No confirmed duplicate expression; retained as its own canonical concept.,False
RE Base,RE Base,CANONICAL,17_fragrantica_note_vocabulary.csv,No confirmed duplicate expression; retained as its own canonical concept.,False
Rambutan,Rambutan,CANONICAL,17_fragrantica_note_vocabulary.csv,No confirmed duplicate expression; retained as its own canonical concept.,False
Red Maple,Red Maple,CANONICAL,17_fragrantica_note_vocabulary.csv,No confirmed duplicate expression; retained as its own canonical concept.,False
Red Peach,Red Peach,CANONICAL,17_fragrantica_note_vocabulary.csv,No confirmed duplicate expression; retained as its own canonical concept.,False
Rind Bergamot,Rind Bergamot,CANONICAL,17_fragrantica_note_vocabulary.csv,No confirmed duplicate expression; retained as its own canonical concept.,False
River Notes,River Notes,CANONICAL,17_fragrantica_note_vocabulary.csv,No confirmed duplicate expression; retained as its own canonical concept.,False
Rosa Rubiginosa,Rosa Rubiginosa,CANONICAL,17_fragrantica_note_vocabulary.csv,No confirmed duplicate expression; retained as its own canonical concept.,False
Rose Apple,Rose Apple,CANONICAL,17_fragrantica_note_vocabulary.csv,No confirmed duplicate expression; retained as its own canonical concept.,False
Rose Thorn,Rose Thorn,CANONICAL,17_fragrantica_note_vocabulary.csv,No confirmed duplicate expression; retained as its own canonical concept.,False
Sarsaparilla,Sarsaparilla,CANONICAL,17_fragrantica_note_vocabulary.csv,No confirmed duplicate expression; retained as its own canonical concept.,False
Sassafras,Sassafras,CANONICAL,17_fragrantica_note_vocabulary.csv,No confirmed duplicate expression; retained as its own canonical concept.,False
Soda Bubbles,Soda Bubbles,CANONICAL,17_fragrantica_note_vocabulary.csv,No confirmed duplicate expression; retained as its own canonical concept.,False
St John's Wort,St. John's Wort,SAME_CONCEPT,Fragrantica internal vocabulary; case/space/hyphen/punctuation rule,Existing raw labels differ only by a case/space/hyphen/punctuation form; an existing representative raw label is retained.,False
Starflower,Starflower,CANONICAL,17_fragrantica_note_vocabulary.csv,No confirmed duplicate expression; retained as its own canonical concept.,False
Strobilanthes Callosus,Strobilanthes Callosus,CANONICAL,17_fragrantica_note_vocabulary.csv,No confirmed duplicate expression; retained as its own canonical concept.,False
Takamaka,Takamaka,CANONICAL,17_fragrantica_note_vocabulary.csv,No confirmed duplicate expression; retained as its own canonical concept.,False
Vegetal Notes,Vegetal Notes,CANONICAL,17_fragrantica_note_vocabulary.csv,No confirmed duplicate expression; retained as its own canonical concept.,False
Weeping Cherry Blossom,Weeping Cherry Blossom,CANONICAL,17_fragrantica_note_vocabulary.csv,No confirmed duplicate expression; retained as its own canonical concept.,False
Western Skunk Cabbage,Western Skunk Cabbage,CANONICAL,17_fragrantica_note_vocabulary.csv,No confirmed duplicate expression; retained as its own canonical concept.,False
White Camelia,White Camelia,CANONICAL,17_fragrantica_note_vocabulary.csv,No confirmed duplicate expression; retained as its own canonical concept.,False
Wolfberry,Wolfberry,CANONICAL,17_fragrantica_note_vocabulary.csv,No confirmed duplicate expression; retained as its own canonical concept.,False
Yuzu Flower,Yuzu Flower,CANONICAL,17_fragrantica_note_vocabulary.csv,No confirmed duplicate expression; retained as its own canonical concept.,False
Graphite,Graphite,CANONICAL,17_fragrantica_note_vocabulary.csv,No confirmed duplicate expression; retained as its own canonical concept.,False
Hashish,Hashish,CANONICAL,17_fragrantica_note_vocabulary.csv,No confirmed duplicate expression; retained as its own canonical concept.,False
Malva,Malva,CANONICAL,17_fragrantica_note_vocabulary.csv,No confirmed duplicate expression; retained as its own canonical concept.,False
Alba Rose,Alba Rose,CANONICAL,17_fragrantica_note_vocabulary.csv,No confirmed duplicate expression; retained as its own canonical concept.,False
Ambrein,Ambrein,CANONICAL,17_fragrantica_note_vocabulary.csv,No confirmed duplicate expression; retained as its own canonical concept.,False
Anemona,Anemona,CANONICAL,17_fragrantica_note_vocabulary.csv,No confirmed duplicate expression; retained as its own canonical concept.,False
AnthamberTM,AnthamberTM,CANONICAL,17_fragrantica_note_vocabulary.csv,No confirmed duplicate expression; retained as its own canonical concept.,False
Applejack,Applejack,CANONICAL,17_fragrantica_note_vocabulary.csv,No confirmed duplicate expression; retained as its own canonical concept.,False
BBQ,BBQ,CANONICAL,17_fragrantica_note_vocabulary.csv,No confirmed duplicate expression; retained as its own canonical concept.,False
Black Diamond,Black Diamond,CANONICAL,17_fragrantica_note_vocabulary.csv,No confirmed duplicate expression; retained as its own canonical concept.,False
Black Pomegranate,Black Pomegranate,CANONICAL,17_fragrantica_note_vocabulary.csv,No confirmed duplicate expression; retained as its own canonical concept.,False
Black Sesame,Black Sesame,CANONICAL,17_fragrantica_note_vocabulary.csv,No confirmed duplicate expression; retained as its own canonical concept.,False
Blonde Tobacco,Blonde Tobacco,CANONICAL,17_fragrantica_note_vocabulary.csv,No confirmed duplicate expression; retained as its own canonical concept.,False
Bois d'Encens,Bois d'Encens,CANONICAL,17_fragrantica_note_vocabulary.csv,No confirmed duplicate expression; retained as its own canonical concept.,False
Borage,Borage,CANONICAL,17_fragrantica_note_vocabulary.csv,No confirmed duplicate expression; retained as its own canonical concept.,False
Bread Flower,Bread Flower,CANONICAL,17_fragrantica_note_vocabulary.csv,No confirmed duplicate expression; retained as its own canonical concept.,False
Cactus Juice,Cactus Juice,CANONICAL,17_fragrantica_note_vocabulary.csv,No confirmed duplicate expression; retained as its own canonical concept.,False
Chinese Litchi,Chinese Litchi,CANONICAL,17_fragrantica_note_vocabulary.csv,No confirmed duplicate expression; retained as its own canonical concept.,False
Chinese Magnolia,Chinese Magnolia,CANONICAL,17_fragrantica_note_vocabulary.csv,No confirmed duplicate expression; retained as its own canonical concept.,False
Chinese Plum,Chinese Plum,CANONICAL,17_fragrantica_note_vocabulary.csv,No confirmed duplicate expression; retained as its own canonical concept.,False
CosmofruitTM,CosmofruitTM,CANONICAL,17_fragrantica_note_vocabulary.csv,No confirmed duplicate expression; retained as its own canonical concept.,False
Cosmos Flower,Cosmos Flower,CANONICAL,17_fragrantica_note_vocabulary.csv,No confirmed duplicate expression; retained as its own canonical concept.,False
Delonix,Delonix,CANONICAL,17_fragrantica_note_vocabulary.csv,No confirmed duplicate expression; retained as its own canonical concept.,False
Diviniris,Diviniris,CANONICAL,17_fragrantica_note_vocabulary.csv,No confirmed duplicate expression; retained as its own canonical concept.,False
Feathers,Feathers,CANONICAL,17_fragrantica_note_vocabulary.csv,No confirmed duplicate expression; retained as its own canonical concept.,False
Fig Blossom,Fig Blossom,CANONICAL,17_fragrantica_note_vocabulary.csv,No confirmed duplicate expression; retained as its own canonical concept.,False
Garlic,Garlic,CANONICAL,17_fragrantica_note_vocabulary.csv,No confirmed duplicate expression; retained as its own canonical concept.,False
Genmaicha,Genmaicha,CANONICAL,17_fragrantica_note_vocabulary.csv,No confirmed duplicate expression; retained as its own canonical concept.,False
Gerbera,Gerbera,CANONICAL,17_fragrantica_note_vocabulary.csv,No confirmed duplicate expression; retained as its own canonical concept.,False
Green Coffee,Green Coffee,CANONICAL,17_fragrantica_note_vocabulary.csv,No confirmed duplicate expression; retained as its own canonical concept.,False
Green Lotus,Green Lotus,CANONICAL,17_fragrantica_note_vocabulary.csv,No confirmed duplicate expression; retained as its own canonical concept.,False
Hand Cream,Hand Cream,CANONICAL,17_fragrantica_note_vocabulary.csv,No confirmed duplicate expression; retained as its own canonical concept.,False
Himalayan Poppy,Himalayan Poppy,CANONICAL,17_fragrantica_note_vocabulary.csv,No confirmed duplicate expression; retained as its own canonical concept.,False
Hoary Stock,Hoary Stock,CANONICAL,17_fragrantica_note_vocabulary.csv,No confirmed duplicate expression; retained as its own canonical concept.,False
Horse skin,Horse skin,CANONICAL,17_fragrantica_note_vocabulary.csv,No confirmed duplicate expression; retained as its own canonical concept.,False
Indian Tea,Indian Tea,CANONICAL,17_fragrantica_note_vocabulary.csv,No confirmed duplicate expression; retained as its own canonical concept.,False
Indonesian Pepper,Indonesian Pepper,CANONICAL,17_fragrantica_note_vocabulary.csv,No confirmed duplicate expression; retained as its own canonical concept.,False
Knafeh,Knafeh,CANONICAL,17_fragrantica_note_vocabulary.csv,No confirmed duplicate expression; retained as its own canonical concept.,False
Kyara wood,Kyara wood,CANONICAL,17_fragrantica_note_vocabulary.csv,No confirmed duplicate expression; retained as its own canonical concept.,False
Laurel Blossom,Laurel Blossom,CANONICAL,17_fragrantica_note_vocabulary.csv,No confirmed duplicate expression; retained as its own canonical concept.,False
Lemon Meringue Pie,Lemon Meringue Pie,CANONICAL,17_fragrantica_note_vocabulary.csv,No confirmed duplicate expression; retained as its own canonical concept.,False
Lemon Pie,Lemon Pie,CANONICAL,17_fragrantica_note_vocabulary.csv,No confirmed duplicate expression; retained as its own canonical concept.,False
Linaloe berry,Linaloe berry,CANONICAL,17_fragrantica_note_vocabulary.csv,No confirmed duplicate expression; retained as its own canonical concept.,False
Longan Berries,Longan Berries,CANONICAL,17_fragrantica_note_vocabulary.csv,No confirmed duplicate expression; retained as its own canonical concept.,False
Mamey,Mamey,CANONICAL,17_fragrantica_note_vocabulary.csv,No confirmed duplicate expression; retained as its own canonical concept.,False
Mandrake,Mandrake,CANONICAL,17_fragrantica_note_vocabulary.csv,No confirmed duplicate expression; retained as its own canonical concept.,False
Meat,Meat,CANONICAL,17_fragrantica_note_vocabulary.csv,No confirmed duplicate expression; retained as its own canonical concept.,False
Melati,Melati,CANONICAL,17_fragrantica_note_vocabulary.csv,No confirmed duplicate expression; retained as its own canonical concept.,False
Melonal,Melonal,CANONICAL,17_fragrantica_note_vocabulary.csv,No confirmed duplicate expression; retained as its own canonical concept.,False
Mochi,Mochi,CANONICAL,17_fragrantica_note_vocabulary.csv,No confirmed duplicate expression; retained as its own canonical concept.,False
Moroccan Lemon,Moroccan Lemon,CANONICAL,17_fragrantica_note_vocabulary.csv,No confirmed duplicate expression; retained as its own canonical concept.,False
Nail Polish,Nail Polish,CANONICAL,17_fragrantica_note_vocabulary.csv,No confirmed duplicate expression; retained as its own canonical concept.,False
Onycha,Onycha,CANONICAL,17_fragrantica_note_vocabulary.csv,No confirmed duplicate expression; retained as its own canonical concept.,False
Palm Sugar,Palm Sugar,CANONICAL,17_fragrantica_note_vocabulary.csv,No confirmed duplicate expression; retained as its own canonical concept.,False
Petroleum,Petroleum,CANONICAL,17_fragrantica_note_vocabulary.csv,No confirmed duplicate expression; retained as its own canonical concept.,False
Petunia,Petunia,CANONICAL,17_fragrantica_note_vocabulary.csv,No confirmed duplicate expression; retained as its own canonical concept.,False
Pink Hyacinth,Pink Hyacinth,CANONICAL,17_fragrantica_note_vocabulary.csv,No confirmed duplicate expression; retained as its own canonical concept.,False
Pink Violet,Pink Violet,CANONICAL,17_fragrantica_note_vocabulary.csv,No confirmed duplicate expression; retained as its own canonical concept.,False
Pistachio Leaf,Pistachio Leaf,CANONICAL,17_fragrantica_note_vocabulary.csv,No confirmed duplicate expression; retained as its own canonical concept.,False
Pittosporum,Pittosporum,CANONICAL,17_fragrantica_note_vocabulary.csv,No confirmed duplicate expression; retained as its own canonical concept.,False
Pomegranate Seed,Pomegranate Seed,CANONICAL,17_fragrantica_note_vocabulary.csv,No confirmed duplicate expression; retained as its own canonical concept.,False
Red Bean Paste,Red Bean Paste,CANONICAL,17_fragrantica_note_vocabulary.csv,No confirmed duplicate expression; retained as its own canonical concept.,False
Red Cyclamen,Red Cyclamen,CANONICAL,17_fragrantica_note_vocabulary.csv,No confirmed duplicate expression; retained as its own canonical concept.,False
Rice Water,Rice Water,CANONICAL,17_fragrantica_note_vocabulary.csv,No confirmed duplicate expression; retained as its own canonical concept.,False
Rose Milk,Rose Milk,CANONICAL,17_fragrantica_note_vocabulary.csv,No confirmed duplicate expression; retained as its own canonical concept.,False
Satureja,Satureja,CANONICAL,17_fragrantica_note_vocabulary.csv,No confirmed duplicate expression; retained as its own canonical concept.,False
Serbian Oakmoss,Serbian Oakmoss,CANONICAL,17_fragrantica_note_vocabulary.csv,No confirmed duplicate expression; retained as its own canonical concept.,False
Skatole,Skatole,CANONICAL,17_fragrantica_note_vocabulary.csv,No confirmed duplicate expression; retained as its own canonical concept.,False
Starfish,Starfish,CANONICAL,17_fragrantica_note_vocabulary.csv,No confirmed duplicate expression; retained as its own canonical concept.,False
Sudachi citrus,Sudachi citrus,CANONICAL,17_fragrantica_note_vocabulary.csv,No confirmed duplicate expression; retained as its own canonical concept.,False
Sulphur,Sulphur,CANONICAL,17_fragrantica_note_vocabulary.csv,No confirmed duplicate expression; retained as its own canonical concept.,False
Tayberry,Tayberry,CANONICAL,17_fragrantica_note_vocabulary.csv,No confirmed duplicate expression; retained as its own canonical concept.,False
Teakwood Essence,Teakwood Essence,CANONICAL,17_fragrantica_note_vocabulary.csv,No confirmed duplicate expression; retained as its own canonical concept.,False
Terpineol,Terpineol,CANONICAL,17_fragrantica_note_vocabulary.csv,No confirmed duplicate expression; retained as its own canonical concept.,False
Toasted Rice,Toasted Rice,CANONICAL,17_fragrantica_note_vocabulary.csv,No confirmed duplicate expression; retained as its own canonical concept.,False
Velvet Woods,Velvet Woods,CANONICAL,17_fragrantica_note_vocabulary.csv,No confirmed duplicate expression; retained as its own canonical concept.,False
Water Lily Leaf,Water Lily Leaf,CANONICAL,17_fragrantica_note_vocabulary.csv,No confirmed duplicate expression; retained as its own canonical concept.,False
Watery Cyclamen,Watery Cyclamen,CANONICAL,17_fragrantica_note_vocabulary.csv,No confirmed duplicate expression; retained as its own canonical concept.,False
Wet Plaster,Wet Plaster,CANONICAL,17_fragrantica_note_vocabulary.csv,No confirmed duplicate expression; retained as its own canonical concept.,False
White Apricot,White Apricot,CANONICAL,17_fragrantica_note_vocabulary.csv,No confirmed duplicate expression; retained as its own canonical concept.,False
Erigeron (Fleabane),Erigeron (Fleabane),CANONICAL,17_fragrantica_note_vocabulary.csv,No confirmed duplicate expression; retained as its own canonical concept.,False
Aperol,Aperol,CANONICAL,17_fragrantica_note_vocabulary.csv,No confirmed duplicate expression; retained as its own canonical concept.,False
Khella,Khella,CANONICAL,17_fragrantica_note_vocabulary.csv,No confirmed duplicate expression; retained as its own canonical concept.,False
Scent Trek®,Scent Trek®,CANONICAL,17_fragrantica_note_vocabulary.csv,No confirmed duplicate expression; retained as its own canonical concept.,False
Aldron,Aldron,CANONICAL,17_fragrantica_note_vocabulary.csv,No confirmed duplicate expression; retained as its own canonical concept.,False
AmbermaxTM,AmbermaxTM,CANONICAL,17_fragrantica_note_vocabulary.csv,No confirmed duplicate expression; retained as its own canonical concept.,False
Ammonia,Ammonia,CANONICAL,17_fragrantica_note_vocabulary.csv,No confirmed duplicate expression; retained as its own canonical concept.,False
Apple sherbet,Apple sherbet,CANONICAL,17_fragrantica_note_vocabulary.csv,No confirmed duplicate expression; retained as its own canonical concept.,False
Aqual,Aqual,CANONICAL,17_fragrantica_note_vocabulary.csv,No confirmed duplicate expression; retained as its own canonical concept.,False
Arctic Bramble,Arctic Bramble,CANONICAL,17_fragrantica_note_vocabulary.csv,No confirmed duplicate expression; retained as its own canonical concept.,False
Ashoka Flower,Ashoka Flower,CANONICAL,17_fragrantica_note_vocabulary.csv,No confirmed duplicate expression; retained as its own canonical concept.,False
Bengal Pepper,Bengal Pepper,CANONICAL,17_fragrantica_note_vocabulary.csv,No confirmed duplicate expression; retained as its own canonical concept.,False
Bromelia,Bromelia,CANONICAL,17_fragrantica_note_vocabulary.csv,No confirmed duplicate expression; retained as its own canonical concept.,False
Buckwheat,Buckwheat,CANONICAL,17_fragrantica_note_vocabulary.csv,No confirmed duplicate expression; retained as its own canonical concept.,False
Cactus Blossom,Cactus Blossom,CANONICAL,17_fragrantica_note_vocabulary.csv,No confirmed duplicate expression; retained as its own canonical concept.,False
Calissons d'Aix,Calissons d'Aix,CANONICAL,17_fragrantica_note_vocabulary.csv,No confirmed duplicate expression; retained as its own canonical concept.,False
Canelé,Canelé,CANONICAL,17_fragrantica_note_vocabulary.csv,No confirmed duplicate expression; retained as its own canonical concept.,False
Carambola blossom,Carambola blossom,CANONICAL,17_fragrantica_note_vocabulary.csv,No confirmed duplicate expression; retained as its own canonical concept.,False
Caramelized Almond,Caramelized Almond,CANONICAL,17_fragrantica_note_vocabulary.csv,No confirmed duplicate expression; retained as its own canonical concept.,False
Cherry leaf,Cherry leaf,CANONICAL,17_fragrantica_note_vocabulary.csv,No confirmed duplicate expression; retained as its own canonical concept.,False
Chinese Patchouli,Chinese Patchouli,CANONICAL,17_fragrantica_note_vocabulary.csv,No confirmed duplicate expression; retained as its own canonical concept.,False
Chutney,Chutney,CANONICAL,17_fragrantica_note_vocabulary.csv,No confirmed duplicate expression; retained as its own canonical concept.,False
Coconut Tree,Coconut Tree,CANONICAL,17_fragrantica_note_vocabulary.csv,No confirmed duplicate expression; retained as its own canonical concept.,False
Coffee Tree,Coffee Tree,CANONICAL,17_fragrantica_note_vocabulary.csv,No confirmed duplicate expression; retained as its own canonical concept.,False
Coral Limestone,Coral Limestone,CANONICAL,17_fragrantica_note_vocabulary.csv,No confirmed duplicate expression; retained as its own canonical concept.,False
Currant Leaf and Bud,Currant Leaf and Bud,CANONICAL,17_fragrantica_note_vocabulary.csv,No confirmed duplicate expression; retained as its own canonical concept.,False
Desert Sagebrush,Desert Sagebrush,CANONICAL,17_fragrantica_note_vocabulary.csv,No confirmed duplicate expression; retained as its own canonical concept.,False
Diamond Orchid,Diamond Orchid,CANONICAL,17_fragrantica_note_vocabulary.csv,No confirmed duplicate expression; retained as its own canonical concept.,False
Ethyl Maltol,Ethyl Maltol,CANONICAL,17_fragrantica_note_vocabulary.csv,No confirmed duplicate expression; retained as its own canonical concept.,False
Forest Flowers Notes,Forest Flowers Notes,CANONICAL,17_fragrantica_note_vocabulary.csv,No confirmed duplicate expression; retained as its own canonical concept.,False
Frosted Melon,Frosted Melon,CANONICAL,17_fragrantica_note_vocabulary.csv,No confirmed duplicate expression; retained as its own canonical concept.,False
Fruit Tea,Fruit Tea,CANONICAL,17_fragrantica_note_vocabulary.csv,No confirmed duplicate expression; retained as its own canonical concept.,False
Galbanum Leaf,Galbanum Leaf,CANONICAL,17_fragrantica_note_vocabulary.csv,No confirmed duplicate expression; retained as its own canonical concept.,False
Glacé,Glacé,CANONICAL,17_fragrantica_note_vocabulary.csv,No confirmed duplicate expression; retained as its own canonical concept.,False
Graham Crackers,Graham Crackers,CANONICAL,17_fragrantica_note_vocabulary.csv,No confirmed duplicate expression; retained as its own canonical concept.,False
Grass Tree,Grass Tree,CANONICAL,17_fragrantica_note_vocabulary.csv,No confirmed duplicate expression; retained as its own canonical concept.,False
Greengage,Greengage,CANONICAL,17_fragrantica_note_vocabulary.csv,No confirmed duplicate expression; retained as its own canonical concept.,False
Hat straw,Hat straw,CANONICAL,17_fragrantica_note_vocabulary.csv,No confirmed duplicate expression; retained as its own canonical concept.,False
Hatkora lemon,Hatkora lemon,CANONICAL,17_fragrantica_note_vocabulary.csv,No confirmed duplicate expression; retained as its own canonical concept.,False
Hexyl acetate,Hexyl acetate,CANONICAL,17_fragrantica_note_vocabulary.csv,No confirmed duplicate expression; retained as its own canonical concept.,False
Hollyhock,Hollyhock,CANONICAL,17_fragrantica_note_vocabulary.csv,No confirmed duplicate expression; retained as its own canonical concept.,False
"Hoya carnosa, wax plant","Hoya carnosa, wax plant",CANONICAL,17_fragrantica_note_vocabulary.csv,No confirmed duplicate expression; retained as its own canonical concept.,False
Impatiens,Impatiens,CANONICAL,17_fragrantica_note_vocabulary.csv,No confirmed duplicate expression; retained as its own canonical concept.,False
Indonesian Carnation,Indonesian Carnation,CANONICAL,17_fragrantica_note_vocabulary.csv,No confirmed duplicate expression; retained as its own canonical concept.,False
Iris leaf,Iris leaf,CANONICAL,17_fragrantica_note_vocabulary.csv,No confirmed duplicate expression; retained as its own canonical concept.,False
Italian Melon,Italian Melon,CANONICAL,17_fragrantica_note_vocabulary.csv,No confirmed duplicate expression; retained as its own canonical concept.,False
Japanese Citruses,Japanese Citruses,CANONICAL,17_fragrantica_note_vocabulary.csv,No confirmed duplicate expression; retained as its own canonical concept.,False
Japanese Orange,Japanese Orange,CANONICAL,17_fragrantica_note_vocabulary.csv,No confirmed duplicate expression; retained as its own canonical concept.,False
Jujube,Jujube,CANONICAL,17_fragrantica_note_vocabulary.csv,No confirmed duplicate expression; retained as its own canonical concept.,False
Kopi Luwak Coffee,Kopi Luwak Coffee,CANONICAL,17_fragrantica_note_vocabulary.csv,No confirmed duplicate expression; retained as its own canonical concept.,False
Kunzea,Kunzea,CANONICAL,17_fragrantica_note_vocabulary.csv,No confirmed duplicate expression; retained as its own canonical concept.,False
Lotus Seed,Lotus Seed,CANONICAL,17_fragrantica_note_vocabulary.csv,No confirmed duplicate expression; retained as its own canonical concept.,False
Lucuma,Lucuma,CANONICAL,17_fragrantica_note_vocabulary.csv,No confirmed duplicate expression; retained as its own canonical concept.,False
Mai Tai Cocktail,Mai Tai Cocktail,CANONICAL,17_fragrantica_note_vocabulary.csv,No confirmed duplicate expression; retained as its own canonical concept.,False
Massioa,Massioa,CANONICAL,17_fragrantica_note_vocabulary.csv,No confirmed duplicate expression; retained as its own canonical concept.,False
Melilotus,Melilotus,CANONICAL,17_fragrantica_note_vocabulary.csv,No confirmed duplicate expression; retained as its own canonical concept.,False
Milkweeds,Milkweeds,CANONICAL,17_fragrantica_note_vocabulary.csv,No confirmed duplicate expression; retained as its own canonical concept.,False
Mint Tea,Mint Tea,CANONICAL,17_fragrantica_note_vocabulary.csv,No confirmed duplicate expression; retained as its own canonical concept.,False
Monarda,Monarda,CANONICAL,17_fragrantica_note_vocabulary.csv,No confirmed duplicate expression; retained as its own canonical concept.,False
Moonshine,Moonshine,CANONICAL,17_fragrantica_note_vocabulary.csv,No confirmed duplicate expression; retained as its own canonical concept.,False
Mung Bean,Mung Bean,CANONICAL,17_fragrantica_note_vocabulary.csv,No confirmed duplicate expression; retained as its own canonical concept.,False
New Magazine,New Magazine,CANONICAL,17_fragrantica_note_vocabulary.csv,No confirmed duplicate expression; retained as its own canonical concept.,False
Olymra plant accord,Olymra plant accord,CANONICAL,17_fragrantica_note_vocabulary.csv,No confirmed duplicate expression; retained as its own canonical concept.,False
Orange Pepper,Orange Pepper,CANONICAL,17_fragrantica_note_vocabulary.csv,No confirmed duplicate expression; retained as its own canonical concept.,False
Orange Soda,Orange Soda,CANONICAL,17_fragrantica_note_vocabulary.csv,No confirmed duplicate expression; retained as its own canonical concept.,False
Orbitone,Orbitone,CANONICAL,17_fragrantica_note_vocabulary.csv,No confirmed duplicate expression; retained as its own canonical concept.,False
Orchard Blossom,Orchard Blossom,CANONICAL,17_fragrantica_note_vocabulary.csv,No confirmed duplicate expression; retained as its own canonical concept.,False
Parchment,Parchment,CANONICAL,17_fragrantica_note_vocabulary.csv,No confirmed duplicate expression; retained as its own canonical concept.,False
Patchouli (Green),Patchouli (Green),CANONICAL,17_fragrantica_note_vocabulary.csv,No confirmed duplicate expression; retained as its own canonical concept.,False
Physcool®,Physcool®,CANONICAL,17_fragrantica_note_vocabulary.csv,No confirmed duplicate expression; retained as its own canonical concept.,False
Pretzel,Pretzel,CANONICAL,17_fragrantica_note_vocabulary.csv,No confirmed duplicate expression; retained as its own canonical concept.,False
Red Fruits Sorbet,Red Fruits Sorbet,CANONICAL,17_fragrantica_note_vocabulary.csv,No confirmed duplicate expression; retained as its own canonical concept.,False
Rice Cake,Rice Cake,CANONICAL,17_fragrantica_note_vocabulary.csv,No confirmed duplicate expression; retained as its own canonical concept.,False
Rice Leaf,Rice Leaf,CANONICAL,17_fragrantica_note_vocabulary.csv,No confirmed duplicate expression; retained as its own canonical concept.,False
Rumenian Tagetes,Rumenian Tagetes,CANONICAL,17_fragrantica_note_vocabulary.csv,No confirmed duplicate expression; retained as its own canonical concept.,False
Sandalwood Flower,Sandalwood Flower,CANONICAL,17_fragrantica_note_vocabulary.csv,No confirmed duplicate expression; retained as its own canonical concept.,False
Scots pine variant,Scots pine variant,CANONICAL,17_fragrantica_note_vocabulary.csv,No confirmed duplicate expression; retained as its own canonical concept.,False
Seed Okra or Gumbo,Seed Okra or Gumbo,CANONICAL,17_fragrantica_note_vocabulary.csv,No confirmed duplicate expression; retained as its own canonical concept.,False
Snowberry,Snowberry,CANONICAL,17_fragrantica_note_vocabulary.csv,No confirmed duplicate expression; retained as its own canonical concept.,False
Soju,Soju,CANONICAL,17_fragrantica_note_vocabulary.csv,No confirmed duplicate expression; retained as its own canonical concept.,False
Souffle,Souffle,CANONICAL,17_fragrantica_note_vocabulary.csv,No confirmed duplicate expression; retained as its own canonical concept.,False
Soy Milk,Soy Milk,CANONICAL,17_fragrantica_note_vocabulary.csv,No confirmed duplicate expression; retained as its own canonical concept.,False
Soy Sauce,Soy Sauce,CANONICAL,17_fragrantica_note_vocabulary.csv,No confirmed duplicate expression; retained as its own canonical concept.,False
Sparkling Accord,Sparkling Accord,CANONICAL,17_fragrantica_note_vocabulary.csv,No confirmed duplicate expression; retained as its own canonical concept.,False
Squishmallow Accord,Squishmallow Accord,CANONICAL,17_fragrantica_note_vocabulary.csv,No confirmed duplicate expression; retained as its own canonical concept.,False
Sugandha Kokila,Sugandha Kokila,CANONICAL,17_fragrantica_note_vocabulary.csv,No confirmed duplicate expression; retained as its own canonical concept.,False
Sweet Pie,Sweet Pie,CANONICAL,17_fragrantica_note_vocabulary.csv,No confirmed duplicate expression; retained as its own canonical concept.,False
Sweet Potato,Sweet Potato,CANONICAL,17_fragrantica_note_vocabulary.csv,No confirmed duplicate expression; retained as its own canonical concept.,False
Tangerine Leaves,Tangerine Leaves,CANONICAL,17_fragrantica_note_vocabulary.csv,No confirmed duplicate expression; retained as its own canonical concept.,False
Tapioca,Tapioca,CANONICAL,17_fragrantica_note_vocabulary.csv,No confirmed duplicate expression; retained as its own canonical concept.,False
Taro,Taro,CANONICAL,17_fragrantica_note_vocabulary.csv,No confirmed duplicate expression; retained as its own canonical concept.,False
Tatami,Tatami,CANONICAL,17_fragrantica_note_vocabulary.csv,No confirmed duplicate expression; retained as its own canonical concept.,False
ThalassogaiaTM,ThalassogaiaTM,CANONICAL,17_fragrantica_note_vocabulary.csv,No confirmed duplicate expression; retained as its own canonical concept.,False
Timberol,Timberol,CANONICAL,17_fragrantica_note_vocabulary.csv,No confirmed duplicate expression; retained as its own canonical concept.,False
Toscanol,Toscanol,CANONICAL,17_fragrantica_note_vocabulary.csv,No confirmed duplicate expression; retained as its own canonical concept.,False
Turnera Diffusa (Damiana),Turnera Diffusa (Damiana),CANONICAL,17_fragrantica_note_vocabulary.csv,No confirmed duplicate expression; retained as its own canonical concept.,False
Umeshu,Umeshu,CANONICAL,17_fragrantica_note_vocabulary.csv,No confirmed duplicate expression; retained as its own canonical concept.,False
Viburnum,Viburnum,CANONICAL,17_fragrantica_note_vocabulary.csv,No confirmed duplicate expression; retained as its own canonical concept.,False
Water Pepper,Water Pepper,CANONICAL,17_fragrantica_note_vocabulary.csv,No confirmed duplicate expression; retained as its own canonical concept.,False
White Almond,White Almond,CANONICAL,17_fragrantica_note_vocabulary.csv,No confirmed duplicate expression; retained as its own canonical concept.,False
White Chocolate Truffle,White Chocolate Truffle,CANONICAL,17_fragrantica_note_vocabulary.csv,No confirmed duplicate expression; retained as its own canonical concept.,False
White Datura,White Datura,CANONICAL,17_fragrantica_note_vocabulary.csv,No confirmed duplicate expression; retained as its own canonical concept.,False
Yellow Wine,Yellow Wine,CANONICAL,17_fragrantica_note_vocabulary.csv,No confirmed duplicate expression; retained as its own canonical concept.,False
Yumberry,Yumberry,CANONICAL,17_fragrantica_note_vocabulary.csv,No confirmed duplicate expression; retained as its own canonical concept.,False
Affogato,Affogato,CANONICAL,17_fragrantica_note_vocabulary.csv,No confirmed duplicate expression; retained as its own canonical concept.,False
Algerian Geranium,Algerian Geranium,CANONICAL,17_fragrantica_note_vocabulary.csv,No confirmed duplicate expression; retained as its own canonical concept.,False
Althaea,Althaea,CANONICAL,17_fragrantica_note_vocabulary.csv,No confirmed duplicate expression; retained as its own canonical concept.,False
Aluminum,Aluminum,CANONICAL,17_fragrantica_note_vocabulary.csv,No confirmed duplicate expression; retained as its own canonical concept.,False
Alumroot,Alumroot,CANONICAL,17_fragrantica_note_vocabulary.csv,No confirmed duplicate expression; retained as its own canonical concept.,False
Amazon Moonflower,Amazon Moonflower,CANONICAL,17_fragrantica_note_vocabulary.csv,No confirmed duplicate expression; retained as its own canonical concept.,False
Amberever,Amberever,CANONICAL,17_fragrantica_note_vocabulary.csv,No confirmed duplicate expression; retained as its own canonical concept.,False
Ambronova TM,Ambronova TM,CANONICAL,17_fragrantica_note_vocabulary.csv,No confirmed duplicate expression; retained as its own canonical concept.,False
Amburana Bark,Amburana Bark,CANONICAL,17_fragrantica_note_vocabulary.csv,No confirmed duplicate expression; retained as its own canonical concept.,False
Amburana Wood,Amburana Wood,CANONICAL,17_fragrantica_note_vocabulary.csv,No confirmed duplicate expression; retained as its own canonical concept.,False
Apple Mint,Apple Mint,CANONICAL,17_fragrantica_note_vocabulary.csv,No confirmed duplicate expression; retained as its own canonical concept.,False
"Arbutus (Madrona, Bearberry tree)","Arbutus (Madrona, Bearberry tree)",CANONICAL,17_fragrantica_note_vocabulary.csv,No confirmed duplicate expression; retained as its own canonical concept.,False
Argan Tree,Argan Tree,CANONICAL,17_fragrantica_note_vocabulary.csv,No confirmed duplicate expression; retained as its own canonical concept.,False
Asparagus,Asparagus,CANONICAL,17_fragrantica_note_vocabulary.csv,No confirmed duplicate expression; retained as its own canonical concept.,False
Aspen,Aspen,CANONICAL,17_fragrantica_note_vocabulary.csv,No confirmed duplicate expression; retained as its own canonical concept.,False
Baguette,Baguette,CANONICAL,17_fragrantica_note_vocabulary.csv,No confirmed duplicate expression; retained as its own canonical concept.,False
Baked Pear,Baked Pear,CANONICAL,17_fragrantica_note_vocabulary.csv,No confirmed duplicate expression; retained as its own canonical concept.,False
Bearberry,Bearberry,NOT_SAME,"v0.3 dictionary/evidence, Stage 20 decisions, or explicit audit exclusion",Barberry and Bearberry are only string-similar and are different labels.,False
Behini Tree,Behini Tree,CANONICAL,17_fragrantica_note_vocabulary.csv,No confirmed duplicate expression; retained as its own canonical concept.,False
Belanis,Belanis,CANONICAL,17_fragrantica_note_vocabulary.csv,No confirmed duplicate expression; retained as its own canonical concept.,False
Black Gardenia,Black Gardenia,CANONICAL,17_fragrantica_note_vocabulary.csv,No confirmed duplicate expression; retained as its own canonical concept.,False
Blackcurrant Juice,Blackcurrant Juice,CANONICAL,17_fragrantica_note_vocabulary.csv,No confirmed duplicate expression; retained as its own canonical concept.,False
Blue Amber,Blue Amber,CANONICAL,17_fragrantica_note_vocabulary.csv,No confirmed duplicate expression; retained as its own canonical concept.,False
Boisiris,Boisiris,CANONICAL,17_fragrantica_note_vocabulary.csv,No confirmed duplicate expression; retained as its own canonical concept.,False
Burdock,Burdock,CANONICAL,17_fragrantica_note_vocabulary.csv,No confirmed duplicate expression; retained as its own canonical concept.,False
Buttered Rum,Buttered Rum,CANONICAL,17_fragrantica_note_vocabulary.csv,No confirmed duplicate expression; retained as its own canonical concept.,False
California Cedar,California Cedar,CANONICAL,17_fragrantica_note_vocabulary.csv,No confirmed duplicate expression; retained as its own canonical concept.,False
Californian Gardenia,Californian Gardenia,CANONICAL,17_fragrantica_note_vocabulary.csv,No confirmed duplicate expression; retained as its own canonical concept.,False
Californian Orange,Californian Orange,REVIEW,Candidate rule; existing project evidence insufficient,California/Californian wording is plausible but is not a pure spelling rule.,True
Cannonball Flower,Cannonball Flower,CANONICAL,17_fragrantica_note_vocabulary.csv,No confirmed duplicate expression; retained as its own canonical concept.,False
Carissa,Carissa,CANONICAL,17_fragrantica_note_vocabulary.csv,No confirmed duplicate expression; retained as its own canonical concept.,False
Carolina Reaper,Carolina Reaper,CANONICAL,17_fragrantica_note_vocabulary.csv,No confirmed duplicate expression; retained as its own canonical concept.,False
Cashmir wood,Cashmirwood,SAME_CONCEPT,Fragrantica internal vocabulary; case/space/hyphen/punctuation rule,Existing raw labels differ only by a case/space/hyphen/punctuation form; an existing representative raw label is retained.,False
Centella Asiatica,Centella Asiatica,CANONICAL,17_fragrantica_note_vocabulary.csv,No confirmed duplicate expression; retained as its own canonical concept.,False
Cepes,Cepes,CANONICAL,17_fragrantica_note_vocabulary.csv,No confirmed duplicate expression; retained as its own canonical concept.,False
Chai Latte,Chai Latte,CANONICAL,17_fragrantica_note_vocabulary.csv,No confirmed duplicate expression; retained as its own canonical concept.,False
Charcoal,Charcoal,CANONICAL,17_fragrantica_note_vocabulary.csv,No confirmed duplicate expression; retained as its own canonical concept.,False
Chinese Medicinal Herbs,Chinese Medicinal Herbs,CANONICAL,17_fragrantica_note_vocabulary.csv,No confirmed duplicate expression; retained as its own canonical concept.,False
Churros,Churros,CANONICAL,17_fragrantica_note_vocabulary.csv,No confirmed duplicate expression; retained as its own canonical concept.,False
Cinnamon Flower,Cinnamon Flower,CANONICAL,17_fragrantica_note_vocabulary.csv,No confirmed duplicate expression; retained as its own canonical concept.,False
Citron Leaf,Citron Leaf,CANONICAL,17_fragrantica_note_vocabulary.csv,No confirmed duplicate expression; retained as its own canonical concept.,False
Coral Rose,Coral Rose,CANONICAL,17_fragrantica_note_vocabulary.csv,No confirmed duplicate expression; retained as its own canonical concept.,False
Cosmopolitan cocktail,Cosmopolitan cocktail,CANONICAL,17_fragrantica_note_vocabulary.csv,No confirmed duplicate expression; retained as its own canonical concept.,False
Cottonwood,Cottonwood,CANONICAL,17_fragrantica_note_vocabulary.csv,No confirmed duplicate expression; retained as its own canonical concept.,False
Creamsicle,Creamsicle,CANONICAL,17_fragrantica_note_vocabulary.csv,No confirmed duplicate expression; retained as its own canonical concept.,False
Daikon radish,Daikon radish,CANONICAL,17_fragrantica_note_vocabulary.csv,No confirmed duplicate expression; retained as its own canonical concept.,False
Dark Plum Wu Mei,Dark Plum Wu Mei,CANONICAL,17_fragrantica_note_vocabulary.csv,No confirmed duplicate expression; retained as its own canonical concept.,False
Daylily,Daylily,CANONICAL,17_fragrantica_note_vocabulary.csv,No confirmed duplicate expression; retained as its own canonical concept.,False
Desert Rain Accord,Desert Rain Accord,CANONICAL,17_fragrantica_note_vocabulary.csv,No confirmed duplicate expression; retained as its own canonical concept.,False
Egyptian and Indian Jasmine,Egyptian and Indian Jasmine,CANONICAL,17_fragrantica_note_vocabulary.csv,No confirmed duplicate expression; retained as its own canonical concept.,False
Erigeron,Erigeron,CANONICAL,17_fragrantica_note_vocabulary.csv,No confirmed duplicate expression; retained as its own canonical concept.,False
Ethylvanillin,Ethylvanillin,CANONICAL,17_fragrantica_note_vocabulary.csv,No confirmed duplicate expression; retained as its own canonical concept.,False
Fior di Latte,Fior di Latte,CANONICAL,17_fragrantica_note_vocabulary.csv,No confirmed duplicate expression; retained as its own canonical concept.,False
Fresh Almond,Fresh Almond,CANONICAL,17_fragrantica_note_vocabulary.csv,No confirmed duplicate expression; retained as its own canonical concept.,False
Frosted Orange,Frosted Orange,CANONICAL,17_fragrantica_note_vocabulary.csv,No confirmed duplicate expression; retained as its own canonical concept.,False
Frothed milk,Frothed milk,CANONICAL,17_fragrantica_note_vocabulary.csv,No confirmed duplicate expression; retained as its own canonical concept.,False
Fruit Salad,Fruit Salad,CANONICAL,17_fragrantica_note_vocabulary.csv,No confirmed duplicate expression; retained as its own canonical concept.,False
Garden Dill,Garden Dill,CANONICAL,17_fragrantica_note_vocabulary.csv,No confirmed duplicate expression; retained as its own canonical concept.,False
Goat's milk,Goat's milk,CANONICAL,17_fragrantica_note_vocabulary.csv,No confirmed duplicate expression; retained as its own canonical concept.,False
Golden Lily,Golden Lily,CANONICAL,17_fragrantica_note_vocabulary.csv,No confirmed duplicate expression; retained as its own canonical concept.,False
Green Chilli,Green Chilli,CANONICAL,17_fragrantica_note_vocabulary.csv,No confirmed duplicate expression; retained as its own canonical concept.,False
Guayacan,Guayacan,CANONICAL,17_fragrantica_note_vocabulary.csv,No confirmed duplicate expression; retained as its own canonical concept.,False
Heated metal,Heated metal,CANONICAL,17_fragrantica_note_vocabulary.csv,No confirmed duplicate expression; retained as its own canonical concept.,False
Holly Flower,Holly Flower,CANONICAL,17_fragrantica_note_vocabulary.csv,No confirmed duplicate expression; retained as its own canonical concept.,False
Holy Water,Holy Water,CANONICAL,17_fragrantica_note_vocabulary.csv,No confirmed duplicate expression; retained as its own canonical concept.,False
Hungarian oakmoss,Hungarian oakmoss,CANONICAL,17_fragrantica_note_vocabulary.csv,No confirmed duplicate expression; retained as its own canonical concept.,False
Ironwood,Ironwood,CANONICAL,17_fragrantica_note_vocabulary.csv,No confirmed duplicate expression; retained as its own canonical concept.,False
Japanese Lemon,Japanese Lemon,CANONICAL,17_fragrantica_note_vocabulary.csv,No confirmed duplicate expression; retained as its own canonical concept.,False
Juicy Apricot,Juicy Apricot,CANONICAL,17_fragrantica_note_vocabulary.csv,No confirmed duplicate expression; retained as its own canonical concept.,False
Katsura leaf,Katsura leaf,CANONICAL,17_fragrantica_note_vocabulary.csv,No confirmed duplicate expression; retained as its own canonical concept.,False
Kudzu,Kudzu,CANONICAL,17_fragrantica_note_vocabulary.csv,No confirmed duplicate expression; retained as its own canonical concept.,False
Kumbaru,Kumbaru,CANONICAL,17_fragrantica_note_vocabulary.csv,No confirmed duplicate expression; retained as its own canonical concept.,False
Kyoto Rose petals,Kyoto Rose petals,CANONICAL,17_fragrantica_note_vocabulary.csv,No confirmed duplicate expression; retained as its own canonical concept.,False
Lamprocapnos,Lamprocapnos,CANONICAL,17_fragrantica_note_vocabulary.csv,No confirmed duplicate expression; retained as its own canonical concept.,False
Lillac,Lillac,CANONICAL,17_fragrantica_note_vocabulary.csv,No confirmed duplicate expression; retained as its own canonical concept.,False
Lily Of the Valley Leaves,Lily Of the Valley Leaves,CANONICAL,17_fragrantica_note_vocabulary.csv,No confirmed duplicate expression; retained as its own canonical concept.,False
Liv Tyler Rose,Liv Tyler Rose,CANONICAL,17_fragrantica_note_vocabulary.csv,No confirmed duplicate expression; retained as its own canonical concept.,False
Madeira,Madeira,CANONICAL,17_fragrantica_note_vocabulary.csv,No confirmed duplicate expression; retained as its own canonical concept.,False
Mangrove Wood,Mangrove Wood,CANONICAL,17_fragrantica_note_vocabulary.csv,No confirmed duplicate expression; retained as its own canonical concept.,False
Marian Plum,Marian Plum,CANONICAL,17_fragrantica_note_vocabulary.csv,No confirmed duplicate expression; retained as its own canonical concept.,False
Mesquite Wood,Mesquite Wood,CANONICAL,17_fragrantica_note_vocabulary.csv,No confirmed duplicate expression; retained as its own canonical concept.,False
Michelia leaf,Michelia leaf,CANONICAL,17_fragrantica_note_vocabulary.csv,No confirmed duplicate expression; retained as its own canonical concept.,False
Milk Candy,Milk Candy,CANONICAL,17_fragrantica_note_vocabulary.csv,No confirmed duplicate expression; retained as its own canonical concept.,False
Miracle berry,Miracle berry,CANONICAL,17_fragrantica_note_vocabulary.csv,No confirmed duplicate expression; retained as its own canonical concept.,False
Moepel accord,Moepel accord,CANONICAL,17_fragrantica_note_vocabulary.csv,No confirmed duplicate expression; retained as its own canonical concept.,False
Moroccan and Indian Jasmine,Moroccan and Indian Jasmine,CANONICAL,17_fragrantica_note_vocabulary.csv,No confirmed duplicate expression; retained as its own canonical concept.,False
Moscow Mule,Moscow Mule,CANONICAL,17_fragrantica_note_vocabulary.csv,No confirmed duplicate expression; retained as its own canonical concept.,False
Negroni,Negroni,CANONICAL,17_fragrantica_note_vocabulary.csv,No confirmed duplicate expression; retained as its own canonical concept.,False
Neoprene,Neoprene,CANONICAL,17_fragrantica_note_vocabulary.csv,No confirmed duplicate expression; retained as its own canonical concept.,False
Norwegian pine,Norwegian pine,CANONICAL,17_fragrantica_note_vocabulary.csv,No confirmed duplicate expression; retained as its own canonical concept.,False
Old House,Old House,CANONICAL,17_fragrantica_note_vocabulary.csv,No confirmed duplicate expression; retained as its own canonical concept.,False
Orchid Cactus,Orchid Cactus,CANONICAL,17_fragrantica_note_vocabulary.csv,No confirmed duplicate expression; retained as its own canonical concept.,False
Pan de Muerto,Pan de Muerto,CANONICAL,17_fragrantica_note_vocabulary.csv,No confirmed duplicate expression; retained as its own canonical concept.,False
Peanut Butter,Peanut Butter,CANONICAL,17_fragrantica_note_vocabulary.csv,No confirmed duplicate expression; retained as its own canonical concept.,False
Perfume lemon,Perfume lemon,CANONICAL,17_fragrantica_note_vocabulary.csv,No confirmed duplicate expression; retained as its own canonical concept.,False
Pisco Sour cocktal,Pisco Sour cocktal,CANONICAL,17_fragrantica_note_vocabulary.csv,No confirmed duplicate expression; retained as its own canonical concept.,False
Popsicle,Popsicle,CANONICAL,17_fragrantica_note_vocabulary.csv,No confirmed duplicate expression; retained as its own canonical concept.,False
Portulaca or Pigweed,Portulaca or Pigweed,CANONICAL,17_fragrantica_note_vocabulary.csv,No confirmed duplicate expression; retained as its own canonical concept.,False
Posidonia,Posidonia,CANONICAL,17_fragrantica_note_vocabulary.csv,No confirmed duplicate expression; retained as its own canonical concept.,False
Princess Tree or Paulownia,Princess Tree or Paulownia,CANONICAL,17_fragrantica_note_vocabulary.csv,No confirmed duplicate expression; retained as its own canonical concept.,False
Purple Yam,Purple Yam,CANONICAL,17_fragrantica_note_vocabulary.csv,No confirmed duplicate expression; retained as its own canonical concept.,False
Red Mulberry,Red Mulberry,CANONICAL,17_fragrantica_note_vocabulary.csv,No confirmed duplicate expression; retained as its own canonical concept.,False
Red Tulip,Red Tulip,CANONICAL,17_fragrantica_note_vocabulary.csv,No confirmed duplicate expression; retained as its own canonical concept.,False
Rumex,Rumex,CANONICAL,17_fragrantica_note_vocabulary.csv,No confirmed duplicate expression; retained as its own canonical concept.,False
Salted Caramel Fudge,Salted Caramel Fudge,CANONICAL,17_fragrantica_note_vocabulary.csv,No confirmed duplicate expression; retained as its own canonical concept.,False
Satinwood,Satinwood,CANONICAL,17_fragrantica_note_vocabulary.csv,No confirmed duplicate expression; retained as its own canonical concept.,False
Saucer Magnolia,Saucer Magnolia,CANONICAL,17_fragrantica_note_vocabulary.csv,No confirmed duplicate expression; retained as its own canonical concept.,False
Sauna,Sauna,CANONICAL,17_fragrantica_note_vocabulary.csv,No confirmed duplicate expression; retained as its own canonical concept.,False
Seriguela,Seriguela,CANONICAL,17_fragrantica_note_vocabulary.csv,No confirmed duplicate expression; retained as its own canonical concept.,False
Sicilian Mandarin Blossom,Sicilian Mandarin Blossom,CANONICAL,17_fragrantica_note_vocabulary.csv,No confirmed duplicate expression; retained as its own canonical concept.,False
Slate,Slate,CANONICAL,17_fragrantica_note_vocabulary.csv,No confirmed duplicate expression; retained as its own canonical concept.,False
Smoketree,Smoketree,CANONICAL,17_fragrantica_note_vocabulary.csv,No confirmed duplicate expression; retained as its own canonical concept.,False
South African Sage,South African Sage,CANONICAL,17_fragrantica_note_vocabulary.csv,No confirmed duplicate expression; retained as its own canonical concept.,False
Spinach,Spinach,CANONICAL,17_fragrantica_note_vocabulary.csv,No confirmed duplicate expression; retained as its own canonical concept.,False
Squash,Squash,CANONICAL,17_fragrantica_note_vocabulary.csv,No confirmed duplicate expression; retained as its own canonical concept.,False
Suederal®,Suederal®,CANONICAL,17_fragrantica_note_vocabulary.csv,No confirmed duplicate expression; retained as its own canonical concept.,False
Sugared Almonds,Sugared Almonds,CANONICAL,17_fragrantica_note_vocabulary.csv,No confirmed duplicate expression; retained as its own canonical concept.,False
Sweet Alyssum,Sweet Alyssum,CANONICAL,17_fragrantica_note_vocabulary.csv,No confirmed duplicate expression; retained as its own canonical concept.,False
Tennis Ball,Tennis Ball,CANONICAL,17_fragrantica_note_vocabulary.csv,No confirmed duplicate expression; retained as its own canonical concept.,False
Terranol,Terranol,CANONICAL,17_fragrantica_note_vocabulary.csv,No confirmed duplicate expression; retained as its own canonical concept.,False
Tires,Tires,CANONICAL,17_fragrantica_note_vocabulary.csv,No confirmed duplicate expression; retained as its own canonical concept.,False
Tokaji Wine,Tokaji Wine,CANONICAL,17_fragrantica_note_vocabulary.csv,No confirmed duplicate expression; retained as its own canonical concept.,False
TonquitoneTM,TonquitoneTM,CANONICAL,17_fragrantica_note_vocabulary.csv,No confirmed duplicate expression; retained as its own canonical concept.,False
Torreya,Torreya,CANONICAL,17_fragrantica_note_vocabulary.csv,No confirmed duplicate expression; retained as its own canonical concept.,False
Trat Oud,Trat Oud,CANONICAL,17_fragrantica_note_vocabulary.csv,No confirmed duplicate expression; retained as its own canonical concept.,False
Tunisian Opium,Tunisian Opium,CANONICAL,17_fragrantica_note_vocabulary.csv,No confirmed duplicate expression; retained as its own canonical concept.,False
Vanilla Bahiana,Vanilla Bahiana,CANONICAL,17_fragrantica_note_vocabulary.csv,No confirmed duplicate expression; retained as its own canonical concept.,False
Vanilla Sauce,Vanilla Sauce,CANONICAL,17_fragrantica_note_vocabulary.csv,No confirmed duplicate expression; retained as its own canonical concept.,False
Veloutone,Veloutone,CANONICAL,17_fragrantica_note_vocabulary.csv,No confirmed duplicate expression; retained as its own canonical concept.,False
Virginian Patchouli,Virginian Patchouli,CANONICAL,17_fragrantica_note_vocabulary.csv,No confirmed duplicate expression; retained as its own canonical concept.,False
Walnut Milk,Walnut Milk,CANONICAL,17_fragrantica_note_vocabulary.csv,No confirmed duplicate expression; retained as its own canonical concept.,False
Wan Sao Lhong,Wan Sao Lhong,CANONICAL,17_fragrantica_note_vocabulary.csv,No confirmed duplicate expression; retained as its own canonical concept.,False
Water Heliotrope,Water Heliotrope,CANONICAL,17_fragrantica_note_vocabulary.csv,No confirmed duplicate expression; retained as its own canonical concept.,False
Wattleseed,Wattleseed,CANONICAL,17_fragrantica_note_vocabulary.csv,No confirmed duplicate expression; retained as its own canonical concept.,False
White Dahlia,White Dahlia,CANONICAL,17_fragrantica_note_vocabulary.csv,No confirmed duplicate expression; retained as its own canonical concept.,False
White Honeysuckle,White Honeysuckle,CANONICAL,17_fragrantica_note_vocabulary.csv,No confirmed duplicate expression; retained as its own canonical concept.,False
White Mimosa Honey,White Mimosa Honey,CANONICAL,17_fragrantica_note_vocabulary.csv,No confirmed duplicate expression; retained as its own canonical concept.,False
White Tea Blossom,White Tea Blossom,CANONICAL,17_fragrantica_note_vocabulary.csv,No confirmed duplicate expression; retained as its own canonical concept.,False
Wild carrot,Wild carrot,CANONICAL,17_fragrantica_note_vocabulary.csv,No confirmed duplicate expression; retained as its own canonical concept.,False
Willow-Leaved,Willow-Leaved,CANONICAL,17_fragrantica_note_vocabulary.csv,No confirmed duplicate expression; retained as its own canonical concept.,False
Wisteria Flower,Wisteria Flower,CANONICAL,17_fragrantica_note_vocabulary.csv,No confirmed duplicate expression; retained as its own canonical concept.,False
Woodruff or Galium Odoratum,Woodruff or Galium Odoratum,CANONICAL,17_fragrantica_note_vocabulary.csv,No confirmed duplicate expression; retained as its own canonical concept.,False
Zefir,Zefir,CANONICAL,17_fragrantica_note_vocabulary.csv,No confirmed duplicate expression; retained as its own canonical concept.,False
Acetylfuran,Acetylfuran,CANONICAL,17_fragrantica_note_vocabulary.csv,No confirmed duplicate expression; retained as its own canonical concept.,False
Achillea Olympus,Achillea Olympus,CANONICAL,17_fragrantica_note_vocabulary.csv,No confirmed duplicate expression; retained as its own canonical concept.,False
African Freesia Petals,African Freesia Petals,CANONICAL,17_fragrantica_note_vocabulary.csv,No confirmed duplicate expression; retained as its own canonical concept.,False
Alcantara accord,Alcantara accord,CANONICAL,17_fragrantica_note_vocabulary.csv,No confirmed duplicate expression; retained as its own canonical concept.,False
Alder,Alder,CANONICAL,17_fragrantica_note_vocabulary.csv,No confirmed duplicate expression; retained as its own canonical concept.,False
Alyssum,Alyssum,CANONICAL,17_fragrantica_note_vocabulary.csv,No confirmed duplicate expression; retained as its own canonical concept.,False
Amberketal,Amberketal,CANONICAL,17_fragrantica_note_vocabulary.csv,No confirmed duplicate expression; retained as its own canonical concept.,False
Ammophila,Ammophila,CANONICAL,17_fragrantica_note_vocabulary.csv,No confirmed duplicate expression; retained as its own canonical concept.,False
AntilloneTM,AntilloneTM,CANONICAL,17_fragrantica_note_vocabulary.csv,No confirmed duplicate expression; retained as its own canonical concept.,False
Apple Licor,Apple Licor,CANONICAL,17_fragrantica_note_vocabulary.csv,No confirmed duplicate expression; retained as its own canonical concept.,False
Apricot Jam,Apricot Jam,CANONICAL,17_fragrantica_note_vocabulary.csv,No confirmed duplicate expression; retained as its own canonical concept.,False
Ashberry,Ashberry,CANONICAL,17_fragrantica_note_vocabulary.csv,No confirmed duplicate expression; retained as its own canonical concept.,False
Aspic,Aspic,CANONICAL,17_fragrantica_note_vocabulary.csv,No confirmed duplicate expression; retained as its own canonical concept.,False
Azolla,Azolla,CANONICAL,17_fragrantica_note_vocabulary.csv,No confirmed duplicate expression; retained as its own canonical concept.,False
Azteca Lily,Azteca Lily,CANONICAL,17_fragrantica_note_vocabulary.csv,No confirmed duplicate expression; retained as its own canonical concept.,False
Baby’s Breath,Baby’s Breath,CANONICAL,17_fragrantica_note_vocabulary.csv,No confirmed duplicate expression; retained as its own canonical concept.,False
Baking Spices,Baking Spices,CANONICAL,17_fragrantica_note_vocabulary.csv,No confirmed duplicate expression; retained as its own canonical concept.,False
Banana Bread,Banana Bread,CANONICAL,17_fragrantica_note_vocabulary.csv,No confirmed duplicate expression; retained as its own canonical concept.,False
Beach grass,Beach grass,CANONICAL,17_fragrantica_note_vocabulary.csv,No confirmed duplicate expression; retained as its own canonical concept.,False
Biscotti,Biscotti,CANONICAL,17_fragrantica_note_vocabulary.csv,No confirmed duplicate expression; retained as its own canonical concept.,False
Black Clover,Black Clover,CANONICAL,17_fragrantica_note_vocabulary.csv,No confirmed duplicate expression; retained as its own canonical concept.,False
Black Freesia,Black Freesia,CANONICAL,17_fragrantica_note_vocabulary.csv,No confirmed duplicate expression; retained as its own canonical concept.,False
Blue Margarita,Blue Margarita,CANONICAL,17_fragrantica_note_vocabulary.csv,No confirmed duplicate expression; retained as its own canonical concept.,False
Blueberry Jam,Blueberry Jam,CANONICAL,17_fragrantica_note_vocabulary.csv,No confirmed duplicate expression; retained as its own canonical concept.,False
Bottlebrushes,Bottlebrushes,CANONICAL,17_fragrantica_note_vocabulary.csv,No confirmed duplicate expression; retained as its own canonical concept.,False
Brazilian Spices,Brazilian Spices,CANONICAL,17_fragrantica_note_vocabulary.csv,No confirmed duplicate expression; retained as its own canonical concept.,False
Brown Scotch Tape,Brown Scotch Tape,CANONICAL,17_fragrantica_note_vocabulary.csv,No confirmed duplicate expression; retained as its own canonical concept.,False
Bubbaloo,Bubbaloo,CANONICAL,17_fragrantica_note_vocabulary.csv,No confirmed duplicate expression; retained as its own canonical concept.,False
Buckwheat Tea,Buckwheat Tea,CANONICAL,17_fragrantica_note_vocabulary.csv,No confirmed duplicate expression; retained as its own canonical concept.,False
Buriti,Buriti,CANONICAL,17_fragrantica_note_vocabulary.csv,No confirmed duplicate expression; retained as its own canonical concept.,False
Burning Cherry,Burning Cherry,CANONICAL,17_fragrantica_note_vocabulary.csv,No confirmed duplicate expression; retained as its own canonical concept.,False
Cachalox,Cachalox,CANONICAL,17_fragrantica_note_vocabulary.csv,No confirmed duplicate expression; retained as its own canonical concept.,False
Calvados Drink,Calvados Drink,CANONICAL,17_fragrantica_note_vocabulary.csv,No confirmed duplicate expression; retained as its own canonical concept.,False
Canada Balsam,Canada Balsam,CANONICAL,17_fragrantica_note_vocabulary.csv,No confirmed duplicate expression; retained as its own canonical concept.,False
Candied Flowers,Candied Flowers,CANONICAL,17_fragrantica_note_vocabulary.csv,No confirmed duplicate expression; retained as its own canonical concept.,False
Canvas,Canvas,CANONICAL,17_fragrantica_note_vocabulary.csv,No confirmed duplicate expression; retained as its own canonical concept.,False
Cardamom Flower,Cardamom Flower,CANONICAL,17_fragrantica_note_vocabulary.csv,No confirmed duplicate expression; retained as its own canonical concept.,False
Cassata Siciliana,Cassata Siciliana,CANONICAL,17_fragrantica_note_vocabulary.csv,No confirmed duplicate expression; retained as its own canonical concept.,False
Celosia,Celosia,CANONICAL,17_fragrantica_note_vocabulary.csv,No confirmed duplicate expression; retained as its own canonical concept.,False
Cep,Cep,REVIEW,Candidate rule; existing project evidence insufficient,"Cep/Cepes may be a language/plural variant, but existing evidence is absent.",True
Cetonal®,Cetonal®,CANONICAL,17_fragrantica_note_vocabulary.csv,No confirmed duplicate expression; retained as its own canonical concept.,False
Chamallow,Chamallow,CANONICAL,17_fragrantica_note_vocabulary.csv,No confirmed duplicate expression; retained as its own canonical concept.,False
Chaparral,Chaparral,CANONICAL,17_fragrantica_note_vocabulary.csv,No confirmed duplicate expression; retained as its own canonical concept.,False
Chickpeas,Chickpeas,CANONICAL,17_fragrantica_note_vocabulary.csv,No confirmed duplicate expression; retained as its own canonical concept.,False
Chicory,Chicory,CANONICAL,17_fragrantica_note_vocabulary.csv,No confirmed duplicate expression; retained as its own canonical concept.,False
Chinese Red Currant,Chinese Red Currant,CANONICAL,17_fragrantica_note_vocabulary.csv,No confirmed duplicate expression; retained as its own canonical concept.,False
Chinotto blossom,Chinotto blossom,CANONICAL,17_fragrantica_note_vocabulary.csv,No confirmed duplicate expression; retained as its own canonical concept.,False
Chive,Chive,CANONICAL,17_fragrantica_note_vocabulary.csv,No confirmed duplicate expression; retained as its own canonical concept.,False
Chlorophyll,Chlorophyll,CANONICAL,17_fragrantica_note_vocabulary.csv,No confirmed duplicate expression; retained as its own canonical concept.,False
Chocolate Sauce,Chocolate Sauce,CANONICAL,17_fragrantica_note_vocabulary.csv,No confirmed duplicate expression; retained as its own canonical concept.,False
Chuan Xiong,Chuan Xiong,CANONICAL,17_fragrantica_note_vocabulary.csv,No confirmed duplicate expression; retained as its own canonical concept.,False
Cinnamaldehyde,Cinnamaldehyde,CANONICAL,17_fragrantica_note_vocabulary.csv,No confirmed duplicate expression; retained as its own canonical concept.,False
Clematis,Clematis,CANONICAL,17_fragrantica_note_vocabulary.csv,No confirmed duplicate expression; retained as its own canonical concept.,False
CocoapulseTM,CocoapulseTM,CANONICAL,17_fragrantica_note_vocabulary.csv,No confirmed duplicate expression; retained as its own canonical concept.,False
Coffee Liqueur,Coffee Liqueur,CANONICAL,17_fragrantica_note_vocabulary.csv,No confirmed duplicate expression; retained as its own canonical concept.,False
Coleus,Coleus,CANONICAL,17_fragrantica_note_vocabulary.csv,No confirmed duplicate expression; retained as its own canonical concept.,False
Confetti,Confetti,CANONICAL,17_fragrantica_note_vocabulary.csv,No confirmed duplicate expression; retained as its own canonical concept.,False
Coral Amber,Coral Amber,CANONICAL,17_fragrantica_note_vocabulary.csv,No confirmed duplicate expression; retained as its own canonical concept.,False
Corall Orchid,Corall Orchid,CANONICAL,17_fragrantica_note_vocabulary.csv,No confirmed duplicate expression; retained as its own canonical concept.,False
Coranol,Coranol,CANONICAL,17_fragrantica_note_vocabulary.csv,No confirmed duplicate expression; retained as its own canonical concept.,False
Credit Cards,Credit Cards,CANONICAL,17_fragrantica_note_vocabulary.csv,No confirmed duplicate expression; retained as its own canonical concept.,False
Crinum lily,Crinum lily,CANONICAL,17_fragrantica_note_vocabulary.csv,No confirmed duplicate expression; retained as its own canonical concept.,False
Cucumber Flower,Cucumber Flower,CANONICAL,17_fragrantica_note_vocabulary.csv,No confirmed duplicate expression; retained as its own canonical concept.,False
Dark Chocolate Liqueur,Dark Chocolate Liqueur,CANONICAL,17_fragrantica_note_vocabulary.csv,No confirmed duplicate expression; retained as its own canonical concept.,False
Dragon fruit,Dragon fruit,CANONICAL,17_fragrantica_note_vocabulary.csv,No confirmed duplicate expression; retained as its own canonical concept.,False
Eau de vie,Eau de vie,CANONICAL,17_fragrantica_note_vocabulary.csv,No confirmed duplicate expression; retained as its own canonical concept.,False
Ethyl Vanilin,Ethylvanillin,SAME_CONCEPT,Fragrantica internal vocabulary; clear spelling rule,Existing raw labels differ only by a clear spelling form; an existing representative raw label is retained.,False
Euphorbia,Euphorbia,CANONICAL,17_fragrantica_note_vocabulary.csv,No confirmed duplicate expression; retained as its own canonical concept.,False
Field scabious,Field scabious,CANONICAL,17_fragrantica_note_vocabulary.csv,No confirmed duplicate expression; retained as its own canonical concept.,False
Fig Honey,Fig Honey,CANONICAL,17_fragrantica_note_vocabulary.csv,No confirmed duplicate expression; retained as its own canonical concept.,False
Fire Lily,Fire Lily,CANONICAL,17_fragrantica_note_vocabulary.csv,No confirmed duplicate expression; retained as its own canonical concept.,False
French Hyacinth,French Hyacinth,CANONICAL,17_fragrantica_note_vocabulary.csv,No confirmed duplicate expression; retained as its own canonical concept.,False
Gariguette Strawberry,Gariguette Strawberry,CANONICAL,17_fragrantica_note_vocabulary.csv,No confirmed duplicate expression; retained as its own canonical concept.,False
Gianduia,Gianduia,CANONICAL,17_fragrantica_note_vocabulary.csv,No confirmed duplicate expression; retained as its own canonical concept.,False
Glass,Glass,CANONICAL,17_fragrantica_note_vocabulary.csv,No confirmed duplicate expression; retained as its own canonical concept.,False
Goldenberry,Goldenberry,CANONICAL,17_fragrantica_note_vocabulary.csv,No confirmed duplicate expression; retained as its own canonical concept.,False
Green Branches,Green Branches,CANONICAL,17_fragrantica_note_vocabulary.csv,No confirmed duplicate expression; retained as its own canonical concept.,False
Grisalva,Grisalva,CANONICAL,17_fragrantica_note_vocabulary.csv,No confirmed duplicate expression; retained as its own canonical concept.,False
Guaiac Wood Resin,Guaiac Wood Resin,CANONICAL,17_fragrantica_note_vocabulary.csv,No confirmed duplicate expression; retained as its own canonical concept.,False
Hexenyl Green,Hexenyl Green,CANONICAL,17_fragrantica_note_vocabulary.csv,No confirmed duplicate expression; retained as its own canonical concept.,False
Hibiscus leaves,Hibiscus leaves,CANONICAL,17_fragrantica_note_vocabulary.csv,No confirmed duplicate expression; retained as its own canonical concept.,False
Hina,Hina,CANONICAL,17_fragrantica_note_vocabulary.csv,No confirmed duplicate expression; retained as its own canonical concept.,False
Hindinol,Hindinol,CANONICAL,17_fragrantica_note_vocabulary.csv,No confirmed duplicate expression; retained as its own canonical concept.,False
Horseweed,Horseweed,CANONICAL,17_fragrantica_note_vocabulary.csv,No confirmed duplicate expression; retained as its own canonical concept.,False
Incienso,Incienso,CANONICAL,17_fragrantica_note_vocabulary.csv,No confirmed duplicate expression; retained as its own canonical concept.,False
Indian Mango,Indian Mango,CANONICAL,17_fragrantica_note_vocabulary.csv,No confirmed duplicate expression; retained as its own canonical concept.,False
Indian White Pepper,Indian White Pepper,CANONICAL,17_fragrantica_note_vocabulary.csv,No confirmed duplicate expression; retained as its own canonical concept.,False
Indonesian Myrrh,Indonesian Myrrh,CANONICAL,17_fragrantica_note_vocabulary.csv,No confirmed duplicate expression; retained as its own canonical concept.,False
Instant film accord,Instant film accord,CANONICAL,17_fragrantica_note_vocabulary.csv,No confirmed duplicate expression; retained as its own canonical concept.,False
Inula,Inula,CANONICAL,17_fragrantica_note_vocabulary.csv,No confirmed duplicate expression; retained as its own canonical concept.,False
Japanese Orchid,Japanese Orchid,CANONICAL,17_fragrantica_note_vocabulary.csv,No confirmed duplicate expression; retained as its own canonical concept.,False
Japanese Pink Lotus,Japanese Pink Lotus,CANONICAL,17_fragrantica_note_vocabulary.csv,No confirmed duplicate expression; retained as its own canonical concept.,False
Jasmone,Jasmone,CANONICAL,17_fragrantica_note_vocabulary.csv,No confirmed duplicate expression; retained as its own canonical concept.,False
Jobs tears (Yi Yi Ren),Jobs tears (Yi Yi Ren),CANONICAL,17_fragrantica_note_vocabulary.csv,No confirmed duplicate expression; retained as its own canonical concept.,False
Kanuka,Kanuka,CANONICAL,17_fragrantica_note_vocabulary.csv,No confirmed duplicate expression; retained as its own canonical concept.,False
Karmaflor®,Karmaflor®,CANONICAL,17_fragrantica_note_vocabulary.csv,No confirmed duplicate expression; retained as its own canonical concept.,False
Kewra,Kewra,CANONICAL,17_fragrantica_note_vocabulary.csv,No confirmed duplicate expression; retained as its own canonical concept.,False
Lacquered Wood,Lacquered Wood,CANONICAL,17_fragrantica_note_vocabulary.csv,No confirmed duplicate expression; retained as its own canonical concept.,False
Lady Slipper Orchid,Lady Slipper Orchid,CANONICAL,17_fragrantica_note_vocabulary.csv,No confirmed duplicate expression; retained as its own canonical concept.,False
Lesser Calamint,Lesser Calamint,CANONICAL,17_fragrantica_note_vocabulary.csv,No confirmed duplicate expression; retained as its own canonical concept.,False
Licorice Flower,Licorice Flower,CANONICAL,17_fragrantica_note_vocabulary.csv,No confirmed duplicate expression; retained as its own canonical concept.,False
Limewood,Limewood,CANONICAL,17_fragrantica_note_vocabulary.csv,No confirmed duplicate expression; retained as its own canonical concept.,False
Loam,Loam,CANONICAL,17_fragrantica_note_vocabulary.csv,No confirmed duplicate expression; retained as its own canonical concept.,False
Magnolia brooklynensis,Magnolia brooklynensis,CANONICAL,17_fragrantica_note_vocabulary.csv,No confirmed duplicate expression; retained as its own canonical concept.,False
Mangosteen blossom,Mangosteen blossom,CANONICAL,17_fragrantica_note_vocabulary.csv,No confirmed duplicate expression; retained as its own canonical concept.,False
Milky Coffee,Milky Coffee,CANONICAL,17_fragrantica_note_vocabulary.csv,No confirmed duplicate expression; retained as its own canonical concept.,False
Mimosa leaves,Mimosa leaves,CANONICAL,17_fragrantica_note_vocabulary.csv,No confirmed duplicate expression; retained as its own canonical concept.,False
Mopane,Mopane,CANONICAL,17_fragrantica_note_vocabulary.csv,No confirmed duplicate expression; retained as its own canonical concept.,False
Moringa Blossom,Moringa Blossom,CANONICAL,17_fragrantica_note_vocabulary.csv,No confirmed duplicate expression; retained as its own canonical concept.,False
Musk Vodka,Musk Vodka,CANONICAL,17_fragrantica_note_vocabulary.csv,No confirmed duplicate expression; retained as its own canonical concept.,False
Mustard Seed,Mustard Seed,CANONICAL,17_fragrantica_note_vocabulary.csv,No confirmed duplicate expression; retained as its own canonical concept.,False
Narciussus,Narcissus,SAME_CONCEPT,Fragrantica internal vocabulary; clear spelling rule,Existing raw labels differ only by a clear spelling form; an existing representative raw label is retained.,False
Nettle Blossom,Nettle Blossom,CANONICAL,17_fragrantica_note_vocabulary.csv,No confirmed duplicate expression; retained as its own canonical concept.,False
Nom Maew,Nom Maew,CANONICAL,17_fragrantica_note_vocabulary.csv,No confirmed duplicate expression; retained as its own canonical concept.,False
Nut Grass,Nut Grass,CANONICAL,17_fragrantica_note_vocabulary.csv,No confirmed duplicate expression; retained as its own canonical concept.,False
Olibanum (Frankincense),Olibanum (Frankincense),CANONICAL,17_fragrantica_note_vocabulary.csv,No confirmed duplicate expression; retained as its own canonical concept.,False
Orchid Leaf,Orchid Leaf,CANONICAL,17_fragrantica_note_vocabulary.csv,No confirmed duplicate expression; retained as its own canonical concept.,False
Osmasylk NatsublimTM,Osmasylk NatsublimTM,CANONICAL,17_fragrantica_note_vocabulary.csv,No confirmed duplicate expression; retained as its own canonical concept.,False
Para-Cresyl Phenyl Acetate,Para-Cresyl Phenyl Acetate,CANONICAL,17_fragrantica_note_vocabulary.csv,No confirmed duplicate expression; retained as its own canonical concept.,False
Paradisamide,Paradisamide,CANONICAL,17_fragrantica_note_vocabulary.csv,No confirmed duplicate expression; retained as its own canonical concept.,False
Pastiera Napoletana,Pastiera Napoletana,CANONICAL,17_fragrantica_note_vocabulary.csv,No confirmed duplicate expression; retained as its own canonical concept.,False
Pear Tree,Pear Tree,CANONICAL,17_fragrantica_note_vocabulary.csv,No confirmed duplicate expression; retained as its own canonical concept.,False
Pelargonium Leaf,Pelargonium Leaf,CANONICAL,17_fragrantica_note_vocabulary.csv,No confirmed duplicate expression; retained as its own canonical concept.,False
Pesto,Pesto,CANONICAL,17_fragrantica_note_vocabulary.csv,No confirmed duplicate expression; retained as its own canonical concept.,False
Pink Flamingo Heliconia,Pink Flamingo Heliconia,CANONICAL,17_fragrantica_note_vocabulary.csv,No confirmed duplicate expression; retained as its own canonical concept.,False
Pink Ipê Tree,Pink Ipê Tree,CANONICAL,17_fragrantica_note_vocabulary.csv,No confirmed duplicate expression; retained as its own canonical concept.,False
Pink Paprika,Pink Paprika,CANONICAL,17_fragrantica_note_vocabulary.csv,No confirmed duplicate expression; retained as its own canonical concept.,False
Plantain,Plantain,CANONICAL,17_fragrantica_note_vocabulary.csv,No confirmed duplicate expression; retained as its own canonical concept.,False
Plastic Bag,Plastic Bag,CANONICAL,17_fragrantica_note_vocabulary.csv,No confirmed duplicate expression; retained as its own canonical concept.,False
Play-Doh,Play-Doh,CANONICAL,17_fragrantica_note_vocabulary.csv,No confirmed duplicate expression; retained as its own canonical concept.,False
Poinsettia,Poinsettia,CANONICAL,17_fragrantica_note_vocabulary.csv,No confirmed duplicate expression; retained as its own canonical concept.,False
Porcelain,Porcelain,CANONICAL,17_fragrantica_note_vocabulary.csv,No confirmed duplicate expression; retained as its own canonical concept.,False
Powder From The Moon,Powder From The Moon,CANONICAL,17_fragrantica_note_vocabulary.csv,No confirmed duplicate expression; retained as its own canonical concept.,False
Purple Coneflower,Purple Coneflower,CANONICAL,17_fragrantica_note_vocabulary.csv,No confirmed duplicate expression; retained as its own canonical concept.,False
"Quandong, desert peach","Quandong, desert peach",CANONICAL,17_fragrantica_note_vocabulary.csv,No confirmed duplicate expression; retained as its own canonical concept.,False
Quenepa,Quenepa,CANONICAL,17_fragrantica_note_vocabulary.csv,No confirmed duplicate expression; retained as its own canonical concept.,False
Rainbow Sorbet,Rainbow Sorbet,CANONICAL,17_fragrantica_note_vocabulary.csv,No confirmed duplicate expression; retained as its own canonical concept.,False
Raki,Raki,CANONICAL,17_fragrantica_note_vocabulary.csv,No confirmed duplicate expression; retained as its own canonical concept.,False
Rangpur,Rangpur,CANONICAL,17_fragrantica_note_vocabulary.csv,No confirmed duplicate expression; retained as its own canonical concept.,False
Raspberry Macaron,Raspberry Macaron,CANONICAL,17_fragrantica_note_vocabulary.csv,No confirmed duplicate expression; retained as its own canonical concept.,False
Ravenala,Ravenala,CANONICAL,17_fragrantica_note_vocabulary.csv,No confirmed duplicate expression; retained as its own canonical concept.,False
Red Currant Blossom,Red Currant Blossom,CANONICAL,17_fragrantica_note_vocabulary.csv,No confirmed duplicate expression; retained as its own canonical concept.,False
Red Paprika,Red Paprika,CANONICAL,17_fragrantica_note_vocabulary.csv,No confirmed duplicate expression; retained as its own canonical concept.,False
Red Vanill-Orchid,Red Vanill-Orchid,CANONICAL,17_fragrantica_note_vocabulary.csv,No confirmed duplicate expression; retained as its own canonical concept.,False
Red Willow,Red Willow,CANONICAL,17_fragrantica_note_vocabulary.csv,No confirmed duplicate expression; retained as its own canonical concept.,False
Redwood Flower,Redwood Flower,CANONICAL,17_fragrantica_note_vocabulary.csv,No confirmed duplicate expression; retained as its own canonical concept.,False
Rhodinol,Rhodinol,CANONICAL,17_fragrantica_note_vocabulary.csv,No confirmed duplicate expression; retained as its own canonical concept.,False
Romandolide®,Romandolide®,CANONICAL,17_fragrantica_note_vocabulary.csv,No confirmed duplicate expression; retained as its own canonical concept.,False
Romanian Sage,Romanian Sage,CANONICAL,17_fragrantica_note_vocabulary.csv,No confirmed duplicate expression; retained as its own canonical concept.,False
Rose Japanese (Hamanasu),Rose Japanese (Hamanasu),CANONICAL,17_fragrantica_note_vocabulary.csv,No confirmed duplicate expression; retained as its own canonical concept.,False
Roselle,Roselle,CANONICAL,17_fragrantica_note_vocabulary.csv,No confirmed duplicate expression; retained as its own canonical concept.,False
Rosewood Leaf,Rosewood Leaf,CANONICAL,17_fragrantica_note_vocabulary.csv,No confirmed duplicate expression; retained as its own canonical concept.,False
Rowanberry,Rowanberry,CANONICAL,17_fragrantica_note_vocabulary.csv,No confirmed duplicate expression; retained as its own canonical concept.,False
SP3 Carbon,SP3 Carbon,CANONICAL,17_fragrantica_note_vocabulary.csv,No confirmed duplicate expression; retained as its own canonical concept.,False
Salak,Salak,CANONICAL,17_fragrantica_note_vocabulary.csv,No confirmed duplicate expression; retained as its own canonical concept.,False
Salted Butter,Salted Butter,CANONICAL,17_fragrantica_note_vocabulary.csv,No confirmed duplicate expression; retained as its own canonical concept.,False
Salted Egg Yolk,Salted Egg Yolk,CANONICAL,17_fragrantica_note_vocabulary.csv,No confirmed duplicate expression; retained as its own canonical concept.,False
SandaloreTM,SandaloreTM,CANONICAL,17_fragrantica_note_vocabulary.csv,No confirmed duplicate expression; retained as its own canonical concept.,False
Sauce-aroma Baijiu,Sauce-aroma Baijiu,CANONICAL,17_fragrantica_note_vocabulary.csv,No confirmed duplicate expression; retained as its own canonical concept.,False
Saw palmetto,Saw palmetto,CANONICAL,17_fragrantica_note_vocabulary.csv,No confirmed duplicate expression; retained as its own canonical concept.,False
Sherry,Sherry,CANONICAL,17_fragrantica_note_vocabulary.csv,No confirmed duplicate expression; retained as its own canonical concept.,False
"Sideritis, Mountain Tea","Sideritis, Mountain Tea",CANONICAL,17_fragrantica_note_vocabulary.csv,No confirmed duplicate expression; retained as its own canonical concept.,False
Silverthorn,Silverthorn,CANONICAL,17_fragrantica_note_vocabulary.csv,No confirmed duplicate expression; retained as its own canonical concept.,False
Siren,Siren,CANONICAL,17_fragrantica_note_vocabulary.csv,No confirmed duplicate expression; retained as its own canonical concept.,False
Snow Lotus,Snow Lotus,CANONICAL,17_fragrantica_note_vocabulary.csv,No confirmed duplicate expression; retained as its own canonical concept.,False
Sodium Silicate,Sodium Silicate,CANONICAL,17_fragrantica_note_vocabulary.csv,No confirmed duplicate expression; retained as its own canonical concept.,False
Sophora Toromiro Flower,Sophora Toromiro Flower,CANONICAL,17_fragrantica_note_vocabulary.csv,No confirmed duplicate expression; retained as its own canonical concept.,False
Space Ship,Space Ship,CANONICAL,17_fragrantica_note_vocabulary.csv,No confirmed duplicate expression; retained as its own canonical concept.,False
Speculoos,Speculoos,CANONICAL,17_fragrantica_note_vocabulary.csv,No confirmed duplicate expression; retained as its own canonical concept.,False
Spiked Pepper,Spiked Pepper,CANONICAL,17_fragrantica_note_vocabulary.csv,No confirmed duplicate expression; retained as its own canonical concept.,False
Spiraea,Spiraea,CANONICAL,17_fragrantica_note_vocabulary.csv,No confirmed duplicate expression; retained as its own canonical concept.,False
Stardust,Stardust,CANONICAL,17_fragrantica_note_vocabulary.csv,No confirmed duplicate expression; retained as its own canonical concept.,False
Strawberry S’mores,Strawberry S’mores,CANONICAL,17_fragrantica_note_vocabulary.csv,No confirmed duplicate expression; retained as its own canonical concept.,False
Sundew,Sundew,CANONICAL,17_fragrantica_note_vocabulary.csv,No confirmed duplicate expression; retained as its own canonical concept.,False
Sweet Milk,Sweet Milk,CANONICAL,17_fragrantica_note_vocabulary.csv,No confirmed duplicate expression; retained as its own canonical concept.,False
T-Shirt accord,T-Shirt accord,CANONICAL,17_fragrantica_note_vocabulary.csv,No confirmed duplicate expression; retained as its own canonical concept.,False
Tamanu,Tamanu,CANONICAL,17_fragrantica_note_vocabulary.csv,No confirmed duplicate expression; retained as its own canonical concept.,False
Tamarisk,Tamarisk,CANONICAL,17_fragrantica_note_vocabulary.csv,No confirmed duplicate expression; retained as its own canonical concept.,False
Tamboti Wood,Tamboti Wood,CANONICAL,17_fragrantica_note_vocabulary.csv,No confirmed duplicate expression; retained as its own canonical concept.,False
Tartine,Tartine,CANONICAL,17_fragrantica_note_vocabulary.csv,No confirmed duplicate expression; retained as its own canonical concept.,False
Terracotta,Terracotta,CANONICAL,17_fragrantica_note_vocabulary.csv,No confirmed duplicate expression; retained as its own canonical concept.,False
Ti Leaf (Cordilyne),Ti Leaf (Cordilyne),CANONICAL,17_fragrantica_note_vocabulary.csv,No confirmed duplicate expression; retained as its own canonical concept.,False
Tomato Flower,Tomato Flower,CANONICAL,17_fragrantica_note_vocabulary.csv,No confirmed duplicate expression; retained as its own canonical concept.,False
Tonalide®,Tonalide®,CANONICAL,17_fragrantica_note_vocabulary.csv,No confirmed duplicate expression; retained as its own canonical concept.,False
Trillium,Trillium,CANONICAL,17_fragrantica_note_vocabulary.csv,No confirmed duplicate expression; retained as its own canonical concept.,False
Trimofix®,Trimofix®,CANONICAL,17_fragrantica_note_vocabulary.csv,No confirmed duplicate expression; retained as its own canonical concept.,False
Tropicalone,Tropicalone,CANONICAL,17_fragrantica_note_vocabulary.csv,No confirmed duplicate expression; retained as its own canonical concept.,False
Tuberolide,Tuberolide,CANONICAL,17_fragrantica_note_vocabulary.csv,No confirmed duplicate expression; retained as its own canonical concept.,False
Tumbleweed,Tumbleweed,CANONICAL,17_fragrantica_note_vocabulary.csv,No confirmed duplicate expression; retained as its own canonical concept.,False
Turpentine,Turpentine,CANONICAL,17_fragrantica_note_vocabulary.csv,No confirmed duplicate expression; retained as its own canonical concept.,False
UltravanilTM,UltravanilTM,CANONICAL,17_fragrantica_note_vocabulary.csv,No confirmed duplicate expression; retained as its own canonical concept.,False
Vanilla Leaves,Vanilla Leaves,CANONICAL,17_fragrantica_note_vocabulary.csv,No confirmed duplicate expression; retained as its own canonical concept.,False
Verdox,Verdox,CANONICAL,17_fragrantica_note_vocabulary.csv,No confirmed duplicate expression; retained as its own canonical concept.,False
Vinegar,Vinegar,CANONICAL,17_fragrantica_note_vocabulary.csv,No confirmed duplicate expression; retained as its own canonical concept.,False
Vinyl Guaiacol,Vinyl Guaiacol,CANONICAL,17_fragrantica_note_vocabulary.csv,No confirmed duplicate expression; retained as its own canonical concept.,False
Vitamin C,Vitamin C,CANONICAL,17_fragrantica_note_vocabulary.csv,No confirmed duplicate expression; retained as its own canonical concept.,False
White Royal Lily,White Royal Lily,CANONICAL,17_fragrantica_note_vocabulary.csv,No confirmed duplicate expression; retained as its own canonical concept.,False
Wine must,Wine must,CANONICAL,17_fragrantica_note_vocabulary.csv,No confirmed duplicate expression; retained as its own canonical concept.,False
Winter Daphne,Winter Daphne,CANONICAL,17_fragrantica_note_vocabulary.csv,No confirmed duplicate expression; retained as its own canonical concept.,False
Wrightia,Wrightia,CANONICAL,17_fragrantica_note_vocabulary.csv,No confirmed duplicate expression; retained as its own canonical concept.,False
Yunnan Tea,Yunnan Tea,CANONICAL,17_fragrantica_note_vocabulary.csv,No confirmed duplicate expression; retained as its own canonical concept.,False
Z11TM,Z11TM,CANONICAL,17_fragrantica_note_vocabulary.csv,No confirmed duplicate expression; retained as its own canonical concept.,False
Zinnia,Zinnia,CANONICAL,17_fragrantica_note_vocabulary.csv,No confirmed duplicate expression; retained as its own canonical concept.,False
Wintermelon,Wintermelon,CANONICAL,17_fragrantica_note_vocabulary.csv,No confirmed duplicate expression; retained as its own canonical concept.,False
Abelia,Abelia,CANONICAL,17_fragrantica_note_vocabulary.csv,No confirmed duplicate expression; retained as its own canonical concept.,False
Acerola Blossom,Acerola Blossom,CANONICAL,17_fragrantica_note_vocabulary.csv,No confirmed duplicate expression; retained as its own canonical concept.,False
Acronychia pedunculata,Acronychia pedunculata,CANONICAL,17_fragrantica_note_vocabulary.csv,No confirmed duplicate expression; retained as its own canonical concept.,False
Advocaat,Advocaat,CANONICAL,17_fragrantica_note_vocabulary.csv,No confirmed duplicate expression; retained as its own canonical concept.,False
Akashic Acord,Akashic Acord,CANONICAL,17_fragrantica_note_vocabulary.csv,No confirmed duplicate expression; retained as its own canonical concept.,False
Akebia fruit,Akebia fruit,CANONICAL,17_fragrantica_note_vocabulary.csv,No confirmed duplicate expression; retained as its own canonical concept.,False
Albizia,Albizia,CANONICAL,17_fragrantica_note_vocabulary.csv,No confirmed duplicate expression; retained as its own canonical concept.,False
Aldambre,Aldambre,CANONICAL,17_fragrantica_note_vocabulary.csv,No confirmed duplicate expression; retained as its own canonical concept.,False
Almaciga,Almaciga,CANONICAL,17_fragrantica_note_vocabulary.csv,No confirmed duplicate expression; retained as its own canonical concept.,False
Almdudler,Almdudler,CANONICAL,17_fragrantica_note_vocabulary.csv,No confirmed duplicate expression; retained as its own canonical concept.,False
Alpinia,Alpinia,CANONICAL,17_fragrantica_note_vocabulary.csv,No confirmed duplicate expression; retained as its own canonical concept.,False
Alstroemeria,Alstroemeria,CANONICAL,17_fragrantica_note_vocabulary.csv,No confirmed duplicate expression; retained as its own canonical concept.,False
Amarula,Amarula,CANONICAL,17_fragrantica_note_vocabulary.csv,No confirmed duplicate expression; retained as its own canonical concept.,False
AmbreXolide,AmbreXolide,CANONICAL,17_fragrantica_note_vocabulary.csv,No confirmed duplicate expression; retained as its own canonical concept.,False
Amethyst Flower,Amethyst Flower,CANONICAL,17_fragrantica_note_vocabulary.csv,No confirmed duplicate expression; retained as its own canonical concept.,False
Andiroba,Andiroba,CANONICAL,17_fragrantica_note_vocabulary.csv,No confirmed duplicate expression; retained as its own canonical concept.,False
Angel's Trumpet,Angel's Trumpet,CANONICAL,17_fragrantica_note_vocabulary.csv,No confirmed duplicate expression; retained as its own canonical concept.,False
AquafloraTM,AquafloraTM,CANONICAL,17_fragrantica_note_vocabulary.csv,No confirmed duplicate expression; retained as its own canonical concept.,False
Arbutus,Arbutus,CANONICAL,17_fragrantica_note_vocabulary.csv,No confirmed duplicate expression; retained as its own canonical concept.,False
Asian Clintonia,Asian Clintonia,CANONICAL,17_fragrantica_note_vocabulary.csv,No confirmed duplicate expression; retained as its own canonical concept.,False
Astragalus,Astragalus,CANONICAL,17_fragrantica_note_vocabulary.csv,No confirmed duplicate expression; retained as its own canonical concept.,False
Australian Oud,Australian Oud,CANONICAL,17_fragrantica_note_vocabulary.csv,No confirmed duplicate expression; retained as its own canonical concept.,False
Azarbre,Azarbre,CANONICAL,17_fragrantica_note_vocabulary.csv,No confirmed duplicate expression; retained as its own canonical concept.,False
Baba (Italian dessert),Baba (Italian dessert),CANONICAL,17_fragrantica_note_vocabulary.csv,No confirmed duplicate expression; retained as its own canonical concept.,False
Bagas de Zimbro,Bagas de Zimbro,CANONICAL,17_fragrantica_note_vocabulary.csv,No confirmed duplicate expression; retained as its own canonical concept.,False
Barnyard,Barnyard,CANONICAL,17_fragrantica_note_vocabulary.csv,No confirmed duplicate expression; retained as its own canonical concept.,False
Barrenwort,Barrenwort,CANONICAL,17_fragrantica_note_vocabulary.csv,No confirmed duplicate expression; retained as its own canonical concept.,False
Batida,Batida,CANONICAL,17_fragrantica_note_vocabulary.csv,No confirmed duplicate expression; retained as its own canonical concept.,False
Beachheather,Beachheather,CANONICAL,17_fragrantica_note_vocabulary.csv,No confirmed duplicate expression; retained as its own canonical concept.,False
BigaraneTM,BigaraneTM,CANONICAL,17_fragrantica_note_vocabulary.csv,No confirmed duplicate expression; retained as its own canonical concept.,False
Biryani,Biryani,CANONICAL,17_fragrantica_note_vocabulary.csv,No confirmed duplicate expression; retained as its own canonical concept.,False
Bisabolene,Bisabolene,CANONICAL,17_fragrantica_note_vocabulary.csv,No confirmed duplicate expression; retained as its own canonical concept.,False
Bitter melon,Bitter melon,CANONICAL,17_fragrantica_note_vocabulary.csv,No confirmed duplicate expression; retained as its own canonical concept.,False
Black Sapote,Black Sapote,CANONICAL,17_fragrantica_note_vocabulary.csv,No confirmed duplicate expression; retained as its own canonical concept.,False
Black locust leaf,Black locust leaf,CANONICAL,17_fragrantica_note_vocabulary.csv,No confirmed duplicate expression; retained as its own canonical concept.,False
Blue Bugle,Blue Bugle,CANONICAL,17_fragrantica_note_vocabulary.csv,No confirmed duplicate expression; retained as its own canonical concept.,False
Blue Pea Flower,Blue Pea Flower,CANONICAL,17_fragrantica_note_vocabulary.csv,No confirmed duplicate expression; retained as its own canonical concept.,False
Blueberry Leaf,Blueberry Leaf,CANONICAL,17_fragrantica_note_vocabulary.csv,No confirmed duplicate expression; retained as its own canonical concept.,False
Bohea (Wuyi Tea),Bohea (Wuyi Tea),CANONICAL,17_fragrantica_note_vocabulary.csv,No confirmed duplicate expression; retained as its own canonical concept.,False
Bourgeonal,Bourgeonal,CANONICAL,17_fragrantica_note_vocabulary.csv,No confirmed duplicate expression; retained as its own canonical concept.,False
Breadnut,Breadnut,CANONICAL,17_fragrantica_note_vocabulary.csv,No confirmed duplicate expression; retained as its own canonical concept.,False
Brick,Brick,CANONICAL,17_fragrantica_note_vocabulary.csv,No confirmed duplicate expression; retained as its own canonical concept.,False
Bulletwood Tree,Bulletwood Tree,CANONICAL,17_fragrantica_note_vocabulary.csv,No confirmed duplicate expression; retained as its own canonical concept.,False
Butomus umbellatus,Butomus umbellatus,CANONICAL,17_fragrantica_note_vocabulary.csv,No confirmed duplicate expression; retained as its own canonical concept.,False
Cabernet Grape,Cabernet Grape,CANONICAL,17_fragrantica_note_vocabulary.csv,No confirmed duplicate expression; retained as its own canonical concept.,False
Cacao Absolute,Cacao Absolute,CANONICAL,17_fragrantica_note_vocabulary.csv,No confirmed duplicate expression; retained as its own canonical concept.,False
Calafate,Calafate,CANONICAL,17_fragrantica_note_vocabulary.csv,No confirmed duplicate expression; retained as its own canonical concept.,False
Californian Fig,Californian Fig,CANONICAL,17_fragrantica_note_vocabulary.csv,No confirmed duplicate expression; retained as its own canonical concept.,False
Campion Flower,Campion Flower,CANONICAL,17_fragrantica_note_vocabulary.csv,No confirmed duplicate expression; retained as its own canonical concept.,False
Candlenut,Candlenut,CANONICAL,17_fragrantica_note_vocabulary.csv,No confirmed duplicate expression; retained as its own canonical concept.,False
Cangzhu,Cangzhu,CANONICAL,17_fragrantica_note_vocabulary.csv,No confirmed duplicate expression; retained as its own canonical concept.,False
Canna flower,Canna flower,CANONICAL,17_fragrantica_note_vocabulary.csv,No confirmed duplicate expression; retained as its own canonical concept.,False
Cannoli,Cannoli,CANONICAL,17_fragrantica_note_vocabulary.csv,No confirmed duplicate expression; retained as its own canonical concept.,False
Carum,Carum,CANONICAL,17_fragrantica_note_vocabulary.csv,No confirmed duplicate expression; retained as its own canonical concept.,False
Cashew Flower,Cashew Flower,CANONICAL,17_fragrantica_note_vocabulary.csv,No confirmed duplicate expression; retained as its own canonical concept.,False
Cassowary fruit,Cassowary fruit,CANONICAL,17_fragrantica_note_vocabulary.csv,No confirmed duplicate expression; retained as its own canonical concept.,False
Cauliflower,Cauliflower,CANONICAL,17_fragrantica_note_vocabulary.csv,No confirmed duplicate expression; retained as its own canonical concept.,False
Cedar Roots,Cedar Roots,CANONICAL,17_fragrantica_note_vocabulary.csv,No confirmed duplicate expression; retained as its own canonical concept.,False
Cedramber,Cedramber,CANONICAL,17_fragrantica_note_vocabulary.csv,No confirmed duplicate expression; retained as its own canonical concept.,False
Cereal,Cereal,CANONICAL,17_fragrantica_note_vocabulary.csv,No confirmed duplicate expression; retained as its own canonical concept.,False
Ceylon Spices,Ceylon Spices,CANONICAL,17_fragrantica_note_vocabulary.csv,No confirmed duplicate expression; retained as its own canonical concept.,False
Chai Hu,Chai Hu,CANONICAL,17_fragrantica_note_vocabulary.csv,No confirmed duplicate expression; retained as its own canonical concept.,False
Chayote,Chayote,CANONICAL,17_fragrantica_note_vocabulary.csv,No confirmed duplicate expression; retained as its own canonical concept.,False
Cherry Milk,Cherry Milk,CANONICAL,17_fragrantica_note_vocabulary.csv,No confirmed duplicate expression; retained as its own canonical concept.,False
Chhaang,Chhaang,CANONICAL,17_fragrantica_note_vocabulary.csv,No confirmed duplicate expression; retained as its own canonical concept.,False
Chia Seed,Chia Seed,CANONICAL,17_fragrantica_note_vocabulary.csv,No confirmed duplicate expression; retained as its own canonical concept.,False
China Fruits,China Fruits,CANONICAL,17_fragrantica_note_vocabulary.csv,No confirmed duplicate expression; retained as its own canonical concept.,False
Chinese Apricot,Chinese Apricot,CANONICAL,17_fragrantica_note_vocabulary.csv,No confirmed duplicate expression; retained as its own canonical concept.,False
Choux Pastry,Choux Pastry,CANONICAL,17_fragrantica_note_vocabulary.csv,No confirmed duplicate expression; retained as its own canonical concept.,False
Cider Apple,Cider Apple,CANONICAL,17_fragrantica_note_vocabulary.csv,No confirmed duplicate expression; retained as its own canonical concept.,False
Citrus Japonica,Citrus Japonica,CANONICAL,17_fragrantica_note_vocabulary.csv,No confirmed duplicate expression; retained as its own canonical concept.,False
Clarycet,Clarycet,CANONICAL,17_fragrantica_note_vocabulary.csv,No confirmed duplicate expression; retained as its own canonical concept.,False
Coal Tar Pitch,Coal Tar Pitch,CANONICAL,17_fragrantica_note_vocabulary.csv,No confirmed duplicate expression; retained as its own canonical concept.,False
Coriander iandaldehydes,Coriander iandaldehydes,CANONICAL,17_fragrantica_note_vocabulary.csv,No confirmed duplicate expression; retained as its own canonical concept.,False
CosmofruitTM (IFF),CosmofruitTM (IFF),CANONICAL,17_fragrantica_note_vocabulary.csv,No confirmed duplicate expression; retained as its own canonical concept.,False
Count's Fruit,Count's Fruit,CANONICAL,17_fragrantica_note_vocabulary.csv,No confirmed duplicate expression; retained as its own canonical concept.,False
Crimson Fruits,Crimson Fruits,CANONICAL,17_fragrantica_note_vocabulary.csv,No confirmed duplicate expression; retained as its own canonical concept.,False
Crustaceans,Crustaceans,CANONICAL,17_fragrantica_note_vocabulary.csv,No confirmed duplicate expression; retained as its own canonical concept.,False
Crystalfizz,Crystalfizz,CANONICAL,17_fragrantica_note_vocabulary.csv,No confirmed duplicate expression; retained as its own canonical concept.,False
Culantro,Culantro,CANONICAL,17_fragrantica_note_vocabulary.csv,No confirmed duplicate expression; retained as its own canonical concept.,False
Curcuma (Turmeric),Curcuma (Turmeric),CANONICAL,17_fragrantica_note_vocabulary.csv,No confirmed duplicate expression; retained as its own canonical concept.,False
Cyclopidene,Cyclopidene,CANONICAL,17_fragrantica_note_vocabulary.csv,No confirmed duplicate expression; retained as its own canonical concept.,False
Cyperus Scariosus,Cyperus Scariosus,CANONICAL,17_fragrantica_note_vocabulary.csv,No confirmed duplicate expression; retained as its own canonical concept.,False
Czech Christmas Cookies (Linecké),Czech Christmas Cookies (Linecké),CANONICAL,17_fragrantica_note_vocabulary.csv,No confirmed duplicate expression; retained as its own canonical concept.,False
Damiana,Damiana,CANONICAL,17_fragrantica_note_vocabulary.csv,No confirmed duplicate expression; retained as its own canonical concept.,False
Danish pastry,Danish pastry,CANONICAL,17_fragrantica_note_vocabulary.csv,No confirmed duplicate expression; retained as its own canonical concept.,False
Dartanol®,Dartanol®,CANONICAL,17_fragrantica_note_vocabulary.csv,No confirmed duplicate expression; retained as its own canonical concept.,False
Ditax wood,Ditax wood,CANONICAL,17_fragrantica_note_vocabulary.csv,No confirmed duplicate expression; retained as its own canonical concept.,False
Diving Suit,Diving Suit,CANONICAL,17_fragrantica_note_vocabulary.csv,No confirmed duplicate expression; retained as its own canonical concept.,False
Dodecanal,Dodecanal,CANONICAL,17_fragrantica_note_vocabulary.csv,No confirmed duplicate expression; retained as its own canonical concept.,False
Dogwood Blossom,Dogwood Blossom,CANONICAL,17_fragrantica_note_vocabulary.csv,No confirmed duplicate expression; retained as its own canonical concept.,False
Dorayaki,Dorayaki,CANONICAL,17_fragrantica_note_vocabulary.csv,No confirmed duplicate expression; retained as its own canonical concept.,False
Dove tree,Dove tree,CANONICAL,17_fragrantica_note_vocabulary.csv,No confirmed duplicate expression; retained as its own canonical concept.,False
Dragibus,Dragibus,CANONICAL,17_fragrantica_note_vocabulary.csv,No confirmed duplicate expression; retained as its own canonical concept.,False
Duck Poo Oolong (Ya Shi Xiang),Duck Poo Oolong (Ya Shi Xiang),CANONICAL,17_fragrantica_note_vocabulary.csv,No confirmed duplicate expression; retained as its own canonical concept.,False
Ducke,Ducke,CANONICAL,17_fragrantica_note_vocabulary.csv,No confirmed duplicate expression; retained as its own canonical concept.,False
Earth Tincture,Earth Tincture,CANONICAL,17_fragrantica_note_vocabulary.csv,No confirmed duplicate expression; retained as its own canonical concept.,False
Eustoma | Lisianthus,Eustoma | Lisianthus,CANONICAL,17_fragrantica_note_vocabulary.csv,No confirmed duplicate expression; retained as its own canonical concept.,False
Factor X,Factor X,CANONICAL,17_fragrantica_note_vocabulary.csv,No confirmed duplicate expression; retained as its own canonical concept.,False
False Cypress,False Cypress,CANONICAL,17_fragrantica_note_vocabulary.csv,No confirmed duplicate expression; retained as its own canonical concept.,False
Fermented tea,Fermented tea,CANONICAL,17_fragrantica_note_vocabulary.csv,No confirmed duplicate expression; retained as its own canonical concept.,False
Filbertone,Filbertone,CANONICAL,17_fragrantica_note_vocabulary.csv,No confirmed duplicate expression; retained as its own canonical concept.,False
Flamingo flower,Flamingo flower,CANONICAL,17_fragrantica_note_vocabulary.csv,No confirmed duplicate expression; retained as its own canonical concept.,False
Flamingo flower (Anthurium),Flamingo flower (Anthurium),CANONICAL,17_fragrantica_note_vocabulary.csv,No confirmed duplicate expression; retained as its own canonical concept.,False
Floratta DNA,Floratta DNA,CANONICAL,17_fragrantica_note_vocabulary.csv,No confirmed duplicate expression; retained as its own canonical concept.,False
Flower Prism,Flower Prism,CANONICAL,17_fragrantica_note_vocabulary.csv,No confirmed duplicate expression; retained as its own canonical concept.,False
Flowering Gourd,Flowering Gourd,CANONICAL,17_fragrantica_note_vocabulary.csv,No confirmed duplicate expression; retained as its own canonical concept.,False
Fo Ti (Ho Shou Wu),Fo Ti (Ho Shou Wu),CANONICAL,17_fragrantica_note_vocabulary.csv,No confirmed duplicate expression; retained as its own canonical concept.,False
Fougassette,Fougassette,CANONICAL,17_fragrantica_note_vocabulary.csv,No confirmed duplicate expression; retained as its own canonical concept.,False
Fringed Pink,Fringed Pink,CANONICAL,17_fragrantica_note_vocabulary.csv,No confirmed duplicate expression; retained as its own canonical concept.,False
FrostwoodTM,FrostwoodTM,CANONICAL,17_fragrantica_note_vocabulary.csv,No confirmed duplicate expression; retained as its own canonical concept.,False
Gaharu Buaya,Gaharu Buaya,CANONICAL,17_fragrantica_note_vocabulary.csv,No confirmed duplicate expression; retained as its own canonical concept.,False
Gajumaru Banyan,Gajumaru Banyan,CANONICAL,17_fragrantica_note_vocabulary.csv,No confirmed duplicate expression; retained as its own canonical concept.,False
Gelatin,Gelatin,CANONICAL,17_fragrantica_note_vocabulary.csv,No confirmed duplicate expression; retained as its own canonical concept.,False
Genipapo,Genipapo,CANONICAL,17_fragrantica_note_vocabulary.csv,No confirmed duplicate expression; retained as its own canonical concept.,False
Georgian Apricot,Georgian Apricot,CANONICAL,17_fragrantica_note_vocabulary.csv,No confirmed duplicate expression; retained as its own canonical concept.,False
Geranium macrorrhizum (Zdravetz),Geranium macrorrhizum (Zdravetz),CANONICAL,17_fragrantica_note_vocabulary.csv,No confirmed duplicate expression; retained as its own canonical concept.,False
Ghost Pepper,Ghost Pepper,CANONICAL,17_fragrantica_note_vocabulary.csv,No confirmed duplicate expression; retained as its own canonical concept.,False
Gingergrass,Gingergrass,CANONICAL,17_fragrantica_note_vocabulary.csv,No confirmed duplicate expression; retained as its own canonical concept.,False
Goat Hair,Goat Hair,CANONICAL,17_fragrantica_note_vocabulary.csv,No confirmed duplicate expression; retained as its own canonical concept.,False
Goldwasser,Goldwasser,CANONICAL,17_fragrantica_note_vocabulary.csv,No confirmed duplicate expression; retained as its own canonical concept.,False
Grapefruit Soda,Grapefruit Soda,CANONICAL,17_fragrantica_note_vocabulary.csv,No confirmed duplicate expression; retained as its own canonical concept.,False
Grease,Grease,CANONICAL,17_fragrantica_note_vocabulary.csv,No confirmed duplicate expression; retained as its own canonical concept.,False
Great Burnet,Great Burnet,CANONICAL,17_fragrantica_note_vocabulary.csv,No confirmed duplicate expression; retained as its own canonical concept.,False
Green Banana,Green Banana,CANONICAL,17_fragrantica_note_vocabulary.csv,No confirmed duplicate expression; retained as its own canonical concept.,False
Green Orchid,Green Orchid,CANONICAL,17_fragrantica_note_vocabulary.csv,No confirmed duplicate expression; retained as its own canonical concept.,False
Green Pepper,Green Pepper,CANONICAL,17_fragrantica_note_vocabulary.csv,No confirmed duplicate expression; retained as its own canonical concept.,False
Grevillea,Grevillea,CANONICAL,17_fragrantica_note_vocabulary.csv,No confirmed duplicate expression; retained as its own canonical concept.,False
Gromwell,Gromwell,CANONICAL,17_fragrantica_note_vocabulary.csv,No confirmed duplicate expression; retained as its own canonical concept.,False
Guao or Maiden Plum,Guao or Maiden Plum,CANONICAL,17_fragrantica_note_vocabulary.csv,No confirmed duplicate expression; retained as its own canonical concept.,False
Guinea Pepper,Guinea Pepper,CANONICAL,17_fragrantica_note_vocabulary.csv,No confirmed duplicate expression; retained as its own canonical concept.,False
Gun Smoke,Gun Smoke,CANONICAL,17_fragrantica_note_vocabulary.csv,No confirmed duplicate expression; retained as its own canonical concept.,False
Gustavia Flower,Gustavia Flower,CANONICAL,17_fragrantica_note_vocabulary.csv,No confirmed duplicate expression; retained as its own canonical concept.,False
Gyokuro Tea,Gyokuro Tea,CANONICAL,17_fragrantica_note_vocabulary.csv,No confirmed duplicate expression; retained as its own canonical concept.,False
Génépi,Génépi,CANONICAL,17_fragrantica_note_vocabulary.csv,No confirmed duplicate expression; retained as its own canonical concept.,False
Hair Pomade,Hair Pomade,CANONICAL,17_fragrantica_note_vocabulary.csv,No confirmed duplicate expression; retained as its own canonical concept.,False
Ham,Ham,CANONICAL,17_fragrantica_note_vocabulary.csv,No confirmed duplicate expression; retained as its own canonical concept.,False
Hamanasu,Hamanasu,CANONICAL,17_fragrantica_note_vocabulary.csv,No confirmed duplicate expression; retained as its own canonical concept.,False
Hawaiian Fruits,Hawaiian Fruits,CANONICAL,17_fragrantica_note_vocabulary.csv,No confirmed duplicate expression; retained as its own canonical concept.,False
Hi-Fi,Hi-Fi,CANONICAL,17_fragrantica_note_vocabulary.csv,No confirmed duplicate expression; retained as its own canonical concept.,False
Himalayan Geranium,Himalayan Geranium,CANONICAL,17_fragrantica_note_vocabulary.csv,No confirmed duplicate expression; retained as its own canonical concept.,False
Horsepower,Horsepower,CANONICAL,17_fragrantica_note_vocabulary.csv,No confirmed duplicate expression; retained as its own canonical concept.,False
Huang Lian,Huang Lian,CANONICAL,17_fragrantica_note_vocabulary.csv,No confirmed duplicate expression; retained as its own canonical concept.,False
Ice Wine,Ice Wine,CANONICAL,17_fragrantica_note_vocabulary.csv,No confirmed duplicate expression; retained as its own canonical concept.,False
Inkstick,Inkstick,CANONICAL,17_fragrantica_note_vocabulary.csv,No confirmed duplicate expression; retained as its own canonical concept.,False
Isabella Grape,Isabella Grape,CANONICAL,17_fragrantica_note_vocabulary.csv,No confirmed duplicate expression; retained as its own canonical concept.,False
Jambu,Jambu,CANONICAL,17_fragrantica_note_vocabulary.csv,No confirmed duplicate expression; retained as its own canonical concept.,False
Japanese Bamboo Leaf,Japanese Bamboo Leaf,CANONICAL,17_fragrantica_note_vocabulary.csv,No confirmed duplicate expression; retained as its own canonical concept.,False
Japanese Gardenia,Japanese Gardenia,CANONICAL,17_fragrantica_note_vocabulary.csv,No confirmed duplicate expression; retained as its own canonical concept.,False
Jarana Flower,Jarana Flower,CANONICAL,17_fragrantica_note_vocabulary.csv,No confirmed duplicate expression; retained as its own canonical concept.,False
Jin Xuan tea leaves,Jin Xuan tea leaves,CANONICAL,17_fragrantica_note_vocabulary.csv,No confirmed duplicate expression; retained as its own canonical concept.,False
Kabosu,Kabosu,CANONICAL,17_fragrantica_note_vocabulary.csv,No confirmed duplicate expression; retained as its own canonical concept.,False
Kaempferia Galanga,Kaempferia Galanga,CANONICAL,17_fragrantica_note_vocabulary.csv,No confirmed duplicate expression; retained as its own canonical concept.,False
Kava Drink,Kava Drink,CANONICAL,17_fragrantica_note_vocabulary.csv,No confirmed duplicate expression; retained as its own canonical concept.,False
Keemun Tea,Keemun Tea,CANONICAL,17_fragrantica_note_vocabulary.csv,No confirmed duplicate expression; retained as its own canonical concept.,False
Kenya Rosewood,Kenya Rosewood,CANONICAL,17_fragrantica_note_vocabulary.csv,No confirmed duplicate expression; retained as its own canonical concept.,False
Kiwi Jam,Kiwi Jam,CANONICAL,17_fragrantica_note_vocabulary.csv,No confirmed duplicate expression; retained as its own canonical concept.,False
Kombucha,Kombucha,CANONICAL,17_fragrantica_note_vocabulary.csv,No confirmed duplicate expression; retained as its own canonical concept.,False
Kowhai,Kowhai,CANONICAL,17_fragrantica_note_vocabulary.csv,No confirmed duplicate expression; retained as its own canonical concept.,False
Kunafa,Kunafa,CANONICAL,17_fragrantica_note_vocabulary.csv,No confirmed duplicate expression; retained as its own canonical concept.,False
Lace,Lace,CANONICAL,17_fragrantica_note_vocabulary.csv,No confirmed duplicate expression; retained as its own canonical concept.,False
Lamduan Flower,Lamduan Flower,CANONICAL,17_fragrantica_note_vocabulary.csv,No confirmed duplicate expression; retained as its own canonical concept.,False
Laurissilva Forest,Laurissilva Forest,CANONICAL,17_fragrantica_note_vocabulary.csv,No confirmed duplicate expression; retained as its own canonical concept.,False
Ledum,Ledum,CANONICAL,17_fragrantica_note_vocabulary.csv,No confirmed duplicate expression; retained as its own canonical concept.,False
Limnophila aromatica,Limnophila aromatica,CANONICAL,17_fragrantica_note_vocabulary.csv,No confirmed duplicate expression; retained as its own canonical concept.,False
Lishan Tea,Lishan Tea,CANONICAL,17_fragrantica_note_vocabulary.csv,No confirmed duplicate expression; retained as its own canonical concept.,False
Little Doll Strawberry,Little Doll Strawberry,CANONICAL,17_fragrantica_note_vocabulary.csv,No confirmed duplicate expression; retained as its own canonical concept.,False
Lollipop,Lollipop,CANONICAL,17_fragrantica_note_vocabulary.csv,No confirmed duplicate expression; retained as its own canonical concept.,False
MELBATONE Melbaton,MELBATONE Melbaton,CANONICAL,17_fragrantica_note_vocabulary.csv,No confirmed duplicate expression; retained as its own canonical concept.,False
Ma-Kwaen,Ma-Kwaen,CANONICAL,17_fragrantica_note_vocabulary.csv,No confirmed duplicate expression; retained as its own canonical concept.,False
Macadamia Flower,Macadamia Flower,CANONICAL,17_fragrantica_note_vocabulary.csv,No confirmed duplicate expression; retained as its own canonical concept.,False
Madonna Lily,Madonna Lily,CANONICAL,17_fragrantica_note_vocabulary.csv,No confirmed duplicate expression; retained as its own canonical concept.,False
Mandarin Orange Blossom,Mandarin Orange Blossom,CANONICAL,17_fragrantica_note_vocabulary.csv,No confirmed duplicate expression; retained as its own canonical concept.,False
Maqui Berry,Maqui Berry,CANONICAL,17_fragrantica_note_vocabulary.csv,No confirmed duplicate expression; retained as its own canonical concept.,False
Mayonnaise Accord,Mayonnaise Accord,CANONICAL,17_fragrantica_note_vocabulary.csv,No confirmed duplicate expression; retained as its own canonical concept.,False
Me bsangs,Me bsangs,CANONICAL,17_fragrantica_note_vocabulary.csv,No confirmed duplicate expression; retained as its own canonical concept.,False
Mesquite,Mesquite,CANONICAL,17_fragrantica_note_vocabulary.csv,No confirmed duplicate expression; retained as its own canonical concept.,False
Midori,Midori,CANONICAL,17_fragrantica_note_vocabulary.csv,No confirmed duplicate expression; retained as its own canonical concept.,False
Millet,Millet,CANONICAL,17_fragrantica_note_vocabulary.csv,No confirmed duplicate expression; retained as its own canonical concept.,False
Mimusops elengi,Mimusops elengi,CANONICAL,17_fragrantica_note_vocabulary.csv,No confirmed duplicate expression; retained as its own canonical concept.,False
Miswak,Miswak,CANONICAL,17_fragrantica_note_vocabulary.csv,No confirmed duplicate expression; retained as its own canonical concept.,False
Morning Glory Flower,Morning Glory Flower,CANONICAL,17_fragrantica_note_vocabulary.csv,No confirmed duplicate expression; retained as its own canonical concept.,False
Moss flox,Moss flox,CANONICAL,17_fragrantica_note_vocabulary.csv,No confirmed duplicate expression; retained as its own canonical concept.,False
Moxalone,Moxalone,CANONICAL,17_fragrantica_note_vocabulary.csv,No confirmed duplicate expression; retained as its own canonical concept.,False
Mulberry plant,Mulberry plant,CANONICAL,17_fragrantica_note_vocabulary.csv,No confirmed duplicate expression; retained as its own canonical concept.,False
Nalca,Nalca,CANONICAL,17_fragrantica_note_vocabulary.csv,No confirmed duplicate expression; retained as its own canonical concept.,False
Naswar,Naswar,CANONICAL,17_fragrantica_note_vocabulary.csv,No confirmed duplicate expression; retained as its own canonical concept.,False
Neem,Neem,CANONICAL,17_fragrantica_note_vocabulary.csv,No confirmed duplicate expression; retained as its own canonical concept.,False
Neem tree,Neem tree,CANONICAL,17_fragrantica_note_vocabulary.csv,No confirmed duplicate expression; retained as its own canonical concept.,False
Nemophila,Nemophila,CANONICAL,17_fragrantica_note_vocabulary.csv,No confirmed duplicate expression; retained as its own canonical concept.,False
Obsidial ®,Obsidial ®,CANONICAL,17_fragrantica_note_vocabulary.csv,No confirmed duplicate expression; retained as its own canonical concept.,False
Old Furniture,Old Furniture,CANONICAL,17_fragrantica_note_vocabulary.csv,No confirmed duplicate expression; retained as its own canonical concept.,False
Olive flower,Olive flower,CANONICAL,17_fragrantica_note_vocabulary.csv,No confirmed duplicate expression; retained as its own canonical concept.,False
Orange Gelato,Orange Gelato,CANONICAL,17_fragrantica_note_vocabulary.csv,No confirmed duplicate expression; retained as its own canonical concept.,False
Orange Jasmine,Orange Jasmine,CANONICAL,17_fragrantica_note_vocabulary.csv,No confirmed duplicate expression; retained as its own canonical concept.,False
Orange Marmalade,Orange Marmalade,CANONICAL,17_fragrantica_note_vocabulary.csv,No confirmed duplicate expression; retained as its own canonical concept.,False
Orchid Black Diamond,Orchid Black Diamond,CANONICAL,17_fragrantica_note_vocabulary.csv,No confirmed duplicate expression; retained as its own canonical concept.,False
Ornithogalum,Ornithogalum,CANONICAL,17_fragrantica_note_vocabulary.csv,No confirmed duplicate expression; retained as its own canonical concept.,False
Oud Butter,Oud Butter,CANONICAL,17_fragrantica_note_vocabulary.csv,No confirmed duplicate expression; retained as its own canonical concept.,False
Oud Sumatra,Oud Sumatra,CANONICAL,17_fragrantica_note_vocabulary.csv,No confirmed duplicate expression; retained as its own canonical concept.,False
Ouzo,Ouzo,CANONICAL,17_fragrantica_note_vocabulary.csv,No confirmed duplicate expression; retained as its own canonical concept.,False
Palo Verde Tree,Palo Verde Tree,CANONICAL,17_fragrantica_note_vocabulary.csv,No confirmed duplicate expression; retained as its own canonical concept.,False
Pan Di Spagna,Pan Di Spagna,CANONICAL,17_fragrantica_note_vocabulary.csv,No confirmed duplicate expression; retained as its own canonical concept.,False
Pandoro,Pandoro,CANONICAL,17_fragrantica_note_vocabulary.csv,No confirmed duplicate expression; retained as its own canonical concept.,False
Papaya Blossom,Papaya Blossom,CANONICAL,17_fragrantica_note_vocabulary.csv,No confirmed duplicate expression; retained as its own canonical concept.,False
Paper Mulberry,Paper Mulberry,CANONICAL,17_fragrantica_note_vocabulary.csv,No confirmed duplicate expression; retained as its own canonical concept.,False
Paprika Leaf,Paprika Leaf,CANONICAL,17_fragrantica_note_vocabulary.csv,No confirmed duplicate expression; retained as its own canonical concept.,False
Paraguayan Green Sandalwood,Paraguayan Green Sandalwood,CANONICAL,17_fragrantica_note_vocabulary.csv,No confirmed duplicate expression; retained as its own canonical concept.,False
Pear Juice,Pear Juice,CANONICAL,17_fragrantica_note_vocabulary.csv,No confirmed duplicate expression; retained as its own canonical concept.,False
Pharaone®,Pharaone®,CANONICAL,17_fragrantica_note_vocabulary.csv,No confirmed duplicate expression; retained as its own canonical concept.,False
Phoebe zhennan,Phoebe zhennan,CANONICAL,17_fragrantica_note_vocabulary.csv,No confirmed duplicate expression; retained as its own canonical concept.,False
Pikul Flower,Pikul Flower,CANONICAL,17_fragrantica_note_vocabulary.csv,No confirmed duplicate expression; retained as its own canonical concept.,False
Pinesap,Pinesap,CANONICAL,17_fragrantica_note_vocabulary.csv,No confirmed duplicate expression; retained as its own canonical concept.,False
Pinwheel Flower,Pinwheel Flower,CANONICAL,17_fragrantica_note_vocabulary.csv,No confirmed duplicate expression; retained as its own canonical concept.,False
Pistachio Liquer,Pistachio Liquer,CANONICAL,17_fragrantica_note_vocabulary.csv,No confirmed duplicate expression; retained as its own canonical concept.,False
Pitahaya Flower,Pitahaya Flower,CANONICAL,17_fragrantica_note_vocabulary.csv,No confirmed duplicate expression; retained as its own canonical concept.,False
Pizza,Pizza,CANONICAL,17_fragrantica_note_vocabulary.csv,No confirmed duplicate expression; retained as its own canonical concept.,False
Plasma,Plasma,CANONICAL,17_fragrantica_note_vocabulary.csv,No confirmed duplicate expression; retained as its own canonical concept.,False
Plum Brandy,Plum Brandy,CANONICAL,17_fragrantica_note_vocabulary.csv,No confirmed duplicate expression; retained as its own canonical concept.,False
Poivrol,Poivrol,CANONICAL,17_fragrantica_note_vocabulary.csv,No confirmed duplicate expression; retained as its own canonical concept.,False
Pokan,Pokan,CANONICAL,17_fragrantica_note_vocabulary.csv,No confirmed duplicate expression; retained as its own canonical concept.,False
Porcelain clay,Porcelain clay,CANONICAL,17_fragrantica_note_vocabulary.csv,No confirmed duplicate expression; retained as its own canonical concept.,False
Portlandia,Portlandia,CANONICAL,17_fragrantica_note_vocabulary.csv,No confirmed duplicate expression; retained as its own canonical concept.,False
Priest’s Clothes,Priest’s Clothes,CANONICAL,17_fragrantica_note_vocabulary.csv,No confirmed duplicate expression; retained as its own canonical concept.,False
Profiterole,Profiterole,CANONICAL,17_fragrantica_note_vocabulary.csv,No confirmed duplicate expression; retained as its own canonical concept.,False
Protea,Protea,CANONICAL,17_fragrantica_note_vocabulary.csv,No confirmed duplicate expression; retained as its own canonical concept.,False
Pua keni keni (Pua-lulu),Pua keni keni (Pua-lulu),CANONICAL,17_fragrantica_note_vocabulary.csv,No confirmed duplicate expression; retained as its own canonical concept.,False
Pumpkin Pie,Pumpkin Pie,CANONICAL,17_fragrantica_note_vocabulary.csv,No confirmed duplicate expression; retained as its own canonical concept.,False
Purslane,Purslane,CANONICAL,17_fragrantica_note_vocabulary.csv,No confirmed duplicate expression; retained as its own canonical concept.,False
Quandong Desert Peach,"Quandong, desert peach",SAME_CONCEPT,Fragrantica internal vocabulary; case/space/hyphen/punctuation rule,Existing raw labels differ only by a case/space/hyphen/punctuation form; an existing representative raw label is retained.,False
Raspberry leaf,Raspberry Leaf,SAME_CONCEPT,Fragrantica internal vocabulary; case/space/hyphen/punctuation rule,Existing raw labels differ only by a case/space/hyphen/punctuation form; an existing representative raw label is retained.,False
Ravello Rose,Ravello Rose,CANONICAL,17_fragrantica_note_vocabulary.csv,No confirmed duplicate expression; retained as its own canonical concept.,False
Red Lantern,Red Lantern,CANONICAL,17_fragrantica_note_vocabulary.csv,No confirmed duplicate expression; retained as its own canonical concept.,False
Red Nectarine,Red Nectarine,CANONICAL,17_fragrantica_note_vocabulary.csv,No confirmed duplicate expression; retained as its own canonical concept.,False
Rhizoma Atractylodis,Rhizoma Atractylodis,CANONICAL,17_fragrantica_note_vocabulary.csv,No confirmed duplicate expression; retained as its own canonical concept.,False
Ricotta,Ricotta,CANONICAL,17_fragrantica_note_vocabulary.csv,No confirmed duplicate expression; retained as its own canonical concept.,False
Rocket fuel,Rocket fuel,CANONICAL,17_fragrantica_note_vocabulary.csv,No confirmed duplicate expression; retained as its own canonical concept.,False
Root Beer,Root Beer,CANONICAL,17_fragrantica_note_vocabulary.csv,No confirmed duplicate expression; retained as its own canonical concept.,False
Rose Juliette Greco,Rose Juliette Greco,CANONICAL,17_fragrantica_note_vocabulary.csv,No confirmed duplicate expression; retained as its own canonical concept.,False
Roseroot,Roseroot,CANONICAL,17_fragrantica_note_vocabulary.csv,No confirmed duplicate expression; retained as its own canonical concept.,False
Sabah Snake Grass,Sabah Snake Grass,CANONICAL,17_fragrantica_note_vocabulary.csv,No confirmed duplicate expression; retained as its own canonical concept.,False
Sacher Torte,Sacher Torte,CANONICAL,17_fragrantica_note_vocabulary.csv,No confirmed duplicate expression; retained as its own canonical concept.,False
Safrole,Safrole,CANONICAL,17_fragrantica_note_vocabulary.csv,No confirmed duplicate expression; retained as its own canonical concept.,False
Sainfoins,Sainfoins,CANONICAL,17_fragrantica_note_vocabulary.csv,No confirmed duplicate expression; retained as its own canonical concept.,False
Salmiak salt,Salmiak salt,CANONICAL,17_fragrantica_note_vocabulary.csv,No confirmed duplicate expression; retained as its own canonical concept.,False
Saman,Saman,CANONICAL,17_fragrantica_note_vocabulary.csv,No confirmed duplicate expression; retained as its own canonical concept.,False
Sansevieria,Sansevieria,CANONICAL,17_fragrantica_note_vocabulary.csv,No confirmed duplicate expression; retained as its own canonical concept.,False
SantamanolTM,SantamanolTM,CANONICAL,17_fragrantica_note_vocabulary.csv,No confirmed duplicate expression; retained as its own canonical concept.,False
Santol,Santol,CANONICAL,17_fragrantica_note_vocabulary.csv,No confirmed duplicate expression; retained as its own canonical concept.,False
Scone,Scone,CANONICAL,17_fragrantica_note_vocabulary.csv,No confirmed duplicate expression; retained as its own canonical concept.,False
Sea Shells,Seashells,SAME_CONCEPT,Fragrantica internal vocabulary; case/space/hyphen/punctuation rule,Existing raw labels differ only by a case/space/hyphen/punctuation form; an existing representative raw label is retained.,False
Sea cucumber,Sea cucumber,CANONICAL,17_fragrantica_note_vocabulary.csv,No confirmed duplicate expression; retained as its own canonical concept.,False
Selaginella tamariscina,Selaginella tamariscina,CANONICAL,17_fragrantica_note_vocabulary.csv,No confirmed duplicate expression; retained as its own canonical concept.,False
Senecio,Senecio,CANONICAL,17_fragrantica_note_vocabulary.csv,No confirmed duplicate expression; retained as its own canonical concept.,False
Serrano Pepper,Serrano Pepper,CANONICAL,17_fragrantica_note_vocabulary.csv,No confirmed duplicate expression; retained as its own canonical concept.,False
Sex on the beach,Sex on the beach,CANONICAL,17_fragrantica_note_vocabulary.csv,No confirmed duplicate expression; retained as its own canonical concept.,False
Shiikuwasha,Shiikuwasha,CANONICAL,17_fragrantica_note_vocabulary.csv,No confirmed duplicate expression; retained as its own canonical concept.,False
Siam Cardamom,Siam Cardamom,CANONICAL,17_fragrantica_note_vocabulary.csv,No confirmed duplicate expression; retained as its own canonical concept.,False
Silverberry,Silverberry,CANONICAL,17_fragrantica_note_vocabulary.csv,No confirmed duplicate expression; retained as its own canonical concept.,False
Siriuba Tree,Siriuba Tree,CANONICAL,17_fragrantica_note_vocabulary.csv,No confirmed duplicate expression; retained as its own canonical concept.,False
Sisal Rope,Sisal Rope,CANONICAL,17_fragrantica_note_vocabulary.csv,No confirmed duplicate expression; retained as its own canonical concept.,False
Skeleton Flower,Skeleton Flower,CANONICAL,17_fragrantica_note_vocabulary.csv,No confirmed duplicate expression; retained as its own canonical concept.,False
Snake Plant,Snake Plant,CANONICAL,17_fragrantica_note_vocabulary.csv,No confirmed duplicate expression; retained as its own canonical concept.,False
Snakeroot,Snakeroot,CANONICAL,17_fragrantica_note_vocabulary.csv,No confirmed duplicate expression; retained as its own canonical concept.,False
Soapwort,Soapwort,CANONICAL,17_fragrantica_note_vocabulary.csv,No confirmed duplicate expression; retained as its own canonical concept.,False
Solomon's Seal,Solomon's Seal,CANONICAL,17_fragrantica_note_vocabulary.csv,No confirmed duplicate expression; retained as its own canonical concept.,False
Sorghum,Sorghum,CANONICAL,17_fragrantica_note_vocabulary.csv,No confirmed duplicate expression; retained as its own canonical concept.,False
Sour Cream,Sour Cream,CANONICAL,17_fragrantica_note_vocabulary.csv,No confirmed duplicate expression; retained as its own canonical concept.,False
Sour Milk,Sour Milk,CANONICAL,17_fragrantica_note_vocabulary.csv,No confirmed duplicate expression; retained as its own canonical concept.,False
Spiranol,Spiranol,CANONICAL,17_fragrantica_note_vocabulary.csv,No confirmed duplicate expression; retained as its own canonical concept.,False
Star Magnolia,Star Magnolia,CANONICAL,17_fragrantica_note_vocabulary.csv,No confirmed duplicate expression; retained as its own canonical concept.,False
Starburst Candy,Starburst Candy,CANONICAL,17_fragrantica_note_vocabulary.csv,No confirmed duplicate expression; retained as its own canonical concept.,False
Strawberry Plant,Strawberry Plant,CANONICAL,17_fragrantica_note_vocabulary.csv,No confirmed duplicate expression; retained as its own canonical concept.,False
Strawberry Yogurt,Strawberry Yogurt,CANONICAL,17_fragrantica_note_vocabulary.csv,No confirmed duplicate expression; retained as its own canonical concept.,False
SublimolideTM,SublimolideTM,CANONICAL,17_fragrantica_note_vocabulary.csv,No confirmed duplicate expression; retained as its own canonical concept.,False
Sugar Candy,Sugar Candy,CANONICAL,17_fragrantica_note_vocabulary.csv,No confirmed duplicate expression; retained as its own canonical concept.,False
SugarLoaf Pineapple,SugarLoaf Pineapple,CANONICAL,17_fragrantica_note_vocabulary.csv,No confirmed duplicate expression; retained as its own canonical concept.,False
Swartzia,Swartzia,CANONICAL,17_fragrantica_note_vocabulary.csv,No confirmed duplicate expression; retained as its own canonical concept.,False
Tanghulu,Tanghulu,CANONICAL,17_fragrantica_note_vocabulary.csv,No confirmed duplicate expression; retained as its own canonical concept.,False
Terebinth Tree,Terebinth Tree,CANONICAL,17_fragrantica_note_vocabulary.csv,No confirmed duplicate expression; retained as its own canonical concept.,False
Thai Tea,Thai Tea,CANONICAL,17_fragrantica_note_vocabulary.csv,No confirmed duplicate expression; retained as its own canonical concept.,False
Tibetan Moss,Tibetan Moss,CANONICAL,17_fragrantica_note_vocabulary.csv,No confirmed duplicate expression; retained as its own canonical concept.,False
Tieguanyin Tea,Tieguanyin Tea,CANONICAL,17_fragrantica_note_vocabulary.csv,No confirmed duplicate expression; retained as its own canonical concept.,False
Tomato Sauce,Tomato Sauce,CANONICAL,17_fragrantica_note_vocabulary.csv,No confirmed duplicate expression; retained as its own canonical concept.,False
Toothpaste,Toothpaste,CANONICAL,17_fragrantica_note_vocabulary.csv,No confirmed duplicate expression; retained as its own canonical concept.,False
Tres Leches,Tres Leches,CANONICAL,17_fragrantica_note_vocabulary.csv,No confirmed duplicate expression; retained as its own canonical concept.,False
Triple Sec,Triple Sec,CANONICAL,17_fragrantica_note_vocabulary.csv,No confirmed duplicate expression; retained as its own canonical concept.,False
Tropical Notes,Tropical Notes,CANONICAL,17_fragrantica_note_vocabulary.csv,No confirmed duplicate expression; retained as its own canonical concept.,False
Tropézienne Tarte,Tropézienne Tarte,CANONICAL,17_fragrantica_note_vocabulary.csv,No confirmed duplicate expression; retained as its own canonical concept.,False
Tucumã,Tucumã,CANONICAL,17_fragrantica_note_vocabulary.csv,No confirmed duplicate expression; retained as its own canonical concept.,False
Tupig,Tupig,CANONICAL,17_fragrantica_note_vocabulary.csv,No confirmed duplicate expression; retained as its own canonical concept.,False
Tussilago farfara,Tussilago farfara,CANONICAL,17_fragrantica_note_vocabulary.csv,No confirmed duplicate expression; retained as its own canonical concept.,False
Ube,Ube,CANONICAL,17_fragrantica_note_vocabulary.csv,No confirmed duplicate expression; retained as its own canonical concept.,False
Umami,Umami,CANONICAL,17_fragrantica_note_vocabulary.csv,No confirmed duplicate expression; retained as its own canonical concept.,False
Vanilla Macaroon,Vanilla Macaroon,CANONICAL,17_fragrantica_note_vocabulary.csv,No confirmed duplicate expression; retained as its own canonical concept.,False
Waratah,Waratah,CANONICAL,17_fragrantica_note_vocabulary.csv,No confirmed duplicate expression; retained as its own canonical concept.,False
Western Honey Bee,Western Honey Bee,CANONICAL,17_fragrantica_note_vocabulary.csv,No confirmed duplicate expression; retained as its own canonical concept.,False
Western redcedar,Western redcedar,CANONICAL,17_fragrantica_note_vocabulary.csv,No confirmed duplicate expression; retained as its own canonical concept.,False
White Lace Flower,White Lace Flower,CANONICAL,17_fragrantica_note_vocabulary.csv,No confirmed duplicate expression; retained as its own canonical concept.,False
White Meranti,White Meranti,CANONICAL,17_fragrantica_note_vocabulary.csv,No confirmed duplicate expression; retained as its own canonical concept.,False
White Mulberry,White Mulberry,CANONICAL,17_fragrantica_note_vocabulary.csv,No confirmed duplicate expression; retained as its own canonical concept.,False
Whoopie Pie,Whoopie Pie,CANONICAL,17_fragrantica_note_vocabulary.csv,No confirmed duplicate expression; retained as its own canonical concept.,False
Wild garlic leaf,Wild garlic leaf,CANONICAL,17_fragrantica_note_vocabulary.csv,No confirmed duplicate expression; retained as its own canonical concept.,False
Winter Tea,Winter Tea,CANONICAL,17_fragrantica_note_vocabulary.csv,No confirmed duplicate expression; retained as its own canonical concept.,False
Wisteria Petals,Wisteria Petals,CANONICAL,17_fragrantica_note_vocabulary.csv,No confirmed duplicate expression; retained as its own canonical concept.,False
Yellow Bells,Yellow Bells,CANONICAL,17_fragrantica_note_vocabulary.csv,No confirmed duplicate expression; retained as its own canonical concept.,False
Yellow Cherry,Yellow Cherry,CANONICAL,17_fragrantica_note_vocabulary.csv,No confirmed duplicate expression; retained as its own canonical concept.,False
Yellow Poppy,Yellow Poppy,CANONICAL,17_fragrantica_note_vocabulary.csv,No confirmed duplicate expression; retained as its own canonical concept.,False
Yohimbe,Yohimbe,CANONICAL,17_fragrantica_note_vocabulary.csv,No confirmed duplicate expression; retained as its own canonical concept.,False
Yuca Cassava,Yuca Cassava,CANONICAL,17_fragrantica_note_vocabulary.csv,No confirmed duplicate expression; retained as its own canonical concept.,False
Yunnan Osmanthus,Yunnan Osmanthus,CANONICAL,17_fragrantica_note_vocabulary.csv,No confirmed duplicate expression; retained as its own canonical concept.,False
Z-11 HD,Z-11 HD,CANONICAL,17_fragrantica_note_vocabulary.csv,No confirmed duplicate expression; retained as its own canonical concept.,False
Zucchini,Zucchini,CANONICAL,17_fragrantica_note_vocabulary.csv,No confirmed duplicate expression; retained as its own canonical concept.,False
deadnettle,deadnettle,CANONICAL,17_fragrantica_note_vocabulary.csv,No confirmed duplicate expression; retained as its own canonical concept.,False
hassaku,hassaku,CANONICAL,17_fragrantica_note_vocabulary.csv,No confirmed duplicate expression; retained as its own canonical concept.,False
peyote,peyote,CANONICAL,17_fragrantica_note_vocabulary.csv,No confirmed duplicate expression; retained as its own canonical concept.,False
