accord,related_accord,accord_frequency,related_accord_frequency,cooccurrence_count,union_count,jaccard_similarity,lift,jaccard_rank,is_top10
Champagne,aldehydic,311,3556,212,3655,0.058002735978112174,25.29049222544931,1,True
Champagne,fruity,311,43222,204,43329,0.004708163124004708,2.002204724550035,2,True
Champagne,sweet,311,60625,207,60729,0.0034085856839401276,1.4484441939868067,3,True
Champagne,citrus,311,59969,190,60090,0.003161923780995174,1.3440331094967126,4,True
Champagne,floral,311,46586,129,46768,0.0027582962709544988,1.1746742842439313,5,True
Champagne,powdery,311,62885,113,63083,0.0017912908390533106,0.7622800462335294,6,True
Champagne,woody,311,81432,131,81612,0.0016051561044944371,0.6824319756740203,7,True
alcohol,sweet,154,60625,116,60663,0.001912203484826006,1.6391891819520685,1,True
aldehydic,soapy,3556,1720,356,4920,0.07235772357723577,7.678976901143171,1,True
aldehydic,fresh,3556,33478,2137,34897,0.06123735564661719,2.3682460808505037,2,True
aldehydic,Champagne,3556,311,212,3655,0.058002735978112174,25.29049222544931,3,True
aldehydic,bitter,3556,1034,193,4397,0.043893563793495564,6.924980907850736,4,True
aldehydic,citrus,3556,59969,2135,61390,0.03477765108323831,1.3208481206103468,5,True
aldehydic,terpenic,3556,557,135,3978,0.033936651583710405,8.992084584579532,6,True
aldehydic,mineral,3556,770,138,4188,0.0329512893982808,6.64921186799702,7,True
aldehydic,green,3556,29755,941,32370,0.029070126660488107,1.1733065063220651,8,True
aldehydic,floral,3556,46586,1353,48789,0.027731660825186005,1.077517133062613,9,True
aldehydic,fresh spicy,3556,47271,1328,49499,0.026828824824743934,1.0422816586906138,10,True
aldehydic,yellow floral,3556,6986,267,10275,0.025985401459854014,1.4179616665437575,11,False
aldehydic,white floral,3556,39497,1036,42017,0.024656686579241735,0.9731447758715454,12,False
aldehydic,aromatic,3556,54606,1387,56775,0.0244297666226332,0.9423623064862195,13,False
aldehydic,musky,3556,41154,1024,43686,0.023440003662500573,0.9231445573604218,14,False
aldehydic,sweet,3556,60625,1402,62779,0.022332308574523327,0.8579817935129243,15,False
aldehydic,fruity,3556,43222,1005,45773,0.021956175037685974,0.8626666579569137,16,False
aldehydic,powdery,3556,62885,1351,65090,0.02075587647872177,0.7970583097880833,17,False
aldehydic,rose,3556,25617,582,28591,0.020356056101570423,0.8429009173946944,18,False
aldehydic,mossy,3556,6173,187,9542,0.01959756864389017,1.1238986245300255,19,False
aldehydic,woody,3556,81432,1574,83414,0.018869734097393724,0.7171193427302578,20,False
aldehydic,animalic,3556,18242,366,21432,0.01707726763717805,0.7443727123737863,21,False
aldehydic,iris,3556,7451,184,10823,0.017000831562413377,0.9161889926824507,22,False
aldehydic,ozonic,3556,5777,150,9183,0.01633453119895459,0.9633202765008364,23,False
aldehydic,earthy,3556,19049,356,22249,0.0160007191334442,0.6933613454756814,24,False
aldehydic,amber,3556,45478,753,48281,0.015596197261862845,0.6142928055647471,25,False
aldehydic,violet,3556,7614,170,11000,0.015454545454545455,0.8283575959624432,26,False
aldehydic,aquatic,3556,8872,185,12243,0.015110675488033978,0.7736276892913183,27,False
aldehydic,herbal,3556,8607,168,11995,0.014005835764902042,0.724167931431018,28,False
aldehydic,vanilla,3556,34562,496,37622,0.013183775450534263,0.5324325779224359,29,False
aldehydic,lactonic,3556,7015,119,10452,0.011385380788365863,0.629362838910995,30,False
aldehydic,warm spicy,3556,45319,541,48334,0.011192949062771547,0.4428929395917569,31,False
aldehydic,tropical,3556,6512,107,9961,0.010741893384198373,0.6096087555241099,32,False
aldehydic,soft spicy,3556,13661,153,17064,0.008966244725738396,0.4155188684644051,33,False
aldehydic,balsamic,3556,18162,185,21533,0.008591464264152696,0.37791129057331657,34,False
aldehydic,leather,3556,10809,115,14250,0.008070175438596491,0.3947245457764907,35,False
aldehydic,patchouli,3556,14822,102,18276,0.005581089954038083,0.25531431934926635,36,False
almond,nutty,3438,3619,1727,5330,0.32401500938086303,18.312238860863122,1,True
almond,cherry,3438,1803,517,4724,0.1094411515664691,11.003542025007123,2,True
almond,vanilla,3438,34562,2231,35769,0.062372445413626326,2.477070655566028,3,True
almond,lactonic,3438,7015,466,9987,0.046660658856513465,2.549153169245492,4,True
almond,sweet,3438,60625,2792,61271,0.0455680501379119,1.7672636812339948,5,True
almond,fruity,3438,43222,1890,44770,0.042215769488496764,1.6780103500713837,6,True
almond,caramel,3438,4008,237,7209,0.0328755722014149,2.26912449098313,7,True
almond,floral,3438,46586,1399,48625,0.02877120822622108,1.152391330044527,8,True
almond,powdery,3438,62885,1852,64471,0.028726093902684928,1.130138336214249,9,True
almond,cacao,3438,2035,139,5334,0.026059242594675666,2.6211270766244588,10,True
almond,coconut,3438,3269,156,6551,0.02381315829644329,1.831248862202818,11,False
almond,coffee,3438,1815,116,5137,0.022581273116605023,2.4525566629326745,12,False
almond,white floral,3438,39497,862,42073,0.020488199082547003,0.8374923446516795,13,False
almond,amber,3438,45478,933,47983,0.019444386553571058,0.7872596204581821,14,False
almond,honey,3438,3467,131,6774,0.019338647770888694,1.449957070512585,15,False
almond,musky,3438,41154,799,43793,0.018244924988011783,0.7450276933391945,16,False
almond,warm spicy,3438,45319,870,47887,0.018167769958443835,0.7366761749855696,17,False
almond,iris,3438,7451,189,10700,0.01766355140186916,0.9733856307983538,18,False
almond,woody,3438,81432,1444,83426,0.017308752667034258,0.6804712516232847,19,False
almond,yellow floral,3438,6986,156,10268,0.015192832099727308,0.8569070327141444,20,False
almond,tuberose,3438,3931,110,7259,0.015153602424576388,1.073809721476742,21,False
almond,violet,3438,7614,163,10889,0.014969235007806043,0.8215091822066849,22,False
almond,cinnamon,3438,4259,105,7592,0.013830347734457323,0.9460614561423566,23,False
almond,rose,3438,25617,394,28661,0.013746903457660236,0.5902087498569056,24,False
almond,citrus,3438,59969,822,62585,0.013134137572900854,0.5259963139186776,25,False
almond,balsamic,3438,18162,269,21331,0.012610754301251699,0.5683636554187287,26,False
almond,soft spicy,3438,13661,210,16889,0.01243412872283735,0.589894699027933,27,False
almond,fresh,3438,33478,336,36580,0.00918534718425369,0.38513896808270953,28,False
almond,patchouli,3438,14822,149,18111,0.008227044337695322,0.3857599613925466,29,False
almond,animalic,3438,18242,175,21505,0.008137642408742153,0.3681317601971912,30,False
almond,aromatic,3438,54606,466,57578,0.008093368995102296,0.3274788389967609,31,False
almond,leather,3438,10809,109,14138,0.007709718489178102,0.3869712240209194,32,False
almond,green,3438,29755,253,32940,0.0076806314511232545,0.3262858623689352,33,False
almond,fresh spicy,3438,47271,305,50404,0.006051107054995636,0.2475954957225643,34,False
almond,earthy,3438,19049,117,22370,0.005230219043361645,0.23569554296318754,35,False
amber,warm spicy,45478,45319,22361,68436,0.3267432345549126,1.4313739479479097,1,True
amber,woody,45478,81432,30964,95946,0.32272319846580366,1.1030727665106395,2,True
amber,powdery,45478,62885,21656,86707,0.24976068829506268,0.9990181594880965,3,True
amber,aromatic,45478,54606,18869,81215,0.2323339284614911,1.0024223124059577,4,True
amber,sweet,45478,60625,18772,87331,0.21495230788608857,0.8982578040452776,5,True
amber,vanilla,45478,34562,14139,65901,0.21454909637183048,1.1867576330613403,6,True
amber,musky,45478,41154,15082,71550,0.2107896575821104,1.063136645770318,7,True
amber,fresh spicy,45478,47271,16002,76747,0.20850326397123015,0.9820230495404665,8,True
amber,balsamic,45478,18162,10949,52691,0.20779639786680837,1.7488517242138626,9,True
amber,citrus,45478,59969,17900,87547,0.20446160348155848,0.8659013747835563,10,True
amber,animalic,45478,18242,8592,55128,0.15585546364823682,1.3663564840099576,11,False
amber,white floral,45478,39497,11399,73576,0.1549282374687398,0.8372301291627122,12,False
amber,fruity,45478,43222,10902,77798,0.14013213707293246,0.7317176379929051,13,False
amber,floral,45478,46586,11066,80998,0.13662065730018025,0.6890923817934081,14,False
amber,rose,45478,25617,7957,63138,0.12602553137571668,0.9010798848764486,15,False
amber,smoky,45478,7407,4925,47960,0.10268974145120933,1.9288839317491897,16,False
amber,patchouli,45478,14822,5422,54878,0.0988009767119793,1.0611943020291827,17,False
amber,leather,45478,10809,4919,51368,0.09576000622955926,1.3201810994400975,18,False
amber,earthy,45478,19049,5637,58890,0.0957208354559348,0.8584560350585277,19,False
amber,oud,45478,8298,4414,49362,0.08942101211458207,1.543124986359774,20,False
amber,fresh,45478,33478,6450,72506,0.08895815518715693,0.5589106880518688,21,False
amber,green,45478,29755,6036,69197,0.08722921513938466,0.588479693831033,22,False
amber,soft spicy,45478,13661,4565,54574,0.08364789093707627,0.9693943756220093,23,False
amber,lavender,45478,8336,2694,51120,0.052699530516431926,0.93752334448016,24,False
amber,iris,45478,7451,2423,50506,0.04797449807943611,0.9433678162210563,25,False
amber,cinnamon,45478,4259,2043,47694,0.04283557680211347,1.3915631884264694,26,False
amber,tobacco,45478,4372,1902,47948,0.03966797363810795,1.2620383856312576,27,False
amber,violet,45478,7614,1935,51157,0.037824735617804014,0.7372423961623509,28,False
amber,herbal,45478,8607,1954,52131,0.037482496019642826,0.6585897412963725,29,False
amber,mossy,45478,6173,1849,49802,0.03712702301112405,0.8689260938796047,30,False
amber,yellow floral,45478,6986,1787,50677,0.03526254513882037,0.7420585549857419,31,False
amber,aquatic,45478,8872,1457,52893,0.027546178133212335,0.4764092922821887,32,False
amber,caramel,45478,4008,1296,48190,0.026893546378916788,0.9380359734377062,33,False
amber,marine,45478,4326,1270,48534,0.02616722297770635,0.851646588270762,34,False
amber,honey,45478,3467,1204,47741,0.025219413083094194,1.0074299325234364,35,False
amber,lactonic,45478,7015,1181,51312,0.02301605862176489,0.488387373441035,36,False
amber,tuberose,45478,3931,1100,48309,0.022770084249311724,0.8117678487262059,37,False
amber,tropical,45478,6512,1153,50837,0.022680331254794735,0.5136379695644615,38,False
amber,metallic,45478,2235,1010,46703,0.021626019741772477,1.310949769158488,39,False
amber,ozonic,45478,5777,1071,50184,0.021341463414634148,0.53781053892238,40,False
amber,almond,45478,3438,933,47983,0.019444386553571058,0.7872596204581821,41,False
amber,nutty,45478,3619,903,48194,0.018736772212308586,0.7238379889593991,42,False
amber,aldehydic,45478,3556,753,48281,0.015596197261862845,0.6142928055647471,43,False
amber,cacao,45478,2035,707,46806,0.015104901081057984,1.0078530289181593,44,False
amber,coffee,45478,1815,683,46610,0.014653507830937567,1.0916571897385798,45,False
amber,salty,45478,2520,693,47305,0.014649614205686503,0.7977648533356788,46,False
amber,coconut,45478,3269,657,48090,0.013661883967560823,0.5830323520026041,47,False
amber,cherry,45478,1803,538,46743,0.01150974477461866,0.865622933685464,48,False
amber,rum,45478,1166,465,46179,0.010069512115896836,1.1569020951226903,49,False
amber,conifer,45478,1828,447,46859,0.009539256066070551,0.7093711745395831,50,False
amber,chocolate,45478,1554,414,46618,0.008880689862284954,0.7728434521609243,51,False
amber,anis,45478,1418,381,46515,0.00819090615930345,0.7794548252875846,52,False
amber,whiskey,45478,808,270,46016,0.005867524339360223,0.9693812349263423,53,False
amber,soapy,45478,1720,208,46990,0.0044264737178123,0.35081414269306804,54,False
amber,mineral,45478,770,194,46054,0.0042124462587397405,0.7308920025838096,55,False
amber,camphor,45478,793,192,46079,0.004166757091082706,0.7023769429803981,56,False
amber,sour,45478,1912,141,47249,0.0029841901415902984,0.21393085644794735,57,False
amber,cannabis,45478,388,129,45737,0.002820473577191333,0.9644954646701271,58,False
amber,bitter,45478,1034,123,46389,0.0026514906551122035,0.3450855528759926,59,False
amber,beeswax,45478,349,120,45707,0.0026254184260616534,0.9974658233944408,60,False
animalic,leather,18242,10809,4669,24382,0.1914937248790091,3.1239887995897795,1,True
animalic,amber,18242,45478,8592,55128,0.15585546364823682,1.3663564840099576,2,True
animalic,musky,18242,41154,7794,51602,0.15104065733886282,1.3696810880667887,3,True
animalic,white floral,18242,39497,7188,50551,0.14219303277877787,1.3161793402491322,4,True
animalic,powdery,18242,62885,9804,71323,0.13745916464534583,1.127528033279258,5,True
animalic,sweet,18242,60625,7855,71012,0.11061510730580747,0.9370560064742404,6,True
animalic,floral,18242,46586,5777,59051,0.09783068872669387,0.8968463732488899,7,True
animalic,woody,18242,81432,8665,91009,0.09521036381017262,0.769563704815908,8,True
animalic,smoky,18242,7407,2183,23466,0.09302821102872241,2.1314860865752396,9,True
animalic,tuberose,18242,3931,1849,20324,0.09097618579019878,3.4017702473243987,10,True
animalic,warm spicy,18242,45319,5139,58422,0.08796343843072815,0.8201049070703578,11,False
animalic,soft spicy,18242,13661,2497,29406,0.08491464327008094,1.321926053487063,12,False
animalic,citrus,18242,59969,5589,72622,0.0769601498168599,0.6740287382592763,13,False
animalic,oud,18242,8298,1827,24713,0.07392870149314126,1.592341551200883,14,False
animalic,balsamic,18242,18162,2430,33974,0.07152528404073703,0.9676397783396423,15,False
animalic,fruity,18242,43222,4003,57461,0.06966464210507997,0.6698103316705708,16,False
animalic,fresh spicy,18242,47271,4203,61310,0.06855325395530909,0.6430366277745686,17,False
animalic,green,18242,29755,3021,44976,0.0671691568836713,0.7342803085189133,18,False
animalic,fresh,18242,33478,3224,48496,0.06647970966677665,0.6964767754999546,19,False
animalic,rose,18242,25617,2692,41167,0.06539218305924649,0.760007535458927,20,False
animalic,aromatic,18242,54606,4277,68571,0.06237330649983229,0.5664609763336654,21,False
animalic,vanilla,18242,34562,2825,49979,0.05652373997078773,0.591140476518586,22,False
animalic,lactonic,18242,7015,1114,24143,0.04614173880627925,1.148493724545809,23,False
animalic,earthy,18242,19049,1638,35653,0.04594283790985331,0.6218889307040972,24,False
animalic,honey,18242,3467,787,20922,0.037615906701080205,1.641693209206974,25,False
animalic,soapy,18242,1720,703,19259,0.03650241445557921,2.9559561630074223,26,False
animalic,yellow floral,18242,6986,868,24360,0.035632183908045977,0.8985913939489548,27,False
animalic,patchouli,18242,14822,1088,31976,0.03402551913935452,0.5308761288490245,28,False
animalic,tobacco,18242,4372,649,21965,0.029547006601411335,1.0735830708679979,29,False
animalic,aquatic,18242,8872,716,26398,0.027123266914160164,0.583663587501924,30,False
animalic,iris,18242,7451,671,25022,0.02681640156662137,0.6512969851298042,31,False
animalic,violet,18242,7614,624,25232,0.024730500951173115,0.592710782942817,32,False
animalic,mossy,18242,6173,551,23864,0.02308917197452229,0.6455448680645454,33,False
animalic,metallic,18242,2235,438,20039,0.021857378112680275,1.41731927721925,34,False
animalic,ozonic,18242,5777,454,23565,0.019265860386165925,0.5683614275004883,35,False
animalic,marine,18242,4326,411,22157,0.018549442614072303,0.6871102351632187,36,False
animalic,herbal,18242,8607,453,26396,0.01716169116532808,0.3806427042279528,37,False
animalic,aldehydic,18242,3556,366,21432,0.01707726763717805,0.7443727123737863,38,False
animalic,salty,18242,2520,342,20420,0.016748285994123407,0.9815144016163642,39,False
animalic,lavender,18242,8336,404,26174,0.01543516466722702,0.3505054459757397,40,False
animalic,tropical,18242,6512,369,24385,0.015132253434488416,0.4098105035844867,41,False
animalic,caramel,18242,4008,297,21953,0.013528902655673485,0.5359198552790264,42,False
animalic,cinnamon,18242,4259,260,22241,0.011690121847039252,0.4415062124644487,43,False
animalic,sour,18242,1912,229,19925,0.0114930991217064,0.8662010492132964,44,False
animalic,beeswax,18242,349,190,18401,0.01032552578664203,3.9373070551945837,45,False
animalic,coconut,18242,3269,181,21330,0.008485700890764182,0.40043752212907,46,False
animalic,almond,18242,3438,175,21505,0.008137642408742153,0.3681317601971912,47,False
animalic,nutty,18242,3619,176,21685,0.00811620936130966,0.3517184865814519,48,False
animalic,whiskey,18242,808,129,18921,0.006817821468209926,1.1546476089885054,49,False
animalic,cacao,18242,2035,134,20143,0.006652435089112843,0.4762242383117287,50,False
animalic,coffee,18242,1815,124,19933,0.006220839813374806,0.49410149375264845,51,False
animalic,mineral,18242,770,110,18902,0.0058194900010580895,1.0331730543330149,52,False
animalic,cherry,18242,1803,110,19935,0.005517933283170303,0.4412330847678433,53,False
animalic,savory,18242,654,103,18793,0.005480764114297877,1.1390180002662136,54,False
animalic,chocolate,18242,1554,105,19691,0.005332385353714895,0.488662931103453,55,False
anis,soft spicy,1418,13661,1124,13955,0.08054460766750268,7.655104990899423,1,True
anis,lavender,1418,8336,156,9598,0.016253386122108773,1.7411421293000062,2,True
anis,herbal,1418,8607,137,9888,0.013855177993527508,1.4809353360329434,3,True
anis,aromatic,1418,54606,705,55319,0.012744265080713678,1.2012021029013225,4,True
anis,vanilla,1418,34562,406,35574,0.011412829594647777,1.0929354160781684,5,True
anis,fresh spicy,1418,47271,532,48157,0.011047199784039704,1.047090391002108,6,True
anis,sweet,1418,60625,658,61385,0.010719231082512014,1.0098142003402497,7,True
anis,floral,1418,46586,500,47504,0.010525429437521052,0.9985778156806251,8,True
anis,powdery,1418,62885,634,63669,0.009957750239520018,0.938014440356291,9,True
anis,warm spicy,1418,45319,452,46285,0.009765582802203738,0.9279518633167774,10,True
anis,woody,1418,81432,748,82102,0.009110618498940343,0.8546215271325918,11,False
anis,musky,1418,41154,375,42197,0.008886887693437923,0.847786596466278,12,False
anis,citrus,1418,59969,527,60860,0.008659217877094972,0.8176193101743846,13,False
anis,green,1418,29755,254,30919,0.0082150134221676,0.7942205017516109,14,False
anis,amber,1418,45478,381,46515,0.00819090615930345,0.7794548252875846,15,False
anis,patchouli,1418,14822,125,16115,0.007756748371082842,0.7846401653167184,16,False
anis,balsamic,1418,18162,130,19450,0.006683804627249357,0.6659582640423619,17,False
anis,earthy,1418,19049,131,20336,0.006441778127458694,0.6398327200262466,18,False
anis,white floral,1418,39497,232,40683,0.005702627633163729,0.5465013089673162,19,False
anis,fresh,1418,33478,187,34709,0.005387651617736034,0.5196960705348379,20,False
anis,rose,1418,25617,131,26904,0.0048691644365150165,0.47578457601514507,21,False
anis,fruity,1418,43222,211,44429,0.004749150329739584,0.4541976970799035,22,False
aquatic,ozonic,8872,5777,3560,11089,0.32103886734601855,9.163674613408197,1,True
aquatic,marine,8872,4326,1610,11588,0.13893683120469452,5.534283342233739,2,True
aquatic,fresh,8872,33478,4963,37387,0.1327466766523123,2.2044832303366957,3,True
aquatic,salty,8872,2520,1036,10356,0.10003862495171881,6.113377918044284,4,True
aquatic,fruity,8872,43222,4148,47946,0.08651399491094147,1.427104968043234,5,True
aquatic,green,8872,29755,3071,35556,0.08637079536505794,1.5347650158894572,6,True
aquatic,floral,8872,46586,4020,51438,0.07815233873789805,1.2831950039209217,7,True
aquatic,citrus,8872,59969,3806,65035,0.05852233412777735,0.9437653021840063,8,True
aquatic,aromatic,8872,54606,3469,60009,0.057807995467346565,0.9446827047976145,9,True
aquatic,musky,8872,41154,2514,47512,0.05291294830779592,0.9083960757397066,10,True
aquatic,sweet,8872,60625,3391,66106,0.051296402747103134,0.8317600699060174,11,False
aquatic,white floral,8872,39497,2269,46100,0.04921908893709327,0.8542646103425051,12,False
aquatic,woody,8872,81432,4056,86248,0.04702717744179575,0.7406702044228862,13,False
aquatic,fresh spicy,8872,47271,2430,53713,0.04524044458510975,0.7644225907754911,14,False
aquatic,powdery,8872,62885,2944,68813,0.042782613750308805,0.6961659370343607,15,False
aquatic,tropical,8872,6512,615,14769,0.041641275644931953,1.4043739116298855,16,False
aquatic,rose,8872,25617,1294,33195,0.03898177436360898,0.7511523622250821,17,False
aquatic,amber,8872,45478,1457,52893,0.027546178133212335,0.4764092922821887,18,False
aquatic,animalic,8872,18242,716,26398,0.027123266914160164,0.583663587501924,19,False
aquatic,lactonic,8872,7015,403,15484,0.026026866442779642,0.8542783498197537,20,False
aquatic,violet,8872,7614,402,16084,0.024993782641134048,0.7851184981962182,21,False
aquatic,soft spicy,8872,13661,540,21993,0.024553266948574546,0.5878050295414886,22,False
aquatic,earthy,8872,19049,662,27259,0.024285557063722072,0.5167825456639966,23,False
aquatic,herbal,8872,8607,403,17076,0.023600374795033966,0.6962661350047139,24,False
aquatic,vanilla,8872,34562,956,42478,0.0225057676915109,0.4113211635873567,25,False
aquatic,mossy,8872,6173,312,14733,0.02117694970474445,0.7515888806909055,26,False
aquatic,yellow floral,8872,6986,328,15530,0.02112041210560206,0.69817981964186,27,False
aquatic,lavender,8872,8336,349,16859,0.020701109199833916,0.6225722376594224,28,False
aquatic,warm spicy,8872,45319,969,53222,0.01820675660441171,0.3179548749809262,29,False
aquatic,iris,8872,7451,289,16034,0.018024198578021705,0.5767735136162816,30,False
aquatic,patchouli,8872,14822,361,23333,0.015471649594994214,0.3621782969750203,31,False
aquatic,aldehydic,8872,3556,185,12243,0.015110675488033978,0.7736276892913183,32,False
aquatic,mineral,8872,770,136,9506,0.014306753629286767,2.6264565011183585,33,False
aquatic,coconut,8872,3269,168,11973,0.014031571034828364,0.7642164652454224,34,False
aquatic,leather,8872,10809,255,19426,0.013126737362297951,0.35081381936253403,35,False
aquatic,tuberose,8872,3931,140,12663,0.01105583195135434,0.5295988350901564,36,False
aquatic,sour,8872,1912,113,10671,0.010589448036735076,0.8788456042422025,37,False
aquatic,balsamic,8872,18162,280,26754,0.010465724751439037,0.22925371883486453,38,False
aquatic,honey,8872,3467,111,12228,0.009077526987242394,0.47609230974097394,39,False
aquatic,smoky,8872,7407,141,16138,0.008737142148965175,0.28307322795449874,40,False
aquatic,caramel,8872,4008,103,12777,0.008061360256711277,0.38214795611662156,41,False
aquatic,oud,8872,8298,113,17057,0.006624846104238729,0.20250093942047373,42,False
aromatic,fresh spicy,54606,47271,33821,68056,0.4969583872105325,1.7286013680561934,1,True
aromatic,woody,54606,81432,39909,96129,0.4151608775707643,1.184074264976231,2,True
aromatic,citrus,54606,59969,31607,82968,0.3809541027866165,1.2733848166838488,3,True
aromatic,warm spicy,54606,45319,21373,78552,0.2720872797637234,1.1394318769826797,4,True
aromatic,green,54606,29755,17440,66921,0.2606057889152882,1.4160863080920412,5,True
aromatic,amber,54606,45478,18869,81215,0.2323339284614911,1.0024223124059577,6,True
aromatic,powdery,54606,62885,20183,97308,0.20741357339581534,0.7754286672513607,7,True
aromatic,earthy,54606,19049,11309,62346,0.18139094729413274,1.4343502714996137,8,True
aromatic,musky,54606,41154,13604,82156,0.16558741905642924,0.7986523386249634,9,True
aromatic,sweet,54606,60625,16357,98874,0.16543277302425308,0.6518611519220538,10,True
aromatic,fresh,54606,33478,12497,75587,0.165332663024065,0.9018814667822587,11,False
aromatic,floral,54606,46586,13681,87511,0.15633463221766405,0.7095215950844657,12,False
aromatic,white floral,54606,39497,11952,82151,0.14548818638847974,0.7311048621894446,13,False
aromatic,herbal,54606,8607,7565,55648,0.13594378953421507,2.123539418629234,14,False
aromatic,lavender,54606,8336,7453,55489,0.13431490926129502,2.160113708124992,15,False
aromatic,fruity,54606,43222,11272,86556,0.13022782938213412,0.6300852582407455,16,False
aromatic,vanilla,54606,34562,9484,79684,0.1190201295115707,0.6629730538673471,17,False
aromatic,balsamic,54606,18162,7574,65194,0.11617633524557475,1.0075458699456825,18,False
aromatic,rose,54606,25617,7104,73119,0.09715668977967423,0.6700047508299476,19,False
aromatic,soft spicy,54606,13661,5767,62500,0.092272,1.0199306846895493,20,False
aromatic,patchouli,54606,14822,5302,64126,0.08268097183669651,0.8642434806329127,21,False
aromatic,leather,54606,10809,4309,61106,0.07051680686021013,0.9631505454763204,22,False
aromatic,marine,54606,4326,3627,55305,0.06558177379983726,2.0256492062188225,23,False
aromatic,animalic,54606,18242,4277,68571,0.06237330649983229,0.5664609763336654,24,False
aromatic,mossy,54606,6173,3424,57355,0.059698369802109665,1.3401107059624318,25,False
aromatic,aquatic,54606,8872,3469,60009,0.057807995467346565,0.9446827047976145,26,False
aromatic,smoky,54606,7407,2870,59143,0.04852645283465499,0.9361441975232163,27,False
aromatic,oud,54606,8298,2410,60494,0.03983866168545641,0.701692459844707,28,False
aromatic,ozonic,54606,5777,2273,58110,0.03911547065909482,0.9506053756067883,29,False
aromatic,iris,54606,7451,2231,59826,0.03729147862133521,0.7234161576199115,30,False
aromatic,salty,54606,2520,1804,55322,0.032609088608510174,1.7295741673831995,31,False
aromatic,violet,54606,7614,1845,60375,0.030559006211180125,0.5854458013386071,32,False
aromatic,yellow floral,54606,6986,1781,59811,0.029777131296918627,0.6159401803381775,33,False
aromatic,conifer,54606,1828,1622,54812,0.029592060132817632,2.1437683565844394,34,False
aromatic,cinnamon,54606,4259,1684,57181,0.029450341896783895,0.9552953082061693,35,False
aromatic,tobacco,54606,4372,1600,57378,0.02788525218724947,0.8841847641219497,36,False
aromatic,aldehydic,54606,3556,1387,56775,0.0244297666226332,0.9423623064862195,37,False
aromatic,tropical,54606,6512,971,60147,0.016143781069712537,0.360253356387023,38,False
aromatic,lactonic,54606,7015,884,60737,0.014554554884172744,0.30445827844326345,39,False
aromatic,bitter,54606,1034,732,54908,0.013331390689881257,1.7103844519817046,40,False
aromatic,camphor,54606,793,705,54694,0.012889896515157056,2.1479250717705867,41,False
aromatic,anis,54606,1418,705,55319,0.012744265080713678,1.2012021029013225,42,False
aromatic,honey,54606,3467,710,57363,0.012377316388612869,0.49477495132791793,43,False
aromatic,tuberose,54606,3931,666,57871,0.011508354789099895,0.40933076114563965,44,False
aromatic,caramel,54606,4008,588,58026,0.010133388481025747,0.35444822913232976,45,False
aromatic,coffee,54606,1815,544,55877,0.009735669416754657,0.7241448860451767,46,False
aromatic,metallic,54606,2235,540,56301,0.009591303884478073,0.5837399680984979,47,False
aromatic,coconut,54606,3269,511,57364,0.008908025939613696,0.377667120688042,48,False
aromatic,nutty,54606,3619,495,57730,0.008574398059934176,0.33046069622597335,49,False
aromatic,almond,54606,3438,466,57578,0.008093368995102296,0.3274788389967609,50,False
aromatic,soapy,54606,1720,385,55941,0.006882250942957759,0.5407985024220014,51,False
aromatic,cacao,54606,2035,383,56258,0.00680792065128515,0.4547131962800571,52,False
aromatic,mineral,54606,770,357,55019,0.006488667551209582,1.1201616206011327,53,False
aromatic,cannabis,54606,388,350,54644,0.006405094795402972,2.1794128963585817,54,False
aromatic,rum,54606,1166,294,55478,0.005299397959551534,0.6091888946665428,55,False
aromatic,sour,54606,1912,283,56235,0.005032453098604072,0.3576034872560635,56,False
aromatic,whiskey,54606,808,241,55173,0.00436807858916499,0.7206242613603191,57,False
aromatic,chocolate,54606,1554,216,55944,0.003861003861003861,0.3358195183269351,58,False
aromatic,cherry,54606,1803,194,56215,0.0034510362003024103,0.2599615997697538,59,False
aromatic,terpenic,54606,557,121,55042,0.0021983212819301624,0.5248477899884211,60,False
aromatic,sand,54606,215,109,54712,0.0019922503289954673,1.224873491199962,61,False
aromatic,beeswax,54606,349,107,54848,0.0019508459743290548,0.7407327532150869,62,False
balsamic,warm spicy,18162,45319,11541,51940,0.22219869079707355,1.8498776864337236,1,True
balsamic,amber,18162,45478,10949,52691,0.20779639786680837,1.7488517242138626,2,True
balsamic,vanilla,18162,34562,7046,45678,0.15425368886553703,1.4808929447929562,3,True
balsamic,woody,18162,81432,13087,86507,0.15128255516894587,1.1674139864274438,4,True
balsamic,smoky,18162,7407,3184,22385,0.1422381058744695,3.1225586584665526,5,True
balsamic,patchouli,18162,14822,3826,29158,0.13121613279374442,1.8750724283261766,6,True
balsamic,powdery,18162,62885,8928,72119,0.1237953937242613,1.0313047248375182,7,True
balsamic,aromatic,18162,54606,7574,65194,0.11617633524557475,1.0075458699456825,8,True
balsamic,sweet,18162,60625,8061,70726,0.11397505867714844,0.965866405103212,9,True
balsamic,earthy,18162,19049,3132,34079,0.09190410516740515,1.1943440839884996,10,True
balsamic,fresh spicy,18162,47271,5217,60216,0.08663810282981267,0.8016890247648607,11,False
balsamic,soft spicy,18162,13661,2407,29416,0.08182621702474843,1.2798924878333326,12,False
balsamic,animalic,18162,18242,2430,33974,0.07152528404073703,0.9676397783396423,13,False
balsamic,oud,18162,8298,1663,24797,0.06706456426180586,1.4557899262280725,14,False
balsamic,musky,18162,41154,3676,55640,0.06606757728253056,0.6488485531797575,15,False
balsamic,citrus,18162,59969,4068,74063,0.05492621146861456,0.49275839097640156,16,False
balsamic,rose,18162,25617,2209,41570,0.05313928313687755,0.626393638801235,17,False
balsamic,floral,18162,46586,3132,61616,0.05083095299922098,0.4883669011268821,18,False
balsamic,leather,18162,10809,1317,27654,0.047624213495335216,0.8850751537882926,19,False
balsamic,fruity,18162,43222,2685,58699,0.04574183546568085,0.45125218948975515,20,False
balsamic,caramel,18162,4008,959,21211,0.04521238979774645,1.7380840949968799,21,False
balsamic,green,18162,29755,2042,45875,0.04451226158038147,0.4985120657672131,22,False
balsamic,white floral,18162,39497,2245,55414,0.040513227704190274,0.41288787217239387,23,False
balsamic,lactonic,18162,7015,811,24366,0.033284084379873596,0.8397945849357838,24,False
balsamic,cinnamon,18162,4259,685,21736,0.031514538093485464,1.1683227204151703,25,False
balsamic,conifer,18162,1828,604,19386,0.03115650469410915,2.400162457165838,26,False
balsamic,fresh,18162,33478,1489,50151,0.029690335187733046,0.3230837267678822,27,False
balsamic,herbal,18162,8607,741,26028,0.02846934071000461,0.6253833234517014,28,False
balsamic,tobacco,18162,4372,577,21957,0.026278635514869975,0.9586841583217748,29,False
balsamic,lavender,18162,8336,603,25895,0.023286348715968335,0.5254598013274008,30,False
balsamic,iris,18162,7451,517,25096,0.02060089257252152,0.5040294014422843,31,False
balsamic,mossy,18162,6173,489,23846,0.020506583913444603,0.5754299644899025,32,False
balsamic,yellow floral,18162,6986,496,24652,0.02012007139380172,0.5157425773881679,33,False
balsamic,nutty,18162,3619,429,21352,0.0200917946796553,0.8610901079745311,34,False
balsamic,honey,18162,3467,364,21265,0.01711732894427463,0.762653790468357,35,False
balsamic,violet,18162,7614,415,25361,0.016363708055676038,0.3959269964650226,36,False
balsamic,metallic,18162,2235,285,20112,0.014170644391408114,0.9262905291600059,37,False
balsamic,cacao,18162,2035,268,19929,0.013447739475136736,0.9566438228479854,38,False
balsamic,almond,18162,3438,269,21331,0.012610754301251699,0.5683636554187287,39,False
balsamic,coffee,18162,1815,246,19731,0.012467690436369165,0.984551342781814,40,False
balsamic,salty,18162,2520,221,20461,0.010801036117491813,0.6370472187700467,41,False
balsamic,marine,18162,4326,236,22252,0.010605788243753371,0.3962829423970417,42,False
balsamic,aquatic,18162,8872,280,26754,0.010465724751439037,0.22925371883486453,43,False
balsamic,tropical,18162,6512,251,24423,0.010277197723457396,0.279987872591936,44,False
balsamic,chocolate,18162,1554,185,19531,0.009472121243151912,0.8647699802308325,45,False
balsamic,aldehydic,18162,3556,185,21533,0.008591464264152696,0.37791129057331657,46,False
balsamic,ozonic,18162,5777,201,23738,0.008467436178279553,0.25273976711472007,47,False
balsamic,coconut,18162,3269,178,21253,0.00837528819460782,0.3955350487736742,48,False
balsamic,tuberose,18162,3931,178,21915,0.0081222906684919,0.3289249744190132,49,False
balsamic,cherry,18162,1803,154,19811,0.007773459189339256,0.6204472803253495,50,False
balsamic,rum,18162,1166,139,19189,0.0072437333889207355,0.8659566285742025,51,False
balsamic,bitter,18162,1034,138,19058,0.007241053625773953,0.9694790726146819,52,False
balsamic,savory,18162,654,135,18681,0.007226593865424763,1.4994635437030033,53,False
balsamic,anis,18162,1418,130,19450,0.006683804627249357,0.6659582640423619,54,False
balsamic,camphor,18162,793,119,18836,0.00631768953068592,1.0900681869340987,55,False
balsamic,sour,18162,1912,107,19967,0.005358842089447588,0.40651425639721356,56,False
beeswax,honey,349,3467,240,3576,0.06711409395973154,26.168301538120783,1,True
beeswax,animalic,349,18242,190,18401,0.01032552578664203,3.9373070551945837,2,True
beeswax,sweet,349,60625,182,60792,0.0029938149756546916,1.1348481966147757,3,True
beeswax,amber,349,45478,120,45707,0.0026254184260616534,0.9974658233944408,4,True
beeswax,warm spicy,349,45319,103,45565,0.002260506968067596,0.8591619636690709,5,True
beeswax,woody,349,81432,177,81604,0.002169011322974364,0.821667861609567,6,True
beeswax,aromatic,349,54606,107,54848,0.0019508459743290548,0.7407327532150869,7,True
beeswax,citrus,349,59969,101,60217,0.0016772672168988824,0.6366675313286267,8,True
bitter,aldehydic,1034,3556,193,4397,0.043893563793495564,6.924980907850736,1,True
bitter,herbal,1034,8607,224,9417,0.02378676860996071,3.3206204566972275,2,True
bitter,fresh spicy,1034,47271,688,47617,0.0144486212907155,1.857020389492955,3,True
bitter,green,1034,29755,410,30379,0.013496165114059055,1.7581135690017802,4,True
bitter,aromatic,1034,54606,732,54908,0.013331390689881257,1.7103844519817046,5,True
bitter,citrus,1034,59969,517,60486,0.00854743246371061,1.0999849922459937,6,True
bitter,fruity,1034,43222,347,43909,0.007902707873101187,1.0243482727427566,7,True
bitter,sweet,1034,60625,473,61186,0.007730526591050241,0.9954797104628208,8,True
bitter,balsamic,1034,18162,138,19058,0.007241053625773953,0.9694790726146819,9,True
bitter,woody,1034,81432,546,81920,0.0066650390625,0.8555010856918414,10,True
bitter,fresh,1034,33478,224,34288,0.006532897806812879,0.8537122967558706,11,False
bitter,floral,1034,46586,304,47316,0.006424887987150224,0.8326091608531497,12,False
bitter,earthy,1034,19049,112,19971,0.005608131791097091,0.7501858436346537,13,False
bitter,warm spicy,1034,45319,151,46202,0.0032682567854205448,0.42512794429584766,14,False
bitter,powdery,1034,62885,204,63715,0.003201757827827042,0.4139101971315113,15,False
bitter,musky,1034,41154,124,42064,0.0029478889311525293,0.38444361787197573,16,False
bitter,amber,1034,45478,123,46389,0.0026514906551122035,0.3450855528759926,17,False
cacao,chocolate,2035,1554,555,3034,0.18292682926829268,23.153738153738153,1,True
cacao,coffee,2035,1815,240,3610,0.0664819944598338,8.572623713119581,2,True
cacao,warm spicy,2035,45319,1919,45435,0.04223616154946627,2.7451988315643736,3,True
cacao,nutty,2035,3619,201,5453,0.03686044379240785,3.6006973840629546,4,True
cacao,tobacco,2035,4372,193,6214,0.03105889925973608,2.8619121908234444,5,True
cacao,vanilla,2035,34562,1046,35551,0.029422519760344296,1.9620585702409672,6,True
cacao,caramel,2035,4008,164,5879,0.027895900663378125,2.6527436527436525,7,True
cacao,sweet,2035,60625,1676,60984,0.0274826183917093,1.7922616479647409,8,True
cacao,almond,2035,3438,139,5334,0.026059242594675666,2.6211270766244588,9,True
cacao,lactonic,2035,7015,204,8846,0.02306127063079358,1.8853050938581943,10,True
cacao,cinnamon,2035,4259,103,6191,0.01663705378775642,1.5678652461934923,11,False
cacao,amber,2035,45478,707,46806,0.015104901081057984,1.0078530289181593,12,False
cacao,balsamic,2035,18162,268,19929,0.013447739475136736,0.9566438228479854,13,False
cacao,patchouli,2035,14822,214,16643,0.012858258727392899,0.9360221226366147,14,False
cacao,oud,2035,8298,119,10214,0.011650675543371843,0.9297210837340989,15,False
cacao,woody,2035,81432,960,82507,0.011635376392306107,0.7642849022159367,16,False
cacao,fruity,2035,43222,495,44762,0.011058487109601894,0.742470988873284,17,False
cacao,powdery,2035,62885,700,64220,0.010900031142946123,0.7216558285970706,18,False
cacao,leather,2035,10809,126,12718,0.009907218116055983,0.7557256749596466,19,False
cacao,soft spicy,2035,13661,144,15552,0.009259259259259259,0.6833750987180458,20,False
cacao,white floral,2035,39497,322,41210,0.007813637466634313,0.5285315421275114,21,False
cacao,earthy,2035,19049,151,20933,0.00721349066067931,0.5139062675941253,22,False
cacao,citrus,2035,59969,429,61575,0.006967113276492083,0.4637774561902028,23,False
cacao,aromatic,2035,54606,383,56258,0.00680792065128515,0.4547131962800571,24,False
cacao,animalic,2035,18242,134,20143,0.006652435089112843,0.4762242383117287,25,False
cacao,fresh spicy,2035,47271,325,48981,0.006635225903921929,0.44572574559247147,26,False
cacao,rose,2035,25617,179,27473,0.006515487933607542,0.4530059555238148,27,False
cacao,musky,2035,41154,254,42935,0.005915919413066263,0.40012972189674334,28,False
cacao,floral,2035,46586,275,48346,0.0056881644810325566,0.38269820071219635,29,False
cacao,green,2035,29755,123,31667,0.0038841696403195754,0.2679935278154065,30,False
cacao,fresh,2035,33478,133,35380,0.0037591859807801016,0.25755577060911905,31,False
camphor,herbal,793,8607,167,9233,0.018087295570237194,3.228011277368739,1,True
camphor,aromatic,793,54606,705,54694,0.012889896515157056,2.1479250717705867,2,True
camphor,fresh spicy,793,47271,530,47534,0.011149913745950268,1.8653118747066064,3,True
camphor,green,793,29755,273,30275,0.009017341040462428,1.5264165548702382,4,True
camphor,woody,793,81432,659,81566,0.0080793467866513,1.346358412660539,5,True
camphor,earthy,793,19049,130,19712,0.006594967532467532,1.135380799646124,6,True
camphor,balsamic,793,18162,119,18836,0.00631768953068592,1.0900681869340987,7,True
camphor,citrus,793,59969,378,60384,0.006259936406995231,1.0486616067313634,8,True
camphor,warm spicy,793,45319,245,45867,0.005341530948176249,0.8994067471874522,9,True
camphor,amber,793,45478,192,46079,0.004166757091082706,0.7023769429803981,10,True
camphor,fresh,793,33478,140,34131,0.004101842899416952,0.6957270766437345,11,False
camphor,musky,793,41154,152,41795,0.0036367986601268092,0.6144717338577744,12,False
camphor,sweet,793,60625,180,61238,0.002939351383128123,0.4939592568999363,13,False
camphor,powdery,793,62885,186,63492,0.0029295029295029295,0.4920806119298814,14,False
camphor,floral,793,46586,132,47247,0.0027938281795669567,0.47139924647625897,15,False
cannabis,smoky,388,7407,171,7624,0.022429171038824764,7.849926720196415,1,True
cannabis,herbal,388,8607,182,8813,0.020651310563939634,7.190041910264841,2,True
cannabis,green,388,29755,251,29892,0.008396895490432222,2.868306808004199,3,True
cannabis,aromatic,388,54606,350,54644,0.006405094795402972,2.1794128963585817,4,True
cannabis,fresh spicy,388,47271,149,47510,0.0031361818564512732,1.0717742422666237,5,True
cannabis,woody,388,81432,255,81565,0.0031263409550665116,1.0647727203672814,6,True
cannabis,amber,388,45478,129,45737,0.002820473577191333,0.9644954646701271,7,True
cannabis,warm spicy,388,45319,114,45593,0.0025003838308512273,0.8553352488874401,8,True
cannabis,citrus,388,59969,109,60248,0.0018091886867613862,0.6180328049217182,9,True
caramel,vanilla,4008,34562,2505,36065,0.06945792319423263,2.3857487992593023,1,True
caramel,lactonic,4008,7015,655,10368,0.06317515432098765,3.0734735091470657,2,True
caramel,sweet,4008,60625,3745,60888,0.061506372355800816,2.033367697594502,3,True
caramel,balsamic,4008,18162,959,21211,0.04521238979774645,1.7380840949968799,4,True
caramel,honey,4008,3467,294,7181,0.04094137306781785,2.7913181424862996,5,True
caramel,nutty,4008,3619,298,7329,0.0406603902305908,2.7104632955696784,6,True
caramel,fruity,4008,43222,1722,45508,0.037839500747121384,1.3114270510388228,7,True
caramel,chocolate,4008,1554,202,5360,0.037686567164179105,4.278743028743029,8,True
caramel,coconut,4008,3269,262,7015,0.03734853884533143,2.6381666156826755,9,True
caramel,coffee,4008,1815,204,5619,0.036305392418579815,3.6997245179063363,10,True
caramel,powdery,4008,62885,2205,64688,0.03408669304971556,1.1541901884392145,11,False
caramel,almond,4008,3438,237,7209,0.0328755722014149,2.26912449098313,12,False
caramel,cacao,4008,2035,164,5879,0.027895900663378125,2.6527436527436525,13,False
caramel,cinnamon,4008,4259,222,8045,0.02759477936606588,1.7157783517257572,14,False
caramel,amber,4008,45478,1296,48190,0.026893546378916788,0.9380359734377062,15,False
caramel,warm spicy,4008,45319,1289,48038,0.026832923935217953,0.9362427090918453,16,False
caramel,tropical,4008,6512,264,10256,0.02574102964118565,1.3344594594594594,17,False
caramel,white floral,4008,39497,984,42521,0.02314150654970485,0.8200622832113832,18,False
caramel,musky,4008,41154,1000,44162,0.022643901997192156,0.7998412466993893,19,False
caramel,soft spicy,4008,13661,379,17290,0.021920185078079815,0.9132140155674304,20,False
caramel,woody,4008,81432,1659,83781,0.01980162566691732,0.67060553590726,21,False
caramel,patchouli,4008,14822,360,18470,0.01949106659447753,0.799487248684388,22,False
caramel,citrus,4008,59969,1186,62791,0.018888057205650493,0.6509891221575592,23,False
caramel,cherry,4008,1803,103,5708,0.018044849334267695,1.8804307635422444,24,False
caramel,rose,4008,25617,441,29184,0.015111019736842105,0.566664714837803,25,False
caramel,floral,4008,46586,744,49850,0.014924774322968907,0.525694414631005,26,False
caramel,fresh,4008,33478,546,36940,0.014780725500812128,0.5368450922994206,27,False
caramel,animalic,4008,18242,297,21953,0.013528902655673485,0.5359198552790264,28,False
caramel,oud,4008,8298,159,12147,0.013089651765868116,0.6307242709086527,29,False
caramel,violet,4008,7614,139,11483,0.012104850648785161,0.600921548025567,30,False
caramel,leather,4008,10809,164,14653,0.011192247321367638,0.4994294877725352,31,False
caramel,smoky,4008,7407,122,11293,0.010803152395289117,0.5421673192025561,32,False
caramel,aromatic,4008,54606,588,58026,0.010133388481025747,0.35444822913232976,33,False
caramel,green,4008,29755,301,33462,0.008995278226047457,0.33298325211449054,34,False
caramel,iris,4008,7451,101,11358,0.008892410635675295,0.4461929047555138,35,False
caramel,fresh spicy,4008,47271,430,50849,0.008456410155558614,0.2994260046681193,36,False
caramel,aquatic,4008,8872,103,12777,0.008061360256711277,0.38214795611662156,37,False
caramel,earthy,4008,19049,183,22874,0.008000349742065227,0.3162239487637146,38,False
cherry,nutty,1803,3619,600,4822,0.1244296972210701,12.131388277527691,1,True
cherry,almond,1803,3438,517,4724,0.1094411515664691,11.003542025007123,2,True
cherry,fruity,1803,43222,1207,43818,0.027545757451275733,2.0433852155106913,3,True
cherry,sweet,1803,60625,1599,60829,0.026286803991517203,1.9299432903923015,4,True
cherry,vanilla,1803,34562,764,35601,0.0214600713463105,1.6174926967357577,5,True
cherry,lactonic,1803,7015,179,8639,0.020719990739668945,1.8671241286696876,6,True
cherry,caramel,1803,4008,103,5708,0.018044849334267695,1.8804307635422444,7,True
cherry,rose,1803,25617,365,27055,0.013491036776935871,1.0425873036379514,8,True
cherry,floral,1803,46586,551,47838,0.011518040051841632,0.8654540452489791,9,True
cherry,amber,1803,45478,538,46743,0.01150974477461866,0.865622933685464,10,True
cherry,powdery,1803,62885,730,63958,0.011413740267050252,0.8494222456004897,11,False
cherry,fresh,1803,33478,373,34908,0.01068522974676292,0.8152619296148228,12,False
cherry,warm spicy,1803,45319,496,46626,0.010637841547634367,0.8008463378671515,13,False
cherry,woody,1803,81432,794,82441,0.00963113014155578,0.713465926090479,14,False
cherry,leather,1803,10809,120,12492,0.009606147934678195,0.8123507110069889,15,False
cherry,musky,1803,41154,403,42554,0.009470320063918786,0.716540642184567,16,False
cherry,white floral,1803,39497,369,40931,0.00901517187461826,0.6836126520614025,17,False
cherry,patchouli,1803,14822,145,16480,0.008798543689320388,0.7158285718947109,18,False
cherry,soft spicy,1803,13661,132,15332,0.008609444299504304,0.7070323342948537,19,False
cherry,balsamic,1803,18162,154,19811,0.007773459189339256,0.6204472803253495,20,False
cherry,citrus,1803,59969,382,61390,0.006222511809741,0.4661056761375148,21,False
cherry,animalic,1803,18242,110,19935,0.005517933283170303,0.4412330847678433,22,False
cherry,green,1803,29755,129,31429,0.004104489484234306,0.3172324398561631,23,False
cherry,aromatic,1803,54606,194,56215,0.0034510362003024103,0.2599615997697538,24,False
cherry,fresh spicy,1803,47271,165,48909,0.0033736122186100717,0.25540946666037306,25,False
chocolate,cacao,1554,2035,555,3034,0.18292682926829268,23.153738153738153,1,True
chocolate,coffee,1554,1815,159,3210,0.04953271028037383,7.437261346352256,2,True
chocolate,nutty,1554,3619,192,4981,0.03854647661112227,4.504070643888273,3,True
chocolate,caramel,1554,4008,202,5360,0.037686567164179105,4.278743028743029,4,True
chocolate,warm spicy,1554,45319,1301,45572,0.028548231370139558,2.437190778835564,5,True
chocolate,lactonic,1554,7015,219,8350,0.026227544910179642,2.650385137199107,6,True
chocolate,sweet,1554,60625,1461,60718,0.024062057380019104,2.045931138797118,7,True
chocolate,vanilla,1554,34562,807,35309,0.022855362655413634,1.9822901220100457,8,True
chocolate,fruity,1554,43222,465,44311,0.01049400825980005,0.9133571688520558,9,True
chocolate,patchouli,1554,14822,164,16212,0.010115963483839132,0.9393546446575728,10,True
chocolate,balsamic,1554,18162,185,19531,0.009472121243151912,0.8647699802308325,11,False
chocolate,powdery,1554,62885,594,63845,0.009303782598480696,0.8019216299410304,12,False
chocolate,amber,1554,45478,414,46618,0.008880689862284954,0.7728434521609243,13,False
chocolate,woody,1554,81432,665,82321,0.008078133161647696,0.6932966343885885,14,False
chocolate,animalic,1554,18242,105,19691,0.005332385353714895,0.488662931103453,15,False
chocolate,earthy,1554,19049,108,20495,0.005269577945840449,0.4813313196955383,16,False
chocolate,rose,1554,25617,142,27029,0.0052536164859965226,0.47060075986179745,17,False
chocolate,musky,1554,41154,219,42489,0.005154275224175669,0.451777512209062,18,False
chocolate,floral,1554,46586,228,47912,0.0047587243279345465,0.4155009036303846,19,False
chocolate,citrus,1554,59969,270,61253,0.004407947365843306,0.3822341671897276,20,False
chocolate,white floral,1554,39497,180,40871,0.004404100707102836,0.3869019718324729,21,False
chocolate,fresh spicy,1554,47271,195,48630,0.004009870450339297,0.35021308582265614,22,False
chocolate,aromatic,1554,54606,216,55944,0.003861003861003861,0.3358195183269351,23,False
chocolate,fresh,1554,33478,125,34907,0.0035809436502707193,0.3169881709519681,24,False
chocolate,green,1554,29755,106,31203,0.0033971092523154825,0.30243946325277193,25,False
cinnamon,warm spicy,4259,45319,4095,45483,0.09003363894202229,2.7990426126454566,1,True
cinnamon,vanilla,4259,34562,1947,36874,0.05280143190323806,1.7450304436376094,2,True
cinnamon,tobacco,4259,4372,387,8244,0.04694323144104803,2.741995477205904,3,True
cinnamon,amber,4259,45478,2043,47694,0.04283557680211347,1.3915631884264694,4,True
cinnamon,fresh spicy,4259,47271,1654,49876,0.033162242361055416,1.0838686075331831,5,True
cinnamon,sweet,4259,60625,2034,62850,0.03236276849642005,1.039286101233773,6,True
cinnamon,woody,4259,81432,2684,83007,0.03233462238124495,1.0209943352335529,7,True
cinnamon,balsamic,4259,18162,685,21736,0.031514538093485464,1.1683227204151703,8,True
cinnamon,aromatic,4259,54606,1684,57181,0.029450341896783895,0.9552953082061693,9,True
cinnamon,patchouli,4259,14822,534,18547,0.02879171833719739,1.1160158701287684,10,True
cinnamon,caramel,4259,4008,222,8045,0.02759477936606588,1.7157783517257572,11,False
cinnamon,leather,4259,10809,381,14687,0.025941308640294137,1.0918811819505243,12,False
cinnamon,rum,4259,1166,137,5288,0.025907715582450832,3.6396358916261278,13,False
cinnamon,lavender,4259,8336,307,12288,0.024983723958333332,1.1408185961849335,14,False
cinnamon,citrus,4259,59969,1541,62687,0.024582449311659513,0.7959975924165655,15,False
cinnamon,powdery,4259,62885,1604,65540,0.024473603906011596,0.7901203020014228,16,False
cinnamon,oud,4259,8298,293,12264,0.023891063274624917,1.09378033819016,17,False
cinnamon,coffee,4259,1815,138,5936,0.02324797843665768,2.3552574130814863,18,False
cinnamon,honey,4259,3467,174,7552,0.023040254237288137,1.5546453385027028,19,False
cinnamon,soft spicy,4259,13661,351,17569,0.019978370994365075,0.7959037436862777,20,False
cinnamon,fruity,4259,43222,900,46581,0.01932118245636633,0.6450205820218715,21,False
cinnamon,nutty,4259,3619,146,7732,0.018882565959648216,1.2496839584408836,22,False
cinnamon,smoky,4259,7407,210,11456,0.01833100558659218,0.8782393104407782,23,False
cinnamon,rose,4259,25617,515,29361,0.01754027451381084,0.6227516446117337,24,False
cinnamon,cacao,4259,2035,103,6191,0.01663705378775642,1.5678652461934923,25,False
cinnamon,earthy,4259,19049,333,22975,0.014494015233949945,0.5415118615452387,26,False
cinnamon,musky,4259,41154,629,44784,0.014045194712397284,0.473450429173293,27,False
cinnamon,lactonic,4259,7015,155,11119,0.013940102527205685,0.6844471905287315,28,False
cinnamon,almond,4259,3438,105,7592,0.013830347734457323,0.9460614561423566,29,False
cinnamon,green,4259,29755,435,33579,0.012954525149647102,0.45286131646688543,30,False
cinnamon,fresh,4259,33478,475,37262,0.012747571252214053,0.4395112813114726,31,False
cinnamon,herbal,4259,8607,153,12713,0.012034924880044049,0.550649881648122,32,False
cinnamon,white floral,4259,39497,506,43250,0.011699421965317919,0.3968462942516467,33,False
cinnamon,animalic,4259,18242,260,22241,0.011690121847039252,0.4415062124644487,34,False
cinnamon,floral,4259,46586,547,50298,0.010875183903932563,0.36372053929157744,35,False
citrus,fresh spicy,59969,47271,29822,77418,0.3852075744658865,1.3879017765124506,1,True
citrus,aromatic,59969,54606,31607,82968,0.3809541027866165,1.2733848166838488,2,True
citrus,woody,59969,81432,38224,103177,0.37047016292390744,1.0326610262209173,3,True
citrus,white floral,59969,39497,22725,76741,0.2961259300764911,1.2657750689313219,4,True
citrus,powdery,59969,62885,26439,96415,0.27422081626302963,0.9249424571834882,5,True
citrus,floral,59969,46586,22125,84430,0.2620514035295511,1.0448275427571636,6,True
citrus,sweet,59969,60625,24700,95894,0.25757607358124596,0.8963176679084881,7,True
citrus,fresh,59969,33478,18826,74621,0.2522882298548666,1.237129904057774,8,True
citrus,musky,59969,41154,19037,82086,0.2319153083351607,1.0176611895508083,9,True
citrus,fruity,59969,43222,19255,83936,0.22940097216927183,0.9800662174677993,10,True
citrus,green,59969,29755,16172,73552,0.21987165542745268,1.1956953315141798,11,False
citrus,amber,59969,45478,17900,87547,0.20446160348155848,0.8659013747835563,12,False
citrus,warm spicy,59969,45319,16070,89218,0.18012060346566836,0.7801036574237349,13,False
citrus,rose,59969,25617,11743,73843,0.15902658342700052,1.0084805999098025,14,False
citrus,vanilla,59969,34562,12842,81689,0.15720598856639204,0.8174299676189487,15,False
citrus,earthy,59969,19049,7888,71130,0.110895543371292,0.9109855235273662,16,False
citrus,patchouli,59969,14822,6030,68761,0.08769505969953899,0.8950087037165487,17,False
citrus,animalic,59969,18242,5589,72622,0.0769601498168599,0.6740287382592763,18,False
citrus,lavender,59969,8336,4587,63718,0.07198907686995826,1.2105640977524887,19,False
citrus,soft spicy,59969,13661,4708,68922,0.06830910304402078,0.7581771969100561,20,False
citrus,herbal,59969,8607,4359,64217,0.06787922201286264,1.1141709262693824,21,False
citrus,aquatic,59969,8872,3806,65035,0.05852233412777735,0.9437653021840063,22,False
citrus,balsamic,59969,18162,4068,74063,0.05492621146861456,0.49275839097640156,23,False
citrus,mossy,59969,6173,2979,63163,0.047163687601918844,1.0616735110645765,24,False
citrus,yellow floral,59969,6986,2923,64032,0.04564905047476262,0.9204855803993816,25,False
citrus,leather,59969,10809,2902,67876,0.0427544345571336,0.590647876306388,26,False
citrus,tropical,59969,6512,2686,63795,0.04210361313582569,0.9074200519572295,27,False
citrus,violet,59969,7614,2643,64940,0.04069910686787804,0.7636617637263361,28,False
citrus,ozonic,59969,5777,2570,63176,0.04068000506521464,0.9786953193949123,29,False
citrus,marine,59969,4326,2315,61980,0.037350758309131975,1.1772839838416438,30,False
citrus,iris,59969,7451,2388,65032,0.03672038381104687,0.7050769457746432,31,False
citrus,aldehydic,59969,3556,2135,61390,0.03477765108323831,1.3208481206103468,32,False
citrus,lactonic,59969,7015,1836,65148,0.028181985632713208,0.575786869782935,33,False
citrus,oud,59969,8298,1764,66503,0.02652511916755635,0.46767257804818824,34,False
citrus,tuberose,59969,3931,1648,62252,0.02647304504272955,0.9222972613693197,35,False
citrus,cinnamon,59969,4259,1541,62687,0.024582449311659513,0.7959975924165655,36,False
citrus,smoky,59969,7407,1478,65898,0.022428601778506176,0.4389841551342187,37,False
citrus,soapy,59969,1720,1239,60450,0.020496277915632754,1.58474582022417,38,False
citrus,caramel,59969,4008,1186,62791,0.018888057205650493,0.6509891221575592,39,False
citrus,salty,59969,2520,1112,61377,0.018117535884777686,0.9707804058551945,40,False
citrus,coconut,59969,3269,1086,62152,0.01747329128587978,0.7308557366651265,41,False
citrus,conifer,59969,1828,1039,60758,0.01710062872378946,1.2504205765247127,42,False
citrus,honey,59969,3467,1004,62432,0.016081496668375193,0.6370838951341089,43,False
citrus,tobacco,59969,4372,995,63346,0.015707384838821708,0.5006793537441737,44,False
citrus,almond,59969,3438,822,62585,0.013134137572900854,0.5259963139186776,45,False
citrus,nutty,59969,3619,585,63003,0.009285272129898577,0.35561824839121653,46,False
citrus,anis,59969,1418,527,60860,0.008659217877094972,0.8176193101743846,47,False
citrus,bitter,59969,1034,517,60486,0.00854743246371061,1.0999849922459937,48,False
citrus,sour,59969,1912,480,61401,0.007817462256315045,0.5522937199561475,49,False
citrus,cacao,59969,2035,429,61575,0.006967113276492083,0.4637774561902028,50,False
citrus,coffee,59969,1815,418,61366,0.006811589479516345,0.5066597540042153,51,False
citrus,camphor,59969,793,378,60384,0.006259936406995231,1.0486616067313634,52,False
citrus,cherry,59969,1803,382,61390,0.006222511809741,0.4661056761375148,53,False
citrus,terpenic,59969,557,342,60184,0.005682573441446232,1.3507894698317051,54,False
citrus,metallic,59969,2235,349,61855,0.005642227790801067,0.343529988629845,55,False
citrus,rum,59969,1166,284,60851,0.004667137762731919,0.5358417457939317,56,False
citrus,chocolate,59969,1554,270,61253,0.004407947365843306,0.3822341671897276,57,False
citrus,mineral,59969,770,225,60514,0.0037181478666093795,0.6428483720918146,58,False
citrus,Champagne,59969,311,190,60090,0.003161923780995174,1.3440331094967126,59,False
citrus,whiskey,59969,808,134,60643,0.0022096532163646257,0.3648465073291167,60,False
citrus,cannabis,59969,388,109,60248,0.0018091886867613862,0.6180328049217182,61,False
citrus,beeswax,59969,349,101,60217,0.0016772672168988824,0.6366675313286267,62,False
coconut,lactonic,3269,7015,1589,8695,0.18274870615296146,9.141655766703654,1,True
coconut,tropical,3269,6512,1317,8464,0.15560018903591682,8.162064547235854,2,True
coconut,nutty,3269,3619,481,6407,0.07507413766193226,5.363955115717317,3,True
coconut,vanilla,3269,34562,2190,35641,0.06144608737128588,2.557254142736187,4,True
coconut,sweet,3269,60625,3039,60855,0.04993837811190535,2.0230545360509375,5,True
coconut,caramel,3269,4008,262,7015,0.03734853884533143,2.6381666156826755,6,True
coconut,fruity,3269,43222,1386,45105,0.030728300631858996,1.294157141205253,7,True
coconut,white floral,3269,39497,1092,41674,0.026203388203676153,1.1158020892162195,8,True
coconut,tuberose,3269,3931,182,7018,0.025933314334568254,1.8685167098182405,9,True
coconut,yellow floral,3269,6986,253,10002,0.02529494101179764,1.4615732360582723,10,True
coconut,powdery,3269,62885,1562,64592,0.024182561307901907,1.0024497367856706,11,False
coconut,almond,3269,3438,156,6551,0.02381315829644329,1.831248862202818,12,False
coconut,marine,3269,4326,171,7424,0.02303340517241379,1.5952848364559438,13,False
coconut,salty,3269,2520,119,5670,0.020987654320987655,1.905790081914279,14,False
coconut,musky,3269,41154,838,43585,0.019226798210393484,0.8217895364497478,15,False
coconut,citrus,3269,59969,1086,62152,0.01747329128587978,0.7308557366651265,16,False
coconut,woody,3269,81432,1272,83429,0.01524649702141941,0.6304064555559793,17,False
coconut,fresh,3269,33478,528,36219,0.014577983931085893,0.6365068170673386,18,False
coconut,aquatic,3269,8872,168,11973,0.014031571034828364,0.7642164652454224,19,False
coconut,floral,3269,46586,685,49170,0.01393125889770185,0.5934222023279667,20,False
coconut,amber,3269,45478,657,48090,0.013661883967560823,0.5830323520026041,21,False
coconut,green,3269,29755,371,32653,0.01136189630355557,0.5032022761186377,22,False
coconut,warm spicy,3269,45319,472,48116,0.009809626735389475,0.42032993656585316,23,False
coconut,aromatic,3269,54606,511,57364,0.008908025939613696,0.377667120688042,24,False
coconut,animalic,3269,18242,181,21330,0.008485700890764182,0.40043752212907,25,False
coconut,balsamic,3269,18162,178,21253,0.00837528819460782,0.3955350487736742,26,False
coconut,fresh spicy,3269,47271,370,50170,0.007374925254135938,0.31588978059049005,27,False
coconut,rose,3269,25617,164,28722,0.005709908780725576,0.2583712709993112,28,False
coffee,cacao,1815,2035,240,3610,0.0664819944598338,8.572623713119581,1,True
coffee,chocolate,1815,1554,159,3210,0.04953271028037383,7.437261346352256,2,True
coffee,warm spicy,1815,45319,1654,45480,0.03636763412489006,2.6529075764535905,3,True
coffee,caramel,1815,4008,204,5619,0.036305392418579815,3.6997245179063363,4,True
coffee,tobacco,1815,4372,160,6027,0.02654720424755268,2.6601538969500376,5,True
coffee,vanilla,1815,34562,888,35489,0.02502183775254304,1.867587820378852,6,True
coffee,smoky,1815,7407,219,9003,0.02432522492502499,2.149159774035506,7,True
coffee,cinnamon,1815,4259,138,5936,0.02324797843665768,2.3552574130814863,8,True
coffee,almond,1815,3438,116,5137,0.022581273116605023,2.4525566629326745,9,True
coffee,lactonic,1815,7015,182,8648,0.021045328399629974,1.8858651963816222,10,True
coffee,nutty,1815,3619,111,5323,0.02085290249859102,2.229468439069283,11,False
coffee,sweet,1815,60625,1136,61304,0.018530601592065772,1.3620514498310188,12,False
coffee,oud,1815,8298,147,9966,0.014750150511739916,1.2876885598242334,13,False
coffee,amber,1815,45478,683,46610,0.014653507830937567,1.0916571897385798,14,False
coffee,patchouli,1815,14822,232,16405,0.014142029868942396,1.1377533136098414,15,False
coffee,balsamic,1815,18162,246,19731,0.012467690436369165,0.984551342781814,16,False
coffee,woody,1815,81432,996,82251,0.012109275267170004,0.8890602025398263,17,False
coffee,soft spicy,1815,13661,173,15303,0.011304972881134419,0.9205143112151117,18,False
coffee,leather,1815,10809,131,12493,0.010485872088369487,0.8809529452932677,19,False
coffee,aromatic,1815,54606,544,55877,0.009735669416754657,0.7241448860451767,20,False
coffee,powdery,1815,62885,601,64099,0.009376121312344967,0.6946952666888769,21,False
coffee,fruity,1815,43222,391,44646,0.008757783452044976,0.657565215551258,22,False
coffee,white floral,1815,39497,351,40961,0.008569126730304437,0.645966416112365,23,False
coffee,fresh spicy,1815,47271,368,48718,0.007553676259288148,0.5658742892295656,24,False
coffee,earthy,1815,19049,144,20720,0.0069498069498069494,0.5494867737791489,25,False
coffee,citrus,1815,59969,418,61366,0.006811589479516345,0.5066597540042153,26,False
coffee,musky,1815,41154,288,42681,0.006747733183383707,0.5086831682810423,27,False
coffee,rose,1815,25617,181,27251,0.006641958093280981,0.5135908048320615,28,False
coffee,animalic,1815,18242,124,19933,0.006220839813374806,0.49410149375264845,29,False
coffee,floral,1815,46586,259,48142,0.005379917743342611,0.40412086583195345,30,False
coffee,green,1815,29755,154,31416,0.004901960784313725,0.37620771655387686,31,False
coffee,fresh,1815,33478,121,35172,0.0034402365518025704,0.26271979608499113,32,False
conifer,sour,1828,1912,176,3564,0.04938271604938271,6.6434267507759355,1,True
conifer,green,1828,29755,1001,30582,0.03273167222549212,2.4279598118404606,2,True
conifer,balsamic,1828,18162,604,19386,0.03115650469410915,2.400162457165838,3,True
conifer,aromatic,1828,54606,1622,54812,0.029592060132817632,2.1437683565844394,4,True
conifer,fresh spicy,1828,47271,1292,47807,0.0270253310184701,1.9725821323457968,5,True
conifer,herbal,1828,8607,236,10199,0.023139523482694383,1.9789169621490217,6,True
conifer,mossy,1828,6173,149,7852,0.018976057055527254,1.7420369499277044,7,True
conifer,woody,1828,81432,1421,81839,0.017363359767348086,1.2594077097632896,8,True
conifer,citrus,1828,59969,1039,60758,0.01710062872378946,1.2504205765247127,9,True
conifer,fresh,1828,33478,591,34715,0.01702434106294109,1.2740760351714695,10,True
conifer,earthy,1828,19049,313,20564,0.015220774168449717,1.1858766743787443,11,False
conifer,smoky,1828,7407,126,9109,0.013832473377977824,1.227709373030834,12,False
conifer,lavender,1828,8336,120,10044,0.011947431302270013,1.0389410618361423,13,False
conifer,sweet,1828,60625,702,61751,0.011368236951628313,0.8357044823930159,14,False
conifer,amber,1828,45478,447,46859,0.009539256066070551,0.7093711745395831,15,False
conifer,leather,1828,10809,108,12529,0.008620001596296592,0.721116793627484,16,False
conifer,warm spicy,1828,45319,395,46752,0.008448836413415468,0.6290485251088769,17,False
conifer,musky,1828,41154,238,42744,0.005568032940295714,0.4173806152032463,18,False
conifer,powdery,1828,62885,292,64421,0.004532683441734838,0.3351221682314405,19,False
conifer,fruity,1828,43222,190,44860,0.0042353990191707535,0.31726057936902424,20,False
conifer,floral,1828,46586,203,48211,0.004210657318869138,0.31449082992880817,21,False
conifer,white floral,1828,39497,166,41159,0.004033139775018829,0.30332719505771955,22,False
conifer,rose,1828,25617,101,27344,0.0036936805149210064,0.2845512361056051,23,False
conifer,vanilla,1828,34562,129,36261,0.0035575411599238853,0.2693755755837636,24,False
earthy,mossy,19049,6173,4715,20507,0.22992149022285074,5.290013748424104,1,True
earthy,woody,19049,81432,17184,83297,0.20629794590441433,1.4615058003343386,2,True
earthy,patchouli,19049,14822,5618,28253,0.19884614023289562,2.625102747787933,3,True
earthy,aromatic,19049,54606,11309,62346,0.18139094729413274,1.4343502714996137,4,True
earthy,warm spicy,19049,45319,8407,55961,0.15022962420256963,1.2847898879942692,5,True
earthy,fresh spicy,19049,47271,7661,58659,0.13060229461804668,1.1224372039335455,6,True
earthy,iris,19049,7451,3054,23446,0.13025676021496205,2.8387415204573214,7,True
earthy,citrus,19049,59969,7888,71130,0.110895543371292,0.9109855235273662,8,True
earthy,green,19049,29755,4698,44106,0.10651612025574751,1.0935142288724145,9,True
earthy,amber,19049,45478,5637,58890,0.0957208354559348,0.8584560350585277,10,True
earthy,powdery,19049,62885,6983,74951,0.09316753612360075,0.7690708619856276,11,False
earthy,balsamic,19049,18162,3132,34079,0.09190410516740515,1.1943440839884996,12,False
earthy,leather,19049,10809,2010,27848,0.07217753519103706,1.2878993417023894,13,False
earthy,musky,19049,41154,3983,56220,0.07084667378157239,0.6703006396083521,14,False
earthy,violet,19049,7614,1726,24937,0.06921442033925493,1.569998724343864,15,False
earthy,white floral,19049,39497,3694,54852,0.06734485524684605,0.6477451378774584,16,False
earthy,floral,19049,46586,3946,61689,0.0639660231159526,0.5866418468201174,17,False
earthy,rose,19049,25617,2638,42028,0.06276767869039687,0.7132107878262677,18,False
earthy,lavender,19049,8336,1400,25985,0.05387723686742352,1.1631660303476365,19,False
earthy,sweet,19049,60625,3942,75732,0.05205197274599905,0.4503355675785671,20,False
earthy,fruity,19049,43222,3072,59199,0.05189276845892667,0.4922522761725197,21,False
earthy,herbal,19049,8607,1356,26300,0.05155893536121673,1.0911369608868222,22,False
earthy,fresh,19049,33478,2514,50013,0.05026693059804451,0.5200883778867665,23,False
earthy,oud,19049,8298,1209,26138,0.04625449537072462,1.0090768690419618,24,False
earthy,animalic,19049,18242,1638,35653,0.04594283790985331,0.6218889307040972,25,False
earthy,soft spicy,19049,13661,1390,31320,0.04438058748403576,0.704699055720627,26,False
earthy,vanilla,19049,34562,2095,51516,0.040666977249786476,0.4198136372049546,27,False
earthy,smoky,19049,7407,1016,25440,0.03993710691823899,0.9499981158210906,28,False
earthy,tobacco,19049,4372,570,22851,0.02494420375475909,0.9029549497643122,29,False
earthy,aquatic,19049,8872,662,27259,0.024285557063722072,0.5167825456639966,30,False
earthy,ozonic,19049,5777,574,24252,0.02366815108032327,0.6881465002390408,31,False
earthy,yellow floral,19049,6986,568,25467,0.022303372992500098,0.5631072709152434,32,False
earthy,metallic,19049,2235,429,20855,0.020570606569168065,1.329386136283643,33,False
earthy,marine,19049,4326,448,22927,0.019540280019191347,0.7172373206826,34,False
earthy,aldehydic,19049,3556,356,22249,0.0160007191334442,0.6933613454756814,35,False
earthy,conifer,19049,1828,313,20564,0.015220774168449717,1.1858766743787443,36,False
earthy,cinnamon,19049,4259,333,22975,0.014494015233949945,0.5415118615452387,37,False
earthy,tuberose,19049,3931,256,22724,0.011265622249603943,0.4510329831410296,38,False
earthy,tropical,19049,6512,224,25337,0.00884082566996882,0.23823469358668056,39,False
earthy,salty,19049,2520,182,21387,0.008509842427642961,0.500198318955209,40,False
earthy,caramel,19049,4008,183,22874,0.008000349742065227,0.3162239487637146,41,False
earthy,honey,19049,3467,176,22340,0.007878245299910474,0.3515848937121658,42,False
earthy,lactonic,19049,7015,195,25869,0.007537979821407863,0.192521092113908,43,False
earthy,cacao,19049,2035,151,20933,0.00721349066067931,0.5139062675941253,44,False
earthy,coffee,19049,1815,144,20720,0.0069498069498069494,0.5494867737791489,45,False
earthy,mineral,19049,770,133,19686,0.006756070303769176,1.1962784970816889,46,False
earthy,camphor,19049,793,130,19712,0.006594967532467532,1.135380799646124,47,False
earthy,nutty,19049,3619,147,22521,0.006527241241507926,0.2813196913629951,48,False
earthy,anis,19049,1418,131,20336,0.006441778127458694,0.6398327200262466,49,False
earthy,bitter,19049,1034,112,19971,0.005608131791097091,0.7501858436346537,50,False
earthy,chocolate,19049,1554,108,20495,0.005269577945840449,0.4813313196955383,51,False
earthy,almond,19049,3438,117,22370,0.005230219043361645,0.23569554296318754,52,False
floral,powdery,46586,62885,24536,84935,0.2888797315594278,1.1049556267757163,1,True
floral,fresh,46586,33478,17236,62828,0.2743362831858407,1.4580255029367966,2,True
floral,white floral,46586,39497,18198,67885,0.26807100243058113,1.3048112448679157,3,True
floral,rose,46586,25617,15238,56965,0.2674975862371632,1.6845652633074955,4,True
floral,citrus,46586,59969,22125,84430,0.2620514035295511,1.0448275427571636,5,True
floral,fruity,46586,43222,18543,71265,0.26019785308356136,1.2149636353006872,6,True
floral,sweet,46586,60625,21498,85713,0.2508137622064331,1.0042329039165343,7,True
floral,woody,46586,81432,24145,103873,0.23244731547177805,0.8396924503370942,8,True
floral,musky,46586,41154,15892,71848,0.22118917715176484,1.0935902843542513,9,True
floral,green,46586,29755,11279,65062,0.17335772032830224,1.0734919254969981,10,True
floral,fresh spicy,46586,47271,12985,80872,0.16056237016519934,0.777920657659754,11,False
floral,aromatic,46586,54606,13681,87511,0.15633463221766405,0.7095215950844657,12,False
floral,amber,46586,45478,11066,80998,0.13662065730018025,0.6890923817934081,13,False
floral,vanilla,46586,34562,9608,71540,0.1343024881185351,0.7872674009628086,14,False
floral,warm spicy,46586,45319,9201,82704,0.11125217643644805,0.574966911696454,15,False
floral,animalic,46586,18242,5777,59051,0.09783068872669387,0.8968463732488899,16,False
floral,soft spicy,46586,13661,4876,55371,0.08806053710426036,1.010809571581711,17,False
floral,violet,46586,7614,4104,50096,0.08192270839987224,1.5264501282307745,18,False
floral,aquatic,46586,8872,4020,51438,0.07815233873789805,1.2831950039209217,19,False
floral,yellow floral,46586,6986,3641,49931,0.07292063047004867,1.4759792014126811,20,False
floral,earthy,46586,19049,3946,61689,0.0639660231159526,0.5866418468201174,21,False
floral,tropical,46586,6512,2816,50282,0.05600413666918579,1.2246342422790282,22,False
floral,patchouli,46586,14822,3121,58287,0.053545387479197765,0.5963141293164526,23,False
floral,iris,46586,7451,2703,51334,0.052655160322593215,1.0273528318729692,24,False
floral,lactonic,46586,7015,2642,50959,0.05184560136580388,1.0665796126135436,25,False
floral,balsamic,46586,18162,3132,61616,0.05083095299922098,0.4883669011268821,26,False
floral,ozonic,46586,5777,2264,50099,0.045190522764925446,1.109844655608768,27,False
floral,herbal,46586,8607,2362,52831,0.044708599117942116,0.7771703625663224,28,False
floral,honey,46586,3467,1875,48178,0.038918178421686246,1.5315654845346767,29,False
floral,oud,46586,8298,1801,53083,0.033927999547877855,0.6146507592397837,30,False
floral,lavender,46586,8336,1614,53308,0.030276881518721394,0.5483198452526618,31,False
floral,almond,46586,3438,1399,48625,0.02877120822622108,1.152391330044527,32,False
floral,leather,46586,10809,1596,55799,0.028602663130163623,0.418153282421253,33,False
floral,aldehydic,46586,3556,1353,48789,0.027731660825186005,1.077517133062613,34,False
floral,tuberose,46586,3931,1343,49174,0.02731118070525074,0.9675225790684177,35,False
floral,mossy,46586,6173,1305,51454,0.02536245967271738,0.5986905109796987,36,False
floral,nutty,46586,3619,977,49228,0.019846428861623466,0.7645292764600821,37,False
floral,marine,46586,4326,984,49928,0.01970838006729691,0.6441644055261047,38,False
floral,soapy,46586,1720,857,47449,0.018061497607958017,1.4110438658584923,39,False
floral,smoky,46586,7407,948,53045,0.017871618437175982,0.36245503140761437,40,False
floral,caramel,46586,4008,744,49850,0.014924774322968907,0.525694414631005,41,False
floral,sour,46586,1912,701,47797,0.014666192438855995,1.0382890409908196,42,False
floral,coconut,46586,3269,685,49170,0.01393125889770185,0.5934222023279667,43,False
floral,tobacco,46586,4372,666,50292,0.013242662848962061,0.43140206138837794,44,False
floral,cherry,46586,1803,551,47838,0.011518040051841632,0.8654540452489791,45,False
floral,salty,46586,2520,545,48561,0.011222997878956364,0.6124689855048762,46,False
floral,cinnamon,46586,4259,547,50298,0.010875183903932563,0.36372053929157744,47,False
floral,anis,46586,1418,500,47504,0.010525429437521052,0.9985778156806251,48,False
floral,metallic,46586,2235,414,48407,0.008552482079038156,0.524579063848718,49,False
floral,bitter,46586,1034,304,47316,0.006424887987150224,0.8326091608531497,50,False
floral,cacao,46586,2035,275,48346,0.0056881644810325566,0.38269820071219635,51,False
floral,coffee,46586,1815,259,48142,0.005379917743342611,0.40412086583195345,52,False
floral,chocolate,46586,1554,228,47912,0.0047587243279345465,0.4155009036303846,53,False
floral,conifer,46586,1828,203,48211,0.004210657318869138,0.31449082992880817,54,False
floral,mineral,46586,770,165,47191,0.0034964294039117627,0.6068500039864828,55,False
floral,savory,46586,654,148,47092,0.003142784337042385,0.6408731948318004,56,False
floral,camphor,46586,793,132,47247,0.0027938281795669567,0.47139924647625897,57,False
floral,Champagne,46586,311,129,46768,0.0027582962709544988,1.1746742842439313,58,False
floral,rum,46586,1166,126,47626,0.0026456137403939027,0.3060272747376088,59,False
floral,terpenic,46586,557,100,47043,0.002125714771591948,0.5084320799407994,60,False
fresh,floral,33478,46586,17236,62828,0.2743362831858407,1.4580255029367966,1,True
fresh,fruity,33478,43222,15779,60921,0.2590075671771639,1.4386616754517636,2,True
fresh,citrus,33478,59969,18826,74621,0.2522882298548666,1.237129904057774,3,True
fresh,green,33478,29755,12621,50612,0.24936773887615585,1.6715442176383835,4,True
fresh,white floral,33478,39497,13098,59877,0.2187484342902951,1.3068475665700738,5,True
fresh,fresh spicy,33478,47271,12655,68094,0.18584603636150027,1.054997467619332,6,True
fresh,sweet,33478,60625,14194,79909,0.17762705077025115,0.9226502562384407,7,True
fresh,woody,33478,81432,16861,98049,0.17196503788921866,0.8159664164804442,8,True
fresh,powdery,33478,62885,13829,82534,0.16755518937649938,0.866618126753441,9,True
fresh,aromatic,33478,54606,12497,75587,0.165332663024065,0.9018814667822587,10,True
fresh,musky,33478,41154,10255,64377,0.15929602187116518,0.9819913649408019,11,False
fresh,rose,33478,25617,7120,51975,0.136988936988937,1.0953067971221084,12,False
fresh,aquatic,33478,8872,4963,37387,0.1327466766523123,2.2044832303366957,13,False
fresh,amber,33478,45478,6450,72506,0.08895815518715693,0.5589106880518688,14,False
fresh,tropical,33478,6512,3149,36841,0.08547542140549931,1.9056464324438815,15,False
fresh,vanilla,33478,34562,5070,62970,0.08051453072891854,0.5780869305093332,16,False
fresh,ozonic,33478,5777,2658,36597,0.07262890400852529,1.8131622416320923,17,False
fresh,warm spicy,33478,45319,5060,73737,0.06862226561970246,0.44000160027473745,18,False
fresh,animalic,33478,18242,3224,48496,0.06647970966677665,0.6964767754999546,19,False
fresh,soft spicy,33478,13661,2844,44295,0.06420589231290214,0.8204104019461036,20,False
fresh,aldehydic,33478,3556,2137,34897,0.06123735564661719,2.3682460808505037,21,False
fresh,violet,33478,7614,2223,38869,0.05719210682034526,1.15056364597505,22,False
fresh,earthy,33478,19049,2514,50013,0.05026693059804451,0.5200883778867665,23,False
fresh,herbal,33478,8607,1899,40186,0.0472552630269248,0.8694752400930607,24,False
fresh,lactonic,33478,7015,1428,39065,0.03655446051452707,0.8022035683735581,25,False
fresh,yellow floral,33478,6986,1267,39197,0.032323902339464756,0.7147136737181873,26,False
fresh,patchouli,33478,14822,1495,46805,0.03194103194103194,0.3974828921337152,27,False
fresh,soapy,33478,1720,1049,34149,0.03071832264487979,2.403427901975195,28,False
fresh,balsamic,33478,18162,1489,50151,0.029690335187733046,0.3230837267678822,29,False
fresh,marine,33478,4326,1085,36719,0.029548734987336258,0.9883875823585831,30,False
fresh,lavender,33478,8336,1146,40668,0.028179403953968722,0.5417650305543423,31,False
fresh,mossy,33478,6173,1008,38643,0.02608493129415418,0.643499646331616,32,False
fresh,iris,33478,7451,959,39970,0.023992994746059544,0.5072103431328141,33,False
fresh,sour,33478,1912,814,34576,0.02354234150856085,1.6777242208147185,34,False
fresh,leather,33478,10809,873,43414,0.020108720689178607,0.3182825173219501,35,False
fresh,salty,33478,2520,608,35390,0.01717999434868607,0.9507954524980632,36,False
fresh,conifer,33478,1828,591,34715,0.01702434106294109,1.2740760351714695,37,False
fresh,tuberose,33478,3931,566,36843,0.015362484053958689,0.5674106000411027,38,False
fresh,smoky,33478,7407,608,40277,0.015095463912406584,0.32347840425207497,39,False
fresh,caramel,33478,4008,546,36940,0.014780725500812128,0.5368450922994206,40,False
fresh,coconut,33478,3269,528,36219,0.014577983931085893,0.6365068170673386,41,False
fresh,cinnamon,33478,4259,475,37262,0.012747571252214053,0.4395112813114726,42,False
fresh,oud,33478,8298,518,41258,0.012555140821174076,0.24600299054957595,43,False
fresh,honey,33478,3467,452,36493,0.012385937029019264,0.513769892545786,44,False
fresh,cherry,33478,1803,373,34908,0.01068522974676292,0.8152619296148228,45,False
fresh,nutty,33478,3619,376,36721,0.010239372566106587,0.40943344844414203,46,False
fresh,almond,33478,3438,336,36580,0.00918534718425369,0.38513896808270953,47,False
fresh,tobacco,33478,4372,284,37566,0.0075600276846084224,0.25598955428226494,48,False
fresh,bitter,33478,1034,224,34288,0.006532897806812879,0.8537122967558706,49,False
fresh,terpenic,33478,557,211,33824,0.006238174077578051,1.4928333116858115,50,False
fresh,anis,33478,1418,187,34709,0.005387651617736034,0.5196960705348379,51,False
fresh,metallic,33478,2235,189,35524,0.005320346807791915,0.33324860040310955,52,False
fresh,mineral,33478,770,179,34069,0.0052540432651383955,0.9161073408937678,53,False
fresh,camphor,33478,793,140,34131,0.004101842899416952,0.6957270766437345,54,False
fresh,cacao,33478,2035,133,35380,0.0037591859807801016,0.25755577060911905,55,False
fresh,chocolate,33478,1554,125,34907,0.0035809436502707193,0.3169881709519681,56,False
fresh,coffee,33478,1815,121,35172,0.0034402365518025704,0.26271979608499113,57,False
fresh,savory,33478,654,111,34021,0.0032626906910437673,0.6688508570053674,58,False
fresh,rum,33478,1166,102,34542,0.0029529268716345317,0.344735238430563,59,False
fresh spicy,aromatic,47271,54606,33821,68056,0.4969583872105325,1.7286013680561934,1,True
fresh spicy,citrus,47271,59969,29822,77418,0.3852075744658865,1.3879017765124506,2,True
fresh spicy,woody,47271,81432,32141,96562,0.33285350344856157,1.101572425498701,3,True
fresh spicy,warm spicy,47271,45319,18101,74489,0.24300232249056908,1.1147334232150943,4,True
fresh spicy,green,47271,29755,14648,62378,0.2348263810958992,1.373938044608135,5,True
fresh spicy,amber,47271,45478,16002,76747,0.20850326397123015,0.9820230495404665,6,True
fresh spicy,fresh,47271,33478,12655,68094,0.18584603636150027,1.054997467619332,7,True
fresh spicy,powdery,47271,62885,16835,93321,0.1803988384179338,0.7471620898487588,8,True
fresh spicy,floral,47271,46586,12985,80872,0.16056237016519934,0.777920657659754,9,True
fresh spicy,musky,47271,41154,12139,76286,0.1591248721914899,0.823227047405069,10,True
fresh spicy,sweet,47271,60625,13591,94305,0.14411749111924077,0.6256744687955192,11,False
fresh spicy,herbal,47271,8607,6708,49170,0.13642464917632702,2.1751540672328598,12,False
fresh spicy,white floral,47271,39497,10353,76415,0.13548387096774195,0.7315615589719082,13,False
fresh spicy,earthy,47271,19049,7661,58659,0.13060229461804668,1.1224372039335455,14,False
fresh spicy,lavender,47271,8336,6224,49383,0.12603527529716704,2.0838221532389447,15,False
fresh spicy,fruity,47271,43222,9935,80558,0.12332729213734205,0.6415223408170733,16,False
fresh spicy,rose,47271,25617,7176,65712,0.10920379839298758,0.781813084340766,17,False
fresh spicy,vanilla,47271,34562,7128,74705,0.0954153001807108,0.5755957755451014,18,False
fresh spicy,balsamic,47271,18162,5217,60216,0.08663810282981267,0.8016890247648607,19,False
fresh spicy,oud,47271,8298,4104,51465,0.0797435150102011,1.3803292604037705,20,False
fresh spicy,patchouli,47271,14822,4562,57531,0.07929637934331056,0.8590080716989216,21,False
fresh spicy,animalic,47271,18242,4203,61310,0.06855325395530909,0.6430366277745686,22,False
fresh spicy,leather,47271,10809,3723,54357,0.0684916386114024,0.9612941337947636,23,False
fresh spicy,soft spicy,47271,13661,3856,57076,0.06755904408157544,0.7877770174802611,24,False
fresh spicy,mossy,47271,6173,2602,50842,0.051178159789150704,1.1764129266230499,25,False
fresh spicy,smoky,47271,7407,2393,52285,0.04576838481400019,0.9016731275935097,26,False
fresh spicy,aquatic,47271,8872,2430,53713,0.04524044458510975,0.7644225907754911,27,False
fresh spicy,ozonic,47271,5777,1900,51148,0.03714710252600297,0.917909798981793,28,False
fresh spicy,cinnamon,47271,4259,1654,49876,0.033162242361055416,1.0838686075331831,29,False
fresh spicy,marine,47271,4326,1641,49956,0.03284890703819361,1.0586949430865926,30,False
fresh spicy,iris,47271,7451,1455,53267,0.02731522330899056,0.5450008788777505,31,False
fresh spicy,conifer,47271,1828,1292,47807,0.0270253310184701,1.9725821323457968,32,False
fresh spicy,aldehydic,47271,3556,1328,49499,0.026828824824743934,1.0422816586906138,33,False
fresh spicy,tobacco,47271,4372,1299,50344,0.025802478944859368,0.8292352790995866,34,False
fresh spicy,violet,47271,7614,1323,53562,0.024700347261117958,0.4849486385352242,35,False
fresh spicy,yellow floral,47271,6986,1301,52956,0.024567565526097138,0.5197535783026114,36,False
fresh spicy,tropical,47271,6512,963,52820,0.018231730405149565,0.4127248971207212,37,False
fresh spicy,salty,47271,2520,770,49021,0.015707553905469084,0.8527838303493568,38,False
fresh spicy,bitter,47271,1034,688,47617,0.0144486212907155,1.857020389492955,39,False
fresh spicy,lactonic,47271,7015,712,53574,0.013290028745286894,0.28327033162074405,40,False
fresh spicy,metallic,47271,2235,640,48866,0.01309704088732452,0.7991921680394216,41,False
fresh spicy,honey,47271,3467,616,50122,0.012290012369817645,0.49587891606123546,42,False
fresh spicy,tuberose,47271,3931,571,50631,0.011277675732258893,0.40539821966793965,43,False
fresh spicy,camphor,47271,793,530,47534,0.011149913745950268,1.8653118747066064,44,False
fresh spicy,anis,47271,1418,532,48157,0.011047199784039704,1.047090391002108,45,False
fresh spicy,sour,47271,1912,458,48725,0.009399692149820421,0.6685384078927441,46,False
fresh spicy,soapy,47271,1720,419,48572,0.008626369101539981,0.6798832609402589,47,False
fresh spicy,caramel,47271,4008,430,50849,0.008456410155558614,0.2994260046681193,48,False
fresh spicy,coffee,47271,1815,368,48718,0.007553676259288148,0.5658742892295656,49,False
fresh spicy,coconut,47271,3269,370,50170,0.007374925254135938,0.31588978059049005,50,False
fresh spicy,cacao,47271,2035,325,48981,0.006635225903921929,0.44572574559247147,51,False
fresh spicy,nutty,47271,3619,323,50567,0.0063875650127553545,0.24909368181321612,52,False
fresh spicy,almond,47271,3438,305,50404,0.006051107054995636,0.2475954957225643,53,False
fresh spicy,terpenic,47271,557,274,47554,0.0057618707153972324,1.3729165501168688,54,False
fresh spicy,mineral,47271,770,222,47819,0.0046425061168154915,0.804657422922321,55,False
fresh spicy,rum,47271,1166,219,48218,0.0045418723298353315,0.5241967658252245,56,False
fresh spicy,chocolate,47271,1554,195,48630,0.004009870450339297,0.35021308582265614,57,False
fresh spicy,whiskey,47271,808,162,47917,0.0033808460462883736,0.5595674278349965,58,False
fresh spicy,cherry,47271,1803,165,48909,0.0033736122186100717,0.25540946666037306,59,False
fresh spicy,cannabis,47271,388,149,47510,0.0031361818564512732,1.0717742422666237,60,False
fruity,sweet,43222,60625,31001,72846,0.42556900859347113,1.5608553414235877,1,True
fruity,floral,43222,46586,18543,71265,0.26019785308356136,1.2149636353006872,2,True
fruity,fresh,43222,33478,15779,60921,0.2590075671771639,1.4386616754517636,3,True
fruity,powdery,43222,62885,20312,85795,0.23675039337956758,0.985926014615362,4,True
fruity,woody,43222,81432,23528,101126,0.23266024563415935,0.8819188263005987,5,True
fruity,citrus,43222,59969,19255,83936,0.22940097216927183,0.9800662174677993,6,True
fruity,white floral,43222,39497,14413,68306,0.2110063537610166,1.1138558242604466,7,True
fruity,vanilla,43222,34562,12397,65387,0.1895942618563323,1.0948545782950374,8,True
fruity,musky,43222,41154,13110,71266,0.18395868997839082,0.9723650531412199,9,True
fruity,rose,43222,25617,9905,58934,0.16806936573115688,1.1802252859742683,10,True
fruity,green,43222,29755,9513,63464,0.14989600403378292,0.9758796136395652,11,False
fruity,amber,43222,45478,10902,77798,0.14013213707293246,0.7317176379929051,12,False
fruity,aromatic,43222,54606,11272,86556,0.13022782938213412,0.6300852582407455,13,False
fruity,fresh spicy,43222,47271,9935,80558,0.12332729213734205,0.6415223408170733,14,False
fruity,tropical,43222,6512,5314,44420,0.11963079693831608,2.4908401735307013,15,False
fruity,warm spicy,43222,45319,9059,79482,0.1139754913062077,0.6101528509345209,16,False
fruity,aquatic,43222,8872,4148,47946,0.08651399491094147,1.427104968043234,17,False
fruity,soft spicy,43222,13661,4461,52422,0.08509785967723475,0.996755028592812,18,False
fruity,animalic,43222,18242,4003,57461,0.06966464210507997,0.6698103316705708,19,False
fruity,lactonic,43222,7015,3237,47000,0.06887234042553192,1.4084898687948737,20,False
fruity,patchouli,43222,14822,3692,54352,0.0679275831616132,0.7603150494313714,21,False
fruity,earthy,43222,19049,3072,59199,0.05189276845892667,0.4922522761725197,22,False
fruity,violet,43222,7614,2342,48494,0.048294634387759314,0.9388856940405912,23,False
fruity,balsamic,43222,18162,2685,58699,0.04574183546568085,0.45125218948975515,24,False
fruity,ozonic,43222,5777,2094,46905,0.044643428205948195,1.106402155596413,25,False
fruity,leather,43222,10809,2234,51797,0.043129910998706486,0.6308648862397376,26,False
fruity,almond,43222,3438,1890,44770,0.042215769488496764,1.6780103500713837,27,False
fruity,nutty,43222,3619,1877,44964,0.041744506716484296,1.5831220320610575,28,False
fruity,sour,43222,1912,1756,43378,0.04048134999308405,2.803337115822583,29,False
fruity,caramel,43222,4008,1722,45508,0.037839500747121384,1.3114270510388228,30,False
fruity,yellow floral,43222,6986,1822,48386,0.03765552019179101,0.7960832656408622,31,False
fruity,iris,43222,7451,1657,49016,0.03380528806920189,0.6788075255645353,32,False
fruity,coconut,43222,3269,1386,45105,0.030728300631858996,1.294157141205253,33,False
fruity,oud,43222,8298,1467,50053,0.029308932531516594,0.5396291315852948,34,False
fruity,cherry,43222,1803,1207,43818,0.027545757451275733,2.0433852155106913,35,False
fruity,tuberose,43222,3931,1151,46002,0.025020651276031477,0.8937395631065476,36,False
fruity,mossy,43222,6173,1193,48202,0.024750010373013567,0.5899060769993993,37,False
fruity,honey,43222,3467,1060,45629,0.023230840035942054,0.9332343743745858,38,False
fruity,herbal,43222,8607,1143,50686,0.022550605689934104,0.4053527566766076,39,False
fruity,smoky,43222,7407,1116,49513,0.02253953507159736,0.4598969754219829,40,False
fruity,aldehydic,43222,3556,1005,45773,0.021956175037685974,0.8626666579569137,41,False
fruity,lavender,43222,8336,1070,50488,0.02119315480906354,0.3918003098940781,42,False
fruity,tobacco,43222,4372,949,46645,0.020345160252974594,0.6625593126031214,43,False
fruity,cinnamon,43222,4259,900,46581,0.01932118245636633,0.6450205820218715,44,False
fruity,marine,43222,4326,900,46648,0.019293431658377637,0.6350306654718333,45,False
fruity,cacao,43222,2035,495,44762,0.011058487109601894,0.742470988873284,46,False
fruity,chocolate,43222,1554,465,44311,0.01049400825980005,0.9133571688520558,47,False
fruity,terpenic,43222,557,409,43370,0.009430481899930827,2.241335223343189,48,False
fruity,salty,43222,2520,415,45327,0.009155690868577229,0.5026738110295095,49,False
fruity,coffee,43222,1815,391,44646,0.008757783452044976,0.657565215551258,50,False
fruity,bitter,43222,1034,347,43909,0.007902707873101187,1.0243482727427566,51,False
fruity,rum,43222,1166,341,44047,0.007741730424319477,0.8926773838969149,52,False
fruity,metallic,43222,2235,301,45156,0.0066657808486136946,0.41108125294962783,53,False
fruity,whiskey,43222,808,256,43774,0.005848220404806506,0.9670909250010652,54,False
fruity,soapy,43222,1720,242,44700,0.005413870246085011,0.429462870437428,55,False
fruity,anis,43222,1418,211,44429,0.004749150329739584,0.4541976970799035,56,False
fruity,Champagne,43222,311,204,43329,0.004708163124004708,2.002204724550035,57,False
fruity,conifer,43222,1828,190,44860,0.0042353990191707535,0.31726057936902424,58,False
fruity,savory,43222,654,164,43712,0.003751830161054173,0.7654288074215235,59,False
fruity,mineral,43222,770,146,43846,0.0033298362450394563,0.578763099840329,60,False
fruity,wine,43222,236,130,43328,0.0030003692762186115,1.6813961659512693,61,False
fruity,gourmand,43222,151,106,43267,0.0024499040839438832,2.14273084500443,62,False
gourmand,fruity,151,43222,106,43267,0.0024499040839438832,2.14273084500443,1,True
gourmand,sweet,151,60625,138,60638,0.0022758006530558396,1.988812999248993,2,True
green,aromatic,29755,54606,17440,66921,0.2606057889152882,1.4160863080920412,1,True
green,fresh,29755,33478,12621,50612,0.24936773887615585,1.6715442176383835,2,True
green,fresh spicy,29755,47271,14648,62378,0.2348263810958992,1.373938044608135,3,True
green,citrus,29755,59969,16172,73552,0.21987165542745268,1.1956953315141798,4,True
green,woody,29755,81432,17714,93473,0.18950927005659388,0.964506473429923,5,True
green,floral,29755,46586,11279,65062,0.17335772032830224,1.0734919254969981,6,True
green,white floral,29755,39497,10231,59021,0.1733450805645448,1.1485174089720156,7,True
green,fruity,29755,43222,9513,63464,0.14989600403378292,0.9758796136395652,8,True
green,powdery,29755,62885,10198,82442,0.12369908541762693,0.7190375156620498,9,True
green,sweet,29755,60625,9818,80562,0.12186887117996077,0.7180503264633684,10,True
green,musky,29755,41154,7647,63262,0.12087825234738074,0.8238775043572173,11,False
green,earthy,29755,19049,4698,44106,0.10651612025574751,1.0935142288724145,12,False
green,herbal,29755,8607,3200,35162,0.09100733746658324,1.6484727907554233,13,False
green,rose,29755,25617,4473,50899,0.0878799190553842,0.7742019087882658,14,False
green,amber,29755,45478,6036,69197,0.08722921513938466,0.588479693831033,15,False
green,aquatic,29755,8872,3071,35556,0.08637079536505794,1.5347650158894572,16,False
green,warm spicy,29755,45319,5526,69548,0.07945591533904642,0.5406474639723159,17,False
green,ozonic,29755,5777,2525,33007,0.07649892447056685,1.9379502449276558,18,False
green,animalic,29755,18242,3021,44976,0.0671691568836713,0.7342803085189133,19,False
green,soft spicy,29755,13661,2712,40704,0.06662735849056604,0.8802191274615371,20,False
green,yellow floral,29755,6986,1862,34879,0.05338455804352189,1.1817747408781603,21,False
green,vanilla,29755,34562,3195,61122,0.052272504171983904,0.4098789400710318,22,False
green,mossy,29755,6173,1702,34226,0.0497282767486706,1.222494423177261,23,False
green,lavender,29755,8336,1779,36312,0.048992068737607405,0.9462411920640444,24,False
green,balsamic,29755,18162,2042,45875,0.04451226158038147,0.4985120657672131,25,False
green,tuberose,29755,3931,1267,32419,0.03908201980320183,1.4290820980515813,26,False
green,patchouli,29755,14822,1578,42999,0.03669852787274123,0.47204543034067564,27,False
green,leather,29755,10809,1342,39222,0.03421549130589975,0.5504914864367323,28,False
green,conifer,29755,1828,1001,30582,0.03273167222549212,2.4279598118404606,29,False
green,lactonic,29755,7015,1157,35613,0.032488136354701935,0.7312894219399029,30,False
green,marine,29755,4326,972,33109,0.029357576489776195,0.9962385836620892,31,False
green,violet,29755,7614,1062,36307,0.02925055774368579,0.6184366971718999,32,False
green,aldehydic,29755,3556,941,32370,0.029070126660488107,1.1733065063220651,33,False
green,iris,29755,7451,976,36230,0.02693900082804306,0.5807896415997501,34,False
green,smoky,29755,7407,948,36214,0.026177721323245154,0.5674787461991303,35,False
green,tropical,29755,6512,818,35449,0.023075404101667182,0.5569580938846609,36,False
green,soapy,29755,1720,702,30773,0.02281220550482566,1.809640357493171,37,False
green,tobacco,29755,4372,576,33551,0.01716789365443653,0.5841520941916164,38,False
green,honey,29755,3467,558,32664,0.017083027185892725,0.7136149916171957,39,False
green,oud,29755,8298,599,37454,0.01599295135366049,0.3200641261715596,40,False
green,sour,29755,1912,425,31242,0.013603482491517828,0.9855635879909076,41,False
green,salty,29755,2520,431,31844,0.013534731817610854,0.7583336667440179,42,False
green,bitter,29755,1034,410,30379,0.013496165114059055,1.7581135690017802,43,False
green,cinnamon,29755,4259,435,33579,0.012954525149647102,0.45286131646688543,44,False
green,nutty,29755,3619,375,32999,0.011363980726688688,0.4594373438157962,45,False
green,coconut,29755,3269,371,32653,0.01136189630355557,0.5032022761186377,46,False
green,camphor,29755,793,273,30275,0.009017341040462428,1.5264165548702382,47,False
green,caramel,29755,4008,301,33462,0.008995278226047457,0.33298325211449054,48,False
green,cannabis,29755,388,251,29892,0.008396895490432222,2.868306808004199,49,False
green,anis,29755,1418,254,30919,0.0082150134221676,0.7942205017516109,50,False
green,almond,29755,3438,253,32940,0.0076806314511232545,0.3262858623689352,51,False
green,mineral,29755,770,149,30376,0.004905188306557809,0.8579839249978722,52,False
green,coffee,29755,1815,154,31416,0.004901960784313725,0.37620771655387686,53,False
green,metallic,29755,2235,150,31840,0.004711055276381909,0.297575614723824,54,False
green,cherry,29755,1803,129,31429,0.004104489484234306,0.3172324398561631,55,False
green,cacao,29755,2035,123,31667,0.0038841696403195754,0.2679935278154065,56,False
green,chocolate,29755,1554,106,31203,0.0033971092523154825,0.30243946325277193,57,False
green,rum,29755,1166,100,30821,0.00324454105966711,0.3802638644412502,58,False
herbal,lavender,8607,8336,2165,14778,0.14650155636757342,3.980997952387547,1,True
herbal,fresh spicy,8607,47271,6708,49170,0.13642464917632702,2.1751540672328598,2,True
herbal,aromatic,8607,54606,7565,55648,0.13594378953421507,2.123539418629234,3,True
herbal,green,8607,29755,3200,35162,0.09100733746658324,1.6484727907554233,4,True
herbal,citrus,8607,59969,4359,64217,0.06787922201286264,1.1141709262693824,5,True
herbal,soft spicy,8607,13661,1346,20922,0.0643341936717331,1.5102690693053349,6,True
herbal,woody,8607,81432,5194,84845,0.061217514290765516,0.977684214955001,7,True
herbal,earthy,8607,19049,1356,26300,0.05155893536121673,1.0911369608868222,8,True
herbal,warm spicy,8607,45319,2634,51292,0.05135303751072292,0.8908964160964175,9,True
herbal,fresh,8607,33478,1899,40186,0.0472552630269248,0.8694752400930607,10,True
herbal,floral,8607,46586,2362,52831,0.044708599117942116,0.7771703625663224,11,False
herbal,mossy,8607,6173,556,14224,0.0390888638920135,1.380607645504807,12,False
herbal,musky,8607,41154,1810,47951,0.037746866592980335,0.6741527044679663,13,False
herbal,amber,8607,45478,1954,52131,0.037482496019642826,0.6585897412963725,14,False
herbal,rose,8607,25617,1175,33049,0.0355532693878786,0.703074518014038,15,False
herbal,sweet,8607,60625,2296,66936,0.03430142225409346,0.5805129222318444,16,False
herbal,powdery,8607,62885,2042,69450,0.029402447804175665,0.4977375800528256,17,False
herbal,balsamic,8607,18162,741,26028,0.02846934071000461,0.6253833234517014,18,False
herbal,leather,8607,10809,537,18879,0.028444303194025106,0.7615186226857864,19,False
herbal,smoky,8607,7407,406,15608,0.02601230138390569,0.8401860150408655,20,False
herbal,tobacco,8607,4372,310,12669,0.024469176730602258,1.08685923530189,21,False
herbal,patchouli,8607,14822,553,22876,0.024173806609547124,0.5718868123097628,22,False
herbal,marine,8607,4326,303,12630,0.023990498812351543,1.073613275134728,23,False
herbal,bitter,8607,1034,224,9417,0.02378676860996071,3.3206204566972275,24,False
herbal,white floral,8607,39497,1115,46989,0.023728957841196874,0.4327155646010638,25,False
herbal,aquatic,8607,8872,403,17076,0.023600374795033966,0.6962661350047139,26,False
herbal,conifer,8607,1828,236,10199,0.023139523482694383,1.9789169621490217,27,False
herbal,fruity,8607,43222,1143,50686,0.022550605689934104,0.4053527566766076,28,False
herbal,ozonic,8607,5777,298,14086,0.021155757489706092,0.7906889254208732,29,False
herbal,cannabis,8607,388,182,8813,0.020651310563939634,7.190041910264841,30,False
herbal,camphor,8607,793,167,9233,0.018087295570237194,3.228011277368739,31,False
herbal,animalic,8607,18242,453,26396,0.01716169116532808,0.3806427042279528,32,False
herbal,yellow floral,8607,6986,258,15335,0.016824258232800784,0.5660866123024318,33,False
herbal,vanilla,8607,34562,705,42464,0.016602298417483046,0.3126669740402571,34,False
herbal,oud,8607,8298,274,16631,0.016475257050087188,0.506137938417622,35,False
herbal,salty,8607,2520,170,10957,0.015515195765264214,1.0340466692854284,36,False
herbal,aldehydic,8607,3556,168,11995,0.014005835764902042,0.724167931431018,37,False
herbal,anis,8607,1418,137,9888,0.013855177993527508,1.4809353360329434,38,False
herbal,honey,8607,3467,159,11915,0.013344523709609736,0.7029671685119963,39,False
herbal,cinnamon,8607,4259,153,12713,0.012034924880044049,0.550649881648122,40,False
herbal,iris,8607,7451,168,15890,0.010572687224669603,0.3456101414801637,41,False
herbal,violet,8607,7614,150,16071,0.009333582228859437,0.3019744132247809,42,False
honey,beeswax,3467,349,240,3576,0.06711409395973154,26.168301538120783,1,True
honey,sweet,3467,60625,3069,61023,0.0502925126591613,1.926348493453742,2,True
honey,tobacco,3467,4372,321,7518,0.0426975259377494,2.7939240746170073,3,True
honey,caramel,3467,4008,294,7181,0.04094137306781785,2.7913181424862996,4,True
honey,floral,3467,46586,1875,48178,0.038918178421686246,1.5315654845346767,5,True
honey,yellow floral,3467,6986,384,10069,0.038136855695699676,2.091666129242291,6,True
honey,animalic,3467,18242,787,20922,0.037615906701080205,1.641693209206974,7,True
honey,vanilla,3467,34562,1116,36913,0.030233251158128572,1.2287260040257888,8,True
honey,white floral,3467,39497,1080,41884,0.025785502817304937,1.040517446024222,9,True
honey,amber,3467,45478,1204,47741,0.025219413083094194,1.0074299325234364,10,True
honey,fruity,3467,43222,1060,45629,0.023230840035942054,0.9332343743745858,11,False
honey,cinnamon,3467,4259,174,7552,0.023040254237288137,1.5546453385027028,12,False
honey,lactonic,3467,7015,236,10246,0.023033378879562756,1.280188873773925,13,False
honey,warm spicy,3467,45319,1093,47693,0.02291740926341392,0.9177609280716458,14,False
honey,powdery,3467,62885,1401,64951,0.021570106695816847,0.8477753616895006,15,False
honey,patchouli,3467,14822,385,17904,0.021503574620196603,0.988424817886025,16,False
honey,nutty,3467,3619,146,6940,0.021037463976945246,1.5351612284394933,17,False
honey,oud,3467,8298,226,11539,0.01958575266487564,1.0363936166936505,18,False
honey,almond,3467,3438,131,6774,0.019338647770888694,1.449957070512585,19,False
honey,woody,3467,81432,1516,83383,0.01818116402624036,0.7084249051864898,20,False
honey,balsamic,3467,18162,364,21265,0.01711732894427463,0.762653790468357,21,False
honey,green,3467,29755,558,32664,0.017083027185892725,0.7136149916171957,22,False
honey,rose,3467,25617,461,28623,0.016105928798518673,0.6847978338223827,23,False
honey,citrus,3467,59969,1004,62432,0.016081496668375193,0.6370838951341089,24,False
honey,musky,3467,41154,694,43927,0.01579893914904273,0.6417075337292125,25,False
honey,smoky,3467,7407,148,10726,0.01379824724967369,0.7603421937846039,26,False
honey,herbal,3467,8607,159,11915,0.013344523709609736,0.7029671685119963,27,False
honey,leather,3467,10809,187,14089,0.01327276598764994,0.6583332806312551,28,False
honey,fresh,3467,33478,452,36493,0.012385937029019264,0.513769892545786,29,False
honey,aromatic,3467,54606,710,57363,0.012377316388612869,0.49477495132791793,30,False
honey,fresh spicy,3467,47271,616,50122,0.012290012369817645,0.49587891606123546,31,False
honey,lavender,3467,8336,127,11676,0.010877012675573826,0.5797432966821254,32,False
honey,iris,3467,7451,104,10814,0.009617162936933604,0.5311393731421017,33,False
honey,aquatic,3467,8872,111,12228,0.009077526987242394,0.47609230974097394,34,False
honey,soft spicy,3467,13661,145,16983,0.008537949714420302,0.40390128203663783,35,False
honey,earthy,3467,19049,176,22340,0.007878245299910474,0.3515848937121658,36,False
iris,violet,7451,7614,2449,12616,0.19411857958148382,5.695146650613621,1,True
iris,earthy,7451,19049,3054,23446,0.13025676021496205,2.8387415204573214,2,True
iris,powdery,7451,62885,6811,63525,0.1072176308539945,1.9177536326570561,3,True
iris,woody,7451,81432,5218,83665,0.06236777625052292,1.134587442292032,4,True
iris,musky,7451,41154,2529,46076,0.05488757704661863,1.0880923956132391,5,True
iris,floral,7451,46586,2703,51334,0.052655160322593215,1.0273528318729692,6,True
iris,vanilla,7451,34562,1927,40086,0.048071645961183455,0.9872152325696256,7,True
iris,amber,7451,45478,2423,50506,0.04797449807943611,0.9433678162210563,8,True
iris,leather,7451,10809,799,17461,0.045759120325296374,1.3088511578138673,9,True
iris,white floral,7451,39497,1999,44949,0.04447262453002292,0.8961437560887413,10,True
iris,rose,7451,25617,1340,31728,0.04223398890569844,0.9262016047622047,11,False
iris,warm spicy,7451,45319,1940,50830,0.03816643714341924,0.7579671968469485,12,False
iris,aromatic,7451,54606,2231,59826,0.03729147862133521,0.7234161576199115,13,False
iris,citrus,7451,59969,2388,65032,0.03672038381104687,0.7050769457746432,14,False
iris,sweet,7451,60625,2279,65797,0.03463683754578476,0.6656126583714633,15,False
iris,fruity,7451,43222,1657,49016,0.03380528806920189,0.6788075255645353,16,False
iris,patchouli,7451,14822,719,21554,0.03335807738702793,0.8589167665304928,17,False
iris,yellow floral,7451,6986,445,13992,0.03180388793596341,1.12787359330506,18,False
iris,fresh spicy,7451,47271,1455,53267,0.02731522330899056,0.5450008788777505,19,False
iris,green,7451,29755,976,36230,0.02693900082804306,0.5807896415997501,20,False
iris,animalic,7451,18242,671,25022,0.02681640156662137,0.6512969851298042,21,False
iris,soft spicy,7451,13661,539,20573,0.026199387546784622,0.6986107640802962,22,False
iris,fresh,7451,33478,959,39970,0.023992994746059544,0.5072103431328141,23,False
iris,ozonic,7451,5777,308,12920,0.023839009287925695,0.944011637092997,24,False
iris,lavender,7451,8336,357,15430,0.023136746597537266,0.7582972992327867,25,False
iris,balsamic,7451,18162,517,25096,0.02060089257252152,0.5040294014422843,26,False
iris,smoky,7451,7407,297,14561,0.020396950758876452,0.7099750773502314,27,False
iris,aquatic,7451,8872,289,16034,0.018024198578021705,0.5767735136162816,28,False
iris,almond,7451,3438,189,10700,0.01766355140186916,0.9733856307983538,29,False
iris,aldehydic,7451,3556,184,10823,0.017000831562413377,0.9161889926824507,30,False
iris,tuberose,7451,3931,188,11194,0.016794711452563872,0.8468057620309212,31,False
iris,oud,7451,8298,256,15493,0.016523591299296456,0.546255136676839,32,False
iris,mossy,7451,6173,208,13416,0.015503875968992248,0.5966175949080403,33,False
iris,tobacco,7451,4372,138,11685,0.011810012836970476,0.5588920502022178,34,False
iris,herbal,7451,8607,168,15890,0.010572687224669603,0.3456101414801637,35,False
iris,lactonic,7451,7015,146,14320,0.010195530726256983,0.36851415946024363,36,False
iris,honey,7451,3467,104,10814,0.009617162936933604,0.5311393731421017,37,False
iris,caramel,7451,4008,101,11358,0.008892410635675295,0.4461929047555138,38,False
iris,tropical,7451,6512,118,13845,0.008522932466594439,0.32084598904488854,39,False
lactonic,coconut,7015,3269,1589,8695,0.18274870615296146,9.141655766703654,1,True
lactonic,tropical,7015,6512,1416,12111,0.11691850383948477,4.089448549177701,2,True
lactonic,nutty,7015,3619,1040,9594,0.10840108401084012,5.404563741258666,3,True
lactonic,sweet,7015,60625,5676,61964,0.0916015751081273,1.7607857801030193,4,True
lactonic,vanilla,7015,34562,3454,38123,0.09060147417569446,1.879487122484192,5,True
lactonic,savory,7015,654,504,7165,0.07034193998604327,14.493346498656221,6,True
lactonic,fruity,7015,43222,3237,47000,0.06887234042553192,1.4084898687948737,7,True
lactonic,caramel,7015,4008,655,10368,0.06317515432098765,3.0734735091470657,8,True
lactonic,powdery,7015,62885,3776,66124,0.0571048333434154,1.1292778437781215,9,True
lactonic,floral,7015,46586,2642,50959,0.05184560136580388,1.0665796126135436,10,True
lactonic,white floral,7015,39497,2236,44276,0.05050140030716415,1.0646909837752865,11,False
lactonic,almond,7015,3438,466,9987,0.046660658856513465,2.549153169245492,12,False
lactonic,animalic,7015,18242,1114,24143,0.04614173880627925,1.148493724545809,13,False
lactonic,soft spicy,7015,13661,812,19864,0.04087797019734193,1.1178651704914797,14,False
lactonic,fresh,7015,33478,1428,39065,0.03655446051452707,0.8022035683735581,15,False
lactonic,balsamic,7015,18162,811,24366,0.033284084379873596,0.8397945849357838,16,False
lactonic,musky,7015,41154,1547,46622,0.03318175968426923,0.7069588695431179,17,False
lactonic,green,7015,29755,1157,35613,0.032488136354701935,0.7312894219399029,18,False
lactonic,citrus,7015,59969,1836,65148,0.028181985632713208,0.575786869782935,19,False
lactonic,tuberose,7015,3931,299,10647,0.028083028083028084,1.430487382762489,20,False
lactonic,yellow floral,7015,6986,370,13631,0.027144009977257723,0.9960680958699805,21,False
lactonic,woody,7015,81432,2292,86155,0.026603215135511577,0.529340836097294,22,False
lactonic,chocolate,7015,1554,219,8350,0.026227544910179642,2.650385137199107,23,False
lactonic,aquatic,7015,8872,403,15484,0.026026866442779642,0.8542783498197537,24,False
lactonic,warm spicy,7015,45319,1250,51084,0.02446950121368726,0.5187350360885926,25,False
lactonic,cacao,7015,2035,204,8846,0.02306127063079358,1.8853050938581943,26,False
lactonic,honey,7015,3467,236,10246,0.023033378879562756,1.280188873773925,27,False
lactonic,amber,7015,45478,1181,51312,0.02301605862176489,0.488387373441035,28,False
lactonic,coffee,7015,1815,182,8648,0.021045328399629974,1.8858651963816222,29,False
lactonic,cherry,7015,1803,179,8639,0.020719990739668945,1.8671241286696876,30,False
lactonic,rose,7015,25617,637,31995,0.01990936083763088,0.4676565819578505,31,False
lactonic,ozonic,7015,5777,229,12563,0.01822813022367269,0.7455023243917958,32,False
lactonic,sour,7015,1912,134,8793,0.015239394973274195,1.3180527679777643,33,False
lactonic,aromatic,7015,54606,884,60737,0.014554554884172744,0.30445827844326345,34,False
lactonic,cinnamon,7015,4259,155,11119,0.013940102527205685,0.6844471905287315,35,False
lactonic,fresh spicy,7015,47271,712,53574,0.013290028745286894,0.28327033162074405,36,False
lactonic,salty,7015,2520,113,9422,0.011993207386966675,0.8433226985258346,37,False
lactonic,aldehydic,7015,3556,119,10452,0.011385380788365863,0.629362838910995,38,False
lactonic,marine,7015,4326,122,11219,0.010874409483911222,0.5303825202516633,39,False
lactonic,iris,7015,7451,146,14320,0.010195530726256983,0.36851415946024363,40,False
lactonic,smoky,7015,7407,141,14281,0.009873258175197816,0.35800793705093553,41,False
lactonic,oud,7015,8298,126,15187,0.00829656943438467,0.2855702762750412,42,False
lactonic,patchouli,7015,14822,179,21658,0.00826484439929818,0.22712351936253183,43,False
lactonic,violet,7015,7614,119,14510,0.008201240523776706,0.2939341023335301,44,False
lactonic,leather,7015,10809,142,17682,0.008030765750480715,0.24706926008110636,45,False
lactonic,earthy,7015,19049,195,25869,0.007537979821407863,0.192521092113908,46,False
lavender,herbal,8336,8607,2165,14778,0.14650155636757342,3.980997952387547,1,True
lavender,aromatic,8336,54606,7453,55489,0.13431490926129502,2.160113708124992,2,True
lavender,fresh spicy,8336,47271,6224,49383,0.12603527529716704,2.0838221532389447,3,True
lavender,citrus,8336,59969,4587,63718,0.07198907686995826,1.2105640977524887,4,True
lavender,woody,8336,81432,5692,84076,0.0677006517912365,1.1062560187047248,5,True
lavender,warm spicy,8336,45319,3013,50642,0.05949607045535327,1.0522154391651182,6,True
lavender,earthy,8336,19049,1400,25985,0.05387723686742352,1.1631660303476365,7,True
lavender,amber,8336,45478,2694,51120,0.052699530516431926,0.93752334448016,8,True
lavender,green,8336,29755,1779,36312,0.048992068737607405,0.9462411920640444,9,True
lavender,mossy,8336,6173,637,13872,0.04591983852364475,1.6331610430911905,10,True
lavender,patchouli,8336,14822,1005,22153,0.04536631607457229,1.0731121431777373,11,False
lavender,vanilla,8336,34562,1818,41080,0.04425511197663096,0.8324935349430732,12,False
lavender,musky,8336,41154,1961,47529,0.04125902080834859,0.7541389933527147,13,False
lavender,powdery,8336,62885,2793,68428,0.040816624773484536,0.7029261934582778,14,False
lavender,soft spicy,8336,13661,733,21264,0.03447140707298721,0.8491948267206716,15,False
lavender,sweet,8336,60625,2254,66707,0.03378955731782272,0.5884208006015395,16,False
lavender,floral,8336,46586,1614,53308,0.030276881518721394,0.5483198452526618,17,False
lavender,leather,8336,10809,560,18585,0.030131826741996232,0.8199518812875245,18,False
lavender,fresh,8336,33478,1146,40668,0.028179403953968722,0.5417650305543423,19,False
lavender,white floral,8336,39497,1307,46526,0.02809181962773503,0.5237177990680019,20,False
lavender,marine,8336,4326,326,12336,0.026426718547341115,1.1926607896014192,21,False
lavender,cinnamon,8336,4259,307,12288,0.024983723958333332,1.1408185961849335,22,False
lavender,balsamic,8336,18162,603,25895,0.023286348715968335,0.5254598013274008,23,False
lavender,iris,8336,7451,357,15430,0.023136746597537266,0.7582972992327867,24,False
lavender,fruity,8336,43222,1070,50488,0.02119315480906354,0.3918003098940781,25,False
lavender,aquatic,8336,8872,349,16859,0.020701109199833916,0.6225722376594224,26,False
lavender,tobacco,8336,4372,255,12453,0.020476993495543244,0.9230939054671764,27,False
lavender,ozonic,8336,5777,283,13830,0.020462762111352135,0.7753002508125909,28,False
lavender,violet,8336,7614,317,15633,0.020277617859655855,0.6589193270604156,29,False
lavender,oud,8336,8298,322,16312,0.019740068661108386,0.6141412911281261,30,False
lavender,rose,8336,25617,618,33335,0.018539073046347682,0.3818089137813878,31,False
lavender,anis,8336,1418,156,9598,0.016253386122108773,1.7411421293000062,32,False
lavender,animalic,8336,18242,404,26174,0.01543516466722702,0.3505054459757397,33,False
lavender,smoky,8336,7407,227,15516,0.01463005929363238,0.48503085735934287,34,False
lavender,conifer,8336,1828,120,10044,0.011947431302270013,1.0389410618361423,35,False
lavender,honey,8336,3467,127,11676,0.010877012675573826,0.5797432966821254,36,False
lavender,salty,8336,2520,116,10740,0.01080074487895717,0.7285230630959998,37,False
lavender,yellow floral,8336,6986,134,15188,0.008822754806426126,0.30357225281382616,38,False
leather,smoky,10809,7407,3204,15012,0.21342925659472423,5.27968738530411,1,True
leather,animalic,10809,18242,4669,24382,0.1914937248790091,3.1239887995897795,2,True
leather,warm spicy,10809,45319,5932,50196,0.11817674715116742,1.597639795137673,3,True
leather,oud,10809,8298,1923,17184,0.11190642458100558,2.8285502554143473,4,True
leather,metallic,10809,2235,1242,11802,0.10523640061006609,6.782692275452782,5,True
leather,amber,10809,45478,4919,51368,0.09576000622955926,1.3201810994400975,6,True
leather,tobacco,10809,4372,1285,13896,0.09247265400115141,3.5874100460317497,7,True
leather,woody,10809,81432,7563,84678,0.08931481612697513,1.1335927107386714,8,True
leather,earthy,10809,19049,2010,27848,0.07217753519103706,1.2878993417023894,9,True
leather,aromatic,10809,54606,4309,61106,0.07051680686021013,0.9631505454763204,10,True
leather,fresh spicy,10809,47271,3723,54357,0.0684916386114024,0.9612941337947636,11,False
leather,patchouli,10809,14822,1479,24152,0.0612371646240477,1.2179218183261051,12,False
leather,musky,10809,41154,2916,49047,0.05945317756437703,0.864835507272151,13,False
leather,powdery,10809,62885,3665,70029,0.05233546102329035,0.7113526591636357,14,False
leather,rose,10809,25617,1756,34670,0.05064897605999423,0.8366701769972008,15,False
leather,balsamic,10809,18162,1317,27654,0.047624213495335216,0.8850751537882926,16,False
leather,iris,10809,7451,799,17461,0.045759120325296374,1.3088511578138673,17,False
leather,sweet,10809,60625,3013,68421,0.0440361877201444,0.6066042177528653,18,False
leather,fruity,10809,43222,2234,51797,0.043129910998706486,0.6308648862397376,19,False
leather,citrus,10809,59969,2902,67876,0.0427544345571336,0.590647876306388,20,False
leather,vanilla,10809,34562,1765,43606,0.040476081273219285,0.6233097057182228,21,False
leather,mossy,10809,6173,620,16362,0.03789267815670456,1.2258955205549336,22,False
leather,violet,10809,7614,659,17764,0.03709750056293627,1.0564053396726982,23,False
leather,green,10809,29755,1342,39222,0.03421549130589975,0.5504914864367323,24,False
leather,soft spicy,10809,13661,787,23683,0.03323058734113077,0.7031537327923699,25,False
leather,lavender,10809,8336,560,18585,0.030131826741996232,0.8199518812875245,26,False
leather,floral,10809,46586,1596,55799,0.028602663130163623,0.418153282421253,27,False
leather,herbal,10809,8607,537,18879,0.028444303194025106,0.7615186226857864,28,False
leather,white floral,10809,39497,1297,49009,0.02646452692362627,0.4008057208001967,29,False
leather,cinnamon,10809,4259,381,14687,0.025941308640294137,1.0918811819505243,30,False
leather,fresh,10809,33478,873,43414,0.020108720689178607,0.3182825173219501,31,False
leather,ozonic,10809,5777,319,16267,0.019610253888239997,0.6739789941299502,32,False
leather,honey,10809,3467,187,14089,0.01327276598764994,0.6583332806312551,33,False
leather,aquatic,10809,8872,255,19426,0.013126737362297951,0.35081381936253403,34,False
leather,rum,10809,1166,142,11833,0.012000338037691202,1.4864415604365018,35,False
leather,yellow floral,10809,6986,209,17586,0.011884453542590698,0.3651537376856458,36,False
leather,whiskey,10809,808,135,11482,0.011757533530743772,2.039296873067823,37,False
leather,caramel,10809,4008,164,14653,0.011192247321367638,0.4994294877725352,38,False
leather,coffee,10809,1815,131,12493,0.010485872088369487,0.8809529452932677,39,False
leather,tropical,10809,6512,175,17146,0.010206462148606089,0.3280059353123466,40,False
leather,cacao,10809,2035,126,12718,0.009907218116055983,0.7557256749596466,41,False
leather,cherry,10809,1803,120,12492,0.009606147934678195,0.8123507110069889,42,False
leather,tuberose,10809,3931,137,14603,0.009381633910840239,0.42537853276635995,43,False
leather,marine,10809,4326,136,14999,0.009067271151410095,0.3837164685325199,44,False
leather,mineral,10809,770,104,11475,0.00906318082788671,1.6485444428824945,45,False
leather,nutty,10809,3619,129,14299,0.009021609902790405,0.43507003504877617,46,False
leather,conifer,10809,1828,108,12529,0.008620001596296592,0.721116793627484,47,False
leather,aldehydic,10809,3556,115,14250,0.008070175438596491,0.3947245457764907,48,False
leather,lactonic,10809,7015,142,17682,0.008030765750480715,0.24706926008110636,49,False
leather,almond,10809,3438,109,14138,0.007709718489178102,0.3869712240209194,50,False
marine,salty,4326,2520,1996,4850,0.41154639175257735,24.155556289398177,1,True
marine,aquatic,4326,8872,1610,11588,0.13893683120469452,5.534283342233739,2,True
marine,aromatic,4326,54606,3627,55305,0.06558177379983726,2.0256492062188225,3,True
marine,ozonic,4326,5777,419,9684,0.04326724494010739,2.2119163699434305,4,True
marine,citrus,4326,59969,2315,61980,0.037350758309131975,1.1772839838416438,5,True
marine,fresh spicy,4326,47271,1641,49956,0.03284890703819361,1.0586949430865926,6,True
marine,woody,4326,81432,2565,83193,0.030831920954888032,0.9606148928629679,7,True
marine,fresh,4326,33478,1085,36719,0.029548734987336258,0.9883875823585831,8,True
marine,green,4326,29755,972,33109,0.029357576489776195,0.9962385836620892,9,True
marine,mossy,4326,6173,289,10210,0.02830558276199804,1.4277711858548543,10,True
marine,mineral,4326,770,138,4958,0.027833803953206938,5.46569519246357,11,False
marine,musky,4326,41154,1216,44264,0.027471534429784925,0.9011115764201852,12,False
marine,lavender,4326,8336,326,12336,0.026426718547341115,1.1926607896014192,13,False
marine,amber,4326,45478,1270,48534,0.02616722297770635,0.851646588270762,14,False
marine,herbal,4326,8607,303,12630,0.023990498812351543,1.073613275134728,15,False
marine,coconut,4326,3269,171,7424,0.02303340517241379,1.5952848364559438,16,False
marine,white floral,4326,39497,932,42891,0.021729500361381177,0.7196293202087916,17,False
marine,floral,4326,46586,984,49928,0.01970838006729691,0.6441644055261047,18,False
marine,earthy,4326,19049,448,22927,0.019540280019191347,0.7172373206826,19,False
marine,fruity,4326,43222,900,46648,0.019293431658377637,0.6350306654718333,20,False
marine,tropical,4326,6512,200,10638,0.018800526414739612,0.9366398929505726,21,False
marine,animalic,4326,18242,411,22157,0.018549442614072303,0.6871102351632187,22,False
marine,powdery,4326,62885,1103,66108,0.01668481878138803,0.5349158844026576,23,False
marine,soft spicy,4326,13661,290,17697,0.01638695824150986,0.6473997895612683,24,False
marine,sweet,4326,60625,992,63959,0.015509936052783814,0.4990188693633794,25,False
marine,patchouli,4326,14822,288,18860,0.015270413573700955,0.5925741826587199,26,False
marine,warm spicy,4326,45319,668,48977,0.013639055066663944,0.4495243187816675,27,False
marine,lactonic,4326,7015,122,11219,0.010874409483911222,0.5303825202516633,28,False
marine,balsamic,4326,18162,236,22252,0.010605788243753371,0.3962829423970417,29,False
marine,rose,4326,25617,301,29642,0.010154510491869644,0.3583399878696047,30,False
marine,yellow floral,4326,6986,111,11201,0.009909829479510758,0.4845643337397998,31,False
marine,smoky,4326,7407,114,11619,0.009811515620965659,0.4693745673349066,32,False
marine,vanilla,4326,34562,374,38514,0.009710754530819961,0.3300120391763214,33,False
marine,violet,4326,7614,110,11830,0.009298393913778529,0.4405922564475664,34,False
marine,leather,4326,10809,136,14999,0.009067271151410095,0.3837164685325199,35,False
metallic,leather,2235,10809,1242,11802,0.10523640061006609,6.782692275452782,1,True
metallic,tobacco,2235,4372,487,6120,0.0795751633986928,6.575288954931832,2,True
metallic,oud,2235,8298,663,9870,0.06717325227963526,4.716351154398003,3,True
metallic,mineral,2235,770,165,2840,0.058098591549295774,12.64908916586769,4,True
metallic,warm spicy,2235,45319,1972,45582,0.04326269141327717,2.56857722435237,5,True
metallic,smoky,2235,7407,262,9380,0.027931769722814498,2.0879734962604153,6,True
metallic,rose,2235,25617,636,27216,0.023368606701940034,1.4655305712727993,7,True
metallic,animalic,2235,18242,438,20039,0.021857378112680275,1.41731927721925,8,True
metallic,amber,2235,45478,1010,46703,0.021626019741772477,1.310949769158488,9,True
metallic,earthy,2235,19049,429,20855,0.020570606569168065,1.329386136283643,10,True
metallic,patchouli,2235,14822,285,16772,0.016992606725494873,1.135021494440968,11,False
metallic,woody,2235,81432,1280,82387,0.01553643171859638,0.9278566896402274,12,False
metallic,balsamic,2235,18162,285,20112,0.014170644391408114,0.9262905291600059,13,False
metallic,fresh spicy,2235,47271,640,48866,0.01309704088732452,0.7991921680394216,14,False
metallic,musky,2235,41154,542,42847,0.012649660419632646,0.7774156306442794,15,False
metallic,powdery,2235,62885,696,64424,0.010803427294176084,0.6533233936668245,16,False
metallic,vanilla,2235,34562,377,36420,0.010351455244371225,0.6438853135182152,17,False
metallic,aromatic,2235,54606,540,56301,0.009591303884478073,0.5837399680984979,18,False
metallic,sweet,2235,60625,567,62293,0.009102146308573996,0.5520740607486335,19,False
metallic,floral,2235,46586,414,48407,0.008552482079038156,0.524579063848718,20,False
metallic,white floral,2235,39497,301,41431,0.007265091356713572,0.449850720687364,21,False
metallic,fruity,2235,43222,301,45156,0.0066657808486136946,0.41108125294962783,22,False
metallic,citrus,2235,59969,349,61855,0.005642227790801067,0.343529988629845,23,False
metallic,fresh,2235,33478,189,35524,0.005320346807791915,0.33324860040310955,24,False
metallic,green,2235,29755,150,31840,0.004711055276381909,0.297575614723824,25,False
mineral,metallic,770,2235,165,2840,0.058098591549295774,12.64908916586769,1,True
mineral,salty,770,2520,134,3156,0.042458808618504436,9.110812203669347,2,True
mineral,aldehydic,770,3556,138,4188,0.0329512893982808,6.64921186799702,3,True
mineral,marine,770,4326,138,4958,0.027833803953206938,5.46569519246357,4,True
mineral,ozonic,770,5777,100,6447,0.015511090429657206,2.965858790681363,5,True
mineral,aquatic,770,8872,136,9506,0.014306753629286767,2.6264565011183585,6,True
mineral,leather,770,10809,104,11475,0.00906318082788671,1.6485444428824945,7,True
mineral,earthy,770,19049,133,19686,0.006756070303769176,1.1962784970816889,8,True
mineral,aromatic,770,54606,357,55019,0.006488667551209582,1.1201616206011327,9,True
mineral,animalic,770,18242,110,18902,0.0058194900010580895,1.0331730543330149,10,True
mineral,fresh,770,33478,179,34069,0.0052540432651383955,0.9161073408937678,11,False
mineral,woody,770,81432,410,81792,0.0050127151799687015,0.8626638368017678,12,False
mineral,green,770,29755,149,30376,0.004905188306557809,0.8579839249978722,13,False
mineral,fresh spicy,770,47271,222,47819,0.0046425061168154915,0.804657422922321,14,False
mineral,musky,770,41154,188,41736,0.0045045045045045045,0.7827059464324372,15,False
mineral,amber,770,45478,194,46054,0.0042124462587397405,0.7308920025838096,16,False
mineral,warm spicy,770,45319,180,45909,0.003920799843168006,0.6805264727990296,17,False
mineral,citrus,770,59969,225,60514,0.0037181478666093795,0.6428483720918146,18,False
mineral,floral,770,46586,165,47191,0.0034964294039117627,0.6068500039864828,19,False
mineral,fruity,770,43222,146,43846,0.0033298362450394563,0.578763099840329,20,False
mineral,sweet,770,60625,193,61202,0.0031534917159569947,0.5454543312357746,21,False
mineral,powdery,770,62885,192,63463,0.0030253848699242076,0.5231268373830193,22,False
mossy,earthy,6173,19049,4715,20507,0.22992149022285074,5.290013748424104,1,True
mossy,woody,6173,81432,5166,82439,0.06266451558121763,1.3558342045441036,2,True
mossy,aromatic,6173,54606,3424,57355,0.059698369802109665,1.3401107059624318,3,True
mossy,fresh spicy,6173,47271,2602,50842,0.051178159789150704,1.1764129266230499,4,True
mossy,green,6173,29755,1702,34226,0.0497282767486706,1.222494423177261,5,True
mossy,citrus,6173,59969,2979,63163,0.047163687601918844,1.0616735110645765,6,True
mossy,patchouli,6173,14822,935,20060,0.046610169491525424,1.3481930605953214,7,True
mossy,lavender,6173,8336,637,13872,0.04591983852364475,1.6331610430911905,8,True
mossy,herbal,6173,8607,556,14224,0.0390888638920135,1.380607645504807,9,True
mossy,leather,6173,10809,620,16362,0.03789267815670456,1.2258955205549336,10,True
mossy,white floral,6173,39497,1646,44024,0.037388697074323095,0.8906621697704458,11,False
mossy,amber,6173,45478,1849,49802,0.03712702301112405,0.8689260938796047,12,False
mossy,warm spicy,6173,45319,1686,49806,0.03385134321166124,0.7951050970329177,13,False
mossy,musky,6173,41154,1437,45890,0.031314011767269556,0.7462631558399718,14,False
mossy,rose,6173,25617,888,30902,0.028736004142126723,0.7408528961570573,15,False
mossy,marine,6173,4326,289,10210,0.02830558276199804,1.4277711858548543,16,False
mossy,fresh,6173,33478,1008,38643,0.02608493129415418,0.643499646331616,17,False
mossy,floral,6173,46586,1305,51454,0.02536245967271738,0.5986905109796987,18,False
mossy,fruity,6173,43222,1193,48202,0.024750010373013567,0.5899060769993993,19,False
mossy,animalic,6173,18242,551,23864,0.02308917197452229,0.6455448680645454,20,False
mossy,powdery,6173,62885,1532,67526,0.02268755738530344,0.5206657203838835,21,False
mossy,aquatic,6173,8872,312,14733,0.02117694970474445,0.7515888806909055,22,False
mossy,ozonic,6173,5777,245,11705,0.02093122597180692,0.9063814366791497,23,False
mossy,smoky,6173,7407,275,13305,0.02066892145809846,0.7934830146421054,24,False
mossy,balsamic,6173,18162,489,23846,0.020506583913444603,0.5754299644899025,25,False
mossy,sweet,6173,60625,1329,65469,0.02029968381982312,0.46851177976589103,26,False
mossy,aldehydic,6173,3556,187,9542,0.01959756864389017,1.1238986245300255,27,False
mossy,conifer,6173,1828,149,7852,0.018976057055527254,1.7420369499277044,28,False
mossy,yellow floral,6173,6986,239,12920,0.0184984520123839,0.7311670388983285,29,False
mossy,tobacco,6173,4372,176,10369,0.016973671520879544,0.8603591860134052,30,False
mossy,soft spicy,6173,13661,322,19512,0.016502665026650265,0.5037565033850075,31,False
mossy,oud,6173,8298,228,14243,0.01600786351190058,0.587230632220482,32,False
mossy,iris,6173,7451,208,13416,0.015503875968992248,0.5966175949080403,33,False
mossy,violet,6173,7614,210,13577,0.015467334462694262,0.5894591421474106,34,False
mossy,salty,6173,2520,111,8582,0.012934048007457469,0.941390309566237,35,False
mossy,vanilla,6173,34562,509,40226,0.012653507681598966,0.31475033567419014,36,False
mossy,tropical,6173,6512,118,12567,0.009389671361502348,0.38727093218426445,37,False
musky,powdery,41154,62885,29198,74841,0.390133750217127,1.4884613024136775,1,True
musky,woody,41154,81432,24399,98187,0.24849521830792265,0.9605244734932132,2,True
musky,citrus,41154,59969,19037,82086,0.2319153083351607,1.0176611895508083,3,True
musky,floral,41154,46586,15892,71848,0.22118917715176484,1.0935902843542513,4,True
musky,sweet,41154,60625,18170,83609,0.21732110179526126,0.9608037399378447,5,True
musky,amber,41154,45478,15082,71550,0.2107896575821104,1.063136645770318,6,True
musky,white floral,41154,39497,13933,66718,0.2088341976677958,1.1308683157144204,7,True
musky,fruity,41154,43222,13110,71266,0.18395868997839082,0.9723650531412199,8,True
musky,rose,41154,25617,9507,57264,0.16602053646269907,1.1897254032612463,9,True
musky,aromatic,41154,54606,13604,82156,0.16558741905642924,0.7986523386249634,10,True
musky,fresh,41154,33478,10255,64377,0.15929602187116518,0.9819913649408019,11,False
musky,fresh spicy,41154,47271,12139,76286,0.1591248721914899,0.823227047405069,12,False
musky,animalic,41154,18242,7794,51602,0.15104065733886282,1.3696810880667887,13,False
musky,vanilla,41154,34562,9237,66479,0.13894613336542366,0.8567686896538144,14,False
musky,warm spicy,41154,45319,10149,76324,0.13297259053508725,0.7179173406630867,15,False
musky,green,41154,29755,7647,63262,0.12087825234738074,0.8238775043572173,16,False
musky,soft spicy,41154,13661,4309,50506,0.0853165960479943,1.0111731099895245,17,False
musky,earthy,41154,19049,3983,56220,0.07084667378157239,0.6703006396083521,18,False
musky,patchouli,41154,14822,3574,52402,0.06820350368306553,0.7729995630643705,19,False
musky,balsamic,41154,18162,3676,55640,0.06606757728253056,0.6488485531797575,20,False
musky,leather,41154,10809,2916,49047,0.05945317756437703,0.864835507272151,21,False
musky,iris,41154,7451,2529,46076,0.05488757704661863,1.0880923956132391,22,False
musky,violet,41154,7614,2530,46238,0.05471689951987543,1.0652196222000283,23,False
musky,aquatic,41154,8872,2514,47512,0.05291294830779592,0.9083960757397066,24,False
musky,oud,41154,8298,2292,47160,0.048600508905852415,0.8854676354349821,25,False
musky,lavender,41154,8336,1961,47529,0.04125902080834859,0.7541389933527147,26,False
musky,yellow floral,41154,6986,1881,46259,0.04066235759527876,0.8631608289788917,27,False
musky,herbal,41154,8607,1810,47951,0.037746866592980335,0.6741527044679663,28,False
musky,tropical,41154,6512,1684,45982,0.03662302640163542,0.8290089218431542,29,False
musky,ozonic,41154,5777,1607,45324,0.0354558291412938,0.8917539021726227,30,False
musky,lactonic,41154,7015,1547,46622,0.03318175968426923,0.7069588695431179,31,False
musky,smoky,41154,7407,1537,47024,0.03268543722354542,0.6652165293205429,32,False
musky,mossy,41154,6173,1437,45890,0.031314011767269556,0.7462631558399718,33,False
musky,marine,41154,4326,1216,44264,0.027471534429784925,0.9011115764201852,34,False
musky,tuberose,41154,3931,1143,43942,0.02601156069364162,0.9321261582979972,35,False
musky,aldehydic,41154,3556,1024,43686,0.023440003662500573,0.9231445573604218,36,False
musky,caramel,41154,4008,1000,44162,0.022643901997192156,0.7998412466993893,37,False
musky,coconut,41154,3269,838,43585,0.019226798210393484,0.8217895364497478,38,False
musky,almond,41154,3438,799,43793,0.018244924988011783,0.7450276933391945,39,False
musky,honey,41154,3467,694,43927,0.01579893914904273,0.6417075337292125,40,False
musky,tobacco,41154,4372,676,44850,0.015072463768115942,0.4956761831055121,41,False
musky,salty,41154,2520,626,43048,0.014541906708790188,0.7963524153566434,42,False
musky,cinnamon,41154,4259,629,44784,0.014045194712397284,0.473450429173293,43,False
musky,nutty,41154,3619,560,44213,0.012665957976160857,0.49605628112512995,44,False
musky,metallic,41154,2235,542,42847,0.012649660419632646,0.7774156306442794,45,False
musky,cherry,41154,1803,403,42554,0.009470320063918786,0.716540642184567,46,False
musky,soapy,41154,1720,400,42474,0.009417526015915618,0.7455264457607331,47,False
musky,anis,41154,1418,375,42197,0.008886887693437923,0.847786596466278,48,False
musky,sour,41154,1912,291,42775,0.006803039158386908,0.48790650710272243,49,False
musky,coffee,41154,1815,288,42681,0.006747733183383707,0.5086831682810423,50,False
musky,cacao,41154,2035,254,42935,0.005915919413066263,0.40012972189674334,51,False
musky,conifer,41154,1828,238,42744,0.005568032940295714,0.4173806152032463,52,False
musky,chocolate,41154,1554,219,42489,0.005154275224175669,0.451777512209062,53,False
musky,mineral,41154,770,188,41736,0.0045045045045045045,0.7827059464324372,54,False
musky,savory,41154,654,182,41626,0.004372267332916927,0.8921238477864675,55,False
musky,rum,41154,1166,163,42157,0.0038664990393054532,0.44814707189854014,56,False
musky,camphor,41154,793,152,41795,0.0036367986601268092,0.6144717338577744,57,False
musky,bitter,41154,1034,124,42064,0.0029478889311525293,0.38444361787197573,58,False
musky,whiskey,41154,808,100,41862,0.002388801299507907,0.3967529352439545,59,False
nutty,almond,3619,3438,1727,5330,0.32401500938086303,18.312238860863122,1,True
nutty,cherry,3619,1803,600,4822,0.1244296972210701,12.131388277527691,2,True
nutty,lactonic,3619,7015,1040,9594,0.10840108401084012,5.404563741258666,3,True
nutty,coconut,3619,3269,481,6407,0.07507413766193226,5.363955115717317,4,True
nutty,vanilla,3619,34562,2023,36158,0.05594889097848332,2.133791575971956,5,True
nutty,sweet,3619,60625,3175,61069,0.05199037154693871,1.9091803568223835,6,True
nutty,fruity,3619,43222,1877,44964,0.041744506716484296,1.5831220320610575,7,True
nutty,caramel,3619,4008,298,7329,0.0406603902305908,2.7104632955696784,8,True
nutty,tropical,3619,6512,390,9741,0.04003695719125346,2.183258675038172,9,True
nutty,chocolate,3619,1554,192,4981,0.03854647661112227,4.504070643888273,10,True
nutty,cacao,3619,2035,201,5453,0.03686044379240785,3.6006973840629546,11,False
nutty,savory,3619,654,100,4173,0.023963575365444523,5.574131769720292,12,False
nutty,powdery,3619,62885,1498,65006,0.02304402670522721,0.8683998253543472,13,False
nutty,warm spicy,3619,45319,1061,47877,0.022160954111577584,0.8534735078484283,14,False
nutty,honey,3619,3467,146,6940,0.021037463976945246,1.5351612284394933,15,False
nutty,woody,3619,81432,1739,83312,0.020873343575955446,0.7785015112601319,16,False
nutty,coffee,3619,1815,111,5323,0.02085290249859102,2.229468439069283,17,False
nutty,balsamic,3619,18162,429,21352,0.0200917946796553,0.8610901079745311,18,False
nutty,floral,3619,46586,977,49228,0.019846428861623466,0.7645292764600821,19,False
nutty,cinnamon,3619,4259,146,7732,0.018882565959648216,1.2496839584408836,20,False
nutty,amber,3619,45478,903,48194,0.018736772212308586,0.7238379889593991,21,False
nutty,white floral,3619,39497,618,42498,0.014541860793449103,0.5703997735603691,22,False
nutty,musky,3619,41154,560,44213,0.012665957976160857,0.49605628112512995,23,False
nutty,green,3619,29755,375,32999,0.011363980726688688,0.4594373438157962,24,False
nutty,soft spicy,3619,13661,191,17089,0.01117678038504301,0.5096896975937637,25,False
nutty,rose,3619,25617,321,28915,0.01110150440947605,0.45680594095501414,26,False
nutty,fresh,3619,33478,376,36721,0.010239372566106587,0.40943344844414203,27,False
nutty,citrus,3619,59969,585,63003,0.009285272129898577,0.35561824839121653,28,False
nutty,leather,3619,10809,129,14299,0.009021609902790405,0.43507003504877617,29,False
nutty,aromatic,3619,54606,495,57730,0.008574398059934176,0.33046069622597335,30,False
nutty,animalic,3619,18242,176,21685,0.00811620936130966,0.3517184865814519,31,False
nutty,patchouli,3619,14822,140,18301,0.0076498551991694445,0.3443310651974025,32,False
nutty,earthy,3619,19049,147,22521,0.006527241241507926,0.2813196913629951,33,False
nutty,fresh spicy,3619,47271,323,50567,0.0063875650127553545,0.24909368181321612,34,False
oud,leather,8298,10809,1923,17184,0.11190642458100558,2.8285502554143473,1,True
oud,warm spicy,8298,45319,4952,48665,0.10175690948320149,1.7372825191087622,2,True
oud,amber,8298,45478,4414,49362,0.08942101211458207,1.543124986359774,3,True
oud,rose,8298,25617,2600,31315,0.08302730320932461,1.6136718080256964,4,True
oud,smoky,8298,7407,1194,14511,0.0822824064502791,2.562902673312976,5,True
oud,fresh spicy,8298,47271,4104,51465,0.0797435150102011,1.3803292604037705,6,True
oud,animalic,8298,18242,1827,24713,0.07392870149314126,1.592341551200883,7,True
oud,patchouli,8298,14822,1475,21645,0.06814506814506814,1.5821780070071656,8,True
oud,metallic,8298,2235,663,9870,0.06717325227963526,4.716351154398003,9,True
oud,balsamic,8298,18162,1663,24797,0.06706456426180586,1.4557899262280725,10,True
oud,woody,8298,81432,5452,84278,0.06469066660338404,1.0644637536659711,11,False
oud,tobacco,8298,4372,588,12082,0.04866743916570104,2.1382934456367644,12,False
oud,musky,8298,41154,2292,47160,0.048600508905852415,0.8854676354349821,13,False
oud,earthy,8298,19049,1209,26138,0.04625449537072462,1.0090768690419618,14,False
oud,powdery,8298,62885,3043,68140,0.04465805694159084,0.7693518794316191,15,False
oud,aromatic,8298,54606,2410,60494,0.03983866168545641,0.701692459844707,16,False
oud,vanilla,8298,34562,1564,41296,0.03787291747384735,0.7194622553948515,17,False
oud,sweet,8298,60625,2432,66491,0.036576378758027404,0.6377962345913685,18,False
oud,floral,8298,46586,1801,53083,0.033927999547877855,0.6146507592397837,19,False
oud,fruity,8298,43222,1467,50053,0.029308932531516594,0.5396291315852948,20,False
oud,citrus,8298,59969,1764,66503,0.02652511916755635,0.46767257804818824,21,False
oud,white floral,8298,39497,1136,46659,0.024346856983647313,0.4572822598234012,22,False
oud,cinnamon,8298,4259,293,12264,0.023891063274624917,1.09378033819016,23,False
oud,soft spicy,8298,13661,511,21448,0.023825065274151437,0.5947145183330781,24,False
oud,lavender,8298,8336,322,16312,0.019740068661108386,0.6141412911281261,25,False
oud,honey,8298,3467,226,11539,0.01958575266487564,1.0363936166936505,26,False
oud,iris,8298,7451,256,15493,0.016523591299296456,0.546255136676839,27,False
oud,herbal,8298,8607,274,16631,0.016475257050087188,0.506137938417622,28,False
oud,mossy,8298,6173,228,14243,0.01600786351190058,0.587230632220482,29,False
oud,green,8298,29755,599,37454,0.01599295135366049,0.3200641261715596,30,False
oud,coffee,8298,1815,147,9966,0.014750150511739916,1.2876885598242334,31,False
oud,violet,8298,7614,223,15689,0.014213780355663204,0.46565269682777277,32,False
oud,caramel,8298,4008,159,12147,0.013089651765868116,0.6307242709086527,33,False
oud,yellow floral,8298,6986,196,15088,0.012990455991516436,0.44606445960129465,34,False
oud,fresh,8298,33478,518,41258,0.012555140821174076,0.24600299054957595,35,False
oud,tropical,8298,6512,181,14629,0.012372684394011894,0.4419104941068065,36,False
oud,cacao,8298,2035,119,10214,0.011650675543371843,0.9297210837340989,37,False
oud,lactonic,8298,7015,126,15187,0.00829656943438467,0.2855702762750412,38,False
oud,aquatic,8298,8872,113,17057,0.006624846104238729,0.20250093942047373,39,False
ozonic,aquatic,5777,8872,3560,11089,0.32103886734601855,9.163674613408197,1,True
ozonic,green,5777,29755,2525,33007,0.07649892447056685,1.9379502449276558,2,True
ozonic,fresh,5777,33478,2658,36597,0.07262890400852529,1.8131622416320923,3,True
ozonic,floral,5777,46586,2264,50099,0.045190522764925446,1.109844655608768,4,True
ozonic,fruity,5777,43222,2094,46905,0.044643428205948195,1.106402155596413,5,True
ozonic,marine,5777,4326,419,9684,0.04326724494010739,2.2119163699434305,6,True
ozonic,citrus,5777,59969,2570,63176,0.04068000506521464,0.9786953193949123,7,True
ozonic,aromatic,5777,54606,2273,58110,0.03911547065909482,0.9506053756067883,8,True
ozonic,fresh spicy,5777,47271,1900,51148,0.03714710252600297,0.917909798981793,9,True
ozonic,musky,5777,41154,1607,45324,0.0354558291412938,0.8917539021726227,10,True
ozonic,woody,5777,81432,2844,84365,0.0337106620043857,0.7975826270430916,11,False
ozonic,white floral,5777,39497,1372,43902,0.031251423625347365,0.7932885689615462,12,False
ozonic,powdery,5777,62885,1942,66720,0.02910671462829736,0.7052504228444731,13,False
ozonic,salty,5777,2520,232,8065,0.028766274023558587,2.102464342727455,14,False
ozonic,sweet,5777,60625,1765,64637,0.027306341569070348,0.6648660436248258,15,False
ozonic,violet,5777,7614,342,13049,0.02620890489692697,1.0257804753585895,16,False
ozonic,iris,5777,7451,308,12920,0.023839009287925695,0.944011637092997,17,False
ozonic,earthy,5777,19049,574,24252,0.02366815108032327,0.6881465002390408,18,False
ozonic,rose,5777,25617,711,30683,0.0231724407652446,0.6338442097569293,19,False
ozonic,tropical,5777,6512,269,12020,0.02237936772046589,0.9433635308873322,20,False
ozonic,amber,5777,45478,1071,50184,0.021341463414634148,0.53781053892238,21,False
ozonic,herbal,5777,8607,298,14086,0.021155757489706092,0.7906889254208732,22,False
ozonic,mossy,5777,6173,245,11705,0.02093122597180692,0.9063814366791497,23,False
ozonic,lavender,5777,8336,283,13830,0.020462762111352135,0.7753002508125909,24,False
ozonic,leather,5777,10809,319,16267,0.019610253888239997,0.6739789941299502,25,False
ozonic,animalic,5777,18242,454,23565,0.019265860386165925,0.5683614275004883,26,False
ozonic,lactonic,5777,7015,229,12563,0.01822813022367269,0.7455023243917958,27,False
ozonic,soft spicy,5777,13661,346,19092,0.018122773936727427,0.5784086809262343,28,False
ozonic,yellow floral,5777,6986,225,12538,0.017945445844632316,0.7355210928793962,29,False
ozonic,warm spicy,5777,45319,842,50254,0.016754885183268994,0.424299937851752,30,False
ozonic,aldehydic,5777,3556,150,9183,0.01633453119895459,0.9633202765008364,31,False
ozonic,mineral,5777,770,100,6447,0.015511090429657206,2.965858790681363,32,False
ozonic,patchouli,5777,14822,295,20304,0.014529156816390859,0.454523562476907,33,False
ozonic,vanilla,5777,34562,576,39763,0.014485828534064332,0.38059651954256063,34,False
ozonic,smoky,5777,7407,143,13041,0.010965416762518212,0.44089470965562966,35,False
ozonic,balsamic,5777,18162,201,23738,0.008467436178279553,0.25273976711472007,36,False
patchouli,earthy,14822,19049,5618,28253,0.19884614023289562,2.625102747787933,1,True
patchouli,warm spicy,14822,45319,9630,50511,0.19065154124844094,1.8913971155684808,2,True
patchouli,woody,14822,81432,13108,83146,0.15765039809491738,1.4327752962889921,3,True
patchouli,balsamic,14822,18162,3826,29158,0.13121613279374442,1.8750724283261766,4,True
patchouli,amber,14822,45478,5422,54878,0.0988009767119793,1.0611943020291827,5,True
patchouli,rose,14822,25617,3587,36852,0.09733528709432324,1.2463495519698125,6,True
patchouli,citrus,14822,59969,6030,68761,0.08769505969953899,0.8950087037165487,7,True
patchouli,aromatic,14822,54606,5302,64126,0.08268097183669651,0.8642434806329127,8,True
patchouli,fresh spicy,14822,47271,4562,57531,0.07929637934331056,0.8590080716989216,9,True
patchouli,vanilla,14822,34562,3574,45810,0.07801790002182929,0.920433540256672,10,True
patchouli,white floral,14822,39497,3813,50506,0.0754959806755633,0.8592893887839692,11,False
patchouli,musky,14822,41154,3574,52402,0.06820350368306553,0.7729995630643705,12,False
patchouli,oud,14822,8298,1475,21645,0.06814506814506814,1.5821780070071656,13,False
patchouli,fruity,14822,43222,3692,54352,0.0679275831616132,0.7603150494313714,14,False
patchouli,powdery,14822,62885,4784,72923,0.06560344472937207,0.6771437265027916,15,False
patchouli,sweet,14822,60625,4623,70824,0.06527448322602508,0.6787485195453401,16,False
patchouli,leather,14822,10809,1479,24152,0.0612371646240477,1.2179218183261051,17,False
patchouli,floral,14822,46586,3121,58287,0.053545387479197765,0.5963141293164526,18,False
patchouli,mossy,14822,6173,935,20060,0.046610169491525424,1.3481930605953214,19,False
patchouli,lavender,14822,8336,1005,22153,0.04536631607457229,1.0731121431777373,20,False
patchouli,soft spicy,14822,13661,1100,27383,0.0401709089581127,0.7167157483996881,21,False
patchouli,green,14822,29755,1578,42999,0.03669852787274123,0.47204543034067564,22,False
patchouli,animalic,14822,18242,1088,31976,0.03402551913935452,0.5308761288490245,23,False
patchouli,iris,14822,7451,719,21554,0.03335807738702793,0.8589167665304928,24,False
patchouli,fresh,14822,33478,1495,46805,0.03194103194103194,0.3974828921337152,25,False
patchouli,smoky,14822,7407,649,21580,0.030074142724745134,0.7799003327857436,26,False
patchouli,cinnamon,14822,4259,534,18547,0.02879171833719739,1.1160158701287684,27,False
patchouli,tobacco,14822,4372,476,18718,0.025430067314884067,0.9690887522479319,28,False
patchouli,herbal,14822,8607,553,22876,0.024173806609547124,0.5718868123097628,29,False
patchouli,yellow floral,14822,6986,512,21296,0.02404207362885049,0.6523461944031865,30,False
patchouli,violet,14822,7614,502,21934,0.02288684234521747,0.5868506611173013,31,False
patchouli,honey,14822,3467,385,17904,0.021503574620196603,0.988424817886025,32,False
patchouli,caramel,14822,4008,360,18470,0.01949106659447753,0.799487248684388,33,False
patchouli,tuberose,14822,3931,346,18407,0.018797196718639646,0.7834473366146242,34,False
patchouli,metallic,14822,2235,285,16772,0.016992606725494873,1.135021494440968,35,False
patchouli,aquatic,14822,8872,361,23333,0.015471649594994214,0.3621782969750203,36,False
patchouli,marine,14822,4326,288,18860,0.015270413573700955,0.5925741826587199,37,False
patchouli,ozonic,14822,5777,295,20304,0.014529156816390859,0.454523562476907,38,False
patchouli,tropical,14822,6512,304,21030,0.014455539705183072,0.41552383948821675,39,False
patchouli,coffee,14822,1815,232,16405,0.014142029868942396,1.1377533136098414,40,False
patchouli,cacao,14822,2035,214,16643,0.012858258727392899,0.9360221226366147,41,False
patchouli,chocolate,14822,1554,164,16212,0.010115963483839132,0.9393546446575728,42,False
patchouli,cherry,14822,1803,145,16480,0.008798543689320388,0.7158285718947109,43,False
patchouli,lactonic,14822,7015,179,21658,0.00826484439929818,0.22712351936253183,44,False
patchouli,almond,14822,3438,149,18111,0.008227044337695322,0.3857599613925466,45,False
patchouli,anis,14822,1418,125,16115,0.007756748371082842,0.7846401653167184,46,False
patchouli,rum,14822,1166,122,15866,0.00768939871423169,0.9313180791707103,47,False
patchouli,nutty,14822,3619,140,18301,0.0076498551991694445,0.3443310651974025,48,False
patchouli,aldehydic,14822,3556,102,18276,0.005581089954038083,0.25531431934926635,49,False
powdery,musky,62885,41154,29198,74841,0.390133750217127,1.4884613024136775,1,True
powdery,woody,62885,81432,40120,104197,0.3850398763879958,1.0336233702641457,2,True
powdery,sweet,62885,60625,30926,92584,0.3340317981508684,1.0702087492387102,3,True
powdery,vanilla,62885,34562,22600,74847,0.3019493099255815,1.3718482401401981,4,True
powdery,floral,62885,46586,24536,84935,0.2888797315594278,1.1049556267757163,5,True
powdery,citrus,62885,59969,26439,96415,0.27422081626302963,0.9249424571834882,6,True
powdery,amber,62885,45478,21656,86707,0.24976068829506268,0.9990181594880965,7,True
powdery,white floral,62885,39497,19667,82715,0.23776824034334765,1.044649269686769,8,True
powdery,fruity,62885,43222,20312,85795,0.23675039337956758,0.985926014615362,9,True
powdery,warm spicy,62885,45319,19629,88575,0.22160880609652836,0.9086870816764779,10,True
powdery,aromatic,62885,54606,20183,97308,0.20741357339581534,0.7754286672513607,11,False
powdery,fresh spicy,62885,47271,16835,93321,0.1803988384179338,0.7471620898487588,12,False
powdery,fresh,62885,33478,13829,82534,0.16755518937649938,0.866618126753441,13,False
powdery,rose,62885,25617,12365,76137,0.16240461273756518,1.0126569545015671,14,False
powdery,animalic,62885,18242,9804,71323,0.13745916464534583,1.127528033279258,15,False
powdery,balsamic,62885,18162,8928,72119,0.1237953937242613,1.0313047248375182,16,False
powdery,green,62885,29755,10198,82442,0.12369908541762693,0.7190375156620498,17,False
powdery,violet,62885,7614,7239,63260,0.11443250079038887,1.994629332327833,18,False
powdery,iris,62885,7451,6811,63525,0.1072176308539945,1.9177536326570561,19,False
powdery,soft spicy,62885,13661,6662,69884,0.09532940301070345,1.0231012945905809,20,False
powdery,earthy,62885,19049,6983,74951,0.09316753612360075,0.7690708619856276,21,False
powdery,patchouli,62885,14822,4784,72923,0.06560344472937207,0.6771437265027916,22,False
powdery,lactonic,62885,7015,3776,66124,0.0571048333434154,1.1292778437781215,23,False
powdery,yellow floral,62885,6986,3645,66226,0.05503880651103796,1.094625216311381,24,False
powdery,leather,62885,10809,3665,70029,0.05233546102329035,0.7113526591636357,25,False
powdery,oud,62885,8298,3043,68140,0.04465805694159084,0.7693518794316191,26,False
powdery,aquatic,62885,8872,2944,68813,0.042782613750308805,0.6961659370343607,27,False
powdery,lavender,62885,8336,2793,68428,0.040816624773484536,0.7029261934582778,28,False
powdery,tropical,62885,6512,2448,66949,0.0365651466041315,0.7886667269667985,29,False
powdery,caramel,62885,4008,2205,64688,0.03408669304971556,1.1541901884392145,30,False
powdery,smoky,62885,7407,2009,68283,0.029421671572719417,0.5690285924301014,31,False
powdery,herbal,62885,8607,2042,69450,0.029402447804175665,0.4977375800528256,32,False
powdery,ozonic,62885,5777,1942,66720,0.02910671462829736,0.7052504228444731,33,False
powdery,almond,62885,3438,1852,64471,0.028726093902684928,1.130138336214249,34,False
powdery,tuberose,62885,3931,1598,65218,0.024502437977245547,0.8528452370133632,35,False
powdery,cinnamon,62885,4259,1604,65540,0.024473603906011596,0.7901203020014228,36,False
powdery,coconut,62885,3269,1562,64592,0.024182561307901907,1.0024497367856706,37,False
powdery,nutty,62885,3619,1498,65006,0.02304402670522721,0.8683998253543472,38,False
powdery,mossy,62885,6173,1532,67526,0.02268755738530344,0.5206657203838835,39,False
powdery,honey,62885,3467,1401,64951,0.021570106695816847,0.8477753616895006,40,False
powdery,aldehydic,62885,3556,1351,65090,0.02075587647872177,0.7970583097880833,41,False
powdery,tobacco,62885,4372,1220,66037,0.018474491572906097,0.5854316186308807,42,False
powdery,marine,62885,4326,1103,66108,0.01668481878138803,0.5349158844026576,43,False
powdery,cherry,62885,1803,730,63958,0.011413740267050252,0.8494222456004897,44,False
powdery,cacao,62885,2035,700,64220,0.010900031142946123,0.7216558285970706,45,False
powdery,metallic,62885,2235,696,64424,0.010803427294176084,0.6533233936668245,46,False
powdery,anis,62885,1418,634,63669,0.009957750239520018,0.938014440356291,47,False
powdery,salty,62885,2520,637,64768,0.009835103754940712,0.5303168040426528,48,False
powdery,coffee,62885,1815,601,64099,0.009376121312344967,0.6946952666888769,49,False
powdery,chocolate,62885,1554,594,63845,0.009303782598480696,0.8019216299410304,50,False
powdery,soapy,62885,1720,519,64086,0.00809849265050089,0.6330462028324128,51,False
powdery,sour,62885,1912,471,64326,0.007322078164350341,0.5168083434495391,52,False
powdery,rum,62885,1166,360,63691,0.005652289962475075,0.647739598174729,53,False
powdery,savory,62885,654,352,63187,0.00557076613860446,1.1291754109669148,54,False
powdery,conifer,62885,1828,292,64421,0.004532683441734838,0.3351221682314405,55,False
powdery,whiskey,62885,808,259,63434,0.004082983888766277,0.6724885595818865,56,False
powdery,bitter,62885,1034,204,63715,0.003201757827827042,0.4139101971315113,57,False
powdery,mineral,62885,770,192,63463,0.0030253848699242076,0.5231268373830193,58,False
powdery,camphor,62885,793,186,63492,0.0029295029295029295,0.4920806119298814,59,False
powdery,Champagne,62885,311,113,63083,0.0017912908390533106,0.7622800462335294,60,False
powdery,terpenic,62885,557,107,63335,0.0016894292255466962,0.4030185904023317,61,False
rose,floral,25617,46586,15238,56965,0.2674975862371632,1.6845652633074955,1,True
rose,fruity,25617,43222,9905,58934,0.16806936573115688,1.1802252859742683,2,True
rose,musky,25617,41154,9507,57264,0.16602053646269907,1.1897254032612463,3,True
rose,powdery,25617,62885,12365,76137,0.16240461273756518,1.0126569545015671,4,True
rose,citrus,25617,59969,11743,73843,0.15902658342700052,1.0084805999098025,5,True
rose,woody,25617,81432,14466,92583,0.15624898739509413,0.9148895215966786,6,True
rose,white floral,25617,39497,8503,56611,0.15020049107063999,1.1087237821515699,7,True
rose,fresh,25617,33478,7120,51975,0.136988936988937,1.0953067971221084,8,True
rose,sweet,25617,60625,9972,76270,0.13074603382719288,0.8471217108162307,9,True
rose,amber,25617,45478,7957,63138,0.12602553137571668,0.9010798848764486,10,True
rose,warm spicy,25617,45319,7695,63241,0.1216773928306004,0.8744673524753896,11,False
rose,fresh spicy,25617,47271,7176,65712,0.10920379839298758,0.781813084340766,12,False
rose,vanilla,25617,34562,5559,54620,0.1017759062614427,0.8283485232514322,13,False
rose,patchouli,25617,14822,3587,36852,0.09733528709432324,1.2463495519698125,14,False
rose,aromatic,25617,54606,7104,73119,0.09715668977967423,0.6700047508299476,15,False
rose,green,25617,29755,4473,50899,0.0878799190553842,0.7742019087882658,16,False
rose,oud,25617,8298,2600,31315,0.08302730320932461,1.6136718080256964,17,False
rose,soft spicy,25617,13661,2470,36808,0.06710497717887416,0.931171673365593,18,False
rose,animalic,25617,18242,2692,41167,0.06539218305924649,0.760007535458927,19,False
rose,earthy,25617,19049,2638,42028,0.06276767869039687,0.7132107878262677,20,False
rose,violet,25617,7614,1910,31321,0.06098145014526995,1.29192049798573,21,False
rose,balsamic,25617,18162,2209,41570,0.05313928313687755,0.626393638801235,22,False
rose,leather,25617,10809,1756,34670,0.05064897605999423,0.8366701769972008,23,False
rose,iris,25617,7451,1340,31728,0.04223398890569844,0.9262016047622047,24,False
rose,yellow floral,25617,6986,1228,31375,0.0391394422310757,0.9052844897575699,25,False
rose,aquatic,25617,8872,1294,33195,0.03898177436360898,0.7511523622250821,26,False
rose,herbal,25617,8607,1175,33049,0.0355532693878786,0.703074518014038,27,False
rose,tropical,25617,6512,1043,31086,0.03355208132278196,0.8248694336790132,28,False
rose,mossy,25617,6173,888,30902,0.028736004142126723,0.7408528961570573,29,False
rose,smoky,25617,7407,887,32137,0.027600584995488068,0.6167321226323613,30,False
rose,metallic,25617,2235,636,27216,0.023368606701940034,1.4655305712727993,31,False
rose,ozonic,25617,5777,711,30683,0.0231724407652446,0.6338442097569293,32,False
rose,aldehydic,25617,3556,582,28591,0.020356056101570423,0.8429009173946944,33,False
rose,lactonic,25617,7015,637,31995,0.01990936083763088,0.4676565819578505,34,False
rose,tuberose,25617,3931,540,29008,0.018615554329840044,0.7074667121322137,35,False
rose,lavender,25617,8336,618,33335,0.018539073046347682,0.3818089137813878,36,False
rose,cinnamon,25617,4259,515,29361,0.01754027451381084,0.6227516446117337,37,False
rose,honey,25617,3467,461,28623,0.016105928798518673,0.6847978338223827,38,False
rose,caramel,25617,4008,441,29184,0.015111019736842105,0.566664714837803,39,False
rose,tobacco,25617,4372,423,29566,0.01430697422715281,0.4982823548849169,40,False
rose,almond,25617,3438,394,28661,0.013746903457660236,0.5902087498569056,41,False
rose,cherry,25617,1803,365,27055,0.013491036776935871,1.0425873036379514,42,False
rose,soapy,25617,1720,341,26996,0.012631500963105646,1.021036402970048,43,False
rose,nutty,25617,3619,321,28915,0.01110150440947605,0.45680594095501414,44,False
rose,sour,25617,1912,279,27250,0.010238532110091743,0.7515045415545999,45,False
rose,marine,25617,4326,301,29642,0.010154510491869644,0.3583399878696047,46,False
rose,coffee,25617,1815,181,27251,0.006641958093280981,0.5135908048320615,47,False
rose,cacao,25617,2035,179,27473,0.006515487933607542,0.4530059555238148,48,False
rose,coconut,25617,3269,164,28722,0.005709908780725576,0.2583712709993112,49,False
rose,chocolate,25617,1554,142,27029,0.0052536164859965226,0.47060075986179745,50,False
rose,salty,25617,2520,138,27999,0.004928747455266259,0.2820290469312603,51,False
rose,anis,25617,1418,131,26904,0.0048691644365150165,0.47578457601514507,52,False
rose,conifer,25617,1828,101,27344,0.0036936805149210064,0.2845512361056051,53,False
rum,tobacco,1166,4372,199,5339,0.037272897546356994,5.150126957921845,1,True
rum,cinnamon,1166,4259,137,5288,0.025907715582450832,3.6396358916261278,2,True
rum,warm spicy,1166,45319,814,45671,0.017823126272689453,2.032305996859995,3,True
rum,vanilla,1166,34562,565,35163,0.01606802605010949,1.849671453285085,4,True
rum,sweet,1166,60625,908,60883,0.01491385115713746,1.694646460716875,5,True
rum,leather,1166,10809,142,11833,0.012000338037691202,1.4864415604365018,6,True
rum,woody,1166,81432,938,81660,0.011486651971589518,1.3033250695905219,7,True
rum,amber,1166,45478,465,46179,0.010069512115896836,1.1569020951226903,8,True
rum,fruity,1166,43222,341,44047,0.007741730424319477,0.8926773838969149,9,True
rum,patchouli,1166,14822,122,15866,0.00768939871423169,0.9313180791707103,10,True
rum,balsamic,1166,18162,139,19189,0.0072437333889207355,0.8659566285742025,11,False
rum,powdery,1166,62885,360,63691,0.005652289962475075,0.647739598174729,12,False
rum,aromatic,1166,54606,294,55478,0.005299397959551534,0.6091888946665428,13,False
rum,citrus,1166,59969,284,60851,0.004667137762731919,0.5358417457939317,14,False
rum,fresh spicy,1166,47271,219,48218,0.0045418723298353315,0.5241967658252245,15,False
rum,musky,1166,41154,163,42157,0.0038664990393054532,0.44814707189854014,16,False
rum,green,1166,29755,100,30821,0.00324454105966711,0.3802638644412502,17,False
rum,white floral,1166,39497,121,40542,0.0029845592225346555,0.3466300999216086,18,False
rum,fresh,1166,33478,102,34542,0.0029529268716345317,0.344735238430563,19,False
rum,floral,1166,46586,126,47626,0.0026456137403939027,0.3060272747376088,20,False
salty,marine,2520,4326,1996,4850,0.41154639175257735,24.155556289398177,1,True
salty,aquatic,2520,8872,1036,10356,0.10003862495171881,6.113377918044284,2,True
salty,mineral,2520,770,134,3156,0.042458808618504436,9.110812203669347,3,True
salty,aromatic,2520,54606,1804,55322,0.032609088608510174,1.7295741673831995,4,True
salty,ozonic,2520,5777,232,8065,0.028766274023558587,2.102464342727455,5,True
salty,coconut,2520,3269,119,5670,0.020987654320987655,1.905790081914279,6,True
salty,citrus,2520,59969,1112,61377,0.018117535884777686,0.9707804058551945,7,True
salty,fresh,2520,33478,608,35390,0.01717999434868607,0.9507954524980632,8,True
salty,animalic,2520,18242,342,20420,0.016748285994123407,0.9815144016163642,9,True
salty,fresh spicy,2520,47271,770,49021,0.015707553905469084,0.8527838303493568,10,True
salty,herbal,2520,8607,170,10957,0.015515195765264214,1.0340466692854284,11,False
salty,woody,2520,81432,1271,82681,0.015372334635526905,0.817134356526119,12,False
salty,amber,2520,45478,693,47305,0.014649614205686503,0.7977648533356788,13,False
salty,musky,2520,41154,626,43048,0.014541906708790188,0.7963524153566434,14,False
salty,tropical,2520,6512,127,8905,0.014261650758001123,1.0210155366405367,15,False
salty,green,2520,29755,431,31844,0.013534731817610854,0.7583336667440179,16,False
salty,mossy,2520,6173,111,8582,0.012934048007457469,0.941390309566237,17,False
salty,lactonic,2520,7015,113,9422,0.011993207386966675,0.8433226985258346,18,False
salty,white floral,2520,39497,494,41523,0.011897020928160296,0.6547957630698092,19,False
salty,soft spicy,2520,13661,180,16001,0.011249296918942567,0.6898156378428687,20,False
salty,floral,2520,46586,545,48561,0.011222997878956364,0.6124689855048762,21,False
salty,balsamic,2520,18162,221,20461,0.010801036117491813,0.6370472187700467,22,False
salty,lavender,2520,8336,116,10740,0.01080074487895717,0.7285230630959998,23,False
salty,sweet,2520,60625,663,62482,0.010611055984123428,0.5725386352479136,24,False
salty,powdery,2520,62885,637,64768,0.009835103754940712,0.5303168040426528,25,False
salty,fruity,2520,43222,415,45327,0.009155690868577229,0.5026738110295095,26,False
salty,earthy,2520,19049,182,21387,0.008509842427642961,0.500198318955209,27,False
salty,vanilla,2520,34562,304,36778,0.008265811082712491,0.46048738728560495,28,False
salty,warm spicy,2520,45319,343,47496,0.007221660771433384,0.3962386391775831,29,False
salty,rose,2520,25617,138,27999,0.004928747455266259,0.2820290469312603,30,False
sand,aromatic,215,54606,109,54712,0.0019922503289954673,1.224873491199962,1,True
sand,woody,215,81432,105,81542,0.0012876799686051361,0.7912237232606117,2,True
savory,lactonic,654,7015,504,7165,0.07034193998604327,14.493346498656221,1,True
savory,nutty,654,3619,100,4173,0.023963575365444523,5.574131769720292,2,True
savory,vanilla,654,34562,318,34898,0.009112270044128604,1.8560687906164113,3,True
savory,sweet,654,60625,547,60732,0.009006783903049462,1.820125729058293,4,True
savory,balsamic,654,18162,135,18681,0.007226593865424763,1.4994635437030033,5,True
savory,powdery,654,62885,352,63187,0.00557076613860446,1.1291754109669148,6,True
savory,animalic,654,18242,103,18793,0.005480764114297877,1.1390180002662136,7,True
savory,musky,654,41154,182,41626,0.004372267332916927,0.8921238477864675,8,True
savory,fruity,654,43222,164,43712,0.003751830161054173,0.7654288074215235,9,True
savory,fresh,654,33478,111,34021,0.0032626906910437673,0.6688508570053674,10,True
savory,warm spicy,654,45319,145,45828,0.003164004538709959,0.6454364652396505,11,False
savory,floral,654,46586,148,47092,0.003142784337042385,0.6408731948318004,12,False
savory,woody,654,81432,204,81882,0.0024913900490950392,0.5053600189633091,13,False
smoky,leather,7407,10809,3204,15012,0.21342925659472423,5.27968738530411,1,True
smoky,balsamic,7407,18162,3184,22385,0.1422381058744695,3.1225586584665526,2,True
smoky,amber,7407,45478,4925,47960,0.10268974145120933,1.9288839317491897,3,True
smoky,animalic,7407,18242,2183,23466,0.09302821102872241,2.1314860865752396,4,True
smoky,warm spicy,7407,45319,4368,48358,0.09032631622482319,1.7167360586482336,5,True
smoky,oud,7407,8298,1194,14511,0.0822824064502791,2.562902673312976,6,True
smoky,woody,7407,81432,5322,83517,0.06372355328855203,1.1640750652426468,7,True
smoky,tobacco,7407,4372,578,11201,0.05160253548790287,2.3547722160400433,8,True
smoky,aromatic,7407,54606,2870,59143,0.04852645283465499,0.9361441975232163,9,True
smoky,fresh spicy,7407,47271,2393,52285,0.04576838481400019,0.9016731275935097,10,True
smoky,earthy,7407,19049,1016,25440,0.03993710691823899,0.9499981158210906,11,False
smoky,musky,7407,41154,1537,47024,0.03268543722354542,0.6652165293205429,12,False
smoky,patchouli,7407,14822,649,21580,0.030074142724745134,0.7799003327857436,13,False
smoky,sweet,7407,60625,1981,66051,0.029991975897412607,0.5820146837972996,14,False
smoky,powdery,7407,62885,2009,68283,0.029421671572719417,0.5690285924301014,15,False
smoky,metallic,7407,2235,262,9380,0.027931769722814498,2.0879734962604153,16,False
smoky,rose,7407,25617,887,32137,0.027600584995488068,0.6167321226323613,17,False
smoky,vanilla,7407,34562,1093,40876,0.02673940698698503,0.5632776427898836,18,False
smoky,soft spicy,7407,13661,540,20528,0.026305533904910368,0.7040645635334261,19,False
smoky,green,7407,29755,948,36214,0.026177721323245154,0.5674787461991303,20,False
smoky,herbal,7407,8607,406,15608,0.02601230138390569,0.8401860150408655,21,False
smoky,coffee,7407,1815,219,9003,0.02432522492502499,2.149159774035506,22,False
smoky,fruity,7407,43222,1116,49513,0.02253953507159736,0.4598969754219829,23,False
smoky,cannabis,7407,388,171,7624,0.022429171038824764,7.849926720196415,24,False
smoky,citrus,7407,59969,1478,65898,0.022428601778506176,0.4389841551342187,25,False
smoky,mossy,7407,6173,275,13305,0.02066892145809846,0.7934830146421054,26,False
smoky,iris,7407,7451,297,14561,0.020396950758876452,0.7099750773502314,27,False
smoky,cinnamon,7407,4259,210,11456,0.01833100558659218,0.8782393104407782,28,False
smoky,floral,7407,46586,948,53045,0.017871618437175982,0.36245503140761437,29,False
smoky,violet,7407,7614,235,14786,0.015893412687677532,0.5497385689546258,30,False
smoky,white floral,7407,39497,713,46191,0.01543590742785391,0.3215338033049245,31,False
smoky,fresh,7407,33478,608,40277,0.015095463912406584,0.32347840425207497,32,False
smoky,whiskey,7407,808,119,8096,0.014698616600790514,2.6232327060166525,33,False
smoky,lavender,7407,8336,227,15516,0.01463005929363238,0.48503085735934287,34,False
smoky,conifer,7407,1828,126,9109,0.013832473377977824,1.227709373030834,35,False
smoky,honey,7407,3467,148,10726,0.01379824724967369,0.7603421937846039,36,False
smoky,ozonic,7407,5777,143,13041,0.010965416762518212,0.44089470965562966,37,False
smoky,caramel,7407,4008,122,11293,0.010803152395289117,0.5421673192025561,38,False
smoky,lactonic,7407,7015,141,14281,0.009873258175197816,0.35800793705093553,39,False
smoky,marine,7407,4326,114,11619,0.009811515620965659,0.4693745673349066,40,False
smoky,aquatic,7407,8872,141,16138,0.008737142148965175,0.28307322795449874,41,False
smoky,yellow floral,7407,6986,117,14276,0.00819557298963295,0.29830360251835036,42,False
smoky,tropical,7407,6512,102,13817,0.007382210320619527,0.27898894697193605,43,False
soapy,aldehydic,1720,3556,356,4920,0.07235772357723577,7.678976901143171,1,True
soapy,white floral,1720,39497,1494,39723,0.03761045238275055,2.901359891331164,2,True
soapy,animalic,1720,18242,703,19259,0.03650241445557921,2.9559561630074223,3,True
soapy,fresh,1720,33478,1049,34149,0.03071832264487979,2.403427901975195,4,True
soapy,green,1720,29755,702,30773,0.02281220550482566,1.809640357493171,5,True
soapy,citrus,1720,59969,1239,60450,0.020496277915632754,1.58474582022417,6,True
soapy,floral,1720,46586,857,47449,0.018061497607958017,1.4110438658584923,7,True
soapy,sweet,1720,60625,958,61387,0.015605910046100966,1.2120732678014865,8,True
soapy,rose,1720,25617,341,26996,0.012631500963105646,1.021036402970048,9,True
soapy,musky,1720,41154,400,42474,0.009417526015915618,0.7455264457607331,10,True
soapy,fresh spicy,1720,47271,419,48572,0.008626369101539981,0.6798832609402589,11,False
soapy,powdery,1720,62885,519,64086,0.00809849265050089,0.6330462028324128,12,False
soapy,aromatic,1720,54606,385,55941,0.006882250942957759,0.5407985024220014,13,False
soapy,fruity,1720,43222,242,44700,0.005413870246085011,0.429462870437428,14,False
soapy,vanilla,1720,34562,190,36092,0.005264324504045218,0.4216672296365278,15,False
soapy,amber,1720,45478,208,46990,0.0044264737178123,0.35081414269306804,16,False
soapy,woody,1720,81432,363,82789,0.004384640471560231,0.3419216804090501,17,False
soapy,warm spicy,1720,45319,114,46925,0.00242940863079382,0.1929477189350737,18,False
soft spicy,sweet,13661,60625,6894,67392,0.10229700854700854,1.0981978738481206,1,True
soft spicy,powdery,13661,62885,6662,69884,0.09532940301070345,1.0231012945905809,2,True
soft spicy,aromatic,13661,54606,5767,62500,0.092272,1.0199306846895493,3,True
soft spicy,vanilla,13661,34562,4065,44158,0.09205579962860637,1.1358546365846205,4,True
soft spicy,floral,13661,46586,4876,55371,0.08806053710426036,1.010809571581711,5,True
soft spicy,musky,13661,41154,4309,50506,0.0853165960479943,1.0111731099895245,6,True
soft spicy,fruity,13661,43222,4461,52422,0.08509785967723475,0.996755028592812,7,True
soft spicy,animalic,13661,18242,2497,29406,0.08491464327008094,1.321926053487063,8,True
soft spicy,amber,13661,45478,4565,54574,0.08364789093707627,0.9693943756220093,9,True
soft spicy,balsamic,13661,18162,2407,29416,0.08182621702474843,1.2798924878333326,10,True
soft spicy,woody,13661,81432,7114,87979,0.0808602052762591,0.8436840341217009,11,False
soft spicy,anis,13661,1418,1124,13955,0.08054460766750268,7.655104990899423,12,False
soft spicy,citrus,13661,59969,4708,68922,0.06830910304402078,0.7581771969100561,13,False
soft spicy,fresh spicy,13661,47271,3856,57076,0.06755904408157544,0.7877770174802611,14,False
soft spicy,rose,13661,25617,2470,36808,0.06710497717887416,0.931171673365593,15,False
soft spicy,green,13661,29755,2712,40704,0.06662735849056604,0.8802191274615371,16,False
soft spicy,warm spicy,13661,45319,3657,55323,0.06610270592701047,0.7793018607268296,17,False
soft spicy,white floral,13661,39497,3237,49921,0.06484245107269486,0.7914794813723351,18,False
soft spicy,herbal,13661,8607,1346,20922,0.0643341936717331,1.5102690693053349,19,False
soft spicy,fresh,13661,33478,2844,44295,0.06420589231290214,0.8204104019461036,20,False
soft spicy,earthy,13661,19049,1390,31320,0.04438058748403576,0.704699055720627,21,False
soft spicy,lactonic,13661,7015,812,19864,0.04087797019734193,1.1178651704914797,22,False
soft spicy,patchouli,13661,14822,1100,27383,0.0401709089581127,0.7167157483996881,23,False
soft spicy,lavender,13661,8336,733,21264,0.03447140707298721,0.8491948267206716,24,False
soft spicy,leather,13661,10809,787,23683,0.03323058734113077,0.7031537327923699,25,False
soft spicy,smoky,13661,7407,540,20528,0.026305533904910368,0.7040645635334261,26,False
soft spicy,iris,13661,7451,539,20573,0.026199387546784622,0.6986107640802962,27,False
soft spicy,aquatic,13661,8872,540,21993,0.024553266948574546,0.5878050295414886,28,False
soft spicy,oud,13661,8298,511,21448,0.023825065274151437,0.5947145183330781,29,False
soft spicy,violet,13661,7614,489,20786,0.023525449821995573,0.6202361251211294,30,False
soft spicy,caramel,13661,4008,379,17290,0.021920185078079815,0.9132140155674304,31,False
soft spicy,yellow floral,13661,6986,420,20227,0.02076432491224601,0.5806063484849796,32,False
soft spicy,cinnamon,13661,4259,351,17569,0.019978370994365075,0.7959037436862777,33,False
soft spicy,ozonic,13661,5777,346,19092,0.018122773936727427,0.5784086809262343,34,False
soft spicy,sour,13661,1912,260,15313,0.016979037419186313,1.3132473440104822,35,False
soft spicy,mossy,13661,6173,322,19512,0.016502665026650265,0.5037565033850075,36,False
soft spicy,marine,13661,4326,290,17697,0.01638695824150986,0.6473997895612683,37,False
soft spicy,tropical,13661,6512,317,19856,0.01596494762288477,0.47011698414414177,38,False
soft spicy,tuberose,13661,3931,252,17340,0.01453287197231834,0.6190968125946682,39,False
soft spicy,tobacco,13661,4372,255,17778,0.014343570705366182,0.5632758067472646,40,False
soft spicy,almond,13661,3438,210,16889,0.01243412872283735,0.589894699027933,41,False
soft spicy,coffee,13661,1815,173,15303,0.011304972881134419,0.9205143112151117,42,False
soft spicy,salty,13661,2520,180,16001,0.011249296918942567,0.6898156378428687,43,False
soft spicy,nutty,13661,3619,191,17089,0.01117678038504301,0.5096896975937637,44,False
soft spicy,cacao,13661,2035,144,15552,0.009259259259259259,0.6833750987180458,45,False
soft spicy,aldehydic,13661,3556,153,17064,0.008966244725738396,0.4155188684644051,46,False
soft spicy,cherry,13661,1803,132,15332,0.008609444299504304,0.7070323342948537,47,False
soft spicy,honey,13661,3467,145,16983,0.008537949714420302,0.40390128203663783,48,False
sour,conifer,1912,1828,176,3564,0.04938271604938271,6.6434267507759355,1,True
sour,terpenic,1912,557,103,2366,0.04353338968723584,12.759618923852377,2,True
sour,fruity,1912,43222,1756,43378,0.04048134999308405,2.803337115822583,3,True
sour,tropical,1912,6512,271,8153,0.033239298417760334,2.8715115898039536,4,True
sour,sweet,1912,60625,1761,60776,0.028975253389495855,2.0043025492818014,5,True
sour,fresh,1912,33478,814,34576,0.02354234150856085,1.6777242208147185,6,True
sour,soft spicy,1912,13661,260,15313,0.016979037419186313,1.3132473440104822,7,True
sour,lactonic,1912,7015,134,8793,0.015239394973274195,1.3180527679777643,8,True
sour,floral,1912,46586,701,47797,0.014666192438855995,1.0382890409908196,9,True
sour,green,1912,29755,425,31242,0.013603482491517828,0.9855635879909076,10,True
sour,animalic,1912,18242,229,19925,0.0114930991217064,0.8662010492132964,11,False
sour,aquatic,1912,8872,113,10671,0.010589448036735076,0.8788456042422025,12,False
sour,rose,1912,25617,279,27250,0.010238532110091743,0.7515045415545999,13,False
sour,fresh spicy,1912,47271,458,48725,0.009399692149820421,0.6685384078927441,14,False
sour,citrus,1912,59969,480,61401,0.007817462256315045,0.5522937199561475,15,False
sour,powdery,1912,62885,471,64326,0.007322078164350341,0.5168083434495391,16,False
sour,vanilla,1912,34562,261,36213,0.00720735647419435,0.5210714950683497,17,False
sour,woody,1912,81432,593,82751,0.007166076542881657,0.5024759344347066,18,False
sour,musky,1912,41154,291,42775,0.006803039158386908,0.48790650710272243,19,False
sour,balsamic,1912,18162,107,19967,0.005358842089447588,0.40651425639721356,20,False
sour,aromatic,1912,54606,283,56235,0.005032453098604072,0.3576034872560635,21,False
sour,white floral,1912,39497,181,41228,0.004390220238672747,0.31620602401559444,22,False
sour,warm spicy,1912,45319,155,47076,0.0032925482198997366,0.23599731092679038,23,False
sour,amber,1912,45478,141,47249,0.0029841901415902984,0.21393085644794735,24,False
sweet,fruity,60625,43222,31001,72846,0.42556900859347113,1.5608553414235877,1,True
sweet,vanilla,60625,34562,24872,70315,0.3537225343098912,1.5660428967634439,2,True
sweet,powdery,60625,62885,30926,92584,0.3340317981508684,1.0702087492387102,3,True
sweet,woody,60625,81432,31453,110604,0.2843748869841959,0.8405407717323821,4,True
sweet,citrus,60625,59969,24700,95894,0.25757607358124596,0.8963176679084881,5,True
sweet,floral,60625,46586,21498,85713,0.2508137622064331,1.0042329039165343,6,True
sweet,white floral,60625,39497,19304,80818,0.23885768021975304,1.0635918719130175,7,True
sweet,musky,60625,41154,18170,83609,0.21732110179526126,0.9608037399378447,8,True
sweet,amber,60625,45478,18772,87331,0.21495230788608857,0.8982578040452776,9,True
sweet,warm spicy,60625,45319,17404,88540,0.1965665236051502,0.8357195605129548,10,True
sweet,fresh,60625,33478,14194,79909,0.17762705077025115,0.9226502562384407,11,False
sweet,aromatic,60625,54606,16357,98874,0.16543277302425308,0.6518611519220538,12,False
sweet,fresh spicy,60625,47271,13591,94305,0.14411749111924077,0.6256744687955192,13,False
sweet,rose,60625,25617,9972,76270,0.13074603382719288,0.8471217108162307,14,False
sweet,green,60625,29755,9818,80562,0.12186887117996077,0.7180503264633684,15,False
sweet,balsamic,60625,18162,8061,70726,0.11397505867714844,0.965866405103212,16,False
sweet,animalic,60625,18242,7855,71012,0.11061510730580747,0.9370560064742404,17,False
sweet,soft spicy,60625,13661,6894,67392,0.10229700854700854,1.0981978738481206,18,False
sweet,lactonic,60625,7015,5676,61964,0.0916015751081273,1.7607857801030193,19,False
sweet,tropical,60625,6512,5243,61894,0.08470934177787831,1.7520934927429772,20,False
sweet,yellow floral,60625,6986,5014,62597,0.08009968528843235,1.5618796237541357,21,False
sweet,patchouli,60625,14822,4623,70824,0.06527448322602508,0.6787485195453401,22,False
sweet,caramel,60625,4008,3745,60888,0.061506372355800816,2.033367697594502,23,False
sweet,tobacco,60625,4372,3233,61764,0.05234440774561233,1.6092271908395506,24,False
sweet,earthy,60625,19049,3942,75732,0.05205197274599905,0.4503355675785671,25,False
sweet,nutty,60625,3619,3175,61069,0.05199037154693871,1.9091803568223835,26,False
sweet,aquatic,60625,8872,3391,66106,0.051296402747103134,0.8317600699060174,27,False
sweet,honey,60625,3467,3069,61023,0.0502925126591613,1.926348493453742,28,False
sweet,coconut,60625,3269,3039,60855,0.04993837811190535,2.0230545360509375,29,False
sweet,almond,60625,3438,2792,61271,0.0455680501379119,1.7672636812339948,30,False
sweet,leather,60625,10809,3013,68421,0.0440361877201444,0.6066042177528653,31,False
sweet,violet,60625,7614,2606,65633,0.03970563588438743,0.7448234641016683,32,False
sweet,oud,60625,8298,2432,66491,0.036576378758027404,0.6377962345913685,33,False
sweet,iris,60625,7451,2279,65797,0.03463683754578476,0.6656126583714633,34,False
sweet,herbal,60625,8607,2296,66936,0.03430142225409346,0.5805129222318444,35,False
sweet,lavender,60625,8336,2254,66707,0.03378955731782272,0.5884208006015395,36,False
sweet,cinnamon,60625,4259,2034,62850,0.03236276849642005,1.039286101233773,37,False
sweet,smoky,60625,7407,1981,66051,0.029991975897412607,0.5820146837972996,38,False
sweet,tuberose,60625,3931,1878,62678,0.02996266632630269,1.0396432900523724,39,False
sweet,sour,60625,1912,1761,60776,0.028975253389495855,2.0043025492818014,40,False
sweet,cacao,60625,2035,1676,60984,0.0274826183917093,1.7922616479647409,41,False
sweet,ozonic,60625,5777,1765,64637,0.027306341569070348,0.6648660436248258,42,False
sweet,cherry,60625,1803,1599,60829,0.026286803991517203,1.9299432903923015,43,False
sweet,chocolate,60625,1554,1461,60718,0.024062057380019104,2.045931138797118,44,False
sweet,aldehydic,60625,3556,1402,62779,0.022332308574523327,0.8579817935129243,45,False
sweet,mossy,60625,6173,1329,65469,0.02029968381982312,0.46851177976589103,46,False
sweet,coffee,60625,1815,1136,61304,0.018530601592065772,1.3620514498310188,47,False
sweet,soapy,60625,1720,958,61387,0.015605910046100966,1.2120732678014865,48,False
sweet,marine,60625,4326,992,63959,0.015509936052783814,0.4990188693633794,49,False
sweet,rum,60625,1166,908,60883,0.01491385115713746,1.694646460716875,50,False
sweet,conifer,60625,1828,702,61751,0.011368236951628313,0.8357044823930159,51,False
sweet,anis,60625,1418,658,61385,0.010719231082512014,1.0098142003402497,52,False
sweet,salty,60625,2520,663,62482,0.010611055984123428,0.5725386352479136,53,False
sweet,whiskey,60625,808,575,60858,0.00944822373393802,1.5486322343574563,54,False
sweet,metallic,60625,2235,567,62293,0.009102146308573996,0.5520740607486335,55,False
sweet,savory,60625,654,547,60732,0.009006783903049462,1.820125729058293,56,False
sweet,bitter,60625,1034,473,61186,0.007730526591050241,0.9954797104628208,57,False
sweet,terpenic,60625,557,469,60713,0.007724869467824025,1.8323543282311352,58,False
sweet,Champagne,60625,311,207,60729,0.0034085856839401276,1.4484441939868067,59,False
sweet,mineral,60625,770,193,61202,0.0031534917159569947,0.5454543312357746,60,False
sweet,beeswax,60625,349,182,60792,0.0029938149756546916,1.1348481966147757,61,False
sweet,camphor,60625,793,180,61238,0.002939351383128123,0.4939592568999363,62,False
sweet,wine,60625,236,157,60704,0.0025863205060622035,1.44770295299668,63,False
sweet,gourmand,60625,151,138,60638,0.0022758006530558396,1.988812999248993,64,False
sweet,alcohol,60625,154,116,60663,0.001912203484826006,1.6391891819520685,65,False
terpenic,tropical,557,6512,316,6753,0.04679401747371539,11.493731776496588,1,True
terpenic,sour,557,1912,103,2366,0.04353338968723584,12.759618923852377,2,True
terpenic,aldehydic,557,3556,135,3978,0.033936651583710405,8.992084584579532,3,True
terpenic,fruity,557,43222,409,43370,0.009430481899930827,2.241335223343189,4,True
terpenic,sweet,557,60625,469,60713,0.007724869467824025,1.8323543282311352,5,True
terpenic,fresh,557,33478,211,33824,0.006238174077578051,1.4928333116858115,6,True
terpenic,fresh spicy,557,47271,274,47554,0.0057618707153972324,1.3729165501168688,7,True
terpenic,citrus,557,59969,342,60184,0.005682573441446232,1.3507894698317051,8,True
terpenic,vanilla,557,34562,138,34981,0.003944998713587376,0.9457330967261292,9,True
terpenic,woody,557,81432,180,81809,0.002200246916598418,0.5235591705597278,10,True
terpenic,aromatic,557,54606,121,55042,0.0021983212819301624,0.5248477899884211,11,False
terpenic,floral,557,46586,100,47043,0.002125714771591948,0.5084320799407994,12,False
terpenic,powdery,557,62885,107,63335,0.0016894292255466962,0.4030185904023317,13,False
tobacco,leather,4372,10809,1285,13896,0.09247265400115141,3.5874100460317497,1,True
tobacco,whiskey,4372,808,429,4751,0.09029677962534204,16.021727487250097,2,True
tobacco,metallic,4372,2235,487,6120,0.0795751633986928,6.575288954931832,3,True
tobacco,warm spicy,4372,45319,2634,47057,0.05597466901842446,1.7538759042410488,4,True
tobacco,sweet,4372,60625,3233,61764,0.05234440774561233,1.6092271908395506,5,True
tobacco,smoky,4372,7407,578,11201,0.05160253548790287,2.3547722160400433,6,True
tobacco,oud,4372,8298,588,12082,0.04866743916570104,2.1382934456367644,7,True
tobacco,cinnamon,4372,4259,387,8244,0.04694323144104803,2.741995477205904,8,True
tobacco,honey,4372,3467,321,7518,0.0426975259377494,2.7939240746170073,9,True
tobacco,amber,4372,45478,1902,47948,0.03966797363810795,1.2620383856312576,10,True
tobacco,rum,4372,1166,199,5339,0.037272897546356994,5.150126957921845,11,False
tobacco,woody,4372,81432,2756,83048,0.03318562758886427,1.0212863350778612,12,False
tobacco,vanilla,4372,34562,1236,37698,0.03278688524590164,1.0791529792806944,13,False
tobacco,cacao,4372,2035,193,6214,0.03105889925973608,2.8619121908234444,14,False
tobacco,animalic,4372,18242,649,21965,0.029547006601411335,1.0735830708679979,15,False
tobacco,aromatic,4372,54606,1600,57378,0.02788525218724947,0.8841847641219497,16,False
tobacco,coffee,4372,1815,160,6027,0.02654720424755268,2.6601538969500376,17,False
tobacco,balsamic,4372,18162,577,21957,0.026278635514869975,0.9586841583217748,18,False
tobacco,fresh spicy,4372,47271,1299,50344,0.025802478944859368,0.8292352790995866,19,False
tobacco,patchouli,4372,14822,476,18718,0.025430067314884067,0.9690887522479319,20,False
tobacco,earthy,4372,19049,570,22851,0.02494420375475909,0.9029549497643122,21,False
tobacco,herbal,4372,8607,310,12669,0.024469176730602258,1.08685923530189,22,False
tobacco,lavender,4372,8336,255,12453,0.020476993495543244,0.9230939054671764,23,False
tobacco,fruity,4372,43222,949,46645,0.020345160252974594,0.6625593126031214,24,False
tobacco,powdery,4372,62885,1220,66037,0.018474491572906097,0.5854316186308807,25,False
tobacco,green,4372,29755,576,33551,0.01716789365443653,0.5841520941916164,26,False
tobacco,mossy,4372,6173,176,10369,0.016973671520879544,0.8603591860134052,27,False
tobacco,citrus,4372,59969,995,63346,0.015707384838821708,0.5006793537441737,28,False
tobacco,musky,4372,41154,676,44850,0.015072463768115942,0.4956761831055121,29,False
tobacco,soft spicy,4372,13661,255,17778,0.014343570705366182,0.5632758067472646,30,False
tobacco,rose,4372,25617,423,29566,0.01430697422715281,0.4982823548849169,31,False
tobacco,floral,4372,46586,666,50292,0.013242662848962061,0.43140206138837794,32,False
tobacco,iris,4372,7451,138,11685,0.011810012836970476,0.5588920502022178,33,False
tobacco,white floral,4372,39497,483,43386,0.011132623426911906,0.36901704765421517,34,False
tobacco,yellow floral,4372,6986,121,11237,0.01076799857613242,0.5226611241041749,35,False
tobacco,fresh,4372,33478,284,37566,0.0075600276846084224,0.25598955428226494,36,False
tropical,coconut,6512,3269,1317,8464,0.15560018903591682,8.162064547235854,1,True
tropical,fruity,6512,43222,5314,44420,0.11963079693831608,2.4908401735307013,2,True
tropical,lactonic,6512,7015,1416,12111,0.11691850383948477,4.089448549177701,3,True
tropical,fresh,6512,33478,3149,36841,0.08547542140549931,1.9056464324438815,4,True
tropical,sweet,6512,60625,5243,61894,0.08470934177787831,1.7520934927429772,5,True
tropical,vanilla,6512,34562,2238,38836,0.05762694407251004,1.3118687500595376,6,True
tropical,floral,6512,46586,2816,50282,0.05600413666918579,1.2246342422790282,7,True
tropical,terpenic,6512,557,316,6753,0.04679401747371539,11.493731776496588,8,True
tropical,citrus,6512,59969,2686,63795,0.04210361313582569,0.9074200519572295,9,True
tropical,aquatic,6512,8872,615,14769,0.041641275644931953,1.4043739116298855,10,True
tropical,white floral,6512,39497,1836,44173,0.0415638512213343,0.9417545723467692,11,False
tropical,nutty,6512,3619,390,9741,0.04003695719125346,2.183258675038172,12,False
tropical,musky,6512,41154,1684,45982,0.03662302640163542,0.8290089218431542,13,False
tropical,powdery,6512,62885,2448,66949,0.0365651466041315,0.7886667269667985,14,False
tropical,rose,6512,25617,1043,31086,0.03355208132278196,0.8248694336790132,15,False
tropical,sour,6512,1912,271,8153,0.033239298417760334,2.8715115898039536,16,False
tropical,woody,6512,81432,2594,85350,0.030392501464557704,0.6453629675612435,17,False
tropical,caramel,6512,4008,264,10256,0.02574102964118565,1.3344594594594594,18,False
tropical,green,6512,29755,818,35449,0.023075404101667182,0.5569580938846609,19,False
tropical,amber,6512,45478,1153,50837,0.022680331254794735,0.5136379695644615,20,False
tropical,ozonic,6512,5777,269,12020,0.02237936772046589,0.9433635308873322,21,False
tropical,yellow floral,6512,6986,290,13208,0.021956390066626287,0.8410050181092266,22,False
tropical,marine,6512,4326,200,10638,0.018800526414739612,0.9366398929505726,23,False
tropical,fresh spicy,6512,47271,963,52820,0.018231730405149565,0.4127248971207212,24,False
tropical,aromatic,6512,54606,971,60147,0.016143781069712537,0.360253356387023,25,False
tropical,soft spicy,6512,13661,317,19856,0.01596494762288477,0.47011698414414177,26,False
tropical,tuberose,6512,3931,162,10281,0.015757222060110883,0.8349128423536971,27,False
tropical,animalic,6512,18242,369,24385,0.015132253434488416,0.4098105035844867,28,False
tropical,patchouli,6512,14822,304,21030,0.014455539705183072,0.41552383948821675,29,False
tropical,salty,6512,2520,127,8905,0.014261650758001123,1.0210155366405367,30,False
tropical,warm spicy,6512,45319,721,51110,0.014106828409313247,0.32231767156688274,31,False
tropical,oud,6512,8298,181,14629,0.012372684394011894,0.4419104941068065,32,False
tropical,violet,6512,7614,171,13955,0.012253672518810462,0.45500106005425156,33,False
tropical,aldehydic,6512,3556,107,9961,0.010741893384198373,0.6096087555241099,34,False
tropical,balsamic,6512,18162,251,24423,0.010277197723457396,0.279987872591936,35,False
tropical,leather,6512,10809,175,17146,0.010206462148606089,0.3280059353123466,36,False
tropical,mossy,6512,6173,118,12567,0.009389671361502348,0.38727093218426445,37,False
tropical,earthy,6512,19049,224,25337,0.00884082566996882,0.23823469358668056,38,False
tropical,iris,6512,7451,118,13845,0.008522932466594439,0.32084598904488854,39,False
tropical,smoky,6512,7407,102,13817,0.007382210320619527,0.27898894697193605,40,False
tuberose,white floral,3931,39497,3683,39745,0.09266574411875708,3.1295228544482354,1,True
tuberose,animalic,3931,18242,1849,20324,0.09097618579019878,3.4017702473243987,2,True
tuberose,yellow floral,3931,6986,775,10142,0.07641490830211004,3.7231766290876624,3,True
tuberose,green,3931,29755,1267,32419,0.03908201980320183,1.4290820980515813,4,True
tuberose,sweet,3931,60625,1878,62678,0.02996266632630269,1.0396432900523724,5,True
tuberose,vanilla,3931,34562,1096,37397,0.029307163676230714,1.0642709474385939,6,True
tuberose,lactonic,3931,7015,299,10647,0.028083028083028084,1.430487382762489,7,True
tuberose,floral,3931,46586,1343,49174,0.02731118070525074,0.9675225790684177,8,True
tuberose,citrus,3931,59969,1648,62252,0.02647304504272955,0.9222972613693197,9,True
tuberose,musky,3931,41154,1143,43942,0.02601156069364162,0.9321261582979972,10,True
tuberose,coconut,3931,3269,182,7018,0.025933314334568254,1.8685167098182405,11,False
tuberose,fruity,3931,43222,1151,46002,0.025020651276031477,0.8937395631065476,12,False
tuberose,powdery,3931,62885,1598,65218,0.024502437977245547,0.8528452370133632,13,False
tuberose,woody,3931,81432,2014,83349,0.024163457270033235,0.8300512032781614,14,False
tuberose,amber,3931,45478,1100,48309,0.022770084249311724,0.8117678487262059,15,False
tuberose,patchouli,3931,14822,346,18407,0.018797196718639646,0.7834473366146242,16,False
tuberose,rose,3931,25617,540,29008,0.018615554329840044,0.7074667121322137,17,False
tuberose,iris,3931,7451,188,11194,0.016794711452563872,0.8468057620309212,18,False
tuberose,warm spicy,3931,45319,765,48485,0.015778075693513458,0.5665283343258266,19,False
tuberose,tropical,3931,6512,162,10281,0.015757222060110883,0.8349128423536971,20,False
tuberose,fresh,3931,33478,566,36843,0.015362484053958689,0.5674106000411027,21,False
tuberose,almond,3931,3438,110,7259,0.015153602424576388,1.073809721476742,22,False
tuberose,soft spicy,3931,13661,252,17340,0.01453287197231834,0.6190968125946682,23,False
tuberose,aromatic,3931,54606,666,57871,0.011508354789099895,0.40933076114563965,24,False
tuberose,violet,3931,7614,129,11416,0.011299929922915206,0.5686137487097668,25,False
tuberose,fresh spicy,3931,47271,571,50631,0.011277675732258893,0.40539821966793965,26,False
tuberose,earthy,3931,19049,256,22724,0.011265622249603943,0.4510329831410296,27,False
tuberose,aquatic,3931,8872,140,12663,0.01105583195135434,0.5295988350901564,28,False
tuberose,leather,3931,10809,137,14603,0.009381633910840239,0.42537853276635995,29,False
tuberose,balsamic,3931,18162,178,21915,0.0081222906684919,0.3289249744190132,30,False
vanilla,sweet,34562,60625,24872,70315,0.3537225343098912,1.5660428967634439,1,True
vanilla,powdery,34562,62885,22600,74847,0.3019493099255815,1.3718482401401981,2,True
vanilla,amber,34562,45478,14139,65901,0.21454909637183048,1.1867576330613403,3,True
vanilla,warm spicy,34562,45319,13021,66860,0.19475022434938677,1.0967527126425693,4,True
vanilla,fruity,34562,43222,12397,65387,0.1895942618563323,1.0948545782950374,5,True
vanilla,woody,34562,81432,18416,97578,0.18873106642890816,0.8632665269114709,6,True
vanilla,white floral,34562,39497,10411,63648,0.16357151835093012,1.0061738663326771,7,True
vanilla,citrus,34562,59969,12842,81689,0.15720598856639204,0.8174299676189487,8,True
vanilla,balsamic,34562,18162,7046,45678,0.15425368886553703,1.4808929447929562,9,True
vanilla,musky,34562,41154,9237,66479,0.13894613336542366,0.8567686896538144,10,True
vanilla,floral,34562,46586,9608,71540,0.1343024881185351,0.7872674009628086,11,False
vanilla,aromatic,34562,54606,9484,79684,0.1190201295115707,0.6629730538673471,12,False
vanilla,rose,34562,25617,5559,54620,0.1017759062614427,0.8283485232514322,13,False
vanilla,fresh spicy,34562,47271,7128,74705,0.0954153001807108,0.5755957755451014,14,False
vanilla,soft spicy,34562,13661,4065,44158,0.09205579962860637,1.1358546365846205,15,False
vanilla,lactonic,34562,7015,3454,38123,0.09060147417569446,1.879487122484192,16,False
vanilla,fresh,34562,33478,5070,62970,0.08051453072891854,0.5780869305093332,17,False
vanilla,patchouli,34562,14822,3574,45810,0.07801790002182929,0.920433540256672,18,False
vanilla,caramel,34562,4008,2505,36065,0.06945792319423263,2.3857487992593023,19,False
vanilla,almond,34562,3438,2231,35769,0.062372445413626326,2.477070655566028,20,False
vanilla,coconut,34562,3269,2190,35641,0.06144608737128588,2.557254142736187,21,False
vanilla,tropical,34562,6512,2238,38836,0.05762694407251004,1.3118687500595376,22,False
vanilla,animalic,34562,18242,2825,49979,0.05652373997078773,0.591140476518586,23,False
vanilla,nutty,34562,3619,2023,36158,0.05594889097848332,2.133791575971956,24,False
vanilla,cinnamon,34562,4259,1947,36874,0.05280143190323806,1.7450304436376094,25,False
vanilla,green,34562,29755,3195,61122,0.052272504171983904,0.4098789400710318,26,False
vanilla,iris,34562,7451,1927,40086,0.048071645961183455,0.9872152325696256,27,False
vanilla,yellow floral,34562,6986,1801,39747,0.04531159584371147,0.9840786916612662,28,False
vanilla,lavender,34562,8336,1818,41080,0.04425511197663096,0.8324935349430732,29,False
vanilla,earthy,34562,19049,2095,51516,0.040666977249786476,0.4198136372049546,30,False
vanilla,leather,34562,10809,1765,43606,0.040476081273219285,0.6233097057182228,31,False
vanilla,violet,34562,7614,1628,40548,0.04014994574331656,0.8161805190846638,32,False
vanilla,oud,34562,8298,1564,41296,0.03787291747384735,0.7194622553948515,33,False
vanilla,tobacco,34562,4372,1236,37698,0.03278688524590164,1.0791529792806944,34,False
vanilla,honey,34562,3467,1116,36913,0.030233251158128572,1.2287260040257888,35,False
vanilla,cacao,34562,2035,1046,35551,0.029422519760344296,1.9620585702409672,36,False
vanilla,tuberose,34562,3931,1096,37397,0.029307163676230714,1.0642709474385939,37,False
vanilla,smoky,34562,7407,1093,40876,0.02673940698698503,0.5632776427898836,38,False
vanilla,coffee,34562,1815,888,35489,0.02502183775254304,1.867587820378852,39,False
vanilla,chocolate,34562,1554,807,35309,0.022855362655413634,1.9822901220100457,40,False
vanilla,aquatic,34562,8872,956,42478,0.0225057676915109,0.4113211635873567,41,False
vanilla,cherry,34562,1803,764,35601,0.0214600713463105,1.6174926967357577,42,False
vanilla,herbal,34562,8607,705,42464,0.016602298417483046,0.3126669740402571,43,False
vanilla,rum,34562,1166,565,35163,0.01606802605010949,1.849671453285085,44,False
vanilla,ozonic,34562,5777,576,39763,0.014485828534064332,0.38059651954256063,45,False
vanilla,aldehydic,34562,3556,496,37622,0.013183775450534263,0.5324325779224359,46,False
vanilla,mossy,34562,6173,509,40226,0.012653507681598966,0.31475033567419014,47,False
vanilla,anis,34562,1418,406,35574,0.011412829594647777,1.0929354160781684,48,False
vanilla,metallic,34562,2235,377,36420,0.010351455244371225,0.6438853135182152,49,False
vanilla,marine,34562,4326,374,38514,0.009710754530819961,0.3300120391763214,50,False
vanilla,savory,34562,654,318,34898,0.009112270044128604,1.8560687906164113,51,False
vanilla,salty,34562,2520,304,36778,0.008265811082712491,0.46048738728560495,52,False
vanilla,sour,34562,1912,261,36213,0.00720735647419435,0.5210714950683497,53,False
vanilla,whiskey,34562,808,220,35150,0.006258890469416785,1.039336110568409,54,False
vanilla,soapy,34562,1720,190,36092,0.005264324504045218,0.4216672296365278,55,False
vanilla,terpenic,34562,557,138,34981,0.003944998713587376,0.9457330967261292,56,False
vanilla,conifer,34562,1828,129,36261,0.0035575411599238853,0.2693755755837636,57,False
violet,iris,7614,7451,2449,12616,0.19411857958148382,5.695146650613621,1,True
violet,powdery,7614,62885,7239,63260,0.11443250079038887,1.994629332327833,2,True
violet,floral,7614,46586,4104,50096,0.08192270839987224,1.5264501282307745,3,True
violet,earthy,7614,19049,1726,24937,0.06921442033925493,1.569998724343864,4,True
violet,rose,7614,25617,1910,31321,0.06098145014526995,1.29192049798573,5,True
violet,woody,7614,81432,4888,84158,0.05808122816606859,1.0400800971256485,6,True
violet,fresh,7614,33478,2223,38869,0.05719210682034526,1.15056364597505,7,True
violet,musky,7614,41154,2530,46238,0.05471689951987543,1.0652196222000283,8,True
violet,fruity,7614,43222,2342,48494,0.048294634387759314,0.9388856940405912,9,True
violet,white floral,7614,39497,2025,45086,0.044914164042052965,0.8883653431259794,10,True
violet,citrus,7614,59969,2643,64940,0.04069910686787804,0.7636617637263361,11,False
violet,vanilla,7614,34562,1628,40548,0.04014994574331656,0.8161805190846638,12,False
violet,sweet,7614,60625,2606,65633,0.03970563588438743,0.7448234641016683,13,False
violet,amber,7614,45478,1935,51157,0.037824735617804014,0.7372423961623509,14,False
violet,leather,7614,10809,659,17764,0.03709750056293627,1.0564053396726982,15,False
violet,aromatic,7614,54606,1845,60375,0.030559006211180125,0.5854458013386071,16,False
violet,green,7614,29755,1062,36307,0.02925055774368579,0.6184366971718999,17,False
violet,warm spicy,7614,45319,1433,51500,0.0278252427184466,0.5478940222332963,18,False
violet,ozonic,7614,5777,342,13049,0.02620890489692697,1.0257804753585895,19,False
violet,yellow floral,7614,6986,366,14234,0.0257130813545033,0.9077854008140113,20,False
violet,aquatic,7614,8872,402,16084,0.024993782641134048,0.7851184981962182,21,False
violet,animalic,7614,18242,624,25232,0.024730500951173115,0.592710782942817,22,False
violet,fresh spicy,7614,47271,1323,53562,0.024700347261117958,0.4849486385352242,23,False
violet,soft spicy,7614,13661,489,20786,0.023525449821995573,0.6202361251211294,24,False
violet,patchouli,7614,14822,502,21934,0.02288684234521747,0.5868506611173013,25,False
violet,lavender,7614,8336,317,15633,0.020277617859655855,0.6589193270604156,26,False
violet,balsamic,7614,18162,415,25361,0.016363708055676038,0.3959269964650226,27,False
violet,smoky,7614,7407,235,14786,0.015893412687677532,0.5497385689546258,28,False
violet,mossy,7614,6173,210,13577,0.015467334462694262,0.5894591421474106,29,False
violet,aldehydic,7614,3556,170,11000,0.015454545454545455,0.8283575959624432,30,False
violet,almond,7614,3438,163,10889,0.014969235007806043,0.8215091822066849,31,False
violet,oud,7614,8298,223,15689,0.014213780355663204,0.46565269682777277,32,False
violet,tropical,7614,6512,171,13955,0.012253672518810462,0.45500106005425156,33,False
violet,caramel,7614,4008,139,11483,0.012104850648785161,0.600921548025567,34,False
violet,tuberose,7614,3931,129,11416,0.011299929922915206,0.5686137487097668,35,False
violet,herbal,7614,8607,150,16071,0.009333582228859437,0.3019744132247809,36,False
violet,marine,7614,4326,110,11830,0.009298393913778529,0.4405922564475664,37,False
violet,lactonic,7614,7015,119,14510,0.008201240523776706,0.2939341023335301,38,False
warm spicy,woody,45319,81432,34582,92169,0.37520207445019477,1.2362840018801475,1,True
warm spicy,amber,45319,45478,22361,68436,0.3267432345549126,1.4313739479479097,2,True
warm spicy,aromatic,45319,54606,21373,78552,0.2720872797637234,1.1394318769826797,3,True
warm spicy,fresh spicy,45319,47271,18101,74489,0.24300232249056908,1.1147334232150943,4,True
warm spicy,balsamic,45319,18162,11541,51940,0.22219869079707355,1.8498776864337236,5,True
warm spicy,powdery,45319,62885,19629,88575,0.22160880609652836,0.9086870816764779,6,True
warm spicy,sweet,45319,60625,17404,88540,0.1965665236051502,0.8357195605129548,7,True
warm spicy,vanilla,45319,34562,13021,66860,0.19475022434938677,1.0967527126425693,8,True
warm spicy,patchouli,45319,14822,9630,50511,0.19065154124844094,1.8913971155684808,9,True
warm spicy,citrus,45319,59969,16070,89218,0.18012060346566836,0.7801036574237349,10,True
warm spicy,earthy,45319,19049,8407,55961,0.15022962420256963,1.2847898879942692,11,False
warm spicy,musky,45319,41154,10149,76324,0.13297259053508725,0.7179173406630867,12,False
warm spicy,rose,45319,25617,7695,63241,0.1216773928306004,0.8744673524753896,13,False
warm spicy,leather,45319,10809,5932,50196,0.11817674715116742,1.597639795137673,14,False
warm spicy,fruity,45319,43222,9059,79482,0.1139754913062077,0.6101528509345209,15,False
warm spicy,floral,45319,46586,9201,82704,0.11125217643644805,0.574966911696454,16,False
warm spicy,white floral,45319,39497,8158,76658,0.10642072582117978,0.60128841334261,17,False
warm spicy,oud,45319,8298,4952,48665,0.10175690948320149,1.7372825191087622,18,False
warm spicy,smoky,45319,7407,4368,48358,0.09032631622482319,1.7167360586482336,19,False
warm spicy,cinnamon,45319,4259,4095,45483,0.09003363894202229,2.7990426126454566,20,False
warm spicy,animalic,45319,18242,5139,58422,0.08796343843072815,0.8201049070703578,21,False
warm spicy,green,45319,29755,5526,69548,0.07945591533904642,0.5406474639723159,22,False
warm spicy,fresh,45319,33478,5060,73737,0.06862226561970246,0.44000160027473745,23,False
warm spicy,soft spicy,45319,13661,3657,55323,0.06610270592701047,0.7793018607268296,24,False
warm spicy,lavender,45319,8336,3013,50642,0.05949607045535327,1.0522154391651182,25,False
warm spicy,tobacco,45319,4372,2634,47057,0.05597466901842446,1.7538759042410488,26,False
warm spicy,herbal,45319,8607,2634,51292,0.05135303751072292,0.8908964160964175,27,False
warm spicy,metallic,45319,2235,1972,45582,0.04326269141327717,2.56857722435237,28,False
warm spicy,cacao,45319,2035,1919,45435,0.04223616154946627,2.7451988315643736,29,False
warm spicy,iris,45319,7451,1940,50830,0.03816643714341924,0.7579671968469485,30,False
warm spicy,coffee,45319,1815,1654,45480,0.03636763412489006,2.6529075764535905,31,False
warm spicy,mossy,45319,6173,1686,49806,0.03385134321166124,0.7951050970329177,32,False
warm spicy,chocolate,45319,1554,1301,45572,0.028548231370139558,2.437190778835564,33,False
warm spicy,violet,45319,7614,1433,51500,0.0278252427184466,0.5478940222332963,34,False
warm spicy,caramel,45319,4008,1289,48038,0.026832923935217953,0.9362427090918453,35,False
warm spicy,yellow floral,45319,6986,1351,50954,0.026514110766573774,0.5629761696875072,36,False
warm spicy,lactonic,45319,7015,1250,51084,0.02446950121368726,0.5187350360885926,37,False
warm spicy,honey,45319,3467,1093,47693,0.02291740926341392,0.9177609280716458,38,False
warm spicy,nutty,45319,3619,1061,47877,0.022160954111577584,0.8534735078484283,39,False
warm spicy,aquatic,45319,8872,969,53222,0.01820675660441171,0.3179548749809262,40,False
warm spicy,almond,45319,3438,870,47887,0.018167769958443835,0.7366761749855696,41,False
warm spicy,rum,45319,1166,814,45671,0.017823126272689453,2.032305996859995,42,False
warm spicy,ozonic,45319,5777,842,50254,0.016754885183268994,0.424299937851752,43,False
warm spicy,tuberose,45319,3931,765,48485,0.015778075693513458,0.5665283343258266,44,False
warm spicy,tropical,45319,6512,721,51110,0.014106828409313247,0.32231767156688274,45,False
warm spicy,marine,45319,4326,668,48977,0.013639055066663944,0.4495243187816675,46,False
warm spicy,whiskey,45319,808,523,45604,0.011468292255065345,1.8843152905727254,47,False
warm spicy,aldehydic,45319,3556,541,48334,0.011192949062771547,0.4428929395917569,48,False
warm spicy,cherry,45319,1803,496,46626,0.010637841547634367,0.8008463378671515,49,False
warm spicy,coconut,45319,3269,472,48116,0.009809626735389475,0.42032993656585316,50,False
warm spicy,anis,45319,1418,452,46285,0.009765582802203738,0.9279518633167774,51,False
warm spicy,conifer,45319,1828,395,46752,0.008448836413415468,0.6290485251088769,52,False
warm spicy,salty,45319,2520,343,47496,0.007221660771433384,0.3962386391775831,53,False
warm spicy,camphor,45319,793,245,45867,0.005341530948176249,0.8994067471874522,54,False
warm spicy,mineral,45319,770,180,45909,0.003920799843168006,0.6805264727990296,55,False
warm spicy,sour,45319,1912,155,47076,0.0032925482198997366,0.23599731092679038,56,False
warm spicy,bitter,45319,1034,151,46202,0.0032682567854205448,0.42512794429584766,57,False
warm spicy,savory,45319,654,145,45828,0.003164004538709959,0.6454364652396505,58,False
warm spicy,cannabis,45319,388,114,45593,0.0025003838308512273,0.8553352488874401,59,False
warm spicy,soapy,45319,1720,114,46925,0.00242940863079382,0.1929477189350737,60,False
warm spicy,beeswax,45319,349,103,45565,0.002260506968067596,0.8591619636690709,61,False
whiskey,tobacco,808,4372,429,4751,0.09029677962534204,16.021727487250097,1,True
whiskey,smoky,808,7407,119,8096,0.014698616600790514,2.6232327060166525,2,True
whiskey,leather,808,10809,135,11482,0.011757533530743772,2.039296873067823,3,True
whiskey,warm spicy,808,45319,523,45604,0.011468292255065345,1.8843152905727254,4,True
whiskey,sweet,808,60625,575,60858,0.00944822373393802,1.5486322343574563,5,True
whiskey,woody,808,81432,591,81649,0.007238300530318804,1.185017001368572,6,True
whiskey,animalic,808,18242,129,18921,0.006817821468209926,1.1546476089885054,7,True
whiskey,vanilla,808,34562,220,35150,0.006258890469416785,1.039336110568409,8,True
whiskey,amber,808,45478,270,46016,0.005867524339360223,0.9693812349263423,9,True
whiskey,fruity,808,43222,256,43774,0.005848220404806506,0.9670909250010652,10,True
whiskey,aromatic,808,54606,241,55173,0.00436807858916499,0.7206242613603191,11,False
whiskey,powdery,808,62885,259,63434,0.004082983888766277,0.6724885595818865,12,False
whiskey,fresh spicy,808,47271,162,47917,0.0033808460462883736,0.5595674278349965,13,False
whiskey,musky,808,41154,100,41862,0.002388801299507907,0.3967529352439545,14,False
whiskey,citrus,808,59969,134,60643,0.0022096532163646257,0.3648465073291167,15,False
white floral,citrus,39497,59969,22725,76741,0.2961259300764911,1.2657750689313219,1,True
white floral,floral,39497,46586,18198,67885,0.26807100243058113,1.3048112448679157,2,True
white floral,sweet,39497,60625,19304,80818,0.23885768021975304,1.0635918719130175,3,True
white floral,powdery,39497,62885,19667,82715,0.23776824034334765,1.044649269686769,4,True
white floral,woody,39497,81432,22377,98552,0.22705779689909894,0.9178806467306336,5,True
white floral,fresh,39497,33478,13098,59877,0.2187484342902951,1.3068475665700738,6,True
white floral,fruity,39497,43222,14413,68306,0.2110063537610166,1.1138558242604466,7,True
white floral,musky,39497,41154,13933,66718,0.2088341976677958,1.1308683157144204,8,True
white floral,green,39497,29755,10231,59021,0.1733450805645448,1.1485174089720156,9,True
white floral,vanilla,39497,34562,10411,63648,0.16357151835093012,1.0061738663326771,10,True
white floral,amber,39497,45478,11399,73576,0.1549282374687398,0.8372301291627122,11,False
white floral,rose,39497,25617,8503,56611,0.15020049107063999,1.1087237821515699,12,False
white floral,aromatic,39497,54606,11952,82151,0.14548818638847974,0.7311048621894446,13,False
white floral,animalic,39497,18242,7188,50551,0.14219303277877787,1.3161793402491322,14,False
white floral,fresh spicy,39497,47271,10353,76415,0.13548387096774195,0.7315615589719082,15,False
white floral,warm spicy,39497,45319,8158,76658,0.10642072582117978,0.60128841334261,16,False
white floral,tuberose,39497,3931,3683,39745,0.09266574411875708,3.1295228544482354,17,False
white floral,yellow floral,39497,6986,3873,42610,0.09089415630133771,1.8518182854230192,18,False
white floral,patchouli,39497,14822,3813,50506,0.0754959806755633,0.8592893887839692,19,False
white floral,earthy,39497,19049,3694,54852,0.06734485524684605,0.6477451378774584,20,False
white floral,soft spicy,39497,13661,3237,49921,0.06484245107269486,0.7914794813723351,21,False
white floral,lactonic,39497,7015,2236,44276,0.05050140030716415,1.0646909837752865,22,False
white floral,aquatic,39497,8872,2269,46100,0.04921908893709327,0.8542646103425051,23,False
white floral,violet,39497,7614,2025,45086,0.044914164042052965,0.8883653431259794,24,False
white floral,iris,39497,7451,1999,44949,0.04447262453002292,0.8961437560887413,25,False
white floral,tropical,39497,6512,1836,44173,0.0415638512213343,0.9417545723467692,26,False
white floral,balsamic,39497,18162,2245,55414,0.040513227704190274,0.41288787217239387,27,False
white floral,soapy,39497,1720,1494,39723,0.03761045238275055,2.901359891331164,28,False
white floral,mossy,39497,6173,1646,44024,0.037388697074323095,0.8906621697704458,29,False
white floral,ozonic,39497,5777,1372,43902,0.031251423625347365,0.7932885689615462,30,False
white floral,lavender,39497,8336,1307,46526,0.02809181962773503,0.5237177990680019,31,False
white floral,leather,39497,10809,1297,49009,0.02646452692362627,0.4008057208001967,32,False
white floral,coconut,39497,3269,1092,41674,0.026203388203676153,1.1158020892162195,33,False
white floral,honey,39497,3467,1080,41884,0.025785502817304937,1.040517446024222,34,False
white floral,aldehydic,39497,3556,1036,42017,0.024656686579241735,0.9731447758715454,35,False
white floral,oud,39497,8298,1136,46659,0.024346856983647313,0.4572822598234012,36,False
white floral,herbal,39497,8607,1115,46989,0.023728957841196874,0.4327155646010638,37,False
white floral,caramel,39497,4008,984,42521,0.02314150654970485,0.8200622832113832,38,False
white floral,marine,39497,4326,932,42891,0.021729500361381177,0.7196293202087916,39,False
white floral,almond,39497,3438,862,42073,0.020488199082547003,0.8374923446516795,40,False
white floral,smoky,39497,7407,713,46191,0.01543590742785391,0.3215338033049245,41,False
white floral,nutty,39497,3619,618,42498,0.014541860793449103,0.5703997735603691,42,False
white floral,salty,39497,2520,494,41523,0.011897020928160296,0.6547957630698092,43,False
white floral,cinnamon,39497,4259,506,43250,0.011699421965317919,0.3968462942516467,44,False
white floral,tobacco,39497,4372,483,43386,0.011132623426911906,0.36901704765421517,45,False
white floral,cherry,39497,1803,369,40931,0.00901517187461826,0.6836126520614025,46,False
white floral,coffee,39497,1815,351,40961,0.008569126730304437,0.645966416112365,47,False
white floral,cacao,39497,2035,322,41210,0.007813637466634313,0.5285315421275114,48,False
white floral,metallic,39497,2235,301,41431,0.007265091356713572,0.449850720687364,49,False
white floral,anis,39497,1418,232,40683,0.005702627633163729,0.5465013089673162,50,False
white floral,chocolate,39497,1554,180,40871,0.004404100707102836,0.3869019718324729,51,False
white floral,sour,39497,1912,181,41228,0.004390220238672747,0.31620602401559444,52,False
white floral,conifer,39497,1828,166,41159,0.004033139775018829,0.30332719505771955,53,False
white floral,rum,39497,1166,121,40542,0.0029845592225346555,0.3466300999216086,54,False
wine,fruity,236,43222,130,43328,0.0030003692762186115,1.6813961659512693,1,True
wine,sweet,236,60625,157,60704,0.0025863205060622035,1.44770295299668,2,True
wine,woody,236,81432,152,81516,0.0018646646057215762,1.0434701887068925,3,True
woody,aromatic,81432,54606,39909,96129,0.4151608775707643,1.184074264976231,1,True
woody,powdery,81432,62885,40120,104197,0.3850398763879958,1.0336233702641457,2,True
woody,warm spicy,81432,45319,34582,92169,0.37520207445019477,1.2362840018801475,3,True
woody,citrus,81432,59969,38224,103177,0.37047016292390744,1.0326610262209173,4,True
woody,fresh spicy,81432,47271,32141,96562,0.33285350344856157,1.101572425498701,5,True
woody,amber,81432,45478,30964,95946,0.32272319846580366,1.1030727665106395,6,True
woody,sweet,81432,60625,31453,110604,0.2843748869841959,0.8405407717323821,7,True
woody,musky,81432,41154,24399,98187,0.24849521830792265,0.9605244734932132,8,True
woody,fruity,81432,43222,23528,101126,0.23266024563415935,0.8819188263005987,9,True
woody,floral,81432,46586,24145,103873,0.23244731547177805,0.8396924503370942,10,True
woody,white floral,81432,39497,22377,98552,0.22705779689909894,0.9178806467306336,11,False
woody,earthy,81432,19049,17184,83297,0.20629794590441433,1.4615058003343386,12,False
woody,green,81432,29755,17714,93473,0.18950927005659388,0.964506473429923,13,False
woody,vanilla,81432,34562,18416,97578,0.18873106642890816,0.8632665269114709,14,False
woody,fresh,81432,33478,16861,98049,0.17196503788921866,0.8159664164804442,15,False
woody,patchouli,81432,14822,13108,83146,0.15765039809491738,1.4327752962889921,16,False
woody,rose,81432,25617,14466,92583,0.15624898739509413,0.9148895215966786,17,False
woody,balsamic,81432,18162,13087,86507,0.15128255516894587,1.1674139864274438,18,False
woody,animalic,81432,18242,8665,91009,0.09521036381017262,0.769563704815908,19,False
woody,leather,81432,10809,7563,84678,0.08931481612697513,1.1335927107386714,20,False
woody,soft spicy,81432,13661,7114,87979,0.0808602052762591,0.8436840341217009,21,False
woody,lavender,81432,8336,5692,84076,0.0677006517912365,1.1062560187047248,22,False
woody,oud,81432,8298,5452,84278,0.06469066660338404,1.0644637536659711,23,False
woody,smoky,81432,7407,5322,83517,0.06372355328855203,1.1640750652426468,24,False
woody,mossy,81432,6173,5166,82439,0.06266451558121763,1.3558342045441036,25,False
woody,iris,81432,7451,5218,83665,0.06236777625052292,1.134587442292032,26,False
woody,herbal,81432,8607,5194,84845,0.061217514290765516,0.977684214955001,27,False
woody,violet,81432,7614,4888,84158,0.05808122816606859,1.0400800971256485,28,False
woody,yellow floral,81432,6986,4534,83884,0.05405083210147346,1.0514809178515903,29,False
woody,aquatic,81432,8872,4056,86248,0.04702717744179575,0.7406702044228862,30,False
woody,ozonic,81432,5777,2844,84365,0.0337106620043857,0.7975826270430916,31,False
woody,tobacco,81432,4372,2756,83048,0.03318562758886427,1.0212863350778612,32,False
woody,cinnamon,81432,4259,2684,83007,0.03233462238124495,1.0209943352335529,33,False
woody,marine,81432,4326,2565,83193,0.030831920954888032,0.9606148928629679,34,False
woody,tropical,81432,6512,2594,85350,0.030392501464557704,0.6453629675612435,35,False
woody,lactonic,81432,7015,2292,86155,0.026603215135511577,0.529340836097294,36,False
woody,tuberose,81432,3931,2014,83349,0.024163457270033235,0.8300512032781614,37,False
woody,nutty,81432,3619,1739,83312,0.020873343575955446,0.7785015112601319,38,False
woody,caramel,81432,4008,1659,83781,0.01980162566691732,0.67060553590726,39,False
woody,aldehydic,81432,3556,1574,83414,0.018869734097393724,0.7171193427302578,40,False
woody,honey,81432,3467,1516,83383,0.01818116402624036,0.7084249051864898,41,False
woody,conifer,81432,1828,1421,81839,0.017363359767348086,1.2594077097632896,42,False
woody,almond,81432,3438,1444,83426,0.017308752667034258,0.6804712516232847,43,False
woody,metallic,81432,2235,1280,82387,0.01553643171859638,0.9278566896402274,44,False
woody,salty,81432,2520,1271,82681,0.015372334635526905,0.817134356526119,45,False
woody,coconut,81432,3269,1272,83429,0.01524649702141941,0.6304064555559793,46,False
woody,coffee,81432,1815,996,82251,0.012109275267170004,0.8890602025398263,47,False
woody,cacao,81432,2035,960,82507,0.011635376392306107,0.7642849022159367,48,False
woody,rum,81432,1166,938,81660,0.011486651971589518,1.3033250695905219,49,False
woody,cherry,81432,1803,794,82441,0.00963113014155578,0.713465926090479,50,False
woody,anis,81432,1418,748,82102,0.009110618498940343,0.8546215271325918,51,False
woody,camphor,81432,793,659,81566,0.0080793467866513,1.346358412660539,52,False
woody,chocolate,81432,1554,665,82321,0.008078133161647696,0.6932966343885885,53,False
woody,whiskey,81432,808,591,81649,0.007238300530318804,1.185017001368572,54,False
woody,sour,81432,1912,593,82751,0.007166076542881657,0.5024759344347066,55,False
woody,bitter,81432,1034,546,81920,0.0066650390625,0.8555010856918414,56,False
woody,mineral,81432,770,410,81792,0.0050127151799687015,0.8626638368017678,57,False
woody,soapy,81432,1720,363,82789,0.004384640471560231,0.3419216804090501,58,False
woody,cannabis,81432,388,255,81565,0.0031263409550665116,1.0647727203672814,59,False
woody,savory,81432,654,204,81882,0.0024913900490950392,0.5053600189633091,60,False
woody,terpenic,81432,557,180,81809,0.002200246916598418,0.5235591705597278,61,False
woody,beeswax,81432,349,177,81604,0.002169011322974364,0.821667861609567,62,False
woody,wine,81432,236,152,81516,0.0018646646057215762,1.0434701887068925,63,False
woody,Champagne,81432,311,131,81612,0.0016051561044944371,0.6824319756740203,64,False
woody,sand,81432,215,105,81542,0.0012876799686051361,0.7912237232606117,65,False
yellow floral,white floral,6986,39497,3873,42610,0.09089415630133771,1.8518182854230192,1,True
yellow floral,sweet,6986,60625,5014,62597,0.08009968528843235,1.5618796237541357,2,True
yellow floral,tuberose,6986,3931,775,10142,0.07641490830211004,3.7231766290876624,3,True
yellow floral,floral,6986,46586,3641,49931,0.07292063047004867,1.4759792014126811,4,True
yellow floral,powdery,6986,62885,3645,66226,0.05503880651103796,1.094625216311381,5,True
yellow floral,woody,6986,81432,4534,83884,0.05405083210147346,1.0514809178515903,6,True
yellow floral,green,6986,29755,1862,34879,0.05338455804352189,1.1817747408781603,7,True
yellow floral,citrus,6986,59969,2923,64032,0.04564905047476262,0.9204855803993816,8,True
yellow floral,vanilla,6986,34562,1801,39747,0.04531159584371147,0.9840786916612662,9,True
yellow floral,musky,6986,41154,1881,46259,0.04066235759527876,0.8631608289788917,10,True
yellow floral,rose,6986,25617,1228,31375,0.0391394422310757,0.9052844897575699,11,False
yellow floral,honey,6986,3467,384,10069,0.038136855695699676,2.091666129242291,12,False
yellow floral,fruity,6986,43222,1822,48386,0.03765552019179101,0.7960832656408622,13,False
yellow floral,animalic,6986,18242,868,24360,0.035632183908045977,0.8985913939489548,14,False
yellow floral,amber,6986,45478,1787,50677,0.03526254513882037,0.7420585549857419,15,False
yellow floral,fresh,6986,33478,1267,39197,0.032323902339464756,0.7147136737181873,16,False
yellow floral,iris,6986,7451,445,13992,0.03180388793596341,1.12787359330506,17,False
yellow floral,aromatic,6986,54606,1781,59811,0.029777131296918627,0.6159401803381775,18,False
yellow floral,lactonic,6986,7015,370,13631,0.027144009977257723,0.9960680958699805,19,False
yellow floral,warm spicy,6986,45319,1351,50954,0.026514110766573774,0.5629761696875072,20,False
yellow floral,aldehydic,6986,3556,267,10275,0.025985401459854014,1.4179616665437575,21,False
yellow floral,violet,6986,7614,366,14234,0.0257130813545033,0.9077854008140113,22,False
yellow floral,coconut,6986,3269,253,10002,0.02529494101179764,1.4615732360582723,23,False
yellow floral,fresh spicy,6986,47271,1301,52956,0.024567565526097138,0.5197535783026114,24,False
yellow floral,patchouli,6986,14822,512,21296,0.02404207362885049,0.6523461944031865,25,False
yellow floral,earthy,6986,19049,568,25467,0.022303372992500098,0.5631072709152434,26,False
yellow floral,tropical,6986,6512,290,13208,0.021956390066626287,0.8410050181092266,27,False
yellow floral,aquatic,6986,8872,328,15530,0.02112041210560206,0.69817981964186,28,False
yellow floral,soft spicy,6986,13661,420,20227,0.02076432491224601,0.5806063484849796,29,False
yellow floral,balsamic,6986,18162,496,24652,0.02012007139380172,0.5157425773881679,30,False
yellow floral,mossy,6986,6173,239,12920,0.0184984520123839,0.7311670388983285,31,False
yellow floral,ozonic,6986,5777,225,12538,0.017945445844632316,0.7355210928793962,32,False
yellow floral,herbal,6986,8607,258,15335,0.016824258232800784,0.5660866123024318,33,False
yellow floral,almond,6986,3438,156,10268,0.015192832099727308,0.8569070327141444,34,False
yellow floral,oud,6986,8298,196,15088,0.012990455991516436,0.44606445960129465,35,False
yellow floral,leather,6986,10809,209,17586,0.011884453542590698,0.3651537376856458,36,False
yellow floral,tobacco,6986,4372,121,11237,0.01076799857613242,0.5226611241041749,37,False
yellow floral,marine,6986,4326,111,11201,0.009909829479510758,0.4845643337397998,38,False
yellow floral,lavender,6986,8336,134,15188,0.008822754806426126,0.30357225281382616,39,False
yellow floral,smoky,6986,7407,117,14276,0.00819557298963295,0.29830360251835036,40,False
