note,perfume_count,perfume_share,idf,main_analysis_eligible
Musk,49244,0.37325854619874177,1.9854712190224477,True
Amber,36671,0.2779580080345638,2.280265537551839,True
Bergamot,36337,0.2754263624649435,2.2894150329638645,True
Vanilla,35628,0.2700523004623664,2.3091191456565507,True
Sandalwood,34292,0.2599257181838854,2.3473378069323623,True
Jasmine,33686,0.2553323732282271,2.365167052385602,True
Patchouli,32473,0.24613810353975593,2.4018392894791907,True
Rose,27804,0.21074812400515425,2.5570631980045864,True
Cedar,22305,0.1690669294322747,2.7774233580717684,True
Vetiver,17674,0.13396498142954597,3.010127846861477,True
Lemon,14685,0.11130902751459107,3.1953843996146944,True
Tonka Bean,14188,0.1075418782687789,3.229812042118937,True
Lavender,12996,0.09850678390055333,3.317560497044662,True
Mandarin Orange,11646,0.08827408474190859,3.4272304225235986,True
Orange Blossom,11479,0.08700826195709846,3.441672667752693,True
Leather,10626,0.0805427120442659,3.518881126253555,True
Cardamom,10562,0.0800576063063746,3.524921729803088,True
Pink Pepper,10387,0.07873114530432805,3.5416277648436116,True
Violet,9921,0.07519896915030698,3.587524544765256,True
Grapefruit,9759,0.07397104525126962,3.6039866582191125,True
Iris,9451,0.07163647388766771,3.636052699319452,True
Oakmoss,8737,0.06622451299931782,3.714597728114869,True
Geranium,8423,0.0638444629727886,3.7511942838124392,True
Saffron,8393,0.06361706965815205,3.7547618937327143,True
White Musk,8339,0.06320776169180627,3.761215842273458,True
Woody Notes,8278,0.0627453952853786,3.7685568704874446,True
Orange,8200,0.06215417266732358,3.778022960589839,True
Cinnamon,8039,0.060933828545440764,3.7978499754532384,True
Peach,7921,0.06003941484120367,3.8126353594443887,True
Lily-of-the-Valley,7339,0.05562798453725461,3.8889402160176894,True
Labdanum,7131,0.05405139088910786,3.9176873586432195,True
Ylang-Ylang,7086,0.05371030091715304,3.9240169388159942,True
Benzoin,7033,0.0533085727279618,3.931523524592323,True
Incense,7023,0.05323277495641628,3.9329462023112978,True
Ginger,6847,0.05189873417721519,3.9583224198046723,True
Neroli,6490,0.049192753733040245,4.011862456592782,True
Ambergris,6452,0.04890472220116729,4.017733919690411,True
Nutmeg,6277,0.047578261199120744,4.045227600224352,True
Raspberry,6229,0.047214431895702264,4.052902725844752,True
Pear,6133,0.04648677328886531,4.068431992952053,True
Tuberose,6058,0.04591829000227393,4.080734288681262,True
Agarwood (Oud),5939,0.045016296520882286,4.10056992526956,True
Apple,5727,0.043409383764117335,4.136912628985769,True
Freesia,5683,0.04307587356931706,4.144623848409259,True
Black Currant,5560,0.04214356097930721,4.166501110438686,True
Peony,5269,0.039937845827332674,4.2202486960908425,True
Tobacco,5072,0.038444629727886,4.25834670005956,True
Citruses,4982,0.03776244978397635,4.276246939344846,True
Black Pepper,4795,0.03634503145607519,4.314496821478846,True
Cedarwood,4766,0.036125217918593196,4.3205618824214245,True
Caramel,4734,0.03588266504964754,4.327297332006072,True
Magnolia,4621,0.035026150231183203,4.351451546791925,True
Mint,4605,0.034904873796710374,4.35491925724562,True
Green Notes,4529,0.034328810732964454,4.371557119149171,True
Floral Notes,4436,0.03362389145759115,4.392300586247341,True
Pepper,4316,0.032714318199044946,4.419718342070773,True
Moss,4302,0.03260820131888122,4.422966604787651,True
Pineapple,4299,0.03258546198741757,4.423664035944597,True
Heliotrope,4180,0.03168346850602592,4.451728606269685,True
Gardenia,4004,0.03034942772682483,4.494735478123792,True
Guaiac Wood,3983,0.030190252406579247,4.499992718921762,True
Honey,3974,0.030122034412188282,4.502254310537818,True
Coconut,3886,0.029455014022587735,4.524641406774027,True
Lime,3838,0.029091184719169258,4.537067142625453,True
Oud,3780,0.02865155764420526,4.5522905337353174,True
Plum,3763,0.02852270143257788,4.556796836920981,True
Coriander,3744,0.0283786856666414,4.561857441674931,True
Sage,3530,0.026756613355567345,4.620697941697864,True
Woodsy Notes,3240,0.024558477980747367,4.706397134484703,True
Olibanum,3213,0.02435382399757447,4.714762791328793,True
Rosemary,3207,0.024308345334647163,4.716631368639845,True
Lily of the Valley,3105,0.023535208064882893,4.748943333917618,True
Ambroxan,3051,0.023125900098537103,4.766481945221903,True
Lily,3044,0.023072841658455242,4.768778157482253,True
Aldehydes,3019,0.02288334722959145,4.777022227257335,True
Jasmine Sambac,2948,0.022345183051618284,4.800812928810974,True
Spices,2884,0.021860077313726977,4.8227541586840506,True
Mandarin,2875,0.021791859319336013,4.825878618785313,True
Basil,2857,0.02165542333055408,4.832156979136437,True
Osmanthus,2850,0.02160236489047222,4.834609248713578,True
Violet Leaf,2849,0.02159478511331767,4.834960064363554,True
Orchid,2814,0.021329492912908362,4.84731679705246,True
Tangerine,2765,0.020958083832335328,4.864876825401547,True
Petitgrain,2750,0.020844387175017055,4.870314576701675,True
Almond,2713,0.02056393542029864,4.883855497231436,True
Myrrh,2709,0.020533616311680436,4.885330423752504,True
Galbanum,2707,0.020518456757371333,4.886068703594085,True
Virginia Cedar,2694,0.020419919654362163,4.890880854283153,True
Cashmere Wood,2688,0.02037444099143485,4.8931096813573856,True
Cypress,2630,0.019934813916470857,4.914915056585958,True
Carnation,2588,0.019616463275979688,4.931007357874712,True
Clary Sage,2541,0.01926021374971576,4.949327885876851,True
Fruity Notes,2476,0.0187675282346699,4.975230908136891,True
Coffee,2469,0.01871446979458804,4.9780609080042275,True
Cashmeran,2386,0.01808534829076025,5.0122417112874205,True
Cloves,2381,0.018047449404987495,5.014338587711005,True
Orris,2380,0.018039869627832942,5.014758491139387,True
White Flowers,2317,0.01756234366709619,5.041574313726554,True
Spicy Notes,2213,0.016774046843022816,5.087478224357668,True
Sea Notes,2183,0.016546653528386267,5.101121000761455,True
Praline,2164,0.016402637762449785,5.10985869718966,True
Orris Root,2137,0.01619798377927689,5.12240824604126,True
Bulgarian Rose,2122,0.016084287121958616,5.129448875922995,True
Clove,2098,0.015902372470249376,5.140818017805618,True
Sugar,2094,0.015872053361631167,5.142725505270012,True
Mimosa,2076,0.015735617372849238,5.151354513750138,True
Cassis,2045,0.015500644281058138,5.1663923911146785,True
Vanille,2033,0.015409686955203518,5.1722747610177455,True
Strawberry,1980,0.01500795876601228,5.1986772909277,True
Apricot,1974,0.01496248010308497,5.201710660291028,True
Rum,1971,0.014939740771621314,5.203230802463669,True
Juniper,1914,0.01450769347381187,5.232561436011504,True
elemi,1868,0.014159023724702494,5.256875530170688,True
Melon,1847,0.01399984840445691,5.268175085424621,True
Turkish Rose,1811,0.013726976426893049,5.287847851023326,True
Fig,1810,0.013719396649738497,5.288399879742837,True
Bitter Orange,1809,0.013711816872583946,5.288952213366379,True
Lotus,1771,0.013423785340710983,5.310170206461224,True
Artemisia,1759,0.013332828014856362,5.316965249594053,True
Amberwood,1757,0.01331766846054726,5.318102259381128,True
Suede,1733,0.013135753808838021,5.331848180285763,True
Litchi,1708,0.012946259379974229,5.346370654510659,True
Cyclamen,1660,0.01258243007655575,5.374859228012956,True
Green Apple,1658,0.012567270522246645,5.376064047435806,True
Milk,1657,0.012559690745092094,5.37666700193101,True
Damask Rose,1644,0.012461153642082922,5.3845386744267785,True
Cherry,1599,0.012120063670128097,5.4122754293983775,True
Powdery Notes,1593,0.012074585007200789,5.41603247827609,True
Tea,1580,0.011976047904191617,5.424221500416778,True
Thyme,1578,0.011960888349882513,5.425487323370608,True
Mango,1569,0.011892670355491549,5.431203439283896,True
Frankincense,1546,0.01171833548093686,5.445961487053184,True
Ylang Ylang,1534,0.011627378155082241,5.453748677604953,True
Red Berries,1527,0.01157431971500038,5.458319367899785,True
Passionfruit,1512,0.011460623057682104,5.468184623837894,True
Honeysuckle,1496,0.011339346623209278,5.478815953206622,True
Tonka,1459,0.011058894868490866,5.503842622923869,True
Styrax,1435,0.010876980216781627,5.5204175880180815,True
Lilac,1417,0.010740544227999697,5.533031630534178,True
Blackcurrant,1404,0.010642007124990525,5.542241755858404,True
Rhubarb,1388,0.0105207306905177,5.553694994871907,True
Narcissus,1378,0.010444932918972182,5.560920459832949,True
Madagascar Vanilla,1377,0.01043735314181763,5.561645886052647,True
Birch,1360,0.010308496930190252,5.574059334974784,True
Blackberry,1342,0.010172060941408323,5.587373141103013,True
Anise,1341,0.010164481164253772,5.588118020094623,True
Civet,1330,0.010081103615553703,5.596348519231139,True
Amalfi Lemon,1325,0.010043204729780944,5.600112166880443,True
Green Tea,1323,0.010028045175471841,5.601621601129297,True
Juniper Berries,1316,0.00997498673538998,5.606922635882969,True
Cacao,1305,0.009891609186689911,5.615310027789874,True
Frangipani,1292,0.00979307208368074,5.625313958854393,True
Hyacinth,1291,0.009785492306526188,5.626087653283704,True
Blood Orange,1289,0.009770332752217085,5.627636840270533,True
Citrus,1254,0.009505040551807778,5.655143486060366,True
Agarwood,1249,0.009467141666035019,5.6591355073299034,True
Palisander Rosewood,1245,0.009436822557416812,5.662340638278852,True
Cumin,1234,0.009353445008716745,5.671208088564173,True
Smoke,1224,0.009277647237171227,5.679338214647423,True
Yuzu,1222,0.009262487682862124,5.6809722019390785,True
Sweet Notes,1216,0.009217009019934814,5.685890244638723,True
Haitian Vetiver,1214,0.009201849465625711,5.687534981851601,True
Cypriol Oil or Nagarmotha,1197,0.009072993253998332,5.701625558950856,True
Ambrette (Musk Mallow),1192,0.009035094368225574,5.705807915528334,True
Water Lily,1182,0.008959296596680058,5.714225473647864,True
Green Leaves,1138,0.008625786401879785,5.752128374179068,True
Ozonic notes,1107,0.008390813310088683,5.7797224703190215,True
Bourbon Vanilla,1104,0.008368073978625028,5.782433723674397,True
Chocolate,1099,0.00833017509285227,5.786968878839788,True
Oak,1095,0.008299855984234064,5.79061187011829,True
Castoreum,1076,0.008155840218297582,5.808099660469862,True
Ambrette,1062,0.00804972333813386,5.821183959284302,True
Red Apple,1060,0.008034563783824755,5.823067199012267,True
Calabrian bergamot,1027,0.007784431137724551,5.85466389161114,True
oak moss,1021,0.007738952474797241,5.860517566862601,True
Chamomile,1017,0.0077086333661790345,5.864439140515782,True
Opoponax,1010,0.007655574926097173,5.871339118605779,True
Peru Balsam,1005,0.007617676040324414,5.876296986966566,True
Pine,1005,0.007617676040324414,5.876296986966566,True
Watery Notes,1004,0.007610096263169863,5.877291517133075,True
Water Notes,1001,0.007587356931706208,5.88028105598144,True
Herbal Notes,997,0.007557037823088001,5.884281061314787,True
Star Anise,983,0.007450920942924278,5.898408440573997,True
Resins,981,0.007435761388615175,5.900443029271785,True
Hazelnut,963,0.007299325399833245,5.918943043015705,True
Salt,939,0.007117410748124005,5.944154462362201,True
Licorice,937,0.007102251193814902,5.946284388620025,True
Red Fruits,935,0.007087091639505798,5.948418861148658,True
Black Tea,927,0.0070264534222693855,5.95700260484005,True
Eucalyptus,923,0.006996134313651179,5.961322265984566,True
Marigold,921,0.006980974759342075,5.963489114069657,True
Davana,910,0.006897597210642007,5.975491440366292,True
Watermelon,910,0.006897597210642007,5.975491440366292,True
Tolu Balsam,903,0.006844538770560146,5.983204977234074,True
Coumarin,895,0.006783900553323732,5.99209392465132,True
Immortelle,892,0.006761161221860077,5.995447756749751,True
Whipped Cream,891,0.006753581444705526,5.996568205046241,True
African Orange Flower,883,0.006692943227469113,6.005577274988607,True
Angelica,883,0.006692943227469113,6.005577274988607,True
Pomegranate,881,0.006677783673160009,6.007842281619459,True
Fir,876,0.00663988478738725,6.013527345254068,True
Citron,867,0.006571666792996286,6.0238426229659,True
Sicilian Lemon,864,0.006548927461532631,6.027304830694371,True
Grass,848,0.006427651027059804,6.045975151314903,True
Fruits,839,0.006359433032668839,6.056632445788892,True
Cognac,829,0.006283635261123323,6.068608636835607,True
Atlas Cedar,800,0.006063821723641325,6.104173390557891,True
Papyrus,792,0.0060031835064049115,6.114211115991402,True
Marshmallow,789,0.0059804441749412565,6.1180013921651835,True
Hay,777,0.005889486849086637,6.133307813447859,True
Flowers,773,0.00585916774046843,6.1384624640365235,True
Sea water,762,0.005775790191768362,6.152776306341793,True
Brazilian Rosewood,761,0.0057682104146138105,6.154087781939604,True
White Amber,751,0.005692412643068294,6.167298013676411,True
Caraway,744,0.005639354202986432,6.176650119246691,True
Pink Grapefruit,738,0.005593875540059122,6.1847364166780485,True
Sweet Orange,734,0.005563556431440916,6.190163838413413,True
Balsam Fir,727,0.005510497991359054,6.199733289429565,True
Amyris,725,0.005495338437049951,6.202484322801454,True
Fig Leaf,725,0.005495338437049951,6.202484322801454,True
Tiare Flower,719,0.005449859774122641,6.21078312561615,True
Sea Salt,713,0.0054043811111953305,6.219151375286666,True
Dark Chocolate,712,0.005396801334040779,6.220552917211955,True
Mate,704,0.005336163116804366,6.231836534813982,True
Bay Leaf,678,0.005139088910786023,6.269413210067555,True
Precious Woods,678,0.005139088910786023,6.269413210067555,True
Egyptian Jasmine,677,0.005131509133631472,6.270887049685855,True
Tarragon,676,0.005123929356476919,6.272363064713976,True
Seaweed,675,0.005116349579322368,6.273841261583287,True
Cotton Candy,670,0.005078450693549609,6.281265200654569,True
Beeswax,663,0.005025392253467748,6.291752188149816,True
Marine notes,657,0.0049799135905404385,6.300829406300934,True
Hedione,627,0.004752520275903889,6.3474941711580515,True
Bitter Almond,626,0.0047449404987493365,6.34908779699333,True
White Woods,626,0.0047449404987493365,6.34908779699333,True
Green Mandarin,625,0.004737360721594785,6.350683966526152,True
May Rose,625,0.004737360721594785,6.350683966526152,True
Bamboo,618,0.004684302281512924,6.361929064941655,True
Sandalowood,611,0.004631243841431062,6.373302055113925,True
Cypriol,603,0.004570605624194648,6.386460139691436,True
Iso E Super,598,0.0045327067384218905,6.394772739510801,True
Pomelo,596,0.004517547184112787,6.398117224233649,True
Cherry Blossom,595,0.0045099674069582355,6.399793670560901,True
White Rose,594,0.004502387629803684,6.401472932080621,True
Violet Leaves,590,0.004472068521185477,6.408218320220152,True
Vanilla Absolute,588,0.004456908966876374,6.411608153974663,True
Pistachio,585,0.004434169635412719,6.416714548049238,True
Hibiscus,584,0.0044265898582581675,6.418422490394394,True
Brown sugar,583,0.004419010081103615,6.420133354798024,True
Red Currant,583,0.004419010081103615,6.420133354798024,True
Wormwood,582,0.004411430303949064,6.421847151275758,True
Lemon Verbena,581,0.0044038505267945125,6.423563889894813,True
Nectarine,577,0.004373531418176306,6.430460468953873,True
Cocoa,576,0.004365951641021754,6.432192071118151,True
Resin,571,0.004328052755248996,6.440895346246452,True
Solar Notes,570,0.004320472978094444,6.44264512797024,True
Dried Fruits,566,0.004290153869476237,6.449675033898498,True
Lychee,566,0.004290153869476237,6.449675033898498,True
Clementine,557,0.004221935875085273,6.465675375244939,True
Driftwood,557,0.004221935875085273,6.465675375244939,True
Sichuan Pepper,554,0.004199196543621618,6.471066223879816,True
Blueberry,553,0.004191616766467066,6.472869650878967,True
Indonesian Patchouli Leaf,549,0.004161297657848859,6.480116059399734,True
Whiskey,542,0.004108239217766998,6.492925017692315,True
Coconut Milk,536,0.0040627605548396875,6.504036243117386,True
Champaca,531,0.00402486166906693,6.513390848284606,True
Peach Blossom,521,0.003949063897521413,6.532366749743612,True
Australian Sandalwood,519,0.0039339043432123095,6.536205526050777,True
White Pepper,517,0.003918744788903206,6.540059095366767,True
Animal notes,516,0.0039111650117486544,6.541991463117822,True
Peppermint,515,0.003903585234594103,6.543927572144688,True
cannabis,508,0.0038505267945122415,6.5575863210757275,True
Myrtle,502,0.0038050481315849314,6.569444167526512,True
Pine Tree,502,0.0038050481315849314,6.569444167526512,True
Vanilla Orchid,496,0.0037595694686576213,6.581444311529622,True
Butter,492,0.003729250360039415,6.58952516358356,True
Teak Wood,491,0.003721670582884863,6.591555621133942,True
Aquatic notes,490,0.0037140908057303117,6.59359020983173,True
Tobacco Leaf,484,0.0036686121428030015,6.6058854466887675,True
Rose de Mai,480,0.003638293034184795,6.614167067520489,True
Italian Lemon,478,0.003623133479875692,6.618333740215335,True
Myrhh,477,0.00361555370272114,6.620423605134794,True
Apple Blossom,473,0.003585234594102933,6.628827015931174,True
Guava,472,0.0035776548169483818,6.630938949134317,True
Earthy Notes,470,0.0035624952626392785,6.635176243609833,True
Vanilla Bean,469,0.0035549154854847267,6.6373016429221465,True
Cucumber,451,0.003418479496702797,6.676352157794019,True
Oriental notes,451,0.003418479496702797,6.676352157794019,True
White Peach,447,0.0033881603880845904,6.685241105211265,True
Grapes,446,0.0033805806109300385,6.687475743012682,True
Akigalawood,443,0.0033578412794663835,6.694209775194025,True
White Tea,443,0.0033578412794663835,6.694209775194025,True
Taif Rose,441,0.0033426817251572803,6.698724455548552,True
Verbena,439,0.003327522170848177,6.7032596107139435,True
Cambodian Oud,438,0.003319942393693625,6.705534924551079,True
Palo Santo,436,0.003304782839384522,6.71010114253066,True
Mineral notes,433,0.003282043507920867,6.716989803525846,True
Sandal,433,0.003282043507920867,6.716989803525846,True
Mahogany,428,0.0032441446221481087,6.728577418698234,True
Rose Petals,428,0.0032441446221481087,6.728577418698234,True
Gurjan balsam,425,0.003221405290684454,6.73559499135688,True
Carrot Seeds,424,0.003213825513529902,6.737945168701834,True
Elemi resin,423,0.0032062457363753504,6.740300882394292,True
Siam Benzoin,421,0.003191086182066247,6.745029023590239,True
Ivy,419,0.003175926627757144,6.749779626348836,True
Balsamic Notes,415,0.0031456075191389375,6.759349077364987,True
Dry Wood,415,0.0031456075191389375,6.759349077364987,True
Sicilian Bergamot,412,0.0031228681876752824,6.766586744665218,True
French labdanum,411,0.0031152884105207306,6.769010988276724,True
Pimento,411,0.0031152884105207306,6.769010988276724,True
Champagne,410,0.003107708633366179,6.771441123130016,True
Vetyver,409,0.0031001288562116274,6.773877177927897,True
Wild Berries,403,0.0030546501932843173,6.7886194596651,True
Metallic notes,402,0.003047070416129766,6.791097775679567,True
Lemongrass,401,0.003039490638975214,6.79358224900723,True
Dates,400,0.0030319108618206627,6.7960729103196815,True
Cacao Pod,394,0.0029864321988933525,6.811148572725129,True
White Cedar Extract,382,0.0028954748730387328,6.841999348445604,True
Vanila,380,0.0028803153187296295,6.84723496249955,True
Moroccan Rose,379,0.0028727355415750777,6.849863084905819,True
Kiwi,374,0.0028348366558023194,6.863108311655839,True
Toffee,374,0.0028348366558023194,6.863108311655839,True
Rice,371,0.0028120973243386644,6.871140483353104,True
Indian Jasmine,370,0.002804517547184113,6.873832275018815,True
Indian Oud,368,0.0027893579928750093,6.879237693585724,True
Hawthorn,364,0.002759038884256803,6.8901369840437585,True
Tropical Fruits,364,0.002759038884256803,6.8901369840437585,True
White Chocolate,363,0.002751459107102251,6.892880469989509,True
Big Strawberry,354,0.0026832411127112863,6.917916548150835,True
Aromatic Notes,345,0.0026150231183203216,6.943595562568526,True
Cassia,345,0.0026150231183203216,6.943595562568526,True
Cranberry,344,0.0026074433411657698,6.946489920594891,True
Fennel,340,0.002577124232547563,6.958151860342734,True
Green Accord,340,0.002577124232547563,6.958151860342734,True
Italian Mandarin,339,0.0025695444553930115,6.961088720016043,True
Virginian Cedar,337,0.0025543849010839083,6.966988442143232,True
Quince,335,0.0025392253467748046,6.972923177663047,True
Birch Tar,330,0.0025013264610020463,6.987915962249188,True
Banana,327,0.0024785871295383917,6.997020729242107,True
Cotton Flower,327,0.0024785871295383917,6.997020729242107,True
Lime (Linden) Blossom,326,0.00247100735238384,7.000074166728997,True
Mastic or Lentisque,320,0.0024255286894565298,7.018593214496234,True
Sugar Cane,317,0.002402789357992875,7.027982954846074,True
Mysore Sandalwood,312,0.002364890472220117,7.043831147086097,True
Lemon Zest,311,0.002357310695065565,7.047031149816768,True
Carrot,310,0.0023497309179110132,7.050241425447016,True
White Wood,308,0.00233457136360191,7.056693060728505,True
juniper berry,308,0.00233457136360191,7.056693060728505,True
Chestnut,307,0.0023269915864473586,7.059934554652676,True
Kumquat,306,0.0023194118092928068,7.063186590039053,True
Fern,304,0.0023042522549837035,7.069722561018839,True
Sand,304,0.0023042522549837035,7.069722561018839,True
Natural Musk,298,0.0022587735920563934,7.089590764235564,True
Tomato Leaf,293,0.002220874706283635,7.1064545702875686,True
Calone,279,0.002114757826119912,7.155244734457001,True
Pine needles,278,0.0021071780489653603,7.158822555804885,True
Granny Smith apple,277,0.002099598271810809,7.162413223935613,True
Almond Blossom,275,0.0020844387175017053,7.1696334719091,True
White Honey,275,0.0020844387175017053,7.1696334719091,True
Sweet Pea,269,0.0020389600545743956,7.191612378627876,True
Rose Oil,267,0.0020238005002652924,7.1990473571153935,True
Passion Flower,265,0.0020086409459561887,7.206538028844552,True
Tahitian Vanilla,263,0.0019934813916470855,7.214085234479934,True
Wisteria,263,0.0019934813916470855,7.214085234479934,True
Red Rose,256,0.001940422951565224,7.240958252731031,True
Papaya,255,0.0019328431744106724,7.244856893146688,True
Red Wine,255,0.0019328431744106724,7.244856893146688,True
Liquor,251,0.0019025240657924657,7.2606052501148275,True
Soil Tincture,251,0.0019025240657924657,7.2606052501148275,True
Sour Cherry,251,0.0019025240657924657,7.2606052501148275,True
Wildflowers,251,0.0019025240657924657,7.2606052501148275,True
Rose Water,249,0.0018873645114833625,7.268573419764004,True
Black Cherry,246,0.0018646251800197074,7.280646000998273,True
Cashmere Musk,245,0.0018570454028651558,7.2847028016938875,True
Coconut Water,245,0.0018570454028651558,7.2847028016938875,True
Wild Strawberry,245,0.0018570454028651558,7.2847028016938875,True
Oily Notes,240,0.0018191465170923975,7.305237404135595,True
Absinthe,236,0.0017888274084741909,7.321974196491119,True
Ice cream,235,0.0017812476313196393,7.32620253260064,True
Skin,235,0.0017812476313196393,7.32620253260064,True
Custard,234,0.0017736678541650874,7.330448823482092,True
Oregano,233,0.0017660880770105358,7.334713222268549,True
Ice,225,0.0017054498597741227,7.369499338353965,True
Black Amber,224,0.0016978700826195709,7.373933935421831,True
Pink Peony,224,0.0016978700826195709,7.373933935421831,True
Gourmand Accord,223,0.0016902903054650193,7.37838828577121,True
Tunisian Neroli,223,0.0016902903054650193,7.37838828577121,True
Cade oil,221,0.001675130751155916,7.387356955753971,True
White Lily,221,0.001675130751155916,7.387356955753971,True
Blonde Woods,218,0.001652391419692261,7.40096260780975,True
Lemon Blossom,217,0.0016448116425377094,7.405539274837161,True
Sicilian Orange,217,0.0016448116425377094,7.405539274837161,True
Clover,214,0.0016220723110740543,7.4193963094985875,True
Broom,213,0.0016144925339195027,7.424058322604399,True
Green Grass,213,0.0016144925339195027,7.424058322604399,True
Fir Resin,212,0.001606912756764951,7.428742171916825,True
Texas Cedar,212,0.001606912756764951,7.428742171916825,True
Gin,211,0.0015993329796103995,7.433448062954238,True
Ceylon Cinnamon,209,0.001584173425301296,7.4429268069087815,True
Wild Rose,208,0.0015765936481467444,7.447700085661439,True
Exotic Fruits,207,0.0015690138709921928,7.452496257924932,True
Laotian Oud,207,0.0015690138709921928,7.452496257924932,True
Hinoki Wood,205,0.0015538543166830896,7.46215816883667,True
Thailand Oud,205,0.0015538543166830896,7.46215816883667,True
Dew Drop,202,0.0015311149852194345,7.476828358584463,True
Tincture of Rose,201,0.001523535208064883,7.481766640225046,True
Black Musk,199,0.0015083756537557795,7.491716971078214,True
Almond Milk,197,0.0014932160994466763,7.501767306931716,True
Sicilian Mandarin,197,0.0014932160994466763,7.501767306931716,True
Turmeric,197,0.0014932160994466763,7.501767306931716,True
Laurels,195,0.001478056545137573,7.511919678395733,True
Guatemalan Cardamom,194,0.0014704767679830212,7.517034779062504,True
Tulip,193,0.0014628969908284696,7.522176178562923,True
Yellow Mandarin,188,0.0014249981050557113,7.548287322566608,True
Ebony,187,0.0014174183279011597,7.553592374796302,True
Iris Flower,186,0.001409838550746608,7.558925720771664,True
Velvet,184,0.0013946789964375047,7.569678512547926,True
Blue Lotus,183,0.001387099219282953,7.575098580017265,True
Indian Tuberose,183,0.001387099219282953,7.575098580017265,True
Black currant leaf,182,0.0013795194421284014,7.5805481847848295,True
Camphor,182,0.0013795194421284014,7.5805481847848295,True
Tea Rose,181,0.0013719396649738498,7.586027650549455,True
Truffle,181,0.0013719396649738498,7.586027650549455,True
Acácia,180,0.0013643598878192982,7.591537306360425,True
Pear Blossom,180,0.0013643598878192982,7.591537306360425,True
Tobacco Blossom,178,0.0013492003335101948,7.602648531785496,True
Costus,177,0.0013416205563556432,7.608250787334165,True
Sorbet,174,0.001318881224891988,7.625248363702736,True
Cream,173,0.0013113014477374365,7.630979038411722,True
Rose Geranium,172,0.0013037216705828849,7.636742743128472,True
Carambola (Star Fruit),171,0.0012961418934283333,7.642539860812797,True
Hinoki,171,0.0012961418934283333,7.642539860812797,True
Allspice,169,0.0012809823391192298,7.654235900575989,True
Olive,169,0.0012809823391192298,7.654235900575989,True
Plum Blossom,169,0.0012809823391192298,7.654235900575989,True
Sesame,169,0.0012809823391192298,7.654235900575989,True
Brazilian Orange,168,0.0012734025619646782,7.660135622703177,True
Nagarmotha,168,0.0012734025619646782,7.660135622703177,True
White Sandalwood,168,0.0012734025619646782,7.660135622703177,True
Mountain Air,166,0.001258243007655575,7.672040525209495,True
Orange Peel,166,0.001258243007655575,7.672040525209495,True
Bourbon Geranium,163,0.00123550367619192,7.690167909802052,True
Hiacynth,163,0.00123550367619192,7.690167909802052,True
Gaiac Wood,161,0.0012203441218828167,7.702438002393866,True
Brandy,160,0.0012127643447282649,7.708629972641788,True
Grasse Rose,160,0.0012127643447282649,7.708629972641788,True
Blood Mandarin,159,0.0012051845675737133,7.714860522392423,True
Ginger flower,159,0.0012051845675737133,7.714860522392423,True
Matcha Tea,159,0.0012051845675737133,7.714860522392423,True
Rain Notes,159,0.0012051845675737133,7.714860522392423,True
Walnut,159,0.0012051845675737133,7.714860522392423,True
Aloe Vera,158,0.0011976047904191617,7.721130135406019,True
Java vetiver oil,158,0.0011976047904191617,7.721130135406019,True
Moroccan Jasmine,158,0.0011976047904191617,7.721130135406019,True
Chili Pepper,157,0.00119002501326461,7.727439304599284,True
Litsea Cubeba,157,0.00119002501326461,7.727439304599284,True
Night Blooming Jasmine,157,0.00119002501326461,7.727439304599284,True
Water Jasmine,157,0.00119002501326461,7.727439304599284,True
Cupcake,156,0.0011824452361100584,7.733788532277942,True
Linden Blossom,156,0.0011824452361100584,7.733788532277942,True
Poppy,156,0.0011824452361100584,7.733788532277942,True
Black Rose,155,0.0011748654589555066,7.740178330376714,True
Exotic Woods,155,0.0011748654589555066,7.740178330376714,True
Vanilla Flower,155,0.0011748654589555066,7.740178330376714,True
Cardamon,154,0.001167285681800955,7.746609220707004,True
Fig Tree,153,0.0011597059046464034,7.753081735212621,True
Exotic floral notes,152,0.0011521261274918518,7.759596416233815,True
Red Pepper,152,0.0011521261274918518,7.759596416233815,True
Biscuit,151,0.0011445463503373002,7.766153816779974,True
Spun Sugar,151,0.0011445463503373002,7.766153816779974,True
Nard Himalayan (Jatamansi),150,0.0011369665731827483,7.772754500811326,True
Tunisian Orange Blossom,148,0.001121807018873645,7.786088031680792,True
Ink,147,0.0011142272417190935,7.792822063862135,True
Maple,147,0.0011142272417190935,7.792822063862135,True
Tuscan Iris,147,0.0011142272417190935,7.792822063862135,True
Spearmint,146,0.0011066474645645419,7.799601750847514,True
Copaiba balm,145,0.00109906768740999,7.8064277159179145,True
Pumpkin,145,0.00109906768740999,7.8064277159179145,True
Wheat,145,0.00109906768740999,7.8064277159179145,True
Lemon Peel,144,0.0010914879102554384,7.813300595205676,True
Palmarosa,143,0.0010839081331008868,7.82022103805025,True
Cake,142,0.0010763283559463352,7.827189707366343,True
Marjoram,142,0.0010763283559463352,7.827189707366343,True
Black Orchid,141,0.0010687485787917836,7.83420728002499,True
Black Vanilla Husk,140,0.0010611688016372318,7.841274447248082,True
Spanish Labdanum,140,0.0010611688016372318,7.841274447248082,True
Ambrofix™,139,0.0010535890244826802,7.848391915016946,True
Cistus Incanus,138,0.0010460092473281286,7.8555604044955585,True
Hyrax,137,0.001038429470173577,7.862780652469046,True
Olive Tree,136,0.0010308496930190253,7.870053411798126,True
Shiso,135,0.0010232699158644735,7.8773794518901985,True
White Grapefruit,135,0.0010232699158644735,7.8773794518901985,True
Bark,134,0.0010156901387099219,7.884759559187821,True
Syrup,133,0.0010081103615553703,7.892194537675339,True
Ambrox Super,132,0.0010005305844008187,7.899685209404496,True
Lemon Leaf,132,0.0010005305844008187,7.899685209404496,True
Ambrettolide,131,0.000992950807246267,7.907232415039879,True
Crystal Amber,131,0.000992950807246267,7.907232415039879,True
Rose Hip,131,0.000992950807246267,7.907232415039879,True
White Tobacco,131,0.000992950807246267,7.907232415039879,True
Mexican chocolate,130,0.0009853710300917152,7.914837014425099,True
Calamus,129,0.0009777912529371636,7.922499887170668,True
Mushroom,128,0.000970211475782612,7.930221933264578,True
Cedar Needles,127,0.0009626316986280604,7.938004073706633,True
Datura,127,0.0009626316986280604,7.938004073706633,True
Bourbon Vetiver,125,0.000947472144318957,7.953752430674773,True
Berries,124,0.0009398923671644053,7.961720600323949,True
Green Bell Pepper,124,0.0009398923671644053,7.961720600323949,True
Jasmine Tea,124,0.0009398923671644053,7.961720600323949,True
Rock rose,124,0.0009398923671644053,7.961720600323949,True
Indian Patchouli,122,0.0009247328128553021,7.977849982253833,True
Patchouli Leaf,122,0.0009247328128553021,7.977849982253833,True
Pitahaya,122,0.0009247328128553021,7.977849982253833,True
White Oud,122,0.0009247328128553021,7.977849982253833,True
Birch Leaf,119,0.000901993481391647,8.002542594844204,True
Bubble Gum,119,0.000901993481391647,8.002542594844204,True
Camellia,119,0.000901993481391647,8.002542594844204,True
Amaretto,118,0.0008944137042370954,8.010910844514722,True
Himalayan Cedar,118,0.0008944137042370954,8.010910844514722,True
Paprika,118,0.0008944137042370954,8.010910844514722,True
Ebony Wood,117,0.0008868339270825437,8.019349713160587,True
Bellflower,116,0.0008792541499279921,8.027860402828495,True
Star Jasmine,116,0.0008792541499279921,8.027860402828495,True
Timur,116,0.0008792541499279921,8.027860402828495,True
Copal,115,0.0008716743727734405,8.036444146519885,True
Daisy,113,0.0008565148184643372,8.053835889231756,True
Spruce,113,0.0008565148184643372,8.053835889231756,True
Black Elder,112,0.0008489350413097854,8.06264651891391,True
Chinese Osmanthus,112,0.0008489350413097854,8.06264651891391,True
Mandarin Blossom,112,0.0008489350413097854,8.06264651891391,True
Petalia,112,0.0008489350413097854,8.06264651891391,True
Clearwood,111,0.0008413552641552338,8.071535466331156,True
Pink Lotus,111,0.0008413552641552338,8.071535466331156,True
Red Cedar,111,0.0008413552641552338,8.071535466331156,True
Vodka,111,0.0008413552641552338,8.071535466331156,True
Currant buds,110,0.0008337754870006822,8.080504136313916,True
Popcorn,110,0.0008337754870006822,8.080504136313916,True
Amber Xtreme,109,0.0008261957098461305,8.089553971833833,True
Algae,108,0.0008186159326915789,8.098686455397107,True
Candy apple,108,0.0008186159326915789,8.098686455397107,True
Paper,108,0.0008186159326915789,8.098686455397107,True
gunpowder,108,0.0008186159326915789,8.098686455397107,True
Tiare,107,0.0008110361555370272,8.107903110502031,True
Boronia,106,0.0008034563783824756,8.117205503164344,True
Cinammon,106,0.0008034563783824756,8.117205503164344,True
Cookie,106,0.0008034563783824756,8.117205503164344,True
Orcanox™,106,0.0008034563783824756,8.117205503164344,True
Tea Leaf,106,0.0008034563783824756,8.117205503164344,True
Linen,105,0.0007958766012279239,8.126595243514183,True
Meringue,105,0.0007958766012279239,8.126595243514183,True
Roasted Coffee Beans,105,0.0007958766012279239,8.126595243514183,True
Buchu or Agathosma,104,0.0007882968240733722,8.136073987468727,True
Copahu Balm,104,0.0007882968240733722,8.136073987468727,True
Tamarind,103,0.0007807170469188206,8.145643438484878,True
White Lotus,103,0.0007807170469188206,8.145643438484878,True
Aromatic Spices,102,0.0007731372697642689,8.155305349396615,True
Cinnamon Leaf,102,0.0007731372697642689,8.155305349396615,True
Coconut Nectar,102,0.0007731372697642689,8.155305349396615,True
Fresh note,102,0.0007731372697642689,8.155305349396615,True
Snow,102,0.0007731372697642689,8.155305349396615,True
Syringa,102,0.0007731372697642689,8.155305349396615,True
Dried Plum,101,0.0007655574926097173,8.16506152434198,True
Sunflower,101,0.0007655574926097173,8.16506152434198,True
Celery,100,0.0007579777154551657,8.17491382078499,True
Sweet Almond,100,0.0007579777154551657,8.17491382078499,True
Ash,99,0.0007503979383006139,8.184864151638159,True
Candied Fruits,99,0.0007503979383006139,8.184864151638159,True
Coca-Cola,99,0.0007503979383006139,8.184864151638159,True
Maple syrup,99,0.0007503979383006139,8.184864151638159,True
Pink Rose,99,0.0007503979383006139,8.184864151638159,True
Civetta,98,0.0007428181611460623,8.19491448749166,True
Raspberry Leaf,98,0.0007428181611460623,8.19491448749166,True
Lactones,97,0.0007352383839915106,8.205066858955679,True
Mandarin Leaf,97,0.0007352383839915106,8.205066858955679,True
Rhuburb,97,0.0007352383839915106,8.205066858955679,True
Cactus,96,0.000727658606836959,8.215323359122866,True
Fenugreek,96,0.000727658606836959,8.215323359122866,True
Nectar,96,0.000727658606836959,8.215323359122866,True
Vanilla Pod,96,0.000727658606836959,8.215323359122866,True
White Blossom,94,0.0007124990525278557,8.236157446025711,True
Madagascar Ylang-Ylang,93,0.000704919275373304,8.246739555356246,True
Maltol,93,0.000704919275373304,8.246739555356246,True
Bread,92,0.0006973394982187523,8.257434844472995,True
Chrysanthemum,92,0.0006973394982187523,8.257434844472995,True
Russian Leather,92,0.0006973394982187523,8.257434844472995,True
Cappuccino,91,0.0006897597210642007,8.26824576057721,True
Marzipan,91,0.0006897597210642007,8.26824576057721,True
Black Violet,90,0.0006821799439096491,8.279174831109401,True
Petitgrain Paraguay,90,0.0006821799439096491,8.279174831109401,True
Monoi Oil,89,0.0006746001667550974,8.290224667295986,True
Orange Oil,89,0.0006746001667550974,8.290224667295986,True
Water Hyacinth,89,0.0006746001667550974,8.290224667295986,True
Milk Chocolate,88,0.0006670203896005458,8.301397967894111,True
Ambrocenide,87,0.000659440612445994,8.312697523148044,True
Gingerbread,87,0.000659440612445994,8.312697523148044,True
Nutty Notes,87,0.000659440612445994,8.312697523148044,True
Vanilla Sugar,87,0.000659440612445994,8.312697523148044,True
Grapefruit blossom,86,0.0006518608352914424,8.324126218971667,True
Macarons,86,0.0006518608352914424,8.324126218971667,True
Palm Leaf,86,0.0006518608352914424,8.324126218971667,True
Soap,86,0.0006518608352914424,8.324126218971667,True
Oolong tea,85,0.0006442810581368907,8.335687041372744,True
Creme Brulee,83,0.0006291215038277875,8.359217538782936,True
Petrichor,83,0.0006291215038277875,8.359217538782936,True
Silk,83,0.0006291215038277875,8.359217538782936,True
Black locust,82,0.0006215417266732358,8.371193729829653,True
Camelia,82,0.0006215417266732358,8.371193729829653,True
Cherry Liqueur,82,0.0006215417266732358,8.371193729829653,True
Red Thyme,82,0.0006215417266732358,8.371193729829653,True
White Ginger Lily,82,0.0006215417266732358,8.371193729829653,True
Apricot Blossom,81,0.0006139619495186842,8.383315090361997,True
Earl Grey Tea,81,0.0006139619495186842,8.383315090361997,True
Fig Nectar,81,0.0006139619495186842,8.383315090361997,True
Floral Fruity Notes,81,0.0006139619495186842,8.383315090361997,True
Malt,81,0.0006139619495186842,8.383315090361997,True
White Orchid,81,0.0006139619495186842,8.383315090361997,True
Mace,80,0.0006063821723641324,8.395585182953813,True
Agave,78,0.0005912226180550292,8.42058648515923,True
Nashi Pear,78,0.0005912226180550292,8.42058648515923,True
Pelargonium,78,0.0005912226180550292,8.42058648515923,True
Airy Note,77,0.0005836428409004775,8.433325510936658,True
Cabreuva,77,0.0005836428409004775,8.433325510936658,True
Fire,77,0.0005836428409004775,8.433325510936658,True
Indian Sandalwood,77,0.0005836428409004775,8.433325510936658,True
Mojito,77,0.0005836428409004775,8.433325510936658,True
Stone,77,0.0005836428409004775,8.433325510936658,True
White Suede,77,0.0005836428409004775,8.433325510936658,True
Blood,76,0.0005760630637459259,8.446228915772567,True
Cactus Flower,76,0.0005760630637459259,8.446228915772567,True
Condensed Milk,76,0.0005760630637459259,8.446228915772567,True
Pine Tree Needles,76,0.0005760630637459259,8.446228915772567,True
dark woodsy notes,76,0.0005760630637459259,8.446228915772567,True
ebony tree,76,0.0005760630637459259,8.446228915772567,True
Lemon Tree,75,0.0005684832865913742,8.45930099733992,True
Mirabelle,75,0.0005684832865913742,8.45930099733992,True
Amaryllis,74,0.0005609035094368226,8.472546224089939,True
Bourbon Whiskey,74,0.0005609035094368226,8.472546224089939,True
Hyssop,74,0.0005609035094368226,8.472546224089939,True
Black Leather,73,0.0005533237322822709,8.48596924442208,True
Cetalox,73,0.0005533237322822709,8.48596924442208,True
Lavender Extract,73,0.0005533237322822709,8.48596924442208,True
Red Mandarin,73,0.0005533237322822709,8.48596924442208,True
White Wine,73,0.0005533237322822709,8.48596924442208,True
Black Currant Blossom,72,0.0005457439551277192,8.49957489647786,True
Pandanus,72,0.0005457439551277192,8.49957489647786,True
Tahitian Vetiver,72,0.0005457439551277192,8.49957489647786,True
Tropical Fruit,72,0.0005457439551277192,8.49957489647786,True
Burnt Sugar,71,0.0005381641779731676,8.513368218610196,True
Gooseberry,71,0.0005381641779731676,8.513368218610196,True
Red Peony,71,0.0005381641779731676,8.513368218610196,True
Sequoia,71,0.0005381641779731676,8.513368218610196,True
Cashmirwood,70,0.0005305844008186159,8.527354460584935,True
Plumeria,70,0.0005305844008186159,8.527354460584935,True
White Iris,70,0.0005305844008186159,8.527354460584935,True
Georgywood,69,0.0005230046236640643,8.54153909557689,True
Lemon Balm,69,0.0005230046236640643,8.54153909557689,True
Liatris,69,0.0005230046236640643,8.54153909557689,True
Mahonial,69,0.0005230046236640643,8.54153909557689,True
Marshamallow,69,0.0005230046236640643,8.54153909557689,True
Opium,69,0.0005230046236640643,8.54153909557689,True
Persimmon,69,0.0005230046236640643,8.54153909557689,True
Synthetic Civet,69,0.0005230046236640643,8.54153909557689,True
Wild Lavender,69,0.0005230046236640643,8.54153909557689,True
plum,69,0.0005230046236640643,8.54153909557689,True
Bamboo Leaf,68,0.0005154248465095127,8.555927833028992,True
Dahlia,67,0.0005078450693549609,8.570526632450143,True
Mugwort,67,0.0005078450693549609,8.570526632450143,True
Salted Caramel,67,0.0005078450693549609,8.570526632450143,True
Violet Root,67,0.0005078450693549609,8.570526632450143,True
African Geranium,66,0.0005002652922004093,8.585341718235284,True
Angelica Root,66,0.0005002652922004093,8.585341718235284,True
Baie Rose,66,0.0005002652922004093,8.585341718235284,True
Barley,66,0.0005002652922004093,8.585341718235284,True
Bigarade,66,0.0005002652922004093,8.585341718235284,True
French orange flower,66,0.0005002652922004093,8.585341718235284,True
Kaffir Lime,66,0.0005002652922004093,8.585341718235284,True
Orange Leaf,66,0.0005002652922004093,8.585341718235284,True
Helvetolide,65,0.0004926855150458576,8.600379595599826,True
Lime (Linden Blossom),65,0.0004926855150458576,8.600379595599826,True
Blackcurrant Syrup,64,0.000485105737891306,8.615647067730613,True
Celery Seeds,64,0.000485105737891306,8.615647067730613,True
Pink Freesia,64,0.000485105737891306,8.615647067730613,True
Raisin,64,0.000485105737891306,8.615647067730613,True
Siberian Pine,64,0.000485105737891306,8.615647067730613,True
Talc,64,0.000485105737891306,8.615647067730613,True
Black Spruce,63,0.00047752596073675433,8.631151254266578,True
Bran,63,0.00047752596073675433,8.631151254266578,True
Night blooming Cereus,63,0.00047752596073675433,8.631151254266578,True
Pineapple Leaf,63,0.00047752596073675433,8.631151254266578,True
Rhododendron,63,0.00047752596073675433,8.631151254266578,True
Vanillin,63,0.00047752596073675433,8.631151254266578,True
Blood Grapefruit,62,0.00046994618358220267,8.64689961123472,True
Candied Almond,62,0.00046994618358220267,8.64689961123472,True
Coffee blossom,62,0.00046994618358220267,8.64689961123472,True
Floral bouquet,62,0.00046994618358220267,8.64689961123472,True
Forest Fruits,62,0.00046994618358220267,8.64689961123472,True
Turkish Rose Oil,62,0.00046994618358220267,8.64689961123472,True
Cedar Leaves,61,0.00046236640642765105,8.66289995258116,True
Clove Leaf,61,0.00046236640642765105,8.66289995258116,True
Iris Butter,61,0.00046236640642765105,8.66289995258116,True
Mignonette,61,0.00046236640642765105,8.66289995258116,True
Red Chilli Pepper,61,0.00046236640642765105,8.66289995258116,True
Wool,61,0.00046236640642765105,8.66289995258116,True
heather,61,0.00046236640642765105,8.66289995258116,True
Concrete,60,0.0004547866292730994,8.679160473452939,True
Olive Blossom,60,0.0004547866292730994,8.679160473452939,True
Pitosporum,60,0.0004547866292730994,8.679160473452939,True
Tomato,60,0.0004547866292730994,8.679160473452939,True
French Rose,59,0.0004472068521185477,8.69568977540415,True
Lichen,59,0.0004472068521185477,8.69568977540415,True
Snowdrops,59,0.0004472068521185477,8.69568977540415,True
black fig,59,0.0004472068521185477,8.69568977540415,True
Evernyl,58,0.00043962707496399605,8.71249689372053,True
Moroccan Cedar,58,0.00043962707496399605,8.71249689372053,True
Musk Mallow,58,0.00043962707496399605,8.71249689372053,True
Siam,58,0.00043962707496399605,8.71249689372053,True
mulberry,58,0.00043962707496399605,8.71249689372053,True
Ambrarome,57,0.0004320472978094444,8.72959132707983,True
Banana Leaf,57,0.0004320472978094444,8.72959132707983,True
CO2 Extracts,57,0.0004320472978094444,8.72959132707983,True
Japanese Cherry Blossom,57,0.0004320472978094444,8.72959132707983,True
Macadamia,57,0.0004320472978094444,8.72959132707983,True
Water,57,0.0004320472978094444,8.72959132707983,True
Acai Berry,56,0.0004244675206548927,8.7469830697917,True
Clay,56,0.0004244675206548927,8.7469830697917,True
Italian Tangerine,56,0.0004244675206548927,8.7469830697917,True
Egyptian Musk,55,0.0004168877435003411,8.764682646891101,True
Espresso,55,0.0004168877435003411,8.764682646891101,True
Italian Iris,55,0.0004168877435003411,8.764682646891101,True
Milk Mousse,55,0.0004168877435003411,8.764682646891101,True
Piña Colada,55,0.0004168877435003411,8.764682646891101,True
Wild Orchid,55,0.0004168877435003411,8.764682646891101,True
Apple Tree,54,0.00040930796634578944,8.78270115239378,True
Assam Oud,54,0.00040930796634578944,8.78270115239378,True
Hortensia,54,0.00040930796634578944,8.78270115239378,True
Lemonade,54,0.00040930796634578944,8.78270115239378,True
Nigerian Ginger,54,0.00040930796634578944,8.78270115239378,True
Singapore Patchouli,54,0.00040930796634578944,8.78270115239378,True
Water Mint,54,0.00040930796634578944,8.78270115239378,True
Black Cardamom,53,0.0004017281891912378,8.801050291061976,True
Gasoline,53,0.0004017281891912378,8.801050291061976,True
Malaysian Oud,53,0.0004017281891912378,8.801050291061976,True
Mexican Vanilla,53,0.0004017281891912378,8.801050291061976,True
Parma Violet,53,0.0004017281891912378,8.801050291061976,True
Vetiver Root,53,0.0004017281891912378,8.801050291061976,True
Vine,53,0.0004017281891912378,8.801050291061976,True
Black and Pink Pepper,52,0.0003941484120366861,8.819742424074128,True
Dried Fallen Leaves,52,0.0003941484120366861,8.819742424074128,True
Flower Petals,52,0.0003941484120366861,8.819742424074128,True
Hemlock,52,0.0003941484120366861,8.819742424074128,True
Italian Orange,52,0.0003941484120366861,8.819742424074128,True
Light Amber,52,0.0003941484120366861,8.819742424074128,True
Mimosa absolute,52,0.0003941484120366861,8.819742424074128,True
Mirabelle Plum,52,0.0003941484120366861,8.819742424074128,True
Mock Orange,52,0.0003941484120366861,8.819742424074128,True
Priprioca,52,0.0003941484120366861,8.819742424074128,True
Casablanca Lily,51,0.00038656863488213444,8.838790619044822,True
Choya Loban,51,0.00038656863488213444,8.838790619044822,True
Citrus and Floral Notes,51,0.00038656863488213444,8.838790619044822,True
Gentiana,51,0.00038656863488213444,8.838790619044822,True
Lipstick,51,0.00038656863488213444,8.838790619044822,True
Madagascar Vetiver,51,0.00038656863488213444,8.838790619044822,True
Pink Jasmine,51,0.00038656863488213444,8.838790619044822,True
Red Poppy,51,0.00038656863488213444,8.838790619044822,True
Amyl Salicylate,50,0.00037898885772758283,8.858208704901925,True
Blackwood,50,0.00037898885772758283,8.858208704901925,True
Creamy notes,50,0.00037898885772758283,8.858208704901925,True
Ginseng,50,0.00037898885772758283,8.858208704901925,True
Madagascar Cloves,50,0.00037898885772758283,8.858208704901925,True
Milk Cream,50,0.00037898885772758283,8.858208704901925,True
Strawberry Leaf,50,0.00037898885772758283,8.858208704901925,True
White Rum,50,0.00037898885772758283,8.858208704901925,True
Ambertonic,49,0.00037140908057303117,8.878011332198104,True
Candied Orange,49,0.00037140908057303117,8.878011332198104,True
Exotic Spices,49,0.00037140908057303117,8.878011332198104,True
Green Lilac,49,0.00037140908057303117,8.878011332198104,True
Madagascar Pepper,49,0.00037140908057303117,8.878011332198104,True
Massoia,49,0.00037140908057303117,8.878011332198104,True
Palm Tree,49,0.00037140908057303117,8.878011332198104,True
West Indian Bay,49,0.00037140908057303117,8.878011332198104,True
Berry Fruits,48,0.0003638293034184795,8.898214039515624,True
Bitter Orange Blossom,48,0.0003638293034184795,8.898214039515624,True
Dulce de leche,48,0.0003638293034184795,8.898214039515624,True
Geosmin,48,0.0003638293034184795,8.898214039515624,True
Thuja,48,0.0003638293034184795,8.898214039515624,True
Green Mango,47,0.00035624952626392783,8.91883332671836,True
Ho Wood,47,0.00035624952626392783,8.91883332671836,True
Peat,47,0.00035624952626392783,8.91883332671836,True
Tonic Water,47,0.00035624952626392783,8.91883332671836,True
Vietnamese Oud,47,0.00035624952626392783,8.91883332671836,True
Caviar,46,0.00034866974910937617,8.939886735916192,True
Chinese Black Tea,46,0.00034866974910937617,8.939886735916192,True
Dewberry,46,0.00034866974910937617,8.939886735916192,True
Kyara Incense,46,0.00034866974910937617,8.939886735916192,True
Poplar (Populus) buds,46,0.00034866974910937617,8.939886735916192,True
Wild Jasmine,46,0.00034866974910937617,8.939886735916192,True
Dreamwood,45,0.00034108997195482455,8.961392941137156,True
Graperfuit,45,0.00034108997195482455,8.961392941137156,True
Pimento Seeds,45,0.00034108997195482455,8.961392941137156,True
Reseda,45,0.00034108997195482455,8.961392941137156,True
Seagrass,45,0.00034108997195482455,8.961392941137156,True
Water Flowers,45,0.00034108997195482455,8.961392941137156,True
Coal,44,0.0003335101948002729,8.983371847855931,True
Dust,44,0.0003335101948002729,8.983371847855931,True
Grenadine,44,0.0003335101948002729,8.983371847855931,True
Holly,44,0.0003335101948002729,8.983371847855931,True
Indole,44,0.0003335101948002729,8.983371847855931,True
Masala Chai,44,0.0003335101948002729,8.983371847855931,True
Oak Tree,44,0.0003335101948002729,8.983371847855931,True
Tahitian Tiare Flower,44,0.0003335101948002729,8.983371847855931,True
Tequila,44,0.0003335101948002729,8.983371847855931,True
Wood Resin,44,0.0003335101948002729,8.983371847855931,True
Arum Lily,43,0.0003259304176457212,9.00584470370799,True
Dark Patchouli,43,0.0003259304176457212,9.00584470370799,True
Frosting,43,0.0003259304176457212,9.00584470370799,True
Loukhoum,43,0.0003259304176457212,9.00584470370799,True
Oat,43,0.0003259304176457212,9.00584470370799,True
Oriental Woodsy notes,43,0.0003259304176457212,9.00584470370799,True
Raspberry Bloom,43,0.0003259304176457212,9.00584470370799,True
Vervain,43,0.0003259304176457212,9.00584470370799,True
Coconut Blossom,42,0.00031835064049116955,9.028834221932689,True
Coriander Leaf,42,0.00031835064049116955,9.028834221932689,True
Cypriol Oil,42,0.00031835064049116955,9.028834221932689,True
Indonesian Nutmeg,42,0.00031835064049116955,9.028834221932689,True
Nectarine blossom,42,0.00031835064049116955,9.028834221932689,True
Neroli Essence,42,0.00031835064049116955,9.028834221932689,True
White Leather,42,0.00031835064049116955,9.028834221932689,True
Asphalt,41,0.0003107708633366179,9.052364719342883,True
Cascalone,41,0.0003107708633366179,9.052364719342883,True
Cedarmoss,41,0.0003107708633366179,9.052364719342883,True
Dragon Blood Resin,41,0.0003107708633366179,9.052364719342883,True
English Rose,41,0.0003107708633366179,9.052364719342883,True
Kashmir wood,41,0.0003107708633366179,9.052364719342883,True
Lorenox,41,0.0003107708633366179,9.052364719342883,True
Pineapple blossom,41,0.0003107708633366179,9.052364719342883,True
Silver Fir,41,0.0003107708633366179,9.052364719342883,True
Stephanotis,41,0.0003107708633366179,9.052364719342883,True
Vinyl,41,0.0003107708633366179,9.052364719342883,True
Buttercream,40,0.0003031910861820662,9.076462270921942,True
Chypre Notes,40,0.0003031910861820662,9.076462270921942,True
Citrus Blossom,40,0.0003031910861820662,9.076462270921942,True
Dill,40,0.0003031910861820662,9.076462270921942,True
Frosting [Glacé],40,0.0003031910861820662,9.076462270921942,True
Fur,40,0.0003031910861820662,9.076462270921942,True
Transparent Flowers,40,0.0003031910861820662,9.076462270921942,True
Vanilla Caviar,40,0.0003031910861820662,9.076462270921942,True
Almond Cream,39,0.0002956113090275146,9.101154883512315,True
Buddha Wood,39,0.0002956113090275146,9.101154883512315,True
Chinese Cedar,39,0.0002956113090275146,9.101154883512315,True
Chinese Jasmine,39,0.0002956113090275146,9.101154883512315,True
Indian Spices,39,0.0002956113090275146,9.101154883512315,True
Rooibos Tea,39,0.0002956113090275146,9.101154883512315,True
Tyger Lily,39,0.0002956113090275146,9.101154883512315,True
Yellow Freesia,39,0.0002956113090275146,9.101154883512315,True
Candied Lemon,38,0.00028803153187296294,9.126472691496604,True
Choya Nakh,38,0.00028803153187296294,9.126472691496604,True
Flax,38,0.00028803153187296294,9.126472691496604,True
Green Pear,38,0.00028803153187296294,9.126472691496604,True
Green Tangerine,38,0.00028803153187296294,9.126472691496604,True
Paradisone,38,0.00028803153187296294,9.126472691496604,True
Red Algae,38,0.00028803153187296294,9.126472691496604,True
Hops,37,0.0002804517547184113,9.152448177899865,True
Mitti Attar,37,0.0002804517547184113,9.152448177899865,True
Rubber,37,0.0002804517547184113,9.152448177899865,True
Turkey Red Rose,37,0.0002804517547184113,9.152448177899865,True
Water Fruit,37,0.0002804517547184113,9.152448177899865,True
Almond Tree,36,0.0002728719775638596,9.179116424982025,True
Cereals,36,0.0002728719775638596,9.179116424982025,True
Chantilly Cream,36,0.0002728719775638596,9.179116424982025,True
Cilantro,36,0.0002728719775638596,9.179116424982025,True
Flint,36,0.0002728719775638596,9.179116424982025,True
Forget me not,36,0.0002728719775638596,9.179116424982025,True
Nettle,36,0.0002728719775638596,9.179116424982025,True
Roasted Nuts,36,0.0002728719775638596,9.179116424982025,True
Silk Tree blossom,36,0.0002728719775638596,9.179116424982025,True
White Pear,36,0.0002728719775638596,9.179116424982025,True
White Violet,36,0.0002728719775638596,9.179116424982025,True
Blue Lavender,35,0.00026529220040930794,9.20651539917014,True
Breu-Branco,35,0.00026529220040930794,9.20651539917014,True
Dirt,35,0.00026529220040930794,9.20651539917014,True
Green Almond,35,0.00026529220040930794,9.20651539917014,True
Pine tar,35,0.00026529220040930794,9.20651539917014,True
Pomarose,35,0.00026529220040930794,9.20651539917014,True
Primrose,35,0.00026529220040930794,9.20651539917014,True
Sweet Grass,35,0.00026529220040930794,9.20651539917014,True
Black Licorice,34,0.00025771242325475633,9.234686276136836,True
Champagne Rosé,34,0.00025771242325475633,9.234686276136836,True
Finger Lime,34,0.00025771242325475633,9.234686276136836,True
Fougère Accord,34,0.00025771242325475633,9.234686276136836,True
Galanga,34,0.00025771242325475633,9.234686276136836,True
Javanol,34,0.00025771242325475633,9.234686276136836,True
Lapsang Souchong Tea,34,0.00025771242325475633,9.234686276136836,True
Mango Blossom,34,0.00025771242325475633,9.234686276136836,True
Red Sandalwood,34,0.00025771242325475633,9.234686276136836,True
Seashells,34,0.00025771242325475633,9.234686276136836,True
Accord Eudora®,33,0.00025013264610020467,9.263673813010088,True
Elderberry,33,0.00025013264610020467,9.263673813010088,True
Karo Karounde,33,0.00025013264610020467,9.263673813010088,True
Lady of the Night Flower,33,0.00025013264610020467,9.263673813010088,True
Lime Blossom,33,0.00025013264610020467,9.263673813010088,True
Limoncello,33,0.00025013264610020467,9.263673813010088,True
Maraschino Cherry,33,0.00025013264610020467,9.263673813010088,True
Nard,33,0.00025013264610020467,9.263673813010088,True
Nasturtium,33,0.00025013264610020467,9.263673813010088,True
Nougat,33,0.00025013264610020467,9.263673813010088,True
Pecan,33,0.00025013264610020467,9.263673813010088,True
Pimento Leaf,33,0.00025013264610020467,9.263673813010088,True
Pollen,33,0.00025013264610020467,9.263673813010088,True
Rose Leaf,33,0.00025013264610020467,9.263673813010088,True
Rosebay Willowherb,33,0.00025013264610020467,9.263673813010088,True
Timbersilk™,33,0.00025013264610020467,9.263673813010088,True
Watercress,33,0.00025013264610020467,9.263673813010088,True
White Currant,33,0.00025013264610020467,9.263673813010088,True
Boletus edulis,32,0.000242552868945653,9.293526776159771,True
Candle Wax,32,0.000242552868945653,9.293526776159771,True
French Violet,32,0.000242552868945653,9.293526776159771,True
Gurjun Balsam,32,0.000242552868945653,9.293526776159771,True
Lime peel,32,0.000242552868945653,9.293526776159771,True
Magnolia Petals,32,0.000242552868945653,9.293526776159771,True
Marmalade,32,0.000242552868945653,9.293526776159771,True
Rice Powder,32,0.000242552868945653,9.293526776159771,True
Stems Greens,32,0.000242552868945653,9.293526776159771,True
Valerian,32,0.000242552868945653,9.293526776159771,True
White Magnolia,32,0.000242552868945653,9.293526776159771,True
Conifer,31,0.00023497309179110133,9.324298434826524,True
Dyer’s Greenweed,31,0.00023497309179110133,9.324298434826524,True
French pastries,31,0.00023497309179110133,9.324298434826524,True
Gold,31,0.00023497309179110133,9.324298434826524,True
Jelly,31,0.00023497309179110133,9.324298434826524,True
Mangosteen,31,0.00023497309179110133,9.324298434826524,True
Nerium Oleander,31,0.00023497309179110133,9.324298434826524,True
Parsley,31,0.00023497309179110133,9.324298434826524,True
boxwood,31,0.00023497309179110133,9.324298434826524,True
pink tulip,31,0.00023497309179110133,9.324298434826524,True
prickly pear,31,0.00023497309179110133,9.324298434826524,True
Blue Sage,30,0.0002273933146365497,9.356047133141104,True
Brazilian Redwood,30,0.0002273933146365497,9.356047133141104,True
Chinese Oud,30,0.0002273933146365497,9.356047133141104,True
Cypress Leaf,30,0.0002273933146365497,9.356047133141104,True
Dandelion,30,0.0002273933146365497,9.356047133141104,True
Gaiac,30,0.0002273933146365497,9.356047133141104,True
Henna,30,0.0002273933146365497,9.356047133141104,True
Honeycomb,30,0.0002273933146365497,9.356047133141104,True
Indian Saffron,30,0.0002273933146365497,9.356047133141104,True
Italian Jasmine,30,0.0002273933146365497,9.356047133141104,True
Muscenone,30,0.0002273933146365497,9.356047133141104,True
Panacotta,30,0.0002273933146365497,9.356047133141104,True
Red Amber,30,0.0002273933146365497,9.356047133141104,True
Reed,30,0.0002273933146365497,9.356047133141104,True
Tar,30,0.0002273933146365497,9.356047133141104,True
cream soda,30,0.0002273933146365497,9.356047133141104,True
edelweiss,30,0.0002273933146365497,9.356047133141104,True
Bellini,29,0.00021981353748199803,9.388836955964095,True
Bergamot Leaf,29,0.00021981353748199803,9.388836955964095,True
Damask Plum,29,0.00021981353748199803,9.388836955964095,True
Gray Musk,29,0.00021981353748199803,9.388836955964095,True
Iris Pallida,29,0.00021981353748199803,9.388836955964095,True
Leatherwood,29,0.00021981353748199803,9.388836955964095,True
Peanut,29,0.00021981353748199803,9.388836955964095,True
Plastic,29,0.00021981353748199803,9.388836955964095,True
Red Tea,29,0.00021981353748199803,9.388836955964095,True
Rose Oxide,29,0.00021981353748199803,9.388836955964095,True
Skin musk,29,0.00021981353748199803,9.388836955964095,True
Tansy,29,0.00021981353748199803,9.388836955964095,True
Yarrow,29,0.00021981353748199803,9.388836955964095,True
Butterscotch,28,0.00021223376032744636,9.422738507639776,True
Dried Apricot,28,0.00021223376032744636,9.422738507639776,True
Egyptian balsam,28,0.00021223376032744636,9.422738507639776,True
Italian Orris Root,28,0.00021223376032744636,9.422738507639776,True
Molasses,28,0.00021223376032744636,9.422738507639776,True
Pitanga,28,0.00021223376032744636,9.422738507639776,True
Suntan Lotion,28,0.00021223376032744636,9.422738507639776,True
Wild Orange,28,0.00021223376032744636,9.422738507639776,True
Ambrostar™,27,0.00020465398317289472,9.457829827451047,True
Blue Hyacinth,27,0.00020465398317289472,9.457829827451047,True
Cedar Essence,27,0.00020465398317289472,9.457829827451047,True
Egyptian Rose,27,0.00020465398317289472,9.457829827451047,True
Liquidambar,27,0.00020465398317289472,9.457829827451047,True
Martini,27,0.00020465398317289472,9.457829827451047,True
Pear Leaf,27,0.00020465398317289472,9.457829827451047,True
Powdered Sugar,27,0.00020465398317289472,9.457829827451047,True
Rhubarb Leaf,27,0.00020465398317289472,9.457829827451047,True
Wallflower,27,0.00020465398317289472,9.457829827451047,True
Wintergreen,27,0.00020465398317289472,9.457829827451047,True
Bergamot Blossom,26,0.00019707420601834305,9.494197471621922,True
Black Iris,26,0.00019707420601834305,9.494197471621922,True
Cacao Butter,26,0.00019707420601834305,9.494197471621922,True
Candied Ginger,26,0.00019707420601834305,9.494197471621922,True
Cassia Bourbon,26,0.00019707420601834305,9.494197471621922,True
Cheese,26,0.00019707420601834305,9.494197471621922,True
Curry Tree,26,0.00019707420601834305,9.494197471621922,True
Fabric,26,0.00019707420601834305,9.494197471621922,True
Goji Berries,26,0.00019707420601834305,9.494197471621922,True
Hibiscus Seed,26,0.00019707420601834305,9.494197471621922,True
Mugane,26,0.00019707420601834305,9.494197471621922,True
Pea,26,0.00019707420601834305,9.494197471621922,True
Prosecco,26,0.00019707420601834305,9.494197471621922,True
Sap,26,0.00019707420601834305,9.494197471621922,True
African Ginger,25,0.00018949442886379142,9.53193779960477,True
Bushman Candle,25,0.00018949442886379142,9.53193779960477,True
Charred Wood,25,0.00018949442886379142,9.53193779960477,True
Gorse,25,0.00018949442886379142,9.53193779960477,True
Hot iron,25,0.00018949442886379142,9.53193779960477,True
Manuka,25,0.00018949442886379142,9.53193779960477,True
Old Books,25,0.00018949442886379142,9.53193779960477,True
Orangewood,25,0.00018949442886379142,9.53193779960477,True
Sinfonide,25,0.00018949442886379142,9.53193779960477,True
Transparent Woods,25,0.00018949442886379142,9.53193779960477,True
Tulsi,25,0.00018949442886379142,9.53193779960477,True
Vermouth,25,0.00018949442886379142,9.53193779960477,True
Yellow Narcissus,25,0.00018949442886379142,9.53193779960477,True
latex,25,0.00018949442886379142,9.53193779960477,True
Aglaia,24,0.00018191465170923975,9.57115851275805,True
Calabrian Mandarin,24,0.00018191465170923975,9.57115851275805,True
Cantaloupe,24,0.00018191465170923975,9.57115851275805,True
Coconut Powder,24,0.00018191465170923975,9.57115851275805,True
Coton candy,24,0.00018191465170923975,9.57115851275805,True
Fig Milk,24,0.00018191465170923975,9.57115851275805,True
Green Forest,24,0.00018191465170923975,9.57115851275805,True
Jacaranda,24,0.00018191465170923975,9.57115851275805,True
Larch,24,0.00018191465170923975,9.57115851275805,True
Magnolia Leaf,24,0.00018191465170923975,9.57115851275805,True
Mandora,24,0.00018191465170923975,9.57115851275805,True
Natural Vanilla,24,0.00018191465170923975,9.57115851275805,True
Olive Leaf,24,0.00018191465170923975,9.57115851275805,True
Roots,24,0.00018191465170923975,9.57115851275805,True
Steam Accord,24,0.00018191465170923975,9.57115851275805,True
Tiramisu,24,0.00018191465170923975,9.57115851275805,True
Waffle,24,0.00018191465170923975,9.57115851275805,True
AMBROX® SUPER,23,0.00017433487455468808,9.611980507278306,True
Apple Leaf,23,0.00017433487455468808,9.611980507278306,True
Bourbon Pepper,23,0.00017433487455468808,9.611980507278306,True
Chinotto,23,0.00017433487455468808,9.611980507278306,True
Citrus Leaves,23,0.00017433487455468808,9.611980507278306,True
Corn,23,0.00017433487455468808,9.611980507278306,True
French Narcissus,23,0.00017433487455468808,9.611980507278306,True
Fresh Cream,23,0.00017433487455468808,9.611980507278306,True
Honeydew Melon,23,0.00017433487455468808,9.611980507278306,True
Indian Ginger,23,0.00017433487455468808,9.611980507278306,True
Japanese Plum,23,0.00017433487455468808,9.611980507278306,True
Marron glace,23,0.00017433487455468808,9.611980507278306,True
Pebbles,23,0.00017433487455468808,9.611980507278306,True
Peppertree,23,0.00017433487455468808,9.611980507278306,True
Peruvian Pepper,23,0.00017433487455468808,9.611980507278306,True
Propolis,23,0.00017433487455468808,9.611980507278306,True
Red Lily,23,0.00017433487455468808,9.611980507278306,True
Rose Jam,23,0.00017433487455468808,9.611980507278306,True
Saffiano Leather,23,0.00017433487455468808,9.611980507278306,True
Yogurt,23,0.00017433487455468808,9.611980507278306,True
Blue Rose,22,0.00016675509740013644,9.654540121697101,True
Cherry extract,22,0.00016675509740013644,9.654540121697101,True
Choya Ral,22,0.00016675509740013644,9.654540121697101,True
Cookie Dough,22,0.00016675509740013644,9.654540121697101,True
Cornflower or Sultan seeds,22,0.00016675509740013644,9.654540121697101,True
Croissant,22,0.00016675509740013644,9.654540121697101,True
Hiba,22,0.00016675509740013644,9.654540121697101,True
Pansy,22,0.00016675509740013644,9.654540121697101,True
Pear Wood,22,0.00016675509740013644,9.654540121697101,True
Puff Pastry,22,0.00016675509740013644,9.654540121697101,True
Sake,22,0.00016675509740013644,9.654540121697101,True
Spanish Jasmine,22,0.00016675509740013644,9.654540121697101,True
Tangelo,22,0.00016675509740013644,9.654540121697101,True
White Ginger,22,0.00016675509740013644,9.654540121697101,True
White Heliotrope,22,0.00016675509740013644,9.654540121697101,True
Yellow Fruits,22,0.00016675509740013644,9.654540121697101,True
Ambreine,21,0.00015917532024558478,9.698991884267935,True
Bakhoor,21,0.00015917532024558478,9.698991884267935,True
Belladonna,21,0.00015917532024558478,9.698991884267935,True
Citrus Leaf,21,0.00015917532024558478,9.698991884267935,True
Dried Rose,21,0.00015917532024558478,9.698991884267935,True
Egyptian Pelargonium,21,0.00015917532024558478,9.698991884267935,True
Galaxolide,21,0.00015917532024558478,9.698991884267935,True
Green Anjou Pears,21,0.00015917532024558478,9.698991884267935,True
Green Orange,21,0.00015917532024558478,9.698991884267935,True
Iced Lemon,21,0.00015917532024558478,9.698991884267935,True
Italian Cypress,21,0.00015917532024558478,9.698991884267935,True
Maninka,21,0.00015917532024558478,9.698991884267935,True
Mocha,21,0.00015917532024558478,9.698991884267935,True
Pataqueira,21,0.00015917532024558478,9.698991884267935,True
Safraleine,21,0.00015917532024558478,9.698991884267935,True
Star Fruit,21,0.00015917532024558478,9.698991884267935,True
Tahitian Gardenia,21,0.00015917532024558478,9.698991884267935,True
Tangerine Blossom,21,0.00015917532024558478,9.698991884267935,True
Balsamic Vinegar,20,0.0001515955430910331,9.745511899902828,True
Basil Leaf,20,0.0001515955430910331,9.745511899902828,True
Boozy Notes,20,0.0001515955430910331,9.745511899902828,True
Calypsone,20,0.0001515955430910331,9.745511899902828,True
Campari,20,0.0001515955430910331,9.745511899902828,True
Carob tree,20,0.0001515955430910331,9.745511899902828,True
Cyperus esculentus,20,0.0001515955430910331,9.745511899902828,True
Goat hair tincture,20,0.0001515955430910331,9.745511899902828,True
Jasmine Leaf,20,0.0001515955430910331,9.745511899902828,True
Kephalis,20,0.0001515955430910331,9.745511899902828,True
Kulfi,20,0.0001515955430910331,9.745511899902828,True
Methyl Pamplemousse,20,0.0001515955430910331,9.745511899902828,True
Norlimbanol™,20,0.0001515955430910331,9.745511899902828,True
Nutmeg Flower,20,0.0001515955430910331,9.745511899902828,True
Redwood,20,0.0001515955430910331,9.745511899902828,True
Rosebud,20,0.0001515955430910331,9.745511899902828,True
Storax,20,0.0001515955430910331,9.745511899902828,True
Strawberry Syrup,20,0.0001515955430910331,9.745511899902828,True
Amaranth,19,0.00014401576593648147,9.794302064072259,True
Amber Oil,19,0.00014401576593648147,9.794302064072259,True
Asafoetida,19,0.00014401576593648147,9.794302064072259,True
Banana Flower,19,0.00014401576593648147,9.794302064072259,True
Bluebell,19,0.00014401576593648147,9.794302064072259,True
Bougainvillea,19,0.00014401576593648147,9.794302064072259,True
Brazil nut,19,0.00014401576593648147,9.794302064072259,True
Canadian balsam,19,0.00014401576593648147,9.794302064072259,True
Chinese Cinnamon Wood,19,0.00014401576593648147,9.794302064072259,True
Chinese Peony,19,0.00014401576593648147,9.794302064072259,True
Cloudberry,19,0.00014401576593648147,9.794302064072259,True
Coffee CO2,19,0.00014401576593648147,9.794302064072259,True
Dihydromyrcenol,19,0.00014401576593648147,9.794302064072259,True
False Jasmine,19,0.00014401576593648147,9.794302064072259,True
Guarana,19,0.00014401576593648147,9.794302064072259,True
Iran Galbanum,19,0.00014401576593648147,9.794302064072259,True
Iris Petals,19,0.00014401576593648147,9.794302064072259,True
Jackfruit,19,0.00014401576593648147,9.794302064072259,True
Japanese Loquat,19,0.00014401576593648147,9.794302064072259,True
Mahonia,19,0.00014401576593648147,9.794302064072259,True
Mirabilis,19,0.00014401576593648147,9.794302064072259,True
Muhuhu,19,0.00014401576593648147,9.794302064072259,True
Mystikal,19,0.00014401576593648147,9.794302064072259,True
Nag Champa,19,0.00014401576593648147,9.794302064072259,True
Rice Basmati,19,0.00014401576593648147,9.794302064072259,True
Sea Buckthorn,19,0.00014401576593648147,9.794302064072259,True
Sea Daffodil,19,0.00014401576593648147,9.794302064072259,True
Soybean,19,0.00014401576593648147,9.794302064072259,True
Sycamore,19,0.00014401576593648147,9.794302064072259,True
White Willow,19,0.00014401576593648147,9.794302064072259,True
Yellow Plum,19,0.00014401576593648147,9.794302064072259,True
Aquozone,18,0.0001364359887819298,9.84559535845981,True
Arabian Spices,18,0.0001364359887819298,9.84559535845981,True
Argentinian Lemon,18,0.0001364359887819298,9.84559535845981,True
Azalea,18,0.0001364359887819298,9.84559535845981,True
Bay essence,18,0.0001364359887819298,9.84559535845981,True
Beetroot,18,0.0001364359887819298,9.84559535845981,True
Borneol,18,0.0001364359887819298,9.84559535845981,True
Bourbon Rose,18,0.0001364359887819298,9.84559535845981,True
Boysenberry,18,0.0001364359887819298,9.84559535845981,True
Cananga,18,0.0001364359887819298,9.84559535845981,True
Cashew,18,0.0001364359887819298,9.84559535845981,True
Coral Reef,18,0.0001364359887819298,9.84559535845981,True
Florida Grapefruit,18,0.0001364359887819298,9.84559535845981,True
Fruity and Spicy Notes,18,0.0001364359887819298,9.84559535845981,True
Grape leaves,18,0.0001364359887819298,9.84559535845981,True
Hazelnut cocoa spread,18,0.0001364359887819298,9.84559535845981,True
Hyraceum,18,0.0001364359887819298,9.84559535845981,True
Jade Flower,18,0.0001364359887819298,9.84559535845981,True
Pepperwood or Hercules Club,18,0.0001364359887819298,9.84559535845981,True
Rangoon Creeper,18,0.0001364359887819298,9.84559535845981,True
Rice Flower,18,0.0001364359887819298,9.84559535845981,True
Star apple,18,0.0001364359887819298,9.84559535845981,True
Strelitzia,18,0.0001364359887819298,9.84559535845981,True
Wasabi,18,0.0001364359887819298,9.84559535845981,True
Yeast,18,0.0001364359887819298,9.84559535845981,True
Avocado,17,0.00012885621162737817,9.899662579730085,True
Beer,17,0.00012885621162737817,9.899662579730085,True
Bulgarian Light Tobacco,17,0.00012885621162737817,9.899662579730085,True
Calamansi,17,0.00012885621162737817,9.899662579730085,True
Californian Lemon,17,0.00012885621162737817,9.899662579730085,True
Cone Waffle,17,0.00012885621162737817,9.899662579730085,True
Cork,17,0.00012885621162737817,9.899662579730085,True
Darjeeling Tea,17,0.00012885621162737817,9.899662579730085,True
Eglantine Rose,17,0.00012885621162737817,9.899662579730085,True
Green Nard,17,0.00012885621162737817,9.899662579730085,True
Japanese Cypress,17,0.00012885621162737817,9.899662579730085,True
Japanese Green Tea,17,0.00012885621162737817,9.899662579730085,True
Lotus Leaf,17,0.00012885621162737817,9.899662579730085,True
Michelia,17,0.00012885621162737817,9.899662579730085,True
Mousse de Saxe,17,0.00012885621162737817,9.899662579730085,True
Myrrh Oil,17,0.00012885621162737817,9.899662579730085,True
Papaya flower,17,0.00012885621162737817,9.899662579730085,True
Paramela,17,0.00012885621162737817,9.899662579730085,True
Pepper Oil,17,0.00012885621162737817,9.899662579730085,True
Pink Nerium Oleander,17,0.00012885621162737817,9.899662579730085,True
Sicilian Bitter Orange,17,0.00012885621162737817,9.899662579730085,True
Sweet Pepper,17,0.00012885621162737817,9.899662579730085,True
White Carnation,17,0.00012885621162737817,9.899662579730085,True
Yellow Rose,17,0.00012885621162737817,9.899662579730085,True
Apple juice,16,0.0001212764344728265,9.956820993570034,True
Argan,16,0.0001212764344728265,9.956820993570034,True
Baileys Irish Cream,16,0.0001212764344728265,9.956820993570034,True
Barberry,16,0.0001212764344728265,9.956820993570034,True
Canadian Fir,16,0.0001212764344728265,9.956820993570034,True
Carambola,16,0.0001212764344728265,9.956820993570034,True
Cherry Tree,16,0.0001212764344728265,9.956820993570034,True
Chocolate Flower,16,0.0001212764344728265,9.956820993570034,True
Cubeb or Tailed pepper,16,0.0001212764344728265,9.956820993570034,True
Desert Rose,16,0.0001212764344728265,9.956820993570034,True
Ember,16,0.0001212764344728265,9.956820993570034,True
Flouve,16,0.0001212764344728265,9.956820993570034,True
Goldenrod,16,0.0001212764344728265,9.956820993570034,True
Grapefruit Peel,16,0.0001212764344728265,9.956820993570034,True
Green Sap,16,0.0001212764344728265,9.956820993570034,True
Gummy Candies,16,0.0001212764344728265,9.956820993570034,True
Iced Tea,16,0.0001212764344728265,9.956820993570034,True
Italian Violet,16,0.0001212764344728265,9.956820993570034,True
Jabuticaba,16,0.0001212764344728265,9.956820993570034,True
Jasmine Orchid,16,0.0001212764344728265,9.956820993570034,True
Laminaria,16,0.0001212764344728265,9.956820993570034,True
Lysylang,16,0.0001212764344728265,9.956820993570034,True
Pancake,16,0.0001212764344728265,9.956820993570034,True
Peach Leaf,16,0.0001212764344728265,9.956820993570034,True
Pinot Noir grapes,16,0.0001212764344728265,9.956820993570034,True
Ravensara,16,0.0001212764344728265,9.956820993570034,True
Sicilian Citruses,16,0.0001212764344728265,9.956820993570034,True
Silver,16,0.0001212764344728265,9.956820993570034,True
Sweat,16,0.0001212764344728265,9.956820993570034,True
Tulle Accord,16,0.0001212764344728265,9.956820993570034,True
Yellow Flowers,16,0.0001212764344728265,9.956820993570034,True
African Violet,15,0.00011369665731827485,10.01744561538647,True
Blackberry leaf,15,0.00011369665731827485,10.01744561538647,True
Buddha's hand,15,0.00011369665731827485,10.01744561538647,True
Calla Lily,15,0.00011369665731827485,10.01744561538647,True
Columbian Coffee,15,0.00011369665731827485,10.01744561538647,True
Daim,15,0.00011369665731827485,10.01744561538647,True
Decalepis hamiltonii,15,0.00011369665731827485,10.01744561538647,True
Deer Musk,15,0.00011369665731827485,10.01744561538647,True
Green Grape,15,0.00011369665731827485,10.01744561538647,True
Green Lily,15,0.00011369665731827485,10.01744561538647,True
Habanolide®,15,0.00011369665731827485,10.01744561538647,True
Icing pink,15,0.00011369665731827485,10.01744561538647,True
Indonesian Oud,15,0.00011369665731827485,10.01744561538647,True
Ionones,15,0.00011369665731827485,10.01744561538647,True
Lava,15,0.00011369665731827485,10.01744561538647,True
Madeleine,15,0.00011369665731827485,10.01744561538647,True
Mezcal,15,0.00011369665731827485,10.01744561538647,True
Milkshake,15,0.00011369665731827485,10.01744561538647,True
Moon Flower,15,0.00011369665731827485,10.01744561538647,True
Pear Ice Cream,15,0.00011369665731827485,10.01744561538647,True
Plum Tree,15,0.00011369665731827485,10.01744561538647,True
Red Litchi,15,0.00011369665731827485,10.01744561538647,True
Rue,15,0.00011369665731827485,10.01744561538647,True
Sapodilla,15,0.00011369665731827485,10.01744561538647,True
Sparkling Water,15,0.00011369665731827485,10.01744561538647,True
Tea Tree Oil,15,0.00011369665731827485,10.01744561538647,True
Wet Stone,15,0.00011369665731827485,10.01744561538647,True
White Grape,15,0.00011369665731827485,10.01744561538647,True
Williams Pear,15,0.00011369665731827485,10.01744561538647,True
African Marigold,14,0.00010611688016372318,10.08198413652404,True
Agave nectar,14,0.00010611688016372318,10.08198413652404,True
Angels Trumpet,14,0.00010611688016372318,10.08198413652404,True
Black hemlock or Tsuga,14,0.00010611688016372318,10.08198413652404,True
Brioche,14,0.00010611688016372318,10.08198413652404,True
Carnation leaves,14,0.00010611688016372318,10.08198413652404,True
Cherry Syrup,14,0.00010611688016372318,10.08198413652404,True
Chinese Tea,14,0.00010611688016372318,10.08198413652404,True
Daphne,14,0.00010611688016372318,10.08198413652404,True
Elderflower,14,0.00010611688016372318,10.08198413652404,True
Flour,14,0.00010611688016372318,10.08198413652404,True
Fresh Evergreen,14,0.00010611688016372318,10.08198413652404,True
Guava blossom,14,0.00010611688016372318,10.08198413652404,True
Hawaiian Jasmine,14,0.00010611688016372318,10.08198413652404,True
Indian Vanilla,14,0.00010611688016372318,10.08198413652404,True
Industrial glue,14,0.00010611688016372318,10.08198413652404,True
Melissa Flower,14,0.00010611688016372318,10.08198413652404,True
Motor Oil,14,0.00010611688016372318,10.08198413652404,True
Passion Fruit,14,0.00010611688016372318,10.08198413652404,True
Prunella,14,0.00010611688016372318,10.08198413652404,True
Pu'er tea,14,0.00010611688016372318,10.08198413652404,True
Sylkolide,14,0.00010611688016372318,10.08198413652404,True
Varnish Accord,14,0.00010611688016372318,10.08198413652404,True
Wild Strawberry Leaf,14,0.00010611688016372318,10.08198413652404,True
Wine Lees,14,0.00010611688016372318,10.08198413652404,True
grapeflower,14,0.00010611688016372318,10.08198413652404,True
Ambretone,13,9.853710300917153e-05,10.150977008010992,True
Apple Tree Blossom,13,9.853710300917153e-05,10.150977008010992,True
Australian Blue Cypress,13,9.853710300917153e-05,10.150977008010992,True
Betel Pepper,13,9.853710300917153e-05,10.150977008010992,True
Brazilian Mandarin,13,9.853710300917153e-05,10.150977008010992,True
Calendula,13,9.853710300917153e-05,10.150977008010992,True
Cheesecake,13,9.853710300917153e-05,10.150977008010992,True
Cigarette,13,9.853710300917153e-05,10.150977008010992,True
Clean notes,13,9.853710300917153e-05,10.150977008010992,True
Coca,13,9.853710300917153e-05,10.150977008010992,True
Confetti (Sugared Almonds),13,9.853710300917153e-05,10.150977008010992,True
Cosmone,13,9.853710300917153e-05,10.150977008010992,True
Crithmum,13,9.853710300917153e-05,10.150977008010992,True
Dianthus,13,9.853710300917153e-05,10.150977008010992,True
Dried Apple Crisp,13,9.853710300917153e-05,10.150977008010992,True
Freesia Petals,13,9.853710300917153e-05,10.150977008010992,True
Fuchsia,13,9.853710300917153e-05,10.150977008010992,True
Gelato,13,9.853710300917153e-05,10.150977008010992,True
Grapefruit Leaf,13,9.853710300917153e-05,10.150977008010992,True
Iodine,13,9.853710300917153e-05,10.150977008010992,True
"Ishpink, Ocotea Quixos",13,9.853710300917153e-05,10.150977008010992,True
Jatamansi or Spikenard,13,9.853710300917153e-05,10.150977008010992,True
Karo-Korund,13,9.853710300917153e-05,10.150977008010992,True
Limetta,13,9.853710300917153e-05,10.150977008010992,True
Massoia Wood,13,9.853710300917153e-05,10.150977008010992,True
Melilot or Sweet Clover,13,9.853710300917153e-05,10.150977008010992,True
Pepperwood™,13,9.853710300917153e-05,10.150977008010992,True
Serenolide,13,9.853710300917153e-05,10.150977008010992,True
Spray Paint,13,9.853710300917153e-05,10.150977008010992,True
Toast,13,9.853710300917153e-05,10.150977008010992,True
Arnica,12,9.095732585461987e-05,10.225084980164715,True
Black locust Honey,12,9.095732585461987e-05,10.225084980164715,True
Burnt Match,12,9.095732585461987e-05,10.225084980164715,True
Butterfly Orchid,12,9.095732585461987e-05,10.225084980164715,True
Candies,12,9.095732585461987e-05,10.225084980164715,True
Catnip,12,9.095732585461987e-05,10.225084980164715,True
Civettone,12,9.095732585461987e-05,10.225084980164715,True
Creosote Bush,12,9.095732585461987e-05,10.225084980164715,True
Curacao,12,9.095732585461987e-05,10.225084980164715,True
Fig Wood Bark,12,9.095732585461987e-05,10.225084980164715,True
Green Tea Flower,12,9.095732585461987e-05,10.225084980164715,True
Ground Cherry,12,9.095732585461987e-05,10.225084980164715,True
Island Musk,12,9.095732585461987e-05,10.225084980164715,True
Mayflower,12,9.095732585461987e-05,10.225084980164715,True
Myrica,12,9.095732585461987e-05,10.225084980164715,True
Nootka,12,9.095732585461987e-05,10.225084980164715,True
Nympheal™,12,9.095732585461987e-05,10.225084980164715,True
Oud Smoke,12,9.095732585461987e-05,10.225084980164715,True
Oysters,12,9.095732585461987e-05,10.225084980164715,True
Panettone,12,9.095732585461987e-05,10.225084980164715,True
Pink Lily,12,9.095732585461987e-05,10.225084980164715,True
Pink Litchi,12,9.095732585461987e-05,10.225084980164715,True
Pomegranate Blossom,12,9.095732585461987e-05,10.225084980164715,True
Poplar,12,9.095732585461987e-05,10.225084980164715,True
Privet,12,9.095732585461987e-05,10.225084980164715,True
Punch,12,9.095732585461987e-05,10.225084980164715,True
Rhum Agricole,12,9.095732585461987e-05,10.225084980164715,True
Sand Lily,12,9.095732585461987e-05,10.225084980164715,True
Santolina,12,9.095732585461987e-05,10.225084980164715,True
Sawdust,12,9.095732585461987e-05,10.225084980164715,True
Somalian Opoponax,12,9.095732585461987e-05,10.225084980164715,True
Sugar Syrup,12,9.095732585461987e-05,10.225084980164715,True
Sumac,12,9.095732585461987e-05,10.225084980164715,True
White Hyacinth,12,9.095732585461987e-05,10.225084980164715,True
Wood barrel,12,9.095732585461987e-05,10.225084980164715,True
oriental flower notes,12,9.095732585461987e-05,10.225084980164715,True
Acerola,11,8.337754870006822e-05,10.305127687838251,True
Baked Apple,11,8.337754870006822e-05,10.305127687838251,True
Blue Curacao,11,8.337754870006822e-05,10.305127687838251,True
Buddleia,11,8.337754870006822e-05,10.305127687838251,True
Chinese Grapefruit,11,8.337754870006822e-05,10.305127687838251,True
Cocaine,11,8.337754870006822e-05,10.305127687838251,True
Coconut Leaf,11,8.337754870006822e-05,10.305127687838251,True
Cottonwood (Poplar),11,8.337754870006822e-05,10.305127687838251,True
Cuban Cigar,11,8.337754870006822e-05,10.305127687838251,True
Durian,11,8.337754870006822e-05,10.305127687838251,True
Forest Foliage,11,8.337754870006822e-05,10.305127687838251,True
Hamanasu or Japanese Rose,11,8.337754870006822e-05,10.305127687838251,True
Head Space Waterfall,11,8.337754870006822e-05,10.305127687838251,True
Hellebore flower,11,8.337754870006822e-05,10.305127687838251,True
Hinoki incense,11,8.337754870006822e-05,10.305127687838251,True
Honeybush or Cyclopia,11,8.337754870006822e-05,10.305127687838251,True
Indian Mandarin,11,8.337754870006822e-05,10.305127687838251,True
Lantana,11,8.337754870006822e-05,10.305127687838251,True
Liatrix,11,8.337754870006822e-05,10.305127687838251,True
Lotus Petals,11,8.337754870006822e-05,10.305127687838251,True
Lovage Root,11,8.337754870006822e-05,10.305127687838251,True
Mimosa Petals,11,8.337754870006822e-05,10.305127687838251,True
Mirabella Plum,11,8.337754870006822e-05,10.305127687838251,True
Mistletoe,11,8.337754870006822e-05,10.305127687838251,True
Olibanum Sacra Resin Green,11,8.337754870006822e-05,10.305127687838251,True
Orange Cassia Tree,11,8.337754870006822e-05,10.305127687838251,True
Red currant leaf,11,8.337754870006822e-05,10.305127687838251,True
Sclarene,11,8.337754870006822e-05,10.305127687838251,True
Shea Butter,11,8.337754870006822e-05,10.305127687838251,True
St. John's Wort,11,8.337754870006822e-05,10.305127687838251,True
Thistle,11,8.337754870006822e-05,10.305127687838251,True
Toasted Coconut,11,8.337754870006822e-05,10.305127687838251,True
Turkish Coffee Beans,11,8.337754870006822e-05,10.305127687838251,True
Violet Woodsorrel,11,8.337754870006822e-05,10.305127687838251,True
White Bergamot,11,8.337754870006822e-05,10.305127687838251,True
Yellow Water Lily,11,8.337754870006822e-05,10.305127687838251,True
Amazon Lily,10,7.579777154551656e-05,10.39213906482788,True
Assam Tea,10,7.579777154551656e-05,10.39213906482788,True
Beer/Ale,10,7.579777154551656e-05,10.39213906482788,True
Blackberry Blossom,10,7.579777154551656e-05,10.39213906482788,True
Caffè Latte,10,7.579777154551656e-05,10.39213906482788,True
Caipirinha,10,7.579777154551656e-05,10.39213906482788,True
Canadian Pine,10,7.579777154551656e-05,10.39213906482788,True
Chalood Bark,10,7.579777154551656e-05,10.39213906482788,True
Cherimoya,10,7.579777154551656e-05,10.39213906482788,True
China Rose,10,7.579777154551656e-05,10.39213906482788,True
Chinese Orange,10,7.579777154551656e-05,10.39213906482788,True
Coconut Rum,10,7.579777154551656e-05,10.39213906482788,True
Creamy Flowers,10,7.579777154551656e-05,10.39213906482788,True
Damascone,10,7.579777154551656e-05,10.39213906482788,True
Egyptian Rosewood,10,7.579777154551656e-05,10.39213906482788,True
Feijoa Fruit,10,7.579777154551656e-05,10.39213906482788,True
Grape Seed,10,7.579777154551656e-05,10.39213906482788,True
Green Plum,10,7.579777154551656e-05,10.39213906482788,True
Healingwood,10,7.579777154551656e-05,10.39213906482788,True
Hibiscus Blossom,10,7.579777154551656e-05,10.39213906482788,True
Horchata,10,7.579777154551656e-05,10.39213906482788,True
Indian Pepper,10,7.579777154551656e-05,10.39213906482788,True
Jonquille,10,7.579777154551656e-05,10.39213906482788,True
Lemon Leaf Oil,10,7.579777154551656e-05,10.39213906482788,True
Longoza,10,7.579777154551656e-05,10.39213906482788,True
Magnolan,10,7.579777154551656e-05,10.39213906482788,True
Moroccan Incense,10,7.579777154551656e-05,10.39213906482788,True
Mud,10,7.579777154551656e-05,10.39213906482788,True
Nigella,10,7.579777154551656e-05,10.39213906482788,True
Orange Flower Water,10,7.579777154551656e-05,10.39213906482788,True
Peach Cream,10,7.579777154551656e-05,10.39213906482788,True
Phlox,10,7.579777154551656e-05,10.39213906482788,True
Prunol,10,7.579777154551656e-05,10.39213906482788,True
Raspberry Blossom,10,7.579777154551656e-05,10.39213906482788,True
Rice Pudding,10,7.579777154551656e-05,10.39213906482788,True
Rose Mallow,10,7.579777154551656e-05,10.39213906482788,True
Royal Lily,10,7.579777154551656e-05,10.39213906482788,True
Salicylic Acid,10,7.579777154551656e-05,10.39213906482788,True
Shea Nuts,10,7.579777154551656e-05,10.39213906482788,True
Siam Wood,10,7.579777154551656e-05,10.39213906482788,True
Strawberry Flower,10,7.579777154551656e-05,10.39213906482788,True
Trees,10,7.579777154551656e-05,10.39213906482788,True
Valencia Orange Flower,10,7.579777154551656e-05,10.39213906482788,True
White Cherry,10,7.579777154551656e-05,10.39213906482788,True
White Tabacco,10,7.579777154551656e-05,10.39213906482788,True
Wolfwood,10,7.579777154551656e-05,10.39213906482788,True
citruses with sugar,10,7.579777154551656e-05,10.39213906482788,True
Acorn,9,6.82179943909649e-05,10.487449244632204,False
Artichoke,9,6.82179943909649e-05,10.487449244632204,False
Baobab,9,6.82179943909649e-05,10.487449244632204,False
Betel Leaf,9,6.82179943909649e-05,10.487449244632204,False
Blackthorn,9,6.82179943909649e-05,10.487449244632204,False
Brownie,9,6.82179943909649e-05,10.487449244632204,False
Bulrush,9,6.82179943909649e-05,10.487449244632204,False
California Orange,9,6.82179943909649e-05,10.487449244632204,False
California Redwood,9,6.82179943909649e-05,10.487449244632204,False
Calycanthus,9,6.82179943909649e-05,10.487449244632204,False
Chimonanthus or Wintersweet,9,6.82179943909649e-05,10.487449244632204,False
Christmas Tree or Flame Tree,9,6.82179943909649e-05,10.487449244632204,False
Citruses Water,9,6.82179943909649e-05,10.487449244632204,False
Cocktail accord,9,6.82179943909649e-05,10.487449244632204,False
Corn Silk,9,6.82179943909649e-05,10.487449244632204,False
Evergreen,9,6.82179943909649e-05,10.487449244632204,False
Floralozone,9,6.82179943909649e-05,10.487449244632204,False
Green Coconut,9,6.82179943909649e-05,10.487449244632204,False
Japanese Osmanthus,9,6.82179943909649e-05,10.487449244632204,False
Jeans,9,6.82179943909649e-05,10.487449244632204,False
Jellybean,9,6.82179943909649e-05,10.487449244632204,False
Katrafay,9,6.82179943909649e-05,10.487449244632204,False
Kir Royal,9,6.82179943909649e-05,10.487449244632204,False
Longjing tea,9,6.82179943909649e-05,10.487449244632204,False
Madagascar Sandalwood,9,6.82179943909649e-05,10.487449244632204,False
Mascarpone Cheese,9,6.82179943909649e-05,10.487449244632204,False
Medlar,9,6.82179943909649e-05,10.487449244632204,False
Moroccan Mimosa,9,6.82179943909649e-05,10.487449244632204,False
Muscone,9,6.82179943909649e-05,10.487449244632204,False
Muskrat,9,6.82179943909649e-05,10.487449244632204,False
Pearls,9,6.82179943909649e-05,10.487449244632204,False
Periwinkle,9,6.82179943909649e-05,10.487449244632204,False
Plum Liquor,9,6.82179943909649e-05,10.487449244632204,False
Poplar buds,9,6.82179943909649e-05,10.487449244632204,False
Red Fruits Smoothie,9,6.82179943909649e-05,10.487449244632204,False
Rye,9,6.82179943909649e-05,10.487449244632204,False
Sangria,9,6.82179943909649e-05,10.487449244632204,False
Satin,9,6.82179943909649e-05,10.487449244632204,False
Sedge,9,6.82179943909649e-05,10.487449244632204,False
Shamama Attar,9,6.82179943909649e-05,10.487449244632204,False
Shortcrust Pastry,9,6.82179943909649e-05,10.487449244632204,False
Sicilian Citrus,9,6.82179943909649e-05,10.487449244632204,False
Silver Pine,9,6.82179943909649e-05,10.487449244632204,False
Soursop,9,6.82179943909649e-05,10.487449244632204,False
Sparkling Wine,9,6.82179943909649e-05,10.487449244632204,False
Tuscan Cypress,9,6.82179943909649e-05,10.487449244632204,False
Water Peony,9,6.82179943909649e-05,10.487449244632204,False
White Champaca,9,6.82179943909649e-05,10.487449244632204,False
White Cyclamen,9,6.82179943909649e-05,10.487449244632204,False
White Mimosa,9,6.82179943909649e-05,10.487449244632204,False
White Nerium Oleander,9,6.82179943909649e-05,10.487449244632204,False
Wild Peony,9,6.82179943909649e-05,10.487449244632204,False
cocoa shell,9,6.82179943909649e-05,10.487449244632204,False
Apple pulp,8,6.063821723641325e-05,10.59280976029003,False
Bacon,8,6.063821723641325e-05,10.59280976029003,False
Buttercup,8,6.063821723641325e-05,10.59280976029003,False
Buttermilk,8,6.063821723641325e-05,10.59280976029003,False
Cacao Blossom,8,6.063821723641325e-05,10.59280976029003,False
Cachaça,8,6.063821723641325e-05,10.59280976029003,False
Café Expresso,8,6.063821723641325e-05,10.59280976029003,False
Cascarilla,8,6.063821723641325e-05,10.59280976029003,False
Chocolate Fudge,8,6.063821723641325e-05,10.59280976029003,False
Daiquiri,8,6.063821723641325e-05,10.59280976029003,False
Egg,8,6.063821723641325e-05,10.59280976029003,False
Egyptian Tuberose,8,6.063821723641325e-05,10.59280976029003,False
Firwood,8,6.063821723641325e-05,10.59280976029003,False
Fog,8,6.063821723641325e-05,10.59280976029003,False
Frosted Apple,8,6.063821723641325e-05,10.59280976029003,False
Frosted Berries,8,6.063821723641325e-05,10.59280976029003,False
Frosted Mango,8,6.063821723641325e-05,10.59280976029003,False
Gladiolus,8,6.063821723641325e-05,10.59280976029003,False
Grains,8,6.063821723641325e-05,10.59280976029003,False
Green Coriander,8,6.063821723641325e-05,10.59280976029003,False
Hivernal®,8,6.063821723641325e-05,10.59280976029003,False
Honeydew Blossom,8,6.063821723641325e-05,10.59280976029003,False
Hot Chocolate,8,6.063821723641325e-05,10.59280976029003,False
Indian Mimosa,8,6.063821723641325e-05,10.59280976029003,False
Indonesian Jasmine,8,6.063821723641325e-05,10.59280976029003,False
Isobutyl Quinoline,8,6.063821723641325e-05,10.59280976029003,False
Jiuniang (Sweet Fermented Rice Wine),8,6.063821723641325e-05,10.59280976029003,False
Laburnum,8,6.063821723641325e-05,10.59280976029003,False
Lemon Myrtle,8,6.063821723641325e-05,10.59280976029003,False
Lilybelle®,8,6.063821723641325e-05,10.59280976029003,False
Lingonberry,8,6.063821723641325e-05,10.59280976029003,False
Lydia Broom,8,6.063821723641325e-05,10.59280976029003,False
Macchiato,8,6.063821723641325e-05,10.59280976029003,False
Mango Tree,8,6.063821723641325e-05,10.59280976029003,False
Margarita,8,6.063821723641325e-05,10.59280976029003,False
Meadowsweet,8,6.063821723641325e-05,10.59280976029003,False
Money,8,6.063821723641325e-05,10.59280976029003,False
Nutella,8,6.063821723641325e-05,10.59280976029003,False
Oatmilk,8,6.063821723641325e-05,10.59280976029003,False
Operanide,8,6.063821723641325e-05,10.59280976029003,False
Panna Cotta,8,6.063821723641325e-05,10.59280976029003,False
Paperbark,8,6.063821723641325e-05,10.59280976029003,False
Pistachio Blossom,8,6.063821723641325e-05,10.59280976029003,False
Plum Wood,8,6.063821723641325e-05,10.59280976029003,False
Polygonum,8,6.063821723641325e-05,10.59280976029003,False
Potato,8,6.063821723641325e-05,10.59280976029003,False
Pudding,8,6.063821723641325e-05,10.59280976029003,False
Red Freesia,8,6.063821723641325e-05,10.59280976029003,False
Red Myrrh,8,6.063821723641325e-05,10.59280976029003,False
Rosyfolia,8,6.063821723641325e-05,10.59280976029003,False
Siam Resin,8,6.063821723641325e-05,10.59280976029003,False
Siberian rhododendron,8,6.063821723641325e-05,10.59280976029003,False
Silkwood Blossom,8,6.063821723641325e-05,10.59280976029003,False
Straw,8,6.063821723641325e-05,10.59280976029003,False
Surf Wax,8,6.063821723641325e-05,10.59280976029003,False
Tangerine Zest,8,6.063821723641325e-05,10.59280976029003,False
White Peach Blossom,8,6.063821723641325e-05,10.59280976029003,False
Winterberry,8,6.063821723641325e-05,10.59280976029003,False
Almond Wood,7,5.305844008186159e-05,10.710592795946415,False
Ambrinol,7,5.305844008186159e-05,10.710592795946415,False
Apple Pie,7,5.305844008186159e-05,10.710592795946415,False
Asian lily,7,5.305844008186159e-05,10.710592795946415,False
Beech,7,5.305844008186159e-05,10.710592795946415,False
Bird cherry,7,5.305844008186159e-05,10.710592795946415,False
Black Basil,7,5.305844008186159e-05,10.710592795946415,False
Black Walnut,7,5.305844008186159e-05,10.710592795946415,False
Blue Lilies,7,5.305844008186159e-05,10.710592795946415,False
Blue Poppy,7,5.305844008186159e-05,10.710592795946415,False
Candy Apple,7,5.305844008186159e-05,10.710592795946415,False
Capitiú,7,5.305844008186159e-05,10.710592795946415,False
Chalk,7,5.305844008186159e-05,10.710592795946415,False
Cherry Jam,7,5.305844008186159e-05,10.710592795946415,False
Chocolate Truffle,7,5.305844008186159e-05,10.710592795946415,False
Cobblestone,7,5.305844008186159e-05,10.710592795946415,False
Cocktail Fruits,7,5.305844008186159e-05,10.710592795946415,False
Coco De Mer,7,5.305844008186159e-05,10.710592795946415,False
Cocobolo,7,5.305844008186159e-05,10.710592795946415,False
Coriander Extract,7,5.305844008186159e-05,10.710592795946415,False
"Cupuacu, Cupuassu, Copoasu",7,5.305844008186159e-05,10.710592795946415,False
Darjeeling Black tea,7,5.305844008186159e-05,10.710592795946415,False
Dragée,7,5.305844008186159e-05,10.710592795946415,False
Eggnog,7,5.305844008186159e-05,10.710592795946415,False
Elm,7,5.305844008186159e-05,10.710592795946415,False
Eucalyptus Blossom,7,5.305844008186159e-05,10.710592795946415,False
Eugenol,7,5.305844008186159e-05,10.710592795946415,False
Fragonia,7,5.305844008186159e-05,10.710592795946415,False
Fuji Apple,7,5.305844008186159e-05,10.710592795946415,False
Griotte Cherries,7,5.305844008186159e-05,10.710592795946415,False
Hog Plum,7,5.305844008186159e-05,10.710592795946415,False
Indian Lotus,7,5.305844008186159e-05,10.710592795946415,False
Jojoba,7,5.305844008186159e-05,10.710592795946415,False
Jujube Blossom,7,5.305844008186159e-05,10.710592795946415,False
Kadam,7,5.305844008186159e-05,10.710592795946415,False
Kiwi Flower,7,5.305844008186159e-05,10.710592795946415,False
Lantana leaves,7,5.305844008186159e-05,10.710592795946415,False
Lemon Soda,7,5.305844008186159e-05,10.710592795946415,False
Lettuce,7,5.305844008186159e-05,10.710592795946415,False
Lip gloss,7,5.305844008186159e-05,10.710592795946415,False
Litchi Blossom,7,5.305844008186159e-05,10.710592795946415,False
Mahoganywood,7,5.305844008186159e-05,10.710592795946415,False
Marble,7,5.305844008186159e-05,10.710592795946415,False
Oak Leaves,7,5.305844008186159e-05,10.710592795946415,False
Orange Honey,7,5.305844008186159e-05,10.710592795946415,False
Palestinian Sweet Lime,7,5.305844008186159e-05,10.710592795946415,False
Peach Tree,7,5.305844008186159e-05,10.710592795946415,False
Pearadise®,7,5.305844008186159e-05,10.710592795946415,False
Pencil,7,5.305844008186159e-05,10.710592795946415,False
Pennyroyal,7,5.305844008186159e-05,10.710592795946415,False
Pink Himalayan Sea Salt,7,5.305844008186159e-05,10.710592795946415,False
Pistachio Spread Cream,7,5.305844008186159e-05,10.710592795946415,False
Plum Wine,7,5.305844008186159e-05,10.710592795946415,False
Poison,7,5.305844008186159e-05,10.710592795946415,False
Rosa Alba,7,5.305844008186159e-05,10.710592795946415,False
Safflower,7,5.305844008186159e-05,10.710592795946415,False
Sea Foam,7,5.305844008186159e-05,10.710592795946415,False
Silk Vine or Milk Broom,7,5.305844008186159e-05,10.710592795946415,False
Sour Cherry Blossom,7,5.305844008186159e-05,10.710592795946415,False
Sprinkles,7,5.305844008186159e-05,10.710592795946415,False
Strawberry Fizz Candy,7,5.305844008186159e-05,10.710592795946415,False
Strawberry Jam,7,5.305844008186159e-05,10.710592795946415,False
Sugar cookie,7,5.305844008186159e-05,10.710592795946415,False
Sunscreen,7,5.305844008186159e-05,10.710592795946415,False
Texas Rosewood,7,5.305844008186159e-05,10.710592795946415,False
Thanaka Wood,7,5.305844008186159e-05,10.710592795946415,False
Velvione™,7,5.305844008186159e-05,10.710592795946415,False
Water Violet,7,5.305844008186159e-05,10.710592795946415,False
White Cardamom,7,5.305844008186159e-05,10.710592795946415,False
Yellow Champaca,7,5.305844008186159e-05,10.710592795946415,False
Amber from Tunis,6,4.547866292730994e-05,10.844124188570937,False
American Apple,6,4.547866292730994e-05,10.844124188570937,False
Ammophila (beach grass),6,4.547866292730994e-05,10.844124188570937,False
Apple Shisha Accord,6,4.547866292730994e-05,10.844124188570937,False
Araucaria,6,4.547866292730994e-05,10.844124188570937,False
Baklava,6,4.547866292730994e-05,10.844124188570937,False
Banksia Australian,6,4.547866292730994e-05,10.844124188570937,False
Begonia,6,4.547866292730994e-05,10.844124188570937,False
Belambra tree,6,4.547866292730994e-05,10.844124188570937,False
Black Narcissus,6,4.547866292730994e-05,10.844124188570937,False
Blue Cypress,6,4.547866292730994e-05,10.844124188570937,False
Bonbon,6,4.547866292730994e-05,10.844124188570937,False
Caoutchouc,6,4.547866292730994e-05,10.844124188570937,False
Caper,6,4.547866292730994e-05,10.844124188570937,False
Cashalox,6,4.547866292730994e-05,10.844124188570937,False
Chen Pi,6,4.547866292730994e-05,10.844124188570937,False
Chinese Pink Peony,6,4.547866292730994e-05,10.844124188570937,False
Coal Tar,6,4.547866292730994e-05,10.844124188570937,False
Coconut Pie,6,4.547866292730994e-05,10.844124188570937,False
Coffee Tincture,6,4.547866292730994e-05,10.844124188570937,False
Copper,6,4.547866292730994e-05,10.844124188570937,False
Cream Liqueur,6,4.547866292730994e-05,10.844124188570937,False
Curry,6,4.547866292730994e-05,10.844124188570937,False
Deer Tongue Grass,6,4.547866292730994e-05,10.844124188570937,False
Donut or Doughnut,6,4.547866292730994e-05,10.844124188570937,False
Egyptian Sage,6,4.547866292730994e-05,10.844124188570937,False
Exaltolide®,6,4.547866292730994e-05,10.844124188570937,False
Fish,6,4.547866292730994e-05,10.844124188570937,False
Genet,6,4.547866292730994e-05,10.844124188570937,False
Ginger Leaf,6,4.547866292730994e-05,10.844124188570937,False
Ginkgo,6,4.547866292730994e-05,10.844124188570937,False
Guaiacol,6,4.547866292730994e-05,10.844124188570937,False
Halva,6,4.547866292730994e-05,10.844124188570937,False
Hazel Bloosom,6,4.547866292730994e-05,10.844124188570937,False
Hookah,6,4.547866292730994e-05,10.844124188570937,False
Indian woods,6,4.547866292730994e-05,10.844124188570937,False
Israeli Basil,6,4.547866292730994e-05,10.844124188570937,False
Japanese Incense,6,4.547866292730994e-05,10.844124188570937,False
Japanese pepper,6,4.547866292730994e-05,10.844124188570937,False
Jasmolactone,6,4.547866292730994e-05,10.844124188570937,False
Kangaroo Paw,6,4.547866292730994e-05,10.844124188570937,False
Kyphi,6,4.547866292730994e-05,10.844124188570937,False
Larkspur,6,4.547866292730994e-05,10.844124188570937,False
Loganberry,6,4.547866292730994e-05,10.844124188570937,False
Lupin,6,4.547866292730994e-05,10.844124188570937,False
Mariposa Lily,6,4.547866292730994e-05,10.844124188570937,False
Menthol,6,4.547866292730994e-05,10.844124188570937,False
Mulled Wine,6,4.547866292730994e-05,10.844124188570937,False
NaturalCalm™,6,4.547866292730994e-05,10.844124188570937,False
Orchid Pink Leopard,6,4.547866292730994e-05,10.844124188570937,False
Pamplewood,6,4.547866292730994e-05,10.844124188570937,False
Pandan,6,4.547866292730994e-05,10.844124188570937,False
Pandan Leaf,6,4.547866292730994e-05,10.844124188570937,False
Pink Crystal,6,4.547866292730994e-05,10.844124188570937,False
Port Wine,6,4.547866292730994e-05,10.844124188570937,False
Powdery Musk,6,4.547866292730994e-05,10.844124188570937,False
Queen of the Night Flower,6,4.547866292730994e-05,10.844124188570937,False
RE Base,6,4.547866292730994e-05,10.844124188570937,False
Rambutan,6,4.547866292730994e-05,10.844124188570937,False
Red Maple,6,4.547866292730994e-05,10.844124188570937,False
Red Peach,6,4.547866292730994e-05,10.844124188570937,False
Rind Bergamot,6,4.547866292730994e-05,10.844124188570937,False
River Notes,6,4.547866292730994e-05,10.844124188570937,False
Rosa Rubiginosa,6,4.547866292730994e-05,10.844124188570937,False
Rose Apple,6,4.547866292730994e-05,10.844124188570937,False
Rose Thorn,6,4.547866292730994e-05,10.844124188570937,False
Sarsaparilla,6,4.547866292730994e-05,10.844124188570937,False
Sassafras,6,4.547866292730994e-05,10.844124188570937,False
Soda Bubbles,6,4.547866292730994e-05,10.844124188570937,False
St John's Wort,6,4.547866292730994e-05,10.844124188570937,False
Starflower,6,4.547866292730994e-05,10.844124188570937,False
Strobilanthes Callosus,6,4.547866292730994e-05,10.844124188570937,False
Takamaka,6,4.547866292730994e-05,10.844124188570937,False
Vegetal Notes,6,4.547866292730994e-05,10.844124188570937,False
Weeping Cherry Blossom,6,4.547866292730994e-05,10.844124188570937,False
Western Skunk Cabbage,6,4.547866292730994e-05,10.844124188570937,False
White Camelia,6,4.547866292730994e-05,10.844124188570937,False
Wolfberry,6,4.547866292730994e-05,10.844124188570937,False
Yuzu Flower,6,4.547866292730994e-05,10.844124188570937,False
Alba Rose,5,3.789888577275828e-05,10.998274868398196,False
Ambrein,5,3.789888577275828e-05,10.998274868398196,False
Anemona,5,3.789888577275828e-05,10.998274868398196,False
Anthamber™,5,3.789888577275828e-05,10.998274868398196,False
Applejack,5,3.789888577275828e-05,10.998274868398196,False
BBQ,5,3.789888577275828e-05,10.998274868398196,False
Black Diamond,5,3.789888577275828e-05,10.998274868398196,False
Black Pomegranate,5,3.789888577275828e-05,10.998274868398196,False
Black Sesame,5,3.789888577275828e-05,10.998274868398196,False
Blonde Tobacco,5,3.789888577275828e-05,10.998274868398196,False
Bois d'Encens,5,3.789888577275828e-05,10.998274868398196,False
Borage,5,3.789888577275828e-05,10.998274868398196,False
Bread Flower,5,3.789888577275828e-05,10.998274868398196,False
Cactus Juice,5,3.789888577275828e-05,10.998274868398196,False
Chinese Litchi,5,3.789888577275828e-05,10.998274868398196,False
Chinese Magnolia,5,3.789888577275828e-05,10.998274868398196,False
Chinese Plum,5,3.789888577275828e-05,10.998274868398196,False
Cosmofruit™,5,3.789888577275828e-05,10.998274868398196,False
Cosmos Flower,5,3.789888577275828e-05,10.998274868398196,False
Delonix,5,3.789888577275828e-05,10.998274868398196,False
Diviniris,5,3.789888577275828e-05,10.998274868398196,False
Feathers,5,3.789888577275828e-05,10.998274868398196,False
Fig Blossom,5,3.789888577275828e-05,10.998274868398196,False
Garlic,5,3.789888577275828e-05,10.998274868398196,False
Genmaicha,5,3.789888577275828e-05,10.998274868398196,False
Gerbera,5,3.789888577275828e-05,10.998274868398196,False
Graphite,5,3.789888577275828e-05,10.998274868398196,False
Green Coffee,5,3.789888577275828e-05,10.998274868398196,False
Green Lotus,5,3.789888577275828e-05,10.998274868398196,False
Hand Cream,5,3.789888577275828e-05,10.998274868398196,False
Hashish,5,3.789888577275828e-05,10.998274868398196,False
Himalayan Poppy,5,3.789888577275828e-05,10.998274868398196,False
Hoary Stock,5,3.789888577275828e-05,10.998274868398196,False
Horse skin,5,3.789888577275828e-05,10.998274868398196,False
Indian Tea,5,3.789888577275828e-05,10.998274868398196,False
Indonesian Pepper,5,3.789888577275828e-05,10.998274868398196,False
Knafeh,5,3.789888577275828e-05,10.998274868398196,False
Kyara wood,5,3.789888577275828e-05,10.998274868398196,False
Laurel Blossom,5,3.789888577275828e-05,10.998274868398196,False
Lemon Meringue Pie,5,3.789888577275828e-05,10.998274868398196,False
Lemon Pie,5,3.789888577275828e-05,10.998274868398196,False
Linaloe berry,5,3.789888577275828e-05,10.998274868398196,False
Longan Berries,5,3.789888577275828e-05,10.998274868398196,False
Malva,5,3.789888577275828e-05,10.998274868398196,False
Mamey,5,3.789888577275828e-05,10.998274868398196,False
Mandrake,5,3.789888577275828e-05,10.998274868398196,False
Meat,5,3.789888577275828e-05,10.998274868398196,False
Melati,5,3.789888577275828e-05,10.998274868398196,False
Melonal,5,3.789888577275828e-05,10.998274868398196,False
Mochi,5,3.789888577275828e-05,10.998274868398196,False
Moroccan Lemon,5,3.789888577275828e-05,10.998274868398196,False
Nail Polish,5,3.789888577275828e-05,10.998274868398196,False
Onycha,5,3.789888577275828e-05,10.998274868398196,False
Palm Sugar,5,3.789888577275828e-05,10.998274868398196,False
Petroleum,5,3.789888577275828e-05,10.998274868398196,False
Petunia,5,3.789888577275828e-05,10.998274868398196,False
Pink Hyacinth,5,3.789888577275828e-05,10.998274868398196,False
Pink Violet,5,3.789888577275828e-05,10.998274868398196,False
Pistachio Leaf,5,3.789888577275828e-05,10.998274868398196,False
Pittosporum,5,3.789888577275828e-05,10.998274868398196,False
Pomegranate Seed,5,3.789888577275828e-05,10.998274868398196,False
Red Bean Paste,5,3.789888577275828e-05,10.998274868398196,False
Red Cyclamen,5,3.789888577275828e-05,10.998274868398196,False
Rice Water,5,3.789888577275828e-05,10.998274868398196,False
Rose Milk,5,3.789888577275828e-05,10.998274868398196,False
Satureja,5,3.789888577275828e-05,10.998274868398196,False
Serbian Oakmoss,5,3.789888577275828e-05,10.998274868398196,False
Skatole,5,3.789888577275828e-05,10.998274868398196,False
Starfish,5,3.789888577275828e-05,10.998274868398196,False
Sudachi citrus,5,3.789888577275828e-05,10.998274868398196,False
Sulphur,5,3.789888577275828e-05,10.998274868398196,False
Tayberry,5,3.789888577275828e-05,10.998274868398196,False
Teakwood Essence,5,3.789888577275828e-05,10.998274868398196,False
Terpineol,5,3.789888577275828e-05,10.998274868398196,False
Toasted Rice,5,3.789888577275828e-05,10.998274868398196,False
Velvet Woods,5,3.789888577275828e-05,10.998274868398196,False
Water Lily Leaf,5,3.789888577275828e-05,10.998274868398196,False
Watery Cyclamen,5,3.789888577275828e-05,10.998274868398196,False
Wet Plaster,5,3.789888577275828e-05,10.998274868398196,False
White Apricot,5,3.789888577275828e-05,10.998274868398196,False
Aldron,4,3.0319108618206625e-05,11.18059642519215,False
Ambermax™,4,3.0319108618206625e-05,11.18059642519215,False
Ammonia,4,3.0319108618206625e-05,11.18059642519215,False
Aperol,4,3.0319108618206625e-05,11.18059642519215,False
Apple sherbet,4,3.0319108618206625e-05,11.18059642519215,False
Aqual,4,3.0319108618206625e-05,11.18059642519215,False
Arctic Bramble,4,3.0319108618206625e-05,11.18059642519215,False
Ashoka Flower,4,3.0319108618206625e-05,11.18059642519215,False
Bengal Pepper,4,3.0319108618206625e-05,11.18059642519215,False
Bromelia,4,3.0319108618206625e-05,11.18059642519215,False
Buckwheat,4,3.0319108618206625e-05,11.18059642519215,False
Cactus Blossom,4,3.0319108618206625e-05,11.18059642519215,False
Calissons d'Aix,4,3.0319108618206625e-05,11.18059642519215,False
Canelé,4,3.0319108618206625e-05,11.18059642519215,False
Carambola blossom,4,3.0319108618206625e-05,11.18059642519215,False
Caramelized Almond,4,3.0319108618206625e-05,11.18059642519215,False
Cherry leaf,4,3.0319108618206625e-05,11.18059642519215,False
Chinese Patchouli,4,3.0319108618206625e-05,11.18059642519215,False
Chutney,4,3.0319108618206625e-05,11.18059642519215,False
Coconut Tree,4,3.0319108618206625e-05,11.18059642519215,False
Coffee Tree,4,3.0319108618206625e-05,11.18059642519215,False
Coral Limestone,4,3.0319108618206625e-05,11.18059642519215,False
Currant Leaf and Bud,4,3.0319108618206625e-05,11.18059642519215,False
Desert Sagebrush,4,3.0319108618206625e-05,11.18059642519215,False
Diamond Orchid,4,3.0319108618206625e-05,11.18059642519215,False
Erigeron (Fleabane),4,3.0319108618206625e-05,11.18059642519215,False
Ethyl Maltol,4,3.0319108618206625e-05,11.18059642519215,False
Forest Flowers Notes,4,3.0319108618206625e-05,11.18059642519215,False
Frosted Melon,4,3.0319108618206625e-05,11.18059642519215,False
Fruit Tea,4,3.0319108618206625e-05,11.18059642519215,False
Galbanum Leaf,4,3.0319108618206625e-05,11.18059642519215,False
Glacé,4,3.0319108618206625e-05,11.18059642519215,False
Graham Crackers,4,3.0319108618206625e-05,11.18059642519215,False
Grass Tree,4,3.0319108618206625e-05,11.18059642519215,False
Greengage,4,3.0319108618206625e-05,11.18059642519215,False
Hat straw,4,3.0319108618206625e-05,11.18059642519215,False
Hatkora lemon,4,3.0319108618206625e-05,11.18059642519215,False
Hexyl acetate,4,3.0319108618206625e-05,11.18059642519215,False
Hollyhock,4,3.0319108618206625e-05,11.18059642519215,False
"Hoya carnosa, wax plant",4,3.0319108618206625e-05,11.18059642519215,False
Impatiens,4,3.0319108618206625e-05,11.18059642519215,False
Indonesian Carnation,4,3.0319108618206625e-05,11.18059642519215,False
Iris leaf,4,3.0319108618206625e-05,11.18059642519215,False
Italian Melon,4,3.0319108618206625e-05,11.18059642519215,False
Japanese Citruses,4,3.0319108618206625e-05,11.18059642519215,False
Japanese Orange,4,3.0319108618206625e-05,11.18059642519215,False
Jujube,4,3.0319108618206625e-05,11.18059642519215,False
Khella,4,3.0319108618206625e-05,11.18059642519215,False
Kopi Luwak Coffee,4,3.0319108618206625e-05,11.18059642519215,False
Kunzea,4,3.0319108618206625e-05,11.18059642519215,False
Lotus Seed,4,3.0319108618206625e-05,11.18059642519215,False
Lucuma,4,3.0319108618206625e-05,11.18059642519215,False
Mai Tai Cocktail,4,3.0319108618206625e-05,11.18059642519215,False
Massioa,4,3.0319108618206625e-05,11.18059642519215,False
Melilotus,4,3.0319108618206625e-05,11.18059642519215,False
Milkweeds,4,3.0319108618206625e-05,11.18059642519215,False
Mint Tea,4,3.0319108618206625e-05,11.18059642519215,False
Monarda,4,3.0319108618206625e-05,11.18059642519215,False
Moonshine,4,3.0319108618206625e-05,11.18059642519215,False
Mung Bean,4,3.0319108618206625e-05,11.18059642519215,False
New Magazine,4,3.0319108618206625e-05,11.18059642519215,False
Olymra plant accord,4,3.0319108618206625e-05,11.18059642519215,False
Orange Pepper,4,3.0319108618206625e-05,11.18059642519215,False
Orange Soda,4,3.0319108618206625e-05,11.18059642519215,False
Orbitone,4,3.0319108618206625e-05,11.18059642519215,False
Orchard Blossom,4,3.0319108618206625e-05,11.18059642519215,False
Parchment,4,3.0319108618206625e-05,11.18059642519215,False
Patchouli (Green),4,3.0319108618206625e-05,11.18059642519215,False
Physcool®,4,3.0319108618206625e-05,11.18059642519215,False
Pretzel,4,3.0319108618206625e-05,11.18059642519215,False
Red Fruits Sorbet,4,3.0319108618206625e-05,11.18059642519215,False
Rice Cake,4,3.0319108618206625e-05,11.18059642519215,False
Rice Leaf,4,3.0319108618206625e-05,11.18059642519215,False
Rumenian Tagetes,4,3.0319108618206625e-05,11.18059642519215,False
Sandalwood Flower,4,3.0319108618206625e-05,11.18059642519215,False
Scent Trek®,4,3.0319108618206625e-05,11.18059642519215,False
Scots pine variant,4,3.0319108618206625e-05,11.18059642519215,False
Seed Okra or Gumbo,4,3.0319108618206625e-05,11.18059642519215,False
Snowberry,4,3.0319108618206625e-05,11.18059642519215,False
Soju,4,3.0319108618206625e-05,11.18059642519215,False
Souffle,4,3.0319108618206625e-05,11.18059642519215,False
Soy Milk,4,3.0319108618206625e-05,11.18059642519215,False
Soy Sauce,4,3.0319108618206625e-05,11.18059642519215,False
Sparkling Accord,4,3.0319108618206625e-05,11.18059642519215,False
Squishmallow Accord,4,3.0319108618206625e-05,11.18059642519215,False
Sugandha Kokila,4,3.0319108618206625e-05,11.18059642519215,False
Sweet Pie,4,3.0319108618206625e-05,11.18059642519215,False
Sweet Potato,4,3.0319108618206625e-05,11.18059642519215,False
Tangerine Leaves,4,3.0319108618206625e-05,11.18059642519215,False
Tapioca,4,3.0319108618206625e-05,11.18059642519215,False
Taro,4,3.0319108618206625e-05,11.18059642519215,False
Tatami,4,3.0319108618206625e-05,11.18059642519215,False
Thalassogaia™,4,3.0319108618206625e-05,11.18059642519215,False
Timberol,4,3.0319108618206625e-05,11.18059642519215,False
Toscanol,4,3.0319108618206625e-05,11.18059642519215,False
Turnera Diffusa (Damiana),4,3.0319108618206625e-05,11.18059642519215,False
Umeshu,4,3.0319108618206625e-05,11.18059642519215,False
Viburnum,4,3.0319108618206625e-05,11.18059642519215,False
Water Pepper,4,3.0319108618206625e-05,11.18059642519215,False
White Almond,4,3.0319108618206625e-05,11.18059642519215,False
White Chocolate Truffle,4,3.0319108618206625e-05,11.18059642519215,False
White Datura,4,3.0319108618206625e-05,11.18059642519215,False
Yellow Wine,4,3.0319108618206625e-05,11.18059642519215,False
Yumberry,4,3.0319108618206625e-05,11.18059642519215,False
Affogato,3,2.273933146365497e-05,11.40373997650636,False
Algerian Geranium,3,2.273933146365497e-05,11.40373997650636,False
Althaea,3,2.273933146365497e-05,11.40373997650636,False
Aluminum,3,2.273933146365497e-05,11.40373997650636,False
Alumroot,3,2.273933146365497e-05,11.40373997650636,False
Amazon Moonflower,3,2.273933146365497e-05,11.40373997650636,False
Amberever,3,2.273933146365497e-05,11.40373997650636,False
Ambronova ™,3,2.273933146365497e-05,11.40373997650636,False
Amburana Bark,3,2.273933146365497e-05,11.40373997650636,False
Amburana Wood,3,2.273933146365497e-05,11.40373997650636,False
Apple Mint,3,2.273933146365497e-05,11.40373997650636,False
"Arbutus (Madrona, Bearberry tree)",3,2.273933146365497e-05,11.40373997650636,False
Argan Tree,3,2.273933146365497e-05,11.40373997650636,False
Asparagus,3,2.273933146365497e-05,11.40373997650636,False
Aspen,3,2.273933146365497e-05,11.40373997650636,False
Baguette,3,2.273933146365497e-05,11.40373997650636,False
Baked Pear,3,2.273933146365497e-05,11.40373997650636,False
Bearberry,3,2.273933146365497e-05,11.40373997650636,False
Behini Tree,3,2.273933146365497e-05,11.40373997650636,False
Belanis,3,2.273933146365497e-05,11.40373997650636,False
Black Gardenia,3,2.273933146365497e-05,11.40373997650636,False
Blackcurrant Juice,3,2.273933146365497e-05,11.40373997650636,False
Blue Amber,3,2.273933146365497e-05,11.40373997650636,False
Boisiris,3,2.273933146365497e-05,11.40373997650636,False
Burdock,3,2.273933146365497e-05,11.40373997650636,False
Buttered Rum,3,2.273933146365497e-05,11.40373997650636,False
California Cedar,3,2.273933146365497e-05,11.40373997650636,False
Californian Gardenia,3,2.273933146365497e-05,11.40373997650636,False
Californian Orange,3,2.273933146365497e-05,11.40373997650636,False
Cannonball Flower,3,2.273933146365497e-05,11.40373997650636,False
Carissa,3,2.273933146365497e-05,11.40373997650636,False
Carolina Reaper,3,2.273933146365497e-05,11.40373997650636,False
Cashmir wood,3,2.273933146365497e-05,11.40373997650636,False
Centella Asiatica,3,2.273933146365497e-05,11.40373997650636,False
Cepes,3,2.273933146365497e-05,11.40373997650636,False
Chai Latte,3,2.273933146365497e-05,11.40373997650636,False
Charcoal,3,2.273933146365497e-05,11.40373997650636,False
Chinese Medicinal Herbs,3,2.273933146365497e-05,11.40373997650636,False
Churros,3,2.273933146365497e-05,11.40373997650636,False
Cinnamon Flower,3,2.273933146365497e-05,11.40373997650636,False
Citron Leaf,3,2.273933146365497e-05,11.40373997650636,False
Coral Rose,3,2.273933146365497e-05,11.40373997650636,False
Cosmopolitan cocktail,3,2.273933146365497e-05,11.40373997650636,False
Cottonwood,3,2.273933146365497e-05,11.40373997650636,False
Creamsicle,3,2.273933146365497e-05,11.40373997650636,False
Daikon radish,3,2.273933146365497e-05,11.40373997650636,False
Dark Plum Wu Mei,3,2.273933146365497e-05,11.40373997650636,False
Daylily,3,2.273933146365497e-05,11.40373997650636,False
Desert Rain Accord,3,2.273933146365497e-05,11.40373997650636,False
Egyptian and Indian Jasmine,3,2.273933146365497e-05,11.40373997650636,False
Erigeron,3,2.273933146365497e-05,11.40373997650636,False
Ethylvanillin,3,2.273933146365497e-05,11.40373997650636,False
Fior di Latte,3,2.273933146365497e-05,11.40373997650636,False
Fresh Almond,3,2.273933146365497e-05,11.40373997650636,False
Frosted Orange,3,2.273933146365497e-05,11.40373997650636,False
Frothed milk,3,2.273933146365497e-05,11.40373997650636,False
Fruit Salad,3,2.273933146365497e-05,11.40373997650636,False
Garden Dill,3,2.273933146365497e-05,11.40373997650636,False
Goat's milk,3,2.273933146365497e-05,11.40373997650636,False
Golden Lily,3,2.273933146365497e-05,11.40373997650636,False
Green Chilli,3,2.273933146365497e-05,11.40373997650636,False
Guayacan,3,2.273933146365497e-05,11.40373997650636,False
Heated metal,3,2.273933146365497e-05,11.40373997650636,False
Holly Flower,3,2.273933146365497e-05,11.40373997650636,False
Holy Water,3,2.273933146365497e-05,11.40373997650636,False
Hungarian oakmoss,3,2.273933146365497e-05,11.40373997650636,False
Ironwood,3,2.273933146365497e-05,11.40373997650636,False
Japanese Lemon,3,2.273933146365497e-05,11.40373997650636,False
Juicy Apricot,3,2.273933146365497e-05,11.40373997650636,False
Katsura leaf,3,2.273933146365497e-05,11.40373997650636,False
Kudzu,3,2.273933146365497e-05,11.40373997650636,False
Kumbaru,3,2.273933146365497e-05,11.40373997650636,False
Kyoto Rose petals,3,2.273933146365497e-05,11.40373997650636,False
Lamprocapnos,3,2.273933146365497e-05,11.40373997650636,False
Lillac,3,2.273933146365497e-05,11.40373997650636,False
Lily Of the Valley Leaves,3,2.273933146365497e-05,11.40373997650636,False
Liv Tyler Rose,3,2.273933146365497e-05,11.40373997650636,False
Madeira,3,2.273933146365497e-05,11.40373997650636,False
Mangrove Wood,3,2.273933146365497e-05,11.40373997650636,False
Marian Plum,3,2.273933146365497e-05,11.40373997650636,False
Mesquite Wood,3,2.273933146365497e-05,11.40373997650636,False
Michelia leaf,3,2.273933146365497e-05,11.40373997650636,False
Milk Candy,3,2.273933146365497e-05,11.40373997650636,False
Miracle berry,3,2.273933146365497e-05,11.40373997650636,False
Moepel accord,3,2.273933146365497e-05,11.40373997650636,False
Moroccan and Indian Jasmine,3,2.273933146365497e-05,11.40373997650636,False
Moscow Mule,3,2.273933146365497e-05,11.40373997650636,False
Negroni,3,2.273933146365497e-05,11.40373997650636,False
Neoprene,3,2.273933146365497e-05,11.40373997650636,False
Norwegian pine,3,2.273933146365497e-05,11.40373997650636,False
Old House,3,2.273933146365497e-05,11.40373997650636,False
Orchid Cactus,3,2.273933146365497e-05,11.40373997650636,False
Pan de Muerto,3,2.273933146365497e-05,11.40373997650636,False
Peanut Butter,3,2.273933146365497e-05,11.40373997650636,False
Perfume lemon,3,2.273933146365497e-05,11.40373997650636,False
Pisco Sour cocktal,3,2.273933146365497e-05,11.40373997650636,False
Popsicle,3,2.273933146365497e-05,11.40373997650636,False
Portulaca or Pigweed,3,2.273933146365497e-05,11.40373997650636,False
Posidonia,3,2.273933146365497e-05,11.40373997650636,False
Princess Tree or Paulownia,3,2.273933146365497e-05,11.40373997650636,False
Purple Yam,3,2.273933146365497e-05,11.40373997650636,False
Red Mulberry,3,2.273933146365497e-05,11.40373997650636,False
Red Tulip,3,2.273933146365497e-05,11.40373997650636,False
Rumex,3,2.273933146365497e-05,11.40373997650636,False
Salted Caramel Fudge,3,2.273933146365497e-05,11.40373997650636,False
Satinwood,3,2.273933146365497e-05,11.40373997650636,False
Saucer Magnolia,3,2.273933146365497e-05,11.40373997650636,False
Sauna,3,2.273933146365497e-05,11.40373997650636,False
Seriguela,3,2.273933146365497e-05,11.40373997650636,False
Sicilian Mandarin Blossom,3,2.273933146365497e-05,11.40373997650636,False
Slate,3,2.273933146365497e-05,11.40373997650636,False
Smoketree,3,2.273933146365497e-05,11.40373997650636,False
South African Sage,3,2.273933146365497e-05,11.40373997650636,False
Spinach,3,2.273933146365497e-05,11.40373997650636,False
Squash,3,2.273933146365497e-05,11.40373997650636,False
Suederal®,3,2.273933146365497e-05,11.40373997650636,False
Sugared Almonds,3,2.273933146365497e-05,11.40373997650636,False
Sweet Alyssum,3,2.273933146365497e-05,11.40373997650636,False
Tennis Ball,3,2.273933146365497e-05,11.40373997650636,False
Terranol,3,2.273933146365497e-05,11.40373997650636,False
Tires,3,2.273933146365497e-05,11.40373997650636,False
Tokaji Wine,3,2.273933146365497e-05,11.40373997650636,False
Tonquitone™,3,2.273933146365497e-05,11.40373997650636,False
Torreya,3,2.273933146365497e-05,11.40373997650636,False
Trat Oud,3,2.273933146365497e-05,11.40373997650636,False
Tunisian Opium,3,2.273933146365497e-05,11.40373997650636,False
Vanilla Bahiana,3,2.273933146365497e-05,11.40373997650636,False
Vanilla Sauce,3,2.273933146365497e-05,11.40373997650636,False
Veloutone,3,2.273933146365497e-05,11.40373997650636,False
Virginian Patchouli,3,2.273933146365497e-05,11.40373997650636,False
Walnut Milk,3,2.273933146365497e-05,11.40373997650636,False
Wan Sao Lhong,3,2.273933146365497e-05,11.40373997650636,False
Water Heliotrope,3,2.273933146365497e-05,11.40373997650636,False
Wattleseed,3,2.273933146365497e-05,11.40373997650636,False
White Dahlia,3,2.273933146365497e-05,11.40373997650636,False
White Honeysuckle,3,2.273933146365497e-05,11.40373997650636,False
White Mimosa Honey,3,2.273933146365497e-05,11.40373997650636,False
White Tea Blossom,3,2.273933146365497e-05,11.40373997650636,False
Wild carrot,3,2.273933146365497e-05,11.40373997650636,False
Willow-Leaved,3,2.273933146365497e-05,11.40373997650636,False
Wisteria Flower,3,2.273933146365497e-05,11.40373997650636,False
Woodruff or Galium Odoratum,3,2.273933146365497e-05,11.40373997650636,False
Zefir,3,2.273933146365497e-05,11.40373997650636,False
Acetylfuran,2,1.5159554309103312e-05,11.69142204895814,False
Achillea Olympus,2,1.5159554309103312e-05,11.69142204895814,False
African Freesia Petals,2,1.5159554309103312e-05,11.69142204895814,False
Alcantara accord,2,1.5159554309103312e-05,11.69142204895814,False
Alder,2,1.5159554309103312e-05,11.69142204895814,False
Alyssum,2,1.5159554309103312e-05,11.69142204895814,False
Amberketal,2,1.5159554309103312e-05,11.69142204895814,False
Ammophila,2,1.5159554309103312e-05,11.69142204895814,False
Antillone™,2,1.5159554309103312e-05,11.69142204895814,False
Apple Licor,2,1.5159554309103312e-05,11.69142204895814,False
Apricot Jam,2,1.5159554309103312e-05,11.69142204895814,False
Ashberry,2,1.5159554309103312e-05,11.69142204895814,False
Aspic,2,1.5159554309103312e-05,11.69142204895814,False
Azolla,2,1.5159554309103312e-05,11.69142204895814,False
Azteca Lily,2,1.5159554309103312e-05,11.69142204895814,False
Baby’s Breath,2,1.5159554309103312e-05,11.69142204895814,False
Baking Spices,2,1.5159554309103312e-05,11.69142204895814,False
Banana Bread,2,1.5159554309103312e-05,11.69142204895814,False
Beach grass,2,1.5159554309103312e-05,11.69142204895814,False
Biscotti,2,1.5159554309103312e-05,11.69142204895814,False
Black Clover,2,1.5159554309103312e-05,11.69142204895814,False
Black Freesia,2,1.5159554309103312e-05,11.69142204895814,False
Blue Margarita,2,1.5159554309103312e-05,11.69142204895814,False
Blueberry Jam,2,1.5159554309103312e-05,11.69142204895814,False
Bottlebrushes,2,1.5159554309103312e-05,11.69142204895814,False
Brazilian Spices,2,1.5159554309103312e-05,11.69142204895814,False
Brown Scotch Tape,2,1.5159554309103312e-05,11.69142204895814,False
Bubbaloo,2,1.5159554309103312e-05,11.69142204895814,False
Buckwheat Tea,2,1.5159554309103312e-05,11.69142204895814,False
Buriti,2,1.5159554309103312e-05,11.69142204895814,False
Burning Cherry,2,1.5159554309103312e-05,11.69142204895814,False
Cachalox,2,1.5159554309103312e-05,11.69142204895814,False
Calvados Drink,2,1.5159554309103312e-05,11.69142204895814,False
Canada Balsam,2,1.5159554309103312e-05,11.69142204895814,False
Candied Flowers,2,1.5159554309103312e-05,11.69142204895814,False
Canvas,2,1.5159554309103312e-05,11.69142204895814,False
Cardamom Flower,2,1.5159554309103312e-05,11.69142204895814,False
Cassata Siciliana,2,1.5159554309103312e-05,11.69142204895814,False
Celosia,2,1.5159554309103312e-05,11.69142204895814,False
Cep,2,1.5159554309103312e-05,11.69142204895814,False
Cetonal®,2,1.5159554309103312e-05,11.69142204895814,False
Chamallow,2,1.5159554309103312e-05,11.69142204895814,False
Chaparral,2,1.5159554309103312e-05,11.69142204895814,False
Chickpeas,2,1.5159554309103312e-05,11.69142204895814,False
Chicory,2,1.5159554309103312e-05,11.69142204895814,False
Chinese Red Currant,2,1.5159554309103312e-05,11.69142204895814,False
Chinotto blossom,2,1.5159554309103312e-05,11.69142204895814,False
Chive,2,1.5159554309103312e-05,11.69142204895814,False
Chlorophyll,2,1.5159554309103312e-05,11.69142204895814,False
Chocolate Sauce,2,1.5159554309103312e-05,11.69142204895814,False
Chuan Xiong,2,1.5159554309103312e-05,11.69142204895814,False
Cinnamaldehyde,2,1.5159554309103312e-05,11.69142204895814,False
Clematis,2,1.5159554309103312e-05,11.69142204895814,False
Cocoapulse™,2,1.5159554309103312e-05,11.69142204895814,False
Coffee Liqueur,2,1.5159554309103312e-05,11.69142204895814,False
Coleus,2,1.5159554309103312e-05,11.69142204895814,False
Confetti,2,1.5159554309103312e-05,11.69142204895814,False
Coral Amber,2,1.5159554309103312e-05,11.69142204895814,False
Corall Orchid,2,1.5159554309103312e-05,11.69142204895814,False
Coranol,2,1.5159554309103312e-05,11.69142204895814,False
Credit Cards,2,1.5159554309103312e-05,11.69142204895814,False
Crinum lily,2,1.5159554309103312e-05,11.69142204895814,False
Cucumber Flower,2,1.5159554309103312e-05,11.69142204895814,False
Dark Chocolate Liqueur,2,1.5159554309103312e-05,11.69142204895814,False
Dragon fruit,2,1.5159554309103312e-05,11.69142204895814,False
Eau de vie,2,1.5159554309103312e-05,11.69142204895814,False
Ethyl Vanilin,2,1.5159554309103312e-05,11.69142204895814,False
Euphorbia,2,1.5159554309103312e-05,11.69142204895814,False
Field scabious,2,1.5159554309103312e-05,11.69142204895814,False
Fig Honey,2,1.5159554309103312e-05,11.69142204895814,False
Fire Lily,2,1.5159554309103312e-05,11.69142204895814,False
French Hyacinth,2,1.5159554309103312e-05,11.69142204895814,False
Gariguette Strawberry,2,1.5159554309103312e-05,11.69142204895814,False
Gianduia,2,1.5159554309103312e-05,11.69142204895814,False
Glass,2,1.5159554309103312e-05,11.69142204895814,False
Goldenberry,2,1.5159554309103312e-05,11.69142204895814,False
Green Branches,2,1.5159554309103312e-05,11.69142204895814,False
Grisalva,2,1.5159554309103312e-05,11.69142204895814,False
Guaiac Wood Resin,2,1.5159554309103312e-05,11.69142204895814,False
Hexenyl Green,2,1.5159554309103312e-05,11.69142204895814,False
Hibiscus leaves,2,1.5159554309103312e-05,11.69142204895814,False
Hina,2,1.5159554309103312e-05,11.69142204895814,False
Hindinol,2,1.5159554309103312e-05,11.69142204895814,False
Horseweed,2,1.5159554309103312e-05,11.69142204895814,False
Incienso,2,1.5159554309103312e-05,11.69142204895814,False
Indian Mango,2,1.5159554309103312e-05,11.69142204895814,False
Indian White Pepper,2,1.5159554309103312e-05,11.69142204895814,False
Indonesian Myrrh,2,1.5159554309103312e-05,11.69142204895814,False
Instant film accord,2,1.5159554309103312e-05,11.69142204895814,False
Inula,2,1.5159554309103312e-05,11.69142204895814,False
Japanese Orchid,2,1.5159554309103312e-05,11.69142204895814,False
Japanese Pink Lotus,2,1.5159554309103312e-05,11.69142204895814,False
Jasmone,2,1.5159554309103312e-05,11.69142204895814,False
Jobs tears (Yi Yi Ren),2,1.5159554309103312e-05,11.69142204895814,False
Kanuka,2,1.5159554309103312e-05,11.69142204895814,False
Karmaflor®,2,1.5159554309103312e-05,11.69142204895814,False
Kewra,2,1.5159554309103312e-05,11.69142204895814,False
Lacquered Wood,2,1.5159554309103312e-05,11.69142204895814,False
Lady Slipper Orchid,2,1.5159554309103312e-05,11.69142204895814,False
Lesser Calamint,2,1.5159554309103312e-05,11.69142204895814,False
Licorice Flower,2,1.5159554309103312e-05,11.69142204895814,False
Limewood,2,1.5159554309103312e-05,11.69142204895814,False
Loam,2,1.5159554309103312e-05,11.69142204895814,False
Magnolia brooklynensis,2,1.5159554309103312e-05,11.69142204895814,False
Mangosteen blossom,2,1.5159554309103312e-05,11.69142204895814,False
Milky Coffee,2,1.5159554309103312e-05,11.69142204895814,False
Mimosa leaves,2,1.5159554309103312e-05,11.69142204895814,False
Mopane,2,1.5159554309103312e-05,11.69142204895814,False
Moringa Blossom,2,1.5159554309103312e-05,11.69142204895814,False
Musk Vodka,2,1.5159554309103312e-05,11.69142204895814,False
Mustard Seed,2,1.5159554309103312e-05,11.69142204895814,False
Narciussus,2,1.5159554309103312e-05,11.69142204895814,False
Nettle Blossom,2,1.5159554309103312e-05,11.69142204895814,False
Nom Maew,2,1.5159554309103312e-05,11.69142204895814,False
Nut Grass,2,1.5159554309103312e-05,11.69142204895814,False
Olibanum (Frankincense),2,1.5159554309103312e-05,11.69142204895814,False
Orchid Leaf,2,1.5159554309103312e-05,11.69142204895814,False
Osmasylk Natsublim™,2,1.5159554309103312e-05,11.69142204895814,False
Para-Cresyl Phenyl Acetate,2,1.5159554309103312e-05,11.69142204895814,False
Paradisamide,2,1.5159554309103312e-05,11.69142204895814,False
Pastiera Napoletana,2,1.5159554309103312e-05,11.69142204895814,False
Pear Tree,2,1.5159554309103312e-05,11.69142204895814,False
Pelargonium Leaf,2,1.5159554309103312e-05,11.69142204895814,False
Pesto,2,1.5159554309103312e-05,11.69142204895814,False
Pink Flamingo Heliconia,2,1.5159554309103312e-05,11.69142204895814,False
Pink Ipê Tree,2,1.5159554309103312e-05,11.69142204895814,False
Pink Paprika,2,1.5159554309103312e-05,11.69142204895814,False
Plantain,2,1.5159554309103312e-05,11.69142204895814,False
Plastic Bag,2,1.5159554309103312e-05,11.69142204895814,False
Play-Doh,2,1.5159554309103312e-05,11.69142204895814,False
Poinsettia,2,1.5159554309103312e-05,11.69142204895814,False
Porcelain,2,1.5159554309103312e-05,11.69142204895814,False
Powder From The Moon,2,1.5159554309103312e-05,11.69142204895814,False
Purple Coneflower,2,1.5159554309103312e-05,11.69142204895814,False
"Quandong, desert peach",2,1.5159554309103312e-05,11.69142204895814,False
Quenepa,2,1.5159554309103312e-05,11.69142204895814,False
Rainbow Sorbet,2,1.5159554309103312e-05,11.69142204895814,False
Raki,2,1.5159554309103312e-05,11.69142204895814,False
Rangpur,2,1.5159554309103312e-05,11.69142204895814,False
Raspberry Macaron,2,1.5159554309103312e-05,11.69142204895814,False
Ravenala,2,1.5159554309103312e-05,11.69142204895814,False
Red Currant Blossom,2,1.5159554309103312e-05,11.69142204895814,False
Red Paprika,2,1.5159554309103312e-05,11.69142204895814,False
Red Vanill-Orchid,2,1.5159554309103312e-05,11.69142204895814,False
Red Willow,2,1.5159554309103312e-05,11.69142204895814,False
Redwood Flower,2,1.5159554309103312e-05,11.69142204895814,False
Rhodinol,2,1.5159554309103312e-05,11.69142204895814,False
Romandolide®,2,1.5159554309103312e-05,11.69142204895814,False
Romanian Sage,2,1.5159554309103312e-05,11.69142204895814,False
Rose Japanese (Hamanasu),2,1.5159554309103312e-05,11.69142204895814,False
Roselle,2,1.5159554309103312e-05,11.69142204895814,False
Rosewood Leaf,2,1.5159554309103312e-05,11.69142204895814,False
Rowanberry,2,1.5159554309103312e-05,11.69142204895814,False
SP3 Carbon,2,1.5159554309103312e-05,11.69142204895814,False
Salak,2,1.5159554309103312e-05,11.69142204895814,False
Salted Butter,2,1.5159554309103312e-05,11.69142204895814,False
Salted Egg Yolk,2,1.5159554309103312e-05,11.69142204895814,False
Sandalore™,2,1.5159554309103312e-05,11.69142204895814,False
Sauce-aroma Baijiu,2,1.5159554309103312e-05,11.69142204895814,False
Saw palmetto,2,1.5159554309103312e-05,11.69142204895814,False
Sherry,2,1.5159554309103312e-05,11.69142204895814,False
"Sideritis, Mountain Tea",2,1.5159554309103312e-05,11.69142204895814,False
Silverthorn,2,1.5159554309103312e-05,11.69142204895814,False
Siren,2,1.5159554309103312e-05,11.69142204895814,False
Snow Lotus,2,1.5159554309103312e-05,11.69142204895814,False
Sodium Silicate,2,1.5159554309103312e-05,11.69142204895814,False
Sophora Toromiro Flower,2,1.5159554309103312e-05,11.69142204895814,False
Space Ship,2,1.5159554309103312e-05,11.69142204895814,False
Speculoos,2,1.5159554309103312e-05,11.69142204895814,False
Spiked Pepper,2,1.5159554309103312e-05,11.69142204895814,False
Spiraea,2,1.5159554309103312e-05,11.69142204895814,False
Stardust,2,1.5159554309103312e-05,11.69142204895814,False
Strawberry S’mores,2,1.5159554309103312e-05,11.69142204895814,False
Sundew,2,1.5159554309103312e-05,11.69142204895814,False
Sweet Milk,2,1.5159554309103312e-05,11.69142204895814,False
T-Shirt accord,2,1.5159554309103312e-05,11.69142204895814,False
Tamanu,2,1.5159554309103312e-05,11.69142204895814,False
Tamarisk,2,1.5159554309103312e-05,11.69142204895814,False
Tamboti Wood,2,1.5159554309103312e-05,11.69142204895814,False
Tartine,2,1.5159554309103312e-05,11.69142204895814,False
Terracotta,2,1.5159554309103312e-05,11.69142204895814,False
Ti Leaf (Cordilyne),2,1.5159554309103312e-05,11.69142204895814,False
Tomato Flower,2,1.5159554309103312e-05,11.69142204895814,False
Tonalide®,2,1.5159554309103312e-05,11.69142204895814,False
Trillium,2,1.5159554309103312e-05,11.69142204895814,False
Trimofix®,2,1.5159554309103312e-05,11.69142204895814,False
Tropicalone,2,1.5159554309103312e-05,11.69142204895814,False
Tuberolide,2,1.5159554309103312e-05,11.69142204895814,False
Tumbleweed,2,1.5159554309103312e-05,11.69142204895814,False
Turpentine,2,1.5159554309103312e-05,11.69142204895814,False
Ultravanil™,2,1.5159554309103312e-05,11.69142204895814,False
Vanilla Leaves,2,1.5159554309103312e-05,11.69142204895814,False
Verdox,2,1.5159554309103312e-05,11.69142204895814,False
Vinegar,2,1.5159554309103312e-05,11.69142204895814,False
Vinyl Guaiacol,2,1.5159554309103312e-05,11.69142204895814,False
Vitamin C,2,1.5159554309103312e-05,11.69142204895814,False
White Royal Lily,2,1.5159554309103312e-05,11.69142204895814,False
Wine must,2,1.5159554309103312e-05,11.69142204895814,False
Winter Daphne,2,1.5159554309103312e-05,11.69142204895814,False
Wrightia,2,1.5159554309103312e-05,11.69142204895814,False
Yunnan Tea,2,1.5159554309103312e-05,11.69142204895814,False
Z11™,2,1.5159554309103312e-05,11.69142204895814,False
Zinnia,2,1.5159554309103312e-05,11.69142204895814,False
Abelia,1,7.579777154551656e-06,12.096887157066305,False
Acerola Blossom,1,7.579777154551656e-06,12.096887157066305,False
Acronychia pedunculata,1,7.579777154551656e-06,12.096887157066305,False
Advocaat,1,7.579777154551656e-06,12.096887157066305,False
Akashic Acord,1,7.579777154551656e-06,12.096887157066305,False
Akebia fruit,1,7.579777154551656e-06,12.096887157066305,False
Albizia,1,7.579777154551656e-06,12.096887157066305,False
Aldambre,1,7.579777154551656e-06,12.096887157066305,False
Almaciga,1,7.579777154551656e-06,12.096887157066305,False
Almdudler,1,7.579777154551656e-06,12.096887157066305,False
Alpinia,1,7.579777154551656e-06,12.096887157066305,False
Alstroemeria,1,7.579777154551656e-06,12.096887157066305,False
Amarula,1,7.579777154551656e-06,12.096887157066305,False
AmbreXolide,1,7.579777154551656e-06,12.096887157066305,False
Amethyst Flower,1,7.579777154551656e-06,12.096887157066305,False
Andiroba,1,7.579777154551656e-06,12.096887157066305,False
Angel's Trumpet,1,7.579777154551656e-06,12.096887157066305,False
Aquaflora™,1,7.579777154551656e-06,12.096887157066305,False
Arbutus,1,7.579777154551656e-06,12.096887157066305,False
Asian Clintonia,1,7.579777154551656e-06,12.096887157066305,False
Astragalus,1,7.579777154551656e-06,12.096887157066305,False
Australian Oud,1,7.579777154551656e-06,12.096887157066305,False
Azarbre,1,7.579777154551656e-06,12.096887157066305,False
Baba (Italian dessert),1,7.579777154551656e-06,12.096887157066305,False
Bagas de Zimbro,1,7.579777154551656e-06,12.096887157066305,False
Barnyard,1,7.579777154551656e-06,12.096887157066305,False
Barrenwort,1,7.579777154551656e-06,12.096887157066305,False
Batida,1,7.579777154551656e-06,12.096887157066305,False
Beachheather,1,7.579777154551656e-06,12.096887157066305,False
Bigarane™,1,7.579777154551656e-06,12.096887157066305,False
Biryani,1,7.579777154551656e-06,12.096887157066305,False
Bisabolene,1,7.579777154551656e-06,12.096887157066305,False
Bitter melon,1,7.579777154551656e-06,12.096887157066305,False
Black Sapote,1,7.579777154551656e-06,12.096887157066305,False
Black locust leaf,1,7.579777154551656e-06,12.096887157066305,False
Blue Bugle,1,7.579777154551656e-06,12.096887157066305,False
Blue Pea Flower,1,7.579777154551656e-06,12.096887157066305,False
Blueberry Leaf,1,7.579777154551656e-06,12.096887157066305,False
Bohea (Wuyi Tea),1,7.579777154551656e-06,12.096887157066305,False
Bourgeonal,1,7.579777154551656e-06,12.096887157066305,False
Breadnut,1,7.579777154551656e-06,12.096887157066305,False
Brick,1,7.579777154551656e-06,12.096887157066305,False
Bulletwood Tree,1,7.579777154551656e-06,12.096887157066305,False
Butomus umbellatus,1,7.579777154551656e-06,12.096887157066305,False
Cabernet Grape,1,7.579777154551656e-06,12.096887157066305,False
Cacao Absolute,1,7.579777154551656e-06,12.096887157066305,False
Calafate,1,7.579777154551656e-06,12.096887157066305,False
Californian Fig,1,7.579777154551656e-06,12.096887157066305,False
Campion Flower,1,7.579777154551656e-06,12.096887157066305,False
Candlenut,1,7.579777154551656e-06,12.096887157066305,False
Cangzhu,1,7.579777154551656e-06,12.096887157066305,False
Canna flower,1,7.579777154551656e-06,12.096887157066305,False
Cannoli,1,7.579777154551656e-06,12.096887157066305,False
Carum,1,7.579777154551656e-06,12.096887157066305,False
Cashew Flower,1,7.579777154551656e-06,12.096887157066305,False
Cassowary fruit,1,7.579777154551656e-06,12.096887157066305,False
Cauliflower,1,7.579777154551656e-06,12.096887157066305,False
Cedar Roots,1,7.579777154551656e-06,12.096887157066305,False
Cedramber,1,7.579777154551656e-06,12.096887157066305,False
Cereal,1,7.579777154551656e-06,12.096887157066305,False
Ceylon Spices,1,7.579777154551656e-06,12.096887157066305,False
Chai Hu,1,7.579777154551656e-06,12.096887157066305,False
Chayote,1,7.579777154551656e-06,12.096887157066305,False
Cherry Milk,1,7.579777154551656e-06,12.096887157066305,False
Chhaang,1,7.579777154551656e-06,12.096887157066305,False
Chia Seed,1,7.579777154551656e-06,12.096887157066305,False
China Fruits,1,7.579777154551656e-06,12.096887157066305,False
Chinese Apricot,1,7.579777154551656e-06,12.096887157066305,False
Choux Pastry,1,7.579777154551656e-06,12.096887157066305,False
Cider Apple,1,7.579777154551656e-06,12.096887157066305,False
Citrus Japonica,1,7.579777154551656e-06,12.096887157066305,False
Clarycet,1,7.579777154551656e-06,12.096887157066305,False
Coal Tar Pitch,1,7.579777154551656e-06,12.096887157066305,False
Coriander iandaldehydes,1,7.579777154551656e-06,12.096887157066305,False
Cosmofruit™ (IFF),1,7.579777154551656e-06,12.096887157066305,False
Count's Fruit,1,7.579777154551656e-06,12.096887157066305,False
Crimson Fruits,1,7.579777154551656e-06,12.096887157066305,False
Crustaceans,1,7.579777154551656e-06,12.096887157066305,False
Crystalfizz,1,7.579777154551656e-06,12.096887157066305,False
Culantro,1,7.579777154551656e-06,12.096887157066305,False
Curcuma (Turmeric),1,7.579777154551656e-06,12.096887157066305,False
Cyclopidene,1,7.579777154551656e-06,12.096887157066305,False
Cyperus Scariosus,1,7.579777154551656e-06,12.096887157066305,False
Czech Christmas Cookies (Linecké),1,7.579777154551656e-06,12.096887157066305,False
Damiana,1,7.579777154551656e-06,12.096887157066305,False
Danish pastry,1,7.579777154551656e-06,12.096887157066305,False
Dartanol®,1,7.579777154551656e-06,12.096887157066305,False
Ditax wood,1,7.579777154551656e-06,12.096887157066305,False
Diving Suit,1,7.579777154551656e-06,12.096887157066305,False
Dodecanal,1,7.579777154551656e-06,12.096887157066305,False
Dogwood Blossom,1,7.579777154551656e-06,12.096887157066305,False
Dorayaki,1,7.579777154551656e-06,12.096887157066305,False
Dove tree,1,7.579777154551656e-06,12.096887157066305,False
Dragibus,1,7.579777154551656e-06,12.096887157066305,False
Duck Poo Oolong (Ya Shi Xiang),1,7.579777154551656e-06,12.096887157066305,False
Ducke,1,7.579777154551656e-06,12.096887157066305,False
Earth Tincture,1,7.579777154551656e-06,12.096887157066305,False
Eustoma | Lisianthus,1,7.579777154551656e-06,12.096887157066305,False
Factor X,1,7.579777154551656e-06,12.096887157066305,False
False Cypress,1,7.579777154551656e-06,12.096887157066305,False
Fermented tea,1,7.579777154551656e-06,12.096887157066305,False
Filbertone,1,7.579777154551656e-06,12.096887157066305,False
Flamingo flower,1,7.579777154551656e-06,12.096887157066305,False
Flamingo flower (Anthurium),1,7.579777154551656e-06,12.096887157066305,False
Floratta DNA,1,7.579777154551656e-06,12.096887157066305,False
Flower Prism,1,7.579777154551656e-06,12.096887157066305,False
Flowering Gourd,1,7.579777154551656e-06,12.096887157066305,False
Fo Ti (Ho Shou Wu),1,7.579777154551656e-06,12.096887157066305,False
Fougassette,1,7.579777154551656e-06,12.096887157066305,False
Fringed Pink,1,7.579777154551656e-06,12.096887157066305,False
Frostwood™,1,7.579777154551656e-06,12.096887157066305,False
Gaharu Buaya,1,7.579777154551656e-06,12.096887157066305,False
Gajumaru Banyan,1,7.579777154551656e-06,12.096887157066305,False
Gelatin,1,7.579777154551656e-06,12.096887157066305,False
Genipapo,1,7.579777154551656e-06,12.096887157066305,False
Georgian Apricot,1,7.579777154551656e-06,12.096887157066305,False
Geranium macrorrhizum (Zdravetz),1,7.579777154551656e-06,12.096887157066305,False
Ghost Pepper,1,7.579777154551656e-06,12.096887157066305,False
Gingergrass,1,7.579777154551656e-06,12.096887157066305,False
Goat Hair,1,7.579777154551656e-06,12.096887157066305,False
Goldwasser,1,7.579777154551656e-06,12.096887157066305,False
Grapefruit Soda,1,7.579777154551656e-06,12.096887157066305,False
Grease,1,7.579777154551656e-06,12.096887157066305,False
Great Burnet,1,7.579777154551656e-06,12.096887157066305,False
Green Banana,1,7.579777154551656e-06,12.096887157066305,False
Green Orchid,1,7.579777154551656e-06,12.096887157066305,False
Green Pepper,1,7.579777154551656e-06,12.096887157066305,False
Grevillea,1,7.579777154551656e-06,12.096887157066305,False
Gromwell,1,7.579777154551656e-06,12.096887157066305,False
Guao or Maiden Plum,1,7.579777154551656e-06,12.096887157066305,False
Guinea Pepper,1,7.579777154551656e-06,12.096887157066305,False
Gun Smoke,1,7.579777154551656e-06,12.096887157066305,False
Gustavia Flower,1,7.579777154551656e-06,12.096887157066305,False
Gyokuro Tea,1,7.579777154551656e-06,12.096887157066305,False
Génépi,1,7.579777154551656e-06,12.096887157066305,False
Hair Pomade,1,7.579777154551656e-06,12.096887157066305,False
Ham,1,7.579777154551656e-06,12.096887157066305,False
Hamanasu,1,7.579777154551656e-06,12.096887157066305,False
Hawaiian Fruits,1,7.579777154551656e-06,12.096887157066305,False
Hi-Fi,1,7.579777154551656e-06,12.096887157066305,False
Himalayan Geranium,1,7.579777154551656e-06,12.096887157066305,False
Horsepower,1,7.579777154551656e-06,12.096887157066305,False
Huang Lian,1,7.579777154551656e-06,12.096887157066305,False
Ice Wine,1,7.579777154551656e-06,12.096887157066305,False
Inkstick,1,7.579777154551656e-06,12.096887157066305,False
Isabella Grape,1,7.579777154551656e-06,12.096887157066305,False
Jambu,1,7.579777154551656e-06,12.096887157066305,False
Japanese Bamboo Leaf,1,7.579777154551656e-06,12.096887157066305,False
Japanese Gardenia,1,7.579777154551656e-06,12.096887157066305,False
Jarana Flower,1,7.579777154551656e-06,12.096887157066305,False
Jin Xuan tea leaves,1,7.579777154551656e-06,12.096887157066305,False
Kabosu,1,7.579777154551656e-06,12.096887157066305,False
Kaempferia Galanga,1,7.579777154551656e-06,12.096887157066305,False
Kava Drink,1,7.579777154551656e-06,12.096887157066305,False
Keemun Tea,1,7.579777154551656e-06,12.096887157066305,False
Kenya Rosewood,1,7.579777154551656e-06,12.096887157066305,False
Kiwi Jam,1,7.579777154551656e-06,12.096887157066305,False
Kombucha,1,7.579777154551656e-06,12.096887157066305,False
Kowhai,1,7.579777154551656e-06,12.096887157066305,False
Kunafa,1,7.579777154551656e-06,12.096887157066305,False
Lace,1,7.579777154551656e-06,12.096887157066305,False
Lamduan Flower,1,7.579777154551656e-06,12.096887157066305,False
Laurissilva Forest,1,7.579777154551656e-06,12.096887157066305,False
Ledum,1,7.579777154551656e-06,12.096887157066305,False
Limnophila aromatica,1,7.579777154551656e-06,12.096887157066305,False
Lishan Tea,1,7.579777154551656e-06,12.096887157066305,False
Little Doll Strawberry,1,7.579777154551656e-06,12.096887157066305,False
Lollipop,1,7.579777154551656e-06,12.096887157066305,False
MELBATONE Melbaton,1,7.579777154551656e-06,12.096887157066305,False
Ma-Kwaen,1,7.579777154551656e-06,12.096887157066305,False
Macadamia Flower,1,7.579777154551656e-06,12.096887157066305,False
Madonna Lily,1,7.579777154551656e-06,12.096887157066305,False
Mandarin Orange Blossom,1,7.579777154551656e-06,12.096887157066305,False
Maqui Berry,1,7.579777154551656e-06,12.096887157066305,False
Mayonnaise Accord,1,7.579777154551656e-06,12.096887157066305,False
Me bsangs,1,7.579777154551656e-06,12.096887157066305,False
Mesquite,1,7.579777154551656e-06,12.096887157066305,False
Midori,1,7.579777154551656e-06,12.096887157066305,False
Millet,1,7.579777154551656e-06,12.096887157066305,False
Mimusops elengi,1,7.579777154551656e-06,12.096887157066305,False
Miswak,1,7.579777154551656e-06,12.096887157066305,False
Morning Glory Flower,1,7.579777154551656e-06,12.096887157066305,False
Moss flox,1,7.579777154551656e-06,12.096887157066305,False
Moxalone,1,7.579777154551656e-06,12.096887157066305,False
Mulberry plant,1,7.579777154551656e-06,12.096887157066305,False
Nalca,1,7.579777154551656e-06,12.096887157066305,False
Naswar,1,7.579777154551656e-06,12.096887157066305,False
Neem,1,7.579777154551656e-06,12.096887157066305,False
Neem tree,1,7.579777154551656e-06,12.096887157066305,False
Nemophila,1,7.579777154551656e-06,12.096887157066305,False
Obsidial ®,1,7.579777154551656e-06,12.096887157066305,False
Old Furniture,1,7.579777154551656e-06,12.096887157066305,False
Olive flower,1,7.579777154551656e-06,12.096887157066305,False
Orange Gelato,1,7.579777154551656e-06,12.096887157066305,False
Orange Jasmine,1,7.579777154551656e-06,12.096887157066305,False
Orange Marmalade,1,7.579777154551656e-06,12.096887157066305,False
Orchid Black Diamond,1,7.579777154551656e-06,12.096887157066305,False
Ornithogalum,1,7.579777154551656e-06,12.096887157066305,False
Oud Butter,1,7.579777154551656e-06,12.096887157066305,False
Oud Sumatra,1,7.579777154551656e-06,12.096887157066305,False
Ouzo,1,7.579777154551656e-06,12.096887157066305,False
Palo Verde Tree,1,7.579777154551656e-06,12.096887157066305,False
Pan Di Spagna,1,7.579777154551656e-06,12.096887157066305,False
Pandoro,1,7.579777154551656e-06,12.096887157066305,False
Papaya Blossom,1,7.579777154551656e-06,12.096887157066305,False
Paper Mulberry,1,7.579777154551656e-06,12.096887157066305,False
Paprika Leaf,1,7.579777154551656e-06,12.096887157066305,False
Paraguayan Green Sandalwood,1,7.579777154551656e-06,12.096887157066305,False
Pear Juice,1,7.579777154551656e-06,12.096887157066305,False
Pharaone®,1,7.579777154551656e-06,12.096887157066305,False
Phoebe zhennan,1,7.579777154551656e-06,12.096887157066305,False
Pikul Flower,1,7.579777154551656e-06,12.096887157066305,False
Pinesap,1,7.579777154551656e-06,12.096887157066305,False
Pinwheel Flower,1,7.579777154551656e-06,12.096887157066305,False
Pistachio Liquer,1,7.579777154551656e-06,12.096887157066305,False
Pitahaya Flower,1,7.579777154551656e-06,12.096887157066305,False
Pizza,1,7.579777154551656e-06,12.096887157066305,False
Plasma,1,7.579777154551656e-06,12.096887157066305,False
Plum Brandy,1,7.579777154551656e-06,12.096887157066305,False
Poivrol,1,7.579777154551656e-06,12.096887157066305,False
Pokan,1,7.579777154551656e-06,12.096887157066305,False
Porcelain clay,1,7.579777154551656e-06,12.096887157066305,False
Portlandia,1,7.579777154551656e-06,12.096887157066305,False
Priest’s Clothes,1,7.579777154551656e-06,12.096887157066305,False
Profiterole,1,7.579777154551656e-06,12.096887157066305,False
Protea,1,7.579777154551656e-06,12.096887157066305,False
Pua keni keni (Pua-lulu),1,7.579777154551656e-06,12.096887157066305,False
Pumpkin Pie,1,7.579777154551656e-06,12.096887157066305,False
Purslane,1,7.579777154551656e-06,12.096887157066305,False
Quandong Desert Peach,1,7.579777154551656e-06,12.096887157066305,False
Raspberry leaf,1,7.579777154551656e-06,12.096887157066305,False
Ravello Rose,1,7.579777154551656e-06,12.096887157066305,False
Red Lantern,1,7.579777154551656e-06,12.096887157066305,False
Red Nectarine,1,7.579777154551656e-06,12.096887157066305,False
Rhizoma Atractylodis,1,7.579777154551656e-06,12.096887157066305,False
Ricotta,1,7.579777154551656e-06,12.096887157066305,False
Rocket fuel,1,7.579777154551656e-06,12.096887157066305,False
Root Beer,1,7.579777154551656e-06,12.096887157066305,False
Rose Juliette Greco,1,7.579777154551656e-06,12.096887157066305,False
Roseroot,1,7.579777154551656e-06,12.096887157066305,False
Sabah Snake Grass,1,7.579777154551656e-06,12.096887157066305,False
Sacher Torte,1,7.579777154551656e-06,12.096887157066305,False
Safrole,1,7.579777154551656e-06,12.096887157066305,False
Sainfoins,1,7.579777154551656e-06,12.096887157066305,False
Salmiak salt,1,7.579777154551656e-06,12.096887157066305,False
Saman,1,7.579777154551656e-06,12.096887157066305,False
Sansevieria,1,7.579777154551656e-06,12.096887157066305,False
Santamanol™,1,7.579777154551656e-06,12.096887157066305,False
Santol,1,7.579777154551656e-06,12.096887157066305,False
Scone,1,7.579777154551656e-06,12.096887157066305,False
Sea Shells,1,7.579777154551656e-06,12.096887157066305,False
Sea cucumber,1,7.579777154551656e-06,12.096887157066305,False
Selaginella tamariscina,1,7.579777154551656e-06,12.096887157066305,False
Senecio,1,7.579777154551656e-06,12.096887157066305,False
Serrano Pepper,1,7.579777154551656e-06,12.096887157066305,False
Sex on the beach,1,7.579777154551656e-06,12.096887157066305,False
Shiikuwasha,1,7.579777154551656e-06,12.096887157066305,False
Siam Cardamom,1,7.579777154551656e-06,12.096887157066305,False
Silverberry,1,7.579777154551656e-06,12.096887157066305,False
Siriuba Tree,1,7.579777154551656e-06,12.096887157066305,False
Sisal Rope,1,7.579777154551656e-06,12.096887157066305,False
Skeleton Flower,1,7.579777154551656e-06,12.096887157066305,False
Snake Plant,1,7.579777154551656e-06,12.096887157066305,False
Snakeroot,1,7.579777154551656e-06,12.096887157066305,False
Soapwort,1,7.579777154551656e-06,12.096887157066305,False
Solomon's Seal,1,7.579777154551656e-06,12.096887157066305,False
Sorghum,1,7.579777154551656e-06,12.096887157066305,False
Sour Cream,1,7.579777154551656e-06,12.096887157066305,False
Sour Milk,1,7.579777154551656e-06,12.096887157066305,False
Spiranol,1,7.579777154551656e-06,12.096887157066305,False
Star Magnolia,1,7.579777154551656e-06,12.096887157066305,False
Starburst Candy,1,7.579777154551656e-06,12.096887157066305,False
Strawberry Plant,1,7.579777154551656e-06,12.096887157066305,False
Strawberry Yogurt,1,7.579777154551656e-06,12.096887157066305,False
Sublimolide™,1,7.579777154551656e-06,12.096887157066305,False
Sugar Candy,1,7.579777154551656e-06,12.096887157066305,False
SugarLoaf Pineapple,1,7.579777154551656e-06,12.096887157066305,False
Swartzia,1,7.579777154551656e-06,12.096887157066305,False
Tanghulu,1,7.579777154551656e-06,12.096887157066305,False
Terebinth Tree,1,7.579777154551656e-06,12.096887157066305,False
Thai Tea,1,7.579777154551656e-06,12.096887157066305,False
Tibetan Moss,1,7.579777154551656e-06,12.096887157066305,False
Tieguanyin Tea,1,7.579777154551656e-06,12.096887157066305,False
Tomato Sauce,1,7.579777154551656e-06,12.096887157066305,False
Toothpaste,1,7.579777154551656e-06,12.096887157066305,False
Tres Leches,1,7.579777154551656e-06,12.096887157066305,False
Triple Sec,1,7.579777154551656e-06,12.096887157066305,False
Tropical Notes,1,7.579777154551656e-06,12.096887157066305,False
Tropézienne Tarte,1,7.579777154551656e-06,12.096887157066305,False
Tucumã,1,7.579777154551656e-06,12.096887157066305,False
Tupig,1,7.579777154551656e-06,12.096887157066305,False
Tussilago farfara,1,7.579777154551656e-06,12.096887157066305,False
Ube,1,7.579777154551656e-06,12.096887157066305,False
Umami,1,7.579777154551656e-06,12.096887157066305,False
Vanilla Macaroon,1,7.579777154551656e-06,12.096887157066305,False
Waratah,1,7.579777154551656e-06,12.096887157066305,False
Western Honey Bee,1,7.579777154551656e-06,12.096887157066305,False
Western redcedar,1,7.579777154551656e-06,12.096887157066305,False
White Lace Flower,1,7.579777154551656e-06,12.096887157066305,False
White Meranti,1,7.579777154551656e-06,12.096887157066305,False
White Mulberry,1,7.579777154551656e-06,12.096887157066305,False
Whoopie Pie,1,7.579777154551656e-06,12.096887157066305,False
Wild garlic leaf,1,7.579777154551656e-06,12.096887157066305,False
Winter Tea,1,7.579777154551656e-06,12.096887157066305,False
Wintermelon,1,7.579777154551656e-06,12.096887157066305,False
Wisteria Petals,1,7.579777154551656e-06,12.096887157066305,False
Yellow Bells,1,7.579777154551656e-06,12.096887157066305,False
Yellow Cherry,1,7.579777154551656e-06,12.096887157066305,False
Yellow Poppy,1,7.579777154551656e-06,12.096887157066305,False
Yohimbe,1,7.579777154551656e-06,12.096887157066305,False
Yuca Cassava,1,7.579777154551656e-06,12.096887157066305,False
Yunnan Osmanthus,1,7.579777154551656e-06,12.096887157066305,False
Z-11 HD,1,7.579777154551656e-06,12.096887157066305,False
Zucchini,1,7.579777154551656e-06,12.096887157066305,False
deadnettle,1,7.579777154551656e-06,12.096887157066305,False
hassaku,1,7.579777154551656e-06,12.096887157066305,False
peyote,1,7.579777154551656e-06,12.096887157066305,False
