note,accord,note_frequency,accord_frequency,cooccurrence_count,p_accord_given_note,lift,p_rank,lift_rank,selected_by
Absinthe,aromatic,236,54606,215,0.9110169491525424,2.201048714458025,1.0,,P_TOP5
Absinthe,woody,236,81432,164,0.6949152542372882,1.1258494141311208,2.0,,P_TOP5
Absinthe,fresh spicy,236,47271,115,0.4872881355932203,1.3599865399253994,3.0,,P_TOP5
Absinthe,amber,236,45478,95,0.4025423728813559,1.1677605711385128,4.0,,P_TOP5
Absinthe,warm spicy,236,45319,94,0.3983050847457627,1.1595222716853522,5.0,,P_TOP5
Absinthe,bitter,236,1034,84,0.3559322033898305,45.41405763367538,,1.0,LIFT_TOP5
Absinthe,anis,236,1418,20,0.0847457627118644,7.884702732423323,,2.0,LIFT_TOP5
Absinthe,herbal,236,8607,39,0.1652542372881356,2.533053505916548,,3.0,LIFT_TOP5
Absinthe,lavender,236,8336,37,0.15677966101694915,2.481278872116855,,4.0,LIFT_TOP5
Absinthe,smoky,236,7407,32,0.13559322033898305,2.4151226622548987,,5.0,LIFT_TOP5
Acai Berry,fruity,56,43222,51,0.9107142857142857,2.7798467381029504,1.0,2.0,P_AND_LIFT_TOP5
Acai Berry,sweet,56,60625,34,0.6071428571428571,1.3212430044182621,2.0,4.0,P_AND_LIFT_TOP5
Acai Berry,green,56,29755,27,0.48214285714285715,2.1377619607749,3.0,3.0,P_AND_LIFT_TOP5
Acai Berry,woody,56,81432,26,0.4642857142857143,0.7522007845283707,4.0,,P_TOP5
Acai Berry,citrus,56,59969,25,0.44642857142857145,0.9821294573624945,5.0,,P_TOP5
Acai Berry,tropical,56,6512,21,0.375,7.5973203316953315,,1.0,LIFT_TOP5
Acai Berry,floral,56,46586,24,0.42857142857142855,1.2137000079729656,,5.0,LIFT_TOP5
Acácia,floral,180,46586,154,0.8555555555555555,2.422904830731216,1.0,3.0,P_AND_LIFT_TOP5
Acácia,powdery,180,62885,100,0.5555555555555556,1.1655314374563799,2.0,5.0,P_AND_LIFT_TOP5
Acácia,woody,180,81432,95,0.5277777777777778,0.8550658490792591,3.0,,P_TOP5
Acácia,sweet,180,60625,93,0.5166666666666667,1.1243518900343643,4.0,,P_TOP5
Acácia,citrus,180,59969,66,0.36666666666666664,0.8066556609803954,5.0,,P_TOP5
Acácia,honey,180,3467,43,0.2388888888888889,9.090456045893022,,1.0,LIFT_TOP5
Acácia,yellow floral,180,6986,31,0.17222222222222222,3.2524016286541335,,2.0,LIFT_TOP5
Acácia,green,180,29755,52,0.28888888888888886,1.2808977016001046,,4.0,LIFT_TOP5
African Geranium,fresh spicy,66,47271,60,0.9090909090909091,2.537208090295607,1.0,2.0,P_AND_LIFT_TOP5
African Geranium,aromatic,66,54606,56,0.8484848484848485,2.04996897887789,2.0,3.0,P_AND_LIFT_TOP5
African Geranium,woody,66,81432,50,0.7575757575757576,1.22736724748219,3.0,5.0,P_AND_LIFT_TOP5
African Geranium,warm spicy,66,45319,34,0.5151515151515151,1.4996787085756391,4.0,4.0,P_AND_LIFT_TOP5
African Geranium,citrus,66,59969,32,0.48484848484848486,1.0666521136930849,5.0,,P_TOP5
African Geranium,herbal,66,8607,21,0.3181818181818182,4.877161295774052,,1.0,LIFT_TOP5
African Orange Flower,white floral,883,39497,758,0.8584371460928653,2.867397845001689,1.0,2.0,P_AND_LIFT_TOP5
African Orange Flower,citrus,883,59969,650,0.7361268403171007,1.619456953476548,2.0,,P_TOP5
African Orange Flower,sweet,883,60625,569,0.6443941109852774,1.402307877316085,3.0,,P_TOP5
African Orange Flower,woody,883,81432,527,0.5968289920724802,0.9669374315271921,4.0,,P_TOP5
African Orange Flower,powdery,883,62885,431,0.4881087202718007,1.0240309050720946,5.0,,P_TOP5
African Orange Flower,soapy,883,1720,85,0.09626274065685164,7.383688008638626,,1.0,LIFT_TOP5
African Orange Flower,yellow floral,883,6986,116,0.13137032842582105,2.480917181394013,,3.0,LIFT_TOP5
African Orange Flower,tuberose,883,3931,65,0.07361268403171008,2.4705472918604707,,4.0,LIFT_TOP5
African Orange Flower,honey,883,3467,42,0.04756511891279728,1.8099988861163385,,5.0,LIFT_TOP5
Agarwood,oud,1249,8298,852,0.6821457165732586,10.84544280399012,1.0,1.0,P_AND_LIFT_TOP5
Agarwood,woody,1249,81432,846,0.677341873498799,1.097378344762459,2.0,,P_TOP5
Agarwood,warm spicy,1249,45319,761,0.6092874299439551,1.773721631821223,3.0,,P_TOP5
Agarwood,amber,1249,45478,724,0.5796637309847879,1.6815830957566968,4.0,,P_TOP5
Agarwood,fresh spicy,1249,47271,602,0.4819855884707766,1.3451875079213378,5.0,,P_TOP5
Agarwood,metallic,1249,2235,96,0.07686148919135308,4.537063207613071,,2.0,LIFT_TOP5
Agarwood,leather,1249,10809,306,0.24499599679743794,2.990315649688777,,3.0,LIFT_TOP5
Agarwood,smoky,1249,7407,182,0.14571657325860687,2.5954350627795337,,4.0,LIFT_TOP5
Agarwood,tobacco,1249,4372,94,0.07526020816653323,2.2710611306977877,,5.0,LIFT_TOP5
Agarwood (Oud),oud,5939,8298,4409,0.7423808722007071,11.803122254692612,1.0,1.0,P_AND_LIFT_TOP5
Agarwood (Oud),woody,5939,81432,4054,0.6826064994106752,1.1059076955895764,2.0,,P_TOP5
Agarwood (Oud),warm spicy,5939,45319,3512,0.5913453443340629,1.7214896903725354,3.0,,P_TOP5
Agarwood (Oud),amber,5939,45478,3189,0.5369590840208789,1.5576984905860978,4.0,,P_TOP5
Agarwood (Oud),fresh spicy,5939,47271,3060,0.5152382555985856,1.4379933375879799,5.0,,P_TOP5
Agarwood (Oud),metallic,5939,2235,373,0.06280518605825897,3.7073325264725305,,2.0,LIFT_TOP5
Agarwood (Oud),cannabis,5939,388,49,0.00825054723017343,2.805398701228816,,3.0,LIFT_TOP5
Agarwood (Oud),leather,5939,10809,1224,0.20609530223943426,2.5155105212738054,,4.0,LIFT_TOP5
Agarwood (Oud),smoky,5939,7407,837,0.1409328169725543,2.510229045928053,,5.0,LIFT_TOP5
Agave,woody,78,81432,54,0.6923076923076923,1.1216248384683398,1.0,,P_TOP5
Agave,green,78,29755,53,0.6794871794871795,3.012762345479536,2.0,2.0,P_AND_LIFT_TOP5
Agave,sweet,78,60625,42,0.5384615384615384,1.1717811260904045,3.0,4.0,P_AND_LIFT_TOP5
Agave,citrus,78,59969,40,0.5128205128205128,1.1281897356369166,4.0,5.0,P_AND_LIFT_TOP5
Agave,powdery,78,62885,33,0.4230769230769231,0.8875970177552431,5.0,,P_TOP5
Agave,aquatic,78,8872,27,0.34615384615384615,5.147438787542485,,1.0,LIFT_TOP5
Agave,white floral,78,39497,30,0.38461538461538464,1.2847129577514165,,3.0,LIFT_TOP5
Airy Note,woody,77,81432,46,0.5974025974025974,0.9678667437288127,1.0,5.0,P_AND_LIFT_TOP5
Airy Note,aromatic,77,54606,34,0.44155844155844154,1.0668205910486979,2.0,4.0,P_AND_LIFT_TOP5
Airy Note,powdery,77,62885,33,0.42857142857142855,0.8991242517520645,3.0,,P_TOP5
Airy Note,sweet,77,60625,31,0.4025974025974026,0.8761183558709332,4.0,,P_TOP5
Airy Note,musky,77,41154,26,0.33766233766233766,1.0824656705980513,5.0,3.0,P_AND_LIFT_TOP5
Airy Note,green,77,29755,24,0.3116883116883117,1.381987530197915,,1.0,LIFT_TOP5
Airy Note,fresh,77,33478,25,0.3246753246753247,1.279479526387944,,2.0,LIFT_TOP5
Akigalawood,woody,443,81432,399,0.9006772009029346,1.4592094399637017,1.0,5.0,P_AND_LIFT_TOP5
Akigalawood,warm spicy,443,45319,298,0.672686230248307,1.9582844801663573,2.0,4.0,P_AND_LIFT_TOP5
Akigalawood,oud,443,8298,267,0.6027088036117382,9.582474386659028,3.0,1.0,P_AND_LIFT_TOP5
Akigalawood,amber,443,45478,211,0.4762979683972912,1.3817228323728974,4.0,,P_TOP5
Akigalawood,citrus,443,59969,199,0.4492099322799097,0.9882483677514797,5.0,,P_TOP5
Akigalawood,metallic,443,2235,23,0.05191873589164785,3.0647153584720814,,2.0,LIFT_TOP5
Akigalawood,leather,443,10809,80,0.18058690744920994,2.2041660375404075,,3.0,LIFT_TOP5
Aldehydes,woody,3019,81432,1994,0.6604836038423318,1.0700658445687057,1.0,,P_TOP5
Aldehydes,aldehydic,3019,3556,1892,0.6266975819807883,23.250903259484083,2.0,1.0,P_AND_LIFT_TOP5
Aldehydes,fresh,3019,33478,1830,0.606160980457105,2.388757337705534,3.0,3.0,P_AND_LIFT_TOP5
Aldehydes,powdery,3019,62885,1599,0.5296455780059622,1.1111734293762678,4.0,,P_TOP5
Aldehydes,floral,3019,46586,1299,0.43027492547201057,1.218524254443875,5.0,,P_TOP5
Aldehydes,soapy,3019,1720,324,0.10732030473666777,8.231841746458477,,2.0,LIFT_TOP5
Aldehydes,yellow floral,3019,6986,334,0.11063265982113282,2.0892881205556906,,4.0,LIFT_TOP5
Aldehydes,mossy,3019,6173,269,0.08910235177210997,1.9043047577020036,,5.0,LIFT_TOP5
Algae,marine,108,4326,82,0.7592592592592593,23.155125768394377,1.0,1.0,P_AND_LIFT_TOP5
Algae,aromatic,108,54606,79,0.7314814814814815,1.7672847645286571,2.0,5.0,P_AND_LIFT_TOP5
Algae,woody,108,81432,78,0.7222222222222222,1.1700901092663545,3.0,,P_TOP5
Algae,aquatic,108,8872,65,0.6018518518518519,8.949764970109875,4.0,3.0,P_AND_LIFT_TOP5
Algae,citrus,108,59969,49,0.4537037037037037,0.9981345300009944,5.0,,P_TOP5
Algae,salty,108,2520,38,0.35185185185185186,18.420561434450324,,2.0,LIFT_TOP5
Algae,ozonic,108,5777,20,0.18518518518518517,4.229094942267869,,4.0,LIFT_TOP5
Allspice,fresh spicy,169,47271,142,0.8402366863905325,2.345040850320555,1.0,2.0,P_AND_LIFT_TOP5
Allspice,woody,169,81432,123,0.727810650887574,1.1791440609538957,2.0,,P_TOP5
Allspice,aromatic,169,54606,105,0.621301775147929,1.5010867522848454,3.0,,P_TOP5
Allspice,warm spicy,169,45319,100,0.591715976331361,1.7225686523841315,4.0,5.0,P_AND_LIFT_TOP5
Allspice,amber,169,45478,77,0.4556213017751479,1.3217405854082251,5.0,,P_TOP5
Allspice,herbal,169,8607,34,0.20118343195266272,3.0837841498216325,,1.0,LIFT_TOP5
Allspice,balsamic,169,18162,41,0.24260355029585798,1.7622886461035427,,3.0,LIFT_TOP5
Allspice,leather,169,10809,24,0.14201183431952663,1.7333353040776343,,4.0,LIFT_TOP5
Almond,sweet,2713,60625,2260,0.8330261702911905,1.8128023529322355,1.0,,P_TOP5
Almond,almond,2713,3438,1867,0.6881680796166605,26.407799518274004,2.0,1.0,P_AND_LIFT_TOP5
Almond,vanilla,2713,34562,1561,0.5753778105418356,2.196331072993009,3.0,,P_TOP5
Almond,fruity,2713,43222,1457,0.537043862882418,1.6392623393197308,4.0,,P_TOP5
Almond,powdery,2713,62885,1375,0.5068190195355695,1.0632843006651456,5.0,,P_TOP5
Almond,nutty,2713,3619,1144,0.42167342425359383,15.3720295279847,,2.0,LIFT_TOP5
Almond,cherry,2713,1803,248,0.09141172134168817,6.688823292628353,,3.0,LIFT_TOP5
Almond,cacao,2713,2035,156,0.05750092148912643,3.7278115833220884,,4.0,LIFT_TOP5
Almond,coffee,2713,1815,121,0.044600073719130114,3.241921611991645,,5.0,LIFT_TOP5
Almond Blossom,floral,275,46586,252,0.9163636363636364,2.5951112897749224,1.0,3.0,P_AND_LIFT_TOP5
Almond Blossom,sweet,275,60625,248,0.9018181818181819,1.9625051171508903,2.0,,P_TOP5
Almond Blossom,powdery,275,62885,169,0.6145454545454545,1.2892896846335664,3.0,,P_TOP5
Almond Blossom,vanilla,275,34562,149,0.5418181818181819,2.0682273227033368,4.0,5.0,P_AND_LIFT_TOP5
Almond Blossom,woody,275,81432,127,0.4618181818181818,0.7482030740651431,5.0,,P_TOP5
Almond Blossom,almond,275,3438,81,0.29454545454545455,11.30290337934317,,1.0,LIFT_TOP5
Almond Blossom,nutty,275,3619,44,0.16,5.832771483835313,,2.0,LIFT_TOP5
Almond Blossom,lactonic,275,7015,33,0.12,2.2568210976478973,,4.0,LIFT_TOP5
Almond Milk,sweet,197,60625,168,0.8527918781725888,1.8558157936051076,1.0,,P_TOP5
Almond Milk,almond,197,3438,157,0.7969543147208121,30.58236845291354,2.0,1.0,P_AND_LIFT_TOP5
Almond Milk,fruity,197,43222,113,0.5736040609137056,1.7508579833498028,3.0,,P_TOP5
Almond Milk,nutty,197,3619,110,0.5583756345177665,20.355484239272986,4.0,2.0,P_AND_LIFT_TOP5
Almond Milk,vanilla,197,34562,103,0.5228426395939086,1.9957939193803704,5.0,5.0,P_AND_LIFT_TOP5
Almond Milk,coconut,197,3269,23,0.116751269035533,4.711836929904518,,3.0,LIFT_TOP5
Almond Milk,lactonic,197,7015,33,0.16751269035532995,3.150384780980567,,4.0,LIFT_TOP5
Aloe Vera,green,158,29755,132,0.8354430379746836,3.7042513863216264,1.0,4.0,P_AND_LIFT_TOP5
Aloe Vera,woody,158,81432,114,0.7215189873417721,1.1689507810197466,2.0,,P_TOP5
Aloe Vera,aquatic,158,8872,89,0.5632911392405063,8.376352569882778,3.0,2.0,P_AND_LIFT_TOP5
Aloe Vera,sweet,158,60625,80,0.5063291139240507,1.1018556701030928,4.0,,P_TOP5
Aloe Vera,powdery,158,62885,60,0.379746835443038,0.7966923749701836,5.0,,P_TOP5
Aloe Vera,bitter,158,1034,21,0.13291139240506328,16.958413926499034,,1.0,LIFT_TOP5
Aloe Vera,coconut,158,3269,22,0.13924050632911392,5.619455490975834,,3.0,LIFT_TOP5
Aloe Vera,herbal,158,8607,38,0.24050632911392406,3.686534216335541,,5.0,LIFT_TOP5
Amalfi Lemon,citrus,1325,59969,1166,0.88,1.935973586352949,1.0,2.0,P_AND_LIFT_TOP5
Amalfi Lemon,aromatic,1325,54606,952,0.7184905660377359,1.7358982598498056,2.0,5.0,P_AND_LIFT_TOP5
Amalfi Lemon,woody,1325,81432,921,0.6950943396226416,1.1261395547992816,3.0,,P_TOP5
Amalfi Lemon,fresh spicy,1325,47271,656,0.4950943396226415,1.3817731003451397,4.0,,P_TOP5
Amalfi Lemon,powdery,1325,62885,599,0.4520754716981132,0.9484347138607311,5.0,,P_TOP5
Amalfi Lemon,lavender,1325,8336,175,0.1320754716981132,2.090297142650201,,1.0,LIFT_TOP5
Amalfi Lemon,herbal,1325,8607,156,0.11773584905660377,1.804681139309601,,3.0,LIFT_TOP5
Amalfi Lemon,mossy,1325,6173,109,0.08226415094339623,1.7581580161934658,,4.0,LIFT_TOP5
Amaretto,fruity,118,43222,110,0.9322033898305084,2.845439665455994,1.0,3.0,P_AND_LIFT_TOP5
Amaretto,almond,118,3438,106,0.8983050847457628,34.471608444010606,2.0,1.0,P_AND_LIFT_TOP5
Amaretto,sweet,118,60625,89,0.7542372881355932,1.6413447492573825,3.0,5.0,P_AND_LIFT_TOP5
Amaretto,vanilla,118,34562,63,0.5338983050847458,2.037995584452014,4.0,4.0,P_AND_LIFT_TOP5
Amaretto,amber,118,45478,57,0.4830508474576271,1.4013126853662154,5.0,,P_TOP5
Amaretto,nutty,118,3619,21,0.17796610169491525,6.487722519096482,,2.0,LIFT_TOP5
Amaryllis,floral,74,46586,62,0.8378378378378378,2.3727288444156174,1.0,1.0,P_AND_LIFT_TOP5
Amaryllis,fresh,74,33478,42,0.5675675675675675,2.236668534237087,2.0,2.0,P_AND_LIFT_TOP5
Amaryllis,citrus,74,59969,35,0.47297297297297297,1.0405263440164807,3.0,,P_TOP5
Amaryllis,powdery,74,62885,35,0.47297297297297297,0.992276764320972,4.0,,P_TOP5
Amaryllis,sweet,74,60625,33,0.44594594594594594,0.970451936472555,5.0,,P_TOP5
Amaryllis,green,74,29755,28,0.3783783783783784,1.6776830603078292,,3.0,LIFT_TOP5
Amaryllis,white floral,74,39497,30,0.40540540540540543,1.3541569014136552,,4.0,LIFT_TOP5
Amaryllis,fruity,74,43222,32,0.43243243243243246,1.319948424663616,,5.0,LIFT_TOP5
Amber,amber,36671,45478,24418,0.665866761200949,1.9316549057839218,1.0,1.0,P_AND_LIFT_TOP5
Amber,woody,36671,81432,24304,0.6627580376864552,1.0737507111697373,2.0,,P_TOP5
Amber,powdery,36671,62885,20646,0.5630061901775245,1.18116254544201,3.0,,P_TOP5
Amber,citrus,36671,59969,17549,0.4785525347004445,1.0528012123435382,4.0,,P_TOP5
Amber,sweet,36671,60625,15476,0.422022851844782,0.9183913376310447,5.0,,P_TOP5
Amber,animalic,36671,18242,6327,0.17253415505440267,1.2478034796802622,,2.0,LIFT_TOP5
Amber,oud,36671,8298,2860,0.07799078290747458,1.2399763785229116,,3.0,LIFT_TOP5
Amber,cinnamon,36671,4259,1424,0.038831774426658666,1.2028823667783701,,4.0,LIFT_TOP5
Amber,leather,36671,10809,3594,0.09800659922009217,1.1962263516612786,,5.0,LIFT_TOP5
Amber Xtreme,woody,109,81432,102,0.9357798165137615,1.516080056889927,1.0,3.0,P_AND_LIFT_TOP5
Amber Xtreme,amber,109,45478,93,0.8532110091743119,2.4751336567212054,2.0,2.0,P_AND_LIFT_TOP5
Amber Xtreme,balsamic,109,18162,56,0.5137614678899083,3.7319981532163635,3.0,1.0,P_AND_LIFT_TOP5
Amber Xtreme,warm spicy,109,45319,45,0.41284403669724773,1.2018472111359009,4.0,4.0,P_AND_LIFT_TOP5
Amber Xtreme,sweet,109,60625,44,0.4036697247706422,0.8784519057977869,5.0,,P_TOP5
Amber Xtreme,vanilla,109,34562,32,0.29357798165137616,1.1206453075419842,,5.0,LIFT_TOP5
Ambergris,amber,6452,45478,4675,0.7245815251084935,2.101984269483345,1.0,4.0,P_AND_LIFT_TOP5
Ambergris,woody,6452,81432,4461,0.6914135151890887,1.1201761599726945,2.0,,P_TOP5
Ambergris,citrus,6452,59969,2903,0.4499380037197768,0.9898501030657533,3.0,,P_TOP5
Ambergris,aromatic,6452,54606,2897,0.449008059516429,1.0848191277882007,4.0,,P_TOP5
Ambergris,animalic,6452,18242,2657,0.41181029138251707,2.9782990758741077,5.0,1.0,P_AND_LIFT_TOP5
Ambergris,salty,6452,2520,343,0.05316181029138252,2.7831895364055934,,2.0,LIFT_TOP5
Ambergris,marine,6452,4326,525,0.08137011779293242,2.4815440685209373,,3.0,LIFT_TOP5
Ambergris,balsamic,6452,18162,1626,0.25201487910725356,1.8306531769970247,,5.0,LIFT_TOP5
Amberwood,woody,1757,81432,1517,0.8634035287421742,1.3988214405510737,1.0,5.0,P_AND_LIFT_TOP5
Amberwood,amber,1757,45478,1327,0.755264655663062,2.1909948991078716,2.0,2.0,P_AND_LIFT_TOP5
Amberwood,warm spicy,1757,45319,989,0.5628912919749574,1.6386559312927496,3.0,3.0,P_AND_LIFT_TOP5
Amberwood,aromatic,1757,54606,824,0.46898121798520204,1.1330749750721112,4.0,,P_TOP5
Amberwood,citrus,1757,59969,814,0.4632896983494593,1.0192234304931576,5.0,,P_TOP5
Amberwood,metallic,1757,2235,91,0.05179282868525897,3.0572831715643023,,1.0,LIFT_TOP5
Amberwood,marine,1757,4326,88,0.05008537279453614,1.527453359404335,,4.0,LIFT_TOP5
Ambrarome,woody,57,81432,50,0.8771929824561403,1.4211620760320094,1.0,4.0,P_AND_LIFT_TOP5
Ambrarome,amber,57,45478,49,0.8596491228070176,2.4938103868228554,2.0,2.0,P_AND_LIFT_TOP5
Ambrarome,balsamic,57,18162,43,0.7543859649122807,5.479910822094328,3.0,1.0,P_AND_LIFT_TOP5
Ambrarome,warm spicy,57,45319,43,0.7543859649122807,2.1961239292764003,4.0,3.0,P_AND_LIFT_TOP5
Ambrarome,aromatic,57,54606,27,0.47368421052631576,1.144437569035213,5.0,,P_TOP5
Ambrarome,fresh spicy,57,47271,24,0.42105263157894735,1.1751279576105969,,5.0,LIFT_TOP5
Ambrette,musky,1062,41154,798,0.751412429378531,2.4088507024325607,1.0,2.0,P_AND_LIFT_TOP5
Ambrette,floral,1062,46586,737,0.6939736346516008,1.9653102137892433,2.0,3.0,P_AND_LIFT_TOP5
Ambrette,woody,1062,81432,596,0.5612052730696798,0.9092225620896314,3.0,,P_TOP5
Ambrette,aromatic,1062,54606,568,0.5348399246704332,1.2921919067825924,4.0,,P_TOP5
Ambrette,powdery,1062,62885,546,0.5141242937853108,1.0786104489003108,5.0,,P_TOP5
Ambrette,iris,1062,7451,163,0.1534839924670433,2.7176410047211146,,1.0,LIFT_TOP5
Ambrette,violet,1062,7614,106,0.09981167608286252,1.7294660396128254,,4.0,LIFT_TOP5
Ambrette,salty,1062,2520,31,0.02919020715630885,1.528200011957074,,5.0,LIFT_TOP5
Ambrette (Musk Mallow),floral,1192,46586,891,0.74748322147651,2.1168475810199623,1.0,3.0,P_AND_LIFT_TOP5
Ambrette (Musk Mallow),musky,1192,41154,826,0.6929530201342282,2.2214436493732985,2.0,2.0,P_AND_LIFT_TOP5
Ambrette (Musk Mallow),woody,1192,81432,756,0.6342281879194631,1.0275287949726737,3.0,,P_TOP5
Ambrette (Musk Mallow),aromatic,1192,54606,622,0.5218120805369127,1.260716181101617,4.0,,P_TOP5
Ambrette (Musk Mallow),powdery,1192,62885,582,0.48825503355704697,1.0243378639927043,5.0,,P_TOP5
Ambrette (Musk Mallow),iris,1192,7451,205,0.17197986577181207,3.045135376630676,,1.0,LIFT_TOP5
Ambrette (Musk Mallow),yellow floral,1192,6986,103,0.08640939597315436,1.6318338979012676,,4.0,LIFT_TOP5
Ambrette (Musk Mallow),violet,1192,7614,109,0.09144295302013423,1.5844587328534685,,5.0,LIFT_TOP5
Ambrettolide,amber,131,45478,96,0.732824427480916,2.1258966251276936,1.0,3.0,P_AND_LIFT_TOP5
Ambrettolide,musky,131,41154,94,0.7175572519083969,2.3003190028739566,2.0,1.0,P_AND_LIFT_TOP5
Ambrettolide,woody,131,81432,88,0.6717557251908397,1.088328087538406,3.0,4.0,P_AND_LIFT_TOP5
Ambrettolide,sweet,131,60625,58,0.44274809160305345,0.9634928779412922,4.0,,P_TOP5
Ambrettolide,aromatic,131,54606,57,0.4351145038167939,1.051251812777893,5.0,5.0,P_AND_LIFT_TOP5
Ambrettolide,balsamic,131,18162,41,0.31297709923664124,2.273486879324418,,2.0,LIFT_TOP5
Ambrocenide,woody,87,81432,79,0.9080459770114943,1.4711477766372734,1.0,2.0,P_AND_LIFT_TOP5
Ambrocenide,amber,87,45478,75,0.8620689655172413,2.5008302612403726,2.0,1.0,P_AND_LIFT_TOP5
Ambrocenide,aromatic,87,54606,46,0.5287356321839081,1.277443723290902,3.0,5.0,P_AND_LIFT_TOP5
Ambrocenide,fresh spicy,87,47271,44,0.5057471264367817,1.4115042709230734,4.0,3.0,P_AND_LIFT_TOP5
Ambrocenide,musky,87,41154,38,0.4367816091954023,1.4002186349115378,5.0,4.0,P_AND_LIFT_TOP5
Ambrofix™,woody,139,81432,99,0.7122302158273381,1.1539018122372129,1.0,,P_TOP5
Ambrofix™,citrus,139,59969,89,0.6402877697841727,1.4086138749624957,2.0,4.0,P_AND_LIFT_TOP5
Ambrofix™,sweet,139,60625,82,0.5899280575539568,1.2837807609582437,3.0,,P_TOP5
Ambrofix™,fresh spicy,139,47271,78,0.5611510791366906,1.5661327636500941,4.0,3.0,P_AND_LIFT_TOP5
Ambrofix™,white floral,139,39497,67,0.48201438848920863,1.61005033985825,5.0,2.0,P_AND_LIFT_TOP5
Ambrofix™,oud,139,8298,28,0.2014388489208633,3.202678638000662,,1.0,LIFT_TOP5
Ambrofix™,patchouli,139,14822,21,0.1510791366906475,1.3447490557007908,,5.0,LIFT_TOP5
Ambrox Super,woody,132,81432,88,0.6666666666666666,1.0800831777843272,1.0,,P_TOP5
Ambrox Super,musky,132,41154,68,0.5151515151515151,1.6514540359124117,2.0,1.0,P_AND_LIFT_TOP5
Ambrox Super,citrus,132,59969,64,0.48484848484848486,1.0666521136930849,3.0,,P_TOP5
Ambrox Super,powdery,132,62885,64,0.48484848484848486,1.0171910726892042,4.0,,P_TOP5
Ambrox Super,sweet,132,60625,63,0.4772727272727273,1.0386241799437677,5.0,,P_TOP5
Ambrox Super,soft spicy,132,13661,21,0.1590909090909091,1.536407557013662,,2.0,LIFT_TOP5
Ambrox Super,balsamic,132,18162,27,0.20454545454545456,1.4858320569420669,,3.0,LIFT_TOP5
Ambrox Super,earthy,132,19049,28,0.21212121212121213,1.4691139437845302,,4.0,LIFT_TOP5
Ambrox Super,floral,132,46586,52,0.3939393939393939,1.115623239651918,,5.0,LIFT_TOP5
Ambroxan,amber,3051,45478,2385,0.7817109144542773,2.267714520074603,1.0,1.0,P_AND_LIFT_TOP5
Ambroxan,musky,3051,41154,2089,0.6846935431006227,2.1949657175794615,2.0,2.0,P_AND_LIFT_TOP5
Ambroxan,woody,3051,81432,2040,0.6686332350049164,1.0832692638544874,3.0,,P_TOP5
Ambroxan,citrus,3051,59969,1621,0.5313012127171419,1.1688467207019049,4.0,,P_TOP5
Ambroxan,aromatic,3051,54606,1432,0.4693543100622747,1.1339763785392796,5.0,,P_TOP5
Ambroxan,marine,3051,4326,158,0.05178629957391019,1.5793265147447924,,3.0,LIFT_TOP5
Ambroxan,salty,3051,2520,85,0.027859718125204852,1.4585446874040777,,4.0,LIFT_TOP5
Ambroxan,mineral,3051,770,23,0.0075385119632907244,1.291631017294734,,5.0,LIFT_TOP5
Amyl Salicylate,sweet,50,60625,34,0.68,1.4797921649484536,1.0,4.0,P_AND_LIFT_TOP5
Amyl Salicylate,fruity,50,43222,32,0.64,1.9535236685021518,2.0,1.0,P_AND_LIFT_TOP5
Amyl Salicylate,floral,50,46586,27,0.54,1.5292620100459366,3.0,3.0,P_AND_LIFT_TOP5
Amyl Salicylate,woody,50,81432,26,0.52,0.8424648786717752,4.0,,P_TOP5
Amyl Salicylate,citrus,50,59969,24,0.48,1.055985592556154,5.0,,P_TOP5
Amyl Salicylate,fresh,50,33478,22,0.44,1.7339506541609415,,2.0,LIFT_TOP5
Amyl Salicylate,white floral,50,39497,22,0.44,1.4697116236676204,,5.0,LIFT_TOP5
Amyris,woody,725,81432,665,0.9172413793103448,1.486045475641195,1.0,,P_TOP5
Amyris,aromatic,725,54606,543,0.7489655172413793,1.8095268045572863,2.0,5.0,P_AND_LIFT_TOP5
Amyris,warm spicy,725,45319,363,0.5006896551724138,1.4575781947284043,3.0,,P_TOP5
Amyris,balsamic,725,18162,357,0.4924137931034483,3.5769271954706494,4.0,1.0,P_AND_LIFT_TOP5
Amyris,amber,725,45478,345,0.47586206896551725,1.3804583042046856,5.0,,P_TOP5
Amyris,oud,725,8298,105,0.14482758620689656,2.302615503528062,,2.0,LIFT_TOP5
Amyris,leather,725,10809,126,0.17379310344827587,2.121243791093629,,3.0,LIFT_TOP5
Amyris,smoky,725,7407,85,0.11724137931034483,2.0882483019324685,,4.0,LIFT_TOP5
Angelica,musky,883,41154,673,0.7621744054360136,2.443351054798398,1.0,2.0,P_AND_LIFT_TOP5
Angelica,amber,883,45478,645,0.7304643261608154,2.1190500582786487,2.0,3.0,P_AND_LIFT_TOP5
Angelica,powdery,883,62885,619,0.7010192525481314,1.4707079587926368,3.0,5.0,P_AND_LIFT_TOP5
Angelica,woody,883,81432,610,0.6908267270668177,1.1192254900030119,4.0,,P_TOP5
Angelica,aromatic,883,54606,507,0.5741789354473387,1.3872363284907774,5.0,,P_TOP5
Angelica,iris,883,7451,126,0.14269535673839184,2.52661366454114,,1.0,LIFT_TOP5
Angelica,smoky,883,7407,79,0.08946772366930918,1.5935570114340434,,4.0,LIFT_TOP5
Angelica Root,aromatic,66,54606,46,0.696969696969697,1.6839030897925524,1.0,2.0,P_AND_LIFT_TOP5
Angelica Root,woody,66,81432,41,0.6212121212121212,1.0064411429353959,2.0,,P_TOP5
Angelica Root,fresh spicy,66,47271,35,0.5303030303030303,1.4800380526724375,3.0,3.0,P_AND_LIFT_TOP5
Angelica Root,powdery,66,62885,34,0.5151515151515151,1.0807655147322794,4.0,,P_TOP5
Angelica Root,musky,66,41154,28,0.42424242424242425,1.360020970751398,5.0,4.0,P_AND_LIFT_TOP5
Angelica Root,green,66,29755,26,0.3939393939393939,1.7466786840001425,,1.0,LIFT_TOP5
Angelica Root,amber,66,45478,25,0.3787878787878788,1.0988496602419817,,5.0,LIFT_TOP5
Animal notes,animalic,516,18242,428,0.8294573643410853,5.99881098988704,1.0,1.0,P_AND_LIFT_TOP5
Animal notes,woody,516,81432,348,0.6744186046511628,1.0926422845027497,2.0,,P_TOP5
Animal notes,musky,516,41154,332,0.6434108527131783,2.062623166604695,3.0,5.0,P_AND_LIFT_TOP5
Animal notes,amber,516,45478,230,0.44573643410852715,1.2930649490289368,4.0,,P_TOP5
Animal notes,warm spicy,516,45319,197,0.3817829457364341,1.111423995035366,5.0,,P_TOP5
Animal notes,smoky,516,7407,105,0.20348837209302326,3.624439169735731,,2.0,LIFT_TOP5
Animal notes,leather,516,10809,136,0.26356589147286824,3.21697178851101,,3.0,LIFT_TOP5
Animal notes,oud,516,8298,81,0.1569767441860465,2.495775109721031,,4.0,LIFT_TOP5
Anise,woody,1341,81432,835,0.6226696495152871,1.0088025206374869,1.0,,P_TOP5
Anise,sweet,1341,60625,782,0.5831469052945563,1.2690238551012092,2.0,,P_TOP5
Anise,aromatic,1341,54606,682,0.5085756897837435,1.228736599515974,3.0,,P_TOP5
Anise,anis,1341,1418,627,0.46756152125279643,43.50168652953557,4.0,1.0,P_AND_LIFT_TOP5
Anise,powdery,1341,62885,606,0.4519015659955257,0.9480698672463975,5.0,,P_TOP5
Anise,soft spicy,1341,13661,559,0.4168530947054437,4.025724967754131,,2.0,LIFT_TOP5
Anise,almond,1341,3438,71,0.0529455630126771,2.0317359302683218,,3.0,LIFT_TOP5
Anise,lavender,1341,8336,161,0.12005965697240865,1.9001284242286316,,4.0,LIFT_TOP5
Anise,tobacco,1341,4372,67,0.049962714392244596,1.5076809034237943,,5.0,LIFT_TOP5
Apple,fruity,5727,43222,4368,0.7627029858564693,2.3280598982935543,1.0,1.0,P_AND_LIFT_TOP5
Apple,woody,5727,81432,3732,0.6516500785751702,1.0557544315063145,2.0,,P_TOP5
Apple,citrus,5727,59969,3078,0.5374541644840231,1.1823830299050704,3.0,,P_TOP5
Apple,fresh,5727,33478,3044,0.5315173738431989,2.0946020410757282,4.0,2.0,P_AND_LIFT_TOP5
Apple,sweet,5727,60625,2714,0.4738955823293173,1.0312749554920715,5.0,,P_TOP5
Apple,cinnamon,5727,4259,362,0.06320935917583377,1.9580208396496241,,3.0,LIFT_TOP5
Apple,green,5727,29755,2115,0.36930330015715035,1.6374452828006334,,4.0,LIFT_TOP5
Apple,aquatic,5727,8872,600,0.10476689366160294,1.5579233860206576,,5.0,LIFT_TOP5
Apple Blossom,floral,473,46586,424,0.8964059196617337,2.538591700961072,1.0,1.0,P_AND_LIFT_TOP5
Apple Blossom,fruity,473,43222,354,0.7484143763213531,2.2844456218609994,2.0,3.0,P_AND_LIFT_TOP5
Apple Blossom,fresh,473,33478,278,0.587737843551797,2.316155496140408,3.0,2.0,P_AND_LIFT_TOP5
Apple Blossom,powdery,473,62885,266,0.5623678646934461,1.1798233662877688,4.0,,P_TOP5
Apple Blossom,sweet,473,60625,263,0.5560253699788583,1.2100029205989407,5.0,,P_TOP5
Apple Blossom,aquatic,473,8872,59,0.12473572938689217,1.8548675358445317,,4.0,LIFT_TOP5
Apple Blossom,ozonic,473,5777,37,0.07822410147991543,1.7864126204336581,,5.0,LIFT_TOP5
Apple Tree,woody,54,81432,49,0.9074074074074074,1.4701132142064455,1.0,,P_TOP5
Apple Tree,floral,54,46586,38,0.7037037037037037,1.992865445190178,2.0,3.0,P_AND_LIFT_TOP5
Apple Tree,citrus,54,59969,38,0.7037037037037037,1.5481270261239912,3.0,5.0,P_AND_LIFT_TOP5
Apple Tree,sweet,54,60625,37,0.6851851851851852,1.4910759831996945,4.0,,P_TOP5
Apple Tree,fruity,54,43222,33,0.6111111111111112,1.8653437806878184,5.0,4.0,P_AND_LIFT_TOP5
Apple Tree,fresh,54,33478,31,0.5740740740740741,2.2623093551763125,,1.0,LIFT_TOP5
Apple Tree,green,54,29755,27,0.5,2.2169383296924887,,2.0,LIFT_TOP5
Apricot,fruity,1974,43222,1655,0.8383991894630193,2.559113531670356,1.0,2.0,P_AND_LIFT_TOP5
Apricot,powdery,1974,62885,1489,0.754305977710233,1.5825011948685863,2.0,,P_TOP5
Apricot,sweet,1974,60625,1401,0.709726443768997,1.544481809920722,3.0,,P_TOP5
Apricot,floral,1974,46586,1047,0.5303951367781155,1.5020613573849821,4.0,,P_TOP5
Apricot,woody,1974,81432,1020,0.5167173252279635,0.8371465359726549,5.0,,P_TOP5
Apricot,lactonic,1974,7015,504,0.2553191489361702,4.801747016272122,,1.0,LIFT_TOP5
Apricot,honey,1974,3467,95,0.04812563323201621,1.8313281777617245,,3.0,LIFT_TOP5
Apricot,coconut,1974,3269,79,0.04002026342451875,1.615134094095062,,4.0,LIFT_TOP5
Apricot,caramel,1974,4008,95,0.04812563323201621,1.5841354272205337,,5.0,LIFT_TOP5
Apricot Blossom,floral,81,46586,75,0.9259259259259259,2.622191375250234,1.0,1.0,P_AND_LIFT_TOP5
Apricot Blossom,fruity,81,43222,69,0.8518518518518519,2.6001761791405955,2.0,2.0,P_AND_LIFT_TOP5
Apricot Blossom,sweet,81,60625,63,0.7777777777777778,1.6925727376861397,3.0,3.0,P_AND_LIFT_TOP5
Apricot Blossom,powdery,81,62885,53,0.654320987654321,1.372737026337514,4.0,5.0,P_AND_LIFT_TOP5
Apricot Blossom,woody,81,81432,44,0.5432098765432098,0.8800677744909333,5.0,,P_TOP5
Apricot Blossom,white floral,81,39497,35,0.43209876543209874,1.4433194957454183,,4.0,LIFT_TOP5
Aquatic notes,aromatic,490,54606,411,0.8387755102040816,2.026510879046707,1.0,5.0,P_AND_LIFT_TOP5
Aquatic notes,marine,490,4326,379,0.773469387755102,23.588491984866067,2.0,1.0,P_AND_LIFT_TOP5
Aquatic notes,woody,490,81432,276,0.563265306122449,0.9125600726585948,3.0,,P_TOP5
Aquatic notes,citrus,490,59969,269,0.5489795918367347,1.207738624139479,4.0,,P_TOP5
Aquatic notes,fresh spicy,490,47271,172,0.3510204081632653,0.9796730013957732,5.0,,P_TOP5
Aquatic notes,salty,490,2520,167,0.3408163265306122,17.84281665046971,,2.0,LIFT_TOP5
Aquatic notes,aquatic,490,8872,156,0.3183673469387755,4.734243020923428,,3.0,LIFT_TOP5
Aquatic notes,ozonic,490,5777,52,0.10612244897959183,2.423530326099628,,4.0,LIFT_TOP5
Aromatic Notes,woody,345,81432,243,0.7043478260869566,1.141131357398224,1.0,,P_TOP5
Aromatic Notes,warm spicy,345,45319,171,0.4956521739130435,1.4429133763840294,2.0,,P_TOP5
Aromatic Notes,aromatic,345,54606,161,0.4666666666666667,1.1274829383828395,3.0,,P_TOP5
Aromatic Notes,amber,345,45478,152,0.4405797101449275,1.278105483077978,4.0,,P_TOP5
Aromatic Notes,citrus,345,59969,144,0.41739130434782606,0.9182483413531775,5.0,,P_TOP5
Aromatic Notes,marine,345,4326,34,0.09855072463768116,3.005500948092759,,1.0,LIFT_TOP5
Aromatic Notes,lavender,345,8336,48,0.1391304347826087,2.201952766419094,,2.0,LIFT_TOP5
Aromatic Notes,smoky,345,7407,32,0.0927536231884058,1.652083908093206,,3.0,LIFT_TOP5
Aromatic Notes,mossy,345,6173,25,0.07246376811594203,1.548703211977358,,4.0,LIFT_TOP5
Aromatic Notes,animalic,345,18242,73,0.21159420289855072,1.5302940022149871,,5.0,LIFT_TOP5
Aromatic Spices,warm spicy,102,45319,85,0.8333333333333334,2.425950852107652,1.0,1.0,P_AND_LIFT_TOP5
Aromatic Spices,woody,102,81432,80,0.7843137254901961,1.2706860915109732,2.0,5.0,P_AND_LIFT_TOP5
Aromatic Spices,amber,102,45478,55,0.5392156862745098,1.5642448104621152,3.0,3.0,P_AND_LIFT_TOP5
Aromatic Spices,powdery,102,62885,54,0.5294117647058824,1.1106828992231383,4.0,,P_TOP5
Aromatic Spices,citrus,102,59969,47,0.46078431372549017,1.0137116595208178,5.0,,P_TOP5
Aromatic Spices,animalic,102,18242,27,0.2647058823529412,1.9144088947935276,,2.0,LIFT_TOP5
Aromatic Spices,musky,102,41154,41,0.4019607843137255,1.288591297917816,,4.0,LIFT_TOP5
Artemisia,aromatic,1759,54606,1492,0.8482092097782831,2.049303026151868,1.0,4.0,P_AND_LIFT_TOP5
Artemisia,woody,1759,81432,1375,0.7816941444002274,1.2664420433087975,2.0,,P_TOP5
Artemisia,fresh spicy,1759,47271,1253,0.7123365548607163,1.988080677006501,3.0,5.0,P_AND_LIFT_TOP5
Artemisia,herbal,1759,8607,1043,0.5929505400795907,9.088877048065575,4.0,1.0,P_AND_LIFT_TOP5
Artemisia,warm spicy,1759,45319,836,0.4752700397953383,1.3835781096272861,5.0,,P_TOP5
Artemisia,bitter,1759,1034,92,0.05230244457077885,6.673367033097538,,2.0,LIFT_TOP5
Artemisia,lavender,1759,8336,289,0.1642978965321205,2.600266493460012,,3.0,LIFT_TOP5
Ash,smoky,99,7407,88,0.8888888888888888,15.832470785893225,1.0,1.0,P_AND_LIFT_TOP5
Ash,woody,99,81432,88,0.8888888888888888,1.4401109037124362,2.0,,P_TOP5
Ash,amber,99,45478,50,0.5050505050505051,1.4651328803226424,3.0,5.0,P_AND_LIFT_TOP5
Ash,warm spicy,99,45319,41,0.41414141414141414,1.2056240598353178,4.0,,P_TOP5
Ash,sweet,99,60625,40,0.40404040404040403,0.8792585650317609,5.0,,P_TOP5
Ash,balsamic,99,18162,26,0.26262626262626265,1.907734986691049,,2.0,LIFT_TOP5
Ash,animalic,99,18242,24,0.24242424242424243,1.7532633649287526,,3.0,LIFT_TOP5
Ash,earthy,99,19049,23,0.23232323232323232,1.609029557478295,,4.0,LIFT_TOP5
Assam Oud,oud,54,8298,43,0.7962962962962963,12.660324219133571,1.0,1.0,P_AND_LIFT_TOP5
Assam Oud,fresh spicy,54,47271,28,0.5185185185185185,1.4471483181686053,2.0,3.0,P_AND_LIFT_TOP5
Assam Oud,woody,54,81432,28,0.5185185185185185,0.8400646938322545,3.0,,P_TOP5
Assam Oud,rose,54,25617,24,0.4444444444444444,2.2889313953841417,4.0,2.0,P_AND_LIFT_TOP5
Assam Oud,warm spicy,54,45319,22,0.4074074074074074,1.1860204165859631,5.0,5.0,P_AND_LIFT_TOP5
Assam Oud,white floral,54,39497,21,0.3888888888888889,1.2989875461708766,,4.0,LIFT_TOP5
Atlas Cedar,woody,800,81432,731,0.91375,1.4803890055506435,1.0,,P_TOP5
Atlas Cedar,aromatic,800,54606,551,0.68875,1.664044015309673,2.0,4.0,P_AND_LIFT_TOP5
Atlas Cedar,fresh spicy,800,47271,444,0.555,1.548965539125468,3.0,,P_TOP5
Atlas Cedar,amber,800,45478,403,0.50375,1.4613601631558115,4.0,,P_TOP5
Atlas Cedar,warm spicy,800,45319,397,0.49625,1.4446537324301065,5.0,,P_TOP5
Atlas Cedar,smoky,800,7407,95,0.11875,2.115119144052923,,1.0,LIFT_TOP5
Atlas Cedar,conifer,800,1828,23,0.02875,2.0749384573304157,,2.0,LIFT_TOP5
Atlas Cedar,leather,800,10809,130,0.1625,1.9834050328430013,,3.0,LIFT_TOP5
Atlas Cedar,oud,800,8298,82,0.1025,1.6296487105326585,,5.0,LIFT_TOP5
Australian Sandalwood,woody,519,81432,462,0.8901734104046243,1.442191988833408,1.0,5.0,P_AND_LIFT_TOP5
Australian Sandalwood,powdery,519,62885,347,0.6685934489402697,1.4026800305110882,2.0,,P_TOP5
Australian Sandalwood,warm spicy,519,45319,290,0.558766859344894,1.6266491262687144,3.0,4.0,P_AND_LIFT_TOP5
Australian Sandalwood,aromatic,519,54606,270,0.5202312138728323,1.2568967521195982,4.0,,P_TOP5
Australian Sandalwood,sweet,519,60625,216,0.4161849710982659,0.9056871461772242,5.0,,P_TOP5
Australian Sandalwood,balsamic,519,18162,128,0.2466281310211946,1.7915234734955514,,1.0,LIFT_TOP5
Australian Sandalwood,iris,519,7451,50,0.09633911368015415,1.7058138864344028,,2.0,LIFT_TOP5
Australian Sandalwood,tuberose,519,3931,26,0.05009633911368015,1.6813050163489756,,3.0,LIFT_TOP5
Baie Rose,woody,66,81432,45,0.6818181818181818,1.104630522733971,1.0,,P_TOP5
Baie Rose,citrus,66,59969,35,0.5303030303030303,1.1666507493518117,2.0,5.0,P_AND_LIFT_TOP5
Baie Rose,sweet,66,60625,33,0.5,1.088082474226804,3.0,,P_TOP5
Baie Rose,aromatic,66,54606,30,0.45454545454545453,1.0981976672560125,4.0,,P_TOP5
Baie Rose,musky,66,41154,29,0.4393939393939394,1.4085931482782337,5.0,2.0,P_AND_LIFT_TOP5
Baie Rose,soft spicy,66,13661,24,0.36363636363636365,3.511788701745513,,1.0,LIFT_TOP5
Baie Rose,amber,66,45478,28,0.42424242424242425,1.2307116194710197,,3.0,LIFT_TOP5
Baie Rose,vanilla,66,34562,21,0.3181818181818182,1.2145630250774628,,4.0,LIFT_TOP5
Balsam Fir,woody,727,81432,689,0.9477303988995873,1.5354414913894114,1.0,,P_TOP5
Balsam Fir,aromatic,727,54606,624,0.8583218707015131,2.0737355675502807,2.0,4.0,P_AND_LIFT_TOP5
Balsam Fir,fresh spicy,727,47271,598,0.8225584594222833,2.295702175786039,3.0,2.0,P_AND_LIFT_TOP5
Balsam Fir,amber,727,45478,323,0.4442916093535076,1.2888735657242678,4.0,,P_TOP5
Balsam Fir,warm spicy,727,45319,296,0.40715268225584594,1.1852788757477826,5.0,,P_TOP5
Balsam Fir,conifer,727,1828,206,0.2833562585969739,20.45032341176081,,1.0,LIFT_TOP5
Balsam Fir,mossy,727,6173,76,0.10453920220082531,2.2342227355183675,,3.0,LIFT_TOP5
Balsam Fir,lavender,727,8336,83,0.11416781292984869,1.8068809452777037,,5.0,LIFT_TOP5
Balsamic Notes,woody,415,81432,300,0.7228915662650602,1.1711745301275838,1.0,,P_TOP5
Balsamic Notes,amber,415,45478,220,0.5301204819277109,1.537859958237453,2.0,,P_TOP5
Balsamic Notes,warm spicy,415,45319,207,0.4987951807228916,1.4520631124422667,3.0,,P_TOP5
Balsamic Notes,sweet,415,60625,197,0.4746987951807229,1.0330228791454479,4.0,,P_TOP5
Balsamic Notes,powdery,415,62885,193,0.4650602409638554,0.975676196077943,5.0,,P_TOP5
Balsamic Notes,smoky,415,7407,63,0.15180722891566265,2.703918956506463,,1.0,LIFT_TOP5
Balsamic Notes,leather,415,10809,77,0.1855421686746988,2.26464782248617,,2.0,LIFT_TOP5
Balsamic Notes,cinnamon,415,4259,27,0.06506024096385542,2.0153551515288672,,3.0,LIFT_TOP5
Balsamic Notes,oud,415,8298,52,0.12530120481927712,1.9921653352382778,,4.0,LIFT_TOP5
Balsamic Notes,animalic,415,18242,101,0.2433734939759036,1.7601285528034736,,5.0,LIFT_TOP5
Bamboo,woody,618,81432,580,0.9385113268608414,1.5205054444536645,1.0,,P_TOP5
Bamboo,citrus,618,59969,357,0.5776699029126213,1.2708564473521675,2.0,,P_TOP5
Bamboo,fresh,618,33478,306,0.49514563106796117,1.9512683883982351,3.0,4.0,P_AND_LIFT_TOP5
Bamboo,floral,618,46586,296,0.47896440129449835,1.3564112278964318,4.0,,P_TOP5
Bamboo,aromatic,618,54606,296,0.47896440129449835,1.1571946940406397,5.0,,P_TOP5
Bamboo,ozonic,618,5777,85,0.13754045307443366,3.1410268260533205,,1.0,LIFT_TOP5
Bamboo,aquatic,618,8872,102,0.1650485436893204,2.4543343517732237,,2.0,LIFT_TOP5
Bamboo,earthy,618,19049,176,0.284789644012945,1.9724026318771501,,3.0,LIFT_TOP5
Bamboo,marine,618,4326,35,0.05663430420711974,1.727176087389114,,5.0,LIFT_TOP5
Bamboo Leaf,woody,68,81432,65,0.9558823529411765,1.5486486740289986,1.0,4.0,P_AND_LIFT_TOP5
Bamboo Leaf,citrus,68,59969,40,0.5882352941176471,1.2940999908776398,2.0,,P_TOP5
Bamboo Leaf,aromatic,68,54606,35,0.5147058823529411,1.2435473585104848,3.0,,P_TOP5
Bamboo Leaf,floral,68,46586,33,0.4852941176470588,1.3743367737340932,4.0,5.0,P_AND_LIFT_TOP5
Bamboo Leaf,fresh spicy,68,47271,32,0.47058823529411764,1.3133783055647847,5.0,,P_TOP5
Bamboo Leaf,earthy,68,19049,25,0.36764705882352944,2.546258410971087,,1.0,LIFT_TOP5
Bamboo Leaf,fresh,68,33478,29,0.4264705882352941,1.6806339896613405,,2.0,LIFT_TOP5
Bamboo Leaf,green,68,29755,25,0.36764705882352944,1.6301017130091828,,3.0,LIFT_TOP5
Banana,sweet,327,60625,311,0.9510703363914373,2.069685929569028,1.0,,P_TOP5
Banana,fruity,327,43222,295,0.9021406727828746,2.753676807187188,2.0,5.0,P_AND_LIFT_TOP5
Banana,tropical,327,6512,213,0.6513761467889908,13.1965686495503,3.0,1.0,P_AND_LIFT_TOP5
Banana,vanilla,327,34562,159,0.48623853211009177,1.8560687906164113,4.0,,P_TOP5
Banana,woody,327,81432,151,0.4617737003058104,0.7481310084652909,5.0,,P_TOP5
Banana,coconut,327,3269,73,0.22324159021406728,9.009563474133342,,2.0,LIFT_TOP5
Banana,lactonic,327,7015,71,0.21712538226299694,4.083442862716634,,3.0,LIFT_TOP5
Banana,caramel,327,4008,35,0.10703363914373089,3.523190621814475,,4.0,LIFT_TOP5
Banana Leaf,green,57,29755,54,0.9473684210526315,4.200514729943663,1.0,1.0,P_AND_LIFT_TOP5
Banana Leaf,fresh,57,33478,38,0.6666666666666666,2.6271979608499114,2.0,2.0,P_AND_LIFT_TOP5
Banana Leaf,sweet,57,60625,36,0.631578947368421,1.3744199674443842,3.0,4.0,P_AND_LIFT_TOP5
Banana Leaf,woody,57,81432,29,0.5087719298245614,0.8242740040985655,4.0,,P_TOP5
Banana Leaf,fruity,57,43222,27,0.47368421052631576,1.445864557279553,5.0,3.0,P_AND_LIFT_TOP5
Banana Leaf,aromatic,57,54606,21,0.3684210526315789,0.8901181092496101,,5.0,LIFT_TOP5
Bark,woody,134,81432,124,0.9253731343283582,1.4992199333424243,1.0,4.0,P_AND_LIFT_TOP5
Bark,warm spicy,134,45319,80,0.5970149253731343,1.7379946403159297,2.0,2.0,P_AND_LIFT_TOP5
Bark,amber,134,45478,68,0.5074626865671642,1.4721305299003027,3.0,5.0,P_AND_LIFT_TOP5
Bark,aromatic,134,54606,64,0.47761194029850745,1.1539271011167653,4.0,,P_TOP5
Bark,fresh spicy,134,47271,60,0.44776119402985076,1.2496696564142542,5.0,,P_TOP5
Bark,cinnamon,134,4259,31,0.23134328358208955,7.166264241132913,,1.0,LIFT_TOP5
Bark,balsamic,134,18162,32,0.23880597014925373,1.7347027663137895,,3.0,LIFT_TOP5
Barley,woody,66,81432,43,0.6515151515151515,1.0555358328346833,1.0,5.0,P_AND_LIFT_TOP5
Barley,warm spicy,66,45319,36,0.5454545454545454,1.5878951031977357,2.0,1.0,P_AND_LIFT_TOP5
Barley,sweet,66,60625,36,0.5454545454545454,1.1869990627928773,3.0,4.0,P_AND_LIFT_TOP5
Barley,aromatic,66,54606,34,0.5151515151515151,1.2446240228901475,4.0,3.0,P_AND_LIFT_TOP5
Barley,powdery,66,62885,27,0.4090909090909091,0.8582549675815161,5.0,,P_TOP5
Barley,vanilla,66,34562,26,0.3939393939393939,1.503744697714954,,2.0,LIFT_TOP5
Basil,aromatic,2857,54606,2623,0.9180959047952397,2.218151718119547,1.0,,P_TOP5
Basil,fresh spicy,2857,47271,2564,0.8974448722436121,2.5047048294958802,2.0,4.0,P_AND_LIFT_TOP5
Basil,woody,2857,81432,2142,0.7497374868743437,1.2146682709909147,3.0,,P_TOP5
Basil,green,2857,29755,1794,0.6279313965698284,2.7841703629459746,4.0,3.0,P_AND_LIFT_TOP5
Basil,citrus,2857,59969,1774,0.6209310465523277,1.3660296648543178,5.0,,P_TOP5
Basil,herbal,2857,8607,1019,0.3566678333916696,5.467083450605666,,1.0,LIFT_TOP5
Basil,anis,2857,1418,96,0.0336016800840042,3.1262832535138747,,2.0,LIFT_TOP5
Basil,lavender,2857,8336,430,0.15050752537626882,2.3820126946846383,,5.0,LIFT_TOP5
Bay Leaf,fresh spicy,678,47271,579,0.8539823008849557,2.383403883052024,1.0,,P_TOP5
Bay Leaf,aromatic,678,54606,569,0.8392330383480826,2.027616282995688,2.0,,P_TOP5
Bay Leaf,woody,678,81432,545,0.803834808259587,1.3023126811780052,3.0,,P_TOP5
Bay Leaf,citrus,678,59969,363,0.5353982300884956,1.1778600359448252,4.0,,P_TOP5
Bay Leaf,warm spicy,678,45319,301,0.443952802359882,1.2924092150166429,5.0,,P_TOP5
Bay Leaf,camphor,678,793,143,0.21091445427728614,35.089462739977755,,1.0,LIFT_TOP5
Bay Leaf,marine,678,4326,116,0.1710914454277286,5.217774941118871,,2.0,LIFT_TOP5
Bay Leaf,rum,678,1166,27,0.03982300884955752,4.505874406108168,,3.0,LIFT_TOP5
Bay Leaf,salty,678,2520,44,0.06489675516224189,3.3975511541883225,,4.0,LIFT_TOP5
Bay Leaf,mossy,678,6173,90,0.13274336283185842,2.8370049989319748,,5.0,LIFT_TOP5
Beeswax,woody,663,81432,402,0.6063348416289592,0.9823380938219447,1.0,,P_TOP5
Beeswax,beeswax,663,349,349,0.526395173453997,198.9894419306184,2.0,1.0,P_AND_LIFT_TOP5
Beeswax,sweet,663,60625,343,0.5173453996983409,1.1258289250672513,3.0,,P_TOP5
Beeswax,honey,663,3467,320,0.48265460030165913,18.366490169540782,4.0,2.0,P_AND_LIFT_TOP5
Beeswax,animalic,663,18242,302,0.4555052790346908,3.2943104628355857,5.0,3.0,P_AND_LIFT_TOP5
Beeswax,tobacco,663,4372,52,0.0784313725490196,2.3667545700805483,,4.0,LIFT_TOP5
Beeswax,smoky,663,7407,69,0.10407239819004525,1.8536886044569556,,5.0,LIFT_TOP5
Bellflower,floral,116,46586,97,0.8362068965517241,2.3681100730277116,1.0,2.0,P_AND_LIFT_TOP5
Bellflower,woody,116,81432,77,0.6637931034482759,1.0754276468456017,2.0,,P_TOP5
Bellflower,citrus,116,59969,74,0.6379310344827587,1.403429128037992,3.0,,P_TOP5
Bellflower,fresh,116,33478,72,0.6206896551724138,2.4460118945844003,4.0,1.0,P_AND_LIFT_TOP5
Bellflower,fresh spicy,116,47271,64,0.5517241379310345,1.539822841006989,5.0,,P_TOP5
Bellflower,rose,116,25617,46,0.39655172413793105,2.042279305364299,,3.0,LIFT_TOP5
Bellflower,white floral,116,39497,63,0.5431034482758621,1.814103297238638,,4.0,LIFT_TOP5
Bellflower,green,116,29755,45,0.3879310344827586,1.7200383592441721,,5.0,LIFT_TOP5
Benzoin,amber,7033,45478,5707,0.8114602587800369,2.3540162703032297,1.0,1.0,P_AND_LIFT_TOP5
Benzoin,warm spicy,7033,45319,4766,0.6776624484572729,1.9727709531315345,2.0,4.0,P_AND_LIFT_TOP5
Benzoin,woody,7033,81432,4596,0.6534906867624058,1.0587364464162023,3.0,,P_TOP5
Benzoin,sweet,7033,60625,3421,0.4864211574008247,1.05853267292191,4.0,,P_TOP5
Benzoin,vanilla,7033,34562,3330,0.47348215555239587,1.807375174527735,5.0,,P_TOP5
Benzoin,beeswax,7033,349,42,0.005971847006967155,2.257495059109389,,2.0,LIFT_TOP5
Benzoin,balsamic,7033,18162,2106,0.29944547134935307,2.175192216447536,,3.0,LIFT_TOP5
Benzoin,wine,7033,236,24,0.0034124840039812315,1.907665316293406,,5.0,LIFT_TOP5
Bergamot,citrus,36337,59969,27031,0.743897404849052,1.6365519622093985,1.0,1.0,P_AND_LIFT_TOP5
Bergamot,woody,36337,81432,26164,0.720037427415582,1.1665504690900104,2.0,,P_TOP5
Bergamot,aromatic,36337,54606,20820,0.5729697003054738,1.3843147742244652,3.0,4.0,P_AND_LIFT_TOP5
Bergamot,fresh spicy,36337,47271,19324,0.5317995431653686,1.4842147136681492,4.0,2.0,P_AND_LIFT_TOP5
Bergamot,powdery,36337,62885,18614,0.5122602306189283,1.074699725301029,5.0,,P_TOP5
Bergamot,lavender,36337,8336,3393,0.09337589784517158,1.4778169628974913,,3.0,LIFT_TOP5
Bergamot,mossy,36337,6173,2304,0.06340644522112447,1.355129162161502,,5.0,LIFT_TOP5
Berries,sweet,124,60625,100,0.8064516129032258,1.7549717326238776,1.0,2.0,P_AND_LIFT_TOP5
Berries,fruity,124,43222,96,0.7741935483870968,2.36313346996228,2.0,1.0,P_AND_LIFT_TOP5
Berries,woody,124,81432,65,0.5241935483870968,0.8492589502739669,3.0,,P_TOP5
Berries,powdery,124,62885,56,0.45161290322580644,0.9474642652871217,4.0,,P_TOP5
Berries,citrus,124,59969,51,0.4112903225806452,0.9048263645894464,5.0,,P_TOP5
Berries,rose,124,25617,32,0.25806451612903225,1.329056939255308,,3.0,LIFT_TOP5
Berries,vanilla,124,34562,42,0.3387096774193548,1.2929219299211703,,4.0,LIFT_TOP5
Berries,musky,124,41154,47,0.3790322580645161,1.2150878603890658,,5.0,LIFT_TOP5
Big Strawberry,fruity,354,43222,334,0.943502824858757,2.8799298432190974,1.0,2.0,P_AND_LIFT_TOP5
Big Strawberry,sweet,354,60625,332,0.9378531073446328,2.040923059001689,2.0,5.0,P_AND_LIFT_TOP5
Big Strawberry,powdery,354,62885,200,0.5649717514124294,1.185286207582759,3.0,,P_TOP5
Big Strawberry,woody,354,81432,165,0.4661016949152542,0.7551428997220931,4.0,,P_TOP5
Big Strawberry,floral,354,46586,142,0.4011299435028249,1.1359866364643387,5.0,,P_TOP5
Big Strawberry,caramel,354,4008,44,0.12429378531073447,4.0913370998116765,,1.0,LIFT_TOP5
Big Strawberry,tropical,354,6512,49,0.1384180790960452,2.8042839642415913,,3.0,LIFT_TOP5
Big Strawberry,lactonic,354,7015,42,0.11864406779661017,2.2313202942846444,,4.0,LIFT_TOP5
Bigarade,citrus,66,59969,46,0.696969696969697,1.5333124134338094,1.0,3.0,P_AND_LIFT_TOP5
Bigarade,woody,66,81432,44,0.6666666666666666,1.0800831777843272,2.0,,P_TOP5
Bigarade,fresh spicy,66,47271,42,0.6363636363636364,1.7760456632069248,3.0,1.0,P_AND_LIFT_TOP5
Bigarade,aromatic,66,54606,40,0.6060606060606061,1.46426355634135,4.0,5.0,P_AND_LIFT_TOP5
Bigarade,sweet,66,60625,32,0.48484848484848486,1.0551102780381132,5.0,,P_TOP5
Bigarade,green,66,29755,25,0.3787878787878788,1.6794987346155217,,2.0,LIFT_TOP5
Bigarade,white floral,66,39497,29,0.4393939393939394,1.4676872274917696,,4.0,LIFT_TOP5
Birch,woody,1360,81432,1193,0.8772058823529412,1.4211829754743042,1.0,,P_TOP5
Birch,leather,1360,10809,945,0.6948529411764706,8.481075819170298,2.0,2.0,P_AND_LIFT_TOP5
Birch,smoky,1360,7407,727,0.5345588235294118,9.521310326479721,3.0,1.0,P_AND_LIFT_TOP5
Birch,aromatic,1360,54606,614,0.4514705882352941,1.0907686830363394,4.0,,P_TOP5
Birch,amber,1360,45478,610,0.4485294117647059,1.3011672741571232,5.0,,P_TOP5
Birch,mossy,1360,6173,166,0.12205882352941176,2.60865391029245,,3.0,LIFT_TOP5
Birch,oud,1360,8298,153,0.1125,1.7886388286334056,,4.0,LIFT_TOP5
Birch,earthy,1360,19049,343,0.25220588235294117,1.7467332699261657,,5.0,LIFT_TOP5
Birch Leaf,woody,119,81432,103,0.865546218487395,1.4022928652746096,1.0,,P_TOP5
Birch Leaf,aromatic,119,54606,85,0.7142857142857143,1.7257391914023053,2.0,3.0,P_AND_LIFT_TOP5
Birch Leaf,leather,119,10809,82,0.6890756302521008,8.410560449547567,3.0,2.0,P_AND_LIFT_TOP5
Birch Leaf,citrus,119,59969,64,0.5378151260504201,1.1831771345166993,4.0,,P_TOP5
Birch Leaf,smoky,119,7407,63,0.5294117647058824,9.429633335715817,5.0,1.0,P_AND_LIFT_TOP5
Birch Leaf,earthy,119,19049,29,0.24369747899159663,1.6878055752722634,,4.0,LIFT_TOP5
Birch Leaf,fresh spicy,119,47271,62,0.5210084033613446,1.4540974097324404,,5.0,LIFT_TOP5
Birch Tar,leather,330,10809,266,0.806060606060606,9.838428694382067,1.0,1.0,P_AND_LIFT_TOP5
Birch Tar,woody,330,81432,251,0.7606060606060606,1.2322767164721187,2.0,,P_TOP5
Birch Tar,smoky,330,7407,181,0.5484848484848485,9.769354132659114,3.0,2.0,P_AND_LIFT_TOP5
Birch Tar,amber,330,45478,178,0.5393939393939394,1.564761916184582,4.0,,P_TOP5
Birch Tar,aromatic,330,54606,159,0.4818181818181818,1.1640895272913732,5.0,,P_TOP5
Birch Tar,tobacco,330,4372,43,0.1303030303030303,3.9320399789292746,,3.0,LIFT_TOP5
Birch Tar,animalic,330,18242,141,0.42727272727272725,3.090126680686926,,4.0,LIFT_TOP5
Birch Tar,oud,330,8298,56,0.1696969696969697,2.6980141253460124,,5.0,LIFT_TOP5
Biscuit,sweet,151,60625,145,0.9602649006622517,2.0896948180514783,1.0,,P_TOP5
Biscuit,vanilla,151,34562,102,0.6754966887417219,2.5785046625107158,2.0,,P_TOP5
Biscuit,powdery,151,62885,81,0.5364238410596026,1.1253939310009282,3.0,,P_TOP5
Biscuit,warm spicy,151,45319,66,0.4370860927152318,1.2724192548803048,4.0,,P_TOP5
Biscuit,lactonic,151,7015,62,0.4105960264900662,7.72201479327647,5.0,4.0,P_AND_LIFT_TOP5
Biscuit,chocolate,151,1554,25,0.16556291390728478,14.055801307456937,,1.0,LIFT_TOP5
Biscuit,nutty,151,3619,36,0.23841059602649006,8.691215787171824,,2.0,LIFT_TOP5
Biscuit,cacao,151,2035,20,0.13245033112582782,8.58681679873733,,3.0,LIFT_TOP5
Biscuit,caramel,151,4008,35,0.23178807947019867,7.629690949227373,,5.0,LIFT_TOP5
Bitter Almond,sweet,626,60625,468,0.7476038338658147,1.6269092585883205,1.0,,P_TOP5
Bitter Almond,almond,626,3438,420,0.670926517571885,25.746170873548223,2.0,1.0,P_AND_LIFT_TOP5
Bitter Almond,woody,626,81432,368,0.5878594249201278,0.9524056136372981,3.0,,P_TOP5
Bitter Almond,vanilla,626,34562,345,0.5511182108626198,2.103727375704688,4.0,5.0,P_AND_LIFT_TOP5
Bitter Almond,fruity,626,43222,318,0.5079872204472844,1.5505704038131096,5.0,,P_TOP5
Bitter Almond,nutty,626,3619,254,0.4057507987220447,14.791573052058403,,2.0,LIFT_TOP5
Bitter Almond,cherry,626,1803,125,0.19968051118210864,14.61112026636472,,3.0,LIFT_TOP5
Bitter Almond,coffee,626,1815,45,0.07188498402555911,5.2252264145961504,,4.0,LIFT_TOP5
Bitter Orange,citrus,1809,59969,1605,0.8872305140961857,1.9518805003370039,1.0,1.0,P_AND_LIFT_TOP5
Bitter Orange,woody,1809,81432,1279,0.70702045328911,1.1454613469205261,2.0,,P_TOP5
Bitter Orange,aromatic,1809,54606,990,0.5472636815920398,1.3222081366962937,3.0,,P_TOP5
Bitter Orange,fresh spicy,1809,47271,949,0.5245992260917635,1.46411914066312,4.0,,P_TOP5
Bitter Orange,fresh,1809,33478,822,0.45439469320066334,1.7906772170967058,5.0,2.0,P_AND_LIFT_TOP5
Bitter Orange,aldehydic,1809,3556,83,0.04588170259812051,1.7022421326687398,,3.0,LIFT_TOP5
Bitter Orange,honey,1809,3467,74,0.04090657822001106,1.5566209589172364,,4.0,LIFT_TOP5
Bitter Orange,cacao,1809,2035,41,0.022664455500276397,1.4693472305412605,,5.0,LIFT_TOP5
Black Amber,amber,224,45478,170,0.7589285714285714,2.2016237835562564,1.0,3.0,P_AND_LIFT_TOP5
Black Amber,woody,224,81432,153,0.6830357142857143,1.106603077238853,2.0,,P_TOP5
Black Amber,warm spicy,224,45319,107,0.47767857142857145,1.3905896848688504,3.0,,P_TOP5
Black Amber,animalic,224,18242,99,0.4419642857142857,3.1963791368427645,4.0,1.0,P_AND_LIFT_TOP5
Black Amber,sweet,224,60625,97,0.4330357142857143,0.9423571428571429,5.0,,P_TOP5
Black Amber,balsamic,224,18162,92,0.4107142857142857,2.9834564317963723,,2.0,LIFT_TOP5
Black Amber,oud,224,8298,28,0.125,1.9873764762593396,,4.0,LIFT_TOP5
Black Amber,patchouli,224,14822,49,0.21875,1.9470845702334367,,5.0,LIFT_TOP5
Black Cardamom,warm spicy,53,45319,49,0.9245283018867925,2.6914322661118852,1.0,2.0,P_AND_LIFT_TOP5
Black Cardamom,aromatic,53,54606,43,0.8113207547169812,1.9601792324984675,2.0,4.0,P_AND_LIFT_TOP5
Black Cardamom,amber,53,45478,38,0.7169811320754716,2.079935809725955,3.0,3.0,P_AND_LIFT_TOP5
Black Cardamom,woody,53,81432,38,0.7169811320754716,1.1615988893152198,4.0,5.0,P_AND_LIFT_TOP5
Black Cardamom,balsamic,53,18162,25,0.4716981132075472,3.4264470914806573,5.0,1.0,P_AND_LIFT_TOP5
Black Cherry,cherry,246,1803,211,0.8577235772357723,62.7617701301805,1.0,1.0,P_AND_LIFT_TOP5
Black Cherry,sweet,246,60625,171,0.6951219512195121,1.5127000251445812,2.0,,P_TOP5
Black Cherry,woody,246,81432,144,0.5853658536585366,0.9483657170789215,3.0,,P_TOP5
Black Cherry,vanilla,246,34562,128,0.5203252032520326,1.9861843662126222,4.0,4.0,P_AND_LIFT_TOP5
Black Cherry,warm spicy,246,45319,121,0.491869918699187,1.431902698073297,5.0,,P_TOP5
Black Cherry,almond,246,3438,74,0.3008130081300813,11.54341482332799,,2.0,LIFT_TOP5
Black Cherry,nutty,246,3619,43,0.17479674796747968,6.372184293824149,,3.0,LIFT_TOP5
Black Cherry,balsamic,246,18162,57,0.23170731707317074,1.683137668839523,,5.0,LIFT_TOP5
Black Currant,fruity,5560,43222,4749,0.854136690647482,2.607150377056182,1.0,1.0,P_AND_LIFT_TOP5
Black Currant,woody,5560,81432,4164,0.7489208633093525,1.2133452389282209,2.0,,P_TOP5
Black Currant,floral,5560,46586,2908,0.5230215827338129,1.4811796979794776,3.0,4.0,P_AND_LIFT_TOP5
Black Currant,sweet,5560,60625,2845,0.5116906474820144,1.1135232515018914,4.0,,P_TOP5
Black Currant,citrus,5560,59969,2832,0.5093525179856115,1.1205602510937605,5.0,,P_TOP5
Black Currant,soft spicy,5560,13661,1241,0.22320143884892085,2.1555498006982012,,2.0,LIFT_TOP5
Black Currant,Champagne,5560,311,21,0.003776978417266187,1.6022403941798329,,3.0,LIFT_TOP5
Black Currant,rose,5560,25617,1574,0.28309352517985614,1.4579587296318233,,5.0,LIFT_TOP5
Black Currant Blossom,floral,72,46586,55,0.7638888888888888,2.1633078845814433,1.0,2.0,P_AND_LIFT_TOP5
Black Currant Blossom,fruity,72,43222,49,0.6805555555555556,2.0773146648568885,2.0,3.0,P_AND_LIFT_TOP5
Black Currant Blossom,woody,72,81432,45,0.625,1.0125779791728067,3.0,,P_TOP5
Black Currant Blossom,aromatic,72,54606,36,0.5,1.2080174339816137,4.0,5.0,P_AND_LIFT_TOP5
Black Currant Blossom,citrus,72,59969,35,0.4861111111111111,1.069429853572494,5.0,,P_TOP5
Black Currant Blossom,soft spicy,72,13661,30,0.4166666666666667,4.0239245540834006,,1.0,LIFT_TOP5
Black Currant Blossom,green,72,29755,32,0.4444444444444444,1.9706118486155455,,4.0,LIFT_TOP5
Black Elder,sweet,112,60625,90,0.8035714285714286,1.7487039764359351,1.0,3.0,P_AND_LIFT_TOP5
Black Elder,floral,112,46586,87,0.7767857142857143,2.199831264451,2.0,2.0,P_AND_LIFT_TOP5
Black Elder,woody,112,81432,73,0.6517857142857143,1.0559741782802128,3.0,,P_TOP5
Black Elder,citrus,112,59969,49,0.4375,0.9624868682152445,4.0,,P_TOP5
Black Elder,powdery,112,62885,48,0.42857142857142855,0.8991242517520645,5.0,,P_TOP5
Black Elder,honey,112,3467,21,0.1875,7.134950966253245,,1.0,LIFT_TOP5
Black Elder,green,112,29755,33,0.29464285714285715,1.3064100871402164,,4.0,LIFT_TOP5
Black Elder,fruity,112,43222,44,0.39285714285714285,1.1991495732993118,,5.0,LIFT_TOP5
Black Leather,woody,73,81432,54,0.7397260273972602,1.1984484575415137,1.0,5.0,P_AND_LIFT_TOP5
Black Leather,warm spicy,73,45319,43,0.589041095890411,1.714781698202121,2.0,2.0,P_AND_LIFT_TOP5
Black Leather,amber,73,45478,43,0.589041095890411,1.7087864853516408,3.0,3.0,P_AND_LIFT_TOP5
Black Leather,aromatic,73,54606,39,0.5342465753424658,1.2907583541173406,4.0,4.0,P_AND_LIFT_TOP5
Black Leather,fresh spicy,73,47271,29,0.3972602739726027,1.1087251791839707,5.0,,P_TOP5
Black Leather,earthy,73,19049,22,0.3013698630136986,2.0872342919521896,,1.0,LIFT_TOP5
Black Musk,musky,199,41154,143,0.7185929648241206,2.3036392537601746,1.0,2.0,P_AND_LIFT_TOP5
Black Musk,woody,199,81432,132,0.6633165829145728,1.0746556241271195,2.0,,P_TOP5
Black Musk,powdery,199,62885,119,0.5979899497487438,1.2545569542872188,3.0,,P_TOP5
Black Musk,warm spicy,199,45319,105,0.5276381909547738,1.5360291827415282,4.0,,P_TOP5
Black Musk,amber,199,45478,83,0.41708542713567837,1.2099494349357942,5.0,,P_TOP5
Black Musk,oud,199,8298,45,0.22613065326633167,3.595253926901318,,1.0,LIFT_TOP5
Black Musk,smoky,199,7407,24,0.12060301507537688,2.1481241769804877,,3.0,LIFT_TOP5
Black Musk,leather,199,10809,34,0.1708542713567839,2.085373671949348,,4.0,LIFT_TOP5
Black Musk,animalic,199,18242,57,0.2864321608040201,2.071537933059663,,5.0,LIFT_TOP5
Black Orchid,sweet,141,60625,120,0.851063829787234,1.8520552752796666,1.0,3.0,P_AND_LIFT_TOP5
Black Orchid,woody,141,81432,107,0.7588652482269503,1.2294563832225853,2.0,,P_TOP5
Black Orchid,floral,141,46586,103,0.7304964539007093,2.0687416211548655,3.0,2.0,P_AND_LIFT_TOP5
Black Orchid,powdery,141,62885,99,0.7021276595744681,1.4730333486150842,4.0,,P_TOP5
Black Orchid,fruity,141,43222,74,0.524822695035461,1.6019586820607183,5.0,5.0,P_AND_LIFT_TOP5
Black Orchid,lactonic,141,7015,24,0.1702127659574468,3.201164677514748,,1.0,LIFT_TOP5
Black Orchid,patchouli,141,14822,29,0.20567375886524822,1.8306934966328565,,4.0,LIFT_TOP5
Black Pepper,fresh spicy,4795,47271,4067,0.8481751824817518,2.3671966284787187,1.0,1.0,P_AND_LIFT_TOP5
Black Pepper,woody,4795,81432,3767,0.7856100104275286,1.2727862348426153,2.0,,P_TOP5
Black Pepper,warm spicy,4795,45319,3440,0.7174139728884255,2.088493246611134,3.0,2.0,P_AND_LIFT_TOP5
Black Pepper,aromatic,4795,54606,3139,0.6546402502606882,1.581633670601996,4.0,,P_TOP5
Black Pepper,amber,4795,45478,2377,0.4957247132429614,1.4380791023823365,5.0,,P_TOP5
Black Pepper,cannabis,4795,388,27,0.005630865484880084,1.9146393902583232,,3.0,LIFT_TOP5
Black Pepper,smoky,4795,7407,508,0.1059436913451512,1.8870191979432696,,4.0,LIFT_TOP5
Black Pepper,leather,4795,10809,735,0.15328467153284672,1.870926701390366,,5.0,LIFT_TOP5
Black Rose,rose,155,25617,106,0.6838709677419355,3.5220008890265664,1.0,1.0,P_AND_LIFT_TOP5
Black Rose,woody,155,81432,106,0.6838709677419355,1.1079562920497292,2.0,,P_TOP5
Black Rose,floral,155,46586,76,0.49032258064516127,1.3885772134228336,3.0,,P_TOP5
Black Rose,sweet,155,60625,74,0.4774193548387097,1.0389432657133355,4.0,,P_TOP5
Black Rose,warm spicy,155,45319,70,0.45161290322580644,1.3147088488841467,5.0,,P_TOP5
Black Rose,oud,155,8298,22,0.14193548387096774,2.256633934333186,,2.0,LIFT_TOP5
Black Rose,patchouli,155,14822,34,0.21935483870967742,1.9524682142064325,,3.0,LIFT_TOP5
Black Rose,leather,155,10809,22,0.14193548387096774,1.7324034033765172,,4.0,LIFT_TOP5
Black Rose,balsamic,155,18162,30,0.1935483870967742,1.4059486130204504,,5.0,LIFT_TOP5
Black Spruce,woody,63,81432,60,0.9523809523809523,1.5429759682633246,1.0,5.0,P_AND_LIFT_TOP5
Black Spruce,aromatic,63,54606,59,0.9365079365079365,2.262635828727467,2.0,2.0,P_AND_LIFT_TOP5
Black Spruce,fresh spicy,63,47271,42,0.6666666666666666,1.8606192662167784,3.0,4.0,P_AND_LIFT_TOP5
Black Spruce,balsamic,63,18162,39,0.6190476190476191,4.496803897200329,4.0,1.0,P_AND_LIFT_TOP5
Black Spruce,amber,63,45478,32,0.5079365079365079,1.4735050682102004,5.0,,P_TOP5
Black Spruce,green,63,29755,29,0.4603174603174603,2.0409908432089576,,3.0,LIFT_TOP5
Black Tea,green,927,29755,642,0.6925566343042071,3.0707106961436414,1.0,2.0,P_AND_LIFT_TOP5
Black Tea,woody,927,81432,614,0.6623516720604099,1.0730923481546553,2.0,,P_TOP5
Black Tea,aromatic,927,54606,489,0.5275080906148867,1.2744779400582722,3.0,,P_TOP5
Black Tea,fresh spicy,927,47271,470,0.5070118662351673,1.4150340697765142,4.0,,P_TOP5
Black Tea,citrus,927,59969,400,0.43149946062567424,0.9492858617009655,5.0,,P_TOP5
Black Tea,ozonic,927,5777,133,0.14347357065803668,3.2765221009026795,,1.0,LIFT_TOP5
Black Tea,cherry,927,1803,33,0.03559870550161812,2.6048459327944973,,3.0,LIFT_TOP5
Black Tea,tobacco,927,4372,76,0.08198489751887811,2.4739861687249745,,4.0,LIFT_TOP5
Black Tea,smoky,927,7407,107,0.11542610571736785,2.0559155025371054,,5.0,LIFT_TOP5
Black Vanilla Husk,vanilla,140,34562,121,0.8642857142857143,3.299149768118578,1.0,1.0,P_AND_LIFT_TOP5
Black Vanilla Husk,sweet,140,60625,95,0.6785714285714286,1.4766833578792342,2.0,5.0,P_AND_LIFT_TOP5
Black Vanilla Husk,powdery,140,62885,82,0.5857142857142857,1.2288031440611547,3.0,,P_TOP5
Black Vanilla Husk,woody,140,81432,77,0.55,0.8910686216720699,4.0,,P_TOP5
Black Vanilla Husk,warm spicy,140,45319,69,0.4928571428571429,1.434776646817954,5.0,,P_TOP5
Black Vanilla Husk,lavender,140,8336,21,0.15,2.373980326295585,,2.0,LIFT_TOP5
Black Vanilla Husk,balsamic,140,18162,42,0.3,2.1792203501816982,,3.0,LIFT_TOP5
Black Vanilla Husk,soft spicy,140,13661,26,0.18571428571428572,1.7935206583914585,,4.0,LIFT_TOP5
Black Violet,powdery,90,62885,72,0.8,1.678365269937187,1.0,4.0,P_AND_LIFT_TOP5
Black Violet,woody,90,81432,72,0.8,1.2960998133411927,2.0,,P_TOP5
Black Violet,violet,90,7614,61,0.6777777777777778,11.744053352012374,3.0,1.0,P_AND_LIFT_TOP5
Black Violet,fruity,90,43222,56,0.6222222222222222,1.8992591221548696,4.0,3.0,P_AND_LIFT_TOP5
Black Violet,sweet,90,60625,49,0.5444444444444444,1.1848009163802977,5.0,,P_TOP5
Black Violet,leather,90,10809,35,0.3888888888888889,4.746610335008892,,2.0,LIFT_TOP5
Black Violet,floral,90,46586,45,0.5,1.4159833426351265,,5.0,LIFT_TOP5
Black and Pink Pepper,fresh spicy,52,47271,47,0.9038461538461539,2.5225703513131323,1.0,1.0,P_AND_LIFT_TOP5
Black and Pink Pepper,woody,52,81432,34,0.6538461538461539,1.059312347442321,2.0,5.0,P_AND_LIFT_TOP5
Black and Pink Pepper,warm spicy,52,45319,32,0.6153846153846154,1.7914713984794965,3.0,2.0,P_AND_LIFT_TOP5
Black and Pink Pepper,aromatic,52,54606,29,0.5576923076923077,1.3474040609794922,4.0,4.0,P_AND_LIFT_TOP5
Black and Pink Pepper,amber,52,45478,27,0.5192307692307693,1.506269303500932,5.0,3.0,P_AND_LIFT_TOP5
Black currant leaf,green,182,29755,138,0.7582417582417582,3.3619504340391586,1.0,1.0,P_AND_LIFT_TOP5
Black currant leaf,fruity,182,43222,128,0.7032967032967034,2.1467293060463204,2.0,2.0,P_AND_LIFT_TOP5
Black currant leaf,woody,182,81432,108,0.5934065934065934,0.9613927186871484,3.0,,P_TOP5
Black currant leaf,aromatic,182,54606,107,0.5879120879120879,1.4204161036926668,4.0,4.0,P_AND_LIFT_TOP5
Black currant leaf,fresh spicy,182,47271,98,0.5384615384615384,1.502807868867398,5.0,3.0,P_AND_LIFT_TOP5
Black currant leaf,rose,182,25617,48,0.26373626373626374,1.3582669818763038,,5.0,LIFT_TOP5
Black locust,sweet,82,60625,67,0.8170731707317073,1.7780859944681922,1.0,3.0,P_AND_LIFT_TOP5
Black locust,white floral,82,39497,64,0.7804878048780488,2.60702727036385,2.0,2.0,P_AND_LIFT_TOP5
Black locust,woody,82,81432,48,0.5853658536585366,0.9483657170789215,3.0,,P_TOP5
Black locust,floral,82,46586,45,0.5487804878048781,1.554128058989773,4.0,4.0,P_AND_LIFT_TOP5
Black locust,powdery,82,62885,38,0.4634146341463415,0.9722237844148339,5.0,,P_TOP5
Black locust,honey,82,3467,22,0.2682926829268293,10.209360732199766,,1.0,LIFT_TOP5
Black locust,fruity,82,43222,32,0.3902439024390244,1.191172968598873,,5.0,LIFT_TOP5
Blackberry,fruity,1342,43222,1261,0.9396423248882265,2.8681461274930298,1.0,3.0,P_AND_LIFT_TOP5
Blackberry,sweet,1342,60625,1144,0.8524590163934426,1.8550914314686497,2.0,,P_TOP5
Blackberry,powdery,1342,62885,756,0.563338301043219,1.1818592996204482,3.0,,P_TOP5
Blackberry,woody,1342,81432,738,0.5499254843517138,0.8909478970247766,4.0,,P_TOP5
Blackberry,floral,1342,46586,628,0.46795827123695977,1.3252422342397308,5.0,,P_TOP5
Blackberry,sour,1342,1912,99,0.07377049180327869,5.090241100212634,,1.0,LIFT_TOP5
Blackberry,violet,1342,7614,360,0.26825633383010433,4.648155781744899,,2.0,LIFT_TOP5
Blackberry,cherry,1342,1803,42,0.03129657228017884,2.290048131405432,,4.0,LIFT_TOP5
Blackberry,rose,1342,25617,533,0.39716840536512665,2.045455272663511,,5.0,LIFT_TOP5
Blackcurrant,fruity,1404,43222,1173,0.8354700854700855,2.5501727910801995,1.0,1.0,P_AND_LIFT_TOP5
Blackcurrant,woody,1404,81432,974,0.6937321937321937,1.1239327085063404,2.0,,P_TOP5
Blackcurrant,sweet,1404,60625,701,0.49928774928774927,1.086532499192293,3.0,,P_TOP5
Blackcurrant,citrus,1404,59969,696,0.49572649572649574,1.090583411115686,4.0,,P_TOP5
Blackcurrant,floral,1404,46586,642,0.45726495726495725,1.2949591253158848,5.0,,P_TOP5
Blackcurrant,soft spicy,1404,13661,310,0.2207977207977208,2.1323360884886395,,2.0,LIFT_TOP5
Blackcurrant,cherry,1404,1803,32,0.022792022792022793,1.6677490665288779,,3.0,LIFT_TOP5
Blackcurrant,rose,1404,25617,415,0.2955840455840456,1.522286104301953,,4.0,LIFT_TOP5
Blackcurrant,tropical,1404,6512,94,0.06695156695156695,1.356406668906669,,5.0,LIFT_TOP5
Blackcurrant Syrup,fruity,64,43222,55,0.859375,2.6231396915922445,1.0,1.0,P_AND_LIFT_TOP5
Blackcurrant Syrup,woody,64,81432,46,0.71875,1.1644646760487278,2.0,,P_TOP5
Blackcurrant Syrup,floral,64,46586,43,0.671875,1.9027276166659512,3.0,2.0,P_AND_LIFT_TOP5
Blackcurrant Syrup,white floral,64,39497,27,0.421875,1.4091695255335848,4.0,4.0,P_AND_LIFT_TOP5
Blackcurrant Syrup,sweet,64,60625,27,0.421875,0.9180695876288659,5.0,,P_TOP5
Blackcurrant Syrup,rose,64,25617,22,0.34375,1.770345376117422,,3.0,LIFT_TOP5
Blackcurrant Syrup,vanilla,64,34562,22,0.34375,1.3121618395926162,,5.0,LIFT_TOP5
Blackwood,woody,50,81432,48,0.96,1.5553197760094313,1.0,2.0,P_AND_LIFT_TOP5
Blackwood,amber,50,45478,23,0.46,1.3344430273978627,2.0,3.0,P_AND_LIFT_TOP5
Blackwood,aromatic,50,54606,23,0.46,1.1113760392630847,3.0,5.0,P_AND_LIFT_TOP5
Blackwood,earthy,50,19049,20,0.4,2.7703291511365427,4.0,1.0,P_AND_LIFT_TOP5
Blackwood,warm spicy,50,45319,20,0.4,1.164456409011673,5.0,4.0,P_AND_LIFT_TOP5
Blonde Woods,sweet,218,60625,122,0.5596330275229358,1.2178537784923862,1.0,,P_TOP5
Blonde Woods,powdery,218,62885,108,0.4954128440366973,1.039354639640001,2.0,,P_TOP5
Blonde Woods,floral,218,46586,99,0.4541284403669725,1.2860766139530047,3.0,,P_TOP5
Blonde Woods,musky,218,41154,96,0.44036697247706424,1.411712462431333,4.0,3.0,P_AND_LIFT_TOP5
Blonde Woods,fruity,218,43222,95,0.43577981651376146,1.3301659153361842,5.0,5.0,P_AND_LIFT_TOP5
Blonde Woods,aquatic,218,8872,24,0.11009174311926606,1.6371059140807902,,1.0,LIFT_TOP5
Blonde Woods,fresh,218,33478,79,0.3623853211009174,1.428086964957406,,2.0,LIFT_TOP5
Blonde Woods,leather,218,10809,25,0.11467889908256881,1.399721265238533,,4.0,LIFT_TOP5
Blood,mineral,76,770,57,0.75,128.50324675324674,1.0,1.0,P_AND_LIFT_TOP5
Blood,metallic,76,2235,54,0.7105263157894737,41.94171670787708,2.0,2.0,P_AND_LIFT_TOP5
Blood,woody,76,81432,42,0.5526315789473685,0.8953321079001659,3.0,,P_TOP5
Blood,warm spicy,76,45319,30,0.39473684210526316,1.149134614156256,4.0,4.0,P_AND_LIFT_TOP5
Blood,amber,76,45478,30,0.39473684210526316,1.1451170143574336,5.0,5.0,P_AND_LIFT_TOP5
Blood,smoky,76,7407,22,0.2894736842105263,5.155969104616544,,3.0,LIFT_TOP5
Blood Grapefruit,citrus,62,59969,52,0.8387096774193549,1.845136116025538,1.0,1.0,P_AND_LIFT_TOP5
Blood Grapefruit,sweet,62,60625,35,0.5645161290322581,1.2284802128367143,2.0,5.0,P_AND_LIFT_TOP5
Blood Grapefruit,woody,62,81432,35,0.5645161290322581,0.9145865618335028,3.0,,P_TOP5
Blood Grapefruit,fruity,62,43222,33,0.532258064516129,1.6246542605990677,4.0,2.0,P_AND_LIFT_TOP5
Blood Grapefruit,fresh spicy,62,47271,31,0.5,1.3954644496625839,5.0,3.0,P_AND_LIFT_TOP5
Blood Grapefruit,white floral,62,39497,25,0.4032258064516129,1.3468764879651947,,4.0,LIFT_TOP5
Blood Mandarin,citrus,159,59969,128,0.8050314465408805,1.7710450189621032,1.0,4.0,P_AND_LIFT_TOP5
Blood Mandarin,woody,159,81432,108,0.6792452830188679,1.1004621056670503,2.0,,P_TOP5
Blood Mandarin,aromatic,159,54606,81,0.5094339622641509,1.2308102157548517,3.0,,P_TOP5
Blood Mandarin,amber,159,45478,80,0.5031446540880503,1.4596040770006702,4.0,,P_TOP5
Blood Mandarin,fresh spicy,159,47271,76,0.4779874213836478,1.3340289078535392,5.0,,P_TOP5
Blood Mandarin,cinnamon,159,4259,29,0.18238993710691823,5.649848415711604,,1.0,LIFT_TOP5
Blood Mandarin,aldehydic,159,3556,20,0.12578616352201258,4.666751561715163,,2.0,LIFT_TOP5
Blood Mandarin,leather,159,10809,26,0.16352201257861634,1.9958792783325798,,3.0,LIFT_TOP5
Blood Mandarin,green,159,29755,55,0.34591194968553457,1.5337309199130424,,5.0,LIFT_TOP5
Blood Orange,citrus,1289,59969,1127,0.8743211792086889,1.9234803510647556,1.0,3.0,P_AND_LIFT_TOP5
Blood Orange,woody,1289,81432,795,0.6167571761055082,0.9992235760339877,2.0,,P_TOP5
Blood Orange,sweet,1289,60625,715,0.5546935608999224,1.2071046843633282,3.0,,P_TOP5
Blood Orange,fresh spicy,1289,47271,664,0.5151280062063616,1.4376856393730888,4.0,,P_TOP5
Blood Orange,fruity,1289,43222,619,0.48021722265321953,1.4658057976178624,5.0,,P_TOP5
Blood Orange,honey,1289,3467,77,0.05973622963537626,2.273147036572019,,1.0,LIFT_TOP5
Blood Orange,aldehydic,1289,3556,74,0.057408844065166796,2.1299068609441663,,2.0,LIFT_TOP5
Blood Orange,caramel,1289,4008,72,0.055857253685027156,1.8386346004654772,,4.0,LIFT_TOP5
Blood Orange,cacao,1289,2035,32,0.02482544608223429,1.6094452587858328,,5.0,LIFT_TOP5
Blue Lotus,floral,183,46586,158,0.8633879781420765,2.445085990561202,1.0,3.0,P_AND_LIFT_TOP5
Blue Lotus,woody,183,81432,111,0.6065573770491803,0.9826986289677075,2.0,,P_TOP5
Blue Lotus,powdery,183,62885,76,0.41530054644808745,0.8712825171805069,3.0,,P_TOP5
Blue Lotus,amber,183,45478,75,0.4098360655737705,1.1889193045241115,4.0,,P_TOP5
Blue Lotus,fresh spicy,183,47271,73,0.3989071038251366,1.1133213642116788,5.0,,P_TOP5
Blue Lotus,aquatic,183,8872,61,0.3333333333333333,4.956792906522392,,1.0,LIFT_TOP5
Blue Lotus,ozonic,183,5777,38,0.20765027322404372,4.74213268936266,,2.0,LIFT_TOP5
Blue Lotus,yellow floral,183,6986,20,0.1092896174863388,2.063924883334194,,4.0,LIFT_TOP5
Blue Lotus,animalic,183,18242,52,0.28415300546448086,2.055054599875505,,5.0,LIFT_TOP5
Blueberry,fruity,553,43222,510,0.9222423146473779,2.8150346714966585,1.0,2.0,P_AND_LIFT_TOP5
Blueberry,sweet,553,60625,462,0.8354430379746836,1.8180618556701031,2.0,,P_TOP5
Blueberry,woody,553,81432,288,0.5207956600361664,0.8437539472022231,3.0,,P_TOP5
Blueberry,powdery,553,62885,274,0.49547920433996384,1.0394938606753825,4.0,,P_TOP5
Blueberry,fresh,553,33478,252,0.45569620253164556,1.7958062010872813,5.0,,P_TOP5
Blueberry,sour,553,1912,51,0.0922242314647378,6.363568439928272,,1.0,LIFT_TOP5
Blueberry,cherry,553,1803,20,0.03616636528028933,2.6463830124395846,,3.0,LIFT_TOP5
Blueberry,caramel,553,4008,33,0.059674502712477394,1.9642857142857142,,4.0,LIFT_TOP5
Blueberry,violet,553,7614,60,0.10849909584086799,1.8799954970167736,,5.0,LIFT_TOP5
Boronia,floral,106,46586,86,0.8113207547169812,2.297633348426809,1.0,1.0,P_AND_LIFT_TOP5
Boronia,woody,106,81432,73,0.6886792452830188,1.1157463015790927,2.0,,P_TOP5
Boronia,fruity,106,43222,45,0.42452830188679247,1.2958220088826182,3.0,4.0,P_AND_LIFT_TOP5
Boronia,aromatic,106,54606,44,0.41509433962264153,1.0028823980224717,4.0,,P_TOP5
Boronia,powdery,106,62885,44,0.41509433962264153,0.8708499042126914,5.0,,P_TOP5
Boronia,animalic,106,18242,23,0.2169811320754717,1.5692534127133528,,2.0,LIFT_TOP5
Boronia,green,106,29755,33,0.3113207547169811,1.3803578279217381,,3.0,LIFT_TOP5
Boronia,white floral,106,39497,37,0.3490566037735849,1.1659376088272289,,5.0,LIFT_TOP5
Bourbon Geranium,aromatic,163,54606,144,0.8834355828220859,2.1344111716975753,1.0,4.0,P_AND_LIFT_TOP5
Bourbon Geranium,fresh spicy,163,47271,143,0.8773006134969326,2.4484836356042883,2.0,2.0,P_AND_LIFT_TOP5
Bourbon Geranium,woody,163,81432,129,0.7914110429447853,1.2821846312961185,3.0,,P_TOP5
Bourbon Geranium,warm spicy,163,45319,91,0.558282208588957,1.6252382395715066,4.0,,P_TOP5
Bourbon Geranium,citrus,163,59969,85,0.5214723926380368,1.1472236115449015,5.0,,P_TOP5
Bourbon Geranium,herbal,163,8607,36,0.22085889570552147,3.3853740107388695,,1.0,LIFT_TOP5
Bourbon Geranium,lavender,163,8336,25,0.15337423312883436,2.4273827467235023,,3.0,LIFT_TOP5
Bourbon Geranium,rose,163,25617,55,0.3374233128834356,1.7377623323851996,,5.0,LIFT_TOP5
Bourbon Vanilla,vanilla,1104,34562,829,0.7509057971014492,2.866356166066611,1.0,2.0,P_AND_LIFT_TOP5
Bourbon Vanilla,sweet,1104,60625,770,0.697463768115942,1.5177962049902884,2.0,,P_TOP5
Bourbon Vanilla,powdery,1104,62885,663,0.6005434782608695,1.2599141462504018,3.0,,P_TOP5
Bourbon Vanilla,woody,1104,81432,634,0.5742753623188406,0.9303977373848689,4.0,,P_TOP5
Bourbon Vanilla,amber,1104,45478,544,0.4927536231884058,1.429460079758265,5.0,,P_TOP5
Bourbon Vanilla,rum,1104,1166,38,0.034420289855072464,3.8945701891764237,,1.0,LIFT_TOP5
Bourbon Vanilla,coffee,1104,1815,35,0.03170289855072464,2.3044426478220945,,3.0,LIFT_TOP5
Bourbon Vanilla,chocolate,1104,1554,28,0.025362318840579712,2.1531857944901422,,4.0,LIFT_TOP5
Bourbon Vanilla,caramel,1104,4008,69,0.0625,2.0572916666666665,,5.0,LIFT_TOP5
Bourbon Vetiver,woody,125,81432,115,0.92,1.4905147853423715,1.0,4.0,P_AND_LIFT_TOP5
Bourbon Vetiver,aromatic,125,54606,97,0.776,1.8748430575394646,2.0,3.0,P_AND_LIFT_TOP5
Bourbon Vetiver,warm spicy,125,45319,61,0.488,1.4206368189942409,3.0,,P_TOP5
Bourbon Vetiver,earthy,125,19049,60,0.48,3.324394981363851,4.0,1.0,P_AND_LIFT_TOP5
Bourbon Vetiver,fresh spicy,125,47271,57,0.456,1.2726635780922764,5.0,,P_TOP5
Bourbon Vetiver,iris,125,7451,23,0.184,3.2579680579787946,,2.0,LIFT_TOP5
Bourbon Vetiver,green,125,29755,41,0.328,1.4543115442782726,,5.0,LIFT_TOP5
Bourbon Whiskey,warm spicy,74,45319,71,0.9594594594594594,2.793121791886107,1.0,2.0,P_AND_LIFT_TOP5
Bourbon Whiskey,woody,74,81432,68,0.918918918918919,1.4887632991081268,2.0,4.0,P_AND_LIFT_TOP5
Bourbon Whiskey,sweet,74,60625,48,0.6486486486486487,1.411566453050989,3.0,5.0,P_AND_LIFT_TOP5
Bourbon Whiskey,aromatic,74,54606,32,0.43243243243243246,1.044771834794909,4.0,,P_TOP5
Bourbon Whiskey,vanilla,74,34562,31,0.4189189189189189,1.5990964924765052,5.0,3.0,P_AND_LIFT_TOP5
Bourbon Whiskey,tobacco,74,4372,27,0.36486486486486486,11.010206226354443,,1.0,LIFT_TOP5
Bran,aromatic,63,54606,42,0.6666666666666666,1.610689911975485,1.0,2.0,P_AND_LIFT_TOP5
Bran,sweet,63,60625,39,0.6190476190476191,1.3471497299950908,2.0,3.0,P_AND_LIFT_TOP5
Bran,woody,63,81432,38,0.6031746031746031,0.9772181132334389,3.0,,P_TOP5
Bran,fresh spicy,63,47271,29,0.4603174603174603,1.2847133028639661,4.0,4.0,P_AND_LIFT_TOP5
Bran,warm spicy,63,45319,25,0.3968253968253968,1.1552146914798342,5.0,5.0,P_AND_LIFT_TOP5
Bran,green,63,29755,23,0.36507936507936506,1.6187168756484838,,1.0,LIFT_TOP5
Brandy,woody,160,81432,148,0.925,1.498615409175754,1.0,4.0,P_AND_LIFT_TOP5
Brandy,warm spicy,160,45319,135,0.84375,2.456275237758997,2.0,1.0,P_AND_LIFT_TOP5
Brandy,sweet,160,60625,120,0.75,1.6321237113402063,3.0,3.0,P_AND_LIFT_TOP5
Brandy,fruity,160,43222,76,0.475,1.4498808477164407,4.0,5.0,P_AND_LIFT_TOP5
Brandy,amber,160,45478,75,0.46875,1.3598264545494525,5.0,,P_TOP5
Brandy,vanilla,160,34562,71,0.44375,1.6938816474741045,,2.0,LIFT_TOP5
Brazilian Orange,citrus,168,59969,146,0.8690476190476191,1.911878676998989,1.0,1.0,P_AND_LIFT_TOP5
Brazilian Orange,woody,168,81432,112,0.6666666666666666,1.0800831777843272,2.0,,P_TOP5
Brazilian Orange,sweet,168,60625,108,0.6428571428571429,1.3989631811487482,3.0,3.0,P_AND_LIFT_TOP5
Brazilian Orange,fresh spicy,168,47271,95,0.5654761904761905,1.578203841880303,4.0,2.0,P_AND_LIFT_TOP5
Brazilian Orange,aromatic,168,54606,89,0.5297619047619048,1.2799232336233766,5.0,4.0,P_AND_LIFT_TOP5
Brazilian Orange,vanilla,168,34562,50,0.2976190476190476,1.1360708567901439,,5.0,LIFT_TOP5
Brazilian Rosewood,woody,761,81432,674,0.885676741130092,1.434906823574185,1.0,3.0,P_AND_LIFT_TOP5
Brazilian Rosewood,aromatic,761,54606,444,0.5834428383705651,1.4096182409667188,2.0,4.0,P_AND_LIFT_TOP5
Brazilian Rosewood,sweet,761,60625,403,0.5295663600525624,1.1524237506265493,3.0,,P_TOP5
Brazilian Rosewood,citrus,761,59969,375,0.492772667542707,1.0840850777720044,4.0,,P_TOP5
Brazilian Rosewood,powdery,761,62885,358,0.4704336399474376,0.9869493538723931,5.0,,P_TOP5
Brazilian Rosewood,balsamic,761,18162,263,0.3455978975032852,2.5104465707305588,,1.0,LIFT_TOP5
Brazilian Rosewood,yellow floral,761,6986,61,0.08015768725361366,1.5137709246162685,,2.0,LIFT_TOP5
Brazilian Rosewood,mossy,761,6173,48,0.06307490144546649,1.34804337399974,,5.0,LIFT_TOP5
Bread,sweet,92,60625,61,0.6630434782608695,1.4428919766920663,1.0,3.0,P_AND_LIFT_TOP5
Bread,savory,92,654,51,0.5543478260869565,111.82738332668528,2.0,1.0,P_AND_LIFT_TOP5
Bread,musky,92,41154,40,0.43478260869565216,1.3938103116396314,3.0,4.0,P_AND_LIFT_TOP5
Bread,woody,92,81432,37,0.40217391304347827,0.6515719170329365,4.0,,P_TOP5
Bread,warm spicy,92,45319,34,0.3695652173913043,1.0758564648477411,5.0,,P_TOP5
Bread,lactonic,92,7015,25,0.2717391304347826,5.110555021847594,,2.0,LIFT_TOP5
Bread,vanilla,92,34562,29,0.31521739130434784,1.2032472204959959,,5.0,LIFT_TOP5
Broom,sweet,213,60625,164,0.7699530516431925,1.6755448429408064,1.0,4.0,P_AND_LIFT_TOP5
Broom,yellow floral,213,6986,129,0.6056338028169014,11.437341483772373,2.0,1.0,P_AND_LIFT_TOP5
Broom,woody,213,81432,120,0.5633802816901409,0.9127463474233751,3.0,,P_TOP5
Broom,aromatic,213,54606,96,0.4507042253521127,1.0889171235890602,4.0,,P_TOP5
Broom,white floral,213,39497,90,0.4225352112676056,1.4113747986564855,5.0,5.0,P_AND_LIFT_TOP5
Broom,honey,213,3467,49,0.2300469483568075,8.753993047797408,,2.0,LIFT_TOP5
Broom,herbal,213,8607,35,0.1643192488262911,2.5187217959396517,,3.0,LIFT_TOP5
Brown sugar,sweet,583,60625,570,0.9777015437392796,2.127639829534403,1.0,,P_TOP5
Brown sugar,vanilla,583,34562,327,0.5608919382504288,2.141035629112293,2.0,,P_TOP5
Brown sugar,powdery,583,62885,295,0.5060034305317325,1.0615732303419172,3.0,,P_TOP5
Brown sugar,woody,583,81432,267,0.45797598627787306,0.7419782379118749,4.0,,P_TOP5
Brown sugar,warm spicy,583,45319,244,0.41852487135506006,1.2183849219504639,5.0,,P_TOP5
Brown sugar,caramel,583,4008,105,0.18010291595197256,5.928387650085763,,1.0,LIFT_TOP5
Brown sugar,rum,583,1166,28,0.048027444253859346,5.434185866562319,,2.0,LIFT_TOP5
Brown sugar,coffee,583,1815,43,0.07375643224699828,5.361259562725335,,3.0,LIFT_TOP5
Brown sugar,chocolate,583,1554,34,0.058319039451114926,4.951113819038348,,4.0,LIFT_TOP5
Brown sugar,lactonic,583,7015,142,0.24356775300171526,4.580740364008025,,5.0,LIFT_TOP5
Bubble Gum,sweet,119,60625,103,0.865546218487395,1.8835713419388374,1.0,4.0,P_AND_LIFT_TOP5
Bubble Gum,fruity,119,43222,102,0.8571428571428571,2.616326341743953,2.0,3.0,P_AND_LIFT_TOP5
Bubble Gum,tropical,119,6512,65,0.5462184873949579,11.066124852889558,3.0,1.0,P_AND_LIFT_TOP5
Bubble Gum,vanilla,119,34562,56,0.47058823529411764,1.7963285076775921,4.0,5.0,P_AND_LIFT_TOP5
Bubble Gum,powdery,119,62885,55,0.46218487394957986,0.9696438009090891,5.0,,P_TOP5
Bubble Gum,caramel,119,4008,25,0.21008403361344538,6.915266106442577,,2.0,LIFT_TOP5
Buchu or Agathosma,aromatic,104,54606,87,0.8365384615384616,2.0211060914692385,1.0,2.0,P_AND_LIFT_TOP5
Buchu or Agathosma,woody,104,81432,68,0.6538461538461539,1.059312347442321,2.0,,P_TOP5
Buchu or Agathosma,fresh spicy,104,47271,56,0.5384615384615384,1.502807868867398,3.0,4.0,P_AND_LIFT_TOP5
Buchu or Agathosma,citrus,104,59969,52,0.5,1.0999849922459937,4.0,,P_TOP5
Buchu or Agathosma,green,104,29755,41,0.3942307692307692,1.747970606103693,5.0,3.0,P_AND_LIFT_TOP5
Buchu or Agathosma,camphor,104,793,23,0.22115384615384615,36.792972160248326,,1.0,LIFT_TOP5
Buchu or Agathosma,fresh,104,33478,31,0.2980769230769231,1.1746606267261623,,5.0,LIFT_TOP5
Bulgarian Rose,rose,2122,25617,1440,0.6786050895381716,3.4948811126506216,1.0,1.0,P_AND_LIFT_TOP5
Bulgarian Rose,woody,2122,81432,1360,0.6409048067860509,1.0383457505560922,2.0,,P_TOP5
Bulgarian Rose,floral,2122,46586,1111,0.5235626767200754,1.4827120581221729,3.0,4.0,P_AND_LIFT_TOP5
Bulgarian Rose,powdery,2122,62885,1069,0.5037700282752121,1.0568876493654882,4.0,,P_TOP5
Bulgarian Rose,amber,2122,45478,926,0.4363807728557964,1.2659245209302348,5.0,,P_TOP5
Bulgarian Rose,oud,2122,8298,348,0.16399622997172478,2.607377997128182,,2.0,LIFT_TOP5
Bulgarian Rose,metallic,2122,2235,61,0.028746465598491987,1.6968774972747418,,3.0,LIFT_TOP5
Bulgarian Rose,iris,2122,7451,175,0.0824693685202639,1.4602313500038138,,5.0,LIFT_TOP5
Burnt Sugar,sweet,71,60625,56,0.7887323943661971,1.7164117903296066,1.0,4.0,P_AND_LIFT_TOP5
Burnt Sugar,vanilla,71,34562,41,0.5774647887323944,2.2042974821325383,2.0,3.0,P_AND_LIFT_TOP5
Burnt Sugar,powdery,71,62885,39,0.5492957746478874,1.152398688865322,3.0,,P_TOP5
Burnt Sugar,woody,71,81432,36,0.5070422535211268,0.8214717126810376,4.0,,P_TOP5
Burnt Sugar,fruity,71,43222,33,0.4647887323943662,1.418712171227355,5.0,5.0,P_AND_LIFT_TOP5
Burnt Sugar,lactonic,71,7015,23,0.323943661971831,6.092357423227892,,1.0,LIFT_TOP5
Burnt Sugar,balsamic,71,18162,25,0.352112676056338,2.557770364063026,,2.0,LIFT_TOP5
Butter,sweet,492,60625,403,0.8191056910569106,1.782509093956919,1.0,,P_TOP5
Butter,lactonic,492,7015,301,0.6117886178861789,11.505812167886468,2.0,2.0,P_AND_LIFT_TOP5
Butter,vanilla,492,34562,285,0.5792682926829268,2.211181813947646,3.0,,P_TOP5
Butter,powdery,492,62885,266,0.540650406504065,1.1342610818173062,4.0,,P_TOP5
Butter,warm spicy,492,45319,209,0.4247967479674797,1.23664323924512,5.0,,P_TOP5
Butter,savory,492,654,44,0.08943089430894309,18.04070013177196,,1.0,LIFT_TOP5
Butter,cacao,492,2035,59,0.11991869918699187,7.774385249995006,,3.0,LIFT_TOP5
Butter,chocolate,492,1554,45,0.09146341463414634,7.764973161314625,,4.0,LIFT_TOP5
Butter,caramel,492,4008,103,0.20934959349593496,6.891090785907859,,5.0,LIFT_TOP5
CO2 Extracts,woody,57,81432,35,0.6140350877192983,0.9948134532224067,1.0,,P_TOP5
CO2 Extracts,warm spicy,57,45319,31,0.543859649122807,1.5832521350597306,2.0,1.0,P_AND_LIFT_TOP5
CO2 Extracts,sweet,57,60625,28,0.49122807017543857,1.0689933080122989,3.0,5.0,P_AND_LIFT_TOP5
CO2 Extracts,aromatic,57,54606,27,0.47368421052631576,1.144437569035213,4.0,4.0,P_AND_LIFT_TOP5
CO2 Extracts,amber,57,45478,26,0.45614035087719296,1.3232463277019233,5.0,3.0,P_AND_LIFT_TOP5
CO2 Extracts,vanilla,57,34562,20,0.3508771929824561,1.3393677469525906,,2.0,LIFT_TOP5
Cabreuva,woody,77,81432,67,0.8701298701298701,1.409718952822401,1.0,2.0,P_AND_LIFT_TOP5
Cabreuva,aromatic,77,54606,46,0.5974025974025974,1.4433455055364737,2.0,1.0,P_AND_LIFT_TOP5
Cabreuva,sweet,77,60625,44,0.5714285714285714,1.2435228276877761,3.0,5.0,P_AND_LIFT_TOP5
Cabreuva,citrus,77,59969,41,0.5324675324675324,1.1714125891450842,4.0,,P_TOP5
Cabreuva,floral,77,46586,36,0.4675324675324675,1.3240363723341442,5.0,4.0,P_AND_LIFT_TOP5
Cabreuva,green,77,29755,24,0.3116883116883117,1.381987530197915,,3.0,LIFT_TOP5
Cacao,warm spicy,1305,45319,1110,0.8505747126436781,2.4761429387029823,1.0,,P_TOP5
Cacao,sweet,1305,60625,994,0.7616858237547893,1.657553991389185,2.0,,P_TOP5
Cacao,cacao,1305,2035,952,0.7295019157088123,47.29394974912216,3.0,1.0,P_AND_LIFT_TOP5
Cacao,woody,1305,81432,752,0.5762452107279693,0.9335891375790967,4.0,,P_TOP5
Cacao,vanilla,1305,34562,664,0.5088122605363985,1.9422371833969982,5.0,,P_TOP5
Cacao,chocolate,1305,1554,101,0.07739463601532567,6.5705755016099845,,2.0,LIFT_TOP5
Cacao,coffee,1305,1815,109,0.08352490421455938,6.0713171421635375,,3.0,LIFT_TOP5
Cacao,rum,1305,1166,55,0.0421455938697318,4.768669124557218,,4.0,LIFT_TOP5
Cacao,whiskey,1305,808,28,0.021455938697318006,3.503319297446986,,5.0,LIFT_TOP5
Cacao Pod,warm spicy,394,45319,344,0.8730964467005076,2.541706882614311,1.0,,P_TOP5
Cacao Pod,sweet,394,60625,300,0.7614213197969543,1.6569783871474175,2.0,,P_TOP5
Cacao Pod,cacao,394,2035,290,0.7360406091370558,47.717856296536496,3.0,1.0,P_AND_LIFT_TOP5
Cacao Pod,woody,394,81432,214,0.5431472081218274,0.8799662438293631,4.0,,P_TOP5
Cacao Pod,vanilla,394,34562,179,0.4543147208121827,1.734209279461584,5.0,,P_TOP5
Cacao Pod,coffee,394,1815,41,0.10406091370558376,7.564053082742515,,2.0,LIFT_TOP5
Cacao Pod,chocolate,394,1554,33,0.08375634517766498,7.110665778178468,,3.0,LIFT_TOP5
Cacao Pod,almond,394,3438,32,0.08121827411167512,3.1166744920166667,,4.0,LIFT_TOP5
Cacao Pod,tobacco,394,4372,36,0.09137055837563451,2.7572090042308925,,5.0,LIFT_TOP5
Cactus,green,96,29755,79,0.8229166666666666,3.648711000952221,1.0,1.0,P_AND_LIFT_TOP5
Cactus,woody,96,81432,56,0.5833333333333334,0.9450727805612863,2.0,,P_TOP5
Cactus,citrus,96,59969,53,0.5520833333333334,1.214566762271618,3.0,5.0,P_AND_LIFT_TOP5
Cactus,aromatic,96,54606,50,0.5208333333333334,1.2583514937308478,4.0,3.0,P_AND_LIFT_TOP5
Cactus,fruity,96,43222,46,0.4791666666666667,1.4625991007665848,5.0,2.0,P_AND_LIFT_TOP5
Cactus,fresh,96,33478,30,0.3125,1.231499044148396,,4.0,LIFT_TOP5
Cactus Flower,green,76,29755,66,0.868421052631579,3.8504718357816907,1.0,1.0,P_AND_LIFT_TOP5
Cactus Flower,floral,76,46586,42,0.5526315789473685,1.565034220807245,2.0,2.0,P_AND_LIFT_TOP5
Cactus Flower,woody,76,81432,42,0.5526315789473685,0.8953321079001659,3.0,,P_TOP5
Cactus Flower,powdery,76,62885,41,0.5394736842105263,1.131792369530011,4.0,5.0,P_AND_LIFT_TOP5
Cactus Flower,citrus,76,59969,39,0.5131578947368421,1.1289319657261514,5.0,,P_TOP5
Cactus Flower,white floral,76,39497,33,0.4342105263157895,1.4503733128298886,,3.0,LIFT_TOP5
Cactus Flower,fresh,76,33478,22,0.2894736842105263,1.140757009316409,,4.0,LIFT_TOP5
Cade oil,woody,221,81432,207,0.9366515837104072,1.5174924285159892,1.0,,P_TOP5
Cade oil,aromatic,221,54606,182,0.8235294117647058,1.9896757736167756,2.0,5.0,P_AND_LIFT_TOP5
Cade oil,fresh spicy,221,47271,156,0.7058823529411765,1.9700674583471771,3.0,,P_TOP5
Cade oil,amber,221,45478,125,0.5656108597285068,1.6408162347504707,4.0,,P_TOP5
Cade oil,warm spicy,221,45319,115,0.5203619909502263,1.5148471384201625,5.0,,P_TOP5
Cade oil,smoky,221,7407,68,0.3076923076923077,5.4804706566553465,,1.0,LIFT_TOP5
Cade oil,leather,221,10809,84,0.38009049773755654,4.639220960913668,,2.0,LIFT_TOP5
Cade oil,tobacco,221,4372,24,0.1085972850678733,3.2770447893422974,,3.0,LIFT_TOP5
Cade oil,balsamic,221,18162,81,0.3665158371040724,2.662395902936916,,4.0,LIFT_TOP5
Cake,sweet,142,60625,122,0.8591549295774648,1.869662843037607,1.0,5.0,P_AND_LIFT_TOP5
Cake,vanilla,142,34562,83,0.5845070422535211,2.231179158743911,2.0,4.0,P_AND_LIFT_TOP5
Cake,powdery,142,62885,69,0.4859154929577465,1.0194296093808617,3.0,,P_TOP5
Cake,fruity,142,43222,68,0.4788732394366197,1.4617034491433354,4.0,,P_TOP5
Cake,woody,142,81432,54,0.38028169014084506,0.6161037845107782,5.0,,P_TOP5
Cake,lactonic,142,7015,46,0.323943661971831,6.092357423227892,,1.0,LIFT_TOP5
Cake,nutty,142,3619,23,0.1619718309859155,5.904654230995256,,2.0,LIFT_TOP5
Cake,caramel,142,4008,21,0.14788732394366197,4.867957746478873,,3.0,LIFT_TOP5
Calabrian bergamot,citrus,1027,59969,833,0.8111002921129503,1.784396297061174,1.0,1.0,P_AND_LIFT_TOP5
Calabrian bergamot,woody,1027,81432,730,0.7108081791626095,1.151597935417564,2.0,,P_TOP5
Calabrian bergamot,fresh spicy,1027,47271,650,0.6329113924050633,1.7664106957754226,3.0,2.0,P_AND_LIFT_TOP5
Calabrian bergamot,aromatic,1027,54606,601,0.5851996105160662,1.4138626637253162,4.0,4.0,P_AND_LIFT_TOP5
Calabrian bergamot,powdery,1027,62885,463,0.4508276533592989,0.9458168451569103,5.0,,P_TOP5
Calabrian bergamot,herbal,1027,8607,98,0.09542356377799416,1.462673494740417,,3.0,LIFT_TOP5
Calabrian bergamot,cinnamon,1027,4259,43,0.04186952288218111,1.2969819567612477,,5.0,LIFT_TOP5
Calamus,woody,129,81432,116,0.8992248062015504,1.4568563793369995,1.0,,P_TOP5
Calamus,warm spicy,129,45319,80,0.6201550387596899,1.8053587736615082,2.0,3.0,P_AND_LIFT_TOP5
Calamus,aromatic,129,54606,76,0.5891472868217055,1.4234003873271728,3.0,,P_TOP5
Calamus,amber,129,45478,71,0.5503875968992248,1.596654110974861,4.0,4.0,P_AND_LIFT_TOP5
Calamus,fresh spicy,129,47271,55,0.4263565891472868,1.18993092606887,5.0,,P_TOP5
Calamus,balsamic,129,18162,38,0.29457364341085274,2.1398029278269903,,1.0,LIFT_TOP5
Calamus,earthy,129,19049,34,0.26356589147286824,1.8254106809814428,,2.0,LIFT_TOP5
Calamus,green,129,29755,44,0.34108527131782945,1.5123300233561163,,5.0,LIFT_TOP5
Calone,fresh,279,33478,246,0.8817204301075269,3.4746811740273023,1.0,5.0,P_AND_LIFT_TOP5
Calone,citrus,279,59969,181,0.6487455197132617,1.4272206709428306,2.0,,P_TOP5
Calone,woody,279,81432,177,0.6344086021505376,1.0278210885366985,3.0,,P_TOP5
Calone,aromatic,279,54606,164,0.5878136200716846,1.4201782019568792,4.0,,P_TOP5
Calone,ozonic,279,5777,126,0.45161290322580644,10.313534762433902,5.0,1.0,P_AND_LIFT_TOP5
Calone,marine,279,4326,69,0.24731182795698925,7.54226755949274,,2.0,LIFT_TOP5
Calone,salty,279,2520,28,0.1003584229390681,5.254082039028275,,3.0,LIFT_TOP5
Calone,aquatic,279,8872,72,0.25806451612903225,3.837517088920562,,4.0,LIFT_TOP5
Cambodian Oud,woody,438,81432,406,0.9269406392694064,1.5017594869193043,1.0,,P_TOP5
Cambodian Oud,warm spicy,438,45319,345,0.7876712328767124,2.293022038293534,2.0,4.0,P_AND_LIFT_TOP5
Cambodian Oud,animalic,438,18242,343,0.7831050228310502,5.663581058113171,3.0,1.0,P_AND_LIFT_TOP5
Cambodian Oud,amber,438,45478,187,0.4269406392694064,1.2385390417083597,4.0,,P_TOP5
Cambodian Oud,sweet,438,60625,160,0.365296803652968,0.794946099891729,5.0,,P_TOP5
Cambodian Oud,oud,438,8298,129,0.2945205479452055,4.682585670090499,,2.0,LIFT_TOP5
Cambodian Oud,tobacco,438,4372,38,0.0867579908675799,2.618019610054853,,3.0,LIFT_TOP5
Cambodian Oud,leather,438,10809,76,0.1735159817351598,2.117861362782832,,5.0,LIFT_TOP5
Camelia,floral,82,46586,79,0.9634146341463414,2.728358148004268,1.0,2.0,P_AND_LIFT_TOP5
Camelia,powdery,82,62885,76,0.926829268292683,1.9444475688296678,2.0,4.0,P_AND_LIFT_TOP5
Camelia,citrus,82,59969,44,0.5365853658536586,1.1804716989957007,3.0,,P_TOP5
Camelia,white floral,82,39497,35,0.4268292682926829,1.4257180384802304,4.0,5.0,P_AND_LIFT_TOP5
Camelia,fruity,82,43222,32,0.3902439024390244,1.191172968598873,5.0,,P_TOP5
Camelia,lactonic,82,7015,28,0.34146341463414637,6.42184865184361,,1.0,LIFT_TOP5
Camelia,soft spicy,82,13661,22,0.2682926829268293,2.5910148348244335,,3.0,LIFT_TOP5
Camellia,floral,119,46586,110,0.9243697478991597,2.6177843309220825,1.0,2.0,P_AND_LIFT_TOP5
Camellia,powdery,119,62885,102,0.8571428571428571,1.798248503504129,2.0,4.0,P_AND_LIFT_TOP5
Camellia,citrus,119,59969,60,0.5042016806722689,1.1092285636094055,3.0,,P_TOP5
Camellia,sweet,119,60625,53,0.44537815126050423,0.9692163215801785,4.0,,P_TOP5
Camellia,woody,119,81432,50,0.42016806722689076,0.6807246918808785,5.0,,P_TOP5
Camellia,lactonic,119,7015,45,0.37815126050420167,7.111831190066903,,1.0,LIFT_TOP5
Camellia,soft spicy,119,13661,26,0.2184873949579832,2.110024303989951,,3.0,LIFT_TOP5
Camellia,white floral,119,39497,45,0.37815126050420167,1.2631211433354261,,5.0,LIFT_TOP5
Camphor,woody,182,81432,137,0.7527472527472527,1.2195444672235123,1.0,,P_TOP5
Camphor,camphor,182,793,123,0.6758241758241759,112.4356664772806,2.0,1.0,P_AND_LIFT_TOP5
Camphor,aromatic,182,54606,123,0.6758241758241759,1.6328147734037197,3.0,,P_TOP5
Camphor,fresh spicy,182,47271,101,0.554945054945055,1.548812191383747,4.0,,P_TOP5
Camphor,warm spicy,182,45319,84,0.46153846153846156,1.3436035488596225,5.0,,P_TOP5
Camphor,smoky,182,7407,23,0.12637362637362637,2.2509075911263032,,2.0,LIFT_TOP5
Camphor,balsamic,182,18162,55,0.3021978021978022,2.1951853344321135,,3.0,LIFT_TOP5
Camphor,herbal,182,8607,24,0.13186813186813187,2.0213038965217422,,4.0,LIFT_TOP5
Camphor,oud,182,8298,21,0.11538461538461539,1.8345013627009288,,5.0,LIFT_TOP5
Candied Almond,sweet,62,60625,53,0.8548387096774194,1.8602700365813103,1.0,4.0,P_AND_LIFT_TOP5
Candied Almond,vanilla,62,34562,39,0.6290322580645161,2.401140726996459,2.0,3.0,P_AND_LIFT_TOP5
Candied Almond,warm spicy,62,45319,35,0.5645161290322581,1.6433860611051834,3.0,5.0,P_AND_LIFT_TOP5
Candied Almond,almond,62,3438,31,0.5,19.187027341477602,4.0,1.0,P_AND_LIFT_TOP5
Candied Almond,woody,62,81432,31,0.5,0.8100623833382454,5.0,,P_TOP5
Candied Almond,nutty,62,3619,21,0.3387096774193548,12.347600923441693,,2.0,LIFT_TOP5
Candied Fruits,sweet,99,60625,93,0.9393939393939394,2.0442761636988442,1.0,2.0,P_AND_LIFT_TOP5
Candied Fruits,fruity,99,43222,74,0.7474747474747475,2.2815775168743566,2.0,1.0,P_AND_LIFT_TOP5
Candied Fruits,vanilla,99,34562,50,0.5050505050505051,1.9278778175832745,3.0,3.0,P_AND_LIFT_TOP5
Candied Fruits,powdery,99,62885,49,0.494949494949495,1.0383825533702293,4.0,,P_TOP5
Candied Fruits,woody,99,81432,44,0.4444444444444444,0.7200554518562181,5.0,,P_TOP5
Candied Fruits,warm spicy,99,45319,42,0.42424242424242425,1.23502952470935,,4.0,LIFT_TOP5
Candied Fruits,amber,99,45478,41,0.41414141414141414,1.2014089618645667,,5.0,LIFT_TOP5
Candy apple,sweet,108,60625,106,0.9814814814814815,2.135865597556319,1.0,3.0,P_AND_LIFT_TOP5
Candy apple,fruity,108,43222,97,0.8981481481481481,2.7414901019199758,2.0,2.0,P_AND_LIFT_TOP5
Candy apple,gourmand,108,151,93,0.8611111111111112,752.360191317145,3.0,1.0,P_AND_LIFT_TOP5
Candy apple,powdery,108,62885,58,0.5370370370370371,1.1266803895411672,4.0,,P_TOP5
Candy apple,woody,108,81432,45,0.4166666666666667,0.6750519861152046,5.0,,P_TOP5
Candy apple,vanilla,108,34562,44,0.4074074074074074,1.555154772850508,,4.0,LIFT_TOP5
Candy apple,floral,108,46586,43,0.39814814814814814,1.1275422913576008,,5.0,LIFT_TOP5
Cappuccino,sweet,91,60625,66,0.7252747252747253,1.5783174351421774,1.0,4.0,P_AND_LIFT_TOP5
Cappuccino,coffee,91,1815,63,0.6923076923076923,50.32294977749523,2.0,1.0,P_AND_LIFT_TOP5
Cappuccino,woody,91,81432,62,0.6813186813186813,1.103821269603763,3.0,,P_TOP5
Cappuccino,aromatic,91,54606,44,0.4835164835164835,1.1681926834107914,4.0,,P_TOP5
Cappuccino,powdery,91,62885,39,0.42857142857142855,0.8991242517520645,5.0,,P_TOP5
Cappuccino,lactonic,91,7015,26,0.2857142857142857,5.373383565828327,,2.0,LIFT_TOP5
Cappuccino,vanilla,91,34562,38,0.4175824175824176,1.5939948021424788,,3.0,LIFT_TOP5
Cappuccino,fruity,91,43222,38,0.4175824175824176,1.2746205254650027,,5.0,LIFT_TOP5
Carambola (Star Fruit),fruity,171,43222,163,0.9532163742690059,2.9095792942786067,1.0,2.0,P_AND_LIFT_TOP5
Carambola (Star Fruit),tropical,171,6512,133,0.7777777777777778,15.757405132405133,2.0,1.0,P_AND_LIFT_TOP5
Carambola (Star Fruit),sweet,171,60625,108,0.631578947368421,1.3744199674443842,3.0,5.0,P_AND_LIFT_TOP5
Carambola (Star Fruit),fresh,171,33478,105,0.6140350877192983,2.4197875955196553,4.0,3.0,P_AND_LIFT_TOP5
Carambola (Star Fruit),citrus,171,59969,101,0.5906432748538012,1.2993974762204137,5.0,,P_TOP5
Carambola (Star Fruit),aquatic,171,8872,26,0.15204678362573099,2.260993255606705,,4.0,LIFT_TOP5
Caramel,sweet,4734,60625,4170,0.8808618504435995,1.9169006833653457,1.0,,P_TOP5
Caramel,caramel,4734,4008,3484,0.7359526827207435,24.22510913955781,2.0,1.0,P_AND_LIFT_TOP5
Caramel,vanilla,4734,34562,2765,0.5840726658217152,2.229521057862939,3.0,,P_TOP5
Caramel,powdery,4734,62885,2475,0.5228136882129277,1.0968404211804335,4.0,,P_TOP5
Caramel,woody,4734,81432,2316,0.4892268694550063,0.7926085677276622,5.0,,P_TOP5
Caramel,chocolate,4734,1554,234,0.049429657794676805,4.196431629891706,,2.0,LIFT_TOP5
Caramel,coffee,4734,1815,240,0.050697084917617236,3.6851054618078467,,3.0,LIFT_TOP5
Caramel,savory,4734,654,80,0.01689902830587241,3.409004288063834,,4.0,LIFT_TOP5
Caramel,rum,4734,1166,120,0.025348542458808618,2.8681245339542203,,5.0,LIFT_TOP5
Caraway,fresh spicy,744,47271,611,0.821236559139785,2.292012846085588,1.0,4.0,P_AND_LIFT_TOP5
Caraway,woody,744,81432,602,0.8091397849462365,1.3109074052946874,2.0,,P_TOP5
Caraway,aromatic,744,54606,588,0.7903225806451613,1.9094469117773896,3.0,,P_TOP5
Caraway,warm spicy,744,45319,410,0.5510752688172043,1.60425782155506,4.0,,P_TOP5
Caraway,citrus,744,59969,323,0.43413978494623656,0.9550944959555269,5.0,,P_TOP5
Caraway,anis,744,1418,31,0.041666666666666664,3.8766455101081334,,1.0,LIFT_TOP5
Caraway,cinnamon,744,4259,63,0.0846774193548387,2.6230316824334046,,2.0,LIFT_TOP5
Caraway,herbal,744,8607,118,0.1586021505376344,2.431088848661567,,3.0,LIFT_TOP5
Caraway,lavender,744,8336,106,0.1424731182795699,2.254855865477886,,5.0,LIFT_TOP5
Cardamom,warm spicy,10562,45319,9026,0.854572997538345,2.487782509879606,1.0,1.0,P_AND_LIFT_TOP5
Cardamom,aromatic,10562,54606,8499,0.8046771444802121,1.9441280385172761,2.0,3.0,P_AND_LIFT_TOP5
Cardamom,woody,10562,81432,8105,0.7673736034841886,1.243240980298519,3.0,,P_TOP5
Cardamom,fresh spicy,10562,47271,5815,0.5505586063245598,1.5365699251634017,4.0,,P_TOP5
Cardamom,citrus,10562,59969,5156,0.48816512024237835,1.0739486120091544,5.0,,P_TOP5
Cardamom,cinnamon,10562,4259,806,0.07631130467714448,2.363876596866793,,2.0,LIFT_TOP5
Cardamom,coffee,10562,1815,276,0.026131414504828632,1.8994586862931357,,4.0,LIFT_TOP5
Cardamom,lavender,10562,8336,1192,0.11285741336868017,1.7861418600923675,,5.0,LIFT_TOP5
Cardamon,warm spicy,154,45319,128,0.8311688311688312,2.419649681063216,1.0,1.0,P_AND_LIFT_TOP5
Cardamon,aromatic,154,54606,124,0.8051948051948052,1.945378724853508,2.0,2.0,P_AND_LIFT_TOP5
Cardamon,woody,154,81432,117,0.7597402597402597,1.230874011046425,3.0,,P_TOP5
Cardamon,fresh spicy,154,47271,97,0.6298701298701299,1.757922748276242,4.0,3.0,P_AND_LIFT_TOP5
Cardamon,citrus,154,59969,89,0.577922077922078,1.271411224803811,5.0,,P_TOP5
Cardamon,leather,154,10809,21,0.13636363636363635,1.6643958317563647,,4.0,LIFT_TOP5
Cardamon,earthy,154,19049,35,0.22727272727272727,1.5740506540548538,,5.0,LIFT_TOP5
Carnation,floral,2588,46586,1957,0.7561823802163833,2.141483308761161,1.0,2.0,P_AND_LIFT_TOP5
Carnation,woody,2588,81432,1832,0.7078825347758887,1.1468580264881496,2.0,,P_TOP5
Carnation,warm spicy,2588,45319,1789,0.6912673879443586,2.0123768505814166,3.0,4.0,P_AND_LIFT_TOP5
Carnation,aromatic,2588,54606,1602,0.6190108191653787,1.495551722750035,4.0,,P_TOP5
Carnation,powdery,2588,62885,1260,0.4868624420401855,1.0214162674463174,5.0,,P_TOP5
Carnation,mossy,2588,6173,288,0.11128284389489954,2.3783485493364807,,1.0,LIFT_TOP5
Carnation,aldehydic,2588,3556,148,0.0571870170015456,2.121676927169266,,3.0,LIFT_TOP5
Carnation,yellow floral,2588,6986,235,0.09080370942812983,1.7148201237980487,,5.0,LIFT_TOP5
Carrot,powdery,310,62885,256,0.8258064516129032,1.732506085096451,1.0,4.0,P_AND_LIFT_TOP5
Carrot,woody,310,81432,198,0.6387096774193548,1.034789367103049,2.0,,P_TOP5
Carrot,soft spicy,310,13661,147,0.47419354838709676,4.579485750582657,3.0,2.0,P_AND_LIFT_TOP5
Carrot,aromatic,310,54606,141,0.45483870967741935,1.0989061818800487,4.0,,P_TOP5
Carrot,musky,310,41154,123,0.3967741935483871,1.2719643134285539,5.0,,P_TOP5
Carrot,iris,310,7451,82,0.2645161290322581,4.683614669604859,,1.0,LIFT_TOP5
Carrot,earthy,310,19049,116,0.3741935483870968,2.5915982381599916,,3.0,LIFT_TOP5
Carrot,violet,310,7614,29,0.0935483870967742,1.62094020353,,5.0,LIFT_TOP5
Carrot Seeds,powdery,424,62885,355,0.8372641509433962,1.7565438408835536,1.0,5.0,P_AND_LIFT_TOP5
Carrot Seeds,woody,424,81432,312,0.7358490566037735,1.1921672811393045,2.0,,P_TOP5
Carrot Seeds,musky,424,41154,239,0.5636792452830188,1.8070224724252486,3.0,4.0,P_AND_LIFT_TOP5
Carrot Seeds,aromatic,424,54606,237,0.5589622641509434,1.3504723200643511,4.0,,P_TOP5
Carrot Seeds,warm spicy,424,45319,176,0.41509433962264153,1.2083981602951321,5.0,,P_TOP5
Carrot Seeds,iris,424,7451,109,0.25707547169811323,4.551867800447199,,1.0,LIFT_TOP5
Carrot Seeds,violet,424,7614,67,0.1580188679245283,2.738039039306937,,2.0,LIFT_TOP5
Carrot Seeds,earthy,424,19049,113,0.2665094339622642,1.8457971348963993,,3.0,LIFT_TOP5
Casablanca Lily,white floral,51,39497,43,0.8431372549019608,2.8162923269923206,1.0,2.0,P_AND_LIFT_TOP5
Casablanca Lily,woody,51,81432,32,0.6274509803921569,1.0165488732087786,2.0,,P_TOP5
Casablanca Lily,sweet,51,60625,30,0.5882352941176471,1.2800970285021225,3.0,4.0,P_AND_LIFT_TOP5
Casablanca Lily,powdery,51,62885,27,0.5294117647058824,1.1106828992231383,4.0,,P_TOP5
Casablanca Lily,musky,51,41154,23,0.45098039215686275,1.4457365781516962,5.0,3.0,P_AND_LIFT_TOP5
Casablanca Lily,soft spicy,51,13661,21,0.4117647058823529,3.976584265211831,,1.0,LIFT_TOP5
Casablanca Lily,fruity,51,43222,21,0.4117647058823529,1.2568626543671932,,5.0,LIFT_TOP5
Cashmeran,woody,2386,81432,2076,0.8700754400670578,1.409630769329587,1.0,4.0,P_AND_LIFT_TOP5
Cashmeran,powdery,2386,62885,1775,0.7439228834870075,1.5607179139451524,2.0,3.0,P_AND_LIFT_TOP5
Cashmeran,musky,2386,41154,1510,0.6328583403185247,2.0287943052491366,3.0,1.0,P_AND_LIFT_TOP5
Cashmeran,amber,2386,45478,1326,0.5557418273260687,1.6121865358883032,4.0,2.0,P_AND_LIFT_TOP5
Cashmeran,citrus,2386,59969,974,0.4082145850796312,0.8980598344070393,5.0,,P_TOP5
Cashmeran,leather,2386,10809,221,0.09262363788767812,1.1305242433639906,,5.0,LIFT_TOP5
Cashmere Musk,musky,245,41154,170,0.6938775510204082,2.2244074769432487,1.0,1.0,P_AND_LIFT_TOP5
Cashmere Musk,powdery,245,62885,168,0.6857142857142857,1.438598802803303,2.0,2.0,P_AND_LIFT_TOP5
Cashmere Musk,woody,245,81432,158,0.6448979591836734,1.044815155652594,3.0,,P_TOP5
Cashmere Musk,sweet,245,60625,130,0.5306122448979592,1.1546997685672207,4.0,4.0,P_AND_LIFT_TOP5
Cashmere Musk,citrus,245,59969,109,0.4448979591836735,0.978762156365823,5.0,,P_TOP5
Cashmere Musk,animalic,245,18242,48,0.19591836734693877,1.4169230459424205,,3.0,LIFT_TOP5
Cashmere Musk,floral,245,46586,96,0.39183673469387753,1.10966857871814,,5.0,LIFT_TOP5
Cashmere Wood,woody,2688,81432,2344,0.8720238095238095,1.4127873709411065,1.0,5.0,P_AND_LIFT_TOP5
Cashmere Wood,musky,2688,41154,1538,0.5721726190476191,1.8342502218727799,2.0,3.0,P_AND_LIFT_TOP5
Cashmere Wood,amber,2688,45478,1529,0.5688244047619048,1.6501386103223117,3.0,4.0,P_AND_LIFT_TOP5
Cashmere Wood,powdery,2688,62885,1235,0.45944940476190477,0.9639049053071177,4.0,,P_TOP5
Cashmere Wood,sweet,2688,60625,1230,0.4575892857142857,0.995789764359352,5.0,,P_TOP5
Cashmere Wood,coffee,2688,1815,73,0.027157738095238096,1.9740608192312739,,1.0,LIFT_TOP5
Cashmere Wood,balsamic,2688,18162,718,0.26711309523809523,1.9403276431429306,,2.0,LIFT_TOP5
Cashmirwood,woody,70,81432,61,0.8714285714285714,1.411823010960942,1.0,3.0,P_AND_LIFT_TOP5
Cashmirwood,amber,70,45478,42,0.6,1.7405778618232992,2.0,2.0,P_AND_LIFT_TOP5
Cashmirwood,musky,70,41154,41,0.5857142857142857,1.8776616055373891,3.0,1.0,P_AND_LIFT_TOP5
Cashmirwood,sweet,70,60625,33,0.4714285714285714,1.0259063328424154,4.0,,P_TOP5
Cashmirwood,powdery,70,62885,31,0.44285714285714284,0.9290950601438,5.0,,P_TOP5
Cashmirwood,white floral,70,39497,27,0.38571428571428573,1.2883835662021348,,4.0,LIFT_TOP5
Cashmirwood,fruity,70,43222,28,0.4,1.2209522928138448,,5.0,LIFT_TOP5
Cassia,woody,345,81432,256,0.7420289855072464,1.2021795370121207,1.0,,P_TOP5
Cassia,aromatic,345,54606,227,0.6579710144927536,1.589680913123631,2.0,5.0,P_AND_LIFT_TOP5
Cassia,fruity,345,43222,210,0.6086956521739131,1.8579708803688944,3.0,3.0,P_AND_LIFT_TOP5
Cassia,floral,345,46586,170,0.4927536231884058,1.3954618449157767,4.0,,P_TOP5
Cassia,green,345,29755,165,0.4782608695652174,2.1205497066623806,5.0,2.0,P_AND_LIFT_TOP5
Cassia,soft spicy,345,13661,93,0.26956521739130435,2.603304233250478,,1.0,LIFT_TOP5
Cassia,yellow floral,345,6986,31,0.08985507246376812,1.6969051975586784,,4.0,LIFT_TOP5
Cassis,woody,2045,81432,1403,0.6860635696821515,1.1115085807565361,1.0,,P_TOP5
Cassis,fruity,2045,43222,1394,0.6816625916870416,2.080693760614303,2.0,3.0,P_AND_LIFT_TOP5
Cassis,aromatic,2045,54606,1385,0.6772616136919315,1.6362876734127483,3.0,4.0,P_AND_LIFT_TOP5
Cassis,green,2045,29755,1070,0.5232273838630807,2.3199256848615772,4.0,2.0,P_AND_LIFT_TOP5
Cassis,citrus,2045,59969,957,0.46797066014669925,1.0295214059456392,5.0,,P_TOP5
Cassis,soft spicy,2045,13661,586,0.2865525672371638,2.767358187219019,,1.0,LIFT_TOP5
Cassis,fresh,2045,33478,848,0.4146699266503667,1.6341299785824388,,5.0,LIFT_TOP5
Castoreum,woody,1076,81432,933,0.8671003717472119,1.4048107874620501,1.0,,P_TOP5
Castoreum,leather,1076,10809,689,0.6403345724907064,7.815648084808853,2.0,2.0,P_AND_LIFT_TOP5
Castoreum,amber,1076,45478,668,0.620817843866171,1.8009696587638846,3.0,,P_TOP5
Castoreum,musky,1076,41154,567,0.5269516728624535,1.6892825533543154,4.0,,P_TOP5
Castoreum,warm spicy,1076,45319,528,0.49070631970260226,1.4285152973005653,5.0,,P_TOP5
Castoreum,smoky,1076,7407,518,0.48141263940520446,8.57469549301048,,1.0,LIFT_TOP5
Castoreum,animalic,1076,18242,437,0.40613382899628253,2.937245700004361,,3.0,LIFT_TOP5
Castoreum,oud,1076,8298,187,0.1737918215613383,2.763118223498115,,4.0,LIFT_TOP5
Castoreum,tobacco,1076,4372,79,0.07342007434944238,2.215533030403004,,5.0,LIFT_TOP5
Cedar,woody,22305,81432,19660,0.881416722707913,1.4280050622219147,1.0,2.0,P_AND_LIFT_TOP5
Cedar,aromatic,22305,54606,12931,0.5797354853171934,1.400661146721923,2.0,3.0,P_AND_LIFT_TOP5
Cedar,citrus,22305,59969,12203,0.5470970634386909,1.2035971181688288,3.0,,P_TOP5
Cedar,powdery,22305,62885,12028,0.5392512889486663,1.1313257939253802,4.0,,P_TOP5
Cedar,fresh spicy,22305,47271,10430,0.46760815960546964,1.3050611262031606,5.0,5.0,P_AND_LIFT_TOP5
Cedar,lavender,22305,8336,2087,0.09356646491817978,1.4808329794452326,,1.0,LIFT_TOP5
Cedar,conifer,22305,1828,427,0.019143689755660165,1.381634020494664,,4.0,LIFT_TOP5
Cedar Leaves,woody,61,81432,53,0.8688524590163934,1.4076493874402298,1.0,5.0,P_AND_LIFT_TOP5
Cedar Leaves,aromatic,61,54606,43,0.7049180327868853,1.7031065462691604,2.0,1.0,P_AND_LIFT_TOP5
Cedar Leaves,amber,61,45478,35,0.5737704918032787,1.6644870263337561,3.0,2.0,P_AND_LIFT_TOP5
Cedar Leaves,citrus,61,59969,35,0.5737704918032787,1.262277859954419,4.0,,P_TOP5
Cedar Leaves,fresh spicy,61,47271,33,0.5409836065573771,1.50984678160214,5.0,3.0,P_AND_LIFT_TOP5
Cedar Leaves,warm spicy,61,45319,30,0.4918032786885246,1.4317086996045159,,4.0,LIFT_TOP5
Cedar Needles,woody,127,81432,123,0.968503937007874,1.5690972149701445,1.0,,P_TOP5
Cedar Needles,aromatic,127,54606,106,0.8346456692913385,2.016533039402379,2.0,2.0,P_AND_LIFT_TOP5
Cedar Needles,fresh spicy,127,47271,85,0.6692913385826772,1.8679445389184193,3.0,3.0,P_AND_LIFT_TOP5
Cedar Needles,citrus,127,59969,77,0.6062992125984252,1.3338400693376617,4.0,,P_TOP5
Cedar Needles,warm spicy,127,45319,61,0.48031496062992124,1.3982645856242528,5.0,,P_TOP5
Cedar Needles,lavender,127,8336,20,0.15748031496062992,2.492367796635785,,1.0,LIFT_TOP5
Cedar Needles,earthy,127,19049,31,0.2440944881889764,1.6905551906541894,,4.0,LIFT_TOP5
Cedar Needles,balsamic,127,18162,29,0.2283464566929134,1.6587241510569355,,5.0,LIFT_TOP5
Cedarwood,woody,4766,81432,4168,0.8745279060008393,1.4168443196616898,1.0,2.0,P_AND_LIFT_TOP5
Cedarwood,aromatic,4766,54606,2574,0.5400755350398657,1.3048413239902115,2.0,5.0,P_AND_LIFT_TOP5
Cedarwood,powdery,4766,62885,2484,0.5211917750734368,1.093437717825213,3.0,,P_TOP5
Cedarwood,citrus,4766,59969,2469,0.5180444817456987,1.1396823104722444,4.0,,P_TOP5
Cedarwood,amber,4766,45478,2006,0.4208980276961813,1.2210096484884383,5.0,,P_TOP5
Cedarwood,camphor,4766,793,51,0.010700797314309694,1.7802726225433516,,1.0,LIFT_TOP5
Cedarwood,rum,4766,1166,56,0.01174989509022241,1.3294714058773949,,3.0,LIFT_TOP5
Cedarwood,leather,4766,10809,517,0.10847671002937474,1.3240200161139244,,4.0,LIFT_TOP5
Celery,aromatic,100,54606,87,0.87,2.101950335128008,1.0,3.0,P_AND_LIFT_TOP5
Celery,woody,100,81432,70,0.7,1.1340873366735436,2.0,,P_TOP5
Celery,green,100,29755,62,0.62,2.749003528818686,3.0,2.0,P_AND_LIFT_TOP5
Celery,fresh spicy,100,47271,59,0.59,1.6466480506018488,4.0,4.0,P_AND_LIFT_TOP5
Celery,citrus,100,59969,47,0.47,1.0339858927112342,5.0,,P_TOP5
Celery,herbal,100,8607,25,0.25,3.8320553038224703,,1.0,LIFT_TOP5
Celery,earthy,100,19049,22,0.22,1.5236810331250985,,5.0,LIFT_TOP5
Celery Seeds,aromatic,64,54606,55,0.859375,2.0762799646558987,1.0,3.0,P_AND_LIFT_TOP5
Celery Seeds,woody,64,81432,50,0.78125,1.2657224739660085,2.0,,P_TOP5
Celery Seeds,fresh spicy,64,47271,43,0.671875,1.875155354234097,3.0,4.0,P_AND_LIFT_TOP5
Celery Seeds,green,64,29755,38,0.59375,2.6326142665098304,4.0,1.0,P_AND_LIFT_TOP5
Celery Seeds,citrus,64,59969,33,0.515625,1.1343595232536812,5.0,,P_TOP5
Celery Seeds,earthy,64,19049,21,0.328125,2.272535631791695,,2.0,LIFT_TOP5
Celery Seeds,amber,64,45478,28,0.4375,1.269171357579489,,5.0,LIFT_TOP5
Cetalox,woody,73,81432,65,0.8904109589041096,1.442576847040711,1.0,4.0,P_AND_LIFT_TOP5
Cetalox,amber,73,45478,59,0.8082191780821918,2.3446140147848094,2.0,3.0,P_AND_LIFT_TOP5
Cetalox,musky,73,41154,54,0.7397260273972602,2.3713868589814004,3.0,2.0,P_AND_LIFT_TOP5
Cetalox,balsamic,73,18162,36,0.4931506849315068,3.582280027695942,4.0,1.0,P_AND_LIFT_TOP5
Cetalox,warm spicy,73,45319,33,0.4520547945205479,1.3159952567597673,5.0,5.0,P_AND_LIFT_TOP5
Ceylon Cinnamon,warm spicy,209,45319,170,0.8133971291866029,2.3679137503825882,1.0,2.0,P_AND_LIFT_TOP5
Ceylon Cinnamon,woody,209,81432,165,0.7894736842105263,1.2790458684288086,2.0,,P_TOP5
Ceylon Cinnamon,amber,209,45478,117,0.5598086124401914,1.6239841294523605,3.0,4.0,P_AND_LIFT_TOP5
Ceylon Cinnamon,citrus,209,59969,107,0.5119617224880383,1.1263004226825009,4.0,,P_TOP5
Ceylon Cinnamon,fresh spicy,209,47271,106,0.507177033492823,1.4154950398491282,5.0,5.0,P_AND_LIFT_TOP5
Ceylon Cinnamon,cinnamon,209,4259,93,0.4449760765550239,13.783914951844167,,1.0,LIFT_TOP5
Ceylon Cinnamon,oud,209,8298,24,0.11483253588516747,1.8257238442191062,,3.0,LIFT_TOP5
Chamomile,aromatic,1017,54606,714,0.7020648967551623,1.6962132701334753,1.0,4.0,P_AND_LIFT_TOP5
Chamomile,herbal,1017,8607,684,0.672566371681416,10.30924612709762,2.0,1.0,P_AND_LIFT_TOP5
Chamomile,floral,1017,46586,609,0.5988200589970502,1.6958384575512133,3.0,,P_TOP5
Chamomile,woody,1017,81432,607,0.5968534906588004,0.9669771222936381,4.0,,P_TOP5
Chamomile,fresh spicy,1017,47271,580,0.5703048180924287,1.591680198238542,5.0,,P_TOP5
Chamomile,honey,1017,3467,56,0.05506391347099312,2.0953510540029194,,2.0,LIFT_TOP5
Chamomile,yellow floral,1017,6986,102,0.10029498525073746,1.894062038953592,,3.0,LIFT_TOP5
Chamomile,green,1017,29755,389,0.3824975417895772,1.6959469228129362,,5.0,LIFT_TOP5
Champaca,floral,531,46586,455,0.8568738229755178,2.426638120146827,1.0,1.0,P_AND_LIFT_TOP5
Champaca,sweet,531,60625,380,0.7156308851224106,1.5573308482342205,2.0,5.0,P_AND_LIFT_TOP5
Champaca,woody,531,81432,343,0.6459510357815442,1.046521271130012,3.0,,P_TOP5
Champaca,amber,531,45478,248,0.4670433145009416,1.3548754228881927,4.0,,P_TOP5
Champaca,powdery,531,62885,199,0.3747645951035782,0.7862398510298969,5.0,,P_TOP5
Champaca,tuberose,531,3931,34,0.064030131826742,2.148943091300451,,2.0,LIFT_TOP5
Champaca,oud,531,8298,56,0.10546139359698682,1.6767319423054314,,3.0,LIFT_TOP5
Champaca,yellow floral,531,6986,47,0.08851224105461393,1.6715459436494728,,4.0,LIFT_TOP5
Champagne,Champagne,410,311,311,0.7585365853658537,321.780487804878,1.0,1.0,P_AND_LIFT_TOP5
Champagne,sweet,410,60625,270,0.6585365853658537,1.433084234347498,2.0,5.0,P_AND_LIFT_TOP5
Champagne,fruity,410,43222,266,0.6487804878048781,1.9803250602956264,3.0,3.0,P_AND_LIFT_TOP5
Champagne,citrus,410,59969,244,0.5951219512195122,1.3092504297952317,4.0,,P_TOP5
Champagne,aldehydic,410,3556,215,0.524390243902439,19.455231967955225,5.0,2.0,P_AND_LIFT_TOP5
Champagne,tropical,410,6512,33,0.08048780487804878,1.6306443638760713,,4.0,LIFT_TOP5
Cherry,sweet,1599,60625,1462,0.9143214509068167,1.9897142930826612,1.0,,P_TOP5
Cherry,cherry,1599,1803,1282,0.8017510944340213,58.66612417564083,2.0,1.0,P_AND_LIFT_TOP5
Cherry,fruity,1599,43222,1018,0.6366479049405879,1.9432917981308537,3.0,,P_TOP5
Cherry,woody,1599,81432,733,0.45841150719199497,0.7426838361312493,4.0,,P_TOP5
Cherry,powdery,1599,62885,720,0.450281425891182,0.9446708836419438,5.0,,P_TOP5
Cherry,nutty,1599,3619,486,0.30393996247654786,11.080077162069896,,2.0,LIFT_TOP5
Cherry,almond,1599,3438,406,0.25390869293308316,9.743506067091817,,3.0,LIFT_TOP5
Cherry,wine,1599,236,22,0.013758599124452783,7.6914067054621,,4.0,LIFT_TOP5
Cherry,chocolate,1599,1554,57,0.03564727954971857,3.0263485141533923,,5.0,LIFT_TOP5
Cherry Blossom,floral,595,46586,569,0.9563025210084034,2.7082168805357543,1.0,5.0,P_AND_LIFT_TOP5
Cherry Blossom,fruity,595,43222,474,0.7966386554621848,2.431644482326733,2.0,,P_TOP5
Cherry Blossom,fresh,595,33478,469,0.788235294117647,3.106275236063719,3.0,3.0,P_AND_LIFT_TOP5
Cherry Blossom,sweet,595,60625,323,0.5428571428571428,1.1813466863033872,4.0,,P_TOP5
Cherry Blossom,powdery,595,62885,307,0.5159663865546219,1.0824750795603286,5.0,,P_TOP5
Cherry Blossom,cherry,595,1803,194,0.32605042016806723,23.857921205087692,,1.0,LIFT_TOP5
Cherry Blossom,almond,595,3438,54,0.0907563025210084,3.482687315764002,,2.0,LIFT_TOP5
Cherry Blossom,nutty,595,3619,47,0.07899159663865546,2.8796245771035687,,4.0,LIFT_TOP5
Cherry Liqueur,sweet,82,60625,73,0.8902439024390244,1.9373175760623587,1.0,,P_TOP5
Cherry Liqueur,vanilla,82,34562,58,0.7073170731707317,2.6999693728202834,2.0,4.0,P_AND_LIFT_TOP5
Cherry Liqueur,woody,82,81432,57,0.6951219512195121,1.1261842890312193,3.0,,P_TOP5
Cherry Liqueur,fruity,82,43222,54,0.6585365853658537,2.010104384510598,4.0,,P_TOP5
Cherry Liqueur,cherry,82,1803,49,0.5975609756097561,43.72502468785087,5.0,1.0,P_AND_LIFT_TOP5
Cherry Liqueur,almond,82,3438,42,0.5121951219512195,19.65500361809901,,2.0,LIFT_TOP5
Cherry Liqueur,nutty,82,3619,27,0.32926829268292684,12.003416925575722,,3.0,LIFT_TOP5
Cherry Liqueur,balsamic,82,18162,24,0.2926829268292683,2.126068634323608,,5.0,LIFT_TOP5
Chestnut,warm spicy,307,45319,212,0.6905537459283387,2.0102993380331813,1.0,5.0,P_AND_LIFT_TOP5
Chestnut,woody,307,81432,207,0.6742671009771987,1.092396829648318,2.0,,P_TOP5
Chestnut,balsamic,307,18162,173,0.5635179153094463,4.0934323624477065,3.0,2.0,P_AND_LIFT_TOP5
Chestnut,sweet,307,60625,167,0.5439739413680782,1.18377702407737,4.0,,P_TOP5
Chestnut,amber,307,45478,164,0.5342019543973942,1.549700159278073,5.0,,P_TOP5
Chestnut,nutty,307,3619,141,0.4592833876221498,16.74309403951098,,1.0,LIFT_TOP5
Chestnut,cinnamon,307,4259,21,0.06840390879478828,2.1189311310862684,,3.0,LIFT_TOP5
Chestnut,lavender,307,8336,39,0.1270358306188925,2.010537084159128,,4.0,LIFT_TOP5
Chili Pepper,warm spicy,157,45319,149,0.9490445859872612,2.7628026264767396,1.0,3.0,P_AND_LIFT_TOP5
Chili Pepper,woody,157,81432,109,0.6942675159235668,1.1247999972467357,2.0,,P_TOP5
Chili Pepper,fresh spicy,157,47271,79,0.5031847133757962,1.4043527582591608,3.0,,P_TOP5
Chili Pepper,aromatic,157,54606,79,0.5031847133757962,1.215711812542006,4.0,,P_TOP5
Chili Pepper,amber,157,45478,71,0.45222929936305734,1.3119005115653317,5.0,,P_TOP5
Chili Pepper,tobacco,157,4372,20,0.12738853503184713,3.8440918176467505,,1.0,LIFT_TOP5
Chili Pepper,smoky,157,7407,25,0.1592356687898089,2.8362308334601716,,2.0,LIFT_TOP5
Chili Pepper,leather,157,10809,28,0.17834394904458598,2.1767894529977085,,4.0,LIFT_TOP5
Chili Pepper,balsamic,157,18162,43,0.27388535031847133,1.9895217634355205,,5.0,LIFT_TOP5
Chinese Osmanthus,floral,112,46586,84,0.75,2.12397501395269,1.0,2.0,P_AND_LIFT_TOP5
Chinese Osmanthus,fruity,112,43222,77,0.6875,2.0985117532737956,2.0,3.0,P_AND_LIFT_TOP5
Chinese Osmanthus,woody,112,81432,74,0.6607142857142857,1.0704395779826814,3.0,,P_TOP5
Chinese Osmanthus,powdery,112,62885,55,0.49107142857142855,1.0302465384659072,4.0,,P_TOP5
Chinese Osmanthus,musky,112,41154,48,0.42857142857142855,1.3738987357590653,5.0,4.0,P_AND_LIFT_TOP5
Chinese Osmanthus,leather,112,10809,35,0.3125,3.8142404477750023,,1.0,LIFT_TOP5
Chinese Osmanthus,fresh,112,33478,35,0.3125,1.231499044148396,,5.0,LIFT_TOP5
Chocolate,sweet,1099,60625,971,0.8835304822565969,1.9227080663771188,1.0,,P_TOP5
Chocolate,warm spicy,1099,45319,920,0.8371246587807097,2.436987935147268,2.0,,P_TOP5
Chocolate,chocolate,1099,1554,740,0.6733393994540491,57.16452185969929,3.0,1.0,P_AND_LIFT_TOP5
Chocolate,vanilla,1099,34562,580,0.5277525022747953,2.0145358377730957,4.0,,P_TOP5
Chocolate,woody,1099,81432,540,0.4913557779799818,0.7960576651549637,5.0,,P_TOP5
Chocolate,cacao,1099,2035,320,0.2911737943585077,18.876933017060406,,2.0,LIFT_TOP5
Chocolate,coffee,1099,1815,113,0.10282074613284804,7.473906907606965,,3.0,LIFT_TOP5
Chocolate,caramel,1099,4008,172,0.1565059144676979,5.151653017895056,,4.0,LIFT_TOP5
Chocolate,nutty,1099,3619,128,0.1164695177434031,4.245875511436079,,5.0,LIFT_TOP5
Choya Loban,amber,51,45478,45,0.8823529411764706,2.559673326210734,1.0,2.0,P_AND_LIFT_TOP5
Choya Loban,woody,51,81432,38,0.7450980392156863,1.2071517869354245,2.0,5.0,P_AND_LIFT_TOP5
Choya Loban,balsamic,51,18162,31,0.6078431372549019,4.415413781413898,3.0,1.0,P_AND_LIFT_TOP5
Choya Loban,warm spicy,51,45319,27,0.5294117647058824,1.5411923060448611,4.0,3.0,P_AND_LIFT_TOP5
Choya Loban,aromatic,51,54606,27,0.5294117647058824,1.2790772830393558,5.0,4.0,P_AND_LIFT_TOP5
Chrysanthemum,herbal,92,8607,70,0.7608695652173914,11.662777011633604,1.0,1.0,P_AND_LIFT_TOP5
Chrysanthemum,fresh spicy,92,47271,61,0.6630434782608695,1.8505072049873394,2.0,3.0,P_AND_LIFT_TOP5
Chrysanthemum,floral,92,46586,56,0.6086956521739131,1.7238058084253713,3.0,4.0,P_AND_LIFT_TOP5
Chrysanthemum,aromatic,92,54606,56,0.6086956521739131,1.4706299196297907,4.0,5.0,P_AND_LIFT_TOP5
Chrysanthemum,woody,92,81432,46,0.5,0.8100623833382454,5.0,,P_TOP5
Chrysanthemum,green,92,29755,41,0.44565217391304346,1.975966772117218,,2.0,LIFT_TOP5
Cinammon,warm spicy,106,45319,86,0.8113207547169812,2.36186913148594,1.0,2.0,P_AND_LIFT_TOP5
Cinammon,woody,106,81432,66,0.6226415094339622,1.008756930194796,2.0,,P_TOP5
Cinammon,cinnamon,106,4259,62,0.5849056603773585,18.118479402109628,3.0,1.0,P_AND_LIFT_TOP5
Cinammon,sweet,106,60625,58,0.5471698113207547,1.1907317642482007,4.0,5.0,P_AND_LIFT_TOP5
Cinammon,aromatic,106,54606,48,0.4528301886792453,1.0940535251154238,5.0,,P_TOP5
Cinammon,balsamic,106,18162,21,0.19811320754716982,1.439107778421876,,3.0,LIFT_TOP5
Cinammon,vanilla,106,34562,35,0.330188679245283,1.2603955920615182,,4.0,LIFT_TOP5
Cinnamon,warm spicy,8039,45319,6868,0.8543351163079985,2.4870900040714545,1.0,4.0,P_AND_LIFT_TOP5
Cinnamon,woody,8039,81432,5571,0.6929966413733052,1.1227410219125178,2.0,,P_TOP5
Cinnamon,cinnamon,8039,4259,4050,0.5037940042293818,15.60590349330414,3.0,1.0,P_AND_LIFT_TOP5
Cinnamon,amber,8039,45478,4030,0.5013061326035576,1.4542705940100127,4.0,,P_TOP5
Cinnamon,sweet,8039,60625,3784,0.47070531160592116,1.024332400167739,5.0,,P_TOP5
Cinnamon,coca-cola,8039,90,25,0.0031098395322801346,4.558679216596868,,2.0,LIFT_TOP5
Cinnamon,rum,8039,1166,204,0.025376290583405896,2.8712641652390567,,3.0,LIFT_TOP5
Cinnamon,tobacco,8039,4372,638,0.07936310486378903,2.3948706369349693,,5.0,LIFT_TOP5
Cinnamon Leaf,warm spicy,102,45319,92,0.9019607843137255,2.6257350399282817,1.0,1.0,P_AND_LIFT_TOP5
Cinnamon Leaf,woody,102,81432,80,0.7843137254901961,1.2706860915109732,2.0,,P_TOP5
Cinnamon Leaf,aromatic,102,54606,65,0.6372549019607843,1.539630062917743,3.0,3.0,P_AND_LIFT_TOP5
Cinnamon Leaf,fresh spicy,102,47271,56,0.5490196078431373,1.5322746898255823,4.0,5.0,P_AND_LIFT_TOP5
Cinnamon Leaf,amber,102,45478,54,0.5294117647058824,1.5358039957264404,5.0,4.0,P_AND_LIFT_TOP5
Cinnamon Leaf,balsamic,102,18162,29,0.28431372549019607,2.065274188080694,,2.0,LIFT_TOP5
Cistus Incanus,woody,138,81432,104,0.7536231884057971,1.2209635922779352,1.0,,P_TOP5
Cistus Incanus,amber,138,45478,85,0.6159420289855072,1.7868250996978312,2.0,5.0,P_AND_LIFT_TOP5
Cistus Incanus,warm spicy,138,45319,80,0.5797101449275363,1.6876179840748882,3.0,,P_TOP5
Cistus Incanus,aromatic,138,54606,76,0.5507246376811594,1.3305699272840963,4.0,,P_TOP5
Cistus Incanus,fresh spicy,138,47271,69,0.5,1.3954644496625839,5.0,,P_TOP5
Cistus Incanus,oud,138,8298,20,0.14492753623188406,2.304204610155756,,1.0,LIFT_TOP5
Cistus Incanus,leather,138,10809,26,0.18840579710144928,2.299600038078842,,2.0,LIFT_TOP5
Cistus Incanus,patchouli,138,14822,28,0.2028985507246377,1.8059914854339123,,3.0,LIFT_TOP5
Cistus Incanus,balsamic,138,18162,34,0.2463768115942029,1.789697872129897,,4.0,LIFT_TOP5
Citron,citrus,867,59969,778,0.8973471741637832,1.974136848829027,1.0,2.0,P_AND_LIFT_TOP5
Citron,woody,867,81432,588,0.6782006920415224,1.0987697379536063,2.0,,P_TOP5
Citron,aromatic,867,54606,544,0.6274509803921569,1.5159434465651624,3.0,,P_TOP5
Citron,fresh spicy,867,47271,485,0.5594002306805075,1.5612462700953937,4.0,,P_TOP5
Citron,fresh,867,33478,432,0.4982698961937716,1.9635804828497607,5.0,3.0,P_AND_LIFT_TOP5
Citron,aldehydic,867,3556,74,0.0853517877739331,3.1666089316690087,,1.0,LIFT_TOP5
Citron,green,867,29755,335,0.3863898500576701,1.7132049375939646,,4.0,LIFT_TOP5
Citron,herbal,867,8607,94,0.10841983852364476,1.6618832690164345,,5.0,LIFT_TOP5
Citrus,citrus,1254,59969,1010,0.8054226475279107,1.771905649391473,1.0,3.0,P_AND_LIFT_TOP5
Citrus,fresh,1254,33478,753,0.6004784688995215,2.36636371354065,2.0,1.0,P_AND_LIFT_TOP5
Citrus,woody,1254,81432,719,0.5733652312599681,0.928923211515468,3.0,,P_TOP5
Citrus,powdery,1254,62885,598,0.4768740031897927,1.0004609563620792,4.0,,P_TOP5
Citrus,fresh spicy,1254,47271,555,0.44258373205741625,1.2352197281702297,5.0,5.0,P_AND_LIFT_TOP5
Citrus,marine,1254,4326,80,0.06379585326953748,1.9455818127253999,,2.0,LIFT_TOP5
Citrus,salty,1254,2520,42,0.03349282296650718,1.7534556087187667,,4.0,LIFT_TOP5
Citrus and Floral Notes,citrus,51,59969,43,0.8431372549019608,1.8548766535912835,1.0,2.0,P_AND_LIFT_TOP5
Citrus and Floral Notes,fresh,51,33478,40,0.7843137254901961,3.0908211304116606,2.0,1.0,P_AND_LIFT_TOP5
Citrus and Floral Notes,woody,51,81432,30,0.5882352941176471,0.9530145686332299,3.0,5.0,P_AND_LIFT_TOP5
Citrus and Floral Notes,fresh spicy,51,47271,29,0.5686274509803921,1.5869987858907817,4.0,3.0,P_AND_LIFT_TOP5
Citrus and Floral Notes,aromatic,51,54606,26,0.5098039215686274,1.2317040503341945,5.0,4.0,P_AND_LIFT_TOP5
Citruses,citrus,4982,59969,4165,0.8360096346848656,1.8391961030528157,1.0,2.0,P_AND_LIFT_TOP5
Citruses,fresh,4982,33478,3268,0.6559614612605379,2.58501092012972,2.0,1.0,P_AND_LIFT_TOP5
Citruses,woody,4982,81432,3107,0.6236451224407868,1.0103829084833114,3.0,,P_TOP5
Citruses,fresh spicy,4982,47271,2562,0.5142513046969088,1.4352388277942754,4.0,5.0,P_AND_LIFT_TOP5
Citruses,aromatic,4982,54606,2380,0.47771979124849456,1.1541876727724771,5.0,,P_TOP5
Citruses,marine,4982,4326,246,0.04937775993576877,1.5058732936490924,,3.0,LIFT_TOP5
Citruses,salty,4982,2520,137,0.027498996386993175,1.4396597592603213,,4.0,LIFT_TOP5
Civet,woody,1330,81432,925,0.6954887218045113,1.1267785031396647,1.0,,P_TOP5
Civet,musky,1330,41154,901,0.6774436090225564,2.1717241419630136,2.0,4.0,P_AND_LIFT_TOP5
Civet,powdery,1330,62885,866,0.6511278195488722,1.3660378982759436,3.0,,P_TOP5
Civet,animalic,1330,18242,851,0.6398496240601503,4.627527732828399,4.0,1.0,P_AND_LIFT_TOP5
Civet,amber,1330,45478,735,0.5526315789473685,1.603163820100407,5.0,,P_TOP5
Civet,aldehydic,1330,3556,93,0.06992481203007518,2.594257719664741,,2.0,LIFT_TOP5
Civet,leather,1330,10809,246,0.1849624060150376,2.257571489089084,,3.0,LIFT_TOP5
Civet,smoky,1330,7407,162,0.12180451127819548,2.169524662202286,,5.0,LIFT_TOP5
Civetta,musky,98,41154,80,0.8163265306122449,2.61694997287441,1.0,2.0,P_AND_LIFT_TOP5
Civetta,powdery,98,62885,74,0.7551020408163265,1.5841713007060183,2.0,5.0,P_AND_LIFT_TOP5
Civetta,woody,98,81432,74,0.7551020408163265,1.2233595176944931,3.0,,P_TOP5
Civetta,animalic,98,18242,52,0.5306122448979592,3.837499916094055,4.0,1.0,P_AND_LIFT_TOP5
Civetta,amber,98,45478,50,0.5102040816326531,1.4800832158361388,5.0,,P_TOP5
Civetta,earthy,98,19049,23,0.23469387755102042,1.625448226432155,,3.0,LIFT_TOP5
Civetta,white floral,98,39497,47,0.47959183673469385,1.6019584024206437,,4.0,LIFT_TOP5
Clary Sage,aromatic,2541,54606,2380,0.9366391184573003,2.2629527688911772,1.0,4.0,P_AND_LIFT_TOP5
Clary Sage,woody,2541,81432,1995,0.7851239669421488,1.2719987837542697,2.0,,P_TOP5
Clary Sage,fresh spicy,2541,47271,1564,0.6155057064147973,1.71783266373261,3.0,,P_TOP5
Clary Sage,citrus,2541,59969,1395,0.5489964580873672,1.2077757293846212,4.0,,P_TOP5
Clary Sage,amber,2541,45478,1089,0.42857142857142855,1.2432699013023565,5.0,,P_TOP5
Clary Sage,soft spicy,2541,13661,941,0.37032664305391577,3.5763995328382334,,1.0,LIFT_TOP5
Clary Sage,lavender,2541,8336,533,0.2097599370326643,3.3197730917369723,,2.0,LIFT_TOP5
Clary Sage,camphor,2541,793,37,0.014561196379378197,2.422520350985329,,3.0,LIFT_TOP5
Clary Sage,leather,2541,10809,422,0.1660763478945297,2.027056395385818,,5.0,LIFT_TOP5
Clay,clay,56,43,43,0.7678571428571429,2355.8928571428573,1.0,1.0,P_AND_LIFT_TOP5
Clay,earthy,56,19049,43,0.7678571428571429,5.318042566913899,2.0,2.0,P_AND_LIFT_TOP5
Clay,woody,56,81432,36,0.6428571428571429,1.0415087785777442,3.0,5.0,P_AND_LIFT_TOP5
Clay,aromatic,56,54606,27,0.48214285714285715,1.164873954196556,4.0,4.0,P_AND_LIFT_TOP5
Clay,green,56,29755,24,0.42857142857142855,1.9002328540221332,5.0,3.0,P_AND_LIFT_TOP5
Clearwood,woody,111,81432,103,0.9279279279279279,1.503359017726834,1.0,3.0,P_AND_LIFT_TOP5
Clearwood,aromatic,111,54606,62,0.5585585585585585,1.3494969532767578,2.0,5.0,P_AND_LIFT_TOP5
Clearwood,citrus,111,59969,60,0.5405405405405406,1.1891729645902636,3.0,,P_TOP5
Clearwood,fresh spicy,111,47271,54,0.4864864864864865,1.3577491942662978,4.0,4.0,P_AND_LIFT_TOP5
Clearwood,musky,111,41154,44,0.3963963963963964,1.2707531850264027,5.0,,P_TOP5
Clearwood,patchouli,111,14822,22,0.1981981981981982,1.7641538448447098,,1.0,LIFT_TOP5
Clearwood,earthy,111,19049,27,0.24324324324324326,1.684659618934384,,2.0,LIFT_TOP5
Clementine,citrus,557,59969,492,0.8833034111310593,1.943240991687716,1.0,2.0,P_AND_LIFT_TOP5
Clementine,sweet,557,60625,435,0.7809694793536804,1.6995184067815432,2.0,5.0,P_AND_LIFT_TOP5
Clementine,floral,557,46586,349,0.6265709156193896,1.77442795899339,3.0,4.0,P_AND_LIFT_TOP5
Clementine,fruity,557,43222,328,0.5888689407540395,1.7974522084512616,4.0,3.0,P_AND_LIFT_TOP5
Clementine,woody,557,81432,282,0.5062836624775583,0.8202427005435734,5.0,,P_TOP5
Clementine,aldehydic,557,3556,35,0.06283662477558348,2.3312811885946934,,1.0,LIFT_TOP5
Clove,warm spicy,2098,45319,1791,0.853670162059104,2.4851542284793924,1.0,2.0,P_AND_LIFT_TOP5
Clove,woody,2098,81432,1538,0.7330791229742613,1.1876796430640815,2.0,,P_TOP5
Clove,aromatic,2098,54606,1059,0.5047664442326025,1.2195333294437836,3.0,,P_TOP5
Clove,amber,2098,45478,992,0.47283126787416585,1.3716660620660255,4.0,,P_TOP5
Clove,fresh spicy,2098,47271,983,0.46854146806482366,1.3076659237543564,5.0,,P_TOP5
Clove,cinnamon,2098,4259,243,0.11582459485224023,3.587870110085948,,1.0,LIFT_TOP5
Clove,tobacco,2098,4372,148,0.07054337464251668,2.128725392632028,,3.0,LIFT_TOP5
Clove,anis,2098,1418,46,0.0219256434699714,2.039950735538312,,4.0,LIFT_TOP5
Clove,camphor,2098,793,20,0.009532888465204958,1.5859697039274778,,5.0,LIFT_TOP5
Clove Leaf,woody,61,81432,56,0.9180327868852459,1.4873276546538277,1.0,2.0,P_AND_LIFT_TOP5
Clove Leaf,warm spicy,61,45319,55,0.9016393442622951,2.624799282608279,2.0,1.0,P_AND_LIFT_TOP5
Clove Leaf,aromatic,61,54606,35,0.5737704918032787,1.3862495144051306,3.0,3.0,P_AND_LIFT_TOP5
Clove Leaf,amber,61,45478,29,0.47540983606557374,1.3791463932479693,4.0,4.0,P_AND_LIFT_TOP5
Clove Leaf,fresh spicy,61,47271,29,0.47540983606557374,1.3268350504988502,5.0,5.0,P_AND_LIFT_TOP5
Clover,floral,214,46586,184,0.8598130841121495,2.4349620097650773,1.0,3.0,P_AND_LIFT_TOP5
Clover,green,214,29755,170,0.794392523364486,3.5222384677357295,2.0,2.0,P_AND_LIFT_TOP5
Clover,sweet,214,60625,167,0.780373831775701,1.698222179400713,3.0,,P_TOP5
Clover,woody,214,81432,116,0.5420560747663551,0.8781984716564156,4.0,,P_TOP5
Clover,aromatic,214,54606,95,0.4439252336448598,1.0725388432547038,5.0,,P_TOP5
Clover,honey,214,3467,22,0.102803738317757,3.9119980375718724,,1.0,LIFT_TOP5
Clover,herbal,214,8607,31,0.14485981308411214,2.2204432601588144,,4.0,LIFT_TOP5
Clover,yellow floral,214,6986,24,0.11214953271028037,2.1179341326177052,,5.0,LIFT_TOP5
Cloves,warm spicy,2381,45319,2078,0.872742545149097,2.540676625290063,1.0,3.0,P_AND_LIFT_TOP5
Cloves,woody,2381,81432,1797,0.75472490550189,1.222748511431186,2.0,,P_TOP5
Cloves,aromatic,2381,54606,1257,0.5279294414111718,1.2754959382737407,3.0,,P_TOP5
Cloves,fresh spicy,2381,47271,1177,0.49433011339773203,1.3796401992884175,4.0,,P_TOP5
Cloves,powdery,2381,62885,1102,0.4628307433851323,0.9709988069460206,5.0,,P_TOP5
Cloves,cinnamon,2381,4259,329,0.13817723645527089,4.280282415013827,,1.0,LIFT_TOP5
Cloves,anis,2381,1418,73,0.030659386812263753,2.8525337814823395,,2.0,LIFT_TOP5
Cloves,camphor,2381,793,26,0.010919781604367913,1.816704649513567,,4.0,LIFT_TOP5
Cloves,tobacco,2381,4372,132,0.05543889122217556,1.6729306767936005,,5.0,LIFT_TOP5
Coca-Cola,coca-cola,99,90,90,0.9090909090909091,1332.6262626262626,1.0,1.0,P_AND_LIFT_TOP5
Coca-Cola,warm spicy,99,45319,86,0.8686868686868687,2.5288699791667644,2.0,4.0,P_AND_LIFT_TOP5
Coca-Cola,citrus,99,59969,65,0.6565656565656566,1.444424737292719,3.0,,P_TOP5
Coca-Cola,sweet,99,60625,56,0.5656565656565656,1.2309619910444654,4.0,,P_TOP5
Coca-Cola,vanilla,99,34562,46,0.46464646464646464,1.7736475921766124,5.0,5.0,P_AND_LIFT_TOP5
Coca-Cola,caramel,99,4008,28,0.2828282828282828,9.30976430976431,,2.0,LIFT_TOP5
Coca-Cola,cinnamon,99,4259,22,0.2222222222222222,6.883723357073909,,3.0,LIFT_TOP5
Cocoa,warm spicy,576,45319,497,0.8628472222222222,2.5118699447864645,1.0,,P_TOP5
Cocoa,sweet,576,60625,437,0.7586805555555556,1.6510140320733104,2.0,,P_TOP5
Cocoa,cacao,576,2035,414,0.71875,46.59689803439804,3.0,1.0,P_AND_LIFT_TOP5
Cocoa,vanilla,576,34562,323,0.5607638888888888,2.140546839335429,4.0,,P_TOP5
Cocoa,woody,576,81432,311,0.5399305555555556,0.8747548653409525,5.0,,P_TOP5
Cocoa,coffee,576,1815,72,0.125,9.086088154269973,,2.0,LIFT_TOP5
Cocoa,chocolate,576,1554,41,0.07118055555555555,6.043018464893465,,3.0,LIFT_TOP5
Cocoa,rum,576,1166,21,0.036458333333333336,4.125169739851343,,4.0,LIFT_TOP5
Cocoa,tobacco,576,4372,69,0.11979166666666667,3.614847800396462,,5.0,LIFT_TOP5
Coconut,sweet,3886,60625,3480,0.8955223880597015,1.9488044314509925,1.0,,P_TOP5
Coconut,coconut,3886,3269,2727,0.7017498713329903,28.321156477504253,2.0,1.0,P_AND_LIFT_TOP5
Coconut,vanilla,3886,34562,2444,0.6289243437982501,2.400728796866592,3.0,,P_TOP5
Coconut,powdery,3886,62885,2030,0.5223880597014925,1.0959474710410735,4.0,,P_TOP5
Coconut,woody,3886,81432,1814,0.46680391147709727,0.7562805781655055,5.0,,P_TOP5
Coconut,lactonic,3886,7015,1465,0.3769943386515697,7.090073143022323,,2.0,LIFT_TOP5
Coconut,oily,3886,132,27,0.006948018528049408,6.944333972769382,,3.0,LIFT_TOP5
Coconut,tropical,3886,6512,1221,0.31420483787956766,6.3656394750386,,4.0,LIFT_TOP5
Coconut,nutty,3886,3619,470,0.12094698919197118,4.409100935091671,,5.0,LIFT_TOP5
Coconut Milk,sweet,536,60625,487,0.9085820895522388,1.9772244960763194,1.0,,P_TOP5
Coconut Milk,coconut,536,3269,439,0.8190298507462687,33.054331051989976,2.0,1.0,P_AND_LIFT_TOP5
Coconut Milk,vanilla,536,34562,339,0.6324626865671642,2.414235352086279,3.0,,P_TOP5
Coconut Milk,powdery,536,62885,254,0.47388059701492535,0.9941809201586882,4.0,,P_TOP5
Coconut Milk,woody,536,81432,230,0.4291044776119403,0.6952027916708823,5.0,,P_TOP5
Coconut Milk,tropical,536,6512,212,0.39552238805970147,8.013094081191095,,2.0,LIFT_TOP5
Coconut Milk,lactonic,536,7015,224,0.417910447761194,7.859575961957852,,3.0,LIFT_TOP5
Coconut Milk,nutty,536,3619,74,0.13805970149253732,5.032941812078046,,4.0,LIFT_TOP5
Coconut Milk,caramel,536,4008,57,0.10634328358208955,3.500466417910448,,5.0,LIFT_TOP5
Coconut Nectar,coconut,102,3269,87,0.8529411764705882,34.42292120274234,1.0,1.0,P_AND_LIFT_TOP5
Coconut Nectar,sweet,102,60625,86,0.8431372549019608,1.8348057408530423,2.0,5.0,P_AND_LIFT_TOP5
Coconut Nectar,vanilla,102,34562,68,0.6666666666666666,2.5447987192099224,3.0,4.0,P_AND_LIFT_TOP5
Coconut Nectar,fruity,102,43222,49,0.4803921568627451,1.4663397634283921,4.0,,P_TOP5
Coconut Nectar,lactonic,102,7015,45,0.4411764705882353,8.297136388411387,5.0,2.0,P_AND_LIFT_TOP5
Coconut Nectar,tropical,102,6512,40,0.39215686274509803,7.944910150792504,,3.0,LIFT_TOP5
Coconut Water,sweet,245,60625,176,0.7183673469387755,1.5632858405217758,1.0,,P_TOP5
Coconut Water,woody,245,81432,131,0.5346938775510204,0.866270793610695,2.0,,P_TOP5
Coconut Water,fruity,245,43222,126,0.5142857142857142,1.5697958050463718,3.0,,P_TOP5
Coconut Water,powdery,245,62885,119,0.4857142857142857,1.0190074853190063,4.0,,P_TOP5
Coconut Water,vanilla,245,34562,106,0.4326530612244898,1.6515224340995005,5.0,,P_TOP5
Coconut Water,salty,245,2520,32,0.1306122448979592,6.837965662455458,,1.0,LIFT_TOP5
Coconut Water,tropical,245,6512,67,0.27346938775510204,5.540358772501629,,2.0,LIFT_TOP5
Coconut Water,coconut,245,3269,28,0.11428571428571428,4.612332299086658,,3.0,LIFT_TOP5
Coconut Water,marine,245,4326,28,0.11428571428571428,3.4853708473680736,,4.0,LIFT_TOP5
Coconut Water,lactonic,245,7015,33,0.1346938775510204,2.533166538176211,,5.0,LIFT_TOP5
Coffee,warm spicy,2469,45319,2145,0.8687727825030377,2.5291200864014156,1.0,,P_TOP5
Coffee,coffee,2469,1815,1655,0.6703118671526934,48.7241017264214,2.0,1.0,P_AND_LIFT_TOP5
Coffee,sweet,2469,60625,1548,0.6269744835965978,1.3643998947777178,3.0,,P_TOP5
Coffee,woody,2469,81432,1499,0.6071283920615634,0.9836237445314134,4.0,,P_TOP5
Coffee,vanilla,2469,34562,1161,0.47023086269744835,1.7949643456881652,5.0,,P_TOP5
Coffee,cacao,2469,2035,295,0.11948157148643175,7.7460460571031655,,2.0,LIFT_TOP5
Coffee,chocolate,2469,1554,177,0.07168894289185905,6.086179044866773,,3.0,LIFT_TOP5
Coffee,cannabis,2469,388,40,0.016200891049007696,5.508720505400993,,4.0,LIFT_TOP5
Coffee,whiskey,2469,808,71,0.02875658161198866,4.695366104046614,,5.0,LIFT_TOP5
Coffee blossom,sweet,62,60625,47,0.7580645161290323,1.649673428666445,1.0,4.0,P_AND_LIFT_TOP5
Coffee blossom,floral,62,46586,46,0.7419354838709677,2.101136572942446,2.0,2.0,P_AND_LIFT_TOP5
Coffee blossom,woody,62,81432,34,0.5483870967741935,0.8884555172096885,3.0,,P_TOP5
Coffee blossom,vanilla,62,34562,32,0.5161290322580645,1.970166750356069,4.0,3.0,P_AND_LIFT_TOP5
Coffee blossom,warm spicy,62,45319,32,0.5161290322580645,1.5025243987247392,5.0,5.0,P_AND_LIFT_TOP5
Coffee blossom,coffee,62,1815,23,0.3709677419354839,26.96516484493024,,1.0,LIFT_TOP5
Cognac,woody,829,81432,779,0.9396863691194209,1.5224091595186808,1.0,,P_TOP5
Cognac,warm spicy,829,45319,672,0.8106151990349819,2.3598151593963936,2.0,,P_TOP5
Cognac,sweet,829,60625,627,0.7563329312424608,1.6459052143310162,3.0,,P_TOP5
Cognac,amber,829,45478,486,0.586248492159228,1.7006852449660703,4.0,,P_TOP5
Cognac,vanilla,829,34562,337,0.40651387213510254,1.5517439717257127,5.0,,P_TOP5
Cognac,rum,829,1166,59,0.07117008443908324,8.052718044638294,,1.0,LIFT_TOP5
Cognac,whiskey,829,808,33,0.039806996381182146,6.49967454525911,,2.0,LIFT_TOP5
Cognac,cinnamon,829,4259,140,0.16887816646562123,5.231297605496457,,3.0,LIFT_TOP5
Cognac,tobacco,829,4372,120,0.14475271411338964,4.368075382657707,,4.0,LIFT_TOP5
Cognac,chocolate,829,1554,39,0.047044632086851626,3.993950007219006,,5.0,LIFT_TOP5
Concrete,mineral,60,770,41,0.6833333333333333,117.08073593073593,1.0,1.0,P_AND_LIFT_TOP5
Concrete,woody,60,81432,34,0.5666666666666667,0.9180707011166781,2.0,3.0,P_AND_LIFT_TOP5
Concrete,aromatic,60,54606,27,0.45,1.0872156905834525,3.0,2.0,P_AND_LIFT_TOP5
Condensed Milk,sweet,76,60625,75,0.9868421052631579,2.1475311991318504,1.0,3.0,P_AND_LIFT_TOP5
Condensed Milk,lactonic,76,7015,63,0.8289473684210527,15.589882582436132,2.0,1.0,P_AND_LIFT_TOP5
Condensed Milk,vanilla,76,34562,52,0.6842105263157895,2.6117671065575516,3.0,2.0,P_AND_LIFT_TOP5
Condensed Milk,powdery,76,62885,42,0.5526315789473685,1.1593970614697673,4.0,5.0,P_AND_LIFT_TOP5
Condensed Milk,fruity,76,43222,27,0.35526315789473684,1.0843984179596649,5.0,,P_TOP5
Condensed Milk,balsamic,76,18162,20,0.2631578947368421,1.9115967984049982,,4.0,LIFT_TOP5
Cookie,sweet,106,60625,104,0.9811320754716981,2.1351052324450497,1.0,3.0,P_AND_LIFT_TOP5
Cookie,vanilla,106,34562,76,0.7169811320754716,2.7368589999050106,2.0,2.0,P_AND_LIFT_TOP5
Cookie,powdery,106,62885,52,0.49056603773584906,1.0291862504331806,3.0,,P_TOP5
Cookie,warm spicy,106,45319,46,0.4339622641509434,1.2633253493994563,4.0,5.0,P_AND_LIFT_TOP5
Cookie,lactonic,106,7015,40,0.37735849056603776,7.096921690716658,5.0,1.0,P_AND_LIFT_TOP5
Cookie,balsamic,106,18162,31,0.29245283018867924,2.1243971967180078,,4.0,LIFT_TOP5
Copahu Balm,amber,104,45478,94,0.9038461538461539,2.622024343131252,1.0,3.0,P_AND_LIFT_TOP5
Copahu Balm,woody,104,81432,74,0.7115384615384616,1.1527810839813493,2.0,,P_TOP5
Copahu Balm,balsamic,104,18162,68,0.6538461538461539,4.749582814498573,3.0,1.0,P_AND_LIFT_TOP5
Copahu Balm,aromatic,104,54606,53,0.5096153846153846,1.2312485384812601,4.0,,P_TOP5
Copahu Balm,warm spicy,104,45319,51,0.49038461538461536,1.427578770663349,5.0,5.0,P_AND_LIFT_TOP5
Copahu Balm,oud,104,8298,27,0.25961538461538464,4.12762806607709,,2.0,LIFT_TOP5
Copahu Balm,earthy,104,19049,22,0.21153846153846154,1.4650779164664407,,4.0,LIFT_TOP5
Copaiba balm,woody,145,81432,130,0.896551724137931,1.4525256528823711,1.0,3.0,P_AND_LIFT_TOP5
Copaiba balm,balsamic,145,18162,99,0.6827586206896552,4.959604934896278,2.0,1.0,P_AND_LIFT_TOP5
Copaiba balm,warm spicy,145,45319,90,0.6206896551724138,1.806915117431906,3.0,2.0,P_AND_LIFT_TOP5
Copaiba balm,aromatic,145,54606,80,0.5517241379310345,1.3329847547383324,4.0,4.0,P_AND_LIFT_TOP5
Copaiba balm,amber,145,45478,64,0.4413793103448276,1.2804250937550707,5.0,5.0,P_AND_LIFT_TOP5
Copal,amber,115,45478,101,0.8782608695652174,2.5478023774514957,1.0,3.0,P_AND_LIFT_TOP5
Copal,warm spicy,115,45319,80,0.6956521739130435,2.0251415808898656,2.0,4.0,P_AND_LIFT_TOP5
Copal,woody,115,81432,79,0.6869565217391305,1.1129552744995024,3.0,,P_TOP5
Copal,balsamic,115,18162,62,0.5391304347826087,3.9162800496018924,4.0,2.0,P_AND_LIFT_TOP5
Copal,aromatic,115,54606,62,0.5391304347826087,1.3025579288149574,5.0,5.0,P_AND_LIFT_TOP5
Copal,smoky,115,7407,28,0.24347826086956523,4.336720258744665,,1.0,LIFT_TOP5
Coriander,aromatic,3744,54606,3230,0.8627136752136753,2.0843463203849426,1.0,3.0,P_AND_LIFT_TOP5
Coriander,woody,3744,81432,2848,0.7606837606837606,1.2324026002923734,2.0,,P_TOP5
Coriander,fresh spicy,3744,47271,2182,0.5827991452991453,1.626550977117392,3.0,,P_TOP5
Coriander,citrus,3744,59969,1929,0.5152243589743589,1.1334781250227148,4.0,,P_TOP5
Coriander,warm spicy,3744,45319,1853,0.4949252136752137,1.4407970926139355,5.0,,P_TOP5
Coriander,herbal,3744,8607,693,0.18509615384615385,2.837194792253175,,1.0,LIFT_TOP5
Coriander,soft spicy,3744,13661,1009,0.26949786324786323,2.6026537660706097,,2.0,LIFT_TOP5
Coriander,mossy,3744,6173,346,0.09241452991452992,1.9750929745057397,,4.0,LIFT_TOP5
Coriander,lavender,3744,8336,400,0.10683760683760683,1.690869178273209,,5.0,LIFT_TOP5
Costus,woody,177,81432,117,0.6610169491525424,1.0709299305149684,1.0,,P_TOP5
Costus,fresh spicy,177,47271,103,0.5819209039548022,1.624099867968883,2.0,,P_TOP5
Costus,aromatic,177,54606,95,0.536723163841808,1.2967418782853481,3.0,,P_TOP5
Costus,musky,177,41154,83,0.4689265536723164,1.503267731593252,4.0,,P_TOP5
Costus,amber,177,45478,82,0.4632768361581921,1.3439490081874814,5.0,,P_TOP5
Costus,smoky,177,7407,36,0.2033898305084746,3.622683993382348,,1.0,LIFT_TOP5
Costus,leather,177,10809,52,0.2937853107344633,3.5858170085297196,,2.0,LIFT_TOP5
Costus,earthy,177,19049,81,0.4576271186440678,3.1694443678257054,,3.0,LIFT_TOP5
Costus,animalic,177,18242,75,0.423728813559322,3.0644963475979257,,4.0,LIFT_TOP5
Costus,oud,177,8298,28,0.15819209039548024,2.5150979134581473,,5.0,LIFT_TOP5
Cotton Candy,sweet,670,60625,641,0.9567164179104478,2.0819727342668104,1.0,5.0,P_AND_LIFT_TOP5
Cotton Candy,powdery,670,62885,521,0.7776119402985074,1.6313960926068551,2.0,,P_TOP5
Cotton Candy,caramel,670,4008,415,0.6194029850746269,20.388681592039802,3.0,1.0,P_AND_LIFT_TOP5
Cotton Candy,fruity,670,43222,390,0.582089552238806,1.7767589335723861,4.0,,P_TOP5
Cotton Candy,vanilla,670,34562,357,0.5328358208955224,2.0339398718461394,5.0,,P_TOP5
Cotton Candy,cherry,670,1803,25,0.03731343283582089,2.7303168020132285,,2.0,LIFT_TOP5
Cotton Candy,nutty,670,3619,41,0.06119402985074627,2.230817451839999,,3.0,LIFT_TOP5
Cotton Candy,lactonic,670,7015,78,0.11641791044776119,2.189453303688259,,4.0,LIFT_TOP5
Cotton Flower,powdery,327,62885,311,0.9510703363914373,1.9953042773335823,1.0,5.0,P_AND_LIFT_TOP5
Cotton Flower,floral,327,46586,269,0.8226299694189603,2.3296606676993825,2.0,2.0,P_AND_LIFT_TOP5
Cotton Flower,fresh,327,33478,168,0.5137614678899083,2.0246296212054364,3.0,4.0,P_AND_LIFT_TOP5
Cotton Flower,musky,327,41154,161,0.4923547400611621,1.5783729614683655,4.0,,P_TOP5
Cotton Flower,woody,327,81432,155,0.4740061162079511,0.7679490484246363,5.0,,P_TOP5
Cotton Flower,marine,327,4326,29,0.08868501529051988,2.704626460304736,,1.0,LIFT_TOP5
Cotton Flower,aquatic,327,8872,49,0.14984709480122324,2.2282830497210755,,3.0,LIFT_TOP5
Coumarin,woody,895,81432,696,0.7776536312849162,1.2598959079406007,1.0,,P_TOP5
Coumarin,aromatic,895,54606,640,0.7150837988826816,1.7276673916161627,2.0,,P_TOP5
Coumarin,sweet,895,60625,573,0.6402234636871509,1.3932318608535392,3.0,,P_TOP5
Coumarin,vanilla,895,34562,496,0.5541899441340782,2.1154527900471307,4.0,5.0,P_AND_LIFT_TOP5
Coumarin,citrus,895,59969,416,0.464804469273743,1.0225558810599629,5.0,,P_TOP5
Coumarin,caramel,895,4008,85,0.09497206703910614,3.126163873370577,,1.0,LIFT_TOP5
Coumarin,honey,895,3467,65,0.07262569832402235,2.763630914302933,,2.0,LIFT_TOP5
Coumarin,lavender,895,8336,144,0.16089385474860335,2.5463923053002926,,3.0,LIFT_TOP5
Coumarin,balsamic,895,18162,281,0.3139664804469274,2.280673811549561,,4.0,LIFT_TOP5
Cranberry,fruity,344,43222,316,0.9186046511627907,2.8039311375666784,1.0,2.0,P_AND_LIFT_TOP5
Cranberry,sweet,344,60625,211,0.6133720930232558,1.3347988491968352,2.0,,P_TOP5
Cranberry,woody,344,81432,191,0.5552325581395349,0.8995460187070051,3.0,,P_TOP5
Cranberry,fresh spicy,344,47271,183,0.5319767441860465,1.484709269117749,4.0,5.0,P_AND_LIFT_TOP5
Cranberry,powdery,344,62885,163,0.4738372093023256,0.9940898946212263,5.0,,P_TOP5
Cranberry,sour,344,1912,57,0.16569767441860464,11.433312858810938,,1.0,LIFT_TOP5
Cranberry,violet,344,7614,41,0.11918604651162791,2.0651714100708,,3.0,LIFT_TOP5
Cranberry,tropical,344,6512,33,0.09593023255813954,1.9435005499685731,,4.0,LIFT_TOP5
Cream,sweet,173,60625,167,0.9653179190751445,2.1006910196055064,1.0,,P_TOP5
Cream,vanilla,173,34562,149,0.861271676300578,3.2876445881122405,2.0,4.0,P_AND_LIFT_TOP5
Cream,lactonic,173,7015,115,0.6647398843930635,12.501658296219084,3.0,1.0,P_AND_LIFT_TOP5
Cream,powdery,173,62885,110,0.6358381502890174,1.3339608359327353,4.0,,P_TOP5
Cream,woody,173,81432,73,0.42196531791907516,0.6836364622392129,5.0,,P_TOP5
Cream,nutty,173,3619,32,0.18497109826589594,6.74308842061886,,2.0,LIFT_TOP5
Cream,caramel,173,4008,32,0.18497109826589594,6.088631984585742,,3.0,LIFT_TOP5
Cream,tropical,173,6512,20,0.11560693641618497,2.3421411427191776,,5.0,LIFT_TOP5
Creamy notes,sweet,50,60625,49,0.98,2.132641649484536,1.0,3.0,P_AND_LIFT_TOP5
Creamy notes,vanilla,50,34562,31,0.62,2.3666628088652275,2.0,2.0,P_AND_LIFT_TOP5
Creamy notes,lactonic,50,7015,28,0.56,10.53183178902352,3.0,1.0,P_AND_LIFT_TOP5
Creamy notes,fruity,50,43222,27,0.54,1.6482855952986906,4.0,4.0,P_AND_LIFT_TOP5
Creamy notes,powdery,50,62885,23,0.46,0.9650600302138825,5.0,5.0,P_AND_LIFT_TOP5
Creme Brulee,sweet,83,60625,83,1.0,2.176164948453608,1.0,4.0,P_AND_LIFT_TOP5
Creme Brulee,vanilla,83,34562,54,0.6506024096385542,2.483478268144623,2.0,3.0,P_AND_LIFT_TOP5
Creme Brulee,lactonic,83,7015,45,0.5421686746987951,10.196480862867006,3.0,2.0,P_AND_LIFT_TOP5
Creme Brulee,powdery,83,62885,44,0.5301204819277109,1.1121697571872926,4.0,,P_TOP5
Creme Brulee,woody,83,81432,44,0.5301204819277109,0.8588613220935614,5.0,,P_TOP5
Creme Brulee,caramel,83,4008,37,0.4457831325301205,14.673694779116467,,1.0,LIFT_TOP5
Creme Brulee,fruity,83,43222,38,0.4578313253012048,1.3974755158712682,,5.0,LIFT_TOP5
Crystal Amber,woody,131,81432,94,0.7175572519083969,1.1625322753251155,1.0,,P_TOP5
Crystal Amber,amber,131,45478,70,0.5343511450381679,1.5501329558222767,2.0,1.0,P_AND_LIFT_TOP5
Crystal Amber,citrus,131,59969,69,0.5267175572519084,1.1587628162591386,3.0,,P_TOP5
Crystal Amber,floral,131,46586,65,0.4961832061068702,1.40517430948524,4.0,3.0,P_AND_LIFT_TOP5
Crystal Amber,powdery,131,62885,65,0.4961832061068702,1.04097082581982,5.0,,P_TOP5
Crystal Amber,fruity,131,43222,63,0.48091603053435117,1.4679388253296226,,2.0,LIFT_TOP5
Crystal Amber,musky,131,41154,56,0.42748091603053434,1.3704028102227825,,4.0,LIFT_TOP5
Crystal Amber,fresh,131,33478,43,0.3282442748091603,1.293544034158926,,5.0,LIFT_TOP5
Cucumber,ozonic,451,5777,366,0.811529933481153,18.533000540794273,1.0,1.0,P_AND_LIFT_TOP5
Cucumber,aquatic,451,8872,357,0.7915742793791575,11.771009319036546,2.0,2.0,P_AND_LIFT_TOP5
Cucumber,green,451,29755,345,0.7649667405764967,3.3917681762479317,3.0,3.0,P_AND_LIFT_TOP5
Cucumber,citrus,451,59969,238,0.5277161862527716,1.1609597700866807,4.0,,P_TOP5
Cucumber,aromatic,451,54606,231,0.5121951219512195,1.2374812738348238,5.0,,P_TOP5
Cucumber,marine,451,4326,45,0.09977827050997783,3.04293740831747,,4.0,LIFT_TOP5
Cucumber,salty,451,2520,20,0.04434589800443459,2.3216485411607364,,5.0,LIFT_TOP5
Cumin,fresh spicy,1234,47271,974,0.7893030794165316,2.202888774669946,1.0,,P_TOP5
Cumin,woody,1234,81432,972,0.7876823338735819,1.2761436573821305,2.0,,P_TOP5
Cumin,warm spicy,1234,45319,778,0.6304700162074555,1.8353871276561617,3.0,,P_TOP5
Cumin,aromatic,1234,54606,679,0.5502431118314425,1.3294065440413545,4.0,,P_TOP5
Cumin,amber,1234,45478,603,0.4886547811993517,1.4175694903828329,5.0,,P_TOP5
Cumin,cinnamon,1234,4259,103,0.08346839546191248,2.5855800453839195,,1.0,LIFT_TOP5
Cumin,leather,1234,10809,252,0.20421393841166938,2.4925474044455123,,2.0,LIFT_TOP5
Cumin,tobacco,1234,4372,96,0.07779578606158834,2.347575035476978,,3.0,LIFT_TOP5
Cumin,rum,1234,1166,25,0.02025931928687196,2.2922915896372364,,4.0,LIFT_TOP5
Cumin,oud,1234,8298,177,0.14343598055105347,2.2804903487708468,,5.0,LIFT_TOP5
Cupcake,sweet,156,60625,153,0.9807692307692307,2.1343156225218083,1.0,4.0,P_AND_LIFT_TOP5
Cupcake,fruity,156,43222,94,0.6025641025641025,1.8392550564823944,2.0,,P_TOP5
Cupcake,powdery,156,62885,87,0.5576923076923077,1.1700142506773659,3.0,,P_TOP5
Cupcake,vanilla,156,34562,80,0.5128205128205128,1.9575374763153248,4.0,5.0,P_AND_LIFT_TOP5
Cupcake,fresh,156,33478,53,0.33974358974358976,1.3388604992792819,5.0,,P_TOP5
Cupcake,lactonic,156,7015,52,0.3333333333333333,6.268947493466381,,1.0,LIFT_TOP5
Cupcake,caramel,156,4008,21,0.1346153846153846,4.431089743589744,,2.0,LIFT_TOP5
Cupcake,tropical,156,6512,31,0.1987179487179487,4.025930432180433,,3.0,LIFT_TOP5
Currant buds,woody,110,81432,87,0.7909090909090909,1.2813714063714063,1.0,,P_TOP5
Currant buds,aromatic,110,54606,86,0.7818181818181819,1.8888999876803414,2.0,4.0,P_AND_LIFT_TOP5
Currant buds,fruity,110,43222,71,0.6454545454545455,1.9701730179496133,3.0,3.0,P_AND_LIFT_TOP5
Currant buds,green,110,29755,69,0.6272727272727273,2.781249904523304,4.0,2.0,P_AND_LIFT_TOP5
Currant buds,citrus,110,59969,49,0.44545454545454544,0.9799866294555217,5.0,,P_TOP5
Currant buds,soft spicy,110,13661,33,0.3,2.8972256789400483,,1.0,LIFT_TOP5
Currant buds,rose,110,25617,38,0.34545454545454546,1.7791239482304009,,5.0,LIFT_TOP5
Custard,sweet,234,60625,227,0.9700854700854701,2.1110659970041414,1.0,,P_TOP5
Custard,lactonic,234,7015,179,0.7649572649572649,14.386430786288235,2.0,1.0,P_AND_LIFT_TOP5
Custard,vanilla,234,34562,155,0.6623931623931624,2.5284859069072945,3.0,,P_TOP5
Custard,powdery,234,62885,127,0.5427350427350427,1.1386345581304633,4.0,,P_TOP5
Custard,fruity,234,43222,99,0.4230769230769231,1.2913918481684896,5.0,,P_TOP5
Custard,caramel,234,4008,46,0.19658119658119658,6.470797720797721,,2.0,LIFT_TOP5
Custard,coconut,234,3269,37,0.1581196581196581,6.381378554826092,,3.0,LIFT_TOP5
Custard,nutty,234,3619,35,0.14957264957264957,5.452644282431517,,4.0,LIFT_TOP5
Custard,tropical,234,6512,34,0.1452991452991453,2.9436910686910687,,5.0,LIFT_TOP5
Cyclamen,floral,1660,46586,1335,0.8042168674698795,2.2775153764071008,1.0,4.0,P_AND_LIFT_TOP5
Cyclamen,woody,1660,81432,1071,0.6451807228915662,1.0452732681388686,2.0,,P_TOP5
Cyclamen,fresh,1660,33478,1017,0.6126506024096385,2.4143316200461085,3.0,3.0,P_AND_LIFT_TOP5
Cyclamen,powdery,1660,62885,965,0.5813253012048193,1.2195952450974288,4.0,,P_TOP5
Cyclamen,citrus,1660,59969,815,0.49096385542168675,1.0801057453981746,5.0,,P_TOP5
Cyclamen,aquatic,1660,8872,311,0.18734939759036146,2.7859564950514413,,1.0,LIFT_TOP5
Cyclamen,ozonic,1660,5777,181,0.10903614457831326,2.4900707208268766,,2.0,LIFT_TOP5
Cyclamen,marine,1660,4326,89,0.053614457831325305,1.6350798478240285,,5.0,LIFT_TOP5
Cypress,woody,2630,81432,2457,0.9342205323193916,1.5135538219483413,1.0,,P_TOP5
Cypress,aromatic,2630,54606,2329,0.8855513307984791,2.1395228925803638,2.0,3.0,P_AND_LIFT_TOP5
Cypress,fresh spicy,2630,47271,1983,0.7539923954372624,2.1043391662972653,3.0,4.0,P_AND_LIFT_TOP5
Cypress,citrus,2630,59969,1316,0.5003802281368821,1.1008214827343938,4.0,,P_TOP5
Cypress,amber,2630,45478,1066,0.4053231939163498,1.1758276303571844,5.0,,P_TOP5
Cypress,conifer,2630,1828,153,0.05817490494296578,4.198586000615687,,1.0,LIFT_TOP5
Cypress,camphor,2630,793,48,0.018250950570342206,3.0363781951390254,,2.0,LIFT_TOP5
Cypress,mineral,2630,770,28,0.01064638783269962,1.8241272035948841,,5.0,LIFT_TOP5
Cypriol,woody,603,81432,556,0.9220563847429519,1.4938463851942436,1.0,,P_TOP5
Cypriol,warm spicy,603,45319,368,0.6102819237147595,1.7766167434340614,2.0,,P_TOP5
Cypriol,amber,603,45478,356,0.5903814262023217,1.7126747341323785,3.0,,P_TOP5
Cypriol,earthy,603,19049,334,0.5538971807628524,3.8361937664991923,4.0,1.0,P_AND_LIFT_TOP5
Cypriol,aromatic,603,54606,270,0.44776119402985076,1.0818066572969676,5.0,,P_TOP5
Cypriol,oud,603,8298,136,0.22553897180762852,3.5858467764015947,,2.0,LIFT_TOP5
Cypriol,leather,603,10809,153,0.2537313432835821,3.0969355277456736,,3.0,LIFT_TOP5
Cypriol,metallic,603,2235,27,0.04477611940298507,2.6430932585395173,,4.0,LIFT_TOP5
Cypriol,smoky,603,7407,85,0.14096185737976782,2.510746300001724,,5.0,LIFT_TOP5
Cypriol Oil or Nagarmotha,woody,1197,81432,1138,0.9507101086048454,1.5402689928804065,1.0,,P_TOP5
Cypriol Oil or Nagarmotha,warm spicy,1197,45319,762,0.6365914786967418,1.8532075682265972,2.0,,P_TOP5
Cypriol Oil or Nagarmotha,earthy,1197,19049,733,0.6123642439431913,4.24112629027378,3.0,2.0,P_AND_LIFT_TOP5
Cypriol Oil or Nagarmotha,amber,1197,45478,680,0.5680868838763575,1.647999089445619,4.0,,P_TOP5
Cypriol Oil or Nagarmotha,aromatic,1197,54606,609,0.5087719298245614,1.2292107222970807,5.0,,P_TOP5
Cypriol Oil or Nagarmotha,oud,1197,8298,320,0.2673350041771094,4.250362388658237,,1.0,LIFT_TOP5
Cypriol Oil or Nagarmotha,metallic,1197,2235,71,0.059314954051796154,3.5013073324624013,,3.0,LIFT_TOP5
Cypriol Oil or Nagarmotha,leather,1197,10809,246,0.20551378446115287,2.508412765654538,,4.0,LIFT_TOP5
Cypriol Oil or Nagarmotha,smoky,1197,7407,166,0.13868003341687551,2.4701035248668,,5.0,LIFT_TOP5
Dahlia,floral,67,46586,51,0.7611940298507462,2.1556761335639236,1.0,1.0,P_AND_LIFT_TOP5
Dahlia,sweet,67,60625,46,0.6865671641791045,1.4940833974457608,2.0,4.0,P_AND_LIFT_TOP5
Dahlia,fruity,67,43222,40,0.5970149253731343,1.8223168549460371,3.0,2.0,P_AND_LIFT_TOP5
Dahlia,fresh spicy,67,47271,36,0.5373134328358209,1.499603587697105,4.0,3.0,P_AND_LIFT_TOP5
Dahlia,powdery,67,62885,34,0.5074626865671642,1.0646346861541858,5.0,,P_TOP5
Dahlia,fresh,67,33478,20,0.29850746268656714,1.1763572959029454,,5.0,LIFT_TOP5
Daisy,floral,113,46586,99,0.8761061946902655,2.481103556121726,1.0,3.0,P_AND_LIFT_TOP5
Daisy,sweet,113,60625,90,0.7964601769911505,1.7332287200072987,2.0,5.0,P_AND_LIFT_TOP5
Daisy,green,113,29755,55,0.48672566371681414,2.158081559877644,3.0,4.0,P_AND_LIFT_TOP5
Daisy,powdery,113,62885,52,0.46017699115044247,0.9654313499638686,4.0,,P_TOP5
Daisy,woody,113,81432,50,0.4424778761061947,0.7168693657860579,5.0,,P_TOP5
Daisy,herbal,113,8607,47,0.415929203539823,6.375454841757738,,1.0,LIFT_TOP5
Daisy,aquatic,113,8872,20,0.17699115044247787,2.6319254370915357,,2.0,LIFT_TOP5
Damask Rose,rose,1644,25617,1189,0.7232360097323601,3.7247346201346865,1.0,1.0,P_AND_LIFT_TOP5
Damask Rose,woody,1644,81432,1055,0.6417274939172749,1.0396786063526142,2.0,,P_TOP5
Damask Rose,floral,1644,46586,933,0.5675182481751825,1.6071927721150523,3.0,4.0,P_AND_LIFT_TOP5
Damask Rose,powdery,1644,62885,774,0.4708029197080292,0.9877240867787277,4.0,,P_TOP5
Damask Rose,citrus,1644,59969,708,0.4306569343065693,0.9474323290877903,5.0,,P_TOP5
Damask Rose,oud,1644,8298,192,0.11678832116788321,1.8568188975269742,,2.0,LIFT_TOP5
Damask Rose,metallic,1644,2235,47,0.028588807785888078,1.68757110120457,,3.0,LIFT_TOP5
Damask Rose,patchouli,1644,14822,247,0.1502433090024331,1.3373093885232086,,5.0,LIFT_TOP5
Dark Chocolate,sweet,712,60625,632,0.8876404494382022,1.931652032897023,1.0,,P_TOP5
Dark Chocolate,warm spicy,712,45319,608,0.8539325842696629,2.4859181765417735,2.0,,P_TOP5
Dark Chocolate,chocolate,712,1554,501,0.7036516853932584,59.737945208450824,3.0,1.0,P_AND_LIFT_TOP5
Dark Chocolate,woody,712,81432,392,0.550561797752809,0.891978804125259,4.0,,P_TOP5
Dark Chocolate,vanilla,712,34562,329,0.46207865168539325,1.7638457414748547,5.0,,P_TOP5
Dark Chocolate,cacao,712,2035,198,0.27808988764044945,18.028697236562405,,2.0,LIFT_TOP5
Dark Chocolate,coffee,712,1815,85,0.11938202247191011,8.677724641718513,,3.0,LIFT_TOP5
Dark Chocolate,rum,712,1166,38,0.05337078651685393,6.038771754003893,,4.0,LIFT_TOP5
Dark Chocolate,caramel,712,4008,69,0.09691011235955056,3.189957865168539,,5.0,LIFT_TOP5
Dates,sweet,400,60625,382,0.955,2.0782375257731958,1.0,,P_TOP5
Dates,fruity,400,43222,272,0.68,2.0756188977835364,2.0,,P_TOP5
Dates,warm spicy,400,45319,262,0.655,1.9067973697566143,3.0,,P_TOP5
Dates,woody,400,81432,232,0.58,0.9396723646723647,4.0,,P_TOP5
Dates,amber,400,45478,227,0.5675,1.6462965609745372,5.0,,P_TOP5
Dates,honey,400,3467,73,0.1825,6.944685607153159,,1.0,LIFT_TOP5
Dates,cinnamon,400,4259,57,0.1425,4.414187602723644,,2.0,LIFT_TOP5
Dates,caramel,400,4008,30,0.075,2.46875,,3.0,LIFT_TOP5
Dates,oud,400,8298,62,0.155,2.464346830561581,,4.0,LIFT_TOP5
Dates,tobacco,400,4372,30,0.075,2.263209057639524,,5.0,LIFT_TOP5
Datura,white floral,127,39497,113,0.889763779527559,2.972036747932017,1.0,1.0,P_AND_LIFT_TOP5
Datura,sweet,127,60625,91,0.7165354330708661,1.5592992937738452,2.0,4.0,P_AND_LIFT_TOP5
Datura,fruity,127,43222,79,0.6220472440944882,1.8987250222892469,3.0,2.0,P_AND_LIFT_TOP5
Datura,woody,127,81432,74,0.5826771653543307,0.9440097065674041,4.0,,P_TOP5
Datura,floral,127,46586,67,0.5275590551181102,1.4940296686071413,5.0,5.0,P_AND_LIFT_TOP5
Datura,patchouli,127,14822,23,0.18110236220472442,1.6119845260875247,,3.0,LIFT_TOP5
Davana,woody,910,81432,636,0.6989010989010989,1.132306979787086,1.0,,P_TOP5
Davana,aromatic,910,54606,568,0.6241758241758242,1.508030554948476,2.0,,P_TOP5
Davana,sweet,910,60625,550,0.6043956043956044,1.315264529285148,3.0,,P_TOP5
Davana,warm spicy,910,45319,482,0.5296703296703297,1.5419450251198525,4.0,,P_TOP5
Davana,amber,910,45478,477,0.5241758241758242,1.520614725439036,5.0,,P_TOP5
Davana,rum,910,1166,58,0.06373626373626373,7.211599721033683,,1.0,LIFT_TOP5
Davana,whiskey,910,808,32,0.035164835164835165,5.7417038407137415,,2.0,LIFT_TOP5
Davana,tobacco,910,4372,82,0.09010989010989011,2.7191669263947396,,3.0,LIFT_TOP5
Davana,balsamic,910,18162,313,0.34395604395604396,2.4985200351900057,,4.0,LIFT_TOP5
Davana,cherry,910,1803,26,0.02857142857142857,2.090642579827272,,5.0,LIFT_TOP5
Dew Drop,aquatic,202,8872,153,0.7574257425742574,11.263207644028604,1.0,1.0,P_AND_LIFT_TOP5
Dew Drop,floral,202,46586,126,0.6237623762376238,1.7664742690299597,2.0,4.0,P_AND_LIFT_TOP5
Dew Drop,woody,202,81432,100,0.49504950495049505,0.802041963701233,3.0,,P_TOP5
Dew Drop,powdery,202,62885,98,0.48514851485148514,1.0178205226104227,4.0,,P_TOP5
Dew Drop,green,202,29755,93,0.4603960396039604,2.0413392540732818,5.0,3.0,P_AND_LIFT_TOP5
Dew Drop,ozonic,202,5777,31,0.15346534653465346,3.50470541255268,,2.0,LIFT_TOP5
Dew Drop,fresh,202,33478,78,0.38613861386138615,1.5216938684130674,,5.0,LIFT_TOP5
Dried Fallen Leaves,woody,52,81432,50,0.9615384615384616,1.557812275650472,1.0,4.0,P_AND_LIFT_TOP5
Dried Fallen Leaves,aromatic,52,54606,44,0.8461538461538461,2.0443371959688847,2.0,2.0,P_AND_LIFT_TOP5
Dried Fallen Leaves,earthy,52,19049,35,0.6730769230769231,4.661611552393221,3.0,1.0,P_AND_LIFT_TOP5
Dried Fallen Leaves,green,52,29755,22,0.4230769230769231,1.8758708943551827,4.0,3.0,P_AND_LIFT_TOP5
Dried Fallen Leaves,warm spicy,52,45319,20,0.38461538461538464,1.1196696240496853,5.0,5.0,P_AND_LIFT_TOP5
Dried Fruits,sweet,566,60625,470,0.8303886925795053,1.8070627663837382,1.0,,P_TOP5
Dried Fruits,woody,566,81432,440,0.7773851590106007,1.2594609493598161,2.0,,P_TOP5
Dried Fruits,fruity,566,43222,429,0.7579505300353356,2.3135535937152802,3.0,,P_TOP5
Dried Fruits,warm spicy,566,45319,345,0.6095406360424028,1.7744587504815685,4.0,,P_TOP5
Dried Fruits,amber,566,45478,268,0.4734982332155477,1.3736009039123798,5.0,,P_TOP5
Dried Fruits,cacao,566,2035,74,0.13074204946996468,8.476068101509798,,1.0,LIFT_TOP5
Dried Fruits,tobacco,566,4372,139,0.24558303886925795,7.410743439620586,,2.0,LIFT_TOP5
Dried Fruits,rum,566,1166,35,0.061837455830388695,6.9967543290764835,,3.0,LIFT_TOP5
Dried Fruits,honey,566,3467,42,0.07420494699646643,2.8237261774571145,,4.0,LIFT_TOP5
Dried Fruits,coffee,566,1815,21,0.037102473498233215,2.6969307595712992,,5.0,LIFT_TOP5
Dried Plum,sweet,101,60625,85,0.8415841584158416,1.831425946718383,1.0,2.0,P_AND_LIFT_TOP5
Dried Plum,fruity,101,43222,83,0.8217821782178217,2.508392086721513,2.0,1.0,P_AND_LIFT_TOP5
Dried Plum,woody,101,81432,70,0.693069306930693,1.1228587491817263,3.0,,P_TOP5
Dried Plum,amber,101,45478,54,0.5346534653465347,1.5510099758821478,4.0,3.0,P_AND_LIFT_TOP5
Dried Plum,warm spicy,101,45319,51,0.504950495049505,1.4699821004850324,5.0,4.0,P_AND_LIFT_TOP5
Dried Plum,vanilla,101,34562,32,0.31683168316831684,1.2094092922977848,,5.0,LIFT_TOP5
Driftwood,woody,557,81432,478,0.8581687612208259,1.3903404640419437,1.0,,P_TOP5
Driftwood,marine,557,4326,297,0.533213644524237,16.261413805382013,2.0,1.0,P_AND_LIFT_TOP5
Driftwood,citrus,557,59969,294,0.5278276481149012,1.1612049828377815,3.0,,P_TOP5
Driftwood,aromatic,557,54606,291,0.5224416517055656,1.2622372469969465,4.0,,P_TOP5
Driftwood,fresh spicy,557,47271,218,0.39138240574506283,1.0923204668813045,5.0,,P_TOP5
Driftwood,salty,557,2520,173,0.3105924596050269,16.26050126813143,,2.0,LIFT_TOP5
Driftwood,aquatic,557,8872,146,0.2621184919210054,3.8978012442671597,,3.0,LIFT_TOP5
Driftwood,coconut,557,3269,48,0.08617594254937164,3.4778807282161517,,4.0,LIFT_TOP5
Driftwood,ozonic,557,5777,59,0.1059245960502693,2.4190119364569895,,5.0,LIFT_TOP5
Dry Wood,woody,415,81432,374,0.9012048192771084,1.4600642475590544,1.0,2.0,P_AND_LIFT_TOP5
Dry Wood,citrus,415,59969,213,0.5132530120481927,1.1291412209561285,2.0,,P_TOP5
Dry Wood,aromatic,415,54606,202,0.4867469879518072,1.1759976947676432,3.0,,P_TOP5
Dry Wood,powdery,415,62885,187,0.4506024096385542,0.9453442936091987,4.0,,P_TOP5
Dry Wood,musky,415,41154,177,0.42650602409638555,1.3672775370325156,5.0,4.0,P_AND_LIFT_TOP5
Dry Wood,mossy,415,6173,30,0.07228915662650602,1.544971397008738,,1.0,LIFT_TOP5
Dry Wood,smoky,415,7407,32,0.07710843373493977,1.3734191525112194,,3.0,LIFT_TOP5
Dry Wood,leather,415,10809,43,0.10361445783132531,1.2646734593104585,,5.0,LIFT_TOP5
Earl Grey Tea,citrus,81,59969,53,0.654320987654321,1.4394865330626585,1.0,,P_TOP5
Earl Grey Tea,green,81,29755,51,0.6296296296296297,2.791700118872023,2.0,1.0,P_AND_LIFT_TOP5
Earl Grey Tea,aromatic,81,54606,51,0.6296296296296297,1.521207139087958,3.0,3.0,P_AND_LIFT_TOP5
Earl Grey Tea,fresh spicy,81,47271,44,0.5432098765432098,1.516060142843301,4.0,4.0,P_AND_LIFT_TOP5
Earl Grey Tea,floral,81,46586,36,0.4444444444444444,1.2586518601201124,5.0,,P_TOP5
Earl Grey Tea,fresh,81,33478,33,0.4074074074074074,1.6055098649638346,,2.0,LIFT_TOP5
Earl Grey Tea,white floral,81,39497,35,0.43209876543209874,1.4433194957454183,,5.0,LIFT_TOP5
Earthy Notes,earthy,470,19049,414,0.8808510638297873,6.100618449843237,1.0,2.0,P_AND_LIFT_TOP5
Earthy Notes,woody,470,81432,328,0.6978723404255319,1.1306402627018914,2.0,,P_TOP5
Earthy Notes,aromatic,470,54606,207,0.44042553191489364,1.0640834418476341,3.0,,P_TOP5
Earthy Notes,green,470,29755,166,0.35319148936170214,1.5660075009742687,4.0,,P_TOP5
Earthy Notes,warm spicy,470,45319,162,0.3446808510638298,1.0034145652121862,5.0,,P_TOP5
Earthy Notes,mineral,470,770,25,0.05319148936170213,9.113705443492677,,1.0,LIFT_TOP5
Earthy Notes,smoky,470,7407,76,0.16170212765957448,2.880162238710363,,3.0,LIFT_TOP5
Earthy Notes,metallic,470,2235,22,0.04680851063829787,2.7630634489980483,,4.0,LIFT_TOP5
Earthy Notes,mossy,470,6173,60,0.1276595744680851,2.7283537436537286,,5.0,LIFT_TOP5
Ebony,woody,187,81432,177,0.946524064171123,1.5334870786189245,1.0,3.0,P_AND_LIFT_TOP5
Ebony,warm spicy,187,45319,120,0.6417112299465241,1.868111886114983,2.0,2.0,P_AND_LIFT_TOP5
Ebony,powdery,187,62885,82,0.4385026737967914,0.9199595730939126,3.0,,P_TOP5
Ebony,aromatic,187,54606,81,0.43315508021390375,1.0465177770322,4.0,,P_TOP5
Ebony,amber,187,45478,80,0.42780748663101603,1.241053733920356,5.0,5.0,P_AND_LIFT_TOP5
Ebony,leather,187,10809,29,0.15508021390374332,1.8928423184680225,,1.0,LIFT_TOP5
Ebony,balsamic,187,18162,39,0.20855614973262032,1.5149660188428917,,4.0,LIFT_TOP5
Ebony Wood,woody,117,81432,112,0.9572649572649573,1.5508886655364698,1.0,2.0,P_AND_LIFT_TOP5
Ebony Wood,warm spicy,117,45319,82,0.7008547008547008,2.040286870490538,2.0,1.0,P_AND_LIFT_TOP5
Ebony Wood,powdery,117,62885,57,0.48717948717948717,1.0220814143848254,3.0,,P_TOP5
Ebony Wood,aromatic,117,54606,51,0.4358974358974359,1.0531434039839709,4.0,,P_TOP5
Ebony Wood,sweet,117,60625,50,0.42735042735042733,0.9299850207066702,5.0,,P_TOP5
Ebony Wood,balsamic,117,18162,24,0.20512820512820512,1.4900651967054346,,3.0,LIFT_TOP5
Ebony Wood,earthy,117,19049,23,0.19658119658119658,1.3614865486354804,,4.0,LIFT_TOP5
Ebony Wood,amber,117,45478,47,0.4017094017094017,1.1653441525027786,,5.0,LIFT_TOP5
Egyptian Jasmine,white floral,677,39497,483,0.7134416543574594,2.383076118676852,1.0,3.0,P_AND_LIFT_TOP5
Egyptian Jasmine,woody,677,81432,434,0.6410635155096012,1.0386028784898036,2.0,,P_TOP5
Egyptian Jasmine,powdery,677,62885,335,0.4948301329394387,1.038132137054944,3.0,,P_TOP5
Egyptian Jasmine,citrus,677,59969,331,0.48892171344165436,1.0756130943380322,4.0,,P_TOP5
Egyptian Jasmine,floral,677,46586,324,0.47858197932053176,1.355328221606443,5.0,,P_TOP5
Egyptian Jasmine,tuberose,677,3931,58,0.08567208271787297,2.87527801398346,,1.0,LIFT_TOP5
Egyptian Jasmine,almond,677,3438,43,0.06351550960118169,2.4373476386515125,,2.0,LIFT_TOP5
Egyptian Jasmine,yellow floral,677,6986,78,0.11521418020679468,2.1758097329920445,,4.0,LIFT_TOP5
Egyptian Jasmine,metallic,677,2235,20,0.029542097488921712,1.7438429179925914,,5.0,LIFT_TOP5
Egyptian Musk,musky,55,41154,47,0.8545454545454545,2.73947081251353,1.0,1.0,P_AND_LIFT_TOP5
Egyptian Musk,powdery,55,62885,41,0.7454545454545455,1.5639312742596514,2.0,2.0,P_AND_LIFT_TOP5
Egyptian Musk,woody,55,81432,30,0.5454545454545454,0.8837044181871768,3.0,5.0,P_AND_LIFT_TOP5
Egyptian Musk,sweet,55,60625,28,0.509090909090909,1.1078657919400188,4.0,4.0,P_AND_LIFT_TOP5
Egyptian Musk,amber,55,45478,24,0.43636363636363634,1.265874808598763,5.0,3.0,P_AND_LIFT_TOP5
Elemi resin,aromatic,423,54606,379,0.8959810874704491,2.1647215483642155,1.0,4.0,P_AND_LIFT_TOP5
Elemi resin,woody,423,81432,327,0.7730496453900709,1.2524368763669327,2.0,,P_TOP5
Elemi resin,fresh spicy,423,47271,285,0.6737588652482269,1.880413088197808,3.0,,P_TOP5
Elemi resin,balsamic,423,18162,225,0.5319148936170213,3.863865869116486,4.0,2.0,P_AND_LIFT_TOP5
Elemi resin,citrus,423,59969,218,0.5153664302600472,1.1337906775868871,5.0,,P_TOP5
Elemi resin,conifer,423,1828,46,0.10874704491725769,7.848466978081951,,1.0,LIFT_TOP5
Elemi resin,smoky,423,7407,53,0.12529550827423167,2.231704658649843,,3.0,LIFT_TOP5
Elemi resin,aldehydic,423,3556,24,0.05673758865248227,2.1050028320927967,,5.0,LIFT_TOP5
Espresso,sweet,55,60625,46,0.8363636363636363,1.8200652296157451,1.0,3.0,P_AND_LIFT_TOP5
Espresso,warm spicy,55,45319,39,0.7090909090909091,2.064263634157056,2.0,2.0,P_AND_LIFT_TOP5
Espresso,vanilla,55,34562,36,0.6545454545454545,2.4985296515879236,3.0,1.0,P_AND_LIFT_TOP5
Espresso,woody,55,81432,28,0.509090909090909,0.8247907903080317,4.0,5.0,P_AND_LIFT_TOP5
Espresso,powdery,55,62885,23,0.41818181818181815,0.8773273001944386,5.0,4.0,P_AND_LIFT_TOP5
Eucalyptus,woody,923,81432,861,0.9328277356446371,1.5112973175606268,1.0,,P_TOP5
Eucalyptus,aromatic,923,54606,791,0.856988082340195,2.0705130883628526,2.0,,P_TOP5
Eucalyptus,fresh spicy,923,47271,520,0.5633802816901409,1.5723543094789676,3.0,,P_TOP5
Eucalyptus,citrus,923,59969,502,0.5438786565547129,1.1965167196261948,4.0,,P_TOP5
Eucalyptus,camphor,923,793,432,0.46803900325027087,77.86681677024998,5.0,1.0,P_AND_LIFT_TOP5
Eucalyptus,conifer,923,1828,55,0.059588299024918745,4.300593156650727,,2.0,LIFT_TOP5
Eucalyptus,marine,923,4326,75,0.08125677139761647,2.478087344079413,,3.0,LIFT_TOP5
Eucalyptus,herbal,923,8607,149,0.16143011917659805,2.474436577549504,,4.0,LIFT_TOP5
Eucalyptus,salty,923,2520,39,0.04225352112676056,2.2121059691482228,,5.0,LIFT_TOP5
Evernyl,amber,58,45478,36,0.6206896551724138,1.8005977880930681,1.0,1.0,P_AND_LIFT_TOP5
Evernyl,citrus,58,59969,35,0.603448275862069,1.3275680940899925,2.0,3.0,P_AND_LIFT_TOP5
Evernyl,woody,58,81432,32,0.5517241379310345,0.8938619402353053,3.0,,P_TOP5
Evernyl,aromatic,58,54606,28,0.4827586206896552,1.166361660396041,4.0,,P_TOP5
Evernyl,fresh spicy,58,47271,26,0.4482758620689655,1.2511060583181786,5.0,5.0,P_AND_LIFT_TOP5
Evernyl,musky,58,41154,25,0.43103448275862066,1.381794705504807,,2.0,LIFT_TOP5
Evernyl,fruity,58,43222,24,0.41379310344827586,1.2630540960143222,,4.0,LIFT_TOP5
Exotic Fruits,fruity,207,43222,191,0.9227053140096618,2.816447921829038,1.0,4.0,P_AND_LIFT_TOP5
Exotic Fruits,sweet,207,60625,187,0.9033816425120773,1.9659074655112307,2.0,5.0,P_AND_LIFT_TOP5
Exotic Fruits,floral,207,46586,102,0.4927536231884058,1.3954618449157767,3.0,,P_TOP5
Exotic Fruits,woody,207,81432,99,0.4782608695652174,0.7748422797148434,4.0,,P_TOP5
Exotic Fruits,citrus,207,59969,97,0.46859903381642515,1.030903809158081,5.0,,P_TOP5
Exotic Fruits,sour,207,1912,32,0.15458937198067632,10.666828371030663,,1.0,LIFT_TOP5
Exotic Fruits,tropical,207,6512,40,0.1932367149758454,3.9148832627093495,,2.0,LIFT_TOP5
Exotic Fruits,lactonic,207,7015,31,0.1497584541062802,2.816483656484896,,3.0,LIFT_TOP5
Exotic Woods,woody,155,81432,134,0.864516129032258,1.40062399183645,1.0,2.0,P_AND_LIFT_TOP5
Exotic Woods,citrus,155,59969,72,0.4645161290322581,1.0219215411833749,2.0,,P_TOP5
Exotic Woods,powdery,155,62885,66,0.4258064516129032,0.8933234501278575,3.0,,P_TOP5
Exotic Woods,sweet,155,60625,64,0.4129032258064516,0.8985455271034254,4.0,,P_TOP5
Exotic Woods,fresh spicy,155,47271,63,0.4064516129032258,1.134377552628939,5.0,5.0,P_AND_LIFT_TOP5
Exotic Woods,aquatic,155,8872,24,0.15483870967741936,2.302510253352337,,1.0,LIFT_TOP5
Exotic Woods,green,155,29755,44,0.2838709677419355,1.2586488581479935,,3.0,LIFT_TOP5
Exotic Woods,animalic,155,18242,26,0.16774193548387098,1.2131451347652173,,4.0,LIFT_TOP5
Exotic floral notes,floral,152,46586,138,0.9078947368421053,2.5711276484690453,1.0,3.0,P_AND_LIFT_TOP5
Exotic floral notes,sweet,152,60625,80,0.5263157894736842,1.14534997287032,2.0,,P_TOP5
Exotic floral notes,powdery,152,62885,66,0.4342105263157895,0.91095483401196,3.0,,P_TOP5
Exotic floral notes,woody,152,81432,62,0.40789473684210525,0.6608403653548844,4.0,,P_TOP5
Exotic floral notes,fruity,152,43222,55,0.3618421052631579,1.104479870144103,5.0,,P_TOP5
Exotic floral notes,tropical,152,6512,32,0.21052631578947367,4.265162291478081,,1.0,LIFT_TOP5
Exotic floral notes,lactonic,152,7015,23,0.1513157894736842,2.845772217428818,,2.0,LIFT_TOP5
Exotic floral notes,fresh,152,33478,50,0.32894736842105265,1.296314783314101,,4.0,LIFT_TOP5
Exotic floral notes,animalic,152,18242,26,0.17105263157894737,1.2370887887408468,,5.0,LIFT_TOP5
Fennel,aromatic,340,54606,237,0.6970588235294117,1.684118422668485,1.0,,P_TOP5
Fennel,soft spicy,340,13661,207,0.6088235294117647,5.879663877848921,2.0,2.0,P_AND_LIFT_TOP5
Fennel,woody,340,81432,206,0.6058823529411764,0.9816050056922268,3.0,,P_TOP5
Fennel,fresh spicy,340,47271,197,0.5794117647058824,1.6170970387266412,4.0,,P_TOP5
Fennel,fresh,340,33478,172,0.5058823529411764,1.993579629115521,5.0,5.0,P_AND_LIFT_TOP5
Fennel,anis,340,1418,80,0.23529411764705882,21.891645233551813,,1.0,LIFT_TOP5
Fennel,herbal,340,8607,55,0.16176470588235295,2.47956519659101,,3.0,LIFT_TOP5
Fennel,marine,340,4326,27,0.07941176470588235,2.4218201843844334,,4.0,LIFT_TOP5
Fenugreek,fresh spicy,96,47271,75,0.78125,2.180413202597787,1.0,1.0,P_AND_LIFT_TOP5
Fenugreek,woody,96,81432,67,0.6979166666666666,1.1307120767429675,2.0,,P_TOP5
Fenugreek,warm spicy,96,45319,55,0.5729166666666666,1.6678412108240106,3.0,2.0,P_AND_LIFT_TOP5
Fenugreek,amber,96,45478,52,0.5416666666666666,1.571355014146034,4.0,3.0,P_AND_LIFT_TOP5
Fenugreek,aromatic,96,54606,51,0.53125,1.2835185236054647,5.0,4.0,P_AND_LIFT_TOP5
Fenugreek,vanilla,96,34562,29,0.3020833333333333,1.153111919641996,,5.0,LIFT_TOP5
Fern,aromatic,304,54606,284,0.9342105263157895,2.2570852055972255,1.0,,P_TOP5
Fern,fresh spicy,304,47271,250,0.8223684210526315,2.295171792208197,2.0,5.0,P_AND_LIFT_TOP5
Fern,woody,304,81432,237,0.7796052631578947,1.2630577950734485,3.0,,P_TOP5
Fern,earthy,304,19049,176,0.5789473684210527,4.009686929276575,4.0,2.0,P_AND_LIFT_TOP5
Fern,citrus,304,59969,131,0.4309210526315789,0.9480133814751657,5.0,,P_TOP5
Fern,mossy,304,6173,81,0.26644736842105265,5.694540955093062,,1.0,LIFT_TOP5
Fern,lavender,304,8336,60,0.19736842105263158,3.123658324073139,,3.0,LIFT_TOP5
Fern,herbal,304,8607,57,0.1875,2.8740414778668524,,4.0,LIFT_TOP5
Fig,woody,1810,81432,1535,0.8480662983425414,1.373973213728405,1.0,,P_TOP5
Fig,sweet,1810,60625,1477,0.8160220994475138,1.7757986899812042,2.0,5.0,P_AND_LIFT_TOP5
Fig,fruity,1810,43222,1439,0.7950276243093922,2.426727001877241,3.0,3.0,P_AND_LIFT_TOP5
Fig,aromatic,1810,54606,871,0.48121546961325967,1.1626333535889344,4.0,,P_TOP5
Fig,citrus,1810,59969,792,0.4375690607734807,0.9626387998440078,5.0,,P_TOP5
Fig,bitter,1810,1034,120,0.06629834254143646,8.459129914402043,,1.0,LIFT_TOP5
Fig,coconut,1810,3269,129,0.0712707182320442,2.876337062206666,,2.0,LIFT_TOP5
Fig,camphor,1810,793,24,0.013259668508287293,2.205987473263988,,4.0,LIFT_TOP5
Fig Leaf,green,725,29755,662,0.9131034482758621,4.048588066914283,1.0,2.0,P_AND_LIFT_TOP5
Fig Leaf,woody,725,81432,618,0.8524137931034482,1.3810166976635467,2.0,,P_TOP5
Fig Leaf,fresh,725,33478,542,0.7475862068965518,2.946085437477211,3.0,3.0,P_AND_LIFT_TOP5
Fig Leaf,sweet,725,60625,407,0.5613793103448276,1.221653977959474,4.0,,P_TOP5
Fig Leaf,aromatic,725,54606,372,0.5131034482758621,1.239675821906649,5.0,,P_TOP5
Fig Leaf,lactonic,725,7015,181,0.2496551724137931,4.695225502003097,,1.0,LIFT_TOP5
Fig Leaf,coconut,725,3269,48,0.06620689655172414,2.6719718146433054,,4.0,LIFT_TOP5
Fig Leaf,marine,725,4326,38,0.05241379310344828,1.5984631817239785,,5.0,LIFT_TOP5
Fig Nectar,woody,81,81432,70,0.8641975308641975,1.4001078230537576,1.0,4.0,P_AND_LIFT_TOP5
Fig Nectar,sweet,81,60625,64,0.7901234567901234,1.7194389716176657,2.0,2.0,P_AND_LIFT_TOP5
Fig Nectar,fruity,81,43222,63,0.7777777777777778,2.374073902693587,3.0,1.0,P_AND_LIFT_TOP5
Fig Nectar,aromatic,81,54606,36,0.4444444444444444,1.0737932746503234,4.0,,P_TOP5
Fig Nectar,warm spicy,81,45319,35,0.43209876543209874,1.257900441833597,5.0,5.0,P_AND_LIFT_TOP5
Fig Nectar,green,81,29755,31,0.38271604938271603,1.696915758530053,,3.0,LIFT_TOP5
Fig Tree,woody,153,81432,146,0.954248366013072,1.5460014113383507,1.0,4.0,P_AND_LIFT_TOP5
Fig Tree,green,153,29755,101,0.6601307189542484,2.926938186914266,2.0,2.0,P_AND_LIFT_TOP5
Fig Tree,sweet,153,60625,90,0.5882352941176471,1.2800970285021225,3.0,,P_TOP5
Fig Tree,fruity,153,43222,86,0.5620915032679739,1.7157172742155335,4.0,3.0,P_AND_LIFT_TOP5
Fig Tree,powdery,153,62885,73,0.477124183006536,1.0009858227566557,5.0,,P_TOP5
Fig Tree,lactonic,153,7015,53,0.3464052287581699,6.5147885716415335,,1.0,LIFT_TOP5
Fig Tree,fresh,153,33478,60,0.39215686274509803,1.5454105652058303,,5.0,LIFT_TOP5
Fir,woody,876,81432,824,0.9406392694063926,1.5239529768737767,1.0,,P_TOP5
Fir,aromatic,876,54606,773,0.882420091324201,2.131957708830565,2.0,4.0,P_AND_LIFT_TOP5
Fir,fresh spicy,876,47271,700,0.7990867579908676,2.2301943259447685,3.0,3.0,P_AND_LIFT_TOP5
Fir,warm spicy,876,45319,363,0.4143835616438356,1.20632898536312,4.0,,P_TOP5
Fir,amber,876,45478,358,0.408675799086758,1.1855534142555957,5.0,,P_TOP5
Fir,conifer,876,1828,264,0.3013698630136986,21.75039717034861,,1.0,LIFT_TOP5
Fir,mossy,876,6173,110,0.12557077625570776,2.683711730344326,,2.0,LIFT_TOP5
Fir,balsamic,876,18162,230,0.2625570776255708,1.907232422152932,,5.0,LIFT_TOP5
Fir Resin,woody,212,81432,207,0.9764150943396226,1.581914276896385,1.0,,P_TOP5
Fir Resin,aromatic,212,54606,158,0.7452830188679245,1.8006297600858017,2.0,,P_TOP5
Fir Resin,fresh spicy,212,47271,151,0.7122641509433962,1.9878786028212279,3.0,,P_TOP5
Fir Resin,amber,212,45478,149,0.7028301886792453,2.038884445060311,4.0,5.0,P_AND_LIFT_TOP5
Fir Resin,warm spicy,212,45319,134,0.6320754716981132,1.8400608349948604,5.0,,P_TOP5
Fir Resin,conifer,212,1828,41,0.19339622641509435,13.957748441435118,,1.0,LIFT_TOP5
Fir Resin,metallic,212,2235,31,0.14622641509433962,8.631611160356254,,2.0,LIFT_TOP5
Fir Resin,mossy,212,6173,24,0.11320754716981132,2.419483508523118,,3.0,LIFT_TOP5
Fir Resin,animalic,212,18242,65,0.30660377358490565,2.217423300573216,,4.0,LIFT_TOP5
Fire,warm spicy,77,45319,54,0.7012987012987013,2.0415794183970886,1.0,2.0,P_AND_LIFT_TOP5
Fire,woody,77,81432,52,0.6753246753246753,1.0941102320412666,2.0,5.0,P_AND_LIFT_TOP5
Fire,smoky,77,7407,47,0.6103896103896104,10.871972633819535,3.0,1.0,P_AND_LIFT_TOP5
Fire,sweet,77,60625,40,0.5194805194805194,1.1304752978979784,4.0,3.0,P_AND_LIFT_TOP5
Fire,amber,77,45478,30,0.38961038961038963,1.1302453648203241,5.0,4.0,P_AND_LIFT_TOP5
Floral Fruity Notes,sweet,81,60625,75,0.9259259259259259,2.014967544864452,1.0,4.0,P_AND_LIFT_TOP5
Floral Fruity Notes,fruity,81,43222,74,0.9135802469135802,2.7885947428464357,2.0,2.0,P_AND_LIFT_TOP5
Floral Fruity Notes,powdery,81,62885,37,0.4567901234567901,0.9583258485752456,3.0,,P_TOP5
Floral Fruity Notes,sour,81,1912,35,0.43209876543209874,29.815266800971123,4.0,1.0,P_AND_LIFT_TOP5
Floral Fruity Notes,woody,81,81432,33,0.4074074074074074,0.6600508308681999,5.0,,P_TOP5
Floral Fruity Notes,animalic,81,18242,23,0.2839506172839506,2.0535908857730294,,3.0,LIFT_TOP5
Floral Fruity Notes,musky,81,41154,31,0.38271604938271603,1.2268972249371077,,5.0,LIFT_TOP5
Floral Notes,floral,4436,46586,3932,0.8863841298467088,2.510210326078141,1.0,2.0,P_AND_LIFT_TOP5
Floral Notes,woody,4436,81432,2334,0.5261496844003607,0.8524281346760436,2.0,,P_TOP5
Floral Notes,powdery,4436,62885,2195,0.4948151487826871,1.03810070094458,3.0,,P_TOP5
Floral Notes,sweet,4436,60625,2071,0.46686203787195674,1.015968802580573,4.0,,P_TOP5
Floral Notes,musky,4436,41154,1681,0.37894499549143373,1.2148081171984462,5.0,,P_TOP5
Floral Notes,sour,4436,1912,310,0.06988277727682597,4.821984731240403,,1.0,LIFT_TOP5
Floral Notes,aldehydic,4436,3556,203,0.045761947700631196,1.6977991451474337,,3.0,LIFT_TOP5
Floral Notes,animalic,4436,18242,907,0.20446348061316502,1.47872311135264,,4.0,LIFT_TOP5
Floral Notes,soapy,4436,1720,74,0.016681695220919748,1.2795442154046177,,5.0,LIFT_TOP5
Floral bouquet,floral,62,46586,52,0.8387096774193549,2.3751978650653736,1.0,1.0,P_AND_LIFT_TOP5
Floral bouquet,sweet,62,60625,32,0.5161290322580645,1.1231819088792816,2.0,5.0,P_AND_LIFT_TOP5
Floral bouquet,powdery,62,62885,31,0.5,1.048978293710742,3.0,,P_TOP5
Floral bouquet,woody,62,81432,28,0.45161290322580644,0.7316692494668023,4.0,,P_TOP5
Floral bouquet,citrus,62,59969,27,0.43548387096774194,0.958051444859414,5.0,,P_TOP5
Floral bouquet,musky,62,41154,26,0.41935483870967744,1.3443525263879026,,2.0,LIFT_TOP5
Floral bouquet,vanilla,62,34562,21,0.3387096774193548,1.2929219299211703,,3.0,LIFT_TOP5
Floral bouquet,fruity,62,43222,24,0.3870967741935484,1.18156673498114,,4.0,LIFT_TOP5
Flower Petals,floral,52,46586,46,0.8846153846153846,2.5052012985083008,1.0,1.0,P_AND_LIFT_TOP5
Flower Petals,powdery,52,62885,32,0.6153846153846154,1.29105020764399,2.0,2.0,P_AND_LIFT_TOP5
Flower Petals,woody,52,81432,25,0.4807692307692308,0.778906137825236,3.0,4.0,P_AND_LIFT_TOP5
Flower Petals,sweet,52,60625,23,0.4423076923076923,0.9625344964314037,4.0,3.0,P_AND_LIFT_TOP5
Flowers,floral,773,46586,656,0.8486416558861578,2.403324897202181,1.0,2.0,P_AND_LIFT_TOP5
Flowers,woody,773,81432,380,0.49159120310478654,0.7964390832303577,2.0,,P_TOP5
Flowers,sweet,773,60625,378,0.4890038809831824,1.0641531054533815,3.0,,P_TOP5
Flowers,powdery,773,62885,341,0.4411384217335058,0.9254892578405252,4.0,,P_TOP5
Flowers,citrus,773,59969,301,0.38939197930142305,0.856650666665056,5.0,,P_TOP5
Flowers,sour,773,1912,58,0.07503234152652005,5.177310051042777,,1.0,LIFT_TOP5
Flowers,aldehydic,773,3556,39,0.050452781371280724,1.8718322402455192,,3.0,LIFT_TOP5
Flowers,marine,773,4326,38,0.04915912031047866,1.499205442108518,,4.0,LIFT_TOP5
Flowers,salty,773,2520,22,0.028460543337645538,1.4899997946569745,,5.0,LIFT_TOP5
Forest Fruits,fruity,62,43222,60,0.967741935483871,2.95391683745285,1.0,1.0,P_AND_LIFT_TOP5
Forest Fruits,woody,62,81432,60,0.967741935483871,1.567862677428862,2.0,2.0,P_AND_LIFT_TOP5
Forest Fruits,sweet,62,60625,43,0.6935483870967742,1.5092756900565347,3.0,3.0,P_AND_LIFT_TOP5
Forest Fruits,powdery,62,62885,39,0.6290322580645161,1.3196823695070623,4.0,5.0,P_AND_LIFT_TOP5
Forest Fruits,floral,62,46586,25,0.4032258064516129,1.1419220505121987,5.0,,P_TOP5
Forest Fruits,vanilla,62,34562,23,0.3709677419354839,1.4160573518184245,,4.0,LIFT_TOP5
Frangipani,floral,1292,46586,1159,0.8970588235294118,2.540440702963021,1.0,5.0,P_AND_LIFT_TOP5
Frangipani,tropical,1292,6512,806,0.6238390092879257,12.638679437247548,2.0,1.0,P_AND_LIFT_TOP5
Frangipani,sweet,1292,60625,752,0.5820433436532507,1.2666223229389422,3.0,,P_TOP5
Frangipani,citrus,1292,59969,745,0.576625386996904,1.2685585436892652,4.0,,P_TOP5
Frangipani,woody,1292,81432,625,0.48374613003095973,0.783729086047064,5.0,,P_TOP5
Frangipani,lactonic,1292,7015,449,0.3475232198142415,6.535814453327567,,2.0,LIFT_TOP5
Frangipani,coconut,1292,3269,138,0.10681114551083591,4.310674342993142,,3.0,LIFT_TOP5
Frangipani,tuberose,1292,3931,100,0.07739938080495357,2.59763426853155,,4.0,LIFT_TOP5
Frankincense,amber,1546,45478,1285,0.8311772315653299,2.411214480856985,1.0,2.0,P_AND_LIFT_TOP5
Frankincense,woody,1546,81432,1193,0.7716688227684346,1.2501997714392326,2.0,,P_TOP5
Frankincense,fresh spicy,1546,47271,1018,0.6584734799482536,1.837752664626792,3.0,,P_TOP5
Frankincense,warm spicy,1546,45319,998,0.6455368693402329,1.8792488618914125,4.0,,P_TOP5
Frankincense,aromatic,1546,54606,900,0.5821474773609314,1.406488603600844,5.0,,P_TOP5
Frankincense,oud,1546,8298,255,0.1649417852522639,2.6224113917005516,,1.0,LIFT_TOP5
Frankincense,balsamic,1546,18162,468,0.3027166882276843,2.198954557751261,,3.0,LIFT_TOP5
Frankincense,smoky,1546,7407,171,0.11060802069857698,1.9700980384451545,,4.0,LIFT_TOP5
Frankincense,conifer,1546,1828,42,0.027166882276843468,1.9606820452866294,,5.0,LIFT_TOP5
Freesia,floral,5683,46586,5050,0.8886151680450466,2.5165285519293996,1.0,1.0,P_AND_LIFT_TOP5
Freesia,powdery,5683,62885,3371,0.5931726200950203,1.2444504058064088,2.0,,P_TOP5
Freesia,woody,5683,81432,3302,0.5810311455217315,0.9413429490701694,3.0,,P_TOP5
Freesia,fruity,5683,43222,3120,0.5490058067921872,1.6757747464275892,4.0,2.0,P_AND_LIFT_TOP5
Freesia,citrus,5683,59969,3103,0.5460144289987683,1.2012153548968216,5.0,,P_TOP5
Freesia,fresh,5683,33478,2308,0.40612352630652826,1.6004503502485294,,3.0,LIFT_TOP5
Freesia,aquatic,5683,8872,611,0.10751363716347,1.598768502138931,,4.0,LIFT_TOP5
Freesia,white floral,5683,39497,2650,0.4663030089741334,1.5575703464556148,,5.0,LIFT_TOP5
French Rose,rose,59,25617,50,0.847457627118644,4.364487830181626,1.0,1.0,P_AND_LIFT_TOP5
French Rose,floral,59,46586,38,0.6440677966101694,1.8239785430554172,2.0,2.0,P_AND_LIFT_TOP5
French Rose,woody,59,81432,35,0.5932203389830508,0.9610909632826641,3.0,,P_TOP5
French Rose,powdery,59,62885,33,0.559322033898305,1.1734333455069315,4.0,4.0,P_AND_LIFT_TOP5
French Rose,citrus,59,59969,32,0.5423728813559322,1.1932040593854847,5.0,3.0,P_AND_LIFT_TOP5
French Rose,musky,59,41154,20,0.3389830508474576,1.0866995650071702,,5.0,LIFT_TOP5
French labdanum,woody,411,81432,359,0.8734793187347932,1.415145477461947,1.0,,P_TOP5
French labdanum,amber,411,45478,331,0.805352798053528,2.336298752082368,2.0,4.0,P_AND_LIFT_TOP5
French labdanum,aromatic,411,54606,253,0.6155717761557178,1.487242874926269,3.0,,P_TOP5
French labdanum,warm spicy,411,45319,236,0.5742092457420924,1.6716040907953453,4.0,,P_TOP5
French labdanum,fresh spicy,411,47271,190,0.46228710462287104,1.2902104400773282,5.0,,P_TOP5
French labdanum,balsamic,411,18162,150,0.36496350364963503,2.6511196474229903,,1.0,LIFT_TOP5
French labdanum,smoky,411,7407,59,0.1435523114355231,2.556886249181661,,2.0,LIFT_TOP5
French labdanum,mossy,411,6173,47,0.11435523114355231,2.444011930142371,,3.0,LIFT_TOP5
French labdanum,cinnamon,411,4259,25,0.06082725060827251,1.884230845914391,,5.0,LIFT_TOP5
French orange flower,white floral,66,39497,52,0.7878787878787878,2.6317150286059316,1.0,1.0,P_AND_LIFT_TOP5
French orange flower,citrus,66,59969,50,0.7575757575757576,1.666643927645445,2.0,2.0,P_AND_LIFT_TOP5
French orange flower,sweet,66,60625,38,0.5757575757575758,1.2529434551702594,3.0,4.0,P_AND_LIFT_TOP5
French orange flower,woody,66,81432,37,0.5606060606060606,0.9082517631368207,4.0,,P_TOP5
French orange flower,aromatic,66,54606,35,0.5303030303030303,1.2812306117986811,5.0,3.0,P_AND_LIFT_TOP5
French orange flower,musky,66,41154,23,0.3484848484848485,1.1171600831172197,,5.0,LIFT_TOP5
Fresh note,fresh,102,33478,89,0.8725490196078431,3.4385385075829724,1.0,1.0,P_AND_LIFT_TOP5
Fresh note,woody,102,81432,54,0.5294117647058824,0.8577131117699069,2.0,,P_TOP5
Fresh note,sweet,102,60625,48,0.47058823529411764,1.024077622801698,3.0,5.0,P_AND_LIFT_TOP5
Fresh note,citrus,102,59969,47,0.46078431372549017,1.0137116595208178,4.0,,P_TOP5
Fresh note,powdery,102,62885,47,0.46078431372549017,0.9667054863608797,5.0,,P_TOP5
Fresh note,animalic,102,18242,21,0.20588235294117646,1.4889846959505215,,2.0,LIFT_TOP5
Fresh note,warm spicy,102,45319,44,0.43137254901960786,1.2557863234439608,,3.0,LIFT_TOP5
Fresh note,musky,102,41154,35,0.3431372549019608,1.10001696163716,,4.0,LIFT_TOP5
Fruits,fruity,839,43222,719,0.8569725864123957,2.615806610647063,1.0,2.0,P_AND_LIFT_TOP5
Fruits,sweet,839,60625,684,0.8152562574493445,1.7741320914687342,2.0,3.0,P_AND_LIFT_TOP5
Fruits,powdery,839,62885,412,0.49106078665077474,1.0302242121783687,3.0,,P_TOP5
Fruits,woody,839,81432,412,0.49106078665077474,0.7955797423965605,4.0,,P_TOP5
Fruits,citrus,839,59969,340,0.4052443384982122,0.8915253810813776,5.0,,P_TOP5
Fruits,sour,839,1912,140,0.16686531585220502,11.513881339111615,,1.0,LIFT_TOP5
Fruits,animalic,839,18242,142,0.16924910607866508,1.2240453110929879,,4.0,LIFT_TOP5
Fruits,caramel,839,4008,30,0.03575685339690107,1.1769964243146602,,5.0,LIFT_TOP5
Fruity Notes,fruity,2476,43222,2046,0.8263327948303716,2.5222823011885365,1.0,2.0,P_AND_LIFT_TOP5
Fruity Notes,sweet,2476,60625,1994,0.8053311793214862,1.7525334843362257,2.0,3.0,P_AND_LIFT_TOP5
Fruity Notes,woody,2476,81432,1378,0.5565428109854604,0.9016687917932974,3.0,,P_TOP5
Fruity Notes,powdery,2476,62885,1208,0.4878836833602585,1.0235587874011116,4.0,,P_TOP5
Fruity Notes,floral,2476,46586,1189,0.48021001615508885,1.3599387676843016,5.0,4.0,P_AND_LIFT_TOP5
Fruity Notes,sour,2476,1912,375,0.15145395799676897,10.450481526419315,,1.0,LIFT_TOP5
Fruity Notes,animalic,2476,18242,448,0.18093699515347333,1.3085745954718637,,5.0,LIFT_TOP5
Gaiac Wood,woody,161,81432,146,0.906832298136646,1.4691814654333395,1.0,5.0,P_AND_LIFT_TOP5
Gaiac Wood,aromatic,161,54606,85,0.5279503105590062,1.2755463588625735,2.0,,P_TOP5
Gaiac Wood,amber,161,45478,83,0.515527950310559,1.4955275624361681,3.0,4.0,P_AND_LIFT_TOP5
Gaiac Wood,warm spicy,161,45319,81,0.5031055900621118,1.4646113218935637,4.0,,P_TOP5
Gaiac Wood,fresh spicy,161,47271,77,0.4782608695652174,1.3347920822859498,5.0,,P_TOP5
Gaiac Wood,smoky,161,7407,32,0.19875776397515527,3.54017980305687,,1.0,LIFT_TOP5
Gaiac Wood,oud,161,8298,25,0.15527950310559005,2.46879065373831,,2.0,LIFT_TOP5
Gaiac Wood,leather,161,10809,24,0.14906832298136646,1.8194637663920508,,3.0,LIFT_TOP5
Galbanum,aromatic,2707,54606,2207,0.8152936830439601,1.9697779658643675,1.0,,P_TOP5
Galbanum,green,2707,29755,2181,0.805688954562246,3.5723254503578263,2.0,2.0,P_AND_LIFT_TOP5
Galbanum,woody,2707,81432,2064,0.7624676763945327,1.2352927663170583,3.0,,P_TOP5
Galbanum,citrus,2707,59969,1365,0.5042482452899889,1.1093310043707287,4.0,,P_TOP5
Galbanum,fresh spicy,2707,47271,1285,0.4746952345770225,1.3248406485529518,5.0,,P_TOP5
Galbanum,bitter,2707,1034,90,0.033247137052087185,4.242064595050157,,1.0,LIFT_TOP5
Galbanum,mossy,2707,6173,401,0.14813446619874399,3.165945265770338,,3.0,LIFT_TOP5
Galbanum,herbal,2707,8607,385,0.14222386405615073,2.1800388503459933,,4.0,LIFT_TOP5
Galbanum,earthy,2707,19049,791,0.2922053934244551,2.0237627988077254,,5.0,LIFT_TOP5
Gardenia,white floral,4004,39497,3477,0.8683816183816184,2.9006149052608277,1.0,3.0,P_AND_LIFT_TOP5
Gardenia,woody,4004,81432,2248,0.5614385614385614,0.909600518353834,2.0,,P_TOP5
Gardenia,sweet,4004,60625,2142,0.534965034965035,1.1641721577391682,3.0,,P_TOP5
Gardenia,powdery,4004,62885,2062,0.514985014985015,1.0804162046111636,4.0,,P_TOP5
Gardenia,citrus,4004,59969,1947,0.48626373626373626,1.0697656243271478,5.0,,P_TOP5
Gardenia,lactonic,4004,7015,1125,0.280969030969031,5.284140307304955,,1.0,LIFT_TOP5
Gardenia,tuberose,4004,3931,490,0.12237762237762238,4.107168588216668,,2.0,LIFT_TOP5
Gardenia,beeswax,4004,349,25,0.006243756243756244,2.3602829834921524,,4.0,LIFT_TOP5
Gardenia,animalic,4004,18242,1174,0.2932067932067932,2.1205335066205584,,5.0,LIFT_TOP5
Gasoline,woody,53,81432,38,0.7169811320754716,1.1615988893152198,1.0,4.0,P_AND_LIFT_TOP5
Gasoline,leather,53,10809,27,0.5094339622641509,6.217931597882268,2.0,3.0,P_AND_LIFT_TOP5
Gasoline,gasoline,53,25,24,0.4528301886792453,2389.675471698113,3.0,1.0,P_AND_LIFT_TOP5
Gasoline,aromatic,53,54606,22,0.41509433962264153,1.0028823980224717,4.0,5.0,P_AND_LIFT_TOP5
Gasoline,smoky,53,7407,20,0.37735849056603776,6.721331937407501,5.0,2.0,P_AND_LIFT_TOP5
Gentiana,aromatic,51,54606,38,0.7450980392156863,1.8001828427961304,1.0,4.0,P_AND_LIFT_TOP5
Gentiana,floral,51,46586,34,0.6666666666666666,1.8879777901801686,2.0,2.0,P_AND_LIFT_TOP5
Gentiana,fresh spicy,51,47271,33,0.6470588235294118,1.805895170151579,3.0,3.0,P_AND_LIFT_TOP5
Gentiana,woody,51,81432,33,0.6470588235294118,1.048316025496553,4.0,,P_TOP5
Gentiana,sweet,51,60625,31,0.6078431372549019,1.3227669294521933,5.0,5.0,P_AND_LIFT_TOP5
Gentiana,green,51,29755,22,0.43137254901960786,1.9126526765974412,,1.0,LIFT_TOP5
Georgywood,woody,69,81432,49,0.7101449275362319,1.1505233850311312,1.0,,P_TOP5
Georgywood,sweet,69,60625,44,0.6376811594202898,1.3876993874196921,2.0,,P_TOP5
Georgywood,fruity,69,43222,35,0.5072463768115942,1.5483090669740787,3.0,3.0,P_AND_LIFT_TOP5
Georgywood,floral,69,46586,34,0.4927536231884058,1.3954618449157767,4.0,5.0,P_AND_LIFT_TOP5
Georgywood,white floral,69,39497,33,0.4782608695652174,1.5975126344213264,5.0,2.0,P_AND_LIFT_TOP5
Georgywood,oud,69,8298,23,0.3333333333333333,5.299670603358239,,1.0,LIFT_TOP5
Georgywood,musky,69,41154,33,0.4782608695652174,1.5331913428035946,,4.0,LIFT_TOP5
Geranium,aromatic,8423,54606,7198,0.8545648818710673,2.0646585515373754,1.0,4.0,P_AND_LIFT_TOP5
Geranium,fresh spicy,8423,47271,7021,0.8335509913332542,2.3263815507731214,2.0,3.0,P_AND_LIFT_TOP5
Geranium,woody,8423,81432,6387,0.7582808975424433,1.228509662206191,3.0,,P_TOP5
Geranium,citrus,8423,59969,4578,0.5435118128932684,1.1957096745820157,4.0,,P_TOP5
Geranium,warm spicy,8423,45319,4386,0.5207170841742848,1.5158808648715414,5.0,,P_TOP5
Geranium,herbal,8423,8607,1871,0.22212988246468005,3.404855976944956,,1.0,LIFT_TOP5
Geranium,lavender,8423,8336,1519,0.18033954647987652,2.8541502359753013,,2.0,LIFT_TOP5
Geranium,mossy,8423,6173,691,0.08203727887925917,1.7533092827702352,,5.0,LIFT_TOP5
Gin,woody,211,81432,199,0.943127962085308,1.527984969519534,1.0,,P_TOP5
Gin,aromatic,211,54606,194,0.919431279620853,2.2213780302600292,2.0,2.0,P_AND_LIFT_TOP5
Gin,citrus,211,59969,131,0.6208530805687204,1.3658581420305704,3.0,,P_TOP5
Gin,fresh spicy,211,47271,120,0.5687203791469194,1.5872581417963039,4.0,4.0,P_AND_LIFT_TOP5
Gin,herbal,211,8607,101,0.4786729857819905,7.337205415849659,5.0,1.0,P_AND_LIFT_TOP5
Gin,leather,211,10809,32,0.15165876777251186,1.8510816201524183,,3.0,LIFT_TOP5
Gin,aquatic,211,8872,22,0.10426540284360189,1.5504660276325968,,5.0,LIFT_TOP5
Ginger,fresh spicy,6847,47271,5673,0.8285380458595005,2.312390776379681,1.0,3.0,P_AND_LIFT_TOP5
Ginger,woody,6847,81432,4702,0.6867241127501096,1.1125787429403913,2.0,,P_TOP5
Ginger,citrus,6847,59969,4549,0.6643785599532642,1.4616128902371917,3.0,,P_TOP5
Ginger,aromatic,6847,54606,4010,0.5856579523879071,1.4149700336691313,4.0,,P_TOP5
Ginger,fresh,6847,33478,3389,0.4949612969183584,1.9505419649453082,5.0,4.0,P_AND_LIFT_TOP5
Ginger,vodka,6847,87,24,0.0035051847524463268,5.3153910849453325,,1.0,LIFT_TOP5
Ginger,terpenic,6847,557,83,0.012122097268876881,2.8712177606515743,,2.0,LIFT_TOP5
Ginger,cinnamon,6847,4259,401,0.05856579523879071,1.814178296748922,,5.0,LIFT_TOP5
Ginger flower,fresh spicy,159,47271,126,0.7924528301886793,2.2116795051256046,1.0,1.0,P_AND_LIFT_TOP5
Ginger flower,citrus,159,59969,121,0.7610062893081762,1.6741909944876132,2.0,3.0,P_AND_LIFT_TOP5
Ginger flower,woody,159,81432,94,0.5911949685534591,0.9578096104879883,3.0,,P_TOP5
Ginger flower,fresh,159,33478,87,0.5471698113207547,2.1562851188107763,4.0,2.0,P_AND_LIFT_TOP5
Ginger flower,sweet,159,60625,72,0.4528301886792453,0.9854331842054075,5.0,,P_TOP5
Ginger flower,vanilla,159,34562,58,0.36477987421383645,1.3924370350393915,,4.0,LIFT_TOP5
Ginger flower,white floral,159,39497,62,0.389937106918239,1.3024888603114988,,5.0,LIFT_TOP5
Gingerbread,sweet,87,60625,78,0.896551724137931,1.9510444365446142,1.0,4.0,P_AND_LIFT_TOP5
Gingerbread,warm spicy,87,45319,69,0.7931034482758621,2.3088359833852135,2.0,2.0,P_AND_LIFT_TOP5
Gingerbread,cinnamon,87,4259,63,0.7241379310344828,22.4314433532236,3.0,1.0,P_AND_LIFT_TOP5
Gingerbread,vanilla,87,34562,50,0.5747126436781609,2.1937919993188983,4.0,3.0,P_AND_LIFT_TOP5
Gingerbread,woody,87,81432,40,0.45977011494252873,0.7448849501960877,5.0,,P_TOP5
Gingerbread,balsamic,87,18162,20,0.22988505747126436,1.6699006514802284,,5.0,LIFT_TOP5
Ginseng,green,50,29755,41,0.82,3.6357788606956816,1.0,2.0,P_AND_LIFT_TOP5
Ginseng,woody,50,81432,32,0.64,1.0368798506729542,2.0,5.0,P_AND_LIFT_TOP5
Ginseng,herbal,50,8607,28,0.56,8.583803880562334,3.0,1.0,P_AND_LIFT_TOP5
Ginseng,aromatic,50,54606,28,0.56,1.3529795260594073,4.0,3.0,P_AND_LIFT_TOP5
Ginseng,fresh spicy,50,47271,24,0.48,1.3396458716760804,5.0,4.0,P_AND_LIFT_TOP5
Gooseberry,sweet,71,60625,60,0.8450704225352113,1.839012632496007,1.0,2.0,P_AND_LIFT_TOP5
Gooseberry,fruity,71,43222,58,0.8169014084507042,2.4934941191268662,2.0,1.0,P_AND_LIFT_TOP5
Gooseberry,woody,71,81432,34,0.4788732394366197,0.7758343953098689,3.0,,P_TOP5
Gooseberry,powdery,71,62885,33,0.4647887323943662,0.9751065828860417,4.0,,P_TOP5
Gooseberry,floral,71,46586,32,0.4507042253521127,1.2763793511077195,5.0,5.0,P_AND_LIFT_TOP5
Gooseberry,green,71,29755,27,0.38028169014084506,1.6861221099069632,,3.0,LIFT_TOP5
Gooseberry,fresh,71,33478,23,0.323943661971831,1.276596192243971,,4.0,LIFT_TOP5
Gourmand Accord,sweet,223,60625,209,0.9372197309417041,2.039544727474458,1.0,4.0,P_AND_LIFT_TOP5
Gourmand Accord,powdery,223,62885,135,0.6053811659192825,1.270063404941257,2.0,,P_TOP5
Gourmand Accord,woody,223,81432,131,0.5874439461883408,0.9517324862539027,3.0,,P_TOP5
Gourmand Accord,vanilla,223,34562,121,0.5426008968609866,2.0712151010609907,4.0,3.0,P_AND_LIFT_TOP5
Gourmand Accord,fruity,223,43222,116,0.5201793721973094,1.5877854928969282,5.0,,P_TOP5
Gourmand Accord,caramel,223,4008,20,0.08968609865470852,2.9521674140508223,,1.0,LIFT_TOP5
Gourmand Accord,lactonic,223,7015,27,0.1210762331838565,2.2770616456088653,,2.0,LIFT_TOP5
Gourmand Accord,tropical,223,6512,20,0.08968609865470852,1.8169973887462676,,5.0,LIFT_TOP5
Granny Smith apple,fruity,277,43222,232,0.8375451263537906,2.556506605891805,1.0,2.0,P_AND_LIFT_TOP5
Granny Smith apple,fresh,277,33478,186,0.6714801444043321,2.646166899195398,2.0,1.0,P_AND_LIFT_TOP5
Granny Smith apple,woody,277,81432,170,0.6137184115523465,0.994300398321312,3.0,,P_TOP5
Granny Smith apple,citrus,277,59969,153,0.5523465703971119,1.2151458759107368,4.0,,P_TOP5
Granny Smith apple,green,277,29755,137,0.49458483754512633,2.1929281672770466,5.0,4.0,P_AND_LIFT_TOP5
Granny Smith apple,aquatic,277,8872,47,0.16967509025270758,2.5231328513345033,,3.0,LIFT_TOP5
Granny Smith apple,ozonic,277,5777,22,0.07942238267148015,1.8137779030376278,,5.0,LIFT_TOP5
Grapefruit,citrus,9759,59969,8379,0.8585920688595143,1.8888767804138091,1.0,2.0,P_AND_LIFT_TOP5
Grapefruit,woody,9759,81432,6979,0.7151347474126447,1.1586075157941622,2.0,,P_TOP5
Grapefruit,aromatic,9759,54606,6624,0.6787580694743314,1.6399031627613914,3.0,5.0,P_AND_LIFT_TOP5
Grapefruit,fresh spicy,9759,47271,6242,0.6396147146223998,1.7851191914732756,4.0,3.0,P_AND_LIFT_TOP5
Grapefruit,powdery,9759,62885,3764,0.3856952556614407,0.8091719023521329,5.0,,P_TOP5
Grapefruit,bitter,9759,1034,311,0.03186801926426888,4.066100368989355,,1.0,LIFT_TOP5
Grapefruit,marine,9759,4326,558,0.05717798954810944,1.743756856468349,,4.0,LIFT_TOP5
Grapefruit blossom,white floral,86,39497,67,0.7790697674418605,2.602290665584846,1.0,1.0,P_AND_LIFT_TOP5
Grapefruit blossom,citrus,86,59969,66,0.7674418604651163,1.688349057865944,2.0,3.0,P_AND_LIFT_TOP5
Grapefruit blossom,woody,86,81432,54,0.627906976744186,1.0172876441922152,3.0,,P_TOP5
Grapefruit blossom,fresh,86,33478,42,0.4883720930232558,1.9245752503900513,4.0,2.0,P_AND_LIFT_TOP5
Grapefruit blossom,fresh spicy,86,47271,42,0.4883720930232558,1.3630117880425237,5.0,5.0,P_AND_LIFT_TOP5
Grapefruit blossom,musky,86,41154,39,0.45348837209302323,1.4537765692334295,,4.0,LIFT_TOP5
Grapes,fruity,446,43222,389,0.8721973094170403,2.6622782617970047,1.0,2.0,P_AND_LIFT_TOP5
Grapes,sweet,446,60625,370,0.8295964125560538,1.8053386343673432,2.0,3.0,P_AND_LIFT_TOP5
Grapes,woody,446,81432,243,0.5448430493273543,0.8827137181667876,3.0,,P_TOP5
Grapes,powdery,446,62885,220,0.49327354260089684,1.0348664781002834,4.0,,P_TOP5
Grapes,floral,446,46586,168,0.37668161434977576,1.0667497827923822,5.0,,P_TOP5
Grapes,honey,446,3467,32,0.07174887892376682,2.7302652426918246,,1.0,LIFT_TOP5
Grapes,tropical,446,6512,35,0.07847533632286996,1.5898727151529841,,4.0,LIFT_TOP5
Grapes,rose,446,25617,101,0.226457399103139,1.1662772636794758,,5.0,LIFT_TOP5
Grass,green,848,29755,748,0.8820754716981132,3.911013845778258,1.0,1.0,P_AND_LIFT_TOP5
Grass,fresh,848,33478,632,0.7452830188679245,2.937009041138816,2.0,2.0,P_AND_LIFT_TOP5
Grass,woody,848,81432,501,0.5908018867924528,0.9571727689916532,3.0,,P_TOP5
Grass,aromatic,848,54606,446,0.5259433962264151,1.2706975838580181,4.0,,P_TOP5
Grass,citrus,848,59969,346,0.4080188679245283,0.8976292625403628,5.0,,P_TOP5
Grass,ozonic,848,5777,82,0.09669811320754718,2.2083057080615713,,3.0,LIFT_TOP5
Grass,aquatic,848,8872,124,0.14622641509433962,2.1744421712574646,,4.0,LIFT_TOP5
Grass,conifer,848,1828,25,0.0294811320754717,2.1277055550968167,,5.0,LIFT_TOP5
Grasse Rose,rose,160,25617,125,0.78125,4.023512218448686,1.0,1.0,P_AND_LIFT_TOP5
Grasse Rose,floral,160,46586,109,0.68125,1.9292773043403597,2.0,3.0,P_AND_LIFT_TOP5
Grasse Rose,powdery,160,62885,92,0.575,1.2063250377673531,3.0,,P_TOP5
Grasse Rose,woody,160,81432,90,0.5625,0.911320181255526,4.0,,P_TOP5
Grasse Rose,citrus,160,59969,78,0.4875,1.072485367439844,5.0,,P_TOP5
Grasse Rose,violet,160,7614,20,0.125,2.165911478854741,,2.0,LIFT_TOP5
Grasse Rose,patchouli,160,14822,25,0.15625,1.3907746930238833,,4.0,LIFT_TOP5
Grasse Rose,soft spicy,160,13661,21,0.13125,1.267536234536271,,5.0,LIFT_TOP5
Green Accord,green,340,29755,289,0.85,3.7687951604772305,1.0,1.0,P_AND_LIFT_TOP5
Green Accord,woody,340,81432,194,0.5705882352941176,0.924424131574233,2.0,,P_TOP5
Green Accord,powdery,340,62885,165,0.4852941176470588,1.0181259909545435,3.0,,P_TOP5
Green Accord,floral,340,46586,160,0.47058823529411764,1.3326902048330602,4.0,,P_TOP5
Green Accord,citrus,340,59969,144,0.4235294117647059,0.9317519934319006,5.0,,P_TOP5
Green Accord,ozonic,340,5777,29,0.08529411764705883,1.9478713763504363,,2.0,LIFT_TOP5
Green Accord,aquatic,340,8872,39,0.11470588235294117,1.7057199119503528,,3.0,LIFT_TOP5
Green Accord,fresh,340,33478,130,0.38235294117647056,1.5067753010756846,,4.0,LIFT_TOP5
Green Accord,yellow floral,340,6986,24,0.07058823529411765,1.3330526599417323,,5.0,LIFT_TOP5
Green Apple,fruity,1658,43222,1295,0.7810615199034981,2.3840971338871064,1.0,2.0,P_AND_LIFT_TOP5
Green Apple,woody,1658,81432,1047,0.6314837153196623,1.0230824069422713,2.0,,P_TOP5
Green Apple,fresh,1658,33478,1013,0.6109770808202654,2.407736611285549,3.0,1.0,P_AND_LIFT_TOP5
Green Apple,citrus,1658,59969,977,0.5892641737032569,1.296363495083638,4.0,,P_TOP5
Green Apple,green,1658,29755,809,0.4879372738238842,2.1634536896516567,5.0,4.0,P_AND_LIFT_TOP5
Green Apple,aquatic,1658,8872,252,0.1519903498190591,2.2601540635289075,,3.0,LIFT_TOP5
Green Apple,ozonic,1658,5777,148,0.08926417370325694,2.038535993884488,,5.0,LIFT_TOP5
Green Bell Pepper,aromatic,124,54606,109,0.8790322580645161,2.1237725855483207,1.0,2.0,P_AND_LIFT_TOP5
Green Bell Pepper,green,124,29755,105,0.8467741935483871,3.7544923325437307,2.0,1.0,P_AND_LIFT_TOP5
Green Bell Pepper,fresh spicy,124,47271,88,0.7096774193548387,1.9806592188759253,3.0,3.0,P_AND_LIFT_TOP5
Green Bell Pepper,woody,124,81432,82,0.6612903225806451,1.0713728295763891,4.0,,P_TOP5
Green Bell Pepper,citrus,124,59969,52,0.41935483870967744,0.922568058012769,5.0,,P_TOP5
Green Bell Pepper,earthy,124,19049,21,0.1693548387096774,1.172921616408617,,4.0,LIFT_TOP5
Green Bell Pepper,fresh,124,33478,35,0.28225806451612906,1.1123217172953255,,5.0,LIFT_TOP5
Green Grass,green,213,29755,181,0.8497652582159625,3.767754344360004,1.0,1.0,P_AND_LIFT_TOP5
Green Grass,fresh,213,33478,158,0.7417840375586855,2.923220266297789,2.0,2.0,P_AND_LIFT_TOP5
Green Grass,woody,213,81432,132,0.6197183098591549,1.0040209821657127,3.0,,P_TOP5
Green Grass,aromatic,213,54606,107,0.5023474178403756,1.21368887733364,4.0,,P_TOP5
Green Grass,fresh spicy,213,47271,92,0.431924882629108,1.2054716372672085,5.0,,P_TOP5
Green Grass,ozonic,213,5777,25,0.11737089201877934,2.680412287352875,,3.0,LIFT_TOP5
Green Grass,aquatic,213,8872,31,0.14553990610328638,2.164233522566115,,4.0,LIFT_TOP5
Green Grass,yellow floral,213,6986,20,0.09389671361502347,1.7732312377941664,,5.0,LIFT_TOP5
Green Leaves,green,1138,29755,975,0.8567662565905096,3.7987959076453013,1.0,1.0,P_AND_LIFT_TOP5
Green Leaves,woody,1138,81432,771,0.6775043936731108,1.097641647721946,2.0,,P_TOP5
Green Leaves,powdery,1138,62885,561,0.4929701230228471,1.0342299169977613,3.0,,P_TOP5
Green Leaves,citrus,1138,59969,537,0.4718804920913884,1.0381229188683632,4.0,,P_TOP5
Green Leaves,floral,1138,46586,512,0.44991212653778556,1.2741361536541032,5.0,,P_TOP5
Green Leaves,aquatic,1138,8872,159,0.13971880492091387,2.077671543419316,,2.0,LIFT_TOP5
Green Leaves,mossy,1138,6173,98,0.08611599297012303,1.840479985833198,,3.0,LIFT_TOP5
Green Leaves,ozonic,1138,5777,77,0.06766256590509666,1.5452176423505977,,4.0,LIFT_TOP5
Green Leaves,fresh,1138,33478,411,0.36115992970123023,1.423257946277654,,5.0,LIFT_TOP5
Green Mandarin,citrus,625,59969,518,0.8288,1.8233351231469592,1.0,2.0,P_AND_LIFT_TOP5
Green Mandarin,woody,625,81432,414,0.6624,1.0731706454465075,2.0,,P_TOP5
Green Mandarin,aromatic,625,54606,339,0.5424,1.3104573123832546,3.0,,P_TOP5
Green Mandarin,fresh spicy,625,47271,299,0.4784,1.3351803854371602,4.0,5.0,P_AND_LIFT_TOP5
Green Mandarin,white floral,625,39497,246,0.3936,1.3147238524444895,5.0,,P_TOP5
Green Mandarin,salty,625,2520,32,0.0512,2.6804825396825396,,1.0,LIFT_TOP5
Green Mandarin,marine,625,4326,36,0.0576,1.756626907073509,,3.0,LIFT_TOP5
Green Mandarin,green,625,29755,216,0.3456,1.532347773483448,,4.0,LIFT_TOP5
Green Notes,green,4529,29755,3693,0.8154117906822698,3.615435306493425,1.0,2.0,P_AND_LIFT_TOP5
Green Notes,woody,4529,81432,2852,0.6297195848973284,1.0202242955534007,2.0,,P_TOP5
Green Notes,powdery,4529,62885,2151,0.47493928019430337,0.9964019915088566,3.0,,P_TOP5
Green Notes,citrus,4529,59969,2078,0.4588209317730183,1.0093922781572864,4.0,,P_TOP5
Green Notes,floral,4529,46586,2015,0.4449105762861559,1.2599719299667829,5.0,,P_TOP5
Green Notes,cannabis,4529,388,49,0.010819165378670788,3.6787950732165906,,1.0,LIFT_TOP5
Green Notes,soapy,4529,1720,114,0.02517111945241775,1.9307126682310896,,3.0,LIFT_TOP5
Green Notes,aldehydic,4529,3556,227,0.050121439611393245,1.8595392373259592,,4.0,LIFT_TOP5
Green Notes,mossy,4529,6173,370,0.08169573857363656,1.7460098477271784,,5.0,LIFT_TOP5
Green Tea,green,1323,29755,1101,0.8321995464852607,3.6898701451117613,1.0,2.0,P_AND_LIFT_TOP5
Green Tea,citrus,1323,59969,890,0.672713529856387,1.4799495738457058,2.0,5.0,P_AND_LIFT_TOP5
Green Tea,fresh,1323,33478,804,0.6077097505668935,2.394860726216926,3.0,3.0,P_AND_LIFT_TOP5
Green Tea,woody,1323,81432,797,0.6024187452758881,0.9759935291316426,4.0,,P_TOP5
Green Tea,fresh spicy,1323,47271,735,0.5555555555555556,1.5505160551806487,5.0,4.0,P_AND_LIFT_TOP5
Green Tea,ozonic,1323,5777,239,0.18065003779289493,4.1255252702123295,,1.0,LIFT_TOP5
Guaiac Wood,woody,3983,81432,3694,0.9274416269143861,1.502571149410735,1.0,,P_TOP5
Guaiac Wood,aromatic,3983,54606,2325,0.583730856138589,1.4103141019368577,2.0,,P_TOP5
Guaiac Wood,warm spicy,3983,45319,2202,0.552849610846096,1.609423181423364,3.0,,P_TOP5
Guaiac Wood,fresh spicy,3983,47271,2018,0.5066532764248054,1.414033271111772,4.0,,P_TOP5
Guaiac Wood,amber,3983,45478,2013,0.5053979412503138,1.4661407799189476,5.0,,P_TOP5
Guaiac Wood,smoky,3983,7407,723,0.1815214662314838,3.2331749750127794,,1.0,LIFT_TOP5
Guaiac Wood,oud,3983,8298,496,0.12452924930956566,1.979892005472523,,2.0,LIFT_TOP5
Guaiac Wood,leather,3983,10809,629,0.15792116495104191,1.927517743731239,,3.0,LIFT_TOP5
Guaiac Wood,tobacco,3983,4372,247,0.06201355761988451,1.871328604023642,,4.0,LIFT_TOP5
Guaiac Wood,cinnamon,3983,4259,237,0.05950288727090133,1.8432063671401766,,5.0,LIFT_TOP5
Guatemalan Cardamom,warm spicy,194,45319,167,0.8608247422680413,2.505982220424605,1.0,1.0,P_AND_LIFT_TOP5
Guatemalan Cardamom,aromatic,194,54606,166,0.8556701030927835,2.0673288045458547,2.0,2.0,P_AND_LIFT_TOP5
Guatemalan Cardamom,woody,194,81432,156,0.8041237113402062,1.3027807402140854,3.0,,P_TOP5
Guatemalan Cardamom,fresh spicy,194,47271,106,0.5463917525773195,1.524940532620968,4.0,5.0,P_AND_LIFT_TOP5
Guatemalan Cardamom,citrus,194,59969,106,0.5463917525773195,1.2020454554440756,5.0,,P_TOP5
Guatemalan Cardamom,lavender,194,8336,23,0.11855670103092783,1.8763418386528683,,3.0,LIFT_TOP5
Guatemalan Cardamom,soft spicy,194,13661,32,0.16494845360824742,1.5929763183175523,,4.0,LIFT_TOP5
Guava,fruity,472,43222,417,0.8834745762711864,2.6967007738526125,1.0,3.0,P_AND_LIFT_TOP5
Guava,tropical,472,6512,325,0.6885593220338984,13.949881964977305,2.0,1.0,P_AND_LIFT_TOP5
Guava,fresh,472,33478,316,0.6694915254237288,2.6383301555992755,3.0,4.0,P_AND_LIFT_TOP5
Guava,sweet,472,60625,312,0.6610169491525424,1.4384819150795038,4.0,,P_TOP5
Guava,woody,472,81432,222,0.4703389830508475,0.7620078351741122,5.0,,P_TOP5
Guava,coconut,472,3269,38,0.08050847457627118,3.249153579335411,,2.0,LIFT_TOP5
Guava,ozonic,472,5777,41,0.08686440677966102,1.9837322462248015,,5.0,LIFT_TOP5
Gurjan balsam,woody,425,81432,404,0.9505882352941176,1.5400715429112994,1.0,,P_TOP5
Gurjan balsam,warm spicy,425,45319,279,0.6564705882352941,1.9110784594956278,2.0,,P_TOP5
Gurjan balsam,amber,425,45478,249,0.5858823529411765,1.6996230886039274,3.0,,P_TOP5
Gurjan balsam,aromatic,425,54606,224,0.5270588235294118,1.2733924951147364,4.0,,P_TOP5
Gurjan balsam,fresh spicy,425,47271,223,0.5247058823529411,1.464416810704735,5.0,,P_TOP5
Gurjan balsam,oud,425,8298,134,0.31529411764705884,5.012864900117675,,1.0,LIFT_TOP5
Gurjan balsam,metallic,425,2235,26,0.0611764705882353,3.6111909461771288,,2.0,LIFT_TOP5
Gurjan balsam,smoky,425,7407,69,0.1623529411764706,2.8917542229528506,,3.0,LIFT_TOP5
Gurjan balsam,leather,425,10809,89,0.20941176470588235,2.555989834179578,,4.0,LIFT_TOP5
Gurjan balsam,balsamic,425,18162,128,0.30117647058823527,2.1877663123392734,,5.0,LIFT_TOP5
Haitian Vetiver,woody,1214,81432,1072,0.8830313014827018,1.4306208812827004,1.0,,P_TOP5
Haitian Vetiver,aromatic,1214,54606,991,0.8163097199341022,1.9722327464180878,2.0,2.0,P_AND_LIFT_TOP5
Haitian Vetiver,citrus,1214,59969,660,0.5436573311367381,1.196029810349845,3.0,,P_TOP5
Haitian Vetiver,fresh spicy,1214,47271,650,0.5354200988467874,1.494319427151037,4.0,5.0,P_AND_LIFT_TOP5
Haitian Vetiver,earthy,1214,19049,546,0.4497528830313015,3.1149088066732955,5.0,1.0,P_AND_LIFT_TOP5
Haitian Vetiver,cinnamon,1214,4259,61,0.05024711696869852,1.5564926371637462,,3.0,LIFT_TOP5
Haitian Vetiver,green,1214,29755,412,0.3393739703459638,1.504742325919778,,4.0,LIFT_TOP5
Hawthorn,floral,364,46586,322,0.8846153846153846,2.5052012985083008,1.0,4.0,P_AND_LIFT_TOP5
Hawthorn,sweet,364,60625,248,0.6813186813186813,1.4826618330123484,2.0,,P_TOP5
Hawthorn,powdery,364,62885,236,0.6483516483516484,1.360213611624918,3.0,,P_TOP5
Hawthorn,woody,364,81432,190,0.521978021978022,0.845669521067399,4.0,,P_TOP5
Hawthorn,fresh spicy,364,47271,158,0.4340659340659341,1.211447159597188,5.0,,P_TOP5
Hawthorn,aldehydic,364,3556,73,0.20054945054945056,7.440519969344491,,1.0,LIFT_TOP5
Hawthorn,almond,364,3438,28,0.07692307692307693,2.9518503602273234,,2.0,LIFT_TOP5
Hawthorn,violet,364,7614,55,0.1510989010989011,2.6181347546595775,,3.0,LIFT_TOP5
Hawthorn,yellow floral,364,6986,42,0.11538461538461539,2.1790283864432163,,5.0,LIFT_TOP5
Hay,green,777,29755,615,0.7915057915057915,3.5094390547255614,1.0,5.0,P_AND_LIFT_TOP5
Hay,fresh spicy,777,47271,519,0.667953667953668,1.864211195302139,2.0,,P_TOP5
Hay,woody,777,81432,495,0.637065637065637,1.0321258166085752,3.0,,P_TOP5
Hay,aromatic,777,54606,414,0.5328185328185329,1.2873081535865845,4.0,,P_TOP5
Hay,sweet,777,60625,385,0.4954954954954955,1.07827992941395,5.0,,P_TOP5
Hay,beeswax,777,349,21,0.02702702702702703,10.216835746921706,,1.0,LIFT_TOP5
Hay,herbal,777,8607,362,0.46589446589446587,7.1413334362097,,2.0,LIFT_TOP5
Hay,tobacco,777,4372,120,0.15444015444015444,4.66040475189606,,3.0,LIFT_TOP5
Hay,honey,777,3467,75,0.09652509652509653,3.6730764305036008,,4.0,LIFT_TOP5
Hazelnut,woody,963,81432,840,0.8722741433021807,1.4131929428953813,1.0,,P_TOP5
Hazelnut,sweet,963,60625,748,0.7767393561786086,1.6903129610003105,2.0,,P_TOP5
Hazelnut,nutty,963,3619,698,0.7248182762201454,26.423121078122072,3.0,1.0,P_AND_LIFT_TOP5
Hazelnut,warm spicy,963,45319,502,0.5212876427829699,1.517541841443042,4.0,,P_TOP5
Hazelnut,vanilla,963,34562,454,0.4714434060228453,1.79959286374035,5.0,,P_TOP5
Hazelnut,chocolate,963,1554,97,0.10072689511941849,8.551415233658224,,2.0,LIFT_TOP5
Hazelnut,cacao,963,2035,108,0.11214953271028037,7.270706560426187,,3.0,LIFT_TOP5
Hazelnut,coffee,963,1815,65,0.06749740394600208,4.906298899501958,,4.0,LIFT_TOP5
Hazelnut,savory,963,654,22,0.02284527518172378,4.608527759518071,,5.0,LIFT_TOP5
Hedione,floral,627,46586,439,0.7001594896331739,1.9828283490169714,1.0,2.0,P_AND_LIFT_TOP5
Hedione,woody,627,81432,429,0.6842105263157895,1.1085064193049674,2.0,,P_TOP5
Hedione,fresh,627,33478,357,0.569377990430622,2.2438030431182256,3.0,1.0,P_AND_LIFT_TOP5
Hedione,citrus,627,59969,332,0.529505582137161,1.1648963873227112,4.0,,P_TOP5
Hedione,amber,627,45478,315,0.5023923444976076,1.4574216546367338,5.0,,P_TOP5
Hedione,marine,627,4326,40,0.06379585326953748,1.9455818127253999,,3.0,LIFT_TOP5
Hedione,ozonic,627,5777,50,0.07974481658692185,1.8211413626990824,,4.0,LIFT_TOP5
Hedione,green,627,29755,231,0.3684210526315789,1.6335335060892022,,5.0,LIFT_TOP5
Heliotrope,powdery,4180,62885,3735,0.8935406698564593,1.874609534454364,1.0,,P_TOP5
Heliotrope,vanilla,4180,34562,2900,0.69377990430622,2.648295317838077,2.0,2.0,P_AND_LIFT_TOP5
Heliotrope,woody,4180,81432,2451,0.5863636363636363,0.949982249551215,3.0,,P_TOP5
Heliotrope,sweet,4180,60625,2362,0.5650717703349283,1.2296893799634983,4.0,,P_TOP5
Heliotrope,floral,4180,46586,2303,0.5509569377990431,1.560291692865405,5.0,,P_TOP5
Heliotrope,almond,4180,3438,883,0.21124401913875598,8.106289541877858,,1.0,LIFT_TOP5
Heliotrope,anis,4180,1418,89,0.021291866028708133,1.9809844042083669,,3.0,LIFT_TOP5
Heliotrope,nutty,4180,3619,224,0.053588516746411484,1.9535598271218755,,4.0,LIFT_TOP5
Heliotrope,iris,4180,7451,454,0.10861244019138756,1.9231296784927876,,5.0,LIFT_TOP5
Helvetolide,woody,65,81432,48,0.7384615384615385,1.1963998276995624,1.0,5.0,P_AND_LIFT_TOP5
Helvetolide,musky,65,41154,43,0.6615384615384615,2.1207359972486084,2.0,1.0,P_AND_LIFT_TOP5
Helvetolide,amber,65,45478,35,0.5384615384615384,1.562057055482448,3.0,2.0,P_AND_LIFT_TOP5
Helvetolide,citrus,65,59969,35,0.5384615384615384,1.1845992224187625,4.0,,P_TOP5
Helvetolide,fresh spicy,65,47271,30,0.46153846153846156,1.2881210304577697,5.0,3.0,P_AND_LIFT_TOP5
Helvetolide,floral,65,46586,28,0.4307692307692308,1.219924110577955,,4.0,LIFT_TOP5
Hemlock,floral,52,46586,44,0.8461538461538461,2.3962795029209834,1.0,1.0,P_AND_LIFT_TOP5
Hemlock,aromatic,52,54606,42,0.8076923076923077,1.9514127779702992,2.0,2.0,P_AND_LIFT_TOP5
Hemlock,woody,52,81432,41,0.7884615384615384,1.277406066033387,3.0,5.0,P_AND_LIFT_TOP5
Hemlock,fresh spicy,52,47271,36,0.6923076923076923,1.9321815456866545,4.0,3.0,P_AND_LIFT_TOP5
Hemlock,sweet,52,60625,28,0.5384615384615384,1.1717811260904045,5.0,,P_TOP5
Hemlock,amber,52,45478,23,0.4423076923076923,1.283118295574868,,4.0,LIFT_TOP5
Herbal Notes,green,997,29755,860,0.8625877632898696,3.8246077503220466,1.0,1.0,P_AND_LIFT_TOP5
Herbal Notes,woody,997,81432,613,0.6148445336008024,0.9961248565423159,2.0,,P_TOP5
Herbal Notes,aromatic,997,54606,512,0.5135406218655968,1.2407320485428008,3.0,,P_TOP5
Herbal Notes,citrus,997,59969,456,0.4573721163490471,1.0062049277114808,4.0,,P_TOP5
Herbal Notes,fresh spicy,997,47271,443,0.44433299899699097,1.2401018078245227,5.0,,P_TOP5
Herbal Notes,conifer,997,1828,26,0.026078234704112337,1.8821124204122213,,2.0,LIFT_TOP5
Herbal Notes,mossy,997,6173,83,0.08324974924774323,1.7792223259767965,,3.0,LIFT_TOP5
Herbal Notes,herbal,997,8607,109,0.10932798395185557,1.675803523035704,,4.0,LIFT_TOP5
Herbal Notes,salty,997,2520,31,0.031093279839518557,1.6278319084236839,,5.0,LIFT_TOP5
Hiacynth,floral,163,46586,144,0.8834355828220859,2.5018601391344566,1.0,4.0,P_AND_LIFT_TOP5
Hiacynth,green,163,29755,127,0.7791411042944786,3.4546155566987244,2.0,2.0,P_AND_LIFT_TOP5
Hiacynth,woody,163,81432,119,0.7300613496932515,1.182790473831303,3.0,,P_TOP5
Hiacynth,white floral,163,39497,99,0.6073619631901841,2.0287430388049974,4.0,,P_TOP5
Hiacynth,powdery,163,62885,86,0.5276073619631901,1.106897340602746,5.0,,P_TOP5
Hiacynth,aldehydic,163,3556,21,0.12883435582822086,4.779841553548137,,1.0,LIFT_TOP5
Hiacynth,mossy,163,6173,21,0.12883435582822086,2.753461293441953,,3.0,LIFT_TOP5
Hiacynth,earthy,163,19049,55,0.3374233128834356,2.3369340998851205,,5.0,LIFT_TOP5
Hibiscus,floral,584,46586,510,0.8732876712328768,2.473121591588748,1.0,3.0,P_AND_LIFT_TOP5
Hibiscus,sweet,584,60625,320,0.547945205479452,1.1924191498375936,2.0,,P_TOP5
Hibiscus,fruity,584,43222,318,0.5445205479452054,1.6620840287448744,3.0,4.0,P_AND_LIFT_TOP5
Hibiscus,fresh spicy,584,47271,299,0.511986301369863,1.4289173645517554,4.0,,P_TOP5
Hibiscus,musky,584,41154,297,0.5085616438356164,1.6303284655497128,5.0,5.0,P_AND_LIFT_TOP5
Hibiscus,tropical,584,6512,138,0.2363013698630137,4.78735253778062,,1.0,LIFT_TOP5
Hibiscus,coconut,584,3269,52,0.08904109589041095,3.5935123220623795,,2.0,LIFT_TOP5
Himalayan Cedar,woody,118,81432,111,0.940677966101695,1.5240156703482244,1.0,3.0,P_AND_LIFT_TOP5
Himalayan Cedar,aromatic,118,54606,74,0.6271186440677966,1.5151405104176172,2.0,4.0,P_AND_LIFT_TOP5
Himalayan Cedar,amber,118,45478,59,0.5,1.450481551519416,3.0,5.0,P_AND_LIFT_TOP5
Himalayan Cedar,warm spicy,118,45319,57,0.4830508474576271,1.4062291380013845,4.0,,P_TOP5
Himalayan Cedar,powdery,118,62885,56,0.4745762711864407,0.9956404143695177,5.0,,P_TOP5
Himalayan Cedar,balsamic,118,18162,43,0.3644067796610169,2.6470755666048875,,1.0,LIFT_TOP5
Himalayan Cedar,earthy,118,19049,28,0.23728813559322035,1.6434155981318472,,2.0,LIFT_TOP5
Hinoki,woody,171,81432,156,0.9122807017543859,1.4780085590732899,1.0,,P_TOP5
Hinoki,aromatic,171,54606,148,0.8654970760233918,2.0910711137927347,2.0,2.0,P_AND_LIFT_TOP5
Hinoki,fresh spicy,171,47271,129,0.7543859649122807,2.105437590718986,3.0,1.0,P_AND_LIFT_TOP5
Hinoki,amber,171,45478,70,0.4093567251461988,1.1875287556299312,4.0,,P_TOP5
Hinoki,citrus,171,59969,70,0.4093567251461988,0.9005725082715739,5.0,,P_TOP5
Hinoki,smoky,171,7407,20,0.11695906432748537,2.0832198402491082,,3.0,LIFT_TOP5
Hinoki,oud,171,8298,21,0.12280701754385964,1.9525102222898776,,4.0,LIFT_TOP5
Hinoki,earthy,171,19049,40,0.23391812865497075,1.6200755269804343,,5.0,LIFT_TOP5
Hinoki Wood,woody,205,81432,196,0.9560975609756097,1.5489973378955717,1.0,5.0,P_AND_LIFT_TOP5
Hinoki Wood,aromatic,205,54606,177,0.8634146341463415,2.0860398616072744,2.0,2.0,P_AND_LIFT_TOP5
Hinoki Wood,fresh spicy,205,47271,159,0.775609756097561,2.164671682891228,3.0,1.0,P_AND_LIFT_TOP5
Hinoki Wood,citrus,205,59969,95,0.4634146341463415,1.0194982854962868,4.0,,P_TOP5
Hinoki Wood,green,205,29755,74,0.36097560975609755,1.6005213307048212,5.0,3.0,P_AND_LIFT_TOP5
Hinoki Wood,herbal,205,8607,21,0.1024390243902439,1.5702080269321341,,4.0,LIFT_TOP5
Honey,sweet,3974,60625,3344,0.8414695520885758,1.8311765444461163,1.0,,P_TOP5
Honey,honey,3974,3467,2784,0.7005535983895319,26.65821639328842,2.0,1.0,P_AND_LIFT_TOP5
Honey,woody,3974,81432,2089,0.5256668344237544,0.8516458574703546,3.0,,P_TOP5
Honey,floral,3974,46586,1948,0.490186210367388,1.3881910173393188,4.0,,P_TOP5
Honey,powdery,3974,62885,1673,0.4209864116758933,0.883211215590373,5.0,,P_TOP5
Honey,beeswax,3974,349,81,0.02038248616004026,7.705046988808343,,2.0,LIFT_TOP5
Honey,tobacco,3974,4372,399,0.1004026170105687,3.029761496387083,,3.0,LIFT_TOP5
Honey,caramel,3974,4008,342,0.08605938600905888,2.8327881227981884,,4.0,LIFT_TOP5
Honey,whiskey,3974,808,54,0.013588324106693507,2.2186975240050426,,5.0,LIFT_TOP5
Honeysuckle,white floral,1496,39497,1303,0.8709893048128342,2.9093252394854603,1.0,2.0,P_AND_LIFT_TOP5
Honeysuckle,fruity,1496,43222,1027,0.6864973262032086,2.095451211095954,2.0,4.0,P_AND_LIFT_TOP5
Honeysuckle,floral,1496,46586,790,0.5280748663101604,1.495490428718917,3.0,,P_TOP5
Honeysuckle,citrus,1496,59969,789,0.5274064171122995,1.1602782872755202,4.0,,P_TOP5
Honeysuckle,woody,1496,81432,743,0.4966577540106952,0.8046475278346475,5.0,,P_TOP5
Honeysuckle,yellow floral,1496,6986,394,0.26336898395721925,4.973700265312902,,1.0,LIFT_TOP5
Honeysuckle,tuberose,1496,3931,111,0.07419786096256685,2.4901866692422905,,3.0,LIFT_TOP5
Honeysuckle,lactonic,1496,7015,140,0.09358288770053476,1.7599986278448398,,5.0,LIFT_TOP5
Hortensia,floral,54,46586,53,0.9814814814814815,2.779522857765248,1.0,2.0,P_AND_LIFT_TOP5
Hortensia,fresh,54,33478,40,0.7407407407407407,2.9191088453887906,2.0,1.0,P_AND_LIFT_TOP5
Hortensia,powdery,54,62885,28,0.5185185185185185,1.0878293416259546,3.0,4.0,P_AND_LIFT_TOP5
Hortensia,woody,54,81432,26,0.48148148148148145,0.7800600728442363,4.0,,P_TOP5
Hortensia,sweet,54,60625,25,0.46296296296296297,1.007483772432226,5.0,5.0,P_AND_LIFT_TOP5
Hortensia,fruity,54,43222,24,0.4444444444444444,1.3566136586820499,,3.0,LIFT_TOP5
Hyacinth,floral,1291,46586,1123,0.8698683191324554,2.4634381003551464,1.0,2.0,P_AND_LIFT_TOP5
Hyacinth,green,1291,29755,939,0.7273431448489543,3.2249497933094453,2.0,1.0,P_AND_LIFT_TOP5
Hyacinth,fresh spicy,1291,47271,759,0.5879163439194423,1.6408327146303658,3.0,,P_TOP5
Hyacinth,woody,1291,81432,755,0.5848179705654531,0.9474780781105736,4.0,,P_TOP5
Hyacinth,powdery,1291,62885,681,0.5274980635166537,1.10666803720684,5.0,,P_TOP5
Hyacinth,yellow floral,1291,6986,149,0.11541440743609604,2.179591006734061,,3.0,LIFT_TOP5
Hyacinth,iris,1291,7451,150,0.11618900077459333,2.05728289789184,,4.0,LIFT_TOP5
Hyacinth,aldehydic,1291,3556,66,0.05112316034082107,1.8967037524647141,,5.0,LIFT_TOP5
Hyrax,musky,137,41154,114,0.8321167883211679,2.6675698081161414,1.0,4.0,P_AND_LIFT_TOP5
Hyrax,amber,137,45478,112,0.8175182481751825,2.3715902740171475,2.0,,P_TOP5
Hyrax,woody,137,81432,94,0.6861313868613139,1.1116184530481032,3.0,,P_TOP5
Hyrax,animalic,137,18242,67,0.48905109489051096,3.53692089403054,4.0,1.0,P_AND_LIFT_TOP5
Hyrax,warm spicy,137,45319,55,0.40145985401459855,1.1687062499204746,5.0,,P_TOP5
Hyrax,leather,137,10809,37,0.27007299270072993,3.2963946643544544,,2.0,LIFT_TOP5
Hyrax,smoky,137,7407,25,0.18248175182481752,3.250279130315671,,3.0,LIFT_TOP5
Hyrax,oud,137,8298,21,0.15328467153284672,2.437074803004154,,5.0,LIFT_TOP5
Hyssop,aromatic,74,54606,63,0.8513513513513513,2.0568945497524775,1.0,2.0,P_AND_LIFT_TOP5
Hyssop,woody,74,81432,52,0.7027027027027027,1.1384660522591556,2.0,,P_TOP5
Hyssop,sweet,74,60625,43,0.581081081081081,1.2645282808581777,3.0,,P_TOP5
Hyssop,fresh spicy,74,47271,42,0.5675675675675675,1.584040726644014,4.0,3.0,P_AND_LIFT_TOP5
Hyssop,amber,74,45478,34,0.4594594594594595,1.332874939234058,5.0,5.0,P_AND_LIFT_TOP5
Hyssop,herbal,74,8607,27,0.36486486486486486,5.592729362335497,,1.0,LIFT_TOP5
Hyssop,green,74,29755,24,0.32432432432432434,1.4380140516924251,,4.0,LIFT_TOP5
Ice,fresh,225,33478,208,0.9244444444444444,3.6430478390452103,1.0,2.0,P_AND_LIFT_TOP5
Ice,aquatic,225,8872,140,0.6222222222222222,9.252680092175133,2.0,1.0,P_AND_LIFT_TOP5
Ice,woody,225,81432,115,0.5111111111111111,0.8280637696346509,3.0,,P_TOP5
Ice,sweet,225,60625,107,0.47555555555555556,1.0348873310423825,4.0,,P_TOP5
Ice,aromatic,225,54606,97,0.4311111111111111,1.0415794764108137,5.0,,P_TOP5
Ice,ozonic,225,5777,33,0.14666666666666667,3.3494431942761524,,3.0,LIFT_TOP5
Ice,green,225,29755,80,0.35555555555555557,1.5764894788924364,,4.0,LIFT_TOP5
Ice,herbal,225,8607,23,0.10222222222222223,1.5668848353407434,,5.0,LIFT_TOP5
Ice cream,sweet,235,60625,229,0.9744680851063829,2.120603290195218,1.0,,P_TOP5
Ice cream,vanilla,235,34562,210,0.8936170212765957,3.4111131768133,2.0,5.0,P_AND_LIFT_TOP5
Ice cream,fresh,235,33478,145,0.6170212765957447,2.4315555595100244,3.0,,P_TOP5
Ice cream,powdery,235,62885,134,0.5702127659574469,1.1962816285722502,4.0,,P_TOP5
Ice cream,fruity,235,43222,122,0.5191489361702127,1.584640209822224,5.0,,P_TOP5
Ice cream,nutty,235,3619,36,0.15319148936170213,5.5845684419699815,,1.0,LIFT_TOP5
Ice cream,caramel,235,4008,37,0.1574468085106383,5.182624113475177,,2.0,LIFT_TOP5
Ice cream,lactonic,235,7015,61,0.25957446808510637,4.881776133209991,,3.0,LIFT_TOP5
Ice cream,coconut,235,3269,20,0.0851063829787234,3.4347155418730435,,4.0,LIFT_TOP5
Immortelle,sweet,892,60625,693,0.7769058295964125,1.6906752346169849,1.0,,P_TOP5
Immortelle,warm spicy,892,45319,655,0.734304932735426,2.1376652127316302,2.0,,P_TOP5
Immortelle,woody,892,81432,579,0.649103139013453,1.051628071643148,3.0,,P_TOP5
Immortelle,herbal,892,8607,488,0.547085201793722,8.385842996705675,4.0,1.0,P_AND_LIFT_TOP5
Immortelle,aromatic,892,54606,407,0.4562780269058296,1.102383622489948,5.0,,P_TOP5
Immortelle,mineral,892,770,26,0.02914798206278027,4.994147108496884,,2.0,LIFT_TOP5
Immortelle,tobacco,892,4372,140,0.15695067264573992,4.736162452459393,,3.0,LIFT_TOP5
Immortelle,rum,892,1166,32,0.03587443946188341,4.059103600519964,,4.0,LIFT_TOP5
Immortelle,leather,892,10809,201,0.22533632286995517,2.7503581345391046,,5.0,LIFT_TOP5
Incense,amber,7023,45478,5884,0.8378185960415777,2.430480834156413,1.0,4.0,P_AND_LIFT_TOP5
Incense,woody,7023,81432,5251,0.7476861739997153,1.2113448881985267,2.0,,P_TOP5
Incense,warm spicy,7023,45319,4898,0.6974227538089136,2.0302959886583984,3.0,,P_TOP5
Incense,balsamic,7023,18162,3895,0.5546062936067208,4.028697737888706,4.0,2.0,P_AND_LIFT_TOP5
Incense,smoky,7023,7407,3855,0.548910721913712,9.776939589857706,5.0,1.0,P_AND_LIFT_TOP5
Incense,cannabis,7023,388,81,0.011533532678342588,3.9216983666333447,,3.0,LIFT_TOP5
Incense,oud,7023,8298,1017,0.14480991029474582,2.3023344739920244,,5.0,LIFT_TOP5
Indian Jasmine,white floral,370,39497,265,0.7162162162162162,2.392343859164124,1.0,2.0,P_AND_LIFT_TOP5
Indian Jasmine,woody,370,81432,232,0.6270270270270271,1.015862015862016,2.0,,P_TOP5
Indian Jasmine,citrus,370,59969,216,0.5837837837837838,1.2843068017574846,3.0,,P_TOP5
Indian Jasmine,powdery,370,62885,185,0.5,1.048978293710742,4.0,,P_TOP5
Indian Jasmine,sweet,370,60625,169,0.45675675675675675,0.9939780440234048,5.0,,P_TOP5
Indian Jasmine,tuberose,370,3931,62,0.16756756756756758,5.623807985039224,,1.0,LIFT_TOP5
Indian Jasmine,yellow floral,370,6986,35,0.0945945945945946,1.7864106591561502,,3.0,LIFT_TOP5
Indian Jasmine,animalic,370,18242,81,0.21891891891891893,1.5832678967751876,,4.0,LIFT_TOP5
Indian Jasmine,rose,370,25617,98,0.2648648648648649,1.3640793856275764,,5.0,LIFT_TOP5
Indian Oud,oud,368,8298,295,0.8016304347826086,12.745131749924026,1.0,1.0,P_AND_LIFT_TOP5
Indian Oud,woody,368,81432,263,0.7146739130434783,1.15786090661934,2.0,,P_TOP5
Indian Oud,warm spicy,368,45319,228,0.6195652173913043,1.8036417204800368,3.0,,P_TOP5
Indian Oud,amber,368,45478,197,0.5353260869565217,1.552961226355027,4.0,,P_TOP5
Indian Oud,fresh spicy,368,47271,178,0.483695652173913,1.3499601741301082,5.0,,P_TOP5
Indian Oud,metallic,368,2235,27,0.07336956521739131,4.330938138313393,,2.0,LIFT_TOP5
Indian Oud,tobacco,368,4372,38,0.10326086956521739,3.116012470663113,,3.0,LIFT_TOP5
Indian Oud,leather,368,10809,86,0.23369565217391305,2.852388508770871,,4.0,LIFT_TOP5
Indian Oud,animalic,368,18242,135,0.36684782608695654,2.653121022675813,,5.0,LIFT_TOP5
Indian Patchouli,woody,122,81432,102,0.8360655737704918,1.3545305426311645,1.0,,P_TOP5
Indian Patchouli,warm spicy,122,45319,78,0.639344262295082,1.8612213094858705,2.0,5.0,P_AND_LIFT_TOP5
Indian Patchouli,amber,122,45478,67,0.5491803278688525,1.5931518680623094,3.0,,P_TOP5
Indian Patchouli,patchouli,122,14822,53,0.4344262295081967,3.8668096383090265,4.0,1.0,P_AND_LIFT_TOP5
Indian Patchouli,aromatic,122,54606,53,0.4344262295081967,1.0495889180495988,5.0,,P_TOP5
Indian Patchouli,leather,122,10809,28,0.22950819672131148,2.8012782304970507,,2.0,LIFT_TOP5
Indian Patchouli,balsamic,122,18162,41,0.3360655737704918,2.4412031245204813,,3.0,LIFT_TOP5
Indian Patchouli,earthy,122,19049,38,0.3114754098360656,2.1572235193276357,,4.0,LIFT_TOP5
Indian Sandalwood,woody,77,81432,44,0.5714285714285714,0.9257855809579948,1.0,,P_TOP5
Indian Sandalwood,amber,77,45478,39,0.5064935064935064,1.4693189742664214,2.0,1.0,P_AND_LIFT_TOP5
Indian Sandalwood,powdery,77,62885,38,0.4935064935064935,1.0353551989872256,3.0,5.0,P_AND_LIFT_TOP5
Indian Sandalwood,musky,77,41154,34,0.44155844155844154,1.4155320307820671,4.0,2.0,P_AND_LIFT_TOP5
Indian Sandalwood,citrus,77,59969,33,0.42857142857142855,0.9428442790679946,5.0,,P_TOP5
Indian Sandalwood,rose,77,25617,20,0.2597402597402597,1.3376871791206022,,3.0,LIFT_TOP5
Indian Sandalwood,floral,77,46586,31,0.4025974025974026,1.1401424317321798,,4.0,LIFT_TOP5
Indian Tuberose,white floral,183,39497,161,0.8797814207650273,2.9386931372390324,1.0,4.0,P_AND_LIFT_TOP5
Indian Tuberose,tuberose,183,3931,141,0.7704918032786885,25.858810380706533,2.0,1.0,P_AND_LIFT_TOP5
Indian Tuberose,woody,183,81432,102,0.5573770491803278,0.9030203617541096,3.0,,P_TOP5
Indian Tuberose,sweet,183,60625,86,0.46994535519125685,1.022678609655794,4.0,,P_TOP5
Indian Tuberose,animalic,183,18242,80,0.4371584699453552,3.161622461346931,5.0,3.0,P_AND_LIFT_TOP5
Indian Tuberose,yellow floral,183,6986,34,0.18579234972677597,3.5086723016681294,,2.0,LIFT_TOP5
Indian Tuberose,green,183,29755,63,0.3442622950819672,1.5264165548702382,,5.0,LIFT_TOP5
Indonesian Patchouli Leaf,woody,549,81432,470,0.8561020036429873,1.386992058903371,1.0,,P_TOP5
Indonesian Patchouli Leaf,warm spicy,549,45319,349,0.6357012750455373,1.8506160598591703,2.0,4.0,P_AND_LIFT_TOP5
Indonesian Patchouli Leaf,aromatic,549,54606,255,0.4644808743169399,1.1222019878517724,3.0,,P_TOP5
Indonesian Patchouli Leaf,patchouli,549,14822,252,0.45901639344262296,4.085685655571802,4.0,1.0,P_AND_LIFT_TOP5
Indonesian Patchouli Leaf,amber,549,45478,250,0.4553734061930783,1.321021449471235,5.0,,P_TOP5
Indonesian Patchouli Leaf,oud,549,8298,74,0.13479052823315119,2.14303620026508,,2.0,LIFT_TOP5
Indonesian Patchouli Leaf,earthy,549,19049,160,0.29143897996357016,2.018454754926443,,3.0,LIFT_TOP5
Indonesian Patchouli Leaf,balsamic,549,18162,128,0.2331511839708561,1.6936260159274885,,5.0,LIFT_TOP5
Ink,aromatic,147,54606,137,0.9319727891156463,2.2516787544963415,1.0,3.0,P_AND_LIFT_TOP5
Ink,woody,147,81432,136,0.9251700680272109,1.4988909405986581,2.0,,P_TOP5
Ink,amber,147,45478,65,0.4421768707482993,1.282738787057987,3.0,,P_TOP5
Ink,warm spicy,147,45319,59,0.4013605442176871,1.1684171450967464,4.0,,P_TOP5
Ink,leather,147,10809,50,0.3401360544217687,4.151554228870751,5.0,2.0,P_AND_LIFT_TOP5
Ink,smoky,147,7407,36,0.24489795918367346,4.362007257337929,,1.0,LIFT_TOP5
Ink,balsamic,147,18162,35,0.23809523809523808,1.729539960461665,,4.0,LIFT_TOP5
Ink,animalic,147,18242,34,0.23129251700680273,1.6727563736820241,,5.0,LIFT_TOP5
Iris,powdery,9451,62885,7793,0.8245688286953762,1.7299096059438812,1.0,4.0,P_AND_LIFT_TOP5
Iris,woody,9451,81432,6718,0.710824251401968,1.1516239744506047,2.0,,P_TOP5
Iris,iris,9451,7451,5305,0.5613162628293302,9.938861166967325,3.0,1.0,P_AND_LIFT_TOP5
Iris,floral,9451,46586,3699,0.391387154798434,1.1083953834318765,4.0,,P_TOP5
Iris,citrus,9451,59969,3665,0.387789651888689,0.8531255944517124,5.0,,P_TOP5
Iris,violet,9451,7614,2566,0.2715056607766374,4.704457818001283,,2.0,LIFT_TOP5
Iris,earthy,9451,19049,3092,0.32716114696857473,2.265860156415773,,3.0,LIFT_TOP5
Iris,yellow floral,9451,6986,635,0.06718865728494339,1.2688519260811024,,5.0,LIFT_TOP5
Iris Butter,woody,61,81432,43,0.7049180327868853,1.1420551633949034,1.0,,P_TOP5
Iris Butter,powdery,61,62885,34,0.5573770491803278,1.169352852005417,2.0,5.0,P_AND_LIFT_TOP5
Iris Butter,aromatic,61,54606,31,0.5081967213114754,1.2278209984731157,3.0,3.0,P_AND_LIFT_TOP5
Iris Butter,amber,61,45478,30,0.4918032786885246,1.4267031654289337,4.0,1.0,P_AND_LIFT_TOP5
Iris Butter,sweet,61,60625,30,0.4918032786885246,1.0702450566165287,5.0,,P_TOP5
Iris Butter,musky,61,41154,25,0.4098360655737705,1.3138375888406362,,2.0,LIFT_TOP5
Iris Butter,warm spicy,61,45319,25,0.4098360655737705,1.193090583003763,,4.0,LIFT_TOP5
Iris Flower,powdery,186,62885,160,0.8602150537634409,1.8046938386421365,1.0,4.0,P_AND_LIFT_TOP5
Iris Flower,woody,186,81432,128,0.6881720430107527,1.1149245706160797,2.0,,P_TOP5
Iris Flower,iris,186,7451,119,0.6397849462365591,11.328254993556468,3.0,1.0,P_AND_LIFT_TOP5
Iris Flower,floral,186,46586,81,0.43548387096774194,1.2332758145531746,4.0,5.0,P_AND_LIFT_TOP5
Iris Flower,citrus,186,59969,76,0.40860215053763443,0.8989124667816724,5.0,,P_TOP5
Iris Flower,violet,186,7614,59,0.3172043010752688,5.496291494728161,,2.0,LIFT_TOP5
Iris Flower,earthy,186,19049,72,0.3870967741935484,2.680963694648267,,3.0,LIFT_TOP5
Iso E Super,woody,598,81432,550,0.919732441471572,1.4900813071439296,1.0,,P_TOP5
Iso E Super,musky,598,41154,476,0.7959866220735786,2.55174503207871,2.0,1.0,P_AND_LIFT_TOP5
Iso E Super,amber,598,45478,453,0.7575250836120402,2.1975523171849347,3.0,2.0,P_AND_LIFT_TOP5
Iso E Super,powdery,598,62885,318,0.5317725752508361,1.1156357772575782,4.0,,P_TOP5
Iso E Super,citrus,598,59969,279,0.4665551839464883,1.0264074007914123,5.0,,P_TOP5
Iso E Super,aldehydic,598,3556,28,0.046822742474916385,1.7371553472203933,,3.0,LIFT_TOP5
Iso E Super,tobacco,598,4372,31,0.051839464882943144,1.5643139528835062,,4.0,LIFT_TOP5
Iso E Super,animalic,598,18242,129,0.2157190635451505,1.5601258663256061,,5.0,LIFT_TOP5
Italian Iris,powdery,55,62885,49,0.8909090909090909,1.8690885960664128,1.0,4.0,P_AND_LIFT_TOP5
Italian Iris,woody,55,81432,47,0.8545454545454545,1.3844702551599104,2.0,,P_TOP5
Italian Iris,iris,55,7451,38,0.6909090909090909,12.233476897548835,3.0,1.0,P_AND_LIFT_TOP5
Italian Iris,musky,55,41154,24,0.43636363636363634,1.3988787127728664,4.0,5.0,P_AND_LIFT_TOP5
Italian Iris,violet,55,7614,21,0.38181818181818183,6.615875062683573,5.0,2.0,P_AND_LIFT_TOP5
Italian Iris,earthy,55,19049,20,0.36363636363636365,2.518481046487766,,3.0,LIFT_TOP5
Italian Lemon,citrus,478,59969,413,0.8640167364016736,1.9008108861824076,1.0,1.0,P_AND_LIFT_TOP5
Italian Lemon,aromatic,478,54606,323,0.6757322175732218,1.6325925990630177,2.0,4.0,P_AND_LIFT_TOP5
Italian Lemon,woody,478,81432,322,0.6736401673640168,1.09138111897454,3.0,,P_TOP5
Italian Lemon,fresh spicy,478,47271,213,0.4456066945606695,1.2436566015821353,4.0,,P_TOP5
Italian Lemon,powdery,478,62885,204,0.42677824267782427,0.8953622255941059,5.0,,P_TOP5
Italian Lemon,coconut,478,3269,22,0.04602510460251046,1.8574769196112588,,2.0,LIFT_TOP5
Italian Lemon,lavender,478,8336,50,0.10460251046025104,1.6554953460917612,,3.0,LIFT_TOP5
Italian Lemon,fresh,478,33478,187,0.3912133891213389,1.5416925272351467,,5.0,LIFT_TOP5
Italian Mandarin,citrus,339,59969,274,0.8082595870206489,1.7781468311233173,1.0,2.0,P_AND_LIFT_TOP5
Italian Mandarin,woody,339,81432,218,0.6430678466076696,1.041850144942404,2.0,,P_TOP5
Italian Mandarin,aromatic,339,54606,157,0.4631268436578171,1.1189306025670405,3.0,,P_TOP5
Italian Mandarin,powdery,339,62885,155,0.45722713864306785,0.9592426874641002,4.0,,P_TOP5
Italian Mandarin,sweet,339,60625,151,0.44542772861356933,0.9693242100781558,5.0,,P_TOP5
Italian Mandarin,ozonic,339,5777,29,0.0855457227138643,1.9536173096140068,,1.0,LIFT_TOP5
Italian Mandarin,leather,339,10809,42,0.12389380530973451,1.5121944430116823,,3.0,LIFT_TOP5
Italian Mandarin,herbal,339,8607,33,0.09734513274336283,1.4921277289220238,,4.0,LIFT_TOP5
Italian Mandarin,white floral,339,39497,130,0.3834808259587021,1.2809232440117366,,5.0,LIFT_TOP5
Italian Orange,citrus,52,59969,45,0.8653846153846154,1.9038201788872968,1.0,1.0,P_AND_LIFT_TOP5
Italian Orange,sweet,52,60625,33,0.6346153846153846,1.3810277557494053,2.0,2.0,P_AND_LIFT_TOP5
Italian Orange,powdery,52,62885,29,0.5576923076923077,1.1700142506773659,3.0,5.0,P_AND_LIFT_TOP5
Italian Orange,woody,52,81432,29,0.5576923076923077,0.9035311198772737,4.0,,P_TOP5
Italian Orange,fresh spicy,52,47271,25,0.4807692307692308,1.3417927400601768,5.0,3.0,P_AND_LIFT_TOP5
Italian Orange,floral,52,46586,22,0.4230769230769231,1.1981397514604917,,4.0,LIFT_TOP5
Italian Tangerine,citrus,56,59969,51,0.9107142857142857,2.0035440930194888,1.0,1.0,P_AND_LIFT_TOP5
Italian Tangerine,sweet,56,60625,39,0.6964285714285714,1.5155434462444772,2.0,3.0,P_AND_LIFT_TOP5
Italian Tangerine,musky,56,41154,27,0.48214285714285715,1.5456360777289484,3.0,2.0,P_AND_LIFT_TOP5
Italian Tangerine,fruity,56,43222,27,0.48214285714285715,1.4716835672309736,4.0,4.0,P_AND_LIFT_TOP5
Italian Tangerine,powdery,56,62885,26,0.4642857142857143,0.9740512727314031,5.0,,P_TOP5
Italian Tangerine,white floral,56,39497,22,0.39285714285714285,1.3122425211318038,,5.0,LIFT_TOP5
Ivy,green,419,29755,316,0.7541766109785203,3.3439260724717252,1.0,3.0,P_AND_LIFT_TOP5
Ivy,woody,419,81432,302,0.720763723150358,1.1677271587978526,2.0,,P_TOP5
Ivy,fresh,419,33478,284,0.6778042959427207,2.671089096234039,3.0,4.0,P_AND_LIFT_TOP5
Ivy,floral,419,46586,188,0.4486873508353222,1.2706676296677983,4.0,,P_TOP5
Ivy,aromatic,419,54606,188,0.4486873508353222,1.084044284432188,5.0,,P_TOP5
Ivy,ozonic,419,5777,121,0.28878281622911695,6.5949657166535225,,1.0,LIFT_TOP5
Ivy,anis,419,1418,23,0.05489260143198091,5.107179765106658,,2.0,LIFT_TOP5
Ivy,aquatic,419,8872,52,0.12410501193317422,1.8454885284427047,,5.0,LIFT_TOP5
Japanese Cherry Blossom,floral,57,46586,53,0.9298245614035088,2.6332321810407615,1.0,2.0,P_AND_LIFT_TOP5
Japanese Cherry Blossom,fruity,57,43222,44,0.7719298245614035,2.3562237229740863,2.0,3.0,P_AND_LIFT_TOP5
Japanese Cherry Blossom,fresh,57,33478,41,0.7192982456140351,2.8346083261801676,3.0,1.0,P_AND_LIFT_TOP5
Japanese Cherry Blossom,sweet,57,60625,28,0.49122807017543857,1.0689933080122989,4.0,4.0,P_AND_LIFT_TOP5
Japanese Cherry Blossom,powdery,57,62885,26,0.45614035087719296,0.956962653911554,5.0,5.0,P_AND_LIFT_TOP5
Jasmine,white floral,33686,39497,23098,0.6856854479605771,2.2903633478349983,1.0,1.0,P_AND_LIFT_TOP5
Jasmine,woody,33686,81432,21633,0.642195570860298,1.0404369494007162,2.0,,P_TOP5
Jasmine,powdery,33686,62885,18196,0.5401650537315205,1.1332428327709232,3.0,,P_TOP5
Jasmine,citrus,33686,59969,17800,0.5284094282491243,1.162484881670646,4.0,,P_TOP5
Jasmine,sweet,33686,60625,16194,0.4807338360149617,1.0461561234714045,5.0,,P_TOP5
Jasmine,tuberose,33686,3931,1866,0.05539393219735202,1.8590998409556478,,2.0,LIFT_TOP5
Jasmine,yellow floral,33686,6986,2908,0.08632666389598052,1.6302715098477971,,3.0,LIFT_TOP5
Jasmine,floral,33686,46586,15533,0.4611114409546993,1.3058522389806697,,4.0,LIFT_TOP5
Jasmine,mossy,33686,6173,1909,0.05667042688357181,1.2111662755142765,,5.0,LIFT_TOP5
Jasmine Sambac,white floral,2948,39497,2118,0.7184531886024423,2.3998159144319877,1.0,3.0,P_AND_LIFT_TOP5
Jasmine Sambac,woody,2948,81432,1863,0.6319538670284939,1.0238441113698449,2.0,,P_TOP5
Jasmine Sambac,sweet,2948,60625,1660,0.5630936227951153,1.2253846046244876,3.0,,P_TOP5
Jasmine Sambac,citrus,2948,59969,1439,0.4881275440976934,1.0738659456187143,4.0,,P_TOP5
Jasmine Sambac,floral,2948,46586,1360,0.46132971506105835,1.3064703839781358,5.0,,P_TOP5
Jasmine Sambac,tuberose,2948,3931,298,0.1010854816824966,3.3925737976015715,,1.0,LIFT_TOP5
Jasmine Sambac,cherry,2948,1803,98,0.03324287652645862,2.4324640599754215,,2.0,LIFT_TOP5
Jasmine Sambac,yellow floral,2948,6986,306,0.10379918588873813,1.9602385620242229,,4.0,LIFT_TOP5
Jasmine Sambac,cacao,2948,2035,82,0.027815468113975575,1.8032897829370014,,5.0,LIFT_TOP5
Jasmine Tea,floral,124,46586,106,0.8548387096774194,2.420874747085861,1.0,3.0,P_AND_LIFT_TOP5
Jasmine Tea,fresh,124,33478,95,0.7661290322580645,3.0191589469444544,2.0,1.0,P_AND_LIFT_TOP5
Jasmine Tea,green,124,29755,76,0.6129032258064516,2.717537307364986,3.0,2.0,P_AND_LIFT_TOP5
Jasmine Tea,woody,124,81432,70,0.5645161290322581,0.9145865618335028,4.0,,P_TOP5
Jasmine Tea,citrus,124,59969,68,0.5483870967741935,1.2064351527859287,5.0,,P_TOP5
Jasmine Tea,fruity,124,43222,52,0.41935483870967744,1.2800306295629018,,4.0,LIFT_TOP5
Jasmine Tea,white floral,124,39497,47,0.3790322580645161,1.266063898687283,,5.0,LIFT_TOP5
Java vetiver oil,woody,158,81432,146,0.9240506329113924,1.4970773160428332,1.0,4.0,P_AND_LIFT_TOP5
Java vetiver oil,aromatic,158,54606,137,0.8670886075949367,2.0949163095630516,2.0,2.0,P_AND_LIFT_TOP5
Java vetiver oil,earthy,158,19049,88,0.5569620253164557,3.8574203370255655,3.0,1.0,P_AND_LIFT_TOP5
Java vetiver oil,fresh spicy,158,47271,83,0.5253164556962026,1.4661208774936008,4.0,,P_TOP5
Java vetiver oil,citrus,158,59969,78,0.4936708860759494,1.086061131584652,5.0,,P_TOP5
Java vetiver oil,green,158,29755,58,0.3670886075949367,1.6276256091413208,,3.0,LIFT_TOP5
Java vetiver oil,soft spicy,158,13661,24,0.1518987341772152,1.4669497108557206,,5.0,LIFT_TOP5
Juniper,aromatic,1914,54606,1769,0.9242424242424242,2.233001923420559,1.0,5.0,P_AND_LIFT_TOP5
Juniper,woody,1914,81432,1745,0.9117032392894462,1.477072997832015,2.0,,P_TOP5
Juniper,fresh spicy,1914,47271,1621,0.8469174503657262,2.3636863875684937,3.0,2.0,P_AND_LIFT_TOP5
Juniper,citrus,1914,59969,999,0.5219435736677116,1.148260195667448,4.0,,P_TOP5
Juniper,warm spicy,1914,45319,779,0.4070010449320794,1.1848374381140192,5.0,,P_TOP5
Juniper,conifer,1914,1828,97,0.05067920585161965,3.657608111599661,,1.0,LIFT_TOP5
Juniper,herbal,1914,8607,283,0.14785788923719959,2.266398434653624,,3.0,LIFT_TOP5
Juniper,camphor,1914,793,26,0.013584117032392894,2.2599653973311407,,4.0,LIFT_TOP5
Juniper Berries,aromatic,1316,54606,1247,0.9475683890577508,2.289358267743271,1.0,5.0,P_AND_LIFT_TOP5
Juniper Berries,woody,1316,81432,1203,0.9141337386018237,1.4810107099633878,2.0,,P_TOP5
Juniper Berries,fresh spicy,1316,47271,1137,0.8639817629179332,2.411311670617565,3.0,2.0,P_AND_LIFT_TOP5
Juniper Berries,citrus,1316,59969,715,0.5433130699088146,1.1952724459815889,4.0,,P_TOP5
Juniper Berries,amber,1316,45478,546,0.4148936170212766,1.2035910746650473,5.0,,P_TOP5
Juniper Berries,conifer,1316,1828,68,0.05167173252279635,3.7292405206414236,,1.0,LIFT_TOP5
Juniper Berries,herbal,1316,8607,199,0.15121580547112462,2.31786931750964,,3.0,LIFT_TOP5
Juniper Berries,lavender,1316,8336,192,0.1458966565349544,2.309038615241907,,4.0,LIFT_TOP5
Kaffir Lime,citrus,66,59969,63,0.9545454545454546,2.099971348833261,1.0,1.0,P_AND_LIFT_TOP5
Kaffir Lime,woody,66,81432,44,0.6666666666666666,1.0800831777843272,2.0,,P_TOP5
Kaffir Lime,aromatic,66,54606,42,0.6363636363636364,1.5374767341584175,3.0,5.0,P_AND_LIFT_TOP5
Kaffir Lime,fresh spicy,66,47271,41,0.6212121212121212,1.733758861701998,4.0,3.0,P_AND_LIFT_TOP5
Kaffir Lime,amber,66,45478,35,0.5303030303030303,1.5383895243387746,5.0,4.0,P_AND_LIFT_TOP5
Kaffir Lime,green,66,29755,28,0.42424242424242425,1.8810385827693843,,2.0,LIFT_TOP5
Kiwi,fruity,374,43222,341,0.9117647058823529,2.783053020384499,1.0,5.0,P_AND_LIFT_TOP5
Kiwi,sweet,374,60625,274,0.732620320855615,1.5943026627708252,2.0,,P_TOP5
Kiwi,fresh,374,33478,248,0.6631016042780749,2.613148773893495,3.0,,P_TOP5
Kiwi,woody,374,81432,201,0.5374331550802139,0.8707087649785419,4.0,,P_TOP5
Kiwi,floral,374,46586,197,0.5267379679144385,1.4917043770006413,5.0,,P_TOP5
Kiwi,tropical,374,6512,193,0.516042780748663,10.454779493883771,,1.0,LIFT_TOP5
Kiwi,sour,374,1912,24,0.06417112299465241,4.427874611236659,,2.0,LIFT_TOP5
Kiwi,ozonic,374,5777,66,0.17647058823529413,4.0300787096905575,,3.0,LIFT_TOP5
Kiwi,aquatic,374,8872,92,0.24598930481283424,3.657954123529894,,4.0,LIFT_TOP5
Kumquat,citrus,306,59969,272,0.8888888888888888,1.955528875103989,1.0,2.0,P_AND_LIFT_TOP5
Kumquat,aromatic,306,54606,196,0.6405228758169934,1.5475256017019365,2.0,3.0,P_AND_LIFT_TOP5
Kumquat,woody,306,81432,196,0.6405228758169934,1.0377269747339615,3.0,,P_TOP5
Kumquat,fresh,306,33478,161,0.5261437908496732,2.0734258416511557,4.0,1.0,P_AND_LIFT_TOP5
Kumquat,sweet,306,60625,161,0.5261437908496732,1.1449756754935652,5.0,,P_TOP5
Kumquat,tropical,306,6512,22,0.0718954248366013,1.4565668609786258,,4.0,LIFT_TOP5
Kumquat,violet,306,7614,24,0.0784313725490196,1.3590032808500336,,5.0,LIFT_TOP5
Labdanum,woody,7131,81432,5881,0.8247090169681671,1.33613150369155,1.0,,P_TOP5
Labdanum,amber,7131,45478,5768,0.8088627121020895,2.3464808832320827,2.0,3.0,P_AND_LIFT_TOP5
Labdanum,warm spicy,7131,45319,4126,0.5786004767914739,1.6843875836426034,3.0,,P_TOP5
Labdanum,aromatic,7131,54606,3592,0.5037161688402748,1.2169958274749562,4.0,,P_TOP5
Labdanum,fresh spicy,7131,47271,3159,0.442995372318048,1.2363685868697525,5.0,,P_TOP5
Labdanum,balsamic,7131,18162,2401,0.33669892020754455,2.445803796001616,,1.0,LIFT_TOP5
Labdanum,smoky,7131,7407,976,0.1368671995512551,2.4378141807475475,,2.0,LIFT_TOP5
Labdanum,leather,7131,10809,1299,0.18216238956668068,2.223395693915458,,4.0,LIFT_TOP5
Labdanum,beeswax,7131,349,41,0.005749544243444117,2.1734595187323276,,5.0,LIFT_TOP5
Lactones,sweet,97,60625,67,0.6907216494845361,1.5031242427463067,1.0,4.0,P_AND_LIFT_TOP5
Lactones,vanilla,97,34562,58,0.5979381443298969,2.282448335786219,2.0,2.0,P_AND_LIFT_TOP5
Lactones,powdery,97,62885,58,0.5979381443298969,1.2544482687674852,3.0,5.0,P_AND_LIFT_TOP5
Lactones,woody,97,81432,57,0.5876288659793815,0.9520320793872162,4.0,,P_TOP5
Lactones,musky,97,41154,46,0.4742268041237113,1.520259082180134,5.0,3.0,P_AND_LIFT_TOP5
Lactones,coconut,97,3269,21,0.21649484536082475,8.737278968630655,,1.0,LIFT_TOP5
Laotian Oud,woody,207,81432,188,0.9082125603864735,1.4714176624887936,1.0,,P_TOP5
Laotian Oud,oud,207,8298,176,0.8502415458937198,13.518000379580435,2.0,1.0,P_AND_LIFT_TOP5
Laotian Oud,warm spicy,207,45319,116,0.5603864734299517,1.631364051272392,3.0,5.0,P_AND_LIFT_TOP5
Laotian Oud,animalic,207,18242,115,0.5555555555555556,4.017895211295058,4.0,2.0,P_AND_LIFT_TOP5
Laotian Oud,amber,207,45478,114,0.5507246376811594,1.5976318538474727,5.0,,P_TOP5
Laotian Oud,leather,207,10809,40,0.1932367149758454,2.358564141619325,,3.0,LIFT_TOP5
Laotian Oud,smoky,207,7407,27,0.13043478260869565,2.323242995756071,,4.0,LIFT_TOP5
Laurels,fresh spicy,195,47271,160,0.8205128205128205,2.289992943036035,1.0,4.0,P_AND_LIFT_TOP5
Laurels,aromatic,195,54606,159,0.8153846153846154,1.9699976615700163,2.0,,P_TOP5
Laurels,woody,195,81432,151,0.7743589743589744,1.25455815265718,3.0,,P_TOP5
Laurels,citrus,195,59969,93,0.47692307692307695,1.0492164541423326,4.0,,P_TOP5
Laurels,amber,195,45478,80,0.41025641025641024,1.190138708939008,5.0,,P_TOP5
Laurels,camphor,195,793,40,0.20512820512820512,34.12681475733178,,1.0,LIFT_TOP5
Laurels,marine,195,4326,20,0.10256410256410256,3.127896914304681,,2.0,LIFT_TOP5
Laurels,mossy,195,6173,22,0.11282051282051282,2.4112117700324407,,3.0,LIFT_TOP5
Laurels,herbal,195,8607,27,0.13846153846153847,2.1223690913478297,,5.0,LIFT_TOP5
Lavender,aromatic,12996,54606,11163,0.8589566020313942,2.075269100575062,1.0,3.0,P_AND_LIFT_TOP5
Lavender,woody,12996,81432,9380,0.72176054170514,1.1693421292263377,2.0,,P_TOP5
Lavender,fresh spicy,12996,47271,9370,0.7209910741766697,2.012234825075163,3.0,4.0,P_AND_LIFT_TOP5
Lavender,lavender,12996,8336,8248,0.6346568174823023,10.044418657682359,4.0,1.0,P_AND_LIFT_TOP5
Lavender,citrus,12996,59969,7419,0.5708679593721145,1.2558923757268432,5.0,,P_TOP5
Lavender,herbal,12996,8607,2829,0.21768236380424746,3.336683427058716,,2.0,LIFT_TOP5
Lavender,anis,12996,1418,250,0.019236688211757464,1.7897717036510312,,5.0,LIFT_TOP5
Lavender Extract,aromatic,73,54606,67,0.9178082191780822,2.2174566596374827,1.0,4.0,P_AND_LIFT_TOP5
Lavender Extract,fresh spicy,73,47271,59,0.8082191780821918,2.255682261098423,2.0,3.0,P_AND_LIFT_TOP5
Lavender Extract,lavender,73,8336,53,0.726027397260274,11.4904983829832,3.0,1.0,P_AND_LIFT_TOP5
Lavender Extract,woody,73,81432,48,0.6575342465753424,1.0652875178146788,4.0,,P_TOP5
Lavender Extract,citrus,73,59969,34,0.4657534246575342,1.0246435544209258,5.0,,P_TOP5
Lavender Extract,herbal,73,8607,31,0.4246575342465753,6.5092446256710454,,2.0,LIFT_TOP5
Lavender Extract,green,73,29755,21,0.2876712328767123,1.2754987650285552,,5.0,LIFT_TOP5
Leather,leather,10626,10809,7698,0.7244494635798984,8.842318228337126,1.0,1.0,P_AND_LIFT_TOP5
Leather,woody,10626,81432,7659,0.7207792207792207,1.1677522668901978,2.0,,P_TOP5
Leather,warm spicy,10626,45319,5521,0.5195746282702804,1.5125550146229638,3.0,,P_TOP5
Leather,aromatic,10626,54606,5103,0.48023715415019763,1.1602697093183088,4.0,,P_TOP5
Leather,amber,10626,45478,4919,0.4629211368341803,1.3429171375727476,5.0,,P_TOP5
Leather,smoky,10626,7407,2545,0.23950686994165254,4.265983711543435,,2.0,LIFT_TOP5
Leather,animalic,10626,18242,4686,0.4409937888198758,3.1893602981584372,,3.0,LIFT_TOP5
Leather,tobacco,10626,4372,948,0.08921513269339357,2.692166618536005,,4.0,LIFT_TOP5
Leather,oud,10626,8298,1555,0.14633916807829853,2.326648161553377,,5.0,LIFT_TOP5
Lemon,citrus,14685,59969,12300,0.8375893769152196,1.8426714885428293,1.0,1.0,P_AND_LIFT_TOP5
Lemon,woody,14685,81432,10217,0.6957439564181137,1.127192015058475,2.0,,P_TOP5
Lemon,aromatic,14685,54606,10077,0.6862104187946885,1.6579082985676161,3.0,2.0,P_AND_LIFT_TOP5
Lemon,fresh spicy,14685,47271,7138,0.4860742254000681,1.3565986028861454,4.0,,P_TOP5
Lemon,powdery,14685,62885,6690,0.45556690500510727,0.955759589366682,5.0,,P_TOP5
Lemon,lavender,14685,8336,1527,0.10398365679264555,1.6457010365467524,,3.0,LIFT_TOP5
Lemon,aldehydic,14685,3556,562,0.038270343888321415,1.4198555875101926,,4.0,LIFT_TOP5
Lemon,fresh,14685,33478,5167,0.3518556350017024,1.3865916101850349,,5.0,LIFT_TOP5
Lemon Balm,fresh spicy,69,47271,60,0.8695652173913043,2.4268946950653634,1.0,2.0,P_AND_LIFT_TOP5
Lemon Balm,aromatic,69,54606,53,0.7681159420289855,1.85579489858045,2.0,3.0,P_AND_LIFT_TOP5
Lemon Balm,citrus,69,59969,52,0.7536231884057971,1.6579483941099036,3.0,5.0,P_AND_LIFT_TOP5
Lemon Balm,sweet,69,60625,40,0.5797101449275363,1.2615448976542656,4.0,,P_TOP5
Lemon Balm,woody,69,81432,36,0.5217391304347826,0.8452824869616474,5.0,,P_TOP5
Lemon Balm,herbal,69,8607,24,0.34782608695652173,5.331555205318219,,1.0,LIFT_TOP5
Lemon Balm,fresh,69,33478,30,0.43478260869565216,1.7133899744673335,,4.0,LIFT_TOP5
Lemon Blossom,white floral,217,39497,162,0.7465437788018433,2.4936456120041317,1.0,2.0,P_AND_LIFT_TOP5
Lemon Blossom,citrus,217,59969,156,0.7188940092165899,1.581545242307604,2.0,4.0,P_AND_LIFT_TOP5
Lemon Blossom,woody,217,81432,110,0.5069124423963134,0.8212614024627373,3.0,,P_TOP5
Lemon Blossom,aromatic,217,54606,104,0.4792626728110599,1.1579153284247725,4.0,,P_TOP5
Lemon Blossom,powdery,217,62885,101,0.46543778801843316,0.976468273408156,5.0,,P_TOP5
Lemon Blossom,soapy,217,1720,28,0.12903225806451613,9.897224306076518,,1.0,LIFT_TOP5
Lemon Blossom,aquatic,217,8872,24,0.11059907834101383,1.644650180965955,,3.0,LIFT_TOP5
Lemon Blossom,fresh,217,33478,74,0.34101382488479265,1.3438662380384339,,5.0,LIFT_TOP5
Lemon Leaf,citrus,132,59969,104,0.7878787878787878,1.7333096847512628,1.0,5.0,P_AND_LIFT_TOP5
Lemon Leaf,aromatic,132,54606,100,0.7575757575757576,1.8303294454266874,2.0,3.0,P_AND_LIFT_TOP5
Lemon Leaf,green,132,29755,86,0.6515151515151515,2.888737823538697,3.0,2.0,P_AND_LIFT_TOP5
Lemon Leaf,fresh spicy,132,47271,86,0.6515151515151515,1.8183324647118517,4.0,4.0,P_AND_LIFT_TOP5
Lemon Leaf,woody,132,81432,86,0.6515151515151515,1.0555358328346833,5.0,,P_TOP5
Lemon Leaf,herbal,132,8607,29,0.2196969696969697,3.367563751843989,,1.0,LIFT_TOP5
Lemon Peel,citrus,144,59969,130,0.9027777777777778,1.9860840137774887,1.0,1.0,P_AND_LIFT_TOP5
Lemon Peel,aromatic,144,54606,100,0.6944444444444444,1.6778019916411302,2.0,3.0,P_AND_LIFT_TOP5
Lemon Peel,woody,144,81432,86,0.5972222222222222,0.9675745134317931,3.0,,P_TOP5
Lemon Peel,fresh,144,33478,67,0.4652777777777778,1.833565243509834,4.0,2.0,P_AND_LIFT_TOP5
Lemon Peel,fresh spicy,144,47271,66,0.4583333333333333,1.2791757455240351,5.0,5.0,P_AND_LIFT_TOP5
Lemon Peel,green,144,29755,44,0.3055555555555556,1.3547956459231876,,4.0,LIFT_TOP5
Lemon Tree,citrus,75,59969,58,0.7733333333333333,1.7013101213404704,1.0,3.0,P_AND_LIFT_TOP5
Lemon Tree,woody,75,81432,51,0.68,1.1016848413400138,2.0,,P_TOP5
Lemon Tree,white floral,75,39497,38,0.5066666666666667,1.692395203011199,3.0,4.0,P_AND_LIFT_TOP5
Lemon Tree,floral,75,46586,36,0.48,1.3593440089297213,4.0,,P_TOP5
Lemon Tree,musky,75,41154,33,0.44,1.410536035379307,5.0,,P_TOP5
Lemon Tree,aquatic,75,8872,21,0.28,4.16370604147881,,1.0,LIFT_TOP5
Lemon Tree,green,75,29755,30,0.4,1.7735506637539908,,2.0,LIFT_TOP5
Lemon Tree,fresh,75,33478,31,0.41333333333333333,1.628862735726945,,5.0,LIFT_TOP5
Lemon Verbena,citrus,581,59969,539,0.927710843373494,2.040936009709434,1.0,,P_TOP5
Lemon Verbena,aromatic,581,54606,482,0.8296041308089501,2.0043525066407497,2.0,,P_TOP5
Lemon Verbena,fresh spicy,581,47271,397,0.6833046471600689,1.907054686802223,3.0,,P_TOP5
Lemon Verbena,woody,581,81432,359,0.6179001721170396,1.0010753721804824,4.0,,P_TOP5
Lemon Verbena,green,581,29755,279,0.4802065404475043,2.1291765713741975,5.0,5.0,P_AND_LIFT_TOP5
Lemon Verbena,conifer,581,1828,66,0.11359724612736662,8.198514596052231,,1.0,LIFT_TOP5
Lemon Verbena,camphor,581,793,28,0.04819277108433735,8.017745635758672,,2.0,LIFT_TOP5
Lemon Verbena,herbal,581,8607,260,0.4475043029259897,6.859444950043664,,3.0,LIFT_TOP5
Lemon Verbena,lavender,581,8336,81,0.13941480206540446,2.2064533153177557,,4.0,LIFT_TOP5
Lemon Zest,citrus,311,59969,267,0.8585209003215434,1.888720211766433,1.0,1.0,P_AND_LIFT_TOP5
Lemon Zest,woody,311,81432,195,0.6270096463022508,1.015833856919343,2.0,,P_TOP5
Lemon Zest,sweet,311,60625,152,0.4887459807073955,1.0635918719130175,3.0,,P_TOP5
Lemon Zest,aromatic,311,54606,150,0.48231511254019294,1.1652901292427142,4.0,,P_TOP5
Lemon Zest,powdery,311,62885,131,0.4212218649517685,0.8837051863415253,5.0,,P_TOP5
Lemon Zest,lactonic,311,7015,29,0.0932475884244373,1.7536927071754829,,2.0,LIFT_TOP5
Lemon Zest,lavender,311,8336,34,0.10932475884244373,1.7302321777931384,,3.0,LIFT_TOP5
Lemon Zest,aquatic,311,8872,32,0.10289389067524116,1.5300711222705778,,4.0,LIFT_TOP5
Lemon Zest,ozonic,311,5777,20,0.06430868167202572,1.4686246101766234,,5.0,LIFT_TOP5
Lemonade,sweet,54,60625,52,0.9629629629629629,2.0955662466590304,1.0,2.0,P_AND_LIFT_TOP5
Lemonade,citrus,54,59969,49,0.9074074074074074,1.9962690600019888,2.0,3.0,P_AND_LIFT_TOP5
Lemonade,fresh,54,33478,45,0.8333333333333334,3.283997451062389,3.0,1.0,P_AND_LIFT_TOP5
Lemonade,fruity,54,43222,29,0.5370370370370371,1.6392415042408102,4.0,4.0,P_AND_LIFT_TOP5
Lemonade,musky,54,41154,21,0.3888888888888889,1.246685889855448,5.0,5.0,P_AND_LIFT_TOP5
Lemongrass,fresh spicy,401,47271,351,0.8753117206982544,2.4429327772147977,1.0,2.0,P_AND_LIFT_TOP5
Lemongrass,citrus,401,59969,351,0.8753117206982544,1.9256595126101936,2.0,4.0,P_AND_LIFT_TOP5
Lemongrass,aromatic,401,54606,321,0.800498753117207,1.9340328992922593,3.0,3.0,P_AND_LIFT_TOP5
Lemongrass,woody,401,81432,237,0.5910224438902744,0.9575300990083001,4.0,,P_TOP5
Lemongrass,herbal,401,8607,179,0.4463840399002494,6.842273310565807,5.0,1.0,P_AND_LIFT_TOP5
Lemongrass,green,401,29755,153,0.38154613466334164,1.691728500962348,,5.0,LIFT_TOP5
Liatris,floral,69,46586,54,0.782608695652174,2.2163217536897633,1.0,2.0,P_AND_LIFT_TOP5
Liatris,sweet,69,60625,46,0.6666666666666666,1.4507766323024054,2.0,4.0,P_AND_LIFT_TOP5
Liatris,woody,69,81432,42,0.6086956521739131,0.9861629014552553,3.0,,P_TOP5
Liatris,fresh spicy,69,47271,34,0.4927536231884058,1.3752403272037057,4.0,5.0,P_AND_LIFT_TOP5
Liatris,aromatic,69,54606,34,0.4927536231884058,1.1905099349384018,5.0,,P_TOP5
Liatris,herbal,69,8607,20,0.2898550724637681,4.442962671098516,,1.0,LIFT_TOP5
Liatris,green,69,29755,27,0.391304347826087,1.7349952145419476,,3.0,LIFT_TOP5
Lichen,earthy,59,19049,46,0.7796610169491526,5.399794108147498,1.0,2.0,P_AND_LIFT_TOP5
Lichen,woody,59,81432,42,0.711864406779661,1.1533091559391968,2.0,5.0,P_AND_LIFT_TOP5
Lichen,mossy,59,6173,41,0.6949152542372882,14.851801310793038,3.0,1.0,P_AND_LIFT_TOP5
Lichen,aromatic,59,54606,40,0.6779661016949152,1.6379897409920186,4.0,3.0,P_AND_LIFT_TOP5
Lichen,fresh spicy,59,47271,28,0.4745762711864407,1.3245086301882152,5.0,4.0,P_AND_LIFT_TOP5
Licorice,sweet,937,60625,735,0.7844183564567769,1.707023732244826,1.0,,P_TOP5
Licorice,soft spicy,937,13661,700,0.7470651013874067,7.214720651931817,2.0,2.0,P_AND_LIFT_TOP5
Licorice,woody,937,81432,537,0.5731056563500534,0.9285026677751074,3.0,,P_TOP5
Licorice,warm spicy,937,45319,398,0.4247598719316969,1.2365358879046044,4.0,,P_TOP5
Licorice,vanilla,937,34562,383,0.4087513340448239,1.5602848070289224,5.0,,P_TOP5
Licorice,anis,937,1418,175,0.18676627534685167,17.376639426311804,,1.0,LIFT_TOP5
Licorice,coffee,937,1815,76,0.08110992529348986,5.895775451223205,,3.0,LIFT_TOP5
Licorice,cherry,937,1803,52,0.05549626467449306,4.060799888245075,,4.0,LIFT_TOP5
Licorice,almond,937,3438,97,0.10352187833511206,3.972554220113826,,5.0,LIFT_TOP5
Light Amber,amber,52,45478,38,0.7307692307692307,2.119934575297608,1.0,1.0,P_AND_LIFT_TOP5
Light Amber,woody,52,81432,38,0.7307692307692307,1.1839373294943587,2.0,4.0,P_AND_LIFT_TOP5
Light Amber,sweet,52,60625,30,0.5769230769230769,1.2554797779540048,3.0,3.0,P_AND_LIFT_TOP5
Light Amber,warm spicy,52,45319,24,0.46153846153846156,1.3436035488596225,4.0,2.0,P_AND_LIFT_TOP5
Light Amber,citrus,52,59969,24,0.46153846153846156,1.015370762073225,5.0,,P_TOP5
Light Amber,aromatic,52,54606,22,0.4230769230769231,1.0221685979844424,,5.0,LIFT_TOP5
Lilac,floral,1417,46586,1325,0.9350741002117149,2.6480987000586347,1.0,2.0,P_AND_LIFT_TOP5
Lilac,fresh,1417,33478,1020,0.7198306280875089,2.8367063374032213,2.0,1.0,P_AND_LIFT_TOP5
Lilac,powdery,1417,62885,801,0.5652787579393084,1.1859302939482064,3.0,,P_TOP5
Lilac,green,1417,29755,751,0.5299929428369795,2.3499233388836402,4.0,4.0,P_AND_LIFT_TOP5
Lilac,woody,1417,81432,714,0.5038814396612562,0.816350799863807,5.0,,P_TOP5
Lilac,soapy,1417,1720,44,0.031051517290049402,2.3817596953931495,,3.0,LIFT_TOP5
Lilac,yellow floral,1417,6986,169,0.11926605504587157,2.252329035528462,,5.0,LIFT_TOP5
Lily,white floral,3044,39497,2548,0.8370565045992115,2.7959810783546595,1.0,1.0,P_AND_LIFT_TOP5
Lily,woody,3044,81432,1754,0.576215505913272,0.9335410120731159,2.0,,P_TOP5
Lily,powdery,3044,62885,1635,0.5371222076215506,1.126859073730002,3.0,,P_TOP5
Lily,floral,3044,46586,1497,0.49178712220762155,1.3927247463369148,4.0,,P_TOP5
Lily,citrus,3044,59969,1449,0.4760183968462549,1.0472261851277562,5.0,,P_TOP5
Lily,soft spicy,3044,13661,858,0.2818659658344284,2.7220977141158142,,2.0,LIFT_TOP5
Lily,yellow floral,3044,6986,316,0.1038107752956636,1.9604574269620525,,3.0,LIFT_TOP5
Lily,tuberose,3044,3931,176,0.05781865965834428,1.9404771734228852,,4.0,LIFT_TOP5
Lily,animalic,3044,18242,698,0.22930354796320632,1.6583717291298,,5.0,LIFT_TOP5
Lily of the Valley,white floral,3105,39497,2399,0.7726247987117553,2.5807628350011864,1.0,2.0,P_AND_LIFT_TOP5
Lily of the Valley,fresh,3105,33478,1938,0.6241545893719807,2.4596664966797723,2.0,3.0,P_AND_LIFT_TOP5
Lily of the Valley,woody,3105,81432,1793,0.5774557165861514,0.9355503081001443,3.0,,P_TOP5
Lily of the Valley,powdery,3105,62885,1697,0.5465378421900161,1.1466126662976674,4.0,,P_TOP5
Lily of the Valley,citrus,3105,59969,1599,0.514975845410628,1.1329314026417674,5.0,,P_TOP5
Lily of the Valley,soapy,3105,1720,198,0.06376811594202898,4.8912369396697,,1.0,LIFT_TOP5
Lily of the Valley,green,3105,29755,1300,0.41867954911433175,1.8563734805798617,,4.0,LIFT_TOP5
Lily of the Valley,aldehydic,3105,3556,131,0.04219001610305958,1.5652780721250423,,5.0,LIFT_TOP5
Lily-of-the-Valley,white floral,7339,39497,5268,0.7178089657991552,2.397664046836027,1.0,2.0,P_AND_LIFT_TOP5
Lily-of-the-Valley,woody,7339,81432,4459,0.6075759640277967,0.9843488669587781,2.0,,P_TOP5
Lily-of-the-Valley,fresh,7339,33478,4186,0.5703774356179316,2.247741653655347,3.0,3.0,P_AND_LIFT_TOP5
Lily-of-the-Valley,powdery,7339,62885,4108,0.5597492846436845,1.1743296990226808,4.0,,P_TOP5
Lily-of-the-Valley,floral,7339,46586,3982,0.5425807330699005,1.53657056012347,5.0,,P_TOP5
Lily-of-the-Valley,soapy,7339,1720,323,0.04401144570104919,3.37583141356943,,1.0,LIFT_TOP5
Lily-of-the-Valley,green,7339,29755,3073,0.4187218967161739,1.8565612446232505,,4.0,LIFT_TOP5
Lily-of-the-Valley,aldehydic,7339,3556,315,0.042921378934459735,1.5924121267781983,,5.0,LIFT_TOP5
Lime,citrus,3838,59969,3354,0.8738926524231371,1.9225376049989906,1.0,,P_TOP5
Lime,woody,3838,81432,2722,0.7092235539343408,1.1490306448393455,2.0,,P_TOP5
Lime,aromatic,3838,54606,2487,0.6479937467430954,1.5655754863534515,3.0,,P_TOP5
Lime,fresh spicy,3838,47271,2332,0.607608129233976,1.695791087344005,4.0,,P_TOP5
Lime,sweet,3838,60625,1807,0.47081813444502346,1.0245779212755786,5.0,,P_TOP5
Lime,conifer,3838,1828,592,0.1542470036477332,11.132279645101445,,1.0,LIFT_TOP5
Lime,coca-cola,3838,90,27,0.0070349140177175615,10.312402292860865,,2.0,LIFT_TOP5
Lime,sour,3838,1912,189,0.049244398124022926,3.397914981434281,,3.0,LIFT_TOP5
Lime,terpenic,3838,557,40,0.010422094841063054,2.468558298709962,,4.0,LIFT_TOP5
Lime,rum,3838,1166,75,0.019541427826993224,2.211063956445297,,5.0,LIFT_TOP5
Lime (Linden Blossom),sweet,65,60625,47,0.7230769230769231,1.573534655035686,1.0,5.0,P_AND_LIFT_TOP5
Lime (Linden Blossom),floral,65,46586,45,0.6923076923076923,1.9605923205717135,2.0,3.0,P_AND_LIFT_TOP5
Lime (Linden Blossom),green,65,29755,37,0.5692307692307692,2.523899021496064,3.0,2.0,P_AND_LIFT_TOP5
Lime (Linden Blossom),citrus,65,59969,37,0.5692307692307692,1.2522906065569774,4.0,,P_TOP5
Lime (Linden Blossom),yellow floral,65,6986,36,0.5538461538461539,10.459336254927438,5.0,1.0,P_AND_LIFT_TOP5
Lime (Linden Blossom),white floral,65,39497,31,0.47692307692307695,1.5930440676117563,,4.0,LIFT_TOP5
Lime (Linden) Blossom,sweet,326,60625,284,0.8711656441717791,1.895800139143634,1.0,5.0,P_AND_LIFT_TOP5
Lime (Linden) Blossom,yellow floral,326,6986,246,0.754601226993865,14.250578281892444,2.0,1.0,P_AND_LIFT_TOP5
Lime (Linden) Blossom,floral,326,46586,222,0.6809815950920245,1.9285171905828102,3.0,4.0,P_AND_LIFT_TOP5
Lime (Linden) Blossom,green,326,29755,191,0.5858895705521472,2.597762091848254,4.0,3.0,P_AND_LIFT_TOP5
Lime (Linden) Blossom,powdery,326,62885,177,0.5429447852760736,1.1390745888760816,5.0,,P_TOP5
Lime (Linden) Blossom,honey,326,3467,85,0.2607361963190184,9.921813204605739,,2.0,LIFT_TOP5
Linden Blossom,sweet,156,60625,125,0.8012820512820513,1.7437219138250066,1.0,5.0,P_AND_LIFT_TOP5
Linden Blossom,powdery,156,62885,103,0.6602564102564102,1.3851892852846976,2.0,,P_TOP5
Linden Blossom,yellow floral,156,6986,102,0.6538461538461539,12.347827523178225,3.0,1.0,P_AND_LIFT_TOP5
Linden Blossom,floral,156,46586,99,0.6346153846153846,1.7972096271907374,4.0,4.0,P_AND_LIFT_TOP5
Linden Blossom,woody,156,81432,84,0.5384615384615384,0.8723748743642643,5.0,,P_TOP5
Linden Blossom,honey,156,3467,42,0.2692307692307692,10.245057797696967,,2.0,LIFT_TOP5
Linden Blossom,green,156,29755,80,0.5128205128205128,2.273782902248706,,3.0,LIFT_TOP5
Linen,musky,105,41154,80,0.7619047619047619,2.4424866413494493,1.0,1.0,P_AND_LIFT_TOP5
Linen,powdery,105,62885,62,0.5904761904761905,1.2387934135250664,2.0,4.0,P_AND_LIFT_TOP5
Linen,woody,105,81432,59,0.5619047619047619,0.9103558212753615,3.0,,P_TOP5
Linen,citrus,105,59969,53,0.5047619047619047,1.1104610397911936,4.0,5.0,P_AND_LIFT_TOP5
Linen,floral,105,46586,51,0.4857142857142857,1.3755266757026943,5.0,2.0,P_AND_LIFT_TOP5
Linen,fresh,105,33478,34,0.3238095238095238,1.2760675809842428,,3.0,LIFT_TOP5
Lipstick,powdery,51,62885,49,0.9607843137254902,2.0156837800716216,1.0,2.0,P_AND_LIFT_TOP5
Lipstick,rose,51,25617,34,0.6666666666666666,3.4333970930762123,2.0,1.0,P_AND_LIFT_TOP5
Lipstick,sweet,51,60625,28,0.5490196078431373,1.194757226601981,3.0,5.0,P_AND_LIFT_TOP5
Lipstick,musky,51,41154,23,0.45098039215686275,1.4457365781516962,4.0,3.0,P_AND_LIFT_TOP5
Lipstick,fruity,51,43222,22,0.43137254901960786,1.316713256956107,5.0,4.0,P_AND_LIFT_TOP5
Liquor,sweet,251,60625,198,0.7888446215139442,1.7166560151147985,1.0,,P_TOP5
Liquor,fruity,251,43222,145,0.5776892430278885,1.763327514521987,2.0,,P_TOP5
Liquor,woody,251,81432,142,0.5657370517928287,0.9165646090361024,3.0,,P_TOP5
Liquor,alcohol,251,154,137,0.545816733067729,467.5948155430227,4.0,1.0,P_AND_LIFT_TOP5
Liquor,warm spicy,251,45319,128,0.5099601593625498,1.484565939775838,5.0,,P_TOP5
Liquor,cherry,251,1803,40,0.1593625498007968,11.660954628518649,,2.0,LIFT_TOP5
Liquor,chocolate,251,1554,22,0.08764940239043825,7.44117481169274,,3.0,LIFT_TOP5
Liquor,almond,251,3438,33,0.13147410358565736,5.045194440388533,,4.0,LIFT_TOP5
Liquor,nutty,251,3619,28,0.11155378486055777,4.0666733453035055,,5.0,LIFT_TOP5
Litchi,fruity,1708,43222,1477,0.8647540983606558,2.6395587477840294,1.0,3.0,P_AND_LIFT_TOP5
Litchi,fresh,1708,33478,1155,0.6762295081967213,2.664883177501447,2.0,2.0,P_AND_LIFT_TOP5
Litchi,floral,1708,46586,1078,0.6311475409836066,1.7873888095558153,3.0,,P_TOP5
Litchi,woody,1708,81432,873,0.5111241217798594,0.8280848485413211,4.0,,P_TOP5
Litchi,rose,1708,25617,854,0.5,2.575047819807159,5.0,4.0,P_AND_LIFT_TOP5
Litchi,tropical,1708,6512,796,0.46604215456674475,9.441790763512074,,1.0,LIFT_TOP5
Litchi,aquatic,1708,8872,252,0.14754098360655737,2.1939903028869607,,5.0,LIFT_TOP5
Litsea Cubeba,citrus,157,59969,140,0.89171974522293,1.9617566740692882,1.0,4.0,P_AND_LIFT_TOP5
Litsea Cubeba,fresh spicy,157,47271,115,0.732484076433121,2.0443109772127026,2.0,3.0,P_AND_LIFT_TOP5
Litsea Cubeba,aromatic,157,54606,107,0.6815286624203821,1.646597011923983,3.0,,P_TOP5
Litsea Cubeba,woody,157,81432,103,0.6560509554140127,1.0628844010680163,4.0,,P_TOP5
Litsea Cubeba,green,157,29755,79,0.5031847133757962,2.2310589559962626,5.0,2.0,P_AND_LIFT_TOP5
Litsea Cubeba,herbal,157,8607,40,0.25477707006369427,3.9052792905197147,,1.0,LIFT_TOP5
Litsea Cubeba,fresh,157,33478,70,0.445859872611465,1.757043222224463,,5.0,LIFT_TOP5
Lotus,floral,1771,46586,1560,0.88085827216262,2.4945612812092572,1.0,3.0,P_AND_LIFT_TOP5
Lotus,woody,1771,81432,1036,0.5849802371541502,0.9477409702297258,2.0,,P_TOP5
Lotus,aquatic,1771,8872,873,0.49294184076792774,7.330231858939665,3.0,1.0,P_AND_LIFT_TOP5
Lotus,citrus,1771,59969,863,0.4872953133822699,1.0720350630246105,4.0,,P_TOP5
Lotus,powdery,1771,62885,846,0.4776962168266516,1.0021859248777951,5.0,,P_TOP5
Lotus,ozonic,1771,5777,530,0.2992659514398645,6.834370256787489,,2.0,LIFT_TOP5
Lotus,tropical,1771,6512,160,0.09034443817052512,1.8303350319160596,,4.0,LIFT_TOP5
Lotus,marine,1771,4326,106,0.059853190287972896,1.8253424398271532,,5.0,LIFT_TOP5
Lychee,fruity,566,43222,479,0.8462897526501767,2.583198534707737,1.0,4.0,P_AND_LIFT_TOP5
Lychee,fresh,566,33478,379,0.6696113074204947,2.63880219212575,2.0,3.0,P_AND_LIFT_TOP5
Lychee,floral,566,46586,342,0.6042402826855123,1.711188350463651,3.0,,P_TOP5
Lychee,rose,566,25617,310,0.5477031802120141,2.8207237602127893,4.0,2.0,P_AND_LIFT_TOP5
Lychee,citrus,566,59969,266,0.46996466431095407,1.0339081552559517,5.0,,P_TOP5
Lychee,tropical,566,6512,247,0.4363957597173145,8.84116900790929,,1.0,LIFT_TOP5
Lychee,aquatic,566,8872,70,0.12367491166077739,1.8390927745047747,,5.0,LIFT_TOP5
Macadamia,sweet,57,60625,47,0.8245614035087719,1.7943816241635016,1.0,3.0,P_AND_LIFT_TOP5
Macadamia,nutty,57,3619,45,0.7894736842105263,28.780122453134773,2.0,1.0,P_AND_LIFT_TOP5
Macadamia,vanilla,57,34562,32,0.5614035087719298,2.142988395124145,3.0,2.0,P_AND_LIFT_TOP5
Macadamia,powdery,57,62885,31,0.543859649122807,1.1409939335099297,4.0,4.0,P_AND_LIFT_TOP5
Macadamia,woody,57,81432,21,0.3684210526315789,0.596888071933444,5.0,5.0,P_AND_LIFT_TOP5
Macarons,sweet,86,60625,85,0.9883720930232558,2.1508607048669384,1.0,3.0,P_AND_LIFT_TOP5
Macarons,vanilla,86,34562,63,0.7325581395348837,2.7963195228527633,2.0,2.0,P_AND_LIFT_TOP5
Macarons,almond,86,3438,56,0.6511627906976745,24.987756537738274,3.0,1.0,P_AND_LIFT_TOP5
Macarons,fruity,86,43222,55,0.6395348837209303,1.9521039565337635,4.0,4.0,P_AND_LIFT_TOP5
Macarons,powdery,86,62885,46,0.5348837209302325,1.122162825830096,5.0,,P_TOP5
Macarons,rose,86,25617,26,0.3023255813953488,1.5570056584880498,,5.0,LIFT_TOP5
Mace,woody,80,81432,63,0.7875,1.2758482537577365,1.0,5.0,P_AND_LIFT_TOP5
Mace,fresh spicy,80,47271,62,0.775,2.162969896977005,2.0,1.0,P_AND_LIFT_TOP5
Mace,warm spicy,80,45319,55,0.6875,2.0014094529888125,3.0,2.0,P_AND_LIFT_TOP5
Mace,aromatic,80,54606,52,0.65,1.5704226641760979,4.0,3.0,P_AND_LIFT_TOP5
Mace,amber,80,45478,42,0.525,1.5230056290953868,5.0,4.0,P_AND_LIFT_TOP5
Madagascar Cloves,warm spicy,50,45319,45,0.9,2.620026920276264,1.0,1.0,P_AND_LIFT_TOP5
Madagascar Cloves,woody,50,81432,38,0.76,1.231294822674133,2.0,4.0,P_AND_LIFT_TOP5
Madagascar Cloves,aromatic,50,54606,27,0.54,1.3046588287001428,3.0,3.0,P_AND_LIFT_TOP5
Madagascar Cloves,fresh spicy,50,47271,24,0.48,1.3396458716760804,4.0,2.0,P_AND_LIFT_TOP5
Madagascar Cloves,citrus,50,59969,23,0.46,1.0119861928663143,5.0,,P_TOP5
Madagascar Cloves,amber,50,45478,21,0.42,1.2184045032763093,,5.0,LIFT_TOP5
Madagascar Vanilla,vanilla,1377,34562,1077,0.7821350762527233,2.9855645104456277,1.0,1.0,P_AND_LIFT_TOP5
Madagascar Vanilla,sweet,1377,60625,921,0.6688453159041394,1.455517732407969,2.0,,P_TOP5
Madagascar Vanilla,powdery,1377,62885,895,0.6499636891793754,1.3635956032986405,3.0,,P_TOP5
Madagascar Vanilla,woody,1377,81432,755,0.5482933914306464,0.8883037028618377,4.0,,P_TOP5
Madagascar Vanilla,amber,1377,45478,652,0.4734931009440813,1.373586015382221,5.0,,P_TOP5
Madagascar Vanilla,coffee,1377,1815,46,0.03340595497458242,2.4282356142130355,,2.0,LIFT_TOP5
Madagascar Vanilla,chocolate,1377,1554,38,0.027596223674655047,2.3428377023148266,,3.0,LIFT_TOP5
Madagascar Vanilla,almond,1377,3438,79,0.05737109658678286,2.20156159764231,,4.0,LIFT_TOP5
Madagascar Vanilla,rum,1377,1166,26,0.01888162672476398,2.136409102742806,,5.0,LIFT_TOP5
Madagascar Vetiver,woody,51,81432,46,0.9019607843137255,1.461289005237619,1.0,4.0,P_AND_LIFT_TOP5
Madagascar Vetiver,aromatic,51,54606,42,0.8235294117647058,1.9896757736167756,2.0,2.0,P_AND_LIFT_TOP5
Madagascar Vetiver,earthy,51,19049,28,0.5490196078431373,3.8024125603834897,3.0,1.0,P_AND_LIFT_TOP5
Madagascar Vetiver,warm spicy,51,45319,25,0.49019607843137253,1.427029913004501,4.0,5.0,P_AND_LIFT_TOP5
Madagascar Vetiver,green,51,29755,21,0.4117647058823529,1.8257139185702849,5.0,3.0,P_AND_LIFT_TOP5
Madagascar Ylang-Ylang,woody,93,81432,76,0.8172043010752689,1.3239729276065946,1.0,4.0,P_AND_LIFT_TOP5
Madagascar Ylang-Ylang,sweet,93,60625,70,0.7526881720430108,1.6379736171156192,2.0,3.0,P_AND_LIFT_TOP5
Madagascar Ylang-Ylang,yellow floral,93,6986,57,0.6129032258064516,11.574623902182244,3.0,1.0,P_AND_LIFT_TOP5
Madagascar Ylang-Ylang,white floral,93,39497,57,0.6129032258064516,2.047252261707096,4.0,2.0,P_AND_LIFT_TOP5
Madagascar Ylang-Ylang,citrus,93,59969,51,0.5483870967741935,1.2064351527859287,5.0,,P_TOP5
Madagascar Ylang-Ylang,vanilla,93,34562,30,0.3225806451612903,1.231354218972543,,5.0,LIFT_TOP5
Magnolia,floral,4621,46586,4019,0.8697251677126163,2.463032700303213,1.0,1.0,P_AND_LIFT_TOP5
Magnolia,citrus,4621,59969,3251,0.7035273750270504,1.5477391083279488,2.0,4.0,P_AND_LIFT_TOP5
Magnolia,woody,4621,81432,2686,0.5812594676476953,0.9417128594012236,3.0,,P_TOP5
Magnolia,powdery,4621,62885,2409,0.5213157325254274,1.0936977751781767,4.0,,P_TOP5
Magnolia,fruity,4621,43222,2314,0.5007574118156243,1.528502275249533,5.0,5.0,P_AND_LIFT_TOP5
Magnolia,aquatic,4621,8872,649,0.1404457909543389,2.0884821010601815,,2.0,LIFT_TOP5
Magnolia,ozonic,4621,5777,405,0.0876433672365289,2.001521453957981,,3.0,LIFT_TOP5
Mahogany,woody,428,81432,394,0.9205607476635514,1.4914232665199472,1.0,,P_TOP5
Mahogany,aromatic,428,54606,229,0.5350467289719626,1.2926915531859324,2.0,,P_TOP5
Mahogany,sweet,428,60625,210,0.49065420560747663,1.0677444840543404,3.0,,P_TOP5
Mahogany,powdery,428,62885,198,0.46261682242990654,0.9705500100688172,4.0,,P_TOP5
Mahogany,floral,428,46586,183,0.42757009345794394,1.2108642602907858,5.0,,P_TOP5
Mahogany,tobacco,428,4372,28,0.06542056074766354,1.9741387418662517,,1.0,LIFT_TOP5
Mahogany,cinnamon,428,4259,26,0.06074766355140187,1.8817654971440358,,2.0,LIFT_TOP5
Mahogany,violet,428,7614,41,0.09579439252336448,1.6598573950101756,,3.0,LIFT_TOP5
Mahogany,aquatic,428,8872,46,0.10747663551401869,1.5982182735983415,,4.0,LIFT_TOP5
Mahogany,smoky,428,7407,38,0.08878504672897196,1.58139749088069,,5.0,LIFT_TOP5
Mahonial,floral,69,46586,46,0.6666666666666666,1.8879777901801686,1.0,1.0,P_AND_LIFT_TOP5
Mahonial,woody,69,81432,41,0.5942028985507246,0.9626828323729872,2.0,,P_TOP5
Mahonial,amber,69,45478,40,0.5797101449275363,1.6817177408920765,3.0,2.0,P_AND_LIFT_TOP5
Mahonial,sweet,69,60625,39,0.5652173913043478,1.230006275212909,4.0,5.0,P_AND_LIFT_TOP5
Mahonial,citrus,69,59969,36,0.5217391304347826,1.1478104266914717,5.0,,P_TOP5
Mahonial,vanilla,69,34562,29,0.42028985507246375,1.6043296273279946,,3.0,LIFT_TOP5
Mahonial,warm spicy,69,45319,35,0.5072463768115942,1.476665736065527,,4.0,LIFT_TOP5
Malaysian Oud,woody,53,81432,39,0.7358490566037735,1.1921672811393045,1.0,4.0,P_AND_LIFT_TOP5
Malaysian Oud,fresh spicy,53,47271,29,0.5471698113207547,1.5271120392533937,2.0,1.0,P_AND_LIFT_TOP5
Malaysian Oud,amber,53,45478,26,0.49056603773584906,1.4231139750756534,3.0,2.0,P_AND_LIFT_TOP5
Malaysian Oud,aromatic,53,54606,24,0.4528301886792453,1.0940535251154238,4.0,,P_TOP5
Malaysian Oud,musky,53,41154,22,0.41509433962264153,1.3306943729993461,5.0,3.0,P_AND_LIFT_TOP5
Malaysian Oud,warm spicy,53,45319,20,0.37735849056603776,1.0985437820864838,,5.0,LIFT_TOP5
Malt,woody,81,81432,60,0.7407407407407407,1.2000924197603635,1.0,5.0,P_AND_LIFT_TOP5
Malt,sweet,81,60625,48,0.5925925925925926,1.2895792287132493,2.0,4.0,P_AND_LIFT_TOP5
Malt,warm spicy,81,45319,44,0.5432098765432098,1.5813605554479506,3.0,2.0,P_AND_LIFT_TOP5
Malt,whiskey,81,808,41,0.5061728395061729,82.64775088619973,4.0,1.0,P_AND_LIFT_TOP5
Malt,powdery,81,62885,34,0.41975308641975306,0.8806237527448203,5.0,,P_TOP5
Malt,vanilla,81,34562,33,0.4074074074074074,1.555154772850508,,3.0,LIFT_TOP5
Maltol,sweet,93,60625,88,0.946236559139785,2.05916683294535,1.0,1.0,P_AND_LIFT_TOP5
Maltol,woody,93,81432,58,0.6236559139784946,1.0104003921208222,2.0,,P_TOP5
Maltol,fruity,93,43222,51,0.5483870967741935,1.6738862078899486,3.0,2.0,P_AND_LIFT_TOP5
Maltol,powdery,93,62885,48,0.5161290322580645,1.082816303185282,4.0,,P_TOP5
Maltol,amber,93,45478,45,0.4838709677419355,1.4036918240510476,5.0,4.0,P_AND_LIFT_TOP5
Maltol,vanilla,93,34562,39,0.41935483870967744,1.600760484664306,,3.0,LIFT_TOP5
Maltol,musky,93,41154,37,0.3978494623655914,1.2754113711885229,,5.0,LIFT_TOP5
Mandarin,citrus,2875,59969,2292,0.7972173913043479,1.7538543319845687,1.0,1.0,P_AND_LIFT_TOP5
Mandarin,woody,2875,81432,1821,0.6333913043478261,1.0261729391714398,2.0,,P_TOP5
Mandarin,sweet,2875,60625,1460,0.5078260869565218,1.1051133303451368,3.0,,P_TOP5
Mandarin,powdery,2875,62885,1411,0.49078260869565216,1.0296406069049437,4.0,,P_TOP5
Mandarin,white floral,2875,39497,1250,0.43478260869565216,1.4522842131102969,5.0,2.0,P_AND_LIFT_TOP5
Mandarin,cherry,2875,1803,57,0.01982608695652174,1.4507241553931853,,3.0,LIFT_TOP5
Mandarin,aldehydic,2875,3556,107,0.03721739130434783,1.38079033599061,,4.0,LIFT_TOP5
Mandarin,marine,2875,4326,124,0.043130434782608695,1.3153486502241252,,5.0,LIFT_TOP5
Mandarin Blossom,citrus,112,59969,91,0.8125,1.78747561239974,1.0,3.0,P_AND_LIFT_TOP5
Mandarin Blossom,white floral,112,39497,86,0.7678571428571429,2.564837654939435,2.0,1.0,P_AND_LIFT_TOP5
Mandarin Blossom,floral,112,46586,74,0.6607142857142857,1.8711208456249886,3.0,2.0,P_AND_LIFT_TOP5
Mandarin Blossom,sweet,112,60625,62,0.5535714285714286,1.204662739322533,4.0,,P_TOP5
Mandarin Blossom,powdery,112,62885,54,0.48214285714285715,1.0115147832210725,5.0,,P_TOP5
Mandarin Blossom,fruity,112,43222,51,0.45535714285714285,1.3899233690514752,,4.0,LIFT_TOP5
Mandarin Blossom,fresh,112,33478,37,0.33035714285714285,1.301870418099733,,5.0,LIFT_TOP5
Mandarin Leaf,citrus,97,59969,74,0.7628865979381443,1.6783276170351245,1.0,3.0,P_AND_LIFT_TOP5
Mandarin Leaf,woody,97,81432,73,0.7525773195876289,1.2192691543029262,2.0,,P_TOP5
Mandarin Leaf,aromatic,97,54606,70,0.7216494845360825,1.7435303170868652,3.0,2.0,P_AND_LIFT_TOP5
Mandarin Leaf,fresh spicy,97,47271,44,0.4536082474226804,1.2659883667041998,4.0,5.0,P_AND_LIFT_TOP5
Mandarin Leaf,sweet,97,60625,41,0.422680412371134,0.9198222977999787,5.0,,P_TOP5
Mandarin Leaf,green,97,29755,40,0.41237113402061853,1.828402746138135,,1.0,LIFT_TOP5
Mandarin Leaf,white floral,97,39497,39,0.4020618556701031,1.3429885970720992,,4.0,LIFT_TOP5
Mandarin Orange,citrus,11646,59969,9552,0.8201957753735188,1.8044060872288739,1.0,1.0,P_AND_LIFT_TOP5
Mandarin Orange,woody,11646,81432,7749,0.6653786707882535,1.0779964637623327,2.0,,P_TOP5
Mandarin Orange,powdery,11646,62885,5925,0.5087583719732097,1.0673529778870248,3.0,,P_TOP5
Mandarin Orange,sweet,11646,60625,5677,0.48746350678344497,1.0608009971124106,4.0,,P_TOP5
Mandarin Orange,aromatic,11646,54606,5271,0.45260175167439465,1.0935016133465716,5.0,,P_TOP5
Mandarin Orange,aldehydic,11646,3556,510,0.04379185986604843,1.6247075568413298,,2.0,LIFT_TOP5
Mandarin Orange,white floral,11646,39497,4881,0.4191138588356517,1.3999466135703353,,3.0,LIFT_TOP5
Mandarin Orange,fruity,11646,43222,5003,0.42958955864674564,1.3112708914965794,,4.0,LIFT_TOP5
Mandarin Orange,tuberose,11646,3931,420,0.03606388459556929,1.210355709665087,,5.0,LIFT_TOP5
Mango,sweet,1569,60625,1405,0.8954748247291269,1.9487009257981642,1.0,,P_TOP5
Mango,fruity,1569,43222,1352,0.8616953473550032,2.6302222751502837,2.0,5.0,P_AND_LIFT_TOP5
Mango,tropical,1569,6512,1259,0.8024219247928617,16.256683743538428,3.0,2.0,P_AND_LIFT_TOP5
Mango,woody,1569,81432,898,0.5723390694710007,0.9272607013865448,4.0,,P_TOP5
Mango,citrus,1569,59969,763,0.4862970044614404,1.069838813363535,5.0,,P_TOP5
Mango,terpenic,1569,557,307,0.19566602931803698,46.345097393049585,,1.0,LIFT_TOP5
Mango,coconut,1569,3269,169,0.1077119184193754,4.347027652819882,,3.0,LIFT_TOP5
Mango,sour,1569,1912,86,0.05481198215423837,3.782084103351814,,4.0,LIFT_TOP5
Maple,woody,147,81432,140,0.9523809523809523,1.5429759682633246,1.0,5.0,P_AND_LIFT_TOP5
Maple,sweet,147,60625,125,0.8503401360544217,1.850480398344905,2.0,3.0,P_AND_LIFT_TOP5
Maple,warm spicy,147,45319,71,0.48299319727891155,1.4060613102011696,3.0,,P_TOP5
Maple,vanilla,147,34562,70,0.47619047619047616,1.8177133708642301,4.0,4.0,P_AND_LIFT_TOP5
Maple,powdery,147,62885,58,0.3945578231292517,0.8277651841526943,5.0,,P_TOP5
Maple,caramel,147,4008,32,0.21768707482993196,7.165532879818594,,1.0,LIFT_TOP5
Maple,balsamic,147,18162,38,0.2585034013605442,1.8777862427869507,,2.0,LIFT_TOP5
Maple syrup,sweet,99,60625,89,0.898989898989899,1.956350307195668,1.0,1.0,P_AND_LIFT_TOP5
Maple syrup,fruity,99,43222,62,0.6262626262626263,1.9115919735974338,2.0,2.0,P_AND_LIFT_TOP5
Maple syrup,woody,99,81432,55,0.5555555555555556,0.9000693148202726,3.0,,P_TOP5
Maple syrup,warm spicy,99,45319,52,0.5252525252525253,1.5290841734496714,4.0,5.0,P_AND_LIFT_TOP5
Maple syrup,amber,99,45478,52,0.5252525252525253,1.523738195535548,5.0,,P_TOP5
Maple syrup,balsamic,99,18162,25,0.25252525252525254,1.8343605641260086,,3.0,LIFT_TOP5
Maple syrup,vanilla,99,34562,45,0.45454545454545453,1.735090035824947,,4.0,LIFT_TOP5
Marigold,aromatic,921,54606,699,0.758957654723127,1.833668157118671,1.0,4.0,P_AND_LIFT_TOP5
Marigold,sweet,921,60625,597,0.6482084690553745,1.4106085496490817,2.0,,P_TOP5
Marigold,woody,921,81432,594,0.6449511400651465,1.0449013153157825,3.0,,P_TOP5
Marigold,fresh spicy,921,47271,456,0.495114006514658,1.3818279892424283,4.0,,P_TOP5
Marigold,floral,921,46586,455,0.494028230184582,1.39907148946576,5.0,,P_TOP5
Marigold,herbal,921,8607,228,0.247557003257329,3.7946085093225763,,1.0,LIFT_TOP5
Marigold,balsamic,921,18162,382,0.4147665580890337,3.0128924132081383,,2.0,LIFT_TOP5
Marigold,bitter,921,1034,21,0.02280130293159609,2.90926102104978,,3.0,LIFT_TOP5
Marigold,tuberose,921,3931,42,0.04560260586319218,1.5304888810813901,,5.0,LIFT_TOP5
Marine notes,aromatic,657,54606,571,0.8691019786910198,2.0997806843333375,1.0,5.0,P_AND_LIFT_TOP5
Marine notes,marine,657,4326,523,0.7960426179604262,24.276907671641013,2.0,1.0,P_AND_LIFT_TOP5
Marine notes,woody,657,81432,435,0.6621004566210046,1.072685347799503,3.0,,P_TOP5
Marine notes,citrus,657,59969,402,0.6118721461187214,1.3461003558078828,4.0,,P_TOP5
Marine notes,fresh spicy,657,47271,277,0.4216133942161339,1.1766930062603826,5.0,,P_TOP5
Marine notes,salty,657,2520,215,0.3272450532724505,17.13231741199778,,2.0,LIFT_TOP5
Marine notes,aquatic,657,8872,154,0.2343987823439878,3.485598664860495,,3.0,LIFT_TOP5
Marine notes,ozonic,657,5777,61,0.0928462709284627,2.120340751876767,,4.0,LIFT_TOP5
Marjoram,aromatic,142,54606,130,0.9154929577464789,2.211862907290279,1.0,3.0,P_AND_LIFT_TOP5
Marjoram,fresh spicy,142,47271,124,0.8732394366197183,2.4371491796924,2.0,2.0,P_AND_LIFT_TOP5
Marjoram,woody,142,81432,107,0.7535211267605634,1.2207982396787642,3.0,,P_TOP5
Marjoram,herbal,142,8607,101,0.7112676056338029,10.902467202424493,4.0,1.0,P_AND_LIFT_TOP5
Marjoram,citrus,142,59969,73,0.5140845070422535,1.1309704849853175,5.0,,P_TOP5
Marjoram,earthy,142,19049,30,0.2112676056338028,1.463202016445357,,4.0,LIFT_TOP5
Marjoram,green,142,29755,44,0.30985915492957744,1.3738772747390071,,5.0,LIFT_TOP5
Marshamallow,sweet,69,60625,66,0.9565217391304348,2.0815490811295385,1.0,4.0,P_AND_LIFT_TOP5
Marshamallow,powdery,69,62885,63,0.9130434782608695,1.9155255798196156,2.0,5.0,P_AND_LIFT_TOP5
Marshamallow,vanilla,69,34562,44,0.6376811594202898,2.434155296635578,3.0,2.0,P_AND_LIFT_TOP5
Marshamallow,fruity,69,43222,33,0.4782608695652174,1.4598342631469883,4.0,,P_TOP5
Marshamallow,warm spicy,69,45319,24,0.34782608695652173,1.0125707904449328,5.0,,P_TOP5
Marshamallow,lactonic,69,7015,21,0.30434782608695654,5.723821624469305,,1.0,LIFT_TOP5
Marshamallow,balsamic,69,18162,21,0.30434782608695654,2.2108032538075197,,3.0,LIFT_TOP5
Marshmallow,sweet,789,60625,759,0.9619771863117871,2.0934210340637374,1.0,,P_TOP5
Marshmallow,powdery,789,62885,708,0.8973384030418251,1.8825770138078712,2.0,,P_TOP5
Marshmallow,vanilla,789,34562,474,0.6007604562737643,2.2932216595161656,3.0,,P_TOP5
Marshmallow,fruity,789,43222,384,0.4866920152091255,1.485569329659431,4.0,,P_TOP5
Marshmallow,musky,789,41154,296,0.37515842839036756,1.2026692777747288,5.0,,P_TOP5
Marshmallow,savory,789,654,24,0.030418250950570342,6.136207718514901,,1.0,LIFT_TOP5
Marshmallow,caramel,789,4008,106,0.13434727503168567,4.422264469792987,,2.0,LIFT_TOP5
Marshmallow,chocolate,789,1554,36,0.045627376425855515,3.873629196823113,,3.0,LIFT_TOP5
Marshmallow,lactonic,789,7015,161,0.20405576679340937,3.8376446633007126,,4.0,LIFT_TOP5
Marshmallow,cherry,789,1803,35,0.044359949302915085,3.2459279598078683,,5.0,LIFT_TOP5
Marzipan,sweet,91,60625,88,0.967032967032967,2.1044232468562365,1.0,5.0,P_AND_LIFT_TOP5
Marzipan,nutty,91,3619,58,0.6373626373626373,23.23494135044287,2.0,1.0,P_AND_LIFT_TOP5
Marzipan,vanilla,91,34562,55,0.6043956043956044,2.307097739943061,3.0,4.0,P_AND_LIFT_TOP5
Marzipan,almond,91,3438,47,0.5164835164835165,19.81956670438346,4.0,2.0,P_AND_LIFT_TOP5
Marzipan,fruity,91,43222,41,0.45054945054945056,1.3752484616859242,5.0,,P_TOP5
Marzipan,lactonic,91,7015,28,0.3076923076923077,5.786720763199737,,3.0,LIFT_TOP5
Mastic or Lentisque,aromatic,320,54606,283,0.884375,2.136680836354979,1.0,5.0,P_AND_LIFT_TOP5
Mastic or Lentisque,woody,320,81432,281,0.878125,1.4226720607377934,2.0,,P_TOP5
Mastic or Lentisque,balsamic,320,18162,217,0.678125,4.92594599988988,3.0,2.0,P_AND_LIFT_TOP5
Mastic or Lentisque,fresh spicy,320,47271,180,0.5625,1.5698975058704068,4.0,,P_TOP5
Mastic or Lentisque,citrus,320,59969,143,0.446875,0.9831115868198569,5.0,,P_TOP5
Mastic or Lentisque,terpenic,320,557,36,0.1125,26.646543985637344,,1.0,LIFT_TOP5
Mastic or Lentisque,marine,320,4326,35,0.109375,3.3356088187702264,,3.0,LIFT_TOP5
Mastic or Lentisque,herbal,320,8607,62,0.19375,2.9698428604624145,,4.0,LIFT_TOP5
Matcha Tea,powdery,159,62885,137,0.8616352201257862,1.8076732860172533,1.0,3.0,P_AND_LIFT_TOP5
Matcha Tea,green,159,29755,129,0.8113207547169812,3.597296157614227,2.0,1.0,P_AND_LIFT_TOP5
Matcha Tea,woody,159,81432,93,0.5849056603773585,0.9476201465466267,3.0,,P_TOP5
Matcha Tea,sweet,159,60625,89,0.559748427672956,1.2181049082539066,4.0,,P_TOP5
Matcha Tea,citrus,159,59969,81,0.5094339622641509,1.1207394260619559,5.0,,P_TOP5
Matcha Tea,lactonic,159,7015,30,0.18867924528301888,3.548460845358329,,2.0,LIFT_TOP5
Matcha Tea,fresh,159,33478,57,0.3584905660377358,1.4127385261174052,,4.0,LIFT_TOP5
Matcha Tea,vanilla,159,34562,51,0.32075471698113206,1.224384289431189,,5.0,LIFT_TOP5
Mate,aromatic,704,54606,605,0.859375,2.0762799646558987,1.0,3.0,P_AND_LIFT_TOP5
Mate,woody,704,81432,502,0.7130681818181818,1.1552594216926113,2.0,,P_TOP5
Mate,fresh spicy,704,47271,497,0.7059659090909091,1.9703006576201822,3.0,4.0,P_AND_LIFT_TOP5
Mate,citrus,704,59969,377,0.5355113636363636,1.178108926354374,4.0,,P_TOP5
Mate,green,704,29755,348,0.4943181818181818,2.1917458486732557,5.0,2.0,P_AND_LIFT_TOP5
Mate,leather,704,10809,135,0.19176136363636365,2.3405566384073877,,1.0,LIFT_TOP5
Mate,smoky,704,7407,77,0.109375,1.9481360537329553,,5.0,LIFT_TOP5
May Rose,rose,625,25617,441,0.7056,3.633907483311863,1.0,1.0,P_AND_LIFT_TOP5
May Rose,floral,625,46586,410,0.656,1.857770145537286,2.0,3.0,P_AND_LIFT_TOP5
May Rose,woody,625,81432,406,0.6496,1.0524330484330484,3.0,,P_TOP5
May Rose,powdery,625,62885,286,0.4576,0.9600249344040709,4.0,,P_TOP5
May Rose,citrus,625,59969,270,0.432,0.9503870333005386,5.0,,P_TOP5
May Rose,yellow floral,625,6986,72,0.1152,2.175541941024907,,2.0,LIFT_TOP5
May Rose,tuberose,625,3931,32,0.0512,1.7183454591706946,,4.0,LIFT_TOP5
May Rose,aldehydic,625,3556,24,0.0384,1.424665916760405,,5.0,LIFT_TOP5
Melon,fruity,1847,43222,1264,0.6843530048727666,2.088905925983622,1.0,5.0,P_AND_LIFT_TOP5
Melon,fresh,1847,33478,1158,0.6269626421223606,2.4707324623694076,2.0,3.0,P_AND_LIFT_TOP5
Melon,sweet,1847,60625,1113,0.6025988088792636,1.3113544058629485,3.0,,P_TOP5
Melon,woody,1847,81432,995,0.5387114239306985,0.8727797200016829,4.0,,P_TOP5
Melon,citrus,1847,59969,942,0.5100162425554954,1.1220204252254748,5.0,,P_TOP5
Melon,ozonic,1847,5777,840,0.4547915538711424,10.386125965418005,,1.0,LIFT_TOP5
Melon,aquatic,1847,8872,893,0.48348673524634544,7.189630859000265,,2.0,LIFT_TOP5
Melon,marine,1847,4326,143,0.07742284786139686,2.361164197492854,,4.0,LIFT_TOP5
Meringue,sweet,105,60625,101,0.9619047619047619,2.0932634266077565,1.0,3.0,P_AND_LIFT_TOP5
Meringue,powdery,105,62885,95,0.9047619047619048,1.898151198143247,2.0,4.0,P_AND_LIFT_TOP5
Meringue,vanilla,105,34562,64,0.6095238095238096,2.3266731147062147,3.0,2.0,P_AND_LIFT_TOP5
Meringue,fruity,105,43222,58,0.5523809523809524,1.6860769757905476,4.0,5.0,P_AND_LIFT_TOP5
Meringue,citrus,105,59969,42,0.4,0.879987993796795,5.0,,P_TOP5
Meringue,lactonic,105,7015,24,0.22857142857142856,4.2987068526626615,,1.0,LIFT_TOP5
Metallic notes,metallic,402,2235,329,0.818407960199005,48.30987122552784,1.0,1.0,P_AND_LIFT_TOP5
Metallic notes,woody,402,81432,224,0.5572139303482587,0.9027560888943631,2.0,,P_TOP5
Metallic notes,aromatic,402,54606,198,0.4925373134328358,1.1899873230266642,3.0,,P_TOP5
Metallic notes,fresh spicy,402,47271,145,0.36069651741293535,1.0066783343337047,4.0,,P_TOP5
Metallic notes,amber,402,45478,135,0.3358208955223881,0.9742040271399063,5.0,,P_TOP5
Metallic notes,mineral,402,770,111,0.27611940298507465,47.30965303353363,,2.0,LIFT_TOP5
Metallic notes,smoky,402,7407,82,0.20398009950248755,3.6331975870613182,,3.0,LIFT_TOP5
Metallic notes,salty,402,2520,26,0.06467661691542288,3.3860262181157705,,4.0,LIFT_TOP5
Metallic notes,aldehydic,402,3556,36,0.08955223880597014,3.3224484999076607,,5.0,LIFT_TOP5
Mexican Vanilla,vanilla,53,34562,42,0.7924528301886793,3.0249494209476433,1.0,1.0,P_AND_LIFT_TOP5
Mexican Vanilla,sweet,53,60625,37,0.6981132075471698,1.51920949231667,2.0,2.0,P_AND_LIFT_TOP5
Mexican Vanilla,powdery,53,62885,34,0.6415094339622641,1.3458589428741594,3.0,3.0,P_AND_LIFT_TOP5
Mexican Vanilla,woody,53,81432,26,0.49056603773584906,0.794778187426203,4.0,,P_TOP5
Mexican Vanilla,warm spicy,53,45319,24,0.4528301886792453,1.3182525385037804,5.0,4.0,P_AND_LIFT_TOP5
Mexican Vanilla,amber,53,45478,24,0.4528301886792453,1.313643669300603,,5.0,LIFT_TOP5
Mexican chocolate,sweet,130,60625,120,0.9230769230769231,2.0087676447264076,1.0,4.0,P_AND_LIFT_TOP5
Mexican chocolate,warm spicy,130,45319,118,0.9076923076923077,2.6424203127572574,2.0,3.0,P_AND_LIFT_TOP5
Mexican chocolate,chocolate,130,1554,98,0.7538461538461538,63.999306999307,3.0,1.0,P_AND_LIFT_TOP5
Mexican chocolate,woody,130,81432,58,0.4461538461538462,0.722824895901819,4.0,,P_TOP5
Mexican chocolate,vanilla,130,34562,57,0.43846153846153846,1.6736945422496028,5.0,5.0,P_AND_LIFT_TOP5
Mexican chocolate,cacao,130,2035,48,0.36923076923076925,23.937403137403138,,2.0,LIFT_TOP5
Mignonette,floral,61,46586,52,0.8524590163934426,2.414135534984478,1.0,1.0,P_AND_LIFT_TOP5
Mignonette,powdery,61,62885,47,0.7704918032786885,1.6164583542427824,2.0,4.0,P_AND_LIFT_TOP5
Mignonette,woody,61,81432,42,0.6885245901639344,1.1154957409903707,3.0,,P_TOP5
Mignonette,citrus,61,59969,36,0.5901639344262295,1.2983429416674024,4.0,5.0,P_AND_LIFT_TOP5
Mignonette,sweet,61,60625,35,0.5737704918032787,1.2486192327192833,5.0,,P_TOP5
Mignonette,green,61,29755,25,0.4098360655737705,1.817162565321712,,2.0,LIFT_TOP5
Mignonette,fresh,61,33478,26,0.4262295081967213,1.6796839421827303,,3.0,LIFT_TOP5
Milk,sweet,1657,60625,1361,0.8213639106819554,1.7874233523508514,1.0,,P_TOP5
Milk,lactonic,1657,7015,1345,0.8117079058539529,15.265662725489952,2.0,2.0,P_AND_LIFT_TOP5
Milk,powdery,1657,62885,971,0.5859987929993965,1.2294000279941222,3.0,,P_TOP5
Milk,vanilla,1657,34562,957,0.5775497887748944,2.2046219441314685,4.0,,P_TOP5
Milk,woody,1657,81432,732,0.44176222088111045,0.7157099150314975,5.0,,P_TOP5
Milk,savory,1657,654,373,0.22510561255280628,45.41006645885586,,1.0,LIFT_TOP5
Milk,caramel,1657,4008,294,0.17742908871454435,5.8403741701870855,,3.0,LIFT_TOP5
Milk,chocolate,1657,1554,91,0.05491852745926373,4.662420416795794,,4.0,LIFT_TOP5
Milk,coffee,1657,1815,105,0.06336753168376584,4.606103831977536,,5.0,LIFT_TOP5
Milk Chocolate,sweet,88,60625,86,0.9772727272727273,2.1267066541705715,1.0,5.0,P_AND_LIFT_TOP5
Milk Chocolate,warm spicy,88,45319,79,0.8977272727272727,2.6134106906796064,2.0,3.0,P_AND_LIFT_TOP5
Milk Chocolate,chocolate,88,1554,68,0.7727272727272727,65.6022581022581,3.0,1.0,P_AND_LIFT_TOP5
Milk Chocolate,vanilla,88,34562,55,0.625,2.3857487992593023,4.0,4.0,P_AND_LIFT_TOP5
Milk Chocolate,cacao,88,2035,43,0.48863636363636365,31.6785235648872,5.0,2.0,P_AND_LIFT_TOP5
Milk Cream,sweet,50,60625,40,0.8,1.7409319587628866,1.0,2.0,P_AND_LIFT_TOP5
Milk Cream,vanilla,50,34562,35,0.7,2.6720386551704185,2.0,1.0,P_AND_LIFT_TOP5
Milk Cream,powdery,50,62885,28,0.56,1.1748556889560309,3.0,4.0,P_AND_LIFT_TOP5
Milk Cream,fruity,50,43222,26,0.52,1.5872379806579981,4.0,3.0,P_AND_LIFT_TOP5
Milk Mousse,sweet,55,60625,45,0.8181818181818182,1.7804985941893159,1.0,3.0,P_AND_LIFT_TOP5
Milk Mousse,lactonic,55,7015,42,0.7636363636363637,14.361588803213893,2.0,1.0,P_AND_LIFT_TOP5
Milk Mousse,vanilla,55,34562,42,0.7636363636363637,2.914951260185911,3.0,2.0,P_AND_LIFT_TOP5
Milk Mousse,fruity,55,43222,25,0.45454545454545453,1.38744578728846,4.0,4.0,P_AND_LIFT_TOP5
Milk Mousse,powdery,55,62885,25,0.45454545454545453,0.9536166306461289,5.0,5.0,P_AND_LIFT_TOP5
Mimosa,powdery,2076,62885,1680,0.8092485549132948,1.6977683366416632,1.0,5.0,P_AND_LIFT_TOP5
Mimosa,floral,2076,46586,1495,0.7201348747591522,2.039397974219185,2.0,3.0,P_AND_LIFT_TOP5
Mimosa,sweet,2076,60625,1288,0.6204238921001927,1.3501447271716027,3.0,,P_TOP5
Mimosa,yellow floral,2076,6986,1225,0.5900770712909441,11.143553967279454,4.0,1.0,P_AND_LIFT_TOP5
Mimosa,woody,2076,81432,1125,0.541907514450867,0.8779577854099481,5.0,,P_TOP5
Mimosa,honey,2076,3467,150,0.07225433526011561,2.749499408960788,,2.0,LIFT_TOP5
Mimosa,violet,2076,7614,213,0.10260115606936417,1.7778001733952211,,4.0,LIFT_TOP5
Mimosa absolute,powdery,52,62885,44,0.8461538461538461,1.7751940355104863,1.0,3.0,P_AND_LIFT_TOP5
Mimosa absolute,yellow floral,52,6986,35,0.6730769230769231,12.71099892091876,2.0,1.0,P_AND_LIFT_TOP5
Mimosa absolute,floral,52,46586,35,0.6730769230769231,1.9061314227780548,3.0,2.0,P_AND_LIFT_TOP5
Mimosa absolute,sweet,52,60625,32,0.6153846153846154,1.339178429817605,4.0,5.0,P_AND_LIFT_TOP5
Mimosa absolute,woody,52,81432,24,0.46153846153846156,0.7477498923122265,5.0,,P_TOP5
Mimosa absolute,green,52,29755,20,0.38461538461538464,1.7053371766865297,,4.0,LIFT_TOP5
Mineral notes,mineral,433,770,325,0.7505773672055427,128.60217150055487,1.0,1.0,P_AND_LIFT_TOP5
Mineral notes,woody,433,81432,295,0.6812933025404158,1.103780152816547,2.0,,P_TOP5
Mineral notes,aromatic,433,54606,244,0.5635103926096998,1.3614607570046824,3.0,,P_TOP5
Mineral notes,citrus,433,59969,197,0.45496535796766746,1.0009101315125208,4.0,,P_TOP5
Mineral notes,fresh spicy,433,47271,180,0.41570438799076215,1.1602013900197001,5.0,,P_TOP5
Mineral notes,salty,433,2520,74,0.17090069284064666,8.947193812089886,,2.0,LIFT_TOP5
Mineral notes,marine,433,4326,98,0.22632794457274827,6.902322174637697,,3.0,LIFT_TOP5
Mineral notes,metallic,433,2235,32,0.07390300230946882,4.362426440576385,,4.0,LIFT_TOP5
Mineral notes,ozonic,433,5777,62,0.14318706697459585,3.2699791839983434,,5.0,LIFT_TOP5
Mint,aromatic,4605,54606,4203,0.9127035830618893,2.205123680792496,1.0,,P_TOP5
Mint,green,4605,29755,3834,0.8325732899022801,3.6915272773250822,2.0,1.0,P_AND_LIFT_TOP5
Mint,fresh spicy,4605,47271,3696,0.8026058631921824,2.2400158983508835,3.0,5.0,P_AND_LIFT_TOP5
Mint,woody,4605,81432,3124,0.6783930510314875,1.0990813835173414,4.0,,P_TOP5
Mint,citrus,4605,59969,2870,0.6232356134636265,1.3710996428864286,5.0,,P_TOP5
Mint,camphor,4605,793,85,0.018458197611292075,3.0708575168445944,,2.0,LIFT_TOP5
Mint,lavender,4605,8336,761,0.16525515743756786,2.6154166171711046,,3.0,LIFT_TOP5
Mint,herbal,4605,8607,673,0.14614549402823018,2.2401504620825383,,4.0,LIFT_TOP5
Mirabelle,fruity,75,43222,66,0.88,2.6860950441904587,1.0,1.0,P_AND_LIFT_TOP5
Mirabelle,sweet,75,60625,62,0.8266666666666667,1.7989630240549828,2.0,2.0,P_AND_LIFT_TOP5
Mirabelle,woody,75,81432,53,0.7066666666666667,1.1448881684513867,3.0,,P_TOP5
Mirabelle,powdery,75,62885,48,0.64,1.3426922159497496,4.0,5.0,P_AND_LIFT_TOP5
Mirabelle,white floral,75,39497,33,0.44,1.4697116236676204,5.0,3.0,P_AND_LIFT_TOP5
Mirabelle,fresh,75,33478,27,0.36,1.418686898858952,,4.0,LIFT_TOP5
Mirabelle Plum,sweet,52,60625,46,0.8846153846153846,1.9250689928628073,1.0,2.0,P_AND_LIFT_TOP5
Mirabelle Plum,fruity,52,43222,44,0.8461538461538461,2.5827836963369792,2.0,1.0,P_AND_LIFT_TOP5
Mirabelle Plum,woody,52,81432,35,0.6730769230769231,1.0904685929553304,3.0,,P_TOP5
Mirabelle Plum,powdery,52,62885,34,0.6538461538461539,1.3717408456217393,4.0,4.0,P_AND_LIFT_TOP5
Mirabelle Plum,white floral,52,39497,23,0.4423076923076923,1.477419901414129,5.0,3.0,P_AND_LIFT_TOP5
Mirabelle Plum,floral,52,46586,23,0.4423076923076923,1.2526006492541504,,5.0,LIFT_TOP5
Mock Orange,white floral,52,39497,44,0.8461538461538461,2.826368507053116,1.0,2.0,P_AND_LIFT_TOP5
Mock Orange,green,52,29755,38,0.7307692307692307,3.2401406357044067,2.0,1.0,P_AND_LIFT_TOP5
Mock Orange,sweet,52,60625,35,0.6730769230769231,1.4647264076130055,3.0,4.0,P_AND_LIFT_TOP5
Mock Orange,woody,52,81432,31,0.5961538461538461,0.9658436109032926,4.0,,P_TOP5
Mock Orange,powdery,52,62885,26,0.5,1.048978293710742,5.0,,P_TOP5
Mock Orange,musky,52,41154,24,0.46153846153846156,1.479583253894378,,3.0,LIFT_TOP5
Mock Orange,floral,52,46586,24,0.46153846153846156,1.307061547047809,,5.0,LIFT_TOP5
Mojito,citrus,77,59969,71,0.922077922077922,2.0285437519341705,1.0,3.0,P_AND_LIFT_TOP5
Mojito,green,77,29755,55,0.7142857142857143,3.167054756703555,2.0,1.0,P_AND_LIFT_TOP5
Mojito,aromatic,77,54606,54,0.7012987012987013,1.6943621151949908,3.0,4.0,P_AND_LIFT_TOP5
Mojito,fresh,77,33478,51,0.6623376623376623,2.6101382338314054,4.0,2.0,P_AND_LIFT_TOP5
Mojito,woody,77,81432,43,0.5584415584415584,0.9047449995725858,5.0,,P_TOP5
Mojito,fresh spicy,77,47271,38,0.4935064935064935,1.377341534731901,,5.0,LIFT_TOP5
Monoi Oil,white floral,89,39497,80,0.898876404494382,3.002475227104434,1.0,3.0,P_AND_LIFT_TOP5
Monoi Oil,tropical,89,6512,68,0.7640449438202247,15.479184496038428,2.0,2.0,P_AND_LIFT_TOP5
Monoi Oil,sweet,89,60625,61,0.6853932584269663,1.4915287848951697,3.0,5.0,P_AND_LIFT_TOP5
Monoi Oil,coconut,89,3269,52,0.5842696629213483,23.579901079600333,4.0,1.0,P_AND_LIFT_TOP5
Monoi Oil,vanilla,89,34562,42,0.47191011235955055,1.8013743742721922,5.0,4.0,P_AND_LIFT_TOP5
Moroccan Cedar,woody,58,81432,52,0.896551724137931,1.4525256528823711,1.0,4.0,P_AND_LIFT_TOP5
Moroccan Cedar,aromatic,58,54606,41,0.7068965517241379,1.7078867170084884,2.0,2.0,P_AND_LIFT_TOP5
Moroccan Cedar,warm spicy,58,45319,33,0.5689655172413793,1.656338857645914,3.0,3.0,P_AND_LIFT_TOP5
Moroccan Cedar,fresh spicy,58,47271,29,0.5,1.3954644496625839,4.0,5.0,P_AND_LIFT_TOP5
Moroccan Cedar,citrus,58,59969,28,0.4827586206896552,1.062054475271994,5.0,,P_TOP5
Moroccan Cedar,balsamic,58,18162,20,0.3448275862068966,2.5048509772203427,,1.0,LIFT_TOP5
Moroccan Jasmine,woody,158,81432,127,0.8037974683544303,1.3022521858728755,1.0,,P_TOP5
Moroccan Jasmine,fruity,158,43222,108,0.6835443037974683,2.086437462403406,2.0,5.0,P_AND_LIFT_TOP5
Moroccan Jasmine,citrus,158,59969,105,0.6645569620253164,1.4620053694408779,3.0,,P_TOP5
Moroccan Jasmine,sweet,158,60625,98,0.620253164556962,1.3497731958762886,4.0,,P_TOP5
Moroccan Jasmine,white floral,158,39497,80,0.5063291139240507,1.6912676912170546,5.0,,P_TOP5
Moroccan Jasmine,mossy,158,6173,45,0.2848101265822785,6.086991738214806,,1.0,LIFT_TOP5
Moroccan Jasmine,leather,158,10809,38,0.24050632911392406,2.9355166990470902,,2.0,LIFT_TOP5
Moroccan Jasmine,smoky,158,7407,26,0.16455696202531644,2.9310112056163087,,3.0,LIFT_TOP5
Moroccan Jasmine,earthy,158,19049,66,0.4177215189873418,2.893065252769174,,4.0,LIFT_TOP5
Moroccan Rose,woody,379,81432,262,0.6912928759894459,1.1199807094175214,1.0,,P_TOP5
Moroccan Rose,rose,379,25617,254,0.6701846965699209,3.4515152835409943,2.0,1.0,P_AND_LIFT_TOP5
Moroccan Rose,floral,379,46586,195,0.5145118733509235,1.457080484505803,3.0,3.0,P_AND_LIFT_TOP5
Moroccan Rose,powdery,379,62885,181,0.47757255936675463,1.0019264968952204,4.0,,P_TOP5
Moroccan Rose,warm spicy,379,45319,172,0.45382585751978893,1.3211510709103411,5.0,,P_TOP5
Moroccan Rose,oud,379,8298,51,0.1345646437994723,2.1394448609863077,,2.0,LIFT_TOP5
Moroccan Rose,smoky,379,7407,31,0.08179419525065963,1.4568797326069292,,4.0,LIFT_TOP5
Moroccan Rose,leather,379,10809,42,0.11081794195250659,1.3525960849101855,,5.0,LIFT_TOP5
Moss,woody,4302,81432,3368,0.7828916782891678,1.2683821976212044,1.0,,P_TOP5
Moss,aromatic,4302,54606,2345,0.5450953045095305,1.3169692620580586,2.0,,P_TOP5
Moss,citrus,4302,59969,2216,0.5151092515109251,1.1332248920581693,3.0,,P_TOP5
Moss,earthy,4302,19049,2091,0.4860529986052999,3.3663169775839785,4.0,2.0,P_AND_LIFT_TOP5
Moss,fresh spicy,4302,47271,1871,0.43491399349139936,1.2138140331560643,5.0,,P_TOP5
Moss,mossy,4302,6173,1843,0.4284053928405393,9.155924749303798,,1.0,LIFT_TOP5
Moss,marine,4302,4326,253,0.05880985588098559,1.7935238757231688,,3.0,LIFT_TOP5
Moss,salty,4302,2520,137,0.031845653184565316,1.6672210415236914,,4.0,LIFT_TOP5
Moss,lavender,4302,8336,405,0.09414225941422594,1.489945811482585,,5.0,LIFT_TOP5
Mountain Air,fresh,166,33478,151,0.9096385542168675,3.5847008321235236,1.0,2.0,P_AND_LIFT_TOP5
Mountain Air,ozonic,166,5777,118,0.7108433734939759,16.23361022417522,2.0,1.0,P_AND_LIFT_TOP5
Mountain Air,aromatic,166,54606,84,0.5060240963855421,1.2225718608970548,3.0,,P_TOP5
Mountain Air,woody,166,81432,81,0.4879518072289157,0.790542807836119,4.0,,P_TOP5
Mountain Air,fresh spicy,166,47271,69,0.41566265060240964,1.1600849039363648,5.0,,P_TOP5
Mountain Air,aquatic,166,8872,38,0.2289156626506024,3.404062598455137,,3.0,LIFT_TOP5
Mountain Air,green,166,29755,56,0.3373493975903614,1.4957656200334863,,4.0,LIFT_TOP5
Mountain Air,earthy,166,19049,31,0.18674698795180722,1.2933765615245907,,5.0,LIFT_TOP5
Mugwort,woody,67,81432,51,0.7611940298507462,1.233229300007478,1.0,5.0,P_AND_LIFT_TOP5
Mugwort,aromatic,67,54606,45,0.6716417910447762,1.6227099859454512,2.0,1.0,P_AND_LIFT_TOP5
Mugwort,fresh spicy,67,47271,35,0.5223880597014925,1.4579479324832965,3.0,2.0,P_AND_LIFT_TOP5
Mugwort,citrus,67,59969,32,0.47761194029850745,1.0507319328916955,4.0,,P_TOP5
Mugwort,warm spicy,67,45319,31,0.4626865671641791,1.3469458462448454,5.0,3.0,P_AND_LIFT_TOP5
Mugwort,amber,67,45478,30,0.44776119402985076,1.2989387028532084,,4.0,LIFT_TOP5
Mushroom,earthy,128,19049,114,0.890625,6.168311000577458,1.0,2.0,P_AND_LIFT_TOP5
Mushroom,woody,128,81432,98,0.765625,1.2404080244866882,2.0,,P_TOP5
Mushroom,aromatic,128,54606,69,0.5390625,1.3023937960114274,3.0,5.0,P_AND_LIFT_TOP5
Mushroom,mossy,128,6173,68,0.53125,11.353930422809007,4.0,1.0,P_AND_LIFT_TOP5
Mushroom,green,128,29755,54,0.421875,1.8705417156780373,5.0,3.0,P_AND_LIFT_TOP5
Mushroom,balsamic,128,18162,28,0.21875,1.589014838674155,,4.0,LIFT_TOP5
Musk,powdery,49244,62885,32661,0.663248314515474,1.3914661705339346,1.0,2.0,P_AND_LIFT_TOP5
Musk,woody,49244,81432,31022,0.6299650718869304,1.020622015105152,2.0,,P_TOP5
Musk,musky,49244,41154,30302,0.6153440012996507,1.972647472699201,3.0,1.0,P_AND_LIFT_TOP5
Musk,citrus,49244,59969,24828,0.5041832507513606,1.1091880183365905,4.0,,P_TOP5
Musk,sweet,49244,60625,23175,0.4706157095280643,1.0241374112665984,5.0,,P_TOP5
Musk,white floral,49244,39497,17841,0.3622979449273008,1.210167047478512,,3.0,LIFT_TOP5
Musk,rose,49244,25617,11097,0.2253472504264479,1.1605598918203253,,4.0,LIFT_TOP5
Musk,violet,49244,7614,3285,0.06670863455446349,1.155879978561908,,5.0,LIFT_TOP5
Musk Mallow,floral,58,46586,45,0.7758620689655172,2.1972155316751962,1.0,1.0,P_AND_LIFT_TOP5
Musk Mallow,musky,58,41154,39,0.6724137931034483,2.155599740587499,2.0,2.0,P_AND_LIFT_TOP5
Musk Mallow,aromatic,58,54606,31,0.5344827586206896,1.2913289811527595,3.0,3.0,P_AND_LIFT_TOP5
Musk Mallow,woody,58,81432,31,0.5344827586206896,0.8659287546029519,4.0,,P_TOP5
Musk Mallow,powdery,58,62885,29,0.5,1.048978293710742,5.0,,P_TOP5
Musk Mallow,fresh spicy,58,47271,22,0.3793103448275862,1.0586282031923049,,4.0,LIFT_TOP5
Musk Mallow,fruity,58,43222,20,0.3448275862068966,1.0525450800119351,,5.0,LIFT_TOP5
Myrhh,amber,477,45478,424,0.8888888888888888,2.5786338693678506,1.0,3.0,P_AND_LIFT_TOP5
Myrhh,warm spicy,477,45319,366,0.7672955974842768,2.233705690242517,2.0,4.0,P_AND_LIFT_TOP5
Myrhh,woody,477,81432,338,0.7085953878406709,1.1480129373934045,3.0,,P_TOP5
Myrhh,aromatic,477,54606,285,0.5974842767295597,1.4435428456384063,4.0,,P_TOP5
Myrhh,balsamic,477,18162,264,0.5534591194968553,4.020364587337305,5.0,1.0,P_AND_LIFT_TOP5
Myrhh,smoky,477,7407,70,0.14675052410901468,2.613851308991806,,2.0,LIFT_TOP5
Myrhh,cinnamon,477,4259,32,0.06708595387840671,2.0781051643996706,,5.0,LIFT_TOP5
Myrrh,amber,2709,45478,2388,0.8815060908084164,2.557216644539214,1.0,4.0,P_AND_LIFT_TOP5
Myrrh,warm spicy,2709,45319,2074,0.7655961609449982,2.228758390817838,2.0,5.0,P_AND_LIFT_TOP5
Myrrh,woody,2709,81432,1930,0.7124400147655962,1.154241712693107,3.0,,P_TOP5
Myrrh,aromatic,2709,54606,1548,0.5714285714285714,1.3805913531218443,4.0,,P_TOP5
Myrrh,balsamic,2709,18162,1473,0.5437430786267996,3.9497866073798957,5.0,1.0,P_AND_LIFT_TOP5
Myrrh,beeswax,2709,349,21,0.007751937984496124,2.9304102529930476,,2.0,LIFT_TOP5
Myrrh,smoky,2709,7407,397,0.14654854189737912,2.610253696843692,,3.0,LIFT_TOP5
Myrtle,aromatic,502,54606,452,0.900398406374502,2.1753939448593202,1.0,5.0,P_AND_LIFT_TOP5
Myrtle,fresh spicy,502,47271,393,0.7828685258964143,2.1849303932963964,2.0,4.0,P_AND_LIFT_TOP5
Myrtle,woody,502,81432,366,0.7290836653386454,1.1812065031944137,3.0,,P_TOP5
Myrtle,herbal,502,8607,275,0.547808764940239,8.396933932678719,4.0,1.0,P_AND_LIFT_TOP5
Myrtle,citrus,502,59969,253,0.5039840637450199,1.1087498129013402,5.0,,P_TOP5
Myrtle,marine,502,4326,90,0.17928286852589642,5.467588729685972,,2.0,LIFT_TOP5
Myrtle,salty,502,2520,37,0.07370517928286853,3.8587001201543036,,3.0,LIFT_TOP5
Mysore Sandalwood,woody,312,81432,172,0.5512820512820513,0.8931457047062705,1.0,,P_TOP5
Mysore Sandalwood,amber,312,45478,166,0.532051282051282,1.543461138155276,2.0,,P_TOP5
Mysore Sandalwood,aromatic,312,54606,146,0.46794871794871795,1.1305804189827924,3.0,,P_TOP5
Mysore Sandalwood,warm spicy,312,45319,145,0.46474358974358976,1.3529341290600365,4.0,,P_TOP5
Mysore Sandalwood,powdery,312,62885,135,0.4326923076923077,0.9077696772496804,5.0,,P_TOP5
Mysore Sandalwood,oud,312,8298,47,0.15064102564102563,2.395043445748435,,1.0,LIFT_TOP5
Mysore Sandalwood,iris,312,7451,42,0.1346153846153846,2.3835468651600715,,2.0,LIFT_TOP5
Mysore Sandalwood,tobacco,312,4372,23,0.07371794871794872,2.2245217233209,,3.0,LIFT_TOP5
Mysore Sandalwood,animalic,312,18242,83,0.266025641025641,1.923953668485518,,4.0,LIFT_TOP5
Mysore Sandalwood,smoky,312,7407,31,0.09935897435897435,1.7697353162116225,,5.0,LIFT_TOP5
Nagarmotha,woody,168,81432,160,0.9523809523809523,1.5429759682633246,1.0,,P_TOP5
Nagarmotha,earthy,168,19049,100,0.5952380952380952,4.122513617762713,2.0,2.0,P_AND_LIFT_TOP5
Nagarmotha,amber,168,45478,96,0.5714285714285714,1.6576932017364754,3.0,5.0,P_AND_LIFT_TOP5
Nagarmotha,warm spicy,168,45319,87,0.5178571428571429,1.5075551723811835,4.0,,P_TOP5
Nagarmotha,aromatic,168,54606,68,0.40476190476190477,0.977918875127973,5.0,,P_TOP5
Nagarmotha,oud,168,8298,46,0.27380952380952384,4.3533008527585535,,1.0,LIFT_TOP5
Nagarmotha,leather,168,10809,48,0.2857142857142857,3.487305552251431,,3.0,LIFT_TOP5
Nagarmotha,smoky,168,7407,28,0.16666666666666666,2.9685882723549795,,4.0,LIFT_TOP5
Narcissus,green,1378,29755,875,0.634978229317852,2.8154151501900255,1.0,3.0,P_AND_LIFT_TOP5
Narcissus,woody,1378,81432,835,0.6059506531204645,0.9817156605042596,2.0,,P_TOP5
Narcissus,yellow floral,1378,6986,777,0.5638606676342526,10.648459473373451,3.0,1.0,P_AND_LIFT_TOP5
Narcissus,floral,1378,46586,767,0.5566037735849056,1.5762833436881596,4.0,,P_TOP5
Narcissus,white floral,1378,39497,703,0.5101596516690856,1.7040626590551806,5.0,,P_TOP5
Narcissus,tuberose,1378,3931,143,0.10377358490566038,3.482790398525508,,2.0,LIFT_TOP5
Narcissus,aldehydic,1378,3556,99,0.07184325108853411,2.6654331035180836,,4.0,LIFT_TOP5
Narcissus,tobacco,1378,4372,86,0.062409288824383166,1.883270236642468,,5.0,LIFT_TOP5
Nard Himalayan (Jatamansi),fresh spicy,150,47271,113,0.7533333333333333,2.1024997708249598,1.0,4.0,P_AND_LIFT_TOP5
Nard Himalayan (Jatamansi),woody,150,81432,110,0.7333333333333333,1.18809149556276,2.0,,P_TOP5
Nard Himalayan (Jatamansi),earthy,150,19049,100,0.6666666666666666,4.617215251894238,3.0,2.0,P_AND_LIFT_TOP5
Nard Himalayan (Jatamansi),aromatic,150,54606,100,0.6666666666666666,1.610689911975485,4.0,,P_TOP5
Nard Himalayan (Jatamansi),amber,150,45478,82,0.5466666666666666,1.585859829661228,5.0,,P_TOP5
Nard Himalayan (Jatamansi),herbal,150,8607,73,0.4866666666666667,7.459734324774408,,1.0,LIFT_TOP5
Nard Himalayan (Jatamansi),oud,150,8298,39,0.26,4.133743070619427,,3.0,LIFT_TOP5
Nard Himalayan (Jatamansi),balsamic,150,18162,43,0.2866666666666667,2.082366112395845,,5.0,LIFT_TOP5
Nashi Pear,fruity,78,43222,65,0.8333333333333334,2.5436506100288434,1.0,2.0,P_AND_LIFT_TOP5
Nashi Pear,white floral,78,39497,44,0.5641025641025641,1.884245671368744,2.0,3.0,P_AND_LIFT_TOP5
Nashi Pear,floral,78,46586,44,0.5641025641025641,1.5975196686139888,3.0,,P_TOP5
Nashi Pear,musky,78,41154,41,0.5256410256410257,1.685080928046375,4.0,5.0,P_AND_LIFT_TOP5
Nashi Pear,citrus,78,59969,39,0.5,1.0999849922459937,5.0,,P_TOP5
Nashi Pear,aquatic,78,8872,38,0.48717948717948717,7.244543478763497,,1.0,LIFT_TOP5
Nashi Pear,fresh,78,33478,37,0.47435897435897434,1.8693523952201292,,4.0,LIFT_TOP5
Natural Musk,musky,298,41154,218,0.7315436241610739,2.345156007570843,1.0,3.0,P_AND_LIFT_TOP5
Natural Musk,powdery,298,62885,183,0.6140939597315436,1.2883424681145352,2.0,,P_TOP5
Natural Musk,woody,298,81432,178,0.5973154362416108,0.967725531773206,3.0,,P_TOP5
Natural Musk,amber,298,45478,144,0.48322147651006714,1.4018076739516503,4.0,,P_TOP5
Natural Musk,floral,298,46586,133,0.4463087248322148,1.2639314400702806,5.0,,P_TOP5
Natural Musk,oud,298,8298,77,0.25838926174496646,4.108133924079708,,1.0,LIFT_TOP5
Natural Musk,animalic,298,18242,129,0.43288590604026844,3.1307223760493708,,2.0,LIFT_TOP5
Natural Musk,leather,298,10809,43,0.14429530201342283,1.7612063275632226,,4.0,LIFT_TOP5
Natural Musk,yellow floral,298,6986,25,0.08389261744966443,1.584304755243949,,5.0,LIFT_TOP5
Nectar,sweet,96,60625,73,0.7604166666666666,1.6547920962199312,1.0,3.0,P_AND_LIFT_TOP5
Nectar,fruity,96,43222,58,0.6041666666666666,1.8441466922709113,2.0,2.0,P_AND_LIFT_TOP5
Nectar,floral,96,46586,56,0.5833333333333334,1.6519805664076475,3.0,4.0,P_AND_LIFT_TOP5
Nectar,powdery,96,62885,50,0.5208333333333334,1.0926857226153561,4.0,,P_TOP5
Nectar,white floral,96,39497,39,0.40625,1.3569780616249336,5.0,,P_TOP5
Nectar,lactonic,96,7015,23,0.23958333333333334,4.5058060109289615,,1.0,LIFT_TOP5
Nectar,vanilla,96,34562,36,0.375,1.4314492795555813,,5.0,LIFT_TOP5
Nectarine,sweet,577,60625,506,0.8769497400346621,1.9083872858189355,1.0,5.0,P_AND_LIFT_TOP5
Nectarine,fruity,577,43222,473,0.8197573656845754,2.5022115879590494,2.0,1.0,P_AND_LIFT_TOP5
Nectarine,powdery,577,62885,468,0.8110918544194108,1.7016354989831097,3.0,,P_TOP5
Nectarine,fresh,577,33478,356,0.6169844020797227,2.431410244530074,4.0,2.0,P_AND_LIFT_TOP5
Nectarine,floral,577,46586,323,0.5597920277296361,1.5853123732102108,5.0,,P_TOP5
Nectarine,tropical,577,6512,66,0.11438474870017332,2.317380205161834,,3.0,LIFT_TOP5
Nectarine,coconut,577,3269,32,0.05545927209705372,2.238220179799418,,4.0,LIFT_TOP5
Neroli,citrus,6490,59969,5048,0.7778120184899846,1.7111630942550928,1.0,4.0,P_AND_LIFT_TOP5
Neroli,woody,6490,81432,4097,0.6312788906009245,1.0227505653426168,2.0,,P_TOP5
Neroli,white floral,6490,39497,4072,0.6274268104776579,2.095764718999352,3.0,2.0,P_AND_LIFT_TOP5
Neroli,aromatic,6490,54606,3634,0.5599383667180278,1.3528306179011353,4.0,,P_TOP5
Neroli,fresh spicy,6490,47271,3313,0.5104776579352851,1.4247068479914144,5.0,,P_TOP5
Neroli,soapy,6490,1720,272,0.041910631741140215,3.2146916544236213,,1.0,LIFT_TOP5
Neroli,tuberose,6490,3931,348,0.05362095531587057,1.7995961930355646,,3.0,LIFT_TOP5
Neroli,beeswax,6490,349,29,0.004468412942989214,1.6891625202537737,,5.0,LIFT_TOP5
Nigerian Ginger,fresh spicy,54,47271,50,0.9259259259259259,2.584193425301081,1.0,4.0,P_AND_LIFT_TOP5
Nigerian Ginger,fresh,54,33478,45,0.8333333333333334,3.283997451062389,2.0,2.0,P_AND_LIFT_TOP5
Nigerian Ginger,woody,54,81432,44,0.8148148148148148,1.3201016617363999,3.0,,P_TOP5
Nigerian Ginger,citrus,54,59969,43,0.7962962962962963,1.75182795061399,4.0,,P_TOP5
Nigerian Ginger,amber,54,45478,40,0.7407407407407407,2.148861557806542,5.0,5.0,P_AND_LIFT_TOP5
Nigerian Ginger,cinnamon,54,4259,21,0.3888888888888889,12.04651587487934,,1.0,LIFT_TOP5
Nigerian Ginger,green,54,29755,36,0.6666666666666666,2.955917772923318,,3.0,LIFT_TOP5
Night Blooming Jasmine,sweet,157,60625,123,0.7834394904458599,1.7048935583426357,1.0,4.0,P_AND_LIFT_TOP5
Night Blooming Jasmine,fruity,157,43222,119,0.7579617834394905,2.313587943389292,2.0,3.0,P_AND_LIFT_TOP5
Night Blooming Jasmine,white floral,157,39497,116,0.7388535031847133,2.4679581404957145,3.0,2.0,P_AND_LIFT_TOP5
Night Blooming Jasmine,woody,157,81432,87,0.554140127388535,0.8977761445914312,4.0,,P_TOP5
Night Blooming Jasmine,powdery,157,62885,63,0.4012738853503185,0.8418551911309138,5.0,,P_TOP5
Night Blooming Jasmine,honey,157,3467,21,0.1337579617834395,5.089901326244353,,1.0,LIFT_TOP5
Night Blooming Jasmine,leather,157,10809,20,0.12738853503184713,1.5548496092840773,,5.0,LIFT_TOP5
Night blooming Cereus,white floral,63,39497,51,0.8095238095238095,2.704014892029172,1.0,1.0,P_AND_LIFT_TOP5
Night blooming Cereus,sweet,63,60625,44,0.6984126984126984,1.5198612338406152,2.0,3.0,P_AND_LIFT_TOP5
Night blooming Cereus,woody,63,81432,39,0.6190476190476191,1.002934379371161,3.0,,P_TOP5
Night blooming Cereus,floral,63,46586,36,0.5714285714285714,1.6182666772972873,4.0,2.0,P_AND_LIFT_TOP5
Night blooming Cereus,powdery,63,62885,28,0.4444444444444444,0.9324251499651038,5.0,,P_TOP5
Night blooming Cereus,vanilla,63,34562,22,0.3492063492063492,1.3329898053004354,,4.0,LIFT_TOP5
Night blooming Cereus,fruity,63,43222,26,0.4126984126984127,1.2597126830619034,,5.0,LIFT_TOP5
Nutmeg,fresh spicy,6277,47271,5342,0.8510434921140673,2.375201876723761,1.0,2.0,P_AND_LIFT_TOP5
Nutmeg,woody,6277,81432,4900,0.7806276883861717,1.2647142515078549,2.0,,P_TOP5
Nutmeg,aromatic,6277,54606,4022,0.6407519515692209,1.548079056706723,3.0,5.0,P_AND_LIFT_TOP5
Nutmeg,warm spicy,6277,45319,3720,0.5926397960809304,1.7252580219545255,4.0,4.0,P_AND_LIFT_TOP5
Nutmeg,citrus,6277,59969,3254,0.518400509797674,1.1404655615002275,5.0,,P_TOP5
Nutmeg,cinnamon,6277,4259,589,0.09383463437948064,2.906692489712346,,1.0,LIFT_TOP5
Nutmeg,lavender,6277,8336,767,0.12219212999840688,1.9338780842958037,,3.0,LIFT_TOP5
Nutty Notes,sweet,87,60625,65,0.7471264367816092,1.6258703637871785,1.0,4.0,P_AND_LIFT_TOP5
Nutty Notes,woody,87,81432,57,0.6551724137931034,1.061461054029425,2.0,,P_TOP5
Nutty Notes,nutty,87,3619,53,0.6091954022988506,22.208109816326985,3.0,1.0,P_AND_LIFT_TOP5
Nutty Notes,warm spicy,87,45319,49,0.5632183908045977,1.639608162114137,4.0,3.0,P_AND_LIFT_TOP5
Nutty Notes,vanilla,87,34562,45,0.5172413793103449,1.9744127993870086,5.0,2.0,P_AND_LIFT_TOP5
Nutty Notes,amber,87,45478,39,0.4482758620689655,1.3004317358449937,,5.0,LIFT_TOP5
Oak,woody,1095,81432,1038,0.947945205479452,1.5357895048494954,1.0,,P_TOP5
Oak,aromatic,1095,54606,670,0.6118721461187214,1.4783044397583218,2.0,,P_TOP5
Oak,warm spicy,1095,45319,558,0.5095890410958904,1.4834855621655558,3.0,,P_TOP5
Oak,sweet,1095,60625,558,0.5095890410958904,1.108949809348962,4.0,,P_TOP5
Oak,amber,1095,45478,494,0.4511415525114155,1.3087449980832722,5.0,,P_TOP5
Oak,wine,1095,236,24,0.021917808219178082,12.2526120269329,,1.0,LIFT_TOP5
Oak,whiskey,1095,808,63,0.057534246575342465,9.394174691441746,,2.0,LIFT_TOP5
Oak,rum,1095,1166,64,0.058447488584474884,6.613187966509238,,3.0,LIFT_TOP5
Oak,cinnamon,1095,4259,108,0.09863013698630137,3.0552415995780087,,4.0,LIFT_TOP5
Oak,tobacco,1095,4372,99,0.09041095890410959,2.7282520146887417,,5.0,LIFT_TOP5
Oakmoss,woody,8737,81432,7130,0.8160695891038113,1.3221345526385921,1.0,,P_TOP5
Oakmoss,aromatic,8737,54606,5237,0.5994048300331922,1.4481829693857642,2.0,,P_TOP5
Oakmoss,earthy,8737,19049,4643,0.5314181069016825,3.6805076824788165,3.0,2.0,P_AND_LIFT_TOP5
Oakmoss,citrus,8737,59969,4561,0.5220327343481744,1.1484563464882631,4.0,,P_TOP5
Oakmoss,fresh spicy,8737,47271,4132,0.47293121208652855,1.3199173872051726,5.0,,P_TOP5
Oakmoss,mossy,8737,6173,3780,0.4326427835641525,9.246486705915865,,1.0,LIFT_TOP5
Oakmoss,lavender,8737,8336,910,0.10415474419137004,1.6484087573377457,,3.0,LIFT_TOP5
Oakmoss,conifer,8737,1828,186,0.021288771889664646,1.5364484001113001,,4.0,LIFT_TOP5
Oakmoss,leather,8737,10809,1070,0.12246766624699554,1.4947876036604792,,5.0,LIFT_TOP5
Oily Notes,sweet,240,60625,167,0.6958333333333333,1.5142481099656357,1.0,,P_TOP5
Oily Notes,oily,240,132,132,0.55,549.7083333333334,2.0,1.0,P_AND_LIFT_TOP5
Oily Notes,fruity,240,43222,107,0.44583333333333336,1.3608530763654312,3.0,,P_TOP5
Oily Notes,vanilla,240,34562,106,0.44166666666666665,1.6859291514765735,4.0,,P_TOP5
Oily Notes,powdery,240,62885,83,0.3458333333333333,0.7255433198165965,5.0,,P_TOP5
Oily Notes,coconut,240,3269,79,0.32916666666666666,13.284477923931885,,2.0,LIFT_TOP5
Oily Notes,nutty,240,3619,42,0.175,6.379593810444875,,3.0,LIFT_TOP5
Oily Notes,lactonic,240,7015,70,0.2916666666666667,5.485329056783084,,4.0,LIFT_TOP5
Oily Notes,tropical,240,6512,49,0.20416666666666666,4.136318847256347,,5.0,LIFT_TOP5
Olibanum,amber,3213,45478,2753,0.8568316215375039,2.485636919597231,1.0,1.0,P_AND_LIFT_TOP5
Olibanum,woody,3213,81432,2612,0.8129474011826953,1.3170762186613738,2.0,,P_TOP5
Olibanum,fresh spicy,3213,47271,2272,0.7071272953625894,1.9735420041290945,3.0,,P_TOP5
Olibanum,warm spicy,3213,45319,2177,0.6775599128540305,1.9724724575306658,4.0,,P_TOP5
Olibanum,aromatic,3213,54606,1884,0.5863678804855276,1.416685244706729,5.0,,P_TOP5
Olibanum,balsamic,3213,18162,998,0.31061313414254593,2.2563148765238457,,2.0,LIFT_TOP5
Olibanum,oud,3213,8298,454,0.1413009648303766,2.2465457086131098,,3.0,LIFT_TOP5
Olibanum,leather,3213,10809,571,0.17771553065670712,2.1691192487315543,,4.0,LIFT_TOP5
Olibanum,smoky,3213,7407,361,0.11235605353252412,2.0012331770684364,,5.0,LIFT_TOP5
Olive,aromatic,169,54606,137,0.8106508875739645,1.9585608101240364,1.0,3.0,P_AND_LIFT_TOP5
Olive,woody,169,81432,106,0.6272189349112426,1.016172930578154,2.0,,P_TOP5
Olive,sweet,169,60625,72,0.4260355029585799,0.927123528335265,3.0,,P_TOP5
Olive,warm spicy,169,45319,69,0.40828402366863903,1.1885723701450506,4.0,5.0,P_AND_LIFT_TOP5
Olive,fresh spicy,169,47271,66,0.3905325443786982,1.0899485642334974,5.0,,P_TOP5
Olive,bitter,169,1034,53,0.3136094674556213,40.0140203495359,,1.0,LIFT_TOP5
Olive,herbal,169,8607,29,0.17159763313609466,2.630286480730216,,2.0,LIFT_TOP5
Olive,green,169,29755,55,0.3254437869822485,1.4429776110424481,,4.0,LIFT_TOP5
Olive Blossom,floral,60,46586,46,0.7666666666666667,2.1711744587071937,1.0,1.0,P_AND_LIFT_TOP5
Olive Blossom,citrus,60,59969,44,0.7333333333333333,1.6133113219607909,2.0,2.0,P_AND_LIFT_TOP5
Olive Blossom,woody,60,81432,41,0.6833333333333333,1.1070852572289354,3.0,4.0,P_AND_LIFT_TOP5
Olive Blossom,aromatic,60,54606,38,0.6333333333333333,1.5301554163767108,4.0,3.0,P_AND_LIFT_TOP5
Olive Blossom,sweet,60,60625,27,0.45,0.9792742268041237,5.0,,P_TOP5
Olive Blossom,fresh spicy,60,47271,22,0.36666666666666664,1.0233405964192281,,5.0,LIFT_TOP5
Olive Tree,woody,136,81432,124,0.9117647058823529,1.4771725813815064,1.0,3.0,P_AND_LIFT_TOP5
Olive Tree,aromatic,136,54606,90,0.6617647058823529,1.5988466037991946,2.0,2.0,P_AND_LIFT_TOP5
Olive Tree,citrus,136,59969,83,0.6102941176470589,1.3426287405355513,3.0,,P_TOP5
Olive Tree,powdery,136,62885,67,0.49264705882352944,1.0335521423326426,4.0,,P_TOP5
Olive Tree,warm spicy,136,45319,63,0.4632352941176471,1.3485432677892535,5.0,5.0,P_AND_LIFT_TOP5
Olive Tree,cinnamon,136,4259,29,0.21323529411764705,6.605337486015773,,1.0,LIFT_TOP5
Olive Tree,green,136,29755,42,0.3088235294117647,1.3692854389277136,,4.0,LIFT_TOP5
Oolong tea,aromatic,85,54606,78,0.9176470588235294,2.21706729060155,1.0,2.0,P_AND_LIFT_TOP5
Oolong tea,warm spicy,85,45319,53,0.6235294117647059,1.8151820493417252,2.0,3.0,P_AND_LIFT_TOP5
Oolong tea,woody,85,81432,51,0.6,0.9720748600058945,3.0,,P_TOP5
Oolong tea,floral,85,46586,42,0.49411764705882355,1.3993247150747132,4.0,,P_TOP5
Oolong tea,fresh spicy,85,47271,38,0.4470588235294118,1.2477093902865455,5.0,,P_TOP5
Oolong tea,smoky,85,7407,27,0.3176470588235294,5.65778000142949,,1.0,LIFT_TOP5
Oolong tea,earthy,85,19049,22,0.25882352941176473,1.7925659213236451,,4.0,LIFT_TOP5
Oolong tea,green,85,29755,30,0.35294117647058826,1.5648976444888156,,5.0,LIFT_TOP5
Opium,floral,69,46586,58,0.8405797101449275,2.3804937354445603,1.0,2.0,P_AND_LIFT_TOP5
Opium,sweet,69,60625,55,0.7971014492753623,1.7346242342746152,2.0,3.0,P_AND_LIFT_TOP5
Opium,balsamic,69,18162,47,0.6811594202898551,4.947988234712068,3.0,1.0,P_AND_LIFT_TOP5
Opium,amber,69,45478,39,0.5652173913043478,1.6396747973697745,4.0,4.0,P_AND_LIFT_TOP5
Opium,powdery,69,62885,36,0.5217391304347826,1.0945860456112089,5.0,,P_TOP5
Opium,warm spicy,69,45319,29,0.42028985507246375,1.2235230384542939,,5.0,LIFT_TOP5
Opoponax,amber,1010,45478,857,0.8485148514851485,2.46151027653889,1.0,2.0,P_AND_LIFT_TOP5
Opoponax,woody,1010,81432,765,0.7574257425742574,1.2271242044628865,2.0,,P_TOP5
Opoponax,sweet,1010,60625,700,0.693069306930693,1.5082331325916096,3.0,,P_TOP5
Opoponax,balsamic,1010,18162,638,0.6316831683168317,4.588589384210968,4.0,1.0,P_AND_LIFT_TOP5
Opoponax,warm spicy,1010,45319,544,0.5386138613861386,1.5679809071840347,5.0,5.0,P_AND_LIFT_TOP5
Opoponax,smoky,1010,7407,137,0.13564356435643565,2.4160193662136566,,3.0,LIFT_TOP5
Opoponax,yellow floral,1010,6986,84,0.08316831683168317,1.5706264013174864,,4.0,LIFT_TOP5
Orange,citrus,8200,59969,6965,0.849390243902439,1.8686330417056942,1.0,3.0,P_AND_LIFT_TOP5
Orange,woody,8200,81432,5205,0.6347560975609756,1.0283840744574555,2.0,,P_TOP5
Orange,sweet,8200,60625,5120,0.624390243902439,1.358776162936887,3.0,4.0,P_AND_LIFT_TOP5
Orange,fresh spicy,8200,47271,3981,0.48548780487804877,1.3549619449040844,4.0,5.0,P_AND_LIFT_TOP5
Orange,powdery,8200,62885,3889,0.4742682926829268,0.9949942888392865,5.0,,P_TOP5
Orange,terpenic,8200,557,146,0.017804878048780486,4.217230809651005,,1.0,LIFT_TOP5
Orange,aldehydic,8200,3556,463,0.05646341463414634,2.094830790968202,,2.0,LIFT_TOP5
Orange Blossom,white floral,11479,39497,9381,0.8172314661555885,2.7297604205359085,1.0,3.0,P_AND_LIFT_TOP5
Orange Blossom,citrus,11479,59969,8227,0.7167000609809216,1.5767186220416047,2.0,,P_TOP5
Orange Blossom,sweet,11479,60625,7669,0.6680895548392717,1.4538730716691979,3.0,,P_TOP5
Orange Blossom,woody,11479,81432,6711,0.5846328077358655,0.9471780912244908,4.0,,P_TOP5
Orange Blossom,powdery,11479,62885,5669,0.49385835003049045,1.0360933786995723,5.0,,P_TOP5
Orange Blossom,soapy,11479,1720,829,0.07221883439323983,5.539436524127983,,1.0,LIFT_TOP5
Orange Blossom,tuberose,11479,3931,936,0.08154020385050963,2.7366062309839063,,2.0,LIFT_TOP5
Orange Blossom,honey,11479,3467,498,0.04338356999738653,1.6508781049192978,,4.0,LIFT_TOP5
Orange Blossom,yellow floral,11479,6986,993,0.0865057931875599,1.633654350878153,,5.0,LIFT_TOP5
Orange Leaf,citrus,66,59969,51,0.7727272727272727,1.699976806198354,1.0,4.0,P_AND_LIFT_TOP5
Orange Leaf,aromatic,66,54606,48,0.7272727272727273,1.75711626760962,2.0,3.0,P_AND_LIFT_TOP5
Orange Leaf,woody,66,81432,43,0.6515151515151515,1.0555358328346833,3.0,,P_TOP5
Orange Leaf,green,66,29755,40,0.6060606060606061,2.687197975384835,4.0,1.0,P_AND_LIFT_TOP5
Orange Leaf,white floral,66,39497,36,0.5454545454545454,1.821956558265645,5.0,2.0,P_AND_LIFT_TOP5
Orange Leaf,fresh spicy,66,47271,36,0.5454545454545454,1.5223248541773642,,5.0,LIFT_TOP5
Orange Oil,citrus,89,59969,76,0.8539325842696629,1.8786260541729332,1.0,1.0,P_AND_LIFT_TOP5
Orange Oil,sweet,89,60625,62,0.6966292134831461,1.5159800764508282,2.0,3.0,P_AND_LIFT_TOP5
Orange Oil,woody,89,81432,55,0.6179775280898876,1.0012006985079438,3.0,,P_TOP5
Orange Oil,fresh spicy,89,47271,50,0.5617977528089888,1.5679375838905436,4.0,2.0,P_AND_LIFT_TOP5
Orange Oil,aromatic,89,54606,40,0.449438202247191,1.0858583676239224,5.0,,P_TOP5
Orange Oil,fresh,89,33478,30,0.33707865168539325,1.328358519530854,,4.0,LIFT_TOP5
Orange Oil,vanilla,89,34562,28,0.3146067415730337,1.2009162495147947,,5.0,LIFT_TOP5
Orange Peel,citrus,166,59969,132,0.7951807228915663,1.7493737226080865,1.0,2.0,P_AND_LIFT_TOP5
Orange Peel,sweet,166,60625,113,0.6807228915662651,1.4813652962364923,2.0,3.0,P_AND_LIFT_TOP5
Orange Peel,woody,166,81432,91,0.5481927710843374,0.888140685346751,3.0,,P_TOP5
Orange Peel,fresh spicy,166,47271,78,0.46987951807228917,1.3114003261889342,4.0,5.0,P_AND_LIFT_TOP5
Orange Peel,aromatic,166,54606,68,0.40963855421686746,0.9897010302499968,5.0,,P_TOP5
Orange Peel,aldehydic,166,3556,20,0.12048192771084337,4.469960833209102,,1.0,LIFT_TOP5
Orange Peel,vanilla,166,34562,63,0.3795180722891566,1.4486956564176967,,4.0,LIFT_TOP5
Orcanox™,woody,106,81432,74,0.6981132075471698,1.1310304974911352,1.0,,P_TOP5
Orcanox™,sweet,106,60625,51,0.4811320754716981,1.0470227582182454,2.0,,P_TOP5
Orcanox™,aromatic,106,54606,49,0.46226415094339623,1.1168463068886618,3.0,,P_TOP5
Orcanox™,warm spicy,106,45319,48,0.4528301886792453,1.3182525385037804,4.0,2.0,P_AND_LIFT_TOP5
Orcanox™,citrus,106,59969,46,0.4339622641509434,0.9547039555342587,5.0,,P_TOP5
Orcanox™,balsamic,106,18162,22,0.20754716981132076,1.5076367202514893,,1.0,LIFT_TOP5
Orcanox™,fruity,106,43222,45,0.42452830188679247,1.2958220088826182,,3.0,LIFT_TOP5
Orcanox™,floral,106,46586,45,0.42452830188679247,1.202250007897749,,4.0,LIFT_TOP5
Orcanox™,amber,106,45478,43,0.4056603773584906,1.1768057870817903,,5.0,LIFT_TOP5
Orchid,floral,2814,46586,2306,0.8194740582800284,2.320723232492254,1.0,2.0,P_AND_LIFT_TOP5
Orchid,sweet,2814,60625,2237,0.7949538024164889,1.7299506004586787,2.0,4.0,P_AND_LIFT_TOP5
Orchid,powdery,2814,62885,2133,0.7579957356076759,1.590242146755517,3.0,,P_TOP5
Orchid,woody,2814,81432,1616,0.574271499644634,0.9303914793707211,4.0,,P_TOP5
Orchid,fruity,2814,43222,1347,0.47867803837953093,1.4611076211978047,5.0,,P_TOP5
Orchid,lactonic,2814,7015,395,0.14036958066808813,2.6399085926644146,,1.0,LIFT_TOP5
Orchid,chocolate,2814,1554,72,0.0255863539445629,2.1722057116513405,,3.0,LIFT_TOP5
Orchid,tropical,2814,6512,234,0.08315565031982942,1.6846936343205,,5.0,LIFT_TOP5
Oregano,fresh spicy,233,47271,196,0.8412017167381974,2.3477341814065786,1.0,4.0,P_AND_LIFT_TOP5
Oregano,aromatic,233,54606,192,0.8240343347639485,1.9908956851885824,2.0,,P_TOP5
Oregano,woody,233,81432,186,0.7982832618025751,1.293318483269645,3.0,,P_TOP5
Oregano,warm spicy,233,45319,126,0.5407725321888412,1.574265102311918,4.0,,P_TOP5
Oregano,amber,233,45478,116,0.4978540772532189,1.4442563088090323,5.0,,P_TOP5
Oregano,herbal,233,8607,66,0.2832618025751073,4.3418995717130136,,1.0,LIFT_TOP5
Oregano,smoky,233,7407,47,0.2017167381974249,3.5928836601034515,,2.0,LIFT_TOP5
Oregano,leather,233,10809,58,0.24892703862660945,3.038296253678285,,3.0,LIFT_TOP5
Oregano,oud,233,8298,32,0.13733905579399142,2.18355527005318,,5.0,LIFT_TOP5
Oriental notes,warm spicy,451,45319,430,0.9534368070953437,2.775589001524497,1.0,1.0,P_AND_LIFT_TOP5
Oriental notes,amber,451,45478,424,0.9401330376940134,2.727291254298148,2.0,2.0,P_AND_LIFT_TOP5
Oriental notes,musky,451,41154,326,0.7228381374722838,2.3172482742070857,3.0,3.0,P_AND_LIFT_TOP5
Oriental notes,woody,451,81432,234,0.5188470066518847,0.8405968855926804,4.0,,P_TOP5
Oriental notes,floral,451,46586,183,0.4057649667405765,1.1491128678591047,5.0,,P_TOP5
Oriental notes,oud,451,8298,63,0.13968957871396895,2.220926261717754,,4.0,LIFT_TOP5
Oriental notes,animalic,451,18242,88,0.1951219512195122,1.4111631961621667,,5.0,LIFT_TOP5
Orris,powdery,2380,62885,1872,0.7865546218487395,1.650157450274377,1.0,4.0,P_AND_LIFT_TOP5
Orris,woody,2380,81432,1760,0.7394957983193278,1.198075457710346,2.0,,P_TOP5
Orris,iris,2380,7451,1210,0.5084033613445378,9.00196691211715,3.0,1.0,P_AND_LIFT_TOP5
Orris,amber,2380,45478,968,0.40672268907563025,1.1798875141771383,4.0,,P_TOP5
Orris,aromatic,2380,54606,945,0.39705882352941174,0.9593079622795168,5.0,,P_TOP5
Orris,earthy,2380,19049,770,0.3235294117647059,2.2407074016545567,,2.0,LIFT_TOP5
Orris,leather,2380,10809,330,0.13865546218487396,1.6923688709455473,,3.0,LIFT_TOP5
Orris,violet,2380,7614,202,0.08487394957983194,1.4706356932055722,,5.0,LIFT_TOP5
Orris Root,woody,2137,81432,1672,0.7824052409920449,1.2675941085087004,1.0,,P_TOP5
Orris Root,powdery,2137,62885,1653,0.7735142723444081,1.6227993631294864,2.0,4.0,P_AND_LIFT_TOP5
Orris Root,floral,2137,46586,924,0.4323818437061301,1.2244909766914898,3.0,,P_TOP5
Orris Root,aromatic,2137,54606,917,0.42910622367805334,1.0367355984662048,4.0,,P_TOP5
Orris Root,iris,2137,7451,915,0.42817033224146,7.5813329663958955,5.0,1.0,P_AND_LIFT_TOP5
Orris Root,earthy,2137,19049,748,0.35002339728591486,2.424200052702543,,2.0,LIFT_TOP5
Orris Root,aldehydic,2137,3556,126,0.058961160505381374,2.187498848558764,,3.0,LIFT_TOP5
Orris Root,yellow floral,2137,6986,183,0.085634066448292,1.6171918675240715,,5.0,LIFT_TOP5
Osmanthus,floral,2850,46586,2336,0.8196491228070175,2.32121900940046,1.0,2.0,P_AND_LIFT_TOP5
Osmanthus,fruity,2850,43222,2084,0.7312280701754386,2.231986472126362,2.0,3.0,P_AND_LIFT_TOP5
Osmanthus,woody,2850,81432,1666,0.584561403508772,0.9470624074677311,3.0,,P_TOP5
Osmanthus,sweet,2850,60625,1295,0.4543859649122807,0.9888188099113764,4.0,,P_TOP5
Osmanthus,powdery,2850,62885,1273,0.44666666666666666,0.9370872757149293,5.0,,P_TOP5
Osmanthus,lactonic,2850,7015,439,0.15403508771929825,2.896913631191307,,1.0,LIFT_TOP5
Osmanthus,soft spicy,2850,13661,584,0.20491228070175438,1.978923738597647,,4.0,LIFT_TOP5
Osmanthus,tuberose,2850,3931,159,0.05578947368421053,1.8723747807575413,,5.0,LIFT_TOP5
Oud,oud,3780,8298,2539,0.6716931216931217,10.679256874544896,1.0,1.0,P_AND_LIFT_TOP5
Oud,woody,3780,81432,2484,0.6571428571428571,1.064653418101694,2.0,,P_TOP5
Oud,warm spicy,3780,45319,2260,0.5978835978835979,1.7405234684962834,3.0,,P_TOP5
Oud,amber,3780,45478,2125,0.5621693121693122,1.6308324322638936,4.0,,P_TOP5
Oud,fresh spicy,3780,47271,1747,0.4621693121693122,1.2898816897145682,5.0,,P_TOP5
Oud,metallic,3780,2235,272,0.07195767195767196,4.2475953742172985,,2.0,LIFT_TOP5
Oud,leather,3780,10809,984,0.26031746031746034,3.177322836495748,,3.0,LIFT_TOP5
Oud,smoky,3780,7407,594,0.15714285714285714,2.798954656791838,,4.0,LIFT_TOP5
Oud,cannabis,3780,388,29,0.007671957671957672,2.6086633393334426,,5.0,LIFT_TOP5
Ozonic notes,ozonic,1107,5777,847,0.7651309846431797,17.473382517565295,1.0,1.0,P_AND_LIFT_TOP5
Ozonic notes,woody,1107,81432,670,0.6052393857271906,0.9805633185846873,2.0,,P_TOP5
Ozonic notes,aromatic,1107,54606,590,0.5329719963866305,1.2876789269180706,3.0,,P_TOP5
Ozonic notes,citrus,1107,59969,516,0.46612466124661245,1.0254602637740429,4.0,,P_TOP5
Ozonic notes,fresh spicy,1107,47271,416,0.3757904245709124,1.0488043560246338,5.0,,P_TOP5
Ozonic notes,mineral,1107,770,51,0.04607046070460705,7.893605039946503,,2.0,LIFT_TOP5
Ozonic notes,salty,1107,2520,111,0.1002710027100271,5.249505312513443,,3.0,LIFT_TOP5
Ozonic notes,marine,1107,4326,179,0.16169828364950317,4.931311734137529,,4.0,LIFT_TOP5
Ozonic notes,aquatic,1107,8872,213,0.19241192411924118,2.861238181813739,,5.0,LIFT_TOP5
Palisander Rosewood,woody,1245,81432,1125,0.9036144578313253,1.4639681626594796,1.0,4.0,P_AND_LIFT_TOP5
Palisander Rosewood,amber,1245,45478,703,0.5646586345381526,1.638053864607469,2.0,2.0,P_AND_LIFT_TOP5
Palisander Rosewood,sweet,1245,60625,641,0.5148594377510041,1.1204190618142673,3.0,,P_TOP5
Palisander Rosewood,aromatic,1245,54606,639,0.5132530120481927,1.2400371731955842,4.0,,P_TOP5
Palisander Rosewood,warm spicy,1245,45319,619,0.4971887550200803,1.4473865806791677,5.0,5.0,P_AND_LIFT_TOP5
Palisander Rosewood,balsamic,1245,18162,346,0.2779116465863454,2.018769052644893,,1.0,LIFT_TOP5
Palisander Rosewood,yellow floral,1245,6986,107,0.0859437751004016,1.6230406883761785,,3.0,LIFT_TOP5
Palm Leaf,green,86,29755,66,0.7674418604651163,3.4027425525512616,1.0,2.0,P_AND_LIFT_TOP5
Palm Leaf,fresh,86,33478,50,0.5813953488372093,2.2911610123691086,2.0,3.0,P_AND_LIFT_TOP5
Palm Leaf,woody,86,81432,48,0.5581395348837209,0.9042556837264135,3.0,,P_TOP5
Palm Leaf,sweet,86,60625,45,0.5232558139534884,1.138690961400144,4.0,5.0,P_AND_LIFT_TOP5
Palm Leaf,aromatic,86,54606,34,0.3953488372093023,0.9551765757063923,5.0,,P_TOP5
Palm Leaf,tropical,86,6512,30,0.3488372093023256,7.067274727158448,,1.0,LIFT_TOP5
Palm Leaf,white floral,86,39497,33,0.38372093023255816,1.2817252531985062,,4.0,LIFT_TOP5
Palmarosa,green,143,29755,110,0.7692307692307693,3.4106743533730595,1.0,1.0,P_AND_LIFT_TOP5
Palmarosa,aromatic,143,54606,108,0.7552447552447552,1.8246976625176823,2.0,3.0,P_AND_LIFT_TOP5
Palmarosa,woody,143,81432,106,0.7412587412587412,1.2009316452287275,3.0,,P_TOP5
Palmarosa,citrus,143,59969,86,0.6013986013986014,1.3230588717923841,4.0,,P_TOP5
Palmarosa,fresh spicy,143,47271,83,0.5804195804195804,1.6199097807271952,5.0,4.0,P_AND_LIFT_TOP5
Palmarosa,herbal,143,8607,26,0.18181818181818182,2.7869493118708872,,2.0,LIFT_TOP5
Palmarosa,rose,143,25617,43,0.3006993006993007,1.5486301573665433,,5.0,LIFT_TOP5
Palo Santo,woody,436,81432,417,0.9564220183486238,1.5495229993213226,1.0,,P_TOP5
Palo Santo,aromatic,436,54606,328,0.7522935779816514,1.8175675153484832,2.0,4.0,P_AND_LIFT_TOP5
Palo Santo,citrus,436,59969,274,0.6284403669724771,1.3825499443825793,3.0,,P_TOP5
Palo Santo,amber,436,45478,197,0.4518348623853211,1.3107562644464448,4.0,,P_TOP5
Palo Santo,fresh spicy,436,47271,189,0.4334862385321101,1.209829270579029,5.0,,P_TOP5
Palo Santo,smoky,436,7407,62,0.14220183486238533,2.532832195679019,,1.0,LIFT_TOP5
Palo Santo,coconut,436,3269,25,0.05733944954128441,2.3141002073972627,,2.0,LIFT_TOP5
Palo Santo,balsamic,436,18162,113,0.2591743119266055,1.8826597826493263,,3.0,LIFT_TOP5
Palo Santo,tobacco,436,4372,25,0.05733944954128441,1.7302821541586577,,5.0,LIFT_TOP5
Pandanus,sweet,72,60625,49,0.6805555555555556,1.4810011454753722,1.0,3.0,P_AND_LIFT_TOP5
Pandanus,floral,72,46586,48,0.6666666666666666,1.8879777901801686,2.0,2.0,P_AND_LIFT_TOP5
Pandanus,woody,72,81432,48,0.6666666666666666,1.0800831777843272,3.0,5.0,P_AND_LIFT_TOP5
Pandanus,tropical,72,6512,40,0.5555555555555556,11.25528938028938,4.0,1.0,P_AND_LIFT_TOP5
Pandanus,aromatic,72,54606,31,0.4305555555555556,1.0402372348175006,5.0,,P_TOP5
Pandanus,warm spicy,72,45319,30,0.4166666666666667,1.212975426053826,,4.0,LIFT_TOP5
Papaya,tropical,255,6512,222,0.8705882352941177,17.637700534759357,1.0,1.0,P_AND_LIFT_TOP5
Papaya,sweet,255,60625,220,0.8627450980392157,1.877475641803113,2.0,,P_TOP5
Papaya,fruity,255,43222,178,0.6980392156862745,2.130681452165337,3.0,4.0,P_AND_LIFT_TOP5
Papaya,fresh,255,33478,134,0.5254901960784314,2.0708501573758125,4.0,5.0,P_AND_LIFT_TOP5
Papaya,woody,255,81432,126,0.49411764705882355,0.8005322376519131,5.0,,P_TOP5
Papaya,coconut,255,3269,33,0.12941176470588237,5.22278804455401,,2.0,LIFT_TOP5
Papaya,aquatic,255,8872,42,0.16470588235294117,2.4492388479287115,,3.0,LIFT_TOP5
Paper,woody,108,81432,69,0.6388888888888888,1.0350797120433135,1.0,,P_TOP5
Paper,paper,108,58,58,0.5370370370370371,1221.5740740740741,2.0,1.0,P_AND_LIFT_TOP5
Paper,aromatic,108,54606,50,0.46296296296296297,1.1185346610940867,3.0,5.0,P_AND_LIFT_TOP5
Paper,powdery,108,62885,49,0.4537037037037037,0.9518506739227102,4.0,,P_TOP5
Paper,sweet,108,60625,48,0.4444444444444444,0.967184421534937,5.0,,P_TOP5
Paper,smoky,108,7407,28,0.25925925925925924,4.617803979218857,,2.0,LIFT_TOP5
Paper,leather,108,10809,33,0.3055555555555556,3.729479548935558,,3.0,LIFT_TOP5
Paper,animalic,108,18242,29,0.26851851851851855,1.9419826854592779,,4.0,LIFT_TOP5
Paprika,warm spicy,118,45319,109,0.923728813559322,2.689104842844753,1.0,3.0,P_AND_LIFT_TOP5
Paprika,woody,118,81432,75,0.635593220338983,1.0297403178028544,2.0,,P_TOP5
Paprika,aromatic,118,54606,63,0.5338983050847458,1.2899169210312147,3.0,,P_TOP5
Paprika,fresh spicy,118,47271,59,0.5,1.3954644496625839,4.0,,P_TOP5
Paprika,citrus,118,59969,58,0.4915254237288136,1.0813411788180955,5.0,,P_TOP5
Paprika,cinnamon,118,4259,31,0.2627118644067797,8.137961087388224,,1.0,LIFT_TOP5
Paprika,tobacco,118,4372,23,0.19491525423728814,5.8817862514925485,,2.0,LIFT_TOP5
Paprika,leather,118,10809,25,0.211864406779661,2.5859257273050864,,4.0,LIFT_TOP5
Paprika,soft spicy,118,13661,27,0.2288135593220339,2.2097483991915623,,5.0,LIFT_TOP5
Papyrus,woody,792,81432,762,0.9621212121212122,1.5587564043023814,1.0,,P_TOP5
Papyrus,warm spicy,792,45319,505,0.6376262626262627,1.8562199701732789,2.0,,P_TOP5
Papyrus,amber,792,45478,419,0.5290404040404041,1.5347266921379679,3.0,,P_TOP5
Papyrus,aromatic,792,54606,388,0.4898989898989899,1.1836130413759245,4.0,,P_TOP5
Papyrus,leather,792,10809,364,0.4595959595959596,5.609630395919599,5.0,1.0,P_AND_LIFT_TOP5
Papyrus,smoky,792,7407,127,0.16035353535353536,2.856141746886988,,2.0,LIFT_TOP5
Papyrus,metallic,792,2235,34,0.04292929292929293,2.534076785754638,,3.0,LIFT_TOP5
Papyrus,oud,792,8298,115,0.1452020202020202,2.3085686340386267,,4.0,LIFT_TOP5
Papyrus,iris,792,7451,103,0.13005050505050506,2.302719518361714,,5.0,LIFT_TOP5
Parma Violet,powdery,53,62885,47,0.8867924528301887,1.8604520680907497,1.0,4.0,P_AND_LIFT_TOP5
Parma Violet,floral,53,46586,41,0.7735849056603774,2.19076668105812,2.0,3.0,P_AND_LIFT_TOP5
Parma Violet,violet,53,7614,39,0.7358490566037735,12.750271347220364,3.0,1.0,P_AND_LIFT_TOP5
Parma Violet,woody,53,81432,29,0.5471698113207547,0.8864833628984572,4.0,,P_TOP5
Parma Violet,rose,53,25617,23,0.4339622641509434,2.2349471643609307,5.0,2.0,P_AND_LIFT_TOP5
Parma Violet,fresh,53,33478,20,0.37735849056603776,1.4870931853867424,,5.0,LIFT_TOP5
Passion Flower,floral,265,46586,243,0.9169811320754717,2.5968600170591376,1.0,3.0,P_AND_LIFT_TOP5
Passion Flower,sweet,265,60625,234,0.8830188679245283,1.9215947092005445,2.0,4.0,P_AND_LIFT_TOP5
Passion Flower,fruity,265,43222,228,0.8603773584905661,2.6261992713354396,3.0,2.0,P_AND_LIFT_TOP5
Passion Flower,woody,265,81432,143,0.539622641509434,0.8742560061688234,4.0,,P_TOP5
Passion Flower,tropical,265,6512,119,0.4490566037735849,9.097671642482963,5.0,1.0,P_AND_LIFT_TOP5
Passion Flower,aquatic,265,8872,28,0.10566037735849057,1.5712098269731358,,5.0,LIFT_TOP5
Passionfruit,sweet,1512,60625,1290,0.8531746031746031,1.856648666339388,1.0,,P_TOP5
Passionfruit,fruity,1512,43222,1264,0.8359788359788359,2.5517256913305224,2.0,4.0,P_AND_LIFT_TOP5
Passionfruit,tropical,1512,6512,949,0.6276455026455027,12.715797168922169,3.0,1.0,P_AND_LIFT_TOP5
Passionfruit,fresh,1512,33478,927,0.6130952380952381,2.4160838389959007,4.0,5.0,P_AND_LIFT_TOP5
Passionfruit,woody,1512,81432,738,0.4880952380952381,0.7907751837349538,5.0,,P_TOP5
Passionfruit,terpenic,1512,557,32,0.021164021164021163,5.012871296533774,,2.0,LIFT_TOP5
Passionfruit,sour,1512,1912,90,0.05952380952380952,4.10720512054194,,3.0,LIFT_TOP5
Patchouli,woody,32473,81432,26573,0.8183105964955502,1.3257652642162532,1.0,,P_TOP5
Patchouli,warm spicy,32473,45319,18143,0.5587103131832599,1.6264845124179148,2.0,3.0,P_AND_LIFT_TOP5
Patchouli,citrus,32473,59969,15212,0.46845071289994766,1.0305775075937584,3.0,,P_TOP5
Patchouli,aromatic,32473,54606,14824,0.4565023250084686,1.1029255345267417,4.0,,P_TOP5
Patchouli,patchouli,32473,14822,14457,0.44520062821420875,3.9627121090474,5.0,1.0,P_AND_LIFT_TOP5
Patchouli,earthy,32473,19049,9540,0.29378252702244945,2.034685746762127,,2.0,LIFT_TOP5
Patchouli,balsamic,32473,18162,6468,0.1991808579435223,1.4468632633239125,,4.0,LIFT_TOP5
Patchouli,mossy,32473,6173,2137,0.0658085178455948,1.406466508888599,,5.0,LIFT_TOP5
Patchouli Leaf,woody,122,81432,101,0.8278688524590164,1.3412508314288982,1.0,,P_TOP5
Patchouli Leaf,warm spicy,122,45319,71,0.5819672131147541,1.6941886278653437,2.0,4.0,P_AND_LIFT_TOP5
Patchouli Leaf,patchouli,122,14822,65,0.5327868852459017,4.742313707360127,3.0,1.0,P_AND_LIFT_TOP5
Patchouli Leaf,powdery,122,62885,59,0.48360655737704916,1.014585562769406,4.0,,P_TOP5
Patchouli Leaf,citrus,122,59969,53,0.4344262295081967,0.9557246653940602,5.0,,P_TOP5
Patchouli Leaf,earthy,122,19049,36,0.29508196721311475,2.0436854393630233,,2.0,LIFT_TOP5
Patchouli Leaf,leather,122,10809,20,0.16393442622950818,2.000913021783608,,3.0,LIFT_TOP5
Patchouli Leaf,balsamic,122,18162,27,0.22131147540983606,1.6076215698061707,,5.0,LIFT_TOP5
Peach,fruity,7921,43222,6113,0.7717459916677187,2.3556625949914887,1.0,1.0,P_AND_LIFT_TOP5
Peach,powdery,7921,62885,5765,0.7278121449311955,1.5269182838637614,2.0,,P_TOP5
Peach,sweet,7921,60625,5670,0.7158187097588689,1.557739585624537,3.0,,P_TOP5
Peach,woody,7921,81432,4545,0.5737911879813155,0.9296133145492552,4.0,,P_TOP5
Peach,floral,7921,46586,3818,0.4820098472415099,1.3650358293601597,5.0,,P_TOP5
Peach,lactonic,7921,7015,766,0.09670496149476077,1.8187149779050302,,2.0,LIFT_TOP5
Peach,caramel,7921,4008,434,0.05479106173462946,1.8035391154315532,,3.0,LIFT_TOP5
Peach,coconut,7921,3269,348,0.04393384673652317,1.7730781278524017,,4.0,LIFT_TOP5
Peach,tuberose,7921,3931,394,0.049741194293649794,1.6693858466449294,,5.0,LIFT_TOP5
Peach Blossom,floral,521,46586,477,0.9155470249520153,2.5927986734624002,1.0,1.0,P_AND_LIFT_TOP5
Peach Blossom,fruity,521,43222,381,0.7312859884836852,2.232163260854486,2.0,2.0,P_AND_LIFT_TOP5
Peach Blossom,powdery,521,62885,304,0.5834932821497121,1.224143575002171,3.0,,P_TOP5
Peach Blossom,fresh,521,33478,295,0.5662188099808061,2.231353354464656,4.0,3.0,P_AND_LIFT_TOP5
Peach Blossom,sweet,521,60625,284,0.54510556621881,1.1862396264123316,5.0,,P_TOP5
Peach Blossom,tropical,521,6512,45,0.08637236084452975,1.7498626483751243,,4.0,LIFT_TOP5
Peach Blossom,aldehydic,521,3556,22,0.04222648752399232,1.5666311864567792,,5.0,LIFT_TOP5
Pear,fruity,6133,43222,5066,0.8260231534322517,2.5213371577510753,1.0,2.0,P_AND_LIFT_TOP5
Pear,sweet,6133,60625,5001,0.8154247513451818,1.774498761978884,2.0,5.0,P_AND_LIFT_TOP5
Pear,woody,6133,81432,3402,0.554704060003261,0.8986897857872854,3.0,,P_TOP5
Pear,powdery,6133,62885,3187,0.5196478069460296,1.0901985397215503,4.0,,P_TOP5
Pear,white floral,6133,39497,2955,0.48181966411218,1.6093999110393171,5.0,,P_TOP5
Pear,aquatic,6133,8872,1597,0.26039458666231863,3.872166120193834,,1.0,LIFT_TOP5
Pear,fresh,6133,33478,2932,0.47806946029675523,1.8839746668543795,,3.0,LIFT_TOP5
Pear,Champagne,6133,311,27,0.004402413174629056,1.8675574602212583,,4.0,LIFT_TOP5
Pear Blossom,floral,180,46586,161,0.8944444444444445,2.533036868491726,1.0,2.0,P_AND_LIFT_TOP5
Pear Blossom,fruity,180,43222,122,0.6777777777777778,2.068835829490126,2.0,4.0,P_AND_LIFT_TOP5
Pear Blossom,sweet,180,60625,101,0.5611111111111111,1.221070332187858,3.0,,P_TOP5
Pear Blossom,powdery,180,62885,97,0.5388888888888889,1.1305654943326884,4.0,,P_TOP5
Pear Blossom,fresh,180,33478,94,0.5222222222222223,2.0579717359990974,5.0,5.0,P_AND_LIFT_TOP5
Pear Blossom,lactonic,180,7015,25,0.1388888888888889,2.6120614556109922,,1.0,LIFT_TOP5
Pear Blossom,tropical,180,6512,21,0.11666666666666667,2.36361076986077,,3.0,LIFT_TOP5
Pelargonium,aromatic,78,54606,65,0.8333333333333334,2.0133623899693562,1.0,4.0,P_AND_LIFT_TOP5
Pelargonium,woody,78,81432,62,0.7948717948717948,1.2877914812043902,2.0,,P_TOP5
Pelargonium,fresh spicy,78,47271,52,0.6666666666666666,1.8606192662167784,3.0,5.0,P_AND_LIFT_TOP5
Pelargonium,citrus,78,59969,49,0.6282051282051282,1.382032426155223,4.0,,P_TOP5
Pelargonium,warm spicy,78,45319,45,0.5769230769230769,1.6795044360745282,5.0,,P_TOP5
Pelargonium,earthy,78,19049,36,0.46153846153846156,3.1965336359267797,,1.0,LIFT_TOP5
Pelargonium,patchouli,78,14822,25,0.32051282051282054,2.8528711651771967,,2.0,LIFT_TOP5
Pelargonium,rose,78,25617,33,0.4230769230769231,2.178886616759904,,3.0,LIFT_TOP5
Peony,floral,5269,46586,4820,0.9147845891060923,2.5906394805470905,1.0,3.0,P_AND_LIFT_TOP5
Peony,fresh,5269,33478,4334,0.8225469728601252,3.241490594702083,2.0,1.0,P_AND_LIFT_TOP5
Peony,fruity,5269,43222,3047,0.5782881002087683,1.765155454642145,3.0,5.0,P_AND_LIFT_TOP5
Peony,rose,5269,25617,2935,0.5570316948187511,2.8687665026130245,4.0,2.0,P_AND_LIFT_TOP5
Peony,woody,5269,81432,2823,0.5357752894287341,0.8680228157767572,5.0,,P_TOP5
Peony,tropical,5269,6512,475,0.09014993357373316,1.8263944619752173,,4.0,LIFT_TOP5
Pepper,fresh spicy,4316,47271,3700,0.8572752548656163,2.392594283480797,1.0,1.0,P_AND_LIFT_TOP5
Pepper,woody,4316,81432,3348,0.7757182576459685,1.2567603611753686,2.0,,P_TOP5
Pepper,warm spicy,4316,45319,2850,0.6603336422613532,1.9223243545431346,3.0,2.0,P_AND_LIFT_TOP5
Pepper,aromatic,4316,54606,2838,0.6575532900834106,1.5886716763854587,4.0,5.0,P_AND_LIFT_TOP5
Pepper,citrus,4316,59969,2293,0.5312789620018535,1.168797769796137,5.0,,P_TOP5
Pepper,lavender,4316,8336,448,0.10379981464318813,1.6427914522403804,,3.0,LIFT_TOP5
Pepper,cinnamon,4316,4259,225,0.05213160333642261,1.6148679098789,,4.0,LIFT_TOP5
Peppermint,aromatic,515,54606,466,0.9048543689320389,2.186159705768668,1.0,2.0,P_AND_LIFT_TOP5
Peppermint,green,515,29755,429,0.8330097087378641,3.693462304613894,2.0,1.0,P_AND_LIFT_TOP5
Peppermint,fresh spicy,515,47271,403,0.7825242718446602,2.1839696047146457,3.0,3.0,P_AND_LIFT_TOP5
Peppermint,woody,515,81432,352,0.683495145631068,1.107347413340048,4.0,,P_TOP5
Peppermint,citrus,515,59969,319,0.6194174757281553,1.362699854471736,5.0,,P_TOP5
Peppermint,cinnamon,515,4259,32,0.062135922330097085,1.924769249356588,,4.0,LIFT_TOP5
Peppermint,herbal,515,8607,59,0.1145631067961165,1.7560486440817533,,5.0,LIFT_TOP5
Persimmon,sweet,69,60625,66,0.9565217391304348,2.0815490811295385,1.0,2.0,P_AND_LIFT_TOP5
Persimmon,fruity,69,43222,63,0.9130434782608695,2.786956320553341,2.0,1.0,P_AND_LIFT_TOP5
Persimmon,woody,69,81432,47,0.6811594202898551,1.1035632468665952,3.0,,P_TOP5
Persimmon,powdery,69,62885,43,0.6231884057971014,1.3074222211467217,4.0,4.0,P_AND_LIFT_TOP5
Persimmon,floral,69,46586,41,0.5942028985507246,1.682762812986672,5.0,3.0,P_AND_LIFT_TOP5
Persimmon,amber,69,45478,31,0.4492753623188406,1.3033312491913593,,5.0,LIFT_TOP5
Peru Balsam,amber,1005,45478,815,0.8109452736318408,2.3525223173896994,1.0,5.0,P_AND_LIFT_TOP5
Peru Balsam,woody,1005,81432,792,0.7880597014925373,1.276755040007742,2.0,,P_TOP5
Peru Balsam,balsamic,1005,18162,772,0.7681592039800995,5.579960564976023,3.0,2.0,P_AND_LIFT_TOP5
Peru Balsam,warm spicy,1005,45319,553,0.5502487562189055,1.6018517268245152,4.0,,P_TOP5
Peru Balsam,sweet,1005,60625,539,0.536318407960199,1.1671173206134278,5.0,,P_TOP5
Peru Balsam,cherry,1005,1803,88,0.08756218905472637,6.407143428724376,,1.0,LIFT_TOP5
Peru Balsam,almond,1005,3438,84,0.08358208955223881,3.207383674993271,,3.0,LIFT_TOP5
Peru Balsam,nutty,1005,3619,82,0.08159203980099503,2.974423269119998,,4.0,LIFT_TOP5
Petalia,floral,112,46586,101,0.9017857142857143,2.5538271001097814,1.0,3.0,P_AND_LIFT_TOP5
Petalia,fresh,112,33478,96,0.8571428571428571,3.377825949664172,2.0,2.0,P_AND_LIFT_TOP5
Petalia,rose,112,25617,75,0.6696428571428571,3.4487247586703025,3.0,1.0,P_AND_LIFT_TOP5
Petalia,woody,112,81432,75,0.6696428571428571,1.08490497768515,4.0,,P_TOP5
Petalia,fruity,112,43222,73,0.6517857142857143,1.989498155701131,5.0,4.0,P_AND_LIFT_TOP5
Petalia,musky,112,41154,60,0.5357142857142857,1.7173734196988315,,5.0,LIFT_TOP5
Petitgrain,citrus,2750,59969,2279,0.8287272727272728,1.8231751253299053,1.0,,P_TOP5
Petitgrain,aromatic,2750,54606,2245,0.8163636363636364,1.9723630103917984,2.0,4.0,P_AND_LIFT_TOP5
Petitgrain,woody,2750,81432,2006,0.7294545454545455,1.181807375255651,3.0,,P_TOP5
Petitgrain,fresh spicy,2750,47271,1788,0.6501818181818182,1.814611226179418,4.0,,P_TOP5
Petitgrain,green,2750,29755,1618,0.5883636363636363,2.6087317945035977,5.0,2.0,P_AND_LIFT_TOP5
Petitgrain,herbal,2750,8607,484,0.176,2.697766933891019,,1.0,LIFT_TOP5
Petitgrain,lavender,2750,8336,343,0.12472727272727273,1.9740006107136625,,3.0,LIFT_TOP5
Petitgrain,mossy,2750,6173,249,0.09054545454545454,1.9351469007260356,,5.0,LIFT_TOP5
Petitgrain Paraguay,citrus,90,59969,80,0.8888888888888888,1.955528875103989,1.0,4.0,P_AND_LIFT_TOP5
Petitgrain Paraguay,aromatic,90,54606,79,0.8777777777777778,2.1207417174343886,2.0,3.0,P_AND_LIFT_TOP5
Petitgrain Paraguay,woody,90,81432,65,0.7222222222222222,1.1700901092663545,3.0,,P_TOP5
Petitgrain Paraguay,green,90,29755,64,0.7111111111111111,3.152978957784873,4.0,2.0,P_AND_LIFT_TOP5
Petitgrain Paraguay,fresh spicy,90,47271,61,0.6777777777777778,1.8916295873203914,5.0,5.0,P_AND_LIFT_TOP5
Petitgrain Paraguay,herbal,90,8607,25,0.2777777777777778,4.257839226469411,,1.0,LIFT_TOP5
Petrichor,woody,83,81432,58,0.6987951807228916,1.1321353791233308,1.0,5.0,P_AND_LIFT_TOP5
Petrichor,aromatic,83,54606,55,0.6626506024096386,1.6009869606985243,2.0,3.0,P_AND_LIFT_TOP5
Petrichor,fresh spicy,83,47271,41,0.4939759036144578,1.378651624967854,3.0,4.0,P_AND_LIFT_TOP5
Petrichor,earthy,83,19049,36,0.43373493975903615,3.0039713687022753,4.0,1.0,P_AND_LIFT_TOP5
Petrichor,green,83,29755,33,0.39759036144578314,1.7628666236108945,5.0,2.0,P_AND_LIFT_TOP5
Pimento,warm spicy,411,45319,367,0.8929440389294404,2.599486022550389,1.0,1.0,P_AND_LIFT_TOP5
Pimento,woody,411,81432,322,0.7834549878345499,1.269294829366983,2.0,,P_TOP5
Pimento,aromatic,411,54606,254,0.6180048661800487,1.4931213052619459,3.0,,P_TOP5
Pimento,fresh spicy,411,47271,245,0.5961070559610706,1.6636924095733967,4.0,,P_TOP5
Pimento,amber,411,45478,188,0.45742092457420924,1.3269612247476896,5.0,,P_TOP5
Pimento,cinnamon,411,4259,31,0.07542579075425791,2.336446248933845,,2.0,LIFT_TOP5
Pimento,leather,411,10809,65,0.15815085158150852,1.9303211998472032,,3.0,LIFT_TOP5
Pimento,tobacco,411,4372,26,0.06326034063260341,1.9089516787875955,,4.0,LIFT_TOP5
Pimento,smoky,411,7407,40,0.09732360097323602,1.7334822028350245,,5.0,LIFT_TOP5
Pine,woody,1005,81432,964,0.9592039800995025,1.554030124453868,1.0,,P_TOP5
Pine,aromatic,1005,54606,919,0.9144278606965174,2.209289595679807,2.0,4.0,P_AND_LIFT_TOP5
Pine,fresh spicy,1005,47271,561,0.5582089552238806,1.5579215049964368,3.0,,P_TOP5
Pine,green,1005,29755,466,0.46368159203980097,2.0559069883317407,4.0,,P_TOP5
Pine,citrus,1005,59969,411,0.408955223880597,0.8996892175385143,5.0,,P_TOP5
Pine,conifer,1005,1828,376,0.37412935323383084,27.001578540557606,,1.0,LIFT_TOP5
Pine,camphor,1005,793,39,0.03880597014925373,6.456080254465378,,2.0,LIFT_TOP5
Pine,mossy,1005,6173,115,0.11442786069651742,2.44556417652544,,3.0,LIFT_TOP5
Pine,balsamic,1005,18162,300,0.29850746268656714,2.1683784578922367,,5.0,LIFT_TOP5
Pine Tree,woody,502,81432,482,0.9601593625498008,1.5555779632232443,1.0,,P_TOP5
Pine Tree,aromatic,502,54606,463,0.9223107569721115,2.22833494794218,2.0,,P_TOP5
Pine Tree,fresh spicy,502,47271,298,0.5936254980079682,1.656766557766733,3.0,,P_TOP5
Pine Tree,green,502,29755,262,0.5219123505976095,2.3140949895594902,4.0,3.0,P_AND_LIFT_TOP5
Pine Tree,citrus,502,59969,229,0.45617529880478086,1.0035719650371815,5.0,,P_TOP5
Pine Tree,conifer,502,1828,188,0.3745019920318725,27.028472543088043,,1.0,LIFT_TOP5
Pine Tree,mossy,502,6173,64,0.12749003984063745,2.724730431909169,,2.0,LIFT_TOP5
Pine Tree,marine,502,4326,38,0.07569721115537849,2.3085374636451883,,4.0,LIFT_TOP5
Pine Tree,balsamic,502,18162,155,0.30876494023904383,2.242889470638534,,5.0,LIFT_TOP5
Pine Tree Needles,woody,76,81432,73,0.9605263157894737,1.5561724732550504,1.0,,P_TOP5
Pine Tree Needles,aromatic,76,54606,70,0.9210526315789473,2.225295273124025,2.0,3.0,P_AND_LIFT_TOP5
Pine Tree Needles,fresh spicy,76,47271,55,0.7236842105263158,2.0197511771432133,3.0,5.0,P_AND_LIFT_TOP5
Pine Tree Needles,green,76,29755,45,0.5921052631578947,2.6253217062147893,4.0,2.0,P_AND_LIFT_TOP5
Pine Tree Needles,citrus,76,59969,33,0.4342105263157895,0.9552501248452051,5.0,,P_TOP5
Pine Tree Needles,conifer,76,1828,21,0.27631578947368424,19.942200276402165,,1.0,LIFT_TOP5
Pine Tree Needles,earthy,76,19049,24,0.3157894736842105,2.1871019614235863,,4.0,LIFT_TOP5
Pine needles,woody,278,81432,274,0.9856115107913669,1.596813618954527,1.0,,P_TOP5
Pine needles,aromatic,278,54606,266,0.9568345323741008,2.311745593087117,2.0,4.0,P_AND_LIFT_TOP5
Pine needles,fresh spicy,278,47271,168,0.60431654676259,1.6866045147001014,3.0,,P_TOP5
Pine needles,green,278,29755,137,0.49280575539568344,2.185039936459503,4.0,5.0,P_AND_LIFT_TOP5
Pine needles,amber,278,45478,120,0.4316546762589928,1.2522142890815102,5.0,,P_TOP5
Pine needles,conifer,278,1828,119,0.42805755395683454,30.893672370637407,,1.0,LIFT_TOP5
Pine needles,mossy,278,6173,45,0.1618705035971223,3.4595132900645305,,2.0,LIFT_TOP5
Pine needles,balsamic,278,18162,96,0.34532374100719426,2.5084550793458393,,3.0,LIFT_TOP5
Pineapple,sweet,4299,60625,3688,0.8578739241684112,1.8668751639676453,1.0,5.0,P_AND_LIFT_TOP5
Pineapple,fruity,4299,43222,3524,0.8197255175622238,2.5021143753640316,2.0,4.0,P_AND_LIFT_TOP5
Pineapple,woody,4299,81432,2720,0.6327052802977436,1.0250614946173657,3.0,,P_TOP5
Pineapple,citrus,4299,59969,2209,0.5138404280065132,1.130433518432845,4.0,,P_TOP5
Pineapple,fresh,4299,33478,1869,0.43475226796929517,1.71327040782571,5.0,,P_TOP5
Pineapple,tropical,4299,6512,1362,0.316817864619679,6.418578144851697,,1.0,LIFT_TOP5
Pineapple,coconut,4299,3269,317,0.07373807862293556,2.9759145649201253,,2.0,LIFT_TOP5
Pineapple,terpenic,4299,557,50,0.011630611770179112,2.754805405457325,,3.0,LIFT_TOP5
Pineapple Leaf,sweet,63,60625,55,0.873015873015873,1.8998265423007692,1.0,4.0,P_AND_LIFT_TOP5
Pineapple Leaf,fruity,63,43222,53,0.8412698412698413,2.56787585393388,2.0,2.0,P_AND_LIFT_TOP5
Pineapple Leaf,fresh,63,33478,37,0.5873015873015873,2.3144362988439697,3.0,3.0,P_AND_LIFT_TOP5
Pineapple Leaf,woody,63,81432,37,0.5873015873015873,0.9515018470957168,4.0,,P_TOP5
Pineapple Leaf,citrus,63,59969,32,0.5079365079365079,1.1174450714879938,5.0,,P_TOP5
Pineapple Leaf,tropical,63,6512,22,0.3492063492063492,7.074753324753325,,1.0,LIFT_TOP5
Pineapple Leaf,aromatic,63,54606,31,0.49206349206349204,1.1888425540771437,,5.0,LIFT_TOP5
Pink Freesia,floral,64,46586,61,0.953125,2.6992182468982096,1.0,1.0,P_AND_LIFT_TOP5
Pink Freesia,fruity,64,43222,46,0.71875,2.1938986511498775,2.0,2.0,P_AND_LIFT_TOP5
Pink Freesia,sweet,64,60625,45,0.703125,1.5301159793814434,3.0,4.0,P_AND_LIFT_TOP5
Pink Freesia,powdery,64,62885,39,0.609375,1.2784422954599666,4.0,,P_TOP5
Pink Freesia,fresh,64,33478,29,0.453125,1.785673614015174,5.0,3.0,P_AND_LIFT_TOP5
Pink Freesia,white floral,64,39497,29,0.453125,1.5135524533508875,,5.0,LIFT_TOP5
Pink Grapefruit,citrus,738,59969,635,0.8604336043360433,1.8929281031875502,1.0,3.0,P_AND_LIFT_TOP5
Pink Grapefruit,woody,738,81432,444,0.6016260162601627,0.9747092092200026,2.0,,P_TOP5
Pink Grapefruit,fresh spicy,738,47271,366,0.4959349593495935,1.3841192102344326,3.0,,P_TOP5
Pink Grapefruit,aromatic,738,54606,360,0.4878048780487805,1.1785535941284035,4.0,,P_TOP5
Pink Grapefruit,sweet,738,60625,356,0.4823848238482385,1.0497489453245048,5.0,,P_TOP5
Pink Grapefruit,bitter,738,1034,33,0.044715447154471545,5.705327797958831,,1.0,LIFT_TOP5
Pink Grapefruit,tropical,738,6512,70,0.0948509485094851,1.9216347722445284,,2.0,LIFT_TOP5
Pink Grapefruit,aldehydic,738,3556,33,0.044715447154471545,1.6589732685853293,,4.0,LIFT_TOP5
Pink Grapefruit,fruity,738,43222,335,0.453929539295393,1.3855657794466056,,5.0,LIFT_TOP5
Pink Jasmine,white floral,51,39497,44,0.8627450980392157,2.881787497387491,1.0,1.0,P_AND_LIFT_TOP5
Pink Jasmine,fruity,51,43222,38,0.7450980392156863,2.2743228983787307,2.0,2.0,P_AND_LIFT_TOP5
Pink Jasmine,sweet,51,60625,36,0.7058823529411765,1.536116434202547,3.0,5.0,P_AND_LIFT_TOP5
Pink Jasmine,floral,51,46586,34,0.6666666666666666,1.8879777901801686,4.0,3.0,P_AND_LIFT_TOP5
Pink Jasmine,woody,51,81432,27,0.5294117647058824,0.8577131117699069,5.0,,P_TOP5
Pink Jasmine,fresh,51,33478,21,0.4117647058823529,1.6226810934661218,,4.0,LIFT_TOP5
Pink Lotus,floral,111,46586,91,0.8198198198198198,2.321702417653991,1.0,3.0,P_AND_LIFT_TOP5
Pink Lotus,woody,111,81432,63,0.5675675675675675,0.9195302729785488,2.0,,P_TOP5
Pink Lotus,sweet,111,60625,53,0.4774774774774775,1.0390697501625337,3.0,,P_TOP5
Pink Lotus,citrus,111,59969,49,0.44144144144144143,0.9711579210820486,4.0,,P_TOP5
Pink Lotus,amber,111,45478,44,0.3963963963963964,1.1499313201235009,5.0,5.0,P_AND_LIFT_TOP5
Pink Lotus,aquatic,111,8872,42,0.3783783783783784,5.626629785782176,,1.0,LIFT_TOP5
Pink Lotus,ozonic,111,5777,21,0.1891891891891892,4.320534832911499,,2.0,LIFT_TOP5
Pink Lotus,animalic,111,18242,21,0.1891891891891892,1.3682562070896684,,4.0,LIFT_TOP5
Pink Peony,floral,224,46586,214,0.9553571428571429,2.7055396011064023,1.0,3.0,P_AND_LIFT_TOP5
Pink Peony,fresh,224,33478,195,0.8705357142857143,3.4306044801276743,2.0,1.0,P_AND_LIFT_TOP5
Pink Peony,fruity,224,43222,149,0.6651785714285714,2.03037825479088,3.0,5.0,P_AND_LIFT_TOP5
Pink Peony,rose,224,25617,136,0.6071428571428571,3.126843781194408,4.0,2.0,P_AND_LIFT_TOP5
Pink Peony,sweet,224,60625,120,0.5357142857142857,1.16580265095729,5.0,,P_TOP5
Pink Peony,tropical,224,6512,28,0.125,2.5324401105651106,,4.0,LIFT_TOP5
Pink Pepper,woody,10387,81432,7320,0.7047270626744969,1.141745767986128,1.0,,P_TOP5
Pink Pepper,sweet,10387,60625,5272,0.5075575238278618,1.1045288926780998,2.0,,P_TOP5
Pink Pepper,citrus,10387,59969,4983,0.47973428323866374,1.0554010236568379,3.0,,P_TOP5
Pink Pepper,musky,10387,41154,4868,0.4686627515163185,1.5024220442131482,4.0,2.0,P_AND_LIFT_TOP5
Pink Pepper,soft spicy,10387,13661,4687,0.451237123327236,4.357785936649019,5.0,1.0,P_AND_LIFT_TOP5
Pink Pepper,iris,10387,7451,811,0.07807836718975643,1.3824827517574239,,3.0,LIFT_TOP5
Pink Pepper,coffee,10387,1815,193,0.01858091845576201,1.350622904610844,,4.0,LIFT_TOP5
Pink Pepper,patchouli,10387,14822,1557,0.14989891210166553,1.334243926161971,,5.0,LIFT_TOP5
Pink Rose,rose,99,25617,83,0.8383838383838383,4.317756950383722,1.0,1.0,P_AND_LIFT_TOP5
Pink Rose,floral,99,46586,69,0.696969696969697,1.9737949624610853,2.0,2.0,P_AND_LIFT_TOP5
Pink Rose,powdery,99,62885,58,0.5858585858585859,1.2291058794994552,3.0,5.0,P_AND_LIFT_TOP5
Pink Rose,fruity,99,43222,54,0.5454545454545454,1.6649349447461521,4.0,3.0,P_AND_LIFT_TOP5
Pink Rose,woody,99,81432,51,0.5151515151515151,0.8346097282878892,5.0,,P_TOP5
Pink Rose,musky,99,41154,44,0.4444444444444444,1.424783874120512,,4.0,LIFT_TOP5
Pistachio,woody,585,81432,497,0.8495726495726496,1.376413690663617,1.0,,P_TOP5
Pistachio,sweet,585,60625,474,0.8102564102564103,1.7632515992598468,2.0,,P_TOP5
Pistachio,vanilla,585,34562,348,0.5948717948717949,2.2707434725257767,3.0,,P_TOP5
Pistachio,nutty,585,3619,330,0.5641025641025641,20.564258436598863,4.0,1.0,P_AND_LIFT_TOP5
Pistachio,powdery,585,62885,291,0.49743589743589745,1.0435989178455585,5.0,,P_TOP5
Pistachio,almond,585,3438,120,0.20512820512820512,7.871600960606196,,2.0,LIFT_TOP5
Pistachio,caramel,585,4008,80,0.13675213675213677,4.501424501424501,,3.0,LIFT_TOP5
Pistachio,coconut,585,3269,51,0.08717948717948718,3.5183816896878994,,4.0,LIFT_TOP5
Pistachio,chocolate,585,1554,23,0.039316239316239315,3.337832337832338,,5.0,LIFT_TOP5
Pitahaya,fruity,122,43222,111,0.9098360655737705,2.777166075867557,1.0,2.0,P_AND_LIFT_TOP5
Pitahaya,tropical,122,6512,99,0.8114754098360656,16.440103012848915,2.0,1.0,P_AND_LIFT_TOP5
Pitahaya,floral,122,46586,99,0.8114754098360656,2.2980713265717627,3.0,4.0,P_AND_LIFT_TOP5
Pitahaya,fresh,122,33478,80,0.6557377049180327,2.584129141819585,4.0,3.0,P_AND_LIFT_TOP5
Pitahaya,sweet,122,60625,62,0.5081967213114754,1.1059198918370796,5.0,,P_TOP5
Pitahaya,vanilla,122,34562,45,0.36885245901639346,1.4079828979235225,,5.0,LIFT_TOP5
Pitosporum,white floral,60,39497,52,0.8666666666666667,2.894886531466525,1.0,1.0,P_AND_LIFT_TOP5
Pitosporum,citrus,60,59969,41,0.6833333333333333,1.5033128227361914,2.0,5.0,P_AND_LIFT_TOP5
Pitosporum,aromatic,60,54606,39,0.65,1.5704226641760979,3.0,4.0,P_AND_LIFT_TOP5
Pitosporum,floral,60,46586,34,0.5666666666666667,1.6047811216531433,4.0,3.0,P_AND_LIFT_TOP5
Pitosporum,musky,60,41154,31,0.5166666666666667,1.6563112536650952,5.0,2.0,P_AND_LIFT_TOP5
Piña Colada,sweet,55,60625,52,0.9454545454545454,2.0574650421743206,1.0,3.0,P_AND_LIFT_TOP5
Piña Colada,fruity,55,43222,51,0.9272727272727272,2.8303894060684582,2.0,2.0,P_AND_LIFT_TOP5
Piña Colada,coconut,55,3269,44,0.8,32.286326093606604,3.0,1.0,P_AND_LIFT_TOP5
Piña Colada,citrus,55,59969,32,0.5818181818181818,1.279982536431702,4.0,5.0,P_AND_LIFT_TOP5
Piña Colada,woody,55,81432,21,0.38181818181818183,0.6185930927310238,5.0,,P_TOP5
Piña Colada,vanilla,55,34562,20,0.36363636363636365,1.3880720286599575,,4.0,LIFT_TOP5
Plum,fruity,3763,43222,3257,0.8655328195588626,2.6419357013650626,1.0,4.0,P_AND_LIFT_TOP5
Plum,sweet,3763,60625,3092,0.8216848259367526,1.7881217168797652,2.0,,P_TOP5
Plum,woody,3763,81432,2394,0.6361945256444327,1.0307145074205473,3.0,,P_TOP5
Plum,powdery,3763,62885,2072,0.5506245017273452,1.155186300594556,4.0,,P_TOP5
Plum,floral,3763,46586,1412,0.37523252723890516,1.062646016370342,5.0,,P_TOP5
Plum,wine,3763,236,20,0.005314908317831517,2.9711688744555595,,1.0,LIFT_TOP5
Plum,sour,3763,1912,160,0.04251926654265214,2.9338738676632303,,2.0,LIFT_TOP5
Plum,cherry,3763,1803,148,0.03933032155195323,2.877897572018408,,3.0,LIFT_TOP5
Plum,cinnamon,3763,4259,224,0.059526973159713,1.843952469819426,,5.0,LIFT_TOP5
Plum Blossom,floral,169,46586,156,0.9230769230769231,2.614123094095618,1.0,2.0,P_AND_LIFT_TOP5
Plum Blossom,fresh,169,33478,129,0.7633136094674556,3.0080639374228277,2.0,1.0,P_AND_LIFT_TOP5
Plum Blossom,fruity,169,43222,124,0.7337278106508875,2.239616631788709,3.0,3.0,P_AND_LIFT_TOP5
Plum Blossom,sweet,169,60625,99,0.5857988165680473,1.2747948514609895,4.0,5.0,P_AND_LIFT_TOP5
Plum Blossom,woody,169,81432,81,0.47928994082840237,0.7765095035550045,5.0,,P_TOP5
Plum Blossom,soft spicy,169,13661,25,0.14792899408284024,1.4286122677219173,,4.0,LIFT_TOP5
Plumeria,floral,70,46586,59,0.8428571428571429,2.386943349013499,1.0,1.0,P_AND_LIFT_TOP5
Plumeria,sweet,70,60625,40,0.5714285714285714,1.2435228276877761,2.0,4.0,P_AND_LIFT_TOP5
Plumeria,woody,70,81432,39,0.5571428571428572,0.9026409414340448,3.0,,P_TOP5
Plumeria,fruity,70,43222,37,0.5285714285714286,1.6134012440754377,4.0,2.0,P_AND_LIFT_TOP5
Plumeria,citrus,70,59969,35,0.5,1.0999849922459937,5.0,5.0,P_AND_LIFT_TOP5
Plumeria,fresh,70,33478,23,0.32857142857142857,1.2948332807045992,,3.0,LIFT_TOP5
Pomegranate,woody,881,81432,805,0.9137343927355278,1.480363719834932,1.0,,P_TOP5
Pomegranate,fruity,881,43222,699,0.793416572077185,2.4218094570853506,2.0,4.0,P_AND_LIFT_TOP5
Pomegranate,sweet,881,60625,600,0.681044267877412,1.4820646641000736,3.0,,P_TOP5
Pomegranate,fresh spicy,881,47271,477,0.5414301929625426,1.511093172506362,4.0,,P_TOP5
Pomegranate,floral,881,46586,474,0.5380249716231555,1.5236687954802495,5.0,,P_TOP5
Pomegranate,sour,881,1912,166,0.188422247446084,13.00133216818089,,1.0,LIFT_TOP5
Pomegranate,bitter,881,1034,83,0.094211123723042,12.0205740355715,,2.0,LIFT_TOP5
Pomegranate,cherry,881,1803,30,0.0340522133938706,2.491685254050665,,3.0,LIFT_TOP5
Pomegranate,tropical,881,6512,75,0.0851305334846765,1.7247038210432082,,5.0,LIFT_TOP5
Pomelo,citrus,596,59969,523,0.87751677852349,1.930510573639781,1.0,1.0,P_AND_LIFT_TOP5
Pomelo,woody,596,81432,389,0.6526845637583892,1.0574304265724075,2.0,,P_TOP5
Pomelo,aromatic,596,54606,368,0.6174496644295302,1.491779918473939,3.0,4.0,P_AND_LIFT_TOP5
Pomelo,fresh spicy,596,47271,357,0.5989932885906041,1.671747679629337,4.0,2.0,P_AND_LIFT_TOP5
Pomelo,sweet,596,60625,345,0.5788590604026845,1.2596927973431122,5.0,,P_TOP5
Pomelo,tropical,596,6512,49,0.08221476510067115,1.6656317505730258,,3.0,LIFT_TOP5
Pomelo,marine,596,4326,29,0.04865771812080537,1.4839141820799473,,5.0,LIFT_TOP5
Popcorn,sweet,110,60625,97,0.8818181818181818,1.9189818181818181,1.0,5.0,P_AND_LIFT_TOP5
Popcorn,woody,110,81432,75,0.6818181818181818,1.104630522733971,2.0,,P_TOP5
Popcorn,powdery,110,62885,61,0.5545454545454546,1.1634122893882772,3.0,,P_TOP5
Popcorn,vanilla,110,34562,57,0.5181818181818182,1.9780026408404396,4.0,4.0,P_AND_LIFT_TOP5
Popcorn,caramel,110,4008,52,0.4727272727272727,15.56060606060606,5.0,1.0,P_AND_LIFT_TOP5
Popcorn,lactonic,110,7015,48,0.43636363636363634,8.206622173265082,,2.0,LIFT_TOP5
Popcorn,balsamic,110,18162,30,0.2727272727272727,1.981109409256089,,3.0,LIFT_TOP5
Poppy,floral,156,46586,128,0.8205128205128205,2.3236649725294383,1.0,1.0,P_AND_LIFT_TOP5
Poppy,sweet,156,60625,112,0.717948717948718,1.562374834787206,2.0,3.0,P_AND_LIFT_TOP5
Poppy,fresh spicy,156,47271,100,0.6410256410256411,1.7890569867469024,3.0,2.0,P_AND_LIFT_TOP5
Poppy,powdery,156,62885,95,0.6089743589743589,1.2776017679810316,4.0,4.0,P_AND_LIFT_TOP5
Poppy,woody,156,81432,81,0.5192307692307693,0.8412186288512549,5.0,,P_TOP5
Poppy,green,156,29755,38,0.24358974358974358,1.0800468785681354,,5.0,LIFT_TOP5
Powdery Notes,powdery,1593,62885,1516,0.9516635279347144,1.9965487674394031,1.0,5.0,P_AND_LIFT_TOP5
Powdery Notes,sweet,1593,60625,849,0.5329566854990584,1.1598016580270643,2.0,,P_TOP5
Powdery Notes,woody,1593,81432,792,0.4971751412429379,0.8054857597035661,3.0,,P_TOP5
Powdery Notes,floral,1593,46586,751,0.4714375392341494,1.3350954052968989,4.0,,P_TOP5
Powdery Notes,musky,1593,41154,728,0.45699937225360954,1.4650320061578148,5.0,,P_TOP5
Powdery Notes,savory,1593,654,28,0.017576898932831136,3.5457496578110272,,1.0,LIFT_TOP5
Powdery Notes,iris,1593,7451,209,0.13119899560577528,2.323055091970196,,2.0,LIFT_TOP5
Powdery Notes,violet,1593,7614,210,0.1318267419962335,2.2842004296773166,,3.0,LIFT_TOP5
Powdery Notes,almond,1593,3438,92,0.05775266792215945,2.2162040369314995,,4.0,LIFT_TOP5
Praline,sweet,2164,60625,2049,0.9468576709796673,2.060518474760371,1.0,,P_TOP5
Praline,woody,2164,81432,1286,0.5942698706099815,0.9627913354648647,2.0,,P_TOP5
Praline,vanilla,2164,34562,1158,0.5351201478743068,2.0426596004009405,3.0,,P_TOP5
Praline,powdery,2164,62885,1115,0.5152495378927912,1.0809711621880564,4.0,,P_TOP5
Praline,fruity,2164,43222,1073,0.4958410351201479,1.5134956217528368,5.0,,P_TOP5
Praline,nutty,2164,3619,366,0.16913123844731978,6.165649154007985,,1.0,LIFT_TOP5
Praline,lactonic,2164,7015,627,0.2897412199630314,5.449117483923412,,2.0,LIFT_TOP5
Praline,cinnamon,2164,4259,190,0.0878003696857671,2.719770550045375,,3.0,LIFT_TOP5
Praline,chocolate,2164,1554,60,0.027726432532347505,2.353892048901291,,4.0,LIFT_TOP5
Praline,caramel,2164,4008,147,0.06792975970425139,2.236021256931608,,5.0,LIFT_TOP5
Precious Woods,woody,678,81432,575,0.8480825958702065,1.373999617756611,1.0,2.0,P_AND_LIFT_TOP5
Precious Woods,citrus,678,59969,314,0.4631268436578171,1.018865155059711,2.0,,P_TOP5
Precious Woods,powdery,678,62885,314,0.4631268436578171,0.9716200124636369,3.0,,P_TOP5
Precious Woods,sweet,678,60625,310,0.45722713864306785,0.9950016725967825,4.0,,P_TOP5
Precious Woods,amber,678,45478,267,0.3938053097345133,1.142414673320602,5.0,,P_TOP5
Precious Woods,marine,678,4326,31,0.045722713864306784,1.3944053721955603,,1.0,LIFT_TOP5
Precious Woods,coconut,678,3269,22,0.032448377581120944,1.309548624740681,,3.0,LIFT_TOP5
Precious Woods,tuberose,678,3931,26,0.038348082595870206,1.2870166718069591,,4.0,LIFT_TOP5
Precious Woods,iris,678,7451,44,0.06489675516224189,1.149084540136166,,5.0,LIFT_TOP5
Priprioca,aromatic,52,54606,45,0.8653846153846154,2.0907994049681777,1.0,2.0,P_AND_LIFT_TOP5
Priprioca,woody,52,81432,34,0.6538461538461539,1.059312347442321,2.0,,P_TOP5
Priprioca,earthy,52,19049,26,0.5,3.462911438920678,3.0,1.0,P_AND_LIFT_TOP5
Priprioca,citrus,52,59969,26,0.5,1.0999849922459937,4.0,,P_TOP5
Priprioca,sweet,52,60625,24,0.46153846153846156,1.0043838223632038,5.0,,P_TOP5
Priprioca,fruity,52,43222,23,0.4423076923076923,1.3500914776306938,,3.0,LIFT_TOP5
Priprioca,warm spicy,52,45319,22,0.4230769230769231,1.231636586454654,,4.0,LIFT_TOP5
Priprioca,fresh spicy,52,47271,22,0.4230769230769231,1.1807776112529556,,5.0,LIFT_TOP5
Pumpkin,sweet,145,60625,141,0.9724137931034482,2.116132811944543,1.0,4.0,P_AND_LIFT_TOP5
Pumpkin,fruity,145,43222,95,0.6551724137931034,1.9998356520226768,2.0,5.0,P_AND_LIFT_TOP5
Pumpkin,warm spicy,145,45319,90,0.6206896551724138,1.806915117431906,3.0,,P_TOP5
Pumpkin,vanilla,145,34562,73,0.503448275862069,1.9217617914033551,4.0,,P_TOP5
Pumpkin,powdery,145,62885,55,0.3793103448275862,0.795776636608149,5.0,,P_TOP5
Pumpkin,cinnamon,145,4259,33,0.22758620689655173,7.049882196727417,,1.0,LIFT_TOP5
Pumpkin,lactonic,145,7015,41,0.2827586206896552,5.3177968392852755,,2.0,LIFT_TOP5
Pumpkin,caramel,145,4008,21,0.14482758620689656,4.767241379310345,,3.0,LIFT_TOP5
Quince,sweet,335,60625,290,0.8656716417910447,1.8838442837359595,1.0,,P_TOP5
Quince,fruity,335,43222,278,0.8298507462686567,2.5330204283749915,2.0,2.0,P_AND_LIFT_TOP5
Quince,floral,335,46586,248,0.7402985074626866,2.09650071028962,3.0,5.0,P_AND_LIFT_TOP5
Quince,woody,335,81432,197,0.5880597014925373,0.9527300866724439,4.0,,P_TOP5
Quince,powdery,335,62885,177,0.5283582089552239,1.1084725849958288,5.0,,P_TOP5
Quince,tropical,335,6512,46,0.1373134328358209,2.781904360262569,,1.0,LIFT_TOP5
Quince,aquatic,335,8872,52,0.15522388059701492,2.308237890798487,,3.0,LIFT_TOP5
Quince,iris,335,7451,42,0.1253731343283582,2.219900363969977,,4.0,LIFT_TOP5
Rain Notes,aquatic,159,8872,144,0.9056603773584906,13.467512802626878,1.0,2.0,P_AND_LIFT_TOP5
Rain Notes,ozonic,159,5777,126,0.7924528301886793,18.097334583138732,2.0,1.0,P_AND_LIFT_TOP5
Rain Notes,woody,159,81432,87,0.5471698113207547,0.8864833628984572,3.0,,P_TOP5
Rain Notes,green,159,29755,76,0.4779874213836478,2.1193372711525678,4.0,5.0,P_AND_LIFT_TOP5
Rain Notes,aromatic,159,54606,66,0.41509433962264153,1.0028823980224717,5.0,,P_TOP5
Rain Notes,mossy,159,6173,25,0.15723270440251572,3.360393761837664,,3.0,LIFT_TOP5
Rain Notes,earthy,159,19049,51,0.32075471698113206,2.221490357043454,,4.0,LIFT_TOP5
Raisin,sweet,64,60625,55,0.859375,1.8701417525773196,1.0,2.0,P_AND_LIFT_TOP5
Raisin,fruity,64,43222,46,0.71875,2.1938986511498775,2.0,1.0,P_AND_LIFT_TOP5
Raisin,woody,64,81432,44,0.6875,1.1138357770900875,3.0,5.0,P_AND_LIFT_TOP5
Raisin,amber,64,45478,38,0.59375,1.7224468424293065,4.0,3.0,P_AND_LIFT_TOP5
Raisin,warm spicy,64,45319,35,0.546875,1.5920302466956464,5.0,4.0,P_AND_LIFT_TOP5
Raspberry,fruity,6229,43222,5407,0.868036602986033,2.6495782016553453,1.0,2.0,P_AND_LIFT_TOP5
Raspberry,sweet,6229,60625,5339,0.8571199229410821,1.8652343329256404,2.0,,P_TOP5
Raspberry,woody,6229,81432,3429,0.5504896452078986,0.8918619080002709,3.0,,P_TOP5
Raspberry,powdery,6229,62885,3283,0.5270508909937389,1.1057298886666769,4.0,,P_TOP5
Raspberry,rose,6229,25617,2742,0.4401990688714079,2.267067305156921,5.0,3.0,P_AND_LIFT_TOP5
Raspberry,cherry,6229,1803,228,0.03660298603307112,2.6783316402346493,,1.0,LIFT_TOP5
Raspberry,wine,6229,236,24,0.0038529458982180125,2.1538947133555184,,4.0,LIFT_TOP5
Raspberry,caramel,6229,4008,388,0.062289292021191205,2.0503558623642104,,5.0,LIFT_TOP5
Raspberry Leaf,sweet,98,60625,84,0.8571428571428571,1.8652842415316642,1.0,3.0,P_AND_LIFT_TOP5
Raspberry Leaf,fruity,98,43222,81,0.826530612244898,2.5228861152530975,2.0,2.0,P_AND_LIFT_TOP5
Raspberry Leaf,woody,98,81432,59,0.6020408163265306,0.9753812370807444,3.0,,P_TOP5
Raspberry Leaf,rose,98,25617,52,0.5306122448979592,2.7327038087749447,4.0,1.0,P_AND_LIFT_TOP5
Raspberry Leaf,floral,98,46586,50,0.5102040816326531,1.444880961872578,5.0,4.0,P_AND_LIFT_TOP5
Raspberry Leaf,green,98,29755,27,0.2755102040816326,1.2215782632999428,,5.0,LIFT_TOP5
Red Apple,fruity,1060,43222,908,0.8566037735849057,2.6146808534787054,1.0,1.0,P_AND_LIFT_TOP5
Red Apple,sweet,1060,60625,809,0.7632075471698113,1.6608655125461973,2.0,4.0,P_AND_LIFT_TOP5
Red Apple,woody,1060,81432,609,0.5745283018867925,0.9308075310433801,3.0,,P_TOP5
Red Apple,powdery,1060,62885,572,0.539622641509434,1.1321048754764986,4.0,,P_TOP5
Red Apple,fresh,1060,33478,555,0.5235849056603774,2.063341794724105,5.0,3.0,P_AND_LIFT_TOP5
Red Apple,cherry,1060,1803,33,0.031132075471698113,2.2780114902834896,,2.0,LIFT_TOP5
Red Apple,caramel,1060,4008,50,0.04716981132075472,1.5526729559748427,,5.0,LIFT_TOP5
Red Berries,fruity,1527,43222,1318,0.8631303208906352,2.6346023607214266,1.0,2.0,P_AND_LIFT_TOP5
Red Berries,sweet,1527,60625,1259,0.8244924688932548,1.7942316110694778,2.0,,P_TOP5
Red Berries,woody,1527,81432,837,0.5481335952848723,0.8880448131684497,3.0,,P_TOP5
Red Berries,fresh,1527,33478,827,0.5415848068107401,2.134275750120704,4.0,5.0,P_AND_LIFT_TOP5
Red Berries,powdery,1527,62885,731,0.47871643745907005,1.0043263034742007,5.0,,P_TOP5
Red Berries,sour,1527,1912,276,0.1807465618860511,12.471701835578829,,1.0,LIFT_TOP5
Red Berries,cherry,1527,1803,53,0.03470857891290111,2.539713153621211,,3.0,LIFT_TOP5
Red Berries,caramel,1527,4008,114,0.07465618860510806,2.45743287491814,,4.0,LIFT_TOP5
Red Cedar,aromatic,111,54606,102,0.918918918918919,2.220140148939182,1.0,2.0,P_AND_LIFT_TOP5
Red Cedar,woody,111,81432,98,0.8828828828828829,1.4303804246332983,2.0,4.0,P_AND_LIFT_TOP5
Red Cedar,fresh spicy,111,47271,93,0.8378378378378378,2.338345834569735,3.0,1.0,P_AND_LIFT_TOP5
Red Cedar,citrus,111,59969,59,0.5315315315315315,1.169353415180426,4.0,,P_TOP5
Red Cedar,warm spicy,111,45319,50,0.45045045045045046,1.311324784923055,5.0,,P_TOP5
Red Cedar,balsamic,111,18162,28,0.25225225225225223,1.8323774716242507,,3.0,LIFT_TOP5
Red Cedar,green,111,29755,35,0.3153153153153153,1.398069216923191,,5.0,LIFT_TOP5
Red Chilli Pepper,warm spicy,61,45319,56,0.9180327868852459,2.6725229059284294,1.0,1.0,P_AND_LIFT_TOP5
Red Chilli Pepper,woody,61,81432,48,0.7868852459016393,1.2748522754175666,2.0,4.0,P_AND_LIFT_TOP5
Red Chilli Pepper,fresh spicy,61,47271,35,0.5737704918032787,1.6013526471537847,3.0,2.0,P_AND_LIFT_TOP5
Red Chilli Pepper,aromatic,61,54606,26,0.4262295081967213,1.029785353558097,4.0,,P_TOP5
Red Chilli Pepper,citrus,61,59969,25,0.4098360655737705,0.9016270428245851,5.0,,P_TOP5
Red Chilli Pepper,fresh,61,33478,24,0.39344262295081966,1.5504774850917509,,3.0,LIFT_TOP5
Red Chilli Pepper,amber,61,45478,22,0.36065573770491804,1.046248987981218,,5.0,LIFT_TOP5
Red Currant,fruity,583,43222,543,0.9313893653516295,2.8429549528212594,1.0,3.0,P_AND_LIFT_TOP5
Red Currant,sweet,583,60625,454,0.7787307032590052,1.694646460716875,2.0,,P_TOP5
Red Currant,fresh,583,33478,410,0.7032590051457976,2.771400936402565,3.0,4.0,P_AND_LIFT_TOP5
Red Currant,floral,583,46586,334,0.5728987993138936,1.6224303136882752,4.0,,P_TOP5
Red Currant,soft spicy,583,13661,325,0.5574614065180102,5.383638339940055,5.0,2.0,P_AND_LIFT_TOP5
Red Currant,sour,583,1912,128,0.2195540308747856,15.149457789388318,,1.0,LIFT_TOP5
Red Currant,tropical,583,6512,50,0.08576329331046312,1.7375232319486178,,5.0,LIFT_TOP5
Red Fruits,fruity,935,43222,770,0.8235294117647058,2.5137253087343865,1.0,5.0,P_AND_LIFT_TOP5
Red Fruits,sweet,935,60625,712,0.7614973262032085,1.6571437896245658,2.0,,P_TOP5
Red Fruits,powdery,935,62885,506,0.5411764705882353,1.135364741428097,3.0,,P_TOP5
Red Fruits,woody,935,81432,496,0.5304812834224599,0.8594458655310583,4.0,,P_TOP5
Red Fruits,fresh,935,33478,466,0.4983957219251337,1.9640763365070462,5.0,,P_TOP5
Red Fruits,sour,935,1912,77,0.08235294117647059,5.682439084420379,,1.0,LIFT_TOP5
Red Fruits,caramel,935,4008,107,0.1144385026737968,3.766934046345811,,2.0,LIFT_TOP5
Red Fruits,cherry,935,1803,40,0.0427807486631016,3.13037391631891,,3.0,LIFT_TOP5
Red Fruits,chocolate,935,1554,33,0.03529411764705882,2.9963661140131728,,4.0,LIFT_TOP5
Red Mandarin,woody,73,81432,55,0.7534246575342466,1.2206419474959862,1.0,5.0,P_AND_LIFT_TOP5
Red Mandarin,amber,73,45478,37,0.5068493150684932,1.4703511618142024,2.0,1.0,P_AND_LIFT_TOP5
Red Mandarin,citrus,73,59969,37,0.5068493150684932,1.1150532798110073,3.0,,P_TOP5
Red Mandarin,warm spicy,73,45319,35,0.4794520547945205,1.395752545048238,4.0,2.0,P_AND_LIFT_TOP5
Red Mandarin,aromatic,73,54606,35,0.4794520547945205,1.1583728819001775,5.0,,P_TOP5
Red Mandarin,vanilla,73,34562,26,0.3561643835616438,1.3595500006737942,,3.0,LIFT_TOP5
Red Mandarin,fresh spicy,73,47271,34,0.4657534246575342,1.2998846928363794,,4.0,LIFT_TOP5
Red Peony,floral,71,46586,68,0.9577464788732394,2.712306121103904,1.0,2.0,P_AND_LIFT_TOP5
Red Peony,fresh,71,33478,64,0.9014084507042254,3.552267665374528,2.0,1.0,P_AND_LIFT_TOP5
Red Peony,woody,71,81432,45,0.6338028169014085,1.026839640851297,3.0,,P_TOP5
Red Peony,fruity,71,43222,41,0.5774647887323944,1.7626423945551986,4.0,4.0,P_AND_LIFT_TOP5
Red Peony,rose,71,25617,36,0.5070422535211268,2.6113160989593727,5.0,3.0,P_AND_LIFT_TOP5
Red Peony,green,71,29755,25,0.352112676056338,1.5612241758397807,,5.0,LIFT_TOP5
Red Pepper,warm spicy,152,45319,133,0.875,2.5472483947130344,1.0,1.0,P_AND_LIFT_TOP5
Red Pepper,woody,152,81432,105,0.6907894736842105,1.1191651348752074,2.0,,P_TOP5
Red Pepper,aromatic,152,54606,87,0.5723684210526315,1.3828620625842156,3.0,4.0,P_AND_LIFT_TOP5
Red Pepper,amber,152,45478,69,0.45394736842105265,1.3168845665110487,4.0,,P_TOP5
Red Pepper,citrus,152,59969,69,0.45394736842105265,0.9986705850654417,5.0,,P_TOP5
Red Pepper,fresh,152,33478,65,0.4276315789473684,1.6852092183083314,,2.0,LIFT_TOP5
Red Pepper,balsamic,152,18162,31,0.20394736842105263,1.4814875187638736,,3.0,LIFT_TOP5
Red Pepper,earthy,152,19049,29,0.19078947368421054,1.3213741016934166,,5.0,LIFT_TOP5
Red Poppy,floral,51,46586,46,0.9019607843137255,2.5543228925966988,1.0,1.0,P_AND_LIFT_TOP5
Red Poppy,sweet,51,60625,42,0.8235294117647058,1.7921358399029714,2.0,2.0,P_AND_LIFT_TOP5
Red Poppy,powdery,51,62885,31,0.6078431372549019,1.2752285139228625,3.0,4.0,P_AND_LIFT_TOP5
Red Poppy,fresh spicy,51,47271,26,0.5098039215686274,1.4228264976951834,4.0,3.0,P_AND_LIFT_TOP5
Red Poppy,fruity,51,43222,21,0.4117647058823529,1.2568626543671932,5.0,5.0,P_AND_LIFT_TOP5
Red Rose,rose,256,25617,182,0.7109375,3.661396118788305,1.0,1.0,P_AND_LIFT_TOP5
Red Rose,floral,256,46586,149,0.58203125,1.648293109786202,2.0,3.0,P_AND_LIFT_TOP5
Red Rose,woody,256,81432,148,0.578125,0.9366346307348462,3.0,,P_TOP5
Red Rose,sweet,256,60625,139,0.54296875,1.1815895618556702,4.0,,P_TOP5
Red Rose,fruity,256,43222,119,0.46484375,1.4188801059067142,5.0,5.0,P_AND_LIFT_TOP5
Red Rose,oud,256,8298,31,0.12109375,1.9252709613762353,,2.0,LIFT_TOP5
Red Rose,smoky,256,7407,23,0.08984375,1.6002546155663562,,4.0,LIFT_TOP5
Red Thyme,aromatic,82,54606,77,0.9390243902439024,2.268715668697177,1.0,3.0,P_AND_LIFT_TOP5
Red Thyme,fresh spicy,82,47271,66,0.8048780487804879,2.2463574067739156,2.0,4.0,P_AND_LIFT_TOP5
Red Thyme,woody,82,81432,65,0.7926829268292683,1.2842452418777062,3.0,,P_TOP5
Red Thyme,citrus,82,59969,47,0.573170731707317,1.2609584057454075,4.0,,P_TOP5
Red Thyme,warm spicy,82,45319,37,0.45121951219512196,1.313563632116826,5.0,5.0,P_AND_LIFT_TOP5
Red Thyme,herbal,82,8607,21,0.25609756097560976,3.925520067330335,,1.0,LIFT_TOP5
Red Thyme,leather,82,10809,20,0.24390243902439024,2.9769681543609776,,2.0,LIFT_TOP5
Red Wine,wine,255,236,194,0.7607843137254902,425.2977733466268,1.0,1.0,P_AND_LIFT_TOP5
Red Wine,woody,255,81432,183,0.7176470588235294,1.1626777737325404,2.0,,P_TOP5
Red Wine,sweet,255,60625,167,0.6549019607843137,1.425174691732363,3.0,,P_TOP5
Red Wine,fruity,255,43222,137,0.5372549019607843,1.6399065109362425,4.0,5.0,P_AND_LIFT_TOP5
Red Wine,warm spicy,255,45319,118,0.4627450980392157,1.347116237876249,5.0,,P_TOP5
Red Wine,cherry,255,1803,30,0.11764705882352941,8.608528269877002,,2.0,LIFT_TOP5
Red Wine,smoky,255,7407,25,0.09803921568627451,1.7462283955029292,,3.0,LIFT_TOP5
Red Wine,leather,255,10809,35,0.13725490196078433,1.6752742358854913,,4.0,LIFT_TOP5
Resin,amber,571,45478,483,0.8458844133099825,2.4538794724479085,1.0,5.0,P_AND_LIFT_TOP5
Resin,woody,571,81432,458,0.8021015761821366,1.2995046289629295,2.0,,P_TOP5
Resin,balsamic,571,18162,308,0.5394045534150613,3.9182712659425745,3.0,2.0,P_AND_LIFT_TOP5
Resin,aromatic,571,54606,275,0.4816112084063047,1.163589472311537,4.0,,P_TOP5
Resin,warm spicy,571,45319,272,0.4763572679509632,1.3867431841119746,5.0,,P_TOP5
Resin,conifer,571,1828,34,0.0595446584938704,4.297443542175231,,1.0,LIFT_TOP5
Resin,smoky,571,7407,83,0.14535901926444833,2.5890664792167772,,3.0,LIFT_TOP5
Resin,coffee,571,1815,20,0.03502626970227671,2.546014193840973,,4.0,LIFT_TOP5
Resins,amber,981,45478,842,0.8583078491335372,2.489919401385012,1.0,4.0,P_AND_LIFT_TOP5
Resins,woody,981,81432,791,0.8063200815494393,1.3063391339868544,2.0,,P_TOP5
Resins,balsamic,981,18162,563,0.5739041794087666,4.168878889406375,3.0,2.0,P_AND_LIFT_TOP5
Resins,warm spicy,981,45319,503,0.5127420998980632,1.4926645609910076,4.0,,P_TOP5
Resins,aromatic,981,54606,407,0.4148827726809378,1.0023712449144073,5.0,,P_TOP5
Resins,cannabis,981,388,22,0.022426095820591234,7.625450571161344,,1.0,LIFT_TOP5
Resins,smoky,981,7407,177,0.18042813455657492,3.2137010654852074,,3.0,LIFT_TOP5
Resins,coffee,981,1815,31,0.03160040774719674,2.296992724015243,,5.0,LIFT_TOP5
Rhododendron,floral,63,46586,51,0.8095238095238095,2.2925444595044904,1.0,1.0,P_AND_LIFT_TOP5
Rhododendron,woody,63,81432,42,0.6666666666666666,1.0800831777843272,2.0,,P_TOP5
Rhododendron,sweet,63,60625,38,0.6031746031746031,1.312607429225986,3.0,4.0,P_AND_LIFT_TOP5
Rhododendron,aromatic,63,54606,33,0.5238095238095238,1.265542073695024,4.0,5.0,P_AND_LIFT_TOP5
Rhododendron,fresh spicy,63,47271,31,0.49206349206349204,1.3733142203028603,5.0,3.0,P_AND_LIFT_TOP5
Rhododendron,green,63,29755,26,0.4126984126984127,1.8298538594287208,,2.0,LIFT_TOP5
Rhubarb,fruity,1388,43222,980,0.7060518731988472,2.1551391335691066,1.0,4.0,P_AND_LIFT_TOP5
Rhubarb,aromatic,1388,54606,978,0.7046109510086456,1.702364625985617,2.0,5.0,P_AND_LIFT_TOP5
Rhubarb,green,1388,29755,920,0.6628242074927954,2.938880782877651,3.0,3.0,P_AND_LIFT_TOP5
Rhubarb,woody,1388,81432,850,0.6123919308357348,0.9921513340598107,4.0,,P_TOP5
Rhubarb,sweet,1388,60625,761,0.5482708933717579,1.1931279004129653,5.0,,P_TOP5
Rhubarb,cannabis,1388,388,23,0.016570605187319884,5.634432841142043,,1.0,LIFT_TOP5
Rhubarb,sour,1388,1912,67,0.048270893371757925,3.3307421352175854,,2.0,LIFT_TOP5
Rhuburb,aromatic,97,54606,78,0.8041237113402062,1.9427909247539354,1.0,3.0,P_AND_LIFT_TOP5
Rhuburb,green,97,29755,77,0.7938144329896907,3.51967528631591,2.0,1.0,P_AND_LIFT_TOP5
Rhuburb,fruity,97,43222,76,0.7835051546391752,2.3915560374704175,3.0,2.0,P_AND_LIFT_TOP5
Rhuburb,woody,97,81432,64,0.6597938144329897,1.0689482996628392,4.0,,P_TOP5
Rhuburb,sweet,97,60625,57,0.5876288659793815,1.278777340843873,5.0,5.0,P_AND_LIFT_TOP5
Rhuburb,fresh,97,33478,32,0.32989690721649484,1.3000567228948015,,4.0,LIFT_TOP5
Rice,sweet,371,60625,271,0.7304582210242587,1.5895975769027704,1.0,,P_TOP5
Rice,powdery,371,62885,228,0.6145552560646901,1.289310247795413,2.0,,P_TOP5
Rice,savory,371,654,195,0.5256064690026954,106.02945176685873,3.0,1.0,P_AND_LIFT_TOP5
Rice,lactonic,371,7015,178,0.4797843665768194,9.023229006768323,4.0,2.0,P_AND_LIFT_TOP5
Rice,woody,371,81432,174,0.46900269541778977,0.7598428824843919,5.0,,P_TOP5
Rice,coconut,371,3269,42,0.11320754716981132,4.56881973022735,,3.0,LIFT_TOP5
Rice,nutty,371,3619,40,0.1078167115902965,3.930439005279861,,4.0,LIFT_TOP5
Rice,iris,371,7451,47,0.12668463611859837,2.2431222712557624,,5.0,LIFT_TOP5
Roasted Coffee Beans,warm spicy,105,45319,90,0.8571428571428571,2.495263733596442,1.0,3.0,P_AND_LIFT_TOP5
Roasted Coffee Beans,coffee,105,1815,81,0.7714285714285715,56.0741440377804,2.0,1.0,P_AND_LIFT_TOP5
Roasted Coffee Beans,sweet,105,60625,67,0.638095238095238,1.3886004909180167,3.0,5.0,P_AND_LIFT_TOP5
Roasted Coffee Beans,woody,105,81432,56,0.5333333333333333,0.8640665422274618,4.0,,P_TOP5
Roasted Coffee Beans,vanilla,105,34562,46,0.4380952380952381,1.6722963011950918,5.0,4.0,P_AND_LIFT_TOP5
Roasted Coffee Beans,smoky,105,7407,22,0.20952380952380953,3.7319395423891173,,2.0,LIFT_TOP5
Rock rose,woody,124,81432,88,0.7096774193548387,1.149765963447832,1.0,,P_TOP5
Rock rose,amber,124,45478,79,0.6370967741935484,1.8481942350005462,2.0,4.0,P_AND_LIFT_TOP5
Rock rose,aromatic,124,54606,75,0.6048387096774194,1.4613114120745327,3.0,,P_TOP5
Rock rose,warm spicy,124,45319,67,0.5403225806451613,1.5729552299149612,4.0,5.0,P_AND_LIFT_TOP5
Rock rose,fresh spicy,124,47271,61,0.49193548387096775,1.3729569585389938,5.0,,P_TOP5
Rock rose,rose,124,25617,55,0.4435483870967742,2.2843166143450606,,1.0,LIFT_TOP5
Rock rose,balsamic,124,18162,36,0.2903225806451613,2.1089229195306753,,2.0,LIFT_TOP5
Rock rose,leather,124,10809,20,0.16129032258064516,1.9686402311096787,,3.0,LIFT_TOP5
Rose,woody,27804,81432,17745,0.6382175226586103,1.033992014986129,1.0,,P_TOP5
Rose,rose,27804,25617,17330,0.6232916127175946,3.2100114168650604,2.0,1.0,P_AND_LIFT_TOP5
Rose,powdery,27804,62885,14741,0.5301755143144872,1.1122852127456513,3.0,,P_TOP5
Rose,floral,27804,46586,14177,0.5098906632139261,1.443993371352193,4.0,2.0,P_AND_LIFT_TOP5
Rose,citrus,27804,59969,13524,0.486404833836858,1.0700760347529004,5.0,,P_TOP5
Rose,oud,27804,8298,2394,0.08610271903323263,1.3689481467889106,,3.0,LIFT_TOP5
Rose,violet,27804,7614,2130,0.07660768234786362,1.3274036685255644,,4.0,LIFT_TOP5
Rose,metallic,27804,2235,604,0.02172349302258668,1.2823178677717497,,5.0,LIFT_TOP5
Rose Geranium,aromatic,172,54606,139,0.8081395348837209,1.9524932944586548,1.0,4.0,P_AND_LIFT_TOP5
Rose Geranium,fresh spicy,172,47271,137,0.7965116279069767,2.223007320974116,2.0,2.0,P_AND_LIFT_TOP5
Rose Geranium,woody,172,81432,116,0.6744186046511628,1.0926422845027497,3.0,,P_TOP5
Rose Geranium,citrus,172,59969,104,0.6046511627906976,1.3302144092277133,4.0,,P_TOP5
Rose Geranium,warm spicy,172,45319,87,0.5058139534883721,1.4724957497676676,5.0,5.0,P_AND_LIFT_TOP5
Rose Geranium,herbal,172,8607,33,0.19186046511627908,2.9408796517707327,,1.0,LIFT_TOP5
Rose Geranium,rose,172,25617,67,0.38953488372093026,2.0061419061288333,,3.0,LIFT_TOP5
Rose Hip,rose,131,25617,98,0.7480916030534351,3.852743302917582,1.0,1.0,P_AND_LIFT_TOP5
Rose Hip,fruity,131,43222,84,0.6412213740458015,1.9572517671061633,2.0,2.0,P_AND_LIFT_TOP5
Rose Hip,floral,131,46586,81,0.6183206106870229,1.7510633702816067,3.0,3.0,P_AND_LIFT_TOP5
Rose Hip,woody,131,81432,69,0.5267175572519084,0.8533481595471593,4.0,,P_TOP5
Rose Hip,sweet,131,60625,60,0.4580152671755725,0.9967167702840953,5.0,,P_TOP5
Rose Hip,green,131,29755,50,0.3816793893129771,1.6923193356431212,,4.0,LIFT_TOP5
Rose Hip,fresh,131,33478,46,0.3511450381679389,1.3837912923560602,,5.0,LIFT_TOP5
Rose Oil,woody,267,81432,184,0.6891385767790262,1.1164904759118888,1.0,,P_TOP5
Rose Oil,rose,267,25617,182,0.6816479400749064,3.5105520839318576,2.0,1.0,P_AND_LIFT_TOP5
Rose Oil,floral,267,46586,138,0.5168539325842697,1.4637131182295688,3.0,3.0,P_AND_LIFT_TOP5
Rose Oil,amber,267,45478,122,0.45692883895131087,1.3255337025121254,4.0,,P_TOP5
Rose Oil,citrus,267,59969,118,0.4419475655430712,0.9722713789140619,5.0,,P_TOP5
Rose Oil,oud,267,8298,31,0.11610486891385768,1.8459526820686,,2.0,LIFT_TOP5
Rose Oil,patchouli,267,14822,43,0.16104868913857678,1.4334876236710588,,4.0,LIFT_TOP5
Rose Oil,balsamic,267,18162,52,0.1947565543071161,1.4147248215911148,,5.0,LIFT_TOP5
Rose Petals,rose,428,25617,340,0.794392523364486,4.091197470721655,1.0,1.0,P_AND_LIFT_TOP5
Rose Petals,floral,428,46586,261,0.6098130841121495,1.726970338447514,2.0,4.0,P_AND_LIFT_TOP5
Rose Petals,woody,428,81432,243,0.5677570093457944,0.9198371922952974,3.0,,P_TOP5
Rose Petals,powdery,428,62885,235,0.5490654205607477,1.1519154159907679,4.0,,P_TOP5
Rose Petals,sweet,428,60625,211,0.4929906542056075,1.0728289815974563,5.0,,P_TOP5
Rose Petals,violet,428,7614,48,0.11214953271028037,1.9432476819631324,,2.0,LIFT_TOP5
Rose Petals,honey,428,3467,20,0.04672897196261682,1.778180926169033,,3.0,LIFT_TOP5
Rose Petals,fruity,428,43222,186,0.43457943925233644,1.326501906912238,,5.0,LIFT_TOP5
Rose Water,rose,249,25617,192,0.7710843373493976,3.971158083558029,1.0,1.0,P_AND_LIFT_TOP5
Rose Water,floral,249,46586,166,0.6666666666666666,1.8879777901801686,2.0,3.0,P_AND_LIFT_TOP5
Rose Water,woody,249,81432,133,0.5341365461847389,0.8653678472609369,3.0,,P_TOP5
Rose Water,sweet,249,60625,128,0.5140562248995983,1.118671138160891,4.0,,P_TOP5
Rose Water,fruity,249,43222,119,0.4779116465863454,1.4587683016550956,5.0,5.0,P_AND_LIFT_TOP5
Rose Water,tropical,249,6512,25,0.10040160642570281,2.0340884422209724,,2.0,LIFT_TOP5
Rose Water,aquatic,249,8872,31,0.12449799196787148,1.8513322903878815,,4.0,LIFT_TOP5
Rose de Mai,woody,480,81432,320,0.6666666666666666,1.0800831777843272,1.0,,P_TOP5
Rose de Mai,rose,480,25617,297,0.61875,3.1866216770113596,2.0,1.0,P_AND_LIFT_TOP5
Rose de Mai,floral,480,46586,265,0.5520833333333334,1.563481607492952,3.0,5.0,P_AND_LIFT_TOP5
Rose de Mai,citrus,480,59969,223,0.46458333333333335,1.0220693886285692,4.0,,P_TOP5
Rose de Mai,powdery,480,62885,217,0.45208333333333334,0.9484512072301291,5.0,,P_TOP5
Rose de Mai,oud,480,8298,63,0.13125,2.0867453000723066,,2.0,LIFT_TOP5
Rose de Mai,yellow floral,480,6986,43,0.08958333333333333,1.691773427807997,,3.0,LIFT_TOP5
Rose de Mai,tuberose,480,3931,23,0.04791666666666667,1.6081520817434072,,4.0,LIFT_TOP5
Rosemary,aromatic,3207,54606,3023,0.9426255067040848,2.277416091628574,1.0,,P_TOP5
Rosemary,fresh spicy,3207,47271,2840,0.885562831306517,2.4715428980615766,2.0,4.0,P_AND_LIFT_TOP5
Rosemary,woody,3207,81432,2838,0.8849391955098223,1.4337119076482323,3.0,,P_TOP5
Rosemary,citrus,3207,59969,2129,0.6638603055815404,1.4604727461750675,4.0,,P_TOP5
Rosemary,warm spicy,3207,45319,1058,0.3299033364515123,0.9603951362132443,5.0,,P_TOP5
Rosemary,lavender,3207,8336,787,0.24540068599937637,3.8838426708130664,,1.0,LIFT_TOP5
Rosemary,camphor,3207,793,69,0.021515434985968196,3.5794846629240653,,2.0,LIFT_TOP5
Rosemary,herbal,3207,8607,646,0.2014343623323979,3.08763046619185,,3.0,LIFT_TOP5
Rosemary,mossy,3207,6173,345,0.10757717492984098,2.2991506056202686,,5.0,LIFT_TOP5
Rum,woody,1971,81432,1588,0.8056823947234906,1.3053060017667517,1.0,,P_TOP5
Rum,sweet,1971,60625,1462,0.7417554540842212,1.614182219502372,2.0,,P_TOP5
Rum,warm spicy,1971,45319,1327,0.6732623033992897,1.9599615103481607,3.0,,P_TOP5
Rum,rum,1971,1166,1126,0.5712836123795028,64.63931988098439,4.0,1.0,P_AND_LIFT_TOP5
Rum,vanilla,1971,34562,943,0.47843734145104005,1.8262901006202106,5.0,,P_TOP5
Rum,whiskey,1971,808,69,0.0350076103500761,5.716032219660322,,2.0,LIFT_TOP5
Rum,tobacco,1971,4372,320,0.16235413495687467,4.89921798372838,,3.0,LIFT_TOP5
Rum,cacao,1971,2035,138,0.0700152207001522,4.5391194432290325,,4.0,LIFT_TOP5
Rum,coffee,1971,1815,114,0.0578386605783866,4.204217349920961,,5.0,LIFT_TOP5
Russian Leather,leather,92,10809,71,0.7717391304347826,9.41951554059218,1.0,1.0,P_AND_LIFT_TOP5
Russian Leather,woody,92,81432,70,0.7608695652173914,1.2327036268190692,2.0,,P_TOP5
Russian Leather,animalic,92,18242,52,0.5652173913043478,4.087771649752363,3.0,3.0,P_AND_LIFT_TOP5
Russian Leather,warm spicy,92,45319,46,0.5,1.455570511264591,4.0,5.0,P_AND_LIFT_TOP5
Russian Leather,amber,92,45478,46,0.5,1.450481551519416,5.0,,P_TOP5
Russian Leather,smoky,92,7407,31,0.33695652173913043,6.00171107236985,,2.0,LIFT_TOP5
Russian Leather,earthy,92,19049,26,0.2826086956521739,1.9572977698247311,,4.0,LIFT_TOP5
Saffron,warm spicy,8393,45319,7398,0.8814488264029549,2.5660218378018453,1.0,5.0,P_AND_LIFT_TOP5
Saffron,woody,8393,81432,6059,0.7219111164065293,1.1695860790292931,2.0,,P_TOP5
Saffron,amber,8393,45478,4801,0.5720243059692601,1.659421405658219,3.0,,P_TOP5
Saffron,powdery,8393,62885,3270,0.38961038961038963,0.8173856834109676,4.0,,P_TOP5
Saffron,leather,8393,10809,3164,0.3769808173477898,4.601265541002305,5.0,2.0,P_AND_LIFT_TOP5
Saffron,metallic,8393,2235,1881,0.22411533420707733,13.229322613843271,,1.0,LIFT_TOP5
Saffron,oud,8393,8298,2399,0.28583343262242344,4.544469120978106,,3.0,LIFT_TOP5
Saffron,tobacco,8393,4372,974,0.11604908852615274,3.501911310442665,,4.0,LIFT_TOP5
Sage,aromatic,3530,54606,3254,0.9218130311614731,2.227132425028992,1.0,5.0,P_AND_LIFT_TOP5
Sage,woody,3530,81432,2726,0.7722379603399433,1.25112184531448,2.0,,P_TOP5
Sage,fresh spicy,3530,47271,2232,0.6322946175637394,1.764689321046395,3.0,,P_TOP5
Sage,citrus,3530,59969,1975,0.5594900849858357,1.2308613935897097,4.0,,P_TOP5
Sage,herbal,3530,8607,1890,0.5354107648725213,8.206894645013563,5.0,1.0,P_AND_LIFT_TOP5
Sage,lavender,3530,8336,703,0.1991501416430595,3.1518567882640163,,2.0,LIFT_TOP5
Sage,soft spicy,3530,13661,911,0.2580736543909348,2.4923253951977187,,3.0,LIFT_TOP5
Sage,cannabis,3530,388,24,0.006798866855524079,2.3117899594053912,,4.0,LIFT_TOP5
Salt,salty,939,2520,675,0.7188498402555911,37.63407120036513,1.0,1.0,P_AND_LIFT_TOP5
Salt,woody,939,81432,572,0.6091586794462194,0.9869130634067654,2.0,,P_TOP5
Salt,marine,939,4326,428,0.45580404685835996,13.900653699034542,3.0,2.0,P_AND_LIFT_TOP5
Salt,aromatic,939,54606,424,0.45154419595314166,1.0909465218492103,4.0,,P_TOP5
Salt,sweet,939,60625,410,0.4366347177848775,0.9501891681213838,5.0,,P_TOP5
Salt,mineral,939,770,40,0.042598509052183174,7.298728960070813,,3.0,LIFT_TOP5
Salt,caramel,939,4008,95,0.10117145899893504,3.3302271920482784,,4.0,LIFT_TOP5
Salt,coconut,939,3269,75,0.07987220447284345,3.22347504928181,,5.0,LIFT_TOP5
Salted Caramel,sweet,67,60625,54,0.8059701492537313,1.7539239883058932,1.0,3.0,P_AND_LIFT_TOP5
Salted Caramel,vanilla,67,34562,50,0.746268656716418,2.848655282697674,2.0,2.0,P_AND_LIFT_TOP5
Salted Caramel,woody,67,81432,39,0.582089552238806,0.9430577000057185,3.0,,P_TOP5
Salted Caramel,powdery,67,62885,37,0.5522388059701493,1.1585730408148491,4.0,4.0,P_AND_LIFT_TOP5
Salted Caramel,warm spicy,67,45319,25,0.373134328358209,1.086246650197456,5.0,5.0,P_AND_LIFT_TOP5
Salted Caramel,nutty,67,3619,22,0.3283582089552239,11.97023998548292,,1.0,LIFT_TOP5
Sand,sand,304,215,215,0.7072368421052632,433.98026315789474,1.0,1.0,P_AND_LIFT_TOP5
Sand,woody,304,81432,167,0.5493421052631579,0.8900027501150459,2.0,,P_TOP5
Sand,sweet,304,60625,138,0.45394736842105265,0.9878643516006511,3.0,,P_TOP5
Sand,aromatic,304,54606,135,0.4440789473684211,1.0729102209705121,4.0,,P_TOP5
Sand,powdery,304,62885,102,0.3355263157894737,0.7039196444637873,5.0,,P_TOP5
Sand,mineral,304,770,95,0.3125,53.54301948051948,,2.0,LIFT_TOP5
Sand,salty,304,2520,94,0.3092105263157895,16.188152673350043,,3.0,LIFT_TOP5
Sand,marine,304,4326,86,0.28289473684210525,8.627439350804195,,4.0,LIFT_TOP5
Sand,coconut,304,3269,39,0.12828947368421054,5.177494727181981,,5.0,LIFT_TOP5
Sandal,woody,433,81432,348,0.8036951501154734,1.3020864175598588,1.0,,P_TOP5
Sandal,powdery,433,62885,285,0.6581986143187067,1.3808721187416233,2.0,5.0,P_AND_LIFT_TOP5
Sandal,warm spicy,433,45319,220,0.5080831408775982,1.4791016742642495,3.0,3.0,P_AND_LIFT_TOP5
Sandal,sweet,433,60625,202,0.4665127020785219,1.01520859027166,4.0,,P_TOP5
Sandal,citrus,433,59969,177,0.40877598152424943,0.8992948897346,5.0,,P_TOP5
Sandal,cherry,433,1803,22,0.050808314087759814,3.7177708694387976,,1.0,LIFT_TOP5
Sandal,almond,433,3438,26,0.06004618937644342,2.3042157546347237,,2.0,LIFT_TOP5
Sandal,yellow floral,433,6986,33,0.07621247113163972,1.4392658626391681,,4.0,LIFT_TOP5
Sandalowood,woody,611,81432,527,0.8625204582651391,1.3973907562005083,1.0,4.0,P_AND_LIFT_TOP5
Sandalowood,powdery,611,62885,433,0.7086743044189853,1.486767925292148,2.0,3.0,P_AND_LIFT_TOP5
Sandalowood,citrus,611,59969,322,0.5270049099836334,1.1593949836438953,3.0,,P_TOP5
Sandalowood,sweet,611,60625,273,0.44680851063829785,0.9723290195218249,4.0,,P_TOP5
Sandalowood,aromatic,611,54606,272,0.4451718494271686,1.075550710451715,5.0,,P_TOP5
Sandalowood,lavender,611,8336,66,0.10801963993453355,1.7095766670541042,,1.0,LIFT_TOP5
Sandalowood,nutty,611,3619,25,0.04091653027823241,1.4916048189022386,,2.0,LIFT_TOP5
Sandalowood,caramel,611,4008,24,0.03927986906710311,1.292962356792144,,5.0,LIFT_TOP5
Sandalwood,woody,34292,81432,29401,0.8573719818033361,1.3890495819740905,1.0,3.0,P_AND_LIFT_TOP5
Sandalwood,powdery,34292,62885,23852,0.6955558147672927,1.4592459035103589,2.0,1.0,P_AND_LIFT_TOP5
Sandalwood,warm spicy,34292,45319,16364,0.47719584742797155,1.3891844072281445,3.0,2.0,P_AND_LIFT_TOP5
Sandalwood,citrus,34292,59969,15905,0.4638108013530853,1.0203698414599633,4.0,,P_TOP5
Sandalwood,aromatic,34292,54606,14886,0.43409541584042927,1.048789660693474,5.0,,P_TOP5
Sandalwood,tuberose,34292,3931,1270,0.03703487693922781,1.242943605848976,,4.0,LIFT_TOP5
Sandalwood,balsamic,34292,18162,5861,0.1709144990085151,1.2415345146015526,,5.0,LIFT_TOP5
Sea Notes,aromatic,2183,54606,1997,0.9147961520842877,2.2101794005142303,1.0,,P_TOP5
Sea Notes,marine,2183,4326,1815,0.8314246449839671,25.3559531698416,2.0,1.0,P_AND_LIFT_TOP5
Sea Notes,woody,2183,81432,1366,0.6257443884562529,1.0137839813468101,3.0,,P_TOP5
Sea Notes,citrus,2183,59969,1319,0.6042143838754008,1.3292535087242014,4.0,,P_TOP5
Sea Notes,fresh spicy,2183,47271,937,0.429225836005497,1.1979387900447467,5.0,,P_TOP5
Sea Notes,salty,2183,2520,802,0.3673843334860284,19.23373615746497,,2.0,LIFT_TOP5
Sea Notes,sand,2183,215,33,0.015116811726981219,9.276097540188987,,3.0,LIFT_TOP5
Sea Notes,aquatic,2183,8872,724,0.331653687585891,4.931815938143214,,4.0,LIFT_TOP5
Sea Notes,mineral,2183,770,47,0.02153000458085204,3.68890065500235,,5.0,LIFT_TOP5
Sea Salt,salty,713,2520,558,0.782608695652174,40.97204968944099,1.0,1.0,P_AND_LIFT_TOP5
Sea Salt,aromatic,713,54606,401,0.5624123422159888,1.358807828966696,2.0,,P_TOP5
Sea Salt,woody,713,81432,385,0.5399719495091164,0.8748219287103071,3.0,,P_TOP5
Sea Salt,marine,713,4326,380,0.5329593267882188,16.253657878680006,4.0,3.0,P_AND_LIFT_TOP5
Sea Salt,citrus,713,59969,365,0.511921458625526,1.126211843393514,5.0,,P_TOP5
Sea Salt,sand,713,215,21,0.029453015427769985,18.073192211096252,,2.0,LIFT_TOP5
Sea Salt,mineral,713,770,31,0.043478260869565216,7.449463579898363,,4.0,LIFT_TOP5
Sea Salt,coconut,713,3269,59,0.08274894810659186,3.339574403090445,,5.0,LIFT_TOP5
Sea water,aromatic,762,54606,706,0.926509186351706,2.2384784997139615,1.0,,P_TOP5
Sea water,marine,762,4326,663,0.8700787401574803,26.5347869137717,2.0,1.0,P_AND_LIFT_TOP5
Sea water,woody,762,81432,463,0.6076115485564304,0.9844065183349281,3.0,,P_TOP5
Sea water,citrus,762,59969,392,0.5144356955380578,1.1317430891349858,4.0,,P_TOP5
Sea water,salty,762,2520,305,0.400262467191601,20.955010831979337,5.0,3.0,P_AND_LIFT_TOP5
Sea water,sand,762,215,29,0.03805774278215223,23.353293047671368,,2.0,LIFT_TOP5
Sea water,aquatic,762,8872,304,0.3989501312335958,5.932539541664596,,4.0,LIFT_TOP5
Sea water,mineral,762,770,22,0.028871391076115485,4.946756655418072,,5.0,LIFT_TOP5
Seaweed,aromatic,675,54606,566,0.8385185185185186,2.02588997817361,1.0,,P_TOP5
Seaweed,marine,675,4326,516,0.7644444444444445,23.313258334617558,2.0,1.0,P_AND_LIFT_TOP5
Seaweed,woody,675,81432,434,0.642962962962963,1.0416802203519955,3.0,,P_TOP5
Seaweed,aquatic,675,8872,414,0.6133333333333333,9.120498948001202,4.0,3.0,P_AND_LIFT_TOP5
Seaweed,citrus,675,59969,341,0.5051851851851852,1.1113922440174338,5.0,,P_TOP5
Seaweed,salty,675,2520,168,0.24888888888888888,13.030123456790124,,2.0,LIFT_TOP5
Seaweed,mineral,675,770,22,0.03259259259259259,5.584338624338624,,4.0,LIFT_TOP5
Seaweed,ozonic,675,5777,88,0.13037037037037036,2.97728283935658,,5.0,LIFT_TOP5
Sequoia,woody,71,81432,68,0.9577464788732394,1.5516687906197377,1.0,5.0,P_AND_LIFT_TOP5
Sequoia,warm spicy,71,45319,52,0.7323943661971831,2.1321032841058796,2.0,1.0,P_AND_LIFT_TOP5
Sequoia,fresh spicy,71,47271,51,0.7183098591549296,2.004751744585684,3.0,2.0,P_AND_LIFT_TOP5
Sequoia,aromatic,71,54606,51,0.7183098591549296,1.7354616657200648,4.0,4.0,P_AND_LIFT_TOP5
Sequoia,citrus,71,59969,27,0.38028169014084506,0.8366083039617417,5.0,,P_TOP5
Sequoia,earthy,71,19049,20,0.28169014084507044,1.9509360219271428,,3.0,LIFT_TOP5
Sesame,woody,169,81432,116,0.6863905325443787,1.1120383013874138,1.0,,P_TOP5
Sesame,aromatic,169,54606,109,0.6449704142011834,1.5582710095147443,2.0,3.0,P_AND_LIFT_TOP5
Sesame,sweet,169,60625,106,0.6272189349112426,1.3649318611602512,3.0,5.0,P_AND_LIFT_TOP5
Sesame,powdery,169,62885,87,0.514792899408284,1.0800131544714147,4.0,,P_TOP5
Sesame,vanilla,169,34562,83,0.4911242603550296,1.8747185830865996,5.0,2.0,P_AND_LIFT_TOP5
Sesame,nutty,169,3619,27,0.15976331360946747,5.824143123652125,,1.0,LIFT_TOP5
Sesame,warm spicy,169,45319,82,0.48520710059171596,1.4125062949549878,,4.0,LIFT_TOP5
Shiso,aromatic,135,54606,125,0.9259259259259259,2.2370693221881734,1.0,3.0,P_AND_LIFT_TOP5
Shiso,green,135,29755,112,0.8296296296296296,3.6784754507490183,2.0,1.0,P_AND_LIFT_TOP5
Shiso,fresh spicy,135,47271,109,0.8074074074074075,2.2534166668625426,3.0,2.0,P_AND_LIFT_TOP5
Shiso,woody,135,81432,92,0.6814814814814815,1.1040850261795345,4.0,,P_TOP5
Shiso,citrus,135,59969,77,0.5703703703703704,1.254797694858393,5.0,,P_TOP5
Shiso,soft spicy,135,13661,20,0.14814814814814814,1.4307287303407645,,4.0,LIFT_TOP5
Shiso,earthy,135,19049,25,0.18518518518518517,1.2825597921928438,,5.0,LIFT_TOP5
Siam,amber,58,45478,46,0.7931034482758621,2.300763840341143,1.0,2.0,P_AND_LIFT_TOP5
Siam,woody,58,81432,37,0.6379310344827587,1.0335278683970717,2.0,5.0,P_AND_LIFT_TOP5
Siam,warm spicy,58,45319,36,0.6206896551724138,1.806915117431906,3.0,3.0,P_AND_LIFT_TOP5
Siam,vanilla,58,34562,23,0.39655172413793105,1.51371647953004,4.0,4.0,P_AND_LIFT_TOP5
Siam,aromatic,58,54606,23,0.39655172413793105,0.9580827924681764,5.0,,P_TOP5
Siam,balsamic,58,18162,20,0.3448275862068966,2.5048509772203427,,1.0,LIFT_TOP5
Siam Benzoin,amber,421,45478,340,0.8076009501187649,2.342820558273641,1.0,1.0,P_AND_LIFT_TOP5
Siam Benzoin,woody,421,81432,290,0.6888361045130641,1.1160004331025708,2.0,,P_TOP5
Siam Benzoin,warm spicy,421,45319,279,0.66270783847981,1.9292359745502181,3.0,3.0,P_AND_LIFT_TOP5
Siam Benzoin,vanilla,421,34562,189,0.4489311163895487,1.7136589950024061,4.0,5.0,P_AND_LIFT_TOP5
Siam Benzoin,powdery,421,62885,189,0.4489311163895487,0.9418379929279345,5.0,,P_TOP5
Siam Benzoin,balsamic,421,18162,128,0.30403800475059384,2.2085526906037796,,2.0,LIFT_TOP5
Siam Benzoin,cinnamon,421,4259,24,0.057007125890736345,1.7658957780617153,,4.0,LIFT_TOP5
Siberian Pine,woody,64,81432,63,0.984375,1.5948103171971706,1.0,,P_TOP5
Siberian Pine,aromatic,64,54606,61,0.953125,2.3027832335274514,2.0,3.0,P_AND_LIFT_TOP5
Siberian Pine,fresh spicy,64,47271,44,0.6875,1.9187636182860528,3.0,5.0,P_AND_LIFT_TOP5
Siberian Pine,conifer,64,1828,33,0.515625,37.21357015864333,4.0,1.0,P_AND_LIFT_TOP5
Siberian Pine,balsamic,64,18162,30,0.46875,3.405031797158903,5.0,2.0,P_AND_LIFT_TOP5
Siberian Pine,green,64,29755,30,0.46875,2.078379684086708,,4.0,LIFT_TOP5
Sichuan Pepper,fresh spicy,554,47271,504,0.9097472924187726,2.5390400094943764,1.0,2.0,P_AND_LIFT_TOP5
Sichuan Pepper,woody,554,81432,402,0.7256317689530686,1.1756140003681395,2.0,,P_TOP5
Sichuan Pepper,citrus,554,59969,385,0.6949458483754513,1.5288600072733127,3.0,,P_TOP5
Sichuan Pepper,aromatic,554,54606,360,0.6498194945848376,1.5699865567992093,4.0,,P_TOP5
Sichuan Pepper,amber,554,45478,289,0.5216606498194946,1.5133182974336146,5.0,,P_TOP5
Sichuan Pepper,herbal,554,8607,187,0.33754512635379064,5.173966366893876,,1.0,LIFT_TOP5
Sichuan Pepper,lavender,554,8336,68,0.12274368231046931,1.9426072465475308,,3.0,LIFT_TOP5
Sichuan Pepper,oud,554,8298,63,0.11371841155234658,1.8080103682936952,,4.0,LIFT_TOP5
Sichuan Pepper,smoky,554,7407,55,0.09927797833935018,1.7682926532078398,,5.0,LIFT_TOP5
Sicilian Bergamot,citrus,412,59969,315,0.7645631067961165,1.6820158862013983,1.0,1.0,P_AND_LIFT_TOP5
Sicilian Bergamot,woody,412,81432,314,0.7621359223300971,1.2347552833408206,2.0,,P_TOP5
Sicilian Bergamot,aromatic,412,54606,246,0.5970873786407767,1.4425839260168785,3.0,3.0,P_AND_LIFT_TOP5
Sicilian Bergamot,fresh spicy,412,47271,237,0.5752427184466019,1.605461527038992,4.0,2.0,P_AND_LIFT_TOP5
Sicilian Bergamot,powdery,412,62885,194,0.470873786407767,0.9878727620382715,5.0,,P_TOP5
Sicilian Bergamot,earthy,412,19049,78,0.18932038834951456,1.311199476872878,,4.0,LIFT_TOP5
Sicilian Bergamot,green,412,29755,117,0.28398058252427183,1.2591348765729182,,5.0,LIFT_TOP5
Sicilian Lemon,citrus,864,59969,764,0.8842592592592593,1.9453438288794889,1.0,1.0,P_AND_LIFT_TOP5
Sicilian Lemon,aromatic,864,54606,577,0.6678240740740741,1.6134862486282202,2.0,3.0,P_AND_LIFT_TOP5
Sicilian Lemon,woody,864,81432,574,0.6643518518518519,1.076332888972576,3.0,,P_TOP5
Sicilian Lemon,fresh spicy,864,47271,454,0.5254629629629629,1.4665297688583636,4.0,4.0,P_AND_LIFT_TOP5
Sicilian Lemon,powdery,864,62885,412,0.47685185185185186,1.000414483816726,5.0,,P_TOP5
Sicilian Lemon,lavender,864,8336,101,0.11689814814814815,1.850092692560603,,2.0,LIFT_TOP5
Sicilian Lemon,fresh,864,33478,321,0.3715277777777778,1.4641155302653153,,5.0,LIFT_TOP5
Sicilian Mandarin,citrus,197,59969,171,0.868020304568528,1.9096186159803548,1.0,2.0,P_AND_LIFT_TOP5
Sicilian Mandarin,woody,197,81432,143,0.7258883248730964,1.1760296529682142,2.0,5.0,P_AND_LIFT_TOP5
Sicilian Mandarin,powdery,197,62885,97,0.49238578680203043,1.03300400497403,3.0,,P_TOP5
Sicilian Mandarin,sweet,197,60625,94,0.47715736040609136,1.0383731226123816,4.0,,P_TOP5
Sicilian Mandarin,aromatic,197,54606,92,0.467005076142132,1.1283005474752128,5.0,,P_TOP5
Sicilian Mandarin,yellow floral,197,6986,21,0.1065989847715736,2.013112519455154,,1.0,LIFT_TOP5
Sicilian Mandarin,white floral,197,39497,77,0.39086294416243655,1.3055813915829115,,3.0,LIFT_TOP5
Sicilian Mandarin,fresh spicy,197,47271,87,0.4416243654822335,1.2325422042705054,,4.0,LIFT_TOP5
Sicilian Orange,citrus,217,59969,194,0.8940092165898618,1.966793442356892,1.0,3.0,P_AND_LIFT_TOP5
Sicilian Orange,fresh spicy,217,47271,154,0.7096774193548387,1.9806592188759253,2.0,2.0,P_AND_LIFT_TOP5
Sicilian Orange,sweet,217,60625,143,0.6589861751152074,1.4340626158012257,3.0,,P_TOP5
Sicilian Orange,amber,217,45478,127,0.5852534562211982,1.6977986824236482,4.0,4.0,P_AND_LIFT_TOP5
Sicilian Orange,woody,217,81432,107,0.4930875576036866,0.7988633642137536,5.0,,P_TOP5
Sicilian Orange,cinnamon,217,4259,23,0.10599078341013825,3.283250541277187,,1.0,LIFT_TOP5
Sicilian Orange,vanilla,217,34562,87,0.4009216589861751,1.5303973864373035,,5.0,LIFT_TOP5
Silk,musky,83,41154,54,0.6506024096385542,2.0856775988631595,1.0,1.0,P_AND_LIFT_TOP5
Silk,sweet,83,60625,47,0.5662650602409639,1.2322861756303565,2.0,3.0,P_AND_LIFT_TOP5
Silk,powdery,83,62885,46,0.5542168674698795,1.1627229279685332,3.0,4.0,P_AND_LIFT_TOP5
Silk,woody,83,81432,46,0.5542168674698795,0.8979004730978142,4.0,,P_TOP5
Silk,floral,83,46586,29,0.3493975903614458,0.9894823358173173,5.0,,P_TOP5
Silk,rose,83,25617,23,0.27710843373493976,1.4271349362786665,,2.0,LIFT_TOP5
Silk,vanilla,83,34562,23,0.27710843373493976,1.0577777808764135,,5.0,LIFT_TOP5
Singapore Patchouli,woody,54,81432,46,0.8518518518518519,1.3801062827244182,1.0,1.0,P_AND_LIFT_TOP5
Singapore Patchouli,citrus,54,59969,30,0.5555555555555556,1.222205546939993,2.0,4.0,P_AND_LIFT_TOP5
Singapore Patchouli,sweet,54,60625,27,0.5,1.088082474226804,3.0,,P_TOP5
Singapore Patchouli,aromatic,54,54606,26,0.48148148148148145,1.1632760475378503,4.0,5.0,P_AND_LIFT_TOP5
Singapore Patchouli,warm spicy,54,45319,25,0.46296296296296297,1.3477504733931398,5.0,2.0,P_AND_LIFT_TOP5
Singapore Patchouli,amber,54,45478,25,0.46296296296296297,1.3430384736290888,,3.0,LIFT_TOP5
Skin,powdery,235,62885,157,0.6680851063829787,1.401613549894353,1.0,,P_TOP5
Skin,musky,235,41154,154,0.6553191489361702,2.1007983505649253,2.0,4.0,P_AND_LIFT_TOP5
Skin,sweet,235,60625,121,0.5148936170212766,1.1204934415441983,3.0,,P_TOP5
Skin,woody,235,81432,107,0.4553191489361702,0.7376738299335511,4.0,,P_TOP5
Skin,citrus,235,59969,84,0.3574468085106383,0.7863722497758594,5.0,,P_TOP5
Skin,salty,235,2520,30,0.1276595744680851,6.6833839918946305,,1.0,LIFT_TOP5
Skin,lactonic,235,7015,34,0.14468085106382977,2.720989975887536,,2.0,LIFT_TOP5
Skin,marine,235,4326,20,0.0851063829787234,2.5954889288911187,,3.0,LIFT_TOP5
Skin,animalic,235,18242,53,0.225531914893617,1.631094481521483,,5.0,LIFT_TOP5
Smoke,smoky,1224,7407,1047,0.8553921568627451,15.235842750763057,1.0,1.0,P_AND_LIFT_TOP5
Smoke,woody,1224,81432,1022,0.8349673202614379,1.3527512349210569,2.0,,P_TOP5
Smoke,amber,1224,45478,572,0.4673202614379085,1.3556788357338332,3.0,,P_TOP5
Smoke,warm spicy,1224,45319,563,0.4599673202614379,1.3390297350358902,4.0,,P_TOP5
Smoke,aromatic,1224,54606,525,0.42892156862745096,1.036289465425404,5.0,,P_TOP5
Smoke,whiskey,1224,808,40,0.032679738562091505,5.3359380055652625,,2.0,LIFT_TOP5
Smoke,mineral,1224,770,33,0.02696078431372549,4.6193977591036415,,3.0,LIFT_TOP5
Smoke,tobacco,1224,4372,149,0.12173202614379085,3.6734003223125176,,4.0,LIFT_TOP5
Smoke,leather,1224,10809,322,0.2630718954248366,3.2109422854471914,,5.0,LIFT_TOP5
Snow,fresh,102,33478,97,0.9509803921568627,3.7476206206241383,1.0,2.0,P_AND_LIFT_TOP5
Snow,ozonic,102,5777,60,0.5882352941176471,13.433595698968526,2.0,1.0,P_AND_LIFT_TOP5
Snow,woody,102,81432,56,0.5490196078431373,0.8894802640576812,3.0,,P_TOP5
Snow,aromatic,102,54606,44,0.43137254901960786,1.042211119513549,4.0,,P_TOP5
Snow,sweet,102,60625,40,0.39215686274509803,0.853398019001415,5.0,,P_TOP5
Snow,aquatic,102,8872,22,0.21568627450980393,3.2073365865733128,,3.0,LIFT_TOP5
Snow,green,102,29755,35,0.3431372549019608,1.5214282654752374,,4.0,LIFT_TOP5
Snow,balsamic,102,18162,21,0.20588235294117646,1.4955433775756752,,5.0,LIFT_TOP5
Snowdrops,floral,59,46586,52,0.8813559322033898,2.4959706378653075,1.0,3.0,P_AND_LIFT_TOP5
Snowdrops,fresh,59,33478,48,0.8135593220338984,3.206072087816841,2.0,1.0,P_AND_LIFT_TOP5
Snowdrops,green,59,29755,37,0.6271186440677966,2.780566718597359,3.0,2.0,P_AND_LIFT_TOP5
Snowdrops,sweet,59,60625,29,0.4915254237288136,1.0696403983924516,4.0,,P_TOP5
Snowdrops,white floral,59,39497,27,0.4576271186440678,1.5285906717652447,5.0,4.0,P_AND_LIFT_TOP5
Snowdrops,fruity,59,43222,27,0.4576271186440678,1.39685219940567,,5.0,LIFT_TOP5
Soap,soapy,86,1720,71,0.8255813953488372,63.324972958355865,1.0,1.0,P_AND_LIFT_TOP5
Soap,powdery,86,62885,44,0.5116279069767442,1.0733731377505265,2.0,,P_TOP5
Soap,musky,86,41154,43,0.5,1.6028818583855762,3.0,2.0,P_AND_LIFT_TOP5
Soap,floral,86,46586,35,0.4069767441860465,1.1525445812146378,4.0,4.0,P_AND_LIFT_TOP5
Soap,sweet,86,60625,33,0.38372093023255816,0.8350400383601055,5.0,,P_TOP5
Soap,fresh,86,33478,27,0.313953488372093,1.2372269466793187,,3.0,LIFT_TOP5
Soap,green,86,29755,21,0.2441860465116279,1.0826908121754015,,5.0,LIFT_TOP5
Soil Tincture,earthy,251,19049,233,0.9282868525896414,6.429150320864686,1.0,1.0,P_AND_LIFT_TOP5
Soil Tincture,woody,251,81432,184,0.7330677290836654,1.1876611835397384,2.0,,P_TOP5
Soil Tincture,green,251,29755,121,0.4820717131474104,2.137446517074033,3.0,,P_TOP5
Soil Tincture,aromatic,251,54606,116,0.46215139442231074,1.116573883202129,4.0,,P_TOP5
Soil Tincture,fresh spicy,251,47271,97,0.38645418326693226,1.078566148344786,5.0,,P_TOP5
Soil Tincture,mossy,251,6173,53,0.21115537848605578,4.5128347778495606,,2.0,LIFT_TOP5
Soil Tincture,ozonic,251,5777,35,0.1394422310756972,3.1844579445762045,,3.0,LIFT_TOP5
Soil Tincture,aquatic,251,8872,48,0.19123505976095617,2.84373776310448,,4.0,LIFT_TOP5
Soil Tincture,smoky,251,7407,33,0.13147410358565736,2.3417548921365974,,5.0,LIFT_TOP5
Solar Notes,sweet,570,60625,318,0.5578947368421052,1.2140709712425393,1.0,,P_TOP5
Solar Notes,woody,570,81432,264,0.4631578947368421,0.750373576144901,2.0,,P_TOP5
Solar Notes,citrus,570,59969,254,0.4456140350877193,0.9803375018613418,3.0,,P_TOP5
Solar Notes,powdery,570,62885,254,0.4456140350877193,0.9348789003597489,4.0,,P_TOP5
Solar Notes,aldehydic,570,3556,252,0.4421052631578947,16.402403646912557,5.0,2.0,P_AND_LIFT_TOP5
Solar Notes,mineral,570,770,123,0.21578947368421053,36.97286397812714,,1.0,LIFT_TOP5
Solar Notes,coconut,570,3269,68,0.11929824561403508,4.814627575362389,,3.0,LIFT_TOP5
Solar Notes,salty,570,2520,48,0.08421052631578947,4.408688387635756,,4.0,LIFT_TOP5
Solar Notes,marine,570,4326,60,0.10526315789473684,3.2102099909969097,,5.0,LIFT_TOP5
Sorbet,sweet,174,60625,162,0.9310344827586207,2.0260846071809455,1.0,3.0,P_AND_LIFT_TOP5
Sorbet,fruity,174,43222,153,0.8793103448275862,2.6839899540304346,2.0,2.0,P_AND_LIFT_TOP5
Sorbet,citrus,174,59969,99,0.5689655172413793,1.2517070601419928,3.0,,P_TOP5
Sorbet,woody,174,81432,90,0.5172413793103449,0.8379955689705987,4.0,,P_TOP5
Sorbet,floral,174,46586,85,0.4885057471264368,1.3834320014251236,5.0,,P_TOP5
Sorbet,tropical,174,6512,24,0.13793103448275862,2.7944166737270186,,1.0,LIFT_TOP5
Sorbet,fresh,174,33478,77,0.4425287356321839,1.7439158878055445,,4.0,LIFT_TOP5
Sorbet,white floral,174,39497,76,0.4367816091954023,1.4589613819062062,,5.0,LIFT_TOP5
Sour Cherry,sweet,251,60625,239,0.952191235059761,2.072125189961802,1.0,5.0,P_AND_LIFT_TOP5
Sour Cherry,cherry,251,1803,195,0.7768924302788844,56.84715381402841,2.0,1.0,P_AND_LIFT_TOP5
Sour Cherry,fruity,251,43222,184,0.7330677290836654,2.237601811531349,3.0,4.0,P_AND_LIFT_TOP5
Sour Cherry,woody,251,81432,144,0.5737051792828686,0.9294739697267517,4.0,,P_TOP5
Sour Cherry,nutty,251,3619,122,0.4860557768924303,17.719076718822418,5.0,2.0,P_AND_LIFT_TOP5
Sour Cherry,almond,251,3438,115,0.4581673306772908,17.58173820135398,,3.0,LIFT_TOP5
Spanish Labdanum,woody,140,81432,116,0.8285714285714286,1.3423890923890924,1.0,5.0,P_AND_LIFT_TOP5
Spanish Labdanum,amber,140,45478,115,0.8214285714285714,2.3829339774961835,2.0,2.0,P_AND_LIFT_TOP5
Spanish Labdanum,warm spicy,140,45319,81,0.5785714285714286,1.6843030201775981,3.0,4.0,P_AND_LIFT_TOP5
Spanish Labdanum,aromatic,140,54606,71,0.5071428571428571,1.2252748258956367,4.0,,P_TOP5
Spanish Labdanum,sweet,140,60625,65,0.4642857142857143,1.010362297496318,5.0,,P_TOP5
Spanish Labdanum,balsamic,140,18162,54,0.38571428571428573,2.8018547359478974,,1.0,LIFT_TOP5
Spanish Labdanum,patchouli,140,14822,27,0.19285714285714287,1.716613335389479,,3.0,LIFT_TOP5
Spearmint,green,146,29755,130,0.8904109589041096,3.947972367945528,1.0,1.0,P_AND_LIFT_TOP5
Spearmint,fresh spicy,146,47271,114,0.7808219178082192,2.17921845563746,2.0,5.0,P_AND_LIFT_TOP5
Spearmint,aromatic,146,54606,106,0.726027397260274,1.7541075068774117,3.0,,P_TOP5
Spearmint,woody,146,81432,96,0.6575342465753424,1.0652875178146788,4.0,,P_TOP5
Spearmint,fresh,146,33478,89,0.6095890410958904,2.402266628585364,5.0,2.0,P_AND_LIFT_TOP5
Spearmint,lavender,146,8336,22,0.1506849315068493,2.3848204191097206,,3.0,LIFT_TOP5
Spearmint,herbal,146,8607,21,0.14383561643835616,2.2047441474047087,,4.0,LIFT_TOP5
Spices,warm spicy,2884,45319,2443,0.8470873786407767,2.465990817627875,1.0,3.0,P_AND_LIFT_TOP5
Spices,woody,2884,81432,1996,0.6920943134535368,1.1212791381020373,2.0,,P_TOP5
Spices,amber,2884,45478,1362,0.4722607489597781,1.3700110077458008,3.0,,P_TOP5
Spices,powdery,2884,62885,1302,0.45145631067961167,0.9471357409232911,4.0,,P_TOP5
Spices,sweet,2884,60625,1156,0.40083217753120665,0.8722769349557459,5.0,,P_TOP5
Spices,whiskey,2884,808,62,0.021497919556171984,3.510173919611101,,1.0,LIFT_TOP5
Spices,tobacco,2884,4372,247,0.08564493758668516,2.584431979828768,,2.0,LIFT_TOP5
Spices,cacao,2884,2035,90,0.031206657420249653,2.0231421687732367,,4.0,LIFT_TOP5
Spices,rum,2884,1166,49,0.01699029126213592,1.9224091991540242,,5.0,LIFT_TOP5
Spicy Notes,warm spicy,2213,45319,1877,0.8481699051061907,2.4691422048293155,1.0,1.0,P_AND_LIFT_TOP5
Spicy Notes,woody,2213,81432,1490,0.6732941708088568,1.0908205613863404,2.0,,P_TOP5
Spicy Notes,powdery,2213,62885,1019,0.4604609127880705,0.9660270052338418,3.0,,P_TOP5
Spicy Notes,amber,2213,45478,982,0.44374152733845457,1.287277798094954,4.0,,P_TOP5
Spicy Notes,citrus,2213,59969,879,0.39719837324898327,0.8738244990368084,5.0,,P_TOP5
Spicy Notes,whiskey,2213,808,30,0.013556258472661545,2.2134618568047495,,2.0,LIFT_TOP5
Spicy Notes,tobacco,2213,4372,151,0.06823316764572977,2.0590123072966904,,3.0,LIFT_TOP5
Spicy Notes,cacao,2213,2035,58,0.026208766380478987,1.6991265594970972,,4.0,LIFT_TOP5
Spicy Notes,sour,2213,1912,53,0.02394938996836873,1.6525329594805893,,5.0,LIFT_TOP5
Spruce,woody,113,81432,109,0.9646017699115044,1.5627752174136063,1.0,,P_TOP5
Spruce,aromatic,113,54606,107,0.9469026548672567,2.287749830726242,2.0,4.0,P_AND_LIFT_TOP5
Spruce,green,113,29755,80,0.7079646017699115,3.139027723458391,3.0,3.0,P_AND_LIFT_TOP5
Spruce,fresh spicy,113,47271,65,0.5752212389380531,1.6054015792578398,4.0,,P_TOP5
Spruce,amber,113,45478,49,0.4336283185840708,1.2579397526451572,5.0,,P_TOP5
Spruce,conifer,113,1828,22,0.19469026548672566,14.051141534826979,,1.0,LIFT_TOP5
Spruce,smoky,113,7407,21,0.18584070796460178,3.310107277139181,,2.0,LIFT_TOP5
Spruce,earthy,113,19049,34,0.3008849557522124,2.083875910146957,,5.0,LIFT_TOP5
Spun Sugar,sweet,151,60625,144,0.9536423841059603,2.075283129651123,1.0,3.0,P_AND_LIFT_TOP5
Spun Sugar,caramel,151,4008,88,0.5827814569536424,19.183222958057396,2.0,1.0,P_AND_LIFT_TOP5
Spun Sugar,powdery,151,62885,83,0.5496688741721855,1.1531814354700871,3.0,,P_TOP5
Spun Sugar,vanilla,151,34562,74,0.4900662251655629,1.8706798531940487,4.0,4.0,P_AND_LIFT_TOP5
Spun Sugar,fruity,151,43222,63,0.41721854304635764,1.2735098418422552,5.0,,P_TOP5
Spun Sugar,lactonic,151,7015,23,0.152317880794702,2.8646183910541745,,2.0,LIFT_TOP5
Spun Sugar,balsamic,151,18162,28,0.18543046357615894,1.3469794658959724,,5.0,LIFT_TOP5
Star Anise,soft spicy,983,13661,662,0.6734486266531028,6.503775515287596,1.0,2.0,P_AND_LIFT_TOP5
Star Anise,anis,983,1418,588,0.5981688708036622,55.653328014899266,2.0,1.0,P_AND_LIFT_TOP5
Star Anise,woody,983,81432,585,0.595116988809766,0.964163772640638,3.0,,P_TOP5
Star Anise,powdery,983,62885,575,0.5849440488301119,1.2271872205161272,4.0,,P_TOP5
Star Anise,aromatic,983,54606,481,0.4893184130213632,1.1822103473960452,5.0,,P_TOP5
Star Anise,almond,983,3438,44,0.044760935910478125,1.717658602288941,,3.0,LIFT_TOP5
Star Anise,tobacco,983,4372,53,0.05391658189216684,1.6269932866042018,,4.0,LIFT_TOP5
Star Anise,lavender,983,8336,97,0.09867751780264497,1.5617232394077436,,5.0,LIFT_TOP5
Star Jasmine,white floral,116,39497,92,0.7931034482758621,2.6491667197770585,1.0,1.0,P_AND_LIFT_TOP5
Star Jasmine,sweet,116,60625,75,0.646551724137931,1.4070031994312122,2.0,5.0,P_AND_LIFT_TOP5
Star Jasmine,floral,116,46586,67,0.5775862068965517,1.635704895802646,3.0,2.0,P_AND_LIFT_TOP5
Star Jasmine,fruity,116,43222,62,0.5344827586206896,1.6314448740184995,4.0,3.0,P_AND_LIFT_TOP5
Star Jasmine,powdery,116,62885,60,0.5172413793103449,1.0851499590111122,5.0,,P_TOP5
Star Jasmine,fresh,116,33478,44,0.3793103448275862,1.4947850466904669,,4.0,LIFT_TOP5
Stone,woody,77,81432,55,0.7142857142857143,1.1572319761974934,1.0,3.0,P_AND_LIFT_TOP5
Stone,aromatic,77,54606,45,0.5844155844155844,1.411968429329159,2.0,2.0,P_AND_LIFT_TOP5
Stone,fresh spicy,77,47271,31,0.4025974025974026,1.1236207257023403,3.0,5.0,P_AND_LIFT_TOP5
Stone,amber,77,45478,30,0.38961038961038963,1.1302453648203241,4.0,4.0,P_AND_LIFT_TOP5
Stone,earthy,77,19049,25,0.3246753246753247,2.2486437915069337,5.0,1.0,P_AND_LIFT_TOP5
Strawberry,sweet,1980,60625,1844,0.9313131313131313,2.026690992398209,1.0,,P_TOP5
Strawberry,fruity,1980,43222,1802,0.9101010101010101,2.777974787437561,2.0,5.0,P_AND_LIFT_TOP5
Strawberry,powdery,1980,62885,1123,0.5671717171717172,1.1899016402395586,3.0,,P_TOP5
Strawberry,woody,1980,81432,909,0.4590909090909091,0.7437845519742071,4.0,,P_TOP5
Strawberry,vanilla,1980,34562,877,0.44292929292929295,1.6907488460205318,5.0,,P_TOP5
Strawberry,Champagne,1980,311,26,0.013131313131313131,5.570463477215889,,1.0,LIFT_TOP5
Strawberry,cherry,1980,1803,103,0.05202020202020202,3.8064477274127855,,2.0,LIFT_TOP5
Strawberry,caramel,1980,4008,204,0.10303030303030303,3.3914141414141414,,3.0,LIFT_TOP5
Strawberry,savory,1980,654,29,0.014646464646464647,2.9545995119389614,,4.0,LIFT_TOP5
Strawberry Leaf,sweet,50,60625,41,0.82,1.7844552577319588,1.0,3.0,P_AND_LIFT_TOP5
Strawberry Leaf,fruity,50,43222,39,0.78,2.3808569709869976,2.0,2.0,P_AND_LIFT_TOP5
Strawberry Leaf,powdery,50,62885,30,0.6,1.2587739524528903,3.0,5.0,P_AND_LIFT_TOP5
Strawberry Leaf,green,50,29755,29,0.58,2.571648462443287,4.0,1.0,P_AND_LIFT_TOP5
Strawberry Leaf,citrus,50,59969,25,0.5,1.0999849922459937,5.0,,P_TOP5
Strawberry Leaf,musky,50,41154,23,0.46,1.47465130971473,,4.0,LIFT_TOP5
Styrax,amber,1435,45478,1173,0.8174216027874565,2.371309909313275,1.0,5.0,P_AND_LIFT_TOP5
Styrax,woody,1435,81432,1145,0.7979094076655052,1.2927127929230537,2.0,,P_TOP5
Styrax,warm spicy,1435,45319,811,0.5651567944250872,1.6452511284119629,3.0,,P_TOP5
Styrax,aromatic,1435,54606,716,0.4989547038327526,1.2054919619941957,4.0,,P_TOP5
Styrax,powdery,1435,62885,572,0.3986062717770035,0.8362586536620827,5.0,,P_TOP5
Styrax,leather,1435,10809,352,0.24529616724738676,2.993979400957326,,1.0,LIFT_TOP5
Styrax,smoky,1435,7407,235,0.16376306620209058,2.9168707066345094,,2.0,LIFT_TOP5
Styrax,balsamic,1435,18162,555,0.3867595818815331,2.8094478382133388,,3.0,LIFT_TOP5
Styrax,rum,1435,1166,33,0.022996515679442508,2.6019985536782593,,4.0,LIFT_TOP5
Suede,woody,1733,81432,1128,0.6508944027697634,1.0545301424183968,1.0,,P_TOP5
Suede,leather,1733,10809,1100,0.634737449509521,7.747332011637627,2.0,1.0,P_AND_LIFT_TOP5
Suede,powdery,1733,62885,1079,0.6226197345643393,1.3062291735878713,3.0,,P_TOP5
Suede,musky,1733,41154,1027,0.5926139642238892,1.8997803445608616,4.0,,P_TOP5
Suede,warm spicy,1733,45319,862,0.49740334679746107,1.448011287605398,5.0,,P_TOP5
Suede,mineral,1733,770,30,0.017311021350259664,2.966029930830854,,2.0,LIFT_TOP5
Suede,rum,1733,1166,37,0.021350259665320254,2.4157287801421106,,3.0,LIFT_TOP5
Suede,tobacco,1733,4372,129,0.07443739180611655,2.2462317248355346,,4.0,LIFT_TOP5
Suede,metallic,1733,2235,59,0.034045008655510675,2.009645633969362,,5.0,LIFT_TOP5
Sugar,sweet,2094,60625,2006,0.9579751671442216,2.0847119802282417,1.0,,P_TOP5
Sugar,vanilla,2094,34562,1619,0.7731614135625597,2.951310262464802,2.0,,P_TOP5
Sugar,powdery,2094,62885,1175,0.561127029608405,1.177220148147203,3.0,,P_TOP5
Sugar,fruity,2094,43222,968,0.46227316141356256,1.4110336908354844,4.0,,P_TOP5
Sugar,woody,2094,81432,776,0.37058261700095513,0.6003900759030357,5.0,,P_TOP5
Sugar,savory,2094,654,87,0.04154727793696275,8.381242168537455,,1.0,LIFT_TOP5
Sugar,caramel,2094,4008,260,0.12416427889207259,4.08707418019739,,2.0,LIFT_TOP5
Sugar,lactonic,2094,7015,433,0.20678127984718242,3.888902957981294,,3.0,LIFT_TOP5
Sugar,chocolate,2094,1554,89,0.04250238777459408,3.608326910619174,,4.0,LIFT_TOP5
Sugar,coconut,2094,3269,172,0.08213944603629417,3.3149761748449955,,5.0,LIFT_TOP5
Sugar Cane,sweet,317,60625,304,0.9589905362776026,2.086921590946047,1.0,,P_TOP5
Sugar Cane,vanilla,317,34562,226,0.7129337539432177,2.721409355874333,2.0,,P_TOP5
Sugar Cane,woody,317,81432,147,0.4637223974763407,0.7512881410140194,3.0,,P_TOP5
Sugar Cane,powdery,317,62885,131,0.41324921135646686,0.8669789052120327,4.0,,P_TOP5
Sugar Cane,citrus,317,59969,127,0.40063091482649843,0.8813759874778625,5.0,,P_TOP5
Sugar Cane,rum,317,1166,41,0.12933753943217666,14.634220906764208,,1.0,LIFT_TOP5
Sugar Cane,coconut,317,3269,57,0.17981072555205047,7.256784650376879,,2.0,LIFT_TOP5
Sugar Cane,coffee,317,1815,25,0.07886435331230283,5.732547731400613,,3.0,LIFT_TOP5
Sugar Cane,chocolate,317,1554,20,0.06309148264984227,5.35628011968706,,4.0,LIFT_TOP5
Sugar Cane,caramel,317,4008,37,0.1167192429022082,3.8420084121976865,,5.0,LIFT_TOP5
Sunflower,floral,101,46586,84,0.8316831683168316,2.3552990253732795,1.0,2.0,P_AND_LIFT_TOP5
Sunflower,sweet,101,60625,79,0.7821782178217822,1.7021488210676738,2.0,3.0,P_AND_LIFT_TOP5
Sunflower,citrus,101,59969,59,0.5841584158415841,1.2851309810398739,3.0,4.0,P_AND_LIFT_TOP5
Sunflower,woody,101,81432,59,0.5841584158415841,0.946409517167455,4.0,,P_TOP5
Sunflower,powdery,101,62885,58,0.5742574257425742,1.204767149212337,5.0,,P_TOP5
Sunflower,herbal,101,8607,41,0.40594059405940597,6.222347226008763,,1.0,LIFT_TOP5
Sunflower,green,101,29755,28,0.27722772277227725,1.2291935293344491,,5.0,LIFT_TOP5
Sweet Almond,sweet,100,60625,90,0.9,1.9585484536082474,1.0,5.0,P_AND_LIFT_TOP5
Sweet Almond,almond,100,3438,82,0.82,31.466724840023268,2.0,1.0,P_AND_LIFT_TOP5
Sweet Almond,fruity,100,43222,73,0.73,2.228237934385267,3.0,3.0,P_AND_LIFT_TOP5
Sweet Almond,nutty,100,3619,59,0.59,21.508344846642718,4.0,2.0,P_AND_LIFT_TOP5
Sweet Almond,vanilla,100,34562,55,0.55,2.099458943348186,5.0,4.0,P_AND_LIFT_TOP5
Sweet Notes,sweet,1216,60625,1142,0.9391447368421053,2.0437338578404773,1.0,3.0,P_AND_LIFT_TOP5
Sweet Notes,fruity,1216,43222,703,0.578125,1.76465761070751,2.0,,P_TOP5
Sweet Notes,powdery,1216,62885,642,0.5279605263157895,1.107638264082724,3.0,,P_TOP5
Sweet Notes,woody,1216,81432,581,0.4777960526315789,0.7740892182886852,4.0,,P_TOP5
Sweet Notes,musky,1216,41154,411,0.3379934210526316,1.0835270457178812,5.0,,P_TOP5
Sweet Notes,sour,1216,1912,89,0.07319078947368421,5.050241033087426,,1.0,LIFT_TOP5
Sweet Notes,caramel,1216,4008,86,0.07072368421052631,2.3279879385964914,,2.0,LIFT_TOP5
Sweet Notes,chocolate,1216,1554,29,0.023848684210526317,2.024682694912958,,4.0,LIFT_TOP5
Sweet Notes,cherry,1216,1803,31,0.02549342105263158,1.86541710453338,,5.0,LIFT_TOP5
Sweet Orange,citrus,734,59969,625,0.8514986376021798,1.873271444560616,1.0,2.0,P_AND_LIFT_TOP5
Sweet Orange,sweet,734,60625,486,0.662125340599455,1.440893957695441,2.0,4.0,P_AND_LIFT_TOP5
Sweet Orange,woody,734,81432,466,0.6348773841961853,1.0285805739390255,3.0,,P_TOP5
Sweet Orange,fresh spicy,734,47271,344,0.46866485013623976,1.3080102743431303,4.0,5.0,P_AND_LIFT_TOP5
Sweet Orange,aromatic,734,54606,326,0.444141689373297,1.0730618078419785,5.0,,P_TOP5
Sweet Orange,aldehydic,734,3556,39,0.05313351498637602,1.9712892666345863,,1.0,LIFT_TOP5
Sweet Orange,caramel,734,4008,36,0.04904632152588556,1.6144414168937329,,3.0,LIFT_TOP5
Sweet Pea,floral,269,46586,258,0.9591078066914498,2.7161613561328077,1.0,2.0,P_AND_LIFT_TOP5
Sweet Pea,sweet,269,60625,232,0.862453531598513,1.8768411451347105,2.0,,P_TOP5
Sweet Pea,fruity,269,43222,148,0.550185873605948,1.6793767596324258,3.0,,P_TOP5
Sweet Pea,powdery,269,62885,143,0.5315985130111525,1.1152706022352126,4.0,,P_TOP5
Sweet Pea,fresh,269,33478,130,0.483271375464684,1.9044743582369246,5.0,4.0,P_AND_LIFT_TOP5
Sweet Pea,honey,269,3467,26,0.09665427509293681,3.677992071823234,,1.0,LIFT_TOP5
Sweet Pea,yellow floral,269,6986,28,0.10408921933085502,1.9657158182536076,,3.0,LIFT_TOP5
Sweet Pea,rose,269,25617,99,0.3680297397769517,1.8953883580736712,,5.0,LIFT_TOP5
Synthetic Civet,powdery,69,62885,59,0.855072463768116,1.7939049080850367,1.0,3.0,P_AND_LIFT_TOP5
Synthetic Civet,musky,69,41154,50,0.7246376811594203,2.3230171860660525,2.0,2.0,P_AND_LIFT_TOP5
Synthetic Civet,animalic,69,18242,44,0.6376811594202898,4.611844938182153,3.0,1.0,P_AND_LIFT_TOP5
Synthetic Civet,floral,69,46586,39,0.5652173913043478,1.6006768221092733,4.0,4.0,P_AND_LIFT_TOP5
Synthetic Civet,amber,69,45478,36,0.5217391304347826,1.5135459668028688,5.0,5.0,P_AND_LIFT_TOP5
Syringa,white floral,102,39497,88,0.8627450980392157,2.881787497387491,1.0,1.0,P_AND_LIFT_TOP5
Syringa,sweet,102,60625,68,0.6666666666666666,1.4507766323024054,2.0,5.0,P_AND_LIFT_TOP5
Syringa,woody,102,81432,65,0.6372549019607843,1.0324324493526658,3.0,,P_TOP5
Syringa,floral,102,46586,56,0.5490196078431373,1.5548052389719036,4.0,4.0,P_AND_LIFT_TOP5
Syringa,citrus,102,59969,55,0.5392156862745098,1.1862583249711698,5.0,,P_TOP5
Syringa,earthy,102,19049,30,0.29411764705882354,2.0370067287768694,,2.0,LIFT_TOP5
Syringa,green,102,29755,44,0.43137254901960786,1.9126526765974412,,3.0,LIFT_TOP5
Syrup,sweet,133,60625,125,0.9398496240601504,2.0452678086970004,1.0,4.0,P_AND_LIFT_TOP5
Syrup,woody,133,81432,72,0.5413533834586466,0.8770600240654687,2.0,,P_TOP5
Syrup,vanilla,133,34562,71,0.5338345864661654,2.0377523578635843,3.0,5.0,P_AND_LIFT_TOP5
Syrup,fruity,133,43222,65,0.48872180451127817,1.491765019415412,4.0,,P_TOP5
Syrup,powdery,133,62885,62,0.46616541353383456,0.9779948001513683,5.0,,P_TOP5
Syrup,nutty,133,3619,21,0.15789473684210525,5.756024490626954,,1.0,LIFT_TOP5
Syrup,caramel,133,4008,22,0.16541353383458646,5.4448621553884715,,2.0,LIFT_TOP5
Syrup,lactonic,133,7015,28,0.21052631578947367,3.959335259031399,,3.0,LIFT_TOP5
Tahitian Vanilla,vanilla,263,34562,217,0.8250950570342205,3.149551266550683,1.0,1.0,P_AND_LIFT_TOP5
Tahitian Vanilla,sweet,263,60625,202,0.7680608365019012,1.6714270706753949,2.0,,P_TOP5
Tahitian Vanilla,powdery,263,62885,181,0.688212927756654,1.443840845335698,3.0,,P_TOP5
Tahitian Vanilla,woody,263,81432,133,0.5057034220532319,0.8193026386614953,4.0,,P_TOP5
Tahitian Vanilla,warm spicy,263,45319,102,0.38783269961977185,1.1290356817413558,5.0,,P_TOP5
Tahitian Vanilla,coconut,263,3269,20,0.07604562737642585,3.069042404335229,,2.0,LIFT_TOP5
Tahitian Vanilla,caramel,263,4008,20,0.07604562737642585,2.503168567807351,,3.0,LIFT_TOP5
Tahitian Vanilla,lactonic,263,7015,31,0.11787072243346007,2.216776109856933,,4.0,LIFT_TOP5
Tahitian Vanilla,balsamic,263,18162,78,0.2965779467680608,2.1543623233735416,,5.0,LIFT_TOP5
Tahitian Vetiver,aromatic,72,54606,67,0.9305555555555556,2.2482546687991145,1.0,2.0,P_AND_LIFT_TOP5
Tahitian Vetiver,woody,72,81432,67,0.9305555555555556,1.5076161023239567,2.0,5.0,P_AND_LIFT_TOP5
Tahitian Vetiver,citrus,72,59969,48,0.6666666666666666,1.4666466563279916,3.0,,P_TOP5
Tahitian Vetiver,fresh spicy,72,47271,46,0.6388888888888888,1.783093463457746,4.0,3.0,P_AND_LIFT_TOP5
Tahitian Vetiver,earthy,72,19049,34,0.4722222222222222,3.2705274700917517,5.0,1.0,P_AND_LIFT_TOP5
Tahitian Vetiver,green,72,29755,27,0.375,1.6627037472693664,,4.0,LIFT_TOP5
Taif Rose,rose,441,25617,379,0.8594104308390023,4.4260459125030085,1.0,2.0,P_AND_LIFT_TOP5
Taif Rose,powdery,441,62885,316,0.7165532879818595,1.5032976907600655,2.0,,P_TOP5
Taif Rose,woody,441,81432,254,0.5759637188208617,0.9331330855687725,3.0,,P_TOP5
Taif Rose,amber,441,45478,226,0.5124716553287982,1.4866613634620771,4.0,,P_TOP5
Taif Rose,floral,441,46586,221,0.5011337868480725,1.4191941892170654,5.0,,P_TOP5
Taif Rose,oud,441,8298,158,0.35827664399092973,5.6962445940857265,,1.0,LIFT_TOP5
Taif Rose,metallic,441,2235,20,0.045351473922902494,2.677055908120146,,3.0,LIFT_TOP5
Taif Rose,animalic,441,18242,106,0.24036281179138322,1.738354662846025,,4.0,LIFT_TOP5
Taif Rose,honey,441,3467,20,0.045351473922902494,1.7257628943318506,,5.0,LIFT_TOP5
Talc,powdery,64,62885,60,0.9375,1.966834300707641,1.0,1.0,P_AND_LIFT_TOP5
Talc,sweet,64,60625,35,0.546875,1.190090206185567,2.0,5.0,P_AND_LIFT_TOP5
Talc,floral,64,46586,32,0.5,1.4159833426351265,3.0,3.0,P_AND_LIFT_TOP5
Talc,musky,64,41154,28,0.4375,1.4025216260873792,4.0,4.0,P_AND_LIFT_TOP5
Talc,woody,64,81432,28,0.4375,0.7088045854209647,5.0,,P_TOP5
Talc,vanilla,64,34562,26,0.40625,1.5507367195185464,,2.0,LIFT_TOP5
Tamarind,woody,103,81432,71,0.6893203883495146,1.1167850333401053,1.0,,P_TOP5
Tamarind,warm spicy,103,45319,58,0.5631067961165048,1.6392832942397335,2.0,1.0,P_AND_LIFT_TOP5
Tamarind,sweet,103,60625,55,0.5339805825242718,1.1620298268441598,3.0,,P_TOP5
Tamarind,powdery,103,62885,54,0.5242718446601942,1.0998995701044672,4.0,,P_TOP5
Tamarind,citrus,103,59969,50,0.4854368932038835,1.0679465944135862,5.0,,P_TOP5
Tamarind,green,103,29755,30,0.2912621359223301,1.2914203862286342,,2.0,LIFT_TOP5
Tamarind,fruity,103,43222,42,0.4077669902912621,1.2446601043247933,,3.0,LIFT_TOP5
Tamarind,fresh spicy,103,47271,45,0.4368932038834951,1.2193378686372092,,4.0,LIFT_TOP5
Tamarind,fresh,103,33478,31,0.30097087378640774,1.1860650988302999,,5.0,LIFT_TOP5
Tangerine,citrus,2765,59969,2334,0.844122965641953,1.857045187632658,1.0,1.0,P_AND_LIFT_TOP5
Tangerine,sweet,2765,60625,1798,0.6502712477396022,1.4150974963181149,2.0,4.0,P_AND_LIFT_TOP5
Tangerine,woody,2765,81432,1741,0.6296564195298372,1.0201219597771323,3.0,,P_TOP5
Tangerine,fruity,2765,43222,1403,0.5074141048824593,1.5488210369058086,4.0,2.0,P_AND_LIFT_TOP5
Tangerine,powdery,2765,62885,1307,0.47269439421338155,0.9916923181771715,5.0,,P_TOP5
Tangerine,white floral,2765,39497,1281,0.46329113924050636,1.5475099374636048,,3.0,LIFT_TOP5
Tangerine,tropical,2765,6512,168,0.060759493670886074,1.230958230958231,,5.0,LIFT_TOP5
Tarragon,aromatic,676,54606,617,0.9127218934911243,2.2051679194279754,1.0,,P_TOP5
Tarragon,woody,676,81432,525,0.7766272189349113,1.258232991871535,2.0,,P_TOP5
Tarragon,fresh spicy,676,47271,415,0.613905325443787,1.7133661142306873,3.0,,P_TOP5
Tarragon,citrus,676,59969,387,0.5724852071005917,1.2594502721869811,4.0,,P_TOP5
Tarragon,warm spicy,676,45319,272,0.40236686390532544,1.1713466836212094,5.0,,P_TOP5
Tarragon,anis,676,1418,138,0.20414201183431951,18.99326912644695,,1.0,LIFT_TOP5
Tarragon,herbal,676,8607,206,0.3047337278106509,4.67102599164159,,2.0,LIFT_TOP5
Tarragon,mossy,676,6173,90,0.13313609467455623,2.8453985048459747,,3.0,LIFT_TOP5
Tarragon,lavender,676,8336,112,0.16568047337278108,2.6221478949221457,,4.0,LIFT_TOP5
Tarragon,soft spicy,676,13661,162,0.23964497041420119,2.314351873709506,,5.0,LIFT_TOP5
Tea,green,1580,29755,1141,0.7221518987341772,3.2019324483280123,1.0,2.0,P_AND_LIFT_TOP5
Tea,woody,1580,81432,950,0.6012658227848101,0.9741256508497887,2.0,,P_TOP5
Tea,citrus,1580,59969,916,0.579746835443038,1.2754256365788992,3.0,,P_TOP5
Tea,fresh,1580,33478,805,0.509493670886076,2.007811099826752,4.0,3.0,P_AND_LIFT_TOP5
Tea,aromatic,1580,54606,805,0.509493670886076,1.2309544738673406,5.0,,P_TOP5
Tea,ozonic,1580,5777,247,0.15632911392405063,3.5701055911372683,,1.0,LIFT_TOP5
Tea,anis,1580,1418,27,0.01708860759493671,1.5899153737658673,,4.0,LIFT_TOP5
Tea,fresh spicy,1580,47271,802,0.5075949367088608,1.4166613780118888,,5.0,LIFT_TOP5
Tea Leaf,green,106,29755,79,0.7452830188679245,3.304492981994464,1.0,2.0,P_AND_LIFT_TOP5
Tea Leaf,woody,106,81432,71,0.6698113207547169,1.085177909755008,2.0,,P_TOP5
Tea Leaf,fresh,106,33478,65,0.6132075471698113,2.4165264262534563,3.0,3.0,P_AND_LIFT_TOP5
Tea Leaf,citrus,106,59969,62,0.5849056603773585,1.286774896589653,4.0,,P_TOP5
Tea Leaf,aromatic,106,54606,58,0.5471698113207547,1.3219813428478038,5.0,,P_TOP5
Tea Leaf,ozonic,106,5777,25,0.2358490566037736,5.386111483077004,,1.0,LIFT_TOP5
Tea Leaf,fresh spicy,106,47271,57,0.5377358490566038,1.5007825213352317,,4.0,LIFT_TOP5
Tea Leaf,musky,106,41154,48,0.4528301886792453,1.4516665887265594,,5.0,LIFT_TOP5
Tea Rose,rose,181,25617,136,0.7513812154696132,3.8696851214781622,1.0,1.0,P_AND_LIFT_TOP5
Tea Rose,floral,181,46586,132,0.7292817679558011,2.0653016710258196,2.0,2.0,P_AND_LIFT_TOP5
Tea Rose,woody,181,81432,105,0.580110497237569,0.9398513839835997,3.0,,P_TOP5
Tea Rose,citrus,181,59969,90,0.4972375690607735,1.0939077270954634,4.0,5.0,P_AND_LIFT_TOP5
Tea Rose,powdery,181,62885,83,0.4585635359116022,0.9620463909170339,5.0,,P_TOP5
Tea Rose,fresh,181,33478,68,0.3756906077348066,1.4805203978270218,,3.0,LIFT_TOP5
Tea Rose,green,181,29755,53,0.292817679558011,1.2983174748475348,,4.0,LIFT_TOP5
Teak Wood,woody,491,81432,427,0.869653767820774,1.4089476076799625,1.0,,P_TOP5
Teak Wood,aromatic,491,54606,267,0.5437881873727087,1.3138112214789852,2.0,,P_TOP5
Teak Wood,citrus,491,59969,264,0.5376782077393075,1.182875918341924,3.0,,P_TOP5
Teak Wood,fresh spicy,491,47271,225,0.45824847250509165,1.2789389049860749,4.0,,P_TOP5
Teak Wood,sweet,491,60625,209,0.4256619144602851,0.9263105381401306,5.0,,P_TOP5
Teak Wood,marine,491,4326,36,0.07331975560081466,2.2360322136882753,,1.0,LIFT_TOP5
Teak Wood,tropical,491,6512,46,0.09368635437881874,1.8980406531323029,,2.0,LIFT_TOP5
Teak Wood,ozonic,491,5777,39,0.07942973523421588,1.8139458143413714,,3.0,LIFT_TOP5
Teak Wood,aquatic,491,8872,56,0.11405295315682282,1.69601060752701,,4.0,LIFT_TOP5
Teak Wood,lavender,491,8336,48,0.09775967413441955,1.5471969540011963,,5.0,LIFT_TOP5
Texas Cedar,woody,212,81432,189,0.8915094339622641,1.4443565136880037,1.0,,P_TOP5
Texas Cedar,aromatic,212,54606,132,0.6226415094339622,1.5043235970337077,2.0,5.0,P_AND_LIFT_TOP5
Texas Cedar,powdery,212,62885,110,0.5188679245283019,1.0885623802658642,3.0,,P_TOP5
Texas Cedar,citrus,212,59969,105,0.49528301886792453,1.0896077753380127,4.0,,P_TOP5
Texas Cedar,amber,212,45478,96,0.4528301886792453,1.313643669300603,5.0,,P_TOP5
Texas Cedar,smoky,212,7407,26,0.12264150943396226,2.1844328796574377,,1.0,LIFT_TOP5
Texas Cedar,leather,212,10809,30,0.14150943396226415,1.7272032216339632,,2.0,LIFT_TOP5
Texas Cedar,balsamic,212,18162,48,0.22641509433962265,1.6446946039107155,,3.0,LIFT_TOP5
Texas Cedar,herbal,212,8607,21,0.09905660377358491,1.5183615354768278,,4.0,LIFT_TOP5
Thailand Oud,animalic,205,18242,171,0.8341463414634146,6.032722663593263,1.0,2.0,P_AND_LIFT_TOP5
Thailand Oud,oud,205,8298,157,0.7658536585365854,12.1763163618621,2.0,1.0,P_AND_LIFT_TOP5
Thailand Oud,woody,205,81432,136,0.6634146341463415,1.074814479356111,3.0,,P_TOP5
Thailand Oud,warm spicy,205,45319,109,0.5317073170731708,1.5478749827106382,4.0,4.0,P_AND_LIFT_TOP5
Thailand Oud,amber,205,45478,97,0.47317073170731705,1.3726508341208132,5.0,,P_TOP5
Thailand Oud,smoky,205,7407,22,0.1073170731707317,1.911481229028572,,3.0,LIFT_TOP5
Thailand Oud,leather,205,10809,25,0.12195121951219512,1.4884840771804888,,5.0,LIFT_TOP5
Thyme,aromatic,1578,54606,1432,0.9074778200253485,2.1924980550845006,1.0,,P_TOP5
Thyme,fresh spicy,1578,47271,1235,0.7826362484157161,2.184282123362853,2.0,,P_TOP5
Thyme,woody,1578,81432,1221,0.7737642585551331,1.253594638854243,3.0,,P_TOP5
Thyme,citrus,1578,59969,789,0.5,1.0999849922459937,4.0,,P_TOP5
Thyme,warm spicy,1578,45319,713,0.45183776932826364,1.315363465819586,5.0,,P_TOP5
Thyme,camphor,1578,793,46,0.029150823827629912,4.849770728347054,,1.0,LIFT_TOP5
Thyme,herbal,1578,8607,497,0.3149556400506971,4.827709723700298,,2.0,LIFT_TOP5
Thyme,lavender,1578,8336,253,0.1603295310519645,2.5374610162770725,,3.0,LIFT_TOP5
Thyme,leather,1578,10809,325,0.20595690747782003,2.513821334401776,,4.0,LIFT_TOP5
Thyme,conifer,1578,1828,53,0.03358681875792142,2.424020240006878,,5.0,LIFT_TOP5
Tiare,white floral,107,39497,90,0.8411214953271028,2.8095591786339384,1.0,5.0,P_AND_LIFT_TOP5
Tiare,sweet,107,60625,82,0.7663551401869159,1.6677151941420176,2.0,,P_TOP5
Tiare,powdery,107,62885,56,0.5233644859813084,1.0979959709869447,3.0,,P_TOP5
Tiare,fruity,107,43222,55,0.514018691588785,1.5689807501112492,4.0,,P_TOP5
Tiare,woody,107,81432,54,0.5046728971962616,0.8176330598180421,5.0,,P_TOP5
Tiare,coconut,107,3269,40,0.37383177570093457,15.08706826804047,,1.0,LIFT_TOP5
Tiare,tropical,107,6512,27,0.2523364485981308,5.112215550299663,,2.0,LIFT_TOP5
Tiare,lactonic,107,7015,25,0.2336448598130841,4.394122074859613,,3.0,LIFT_TOP5
Tiare,yellow floral,107,6986,24,0.22429906542056074,4.2358682652354105,,4.0,LIFT_TOP5
Tiare Flower,white floral,719,39497,653,0.9082058414464534,3.0336379133106464,1.0,4.0,P_AND_LIFT_TOP5
Tiare Flower,sweet,719,60625,613,0.8525730180806675,1.8553395179444532,2.0,,P_TOP5
Tiare Flower,fruity,719,43222,450,0.6258692628650904,1.9103912787421076,3.0,,P_TOP5
Tiare Flower,powdery,719,62885,360,0.5006954102920723,1.0504372343139556,4.0,,P_TOP5
Tiare Flower,citrus,719,59969,357,0.4965229485396384,1.092335583398664,5.0,,P_TOP5
Tiare Flower,coconut,719,3269,152,0.2114047287899861,8.531852514304944,,1.0,LIFT_TOP5
Tiare Flower,tropical,719,6512,163,0.2267037552155772,4.592909463389296,,2.0,LIFT_TOP5
Tiare Flower,lactonic,719,7015,116,0.16133518776077885,3.034205462762588,,3.0,LIFT_TOP5
Tiare Flower,yellow floral,719,6986,115,0.1599443671766342,3.0205354081897156,,5.0,LIFT_TOP5
Timur,fresh spicy,116,47271,103,0.8879310344827587,2.478152384745623,1.0,1.0,P_AND_LIFT_TOP5
Timur,woody,116,81432,99,0.853448275862069,1.3826926888014879,2.0,5.0,P_AND_LIFT_TOP5
Timur,aromatic,116,54606,80,0.6896551724137931,1.6662309434229154,3.0,3.0,P_AND_LIFT_TOP5
Timur,citrus,116,59969,70,0.603448275862069,1.3275680940899925,4.0,,P_TOP5
Timur,warm spicy,116,45319,54,0.46551724137931033,1.3551863380739295,5.0,,P_TOP5
Timur,earthy,116,19049,36,0.3103448275862069,2.149393306916283,,2.0,LIFT_TOP5
Timur,green,116,29755,39,0.33620689655172414,1.4906999113449493,,4.0,LIFT_TOP5
Tincture of Rose,rose,201,25617,130,0.6467661691542289,3.330907627611251,1.0,1.0,P_AND_LIFT_TOP5
Tincture of Rose,floral,201,46586,121,0.6019900497512438,1.7048157657597045,2.0,3.0,P_AND_LIFT_TOP5
Tincture of Rose,woody,201,81432,118,0.5870646766169154,0.9511180222279896,3.0,,P_TOP5
Tincture of Rose,citrus,201,59969,114,0.5671641791044776,1.2477441703088885,4.0,5.0,P_AND_LIFT_TOP5
Tincture of Rose,powdery,201,62885,103,0.5124378109452736,1.0750722811164817,5.0,,P_TOP5
Tincture of Rose,yellow floral,201,6986,29,0.14427860696517414,2.7246888944911856,,2.0,LIFT_TOP5
Tincture of Rose,white floral,201,39497,89,0.4427860696517413,1.4790178031028745,,4.0,LIFT_TOP5
Tobacco,sweet,5072,60625,3688,0.7271293375394322,1.5823533773456047,1.0,,P_TOP5
Tobacco,woody,5072,81432,3532,0.6963722397476341,1.128209912441121,2.0,,P_TOP5
Tobacco,tobacco,5072,4372,3528,0.695583596214511,20.9900146039754,3.0,1.0,P_AND_LIFT_TOP5
Tobacco,warm spicy,5072,45319,2836,0.5591482649842271,1.627759451871601,4.0,,P_TOP5
Tobacco,amber,5072,45478,2408,0.4747634069400631,1.3772711262061332,5.0,,P_TOP5
Tobacco,whiskey,5072,808,433,0.08537066246056782,13.939296408939,,2.0,LIFT_TOP5
Tobacco,cannabis,5072,388,91,0.017941640378548895,6.1006201421184425,,3.0,LIFT_TOP5
Tobacco,rum,5072,1166,213,0.041995268138801264,4.7516601419828906,,4.0,LIFT_TOP5
Tobacco,wine,5072,236,31,0.00611198738170347,3.416756335881944,,5.0,LIFT_TOP5
Tobacco Blossom,white floral,178,39497,116,0.651685393258427,2.1767945396507145,1.0,3.0,P_AND_LIFT_TOP5
Tobacco Blossom,woody,178,81432,115,0.6460674157303371,1.0467098211673957,2.0,,P_TOP5
Tobacco Blossom,sweet,178,60625,109,0.6123595505617978,1.3325953897833893,3.0,,P_TOP5
Tobacco Blossom,warm spicy,178,45319,103,0.5786516853932584,1.6845366591039648,4.0,,P_TOP5
Tobacco Blossom,vanilla,178,34562,89,0.5,1.9085990394074417,5.0,5.0,P_AND_LIFT_TOP5
Tobacco Blossom,cacao,178,2035,40,0.2247191011235955,14.56864423156558,,1.0,LIFT_TOP5
Tobacco Blossom,tobacco,178,4372,64,0.3595505617977528,10.849841175200716,,2.0,LIFT_TOP5
Tobacco Blossom,leather,178,10809,31,0.17415730337078653,2.1256890585352823,,4.0,LIFT_TOP5
Tobacco Leaf,sweet,484,60625,397,0.8202479338842975,1.784994802760501,1.0,,P_TOP5
Tobacco Leaf,tobacco,484,4372,385,0.7954545454545454,24.003732429510105,2.0,1.0,P_AND_LIFT_TOP5
Tobacco Leaf,woody,484,81432,334,0.6900826446280992,1.1180199836155948,3.0,,P_TOP5
Tobacco Leaf,warm spicy,484,45319,272,0.5619834710743802,1.63601313662797,4.0,,P_TOP5
Tobacco Leaf,amber,484,45478,221,0.45661157024793386,1.3246133177098798,5.0,,P_TOP5
Tobacco Leaf,whiskey,484,808,37,0.07644628099173553,12.482126053514442,,2.0,LIFT_TOP5
Tobacco Leaf,cacao,484,2035,59,0.12190082644628099,7.902887485532114,,3.0,LIFT_TOP5
Tobacco Leaf,honey,484,3467,43,0.08884297520661157,3.380748116241207,,4.0,LIFT_TOP5
Tobacco Leaf,cinnamon,484,4259,47,0.09710743801652892,3.0080733264899417,,5.0,LIFT_TOP5
Toffee,sweet,374,60625,353,0.9438502673796791,2.053973868460224,1.0,,P_TOP5
Toffee,powdery,374,62885,236,0.6310160427807486,1.3238442637205083,2.0,,P_TOP5
Toffee,vanilla,374,34562,212,0.5668449197860963,2.1637593387934633,3.0,,P_TOP5
Toffee,woody,374,81432,192,0.5133689839572193,0.831721805352637,4.0,,P_TOP5
Toffee,caramel,374,4008,167,0.446524064171123,14.698083778966131,5.0,1.0,P_AND_LIFT_TOP5
Toffee,chocolate,374,1554,26,0.06951871657754011,5.901933254874431,,2.0,LIFT_TOP5
Toffee,nutty,374,3619,40,0.10695187165775401,3.8989114196760117,,3.0,LIFT_TOP5
Toffee,almond,374,3438,36,0.0962566844919786,3.6937592742951537,,4.0,LIFT_TOP5
Toffee,coconut,374,3269,32,0.0855614973262032,3.4530830046638084,,5.0,LIFT_TOP5
Tolu Balsam,amber,903,45478,785,0.8693244739756367,2.5218782235719637,1.0,2.0,P_AND_LIFT_TOP5
Tolu Balsam,powdery,903,62885,686,0.7596899224806202,1.5937964772659334,2.0,,P_TOP5
Tolu Balsam,warm spicy,903,45319,669,0.7408637873754153,2.156758963534909,3.0,4.0,P_AND_LIFT_TOP5
Tolu Balsam,sweet,903,60625,596,0.6600221483942414,1.436317064538594,4.0,,P_TOP5
Tolu Balsam,woody,903,81432,565,0.6256921373200443,1.0136993279869517,5.0,,P_TOP5
Tolu Balsam,balsamic,903,18162,414,0.4584717607973422,3.3303699703773457,,1.0,LIFT_TOP5
Tolu Balsam,anis,903,1418,21,0.023255813953488372,2.1637091219208187,,3.0,LIFT_TOP5
Tolu Balsam,coffee,903,1815,23,0.02547065337763012,1.851428815488012,,5.0,LIFT_TOP5
Tomato,green,60,29755,57,0.95,4.212182826415728,1.0,1.0,P_AND_LIFT_TOP5
Tomato,aromatic,60,54606,55,0.9166666666666666,2.2146986289662918,2.0,3.0,P_AND_LIFT_TOP5
Tomato,fresh spicy,60,47271,50,0.8333333333333334,2.325774082770973,3.0,2.0,P_AND_LIFT_TOP5
Tomato,woody,60,81432,28,0.4666666666666667,0.756058224449029,4.0,,P_TOP5
Tomato,citrus,60,59969,26,0.43333333333333335,0.9533203266131945,5.0,5.0,P_AND_LIFT_TOP5
Tomato,fruity,60,43222,22,0.36666666666666664,1.119206268412691,,4.0,LIFT_TOP5
Tomato Leaf,aromatic,293,54606,271,0.9249146757679181,2.234626106546193,1.0,5.0,P_AND_LIFT_TOP5
Tomato Leaf,green,293,29755,245,0.8361774744027304,3.7075077868577457,2.0,1.0,P_AND_LIFT_TOP5
Tomato Leaf,fresh spicy,293,47271,245,0.8361774744027304,2.333711878275311,3.0,3.0,P_AND_LIFT_TOP5
Tomato Leaf,woody,293,81432,194,0.6621160409556314,1.0727105963660042,4.0,,P_TOP5
Tomato Leaf,citrus,293,59969,138,0.4709897610921502,1.0361633374057826,5.0,,P_TOP5
Tomato Leaf,herbal,293,8607,47,0.16040955631399317,2.458793164227387,,2.0,LIFT_TOP5
Tomato Leaf,mossy,293,6173,31,0.10580204778156997,2.2612124030167706,,4.0,LIFT_TOP5
Tonka,sweet,1459,60625,1034,0.7087045921864291,1.542258092324216,1.0,,P_TOP5
Tonka,vanilla,1459,34562,906,0.6209732693625771,2.3703779708062265,2.0,,P_TOP5
Tonka,woody,1459,81432,906,0.6209732693625771,1.006054173138383,3.0,,P_TOP5
Tonka,amber,1459,45478,868,0.594928032899246,1.725864272404185,4.0,,P_TOP5
Tonka,warm spicy,1459,45319,757,0.518848526387937,1.510441229646738,5.0,,P_TOP5
Tonka,cherry,1459,1803,60,0.0411240575736806,3.0091497036581707,,1.0,LIFT_TOP5
Tonka,rum,1459,1166,35,0.023989033584647018,2.714299486125627,,2.0,LIFT_TOP5
Tonka,coffee,1459,1815,51,0.03495544893762851,2.5408663241550027,,3.0,LIFT_TOP5
Tonka,almond,1459,3438,93,0.06374228923920494,2.4460500928819973,,4.0,LIFT_TOP5
Tonka,cacao,1459,2035,54,0.037011651816312545,2.3994826654182377,,5.0,LIFT_TOP5
Tonka Bean,sweet,14188,60625,9307,0.6559768818720045,1.4275138973257493,1.0,,P_TOP5
Tonka Bean,woody,14188,81432,9273,0.6535804905553989,1.0588819397653721,2.0,,P_TOP5
Tonka Bean,vanilla,14188,34562,8712,0.6140400338314068,2.343912437456672,3.0,2.0,P_AND_LIFT_TOP5
Tonka Bean,amber,14188,45478,7895,0.5564561601353256,1.6142587890112474,4.0,,P_TOP5
Tonka Bean,aromatic,14188,54606,7722,0.544262757259656,1.3149577988731351,5.0,,P_TOP5
Tonka Bean,almond,14188,3438,875,0.06167183535382013,2.3665983822657037,,1.0,LIFT_TOP5
Tonka Bean,cacao,14188,2035,480,0.03383140682266704,2.193305897844945,,3.0,LIFT_TOP5
Tonka Bean,cinnamon,14188,4259,859,0.060544121793064565,1.875460433942007,,4.0,LIFT_TOP5
Tonka Bean,rum,14188,1166,234,0.016492810826050183,1.866120525112179,,5.0,LIFT_TOP5
Tropical Fruit,fruity,72,43222,62,0.8611111111111112,2.6284389636964716,1.0,2.0,P_AND_LIFT_TOP5
Tropical Fruit,tropical,72,6512,59,0.8194444444444444,16.601551835926838,2.0,1.0,P_AND_LIFT_TOP5
Tropical Fruit,sweet,72,60625,54,0.75,1.6321237113402063,3.0,4.0,P_AND_LIFT_TOP5
Tropical Fruit,powdery,72,62885,41,0.5694444444444444,1.1946697233927892,4.0,,P_TOP5
Tropical Fruit,fresh,72,33478,39,0.5416666666666666,2.134598343190553,5.0,3.0,P_AND_LIFT_TOP5
Tropical Fruit,white floral,72,39497,27,0.375,1.2525951338076309,,5.0,LIFT_TOP5
Tropical Fruits,fruity,364,43222,318,0.8736263736263736,2.666640309854414,1.0,3.0,P_AND_LIFT_TOP5
Tropical Fruits,tropical,364,6512,294,0.8076923076923077,16.363459175959175,2.0,1.0,P_AND_LIFT_TOP5
Tropical Fruits,sweet,364,60625,275,0.7554945054945055,1.6440806616064347,3.0,,P_TOP5
Tropical Fruits,fresh,364,33478,227,0.6236263736263736,2.4575849056851506,4.0,4.0,P_AND_LIFT_TOP5
Tropical Fruits,woody,364,81432,171,0.4697802197802198,0.7611025689606592,5.0,,P_TOP5
Tropical Fruits,coconut,364,3269,42,0.11538461538461539,4.656681648116337,,2.0,LIFT_TOP5
Tropical Fruits,marine,364,4326,25,0.06868131868131869,2.0945738265433134,,5.0,LIFT_TOP5
Truffle,earthy,181,19049,151,0.8342541436464088,5.777896434000247,1.0,2.0,P_AND_LIFT_TOP5
Truffle,woody,181,81432,128,0.7071823204419889,1.1457235919038167,2.0,,P_TOP5
Truffle,warm spicy,181,45319,111,0.6132596685082873,1.7852853784571228,3.0,,P_TOP5
Truffle,sweet,181,60625,98,0.5414364640883977,1.178255054963832,4.0,,P_TOP5
Truffle,floral,181,46586,74,0.4088397790055249,1.157820633756899,5.0,,P_TOP5
Truffle,chocolate,181,1554,25,0.13812154696132597,11.72611048301656,,1.0,LIFT_TOP5
Truffle,animalic,181,18242,54,0.2983425414364641,2.1576763234136997,,3.0,LIFT_TOP5
Truffle,yellow floral,181,6986,20,0.11049723756906077,2.086730683150041,,4.0,LIFT_TOP5
Truffle,patchouli,181,14822,37,0.20441988950276244,1.8195328580555559,,5.0,LIFT_TOP5
Tuberose,white floral,6058,39497,5008,0.8266754704522945,2.7613057907378082,1.0,3.0,P_AND_LIFT_TOP5
Tuberose,tuberose,6058,3931,3791,0.6257840871574777,21.002211808365818,2.0,1.0,P_AND_LIFT_TOP5
Tuberose,woody,6058,81432,3514,0.5800594255529878,0.9397686414825336,3.0,,P_TOP5
Tuberose,sweet,6058,60625,3069,0.506602839220865,1.1024513414995252,4.0,,P_TOP5
Tuberose,powdery,6058,62885,2853,0.47094750742819413,0.9880274255387079,5.0,,P_TOP5
Tuberose,yellow floral,6058,6986,1064,0.17563552327500825,3.31686152099511,,2.0,LIFT_TOP5
Tuberose,animalic,6058,18242,2121,0.35011554968636516,2.53210966287261,,4.0,LIFT_TOP5
Tuberose,coconut,6058,3269,264,0.04357873885770881,1.7587467168851403,,5.0,LIFT_TOP5
Tulip,floral,193,46586,165,0.8549222797927462,2.421111414868351,1.0,5.0,P_AND_LIFT_TOP5
Tulip,green,193,29755,117,0.6062176165803109,2.687894140663432,2.0,3.0,P_AND_LIFT_TOP5
Tulip,woody,193,81432,100,0.5181347150259067,0.8394428842883372,3.0,,P_TOP5
Tulip,powdery,193,62885,91,0.47150259067357514,0.9891919660899223,4.0,,P_TOP5
Tulip,sweet,193,60625,79,0.40932642487046633,0.8907618182789381,5.0,,P_TOP5
Tulip,soft spicy,193,13661,61,0.3160621761658031,3.05234484309746,,1.0,LIFT_TOP5
Tulip,yellow floral,193,6986,31,0.16062176165803108,3.033327943822508,,2.0,LIFT_TOP5
Tulip,ozonic,193,5777,21,0.10880829015544041,2.4848671836952145,,4.0,LIFT_TOP5
Tunisian Neroli,citrus,223,59969,185,0.8295964125560538,1.8250872068655501,1.0,3.0,P_AND_LIFT_TOP5
Tunisian Neroli,woody,223,81432,158,0.7085201793721974,1.1478910902909665,2.0,,P_TOP5
Tunisian Neroli,fresh spicy,223,47271,136,0.6098654708520179,1.7020911673014476,3.0,,P_TOP5
Tunisian Neroli,white floral,223,39497,121,0.5426008968609866,1.812424648020608,4.0,4.0,P_AND_LIFT_TOP5
Tunisian Neroli,aromatic,223,54606,117,0.5246636771300448,1.2676057378999892,5.0,,P_TOP5
Tunisian Neroli,cinnamon,223,4259,22,0.09865470852017937,3.056002745965547,,1.0,LIFT_TOP5
Tunisian Neroli,green,223,29755,114,0.5112107623318386,2.26664546712954,,2.0,LIFT_TOP5
Tunisian Neroli,fresh,223,33478,101,0.452914798206278,1.7848452514294242,,5.0,LIFT_TOP5
Tunisian Orange Blossom,white floral,148,39497,130,0.8783783783783784,2.934006619729586,1.0,3.0,P_AND_LIFT_TOP5
Tunisian Orange Blossom,citrus,148,59969,129,0.8716216216216216,1.9175414054017998,2.0,4.0,P_AND_LIFT_TOP5
Tunisian Orange Blossom,sweet,148,60625,101,0.6824324324324325,1.4850855391473947,3.0,5.0,P_AND_LIFT_TOP5
Tunisian Orange Blossom,woody,148,81432,89,0.6013513513513513,0.9742642177987005,4.0,,P_TOP5
Tunisian Orange Blossom,aromatic,148,54606,73,0.49324324324324326,1.1916928740629433,5.0,,P_TOP5
Tunisian Orange Blossom,tuberose,148,3931,20,0.13513513513513514,4.535329020192923,,1.0,LIFT_TOP5
Tunisian Orange Blossom,yellow floral,148,6986,24,0.16216216216216217,3.0624182728391145,,2.0,LIFT_TOP5
Turkish Rose,rose,1811,25617,1235,0.6819436775262286,3.512075160090383,1.0,2.0,P_AND_LIFT_TOP5
Turkish Rose,woody,1811,81432,1202,0.6637217007178354,1.0753119655136067,2.0,,P_TOP5
Turkish Rose,floral,1811,46586,863,0.47653230259525126,1.3495236054048747,3.0,,P_TOP5
Turkish Rose,amber,1811,45478,845,0.46659304251794587,1.35356920047919,4.0,,P_TOP5
Turkish Rose,powdery,1811,62885,806,0.44505797901711763,0.9337123188634544,5.0,,P_TOP5
Turkish Rose,cherry,1811,1803,95,0.05245720596355605,3.838424394216278,,1.0,LIFT_TOP5
Turkish Rose,oud,1811,8298,291,0.16068470458310327,2.5547280158651255,,3.0,LIFT_TOP5
Turkish Rose,almond,1811,3438,93,0.05135284373274434,1.970616833525585,,4.0,LIFT_TOP5
Turkish Rose,leather,1811,10809,212,0.11706239646604086,1.4288132080455889,,5.0,LIFT_TOP5
Turkish Rose Oil,rose,62,25617,39,0.6290322580645161,3.2395762894348135,1.0,1.0,P_AND_LIFT_TOP5
Turkish Rose Oil,woody,62,81432,38,0.6129032258064516,0.9929796957049459,2.0,,P_TOP5
Turkish Rose Oil,floral,62,46586,37,0.5967741935483871,1.6900446347580542,3.0,2.0,P_AND_LIFT_TOP5
Turkish Rose Oil,powdery,62,62885,31,0.5,1.048978293710742,4.0,5.0,P_AND_LIFT_TOP5
Turkish Rose Oil,citrus,62,59969,29,0.46774193548387094,1.029018218552704,5.0,,P_TOP5
Turkish Rose Oil,amber,62,45478,26,0.41935483870967744,1.2165329141775747,,3.0,LIFT_TOP5
Turkish Rose Oil,warm spicy,62,45319,24,0.3870967741935484,1.1268932990435543,,4.0,LIFT_TOP5
Turmeric,warm spicy,197,45319,178,0.9035532994923858,2.6303710761938803,1.0,2.0,P_AND_LIFT_TOP5
Turmeric,woody,197,81432,146,0.7411167512690355,1.200701603729785,2.0,,P_TOP5
Turmeric,fresh spicy,197,47271,116,0.5888324873096447,1.6433896056940074,3.0,,P_TOP5
Turmeric,aromatic,197,54606,100,0.5076142131979695,1.226413638560014,4.0,,P_TOP5
Turmeric,amber,197,45478,89,0.4517766497461929,1.3105873917282034,5.0,,P_TOP5
Turmeric,earthy,197,19049,86,0.4365482233502538,3.023455672560186,,1.0,LIFT_TOP5
Turmeric,oud,197,8298,31,0.15736040609137056,2.501874954884854,,3.0,LIFT_TOP5
Turmeric,leather,197,10809,32,0.16243654822335024,1.9826305677774632,,4.0,LIFT_TOP5
Turmeric,smoky,197,7407,20,0.10152284263959391,1.808277120216231,,5.0,LIFT_TOP5
Tuscan Iris,powdery,147,62885,127,0.8639455782312925,1.812520317024003,1.0,4.0,P_AND_LIFT_TOP5
Tuscan Iris,woody,147,81432,106,0.7210884353741497,1.1682532331136601,2.0,5.0,P_AND_LIFT_TOP5
Tuscan Iris,iris,147,7451,98,0.6666666666666666,11.804232094126068,3.0,1.0,P_AND_LIFT_TOP5
Tuscan Iris,earthy,147,19049,68,0.46258503401360546,3.2037820115184505,4.0,3.0,P_AND_LIFT_TOP5
Tuscan Iris,violet,147,7614,67,0.4557823129251701,7.897473147388716,5.0,2.0,P_AND_LIFT_TOP5
Vanila,vanilla,380,34562,276,0.7263157894736842,2.7724912361918626,1.0,1.0,P_AND_LIFT_TOP5
Vanila,sweet,380,60625,257,0.6763157894736842,1.4717747151383613,2.0,5.0,P_AND_LIFT_TOP5
Vanila,woody,380,81432,248,0.6526315789473685,1.057344584567815,3.0,,P_TOP5
Vanila,powdery,380,62885,240,0.631578947368421,1.3250252131083056,4.0,,P_TOP5
Vanila,citrus,380,59969,182,0.4789473684210526,1.0536698346777413,5.0,,P_TOP5
Vanila,caramel,380,4008,25,0.06578947368421052,2.1655701754385963,,2.0,LIFT_TOP5
Vanila,cinnamon,380,4259,20,0.05263157894736842,1.6303555319385574,,3.0,LIFT_TOP5
Vanila,patchouli,380,14822,67,0.1763157894736842,1.5693794430753716,,4.0,LIFT_TOP5
Vanilla,vanilla,35628,34562,25290,0.7098349612664197,2.7095806504218145,1.0,1.0,P_AND_LIFT_TOP5
Vanilla,sweet,35628,60625,23111,0.648675199281464,1.4116242316074812,2.0,,P_TOP5
Vanilla,powdery,35628,62885,23052,0.647019198383294,1.3574181894363995,3.0,,P_TOP5
Vanilla,woody,35628,81432,20970,0.5885820141461772,0.9535762983385543,4.0,,P_TOP5
Vanilla,citrus,35628,59969,14450,0.4055798809924778,0.8922635644972836,5.0,,P_TOP5
Vanilla,caramel,35628,4008,2268,0.06365779723812731,2.095402492421691,,2.0,LIFT_TOP5
Vanilla,almond,35628,3438,1656,0.04648029639609296,1.783637435583637,,3.0,LIFT_TOP5
Vanilla,chocolate,35628,1554,722,0.020264960143707197,1.7204351298322331,,4.0,LIFT_TOP5
Vanilla,cacao,35628,2035,928,0.026046929381385427,1.68863459129542,,5.0,LIFT_TOP5
Vanilla Absolute,vanilla,588,34562,459,0.7806122448979592,2.9797515615238632,1.0,4.0,P_AND_LIFT_TOP5
Vanilla Absolute,sweet,588,60625,434,0.7380952380952381,1.6062169857633775,2.0,,P_TOP5
Vanilla Absolute,powdery,588,62885,374,0.6360544217687075,1.3344145641082226,3.0,,P_TOP5
Vanilla Absolute,woody,588,81432,353,0.6003401360544217,0.9726259228517028,4.0,,P_TOP5
Vanilla Absolute,amber,588,45478,288,0.4897959183673469,1.4208798872026933,5.0,,P_TOP5
Vanilla Absolute,rum,588,1166,22,0.03741496598639456,4.233410345270183,,1.0,LIFT_TOP5
Vanilla Absolute,cacao,588,2035,32,0.05442176870748299,3.5281886710458137,,2.0,LIFT_TOP5
Vanilla Absolute,almond,588,3438,52,0.08843537414965986,3.393623883526651,,3.0,LIFT_TOP5
Vanilla Absolute,coffee,588,1815,22,0.03741496598639456,2.719645433931148,,5.0,LIFT_TOP5
Vanilla Bean,vanilla,469,34562,386,0.8230277185501066,3.1416598260608635,1.0,5.0,P_AND_LIFT_TOP5
Vanilla Bean,sweet,469,60625,366,0.7803837953091685,1.6982438616930078,2.0,,P_TOP5
Vanilla Bean,powdery,469,62885,303,0.6460554371002132,1.3553962601038583,3.0,,P_TOP5
Vanilla Bean,woody,469,81432,232,0.4946695095948827,0.8014263238143835,4.0,,P_TOP5
Vanilla Bean,fruity,469,43222,178,0.3795309168443497,1.1584728577871235,5.0,,P_TOP5
Vanilla Bean,coffee,469,1815,27,0.057569296375266525,4.1846376147597315,,1.0,LIFT_TOP5
Vanilla Bean,coconut,469,3269,41,0.08742004264392324,3.5280900048983765,,2.0,LIFT_TOP5
Vanilla Bean,lactonic,469,7015,86,0.18336886993603413,3.448589452695792,,3.0,LIFT_TOP5
Vanilla Bean,caramel,469,4008,49,0.1044776119402985,3.439054726368159,,4.0,LIFT_TOP5
Vanilla Flower,vanilla,155,34562,124,0.8,3.053758463051907,1.0,1.0,P_AND_LIFT_TOP5
Vanilla Flower,sweet,155,60625,115,0.7419354838709677,1.6145739940139674,2.0,3.0,P_AND_LIFT_TOP5
Vanilla Flower,powdery,155,62885,115,0.7419354838709677,1.5565484358288426,3.0,4.0,P_AND_LIFT_TOP5
Vanilla Flower,woody,155,81432,92,0.5935483870967742,0.9616224421563687,4.0,,P_TOP5
Vanilla Flower,amber,155,45478,63,0.4064516129032258,1.1791011322028802,5.0,,P_TOP5
Vanilla Flower,balsamic,155,18162,45,0.2903225806451613,2.1089229195306753,,2.0,LIFT_TOP5
Vanilla Flower,soft spicy,155,13661,24,0.15483870967741936,1.495342285904541,,5.0,LIFT_TOP5
Vanilla Orchid,sweet,496,60625,450,0.907258064516129,1.9743431992018623,1.0,,P_TOP5
Vanilla Orchid,floral,496,46586,400,0.8064516129032258,2.2838441010243975,2.0,4.0,P_AND_LIFT_TOP5
Vanilla Orchid,powdery,496,62885,359,0.7237903225806451,1.518480675169985,3.0,,P_TOP5
Vanilla Orchid,woody,496,81432,256,0.5161290322580645,0.8361934279620598,4.0,,P_TOP5
Vanilla Orchid,fruity,496,43222,231,0.4657258064516129,1.4215724780241843,5.0,,P_TOP5
Vanilla Orchid,lactonic,496,7015,125,0.25201612903225806,4.739627641229623,,1.0,LIFT_TOP5
Vanilla Orchid,coconut,496,3269,50,0.10080645161290322,4.068337461391962,,2.0,LIFT_TOP5
Vanilla Orchid,tropical,496,6512,70,0.14112903225806453,2.8592065764444796,,3.0,LIFT_TOP5
Vanilla Orchid,caramel,496,4008,34,0.06854838709677419,2.2563844086021505,,5.0,LIFT_TOP5
Vanilla Pod,vanilla,96,34562,79,0.8229166666666666,3.141235919024748,1.0,1.0,P_AND_LIFT_TOP5
Vanilla Pod,sweet,96,60625,72,0.75,1.6321237113402063,2.0,3.0,P_AND_LIFT_TOP5
Vanilla Pod,powdery,96,62885,72,0.75,1.5734674405661127,3.0,4.0,P_AND_LIFT_TOP5
Vanilla Pod,woody,96,81432,53,0.5520833333333334,0.894443881602646,4.0,,P_TOP5
Vanilla Pod,warm spicy,96,45319,43,0.4479166666666667,1.3039485830078628,5.0,5.0,P_AND_LIFT_TOP5
Vanilla Pod,balsamic,96,18162,34,0.3541666666666667,2.5726906911867267,,2.0,LIFT_TOP5
Vanilla Sugar,sweet,87,60625,80,0.9195402298850575,2.0010712169688354,1.0,5.0,P_AND_LIFT_TOP5
Vanilla Sugar,powdery,87,62885,74,0.8505747126436781,1.78446882148494,2.0,,P_TOP5
Vanilla Sugar,vanilla,87,34562,72,0.8275862068965517,3.159060479019214,3.0,2.0,P_AND_LIFT_TOP5
Vanilla Sugar,fruity,87,43222,40,0.45977011494252873,1.4033934400159136,4.0,,P_TOP5
Vanilla Sugar,woody,87,81432,35,0.40229885057471265,0.6517743314215768,5.0,,P_TOP5
Vanilla Sugar,lactonic,87,7015,22,0.25287356321839083,4.755753270905531,,1.0,LIFT_TOP5
Vanilla Sugar,soft spicy,87,13661,23,0.26436781609195403,2.5531107515563645,,3.0,LIFT_TOP5
Vanilla Sugar,balsamic,87,18162,27,0.3103448275862069,2.2543658794983084,,4.0,LIFT_TOP5
Vanille,vanilla,2033,34562,1463,0.719626168224299,2.7469556268107107,1.0,1.0,P_AND_LIFT_TOP5
Vanille,powdery,2033,62885,1427,0.7019183472700443,1.47259422048719,2.0,,P_TOP5
Vanille,sweet,2033,60625,1353,0.6655189375307428,1.448278984386489,3.0,,P_TOP5
Vanille,woody,2033,81432,1187,0.5838662075750123,0.9459361033177544,4.0,,P_TOP5
Vanille,citrus,2033,59969,894,0.4397442203639941,0.9674240856546172,5.0,,P_TOP5
Vanille,chocolate,2033,1554,49,0.024102311854402363,2.0462149311140947,,2.0,LIFT_TOP5
Vanille,yellow floral,2033,6986,205,0.10083620265617314,1.9042828823974982,,3.0,LIFT_TOP5
Vanille,anis,2033,1418,39,0.019183472700442697,1.784820559498875,,4.0,LIFT_TOP5
Vanille,cinnamon,2033,4259,107,0.05263157894736842,1.6303555319385574,,5.0,LIFT_TOP5
Vanillin,woody,63,81432,42,0.6666666666666666,1.0800831777843272,1.0,5.0,P_AND_LIFT_TOP5
Vanillin,sweet,63,60625,35,0.5555555555555556,1.2089805269186713,2.0,2.0,P_AND_LIFT_TOP5
Vanillin,amber,63,45478,33,0.5238095238095238,1.5195521015917692,3.0,1.0,P_AND_LIFT_TOP5
Vanillin,citrus,63,59969,31,0.49206349206349204,1.0825249130039938,4.0,4.0,P_AND_LIFT_TOP5
Vanillin,aromatic,63,54606,28,0.4444444444444444,1.0737932746503234,5.0,,P_TOP5
Vanillin,warm spicy,63,45319,25,0.3968253968253968,1.1552146914798342,,3.0,LIFT_TOP5
Velvet,musky,184,41154,163,0.8858695652173914,2.839888509965749,1.0,1.0,P_AND_LIFT_TOP5
Velvet,powdery,184,62885,161,0.875,1.8357120139937981,2.0,2.0,P_AND_LIFT_TOP5
Velvet,sweet,184,60625,84,0.45652173913043476,0.9934666069027343,3.0,,P_TOP5
Velvet,citrus,184,59969,82,0.44565217391304346,0.9804214061322988,4.0,,P_TOP5
Velvet,woody,184,81432,75,0.4076086956521739,0.660376942938787,5.0,,P_TOP5
Velvet,rose,184,25617,50,0.2717391304347826,1.3994825107647606,,3.0,LIFT_TOP5
Velvet,leather,184,10809,20,0.10869565217391304,1.3266923296608704,,4.0,LIFT_TOP5
Velvet,animalic,184,18242,29,0.15760869565217392,1.1398594023347937,,5.0,LIFT_TOP5
Verbena,citrus,439,59969,399,0.908883826879271,1.9995171385246082,1.0,4.0,P_AND_LIFT_TOP5
Verbena,aromatic,439,54606,385,0.876993166287016,2.1188460687149036,2.0,3.0,P_AND_LIFT_TOP5
Verbena,fresh spicy,439,47271,308,0.7015945330296127,1.958100457840892,3.0,,P_TOP5
Verbena,woody,439,81432,282,0.642369020501139,1.0407179594596137,4.0,,P_TOP5
Verbena,herbal,439,8607,198,0.4510250569476082,6.9134118465316545,5.0,1.0,P_AND_LIFT_TOP5
Verbena,conifer,439,1828,40,0.09111617312072894,6.576015711060048,,2.0,LIFT_TOP5
Verbena,lavender,439,8336,55,0.1252847380410023,1.9828233552962369,,5.0,LIFT_TOP5
Vetiver,woody,17674,81432,15494,0.876654973407265,1.4202904342472302,1.0,,P_TOP5
Vetiver,aromatic,17674,54606,14073,0.7962543849722756,1.923778357861633,2.0,2.0,P_AND_LIFT_TOP5
Vetiver,citrus,17674,59969,9700,0.5488287880502433,1.20740686033565,3.0,,P_TOP5
Vetiver,fresh spicy,17674,47271,9193,0.5201425823243182,1.4516809647785598,4.0,,P_TOP5
Vetiver,earthy,17674,19049,8223,0.46525970351929385,3.222306298771612,5.0,1.0,P_AND_LIFT_TOP5
Vetiver,cannabis,17674,388,90,0.005092225868507412,1.7314880382272755,,3.0,LIFT_TOP5
Vetiver,lavender,17674,8336,1752,0.09912866357361096,1.5688633139715082,,4.0,LIFT_TOP5
Vetiver,mossy,17674,6173,1217,0.06885820979970578,1.471644843491849,,5.0,LIFT_TOP5
Vetiver Root,aromatic,53,54606,48,0.9056603773584906,2.1881070502308475,1.0,3.0,P_AND_LIFT_TOP5
Vetiver Root,woody,53,81432,44,0.8301886792452831,1.3450092402597282,2.0,5.0,P_AND_LIFT_TOP5
Vetiver Root,fresh spicy,53,47271,33,0.6226415094339622,1.7377481825986894,3.0,4.0,P_AND_LIFT_TOP5
Vetiver Root,green,53,29755,28,0.5283018867924528,2.3424254049581013,4.0,2.0,P_AND_LIFT_TOP5
Vetiver Root,citrus,53,59969,28,0.5283018867924528,1.1622482936938803,5.0,,P_TOP5
Vetiver Root,earthy,53,19049,26,0.49056603773584906,3.3975734872429295,,1.0,LIFT_TOP5
Vetyver,woody,409,81432,357,0.8728606356968215,1.4141431337494064,1.0,,P_TOP5
Vetyver,aromatic,409,54606,310,0.7579462102689487,1.831224472050368,2.0,5.0,P_AND_LIFT_TOP5
Vetyver,citrus,409,59969,220,0.5378973105134475,1.1833579378685508,3.0,,P_TOP5
Vetyver,fresh spicy,409,47271,200,0.4889975550122249,1.364757407982967,4.0,,P_TOP5
Vetyver,earthy,409,19049,188,0.45965770171149145,3.1835078264894254,5.0,1.0,P_AND_LIFT_TOP5
Vetyver,herbal,409,8607,57,0.1393643031784841,2.136206868634531,,2.0,LIFT_TOP5
Vetyver,aldehydic,409,3556,22,0.05378973105134474,1.9956353255354082,,3.0,LIFT_TOP5
Vetyver,yellow floral,409,6986,40,0.097799511002445,1.8469352256731415,,4.0,LIFT_TOP5
Vine,green,53,29755,47,0.8867924528301887,3.931928358322527,1.0,1.0,P_AND_LIFT_TOP5
Vine,aromatic,53,54606,41,0.7735849056603774,1.8690081054055157,2.0,2.0,P_AND_LIFT_TOP5
Vine,woody,53,81432,35,0.660377358490566,1.0698937138429656,3.0,5.0,P_AND_LIFT_TOP5
Vine,citrus,53,59969,24,0.4528301886792453,0.996212823166183,4.0,,P_TOP5
Vine,fruity,53,43222,22,0.41509433962264153,1.2670259642407824,5.0,3.0,P_AND_LIFT_TOP5
Vine,fresh spicy,53,47271,21,0.39622641509433965,1.1058397525628023,,4.0,LIFT_TOP5
Violet,powdery,9921,62885,8579,0.8647313778852939,1.8141688905845084,1.0,3.0,P_AND_LIFT_TOP5
Violet,woody,9921,81432,6779,0.6832980546315895,1.107028101330504,2.0,,P_TOP5
Violet,violet,9921,7614,5805,0.5851224674931963,10.138587751034592,3.0,1.0,P_AND_LIFT_TOP5
Violet,floral,9921,46586,5269,0.5310956556798709,1.5040452035771559,4.0,4.0,P_AND_LIFT_TOP5
Violet,citrus,9921,59969,4325,0.4359439572623727,0.9590636208978779,5.0,,P_TOP5
Violet,iris,9921,7451,1079,0.10875919766152606,1.9257282173513801,,2.0,LIFT_TOP5
Violet,fresh,9921,33478,3352,0.33786916641467596,1.331473777558044,,5.0,LIFT_TOP5
Violet Leaf,woody,2849,81432,1989,0.6981396981396981,1.1310734155561741,1.0,,P_TOP5
Violet Leaf,ozonic,2849,5777,1640,0.5756405756405757,13.145968693830905,2.0,1.0,P_AND_LIFT_TOP5
Violet Leaf,aromatic,2849,54606,1462,0.5131625131625132,1.2398185247322704,3.0,,P_TOP5
Violet Leaf,citrus,2849,59969,1369,0.4805194805194805,1.0571284341065394,4.0,,P_TOP5
Violet Leaf,powdery,2849,62885,1223,0.42927342927342926,0.9005970187492013,5.0,,P_TOP5
Violet Leaf,aquatic,2849,8872,1194,0.4190944190944191,6.232092731191018,,2.0,LIFT_TOP5
Violet Leaf,iris,2849,7451,324,0.11372411372411373,2.013638749647339,,3.0,LIFT_TOP5
Violet Leaf,mineral,2849,770,33,0.011583011583011582,1.9846061274632703,,4.0,LIFT_TOP5
Violet Leaf,green,2849,29755,1175,0.4124254124254124,1.828643409890259,,5.0,LIFT_TOP5
Violet Leaves,woody,590,81432,401,0.6796610169491526,1.1011356465038522,1.0,,P_TOP5
Violet Leaves,ozonic,590,5777,328,0.5559322033898305,12.695886375838729,2.0,1.0,P_AND_LIFT_TOP5
Violet Leaves,citrus,590,59969,290,0.4915254237288136,1.0813411788180955,3.0,,P_TOP5
Violet Leaves,aromatic,590,54606,278,0.4711864406779661,1.138402869989453,4.0,,P_TOP5
Violet Leaves,powdery,590,62885,268,0.4542372881355932,0.9529701108965384,5.0,,P_TOP5
Violet Leaves,aquatic,590,8872,262,0.4440677966101695,6.60345631275695,,2.0,LIFT_TOP5
Violet Leaves,iris,590,7451,63,0.10677966101694915,1.89067785236426,,3.0,LIFT_TOP5
Violet Leaves,leather,590,10809,84,0.1423728813559322,1.737742088749018,,4.0,LIFT_TOP5
Violet Leaves,green,590,29755,231,0.39152542372881355,1.7359754378269996,,5.0,LIFT_TOP5
Violet Root,powdery,67,62885,52,0.7761194029850746,1.6282648141181664,1.0,4.0,P_AND_LIFT_TOP5
Violet Root,woody,67,81432,41,0.6119402985074627,0.9914196333393451,2.0,,P_TOP5
Violet Root,fruity,67,43222,39,0.582089552238806,1.7767589335723861,3.0,2.0,P_AND_LIFT_TOP5
Violet Root,floral,67,46586,39,0.582089552238806,1.648458219784177,4.0,3.0,P_AND_LIFT_TOP5
Violet Root,sweet,67,60625,30,0.44776119402985076,0.9744022157254962,5.0,,P_TOP5
Violet Root,violet,67,7614,28,0.417910447761194,7.241256287514359,,1.0,LIFT_TOP5
Violet Root,fresh,67,33478,24,0.3582089552238806,1.4116287550835345,,5.0,LIFT_TOP5
Virginia Cedar,woody,2694,81432,2411,0.8949517446176689,1.4499334864354192,1.0,3.0,P_AND_LIFT_TOP5
Virginia Cedar,aromatic,2694,54606,1588,0.5894580549368968,1.4241512139293264,2.0,4.0,P_AND_LIFT_TOP5
Virginia Cedar,citrus,2694,59969,1498,0.5560504825538233,1.2232943714806968,3.0,,P_TOP5
Virginia Cedar,powdery,2694,62885,1468,0.5449146250927989,1.1432072272957454,4.0,,P_TOP5
Virginia Cedar,fresh spicy,2694,47271,1228,0.45582776540460285,1.2721828835825189,5.0,,P_TOP5
Virginia Cedar,anis,2694,1418,53,0.01967334818114328,1.8303983254853549,,1.0,LIFT_TOP5
Virginia Cedar,conifer,2694,1828,60,0.022271714922048998,1.6073891409551009,,2.0,LIFT_TOP5
Virginia Cedar,lavender,2694,8336,227,0.08426132145508537,1.3335647960136052,,5.0,LIFT_TOP5
Virginian Cedar,woody,337,81432,303,0.8991097922848664,1.4566700424420673,1.0,5.0,P_AND_LIFT_TOP5
Virginian Cedar,aromatic,337,54606,198,0.5875370919881305,1.4195101004650417,2.0,,P_TOP5
Virginian Cedar,powdery,337,62885,182,0.5400593471810089,1.1330210650169437,3.0,,P_TOP5
Virginian Cedar,citrus,337,59969,167,0.49554896142433236,1.090192840979709,4.0,,P_TOP5
Virginian Cedar,fresh spicy,337,47271,150,0.44510385756676557,1.2422532192841993,5.0,,P_TOP5
Virginian Cedar,tobacco,337,4372,25,0.07418397626112759,2.2385846267453258,,1.0,LIFT_TOP5
Virginian Cedar,leather,337,10809,43,0.12759643916913946,1.557387197667182,,2.0,LIFT_TOP5
Virginian Cedar,iris,337,7451,29,0.08605341246290801,1.5236916798055904,,3.0,LIFT_TOP5
Virginian Cedar,earthy,337,19049,71,0.21068249258160238,1.4591496270823037,,4.0,LIFT_TOP5
Vodka,vodka,111,87,85,0.7657657657657657,1161.2353733043387,1.0,1.0,P_AND_LIFT_TOP5
Vodka,woody,111,81432,58,0.5225225225225225,0.8465516798850132,2.0,,P_TOP5
Vodka,citrus,111,59969,55,0.4954954954954955,1.0900752175410748,3.0,,P_TOP5
Vodka,sweet,111,60625,55,0.4954954954954955,1.07827992941395,4.0,,P_TOP5
Vodka,fresh spicy,111,47271,53,0.4774774774774775,1.3326056906687738,5.0,4.0,P_AND_LIFT_TOP5
Vodka,green,111,29755,38,0.34234234234234234,1.5179037212308932,,2.0,LIFT_TOP5
Vodka,fresh,111,33478,41,0.36936936936936937,1.4556096810114374,,3.0,LIFT_TOP5
Vodka,fruity,111,43222,41,0.36936936936936937,1.1274559460668387,,5.0,LIFT_TOP5
Walnut,woody,159,81432,150,0.9433962264150944,1.5284195912042366,1.0,2.0,P_AND_LIFT_TOP5
Walnut,nutty,159,3619,116,0.7295597484276729,26.595970602393727,2.0,1.0,P_AND_LIFT_TOP5
Walnut,sweet,159,60625,109,0.6855345911949685,1.4918363483109642,3.0,3.0,P_AND_LIFT_TOP5
Walnut,warm spicy,159,45319,74,0.46540880503144655,1.35487066457333,4.0,4.0,P_AND_LIFT_TOP5
Walnut,powdery,159,62885,63,0.39622641509433965,0.831265817657569,5.0,,P_TOP5
Walnut,vanilla,159,34562,55,0.34591194968553457,1.3204144297787332,,5.0,LIFT_TOP5
Water,fresh,57,33478,45,0.7894736842105263,3.1111554799538426,1.0,2.0,P_AND_LIFT_TOP5
Water,aquatic,57,8872,44,0.7719298245614035,11.47888883615712,2.0,1.0,P_AND_LIFT_TOP5
Water,citrus,57,59969,27,0.47368421052631576,1.0420910452856782,3.0,,P_TOP5
Water,green,57,29755,24,0.42105263157894735,1.8668954355305167,4.0,3.0,P_AND_LIFT_TOP5
Water,woody,57,81432,24,0.42105263157894735,0.6821577964953646,5.0,,P_TOP5
Water,musky,57,41154,23,0.40350877192982454,1.2935537804515176,,4.0,LIFT_TOP5
Water,fresh spicy,57,47271,22,0.38596491228070173,1.077200627809714,,5.0,LIFT_TOP5
Water Hyacinth,floral,89,46586,81,0.9101123595505618,2.577407882099893,1.0,3.0,P_AND_LIFT_TOP5
Water Hyacinth,woody,89,81432,52,0.5842696629213483,0.9465897513166014,2.0,,P_TOP5
Water Hyacinth,aquatic,89,8872,49,0.550561797752809,8.187062441110019,3.0,1.0,P_AND_LIFT_TOP5
Water Hyacinth,green,89,29755,49,0.550561797752809,2.441123104605212,4.0,4.0,P_AND_LIFT_TOP5
Water Hyacinth,fresh,89,33478,44,0.4943820224719101,1.948259161978586,5.0,5.0,P_AND_LIFT_TOP5
Water Hyacinth,ozonic,89,5777,30,0.33707865168539325,7.697903153341515,,2.0,LIFT_TOP5
Water Jasmine,white floral,157,39497,113,0.7197452229299363,2.4041316368622048,1.0,3.0,P_AND_LIFT_TOP5
Water Jasmine,woody,157,81432,110,0.7006369426751592,1.1351192632765221,2.0,,P_TOP5
Water Jasmine,citrus,157,59969,97,0.6178343949044586,1.3592171241765783,3.0,,P_TOP5
Water Jasmine,powdery,157,62885,76,0.4840764331210191,1.0155713416817373,4.0,,P_TOP5
Water Jasmine,floral,157,46586,75,0.47770700636942676,1.3528503273584012,5.0,,P_TOP5
Water Jasmine,salty,157,2520,24,0.15286624203821655,8.0030330603579,,1.0,LIFT_TOP5
Water Jasmine,aquatic,157,8872,29,0.18471337579617833,2.7467578526589054,,2.0,LIFT_TOP5
Water Jasmine,green,157,29755,53,0.3375796178343949,1.4967863882000243,,4.0,LIFT_TOP5
Water Jasmine,fresh,157,33478,58,0.36942675159235666,1.4558358127002693,,5.0,LIFT_TOP5
Water Lily,floral,1182,46586,1054,0.8917089678510999,2.5252900899110378,1.0,3.0,P_AND_LIFT_TOP5
Water Lily,fresh,1182,33478,833,0.7047377326565144,2.777228301253777,2.0,2.0,P_AND_LIFT_TOP5
Water Lily,aquatic,1182,8872,672,0.5685279187817259,8.454225464931593,3.0,1.0,P_AND_LIFT_TOP5
Water Lily,citrus,1182,59969,611,0.5169204737732657,1.1372095266705622,4.0,,P_TOP5
Water Lily,woody,1182,81432,607,0.5135363790186125,0.8319930062374196,5.0,,P_TOP5
Water Lily,ozonic,1182,5777,124,0.10490693739424704,2.3957715510512396,,4.0,LIFT_TOP5
Water Lily,marine,1182,4326,83,0.07021996615905245,2.141497950846923,,5.0,LIFT_TOP5
Water Mint,aromatic,54,54606,51,0.9444444444444444,2.2818107086319372,1.0,3.0,P_AND_LIFT_TOP5
Water Mint,fresh spicy,54,47271,50,0.9259259259259259,2.584193425301081,2.0,2.0,P_AND_LIFT_TOP5
Water Mint,green,54,29755,49,0.9074074074074074,4.023332524256738,3.0,1.0,P_AND_LIFT_TOP5
Water Mint,woody,54,81432,37,0.6851851851851852,1.1100854882783362,4.0,5.0,P_AND_LIFT_TOP5
Water Mint,citrus,54,59969,29,0.5370370370370371,1.1814653620419933,5.0,4.0,P_AND_LIFT_TOP5
Water Notes,aquatic,1001,8872,872,0.8711288711288712,12.954016227235343,1.0,1.0,P_AND_LIFT_TOP5
Water Notes,fresh,1001,33478,769,0.7682317682317682,3.0274454024379347,2.0,2.0,P_AND_LIFT_TOP5
Water Notes,woody,1001,81432,615,0.6143856143856143,0.9953813501558859,3.0,,P_TOP5
Water Notes,citrus,1001,59969,548,0.5474525474525475,1.2043791723292798,4.0,,P_TOP5
Water Notes,aromatic,1001,54606,484,0.4835164835164835,1.1681926834107914,5.0,,P_TOP5
Water Notes,ozonic,1001,5777,128,0.12787212787212787,2.9202301939016495,,3.0,LIFT_TOP5
Water Notes,salty,1001,2520,44,0.04395604395604396,2.301238444095587,,4.0,LIFT_TOP5
Water Notes,marine,1001,4326,72,0.07192807192807193,2.193590043798088,,5.0,LIFT_TOP5
Watermelon,ozonic,910,5777,734,0.8065934065934066,18.42026451997025,1.0,1.0,P_AND_LIFT_TOP5
Watermelon,aquatic,910,8872,733,0.8054945054945055,11.97800835323378,2.0,2.0,P_AND_LIFT_TOP5
Watermelon,fruity,910,43222,614,0.6747252747252748,2.0595184279881886,3.0,,P_TOP5
Watermelon,woody,910,81432,439,0.4824175824175824,0.7815766731549225,4.0,,P_TOP5
Watermelon,citrus,910,59969,426,0.46813186813186813,1.029876058674271,5.0,,P_TOP5
Watermelon,marine,910,4326,74,0.08131868131868132,2.479975410627283,,3.0,LIFT_TOP5
Watermelon,tropical,910,6512,104,0.11428571428571428,2.3153738153738153,,4.0,LIFT_TOP5
Watermelon,salty,910,2520,36,0.03956043956043956,2.071114599686028,,5.0,LIFT_TOP5
Watery Notes,aquatic,1004,8872,834,0.8306772908366534,12.352485908485086,1.0,1.0,P_AND_LIFT_TOP5
Watery Notes,fresh,1004,33478,777,0.7739043824701195,3.049800023277462,2.0,3.0,P_AND_LIFT_TOP5
Watery Notes,woody,1004,81432,619,0.6165338645418327,0.9988617834389919,3.0,,P_TOP5
Watery Notes,citrus,1004,59969,526,0.5239043824701195,1.1525739161780733,4.0,,P_TOP5
Watery Notes,aromatic,1004,54606,440,0.43824701195219123,1.0588200616571912,5.0,,P_TOP5
Watery Notes,ozonic,1004,5777,140,0.1394422310756972,3.1844579445762045,,2.0,LIFT_TOP5
Watery Notes,salty,1004,2520,46,0.045816733067729085,2.398651426041864,,4.0,LIFT_TOP5
Watery Notes,marine,1004,4326,63,0.06274900398406374,1.91365605539009,,5.0,LIFT_TOP5
Wheat,sweet,145,60625,99,0.6827586206896552,1.48579537859936,1.0,3.0,P_AND_LIFT_TOP5
Wheat,powdery,145,62885,71,0.4896551724137931,1.0272752945305197,2.0,,P_TOP5
Wheat,woody,145,81432,71,0.4896551724137931,0.7933024719588334,3.0,,P_TOP5
Wheat,warm spicy,145,45319,60,0.41379310344827586,1.2046100782879374,4.0,,P_TOP5
Wheat,nutty,145,3619,57,0.3931034482758621,14.330516145629865,5.0,1.0,P_AND_LIFT_TOP5
Wheat,lactonic,145,7015,25,0.1724137931034483,3.2425590483446802,,2.0,LIFT_TOP5
Wheat,green,145,29755,46,0.31724137931034485,1.4066091471152342,,4.0,LIFT_TOP5
Wheat,vanilla,145,34562,53,0.36551724137931035,1.3952517115668195,,5.0,LIFT_TOP5
Whipped Cream,sweet,891,60625,864,0.9696969696969697,2.1102205560762264,1.0,,P_TOP5
Whipped Cream,vanilla,891,34562,780,0.8754208754208754,3.341654883811009,2.0,,P_TOP5
Whipped Cream,lactonic,891,7015,560,0.6285072951739619,11.82023769811843,3.0,1.0,P_AND_LIFT_TOP5
Whipped Cream,powdery,891,62885,529,0.5937149270482603,1.2455881422513635,4.0,,P_TOP5
Whipped Cream,fruity,891,43222,458,0.5140291806958474,1.5690127668595424,5.0,,P_TOP5
Whipped Cream,savory,891,654,36,0.04040404040404041,8.150619343279894,,2.0,LIFT_TOP5
Whipped Cream,chocolate,891,1554,60,0.06734006734006734,5.7169723836390505,,3.0,LIFT_TOP5
Whipped Cream,nutty,891,3619,121,0.13580246913580246,4.950654808810837,,4.0,LIFT_TOP5
Whipped Cream,coconut,891,3269,107,0.12008978675645342,4.8465725196631695,,5.0,LIFT_TOP5
Whiskey,woody,542,81432,504,0.9298892988929889,1.5065366834039693,1.0,,P_TOP5
Whiskey,whiskey,542,808,469,0.8653136531365314,141.28815626027549,2.0,1.0,P_AND_LIFT_TOP5
Whiskey,warm spicy,542,45319,426,0.7859778597785978,2.2880923904011654,3.0,,P_TOP5
Whiskey,sweet,542,60625,289,0.533210332103321,1.1603536348765549,4.0,,P_TOP5
Whiskey,amber,542,45478,248,0.4575645756457565,1.32737795120596,5.0,,P_TOP5
Whiskey,tobacco,542,4372,118,0.2177121771217712,6.569708949605507,,2.0,LIFT_TOP5
Whiskey,rum,542,1166,30,0.055350553505535055,6.262777464824391,,3.0,LIFT_TOP5
Whiskey,coffee,542,1815,40,0.07380073800738007,5.364480091081902,,4.0,LIFT_TOP5
Whiskey,chocolate,542,1554,23,0.042435424354243544,3.6026419144500323,,5.0,LIFT_TOP5
White Amber,amber,751,45478,496,0.6604527296937417,1.9159490001428239,1.0,1.0,P_AND_LIFT_TOP5
White Amber,woody,751,81432,435,0.5792276964047937,0.9384211364903775,2.0,,P_TOP5
White Amber,powdery,751,62885,431,0.5739014647137151,1.2040203584269766,3.0,,P_TOP5
White Amber,citrus,751,59969,382,0.5086551264980027,1.1190260107535808,4.0,,P_TOP5
White Amber,musky,751,41154,340,0.45272969374167776,1.4513444257019863,5.0,,P_TOP5
White Amber,animalic,751,18242,168,0.2237017310252996,1.6178582049209393,,2.0,LIFT_TOP5
White Amber,marine,751,4326,39,0.05193075898801598,1.583732092762124,,3.0,LIFT_TOP5
White Amber,salty,751,2520,21,0.02796271637816245,1.463936972924989,,4.0,LIFT_TOP5
White Amber,soft spicy,751,13661,113,0.15046604527296936,1.4531136339113424,,5.0,LIFT_TOP5
White Blossom,white floral,94,39497,68,0.723404255319149,2.416353733302664,1.0,1.0,P_AND_LIFT_TOP5
White Blossom,sweet,94,60625,55,0.5851063829787234,1.2732880017547707,2.0,4.0,P_AND_LIFT_TOP5
White Blossom,powdery,94,62885,55,0.5851063829787234,1.2275277905125703,3.0,5.0,P_AND_LIFT_TOP5
White Blossom,musky,94,41154,50,0.5319148936170213,1.7051934663676342,4.0,3.0,P_AND_LIFT_TOP5
White Blossom,woody,94,81432,50,0.5319148936170213,0.861768492913027,5.0,,P_TOP5
White Blossom,animalic,94,18242,25,0.26595744680851063,1.9234604734923149,,2.0,LIFT_TOP5
White Cedar Extract,woody,382,81432,299,0.7827225130890052,1.2681081288907612,1.0,,P_TOP5
White Cedar Extract,powdery,382,62885,208,0.5445026178010471,1.1423428538839493,2.0,,P_TOP5
White Cedar Extract,citrus,382,59969,204,0.5340314136125655,1.1748530807234698,3.0,,P_TOP5
White Cedar Extract,aromatic,382,54606,177,0.46335078534031415,1.1194716534803437,4.0,,P_TOP5
White Cedar Extract,sweet,382,60625,169,0.4424083769633508,0.9627536028498948,5.0,,P_TOP5
White Cedar Extract,ozonic,382,5777,29,0.07591623036649214,1.7337075077464617,,1.0,LIFT_TOP5
White Cedar Extract,tropical,382,6512,28,0.07329842931937172,1.4849910595983895,,2.0,LIFT_TOP5
White Cedar Extract,aquatic,382,8872,37,0.0968586387434555,1.4403246403769256,,3.0,LIFT_TOP5
White Cedar Extract,lactonic,382,7015,29,0.07591623036649214,1.427744586208312,,4.0,LIFT_TOP5
White Cedar Extract,fresh,382,33478,136,0.35602094240837695,1.4030062408727275,,5.0,LIFT_TOP5
White Chocolate,sweet,363,60625,349,0.9614325068870524,2.0922357217914858,1.0,,P_TOP5
White Chocolate,powdery,363,62885,214,0.5895316804407713,1.2368118724743733,2.0,,P_TOP5
White Chocolate,vanilla,363,34562,190,0.5234159779614325,1.9979824654953935,3.0,,P_TOP5
White Chocolate,woody,363,81432,185,0.509641873278237,0.8256834210334733,4.0,,P_TOP5
White Chocolate,chocolate,363,1554,177,0.48760330578512395,41.39607730516821,5.0,1.0,P_AND_LIFT_TOP5
White Chocolate,cacao,363,2035,28,0.07713498622589532,5.0006971659864226,,2.0,LIFT_TOP5
White Chocolate,nutty,363,3619,48,0.1322314049586777,4.820472300690342,,3.0,LIFT_TOP5
White Chocolate,caramel,363,4008,46,0.12672176308539945,4.171258034894398,,4.0,LIFT_TOP5
White Chocolate,almond,363,3438,37,0.10192837465564739,3.911405022780558,,5.0,LIFT_TOP5
White Flowers,white floral,2317,39497,1849,0.7980146741476046,2.665571460118325,1.0,1.0,P_AND_LIFT_TOP5
White Flowers,powdery,2317,62885,1298,0.5602071644367717,1.1752903109508355,2.0,,P_TOP5
White Flowers,woody,2317,81432,1290,0.5567544238239103,0.9020116309938166,3.0,,P_TOP5
White Flowers,sweet,2317,60625,1248,0.5386275356063875,1.1721423632585684,4.0,,P_TOP5
White Flowers,citrus,2317,59969,1026,0.4428139835994821,0.9741774726321878,5.0,,P_TOP5
White Flowers,animalic,2317,18242,767,0.33103150625809236,2.3940898268079227,,2.0,LIFT_TOP5
White Flowers,coconut,2317,3269,113,0.0487699611566681,1.9682535868458926,,3.0,LIFT_TOP5
White Flowers,caramel,2317,4008,126,0.054380664652567974,1.7900302114803626,,4.0,LIFT_TOP5
White Flowers,soapy,2317,1720,47,0.02028485110056107,1.5559188405215245,,5.0,LIFT_TOP5
White Ginger Lily,floral,82,46586,69,0.8414634146341463,2.382996357117652,1.0,1.0,P_AND_LIFT_TOP5
White Ginger Lily,woody,82,81432,54,0.6585365853658537,1.0669114317137867,2.0,5.0,P_AND_LIFT_TOP5
White Ginger Lily,fresh spicy,82,47271,39,0.47560975609756095,1.3273930130936773,3.0,3.0,P_AND_LIFT_TOP5
White Ginger Lily,white floral,82,39497,38,0.4634146341463415,1.5479224417785358,4.0,2.0,P_AND_LIFT_TOP5
White Ginger Lily,aromatic,82,54606,33,0.4024390243902439,0.972306715155933,5.0,,P_TOP5
White Ginger Lily,amber,82,45478,31,0.3780487804878049,1.0967055633439486,,4.0,LIFT_TOP5
White Grapefruit,citrus,135,59969,116,0.8592592592592593,1.8903445792671894,1.0,1.0,P_AND_LIFT_TOP5
White Grapefruit,aromatic,135,54606,87,0.6444444444444445,1.5570002482429688,2.0,3.0,P_AND_LIFT_TOP5
White Grapefruit,woody,135,81432,87,0.6444444444444445,1.0440804051915162,3.0,,P_TOP5
White Grapefruit,fresh spicy,135,47271,78,0.5777777777777777,1.6125366973878748,4.0,2.0,P_AND_LIFT_TOP5
White Grapefruit,sweet,135,60625,51,0.37777777777777777,0.8221067583046965,5.0,,P_TOP5
White Grapefruit,green,135,29755,46,0.34074074074074073,1.510802417271918,,4.0,LIFT_TOP5
White Grapefruit,earthy,135,19049,26,0.1925925925925926,1.3338621838805576,,5.0,LIFT_TOP5
White Honey,sweet,275,60625,236,0.8581818181818182,1.8675451921274602,1.0,3.0,P_AND_LIFT_TOP5
White Honey,honey,275,3467,213,0.7745454545454545,29.47383380968613,2.0,1.0,P_AND_LIFT_TOP5
White Honey,floral,275,46586,173,0.6290909090909091,1.7815644965518318,3.0,4.0,P_AND_LIFT_TOP5
White Honey,woody,275,81432,145,0.5272727272727272,0.8542476042476043,4.0,,P_TOP5
White Honey,white floral,275,39497,109,0.39636363636363636,1.3239550990063687,5.0,5.0,P_AND_LIFT_TOP5
White Honey,yellow floral,275,6986,36,0.13090909090909092,2.472206751164667,,2.0,LIFT_TOP5
White Iris,powdery,70,62885,63,0.9,1.8881609286793353,1.0,4.0,P_AND_LIFT_TOP5
White Iris,iris,70,7451,49,0.7,12.394443698832372,2.0,1.0,P_AND_LIFT_TOP5
White Iris,floral,70,46586,38,0.5428571428571428,1.537353343432423,3.0,5.0,P_AND_LIFT_TOP5
White Iris,citrus,70,59969,35,0.5,1.0999849922459937,4.0,,P_TOP5
White Iris,sweet,70,60625,34,0.4857142857142857,1.0569944035346097,5.0,,P_TOP5
White Iris,violet,70,7614,21,0.3,5.198187549251379,,2.0,LIFT_TOP5
White Iris,earthy,70,19049,25,0.35714285714285715,2.4735081706576274,,3.0,LIFT_TOP5
White Lily,white floral,221,39497,191,0.8642533936651584,2.8868255874178885,1.0,2.0,P_AND_LIFT_TOP5
White Lily,powdery,221,62885,124,0.5610859728506787,1.1771340128518732,2.0,,P_TOP5
White Lily,floral,221,46586,118,0.5339366515837104,1.5120908093298182,3.0,,P_TOP5
White Lily,woody,221,81432,118,0.5339366515837104,0.8650439930670856,4.0,,P_TOP5
White Lily,citrus,221,59969,95,0.4298642533936652,0.9456884548721214,5.0,,P_TOP5
White Lily,soft spicy,221,13661,80,0.36199095022624433,3.49589825513128,,1.0,LIFT_TOP5
White Lily,animalic,221,18242,59,0.2669683257918552,1.930771363979797,,3.0,LIFT_TOP5
White Lily,green,221,29755,86,0.3891402714932127,1.725399967000489,,4.0,LIFT_TOP5
White Lily,yellow floral,221,6986,20,0.09049773755656108,1.7090418717201694,,5.0,LIFT_TOP5
White Lotus,floral,103,46586,84,0.8155339805825242,2.309565063715546,1.0,3.0,P_AND_LIFT_TOP5
White Lotus,aquatic,103,8872,54,0.5242718446601942,7.796120882103181,2.0,1.0,P_AND_LIFT_TOP5
White Lotus,woody,103,81432,54,0.5242718446601942,0.8493858000051505,3.0,,P_TOP5
White Lotus,powdery,103,62885,52,0.5048543689320388,1.059162548989487,4.0,,P_TOP5
White Lotus,sweet,103,60625,45,0.4368932038834951,0.950751676508858,5.0,,P_TOP5
White Lotus,ozonic,103,5777,30,0.2912621359223301,6.65158621987762,,2.0,LIFT_TOP5
White Lotus,musky,103,41154,44,0.42718446601941745,1.3694524615333077,,4.0,LIFT_TOP5
White Lotus,rose,103,25617,27,0.2621359223300971,1.3500250705785106,,5.0,LIFT_TOP5
White Musk,powdery,8339,62885,5718,0.6856937282647799,1.4385556741666918,1.0,3.0,P_AND_LIFT_TOP5
White Musk,musky,8339,41154,5520,0.6619498740856218,2.1220548886649193,2.0,1.0,P_AND_LIFT_TOP5
White Musk,woody,8339,81432,4661,0.5589399208538194,0.9055524088594704,3.0,,P_TOP5
White Musk,sweet,8339,60625,4327,0.5188871567334212,1.1291840426860251,4.0,,P_TOP5
White Musk,citrus,8339,59969,4285,0.5138505816045089,1.1304558560436704,5.0,,P_TOP5
White Musk,Champagne,8339,311,30,0.003597553663508814,1.5261262213077744,,2.0,LIFT_TOP5
White Musk,caramel,8339,4008,345,0.04137186713035136,1.361823959707399,,4.0,LIFT_TOP5
White Musk,coconut,8339,3269,262,0.03141863532797697,1.2679903820189669,,5.0,LIFT_TOP5
White Orchid,sweet,81,60625,71,0.8765432098765432,1.907502609138348,1.0,2.0,P_AND_LIFT_TOP5
White Orchid,floral,81,46586,66,0.8148148148148148,2.307528410220206,2.0,1.0,P_AND_LIFT_TOP5
White Orchid,powdery,81,62885,59,0.7283950617283951,1.5281412179983647,3.0,3.0,P_AND_LIFT_TOP5
White Orchid,woody,81,81432,44,0.5432098765432098,0.8800677744909333,4.0,,P_TOP5
White Orchid,vanilla,81,34562,32,0.3950617283950617,1.5080288706429168,5.0,4.0,P_AND_LIFT_TOP5
White Orchid,musky,81,41154,32,0.3950617283950617,1.2664745547737886,,5.0,LIFT_TOP5
White Oud,oud,122,8298,88,0.7213114754098361,11.468139666283403,1.0,1.0,P_AND_LIFT_TOP5
White Oud,woody,122,81432,82,0.6721311475409836,1.088936318585838,2.0,,P_TOP5
White Oud,amber,122,45478,68,0.5573770491803278,1.6169302541527917,3.0,2.0,P_AND_LIFT_TOP5
White Oud,warm spicy,122,45319,56,0.45901639344262296,1.3362614529642147,4.0,4.0,P_AND_LIFT_TOP5
White Oud,powdery,122,62885,54,0.4426229508196721,0.9286037354160666,5.0,,P_TOP5
White Oud,animalic,122,18242,24,0.19672131147540983,1.4227301076061187,,3.0,LIFT_TOP5
White Oud,earthy,122,19049,23,0.1885245901639344,1.3056879195930426,,5.0,LIFT_TOP5
White Peach,fruity,447,43222,369,0.825503355704698,2.5197505371829347,1.0,2.0,P_AND_LIFT_TOP5
White Peach,sweet,447,60625,338,0.756152125279642,1.6455117507322585,2.0,,P_TOP5
White Peach,powdery,447,62885,313,0.7002237136465325,1.4690389527134773,3.0,,P_TOP5
White Peach,floral,447,46586,240,0.5369127516778524,1.520519025648458,4.0,,P_TOP5
White Peach,woody,447,81432,238,0.5324384787472036,0.8626167661498989,5.0,,P_TOP5
White Peach,coconut,447,3269,28,0.06263982102908278,2.528012110237654,,1.0,LIFT_TOP5
White Peach,lactonic,447,7015,56,0.12527964205816555,2.356114494188707,,3.0,LIFT_TOP5
White Peach,tropical,447,6512,41,0.09172259507829977,1.8582558305712669,,4.0,LIFT_TOP5
White Peach,nutty,447,3619,22,0.049217002237136466,1.7941970448039275,,5.0,LIFT_TOP5
White Pepper,fresh spicy,517,47271,438,0.8471953578336557,2.3644620075520764,1.0,1.0,P_AND_LIFT_TOP5
White Pepper,woody,517,81432,378,0.7311411992263056,1.184539964804088,2.0,,P_TOP5
White Pepper,warm spicy,517,45319,310,0.5996131528046421,1.7455584467776526,3.0,3.0,P_AND_LIFT_TOP5
White Pepper,aromatic,517,54606,287,0.5551257253384912,1.3412031085211726,4.0,,P_TOP5
White Pepper,citrus,517,59969,245,0.4738878143133462,1.0425389675058743,5.0,,P_TOP5
White Pepper,ozonic,517,5777,43,0.08317214700193423,1.899411693606575,,2.0,LIFT_TOP5
White Pepper,iris,517,7451,45,0.08704061895551257,1.541171501650889,,4.0,LIFT_TOP5
White Pepper,leather,517,10809,59,0.11411992263056092,1.3928986393422058,,5.0,LIFT_TOP5
White Rose,rose,594,25617,404,0.6801346801346801,3.5027586505120953,1.0,1.0,P_AND_LIFT_TOP5
White Rose,floral,594,46586,385,0.6481481481481481,1.8355339626751639,2.0,2.0,P_AND_LIFT_TOP5
White Rose,woody,594,81432,363,0.6111111111111112,0.9900762463023,3.0,,P_TOP5
White Rose,powdery,594,62885,342,0.5757575757575758,1.20791439881843,4.0,,P_TOP5
White Rose,citrus,594,59969,329,0.5538720538720538,1.2185018937674477,5.0,,P_TOP5
White Rose,white floral,594,39497,265,0.44612794612794615,1.4901805183345553,,3.0,LIFT_TOP5
White Rose,musky,594,41154,271,0.4562289562289562,1.462562234419162,,4.0,LIFT_TOP5
White Rose,fresh,594,33478,203,0.34175084175084175,1.3467706718498282,,5.0,LIFT_TOP5
White Rum,sweet,50,60625,45,0.9,1.9585484536082474,1.0,3.0,P_AND_LIFT_TOP5
White Rum,citrus,50,59969,30,0.6,1.3199819906951926,2.0,,P_TOP5
White Rum,rum,50,1166,26,0.52,58.836706689536875,3.0,1.0,P_AND_LIFT_TOP5
White Rum,vanilla,50,34562,23,0.46,1.7559111162548464,4.0,4.0,P_AND_LIFT_TOP5
White Rum,woody,50,81432,23,0.46,0.7452573926711857,5.0,,P_TOP5
White Rum,coconut,50,3269,22,0.44,17.757479351483635,,2.0,LIFT_TOP5
White Rum,fruity,50,43222,22,0.44,1.3430475220952294,,5.0,LIFT_TOP5
White Sandalwood,woody,168,81432,147,0.875,1.4176091708419294,1.0,3.0,P_AND_LIFT_TOP5
White Sandalwood,powdery,168,62885,122,0.7261904761904762,1.5235160932465537,2.0,1.0,P_AND_LIFT_TOP5
White Sandalwood,warm spicy,168,45319,85,0.5059523809523809,1.4728987316367885,3.0,2.0,P_AND_LIFT_TOP5
White Sandalwood,amber,168,45478,74,0.44047619047619047,1.2778051763385332,4.0,,P_TOP5
White Sandalwood,sweet,168,60625,72,0.42857142857142855,0.9326421207658321,5.0,,P_TOP5
White Sandalwood,balsamic,168,18162,30,0.17857142857142858,1.2971549703462488,,4.0,LIFT_TOP5
White Sandalwood,musky,168,41154,67,0.39880952380952384,1.2784891013313524,,5.0,LIFT_TOP5
White Suede,musky,77,41154,62,0.8051948051948052,2.581264291426123,1.0,2.0,P_AND_LIFT_TOP5
White Suede,powdery,77,62885,58,0.7532467532467533,1.580278987927871,2.0,3.0,P_AND_LIFT_TOP5
White Suede,woody,77,81432,48,0.6233766233766234,1.0099479064996306,3.0,,P_TOP5
White Suede,leather,77,10809,41,0.5324675324675324,6.4990694382867575,4.0,1.0,P_AND_LIFT_TOP5
White Suede,sweet,77,60625,39,0.5064935064935064,1.1022134154505288,5.0,,P_TOP5
White Suede,fruity,77,43222,35,0.45454545454545453,1.38744578728846,,4.0,LIFT_TOP5
White Suede,vanilla,77,34562,25,0.3246753246753247,1.2393500255892478,,5.0,LIFT_TOP5
White Tea,green,443,29755,343,0.7742663656884876,3.4330015669730187,1.0,2.0,P_AND_LIFT_TOP5
White Tea,fresh,443,33478,273,0.6162528216704289,2.4285272346908324,2.0,3.0,P_AND_LIFT_TOP5
White Tea,powdery,443,62885,224,0.5056433408577878,1.0608177778384025,3.0,,P_TOP5
White Tea,citrus,443,59969,223,0.5033860045146726,1.107434100545628,4.0,,P_TOP5
White Tea,floral,443,46586,218,0.49209932279909707,1.393608888011095,5.0,,P_TOP5
White Tea,ozonic,443,5777,103,0.2325056433408578,5.309757577628417,,1.0,LIFT_TOP5
White Tea,aquatic,443,8872,48,0.10835214446952596,1.6112374233391074,,4.0,LIFT_TOP5
White Tea,tropical,443,6512,33,0.0744920993227991,1.5091742419620524,,5.0,LIFT_TOP5
White Tobacco,white floral,131,39497,104,0.7938931297709924,2.6518044563052134,1.0,1.0,P_AND_LIFT_TOP5
White Tobacco,woody,131,81432,81,0.6183206106870229,1.0017565351205784,2.0,,P_TOP5
White Tobacco,sweet,131,60625,73,0.5572519083969466,1.212672070512316,3.0,,P_TOP5
White Tobacco,amber,131,45478,65,0.4961832061068702,1.4394091732635426,4.0,4.0,P_AND_LIFT_TOP5
White Tobacco,warm spicy,131,45319,62,0.4732824427480916,1.3777919343267884,5.0,5.0,P_AND_LIFT_TOP5
White Tobacco,animalic,131,18242,40,0.3053435114503817,2.208308818421711,,2.0,LIFT_TOP5
White Tobacco,leather,131,10809,23,0.17557251908396945,2.1429625721850396,,3.0,LIFT_TOP5
White Wine,sweet,73,60625,46,0.6301369863013698,1.3712820223132325,1.0,3.0,P_AND_LIFT_TOP5
White Wine,wine,73,236,43,0.589041095890411,329.2889482238217,2.0,1.0,P_AND_LIFT_TOP5
White Wine,fruity,73,43222,38,0.5205479452054794,1.5889105180454144,3.0,2.0,P_AND_LIFT_TOP5
White Wine,floral,73,46586,32,0.4383561643835616,1.2414100538170971,4.0,4.0,P_AND_LIFT_TOP5
White Wine,woody,73,81432,32,0.4383561643835616,0.7101916785431193,5.0,,P_TOP5
White Wine,fresh,73,33478,21,0.2876712328767123,1.133653914613318,,5.0,LIFT_TOP5
White Wood,woody,308,81432,240,0.7792207792207793,1.2624348831245382,1.0,,P_TOP5
White Wood,citrus,308,59969,176,0.5714285714285714,1.2571257054239928,2.0,,P_TOP5
White Wood,sweet,308,60625,159,0.5162337662337663,1.123409827286116,3.0,,P_TOP5
White Wood,fruity,308,43222,145,0.4707792207792208,1.436997422548762,4.0,4.0,P_AND_LIFT_TOP5
White Wood,powdery,308,62885,134,0.43506493506493504,0.9127473464755805,5.0,,P_TOP5
White Wood,caramel,308,4008,20,0.06493506493506493,2.1374458874458875,,1.0,LIFT_TOP5
White Wood,ozonic,308,5777,28,0.09090909090909091,2.0761011534769542,,2.0,LIFT_TOP5
White Wood,aquatic,308,8872,33,0.10714285714285714,1.593254862810769,,3.0,LIFT_TOP5
White Wood,violet,308,7614,24,0.07792207792207792,1.3501785842211373,,5.0,LIFT_TOP5
White Woods,woody,626,81432,514,0.8210862619808307,1.3302621886129653,1.0,,P_TOP5
White Woods,citrus,626,59969,341,0.5447284345047924,1.1983862056098527,2.0,,P_TOP5
White Woods,sweet,626,60625,313,0.5,1.088082474226804,3.0,,P_TOP5
White Woods,floral,626,46586,301,0.48083067092651754,1.3616964413200416,4.0,,P_TOP5
White Woods,fruity,626,43222,289,0.46166134185303515,1.4091661845974486,5.0,,P_TOP5
White Woods,aquatic,626,8872,87,0.1389776357827476,2.066650077639528,,1.0,LIFT_TOP5
White Woods,ozonic,626,5777,48,0.07667731629392971,1.751088512836792,,2.0,LIFT_TOP5
White Woods,green,626,29755,208,0.33226837060702874,1.4732369730863821,,3.0,LIFT_TOP5
White Woods,fresh,626,33478,234,0.3738019169329074,1.4730774508918831,,4.0,LIFT_TOP5
White Woods,violet,626,7614,52,0.08306709265175719,1.4393277559162498,,5.0,LIFT_TOP5
Wild Berries,woody,403,81432,349,0.8660049627791563,1.4030360882632638,1.0,,P_TOP5
Wild Berries,fruity,403,43222,345,0.8560794044665012,2.6130802792852137,2.0,3.0,P_AND_LIFT_TOP5
Wild Berries,sweet,403,60625,238,0.5905707196029777,1.2851792995830242,3.0,,P_TOP5
Wild Berries,powdery,403,62885,191,0.4739454094292804,0.994316893790331,4.0,,P_TOP5
Wild Berries,floral,403,46586,158,0.3920595533498759,1.110299593728784,5.0,,P_TOP5
Wild Berries,sour,403,1912,67,0.1662531017369727,11.47163792476925,,1.0,LIFT_TOP5
Wild Berries,caramel,403,4008,33,0.08188585607940446,2.695409429280397,,2.0,LIFT_TOP5
Wild Berries,lactonic,403,7015,45,0.11166253101736973,2.100019631806356,,4.0,LIFT_TOP5
Wild Berries,tropical,403,6512,28,0.06947890818858561,1.4076093914803591,,5.0,LIFT_TOP5
Wild Lavender,aromatic,69,54606,59,0.855072463768116,2.0658848870989917,1.0,3.0,P_AND_LIFT_TOP5
Wild Lavender,lavender,69,8336,51,0.7391304347826086,11.697874071601435,2.0,1.0,P_AND_LIFT_TOP5
Wild Lavender,fresh spicy,69,47271,50,0.7246376811594203,2.0224122458878027,3.0,4.0,P_AND_LIFT_TOP5
Wild Lavender,woody,69,81432,45,0.6521739130434783,1.0566031087020593,4.0,,P_TOP5
Wild Lavender,citrus,69,59969,34,0.4927536231884058,1.0840431807641677,5.0,,P_TOP5
Wild Lavender,herbal,69,8607,21,0.30434782608695654,4.665110804653442,,2.0,LIFT_TOP5
Wild Lavender,musky,69,41154,26,0.37681159420289856,1.2079689367543471,,5.0,LIFT_TOP5
Wild Orchid,floral,55,46586,46,0.8363636363636363,2.3685539549533026,1.0,1.0,P_AND_LIFT_TOP5
Wild Orchid,sweet,55,60625,46,0.8363636363636363,1.8200652296157451,2.0,2.0,P_AND_LIFT_TOP5
Wild Orchid,powdery,55,62885,36,0.6545454545454545,1.3732079481304256,3.0,5.0,P_AND_LIFT_TOP5
Wild Orchid,woody,55,81432,31,0.5636363636363636,0.9131612321267494,4.0,,P_TOP5
Wild Orchid,fruity,55,43222,29,0.5272727272727272,1.6094371132546137,5.0,3.0,P_AND_LIFT_TOP5
Wild Orchid,white floral,55,39497,24,0.43636363636363634,1.457565246612516,,4.0,LIFT_TOP5
Wild Rose,rose,208,25617,151,0.7259615384615384,3.7387713537584717,1.0,1.0,P_AND_LIFT_TOP5
Wild Rose,floral,208,46586,145,0.6971153846153846,1.9742075450201282,2.0,2.0,P_AND_LIFT_TOP5
Wild Rose,woody,208,81432,125,0.6009615384615384,0.9736326722815449,3.0,,P_TOP5
Wild Rose,powdery,208,62885,99,0.47596153846153844,0.9985466449746485,4.0,,P_TOP5
Wild Rose,fruity,208,43222,98,0.47115384615384615,1.438140921824,5.0,3.0,P_AND_LIFT_TOP5
Wild Rose,fresh,208,33478,59,0.28365384615384615,1.1178222093039287,,4.0,LIFT_TOP5
Wild Rose,musky,208,41154,72,0.34615384615384615,1.1096874404207835,,5.0,LIFT_TOP5
Wild Strawberry,sweet,245,60625,231,0.9428571428571428,2.051812665684831,1.0,4.0,P_AND_LIFT_TOP5
Wild Strawberry,fruity,245,43222,229,0.9346938775510204,2.8530415821874535,2.0,1.0,P_AND_LIFT_TOP5
Wild Strawberry,woody,245,81432,205,0.8367346938775511,1.3556146006884924,3.0,,P_TOP5
Wild Strawberry,powdery,245,62885,119,0.4857142857142857,1.0190074853190063,4.0,,P_TOP5
Wild Strawberry,floral,245,46586,106,0.4326530612244898,1.2252590556679461,5.0,,P_TOP5
Wild Strawberry,caramel,245,4008,21,0.08571428571428572,2.8214285714285716,,2.0,LIFT_TOP5
Wild Strawberry,earthy,245,19049,83,0.33877551020408164,2.3462991790238066,,3.0,LIFT_TOP5
Wild Strawberry,violet,245,7614,26,0.10612244897959183,1.8388146432725967,,5.0,LIFT_TOP5
Wildflowers,floral,251,46586,234,0.9322709163346613,2.6401601767061322,1.0,3.0,P_AND_LIFT_TOP5
Wildflowers,fresh,251,33478,207,0.8247011952191236,3.249979947585249,2.0,2.0,P_AND_LIFT_TOP5
Wildflowers,herbal,251,8607,151,0.601593625498008,9.22136017334172,3.0,1.0,P_AND_LIFT_TOP5
Wildflowers,woody,251,81432,124,0.4940239043824701,0.8003803628202584,4.0,,P_TOP5
Wildflowers,sweet,251,60625,102,0.4063745019920319,0.8843379471803507,5.0,,P_TOP5
Wildflowers,green,251,29755,82,0.32669322709163345,1.4485174743807496,,4.0,LIFT_TOP5
Wildflowers,animalic,251,18242,34,0.13545816733067728,0.9796620993277193,,5.0,LIFT_TOP5
Wisteria,floral,263,46586,252,0.9581749049429658,2.71351940946047,1.0,2.0,P_AND_LIFT_TOP5
Wisteria,fresh,263,33478,212,0.8060836501901141,3.1766119830808814,2.0,1.0,P_AND_LIFT_TOP5
Wisteria,powdery,263,62885,138,0.5247148288973384,1.1008289318029079,3.0,,P_TOP5
Wisteria,woody,263,81432,135,0.5133079847908745,0.8316229790924953,4.0,,P_TOP5
Wisteria,fresh spicy,263,47271,126,0.4790874524714829,1.3370990164067342,5.0,,P_TOP5
Wisteria,green,263,29755,111,0.4220532319391635,1.8713319741130512,,3.0,LIFT_TOP5
Wisteria,violet,263,7614,25,0.09505703422053231,1.6470809725131113,,4.0,LIFT_TOP5
Wisteria,yellow floral,263,6986,22,0.08365019011406843,1.5797265361793658,,5.0,LIFT_TOP5
Woodsy Notes,woody,3240,81432,2776,0.8567901234567902,1.3881068988561538,1.0,4.0,P_AND_LIFT_TOP5
Woodsy Notes,citrus,3240,59969,1537,0.4743827160493827,1.0436277364704274,2.0,,P_TOP5
Woodsy Notes,sweet,3240,60625,1456,0.44938271604938274,0.9779309151075474,3.0,,P_TOP5
Woodsy Notes,powdery,3240,62885,1357,0.4188271604938272,0.8786812003490597,4.0,,P_TOP5
Woodsy Notes,floral,3240,46586,1310,0.404320987654321,1.1450235671926023,5.0,,P_TOP5
Woodsy Notes,sour,3240,1912,71,0.021913580246913582,1.5120599591921071,,1.0,LIFT_TOP5
Woodsy Notes,aquatic,3240,8872,328,0.10123456790123457,1.505396364203097,,2.0,LIFT_TOP5
Woodsy Notes,salty,3240,2520,90,0.027777777777777776,1.4542548500881833,,3.0,LIFT_TOP5
Woodsy Notes,mineral,3240,770,26,0.008024691358024692,1.3749318582651917,,5.0,LIFT_TOP5
Woody Notes,woody,8278,81432,7293,0.8810099057743416,1.4273459680323324,1.0,,P_TOP5
Woody Notes,citrus,8278,59969,3753,0.453370379318676,0.9974012263588342,2.0,,P_TOP5
Woody Notes,powdery,8278,62885,3532,0.42667310944672626,0.8951416606393671,3.0,,P_TOP5
Woody Notes,sweet,8278,60625,3453,0.4171297414834501,0.9077431223737992,4.0,,P_TOP5
Woody Notes,aromatic,8278,54606,3198,0.3863251993235081,0.9333751519384395,5.0,,P_TOP5
Woody Notes,cannabis,8278,388,56,0.0067649190625755015,2.3002468348597573,,1.0,LIFT_TOP5
Woody Notes,whiskey,8278,808,85,0.010268180719980672,1.6765854980037749,,2.0,LIFT_TOP5
Woody Notes,mineral,8278,770,79,0.009543367963276154,1.635138357655874,,3.0,LIFT_TOP5
Woody Notes,smoky,8278,7407,711,0.08589031166948538,1.5298378315856902,,4.0,LIFT_TOP5
Woody Notes,wine,8278,236,22,0.0026576467745832327,1.4856921142829063,,5.0,LIFT_TOP5
Wool,woody,61,81432,40,0.6557377049180327,1.0623768961813054,1.0,5.0,P_AND_LIFT_TOP5
Wool,musky,61,41154,38,0.6229508196721312,1.997033135037767,2.0,2.0,P_AND_LIFT_TOP5
Wool,amber,61,45478,28,0.45901639344262296,1.3315896210670048,3.0,3.0,P_AND_LIFT_TOP5
Wool,warm spicy,61,45319,25,0.4098360655737705,1.193090583003763,4.0,4.0,P_AND_LIFT_TOP5
Wool,animalic,61,18242,24,0.39344262295081966,2.8454602152122375,5.0,1.0,P_AND_LIFT_TOP5
Wormwood,aromatic,582,54606,509,0.8745704467353952,2.1129926938028913,1.0,5.0,P_AND_LIFT_TOP5
Wormwood,woody,582,81432,432,0.7422680412371134,1.2025668371206941,2.0,,P_TOP5
Wormwood,fresh spicy,582,47271,429,0.7371134020618557,2.0572310958943247,3.0,,P_TOP5
Wormwood,amber,582,45478,248,0.4261168384879725,1.2361492260371656,4.0,,P_TOP5
Wormwood,citrus,582,59969,235,0.40378006872852235,0.888304031538861,5.0,,P_TOP5
Wormwood,bitter,582,1034,76,0.13058419243986255,16.661482116625788,,1.0,LIFT_TOP5
Wormwood,anis,582,1418,35,0.06013745704467354,5.595158468197306,,2.0,LIFT_TOP5
Wormwood,herbal,582,8607,106,0.18213058419243985,2.7917378845716962,,3.0,LIFT_TOP5
Wormwood,lavender,582,8336,91,0.1563573883161512,2.474595758223348,,4.0,LIFT_TOP5
Yellow Mandarin,citrus,188,59969,157,0.8351063829787234,1.837208976410862,1.0,1.0,P_AND_LIFT_TOP5
Yellow Mandarin,woody,188,81432,126,0.6702127659574468,1.085828301070414,2.0,,P_TOP5
Yellow Mandarin,aromatic,188,54606,85,0.4521276595744681,1.092356190302523,3.0,,P_TOP5
Yellow Mandarin,powdery,188,62885,80,0.425531914893617,0.892747484009142,4.0,,P_TOP5
Yellow Mandarin,white floral,188,39497,74,0.39361702127659576,1.3147807078264495,5.0,2.0,P_AND_LIFT_TOP5
Yellow Mandarin,green,188,29755,53,0.28191489361702127,1.2499758667415095,,3.0,LIFT_TOP5
Yellow Mandarin,musky,188,41154,73,0.3882978723404255,1.244791230448373,,4.0,LIFT_TOP5
Yellow Mandarin,fresh,188,33478,55,0.2925531914893617,1.152892722181477,,5.0,LIFT_TOP5
Ylang Ylang,woody,1534,81432,1139,0.742503259452412,1.202947919976873,1.0,,P_TOP5
Ylang Ylang,sweet,1534,60625,1100,0.7170795306388527,1.5604833398298363,2.0,5.0,P_AND_LIFT_TOP5
Ylang Ylang,yellow floral,1534,6986,885,0.5769230769230769,10.895141932216081,3.0,1.0,P_AND_LIFT_TOP5
Ylang Ylang,white floral,1534,39497,808,0.5267275097783573,1.7594035082426176,4.0,4.0,P_AND_LIFT_TOP5
Ylang Ylang,powdery,1534,62885,738,0.4810951760104302,1.0093167936877803,5.0,,P_TOP5
Ylang Ylang,tuberose,1534,3931,162,0.10560625814863103,3.5442975419864897,,2.0,LIFT_TOP5
Ylang Ylang,coconut,1534,3269,118,0.07692307692307693,3.1044544320775582,,3.0,LIFT_TOP5
Ylang-Ylang,woody,7086,81432,5547,0.7828111769686706,1.2682517754381166,1.0,,P_TOP5
Ylang-Ylang,sweet,7086,60625,4750,0.6703358735534858,1.4587614317181257,2.0,5.0,P_AND_LIFT_TOP5
Ylang-Ylang,yellow floral,7086,6986,3899,0.5502399096810613,10.39123264875786,3.0,1.0,P_AND_LIFT_TOP5
Ylang-Ylang,powdery,7086,62885,3724,0.5255433248659328,1.1025670803778727,4.0,,P_TOP5
Ylang-Ylang,white floral,7086,39497,3721,0.5251199548405306,1.7540338669294175,5.0,4.0,P_AND_LIFT_TOP5
Ylang-Ylang,tuberose,7086,3931,700,0.0987863392605137,3.315411279226551,,2.0,LIFT_TOP5
Ylang-Ylang,aldehydic,7086,3556,348,0.04911092294665537,1.8220483870506872,,3.0,LIFT_TOP5
Yuzu,citrus,1222,59969,1099,0.8993453355155483,1.978532743827082,1.0,4.0,P_AND_LIFT_TOP5
Yuzu,woody,1222,81432,816,0.6677577741407529,1.0818509080262,2.0,,P_TOP5
Yuzu,fresh spicy,1222,47271,813,0.6653027823240589,1.8568127619896573,3.0,,P_TOP5
Yuzu,green,1222,29755,707,0.5785597381342062,2.5652625189731415,4.0,2.0,P_AND_LIFT_TOP5
Yuzu,sweet,1222,60625,694,0.5679214402618658,1.2358907317731622,5.0,,P_TOP5
Yuzu,bitter,1222,1034,84,0.06873977086743044,8.770636335145163,,1.0,LIFT_TOP5
Yuzu,ozonic,1222,5777,110,0.09001636661211129,2.055713908107295,,3.0,LIFT_TOP5
Yuzu,conifer,1222,1828,32,0.02618657937806874,1.8899318475648845,,5.0,LIFT_TOP5
black fig,woody,59,81432,54,0.9152542372881356,1.4828260576361103,1.0,4.0,P_AND_LIFT_TOP5
black fig,fruity,59,43222,53,0.8983050847457628,2.7419691321666853,2.0,1.0,P_AND_LIFT_TOP5
black fig,sweet,59,60625,48,0.8135593220338984,1.7704392800978508,3.0,2.0,P_AND_LIFT_TOP5
black fig,aromatic,59,54606,28,0.4745762711864407,1.146592818694413,4.0,5.0,P_AND_LIFT_TOP5
black fig,green,59,29755,21,0.3559322033898305,1.578159488933636,5.0,3.0,P_AND_LIFT_TOP5
cannabis,aromatic,508,54606,429,0.844488188976378,2.0403129101500483,1.0,,P_TOP5
cannabis,cannabis,508,388,387,0.7618110236220472,259.03538233622857,2.0,1.0,P_AND_LIFT_TOP5
cannabis,woody,508,81432,348,0.6850393700787402,1.1098492496130292,3.0,,P_TOP5
cannabis,green,508,29755,295,0.5807086614173228,2.574790579760961,4.0,,P_TOP5
cannabis,smoky,508,7407,210,0.41338582677165353,7.363033903872587,5.0,2.0,P_AND_LIFT_TOP5
cannabis,herbal,508,8607,201,0.3956692913385827,6.064906425734775,,3.0,LIFT_TOP5
cannabis,tobacco,508,4372,87,0.17125984251968504,5.167957690672929,,4.0,LIFT_TOP5
cannabis,coffee,508,1815,32,0.06299212598425197,4.578816077742348,,5.0,LIFT_TOP5
dark woodsy notes,woody,76,81432,71,0.9342105263157895,1.5135376109740901,1.0,3.0,P_AND_LIFT_TOP5
dark woodsy notes,warm spicy,76,45319,35,0.4605263157894737,1.3406570498489654,2.0,4.0,P_AND_LIFT_TOP5
dark woodsy notes,sweet,76,60625,31,0.40789473684210525,0.8876462289744981,3.0,,P_TOP5
dark woodsy notes,aromatic,76,54606,29,0.3815789473684211,0.9219080417228105,4.0,,P_TOP5
dark woodsy notes,powdery,76,62885,27,0.35526315789473684,0.7453266823734218,5.0,,P_TOP5
dark woodsy notes,leather,76,10809,21,0.27631578947368424,3.372591553822107,,1.0,LIFT_TOP5
dark woodsy notes,animalic,76,18242,22,0.2894736842105263,2.0935348732537404,,2.0,LIFT_TOP5
dark woodsy notes,fresh spicy,76,47271,26,0.34210526315789475,0.9547914655586099,,5.0,LIFT_TOP5
ebony tree,woody,76,81432,72,0.9473684210526315,1.5348550421145704,1.0,2.0,P_AND_LIFT_TOP5
ebony tree,warm spicy,76,45319,54,0.7105263157894737,2.068442305481261,2.0,1.0,P_AND_LIFT_TOP5
ebony tree,aromatic,76,54606,48,0.631578947368421,1.5259167587136173,3.0,3.0,P_AND_LIFT_TOP5
ebony tree,powdery,76,62885,39,0.5131578947368421,1.0765829856504983,4.0,5.0,P_AND_LIFT_TOP5
ebony tree,amber,76,45478,38,0.5,1.450481551519416,5.0,4.0,P_AND_LIFT_TOP5
elemi,aromatic,1868,54606,1636,0.8758029978586723,2.1159705802932764,1.0,4.0,P_AND_LIFT_TOP5
elemi,woody,1868,81432,1481,0.7928265524625268,1.2844779333232779,2.0,,P_TOP5
elemi,fresh spicy,1868,47271,1167,0.6247323340471093,1.7435835254349414,3.0,5.0,P_AND_LIFT_TOP5
elemi,warm spicy,1868,45319,1022,0.5471092077087795,1.5927120583644667,4.0,,P_TOP5
elemi,amber,1868,45478,1012,0.5417558886509636,1.5716138438304592,5.0,,P_TOP5
elemi,conifer,1868,1828,186,0.09957173447537473,7.1862685609060115,,1.0,LIFT_TOP5
elemi,balsamic,1868,18162,963,0.515524625267666,3.7448058480103055,,2.0,LIFT_TOP5
elemi,smoky,1868,7407,228,0.12205567451820129,2.173998263694653,,3.0,LIFT_TOP5
gunpowder,smoky,108,7407,96,0.8888888888888888,15.832470785893225,1.0,1.0,P_AND_LIFT_TOP5
gunpowder,woody,108,81432,79,0.7314814814814815,1.185091264513359,2.0,,P_TOP5
gunpowder,aromatic,108,54606,78,0.7222222222222222,1.7449140713067754,3.0,4.0,P_AND_LIFT_TOP5
gunpowder,warm spicy,108,45319,54,0.5,1.455570511264591,4.0,5.0,P_AND_LIFT_TOP5
gunpowder,amber,108,45478,44,0.4074074074074074,1.1818738567935982,5.0,,P_TOP5
gunpowder,tobacco,108,4372,20,0.18518518518518517,5.5881705126901835,,2.0,LIFT_TOP5
gunpowder,leather,108,10809,26,0.24074074074074073,2.938377826434076,,3.0,LIFT_TOP5
heather,floral,61,46586,47,0.7704918032786885,2.1820071181590475,1.0,1.0,P_AND_LIFT_TOP5
heather,woody,61,81432,41,0.6721311475409836,1.088936318585838,2.0,,P_TOP5
heather,sweet,61,60625,40,0.6557377049180327,1.4269934088220382,3.0,4.0,P_AND_LIFT_TOP5
heather,aromatic,61,54606,38,0.6229508196721312,1.5050709013541417,4.0,3.0,P_AND_LIFT_TOP5
heather,fresh spicy,61,47271,30,0.4918032786885246,1.3725879832746726,5.0,5.0,P_AND_LIFT_TOP5
heather,green,61,29755,25,0.4098360655737705,1.817162565321712,,2.0,LIFT_TOP5
juniper berry,aromatic,308,54606,285,0.9253246753246753,2.235616679771168,1.0,1.0,P_AND_LIFT_TOP5
juniper berry,woody,308,81432,272,0.8831168831168831,1.43075953420781,2.0,,P_TOP5
juniper berry,fresh spicy,308,47271,239,0.775974025974026,2.1656883342166076,3.0,2.0,P_AND_LIFT_TOP5
juniper berry,citrus,308,59969,163,0.5292207792207793,1.1642698294551752,4.0,,P_TOP5
juniper berry,amber,308,45478,155,0.5032467532467533,1.4599002628929187,5.0,,P_TOP5
juniper berry,lavender,308,8336,42,0.13636363636363635,2.1581639329959867,,3.0,LIFT_TOP5
juniper berry,leather,308,10809,47,0.1525974025974026,1.8625381926797413,,4.0,LIFT_TOP5
juniper berry,herbal,308,8607,34,0.11038961038961038,1.6920763679216102,,5.0,LIFT_TOP5
mulberry,fruity,58,43222,46,0.7931034482758621,2.420853684027451,1.0,1.0,P_AND_LIFT_TOP5
mulberry,woody,58,81432,38,0.6551724137931034,1.061461054029425,2.0,,P_TOP5
mulberry,floral,58,46586,32,0.5517241379310345,1.5624643780801395,3.0,3.0,P_AND_LIFT_TOP5
mulberry,sweet,58,60625,31,0.5344827586206896,1.1631226448631355,4.0,5.0,P_AND_LIFT_TOP5
mulberry,powdery,58,62885,27,0.46551724137931033,0.976634963110001,5.0,,P_TOP5
mulberry,fresh,58,33478,26,0.4482758620689655,1.7665641460887336,,2.0,LIFT_TOP5
mulberry,musky,58,41154,23,0.39655172413793105,1.2712511290644224,,4.0,LIFT_TOP5
oak moss,woody,1021,81432,848,0.8305582761998042,1.345608033439436,1.0,,P_TOP5
oak moss,aromatic,1021,54606,590,0.5778648383937316,1.3961415985291912,2.0,5.0,P_AND_LIFT_TOP5
oak moss,earthy,1021,19049,587,0.574926542605289,3.9818394018539434,3.0,2.0,P_AND_LIFT_TOP5
oak moss,citrus,1021,59969,541,0.5298726738491675,1.165703978070681,4.0,,P_TOP5
oak moss,mossy,1021,6173,515,0.5044074436826641,10.780248508837497,5.0,1.0,P_AND_LIFT_TOP5
oak moss,lavender,1021,8336,122,0.11949069539666993,1.8911237336471527,,3.0,LIFT_TOP5
oak moss,aldehydic,1021,3556,47,0.04603330068560235,1.7078665240302358,,4.0,LIFT_TOP5
plum,fruity,69,43222,64,0.927536231884058,2.8311937224668866,1.0,1.0,P_AND_LIFT_TOP5
plum,sweet,69,60625,59,0.855072463768116,1.8607787240400417,2.0,2.0,P_AND_LIFT_TOP5
plum,woody,69,81432,44,0.6376811594202898,1.0331230396197912,3.0,,P_TOP5
plum,powdery,69,62885,37,0.5362318840579711,1.1249912135448537,4.0,,P_TOP5
plum,floral,69,46586,30,0.43478260869565216,1.2312898631609794,5.0,5.0,P_AND_LIFT_TOP5
plum,vanilla,69,34562,26,0.37681159420289856,1.4383644934664779,,3.0,LIFT_TOP5
plum,white floral,69,39497,26,0.37681159420289856,1.2586463180289238,,4.0,LIFT_TOP5
