surface_form,normalized_form,feature_type,feature_name,mapping_type,evidence_level
Abelia,abelia,NOTE,Abelia,LEVEL_A_DIRECT,A
Absinthe,absinthe,NOTE,Absinthe,LEVEL_A_DIRECT,A
Acai Berry,acai berry,NOTE,Acai Berry,LEVEL_A_DIRECT,A
Accord Eudora®,accord eudora®,NOTE,Accord Eudora®,LEVEL_A_DIRECT,A
Acerola,acerola,NOTE,Acerola,LEVEL_A_DIRECT,A
Acerola Blossom,acerola blossom,NOTE,Acerola Blossom,LEVEL_A_DIRECT,A
Acetylfuran,acetylfuran,NOTE,Acetylfuran,LEVEL_A_DIRECT,A
Achillea Olympus,achillea olympus,NOTE,Achillea Olympus,LEVEL_A_DIRECT,A
Acorn,acorn,NOTE,Acorn,LEVEL_A_DIRECT,A
Acronychia pedunculata,acronychia pedunculata,NOTE,Acronychia pedunculata,LEVEL_A_DIRECT,A
Acácia,acácia,NOTE,Acácia,LEVEL_A_DIRECT,A
Advocaat,advocaat,NOTE,Advocaat,LEVEL_A_DIRECT,A
Affogato,affogato,NOTE,Affogato,LEVEL_A_DIRECT,A
African Freesia Petals,african freesia petals,NOTE,African Freesia Petals,LEVEL_A_DIRECT,A
African Geranium,african geranium,NOTE,African Geranium,LEVEL_A_DIRECT,A
African Ginger,african ginger,NOTE,African Ginger,LEVEL_A_DIRECT,A
African Marigold,african marigold,NOTE,African Marigold,LEVEL_A_DIRECT,A
African Orange Flower,african orange flower,NOTE,African Orange Flower,LEVEL_A_DIRECT,A
African Violet,african violet,NOTE,African Violet,LEVEL_A_DIRECT,A
Agarwood,agarwood,NOTE,Agarwood,LEVEL_A_DIRECT,A
Agarwood (Oud),agarwood (oud),NOTE,Agarwood (Oud),LEVEL_A_DIRECT,A
Agave,agave,NOTE,Agave,LEVEL_A_DIRECT,A
Agave nectar,agave nectar,NOTE,Agave nectar,LEVEL_A_DIRECT,A
Aglaia,aglaia,NOTE,Aglaia,LEVEL_A_DIRECT,A
Airy Note,airy note,NOTE,Airy Note,LEVEL_A_DIRECT,A
Akashic Acord,akashic acord,NOTE,Akashic Acord,LEVEL_A_DIRECT,A
Akebia fruit,akebia fruit,NOTE,Akebia fruit,LEVEL_A_DIRECT,A
Akigalawood,akigalawood,NOTE,Akigalawood,LEVEL_A_DIRECT,A
Alba Rose,alba rose,NOTE,Alba Rose,LEVEL_A_DIRECT,A
Albizia,albizia,NOTE,Albizia,LEVEL_A_DIRECT,A
Alcantara accord,alcantara accord,NOTE,Alcantara accord,LEVEL_A_DIRECT,A
alcohol,alcohol,ACCORD,alcohol,LEVEL_A_DIRECT,A
Aldambre,aldambre,NOTE,Aldambre,LEVEL_A_DIRECT,A
Aldehydes,aldehydes,NOTE,Aldehydes,LEVEL_A_DIRECT,A
aldehydic,aldehydic,ACCORD,aldehydic,LEVEL_A_DIRECT,A
Alder,alder,NOTE,Alder,LEVEL_A_DIRECT,A
Aldron,aldron,NOTE,Aldron,LEVEL_A_DIRECT,A
Algae,algae,NOTE,Algae,LEVEL_A_DIRECT,A
Algerian Geranium,algerian geranium,NOTE,Algerian Geranium,LEVEL_A_DIRECT,A
Allspice,allspice,NOTE,Allspice,LEVEL_A_DIRECT,A
Almaciga,almaciga,NOTE,Almaciga,LEVEL_A_DIRECT,A
Almdudler,almdudler,NOTE,Almdudler,LEVEL_A_DIRECT,A
almond,almond,ACCORD,almond,LEVEL_A_DIRECT,A
Almond,almond,NOTE,Almond,LEVEL_A_DIRECT,A
Almond Blossom,almond blossom,NOTE,Almond Blossom,LEVEL_A_DIRECT,A
Almond Cream,almond cream,NOTE,Almond Cream,LEVEL_A_DIRECT,A
Almond Milk,almond milk,NOTE,Almond Milk,LEVEL_A_DIRECT,A
Almond Tree,almond tree,NOTE,Almond Tree,LEVEL_A_DIRECT,A
Almond Wood,almond wood,NOTE,Almond Wood,LEVEL_A_DIRECT,A
Aloe Vera,aloe vera,NOTE,Aloe Vera,LEVEL_A_DIRECT,A
Alpinia,alpinia,NOTE,Alpinia,LEVEL_A_DIRECT,A
Alstroemeria,alstroemeria,NOTE,Alstroemeria,LEVEL_A_DIRECT,A
Althaea,althaea,NOTE,Althaea,LEVEL_A_DIRECT,A
Aluminum,aluminum,NOTE,Aluminum,LEVEL_A_DIRECT,A
Alumroot,alumroot,NOTE,Alumroot,LEVEL_A_DIRECT,A
Alyssum,alyssum,NOTE,Alyssum,LEVEL_A_DIRECT,A
Amalfi Lemon,amalfi lemon,NOTE,Amalfi Lemon,LEVEL_A_DIRECT,A
Amaranth,amaranth,NOTE,Amaranth,LEVEL_A_DIRECT,A
Amaretto,amaretto,NOTE,Amaretto,LEVEL_A_DIRECT,A
Amarula,amarula,NOTE,Amarula,LEVEL_A_DIRECT,A
Amaryllis,amaryllis,NOTE,Amaryllis,LEVEL_A_DIRECT,A
Amazon Lily,amazon lily,NOTE,Amazon Lily,LEVEL_A_DIRECT,A
Amazon Moonflower,amazon moonflower,NOTE,Amazon Moonflower,LEVEL_A_DIRECT,A
amber,amber,ACCORD,amber,LEVEL_A_DIRECT,A
Amber,amber,NOTE,Amber,LEVEL_A_DIRECT,A
Amber from Tunis,amber from tunis,NOTE,Amber from Tunis,LEVEL_A_DIRECT,A
Amber Oil,amber oil,NOTE,Amber Oil,LEVEL_A_DIRECT,A
Amber Xtreme,amber xtreme,NOTE,Amber Xtreme,LEVEL_A_DIRECT,A
Amberever,amberever,NOTE,Amberever,LEVEL_A_DIRECT,A
Ambergris,ambergris,NOTE,Ambergris,LEVEL_A_DIRECT,A
Amberketal,amberketal,NOTE,Amberketal,LEVEL_A_DIRECT,A
Ambermax™,ambermaxtm,NOTE,Ambermax™,LEVEL_A_DIRECT,A
Ambertonic,ambertonic,NOTE,Ambertonic,LEVEL_A_DIRECT,A
Amberwood,amberwood,NOTE,Amberwood,LEVEL_A_DIRECT,A
Ambrarome,ambrarome,NOTE,Ambrarome,LEVEL_A_DIRECT,A
Ambrein,ambrein,NOTE,Ambrein,LEVEL_A_DIRECT,A
Ambreine,ambreine,NOTE,Ambreine,LEVEL_A_DIRECT,A
Ambretone,ambretone,NOTE,Ambretone,LEVEL_A_DIRECT,A
Ambrette,ambrette,NOTE,Ambrette,LEVEL_A_DIRECT,A
Ambrette (Musk Mallow),ambrette (musk mallow),NOTE,Ambrette (Musk Mallow),LEVEL_A_DIRECT,A
Ambrettolide,ambrettolide,NOTE,Ambrettolide,LEVEL_A_DIRECT,A
AmbreXolide,ambrexolide,NOTE,AmbreXolide,LEVEL_A_DIRECT,A
Ambrinol,ambrinol,NOTE,Ambrinol,LEVEL_A_DIRECT,A
Ambrocenide,ambrocenide,NOTE,Ambrocenide,LEVEL_A_DIRECT,A
Ambrofix™,ambrofixtm,NOTE,Ambrofix™,LEVEL_A_DIRECT,A
Ambronova ™,ambronova tm,NOTE,Ambronova ™,LEVEL_A_DIRECT,A
Ambrostar™,ambrostartm,NOTE,Ambrostar™,LEVEL_A_DIRECT,A
Ambrox Super,ambrox super,NOTE,Ambrox Super,LEVEL_A_DIRECT,A
Ambroxan,ambroxan,NOTE,Ambroxan,LEVEL_A_DIRECT,A
AMBROX® SUPER,ambrox® super,NOTE,AMBROX® SUPER,LEVEL_A_DIRECT,A
Amburana Bark,amburana bark,NOTE,Amburana Bark,LEVEL_A_DIRECT,A
Amburana Wood,amburana wood,NOTE,Amburana Wood,LEVEL_A_DIRECT,A
American Apple,american apple,NOTE,American Apple,LEVEL_A_DIRECT,A
Amethyst Flower,amethyst flower,NOTE,Amethyst Flower,LEVEL_A_DIRECT,A
Ammonia,ammonia,NOTE,Ammonia,LEVEL_A_DIRECT,A
Ammophila,ammophila,NOTE,Ammophila,LEVEL_A_DIRECT,A
Ammophila (beach grass),ammophila (beach grass),NOTE,Ammophila (beach grass),LEVEL_A_DIRECT,A
Amyl Salicylate,amyl salicylate,NOTE,Amyl Salicylate,LEVEL_A_DIRECT,A
Amyris,amyris,NOTE,Amyris,LEVEL_A_DIRECT,A
Andiroba,andiroba,NOTE,Andiroba,LEVEL_A_DIRECT,A
Anemona,anemona,NOTE,Anemona,LEVEL_A_DIRECT,A
Angel's Trumpet,angel's trumpet,NOTE,Angel's Trumpet,LEVEL_A_DIRECT,A
Angelica,angelica,NOTE,Angelica,LEVEL_A_DIRECT,A
Angelica Root,angelica root,NOTE,Angelica Root,LEVEL_A_DIRECT,A
Angels Trumpet,angels trumpet,NOTE,Angels Trumpet,LEVEL_A_DIRECT,A
Animal notes,animal notes,NOTE,Animal notes,LEVEL_A_DIRECT,A
animalic,animalic,ACCORD,animalic,LEVEL_A_DIRECT,A
anis,anis,ACCORD,anis,LEVEL_A_DIRECT,A
Anise,anise,NOTE,Anise,LEVEL_A_DIRECT,A
Anthamber™,anthambertm,NOTE,Anthamber™,LEVEL_A_DIRECT,A
Antillone™,antillonetm,NOTE,Antillone™,LEVEL_A_DIRECT,A
Aperol,aperol,NOTE,Aperol,LEVEL_A_DIRECT,A
Apple,apple,NOTE,Apple,LEVEL_A_DIRECT,A
Apple Blossom,apple blossom,NOTE,Apple Blossom,LEVEL_A_DIRECT,A
Apple juice,apple juice,NOTE,Apple juice,LEVEL_A_DIRECT,A
Apple Leaf,apple leaf,NOTE,Apple Leaf,LEVEL_A_DIRECT,A
Apple Licor,apple licor,NOTE,Apple Licor,LEVEL_A_DIRECT,A
Apple Mint,apple mint,NOTE,Apple Mint,LEVEL_A_DIRECT,A
Apple Pie,apple pie,NOTE,Apple Pie,LEVEL_A_DIRECT,A
Apple pulp,apple pulp,NOTE,Apple pulp,LEVEL_A_DIRECT,A
Apple sherbet,apple sherbet,NOTE,Apple sherbet,LEVEL_A_DIRECT,A
Apple Shisha Accord,apple shisha accord,NOTE,Apple Shisha Accord,LEVEL_A_DIRECT,A
Apple Tree,apple tree,NOTE,Apple Tree,LEVEL_A_DIRECT,A
Apple Tree Blossom,apple tree blossom,NOTE,Apple Tree Blossom,LEVEL_A_DIRECT,A
Applejack,applejack,NOTE,Applejack,LEVEL_A_DIRECT,A
Apricot,apricot,NOTE,Apricot,LEVEL_A_DIRECT,A
Apricot Blossom,apricot blossom,NOTE,Apricot Blossom,LEVEL_A_DIRECT,A
Apricot Jam,apricot jam,NOTE,Apricot Jam,LEVEL_A_DIRECT,A
Aquaflora™,aquafloratm,NOTE,Aquaflora™,LEVEL_A_DIRECT,A
Aqual,aqual,NOTE,Aqual,LEVEL_A_DIRECT,A
aquatic,aquatic,ACCORD,aquatic,LEVEL_A_DIRECT,A
Aquatic notes,aquatic notes,NOTE,Aquatic notes,LEVEL_A_DIRECT,A
Aquozone,aquozone,NOTE,Aquozone,LEVEL_A_DIRECT,A
Arabian Spices,arabian spices,NOTE,Arabian Spices,LEVEL_A_DIRECT,A
Araucaria,araucaria,NOTE,Araucaria,LEVEL_A_DIRECT,A
Arbutus,arbutus,NOTE,Arbutus,LEVEL_A_DIRECT,A
"Arbutus (Madrona, Bearberry tree)","arbutus (madrona, bearberry tree)",NOTE,"Arbutus (Madrona, Bearberry tree)",LEVEL_A_DIRECT,A
Arctic Bramble,arctic bramble,NOTE,Arctic Bramble,LEVEL_A_DIRECT,A
Argan,argan,NOTE,Argan,LEVEL_A_DIRECT,A
Argan Tree,argan tree,NOTE,Argan Tree,LEVEL_A_DIRECT,A
Argentinian Lemon,argentinian lemon,NOTE,Argentinian Lemon,LEVEL_A_DIRECT,A
Arnica,arnica,NOTE,Arnica,LEVEL_A_DIRECT,A
aromatic,aromatic,ACCORD,aromatic,LEVEL_A_DIRECT,A
Aromatic Notes,aromatic notes,NOTE,Aromatic Notes,LEVEL_A_DIRECT,A
Aromatic Spices,aromatic spices,NOTE,Aromatic Spices,LEVEL_A_DIRECT,A
Artemisia,artemisia,NOTE,Artemisia,LEVEL_A_DIRECT,A
Artichoke,artichoke,NOTE,Artichoke,LEVEL_A_DIRECT,A
Arum Lily,arum lily,NOTE,Arum Lily,LEVEL_A_DIRECT,A
Asafoetida,asafoetida,NOTE,Asafoetida,LEVEL_A_DIRECT,A
Ash,ash,NOTE,Ash,LEVEL_A_DIRECT,A
Ashberry,ashberry,NOTE,Ashberry,LEVEL_A_DIRECT,A
Ashoka Flower,ashoka flower,NOTE,Ashoka Flower,LEVEL_A_DIRECT,A
Asian Clintonia,asian clintonia,NOTE,Asian Clintonia,LEVEL_A_DIRECT,A
Asian lily,asian lily,NOTE,Asian lily,LEVEL_A_DIRECT,A
Asparagus,asparagus,NOTE,Asparagus,LEVEL_A_DIRECT,A
Aspen,aspen,NOTE,Aspen,LEVEL_A_DIRECT,A
Asphalt,asphalt,NOTE,Asphalt,LEVEL_A_DIRECT,A
asphault,asphault,ACCORD,asphault,LEVEL_A_DIRECT,A
Aspic,aspic,NOTE,Aspic,LEVEL_A_DIRECT,A
Assam Oud,assam oud,NOTE,Assam Oud,LEVEL_A_DIRECT,A
Assam Tea,assam tea,NOTE,Assam Tea,LEVEL_A_DIRECT,A
Astragalus,astragalus,NOTE,Astragalus,LEVEL_A_DIRECT,A
Atlas Cedar,atlas cedar,NOTE,Atlas Cedar,LEVEL_A_DIRECT,A
Australian Blue Cypress,australian blue cypress,NOTE,Australian Blue Cypress,LEVEL_A_DIRECT,A
Australian Oud,australian oud,NOTE,Australian Oud,LEVEL_A_DIRECT,A
Australian Sandalwood,australian sandalwood,NOTE,Australian Sandalwood,LEVEL_A_DIRECT,A
autumn,autumn,SEASON,autumn,ENGLISH_CONTEXT_ALIAS,A
Avocado,avocado,NOTE,Avocado,LEVEL_A_DIRECT,A
Azalea,azalea,NOTE,Azalea,LEVEL_A_DIRECT,A
Azarbre,azarbre,NOTE,Azarbre,LEVEL_A_DIRECT,A
Azolla,azolla,NOTE,Azolla,LEVEL_A_DIRECT,A
Azteca Lily,azteca lily,NOTE,Azteca Lily,LEVEL_A_DIRECT,A
Baba (Italian dessert),baba (italian dessert),NOTE,Baba (Italian dessert),LEVEL_A_DIRECT,A
Baby’s Breath,baby’s breath,NOTE,Baby’s Breath,LEVEL_A_DIRECT,A
bacon,bacon,ACCORD,bacon,LEVEL_A_DIRECT,A
Bacon,bacon,NOTE,Bacon,LEVEL_A_DIRECT,A
Bagas de Zimbro,bagas de zimbro,NOTE,Bagas de Zimbro,LEVEL_A_DIRECT,A
Baguette,baguette,NOTE,Baguette,LEVEL_A_DIRECT,A
Baie Rose,baie rose,NOTE,Baie Rose,LEVEL_A_DIRECT,A
Baileys Irish Cream,baileys irish cream,NOTE,Baileys Irish Cream,LEVEL_A_DIRECT,A
Baked Apple,baked apple,NOTE,Baked Apple,LEVEL_A_DIRECT,A
Baked Pear,baked pear,NOTE,Baked Pear,LEVEL_A_DIRECT,A
Bakhoor,bakhoor,NOTE,Bakhoor,LEVEL_A_DIRECT,A
Baking Spices,baking spices,NOTE,Baking Spices,LEVEL_A_DIRECT,A
Baklava,baklava,NOTE,Baklava,LEVEL_A_DIRECT,A
Balsam Fir,balsam fir,NOTE,Balsam Fir,LEVEL_A_DIRECT,A
balsamic,balsamic,ACCORD,balsamic,LEVEL_A_DIRECT,A
Balsamic Notes,balsamic notes,NOTE,Balsamic Notes,LEVEL_A_DIRECT,A
Balsamic Vinegar,balsamic vinegar,NOTE,Balsamic Vinegar,LEVEL_A_DIRECT,A
Bamboo,bamboo,NOTE,Bamboo,LEVEL_A_DIRECT,A
Bamboo Leaf,bamboo leaf,NOTE,Bamboo Leaf,LEVEL_A_DIRECT,A
Banana,banana,NOTE,Banana,LEVEL_A_DIRECT,A
Banana Bread,banana bread,NOTE,Banana Bread,LEVEL_A_DIRECT,A
Banana Flower,banana flower,NOTE,Banana Flower,LEVEL_A_DIRECT,A
Banana Leaf,banana leaf,NOTE,Banana Leaf,LEVEL_A_DIRECT,A
Banksia Australian,banksia australian,NOTE,Banksia Australian,LEVEL_A_DIRECT,A
Baobab,baobab,NOTE,Baobab,LEVEL_A_DIRECT,A
Barberry,barberry,NOTE,Barberry,LEVEL_A_DIRECT,A
Bark,bark,NOTE,Bark,LEVEL_A_DIRECT,A
Barley,barley,NOTE,Barley,LEVEL_A_DIRECT,A
Barnyard,barnyard,NOTE,Barnyard,LEVEL_A_DIRECT,A
Barrenwort,barrenwort,NOTE,Barrenwort,LEVEL_A_DIRECT,A
Basil,basil,NOTE,Basil,LEVEL_A_DIRECT,A
Basil Leaf,basil leaf,NOTE,Basil Leaf,LEVEL_A_DIRECT,A
Batida,batida,NOTE,Batida,LEVEL_A_DIRECT,A
Bay essence,bay essence,NOTE,Bay essence,LEVEL_A_DIRECT,A
Bay Leaf,bay leaf,NOTE,Bay Leaf,LEVEL_A_DIRECT,A
bbq,bbq,ACCORD,bbq,LEVEL_A_DIRECT,A
BBQ,bbq,NOTE,BBQ,LEVEL_A_DIRECT,A
Beach grass,beach grass,NOTE,Beach grass,LEVEL_A_DIRECT,A
Beachheather,beachheather,NOTE,Beachheather,LEVEL_A_DIRECT,A
Bearberry,bearberry,NOTE,Bearberry,LEVEL_A_DIRECT,A
Beech,beech,NOTE,Beech,LEVEL_A_DIRECT,A
Beer,beer,NOTE,Beer,LEVEL_A_DIRECT,A
Beer/Ale,beer/ale,NOTE,Beer/Ale,LEVEL_A_DIRECT,A
beeswax,beeswax,ACCORD,beeswax,LEVEL_A_DIRECT,A
Beeswax,beeswax,NOTE,Beeswax,LEVEL_A_DIRECT,A
Beetroot,beetroot,NOTE,Beetroot,LEVEL_A_DIRECT,A
Begonia,begonia,NOTE,Begonia,LEVEL_A_DIRECT,A
Behini Tree,behini tree,NOTE,Behini Tree,LEVEL_A_DIRECT,A
Belambra tree,belambra tree,NOTE,Belambra tree,LEVEL_A_DIRECT,A
Belanis,belanis,NOTE,Belanis,LEVEL_A_DIRECT,A
Belladonna,belladonna,NOTE,Belladonna,LEVEL_A_DIRECT,A
Bellflower,bellflower,NOTE,Bellflower,LEVEL_A_DIRECT,A
Bellini,bellini,NOTE,Bellini,LEVEL_A_DIRECT,A
Bengal Pepper,bengal pepper,NOTE,Bengal Pepper,LEVEL_A_DIRECT,A
Benzoin,benzoin,NOTE,Benzoin,LEVEL_A_DIRECT,A
Bergamot,bergamot,NOTE,Bergamot,LEVEL_A_DIRECT,A
Bergamot Blossom,bergamot blossom,NOTE,Bergamot Blossom,LEVEL_A_DIRECT,A
Bergamot Leaf,bergamot leaf,NOTE,Bergamot Leaf,LEVEL_A_DIRECT,A
Berries,berries,NOTE,Berries,LEVEL_A_DIRECT,A
Berry Fruits,berry fruits,NOTE,Berry Fruits,LEVEL_A_DIRECT,A
Betel Leaf,betel leaf,NOTE,Betel Leaf,LEVEL_A_DIRECT,A
Betel Pepper,betel pepper,NOTE,Betel Pepper,LEVEL_A_DIRECT,A
Big Strawberry,big strawberry,NOTE,Big Strawberry,LEVEL_A_DIRECT,A
Bigarade,bigarade,NOTE,Bigarade,LEVEL_A_DIRECT,A
Bigarane™,bigaranetm,NOTE,Bigarane™,LEVEL_A_DIRECT,A
Birch,birch,NOTE,Birch,LEVEL_A_DIRECT,A
Birch Leaf,birch leaf,NOTE,Birch Leaf,LEVEL_A_DIRECT,A
Birch Tar,birch tar,NOTE,Birch Tar,LEVEL_A_DIRECT,A
Bird cherry,bird cherry,NOTE,Bird cherry,LEVEL_A_DIRECT,A
Biryani,biryani,NOTE,Biryani,LEVEL_A_DIRECT,A
Bisabolene,bisabolene,NOTE,Bisabolene,LEVEL_A_DIRECT,A
Biscotti,biscotti,NOTE,Biscotti,LEVEL_A_DIRECT,A
Biscuit,biscuit,NOTE,Biscuit,LEVEL_A_DIRECT,A
bitter,bitter,ACCORD,bitter,LEVEL_A_DIRECT,A
Bitter Almond,bitter almond,NOTE,Bitter Almond,LEVEL_A_DIRECT,A
Bitter melon,bitter melon,NOTE,Bitter melon,LEVEL_A_DIRECT,A
Bitter Orange,bitter orange,NOTE,Bitter Orange,LEVEL_A_DIRECT,A
Bitter Orange Blossom,bitter orange blossom,NOTE,Bitter Orange Blossom,LEVEL_A_DIRECT,A
Black Amber,black amber,NOTE,Black Amber,LEVEL_A_DIRECT,A
Black and Pink Pepper,black and pink pepper,NOTE,Black and Pink Pepper,LEVEL_A_DIRECT,A
Black Basil,black basil,NOTE,Black Basil,LEVEL_A_DIRECT,A
Black Cardamom,black cardamom,NOTE,Black Cardamom,LEVEL_A_DIRECT,A
Black Cherry,black cherry,NOTE,Black Cherry,LEVEL_A_DIRECT,A
Black Clover,black clover,NOTE,Black Clover,LEVEL_A_DIRECT,A
Black Currant,black currant,NOTE,Black Currant,LEVEL_A_DIRECT,A
Black Currant Blossom,black currant blossom,NOTE,Black Currant Blossom,LEVEL_A_DIRECT,A
Black currant leaf,black currant leaf,NOTE,Black currant leaf,LEVEL_A_DIRECT,A
Black Diamond,black diamond,NOTE,Black Diamond,LEVEL_A_DIRECT,A
Black Elder,black elder,NOTE,Black Elder,LEVEL_A_DIRECT,A
black fig,black fig,NOTE,black fig,LEVEL_A_DIRECT,A
Black Freesia,black freesia,NOTE,Black Freesia,LEVEL_A_DIRECT,A
Black Gardenia,black gardenia,NOTE,Black Gardenia,LEVEL_A_DIRECT,A
Black hemlock or Tsuga,black hemlock or tsuga,NOTE,Black hemlock or Tsuga,LEVEL_A_DIRECT,A
Black Iris,black iris,NOTE,Black Iris,LEVEL_A_DIRECT,A
Black Leather,black leather,NOTE,Black Leather,LEVEL_A_DIRECT,A
Black Licorice,black licorice,NOTE,Black Licorice,LEVEL_A_DIRECT,A
Black locust,black locust,NOTE,Black locust,LEVEL_A_DIRECT,A
Black locust Honey,black locust honey,NOTE,Black locust Honey,LEVEL_A_DIRECT,A
Black locust leaf,black locust leaf,NOTE,Black locust leaf,LEVEL_A_DIRECT,A
Black Musk,black musk,NOTE,Black Musk,LEVEL_A_DIRECT,A
Black Narcissus,black narcissus,NOTE,Black Narcissus,LEVEL_A_DIRECT,A
Black Orchid,black orchid,NOTE,Black Orchid,LEVEL_A_DIRECT,A
Black Pepper,black pepper,NOTE,Black Pepper,LEVEL_A_DIRECT,A
Black Pomegranate,black pomegranate,NOTE,Black Pomegranate,LEVEL_A_DIRECT,A
Black Rose,black rose,NOTE,Black Rose,LEVEL_A_DIRECT,A
Black Sapote,black sapote,NOTE,Black Sapote,LEVEL_A_DIRECT,A
Black Sesame,black sesame,NOTE,Black Sesame,LEVEL_A_DIRECT,A
Black Spruce,black spruce,NOTE,Black Spruce,LEVEL_A_DIRECT,A
Black Tea,black tea,NOTE,Black Tea,LEVEL_A_DIRECT,A
Black Vanilla Husk,black vanilla husk,NOTE,Black Vanilla Husk,LEVEL_A_DIRECT,A
Black Violet,black violet,NOTE,Black Violet,LEVEL_A_DIRECT,A
Black Walnut,black walnut,NOTE,Black Walnut,LEVEL_A_DIRECT,A
Blackberry,blackberry,NOTE,Blackberry,LEVEL_A_DIRECT,A
Blackberry Blossom,blackberry blossom,NOTE,Blackberry Blossom,LEVEL_A_DIRECT,A
Blackberry leaf,blackberry leaf,NOTE,Blackberry leaf,LEVEL_A_DIRECT,A
Blackcurrant,blackcurrant,NOTE,Blackcurrant,LEVEL_A_DIRECT,A
Blackcurrant Juice,blackcurrant juice,NOTE,Blackcurrant Juice,LEVEL_A_DIRECT,A
Blackcurrant Syrup,blackcurrant syrup,NOTE,Blackcurrant Syrup,LEVEL_A_DIRECT,A
Blackthorn,blackthorn,NOTE,Blackthorn,LEVEL_A_DIRECT,A
Blackwood,blackwood,NOTE,Blackwood,LEVEL_A_DIRECT,A
Blonde Tobacco,blonde tobacco,NOTE,Blonde Tobacco,LEVEL_A_DIRECT,A
Blonde Woods,blonde woods,NOTE,Blonde Woods,LEVEL_A_DIRECT,A
Blood,blood,NOTE,Blood,LEVEL_A_DIRECT,A
Blood Grapefruit,blood grapefruit,NOTE,Blood Grapefruit,LEVEL_A_DIRECT,A
Blood Mandarin,blood mandarin,NOTE,Blood Mandarin,LEVEL_A_DIRECT,A
Blood Orange,blood orange,NOTE,Blood Orange,LEVEL_A_DIRECT,A
Blue Amber,blue amber,NOTE,Blue Amber,LEVEL_A_DIRECT,A
Blue Bugle,blue bugle,NOTE,Blue Bugle,LEVEL_A_DIRECT,A
Blue Curacao,blue curacao,NOTE,Blue Curacao,LEVEL_A_DIRECT,A
Blue Cypress,blue cypress,NOTE,Blue Cypress,LEVEL_A_DIRECT,A
Blue Hyacinth,blue hyacinth,NOTE,Blue Hyacinth,LEVEL_A_DIRECT,A
Blue Lavender,blue lavender,NOTE,Blue Lavender,LEVEL_A_DIRECT,A
Blue Lilies,blue lilies,NOTE,Blue Lilies,LEVEL_A_DIRECT,A
Blue Lotus,blue lotus,NOTE,Blue Lotus,LEVEL_A_DIRECT,A
Blue Margarita,blue margarita,NOTE,Blue Margarita,LEVEL_A_DIRECT,A
Blue Pea Flower,blue pea flower,NOTE,Blue Pea Flower,LEVEL_A_DIRECT,A
Blue Poppy,blue poppy,NOTE,Blue Poppy,LEVEL_A_DIRECT,A
Blue Rose,blue rose,NOTE,Blue Rose,LEVEL_A_DIRECT,A
Blue Sage,blue sage,NOTE,Blue Sage,LEVEL_A_DIRECT,A
Bluebell,bluebell,NOTE,Bluebell,LEVEL_A_DIRECT,A
Blueberry,blueberry,NOTE,Blueberry,LEVEL_A_DIRECT,A
Blueberry Jam,blueberry jam,NOTE,Blueberry Jam,LEVEL_A_DIRECT,A
Blueberry Leaf,blueberry leaf,NOTE,Blueberry Leaf,LEVEL_A_DIRECT,A
Bohea (Wuyi Tea),bohea (wuyi tea),NOTE,Bohea (Wuyi Tea),LEVEL_A_DIRECT,A
Bois d'Encens,bois d'encens,NOTE,Bois d'Encens,LEVEL_A_DIRECT,A
Boisiris,boisiris,NOTE,Boisiris,LEVEL_A_DIRECT,A
Boletus edulis,boletus edulis,NOTE,Boletus edulis,LEVEL_A_DIRECT,A
Bonbon,bonbon,NOTE,Bonbon,LEVEL_A_DIRECT,A
Boozy Notes,boozy notes,NOTE,Boozy Notes,LEVEL_A_DIRECT,A
Borage,borage,NOTE,Borage,LEVEL_A_DIRECT,A
Borneol,borneol,NOTE,Borneol,LEVEL_A_DIRECT,A
Boronia,boronia,NOTE,Boronia,LEVEL_A_DIRECT,A
Bottlebrushes,bottlebrushes,NOTE,Bottlebrushes,LEVEL_A_DIRECT,A
Bougainvillea,bougainvillea,NOTE,Bougainvillea,LEVEL_A_DIRECT,A
Bourbon Geranium,bourbon geranium,NOTE,Bourbon Geranium,LEVEL_A_DIRECT,A
Bourbon Pepper,bourbon pepper,NOTE,Bourbon Pepper,LEVEL_A_DIRECT,A
Bourbon Rose,bourbon rose,NOTE,Bourbon Rose,LEVEL_A_DIRECT,A
Bourbon Vanilla,bourbon vanilla,NOTE,Bourbon Vanilla,LEVEL_A_DIRECT,A
Bourbon Vetiver,bourbon vetiver,NOTE,Bourbon Vetiver,LEVEL_A_DIRECT,A
Bourbon Whiskey,bourbon whiskey,NOTE,Bourbon Whiskey,LEVEL_A_DIRECT,A
Bourgeonal,bourgeonal,NOTE,Bourgeonal,LEVEL_A_DIRECT,A
boxwood,boxwood,NOTE,boxwood,LEVEL_A_DIRECT,A
Boysenberry,boysenberry,NOTE,Boysenberry,LEVEL_A_DIRECT,A
Bran,bran,NOTE,Bran,LEVEL_A_DIRECT,A
Brandy,brandy,NOTE,Brandy,LEVEL_A_DIRECT,A
Brazil nut,brazil nut,NOTE,Brazil nut,LEVEL_A_DIRECT,A
Brazilian Mandarin,brazilian mandarin,NOTE,Brazilian Mandarin,LEVEL_A_DIRECT,A
Brazilian Orange,brazilian orange,NOTE,Brazilian Orange,LEVEL_A_DIRECT,A
Brazilian Redwood,brazilian redwood,NOTE,Brazilian Redwood,LEVEL_A_DIRECT,A
Brazilian Rosewood,brazilian rosewood,NOTE,Brazilian Rosewood,LEVEL_A_DIRECT,A
Brazilian Spices,brazilian spices,NOTE,Brazilian Spices,LEVEL_A_DIRECT,A
Bread,bread,NOTE,Bread,LEVEL_A_DIRECT,A
Bread Flower,bread flower,NOTE,Bread Flower,LEVEL_A_DIRECT,A
Breadnut,breadnut,NOTE,Breadnut,LEVEL_A_DIRECT,A
Breu-Branco,breu-branco,NOTE,Breu-Branco,LEVEL_A_DIRECT,A
Brick,brick,NOTE,Brick,LEVEL_A_DIRECT,A
Brioche,brioche,NOTE,Brioche,LEVEL_A_DIRECT,A
Bromelia,bromelia,NOTE,Bromelia,LEVEL_A_DIRECT,A
Broom,broom,NOTE,Broom,LEVEL_A_DIRECT,A
brown scotch tape,brown scotch tape,ACCORD,brown scotch tape,LEVEL_A_DIRECT,A
Brown Scotch Tape,brown scotch tape,NOTE,Brown Scotch Tape,LEVEL_A_DIRECT,A
Brown sugar,brown sugar,NOTE,Brown sugar,LEVEL_A_DIRECT,A
Brownie,brownie,NOTE,Brownie,LEVEL_A_DIRECT,A
Bubbaloo,bubbaloo,NOTE,Bubbaloo,LEVEL_A_DIRECT,A
Bubble Gum,bubble gum,NOTE,Bubble Gum,LEVEL_A_DIRECT,A
Buchu or Agathosma,buchu or agathosma,NOTE,Buchu or Agathosma,LEVEL_A_DIRECT,A
Buckwheat,buckwheat,NOTE,Buckwheat,LEVEL_A_DIRECT,A
Buckwheat Tea,buckwheat tea,NOTE,Buckwheat Tea,LEVEL_A_DIRECT,A
Buddha Wood,buddha wood,NOTE,Buddha Wood,LEVEL_A_DIRECT,A
Buddha's hand,buddha's hand,NOTE,Buddha's hand,LEVEL_A_DIRECT,A
Buddleia,buddleia,NOTE,Buddleia,LEVEL_A_DIRECT,A
Bulgarian Light Tobacco,bulgarian light tobacco,NOTE,Bulgarian Light Tobacco,LEVEL_A_DIRECT,A
Bulgarian Rose,bulgarian rose,NOTE,Bulgarian Rose,LEVEL_A_DIRECT,A
Bulletwood Tree,bulletwood tree,NOTE,Bulletwood Tree,LEVEL_A_DIRECT,A
Bulrush,bulrush,NOTE,Bulrush,LEVEL_A_DIRECT,A
Burdock,burdock,NOTE,Burdock,LEVEL_A_DIRECT,A
Buriti,buriti,NOTE,Buriti,LEVEL_A_DIRECT,A
Burning Cherry,burning cherry,NOTE,Burning Cherry,LEVEL_A_DIRECT,A
Burnt Match,burnt match,NOTE,Burnt Match,LEVEL_A_DIRECT,A
Burnt Sugar,burnt sugar,NOTE,Burnt Sugar,LEVEL_A_DIRECT,A
Bushman Candle,bushman candle,NOTE,Bushman Candle,LEVEL_A_DIRECT,A
Butomus umbellatus,butomus umbellatus,NOTE,Butomus umbellatus,LEVEL_A_DIRECT,A
Butter,butter,NOTE,Butter,LEVEL_A_DIRECT,A
Buttercream,buttercream,NOTE,Buttercream,LEVEL_A_DIRECT,A
Buttercup,buttercup,NOTE,Buttercup,LEVEL_A_DIRECT,A
Buttered Rum,buttered rum,NOTE,Buttered Rum,LEVEL_A_DIRECT,A
Butterfly Orchid,butterfly orchid,NOTE,Butterfly Orchid,LEVEL_A_DIRECT,A
Buttermilk,buttermilk,NOTE,Buttermilk,LEVEL_A_DIRECT,A
Butterscotch,butterscotch,NOTE,Butterscotch,LEVEL_A_DIRECT,A
Cabernet Grape,cabernet grape,NOTE,Cabernet Grape,LEVEL_A_DIRECT,A
Cabreuva,cabreuva,NOTE,Cabreuva,LEVEL_A_DIRECT,A
cacao,cacao,ACCORD,cacao,LEVEL_A_DIRECT,A
Cacao,cacao,NOTE,Cacao,LEVEL_A_DIRECT,A
Cacao Absolute,cacao absolute,NOTE,Cacao Absolute,LEVEL_A_DIRECT,A
Cacao Blossom,cacao blossom,NOTE,Cacao Blossom,LEVEL_A_DIRECT,A
Cacao Butter,cacao butter,NOTE,Cacao Butter,LEVEL_A_DIRECT,A
Cacao Pod,cacao pod,NOTE,Cacao Pod,LEVEL_A_DIRECT,A
Cachalox,cachalox,NOTE,Cachalox,LEVEL_A_DIRECT,A
Cachaça,cachaça,NOTE,Cachaça,LEVEL_A_DIRECT,A
Cactus,cactus,NOTE,Cactus,LEVEL_A_DIRECT,A
Cactus Blossom,cactus blossom,NOTE,Cactus Blossom,LEVEL_A_DIRECT,A
Cactus Flower,cactus flower,NOTE,Cactus Flower,LEVEL_A_DIRECT,A
Cactus Juice,cactus juice,NOTE,Cactus Juice,LEVEL_A_DIRECT,A
Cade oil,cade oil,NOTE,Cade oil,LEVEL_A_DIRECT,A
Caffè Latte,caffè latte,NOTE,Caffè Latte,LEVEL_A_DIRECT,A
Café Expresso,café expresso,NOTE,Café Expresso,LEVEL_A_DIRECT,A
Caipirinha,caipirinha,NOTE,Caipirinha,LEVEL_A_DIRECT,A
Cake,cake,NOTE,Cake,LEVEL_A_DIRECT,A
Calabrian bergamot,calabrian bergamot,NOTE,Calabrian bergamot,LEVEL_A_DIRECT,A
Calabrian Mandarin,calabrian mandarin,NOTE,Calabrian Mandarin,LEVEL_A_DIRECT,A
Calafate,calafate,NOTE,Calafate,LEVEL_A_DIRECT,A
Calamansi,calamansi,NOTE,Calamansi,LEVEL_A_DIRECT,A
Calamus,calamus,NOTE,Calamus,LEVEL_A_DIRECT,A
Calendula,calendula,NOTE,Calendula,LEVEL_A_DIRECT,A
California Cedar,california cedar,NOTE,California Cedar,LEVEL_A_DIRECT,A
California Orange,california orange,NOTE,California Orange,LEVEL_A_DIRECT,A
California Redwood,california redwood,NOTE,California Redwood,LEVEL_A_DIRECT,A
Californian Fig,californian fig,NOTE,Californian Fig,LEVEL_A_DIRECT,A
Californian Gardenia,californian gardenia,NOTE,Californian Gardenia,LEVEL_A_DIRECT,A
Californian Lemon,californian lemon,NOTE,Californian Lemon,LEVEL_A_DIRECT,A
Californian Orange,californian orange,NOTE,Californian Orange,LEVEL_A_DIRECT,A
Calissons d'Aix,calissons d'aix,NOTE,Calissons d'Aix,LEVEL_A_DIRECT,A
Calla Lily,calla lily,NOTE,Calla Lily,LEVEL_A_DIRECT,A
Calone,calone,NOTE,Calone,LEVEL_A_DIRECT,A
Calvados Drink,calvados drink,NOTE,Calvados Drink,LEVEL_A_DIRECT,A
Calycanthus,calycanthus,NOTE,Calycanthus,LEVEL_A_DIRECT,A
Calypsone,calypsone,NOTE,Calypsone,LEVEL_A_DIRECT,A
Cambodian Oud,cambodian oud,NOTE,Cambodian Oud,LEVEL_A_DIRECT,A
Camelia,camelia,NOTE,Camelia,LEVEL_A_DIRECT,A
Camellia,camellia,NOTE,Camellia,LEVEL_A_DIRECT,A
Campari,campari,NOTE,Campari,LEVEL_A_DIRECT,A
camphor,camphor,ACCORD,camphor,LEVEL_A_DIRECT,A
Camphor,camphor,NOTE,Camphor,LEVEL_A_DIRECT,A
Campion Flower,campion flower,NOTE,Campion Flower,LEVEL_A_DIRECT,A
Canada Balsam,canada balsam,NOTE,Canada Balsam,LEVEL_A_DIRECT,A
Canadian balsam,canadian balsam,NOTE,Canadian balsam,LEVEL_A_DIRECT,A
Canadian Fir,canadian fir,NOTE,Canadian Fir,LEVEL_A_DIRECT,A
Canadian Pine,canadian pine,NOTE,Canadian Pine,LEVEL_A_DIRECT,A
Cananga,cananga,NOTE,Cananga,LEVEL_A_DIRECT,A
Candied Almond,candied almond,NOTE,Candied Almond,LEVEL_A_DIRECT,A
Candied Flowers,candied flowers,NOTE,Candied Flowers,LEVEL_A_DIRECT,A
Candied Fruits,candied fruits,NOTE,Candied Fruits,LEVEL_A_DIRECT,A
Candied Ginger,candied ginger,NOTE,Candied Ginger,LEVEL_A_DIRECT,A
Candied Lemon,candied lemon,NOTE,Candied Lemon,LEVEL_A_DIRECT,A
Candied Orange,candied orange,NOTE,Candied Orange,LEVEL_A_DIRECT,A
Candies,candies,NOTE,Candies,LEVEL_A_DIRECT,A
Candle Wax,candle wax,NOTE,Candle Wax,LEVEL_A_DIRECT,A
Candlenut,candlenut,NOTE,Candlenut,LEVEL_A_DIRECT,A
Candy Apple,candy apple,NOTE,Candy Apple,LEVEL_A_DIRECT,A
Candy apple,candy apple,NOTE,Candy apple,LEVEL_A_DIRECT,A
Canelé,canelé,NOTE,Canelé,LEVEL_A_DIRECT,A
Cangzhu,cangzhu,NOTE,Cangzhu,LEVEL_A_DIRECT,A
Canna flower,canna flower,NOTE,Canna flower,LEVEL_A_DIRECT,A
cannabis,cannabis,ACCORD,cannabis,LEVEL_A_DIRECT,A
cannabis,cannabis,NOTE,cannabis,LEVEL_A_DIRECT,A
Cannoli,cannoli,NOTE,Cannoli,LEVEL_A_DIRECT,A
Cannonball Flower,cannonball flower,NOTE,Cannonball Flower,LEVEL_A_DIRECT,A
Cantaloupe,cantaloupe,NOTE,Cantaloupe,LEVEL_A_DIRECT,A
Canvas,canvas,NOTE,Canvas,LEVEL_A_DIRECT,A
Caoutchouc,caoutchouc,NOTE,Caoutchouc,LEVEL_A_DIRECT,A
Caper,caper,NOTE,Caper,LEVEL_A_DIRECT,A
Capitiú,capitiú,NOTE,Capitiú,LEVEL_A_DIRECT,A
Cappuccino,cappuccino,NOTE,Cappuccino,LEVEL_A_DIRECT,A
Carambola,carambola,NOTE,Carambola,LEVEL_A_DIRECT,A
Carambola (Star Fruit),carambola (star fruit),NOTE,Carambola (Star Fruit),LEVEL_A_DIRECT,A
Carambola blossom,carambola blossom,NOTE,Carambola blossom,LEVEL_A_DIRECT,A
caramel,caramel,ACCORD,caramel,LEVEL_A_DIRECT,A
Caramel,caramel,NOTE,Caramel,LEVEL_A_DIRECT,A
Caramelized Almond,caramelized almond,NOTE,Caramelized Almond,LEVEL_A_DIRECT,A
Caraway,caraway,NOTE,Caraway,LEVEL_A_DIRECT,A
Cardamom,cardamom,NOTE,Cardamom,LEVEL_A_DIRECT,A
Cardamom Flower,cardamom flower,NOTE,Cardamom Flower,LEVEL_A_DIRECT,A
Cardamon,cardamon,NOTE,Cardamon,LEVEL_A_DIRECT,A
Carissa,carissa,NOTE,Carissa,LEVEL_A_DIRECT,A
Carnation,carnation,NOTE,Carnation,LEVEL_A_DIRECT,A
Carnation leaves,carnation leaves,NOTE,Carnation leaves,LEVEL_A_DIRECT,A
Carob tree,carob tree,NOTE,Carob tree,LEVEL_A_DIRECT,A
Carolina Reaper,carolina reaper,NOTE,Carolina Reaper,LEVEL_A_DIRECT,A
Carrot,carrot,NOTE,Carrot,LEVEL_A_DIRECT,A
Carrot Seeds,carrot seeds,NOTE,Carrot Seeds,LEVEL_A_DIRECT,A
Carum,carum,NOTE,Carum,LEVEL_A_DIRECT,A
Casablanca Lily,casablanca lily,NOTE,Casablanca Lily,LEVEL_A_DIRECT,A
Cascalone,cascalone,NOTE,Cascalone,LEVEL_A_DIRECT,A
Cascarilla,cascarilla,NOTE,Cascarilla,LEVEL_A_DIRECT,A
Cashalox,cashalox,NOTE,Cashalox,LEVEL_A_DIRECT,A
Cashew,cashew,NOTE,Cashew,LEVEL_A_DIRECT,A
Cashew Flower,cashew flower,NOTE,Cashew Flower,LEVEL_A_DIRECT,A
Cashmeran,cashmeran,NOTE,Cashmeran,LEVEL_A_DIRECT,A
Cashmere Musk,cashmere musk,NOTE,Cashmere Musk,LEVEL_A_DIRECT,A
Cashmere Wood,cashmere wood,NOTE,Cashmere Wood,LEVEL_A_DIRECT,A
Cashmir wood,cashmir wood,NOTE,Cashmir wood,LEVEL_A_DIRECT,A
Cashmirwood,cashmirwood,NOTE,Cashmirwood,LEVEL_A_DIRECT,A
Cassata Siciliana,cassata siciliana,NOTE,Cassata Siciliana,LEVEL_A_DIRECT,A
Cassia,cassia,NOTE,Cassia,LEVEL_A_DIRECT,A
Cassia Bourbon,cassia bourbon,NOTE,Cassia Bourbon,LEVEL_A_DIRECT,A
Cassis,cassis,NOTE,Cassis,LEVEL_A_DIRECT,A
Cassowary fruit,cassowary fruit,NOTE,Cassowary fruit,LEVEL_A_DIRECT,A
Castoreum,castoreum,NOTE,Castoreum,LEVEL_A_DIRECT,A
Catnip,catnip,NOTE,Catnip,LEVEL_A_DIRECT,A
Cauliflower,cauliflower,NOTE,Cauliflower,LEVEL_A_DIRECT,A
Caviar,caviar,NOTE,Caviar,LEVEL_A_DIRECT,A
Cedar,cedar,NOTE,Cedar,LEVEL_A_DIRECT,A
Cedar Essence,cedar essence,NOTE,Cedar Essence,LEVEL_A_DIRECT,A
Cedar Leaves,cedar leaves,NOTE,Cedar Leaves,LEVEL_A_DIRECT,A
Cedar Needles,cedar needles,NOTE,Cedar Needles,LEVEL_A_DIRECT,A
Cedar Roots,cedar roots,NOTE,Cedar Roots,LEVEL_A_DIRECT,A
Cedarmoss,cedarmoss,NOTE,Cedarmoss,LEVEL_A_DIRECT,A
Cedarwood,cedarwood,NOTE,Cedarwood,LEVEL_A_DIRECT,A
Cedramber,cedramber,NOTE,Cedramber,LEVEL_A_DIRECT,A
Celery,celery,NOTE,Celery,LEVEL_A_DIRECT,A
Celery Seeds,celery seeds,NOTE,Celery Seeds,LEVEL_A_DIRECT,A
Celosia,celosia,NOTE,Celosia,LEVEL_A_DIRECT,A
Centella Asiatica,centella asiatica,NOTE,Centella Asiatica,LEVEL_A_DIRECT,A
Cep,cep,NOTE,Cep,LEVEL_A_DIRECT,A
Cepes,cepes,NOTE,Cepes,LEVEL_A_DIRECT,A
Cereal,cereal,NOTE,Cereal,LEVEL_A_DIRECT,A
Cereals,cereals,NOTE,Cereals,LEVEL_A_DIRECT,A
Cetalox,cetalox,NOTE,Cetalox,LEVEL_A_DIRECT,A
Cetonal®,cetonal®,NOTE,Cetonal®,LEVEL_A_DIRECT,A
Ceylon Cinnamon,ceylon cinnamon,NOTE,Ceylon Cinnamon,LEVEL_A_DIRECT,A
Ceylon Spices,ceylon spices,NOTE,Ceylon Spices,LEVEL_A_DIRECT,A
Chai Hu,chai hu,NOTE,Chai Hu,LEVEL_A_DIRECT,A
Chai Latte,chai latte,NOTE,Chai Latte,LEVEL_A_DIRECT,A
Chalk,chalk,NOTE,Chalk,LEVEL_A_DIRECT,A
Chalood Bark,chalood bark,NOTE,Chalood Bark,LEVEL_A_DIRECT,A
Chamallow,chamallow,NOTE,Chamallow,LEVEL_A_DIRECT,A
Chamomile,chamomile,NOTE,Chamomile,LEVEL_A_DIRECT,A
Champaca,champaca,NOTE,Champaca,LEVEL_A_DIRECT,A
Champagne,champagne,ACCORD,Champagne,LEVEL_A_DIRECT,A
Champagne,champagne,NOTE,Champagne,LEVEL_A_DIRECT,A
Champagne Rosé,champagne rosé,NOTE,Champagne Rosé,LEVEL_A_DIRECT,A
Chantilly Cream,chantilly cream,NOTE,Chantilly Cream,LEVEL_A_DIRECT,A
Chaparral,chaparral,NOTE,Chaparral,LEVEL_A_DIRECT,A
Charcoal,charcoal,NOTE,Charcoal,LEVEL_A_DIRECT,A
Charred Wood,charred wood,NOTE,Charred Wood,LEVEL_A_DIRECT,A
Chayote,chayote,NOTE,Chayote,LEVEL_A_DIRECT,A
Cheese,cheese,NOTE,Cheese,LEVEL_A_DIRECT,A
Cheesecake,cheesecake,NOTE,Cheesecake,LEVEL_A_DIRECT,A
Chen Pi,chen pi,NOTE,Chen Pi,LEVEL_A_DIRECT,A
Cherimoya,cherimoya,NOTE,Cherimoya,LEVEL_A_DIRECT,A
cherry,cherry,ACCORD,cherry,LEVEL_A_DIRECT,A
Cherry,cherry,NOTE,Cherry,LEVEL_A_DIRECT,A
Cherry Blossom,cherry blossom,NOTE,Cherry Blossom,LEVEL_A_DIRECT,A
Cherry extract,cherry extract,NOTE,Cherry extract,LEVEL_A_DIRECT,A
Cherry Jam,cherry jam,NOTE,Cherry Jam,LEVEL_A_DIRECT,A
Cherry leaf,cherry leaf,NOTE,Cherry leaf,LEVEL_A_DIRECT,A
Cherry Liqueur,cherry liqueur,NOTE,Cherry Liqueur,LEVEL_A_DIRECT,A
Cherry Milk,cherry milk,NOTE,Cherry Milk,LEVEL_A_DIRECT,A
Cherry Syrup,cherry syrup,NOTE,Cherry Syrup,LEVEL_A_DIRECT,A
Cherry Tree,cherry tree,NOTE,Cherry Tree,LEVEL_A_DIRECT,A
Chestnut,chestnut,NOTE,Chestnut,LEVEL_A_DIRECT,A
Chhaang,chhaang,NOTE,Chhaang,LEVEL_A_DIRECT,A
Chia Seed,chia seed,NOTE,Chia Seed,LEVEL_A_DIRECT,A
Chickpeas,chickpeas,NOTE,Chickpeas,LEVEL_A_DIRECT,A
Chicory,chicory,NOTE,Chicory,LEVEL_A_DIRECT,A
Chili Pepper,chili pepper,NOTE,Chili Pepper,LEVEL_A_DIRECT,A
Chimonanthus or Wintersweet,chimonanthus or wintersweet,NOTE,Chimonanthus or Wintersweet,LEVEL_A_DIRECT,A
China Fruits,china fruits,NOTE,China Fruits,LEVEL_A_DIRECT,A
China Rose,china rose,NOTE,China Rose,LEVEL_A_DIRECT,A
Chinese Apricot,chinese apricot,NOTE,Chinese Apricot,LEVEL_A_DIRECT,A
Chinese Black Tea,chinese black tea,NOTE,Chinese Black Tea,LEVEL_A_DIRECT,A
Chinese Cedar,chinese cedar,NOTE,Chinese Cedar,LEVEL_A_DIRECT,A
Chinese Cinnamon Wood,chinese cinnamon wood,NOTE,Chinese Cinnamon Wood,LEVEL_A_DIRECT,A
Chinese Grapefruit,chinese grapefruit,NOTE,Chinese Grapefruit,LEVEL_A_DIRECT,A
Chinese Jasmine,chinese jasmine,NOTE,Chinese Jasmine,LEVEL_A_DIRECT,A
Chinese Litchi,chinese litchi,NOTE,Chinese Litchi,LEVEL_A_DIRECT,A
Chinese Magnolia,chinese magnolia,NOTE,Chinese Magnolia,LEVEL_A_DIRECT,A
Chinese Medicinal Herbs,chinese medicinal herbs,NOTE,Chinese Medicinal Herbs,LEVEL_A_DIRECT,A
Chinese Orange,chinese orange,NOTE,Chinese Orange,LEVEL_A_DIRECT,A
Chinese Osmanthus,chinese osmanthus,NOTE,Chinese Osmanthus,LEVEL_A_DIRECT,A
Chinese Oud,chinese oud,NOTE,Chinese Oud,LEVEL_A_DIRECT,A
Chinese Patchouli,chinese patchouli,NOTE,Chinese Patchouli,LEVEL_A_DIRECT,A
Chinese Peony,chinese peony,NOTE,Chinese Peony,LEVEL_A_DIRECT,A
Chinese Pink Peony,chinese pink peony,NOTE,Chinese Pink Peony,LEVEL_A_DIRECT,A
Chinese Plum,chinese plum,NOTE,Chinese Plum,LEVEL_A_DIRECT,A
Chinese Red Currant,chinese red currant,NOTE,Chinese Red Currant,LEVEL_A_DIRECT,A
Chinese Tea,chinese tea,NOTE,Chinese Tea,LEVEL_A_DIRECT,A
Chinotto,chinotto,NOTE,Chinotto,LEVEL_A_DIRECT,A
Chinotto blossom,chinotto blossom,NOTE,Chinotto blossom,LEVEL_A_DIRECT,A
Chive,chive,NOTE,Chive,LEVEL_A_DIRECT,A
Chlorophyll,chlorophyll,NOTE,Chlorophyll,LEVEL_A_DIRECT,A
chocolate,chocolate,ACCORD,chocolate,LEVEL_A_DIRECT,A
Chocolate,chocolate,NOTE,Chocolate,LEVEL_A_DIRECT,A
Chocolate Flower,chocolate flower,NOTE,Chocolate Flower,LEVEL_A_DIRECT,A
Chocolate Fudge,chocolate fudge,NOTE,Chocolate Fudge,LEVEL_A_DIRECT,A
Chocolate Sauce,chocolate sauce,NOTE,Chocolate Sauce,LEVEL_A_DIRECT,A
Chocolate Truffle,chocolate truffle,NOTE,Chocolate Truffle,LEVEL_A_DIRECT,A
Choux Pastry,choux pastry,NOTE,Choux Pastry,LEVEL_A_DIRECT,A
Choya Loban,choya loban,NOTE,Choya Loban,LEVEL_A_DIRECT,A
Choya Nakh,choya nakh,NOTE,Choya Nakh,LEVEL_A_DIRECT,A
Choya Ral,choya ral,NOTE,Choya Ral,LEVEL_A_DIRECT,A
Christmas Tree or Flame Tree,christmas tree or flame tree,NOTE,Christmas Tree or Flame Tree,LEVEL_A_DIRECT,A
Chrysanthemum,chrysanthemum,NOTE,Chrysanthemum,LEVEL_A_DIRECT,A
Chuan Xiong,chuan xiong,NOTE,Chuan Xiong,LEVEL_A_DIRECT,A
Churros,churros,NOTE,Churros,LEVEL_A_DIRECT,A
Chutney,chutney,NOTE,Chutney,LEVEL_A_DIRECT,A
Chypre Notes,chypre notes,NOTE,Chypre Notes,LEVEL_A_DIRECT,A
Cider Apple,cider apple,NOTE,Cider Apple,LEVEL_A_DIRECT,A
Cigarette,cigarette,NOTE,Cigarette,LEVEL_A_DIRECT,A
Cilantro,cilantro,NOTE,Cilantro,LEVEL_A_DIRECT,A
Cinammon,cinammon,NOTE,Cinammon,LEVEL_A_DIRECT,A
Cinnamaldehyde,cinnamaldehyde,NOTE,Cinnamaldehyde,LEVEL_A_DIRECT,A
cinnamon,cinnamon,ACCORD,cinnamon,LEVEL_A_DIRECT,A
Cinnamon,cinnamon,NOTE,Cinnamon,LEVEL_A_DIRECT,A
Cinnamon Flower,cinnamon flower,NOTE,Cinnamon Flower,LEVEL_A_DIRECT,A
Cinnamon Leaf,cinnamon leaf,NOTE,Cinnamon Leaf,LEVEL_A_DIRECT,A
Cistus Incanus,cistus incanus,NOTE,Cistus Incanus,LEVEL_A_DIRECT,A
Citron,citron,NOTE,Citron,LEVEL_A_DIRECT,A
Citron Leaf,citron leaf,NOTE,Citron Leaf,LEVEL_A_DIRECT,A
citrus,citrus,ACCORD,citrus,LEVEL_A_DIRECT,A
Citrus,citrus,NOTE,Citrus,LEVEL_A_DIRECT,A
Citrus and Floral Notes,citrus and floral notes,NOTE,Citrus and Floral Notes,LEVEL_A_DIRECT,A
Citrus Blossom,citrus blossom,NOTE,Citrus Blossom,LEVEL_A_DIRECT,A
Citrus Japonica,citrus japonica,NOTE,Citrus Japonica,LEVEL_A_DIRECT,A
Citrus Leaf,citrus leaf,NOTE,Citrus Leaf,LEVEL_A_DIRECT,A
Citrus Leaves,citrus leaves,NOTE,Citrus Leaves,LEVEL_A_DIRECT,A
Citruses,citruses,NOTE,Citruses,LEVEL_A_DIRECT,A
Citruses Water,citruses water,NOTE,Citruses Water,LEVEL_A_DIRECT,A
citruses with sugar,citruses with sugar,NOTE,citruses with sugar,LEVEL_A_DIRECT,A
Civet,civet,NOTE,Civet,LEVEL_A_DIRECT,A
Civetta,civetta,NOTE,Civetta,LEVEL_A_DIRECT,A
Civettone,civettone,NOTE,Civettone,LEVEL_A_DIRECT,A
Clary Sage,clary sage,NOTE,Clary Sage,LEVEL_A_DIRECT,A
Clarycet,clarycet,NOTE,Clarycet,LEVEL_A_DIRECT,A
clay,clay,ACCORD,clay,LEVEL_A_DIRECT,A
Clay,clay,NOTE,Clay,LEVEL_A_DIRECT,A
Clean notes,clean notes,NOTE,Clean notes,LEVEL_A_DIRECT,A
Clearwood,clearwood,NOTE,Clearwood,LEVEL_A_DIRECT,A
Clematis,clematis,NOTE,Clematis,LEVEL_A_DIRECT,A
Clementine,clementine,NOTE,Clementine,LEVEL_A_DIRECT,A
Cloudberry,cloudberry,NOTE,Cloudberry,LEVEL_A_DIRECT,A
Clove,clove,NOTE,Clove,LEVEL_A_DIRECT,A
Clove Leaf,clove leaf,NOTE,Clove Leaf,LEVEL_A_DIRECT,A
Clover,clover,NOTE,Clover,LEVEL_A_DIRECT,A
Cloves,cloves,NOTE,Cloves,LEVEL_A_DIRECT,A
CO2 Extracts,co2 extracts,NOTE,CO2 Extracts,LEVEL_A_DIRECT,A
Coal,coal,NOTE,Coal,LEVEL_A_DIRECT,A
Coal Tar,coal tar,NOTE,Coal Tar,LEVEL_A_DIRECT,A
Coal Tar Pitch,coal tar pitch,NOTE,Coal Tar Pitch,LEVEL_A_DIRECT,A
Cobblestone,cobblestone,NOTE,Cobblestone,LEVEL_A_DIRECT,A
Coca,coca,NOTE,Coca,LEVEL_A_DIRECT,A
coca-cola,coca-cola,ACCORD,coca-cola,LEVEL_A_DIRECT,A
Coca-Cola,coca-cola,NOTE,Coca-Cola,LEVEL_A_DIRECT,A
Cocaine,cocaine,NOTE,Cocaine,LEVEL_A_DIRECT,A
Cocktail accord,cocktail accord,NOTE,Cocktail accord,LEVEL_A_DIRECT,A
Cocktail Fruits,cocktail fruits,NOTE,Cocktail Fruits,LEVEL_A_DIRECT,A
Coco De Mer,coco de mer,NOTE,Coco De Mer,LEVEL_A_DIRECT,A
Cocoa,cocoa,NOTE,Cocoa,LEVEL_A_DIRECT,A
cocoa shell,cocoa shell,NOTE,cocoa shell,LEVEL_A_DIRECT,A
Cocoapulse™,cocoapulsetm,NOTE,Cocoapulse™,LEVEL_A_DIRECT,A
Cocobolo,cocobolo,NOTE,Cocobolo,LEVEL_A_DIRECT,A
coconut,coconut,ACCORD,coconut,LEVEL_A_DIRECT,A
Coconut,coconut,NOTE,Coconut,LEVEL_A_DIRECT,A
Coconut Blossom,coconut blossom,NOTE,Coconut Blossom,LEVEL_A_DIRECT,A
Coconut Leaf,coconut leaf,NOTE,Coconut Leaf,LEVEL_A_DIRECT,A
Coconut Milk,coconut milk,NOTE,Coconut Milk,LEVEL_A_DIRECT,A
Coconut Nectar,coconut nectar,NOTE,Coconut Nectar,LEVEL_A_DIRECT,A
Coconut Pie,coconut pie,NOTE,Coconut Pie,LEVEL_A_DIRECT,A
Coconut Powder,coconut powder,NOTE,Coconut Powder,LEVEL_A_DIRECT,A
Coconut Rum,coconut rum,NOTE,Coconut Rum,LEVEL_A_DIRECT,A
Coconut Tree,coconut tree,NOTE,Coconut Tree,LEVEL_A_DIRECT,A
Coconut Water,coconut water,NOTE,Coconut Water,LEVEL_A_DIRECT,A
coffee,coffee,ACCORD,coffee,LEVEL_A_DIRECT,A
Coffee,coffee,NOTE,Coffee,LEVEL_A_DIRECT,A
Coffee blossom,coffee blossom,NOTE,Coffee blossom,LEVEL_A_DIRECT,A
Coffee CO2,coffee co2,NOTE,Coffee CO2,LEVEL_A_DIRECT,A
Coffee Liqueur,coffee liqueur,NOTE,Coffee Liqueur,LEVEL_A_DIRECT,A
Coffee Tincture,coffee tincture,NOTE,Coffee Tincture,LEVEL_A_DIRECT,A
Coffee Tree,coffee tree,NOTE,Coffee Tree,LEVEL_A_DIRECT,A
Cognac,cognac,NOTE,Cognac,LEVEL_A_DIRECT,A
Coleus,coleus,NOTE,Coleus,LEVEL_A_DIRECT,A
Columbian Coffee,columbian coffee,NOTE,Columbian Coffee,LEVEL_A_DIRECT,A
Concrete,concrete,NOTE,Concrete,LEVEL_A_DIRECT,A
Condensed Milk,condensed milk,NOTE,Condensed Milk,LEVEL_A_DIRECT,A
Cone Waffle,cone waffle,NOTE,Cone Waffle,LEVEL_A_DIRECT,A
Confetti,confetti,NOTE,Confetti,LEVEL_A_DIRECT,A
Confetti (Sugared Almonds),confetti (sugared almonds),NOTE,Confetti (Sugared Almonds),LEVEL_A_DIRECT,A
conifer,conifer,ACCORD,conifer,LEVEL_A_DIRECT,A
Conifer,conifer,NOTE,Conifer,LEVEL_A_DIRECT,A
Cookie,cookie,NOTE,Cookie,LEVEL_A_DIRECT,A
Cookie Dough,cookie dough,NOTE,Cookie Dough,LEVEL_A_DIRECT,A
Copahu Balm,copahu balm,NOTE,Copahu Balm,LEVEL_A_DIRECT,A
Copaiba balm,copaiba balm,NOTE,Copaiba balm,LEVEL_A_DIRECT,A
Copal,copal,NOTE,Copal,LEVEL_A_DIRECT,A
Copper,copper,NOTE,Copper,LEVEL_A_DIRECT,A
Coral Amber,coral amber,NOTE,Coral Amber,LEVEL_A_DIRECT,A
Coral Limestone,coral limestone,NOTE,Coral Limestone,LEVEL_A_DIRECT,A
Coral Reef,coral reef,NOTE,Coral Reef,LEVEL_A_DIRECT,A
Coral Rose,coral rose,NOTE,Coral Rose,LEVEL_A_DIRECT,A
Corall Orchid,corall orchid,NOTE,Corall Orchid,LEVEL_A_DIRECT,A
Coranol,coranol,NOTE,Coranol,LEVEL_A_DIRECT,A
Coriander,coriander,NOTE,Coriander,LEVEL_A_DIRECT,A
Coriander Extract,coriander extract,NOTE,Coriander Extract,LEVEL_A_DIRECT,A
Coriander iandaldehydes,coriander iandaldehydes,NOTE,Coriander iandaldehydes,LEVEL_A_DIRECT,A
Coriander Leaf,coriander leaf,NOTE,Coriander Leaf,LEVEL_A_DIRECT,A
Cork,cork,NOTE,Cork,LEVEL_A_DIRECT,A
Corn,corn,NOTE,Corn,LEVEL_A_DIRECT,A
Corn Silk,corn silk,NOTE,Corn Silk,LEVEL_A_DIRECT,A
Cornflower or Sultan seeds,cornflower or sultan seeds,NOTE,Cornflower or Sultan seeds,LEVEL_A_DIRECT,A
Cosmofruit™,cosmofruittm,NOTE,Cosmofruit™,LEVEL_A_DIRECT,A
Cosmofruit™ (IFF),cosmofruittm (iff),NOTE,Cosmofruit™ (IFF),LEVEL_A_DIRECT,A
Cosmone,cosmone,NOTE,Cosmone,LEVEL_A_DIRECT,A
Cosmopolitan cocktail,cosmopolitan cocktail,NOTE,Cosmopolitan cocktail,LEVEL_A_DIRECT,A
Cosmos Flower,cosmos flower,NOTE,Cosmos Flower,LEVEL_A_DIRECT,A
Costus,costus,NOTE,Costus,LEVEL_A_DIRECT,A
Coton candy,coton candy,NOTE,Coton candy,LEVEL_A_DIRECT,A
Cotton Candy,cotton candy,NOTE,Cotton Candy,LEVEL_A_DIRECT,A
Cotton Flower,cotton flower,NOTE,Cotton Flower,LEVEL_A_DIRECT,A
Cottonwood,cottonwood,NOTE,Cottonwood,LEVEL_A_DIRECT,A
Cottonwood (Poplar),cottonwood (poplar),NOTE,Cottonwood (Poplar),LEVEL_A_DIRECT,A
Coumarin,coumarin,NOTE,Coumarin,LEVEL_A_DIRECT,A
Count's Fruit,count's fruit,NOTE,Count's Fruit,LEVEL_A_DIRECT,A
Cranberry,cranberry,NOTE,Cranberry,LEVEL_A_DIRECT,A
Cream,cream,NOTE,Cream,LEVEL_A_DIRECT,A
Cream Liqueur,cream liqueur,NOTE,Cream Liqueur,LEVEL_A_DIRECT,A
cream soda,cream soda,NOTE,cream soda,LEVEL_A_DIRECT,A
Creamsicle,creamsicle,NOTE,Creamsicle,LEVEL_A_DIRECT,A
Creamy Flowers,creamy flowers,NOTE,Creamy Flowers,LEVEL_A_DIRECT,A
Creamy notes,creamy notes,NOTE,Creamy notes,LEVEL_A_DIRECT,A
Credit Cards,credit cards,NOTE,Credit Cards,LEVEL_A_DIRECT,A
Creme Brulee,creme brulee,NOTE,Creme Brulee,LEVEL_A_DIRECT,A
Creosote Bush,creosote bush,NOTE,Creosote Bush,LEVEL_A_DIRECT,A
Crimson Fruits,crimson fruits,NOTE,Crimson Fruits,LEVEL_A_DIRECT,A
Crinum lily,crinum lily,NOTE,Crinum lily,LEVEL_A_DIRECT,A
Crithmum,crithmum,NOTE,Crithmum,LEVEL_A_DIRECT,A
Croissant,croissant,NOTE,Croissant,LEVEL_A_DIRECT,A
Crustaceans,crustaceans,NOTE,Crustaceans,LEVEL_A_DIRECT,A
Crystal Amber,crystal amber,NOTE,Crystal Amber,LEVEL_A_DIRECT,A
Crystalfizz,crystalfizz,NOTE,Crystalfizz,LEVEL_A_DIRECT,A
Cuban Cigar,cuban cigar,NOTE,Cuban Cigar,LEVEL_A_DIRECT,A
Cubeb or Tailed pepper,cubeb or tailed pepper,NOTE,Cubeb or Tailed pepper,LEVEL_A_DIRECT,A
Cucumber,cucumber,NOTE,Cucumber,LEVEL_A_DIRECT,A
Cucumber Flower,cucumber flower,NOTE,Cucumber Flower,LEVEL_A_DIRECT,A
Culantro,culantro,NOTE,Culantro,LEVEL_A_DIRECT,A
Cumin,cumin,NOTE,Cumin,LEVEL_A_DIRECT,A
Cupcake,cupcake,NOTE,Cupcake,LEVEL_A_DIRECT,A
"Cupuacu, Cupuassu, Copoasu","cupuacu, cupuassu, copoasu",NOTE,"Cupuacu, Cupuassu, Copoasu",LEVEL_A_DIRECT,A
Curacao,curacao,NOTE,Curacao,LEVEL_A_DIRECT,A
Curcuma (Turmeric),curcuma (turmeric),NOTE,Curcuma (Turmeric),LEVEL_A_DIRECT,A
Currant buds,currant buds,NOTE,Currant buds,LEVEL_A_DIRECT,A
Currant Leaf and Bud,currant leaf and bud,NOTE,Currant Leaf and Bud,LEVEL_A_DIRECT,A
Curry,curry,NOTE,Curry,LEVEL_A_DIRECT,A
Curry Tree,curry tree,NOTE,Curry Tree,LEVEL_A_DIRECT,A
Custard,custard,NOTE,Custard,LEVEL_A_DIRECT,A
Cyclamen,cyclamen,NOTE,Cyclamen,LEVEL_A_DIRECT,A
Cyclopidene,cyclopidene,NOTE,Cyclopidene,LEVEL_A_DIRECT,A
Cyperus esculentus,cyperus esculentus,NOTE,Cyperus esculentus,LEVEL_A_DIRECT,A
Cyperus Scariosus,cyperus scariosus,NOTE,Cyperus Scariosus,LEVEL_A_DIRECT,A
Cypress,cypress,NOTE,Cypress,LEVEL_A_DIRECT,A
Cypress Leaf,cypress leaf,NOTE,Cypress Leaf,LEVEL_A_DIRECT,A
Cypriol,cypriol,NOTE,Cypriol,LEVEL_A_DIRECT,A
Cypriol Oil,cypriol oil,NOTE,Cypriol Oil,LEVEL_A_DIRECT,A
Cypriol Oil or Nagarmotha,cypriol oil or nagarmotha,NOTE,Cypriol Oil or Nagarmotha,LEVEL_A_DIRECT,A
Czech Christmas Cookies (Linecké),czech christmas cookies (linecké),NOTE,Czech Christmas Cookies (Linecké),LEVEL_A_DIRECT,A
Dahlia,dahlia,NOTE,Dahlia,LEVEL_A_DIRECT,A
Daikon radish,daikon radish,NOTE,Daikon radish,LEVEL_A_DIRECT,A
Daim,daim,NOTE,Daim,LEVEL_A_DIRECT,A
Daiquiri,daiquiri,NOTE,Daiquiri,LEVEL_A_DIRECT,A
Daisy,daisy,NOTE,Daisy,LEVEL_A_DIRECT,A
Damascone,damascone,NOTE,Damascone,LEVEL_A_DIRECT,A
Damask Plum,damask plum,NOTE,Damask Plum,LEVEL_A_DIRECT,A
Damask Rose,damask rose,NOTE,Damask Rose,LEVEL_A_DIRECT,A
Damiana,damiana,NOTE,Damiana,LEVEL_A_DIRECT,A
Dandelion,dandelion,NOTE,Dandelion,LEVEL_A_DIRECT,A
Danish pastry,danish pastry,NOTE,Danish pastry,LEVEL_A_DIRECT,A
Daphne,daphne,NOTE,Daphne,LEVEL_A_DIRECT,A
Darjeeling Black tea,darjeeling black tea,NOTE,Darjeeling Black tea,LEVEL_A_DIRECT,A
Darjeeling Tea,darjeeling tea,NOTE,Darjeeling Tea,LEVEL_A_DIRECT,A
Dark Chocolate,dark chocolate,NOTE,Dark Chocolate,LEVEL_A_DIRECT,A
Dark Chocolate Liqueur,dark chocolate liqueur,NOTE,Dark Chocolate Liqueur,LEVEL_A_DIRECT,A
Dark Patchouli,dark patchouli,NOTE,Dark Patchouli,LEVEL_A_DIRECT,A
Dark Plum Wu Mei,dark plum wu mei,NOTE,Dark Plum Wu Mei,LEVEL_A_DIRECT,A
dark woodsy notes,dark woodsy notes,NOTE,dark woodsy notes,LEVEL_A_DIRECT,A
Dartanol®,dartanol®,NOTE,Dartanol®,LEVEL_A_DIRECT,A
Dates,dates,NOTE,Dates,LEVEL_A_DIRECT,A
Datura,datura,NOTE,Datura,LEVEL_A_DIRECT,A
Davana,davana,NOTE,Davana,LEVEL_A_DIRECT,A
day,day,DAYPART,day,ENGLISH_CONTEXT_ALIAS,A
Daylily,daylily,NOTE,Daylily,LEVEL_A_DIRECT,A
deadnettle,deadnettle,NOTE,deadnettle,LEVEL_A_DIRECT,A
Decalepis hamiltonii,decalepis hamiltonii,NOTE,Decalepis hamiltonii,LEVEL_A_DIRECT,A
Deer Musk,deer musk,NOTE,Deer Musk,LEVEL_A_DIRECT,A
Deer Tongue Grass,deer tongue grass,NOTE,Deer Tongue Grass,LEVEL_A_DIRECT,A
Delonix,delonix,NOTE,Delonix,LEVEL_A_DIRECT,A
Desert Rain Accord,desert rain accord,NOTE,Desert Rain Accord,LEVEL_A_DIRECT,A
Desert Rose,desert rose,NOTE,Desert Rose,LEVEL_A_DIRECT,A
Desert Sagebrush,desert sagebrush,NOTE,Desert Sagebrush,LEVEL_A_DIRECT,A
Dew Drop,dew drop,NOTE,Dew Drop,LEVEL_A_DIRECT,A
Dewberry,dewberry,NOTE,Dewberry,LEVEL_A_DIRECT,A
Diamond Orchid,diamond orchid,NOTE,Diamond Orchid,LEVEL_A_DIRECT,A
Dianthus,dianthus,NOTE,Dianthus,LEVEL_A_DIRECT,A
Dihydromyrcenol,dihydromyrcenol,NOTE,Dihydromyrcenol,LEVEL_A_DIRECT,A
Dill,dill,NOTE,Dill,LEVEL_A_DIRECT,A
Dirt,dirt,NOTE,Dirt,LEVEL_A_DIRECT,A
Ditax wood,ditax wood,NOTE,Ditax wood,LEVEL_A_DIRECT,A
Diving Suit,diving suit,NOTE,Diving Suit,LEVEL_A_DIRECT,A
Diviniris,diviniris,NOTE,Diviniris,LEVEL_A_DIRECT,A
Dodecanal,dodecanal,NOTE,Dodecanal,LEVEL_A_DIRECT,A
Dogwood Blossom,dogwood blossom,NOTE,Dogwood Blossom,LEVEL_A_DIRECT,A
Donut or Doughnut,donut or doughnut,NOTE,Donut or Doughnut,LEVEL_A_DIRECT,A
Dorayaki,dorayaki,NOTE,Dorayaki,LEVEL_A_DIRECT,A
Dove tree,dove tree,NOTE,Dove tree,LEVEL_A_DIRECT,A
Dragibus,dragibus,NOTE,Dragibus,LEVEL_A_DIRECT,A
Dragon Blood Resin,dragon blood resin,NOTE,Dragon Blood Resin,LEVEL_A_DIRECT,A
Dragon fruit,dragon fruit,NOTE,Dragon fruit,LEVEL_A_DIRECT,A
Dragée,dragée,NOTE,Dragée,LEVEL_A_DIRECT,A
Dreamwood,dreamwood,NOTE,Dreamwood,LEVEL_A_DIRECT,A
Dried Apple Crisp,dried apple crisp,NOTE,Dried Apple Crisp,LEVEL_A_DIRECT,A
Dried Apricot,dried apricot,NOTE,Dried Apricot,LEVEL_A_DIRECT,A
Dried Fallen Leaves,dried fallen leaves,NOTE,Dried Fallen Leaves,LEVEL_A_DIRECT,A
Dried Fruits,dried fruits,NOTE,Dried Fruits,LEVEL_A_DIRECT,A
Dried Plum,dried plum,NOTE,Dried Plum,LEVEL_A_DIRECT,A
Dried Rose,dried rose,NOTE,Dried Rose,LEVEL_A_DIRECT,A
Driftwood,driftwood,NOTE,Driftwood,LEVEL_A_DIRECT,A
Dry Wood,dry wood,NOTE,Dry Wood,LEVEL_A_DIRECT,A
Duck Poo Oolong (Ya Shi Xiang),duck poo oolong (ya shi xiang),NOTE,Duck Poo Oolong (Ya Shi Xiang),LEVEL_A_DIRECT,A
Ducke,ducke,NOTE,Ducke,LEVEL_A_DIRECT,A
Dulce de leche,dulce de leche,NOTE,Dulce de leche,LEVEL_A_DIRECT,A
Durian,durian,NOTE,Durian,LEVEL_A_DIRECT,A
Dust,dust,NOTE,Dust,LEVEL_A_DIRECT,A
Dyer’s Greenweed,dyer’s greenweed,NOTE,Dyer’s Greenweed,LEVEL_A_DIRECT,A
Earl Grey Tea,earl grey tea,NOTE,Earl Grey Tea,LEVEL_A_DIRECT,A
Earth Tincture,earth tincture,NOTE,Earth Tincture,LEVEL_A_DIRECT,A
earthy,earthy,ACCORD,earthy,LEVEL_A_DIRECT,A
Earthy Notes,earthy notes,NOTE,Earthy Notes,LEVEL_A_DIRECT,A
Eau de vie,eau de vie,NOTE,Eau de vie,LEVEL_A_DIRECT,A
Ebony,ebony,NOTE,Ebony,LEVEL_A_DIRECT,A
ebony tree,ebony tree,NOTE,ebony tree,LEVEL_A_DIRECT,A
Ebony Wood,ebony wood,NOTE,Ebony Wood,LEVEL_A_DIRECT,A
edelweiss,edelweiss,NOTE,edelweiss,LEVEL_A_DIRECT,A
Egg,egg,NOTE,Egg,LEVEL_A_DIRECT,A
Eggnog,eggnog,NOTE,Eggnog,LEVEL_A_DIRECT,A
Eglantine Rose,eglantine rose,NOTE,Eglantine Rose,LEVEL_A_DIRECT,A
Egyptian and Indian Jasmine,egyptian and indian jasmine,NOTE,Egyptian and Indian Jasmine,LEVEL_A_DIRECT,A
Egyptian balsam,egyptian balsam,NOTE,Egyptian balsam,LEVEL_A_DIRECT,A
Egyptian Jasmine,egyptian jasmine,NOTE,Egyptian Jasmine,LEVEL_A_DIRECT,A
Egyptian Musk,egyptian musk,NOTE,Egyptian Musk,LEVEL_A_DIRECT,A
Egyptian Pelargonium,egyptian pelargonium,NOTE,Egyptian Pelargonium,LEVEL_A_DIRECT,A
Egyptian Rose,egyptian rose,NOTE,Egyptian Rose,LEVEL_A_DIRECT,A
Egyptian Rosewood,egyptian rosewood,NOTE,Egyptian Rosewood,LEVEL_A_DIRECT,A
Egyptian Sage,egyptian sage,NOTE,Egyptian Sage,LEVEL_A_DIRECT,A
Egyptian Tuberose,egyptian tuberose,NOTE,Egyptian Tuberose,LEVEL_A_DIRECT,A
Elderberry,elderberry,NOTE,Elderberry,LEVEL_A_DIRECT,A
Elderflower,elderflower,NOTE,Elderflower,LEVEL_A_DIRECT,A
elemi,elemi,NOTE,elemi,LEVEL_A_DIRECT,A
Elemi resin,elemi resin,NOTE,Elemi resin,LEVEL_A_DIRECT,A
Elm,elm,NOTE,Elm,LEVEL_A_DIRECT,A
Ember,ember,NOTE,Ember,LEVEL_A_DIRECT,A
English Rose,english rose,NOTE,English Rose,LEVEL_A_DIRECT,A
Erigeron,erigeron,NOTE,Erigeron,LEVEL_A_DIRECT,A
Erigeron (Fleabane),erigeron (fleabane),NOTE,Erigeron (Fleabane),LEVEL_A_DIRECT,A
Espresso,espresso,NOTE,Espresso,LEVEL_A_DIRECT,A
Ethyl Maltol,ethyl maltol,NOTE,Ethyl Maltol,LEVEL_A_DIRECT,A
Ethyl Vanilin,ethyl vanilin,NOTE,Ethyl Vanilin,LEVEL_A_DIRECT,A
Ethylvanillin,ethylvanillin,NOTE,Ethylvanillin,LEVEL_A_DIRECT,A
Eucalyptus,eucalyptus,NOTE,Eucalyptus,LEVEL_A_DIRECT,A
Eucalyptus Blossom,eucalyptus blossom,NOTE,Eucalyptus Blossom,LEVEL_A_DIRECT,A
Eugenol,eugenol,NOTE,Eugenol,LEVEL_A_DIRECT,A
Euphorbia,euphorbia,NOTE,Euphorbia,LEVEL_A_DIRECT,A
Eustoma | Lisianthus,eustoma | lisianthus,NOTE,Eustoma | Lisianthus,LEVEL_A_DIRECT,A
Evergreen,evergreen,NOTE,Evergreen,LEVEL_A_DIRECT,A
Evernyl,evernyl,NOTE,Evernyl,LEVEL_A_DIRECT,A
Exaltolide®,exaltolide®,NOTE,Exaltolide®,LEVEL_A_DIRECT,A
Exotic floral notes,exotic floral notes,NOTE,Exotic floral notes,LEVEL_A_DIRECT,A
Exotic Fruits,exotic fruits,NOTE,Exotic Fruits,LEVEL_A_DIRECT,A
Exotic Spices,exotic spices,NOTE,Exotic Spices,LEVEL_A_DIRECT,A
Exotic Woods,exotic woods,NOTE,Exotic Woods,LEVEL_A_DIRECT,A
Fabric,fabric,NOTE,Fabric,LEVEL_A_DIRECT,A
Factor X,factor x,NOTE,Factor X,LEVEL_A_DIRECT,A
fall,fall,SEASON,autumn,ENGLISH_CONTEXT_ALIAS,A
False Cypress,false cypress,NOTE,False Cypress,LEVEL_A_DIRECT,A
False Jasmine,false jasmine,NOTE,False Jasmine,LEVEL_A_DIRECT,A
Feathers,feathers,NOTE,Feathers,LEVEL_A_DIRECT,A
Feijoa Fruit,feijoa fruit,NOTE,Feijoa Fruit,LEVEL_A_DIRECT,A
Fennel,fennel,NOTE,Fennel,LEVEL_A_DIRECT,A
Fenugreek,fenugreek,NOTE,Fenugreek,LEVEL_A_DIRECT,A
Fermented tea,fermented tea,NOTE,Fermented tea,LEVEL_A_DIRECT,A
Fern,fern,NOTE,Fern,LEVEL_A_DIRECT,A
Field scabious,field scabious,NOTE,Field scabious,LEVEL_A_DIRECT,A
Fig,fig,NOTE,Fig,LEVEL_A_DIRECT,A
Fig Blossom,fig blossom,NOTE,Fig Blossom,LEVEL_A_DIRECT,A
Fig Honey,fig honey,NOTE,Fig Honey,LEVEL_A_DIRECT,A
Fig Leaf,fig leaf,NOTE,Fig Leaf,LEVEL_A_DIRECT,A
Fig Milk,fig milk,NOTE,Fig Milk,LEVEL_A_DIRECT,A
Fig Nectar,fig nectar,NOTE,Fig Nectar,LEVEL_A_DIRECT,A
Fig Tree,fig tree,NOTE,Fig Tree,LEVEL_A_DIRECT,A
Fig Wood Bark,fig wood bark,NOTE,Fig Wood Bark,LEVEL_A_DIRECT,A
Filbertone,filbertone,NOTE,Filbertone,LEVEL_A_DIRECT,A
Finger Lime,finger lime,NOTE,Finger Lime,LEVEL_A_DIRECT,A
Fior di Latte,fior di latte,NOTE,Fior di Latte,LEVEL_A_DIRECT,A
Fir,fir,NOTE,Fir,LEVEL_A_DIRECT,A
Fir Resin,fir resin,NOTE,Fir Resin,LEVEL_A_DIRECT,A
Fire,fire,NOTE,Fire,LEVEL_A_DIRECT,A
Fire Lily,fire lily,NOTE,Fire Lily,LEVEL_A_DIRECT,A
Firwood,firwood,NOTE,Firwood,LEVEL_A_DIRECT,A
Fish,fish,NOTE,Fish,LEVEL_A_DIRECT,A
Flamingo flower,flamingo flower,NOTE,Flamingo flower,LEVEL_A_DIRECT,A
Flamingo flower (Anthurium),flamingo flower (anthurium),NOTE,Flamingo flower (Anthurium),LEVEL_A_DIRECT,A
Flax,flax,NOTE,Flax,LEVEL_A_DIRECT,A
Flint,flint,NOTE,Flint,LEVEL_A_DIRECT,A
floral,floral,ACCORD,floral,LEVEL_A_DIRECT,A
Floral bouquet,floral bouquet,NOTE,Floral bouquet,LEVEL_A_DIRECT,A
Floral Fruity Notes,floral fruity notes,NOTE,Floral Fruity Notes,LEVEL_A_DIRECT,A
Floral Notes,floral notes,NOTE,Floral Notes,LEVEL_A_DIRECT,A
Floralozone,floralozone,NOTE,Floralozone,LEVEL_A_DIRECT,A
Floratta DNA,floratta dna,NOTE,Floratta DNA,LEVEL_A_DIRECT,A
Florida Grapefruit,florida grapefruit,NOTE,Florida Grapefruit,LEVEL_A_DIRECT,A
Flour,flour,NOTE,Flour,LEVEL_A_DIRECT,A
Flouve,flouve,NOTE,Flouve,LEVEL_A_DIRECT,A
Flower Petals,flower petals,NOTE,Flower Petals,LEVEL_A_DIRECT,A
Flower Prism,flower prism,NOTE,Flower Prism,LEVEL_A_DIRECT,A
Flowering Gourd,flowering gourd,NOTE,Flowering Gourd,LEVEL_A_DIRECT,A
Flowers,flowers,NOTE,Flowers,LEVEL_A_DIRECT,A
Fo Ti (Ho Shou Wu),fo ti (ho shou wu),NOTE,Fo Ti (Ho Shou Wu),LEVEL_A_DIRECT,A
Fog,fog,NOTE,Fog,LEVEL_A_DIRECT,A
Forest Flowers Notes,forest flowers notes,NOTE,Forest Flowers Notes,LEVEL_A_DIRECT,A
Forest Foliage,forest foliage,NOTE,Forest Foliage,LEVEL_A_DIRECT,A
Forest Fruits,forest fruits,NOTE,Forest Fruits,LEVEL_A_DIRECT,A
foresty,foresty,ACCORD,foresty,LEVEL_A_DIRECT,A
Forget me not,forget me not,NOTE,Forget me not,LEVEL_A_DIRECT,A
Fougassette,fougassette,NOTE,Fougassette,LEVEL_A_DIRECT,A
Fougère Accord,fougère accord,NOTE,Fougère Accord,LEVEL_A_DIRECT,A
Fragonia,fragonia,NOTE,Fragonia,LEVEL_A_DIRECT,A
Frangipani,frangipani,NOTE,Frangipani,LEVEL_A_DIRECT,A
Frankincense,frankincense,NOTE,Frankincense,LEVEL_A_DIRECT,A
Freesia,freesia,NOTE,Freesia,LEVEL_A_DIRECT,A
Freesia Petals,freesia petals,NOTE,Freesia Petals,LEVEL_A_DIRECT,A
French Hyacinth,french hyacinth,NOTE,French Hyacinth,LEVEL_A_DIRECT,A
French labdanum,french labdanum,NOTE,French labdanum,LEVEL_A_DIRECT,A
French Narcissus,french narcissus,NOTE,French Narcissus,LEVEL_A_DIRECT,A
French orange flower,french orange flower,NOTE,French orange flower,LEVEL_A_DIRECT,A
French pastries,french pastries,NOTE,French pastries,LEVEL_A_DIRECT,A
French Rose,french rose,NOTE,French Rose,LEVEL_A_DIRECT,A
French Violet,french violet,NOTE,French Violet,LEVEL_A_DIRECT,A
fresh,fresh,ACCORD,fresh,LEVEL_A_DIRECT,A
Fresh Almond,fresh almond,NOTE,Fresh Almond,LEVEL_A_DIRECT,A
Fresh Cream,fresh cream,NOTE,Fresh Cream,LEVEL_A_DIRECT,A
Fresh Evergreen,fresh evergreen,NOTE,Fresh Evergreen,LEVEL_A_DIRECT,A
Fresh note,fresh note,NOTE,Fresh note,LEVEL_A_DIRECT,A
fresh spicy,fresh spicy,ACCORD,fresh spicy,LEVEL_A_DIRECT,A
Fringed Pink,fringed pink,NOTE,Fringed Pink,LEVEL_A_DIRECT,A
Frosted Apple,frosted apple,NOTE,Frosted Apple,LEVEL_A_DIRECT,A
Frosted Berries,frosted berries,NOTE,Frosted Berries,LEVEL_A_DIRECT,A
Frosted Mango,frosted mango,NOTE,Frosted Mango,LEVEL_A_DIRECT,A
Frosted Melon,frosted melon,NOTE,Frosted Melon,LEVEL_A_DIRECT,A
Frosted Orange,frosted orange,NOTE,Frosted Orange,LEVEL_A_DIRECT,A
Frosting,frosting,NOTE,Frosting,LEVEL_A_DIRECT,A
Frosting [Glacé],frosting [glacé],NOTE,Frosting [Glacé],LEVEL_A_DIRECT,A
Frostwood™,frostwoodtm,NOTE,Frostwood™,LEVEL_A_DIRECT,A
Frothed milk,frothed milk,NOTE,Frothed milk,LEVEL_A_DIRECT,A
Fruit Salad,fruit salad,NOTE,Fruit Salad,LEVEL_A_DIRECT,A
Fruit Tea,fruit tea,NOTE,Fruit Tea,LEVEL_A_DIRECT,A
Fruits,fruits,NOTE,Fruits,LEVEL_A_DIRECT,A
fruity,fruity,ACCORD,fruity,LEVEL_A_DIRECT,A
Fruity and Spicy Notes,fruity and spicy notes,NOTE,Fruity and Spicy Notes,LEVEL_A_DIRECT,A
Fruity Notes,fruity notes,NOTE,Fruity Notes,LEVEL_A_DIRECT,A
Fuchsia,fuchsia,NOTE,Fuchsia,LEVEL_A_DIRECT,A
Fuji Apple,fuji apple,NOTE,Fuji Apple,LEVEL_A_DIRECT,A
Fur,fur,NOTE,Fur,LEVEL_A_DIRECT,A
Gaharu Buaya,gaharu buaya,NOTE,Gaharu Buaya,LEVEL_A_DIRECT,A
Gaiac,gaiac,NOTE,Gaiac,LEVEL_A_DIRECT,A
Gaiac Wood,gaiac wood,NOTE,Gaiac Wood,LEVEL_A_DIRECT,A
Gajumaru Banyan,gajumaru banyan,NOTE,Gajumaru Banyan,LEVEL_A_DIRECT,A
Galanga,galanga,NOTE,Galanga,LEVEL_A_DIRECT,A
Galaxolide,galaxolide,NOTE,Galaxolide,LEVEL_A_DIRECT,A
Galbanum,galbanum,NOTE,Galbanum,LEVEL_A_DIRECT,A
Galbanum Leaf,galbanum leaf,NOTE,Galbanum Leaf,LEVEL_A_DIRECT,A
Garden Dill,garden dill,NOTE,Garden Dill,LEVEL_A_DIRECT,A
Gardenia,gardenia,NOTE,Gardenia,LEVEL_A_DIRECT,A
Gariguette Strawberry,gariguette strawberry,NOTE,Gariguette Strawberry,LEVEL_A_DIRECT,A
Garlic,garlic,NOTE,Garlic,LEVEL_A_DIRECT,A
gasoline,gasoline,ACCORD,gasoline,LEVEL_A_DIRECT,A
Gasoline,gasoline,NOTE,Gasoline,LEVEL_A_DIRECT,A
Gelatin,gelatin,NOTE,Gelatin,LEVEL_A_DIRECT,A
Gelato,gelato,NOTE,Gelato,LEVEL_A_DIRECT,A
Genet,genet,NOTE,Genet,LEVEL_A_DIRECT,A
Genipapo,genipapo,NOTE,Genipapo,LEVEL_A_DIRECT,A
Genmaicha,genmaicha,NOTE,Genmaicha,LEVEL_A_DIRECT,A
Gentiana,gentiana,NOTE,Gentiana,LEVEL_A_DIRECT,A
Georgian Apricot,georgian apricot,NOTE,Georgian Apricot,LEVEL_A_DIRECT,A
Georgywood,georgywood,NOTE,Georgywood,LEVEL_A_DIRECT,A
Geosmin,geosmin,NOTE,Geosmin,LEVEL_A_DIRECT,A
Geranium,geranium,NOTE,Geranium,LEVEL_A_DIRECT,A
Geranium macrorrhizum (Zdravetz),geranium macrorrhizum (zdravetz),NOTE,Geranium macrorrhizum (Zdravetz),LEVEL_A_DIRECT,A
Gerbera,gerbera,NOTE,Gerbera,LEVEL_A_DIRECT,A
Ghost Pepper,ghost pepper,NOTE,Ghost Pepper,LEVEL_A_DIRECT,A
Gianduia,gianduia,NOTE,Gianduia,LEVEL_A_DIRECT,A
Gin,gin,NOTE,Gin,LEVEL_A_DIRECT,A
Ginger,ginger,NOTE,Ginger,LEVEL_A_DIRECT,A
Ginger flower,ginger flower,NOTE,Ginger flower,LEVEL_A_DIRECT,A
Ginger Leaf,ginger leaf,NOTE,Ginger Leaf,LEVEL_A_DIRECT,A
Gingerbread,gingerbread,NOTE,Gingerbread,LEVEL_A_DIRECT,A
Gingergrass,gingergrass,NOTE,Gingergrass,LEVEL_A_DIRECT,A
Ginkgo,ginkgo,NOTE,Ginkgo,LEVEL_A_DIRECT,A
Ginseng,ginseng,NOTE,Ginseng,LEVEL_A_DIRECT,A
Glacé,glacé,NOTE,Glacé,LEVEL_A_DIRECT,A
Gladiolus,gladiolus,NOTE,Gladiolus,LEVEL_A_DIRECT,A
Glass,glass,NOTE,Glass,LEVEL_A_DIRECT,A
Goat Hair,goat hair,NOTE,Goat Hair,LEVEL_A_DIRECT,A
Goat hair tincture,goat hair tincture,NOTE,Goat hair tincture,LEVEL_A_DIRECT,A
Goat's milk,goat's milk,NOTE,Goat's milk,LEVEL_A_DIRECT,A
Goji Berries,goji berries,NOTE,Goji Berries,LEVEL_A_DIRECT,A
Gold,gold,NOTE,Gold,LEVEL_A_DIRECT,A
Golden Lily,golden lily,NOTE,Golden Lily,LEVEL_A_DIRECT,A
Goldenberry,goldenberry,NOTE,Goldenberry,LEVEL_A_DIRECT,A
Goldenrod,goldenrod,NOTE,Goldenrod,LEVEL_A_DIRECT,A
Goldwasser,goldwasser,NOTE,Goldwasser,LEVEL_A_DIRECT,A
Gooseberry,gooseberry,NOTE,Gooseberry,LEVEL_A_DIRECT,A
Gorse,gorse,NOTE,Gorse,LEVEL_A_DIRECT,A
gourmand,gourmand,ACCORD,gourmand,LEVEL_A_DIRECT,A
Gourmand Accord,gourmand accord,NOTE,Gourmand Accord,LEVEL_A_DIRECT,A
Graham Crackers,graham crackers,NOTE,Graham Crackers,LEVEL_A_DIRECT,A
Grains,grains,NOTE,Grains,LEVEL_A_DIRECT,A
Granny Smith apple,granny smith apple,NOTE,Granny Smith apple,LEVEL_A_DIRECT,A
Grape leaves,grape leaves,NOTE,Grape leaves,LEVEL_A_DIRECT,A
Grape Seed,grape seed,NOTE,Grape Seed,LEVEL_A_DIRECT,A
grapeflower,grapeflower,NOTE,grapeflower,LEVEL_A_DIRECT,A
Grapefruit,grapefruit,NOTE,Grapefruit,LEVEL_A_DIRECT,A
Grapefruit blossom,grapefruit blossom,NOTE,Grapefruit blossom,LEVEL_A_DIRECT,A
Grapefruit Leaf,grapefruit leaf,NOTE,Grapefruit Leaf,LEVEL_A_DIRECT,A
Grapefruit Peel,grapefruit peel,NOTE,Grapefruit Peel,LEVEL_A_DIRECT,A
Grapefruit Soda,grapefruit soda,NOTE,Grapefruit Soda,LEVEL_A_DIRECT,A
Graperfuit,graperfuit,NOTE,Graperfuit,LEVEL_A_DIRECT,A
Grapes,grapes,NOTE,Grapes,LEVEL_A_DIRECT,A
Graphite,graphite,NOTE,Graphite,LEVEL_A_DIRECT,A
Grass,grass,NOTE,Grass,LEVEL_A_DIRECT,A
Grass Tree,grass tree,NOTE,Grass Tree,LEVEL_A_DIRECT,A
Grasse Rose,grasse rose,NOTE,Grasse Rose,LEVEL_A_DIRECT,A
Gray Musk,gray musk,NOTE,Gray Musk,LEVEL_A_DIRECT,A
Grease,grease,NOTE,Grease,LEVEL_A_DIRECT,A
Great Burnet,great burnet,NOTE,Great Burnet,LEVEL_A_DIRECT,A
green,green,ACCORD,green,LEVEL_A_DIRECT,A
Green Accord,green accord,NOTE,Green Accord,LEVEL_A_DIRECT,A
Green Almond,green almond,NOTE,Green Almond,LEVEL_A_DIRECT,A
Green Anjou Pears,green anjou pears,NOTE,Green Anjou Pears,LEVEL_A_DIRECT,A
Green Apple,green apple,NOTE,Green Apple,LEVEL_A_DIRECT,A
Green Banana,green banana,NOTE,Green Banana,LEVEL_A_DIRECT,A
Green Bell Pepper,green bell pepper,NOTE,Green Bell Pepper,LEVEL_A_DIRECT,A
Green Branches,green branches,NOTE,Green Branches,LEVEL_A_DIRECT,A
Green Chilli,green chilli,NOTE,Green Chilli,LEVEL_A_DIRECT,A
Green Coconut,green coconut,NOTE,Green Coconut,LEVEL_A_DIRECT,A
Green Coffee,green coffee,NOTE,Green Coffee,LEVEL_A_DIRECT,A
Green Coriander,green coriander,NOTE,Green Coriander,LEVEL_A_DIRECT,A
Green Forest,green forest,NOTE,Green Forest,LEVEL_A_DIRECT,A
Green Grape,green grape,NOTE,Green Grape,LEVEL_A_DIRECT,A
Green Grass,green grass,NOTE,Green Grass,LEVEL_A_DIRECT,A
Green Leaves,green leaves,NOTE,Green Leaves,LEVEL_A_DIRECT,A
Green Lilac,green lilac,NOTE,Green Lilac,LEVEL_A_DIRECT,A
Green Lily,green lily,NOTE,Green Lily,LEVEL_A_DIRECT,A
Green Lotus,green lotus,NOTE,Green Lotus,LEVEL_A_DIRECT,A
Green Mandarin,green mandarin,NOTE,Green Mandarin,LEVEL_A_DIRECT,A
Green Mango,green mango,NOTE,Green Mango,LEVEL_A_DIRECT,A
Green Nard,green nard,NOTE,Green Nard,LEVEL_A_DIRECT,A
Green Notes,green notes,NOTE,Green Notes,LEVEL_A_DIRECT,A
Green Orange,green orange,NOTE,Green Orange,LEVEL_A_DIRECT,A
Green Orchid,green orchid,NOTE,Green Orchid,LEVEL_A_DIRECT,A
Green Pear,green pear,NOTE,Green Pear,LEVEL_A_DIRECT,A
Green Pepper,green pepper,NOTE,Green Pepper,LEVEL_A_DIRECT,A
Green Plum,green plum,NOTE,Green Plum,LEVEL_A_DIRECT,A
Green Sap,green sap,NOTE,Green Sap,LEVEL_A_DIRECT,A
Green Tangerine,green tangerine,NOTE,Green Tangerine,LEVEL_A_DIRECT,A
Green Tea,green tea,NOTE,Green Tea,LEVEL_A_DIRECT,A
Green Tea Flower,green tea flower,NOTE,Green Tea Flower,LEVEL_A_DIRECT,A
Greengage,greengage,NOTE,Greengage,LEVEL_A_DIRECT,A
Grenadine,grenadine,NOTE,Grenadine,LEVEL_A_DIRECT,A
Grevillea,grevillea,NOTE,Grevillea,LEVEL_A_DIRECT,A
Griotte Cherries,griotte cherries,NOTE,Griotte Cherries,LEVEL_A_DIRECT,A
Grisalva,grisalva,NOTE,Grisalva,LEVEL_A_DIRECT,A
Gromwell,gromwell,NOTE,Gromwell,LEVEL_A_DIRECT,A
Ground Cherry,ground cherry,NOTE,Ground Cherry,LEVEL_A_DIRECT,A
Guaiac Wood,guaiac wood,NOTE,Guaiac Wood,LEVEL_A_DIRECT,A
Guaiac Wood Resin,guaiac wood resin,NOTE,Guaiac Wood Resin,LEVEL_A_DIRECT,A
Guaiacol,guaiacol,NOTE,Guaiacol,LEVEL_A_DIRECT,A
Guao or Maiden Plum,guao or maiden plum,NOTE,Guao or Maiden Plum,LEVEL_A_DIRECT,A
Guarana,guarana,NOTE,Guarana,LEVEL_A_DIRECT,A
Guatemalan Cardamom,guatemalan cardamom,NOTE,Guatemalan Cardamom,LEVEL_A_DIRECT,A
Guava,guava,NOTE,Guava,LEVEL_A_DIRECT,A
Guava blossom,guava blossom,NOTE,Guava blossom,LEVEL_A_DIRECT,A
Guayacan,guayacan,NOTE,Guayacan,LEVEL_A_DIRECT,A
Guinea Pepper,guinea pepper,NOTE,Guinea Pepper,LEVEL_A_DIRECT,A
Gummy Candies,gummy candies,NOTE,Gummy Candies,LEVEL_A_DIRECT,A
Gun Smoke,gun smoke,NOTE,Gun Smoke,LEVEL_A_DIRECT,A
gunpowder,gunpowder,NOTE,gunpowder,LEVEL_A_DIRECT,A
Gurjan balsam,gurjan balsam,NOTE,Gurjan balsam,LEVEL_A_DIRECT,A
Gurjun Balsam,gurjun balsam,NOTE,Gurjun Balsam,LEVEL_A_DIRECT,A
Gustavia Flower,gustavia flower,NOTE,Gustavia Flower,LEVEL_A_DIRECT,A
Gyokuro Tea,gyokuro tea,NOTE,Gyokuro Tea,LEVEL_A_DIRECT,A
Génépi,génépi,NOTE,Génépi,LEVEL_A_DIRECT,A
Habanolide®,habanolide®,NOTE,Habanolide®,LEVEL_A_DIRECT,A
Hair Pomade,hair pomade,NOTE,Hair Pomade,LEVEL_A_DIRECT,A
Haitian Vetiver,haitian vetiver,NOTE,Haitian Vetiver,LEVEL_A_DIRECT,A
Halva,halva,NOTE,Halva,LEVEL_A_DIRECT,A
Ham,ham,NOTE,Ham,LEVEL_A_DIRECT,A
Hamanasu,hamanasu,NOTE,Hamanasu,LEVEL_A_DIRECT,A
Hamanasu or Japanese Rose,hamanasu or japanese rose,NOTE,Hamanasu or Japanese Rose,LEVEL_A_DIRECT,A
Hand Cream,hand cream,NOTE,Hand Cream,LEVEL_A_DIRECT,A
Hashish,hashish,NOTE,Hashish,LEVEL_A_DIRECT,A
hassaku,hassaku,NOTE,hassaku,LEVEL_A_DIRECT,A
Hat straw,hat straw,NOTE,Hat straw,LEVEL_A_DIRECT,A
Hatkora lemon,hatkora lemon,NOTE,Hatkora lemon,LEVEL_A_DIRECT,A
Hawaiian Fruits,hawaiian fruits,NOTE,Hawaiian Fruits,LEVEL_A_DIRECT,A
Hawaiian Jasmine,hawaiian jasmine,NOTE,Hawaiian Jasmine,LEVEL_A_DIRECT,A
Hawthorn,hawthorn,NOTE,Hawthorn,LEVEL_A_DIRECT,A
Hay,hay,NOTE,Hay,LEVEL_A_DIRECT,A
Hazel Bloosom,hazel bloosom,NOTE,Hazel Bloosom,LEVEL_A_DIRECT,A
Hazelnut,hazelnut,NOTE,Hazelnut,LEVEL_A_DIRECT,A
Hazelnut cocoa spread,hazelnut cocoa spread,NOTE,Hazelnut cocoa spread,LEVEL_A_DIRECT,A
Head Space Waterfall,head space waterfall,NOTE,Head Space Waterfall,LEVEL_A_DIRECT,A
Healingwood,healingwood,NOTE,Healingwood,LEVEL_A_DIRECT,A
Heated metal,heated metal,NOTE,Heated metal,LEVEL_A_DIRECT,A
heather,heather,NOTE,heather,LEVEL_A_DIRECT,A
Hedione,hedione,NOTE,Hedione,LEVEL_A_DIRECT,A
Heliotrope,heliotrope,NOTE,Heliotrope,LEVEL_A_DIRECT,A
Hellebore flower,hellebore flower,NOTE,Hellebore flower,LEVEL_A_DIRECT,A
Helvetolide,helvetolide,NOTE,Helvetolide,LEVEL_A_DIRECT,A
Hemlock,hemlock,NOTE,Hemlock,LEVEL_A_DIRECT,A
Henna,henna,NOTE,Henna,LEVEL_A_DIRECT,A
herbal,herbal,ACCORD,herbal,LEVEL_A_DIRECT,A
Herbal Notes,herbal notes,NOTE,Herbal Notes,LEVEL_A_DIRECT,A
Hexenyl Green,hexenyl green,NOTE,Hexenyl Green,LEVEL_A_DIRECT,A
Hexyl acetate,hexyl acetate,NOTE,Hexyl acetate,LEVEL_A_DIRECT,A
Hi-Fi,hi-fi,NOTE,Hi-Fi,LEVEL_A_DIRECT,A
Hiacynth,hiacynth,NOTE,Hiacynth,LEVEL_A_DIRECT,A
Hiba,hiba,NOTE,Hiba,LEVEL_A_DIRECT,A
Hibiscus,hibiscus,NOTE,Hibiscus,LEVEL_A_DIRECT,A
Hibiscus Blossom,hibiscus blossom,NOTE,Hibiscus Blossom,LEVEL_A_DIRECT,A
Hibiscus leaves,hibiscus leaves,NOTE,Hibiscus leaves,LEVEL_A_DIRECT,A
Hibiscus Seed,hibiscus seed,NOTE,Hibiscus Seed,LEVEL_A_DIRECT,A
Himalayan Cedar,himalayan cedar,NOTE,Himalayan Cedar,LEVEL_A_DIRECT,A
Himalayan Geranium,himalayan geranium,NOTE,Himalayan Geranium,LEVEL_A_DIRECT,A
Himalayan Poppy,himalayan poppy,NOTE,Himalayan Poppy,LEVEL_A_DIRECT,A
Hina,hina,NOTE,Hina,LEVEL_A_DIRECT,A
Hindinol,hindinol,NOTE,Hindinol,LEVEL_A_DIRECT,A
Hinoki,hinoki,NOTE,Hinoki,LEVEL_A_DIRECT,A
Hinoki incense,hinoki incense,NOTE,Hinoki incense,LEVEL_A_DIRECT,A
Hinoki Wood,hinoki wood,NOTE,Hinoki Wood,LEVEL_A_DIRECT,A
Hivernal®,hivernal®,NOTE,Hivernal®,LEVEL_A_DIRECT,A
Ho Wood,ho wood,NOTE,Ho Wood,LEVEL_A_DIRECT,A
Hoary Stock,hoary stock,NOTE,Hoary Stock,LEVEL_A_DIRECT,A
Hog Plum,hog plum,NOTE,Hog Plum,LEVEL_A_DIRECT,A
Holly,holly,NOTE,Holly,LEVEL_A_DIRECT,A
Holly Flower,holly flower,NOTE,Holly Flower,LEVEL_A_DIRECT,A
Hollyhock,hollyhock,NOTE,Hollyhock,LEVEL_A_DIRECT,A
Holy Water,holy water,NOTE,Holy Water,LEVEL_A_DIRECT,A
honey,honey,ACCORD,honey,LEVEL_A_DIRECT,A
Honey,honey,NOTE,Honey,LEVEL_A_DIRECT,A
Honeybush or Cyclopia,honeybush or cyclopia,NOTE,Honeybush or Cyclopia,LEVEL_A_DIRECT,A
Honeycomb,honeycomb,NOTE,Honeycomb,LEVEL_A_DIRECT,A
Honeydew Blossom,honeydew blossom,NOTE,Honeydew Blossom,LEVEL_A_DIRECT,A
Honeydew Melon,honeydew melon,NOTE,Honeydew Melon,LEVEL_A_DIRECT,A
Honeysuckle,honeysuckle,NOTE,Honeysuckle,LEVEL_A_DIRECT,A
Hookah,hookah,NOTE,Hookah,LEVEL_A_DIRECT,A
Hops,hops,NOTE,Hops,LEVEL_A_DIRECT,A
Horchata,horchata,NOTE,Horchata,LEVEL_A_DIRECT,A
Horse skin,horse skin,NOTE,Horse skin,LEVEL_A_DIRECT,A
Horsepower,horsepower,NOTE,Horsepower,LEVEL_A_DIRECT,A
Horseweed,horseweed,NOTE,Horseweed,LEVEL_A_DIRECT,A
Hortensia,hortensia,NOTE,Hortensia,LEVEL_A_DIRECT,A
Hot Chocolate,hot chocolate,NOTE,Hot Chocolate,LEVEL_A_DIRECT,A
hot iron,hot iron,ACCORD,hot iron,LEVEL_A_DIRECT,A
Hot iron,hot iron,NOTE,Hot iron,LEVEL_A_DIRECT,A
"Hoya carnosa, wax plant","hoya carnosa, wax plant",NOTE,"Hoya carnosa, wax plant",LEVEL_A_DIRECT,A
Huang Lian,huang lian,NOTE,Huang Lian,LEVEL_A_DIRECT,A
Hungarian oakmoss,hungarian oakmoss,NOTE,Hungarian oakmoss,LEVEL_A_DIRECT,A
Hyacinth,hyacinth,NOTE,Hyacinth,LEVEL_A_DIRECT,A
Hyraceum,hyraceum,NOTE,Hyraceum,LEVEL_A_DIRECT,A
Hyrax,hyrax,NOTE,Hyrax,LEVEL_A_DIRECT,A
Hyssop,hyssop,NOTE,Hyssop,LEVEL_A_DIRECT,A
Ice,ice,NOTE,Ice,LEVEL_A_DIRECT,A
Ice cream,ice cream,NOTE,Ice cream,LEVEL_A_DIRECT,A
Ice Wine,ice wine,NOTE,Ice Wine,LEVEL_A_DIRECT,A
Iced Lemon,iced lemon,NOTE,Iced Lemon,LEVEL_A_DIRECT,A
Iced Tea,iced tea,NOTE,Iced Tea,LEVEL_A_DIRECT,A
Icing pink,icing pink,NOTE,Icing pink,LEVEL_A_DIRECT,A
Immortelle,immortelle,NOTE,Immortelle,LEVEL_A_DIRECT,A
Impatiens,impatiens,NOTE,Impatiens,LEVEL_A_DIRECT,A
Incense,incense,NOTE,Incense,LEVEL_A_DIRECT,A
Incienso,incienso,NOTE,Incienso,LEVEL_A_DIRECT,A
Indian Ginger,indian ginger,NOTE,Indian Ginger,LEVEL_A_DIRECT,A
Indian Jasmine,indian jasmine,NOTE,Indian Jasmine,LEVEL_A_DIRECT,A
Indian Lotus,indian lotus,NOTE,Indian Lotus,LEVEL_A_DIRECT,A
Indian Mandarin,indian mandarin,NOTE,Indian Mandarin,LEVEL_A_DIRECT,A
Indian Mango,indian mango,NOTE,Indian Mango,LEVEL_A_DIRECT,A
Indian Mimosa,indian mimosa,NOTE,Indian Mimosa,LEVEL_A_DIRECT,A
Indian Oud,indian oud,NOTE,Indian Oud,LEVEL_A_DIRECT,A
Indian Patchouli,indian patchouli,NOTE,Indian Patchouli,LEVEL_A_DIRECT,A
Indian Pepper,indian pepper,NOTE,Indian Pepper,LEVEL_A_DIRECT,A
Indian Saffron,indian saffron,NOTE,Indian Saffron,LEVEL_A_DIRECT,A
Indian Sandalwood,indian sandalwood,NOTE,Indian Sandalwood,LEVEL_A_DIRECT,A
Indian Spices,indian spices,NOTE,Indian Spices,LEVEL_A_DIRECT,A
Indian Tea,indian tea,NOTE,Indian Tea,LEVEL_A_DIRECT,A
Indian Tuberose,indian tuberose,NOTE,Indian Tuberose,LEVEL_A_DIRECT,A
Indian Vanilla,indian vanilla,NOTE,Indian Vanilla,LEVEL_A_DIRECT,A
Indian White Pepper,indian white pepper,NOTE,Indian White Pepper,LEVEL_A_DIRECT,A
Indian woods,indian woods,NOTE,Indian woods,LEVEL_A_DIRECT,A
Indole,indole,NOTE,Indole,LEVEL_A_DIRECT,A
Indonesian Carnation,indonesian carnation,NOTE,Indonesian Carnation,LEVEL_A_DIRECT,A
Indonesian Jasmine,indonesian jasmine,NOTE,Indonesian Jasmine,LEVEL_A_DIRECT,A
Indonesian Myrrh,indonesian myrrh,NOTE,Indonesian Myrrh,LEVEL_A_DIRECT,A
Indonesian Nutmeg,indonesian nutmeg,NOTE,Indonesian Nutmeg,LEVEL_A_DIRECT,A
Indonesian Oud,indonesian oud,NOTE,Indonesian Oud,LEVEL_A_DIRECT,A
Indonesian Patchouli Leaf,indonesian patchouli leaf,NOTE,Indonesian Patchouli Leaf,LEVEL_A_DIRECT,A
Indonesian Pepper,indonesian pepper,NOTE,Indonesian Pepper,LEVEL_A_DIRECT,A
industrial glue,industrial glue,ACCORD,industrial glue,LEVEL_A_DIRECT,A
Industrial glue,industrial glue,NOTE,Industrial glue,LEVEL_A_DIRECT,A
Ink,ink,NOTE,Ink,LEVEL_A_DIRECT,A
Inkstick,inkstick,NOTE,Inkstick,LEVEL_A_DIRECT,A
Instant film accord,instant film accord,NOTE,Instant film accord,LEVEL_A_DIRECT,A
Inula,inula,NOTE,Inula,LEVEL_A_DIRECT,A
Iodine,iodine,NOTE,Iodine,LEVEL_A_DIRECT,A
Ionones,ionones,NOTE,Ionones,LEVEL_A_DIRECT,A
Iran Galbanum,iran galbanum,NOTE,Iran Galbanum,LEVEL_A_DIRECT,A
iris,iris,ACCORD,iris,LEVEL_A_DIRECT,A
Iris,iris,NOTE,Iris,LEVEL_A_DIRECT,A
Iris Butter,iris butter,NOTE,Iris Butter,LEVEL_A_DIRECT,A
Iris Flower,iris flower,NOTE,Iris Flower,LEVEL_A_DIRECT,A
Iris leaf,iris leaf,NOTE,Iris leaf,LEVEL_A_DIRECT,A
Iris Pallida,iris pallida,NOTE,Iris Pallida,LEVEL_A_DIRECT,A
Iris Petals,iris petals,NOTE,Iris Petals,LEVEL_A_DIRECT,A
Ironwood,ironwood,NOTE,Ironwood,LEVEL_A_DIRECT,A
Isabella Grape,isabella grape,NOTE,Isabella Grape,LEVEL_A_DIRECT,A
"Ishpink, Ocotea Quixos","ishpink, ocotea quixos",NOTE,"Ishpink, Ocotea Quixos",LEVEL_A_DIRECT,A
Island Musk,island musk,NOTE,Island Musk,LEVEL_A_DIRECT,A
Iso E Super,iso e super,NOTE,Iso E Super,LEVEL_A_DIRECT,A
Isobutyl Quinoline,isobutyl quinoline,NOTE,Isobutyl Quinoline,LEVEL_A_DIRECT,A
Israeli Basil,israeli basil,NOTE,Israeli Basil,LEVEL_A_DIRECT,A
Italian Cypress,italian cypress,NOTE,Italian Cypress,LEVEL_A_DIRECT,A
Italian Iris,italian iris,NOTE,Italian Iris,LEVEL_A_DIRECT,A
Italian Jasmine,italian jasmine,NOTE,Italian Jasmine,LEVEL_A_DIRECT,A
Italian Lemon,italian lemon,NOTE,Italian Lemon,LEVEL_A_DIRECT,A
Italian Mandarin,italian mandarin,NOTE,Italian Mandarin,LEVEL_A_DIRECT,A
Italian Melon,italian melon,NOTE,Italian Melon,LEVEL_A_DIRECT,A
Italian Orange,italian orange,NOTE,Italian Orange,LEVEL_A_DIRECT,A
Italian Orris Root,italian orris root,NOTE,Italian Orris Root,LEVEL_A_DIRECT,A
Italian Tangerine,italian tangerine,NOTE,Italian Tangerine,LEVEL_A_DIRECT,A
Italian Violet,italian violet,NOTE,Italian Violet,LEVEL_A_DIRECT,A
Ivy,ivy,NOTE,Ivy,LEVEL_A_DIRECT,A
Jabuticaba,jabuticaba,NOTE,Jabuticaba,LEVEL_A_DIRECT,A
Jacaranda,jacaranda,NOTE,Jacaranda,LEVEL_A_DIRECT,A
Jackfruit,jackfruit,NOTE,Jackfruit,LEVEL_A_DIRECT,A
Jade Flower,jade flower,NOTE,Jade Flower,LEVEL_A_DIRECT,A
Jambu,jambu,NOTE,Jambu,LEVEL_A_DIRECT,A
Japanese Bamboo Leaf,japanese bamboo leaf,NOTE,Japanese Bamboo Leaf,LEVEL_A_DIRECT,A
Japanese Cherry Blossom,japanese cherry blossom,NOTE,Japanese Cherry Blossom,LEVEL_A_DIRECT,A
Japanese Citruses,japanese citruses,NOTE,Japanese Citruses,LEVEL_A_DIRECT,A
Japanese Cypress,japanese cypress,NOTE,Japanese Cypress,LEVEL_A_DIRECT,A
Japanese Gardenia,japanese gardenia,NOTE,Japanese Gardenia,LEVEL_A_DIRECT,A
Japanese Green Tea,japanese green tea,NOTE,Japanese Green Tea,LEVEL_A_DIRECT,A
Japanese Incense,japanese incense,NOTE,Japanese Incense,LEVEL_A_DIRECT,A
Japanese Lemon,japanese lemon,NOTE,Japanese Lemon,LEVEL_A_DIRECT,A
Japanese Loquat,japanese loquat,NOTE,Japanese Loquat,LEVEL_A_DIRECT,A
Japanese Orange,japanese orange,NOTE,Japanese Orange,LEVEL_A_DIRECT,A
Japanese Orchid,japanese orchid,NOTE,Japanese Orchid,LEVEL_A_DIRECT,A
Japanese Osmanthus,japanese osmanthus,NOTE,Japanese Osmanthus,LEVEL_A_DIRECT,A
Japanese pepper,japanese pepper,NOTE,Japanese pepper,LEVEL_A_DIRECT,A
Japanese Pink Lotus,japanese pink lotus,NOTE,Japanese Pink Lotus,LEVEL_A_DIRECT,A
Japanese Plum,japanese plum,NOTE,Japanese Plum,LEVEL_A_DIRECT,A
Jarana Flower,jarana flower,NOTE,Jarana Flower,LEVEL_A_DIRECT,A
Jasmine,jasmine,NOTE,Jasmine,LEVEL_A_DIRECT,A
Jasmine Leaf,jasmine leaf,NOTE,Jasmine Leaf,LEVEL_A_DIRECT,A
Jasmine Orchid,jasmine orchid,NOTE,Jasmine Orchid,LEVEL_A_DIRECT,A
Jasmine Sambac,jasmine sambac,NOTE,Jasmine Sambac,LEVEL_A_DIRECT,A
Jasmine Tea,jasmine tea,NOTE,Jasmine Tea,LEVEL_A_DIRECT,A
Jasmolactone,jasmolactone,NOTE,Jasmolactone,LEVEL_A_DIRECT,A
Jasmone,jasmone,NOTE,Jasmone,LEVEL_A_DIRECT,A
Jatamansi or Spikenard,jatamansi or spikenard,NOTE,Jatamansi or Spikenard,LEVEL_A_DIRECT,A
Java vetiver oil,java vetiver oil,NOTE,Java vetiver oil,LEVEL_A_DIRECT,A
Javanol,javanol,NOTE,Javanol,LEVEL_A_DIRECT,A
Jeans,jeans,NOTE,Jeans,LEVEL_A_DIRECT,A
Jelly,jelly,NOTE,Jelly,LEVEL_A_DIRECT,A
Jellybean,jellybean,NOTE,Jellybean,LEVEL_A_DIRECT,A
Jin Xuan tea leaves,jin xuan tea leaves,NOTE,Jin Xuan tea leaves,LEVEL_A_DIRECT,A
Jiuniang (Sweet Fermented Rice Wine),jiuniang (sweet fermented rice wine),NOTE,Jiuniang (Sweet Fermented Rice Wine),LEVEL_A_DIRECT,A
Jobs tears (Yi Yi Ren),jobs tears (yi yi ren),NOTE,Jobs tears (Yi Yi Ren),LEVEL_A_DIRECT,A
Jojoba,jojoba,NOTE,Jojoba,LEVEL_A_DIRECT,A
Jonquille,jonquille,NOTE,Jonquille,LEVEL_A_DIRECT,A
Juicy Apricot,juicy apricot,NOTE,Juicy Apricot,LEVEL_A_DIRECT,A
Jujube,jujube,NOTE,Jujube,LEVEL_A_DIRECT,A
Jujube Blossom,jujube blossom,NOTE,Jujube Blossom,LEVEL_A_DIRECT,A
Juniper,juniper,NOTE,Juniper,LEVEL_A_DIRECT,A
Juniper Berries,juniper berries,NOTE,Juniper Berries,LEVEL_A_DIRECT,A
juniper berry,juniper berry,NOTE,juniper berry,LEVEL_A_DIRECT,A
Kabosu,kabosu,NOTE,Kabosu,LEVEL_A_DIRECT,A
Kadam,kadam,NOTE,Kadam,LEVEL_A_DIRECT,A
Kaempferia Galanga,kaempferia galanga,NOTE,Kaempferia Galanga,LEVEL_A_DIRECT,A
Kaffir Lime,kaffir lime,NOTE,Kaffir Lime,LEVEL_A_DIRECT,A
Kangaroo Paw,kangaroo paw,NOTE,Kangaroo Paw,LEVEL_A_DIRECT,A
Kanuka,kanuka,NOTE,Kanuka,LEVEL_A_DIRECT,A
Karmaflor®,karmaflor®,NOTE,Karmaflor®,LEVEL_A_DIRECT,A
Karo Karounde,karo karounde,NOTE,Karo Karounde,LEVEL_A_DIRECT,A
Karo-Korund,karo-korund,NOTE,Karo-Korund,LEVEL_A_DIRECT,A
Kashmir wood,kashmir wood,NOTE,Kashmir wood,LEVEL_A_DIRECT,A
Katrafay,katrafay,NOTE,Katrafay,LEVEL_A_DIRECT,A
Katsura leaf,katsura leaf,NOTE,Katsura leaf,LEVEL_A_DIRECT,A
Kava Drink,kava drink,NOTE,Kava Drink,LEVEL_A_DIRECT,A
Keemun Tea,keemun tea,NOTE,Keemun Tea,LEVEL_A_DIRECT,A
Kenya Rosewood,kenya rosewood,NOTE,Kenya Rosewood,LEVEL_A_DIRECT,A
Kephalis,kephalis,NOTE,Kephalis,LEVEL_A_DIRECT,A
Kewra,kewra,NOTE,Kewra,LEVEL_A_DIRECT,A
Khella,khella,NOTE,Khella,LEVEL_A_DIRECT,A
Kir Royal,kir royal,NOTE,Kir Royal,LEVEL_A_DIRECT,A
Kiwi,kiwi,NOTE,Kiwi,LEVEL_A_DIRECT,A
Kiwi Flower,kiwi flower,NOTE,Kiwi Flower,LEVEL_A_DIRECT,A
Kiwi Jam,kiwi jam,NOTE,Kiwi Jam,LEVEL_A_DIRECT,A
Knafeh,knafeh,NOTE,Knafeh,LEVEL_A_DIRECT,A
Kombucha,kombucha,NOTE,Kombucha,LEVEL_A_DIRECT,A
Kopi Luwak Coffee,kopi luwak coffee,NOTE,Kopi Luwak Coffee,LEVEL_A_DIRECT,A
Kowhai,kowhai,NOTE,Kowhai,LEVEL_A_DIRECT,A
Kudzu,kudzu,NOTE,Kudzu,LEVEL_A_DIRECT,A
Kulfi,kulfi,NOTE,Kulfi,LEVEL_A_DIRECT,A
Kumbaru,kumbaru,NOTE,Kumbaru,LEVEL_A_DIRECT,A
Kumquat,kumquat,NOTE,Kumquat,LEVEL_A_DIRECT,A
Kunafa,kunafa,NOTE,Kunafa,LEVEL_A_DIRECT,A
Kunzea,kunzea,NOTE,Kunzea,LEVEL_A_DIRECT,A
Kyara Incense,kyara incense,NOTE,Kyara Incense,LEVEL_A_DIRECT,A
Kyara wood,kyara wood,NOTE,Kyara wood,LEVEL_A_DIRECT,A
Kyoto Rose petals,kyoto rose petals,NOTE,Kyoto Rose petals,LEVEL_A_DIRECT,A
Kyphi,kyphi,NOTE,Kyphi,LEVEL_A_DIRECT,A
Labdanum,labdanum,NOTE,Labdanum,LEVEL_A_DIRECT,A
Laburnum,laburnum,NOTE,Laburnum,LEVEL_A_DIRECT,A
Lace,lace,NOTE,Lace,LEVEL_A_DIRECT,A
Lacquered Wood,lacquered wood,NOTE,Lacquered Wood,LEVEL_A_DIRECT,A
Lactones,lactones,NOTE,Lactones,LEVEL_A_DIRECT,A
lactonic,lactonic,ACCORD,lactonic,LEVEL_A_DIRECT,A
Lady of the Night Flower,lady of the night flower,NOTE,Lady of the Night Flower,LEVEL_A_DIRECT,A
Lady Slipper Orchid,lady slipper orchid,NOTE,Lady Slipper Orchid,LEVEL_A_DIRECT,A
Lamduan Flower,lamduan flower,NOTE,Lamduan Flower,LEVEL_A_DIRECT,A
Laminaria,laminaria,NOTE,Laminaria,LEVEL_A_DIRECT,A
Lamprocapnos,lamprocapnos,NOTE,Lamprocapnos,LEVEL_A_DIRECT,A
Lantana,lantana,NOTE,Lantana,LEVEL_A_DIRECT,A
Lantana leaves,lantana leaves,NOTE,Lantana leaves,LEVEL_A_DIRECT,A
Laotian Oud,laotian oud,NOTE,Laotian Oud,LEVEL_A_DIRECT,A
Lapsang Souchong Tea,lapsang souchong tea,NOTE,Lapsang Souchong Tea,LEVEL_A_DIRECT,A
Larch,larch,NOTE,Larch,LEVEL_A_DIRECT,A
Larkspur,larkspur,NOTE,Larkspur,LEVEL_A_DIRECT,A
latex,latex,NOTE,latex,LEVEL_A_DIRECT,A
Laurel Blossom,laurel blossom,NOTE,Laurel Blossom,LEVEL_A_DIRECT,A
Laurels,laurels,NOTE,Laurels,LEVEL_A_DIRECT,A
Laurissilva Forest,laurissilva forest,NOTE,Laurissilva Forest,LEVEL_A_DIRECT,A
Lava,lava,NOTE,Lava,LEVEL_A_DIRECT,A
lavender,lavender,ACCORD,lavender,LEVEL_A_DIRECT,A
Lavender,lavender,NOTE,Lavender,LEVEL_A_DIRECT,A
Lavender Extract,lavender extract,NOTE,Lavender Extract,LEVEL_A_DIRECT,A
leather,leather,ACCORD,leather,LEVEL_A_DIRECT,A
Leather,leather,NOTE,Leather,LEVEL_A_DIRECT,A
Leatherwood,leatherwood,NOTE,Leatherwood,LEVEL_A_DIRECT,A
Ledum,ledum,NOTE,Ledum,LEVEL_A_DIRECT,A
Lemon,lemon,NOTE,Lemon,LEVEL_A_DIRECT,A
Lemon Balm,lemon balm,NOTE,Lemon Balm,LEVEL_A_DIRECT,A
Lemon Blossom,lemon blossom,NOTE,Lemon Blossom,LEVEL_A_DIRECT,A
Lemon Leaf,lemon leaf,NOTE,Lemon Leaf,LEVEL_A_DIRECT,A
Lemon Leaf Oil,lemon leaf oil,NOTE,Lemon Leaf Oil,LEVEL_A_DIRECT,A
Lemon Meringue Pie,lemon meringue pie,NOTE,Lemon Meringue Pie,LEVEL_A_DIRECT,A
Lemon Myrtle,lemon myrtle,NOTE,Lemon Myrtle,LEVEL_A_DIRECT,A
Lemon Peel,lemon peel,NOTE,Lemon Peel,LEVEL_A_DIRECT,A
Lemon Pie,lemon pie,NOTE,Lemon Pie,LEVEL_A_DIRECT,A
Lemon Soda,lemon soda,NOTE,Lemon Soda,LEVEL_A_DIRECT,A
Lemon Tree,lemon tree,NOTE,Lemon Tree,LEVEL_A_DIRECT,A
Lemon Verbena,lemon verbena,NOTE,Lemon Verbena,LEVEL_A_DIRECT,A
Lemon Zest,lemon zest,NOTE,Lemon Zest,LEVEL_A_DIRECT,A
Lemonade,lemonade,NOTE,Lemonade,LEVEL_A_DIRECT,A
Lemongrass,lemongrass,NOTE,Lemongrass,LEVEL_A_DIRECT,A
Lesser Calamint,lesser calamint,NOTE,Lesser Calamint,LEVEL_A_DIRECT,A
Lettuce,lettuce,NOTE,Lettuce,LEVEL_A_DIRECT,A
Liatris,liatris,NOTE,Liatris,LEVEL_A_DIRECT,A
Liatrix,liatrix,NOTE,Liatrix,LEVEL_A_DIRECT,A
Lichen,lichen,NOTE,Lichen,LEVEL_A_DIRECT,A
Licorice,licorice,NOTE,Licorice,LEVEL_A_DIRECT,A
Licorice Flower,licorice flower,NOTE,Licorice Flower,LEVEL_A_DIRECT,A
Light Amber,light amber,NOTE,Light Amber,LEVEL_A_DIRECT,A
Lilac,lilac,NOTE,Lilac,LEVEL_A_DIRECT,A
Lillac,lillac,NOTE,Lillac,LEVEL_A_DIRECT,A
Lily,lily,NOTE,Lily,LEVEL_A_DIRECT,A
Lily of the Valley,lily of the valley,NOTE,Lily of the Valley,LEVEL_A_DIRECT,A
Lily Of the Valley Leaves,lily of the valley leaves,NOTE,Lily Of the Valley Leaves,LEVEL_A_DIRECT,A
Lily-of-the-Valley,lily-of-the-valley,NOTE,Lily-of-the-Valley,LEVEL_A_DIRECT,A
Lilybelle®,lilybelle®,NOTE,Lilybelle®,LEVEL_A_DIRECT,A
Lime,lime,NOTE,Lime,LEVEL_A_DIRECT,A
Lime (Linden Blossom),lime (linden blossom),NOTE,Lime (Linden Blossom),LEVEL_A_DIRECT,A
Lime (Linden) Blossom,lime (linden) blossom,NOTE,Lime (Linden) Blossom,LEVEL_A_DIRECT,A
Lime Blossom,lime blossom,NOTE,Lime Blossom,LEVEL_A_DIRECT,A
Lime peel,lime peel,NOTE,Lime peel,LEVEL_A_DIRECT,A
Limetta,limetta,NOTE,Limetta,LEVEL_A_DIRECT,A
Limewood,limewood,NOTE,Limewood,LEVEL_A_DIRECT,A
Limnophila aromatica,limnophila aromatica,NOTE,Limnophila aromatica,LEVEL_A_DIRECT,A
Limoncello,limoncello,NOTE,Limoncello,LEVEL_A_DIRECT,A
Linaloe berry,linaloe berry,NOTE,Linaloe berry,LEVEL_A_DIRECT,A
Linden Blossom,linden blossom,NOTE,Linden Blossom,LEVEL_A_DIRECT,A
Linen,linen,NOTE,Linen,LEVEL_A_DIRECT,A
Lingonberry,lingonberry,NOTE,Lingonberry,LEVEL_A_DIRECT,A
Lip gloss,lip gloss,NOTE,Lip gloss,LEVEL_A_DIRECT,A
Lipstick,lipstick,NOTE,Lipstick,LEVEL_A_DIRECT,A
Liquidambar,liquidambar,NOTE,Liquidambar,LEVEL_A_DIRECT,A
Liquor,liquor,NOTE,Liquor,LEVEL_A_DIRECT,A
Lishan Tea,lishan tea,NOTE,Lishan Tea,LEVEL_A_DIRECT,A
Litchi,litchi,NOTE,Litchi,LEVEL_A_DIRECT,A
Litchi Blossom,litchi blossom,NOTE,Litchi Blossom,LEVEL_A_DIRECT,A
Litsea Cubeba,litsea cubeba,NOTE,Litsea Cubeba,LEVEL_A_DIRECT,A
Little Doll Strawberry,little doll strawberry,NOTE,Little Doll Strawberry,LEVEL_A_DIRECT,A
Liv Tyler Rose,liv tyler rose,NOTE,Liv Tyler Rose,LEVEL_A_DIRECT,A
Loam,loam,NOTE,Loam,LEVEL_A_DIRECT,A
Loganberry,loganberry,NOTE,Loganberry,LEVEL_A_DIRECT,A
Lollipop,lollipop,NOTE,Lollipop,LEVEL_A_DIRECT,A
Longan Berries,longan berries,NOTE,Longan Berries,LEVEL_A_DIRECT,A
Longjing tea,longjing tea,NOTE,Longjing tea,LEVEL_A_DIRECT,A
Longoza,longoza,NOTE,Longoza,LEVEL_A_DIRECT,A
Lorenox,lorenox,NOTE,Lorenox,LEVEL_A_DIRECT,A
Lotus,lotus,NOTE,Lotus,LEVEL_A_DIRECT,A
Lotus Leaf,lotus leaf,NOTE,Lotus Leaf,LEVEL_A_DIRECT,A
Lotus Petals,lotus petals,NOTE,Lotus Petals,LEVEL_A_DIRECT,A
Lotus Seed,lotus seed,NOTE,Lotus Seed,LEVEL_A_DIRECT,A
Loukhoum,loukhoum,NOTE,Loukhoum,LEVEL_A_DIRECT,A
Lovage Root,lovage root,NOTE,Lovage Root,LEVEL_A_DIRECT,A
Lucuma,lucuma,NOTE,Lucuma,LEVEL_A_DIRECT,A
Lupin,lupin,NOTE,Lupin,LEVEL_A_DIRECT,A
Lychee,lychee,NOTE,Lychee,LEVEL_A_DIRECT,A
Lydia Broom,lydia broom,NOTE,Lydia Broom,LEVEL_A_DIRECT,A
Lysylang,lysylang,NOTE,Lysylang,LEVEL_A_DIRECT,A
Ma-Kwaen,ma-kwaen,NOTE,Ma-Kwaen,LEVEL_A_DIRECT,A
Macadamia,macadamia,NOTE,Macadamia,LEVEL_A_DIRECT,A
Macadamia Flower,macadamia flower,NOTE,Macadamia Flower,LEVEL_A_DIRECT,A
Macarons,macarons,NOTE,Macarons,LEVEL_A_DIRECT,A
Macchiato,macchiato,NOTE,Macchiato,LEVEL_A_DIRECT,A
Mace,mace,NOTE,Mace,LEVEL_A_DIRECT,A
Madagascar Cloves,madagascar cloves,NOTE,Madagascar Cloves,LEVEL_A_DIRECT,A
Madagascar Pepper,madagascar pepper,NOTE,Madagascar Pepper,LEVEL_A_DIRECT,A
Madagascar Sandalwood,madagascar sandalwood,NOTE,Madagascar Sandalwood,LEVEL_A_DIRECT,A
Madagascar Vanilla,madagascar vanilla,NOTE,Madagascar Vanilla,LEVEL_A_DIRECT,A
Madagascar Vetiver,madagascar vetiver,NOTE,Madagascar Vetiver,LEVEL_A_DIRECT,A
Madagascar Ylang-Ylang,madagascar ylang-ylang,NOTE,Madagascar Ylang-Ylang,LEVEL_A_DIRECT,A
Madeira,madeira,NOTE,Madeira,LEVEL_A_DIRECT,A
Madeleine,madeleine,NOTE,Madeleine,LEVEL_A_DIRECT,A
Madonna Lily,madonna lily,NOTE,Madonna Lily,LEVEL_A_DIRECT,A
Magnolan,magnolan,NOTE,Magnolan,LEVEL_A_DIRECT,A
Magnolia,magnolia,NOTE,Magnolia,LEVEL_A_DIRECT,A
Magnolia brooklynensis,magnolia brooklynensis,NOTE,Magnolia brooklynensis,LEVEL_A_DIRECT,A
Magnolia Leaf,magnolia leaf,NOTE,Magnolia Leaf,LEVEL_A_DIRECT,A
Magnolia Petals,magnolia petals,NOTE,Magnolia Petals,LEVEL_A_DIRECT,A
Mahogany,mahogany,NOTE,Mahogany,LEVEL_A_DIRECT,A
Mahoganywood,mahoganywood,NOTE,Mahoganywood,LEVEL_A_DIRECT,A
Mahonia,mahonia,NOTE,Mahonia,LEVEL_A_DIRECT,A
Mahonial,mahonial,NOTE,Mahonial,LEVEL_A_DIRECT,A
Mai Tai Cocktail,mai tai cocktail,NOTE,Mai Tai Cocktail,LEVEL_A_DIRECT,A
Malaysian Oud,malaysian oud,NOTE,Malaysian Oud,LEVEL_A_DIRECT,A
Malt,malt,NOTE,Malt,LEVEL_A_DIRECT,A
Maltol,maltol,NOTE,Maltol,LEVEL_A_DIRECT,A
Malva,malva,NOTE,Malva,LEVEL_A_DIRECT,A
Mamey,mamey,NOTE,Mamey,LEVEL_A_DIRECT,A
Mandarin,mandarin,NOTE,Mandarin,LEVEL_A_DIRECT,A
Mandarin Blossom,mandarin blossom,NOTE,Mandarin Blossom,LEVEL_A_DIRECT,A
Mandarin Leaf,mandarin leaf,NOTE,Mandarin Leaf,LEVEL_A_DIRECT,A
Mandarin Orange,mandarin orange,NOTE,Mandarin Orange,LEVEL_A_DIRECT,A
Mandarin Orange Blossom,mandarin orange blossom,NOTE,Mandarin Orange Blossom,LEVEL_A_DIRECT,A
Mandora,mandora,NOTE,Mandora,LEVEL_A_DIRECT,A
Mandrake,mandrake,NOTE,Mandrake,LEVEL_A_DIRECT,A
Mango,mango,NOTE,Mango,LEVEL_A_DIRECT,A
Mango Blossom,mango blossom,NOTE,Mango Blossom,LEVEL_A_DIRECT,A
Mango Tree,mango tree,NOTE,Mango Tree,LEVEL_A_DIRECT,A
Mangosteen,mangosteen,NOTE,Mangosteen,LEVEL_A_DIRECT,A
Mangosteen blossom,mangosteen blossom,NOTE,Mangosteen blossom,LEVEL_A_DIRECT,A
Mangrove Wood,mangrove wood,NOTE,Mangrove Wood,LEVEL_A_DIRECT,A
Maninka,maninka,NOTE,Maninka,LEVEL_A_DIRECT,A
Manuka,manuka,NOTE,Manuka,LEVEL_A_DIRECT,A
Maple,maple,NOTE,Maple,LEVEL_A_DIRECT,A
Maple syrup,maple syrup,NOTE,Maple syrup,LEVEL_A_DIRECT,A
Maqui Berry,maqui berry,NOTE,Maqui Berry,LEVEL_A_DIRECT,A
Maraschino Cherry,maraschino cherry,NOTE,Maraschino Cherry,LEVEL_A_DIRECT,A
Marble,marble,NOTE,Marble,LEVEL_A_DIRECT,A
Margarita,margarita,NOTE,Margarita,LEVEL_A_DIRECT,A
Marian Plum,marian plum,NOTE,Marian Plum,LEVEL_A_DIRECT,A
Marigold,marigold,NOTE,Marigold,LEVEL_A_DIRECT,A
marine,marine,ACCORD,marine,LEVEL_A_DIRECT,A
Marine notes,marine notes,NOTE,Marine notes,LEVEL_A_DIRECT,A
Mariposa Lily,mariposa lily,NOTE,Mariposa Lily,LEVEL_A_DIRECT,A
Marjoram,marjoram,NOTE,Marjoram,LEVEL_A_DIRECT,A
Marmalade,marmalade,NOTE,Marmalade,LEVEL_A_DIRECT,A
Marron glace,marron glace,NOTE,Marron glace,LEVEL_A_DIRECT,A
Marshamallow,marshamallow,NOTE,Marshamallow,LEVEL_A_DIRECT,A
Marshmallow,marshmallow,NOTE,Marshmallow,LEVEL_A_DIRECT,A
Martini,martini,NOTE,Martini,LEVEL_A_DIRECT,A
Marzipan,marzipan,NOTE,Marzipan,LEVEL_A_DIRECT,A
Masala Chai,masala chai,NOTE,Masala Chai,LEVEL_A_DIRECT,A
Mascarpone Cheese,mascarpone cheese,NOTE,Mascarpone Cheese,LEVEL_A_DIRECT,A
Massioa,massioa,NOTE,Massioa,LEVEL_A_DIRECT,A
Massoia,massoia,NOTE,Massoia,LEVEL_A_DIRECT,A
Massoia Wood,massoia wood,NOTE,Massoia Wood,LEVEL_A_DIRECT,A
Mastic or Lentisque,mastic or lentisque,NOTE,Mastic or Lentisque,LEVEL_A_DIRECT,A
Matcha Tea,matcha tea,NOTE,Matcha Tea,LEVEL_A_DIRECT,A
Mate,mate,NOTE,Mate,LEVEL_A_DIRECT,A
May Rose,may rose,NOTE,May Rose,LEVEL_A_DIRECT,A
Mayflower,mayflower,NOTE,Mayflower,LEVEL_A_DIRECT,A
Mayonnaise Accord,mayonnaise accord,NOTE,Mayonnaise Accord,LEVEL_A_DIRECT,A
Me bsangs,me bsangs,NOTE,Me bsangs,LEVEL_A_DIRECT,A
Meadowsweet,meadowsweet,NOTE,Meadowsweet,LEVEL_A_DIRECT,A
meat,meat,ACCORD,meat,LEVEL_A_DIRECT,A
Meat,meat,NOTE,Meat,LEVEL_A_DIRECT,A
Medlar,medlar,NOTE,Medlar,LEVEL_A_DIRECT,A
Melati,melati,NOTE,Melati,LEVEL_A_DIRECT,A
MELBATONE Melbaton,melbatone melbaton,NOTE,MELBATONE Melbaton,LEVEL_A_DIRECT,A
Melilot or Sweet Clover,melilot or sweet clover,NOTE,Melilot or Sweet Clover,LEVEL_A_DIRECT,A
Melilotus,melilotus,NOTE,Melilotus,LEVEL_A_DIRECT,A
Melissa Flower,melissa flower,NOTE,Melissa Flower,LEVEL_A_DIRECT,A
Melon,melon,NOTE,Melon,LEVEL_A_DIRECT,A
Melonal,melonal,NOTE,Melonal,LEVEL_A_DIRECT,A
Menthol,menthol,NOTE,Menthol,LEVEL_A_DIRECT,A
Meringue,meringue,NOTE,Meringue,LEVEL_A_DIRECT,A
Mesquite,mesquite,NOTE,Mesquite,LEVEL_A_DIRECT,A
Mesquite Wood,mesquite wood,NOTE,Mesquite Wood,LEVEL_A_DIRECT,A
metallic,metallic,ACCORD,metallic,LEVEL_A_DIRECT,A
Metallic notes,metallic notes,NOTE,Metallic notes,LEVEL_A_DIRECT,A
Methyl Pamplemousse,methyl pamplemousse,NOTE,Methyl Pamplemousse,LEVEL_A_DIRECT,A
Mexican chocolate,mexican chocolate,NOTE,Mexican chocolate,LEVEL_A_DIRECT,A
Mexican Vanilla,mexican vanilla,NOTE,Mexican Vanilla,LEVEL_A_DIRECT,A
Mezcal,mezcal,NOTE,Mezcal,LEVEL_A_DIRECT,A
Michelia,michelia,NOTE,Michelia,LEVEL_A_DIRECT,A
Michelia leaf,michelia leaf,NOTE,Michelia leaf,LEVEL_A_DIRECT,A
Midori,midori,NOTE,Midori,LEVEL_A_DIRECT,A
Mignonette,mignonette,NOTE,Mignonette,LEVEL_A_DIRECT,A
Milk,milk,NOTE,Milk,LEVEL_A_DIRECT,A
Milk Candy,milk candy,NOTE,Milk Candy,LEVEL_A_DIRECT,A
Milk Chocolate,milk chocolate,NOTE,Milk Chocolate,LEVEL_A_DIRECT,A
Milk Cream,milk cream,NOTE,Milk Cream,LEVEL_A_DIRECT,A
Milk Mousse,milk mousse,NOTE,Milk Mousse,LEVEL_A_DIRECT,A
Milkshake,milkshake,NOTE,Milkshake,LEVEL_A_DIRECT,A
Milkweeds,milkweeds,NOTE,Milkweeds,LEVEL_A_DIRECT,A
milky,milky,ACCORD,milky,LEVEL_A_DIRECT,A
Milky Coffee,milky coffee,NOTE,Milky Coffee,LEVEL_A_DIRECT,A
Millet,millet,NOTE,Millet,LEVEL_A_DIRECT,A
Mimosa,mimosa,NOTE,Mimosa,LEVEL_A_DIRECT,A
Mimosa absolute,mimosa absolute,NOTE,Mimosa absolute,LEVEL_A_DIRECT,A
Mimosa leaves,mimosa leaves,NOTE,Mimosa leaves,LEVEL_A_DIRECT,A
Mimosa Petals,mimosa petals,NOTE,Mimosa Petals,LEVEL_A_DIRECT,A
Mimusops elengi,mimusops elengi,NOTE,Mimusops elengi,LEVEL_A_DIRECT,A
mineral,mineral,ACCORD,mineral,LEVEL_A_DIRECT,A
Mineral notes,mineral notes,NOTE,Mineral notes,LEVEL_A_DIRECT,A
Mint,mint,NOTE,Mint,LEVEL_A_DIRECT,A
Mint Tea,mint tea,NOTE,Mint Tea,LEVEL_A_DIRECT,A
Mirabella Plum,mirabella plum,NOTE,Mirabella Plum,LEVEL_A_DIRECT,A
Mirabelle,mirabelle,NOTE,Mirabelle,LEVEL_A_DIRECT,A
Mirabelle Plum,mirabelle plum,NOTE,Mirabelle Plum,LEVEL_A_DIRECT,A
Mirabilis,mirabilis,NOTE,Mirabilis,LEVEL_A_DIRECT,A
Miracle berry,miracle berry,NOTE,Miracle berry,LEVEL_A_DIRECT,A
Mistletoe,mistletoe,NOTE,Mistletoe,LEVEL_A_DIRECT,A
Miswak,miswak,NOTE,Miswak,LEVEL_A_DIRECT,A
Mitti Attar,mitti attar,NOTE,Mitti Attar,LEVEL_A_DIRECT,A
Mocha,mocha,NOTE,Mocha,LEVEL_A_DIRECT,A
Mochi,mochi,NOTE,Mochi,LEVEL_A_DIRECT,A
Mock Orange,mock orange,NOTE,Mock Orange,LEVEL_A_DIRECT,A
Moepel accord,moepel accord,NOTE,Moepel accord,LEVEL_A_DIRECT,A
Mojito,mojito,NOTE,Mojito,LEVEL_A_DIRECT,A
Molasses,molasses,NOTE,Molasses,LEVEL_A_DIRECT,A
Monarda,monarda,NOTE,Monarda,LEVEL_A_DIRECT,A
Money,money,NOTE,Money,LEVEL_A_DIRECT,A
Monoi Oil,monoi oil,NOTE,Monoi Oil,LEVEL_A_DIRECT,A
Moon Flower,moon flower,NOTE,Moon Flower,LEVEL_A_DIRECT,A
Moonshine,moonshine,NOTE,Moonshine,LEVEL_A_DIRECT,A
Mopane,mopane,NOTE,Mopane,LEVEL_A_DIRECT,A
Moringa Blossom,moringa blossom,NOTE,Moringa Blossom,LEVEL_A_DIRECT,A
Morning Glory Flower,morning glory flower,NOTE,Morning Glory Flower,LEVEL_A_DIRECT,A
Moroccan and Indian Jasmine,moroccan and indian jasmine,NOTE,Moroccan and Indian Jasmine,LEVEL_A_DIRECT,A
Moroccan Cedar,moroccan cedar,NOTE,Moroccan Cedar,LEVEL_A_DIRECT,A
Moroccan Incense,moroccan incense,NOTE,Moroccan Incense,LEVEL_A_DIRECT,A
Moroccan Jasmine,moroccan jasmine,NOTE,Moroccan Jasmine,LEVEL_A_DIRECT,A
Moroccan Lemon,moroccan lemon,NOTE,Moroccan Lemon,LEVEL_A_DIRECT,A
Moroccan Mimosa,moroccan mimosa,NOTE,Moroccan Mimosa,LEVEL_A_DIRECT,A
Moroccan Rose,moroccan rose,NOTE,Moroccan Rose,LEVEL_A_DIRECT,A
Moscow Mule,moscow mule,NOTE,Moscow Mule,LEVEL_A_DIRECT,A
Moss,moss,NOTE,Moss,LEVEL_A_DIRECT,A
Moss flox,moss flox,NOTE,Moss flox,LEVEL_A_DIRECT,A
mossy,mossy,ACCORD,mossy,LEVEL_A_DIRECT,A
Motor Oil,motor oil,NOTE,Motor Oil,LEVEL_A_DIRECT,A
Mountain Air,mountain air,NOTE,Mountain Air,LEVEL_A_DIRECT,A
Mousse de Saxe,mousse de saxe,NOTE,Mousse de Saxe,LEVEL_A_DIRECT,A
Moxalone,moxalone,NOTE,Moxalone,LEVEL_A_DIRECT,A
Mud,mud,NOTE,Mud,LEVEL_A_DIRECT,A
Mugane,mugane,NOTE,Mugane,LEVEL_A_DIRECT,A
Mugwort,mugwort,NOTE,Mugwort,LEVEL_A_DIRECT,A
Muhuhu,muhuhu,NOTE,Muhuhu,LEVEL_A_DIRECT,A
mulberry,mulberry,NOTE,mulberry,LEVEL_A_DIRECT,A
Mulberry plant,mulberry plant,NOTE,Mulberry plant,LEVEL_A_DIRECT,A
Mulled Wine,mulled wine,NOTE,Mulled Wine,LEVEL_A_DIRECT,A
Mung Bean,mung bean,NOTE,Mung Bean,LEVEL_A_DIRECT,A
Muscenone,muscenone,NOTE,Muscenone,LEVEL_A_DIRECT,A
Muscone,muscone,NOTE,Muscone,LEVEL_A_DIRECT,A
Mushroom,mushroom,NOTE,Mushroom,LEVEL_A_DIRECT,A
Musk,musk,NOTE,Musk,LEVEL_A_DIRECT,A
Musk Mallow,musk mallow,NOTE,Musk Mallow,LEVEL_A_DIRECT,A
Musk Vodka,musk vodka,NOTE,Musk Vodka,LEVEL_A_DIRECT,A
Muskrat,muskrat,NOTE,Muskrat,LEVEL_A_DIRECT,A
musky,musky,ACCORD,musky,LEVEL_A_DIRECT,A
Mustard Seed,mustard seed,NOTE,Mustard Seed,LEVEL_A_DIRECT,A
Myrhh,myrhh,NOTE,Myrhh,LEVEL_A_DIRECT,A
Myrica,myrica,NOTE,Myrica,LEVEL_A_DIRECT,A
Myrrh,myrrh,NOTE,Myrrh,LEVEL_A_DIRECT,A
Myrrh Oil,myrrh oil,NOTE,Myrrh Oil,LEVEL_A_DIRECT,A
Myrtle,myrtle,NOTE,Myrtle,LEVEL_A_DIRECT,A
Mysore Sandalwood,mysore sandalwood,NOTE,Mysore Sandalwood,LEVEL_A_DIRECT,A
Mystikal,mystikal,NOTE,Mystikal,LEVEL_A_DIRECT,A
Nag Champa,nag champa,NOTE,Nag Champa,LEVEL_A_DIRECT,A
Nagarmotha,nagarmotha,NOTE,Nagarmotha,LEVEL_A_DIRECT,A
Nail Polish,nail polish,NOTE,Nail Polish,LEVEL_A_DIRECT,A
Nalca,nalca,NOTE,Nalca,LEVEL_A_DIRECT,A
Narcissus,narcissus,NOTE,Narcissus,LEVEL_A_DIRECT,A
Narciussus,narciussus,NOTE,Narciussus,LEVEL_A_DIRECT,A
Nard,nard,NOTE,Nard,LEVEL_A_DIRECT,A
Nard Himalayan (Jatamansi),nard himalayan (jatamansi),NOTE,Nard Himalayan (Jatamansi),LEVEL_A_DIRECT,A
Nashi Pear,nashi pear,NOTE,Nashi Pear,LEVEL_A_DIRECT,A
Nasturtium,nasturtium,NOTE,Nasturtium,LEVEL_A_DIRECT,A
Naswar,naswar,NOTE,Naswar,LEVEL_A_DIRECT,A
Natural Musk,natural musk,NOTE,Natural Musk,LEVEL_A_DIRECT,A
Natural Vanilla,natural vanilla,NOTE,Natural Vanilla,LEVEL_A_DIRECT,A
NaturalCalm™,naturalcalmtm,NOTE,NaturalCalm™,LEVEL_A_DIRECT,A
Nectar,nectar,NOTE,Nectar,LEVEL_A_DIRECT,A
Nectarine,nectarine,NOTE,Nectarine,LEVEL_A_DIRECT,A
Nectarine blossom,nectarine blossom,NOTE,Nectarine blossom,LEVEL_A_DIRECT,A
Neem,neem,NOTE,Neem,LEVEL_A_DIRECT,A
Neem tree,neem tree,NOTE,Neem tree,LEVEL_A_DIRECT,A
Negroni,negroni,NOTE,Negroni,LEVEL_A_DIRECT,A
Nemophila,nemophila,NOTE,Nemophila,LEVEL_A_DIRECT,A
Neoprene,neoprene,NOTE,Neoprene,LEVEL_A_DIRECT,A
Nerium Oleander,nerium oleander,NOTE,Nerium Oleander,LEVEL_A_DIRECT,A
Neroli,neroli,NOTE,Neroli,LEVEL_A_DIRECT,A
Neroli Essence,neroli essence,NOTE,Neroli Essence,LEVEL_A_DIRECT,A
Nettle,nettle,NOTE,Nettle,LEVEL_A_DIRECT,A
Nettle Blossom,nettle blossom,NOTE,Nettle Blossom,LEVEL_A_DIRECT,A
New Magazine,new magazine,NOTE,New Magazine,LEVEL_A_DIRECT,A
Nigella,nigella,NOTE,Nigella,LEVEL_A_DIRECT,A
Nigerian Ginger,nigerian ginger,NOTE,Nigerian Ginger,LEVEL_A_DIRECT,A
night,night,DAYPART,night,ENGLISH_CONTEXT_ALIAS,A
Night blooming Cereus,night blooming cereus,NOTE,Night blooming Cereus,LEVEL_A_DIRECT,A
Night Blooming Jasmine,night blooming jasmine,NOTE,Night Blooming Jasmine,LEVEL_A_DIRECT,A
Nom Maew,nom maew,NOTE,Nom Maew,LEVEL_A_DIRECT,A
Nootka,nootka,NOTE,Nootka,LEVEL_A_DIRECT,A
Norlimbanol™,norlimbanoltm,NOTE,Norlimbanol™,LEVEL_A_DIRECT,A
Norwegian pine,norwegian pine,NOTE,Norwegian pine,LEVEL_A_DIRECT,A
Nougat,nougat,NOTE,Nougat,LEVEL_A_DIRECT,A
Nut Grass,nut grass,NOTE,Nut Grass,LEVEL_A_DIRECT,A
Nutella,nutella,NOTE,Nutella,LEVEL_A_DIRECT,A
Nutmeg,nutmeg,NOTE,Nutmeg,LEVEL_A_DIRECT,A
Nutmeg Flower,nutmeg flower,NOTE,Nutmeg Flower,LEVEL_A_DIRECT,A
nutty,nutty,ACCORD,nutty,LEVEL_A_DIRECT,A
Nutty Notes,nutty notes,NOTE,Nutty Notes,LEVEL_A_DIRECT,A
Nympheal™,nymphealtm,NOTE,Nympheal™,LEVEL_A_DIRECT,A
Oak,oak,NOTE,Oak,LEVEL_A_DIRECT,A
Oak Leaves,oak leaves,NOTE,Oak Leaves,LEVEL_A_DIRECT,A
oak moss,oak moss,NOTE,oak moss,LEVEL_A_DIRECT,A
Oak Tree,oak tree,NOTE,Oak Tree,LEVEL_A_DIRECT,A
Oakmoss,oakmoss,NOTE,Oakmoss,LEVEL_A_DIRECT,A
Oat,oat,NOTE,Oat,LEVEL_A_DIRECT,A
Oatmilk,oatmilk,NOTE,Oatmilk,LEVEL_A_DIRECT,A
Obsidial ®,obsidial ®,NOTE,Obsidial ®,LEVEL_A_DIRECT,A
oily,oily,ACCORD,oily,LEVEL_A_DIRECT,A
Oily Notes,oily notes,NOTE,Oily Notes,LEVEL_A_DIRECT,A
Old Books,old books,NOTE,Old Books,LEVEL_A_DIRECT,A
Old Furniture,old furniture,NOTE,Old Furniture,LEVEL_A_DIRECT,A
Old House,old house,NOTE,Old House,LEVEL_A_DIRECT,A
Olibanum,olibanum,NOTE,Olibanum,LEVEL_A_DIRECT,A
Olibanum (Frankincense),olibanum (frankincense),NOTE,Olibanum (Frankincense),LEVEL_A_DIRECT,A
Olibanum Sacra Resin Green,olibanum sacra resin green,NOTE,Olibanum Sacra Resin Green,LEVEL_A_DIRECT,A
Olive,olive,NOTE,Olive,LEVEL_A_DIRECT,A
Olive Blossom,olive blossom,NOTE,Olive Blossom,LEVEL_A_DIRECT,A
Olive flower,olive flower,NOTE,Olive flower,LEVEL_A_DIRECT,A
Olive Leaf,olive leaf,NOTE,Olive Leaf,LEVEL_A_DIRECT,A
Olive Tree,olive tree,NOTE,Olive Tree,LEVEL_A_DIRECT,A
Olymra plant accord,olymra plant accord,NOTE,Olymra plant accord,LEVEL_A_DIRECT,A
Onycha,onycha,NOTE,Onycha,LEVEL_A_DIRECT,A
Oolong tea,oolong tea,NOTE,Oolong tea,LEVEL_A_DIRECT,A
Operanide,operanide,NOTE,Operanide,LEVEL_A_DIRECT,A
Opium,opium,NOTE,Opium,LEVEL_A_DIRECT,A
Opoponax,opoponax,NOTE,Opoponax,LEVEL_A_DIRECT,A
Orange,orange,NOTE,Orange,LEVEL_A_DIRECT,A
Orange Blossom,orange blossom,NOTE,Orange Blossom,LEVEL_A_DIRECT,A
Orange Cassia Tree,orange cassia tree,NOTE,Orange Cassia Tree,LEVEL_A_DIRECT,A
Orange Flower Water,orange flower water,NOTE,Orange Flower Water,LEVEL_A_DIRECT,A
Orange Gelato,orange gelato,NOTE,Orange Gelato,LEVEL_A_DIRECT,A
Orange Honey,orange honey,NOTE,Orange Honey,LEVEL_A_DIRECT,A
Orange Jasmine,orange jasmine,NOTE,Orange Jasmine,LEVEL_A_DIRECT,A
Orange Leaf,orange leaf,NOTE,Orange Leaf,LEVEL_A_DIRECT,A
Orange Marmalade,orange marmalade,NOTE,Orange Marmalade,LEVEL_A_DIRECT,A
Orange Oil,orange oil,NOTE,Orange Oil,LEVEL_A_DIRECT,A
Orange Peel,orange peel,NOTE,Orange Peel,LEVEL_A_DIRECT,A
Orange Pepper,orange pepper,NOTE,Orange Pepper,LEVEL_A_DIRECT,A
Orange Soda,orange soda,NOTE,Orange Soda,LEVEL_A_DIRECT,A
Orangewood,orangewood,NOTE,Orangewood,LEVEL_A_DIRECT,A
Orbitone,orbitone,NOTE,Orbitone,LEVEL_A_DIRECT,A
Orcanox™,orcanoxtm,NOTE,Orcanox™,LEVEL_A_DIRECT,A
Orchard Blossom,orchard blossom,NOTE,Orchard Blossom,LEVEL_A_DIRECT,A
Orchid,orchid,NOTE,Orchid,LEVEL_A_DIRECT,A
Orchid Black Diamond,orchid black diamond,NOTE,Orchid Black Diamond,LEVEL_A_DIRECT,A
Orchid Cactus,orchid cactus,NOTE,Orchid Cactus,LEVEL_A_DIRECT,A
Orchid Leaf,orchid leaf,NOTE,Orchid Leaf,LEVEL_A_DIRECT,A
Orchid Pink Leopard,orchid pink leopard,NOTE,Orchid Pink Leopard,LEVEL_A_DIRECT,A
Oregano,oregano,NOTE,Oregano,LEVEL_A_DIRECT,A
oriental flower notes,oriental flower notes,NOTE,oriental flower notes,LEVEL_A_DIRECT,A
Oriental notes,oriental notes,NOTE,Oriental notes,LEVEL_A_DIRECT,A
Oriental Woodsy notes,oriental woodsy notes,NOTE,Oriental Woodsy notes,LEVEL_A_DIRECT,A
Ornithogalum,ornithogalum,NOTE,Ornithogalum,LEVEL_A_DIRECT,A
Orris,orris,NOTE,Orris,LEVEL_A_DIRECT,A
Orris Root,orris root,NOTE,Orris Root,LEVEL_A_DIRECT,A
Osmanthus,osmanthus,NOTE,Osmanthus,LEVEL_A_DIRECT,A
Osmasylk Natsublim™,osmasylk natsublimtm,NOTE,Osmasylk Natsublim™,LEVEL_A_DIRECT,A
oud,oud,ACCORD,oud,LEVEL_A_DIRECT,A
Oud,oud,NOTE,Oud,LEVEL_A_DIRECT,A
Oud Butter,oud butter,NOTE,Oud Butter,LEVEL_A_DIRECT,A
Oud Smoke,oud smoke,NOTE,Oud Smoke,LEVEL_A_DIRECT,A
Oud Sumatra,oud sumatra,NOTE,Oud Sumatra,LEVEL_A_DIRECT,A
Ouzo,ouzo,NOTE,Ouzo,LEVEL_A_DIRECT,A
Oysters,oysters,NOTE,Oysters,LEVEL_A_DIRECT,A
ozonic,ozonic,ACCORD,ozonic,LEVEL_A_DIRECT,A
Ozonic notes,ozonic notes,NOTE,Ozonic notes,LEVEL_A_DIRECT,A
Palestinian Sweet Lime,palestinian sweet lime,NOTE,Palestinian Sweet Lime,LEVEL_A_DIRECT,A
Palisander Rosewood,palisander rosewood,NOTE,Palisander Rosewood,LEVEL_A_DIRECT,A
Palm Leaf,palm leaf,NOTE,Palm Leaf,LEVEL_A_DIRECT,A
Palm Sugar,palm sugar,NOTE,Palm Sugar,LEVEL_A_DIRECT,A
Palm Tree,palm tree,NOTE,Palm Tree,LEVEL_A_DIRECT,A
Palmarosa,palmarosa,NOTE,Palmarosa,LEVEL_A_DIRECT,A
Palo Santo,palo santo,NOTE,Palo Santo,LEVEL_A_DIRECT,A
Palo Verde Tree,palo verde tree,NOTE,Palo Verde Tree,LEVEL_A_DIRECT,A
Pamplewood,pamplewood,NOTE,Pamplewood,LEVEL_A_DIRECT,A
Pan de Muerto,pan de muerto,NOTE,Pan de Muerto,LEVEL_A_DIRECT,A
Pan Di Spagna,pan di spagna,NOTE,Pan Di Spagna,LEVEL_A_DIRECT,A
Panacotta,panacotta,NOTE,Panacotta,LEVEL_A_DIRECT,A
Pancake,pancake,NOTE,Pancake,LEVEL_A_DIRECT,A
Pandan,pandan,NOTE,Pandan,LEVEL_A_DIRECT,A
Pandan Leaf,pandan leaf,NOTE,Pandan Leaf,LEVEL_A_DIRECT,A
Pandanus,pandanus,NOTE,Pandanus,LEVEL_A_DIRECT,A
Pandoro,pandoro,NOTE,Pandoro,LEVEL_A_DIRECT,A
Panettone,panettone,NOTE,Panettone,LEVEL_A_DIRECT,A
Panna Cotta,panna cotta,NOTE,Panna Cotta,LEVEL_A_DIRECT,A
Pansy,pansy,NOTE,Pansy,LEVEL_A_DIRECT,A
Papaya,papaya,NOTE,Papaya,LEVEL_A_DIRECT,A
Papaya Blossom,papaya blossom,NOTE,Papaya Blossom,LEVEL_A_DIRECT,A
Papaya flower,papaya flower,NOTE,Papaya flower,LEVEL_A_DIRECT,A
paper,paper,ACCORD,paper,LEVEL_A_DIRECT,A
Paper,paper,NOTE,Paper,LEVEL_A_DIRECT,A
Paper Mulberry,paper mulberry,NOTE,Paper Mulberry,LEVEL_A_DIRECT,A
Paperbark,paperbark,NOTE,Paperbark,LEVEL_A_DIRECT,A
Paprika,paprika,NOTE,Paprika,LEVEL_A_DIRECT,A
Paprika Leaf,paprika leaf,NOTE,Paprika Leaf,LEVEL_A_DIRECT,A
Papyrus,papyrus,NOTE,Papyrus,LEVEL_A_DIRECT,A
Para-Cresyl Phenyl Acetate,para-cresyl phenyl acetate,NOTE,Para-Cresyl Phenyl Acetate,LEVEL_A_DIRECT,A
Paradisamide,paradisamide,NOTE,Paradisamide,LEVEL_A_DIRECT,A
Paradisone,paradisone,NOTE,Paradisone,LEVEL_A_DIRECT,A
Paraguayan Green Sandalwood,paraguayan green sandalwood,NOTE,Paraguayan Green Sandalwood,LEVEL_A_DIRECT,A
Paramela,paramela,NOTE,Paramela,LEVEL_A_DIRECT,A
Parchment,parchment,NOTE,Parchment,LEVEL_A_DIRECT,A
Parma Violet,parma violet,NOTE,Parma Violet,LEVEL_A_DIRECT,A
Parsley,parsley,NOTE,Parsley,LEVEL_A_DIRECT,A
Passion Flower,passion flower,NOTE,Passion Flower,LEVEL_A_DIRECT,A
Passion Fruit,passion fruit,NOTE,Passion Fruit,LEVEL_A_DIRECT,A
Passionfruit,passionfruit,NOTE,Passionfruit,LEVEL_A_DIRECT,A
Pastiera Napoletana,pastiera napoletana,NOTE,Pastiera Napoletana,LEVEL_A_DIRECT,A
Pataqueira,pataqueira,NOTE,Pataqueira,LEVEL_A_DIRECT,A
patchouli,patchouli,ACCORD,patchouli,LEVEL_A_DIRECT,A
Patchouli,patchouli,NOTE,Patchouli,LEVEL_A_DIRECT,A
Patchouli (Green),patchouli (green),NOTE,Patchouli (Green),LEVEL_A_DIRECT,A
Patchouli Leaf,patchouli leaf,NOTE,Patchouli Leaf,LEVEL_A_DIRECT,A
Pea,pea,NOTE,Pea,LEVEL_A_DIRECT,A
Peach,peach,NOTE,Peach,LEVEL_A_DIRECT,A
Peach Blossom,peach blossom,NOTE,Peach Blossom,LEVEL_A_DIRECT,A
Peach Cream,peach cream,NOTE,Peach Cream,LEVEL_A_DIRECT,A
Peach Leaf,peach leaf,NOTE,Peach Leaf,LEVEL_A_DIRECT,A
Peach Tree,peach tree,NOTE,Peach Tree,LEVEL_A_DIRECT,A
Peanut,peanut,NOTE,Peanut,LEVEL_A_DIRECT,A
Peanut Butter,peanut butter,NOTE,Peanut Butter,LEVEL_A_DIRECT,A
Pear,pear,ACCORD,Pear,LEVEL_A_DIRECT,A
Pear,pear,NOTE,Pear,LEVEL_A_DIRECT,A
Pear Blossom,pear blossom,NOTE,Pear Blossom,LEVEL_A_DIRECT,A
Pear Ice Cream,pear ice cream,NOTE,Pear Ice Cream,LEVEL_A_DIRECT,A
Pear Juice,pear juice,NOTE,Pear Juice,LEVEL_A_DIRECT,A
Pear Leaf,pear leaf,NOTE,Pear Leaf,LEVEL_A_DIRECT,A
Pear Tree,pear tree,NOTE,Pear Tree,LEVEL_A_DIRECT,A
Pear Wood,pear wood,NOTE,Pear Wood,LEVEL_A_DIRECT,A
Pearadise®,pearadise®,NOTE,Pearadise®,LEVEL_A_DIRECT,A
Pearls,pearls,NOTE,Pearls,LEVEL_A_DIRECT,A
Peat,peat,NOTE,Peat,LEVEL_A_DIRECT,A
Pebbles,pebbles,NOTE,Pebbles,LEVEL_A_DIRECT,A
Pecan,pecan,NOTE,Pecan,LEVEL_A_DIRECT,A
Pelargonium,pelargonium,NOTE,Pelargonium,LEVEL_A_DIRECT,A
Pelargonium Leaf,pelargonium leaf,NOTE,Pelargonium Leaf,LEVEL_A_DIRECT,A
Pencil,pencil,NOTE,Pencil,LEVEL_A_DIRECT,A
Pennyroyal,pennyroyal,NOTE,Pennyroyal,LEVEL_A_DIRECT,A
Peony,peony,NOTE,Peony,LEVEL_A_DIRECT,A
Pepper,pepper,NOTE,Pepper,LEVEL_A_DIRECT,A
Pepper Oil,pepper oil,NOTE,Pepper Oil,LEVEL_A_DIRECT,A
Peppermint,peppermint,NOTE,Peppermint,LEVEL_A_DIRECT,A
Peppertree,peppertree,NOTE,Peppertree,LEVEL_A_DIRECT,A
Pepperwood or Hercules Club,pepperwood or hercules club,NOTE,Pepperwood or Hercules Club,LEVEL_A_DIRECT,A
Pepperwood™,pepperwoodtm,NOTE,Pepperwood™,LEVEL_A_DIRECT,A
Perfume lemon,perfume lemon,NOTE,Perfume lemon,LEVEL_A_DIRECT,A
Periwinkle,periwinkle,NOTE,Periwinkle,LEVEL_A_DIRECT,A
Persimmon,persimmon,NOTE,Persimmon,LEVEL_A_DIRECT,A
Peru Balsam,peru balsam,NOTE,Peru Balsam,LEVEL_A_DIRECT,A
Peruvian Pepper,peruvian pepper,NOTE,Peruvian Pepper,LEVEL_A_DIRECT,A
Pesto,pesto,NOTE,Pesto,LEVEL_A_DIRECT,A
Petalia,petalia,NOTE,Petalia,LEVEL_A_DIRECT,A
Petitgrain,petitgrain,NOTE,Petitgrain,LEVEL_A_DIRECT,A
Petitgrain Paraguay,petitgrain paraguay,NOTE,Petitgrain Paraguay,LEVEL_A_DIRECT,A
Petrichor,petrichor,NOTE,Petrichor,LEVEL_A_DIRECT,A
Petroleum,petroleum,NOTE,Petroleum,LEVEL_A_DIRECT,A
Petunia,petunia,NOTE,Petunia,LEVEL_A_DIRECT,A
peyote,peyote,NOTE,peyote,LEVEL_A_DIRECT,A
Pharaone®,pharaone®,NOTE,Pharaone®,LEVEL_A_DIRECT,A
Phlox,phlox,NOTE,Phlox,LEVEL_A_DIRECT,A
Phoebe zhennan,phoebe zhennan,NOTE,Phoebe zhennan,LEVEL_A_DIRECT,A
Physcool®,physcool®,NOTE,Physcool®,LEVEL_A_DIRECT,A
Pikul Flower,pikul flower,NOTE,Pikul Flower,LEVEL_A_DIRECT,A
Pimento,pimento,NOTE,Pimento,LEVEL_A_DIRECT,A
Pimento Leaf,pimento leaf,NOTE,Pimento Leaf,LEVEL_A_DIRECT,A
Pimento Seeds,pimento seeds,NOTE,Pimento Seeds,LEVEL_A_DIRECT,A
Pine,pine,NOTE,Pine,LEVEL_A_DIRECT,A
Pine needles,pine needles,NOTE,Pine needles,LEVEL_A_DIRECT,A
Pine tar,pine tar,NOTE,Pine tar,LEVEL_A_DIRECT,A
Pine Tree,pine tree,NOTE,Pine Tree,LEVEL_A_DIRECT,A
Pine Tree Needles,pine tree needles,NOTE,Pine Tree Needles,LEVEL_A_DIRECT,A
Pineapple,pineapple,NOTE,Pineapple,LEVEL_A_DIRECT,A
Pineapple blossom,pineapple blossom,NOTE,Pineapple blossom,LEVEL_A_DIRECT,A
Pineapple Leaf,pineapple leaf,NOTE,Pineapple Leaf,LEVEL_A_DIRECT,A
Pinesap,pinesap,NOTE,Pinesap,LEVEL_A_DIRECT,A
Pink Crystal,pink crystal,NOTE,Pink Crystal,LEVEL_A_DIRECT,A
Pink Flamingo Heliconia,pink flamingo heliconia,NOTE,Pink Flamingo Heliconia,LEVEL_A_DIRECT,A
Pink Freesia,pink freesia,NOTE,Pink Freesia,LEVEL_A_DIRECT,A
Pink Grapefruit,pink grapefruit,NOTE,Pink Grapefruit,LEVEL_A_DIRECT,A
Pink Himalayan Sea Salt,pink himalayan sea salt,NOTE,Pink Himalayan Sea Salt,LEVEL_A_DIRECT,A
Pink Hyacinth,pink hyacinth,NOTE,Pink Hyacinth,LEVEL_A_DIRECT,A
Pink Ipê Tree,pink ipê tree,NOTE,Pink Ipê Tree,LEVEL_A_DIRECT,A
Pink Jasmine,pink jasmine,NOTE,Pink Jasmine,LEVEL_A_DIRECT,A
Pink Lily,pink lily,NOTE,Pink Lily,LEVEL_A_DIRECT,A
Pink Litchi,pink litchi,NOTE,Pink Litchi,LEVEL_A_DIRECT,A
Pink Lotus,pink lotus,NOTE,Pink Lotus,LEVEL_A_DIRECT,A
Pink Nerium Oleander,pink nerium oleander,NOTE,Pink Nerium Oleander,LEVEL_A_DIRECT,A
Pink Paprika,pink paprika,NOTE,Pink Paprika,LEVEL_A_DIRECT,A
Pink Peony,pink peony,NOTE,Pink Peony,LEVEL_A_DIRECT,A
Pink Pepper,pink pepper,NOTE,Pink Pepper,LEVEL_A_DIRECT,A
Pink Rose,pink rose,NOTE,Pink Rose,LEVEL_A_DIRECT,A
pink tulip,pink tulip,NOTE,pink tulip,LEVEL_A_DIRECT,A
Pink Violet,pink violet,NOTE,Pink Violet,LEVEL_A_DIRECT,A
Pinot Noir grapes,pinot noir grapes,NOTE,Pinot Noir grapes,LEVEL_A_DIRECT,A
Pinwheel Flower,pinwheel flower,NOTE,Pinwheel Flower,LEVEL_A_DIRECT,A
Pisco Sour cocktal,pisco sour cocktal,NOTE,Pisco Sour cocktal,LEVEL_A_DIRECT,A
Pistachio,pistachio,NOTE,Pistachio,LEVEL_A_DIRECT,A
Pistachio Blossom,pistachio blossom,NOTE,Pistachio Blossom,LEVEL_A_DIRECT,A
Pistachio Leaf,pistachio leaf,NOTE,Pistachio Leaf,LEVEL_A_DIRECT,A
Pistachio Liquer,pistachio liquer,NOTE,Pistachio Liquer,LEVEL_A_DIRECT,A
Pistachio Spread Cream,pistachio spread cream,NOTE,Pistachio Spread Cream,LEVEL_A_DIRECT,A
Pitahaya,pitahaya,NOTE,Pitahaya,LEVEL_A_DIRECT,A
Pitahaya Flower,pitahaya flower,NOTE,Pitahaya Flower,LEVEL_A_DIRECT,A
Pitanga,pitanga,NOTE,Pitanga,LEVEL_A_DIRECT,A
Pitosporum,pitosporum,NOTE,Pitosporum,LEVEL_A_DIRECT,A
Pittosporum,pittosporum,NOTE,Pittosporum,LEVEL_A_DIRECT,A
Pizza,pizza,NOTE,Pizza,LEVEL_A_DIRECT,A
Piña Colada,piña colada,NOTE,Piña Colada,LEVEL_A_DIRECT,A
Plantain,plantain,NOTE,Plantain,LEVEL_A_DIRECT,A
Plasma,plasma,NOTE,Plasma,LEVEL_A_DIRECT,A
plastic,plastic,ACCORD,plastic,LEVEL_A_DIRECT,A
Plastic,plastic,NOTE,Plastic,LEVEL_A_DIRECT,A
Plastic Bag,plastic bag,NOTE,Plastic Bag,LEVEL_A_DIRECT,A
Play-Doh,play-doh,NOTE,Play-Doh,LEVEL_A_DIRECT,A
Plum,plum,NOTE,Plum,LEVEL_A_DIRECT,A
plum,plum,NOTE,plum,LEVEL_A_DIRECT,A
Plum Blossom,plum blossom,NOTE,Plum Blossom,LEVEL_A_DIRECT,A
Plum Brandy,plum brandy,NOTE,Plum Brandy,LEVEL_A_DIRECT,A
Plum Liquor,plum liquor,NOTE,Plum Liquor,LEVEL_A_DIRECT,A
Plum Tree,plum tree,NOTE,Plum Tree,LEVEL_A_DIRECT,A
Plum Wine,plum wine,NOTE,Plum Wine,LEVEL_A_DIRECT,A
Plum Wood,plum wood,NOTE,Plum Wood,LEVEL_A_DIRECT,A
Plumeria,plumeria,NOTE,Plumeria,LEVEL_A_DIRECT,A
Poinsettia,poinsettia,NOTE,Poinsettia,LEVEL_A_DIRECT,A
Poison,poison,NOTE,Poison,LEVEL_A_DIRECT,A
Poivrol,poivrol,NOTE,Poivrol,LEVEL_A_DIRECT,A
Pokan,pokan,NOTE,Pokan,LEVEL_A_DIRECT,A
Pollen,pollen,NOTE,Pollen,LEVEL_A_DIRECT,A
Polygonum,polygonum,NOTE,Polygonum,LEVEL_A_DIRECT,A
Pomarose,pomarose,NOTE,Pomarose,LEVEL_A_DIRECT,A
Pomegranate,pomegranate,NOTE,Pomegranate,LEVEL_A_DIRECT,A
Pomegranate Blossom,pomegranate blossom,NOTE,Pomegranate Blossom,LEVEL_A_DIRECT,A
Pomegranate Seed,pomegranate seed,NOTE,Pomegranate Seed,LEVEL_A_DIRECT,A
Pomelo,pomelo,NOTE,Pomelo,LEVEL_A_DIRECT,A
Popcorn,popcorn,NOTE,Popcorn,LEVEL_A_DIRECT,A
Poplar,poplar,NOTE,Poplar,LEVEL_A_DIRECT,A
Poplar (Populus) buds,poplar (populus) buds,NOTE,Poplar (Populus) buds,LEVEL_A_DIRECT,A
Poplar buds,poplar buds,NOTE,Poplar buds,LEVEL_A_DIRECT,A
Poppy,poppy,NOTE,Poppy,LEVEL_A_DIRECT,A
Popsicle,popsicle,NOTE,Popsicle,LEVEL_A_DIRECT,A
Porcelain,porcelain,NOTE,Porcelain,LEVEL_A_DIRECT,A
Porcelain clay,porcelain clay,NOTE,Porcelain clay,LEVEL_A_DIRECT,A
Port Wine,port wine,NOTE,Port Wine,LEVEL_A_DIRECT,A
Portlandia,portlandia,NOTE,Portlandia,LEVEL_A_DIRECT,A
Portulaca or Pigweed,portulaca or pigweed,NOTE,Portulaca or Pigweed,LEVEL_A_DIRECT,A
Posidonia,posidonia,NOTE,Posidonia,LEVEL_A_DIRECT,A
Potato,potato,NOTE,Potato,LEVEL_A_DIRECT,A
Powder From The Moon,powder from the moon,NOTE,Powder From The Moon,LEVEL_A_DIRECT,A
Powdered Sugar,powdered sugar,NOTE,Powdered Sugar,LEVEL_A_DIRECT,A
powdery,powdery,ACCORD,powdery,LEVEL_A_DIRECT,A
Powdery Musk,powdery musk,NOTE,Powdery Musk,LEVEL_A_DIRECT,A
Powdery Notes,powdery notes,NOTE,Powdery Notes,LEVEL_A_DIRECT,A
Praline,praline,NOTE,Praline,LEVEL_A_DIRECT,A
Precious Woods,precious woods,NOTE,Precious Woods,LEVEL_A_DIRECT,A
Pretzel,pretzel,NOTE,Pretzel,LEVEL_A_DIRECT,A
prickly pear,prickly pear,NOTE,prickly pear,LEVEL_A_DIRECT,A
Priest’s Clothes,priest’s clothes,NOTE,Priest’s Clothes,LEVEL_A_DIRECT,A
Primrose,primrose,NOTE,Primrose,LEVEL_A_DIRECT,A
Princess Tree or Paulownia,princess tree or paulownia,NOTE,Princess Tree or Paulownia,LEVEL_A_DIRECT,A
Priprioca,priprioca,NOTE,Priprioca,LEVEL_A_DIRECT,A
Privet,privet,NOTE,Privet,LEVEL_A_DIRECT,A
Profiterole,profiterole,NOTE,Profiterole,LEVEL_A_DIRECT,A
Propolis,propolis,NOTE,Propolis,LEVEL_A_DIRECT,A
Prosecco,prosecco,NOTE,Prosecco,LEVEL_A_DIRECT,A
Protea,protea,NOTE,Protea,LEVEL_A_DIRECT,A
Prunella,prunella,NOTE,Prunella,LEVEL_A_DIRECT,A
Prunol,prunol,NOTE,Prunol,LEVEL_A_DIRECT,A
Pu'er tea,pu'er tea,NOTE,Pu'er tea,LEVEL_A_DIRECT,A
Pua keni keni (Pua-lulu),pua keni keni (pua-lulu),NOTE,Pua keni keni (Pua-lulu),LEVEL_A_DIRECT,A
Pudding,pudding,NOTE,Pudding,LEVEL_A_DIRECT,A
Puff Pastry,puff pastry,NOTE,Puff Pastry,LEVEL_A_DIRECT,A
Pumpkin,pumpkin,NOTE,Pumpkin,LEVEL_A_DIRECT,A
Pumpkin Pie,pumpkin pie,NOTE,Pumpkin Pie,LEVEL_A_DIRECT,A
Punch,punch,NOTE,Punch,LEVEL_A_DIRECT,A
Purple Coneflower,purple coneflower,NOTE,Purple Coneflower,LEVEL_A_DIRECT,A
Purple Yam,purple yam,NOTE,Purple Yam,LEVEL_A_DIRECT,A
Purslane,purslane,NOTE,Purslane,LEVEL_A_DIRECT,A
Quandong Desert Peach,quandong desert peach,NOTE,Quandong Desert Peach,LEVEL_A_DIRECT,A
"Quandong, desert peach","quandong, desert peach",NOTE,"Quandong, desert peach",LEVEL_A_DIRECT,A
Queen of the Night Flower,queen of the night flower,NOTE,Queen of the Night Flower,LEVEL_A_DIRECT,A
Quenepa,quenepa,NOTE,Quenepa,LEVEL_A_DIRECT,A
Quince,quince,NOTE,Quince,LEVEL_A_DIRECT,A
Rain Notes,rain notes,NOTE,Rain Notes,LEVEL_A_DIRECT,A
Rainbow Sorbet,rainbow sorbet,NOTE,Rainbow Sorbet,LEVEL_A_DIRECT,A
Raisin,raisin,NOTE,Raisin,LEVEL_A_DIRECT,A
Raki,raki,NOTE,Raki,LEVEL_A_DIRECT,A
Rambutan,rambutan,NOTE,Rambutan,LEVEL_A_DIRECT,A
Rangoon Creeper,rangoon creeper,NOTE,Rangoon Creeper,LEVEL_A_DIRECT,A
Rangpur,rangpur,NOTE,Rangpur,LEVEL_A_DIRECT,A
Raspberry,raspberry,NOTE,Raspberry,LEVEL_A_DIRECT,A
Raspberry Bloom,raspberry bloom,NOTE,Raspberry Bloom,LEVEL_A_DIRECT,A
Raspberry Blossom,raspberry blossom,NOTE,Raspberry Blossom,LEVEL_A_DIRECT,A
Raspberry Leaf,raspberry leaf,NOTE,Raspberry Leaf,LEVEL_A_DIRECT,A
Raspberry leaf,raspberry leaf,NOTE,Raspberry leaf,LEVEL_A_DIRECT,A
Raspberry Macaron,raspberry macaron,NOTE,Raspberry Macaron,LEVEL_A_DIRECT,A
Ravello Rose,ravello rose,NOTE,Ravello Rose,LEVEL_A_DIRECT,A
Ravenala,ravenala,NOTE,Ravenala,LEVEL_A_DIRECT,A
Ravensara,ravensara,NOTE,Ravensara,LEVEL_A_DIRECT,A
RE Base,re base,NOTE,RE Base,LEVEL_A_DIRECT,A
Red Algae,red algae,NOTE,Red Algae,LEVEL_A_DIRECT,A
Red Amber,red amber,NOTE,Red Amber,LEVEL_A_DIRECT,A
Red Apple,red apple,NOTE,Red Apple,LEVEL_A_DIRECT,A
Red Bean Paste,red bean paste,NOTE,Red Bean Paste,LEVEL_A_DIRECT,A
Red Berries,red berries,NOTE,Red Berries,LEVEL_A_DIRECT,A
Red Cedar,red cedar,NOTE,Red Cedar,LEVEL_A_DIRECT,A
Red Chilli Pepper,red chilli pepper,NOTE,Red Chilli Pepper,LEVEL_A_DIRECT,A
Red Currant,red currant,NOTE,Red Currant,LEVEL_A_DIRECT,A
Red Currant Blossom,red currant blossom,NOTE,Red Currant Blossom,LEVEL_A_DIRECT,A
Red currant leaf,red currant leaf,NOTE,Red currant leaf,LEVEL_A_DIRECT,A
Red Cyclamen,red cyclamen,NOTE,Red Cyclamen,LEVEL_A_DIRECT,A
Red Freesia,red freesia,NOTE,Red Freesia,LEVEL_A_DIRECT,A
Red Fruits,red fruits,NOTE,Red Fruits,LEVEL_A_DIRECT,A
Red Fruits Smoothie,red fruits smoothie,NOTE,Red Fruits Smoothie,LEVEL_A_DIRECT,A
Red Fruits Sorbet,red fruits sorbet,NOTE,Red Fruits Sorbet,LEVEL_A_DIRECT,A
Red Lantern,red lantern,NOTE,Red Lantern,LEVEL_A_DIRECT,A
Red Lily,red lily,NOTE,Red Lily,LEVEL_A_DIRECT,A
Red Litchi,red litchi,NOTE,Red Litchi,LEVEL_A_DIRECT,A
Red Mandarin,red mandarin,NOTE,Red Mandarin,LEVEL_A_DIRECT,A
Red Maple,red maple,NOTE,Red Maple,LEVEL_A_DIRECT,A
Red Mulberry,red mulberry,NOTE,Red Mulberry,LEVEL_A_DIRECT,A
Red Myrrh,red myrrh,NOTE,Red Myrrh,LEVEL_A_DIRECT,A
Red Nectarine,red nectarine,NOTE,Red Nectarine,LEVEL_A_DIRECT,A
Red Paprika,red paprika,NOTE,Red Paprika,LEVEL_A_DIRECT,A
Red Peach,red peach,NOTE,Red Peach,LEVEL_A_DIRECT,A
Red Peony,red peony,NOTE,Red Peony,LEVEL_A_DIRECT,A
Red Pepper,red pepper,NOTE,Red Pepper,LEVEL_A_DIRECT,A
Red Poppy,red poppy,NOTE,Red Poppy,LEVEL_A_DIRECT,A
Red Rose,red rose,NOTE,Red Rose,LEVEL_A_DIRECT,A
Red Sandalwood,red sandalwood,NOTE,Red Sandalwood,LEVEL_A_DIRECT,A
Red Tea,red tea,NOTE,Red Tea,LEVEL_A_DIRECT,A
Red Thyme,red thyme,NOTE,Red Thyme,LEVEL_A_DIRECT,A
Red Tulip,red tulip,NOTE,Red Tulip,LEVEL_A_DIRECT,A
Red Vanill-Orchid,red vanill-orchid,NOTE,Red Vanill-Orchid,LEVEL_A_DIRECT,A
Red Willow,red willow,NOTE,Red Willow,LEVEL_A_DIRECT,A
Red Wine,red wine,NOTE,Red Wine,LEVEL_A_DIRECT,A
Redwood,redwood,NOTE,Redwood,LEVEL_A_DIRECT,A
Redwood Flower,redwood flower,NOTE,Redwood Flower,LEVEL_A_DIRECT,A
Reed,reed,NOTE,Reed,LEVEL_A_DIRECT,A
Reseda,reseda,NOTE,Reseda,LEVEL_A_DIRECT,A
Resin,resin,NOTE,Resin,LEVEL_A_DIRECT,A
Resins,resins,NOTE,Resins,LEVEL_A_DIRECT,A
Rhizoma Atractylodis,rhizoma atractylodis,NOTE,Rhizoma Atractylodis,LEVEL_A_DIRECT,A
Rhodinol,rhodinol,NOTE,Rhodinol,LEVEL_A_DIRECT,A
Rhododendron,rhododendron,NOTE,Rhododendron,LEVEL_A_DIRECT,A
Rhubarb,rhubarb,NOTE,Rhubarb,LEVEL_A_DIRECT,A
Rhubarb Leaf,rhubarb leaf,NOTE,Rhubarb Leaf,LEVEL_A_DIRECT,A
Rhuburb,rhuburb,NOTE,Rhuburb,LEVEL_A_DIRECT,A
Rhum Agricole,rhum agricole,NOTE,Rhum Agricole,LEVEL_A_DIRECT,A
Rice,rice,NOTE,Rice,LEVEL_A_DIRECT,A
Rice Basmati,rice basmati,NOTE,Rice Basmati,LEVEL_A_DIRECT,A
Rice Cake,rice cake,NOTE,Rice Cake,LEVEL_A_DIRECT,A
Rice Flower,rice flower,NOTE,Rice Flower,LEVEL_A_DIRECT,A
Rice Leaf,rice leaf,NOTE,Rice Leaf,LEVEL_A_DIRECT,A
Rice Powder,rice powder,NOTE,Rice Powder,LEVEL_A_DIRECT,A
Rice Pudding,rice pudding,NOTE,Rice Pudding,LEVEL_A_DIRECT,A
Rice Water,rice water,NOTE,Rice Water,LEVEL_A_DIRECT,A
Ricotta,ricotta,NOTE,Ricotta,LEVEL_A_DIRECT,A
Rind Bergamot,rind bergamot,NOTE,Rind Bergamot,LEVEL_A_DIRECT,A
River Notes,river notes,NOTE,River Notes,LEVEL_A_DIRECT,A
Roasted Coffee Beans,roasted coffee beans,NOTE,Roasted Coffee Beans,LEVEL_A_DIRECT,A
Roasted Nuts,roasted nuts,NOTE,Roasted Nuts,LEVEL_A_DIRECT,A
Rock rose,rock rose,NOTE,Rock rose,LEVEL_A_DIRECT,A
Rocket fuel,rocket fuel,NOTE,Rocket fuel,LEVEL_A_DIRECT,A
Romandolide®,romandolide®,NOTE,Romandolide®,LEVEL_A_DIRECT,A
Romanian Sage,romanian sage,NOTE,Romanian Sage,LEVEL_A_DIRECT,A
Rooibos Tea,rooibos tea,NOTE,Rooibos Tea,LEVEL_A_DIRECT,A
Root Beer,root beer,NOTE,Root Beer,LEVEL_A_DIRECT,A
Roots,roots,NOTE,Roots,LEVEL_A_DIRECT,A
Rosa Alba,rosa alba,NOTE,Rosa Alba,LEVEL_A_DIRECT,A
Rosa Rubiginosa,rosa rubiginosa,NOTE,Rosa Rubiginosa,LEVEL_A_DIRECT,A
rose,rose,ACCORD,rose,LEVEL_A_DIRECT,A
Rose,rose,NOTE,Rose,LEVEL_A_DIRECT,A
Rose Apple,rose apple,NOTE,Rose Apple,LEVEL_A_DIRECT,A
Rose de Mai,rose de mai,NOTE,Rose de Mai,LEVEL_A_DIRECT,A
Rose Geranium,rose geranium,NOTE,Rose Geranium,LEVEL_A_DIRECT,A
Rose Hip,rose hip,NOTE,Rose Hip,LEVEL_A_DIRECT,A
Rose Jam,rose jam,NOTE,Rose Jam,LEVEL_A_DIRECT,A
Rose Japanese (Hamanasu),rose japanese (hamanasu),NOTE,Rose Japanese (Hamanasu),LEVEL_A_DIRECT,A
Rose Juliette Greco,rose juliette greco,NOTE,Rose Juliette Greco,LEVEL_A_DIRECT,A
Rose Leaf,rose leaf,NOTE,Rose Leaf,LEVEL_A_DIRECT,A
Rose Mallow,rose mallow,NOTE,Rose Mallow,LEVEL_A_DIRECT,A
Rose Milk,rose milk,NOTE,Rose Milk,LEVEL_A_DIRECT,A
Rose Oil,rose oil,NOTE,Rose Oil,LEVEL_A_DIRECT,A
Rose Oxide,rose oxide,NOTE,Rose Oxide,LEVEL_A_DIRECT,A
Rose Petals,rose petals,NOTE,Rose Petals,LEVEL_A_DIRECT,A
Rose Thorn,rose thorn,NOTE,Rose Thorn,LEVEL_A_DIRECT,A
Rose Water,rose water,NOTE,Rose Water,LEVEL_A_DIRECT,A
Rosebay Willowherb,rosebay willowherb,NOTE,Rosebay Willowherb,LEVEL_A_DIRECT,A
Rosebud,rosebud,NOTE,Rosebud,LEVEL_A_DIRECT,A
Roselle,roselle,NOTE,Roselle,LEVEL_A_DIRECT,A
Rosemary,rosemary,NOTE,Rosemary,LEVEL_A_DIRECT,A
Roseroot,roseroot,NOTE,Roseroot,LEVEL_A_DIRECT,A
Rosewood Leaf,rosewood leaf,NOTE,Rosewood Leaf,LEVEL_A_DIRECT,A
Rosyfolia,rosyfolia,NOTE,Rosyfolia,LEVEL_A_DIRECT,A
Rowanberry,rowanberry,NOTE,Rowanberry,LEVEL_A_DIRECT,A
Royal Lily,royal lily,NOTE,Royal Lily,LEVEL_A_DIRECT,A
rubber,rubber,ACCORD,rubber,LEVEL_A_DIRECT,A
Rubber,rubber,NOTE,Rubber,LEVEL_A_DIRECT,A
Rue,rue,NOTE,Rue,LEVEL_A_DIRECT,A
rum,rum,ACCORD,rum,LEVEL_A_DIRECT,A
Rum,rum,NOTE,Rum,LEVEL_A_DIRECT,A
Rumenian Tagetes,rumenian tagetes,NOTE,Rumenian Tagetes,LEVEL_A_DIRECT,A
Rumex,rumex,NOTE,Rumex,LEVEL_A_DIRECT,A
Russian Leather,russian leather,NOTE,Russian Leather,LEVEL_A_DIRECT,A
Rye,rye,NOTE,Rye,LEVEL_A_DIRECT,A
Sabah Snake Grass,sabah snake grass,NOTE,Sabah Snake Grass,LEVEL_A_DIRECT,A
Sacher Torte,sacher torte,NOTE,Sacher Torte,LEVEL_A_DIRECT,A
Saffiano Leather,saffiano leather,NOTE,Saffiano Leather,LEVEL_A_DIRECT,A
Safflower,safflower,NOTE,Safflower,LEVEL_A_DIRECT,A
Saffron,saffron,NOTE,Saffron,LEVEL_A_DIRECT,A
Safraleine,safraleine,NOTE,Safraleine,LEVEL_A_DIRECT,A
Safrole,safrole,NOTE,Safrole,LEVEL_A_DIRECT,A
Sage,sage,NOTE,Sage,LEVEL_A_DIRECT,A
Sainfoins,sainfoins,NOTE,Sainfoins,LEVEL_A_DIRECT,A
sake,sake,ACCORD,sake,LEVEL_A_DIRECT,A
Sake,sake,NOTE,Sake,LEVEL_A_DIRECT,A
Salak,salak,NOTE,Salak,LEVEL_A_DIRECT,A
Salicylic Acid,salicylic acid,NOTE,Salicylic Acid,LEVEL_A_DIRECT,A
Salmiak salt,salmiak salt,NOTE,Salmiak salt,LEVEL_A_DIRECT,A
Salt,salt,NOTE,Salt,LEVEL_A_DIRECT,A
Salted Butter,salted butter,NOTE,Salted Butter,LEVEL_A_DIRECT,A
Salted Caramel,salted caramel,NOTE,Salted Caramel,LEVEL_A_DIRECT,A
Salted Caramel Fudge,salted caramel fudge,NOTE,Salted Caramel Fudge,LEVEL_A_DIRECT,A
Salted Egg Yolk,salted egg yolk,NOTE,Salted Egg Yolk,LEVEL_A_DIRECT,A
salty,salty,ACCORD,salty,LEVEL_A_DIRECT,A
Saman,saman,NOTE,Saman,LEVEL_A_DIRECT,A
sand,sand,ACCORD,sand,LEVEL_A_DIRECT,A
Sand,sand,NOTE,Sand,LEVEL_A_DIRECT,A
Sand Lily,sand lily,NOTE,Sand Lily,LEVEL_A_DIRECT,A
Sandal,sandal,NOTE,Sandal,LEVEL_A_DIRECT,A
Sandalore™,sandaloretm,NOTE,Sandalore™,LEVEL_A_DIRECT,A
Sandalowood,sandalowood,NOTE,Sandalowood,LEVEL_A_DIRECT,A
Sandalwood,sandalwood,NOTE,Sandalwood,LEVEL_A_DIRECT,A
Sandalwood Flower,sandalwood flower,NOTE,Sandalwood Flower,LEVEL_A_DIRECT,A
Sangria,sangria,NOTE,Sangria,LEVEL_A_DIRECT,A
Sansevieria,sansevieria,NOTE,Sansevieria,LEVEL_A_DIRECT,A
Santamanol™,santamanoltm,NOTE,Santamanol™,LEVEL_A_DIRECT,A
Santol,santol,NOTE,Santol,LEVEL_A_DIRECT,A
Santolina,santolina,NOTE,Santolina,LEVEL_A_DIRECT,A
Sap,sap,NOTE,Sap,LEVEL_A_DIRECT,A
Sapodilla,sapodilla,NOTE,Sapodilla,LEVEL_A_DIRECT,A
Sarsaparilla,sarsaparilla,NOTE,Sarsaparilla,LEVEL_A_DIRECT,A
Sassafras,sassafras,NOTE,Sassafras,LEVEL_A_DIRECT,A
Satin,satin,NOTE,Satin,LEVEL_A_DIRECT,A
Satinwood,satinwood,NOTE,Satinwood,LEVEL_A_DIRECT,A
Satureja,satureja,NOTE,Satureja,LEVEL_A_DIRECT,A
Sauce-aroma Baijiu,sauce-aroma baijiu,NOTE,Sauce-aroma Baijiu,LEVEL_A_DIRECT,A
Saucer Magnolia,saucer magnolia,NOTE,Saucer Magnolia,LEVEL_A_DIRECT,A
Sauna,sauna,NOTE,Sauna,LEVEL_A_DIRECT,A
savory,savory,ACCORD,savory,LEVEL_A_DIRECT,A
Saw palmetto,saw palmetto,NOTE,Saw palmetto,LEVEL_A_DIRECT,A
Sawdust,sawdust,NOTE,Sawdust,LEVEL_A_DIRECT,A
Scent Trek®,scent trek®,NOTE,Scent Trek®,LEVEL_A_DIRECT,A
Sclarene,sclarene,NOTE,Sclarene,LEVEL_A_DIRECT,A
Scone,scone,NOTE,Scone,LEVEL_A_DIRECT,A
Scots pine variant,scots pine variant,NOTE,Scots pine variant,LEVEL_A_DIRECT,A
Sea Buckthorn,sea buckthorn,NOTE,Sea Buckthorn,LEVEL_A_DIRECT,A
Sea cucumber,sea cucumber,NOTE,Sea cucumber,LEVEL_A_DIRECT,A
Sea Daffodil,sea daffodil,NOTE,Sea Daffodil,LEVEL_A_DIRECT,A
Sea Foam,sea foam,NOTE,Sea Foam,LEVEL_A_DIRECT,A
Sea Notes,sea notes,NOTE,Sea Notes,LEVEL_A_DIRECT,A
Sea Salt,sea salt,NOTE,Sea Salt,LEVEL_A_DIRECT,A
Sea Shells,sea shells,NOTE,Sea Shells,LEVEL_A_DIRECT,A
Sea water,sea water,NOTE,Sea water,LEVEL_A_DIRECT,A
Seagrass,seagrass,NOTE,Seagrass,LEVEL_A_DIRECT,A
Seashells,seashells,NOTE,Seashells,LEVEL_A_DIRECT,A
Seaweed,seaweed,NOTE,Seaweed,LEVEL_A_DIRECT,A
Sedge,sedge,NOTE,Sedge,LEVEL_A_DIRECT,A
Seed Okra or Gumbo,seed okra or gumbo,NOTE,Seed Okra or Gumbo,LEVEL_A_DIRECT,A
Selaginella tamariscina,selaginella tamariscina,NOTE,Selaginella tamariscina,LEVEL_A_DIRECT,A
Senecio,senecio,NOTE,Senecio,LEVEL_A_DIRECT,A
Sequoia,sequoia,NOTE,Sequoia,LEVEL_A_DIRECT,A
Serbian Oakmoss,serbian oakmoss,NOTE,Serbian Oakmoss,LEVEL_A_DIRECT,A
Serenolide,serenolide,NOTE,Serenolide,LEVEL_A_DIRECT,A
Seriguela,seriguela,NOTE,Seriguela,LEVEL_A_DIRECT,A
Serrano Pepper,serrano pepper,NOTE,Serrano Pepper,LEVEL_A_DIRECT,A
Sesame,sesame,NOTE,Sesame,LEVEL_A_DIRECT,A
Sex on the beach,sex on the beach,NOTE,Sex on the beach,LEVEL_A_DIRECT,A
Shamama Attar,shamama attar,NOTE,Shamama Attar,LEVEL_A_DIRECT,A
Shea Butter,shea butter,NOTE,Shea Butter,LEVEL_A_DIRECT,A
Shea Nuts,shea nuts,NOTE,Shea Nuts,LEVEL_A_DIRECT,A
Sherry,sherry,NOTE,Sherry,LEVEL_A_DIRECT,A
Shiikuwasha,shiikuwasha,NOTE,Shiikuwasha,LEVEL_A_DIRECT,A
Shiso,shiso,NOTE,Shiso,LEVEL_A_DIRECT,A
Shortcrust Pastry,shortcrust pastry,NOTE,Shortcrust Pastry,LEVEL_A_DIRECT,A
Siam,siam,NOTE,Siam,LEVEL_A_DIRECT,A
Siam Benzoin,siam benzoin,NOTE,Siam Benzoin,LEVEL_A_DIRECT,A
Siam Cardamom,siam cardamom,NOTE,Siam Cardamom,LEVEL_A_DIRECT,A
Siam Resin,siam resin,NOTE,Siam Resin,LEVEL_A_DIRECT,A
Siam Wood,siam wood,NOTE,Siam Wood,LEVEL_A_DIRECT,A
Siberian Pine,siberian pine,NOTE,Siberian Pine,LEVEL_A_DIRECT,A
Siberian rhododendron,siberian rhododendron,NOTE,Siberian rhododendron,LEVEL_A_DIRECT,A
Sichuan Pepper,sichuan pepper,NOTE,Sichuan Pepper,LEVEL_A_DIRECT,A
Sicilian Bergamot,sicilian bergamot,NOTE,Sicilian Bergamot,LEVEL_A_DIRECT,A
Sicilian Bitter Orange,sicilian bitter orange,NOTE,Sicilian Bitter Orange,LEVEL_A_DIRECT,A
Sicilian Citrus,sicilian citrus,NOTE,Sicilian Citrus,LEVEL_A_DIRECT,A
Sicilian Citruses,sicilian citruses,NOTE,Sicilian Citruses,LEVEL_A_DIRECT,A
Sicilian Lemon,sicilian lemon,NOTE,Sicilian Lemon,LEVEL_A_DIRECT,A
Sicilian Mandarin,sicilian mandarin,NOTE,Sicilian Mandarin,LEVEL_A_DIRECT,A
Sicilian Mandarin Blossom,sicilian mandarin blossom,NOTE,Sicilian Mandarin Blossom,LEVEL_A_DIRECT,A
Sicilian Orange,sicilian orange,NOTE,Sicilian Orange,LEVEL_A_DIRECT,A
"Sideritis, Mountain Tea","sideritis, mountain tea",NOTE,"Sideritis, Mountain Tea",LEVEL_A_DIRECT,A
Silk,silk,NOTE,Silk,LEVEL_A_DIRECT,A
Silk Tree blossom,silk tree blossom,NOTE,Silk Tree blossom,LEVEL_A_DIRECT,A
Silk Vine or Milk Broom,silk vine or milk broom,NOTE,Silk Vine or Milk Broom,LEVEL_A_DIRECT,A
Silkwood Blossom,silkwood blossom,NOTE,Silkwood Blossom,LEVEL_A_DIRECT,A
Silver,silver,NOTE,Silver,LEVEL_A_DIRECT,A
Silver Fir,silver fir,NOTE,Silver Fir,LEVEL_A_DIRECT,A
Silver Pine,silver pine,NOTE,Silver Pine,LEVEL_A_DIRECT,A
Silverberry,silverberry,NOTE,Silverberry,LEVEL_A_DIRECT,A
Silverthorn,silverthorn,NOTE,Silverthorn,LEVEL_A_DIRECT,A
Sinfonide,sinfonide,NOTE,Sinfonide,LEVEL_A_DIRECT,A
Singapore Patchouli,singapore patchouli,NOTE,Singapore Patchouli,LEVEL_A_DIRECT,A
Siren,siren,NOTE,Siren,LEVEL_A_DIRECT,A
Siriuba Tree,siriuba tree,NOTE,Siriuba Tree,LEVEL_A_DIRECT,A
Sisal Rope,sisal rope,NOTE,Sisal Rope,LEVEL_A_DIRECT,A
Skatole,skatole,NOTE,Skatole,LEVEL_A_DIRECT,A
Skeleton Flower,skeleton flower,NOTE,Skeleton Flower,LEVEL_A_DIRECT,A
Skin,skin,NOTE,Skin,LEVEL_A_DIRECT,A
Skin musk,skin musk,NOTE,Skin musk,LEVEL_A_DIRECT,A
Slate,slate,NOTE,Slate,LEVEL_A_DIRECT,A
Smoke,smoke,NOTE,Smoke,LEVEL_A_DIRECT,A
Smoketree,smoketree,NOTE,Smoketree,LEVEL_A_DIRECT,A
smoky,smoky,ACCORD,smoky,LEVEL_A_DIRECT,A
Snake Plant,snake plant,NOTE,Snake Plant,LEVEL_A_DIRECT,A
Snakeroot,snakeroot,NOTE,Snakeroot,LEVEL_A_DIRECT,A
Snow,snow,NOTE,Snow,LEVEL_A_DIRECT,A
Snow Lotus,snow lotus,NOTE,Snow Lotus,LEVEL_A_DIRECT,A
Snowberry,snowberry,NOTE,Snowberry,LEVEL_A_DIRECT,A
Snowdrops,snowdrops,NOTE,Snowdrops,LEVEL_A_DIRECT,A
Soap,soap,NOTE,Soap,LEVEL_A_DIRECT,A
Soapwort,soapwort,NOTE,Soapwort,LEVEL_A_DIRECT,A
soapy,soapy,ACCORD,soapy,LEVEL_A_DIRECT,A
Soda Bubbles,soda bubbles,NOTE,Soda Bubbles,LEVEL_A_DIRECT,A
Sodium Silicate,sodium silicate,NOTE,Sodium Silicate,LEVEL_A_DIRECT,A
soft spicy,soft spicy,ACCORD,soft spicy,LEVEL_A_DIRECT,A
Soil Tincture,soil tincture,NOTE,Soil Tincture,LEVEL_A_DIRECT,A
Soju,soju,NOTE,Soju,LEVEL_A_DIRECT,A
Solar Notes,solar notes,NOTE,Solar Notes,LEVEL_A_DIRECT,A
Solomon's Seal,solomon's seal,NOTE,Solomon's Seal,LEVEL_A_DIRECT,A
Somalian Opoponax,somalian opoponax,NOTE,Somalian Opoponax,LEVEL_A_DIRECT,A
Sophora Toromiro Flower,sophora toromiro flower,NOTE,Sophora Toromiro Flower,LEVEL_A_DIRECT,A
Sorbet,sorbet,NOTE,Sorbet,LEVEL_A_DIRECT,A
Sorghum,sorghum,NOTE,Sorghum,LEVEL_A_DIRECT,A
Souffle,souffle,NOTE,Souffle,LEVEL_A_DIRECT,A
sour,sour,ACCORD,sour,LEVEL_A_DIRECT,A
Sour Cherry,sour cherry,NOTE,Sour Cherry,LEVEL_A_DIRECT,A
Sour Cherry Blossom,sour cherry blossom,NOTE,Sour Cherry Blossom,LEVEL_A_DIRECT,A
Sour Cream,sour cream,NOTE,Sour Cream,LEVEL_A_DIRECT,A
Sour Milk,sour milk,NOTE,Sour Milk,LEVEL_A_DIRECT,A
Soursop,soursop,NOTE,Soursop,LEVEL_A_DIRECT,A
South African Sage,south african sage,NOTE,South African Sage,LEVEL_A_DIRECT,A
Soy Milk,soy milk,NOTE,Soy Milk,LEVEL_A_DIRECT,A
Soy Sauce,soy sauce,NOTE,Soy Sauce,LEVEL_A_DIRECT,A
Soybean,soybean,NOTE,Soybean,LEVEL_A_DIRECT,A
SP3 Carbon,sp3 carbon,NOTE,SP3 Carbon,LEVEL_A_DIRECT,A
Space Ship,space ship,NOTE,Space Ship,LEVEL_A_DIRECT,A
Spanish Jasmine,spanish jasmine,NOTE,Spanish Jasmine,LEVEL_A_DIRECT,A
Spanish Labdanum,spanish labdanum,NOTE,Spanish Labdanum,LEVEL_A_DIRECT,A
Sparkling Accord,sparkling accord,NOTE,Sparkling Accord,LEVEL_A_DIRECT,A
Sparkling Water,sparkling water,NOTE,Sparkling Water,LEVEL_A_DIRECT,A
Sparkling Wine,sparkling wine,NOTE,Sparkling Wine,LEVEL_A_DIRECT,A
Spearmint,spearmint,NOTE,Spearmint,LEVEL_A_DIRECT,A
Speculoos,speculoos,NOTE,Speculoos,LEVEL_A_DIRECT,A
spice,spice,ACCORD,spice,LEVEL_A_DIRECT,A
Spices,spices,NOTE,Spices,LEVEL_A_DIRECT,A
Spicy Notes,spicy notes,NOTE,Spicy Notes,LEVEL_A_DIRECT,A
Spiked Pepper,spiked pepper,NOTE,Spiked Pepper,LEVEL_A_DIRECT,A
Spinach,spinach,NOTE,Spinach,LEVEL_A_DIRECT,A
Spiraea,spiraea,NOTE,Spiraea,LEVEL_A_DIRECT,A
Spiranol,spiranol,NOTE,Spiranol,LEVEL_A_DIRECT,A
Spray Paint,spray paint,NOTE,Spray Paint,LEVEL_A_DIRECT,A
spring,spring,SEASON,spring,ENGLISH_CONTEXT_ALIAS,A
Sprinkles,sprinkles,NOTE,Sprinkles,LEVEL_A_DIRECT,A
Spruce,spruce,NOTE,Spruce,LEVEL_A_DIRECT,A
Spun Sugar,spun sugar,NOTE,Spun Sugar,LEVEL_A_DIRECT,A
Squash,squash,NOTE,Squash,LEVEL_A_DIRECT,A
Squishmallow Accord,squishmallow accord,NOTE,Squishmallow Accord,LEVEL_A_DIRECT,A
St John's Wort,st john's wort,NOTE,St John's Wort,LEVEL_A_DIRECT,A
St. John's Wort,st. john's wort,NOTE,St. John's Wort,LEVEL_A_DIRECT,A
Star Anise,star anise,NOTE,Star Anise,LEVEL_A_DIRECT,A
Star apple,star apple,NOTE,Star apple,LEVEL_A_DIRECT,A
Star Fruit,star fruit,NOTE,Star Fruit,LEVEL_A_DIRECT,A
Star Jasmine,star jasmine,NOTE,Star Jasmine,LEVEL_A_DIRECT,A
Star Magnolia,star magnolia,NOTE,Star Magnolia,LEVEL_A_DIRECT,A
Starburst Candy,starburst candy,NOTE,Starburst Candy,LEVEL_A_DIRECT,A
Stardust,stardust,NOTE,Stardust,LEVEL_A_DIRECT,A
Starfish,starfish,NOTE,Starfish,LEVEL_A_DIRECT,A
Starflower,starflower,NOTE,Starflower,LEVEL_A_DIRECT,A
Steam Accord,steam accord,NOTE,Steam Accord,LEVEL_A_DIRECT,A
Stems Greens,stems greens,NOTE,Stems Greens,LEVEL_A_DIRECT,A
Stephanotis,stephanotis,NOTE,Stephanotis,LEVEL_A_DIRECT,A
Stone,stone,NOTE,Stone,LEVEL_A_DIRECT,A
Storax,storax,NOTE,Storax,LEVEL_A_DIRECT,A
Straw,straw,NOTE,Straw,LEVEL_A_DIRECT,A
Strawberry,strawberry,NOTE,Strawberry,LEVEL_A_DIRECT,A
Strawberry Fizz Candy,strawberry fizz candy,NOTE,Strawberry Fizz Candy,LEVEL_A_DIRECT,A
Strawberry Flower,strawberry flower,NOTE,Strawberry Flower,LEVEL_A_DIRECT,A
Strawberry Jam,strawberry jam,NOTE,Strawberry Jam,LEVEL_A_DIRECT,A
Strawberry Leaf,strawberry leaf,NOTE,Strawberry Leaf,LEVEL_A_DIRECT,A
Strawberry Plant,strawberry plant,NOTE,Strawberry Plant,LEVEL_A_DIRECT,A
Strawberry Syrup,strawberry syrup,NOTE,Strawberry Syrup,LEVEL_A_DIRECT,A
Strawberry S’mores,strawberry s’mores,NOTE,Strawberry S’mores,LEVEL_A_DIRECT,A
Strawberry Yogurt,strawberry yogurt,NOTE,Strawberry Yogurt,LEVEL_A_DIRECT,A
Strelitzia,strelitzia,NOTE,Strelitzia,LEVEL_A_DIRECT,A
Strobilanthes Callosus,strobilanthes callosus,NOTE,Strobilanthes Callosus,LEVEL_A_DIRECT,A
Styrax,styrax,NOTE,Styrax,LEVEL_A_DIRECT,A
Sublimolide™,sublimolidetm,NOTE,Sublimolide™,LEVEL_A_DIRECT,A
Sudachi citrus,sudachi citrus,NOTE,Sudachi citrus,LEVEL_A_DIRECT,A
Suede,suede,NOTE,Suede,LEVEL_A_DIRECT,A
Suederal®,suederal®,NOTE,Suederal®,LEVEL_A_DIRECT,A
Sugandha Kokila,sugandha kokila,NOTE,Sugandha Kokila,LEVEL_A_DIRECT,A
Sugar,sugar,NOTE,Sugar,LEVEL_A_DIRECT,A
Sugar Candy,sugar candy,NOTE,Sugar Candy,LEVEL_A_DIRECT,A
Sugar Cane,sugar cane,NOTE,Sugar Cane,LEVEL_A_DIRECT,A
Sugar cookie,sugar cookie,NOTE,Sugar cookie,LEVEL_A_DIRECT,A
Sugar Syrup,sugar syrup,NOTE,Sugar Syrup,LEVEL_A_DIRECT,A
Sugared Almonds,sugared almonds,NOTE,Sugared Almonds,LEVEL_A_DIRECT,A
SugarLoaf Pineapple,sugarloaf pineapple,NOTE,SugarLoaf Pineapple,LEVEL_A_DIRECT,A
Sulphur,sulphur,NOTE,Sulphur,LEVEL_A_DIRECT,A
Sumac,sumac,NOTE,Sumac,LEVEL_A_DIRECT,A
summer,summer,SEASON,summer,ENGLISH_CONTEXT_ALIAS,A
Sundew,sundew,NOTE,Sundew,LEVEL_A_DIRECT,A
Sunflower,sunflower,NOTE,Sunflower,LEVEL_A_DIRECT,A
Sunscreen,sunscreen,NOTE,Sunscreen,LEVEL_A_DIRECT,A
Suntan Lotion,suntan lotion,NOTE,Suntan Lotion,LEVEL_A_DIRECT,A
Surf Wax,surf wax,NOTE,Surf Wax,LEVEL_A_DIRECT,A
Swartzia,swartzia,NOTE,Swartzia,LEVEL_A_DIRECT,A
Sweat,sweat,NOTE,Sweat,LEVEL_A_DIRECT,A
sweet,sweet,ACCORD,sweet,LEVEL_A_DIRECT,A
Sweet Almond,sweet almond,NOTE,Sweet Almond,LEVEL_A_DIRECT,A
Sweet Alyssum,sweet alyssum,NOTE,Sweet Alyssum,LEVEL_A_DIRECT,A
Sweet Grass,sweet grass,NOTE,Sweet Grass,LEVEL_A_DIRECT,A
Sweet Milk,sweet milk,NOTE,Sweet Milk,LEVEL_A_DIRECT,A
Sweet Notes,sweet notes,NOTE,Sweet Notes,LEVEL_A_DIRECT,A
Sweet Orange,sweet orange,NOTE,Sweet Orange,LEVEL_A_DIRECT,A
Sweet Pea,sweet pea,NOTE,Sweet Pea,LEVEL_A_DIRECT,A
Sweet Pepper,sweet pepper,NOTE,Sweet Pepper,LEVEL_A_DIRECT,A
Sweet Pie,sweet pie,NOTE,Sweet Pie,LEVEL_A_DIRECT,A
Sweet Potato,sweet potato,NOTE,Sweet Potato,LEVEL_A_DIRECT,A
Sycamore,sycamore,NOTE,Sycamore,LEVEL_A_DIRECT,A
Sylkolide,sylkolide,NOTE,Sylkolide,LEVEL_A_DIRECT,A
Synthetic Civet,synthetic civet,NOTE,Synthetic Civet,LEVEL_A_DIRECT,A
Syringa,syringa,NOTE,Syringa,LEVEL_A_DIRECT,A
Syrup,syrup,NOTE,Syrup,LEVEL_A_DIRECT,A
T-Shirt accord,t-shirt accord,NOTE,T-Shirt accord,LEVEL_A_DIRECT,A
Tahitian Gardenia,tahitian gardenia,NOTE,Tahitian Gardenia,LEVEL_A_DIRECT,A
Tahitian Tiare Flower,tahitian tiare flower,NOTE,Tahitian Tiare Flower,LEVEL_A_DIRECT,A
Tahitian Vanilla,tahitian vanilla,NOTE,Tahitian Vanilla,LEVEL_A_DIRECT,A
Tahitian Vetiver,tahitian vetiver,NOTE,Tahitian Vetiver,LEVEL_A_DIRECT,A
Taif Rose,taif rose,NOTE,Taif Rose,LEVEL_A_DIRECT,A
Takamaka,takamaka,NOTE,Takamaka,LEVEL_A_DIRECT,A
Talc,talc,NOTE,Talc,LEVEL_A_DIRECT,A
Tamanu,tamanu,NOTE,Tamanu,LEVEL_A_DIRECT,A
Tamarind,tamarind,NOTE,Tamarind,LEVEL_A_DIRECT,A
Tamarisk,tamarisk,NOTE,Tamarisk,LEVEL_A_DIRECT,A
Tamboti Wood,tamboti wood,NOTE,Tamboti Wood,LEVEL_A_DIRECT,A
Tangelo,tangelo,NOTE,Tangelo,LEVEL_A_DIRECT,A
Tangerine,tangerine,NOTE,Tangerine,LEVEL_A_DIRECT,A
Tangerine Blossom,tangerine blossom,NOTE,Tangerine Blossom,LEVEL_A_DIRECT,A
Tangerine Leaves,tangerine leaves,NOTE,Tangerine Leaves,LEVEL_A_DIRECT,A
Tangerine Zest,tangerine zest,NOTE,Tangerine Zest,LEVEL_A_DIRECT,A
Tanghulu,tanghulu,NOTE,Tanghulu,LEVEL_A_DIRECT,A
Tansy,tansy,NOTE,Tansy,LEVEL_A_DIRECT,A
Tapioca,tapioca,NOTE,Tapioca,LEVEL_A_DIRECT,A
Tar,tar,NOTE,Tar,LEVEL_A_DIRECT,A
Taro,taro,NOTE,Taro,LEVEL_A_DIRECT,A
Tarragon,tarragon,NOTE,Tarragon,LEVEL_A_DIRECT,A
Tartine,tartine,NOTE,Tartine,LEVEL_A_DIRECT,A
Tatami,tatami,NOTE,Tatami,LEVEL_A_DIRECT,A
Tayberry,tayberry,NOTE,Tayberry,LEVEL_A_DIRECT,A
Tea,tea,NOTE,Tea,LEVEL_A_DIRECT,A
Tea Leaf,tea leaf,NOTE,Tea Leaf,LEVEL_A_DIRECT,A
Tea Rose,tea rose,NOTE,Tea Rose,LEVEL_A_DIRECT,A
Tea Tree Oil,tea tree oil,NOTE,Tea Tree Oil,LEVEL_A_DIRECT,A
Teak Wood,teak wood,NOTE,Teak Wood,LEVEL_A_DIRECT,A
Teakwood Essence,teakwood essence,NOTE,Teakwood Essence,LEVEL_A_DIRECT,A
tennis ball,tennis ball,ACCORD,tennis ball,LEVEL_A_DIRECT,A
Tennis Ball,tennis ball,NOTE,Tennis Ball,LEVEL_A_DIRECT,A
Tequila,tequila,NOTE,Tequila,LEVEL_A_DIRECT,A
Terebinth Tree,terebinth tree,NOTE,Terebinth Tree,LEVEL_A_DIRECT,A
terpenic,terpenic,ACCORD,terpenic,LEVEL_A_DIRECT,A
Terpineol,terpineol,NOTE,Terpineol,LEVEL_A_DIRECT,A
Terracotta,terracotta,NOTE,Terracotta,LEVEL_A_DIRECT,A
Terranol,terranol,NOTE,Terranol,LEVEL_A_DIRECT,A
Texas Cedar,texas cedar,NOTE,Texas Cedar,LEVEL_A_DIRECT,A
Texas Rosewood,texas rosewood,NOTE,Texas Rosewood,LEVEL_A_DIRECT,A
Thai Tea,thai tea,NOTE,Thai Tea,LEVEL_A_DIRECT,A
Thailand Oud,thailand oud,NOTE,Thailand Oud,LEVEL_A_DIRECT,A
Thalassogaia™,thalassogaiatm,NOTE,Thalassogaia™,LEVEL_A_DIRECT,A
Thanaka Wood,thanaka wood,NOTE,Thanaka Wood,LEVEL_A_DIRECT,A
Thistle,thistle,NOTE,Thistle,LEVEL_A_DIRECT,A
Thuja,thuja,NOTE,Thuja,LEVEL_A_DIRECT,A
Thyme,thyme,NOTE,Thyme,LEVEL_A_DIRECT,A
Ti Leaf (Cordilyne),ti leaf (cordilyne),NOTE,Ti Leaf (Cordilyne),LEVEL_A_DIRECT,A
Tiare,tiare,NOTE,Tiare,LEVEL_A_DIRECT,A
Tiare Flower,tiare flower,NOTE,Tiare Flower,LEVEL_A_DIRECT,A
Tibetan Moss,tibetan moss,NOTE,Tibetan Moss,LEVEL_A_DIRECT,A
Tieguanyin Tea,tieguanyin tea,NOTE,Tieguanyin Tea,LEVEL_A_DIRECT,A
Timberol,timberol,NOTE,Timberol,LEVEL_A_DIRECT,A
Timbersilk™,timbersilktm,NOTE,Timbersilk™,LEVEL_A_DIRECT,A
Timur,timur,NOTE,Timur,LEVEL_A_DIRECT,A
Tincture of Rose,tincture of rose,NOTE,Tincture of Rose,LEVEL_A_DIRECT,A
Tiramisu,tiramisu,NOTE,Tiramisu,LEVEL_A_DIRECT,A
Tires,tires,NOTE,Tires,LEVEL_A_DIRECT,A
Toast,toast,NOTE,Toast,LEVEL_A_DIRECT,A
Toasted Coconut,toasted coconut,NOTE,Toasted Coconut,LEVEL_A_DIRECT,A
Toasted Rice,toasted rice,NOTE,Toasted Rice,LEVEL_A_DIRECT,A
tobacco,tobacco,ACCORD,tobacco,LEVEL_A_DIRECT,A
Tobacco,tobacco,NOTE,Tobacco,LEVEL_A_DIRECT,A
Tobacco Blossom,tobacco blossom,NOTE,Tobacco Blossom,LEVEL_A_DIRECT,A
Tobacco Leaf,tobacco leaf,NOTE,Tobacco Leaf,LEVEL_A_DIRECT,A
Toffee,toffee,NOTE,Toffee,LEVEL_A_DIRECT,A
Tokaji Wine,tokaji wine,NOTE,Tokaji Wine,LEVEL_A_DIRECT,A
Tolu Balsam,tolu balsam,NOTE,Tolu Balsam,LEVEL_A_DIRECT,A
Tomato,tomato,NOTE,Tomato,LEVEL_A_DIRECT,A
Tomato Flower,tomato flower,NOTE,Tomato Flower,LEVEL_A_DIRECT,A
Tomato Leaf,tomato leaf,NOTE,Tomato Leaf,LEVEL_A_DIRECT,A
Tomato Sauce,tomato sauce,NOTE,Tomato Sauce,LEVEL_A_DIRECT,A
Tonalide®,tonalide®,NOTE,Tonalide®,LEVEL_A_DIRECT,A
Tonic Water,tonic water,NOTE,Tonic Water,LEVEL_A_DIRECT,A
Tonka,tonka,NOTE,Tonka,LEVEL_A_DIRECT,A
Tonka Bean,tonka bean,NOTE,Tonka Bean,LEVEL_A_DIRECT,A
Tonquitone™,tonquitonetm,NOTE,Tonquitone™,LEVEL_A_DIRECT,A
Toothpaste,toothpaste,NOTE,Toothpaste,LEVEL_A_DIRECT,A
Torreya,torreya,NOTE,Torreya,LEVEL_A_DIRECT,A
Toscanol,toscanol,NOTE,Toscanol,LEVEL_A_DIRECT,A
Transparent Flowers,transparent flowers,NOTE,Transparent Flowers,LEVEL_A_DIRECT,A
Transparent Woods,transparent woods,NOTE,Transparent Woods,LEVEL_A_DIRECT,A
Trat Oud,trat oud,NOTE,Trat Oud,LEVEL_A_DIRECT,A
Trees,trees,NOTE,Trees,LEVEL_A_DIRECT,A
Tres Leches,tres leches,NOTE,Tres Leches,LEVEL_A_DIRECT,A
Trillium,trillium,NOTE,Trillium,LEVEL_A_DIRECT,A
Trimofix®,trimofix®,NOTE,Trimofix®,LEVEL_A_DIRECT,A
Triple Sec,triple sec,NOTE,Triple Sec,LEVEL_A_DIRECT,A
tropical,tropical,ACCORD,tropical,LEVEL_A_DIRECT,A
Tropical Fruit,tropical fruit,NOTE,Tropical Fruit,LEVEL_A_DIRECT,A
Tropical Fruits,tropical fruits,NOTE,Tropical Fruits,LEVEL_A_DIRECT,A
Tropical Notes,tropical notes,NOTE,Tropical Notes,LEVEL_A_DIRECT,A
Tropicalone,tropicalone,NOTE,Tropicalone,LEVEL_A_DIRECT,A
Tropézienne Tarte,tropézienne tarte,NOTE,Tropézienne Tarte,LEVEL_A_DIRECT,A
Truffle,truffle,NOTE,Truffle,LEVEL_A_DIRECT,A
Tuberolide,tuberolide,NOTE,Tuberolide,LEVEL_A_DIRECT,A
tuberose,tuberose,ACCORD,tuberose,LEVEL_A_DIRECT,A
Tuberose,tuberose,NOTE,Tuberose,LEVEL_A_DIRECT,A
Tucumã,tucumã,NOTE,Tucumã,LEVEL_A_DIRECT,A
Tulip,tulip,NOTE,Tulip,LEVEL_A_DIRECT,A
Tulle Accord,tulle accord,NOTE,Tulle Accord,LEVEL_A_DIRECT,A
Tulsi,tulsi,NOTE,Tulsi,LEVEL_A_DIRECT,A
Tumbleweed,tumbleweed,NOTE,Tumbleweed,LEVEL_A_DIRECT,A
Tunisian Neroli,tunisian neroli,NOTE,Tunisian Neroli,LEVEL_A_DIRECT,A
Tunisian Opium,tunisian opium,NOTE,Tunisian Opium,LEVEL_A_DIRECT,A
Tunisian Orange Blossom,tunisian orange blossom,NOTE,Tunisian Orange Blossom,LEVEL_A_DIRECT,A
Tupig,tupig,NOTE,Tupig,LEVEL_A_DIRECT,A
Turkey Red Rose,turkey red rose,NOTE,Turkey Red Rose,LEVEL_A_DIRECT,A
Turkish Coffee Beans,turkish coffee beans,NOTE,Turkish Coffee Beans,LEVEL_A_DIRECT,A
Turkish Rose,turkish rose,NOTE,Turkish Rose,LEVEL_A_DIRECT,A
Turkish Rose Oil,turkish rose oil,NOTE,Turkish Rose Oil,LEVEL_A_DIRECT,A
Turmeric,turmeric,NOTE,Turmeric,LEVEL_A_DIRECT,A
Turnera Diffusa (Damiana),turnera diffusa (damiana),NOTE,Turnera Diffusa (Damiana),LEVEL_A_DIRECT,A
Turpentine,turpentine,NOTE,Turpentine,LEVEL_A_DIRECT,A
Tuscan Cypress,tuscan cypress,NOTE,Tuscan Cypress,LEVEL_A_DIRECT,A
Tuscan Iris,tuscan iris,NOTE,Tuscan Iris,LEVEL_A_DIRECT,A
Tussilago farfara,tussilago farfara,NOTE,Tussilago farfara,LEVEL_A_DIRECT,A
Tyger Lily,tyger lily,NOTE,Tyger Lily,LEVEL_A_DIRECT,A
Ube,ube,NOTE,Ube,LEVEL_A_DIRECT,A
Ultravanil™,ultravaniltm,NOTE,Ultravanil™,LEVEL_A_DIRECT,A
Umami,umami,NOTE,Umami,LEVEL_A_DIRECT,A
Umeshu,umeshu,NOTE,Umeshu,LEVEL_A_DIRECT,A
Valencia Orange Flower,valencia orange flower,NOTE,Valencia Orange Flower,LEVEL_A_DIRECT,A
Valerian,valerian,NOTE,Valerian,LEVEL_A_DIRECT,A
Vanila,vanila,NOTE,Vanila,LEVEL_A_DIRECT,A
vanilla,vanilla,ACCORD,vanilla,LEVEL_A_DIRECT,A
Vanilla,vanilla,NOTE,Vanilla,LEVEL_A_DIRECT,A
Vanilla Absolute,vanilla absolute,NOTE,Vanilla Absolute,LEVEL_A_DIRECT,A
Vanilla Bahiana,vanilla bahiana,NOTE,Vanilla Bahiana,LEVEL_A_DIRECT,A
Vanilla Bean,vanilla bean,NOTE,Vanilla Bean,LEVEL_A_DIRECT,A
Vanilla Caviar,vanilla caviar,NOTE,Vanilla Caviar,LEVEL_A_DIRECT,A
Vanilla Flower,vanilla flower,NOTE,Vanilla Flower,LEVEL_A_DIRECT,A
Vanilla Leaves,vanilla leaves,NOTE,Vanilla Leaves,LEVEL_A_DIRECT,A
Vanilla Macaroon,vanilla macaroon,NOTE,Vanilla Macaroon,LEVEL_A_DIRECT,A
Vanilla Orchid,vanilla orchid,NOTE,Vanilla Orchid,LEVEL_A_DIRECT,A
Vanilla Pod,vanilla pod,NOTE,Vanilla Pod,LEVEL_A_DIRECT,A
Vanilla Sauce,vanilla sauce,NOTE,Vanilla Sauce,LEVEL_A_DIRECT,A
Vanilla Sugar,vanilla sugar,NOTE,Vanilla Sugar,LEVEL_A_DIRECT,A
Vanille,vanille,NOTE,Vanille,LEVEL_A_DIRECT,A
Vanillin,vanillin,NOTE,Vanillin,LEVEL_A_DIRECT,A
varnish,varnish,ACCORD,varnish,LEVEL_A_DIRECT,A
Varnish Accord,varnish accord,NOTE,Varnish Accord,LEVEL_A_DIRECT,A
Vegetal Notes,vegetal notes,NOTE,Vegetal Notes,LEVEL_A_DIRECT,A
Veloutone,veloutone,NOTE,Veloutone,LEVEL_A_DIRECT,A
Velvet,velvet,NOTE,Velvet,LEVEL_A_DIRECT,A
Velvet Woods,velvet woods,NOTE,Velvet Woods,LEVEL_A_DIRECT,A
Velvione™,velvionetm,NOTE,Velvione™,LEVEL_A_DIRECT,A
Verbena,verbena,NOTE,Verbena,LEVEL_A_DIRECT,A
Verdox,verdox,NOTE,Verdox,LEVEL_A_DIRECT,A
Vermouth,vermouth,NOTE,Vermouth,LEVEL_A_DIRECT,A
Vervain,vervain,NOTE,Vervain,LEVEL_A_DIRECT,A
Vetiver,vetiver,NOTE,Vetiver,LEVEL_A_DIRECT,A
Vetiver Root,vetiver root,NOTE,Vetiver Root,LEVEL_A_DIRECT,A
Vetyver,vetyver,NOTE,Vetyver,LEVEL_A_DIRECT,A
Viburnum,viburnum,NOTE,Viburnum,LEVEL_A_DIRECT,A
Vietnamese Oud,vietnamese oud,NOTE,Vietnamese Oud,LEVEL_A_DIRECT,A
Vine,vine,NOTE,Vine,LEVEL_A_DIRECT,A
Vinegar,vinegar,NOTE,Vinegar,LEVEL_A_DIRECT,A
vinyl,vinyl,ACCORD,vinyl,LEVEL_A_DIRECT,A
Vinyl,vinyl,NOTE,Vinyl,LEVEL_A_DIRECT,A
Vinyl Guaiacol,vinyl guaiacol,NOTE,Vinyl Guaiacol,LEVEL_A_DIRECT,A
violet,violet,ACCORD,violet,LEVEL_A_DIRECT,A
Violet,violet,NOTE,Violet,LEVEL_A_DIRECT,A
Violet Leaf,violet leaf,NOTE,Violet Leaf,LEVEL_A_DIRECT,A
Violet Leaves,violet leaves,NOTE,Violet Leaves,LEVEL_A_DIRECT,A
Violet Root,violet root,NOTE,Violet Root,LEVEL_A_DIRECT,A
Violet Woodsorrel,violet woodsorrel,NOTE,Violet Woodsorrel,LEVEL_A_DIRECT,A
Virginia Cedar,virginia cedar,NOTE,Virginia Cedar,LEVEL_A_DIRECT,A
Virginian Cedar,virginian cedar,NOTE,Virginian Cedar,LEVEL_A_DIRECT,A
Virginian Patchouli,virginian patchouli,NOTE,Virginian Patchouli,LEVEL_A_DIRECT,A
Vitamin C,vitamin c,NOTE,Vitamin C,LEVEL_A_DIRECT,A
vodka,vodka,ACCORD,vodka,LEVEL_A_DIRECT,A
Vodka,vodka,NOTE,Vodka,LEVEL_A_DIRECT,A
Waffle,waffle,NOTE,Waffle,LEVEL_A_DIRECT,A
Wallflower,wallflower,NOTE,Wallflower,LEVEL_A_DIRECT,A
Walnut,walnut,NOTE,Walnut,LEVEL_A_DIRECT,A
Walnut Milk,walnut milk,NOTE,Walnut Milk,LEVEL_A_DIRECT,A
Wan Sao Lhong,wan sao lhong,NOTE,Wan Sao Lhong,LEVEL_A_DIRECT,A
Waratah,waratah,NOTE,Waratah,LEVEL_A_DIRECT,A
warm spicy,warm spicy,ACCORD,warm spicy,LEVEL_A_DIRECT,A
Wasabi,wasabi,NOTE,Wasabi,LEVEL_A_DIRECT,A
Water,water,NOTE,Water,LEVEL_A_DIRECT,A
Water Flowers,water flowers,NOTE,Water Flowers,LEVEL_A_DIRECT,A
Water Fruit,water fruit,NOTE,Water Fruit,LEVEL_A_DIRECT,A
Water Heliotrope,water heliotrope,NOTE,Water Heliotrope,LEVEL_A_DIRECT,A
Water Hyacinth,water hyacinth,NOTE,Water Hyacinth,LEVEL_A_DIRECT,A
Water Jasmine,water jasmine,NOTE,Water Jasmine,LEVEL_A_DIRECT,A
Water Lily,water lily,NOTE,Water Lily,LEVEL_A_DIRECT,A
Water Lily Leaf,water lily leaf,NOTE,Water Lily Leaf,LEVEL_A_DIRECT,A
Water Mint,water mint,NOTE,Water Mint,LEVEL_A_DIRECT,A
Water Notes,water notes,NOTE,Water Notes,LEVEL_A_DIRECT,A
Water Peony,water peony,NOTE,Water Peony,LEVEL_A_DIRECT,A
Water Pepper,water pepper,NOTE,Water Pepper,LEVEL_A_DIRECT,A
Water Violet,water violet,NOTE,Water Violet,LEVEL_A_DIRECT,A
Watercress,watercress,NOTE,Watercress,LEVEL_A_DIRECT,A
Watermelon,watermelon,NOTE,Watermelon,LEVEL_A_DIRECT,A
Watery Cyclamen,watery cyclamen,NOTE,Watery Cyclamen,LEVEL_A_DIRECT,A
Watery Notes,watery notes,NOTE,Watery Notes,LEVEL_A_DIRECT,A
Wattleseed,wattleseed,NOTE,Wattleseed,LEVEL_A_DIRECT,A
Weeping Cherry Blossom,weeping cherry blossom,NOTE,Weeping Cherry Blossom,LEVEL_A_DIRECT,A
West Indian Bay,west indian bay,NOTE,West Indian Bay,LEVEL_A_DIRECT,A
Western Honey Bee,western honey bee,NOTE,Western Honey Bee,LEVEL_A_DIRECT,A
Western redcedar,western redcedar,NOTE,Western redcedar,LEVEL_A_DIRECT,A
Western Skunk Cabbage,western skunk cabbage,NOTE,Western Skunk Cabbage,LEVEL_A_DIRECT,A
wet plaster,wet plaster,ACCORD,wet plaster,LEVEL_A_DIRECT,A
Wet Plaster,wet plaster,NOTE,Wet Plaster,LEVEL_A_DIRECT,A
Wet Stone,wet stone,NOTE,Wet Stone,LEVEL_A_DIRECT,A
Wheat,wheat,NOTE,Wheat,LEVEL_A_DIRECT,A
Whipped Cream,whipped cream,NOTE,Whipped Cream,LEVEL_A_DIRECT,A
whiskey,whiskey,ACCORD,whiskey,LEVEL_A_DIRECT,A
Whiskey,whiskey,NOTE,Whiskey,LEVEL_A_DIRECT,A
White Almond,white almond,NOTE,White Almond,LEVEL_A_DIRECT,A
White Amber,white amber,NOTE,White Amber,LEVEL_A_DIRECT,A
White Apricot,white apricot,NOTE,White Apricot,LEVEL_A_DIRECT,A
White Bergamot,white bergamot,NOTE,White Bergamot,LEVEL_A_DIRECT,A
White Blossom,white blossom,NOTE,White Blossom,LEVEL_A_DIRECT,A
White Camelia,white camelia,NOTE,White Camelia,LEVEL_A_DIRECT,A
White Cardamom,white cardamom,NOTE,White Cardamom,LEVEL_A_DIRECT,A
White Carnation,white carnation,NOTE,White Carnation,LEVEL_A_DIRECT,A
White Cedar Extract,white cedar extract,NOTE,White Cedar Extract,LEVEL_A_DIRECT,A
White Champaca,white champaca,NOTE,White Champaca,LEVEL_A_DIRECT,A
White Cherry,white cherry,NOTE,White Cherry,LEVEL_A_DIRECT,A
White Chocolate,white chocolate,NOTE,White Chocolate,LEVEL_A_DIRECT,A
White Chocolate Truffle,white chocolate truffle,NOTE,White Chocolate Truffle,LEVEL_A_DIRECT,A
White Currant,white currant,NOTE,White Currant,LEVEL_A_DIRECT,A
White Cyclamen,white cyclamen,NOTE,White Cyclamen,LEVEL_A_DIRECT,A
White Dahlia,white dahlia,NOTE,White Dahlia,LEVEL_A_DIRECT,A
White Datura,white datura,NOTE,White Datura,LEVEL_A_DIRECT,A
white floral,white floral,ACCORD,white floral,LEVEL_A_DIRECT,A
White Flowers,white flowers,NOTE,White Flowers,LEVEL_A_DIRECT,A
White Ginger,white ginger,NOTE,White Ginger,LEVEL_A_DIRECT,A
White Ginger Lily,white ginger lily,NOTE,White Ginger Lily,LEVEL_A_DIRECT,A
White Grape,white grape,NOTE,White Grape,LEVEL_A_DIRECT,A
White Grapefruit,white grapefruit,NOTE,White Grapefruit,LEVEL_A_DIRECT,A
White Heliotrope,white heliotrope,NOTE,White Heliotrope,LEVEL_A_DIRECT,A
White Honey,white honey,NOTE,White Honey,LEVEL_A_DIRECT,A
White Honeysuckle,white honeysuckle,NOTE,White Honeysuckle,LEVEL_A_DIRECT,A
White Hyacinth,white hyacinth,NOTE,White Hyacinth,LEVEL_A_DIRECT,A
White Iris,white iris,NOTE,White Iris,LEVEL_A_DIRECT,A
White Lace Flower,white lace flower,NOTE,White Lace Flower,LEVEL_A_DIRECT,A
White Leather,white leather,NOTE,White Leather,LEVEL_A_DIRECT,A
White Lily,white lily,NOTE,White Lily,LEVEL_A_DIRECT,A
White Lotus,white lotus,NOTE,White Lotus,LEVEL_A_DIRECT,A
White Magnolia,white magnolia,NOTE,White Magnolia,LEVEL_A_DIRECT,A
White Meranti,white meranti,NOTE,White Meranti,LEVEL_A_DIRECT,A
White Mimosa,white mimosa,NOTE,White Mimosa,LEVEL_A_DIRECT,A
White Mimosa Honey,white mimosa honey,NOTE,White Mimosa Honey,LEVEL_A_DIRECT,A
White Mulberry,white mulberry,NOTE,White Mulberry,LEVEL_A_DIRECT,A
White Musk,white musk,NOTE,White Musk,LEVEL_A_DIRECT,A
White Nerium Oleander,white nerium oleander,NOTE,White Nerium Oleander,LEVEL_A_DIRECT,A
White Orchid,white orchid,NOTE,White Orchid,LEVEL_A_DIRECT,A
White Oud,white oud,NOTE,White Oud,LEVEL_A_DIRECT,A
White Peach,white peach,NOTE,White Peach,LEVEL_A_DIRECT,A
White Peach Blossom,white peach blossom,NOTE,White Peach Blossom,LEVEL_A_DIRECT,A
White Pear,white pear,NOTE,White Pear,LEVEL_A_DIRECT,A
White Pepper,white pepper,NOTE,White Pepper,LEVEL_A_DIRECT,A
White Rose,white rose,NOTE,White Rose,LEVEL_A_DIRECT,A
White Royal Lily,white royal lily,NOTE,White Royal Lily,LEVEL_A_DIRECT,A
White Rum,white rum,NOTE,White Rum,LEVEL_A_DIRECT,A
White Sandalwood,white sandalwood,NOTE,White Sandalwood,LEVEL_A_DIRECT,A
White Suede,white suede,NOTE,White Suede,LEVEL_A_DIRECT,A
White Tabacco,white tabacco,NOTE,White Tabacco,LEVEL_A_DIRECT,A
White Tea,white tea,NOTE,White Tea,LEVEL_A_DIRECT,A
White Tea Blossom,white tea blossom,NOTE,White Tea Blossom,LEVEL_A_DIRECT,A
White Tobacco,white tobacco,NOTE,White Tobacco,LEVEL_A_DIRECT,A
White Violet,white violet,NOTE,White Violet,LEVEL_A_DIRECT,A
White Willow,white willow,NOTE,White Willow,LEVEL_A_DIRECT,A
White Wine,white wine,NOTE,White Wine,LEVEL_A_DIRECT,A
White Wood,white wood,NOTE,White Wood,LEVEL_A_DIRECT,A
White Woods,white woods,NOTE,White Woods,LEVEL_A_DIRECT,A
Whoopie Pie,whoopie pie,NOTE,Whoopie Pie,LEVEL_A_DIRECT,A
Wild Berries,wild berries,NOTE,Wild Berries,LEVEL_A_DIRECT,A
Wild carrot,wild carrot,NOTE,Wild carrot,LEVEL_A_DIRECT,A
Wild garlic leaf,wild garlic leaf,NOTE,Wild garlic leaf,LEVEL_A_DIRECT,A
Wild Jasmine,wild jasmine,NOTE,Wild Jasmine,LEVEL_A_DIRECT,A
Wild Lavender,wild lavender,NOTE,Wild Lavender,LEVEL_A_DIRECT,A
Wild Orange,wild orange,NOTE,Wild Orange,LEVEL_A_DIRECT,A
Wild Orchid,wild orchid,NOTE,Wild Orchid,LEVEL_A_DIRECT,A
Wild Peony,wild peony,NOTE,Wild Peony,LEVEL_A_DIRECT,A
Wild Rose,wild rose,NOTE,Wild Rose,LEVEL_A_DIRECT,A
Wild Strawberry,wild strawberry,NOTE,Wild Strawberry,LEVEL_A_DIRECT,A
Wild Strawberry Leaf,wild strawberry leaf,NOTE,Wild Strawberry Leaf,LEVEL_A_DIRECT,A
Wildflowers,wildflowers,NOTE,Wildflowers,LEVEL_A_DIRECT,A
Williams Pear,williams pear,NOTE,Williams Pear,LEVEL_A_DIRECT,A
Willow-Leaved,willow-leaved,NOTE,Willow-Leaved,LEVEL_A_DIRECT,A
wine,wine,ACCORD,wine,LEVEL_A_DIRECT,A
Wine Lees,wine lees,NOTE,Wine Lees,LEVEL_A_DIRECT,A
Wine must,wine must,NOTE,Wine must,LEVEL_A_DIRECT,A
winter,winter,SEASON,winter,ENGLISH_CONTEXT_ALIAS,A
Winter Daphne,winter daphne,NOTE,Winter Daphne,LEVEL_A_DIRECT,A
Winter Tea,winter tea,NOTE,Winter Tea,LEVEL_A_DIRECT,A
Winterberry,winterberry,NOTE,Winterberry,LEVEL_A_DIRECT,A
Wintergreen,wintergreen,NOTE,Wintergreen,LEVEL_A_DIRECT,A
Wintermelon,wintermelon,NOTE,Wintermelon,LEVEL_A_DIRECT,A
Wisteria,wisteria,NOTE,Wisteria,LEVEL_A_DIRECT,A
Wisteria Flower,wisteria flower,NOTE,Wisteria Flower,LEVEL_A_DIRECT,A
Wisteria Petals,wisteria petals,NOTE,Wisteria Petals,LEVEL_A_DIRECT,A
Wolfberry,wolfberry,NOTE,Wolfberry,LEVEL_A_DIRECT,A
Wolfwood,wolfwood,NOTE,Wolfwood,LEVEL_A_DIRECT,A
Wood barrel,wood barrel,NOTE,Wood barrel,LEVEL_A_DIRECT,A
Wood Resin,wood resin,NOTE,Wood Resin,LEVEL_A_DIRECT,A
Woodruff or Galium Odoratum,woodruff or galium odoratum,NOTE,Woodruff or Galium Odoratum,LEVEL_A_DIRECT,A
Woodsy Notes,woodsy notes,NOTE,Woodsy Notes,LEVEL_A_DIRECT,A
woody,woody,ACCORD,woody,LEVEL_A_DIRECT,A
Woody Notes,woody notes,NOTE,Woody Notes,LEVEL_A_DIRECT,A
Wool,wool,NOTE,Wool,LEVEL_A_DIRECT,A
Wormwood,wormwood,NOTE,Wormwood,LEVEL_A_DIRECT,A
Wrightia,wrightia,NOTE,Wrightia,LEVEL_A_DIRECT,A
Yarrow,yarrow,NOTE,Yarrow,LEVEL_A_DIRECT,A
Yeast,yeast,NOTE,Yeast,LEVEL_A_DIRECT,A
Yellow Bells,yellow bells,NOTE,Yellow Bells,LEVEL_A_DIRECT,A
Yellow Champaca,yellow champaca,NOTE,Yellow Champaca,LEVEL_A_DIRECT,A
Yellow Cherry,yellow cherry,NOTE,Yellow Cherry,LEVEL_A_DIRECT,A
yellow floral,yellow floral,ACCORD,yellow floral,LEVEL_A_DIRECT,A
Yellow Flowers,yellow flowers,NOTE,Yellow Flowers,LEVEL_A_DIRECT,A
Yellow Freesia,yellow freesia,NOTE,Yellow Freesia,LEVEL_A_DIRECT,A
Yellow Fruits,yellow fruits,NOTE,Yellow Fruits,LEVEL_A_DIRECT,A
Yellow Mandarin,yellow mandarin,NOTE,Yellow Mandarin,LEVEL_A_DIRECT,A
Yellow Narcissus,yellow narcissus,NOTE,Yellow Narcissus,LEVEL_A_DIRECT,A
Yellow Plum,yellow plum,NOTE,Yellow Plum,LEVEL_A_DIRECT,A
Yellow Poppy,yellow poppy,NOTE,Yellow Poppy,LEVEL_A_DIRECT,A
Yellow Rose,yellow rose,NOTE,Yellow Rose,LEVEL_A_DIRECT,A
Yellow Water Lily,yellow water lily,NOTE,Yellow Water Lily,LEVEL_A_DIRECT,A
Yellow Wine,yellow wine,NOTE,Yellow Wine,LEVEL_A_DIRECT,A
Ylang Ylang,ylang ylang,NOTE,Ylang Ylang,LEVEL_A_DIRECT,A
Ylang-Ylang,ylang-ylang,NOTE,Ylang-Ylang,LEVEL_A_DIRECT,A
Yogurt,yogurt,NOTE,Yogurt,LEVEL_A_DIRECT,A
Yohimbe,yohimbe,NOTE,Yohimbe,LEVEL_A_DIRECT,A
Yuca Cassava,yuca cassava,NOTE,Yuca Cassava,LEVEL_A_DIRECT,A
Yumberry,yumberry,NOTE,Yumberry,LEVEL_A_DIRECT,A
Yunnan Osmanthus,yunnan osmanthus,NOTE,Yunnan Osmanthus,LEVEL_A_DIRECT,A
Yunnan Tea,yunnan tea,NOTE,Yunnan Tea,LEVEL_A_DIRECT,A
Yuzu,yuzu,NOTE,Yuzu,LEVEL_A_DIRECT,A
Yuzu Flower,yuzu flower,NOTE,Yuzu Flower,LEVEL_A_DIRECT,A
Z-11 HD,z-11 hd,NOTE,Z-11 HD,LEVEL_A_DIRECT,A
Z11™,z11tm,NOTE,Z11™,LEVEL_A_DIRECT,A
Zefir,zefir,NOTE,Zefir,LEVEL_A_DIRECT,A
Zinnia,zinnia,NOTE,Zinnia,LEVEL_A_DIRECT,A
Zucchini,zucchini,NOTE,Zucchini,LEVEL_A_DIRECT,A
가을,가을,SEASON,autumn,LEVEL_A_DIRECT,A
겨울,겨울,SEASON,winter,LEVEL_A_DIRECT,A
낮,낮,DAYPART,day,LEVEL_A_DIRECT,A
바닐라,바닐라,ACCORD,vanilla,KOREAN_TRANSLITERATION,A
밤,밤,DAYPART,night,LEVEL_A_DIRECT,A
봄,봄,SEASON,spring,LEVEL_A_DIRECT,A
스위트,스위트,ACCORD,sweet,KOREAN_TRANSLITERATION,A
시트러스,시트러스,ACCORD,citrus,KOREAN_TRANSLITERATION,A
아로마틱,아로마틱,ACCORD,aromatic,KOREAN_TRANSLITERATION,A
앰버,앰버,ACCORD,amber,KOREAN_TRANSLITERATION,A
여름,여름,SEASON,summer,LEVEL_A_DIRECT,A
우디,우디,ACCORD,woody,KOREAN_TRANSLITERATION,A
파우더리,파우더리,ACCORD,powdery,KOREAN_TRANSLITERATION,A
프레시,프레시,ACCORD,fresh,KOREAN_TRANSLITERATION,A
프루티,프루티,ACCORD,fruity,KOREAN_TRANSLITERATION,A
플로럴,플로럴,ACCORD,floral,KOREAN_TRANSLITERATION,A
