note,perfume_count,occurrence_count,strict_match_status,strict_matched_term,strict_ifra_level,material_family_candidate,alias_candidate,final_auto_status
Musk,49244,49571,UNMATCHED,,,,Musk Like,CANDIDATE_ONLY
Amber,36671,36972,MATCH_PRIMARY_DESCRIPTOR,Amber,PRIMARY_DESCRIPTOR,,,STRICT_MATCH
Bergamot,36337,36364,MATCH_SECONDARY_DESCRIPTOR,Bergamot,SECONDARY_DESCRIPTOR,,,STRICT_MATCH
Vanilla,35628,36042,MATCH_SECONDARY_DESCRIPTOR,Vanilla,SECONDARY_DESCRIPTOR,,,STRICT_MATCH
Sandalwood,34292,34458,MATCH_SECONDARY_DESCRIPTOR,Sandalwood,SECONDARY_DESCRIPTOR,,,STRICT_MATCH
Jasmine,33686,33952,UNMATCHED,,,Jasmine absolute | Jasmine CO2 extract | Jasmine concrete | Jasmine concrete (waxes twice extracted) | Jasmine oil,,CANDIDATE_ONLY
Patchouli,32473,32676,MATCH_PRINCIPAL_EXACT,Patchouli,PRINCIPAL,,,STRICT_MATCH
Rose,27804,28270,MATCH_PRINCIPAL_EXACT,Rose,PRINCIPAL,,,STRICT_MATCH
Cedar,22305,22502,UNMATCHED,,,"Cedar leaf oil | Cedar leaf oil, China | Cedar leaf oil, East Canada | Cedar leaf oil, rectified",Cedarwood,CANDIDATE_ONLY
Vetiver,17674,17746,MATCH_SECONDARY_DESCRIPTOR,Vetiver,SECONDARY_DESCRIPTOR,,,STRICT_MATCH
Lemon,14685,14727,MATCH_SECONDARY_DESCRIPTOR,Lemon,SECONDARY_DESCRIPTOR,,,STRICT_MATCH
Tonka Bean,14188,14228,UNMATCHED,,,Tonka bean absolute | Tonka bean extract | Tonka bean resinoid | Tonka bean tincture,,CANDIDATE_ONLY
Lavender,12996,13154,MATCH_PRINCIPAL_EXACT,Lavender,PRINCIPAL,,,STRICT_MATCH
Mandarin Orange,11646,11652,UNMATCHED,,,,,UNMATCHED
Orange Blossom,11479,11545,UNMATCHED,,,,,UNMATCHED
Leather,10626,10754,UNMATCHED,,,,,UNMATCHED
Cardamom,10562,10582,UNMATCHED,,,Cardamom seed absolute | Cardamom seed CO2 extract | Cardamom seed distillate | Cardamom seed extract | Cardamom seed oil,,CANDIDATE_ONLY
Pink Pepper,10387,10395,UNMATCHED,,,,,UNMATCHED
Violet,9921,9972,MATCH_SECONDARY_DESCRIPTOR,Violet,SECONDARY_DESCRIPTOR,,,STRICT_MATCH
Grapefruit,9759,9770,MATCH_SECONDARY_DESCRIPTOR,Grapefruit,SECONDARY_DESCRIPTOR,,,STRICT_MATCH
Iris,9451,9528,MATCH_SECONDARY_DESCRIPTOR,Iris,SECONDARY_DESCRIPTOR,,,STRICT_MATCH
Oakmoss,8737,8763,UNMATCHED,,,Oakmoss absolute | Oakmoss absolute (low atranol & chloratranol) | Oakmoss extract,,CANDIDATE_ONLY
Geranium,8423,8437,MATCH_SECONDARY_DESCRIPTOR,Geranium,SECONDARY_DESCRIPTOR,,,STRICT_MATCH
Saffron,8393,8447,MATCH_SECONDARY_DESCRIPTOR,Saffron,SECONDARY_DESCRIPTOR,,,STRICT_MATCH
White Musk,8339,8371,UNMATCHED,,,,,UNMATCHED
Woody Notes,8278,8385,UNMATCHED,,,,,UNMATCHED
Orange,8200,8221,MATCH_SECONDARY_DESCRIPTOR,Orange,SECONDARY_DESCRIPTOR,,,STRICT_MATCH
Cinnamon,8039,8066,MATCH_SECONDARY_DESCRIPTOR,Cinnamon,SECONDARY_DESCRIPTOR,,,STRICT_MATCH
Peach,7921,7956,MATCH_SECONDARY_DESCRIPTOR,Peach,SECONDARY_DESCRIPTOR,,,STRICT_MATCH
Lily-of-the-Valley,7339,7366,UNMATCHED,,,,,UNMATCHED
Labdanum,7131,7213,MATCH_SECONDARY_DESCRIPTOR,Labdanum,SECONDARY_DESCRIPTOR,,,STRICT_MATCH
Ylang-Ylang,7086,7111,UNMATCHED,,,"Ylang ylang absolute | Ylang ylang oil | Ylang ylang oil (low para cresol methylether) | Ylang ylang oil extra | Ylang ylang oil I | Ylang ylang oil II | Ylang ylang oil III | Ylang ylang oil, rectified | Ylang ylang oil, terpene-free | Ylang-ylang extract",,CANDIDATE_ONLY
Benzoin,7033,7045,MATCH_PRINCIPAL_EXACT,Benzoin,PRINCIPAL,,,STRICT_MATCH
Incense,7023,7115,MATCH_SECONDARY_DESCRIPTOR,Incense,SECONDARY_DESCRIPTOR,,,STRICT_MATCH
Ginger,6847,6882,MATCH_PRINCIPAL_EXACT,Ginger,PRINCIPAL,,,STRICT_MATCH
Neroli,6490,6520,MATCH_SECONDARY_DESCRIPTOR,Neroli,SECONDARY_DESCRIPTOR,,,STRICT_MATCH
Ambergris,6452,6499,UNMATCHED,,,Ambergris tincture,,CANDIDATE_ONLY
Nutmeg,6277,6291,MATCH_PRINCIPAL_EXACT,Nutmeg,PRINCIPAL,,,STRICT_MATCH
Raspberry,6229,6260,MATCH_SECONDARY_DESCRIPTOR,Raspberry,SECONDARY_DESCRIPTOR,,,STRICT_MATCH
Pear,6133,6149,MATCH_SECONDARY_DESCRIPTOR,Pear,SECONDARY_DESCRIPTOR,,,STRICT_MATCH
Tuberose,6058,6130,MATCH_SECONDARY_DESCRIPTOR,Tuberose,SECONDARY_DESCRIPTOR,,,STRICT_MATCH
Agarwood (Oud),5939,6134,UNMATCHED,,,,Agarwood,CANDIDATE_ONLY
Apple,5727,5736,MATCH_SECONDARY_DESCRIPTOR,Apple,SECONDARY_DESCRIPTOR,,,STRICT_MATCH
Freesia,5683,5696,UNMATCHED,,,,,UNMATCHED
Black Currant,5560,5566,UNMATCHED,,,,,UNMATCHED
Peony,5269,5288,MATCH_SECONDARY_DESCRIPTOR,Peony,SECONDARY_DESCRIPTOR,,,STRICT_MATCH
Tobacco,5072,5156,MATCH_SECONDARY_DESCRIPTOR,Tobacco,SECONDARY_DESCRIPTOR,,,STRICT_MATCH
Citruses,4982,4993,UNMATCHED,,,,,UNMATCHED
Black Pepper,4795,4807,UNMATCHED,,,,,UNMATCHED
Cedarwood,4766,4784,MATCH_SECONDARY_DESCRIPTOR,Cedarwood,SECONDARY_DESCRIPTOR,,,STRICT_MATCH
Caramel,4734,4783,MATCH_SECONDARY_DESCRIPTOR,Caramel,SECONDARY_DESCRIPTOR,,,STRICT_MATCH
Magnolia,4621,4630,MATCH_SECONDARY_DESCRIPTOR,Magnolia,SECONDARY_DESCRIPTOR,,,STRICT_MATCH
Mint,4605,4627,UNMATCHED,,,,,UNMATCHED
Green Notes,4529,4538,UNMATCHED,,,,,UNMATCHED
Floral Notes,4436,4505,UNMATCHED,,,,,UNMATCHED
Pepper,4316,4335,UNMATCHED,,,"Pepper oil black, terpene-free",,CANDIDATE_ONLY
Moss,4302,4310,UNMATCHED,,,,,UNMATCHED
Pineapple,4299,4313,MATCH_SECONDARY_DESCRIPTOR,Pineapple,SECONDARY_DESCRIPTOR,,,STRICT_MATCH
Heliotrope,4180,4192,MATCH_SECONDARY_DESCRIPTOR,Heliotrope,SECONDARY_DESCRIPTOR,,,STRICT_MATCH
Gardenia,4004,4045,MATCH_SECONDARY_DESCRIPTOR,Gardenia,SECONDARY_DESCRIPTOR,,,STRICT_MATCH
Guaiac Wood,3983,3989,UNMATCHED,,,"Guaiac wood oil | Guaiac wood oil saponified | Guaiac wood oil, rectified",,CANDIDATE_ONLY
Honey,3974,4005,MATCH_PRIMARY_DESCRIPTOR,Honey,PRIMARY_DESCRIPTOR,,,STRICT_MATCH
Coconut,3886,3934,MATCH_SECONDARY_DESCRIPTOR,Coconut,SECONDARY_DESCRIPTOR,,,STRICT_MATCH
Lime,3838,3842,MATCH_SECONDARY_DESCRIPTOR,Lime,SECONDARY_DESCRIPTOR,,,STRICT_MATCH
Oud,3780,3895,UNMATCHED,,,,Agarwood,CANDIDATE_ONLY
Plum,3763,3774,MATCH_SECONDARY_DESCRIPTOR,Plum,SECONDARY_DESCRIPTOR,,,STRICT_MATCH
Coriander,3744,3757,MATCH_SECONDARY_DESCRIPTOR,Coriander,SECONDARY_DESCRIPTOR,,,STRICT_MATCH
Sage,3530,3542,MATCH_SECONDARY_DESCRIPTOR,Sage,SECONDARY_DESCRIPTOR,,,STRICT_MATCH
Woodsy Notes,3240,3250,UNMATCHED,,,,,UNMATCHED
Olibanum,3213,3260,UNMATCHED,,,"Olibanum absolute | Olibanum extract | Olibanum oil | Olibanum oil, rectified | Olibanum resinoid",,CANDIDATE_ONLY
Rosemary,3207,3215,MATCH_SECONDARY_DESCRIPTOR,Rosemary,SECONDARY_DESCRIPTOR,,,STRICT_MATCH
Lily of the Valley,3105,3118,UNMATCHED,,,,,UNMATCHED
Ambroxan,3051,3062,UNMATCHED,,,,,UNMATCHED
Lily,3044,3066,MATCH_SECONDARY_DESCRIPTOR,Lily,SECONDARY_DESCRIPTOR,,,STRICT_MATCH
Aldehydes,3019,3024,UNMATCHED,,,,,UNMATCHED
Jasmine Sambac,2948,2952,UNMATCHED,,,Jasmine sambac absolute | Jasmine sambac CO2 extract | Jasmine sambac oil | Jasmine sambac tincture,,CANDIDATE_ONLY
Spices,2884,2899,UNMATCHED,,,,,UNMATCHED
Mandarin,2875,2880,MATCH_SECONDARY_DESCRIPTOR,Mandarin,SECONDARY_DESCRIPTOR,,,STRICT_MATCH
Basil,2857,2869,MATCH_SECONDARY_DESCRIPTOR,Basil,SECONDARY_DESCRIPTOR,,,STRICT_MATCH
Osmanthus,2850,2867,MATCH_SECONDARY_DESCRIPTOR,Osmanthus,SECONDARY_DESCRIPTOR,,,STRICT_MATCH
Violet Leaf,2849,2850,UNMATCHED,,,Violet leaf absolute | Violet leaf extract,,CANDIDATE_ONLY
Orchid,2814,2824,UNMATCHED,,,,,UNMATCHED
Tangerine,2765,2767,MATCH_SECONDARY_DESCRIPTOR,Tangerine,SECONDARY_DESCRIPTOR,,,STRICT_MATCH
Petitgrain,2750,2755,MATCH_SECONDARY_DESCRIPTOR,Petitgrain,SECONDARY_DESCRIPTOR,,,STRICT_MATCH
Almond,2713,2729,MATCH_SECONDARY_DESCRIPTOR,Almond,SECONDARY_DESCRIPTOR,,,STRICT_MATCH
Myrrh,2709,2722,MATCH_PRINCIPAL_EXACT,Myrrh,PRINCIPAL,,,STRICT_MATCH
Galbanum,2707,2716,MATCH_SECONDARY_DESCRIPTOR,Galbanum,SECONDARY_DESCRIPTOR,,,STRICT_MATCH
Virginia Cedar,2694,2695,UNMATCHED,,,,,UNMATCHED
Cashmere Wood,2688,2691,UNMATCHED,,,,,UNMATCHED
Cypress,2630,2651,MATCH_PRINCIPAL_EXACT,Cypress,PRINCIPAL,,,STRICT_MATCH
Carnation,2588,2605,MATCH_SECONDARY_DESCRIPTOR,Carnation,SECONDARY_DESCRIPTOR,,,STRICT_MATCH
Clary Sage,2541,2545,UNMATCHED,,,Clary sage absolute | Clary sage extract | Clary sage oil,,CANDIDATE_ONLY
Fruity Notes,2476,2493,UNMATCHED,,,,,UNMATCHED
Coffee,2469,2508,MATCH_SECONDARY_DESCRIPTOR,Coffee,SECONDARY_DESCRIPTOR,,,STRICT_MATCH
Cashmeran,2386,2388,UNMATCHED,,,,,UNMATCHED
Cloves,2381,2390,UNMATCHED,,,,,UNMATCHED
Orris,2380,2397,MATCH_SECONDARY_DESCRIPTOR,Orris,SECONDARY_DESCRIPTOR,,,STRICT_MATCH
White Flowers,2317,2323,UNMATCHED,,,,,UNMATCHED
Spicy Notes,2213,2240,UNMATCHED,,,,,UNMATCHED
Sea Notes,2183,2193,UNMATCHED,,,,,UNMATCHED
Praline,2164,2171,UNMATCHED,,,,,UNMATCHED
Orris Root,2137,2150,UNMATCHED,,,,,UNMATCHED
Bulgarian Rose,2122,2131,UNMATCHED,,,,,UNMATCHED
Clove,2098,2103,MATCH_SECONDARY_DESCRIPTOR,Clove,SECONDARY_DESCRIPTOR,,,STRICT_MATCH
Sugar,2094,2116,UNMATCHED,,,,,UNMATCHED
Mimosa,2076,2085,MATCH_SECONDARY_DESCRIPTOR,Mimosa,SECONDARY_DESCRIPTOR,,,STRICT_MATCH
Cassis,2045,2045,MATCH_SECONDARY_DESCRIPTOR,Cassis,SECONDARY_DESCRIPTOR,,,STRICT_MATCH
Vanille,2033,2037,UNMATCHED,,,,,UNMATCHED
Strawberry,1980,2004,MATCH_SECONDARY_DESCRIPTOR,Strawberry,SECONDARY_DESCRIPTOR,,,STRICT_MATCH
Apricot,1974,1981,MATCH_SECONDARY_DESCRIPTOR,Apricot,SECONDARY_DESCRIPTOR,,,STRICT_MATCH
Rum,1971,1977,MATCH_SECONDARY_DESCRIPTOR,Rum,SECONDARY_DESCRIPTOR,,,STRICT_MATCH
Juniper,1914,1920,MATCH_SECONDARY_DESCRIPTOR,Juniper,SECONDARY_DESCRIPTOR,,,STRICT_MATCH
elemi,1868,1871,UNMATCHED,,,"Elemi absolute | Elemi CO2 extract | Elemi oil | ELEMI oil (low methyleugenol) | Elemi oil, rectified | Elemi resinoid",,CANDIDATE_ONLY
Melon,1847,1855,MATCH_SECONDARY_DESCRIPTOR,Melon,SECONDARY_DESCRIPTOR,,,STRICT_MATCH
Turkish Rose,1811,1822,UNMATCHED,,,,,UNMATCHED
Fig,1810,1846,UNMATCHED,,,,,UNMATCHED
Bitter Orange,1809,1809,UNMATCHED,,,,,UNMATCHED
Lotus,1771,1781,UNMATCHED,,,,,UNMATCHED
Artemisia,1759,1767,MATCH_SECONDARY_DESCRIPTOR,Artemisia,SECONDARY_DESCRIPTOR,,,STRICT_MATCH
Amberwood,1757,1761,UNMATCHED,,,,,UNMATCHED
Suede,1733,1737,UNMATCHED,,,,,UNMATCHED
Litchi,1708,1712,UNMATCHED,,,,,UNMATCHED
Cyclamen,1660,1662,MATCH_SECONDARY_DESCRIPTOR,Cyclamen,SECONDARY_DESCRIPTOR,,,STRICT_MATCH
Green Apple,1658,1660,UNMATCHED,,,,,UNMATCHED
Milk,1657,1674,UNMATCHED,,,,,UNMATCHED
Damask Rose,1644,1657,UNMATCHED,,,,,UNMATCHED
Cherry,1599,1634,MATCH_SECONDARY_DESCRIPTOR,Cherry,SECONDARY_DESCRIPTOR,,,STRICT_MATCH
Powdery Notes,1593,1604,UNMATCHED,,,,,UNMATCHED
Tea,1580,1588,MATCH_SECONDARY_DESCRIPTOR,Tea,SECONDARY_DESCRIPTOR,,,STRICT_MATCH
Thyme,1578,1580,MATCH_SECONDARY_DESCRIPTOR,Thyme,SECONDARY_DESCRIPTOR,,,STRICT_MATCH
Mango,1569,1585,MATCH_SECONDARY_DESCRIPTOR,Mango,SECONDARY_DESCRIPTOR,,,STRICT_MATCH
Frankincense,1546,1568,UNMATCHED,,,,,UNMATCHED
Ylang Ylang,1534,1548,UNMATCHED,,,"Ylang ylang absolute | Ylang ylang oil | Ylang ylang oil (low para cresol methylether) | Ylang ylang oil extra | Ylang ylang oil I | Ylang ylang oil II | Ylang ylang oil III | Ylang ylang oil, rectified | Ylang ylang oil, terpene-free | Ylang-ylang extract",,CANDIDATE_ONLY
Red Berries,1527,1530,UNMATCHED,,,,,UNMATCHED
Passionfruit,1512,1518,MATCH_SECONDARY_DESCRIPTOR,Passionfruit,SECONDARY_DESCRIPTOR,,,STRICT_MATCH
Honeysuckle,1496,1505,MATCH_SECONDARY_DESCRIPTOR,Honeysuckle,SECONDARY_DESCRIPTOR,,,STRICT_MATCH
Tonka,1459,1462,MATCH_SECONDARY_DESCRIPTOR,Tonka,SECONDARY_DESCRIPTOR,,,STRICT_MATCH
Styrax,1435,1436,UNMATCHED,,,"Styrax absolute | Styrax absolute (low sytrene) | Styrax absolute, Honduras | Styrax distillate | Styrax essence pyrogenated | Styrax extract | Styrax oil | Styrax oil, Honduras | Styrax oil, Oriental | Styrax oil, pyrogenated",,CANDIDATE_ONLY
Lilac,1417,1429,UNMATCHED,,,,,UNMATCHED
Blackcurrant,1404,1412,MATCH_SECONDARY_DESCRIPTOR,Blackcurrant,SECONDARY_DESCRIPTOR,,,STRICT_MATCH
Rhubarb,1388,1392,MATCH_SECONDARY_DESCRIPTOR,Rhubarb,SECONDARY_DESCRIPTOR,,,STRICT_MATCH
Narcissus,1378,1393,MATCH_SECONDARY_DESCRIPTOR,Narcissus,SECONDARY_DESCRIPTOR,,,STRICT_MATCH
Madagascar Vanilla,1377,1386,UNMATCHED,,,,,UNMATCHED
Birch,1360,1376,UNMATCHED,,,"Birch tar oil, rectified",,CANDIDATE_ONLY
Blackberry,1342,1354,UNMATCHED,,,,,UNMATCHED
Anise,1341,1342,UNMATCHED,,,Anise seed oil,,CANDIDATE_ONLY
Civet,1330,1339,UNMATCHED,,,Civet absolute | Civet tincture,,CANDIDATE_ONLY
Amalfi Lemon,1325,1325,UNMATCHED,,,,,UNMATCHED
Green Tea,1323,1333,UNMATCHED,,,,,UNMATCHED
Juniper Berries,1316,1318,UNMATCHED,,,,,UNMATCHED
Cacao,1305,1315,UNMATCHED,,,Cacao absolute | Cacao extract | Cacao oil,,CANDIDATE_ONLY
Frangipani,1292,1296,MATCH_SECONDARY_DESCRIPTOR,Frangipani,SECONDARY_DESCRIPTOR,,,STRICT_MATCH
Hyacinth,1291,1295,MATCH_SECONDARY_DESCRIPTOR,Hyacinth,SECONDARY_DESCRIPTOR,,,STRICT_MATCH
Blood Orange,1289,1291,UNMATCHED,,,,,UNMATCHED
Citrus,1254,1257,MATCH_PRIMARY_DESCRIPTOR,Citrus,PRIMARY_DESCRIPTOR,,,STRICT_MATCH
Agarwood,1249,1275,UNMATCHED,,,"Agarwood extract | Agarwood extract, Vietnamese | Agarwood oil | Agarwood oil, Indonesia | Agarwood oil, Vietnamese",,CANDIDATE_ONLY
Palisander Rosewood,1245,1247,UNMATCHED,,,,,UNMATCHED
Cumin,1234,1236,MATCH_SECONDARY_DESCRIPTOR,Cumin,SECONDARY_DESCRIPTOR,,,STRICT_MATCH
Smoke,1224,1236,UNMATCHED,,,,,UNMATCHED
Yuzu,1222,1231,UNMATCHED,,,,,UNMATCHED
Sweet Notes,1216,1225,UNMATCHED,,,,,UNMATCHED
Haitian Vetiver,1214,1217,UNMATCHED,,,,,UNMATCHED
Cypriol Oil or Nagarmotha,1197,1198,UNMATCHED,,,,,UNMATCHED
Ambrette (Musk Mallow),1192,1194,UNMATCHED,,,,,UNMATCHED
Water Lily,1182,1185,UNMATCHED,,,,,UNMATCHED
Green Leaves,1138,1144,UNMATCHED,,,,,UNMATCHED
Ozonic notes,1107,1115,UNMATCHED,,,,,UNMATCHED
Bourbon Vanilla,1104,1113,UNMATCHED,,,,,UNMATCHED
Chocolate,1099,1120,MATCH_SECONDARY_DESCRIPTOR,Chocolate,SECONDARY_DESCRIPTOR,,,STRICT_MATCH
Oak,1095,1102,MATCH_SECONDARY_DESCRIPTOR,Oak,SECONDARY_DESCRIPTOR,,,STRICT_MATCH
Castoreum,1076,1082,UNMATCHED,,,Castoreum absolute | Castoreum concrete | Castoreum extract | Castoreum resinoid | Castoreum tincture,,CANDIDATE_ONLY
Ambrette,1062,1063,UNMATCHED,,,Ambrette tincture,,CANDIDATE_ONLY
Red Apple,1060,1060,UNMATCHED,,,,,UNMATCHED
Calabrian bergamot,1027,1030,UNMATCHED,,,,,UNMATCHED
oak moss,1021,1021,UNMATCHED,,,,,UNMATCHED
Chamomile,1017,1020,MATCH_SECONDARY_DESCRIPTOR,Chamomile,SECONDARY_DESCRIPTOR,,,STRICT_MATCH
Opoponax,1010,1010,UNMATCHED,,,Opoponax absolute | Opoponax CO2 extract | Opoponax extract | Opoponax oil | Opoponax resinoid,,CANDIDATE_ONLY
Pine,1005,1017,MATCH_SECONDARY_DESCRIPTOR,Pine,SECONDARY_DESCRIPTOR,,,STRICT_MATCH
Peru Balsam,1005,1006,UNMATCHED,,,Peru balsam distillate,,CANDIDATE_ONLY
Watery Notes,1004,1008,UNMATCHED,,,,,UNMATCHED
Water Notes,1001,1006,UNMATCHED,,,,,UNMATCHED
Herbal Notes,997,1001,UNMATCHED,,,,,UNMATCHED
Star Anise,983,984,UNMATCHED,,,Star anise CO2 extract | Star anise extract | Star anise oil | Star anise oil terpeneless | Star anise oil terpenes,,CANDIDATE_ONLY
Resins,981,983,UNMATCHED,,,,,UNMATCHED
Hazelnut,963,966,UNMATCHED,,,,,UNMATCHED
Salt,939,948,UNMATCHED,,,,,UNMATCHED
Licorice,937,945,MATCH_SECONDARY_DESCRIPTOR,Licorice,SECONDARY_DESCRIPTOR,,,STRICT_MATCH
Red Fruits,935,938,UNMATCHED,,,,,UNMATCHED
Black Tea,927,932,UNMATCHED,,,,,UNMATCHED
Eucalyptus,923,926,MATCH_SECONDARY_DESCRIPTOR,Eucalyptus,SECONDARY_DESCRIPTOR,,,STRICT_MATCH
Marigold,921,932,MATCH_SECONDARY_DESCRIPTOR,Marigold,SECONDARY_DESCRIPTOR,,,STRICT_MATCH
Watermelon,910,915,MATCH_SECONDARY_DESCRIPTOR,Watermelon,SECONDARY_DESCRIPTOR,,,STRICT_MATCH
Davana,910,911,UNMATCHED,,,Davana oil,,CANDIDATE_ONLY
Tolu Balsam,903,906,UNMATCHED,,,"Tolu, balsam, extract | Tolu, balsam, resinoid",,CANDIDATE_ONLY
Coumarin,895,895,MATCH_PRINCIPAL_EXACT,Coumarin,PRINCIPAL,,,STRICT_MATCH
Immortelle,892,894,UNMATCHED,,,,,UNMATCHED
Whipped Cream,891,892,UNMATCHED,,,,,UNMATCHED
Angelica,883,888,UNMATCHED,,,Angelica root oil | Angelica seed absolute | Angelica seed extract | Angelica seed oil,,CANDIDATE_ONLY
African Orange Flower,883,883,UNMATCHED,,,,,UNMATCHED
Pomegranate,881,881,UNMATCHED,,,,,UNMATCHED
Fir,876,876,UNMATCHED,,,Fir absolute,,CANDIDATE_ONLY
Citron,867,869,UNMATCHED,,,"Citron oil | Citron oil, rectified",,CANDIDATE_ONLY
Sicilian Lemon,864,864,UNMATCHED,,,,,UNMATCHED
Grass,848,853,UNMATCHED,,,,,UNMATCHED
Fruits,839,844,UNMATCHED,,,,,UNMATCHED
Cognac,829,831,UNMATCHED,,,,,UNMATCHED
Atlas Cedar,800,802,UNMATCHED,,,,,UNMATCHED
Papyrus,792,795,UNMATCHED,,,,,UNMATCHED
Marshmallow,789,802,UNMATCHED,,,,,UNMATCHED
Hay,777,782,MATCH_SECONDARY_DESCRIPTOR,Hay,SECONDARY_DESCRIPTOR,,,STRICT_MATCH
Flowers,773,783,UNMATCHED,,,,,UNMATCHED
Sea water,762,768,UNMATCHED,,,,,UNMATCHED
Brazilian Rosewood,761,762,UNMATCHED,,,,,UNMATCHED
White Amber,751,752,UNMATCHED,,,,,UNMATCHED
Caraway,744,751,MATCH_SECONDARY_DESCRIPTOR,Caraway,SECONDARY_DESCRIPTOR,,,STRICT_MATCH
Pink Grapefruit,738,738,UNMATCHED,,,,,UNMATCHED
Sweet Orange,734,735,UNMATCHED,,,,,UNMATCHED
Balsam Fir,727,727,UNMATCHED,,,Balsam fir oleoresin,,CANDIDATE_ONLY
Fig Leaf,725,730,UNMATCHED,,,,,UNMATCHED
Amyris,725,727,UNMATCHED,,,"Amyris oil | Amyris oil, acetylated | Amyris oil, rectified",,CANDIDATE_ONLY
Tiare Flower,719,719,UNMATCHED,,,,,UNMATCHED
Sea Salt,713,715,UNMATCHED,,,,,UNMATCHED
Dark Chocolate,712,719,UNMATCHED,,,,,UNMATCHED
Mate,704,706,UNMATCHED,,,Mate absolute | Mate extract | Mate oil,,CANDIDATE_ONLY
Bay Leaf,678,679,UNMATCHED,,,,,UNMATCHED
Precious Woods,678,679,UNMATCHED,,,,,UNMATCHED
Egyptian Jasmine,677,680,UNMATCHED,,,,,UNMATCHED
Tarragon,676,676,MATCH_SECONDARY_DESCRIPTOR,Tarragon,SECONDARY_DESCRIPTOR,,,STRICT_MATCH
Seaweed,675,679,MATCH_SECONDARY_DESCRIPTOR,Seaweed,SECONDARY_DESCRIPTOR,,,STRICT_MATCH
Cotton Candy,670,670,UNMATCHED,,,,,UNMATCHED
Beeswax,663,666,UNMATCHED,,,Beeswax absolute | Beeswax CO2 extract | Beeswax concrete | Beeswax resinoid,,CANDIDATE_ONLY
Marine notes,657,659,UNMATCHED,,,,,UNMATCHED
Hedione,627,628,UNMATCHED,,,,,UNMATCHED
Bitter Almond,626,626,UNMATCHED,,,,,UNMATCHED
White Woods,626,626,UNMATCHED,,,,,UNMATCHED
Green Mandarin,625,625,UNMATCHED,,,,,UNMATCHED
May Rose,625,625,UNMATCHED,,,,,UNMATCHED
Bamboo,618,619,UNMATCHED,,,,,UNMATCHED
Sandalowood,611,615,UNMATCHED,,,,,UNMATCHED
Cypriol,603,605,UNMATCHED,,,"Cypriol oil | Cypriol oil, rectified",,CANDIDATE_ONLY
Iso E Super,598,601,UNMATCHED,,,,,UNMATCHED
Pomelo,596,597,UNMATCHED,,,,,UNMATCHED
Cherry Blossom,595,599,MATCH_SECONDARY_DESCRIPTOR,Cherry-Blossom,SECONDARY_DESCRIPTOR,,,STRICT_MATCH
White Rose,594,598,UNMATCHED,,,,,UNMATCHED
Violet Leaves,590,591,UNMATCHED,,,,,UNMATCHED
Vanilla Absolute,588,592,MATCH_PRINCIPAL_EXACT,Vanilla absolute,PRINCIPAL,,,STRICT_MATCH
Pistachio,585,598,UNMATCHED,,,,,UNMATCHED
Hibiscus,584,585,UNMATCHED,,,,,UNMATCHED
Brown sugar,583,586,UNMATCHED,,,,,UNMATCHED
Red Currant,583,583,UNMATCHED,,,,,UNMATCHED
Wormwood,582,584,UNMATCHED,,,"Wormwood oil | Wormwood oil, terpeneless",,CANDIDATE_ONLY
Lemon Verbena,581,581,UNMATCHED,,,,,UNMATCHED
Nectarine,577,578,UNMATCHED,,,,,UNMATCHED
Cocoa,576,584,MATCH_SECONDARY_DESCRIPTOR,Cocoa,SECONDARY_DESCRIPTOR,,,STRICT_MATCH
Resin,571,579,UNMATCHED,,,,,UNMATCHED
Solar Notes,570,571,UNMATCHED,,,,,UNMATCHED
Lychee,566,568,UNMATCHED,,,,,UNMATCHED
Dried Fruits,566,566,UNMATCHED,,,,,UNMATCHED
Clementine,557,559,UNMATCHED,,,,,UNMATCHED
Driftwood,557,558,UNMATCHED,,,,,UNMATCHED
Sichuan Pepper,554,555,UNMATCHED,,,Sichuan pepper CO2 extract,,CANDIDATE_ONLY
Blueberry,553,558,MATCH_SECONDARY_DESCRIPTOR,Blueberry,SECONDARY_DESCRIPTOR,,,STRICT_MATCH
Indonesian Patchouli Leaf,549,549,UNMATCHED,,,,,UNMATCHED
Whiskey,542,544,UNMATCHED,,,,,UNMATCHED
Coconut Milk,536,537,UNMATCHED,,,,,UNMATCHED
Champaca,531,535,UNMATCHED,,,Champaca absolute | Champaca oil,,CANDIDATE_ONLY
Peach Blossom,521,523,UNMATCHED,,,,,UNMATCHED
Australian Sandalwood,519,520,UNMATCHED,,,,,UNMATCHED
White Pepper,517,517,UNMATCHED,,,,,UNMATCHED
Animal notes,516,519,UNMATCHED,,,,,UNMATCHED
Peppermint,515,515,MATCH_SECONDARY_DESCRIPTOR,Peppermint,SECONDARY_DESCRIPTOR,,,STRICT_MATCH
cannabis,508,530,UNMATCHED,,,,,UNMATCHED
Pine Tree,502,505,UNMATCHED,,,,,UNMATCHED
Myrtle,502,504,UNMATCHED,,,"Myrtle oil | Myrtle oil (low methyleugenol) | Myrtle oil terpeneless | Myrtle oil, rectified",,CANDIDATE_ONLY
Vanilla Orchid,496,496,UNMATCHED,,,,,UNMATCHED
Butter,492,496,UNMATCHED,,,,,UNMATCHED
Teak Wood,491,491,UNMATCHED,,,,,UNMATCHED
Aquatic notes,490,490,UNMATCHED,,,,,UNMATCHED
Tobacco Leaf,484,487,UNMATCHED,,,Tobacco leaf absolute,,CANDIDATE_ONLY
Rose de Mai,480,481,UNMATCHED,,,,,UNMATCHED
Italian Lemon,478,479,UNMATCHED,,,,,UNMATCHED
Myrhh,477,480,UNMATCHED,,,,,UNMATCHED
Apple Blossom,473,473,UNMATCHED,,,,,UNMATCHED
Guava,472,477,UNMATCHED,,,,,UNMATCHED
Earthy Notes,470,474,UNMATCHED,,,,,UNMATCHED
Vanilla Bean,469,470,UNMATCHED,,,,,UNMATCHED
Oriental notes,451,457,UNMATCHED,,,,,UNMATCHED
Cucumber,451,451,MATCH_SECONDARY_DESCRIPTOR,Cucumber,SECONDARY_DESCRIPTOR,,,STRICT_MATCH
White Peach,447,448,UNMATCHED,,,,,UNMATCHED
Grapes,446,451,UNMATCHED,,,,,UNMATCHED
White Tea,443,445,UNMATCHED,,,,,UNMATCHED
Akigalawood,443,443,UNMATCHED,,,,,UNMATCHED
Taif Rose,441,445,UNMATCHED,,,,,UNMATCHED
Verbena,439,442,MATCH_SECONDARY_DESCRIPTOR,Verbena,SECONDARY_DESCRIPTOR,,,STRICT_MATCH
Cambodian Oud,438,445,UNMATCHED,,,,,UNMATCHED
Palo Santo,436,438,UNMATCHED,,,,,UNMATCHED
Mineral notes,433,435,UNMATCHED,,,,,UNMATCHED
Sandal,433,435,UNMATCHED,,,,,UNMATCHED
Rose Petals,428,430,UNMATCHED,,,,,UNMATCHED
Mahogany,428,429,UNMATCHED,,,,,UNMATCHED
Gurjan balsam,425,425,UNMATCHED,,,,,UNMATCHED
Carrot Seeds,424,424,UNMATCHED,,,,,UNMATCHED
Elemi resin,423,424,UNMATCHED,,,,,UNMATCHED
Siam Benzoin,421,421,UNMATCHED,,,,,UNMATCHED
Ivy,419,419,UNMATCHED,,,,,UNMATCHED
Balsamic Notes,415,415,UNMATCHED,,,,,UNMATCHED
Dry Wood,415,415,UNMATCHED,,,,,UNMATCHED
Sicilian Bergamot,412,412,UNMATCHED,,,,,UNMATCHED
French labdanum,411,411,UNMATCHED,,,,,UNMATCHED
Pimento,411,411,UNMATCHED,,,,,UNMATCHED
Champagne,410,410,UNMATCHED,,,,,UNMATCHED
Vetyver,409,410,UNMATCHED,,,,,UNMATCHED
Wild Berries,403,403,UNMATCHED,,,,,UNMATCHED
Metallic notes,402,406,UNMATCHED,,,,,UNMATCHED
Lemongrass,401,401,MATCH_SECONDARY_DESCRIPTOR,Lemongrass,SECONDARY_DESCRIPTOR,,,STRICT_MATCH
Dates,400,404,UNMATCHED,,,,,UNMATCHED
Cacao Pod,394,398,UNMATCHED,,,,,UNMATCHED
White Cedar Extract,382,382,UNMATCHED,,,,,UNMATCHED
Vanila,380,381,UNMATCHED,,,,,UNMATCHED
Moroccan Rose,379,380,UNMATCHED,,,,,UNMATCHED
Toffee,374,375,MATCH_SECONDARY_DESCRIPTOR,Toffee,SECONDARY_DESCRIPTOR,,,STRICT_MATCH
Kiwi,374,374,MATCH_SECONDARY_DESCRIPTOR,Kiwi,SECONDARY_DESCRIPTOR,,,STRICT_MATCH
Rice,371,376,MATCH_SECONDARY_DESCRIPTOR,Rice,SECONDARY_DESCRIPTOR,,,STRICT_MATCH
Indian Jasmine,370,371,UNMATCHED,,,,,UNMATCHED
Indian Oud,368,378,UNMATCHED,,,,,UNMATCHED
Tropical Fruits,364,365,UNMATCHED,,,,,UNMATCHED
Hawthorn,364,364,MATCH_SECONDARY_DESCRIPTOR,Hawthorn,SECONDARY_DESCRIPTOR,,,STRICT_MATCH
White Chocolate,363,368,UNMATCHED,,,,,UNMATCHED
Big Strawberry,354,355,UNMATCHED,,,,,UNMATCHED
Aromatic Notes,345,346,UNMATCHED,,,,,UNMATCHED
Cassia,345,345,UNMATCHED,,,"Cassia oil | Cassia oil, (low coumarin) | Cassia oil, rectified",,CANDIDATE_ONLY
Cranberry,344,344,UNMATCHED,,,,,UNMATCHED
Fennel,340,340,UNMATCHED,,,"Fennel oil, bitter | Fennel oil, sweet",,CANDIDATE_ONLY
Green Accord,340,340,UNMATCHED,,,,,UNMATCHED
Italian Mandarin,339,339,UNMATCHED,,,,,UNMATCHED
Virginian Cedar,337,337,UNMATCHED,,,,,UNMATCHED
Quince,335,335,UNMATCHED,,,,,UNMATCHED
Birch Tar,330,330,UNMATCHED,,,"Birch tar oil, rectified",,CANDIDATE_ONLY
Banana,327,335,MATCH_SECONDARY_DESCRIPTOR,Banana,SECONDARY_DESCRIPTOR,,,STRICT_MATCH
Cotton Flower,327,327,UNMATCHED,,,,,UNMATCHED
Lime (Linden) Blossom,326,330,UNMATCHED,,,,,UNMATCHED
Mastic or Lentisque,320,322,UNMATCHED,,,,,UNMATCHED
Sugar Cane,317,317,UNMATCHED,,,,,UNMATCHED
Mysore Sandalwood,312,315,UNMATCHED,,,,,UNMATCHED
Lemon Zest,311,311,UNMATCHED,,,,,UNMATCHED
Carrot,310,312,MATCH_SECONDARY_DESCRIPTOR,Carrot,SECONDARY_DESCRIPTOR,,,STRICT_MATCH
White Wood,308,308,UNMATCHED,,,,,UNMATCHED
juniper berry,308,308,UNMATCHED,,,"Juniper berry absolute | Juniper berry CO2 extract | Juniper berry extract | Juniper berry oil | Juniper berry oil, rectified",,CANDIDATE_ONLY
Chestnut,307,309,UNMATCHED,,,,,UNMATCHED
Kumquat,306,307,UNMATCHED,,,,,UNMATCHED
Sand,304,305,UNMATCHED,,,,,UNMATCHED
Fern,304,304,UNMATCHED,,,,,UNMATCHED
Natural Musk,298,302,UNMATCHED,,,,,UNMATCHED
Tomato Leaf,293,298,UNMATCHED,,,,,UNMATCHED
Calone,279,279,UNMATCHED,,,,,UNMATCHED
Pine needles,278,279,UNMATCHED,,,,,UNMATCHED
Granny Smith apple,277,277,UNMATCHED,,,,,UNMATCHED
Almond Blossom,275,275,UNMATCHED,,,,,UNMATCHED
White Honey,275,275,UNMATCHED,,,,,UNMATCHED
Sweet Pea,269,269,MATCH_SECONDARY_DESCRIPTOR,Sweet-Pea,SECONDARY_DESCRIPTOR,,,STRICT_MATCH
Rose Oil,267,269,MATCH_PRINCIPAL_EXACT,Rose oil,PRINCIPAL,,,STRICT_MATCH
Passion Flower,265,266,UNMATCHED,,,,,UNMATCHED
Wisteria,263,264,UNMATCHED,,,,,UNMATCHED
Tahitian Vanilla,263,263,UNMATCHED,,,,,UNMATCHED
Red Rose,256,256,UNMATCHED,,,,,UNMATCHED
Red Wine,255,259,UNMATCHED,,,,,UNMATCHED
Papaya,255,257,UNMATCHED,,,,,UNMATCHED
Sour Cherry,251,256,UNMATCHED,,,,,UNMATCHED
Soil Tincture,251,254,UNMATCHED,,,,,UNMATCHED
Liquor,251,253,UNMATCHED,,,,,UNMATCHED
Wildflowers,251,251,UNMATCHED,,,,,UNMATCHED
Rose Water,249,249,UNMATCHED,,,Rose water oil,,CANDIDATE_ONLY
Black Cherry,246,247,UNMATCHED,,,,,UNMATCHED
Cashmere Musk,245,245,UNMATCHED,,,,,UNMATCHED
Coconut Water,245,245,UNMATCHED,,,,,UNMATCHED
Wild Strawberry,245,245,UNMATCHED,,,,,UNMATCHED
Oily Notes,240,241,UNMATCHED,,,,,UNMATCHED
Absinthe,236,237,UNMATCHED,,,,,UNMATCHED
Ice cream,235,237,UNMATCHED,,,,,UNMATCHED
Skin,235,237,UNMATCHED,,,,,UNMATCHED
Custard,234,234,UNMATCHED,,,,,UNMATCHED
Oregano,233,233,UNMATCHED,,,,,UNMATCHED
Ice,225,228,UNMATCHED,,,,,UNMATCHED
Black Amber,224,224,UNMATCHED,,,,,UNMATCHED
Pink Peony,224,224,UNMATCHED,,,,,UNMATCHED
Gourmand Accord,223,225,UNMATCHED,,,,,UNMATCHED
Tunisian Neroli,223,223,UNMATCHED,,,,,UNMATCHED
White Lily,221,223,UNMATCHED,,,,,UNMATCHED
Cade oil,221,221,MATCH_PRINCIPAL_EXACT,Cade oil,PRINCIPAL,,,STRICT_MATCH
Blonde Woods,218,218,UNMATCHED,,,,,UNMATCHED
Lemon Blossom,217,219,UNMATCHED,,,,,UNMATCHED
Sicilian Orange,217,217,UNMATCHED,,,,,UNMATCHED
Clover,214,215,UNMATCHED,,,,,UNMATCHED
Broom,213,215,UNMATCHED,,,,,UNMATCHED
Green Grass,213,213,UNMATCHED,,,,,UNMATCHED
Fir Resin,212,213,UNMATCHED,,,,,UNMATCHED
Texas Cedar,212,212,UNMATCHED,,,,,UNMATCHED
Gin,211,211,UNMATCHED,,,,,UNMATCHED
Ceylon Cinnamon,209,209,UNMATCHED,,,,,UNMATCHED
Wild Rose,208,208,UNMATCHED,,,,,UNMATCHED
Laotian Oud,207,211,UNMATCHED,,,,,UNMATCHED
Exotic Fruits,207,207,UNMATCHED,,,,,UNMATCHED
Thailand Oud,205,215,UNMATCHED,,,,,UNMATCHED
Hinoki Wood,205,205,UNMATCHED,,,Hinoki wood oil,,CANDIDATE_ONLY
Dew Drop,202,203,UNMATCHED,,,,,UNMATCHED
Tincture of Rose,201,201,UNMATCHED,,,,,UNMATCHED
Black Musk,199,200,UNMATCHED,,,,,UNMATCHED
Sicilian Mandarin,197,198,UNMATCHED,,,,,UNMATCHED
Turmeric,197,198,MATCH_PRINCIPAL_EXACT,Turmeric,PRINCIPAL,,,STRICT_MATCH
Almond Milk,197,197,UNMATCHED,,,,,UNMATCHED
Laurels,195,196,UNMATCHED,,,,,UNMATCHED
Guatemalan Cardamom,194,194,UNMATCHED,,,,,UNMATCHED
Tulip,193,194,UNMATCHED,,,,,UNMATCHED
Yellow Mandarin,188,188,UNMATCHED,,,,,UNMATCHED
Ebony,187,187,UNMATCHED,,,,,UNMATCHED
Iris Flower,186,189,UNMATCHED,,,,,UNMATCHED
Velvet,184,184,UNMATCHED,,,,,UNMATCHED
Blue Lotus,183,184,UNMATCHED,,,,,UNMATCHED
Indian Tuberose,183,183,UNMATCHED,,,,,UNMATCHED
Black currant leaf,182,183,UNMATCHED,,,,,UNMATCHED
Camphor,182,182,UNMATCHED,,,"Camphor oil, white | Camphor oil, white, rectified",,CANDIDATE_ONLY
Tea Rose,181,182,UNMATCHED,,,,,UNMATCHED
Truffle,181,181,MATCH_SECONDARY_DESCRIPTOR,Truffle,SECONDARY_DESCRIPTOR,,,STRICT_MATCH
Acácia,180,180,UNMATCHED,,,,,UNMATCHED
Pear Blossom,180,180,UNMATCHED,,,,,UNMATCHED
Tobacco Blossom,178,178,UNMATCHED,,,,,UNMATCHED
Costus,177,178,UNMATCHED,,,,,UNMATCHED
Sorbet,174,174,UNMATCHED,,,,,UNMATCHED
Cream,173,175,UNMATCHED,,,,,UNMATCHED
Rose Geranium,172,172,UNMATCHED,,,,,UNMATCHED
Hinoki,171,172,UNMATCHED,,,Hinoki wood oil | Hinoki leaf oil,,CANDIDATE_ONLY
Carambola (Star Fruit),171,171,UNMATCHED,,,,,UNMATCHED
Olive,169,170,UNMATCHED,,,,,UNMATCHED
Sesame,169,170,MATCH_SECONDARY_DESCRIPTOR,Sesame,SECONDARY_DESCRIPTOR,,,STRICT_MATCH
Allspice,169,169,UNMATCHED,,,Allspice oil,,CANDIDATE_ONLY
Plum Blossom,169,169,UNMATCHED,,,,,UNMATCHED
Nagarmotha,168,169,UNMATCHED,,,,,UNMATCHED
White Sandalwood,168,169,UNMATCHED,,,,,UNMATCHED
Brazilian Orange,168,168,UNMATCHED,,,,,UNMATCHED
Orange Peel,166,167,UNMATCHED,,,"Orange peel oil, sweet terpeneless",,CANDIDATE_ONLY
Mountain Air,166,166,UNMATCHED,,,,,UNMATCHED
Bourbon Geranium,163,164,UNMATCHED,,,,,UNMATCHED
Hiacynth,163,163,UNMATCHED,,,,,UNMATCHED
Gaiac Wood,161,161,UNMATCHED,,,,,UNMATCHED
Brandy,160,161,MATCH_SECONDARY_DESCRIPTOR,Brandy,SECONDARY_DESCRIPTOR,,,STRICT_MATCH
Grasse Rose,160,160,UNMATCHED,,,,,UNMATCHED
Matcha Tea,159,162,UNMATCHED,,,,,UNMATCHED
Blood Mandarin,159,159,UNMATCHED,,,,,UNMATCHED
Ginger flower,159,159,UNMATCHED,,,,,UNMATCHED
Rain Notes,159,159,UNMATCHED,,,,,UNMATCHED
Walnut,159,159,UNMATCHED,,,,,UNMATCHED
Java vetiver oil,158,159,UNMATCHED,,,,,UNMATCHED
Aloe Vera,158,158,UNMATCHED,,,,,UNMATCHED
Moroccan Jasmine,158,158,UNMATCHED,,,,,UNMATCHED
Night Blooming Jasmine,157,159,UNMATCHED,,,,,UNMATCHED
Chili Pepper,157,158,UNMATCHED,,,,,UNMATCHED
Litsea Cubeba,157,158,UNMATCHED,,,"Litsea cubeba oil | Litsea cubeba oil, rectified",,CANDIDATE_ONLY
Water Jasmine,157,157,UNMATCHED,,,,,UNMATCHED
Linden Blossom,156,160,UNMATCHED,,,,,UNMATCHED
Cupcake,156,156,UNMATCHED,,,,,UNMATCHED
Poppy,156,156,UNMATCHED,,,,,UNMATCHED
Black Rose,155,155,UNMATCHED,,,,,UNMATCHED
Exotic Woods,155,155,UNMATCHED,,,,,UNMATCHED
Vanilla Flower,155,155,UNMATCHED,,,,,UNMATCHED
Cardamon,154,155,UNMATCHED,,,,,UNMATCHED
Fig Tree,153,157,UNMATCHED,,,,,UNMATCHED
Exotic floral notes,152,152,UNMATCHED,,,,,UNMATCHED
Red Pepper,152,152,UNMATCHED,,,,,UNMATCHED
Biscuit,151,154,UNMATCHED,,,,,UNMATCHED
Spun Sugar,151,151,UNMATCHED,,,,,UNMATCHED
Nard Himalayan (Jatamansi),150,150,UNMATCHED,,,,,UNMATCHED
Tunisian Orange Blossom,148,148,UNMATCHED,,,,,UNMATCHED
Tuscan Iris,147,152,UNMATCHED,,,,,UNMATCHED
Ink,147,148,UNMATCHED,,,,,UNMATCHED
Maple,147,148,MATCH_SECONDARY_DESCRIPTOR,Maple,SECONDARY_DESCRIPTOR,,,STRICT_MATCH
Spearmint,146,146,MATCH_SECONDARY_DESCRIPTOR,Spearmint,SECONDARY_DESCRIPTOR,,,STRICT_MATCH
Pumpkin,145,147,UNMATCHED,,,,,UNMATCHED
Wheat,145,146,UNMATCHED,,,,,UNMATCHED
Copaiba balm,145,145,UNMATCHED,,,,,UNMATCHED
Lemon Peel,144,144,UNMATCHED,,,,,UNMATCHED
Palmarosa,143,143,UNMATCHED,,,Palmarosa oil,,CANDIDATE_ONLY
Cake,142,142,UNMATCHED,,,,,UNMATCHED
Marjoram,142,142,UNMATCHED,,,"Marjoram oil, Spanish | Marjoram oil, sweet",,CANDIDATE_ONLY
Black Orchid,141,142,UNMATCHED,,,,,UNMATCHED
Black Vanilla Husk,140,142,UNMATCHED,,,,,UNMATCHED
Spanish Labdanum,140,140,UNMATCHED,,,,,UNMATCHED
AmbrofixTM,139,139,UNMATCHED,,,,,UNMATCHED
Cistus Incanus,138,140,UNMATCHED,,,,,UNMATCHED
Hyrax,137,137,UNMATCHED,,,,,UNMATCHED
Olive Tree,136,137,UNMATCHED,,,,,UNMATCHED
Shiso,135,135,UNMATCHED,,,,,UNMATCHED
White Grapefruit,135,135,UNMATCHED,,,,,UNMATCHED
Bark,134,136,UNMATCHED,,,,,UNMATCHED
Syrup,133,133,UNMATCHED,,,,,UNMATCHED
Ambrox Super,132,132,UNMATCHED,,,,,UNMATCHED
Lemon Leaf,132,132,UNMATCHED,,,,,UNMATCHED
Ambrettolide,131,131,UNMATCHED,,,,,UNMATCHED
Crystal Amber,131,131,UNMATCHED,,,,,UNMATCHED
Rose Hip,131,131,UNMATCHED,,,,,UNMATCHED
White Tobacco,131,131,UNMATCHED,,,,,UNMATCHED
Mexican chocolate,130,130,UNMATCHED,,,,,UNMATCHED
Calamus,129,129,UNMATCHED,,,Calamus oil,,CANDIDATE_ONLY
Mushroom,128,130,MATCH_SECONDARY_DESCRIPTOR,Mushroom,SECONDARY_DESCRIPTOR,,,STRICT_MATCH
Cedar Needles,127,127,UNMATCHED,,,,,UNMATCHED
Datura,127,127,UNMATCHED,,,,,UNMATCHED
Bourbon Vetiver,125,125,UNMATCHED,,,,,UNMATCHED
Berries,124,126,UNMATCHED,,,,,UNMATCHED
Green Bell Pepper,124,124,UNMATCHED,,,,,UNMATCHED
Jasmine Tea,124,124,UNMATCHED,,,,,UNMATCHED
Rock rose,124,124,UNMATCHED,,,,,UNMATCHED
White Oud,122,123,UNMATCHED,,,,,UNMATCHED
Indian Patchouli,122,122,UNMATCHED,,,,,UNMATCHED
Patchouli Leaf,122,122,UNMATCHED,,,,,UNMATCHED
Pitahaya,122,122,UNMATCHED,,,,,UNMATCHED
Bubble Gum,119,121,UNMATCHED,,,,,UNMATCHED
Birch Leaf,119,120,UNMATCHED,,,,,UNMATCHED
Camellia,119,119,UNMATCHED,,,Camellia leaf extract,,CANDIDATE_ONLY
Amaretto,118,119,UNMATCHED,,,,,UNMATCHED
Himalayan Cedar,118,118,UNMATCHED,,,,,UNMATCHED
Paprika,118,118,UNMATCHED,,,Paprika oleoresin,,CANDIDATE_ONLY
Ebony Wood,117,117,UNMATCHED,,,,,UNMATCHED
Bellflower,116,117,UNMATCHED,,,,,UNMATCHED
Star Jasmine,116,116,UNMATCHED,,,,,UNMATCHED
Timur,116,116,UNMATCHED,,,,,UNMATCHED
Copal,115,118,UNMATCHED,,,,,UNMATCHED
Daisy,113,115,UNMATCHED,,,,,UNMATCHED
Spruce,113,113,UNMATCHED,,,"Spruce oil, Black",,CANDIDATE_ONLY
Black Elder,112,113,UNMATCHED,,,,,UNMATCHED
Chinese Osmanthus,112,112,UNMATCHED,,,,,UNMATCHED
Mandarin Blossom,112,112,UNMATCHED,,,,,UNMATCHED
Petalia,112,112,UNMATCHED,,,,,UNMATCHED
Clearwood,111,111,UNMATCHED,,,,,UNMATCHED
Pink Lotus,111,111,UNMATCHED,,,,,UNMATCHED
Red Cedar,111,111,UNMATCHED,,,,,UNMATCHED
Vodka,111,111,UNMATCHED,,,,,UNMATCHED
Popcorn,110,112,MATCH_SECONDARY_DESCRIPTOR,Popcorn,SECONDARY_DESCRIPTOR,,,STRICT_MATCH
Currant buds,110,110,UNMATCHED,,,,,UNMATCHED
Amber Xtreme,109,109,UNMATCHED,,,,,UNMATCHED
Paper,108,109,UNMATCHED,,,,,UNMATCHED
gunpowder,108,109,UNMATCHED,,,,,UNMATCHED
Algae,108,108,UNMATCHED,,,,,UNMATCHED
Candy apple,108,108,UNMATCHED,,,,,UNMATCHED
Tiare,107,107,UNMATCHED,,,,,UNMATCHED
Cinammon,106,107,UNMATCHED,,,,,UNMATCHED
Boronia,106,106,UNMATCHED,,,Boronia absolute,,CANDIDATE_ONLY
Cookie,106,106,UNMATCHED,,,,,UNMATCHED
OrcanoxTM,106,106,UNMATCHED,,,,,UNMATCHED
Tea Leaf,106,106,UNMATCHED,,,Tea leaf absolute | Tea leaf oil,,CANDIDATE_ONLY
Roasted Coffee Beans,105,107,UNMATCHED,,,,,UNMATCHED
Linen,105,105,UNMATCHED,,,,,UNMATCHED
Meringue,105,105,UNMATCHED,,,,,UNMATCHED
Buchu or Agathosma,104,104,UNMATCHED,,,,,UNMATCHED
Copahu Balm,104,104,UNMATCHED,,,,,UNMATCHED
Tamarind,103,103,UNMATCHED,,,Tamarind extract,,CANDIDATE_ONLY
White Lotus,103,103,UNMATCHED,,,,,UNMATCHED
Fresh note,102,104,UNMATCHED,,,,,UNMATCHED
Snow,102,103,UNMATCHED,,,,,UNMATCHED
Aromatic Spices,102,102,UNMATCHED,,,,,UNMATCHED
Cinnamon Leaf,102,102,UNMATCHED,,,"Cinnamon leaf oil | Cinnamon leaf oil, rectified | Cinnamon leaf oleoresin",,CANDIDATE_ONLY
Coconut Nectar,102,102,UNMATCHED,,,,,UNMATCHED
Syringa,102,102,UNMATCHED,,,,,UNMATCHED
Dried Plum,101,101,UNMATCHED,,,,,UNMATCHED
Sunflower,101,101,UNMATCHED,,,,,UNMATCHED
Celery,100,100,MATCH_SECONDARY_DESCRIPTOR,Celery,SECONDARY_DESCRIPTOR,,,STRICT_MATCH
Sweet Almond,100,100,UNMATCHED,,,,,UNMATCHED
Coca-Cola,99,104,UNMATCHED,,,,,UNMATCHED
Ash,99,99,UNMATCHED,,,,,UNMATCHED
Candied Fruits,99,99,UNMATCHED,,,,,UNMATCHED
Maple syrup,99,99,UNMATCHED,,,,,UNMATCHED
Pink Rose,99,99,UNMATCHED,,,,,UNMATCHED
Civetta,98,98,UNMATCHED,,,,,UNMATCHED
Raspberry Leaf,98,98,UNMATCHED,,,,,UNMATCHED
Lactones,97,98,UNMATCHED,,,,,UNMATCHED
Mandarin Leaf,97,97,UNMATCHED,,,,,UNMATCHED
Rhuburb,97,97,UNMATCHED,,,,,UNMATCHED
Cactus,96,97,UNMATCHED,,,,,UNMATCHED
Nectar,96,97,UNMATCHED,,,,,UNMATCHED
Fenugreek,96,96,MATCH_SECONDARY_DESCRIPTOR,Fenugreek,SECONDARY_DESCRIPTOR,,,STRICT_MATCH
Vanilla Pod,96,96,UNMATCHED,,,,,UNMATCHED
White Blossom,94,97,UNMATCHED,,,,,UNMATCHED
Madagascar Ylang-Ylang,93,94,UNMATCHED,,,,,UNMATCHED
Maltol,93,94,MATCH_PRINCIPAL_EXACT,Maltol,PRINCIPAL,,,STRICT_MATCH
Chrysanthemum,92,94,UNMATCHED,,,,,UNMATCHED
Bread,92,92,MATCH_SECONDARY_DESCRIPTOR,Bread,SECONDARY_DESCRIPTOR,,,STRICT_MATCH
Russian Leather,92,92,UNMATCHED,,,,,UNMATCHED
Cappuccino,91,92,UNMATCHED,,,,,UNMATCHED
Marzipan,91,91,UNMATCHED,,,,,UNMATCHED
Black Violet,90,90,UNMATCHED,,,,,UNMATCHED
Petitgrain Paraguay,90,90,UNMATCHED,,,,,UNMATCHED
Monoi Oil,89,90,UNMATCHED,,,,,UNMATCHED
Orange Oil,89,89,UNMATCHED,,,,,UNMATCHED
Water Hyacinth,89,89,UNMATCHED,,,,,UNMATCHED
Milk Chocolate,88,88,UNMATCHED,,,,,UNMATCHED
Vanilla Sugar,87,88,UNMATCHED,,,,,UNMATCHED
Ambrocenide,87,87,UNMATCHED,,,,,UNMATCHED
Gingerbread,87,87,UNMATCHED,,,,,UNMATCHED
Nutty Notes,87,87,UNMATCHED,,,,,UNMATCHED
Palm Leaf,86,87,UNMATCHED,,,,,UNMATCHED
Soap,86,87,UNMATCHED,,,,,UNMATCHED
Grapefruit blossom,86,86,UNMATCHED,,,,,UNMATCHED
Macarons,86,86,UNMATCHED,,,,,UNMATCHED
Oolong tea,85,85,UNMATCHED,,,,,UNMATCHED
Creme Brulee,83,83,UNMATCHED,,,,,UNMATCHED
Petrichor,83,83,UNMATCHED,,,,,UNMATCHED
Silk,83,83,UNMATCHED,,,,,UNMATCHED
Black locust,82,82,UNMATCHED,,,,,UNMATCHED
Camelia,82,82,UNMATCHED,,,,,UNMATCHED
Cherry Liqueur,82,82,UNMATCHED,,,,,UNMATCHED
Red Thyme,82,82,UNMATCHED,,,,,UNMATCHED
White Ginger Lily,82,82,UNMATCHED,,,,,UNMATCHED
Fig Nectar,81,82,UNMATCHED,,,,,UNMATCHED
Floral Fruity Notes,81,82,UNMATCHED,,,,,UNMATCHED
White Orchid,81,82,UNMATCHED,,,,,UNMATCHED
Apricot Blossom,81,81,UNMATCHED,,,,,UNMATCHED
Earl Grey Tea,81,81,UNMATCHED,,,,,UNMATCHED
Malt,81,81,UNMATCHED,,,Malt absolute,,CANDIDATE_ONLY
Mace,80,80,UNMATCHED,,,Mace absolute | Mace oil | Mace oleoresin,,CANDIDATE_ONLY
Agave,78,79,UNMATCHED,,,,,UNMATCHED
Nashi Pear,78,78,UNMATCHED,,,,,UNMATCHED
Pelargonium,78,78,UNMATCHED,,,,,UNMATCHED
Indian Sandalwood,77,78,UNMATCHED,,,,,UNMATCHED
Airy Note,77,77,UNMATCHED,,,,,UNMATCHED
Cabreuva,77,77,UNMATCHED,,,Cabreuva oil,,CANDIDATE_ONLY
Fire,77,77,UNMATCHED,,,,,UNMATCHED
Mojito,77,77,UNMATCHED,,,,,UNMATCHED
Stone,77,77,UNMATCHED,,,,,UNMATCHED
White Suede,77,77,UNMATCHED,,,,,UNMATCHED
dark woodsy notes,76,78,UNMATCHED,,,,,UNMATCHED
Blood,76,76,UNMATCHED,,,,,UNMATCHED
Cactus Flower,76,76,UNMATCHED,,,,,UNMATCHED
Condensed Milk,76,76,UNMATCHED,,,,,UNMATCHED
Pine Tree Needles,76,76,UNMATCHED,,,,,UNMATCHED
ebony tree,76,76,UNMATCHED,,,,,UNMATCHED
Lemon Tree,75,75,UNMATCHED,,,,,UNMATCHED
Mirabelle,75,75,UNMATCHED,,,,,UNMATCHED
Amaryllis,74,74,UNMATCHED,,,,,UNMATCHED
Bourbon Whiskey,74,74,UNMATCHED,,,,,UNMATCHED
Hyssop,74,74,UNMATCHED,,,Hyssop oil,,CANDIDATE_ONLY
Black Leather,73,73,UNMATCHED,,,,,UNMATCHED
Cetalox,73,73,UNMATCHED,,,,,UNMATCHED
Lavender Extract,73,73,MATCH_PRINCIPAL_EXACT,Lavender extract,PRINCIPAL,,,STRICT_MATCH
Red Mandarin,73,73,UNMATCHED,,,,,UNMATCHED
White Wine,73,73,UNMATCHED,,,,,UNMATCHED
Pandanus,72,73,UNMATCHED,,,,,UNMATCHED
Black Currant Blossom,72,72,UNMATCHED,,,,,UNMATCHED
Tahitian Vetiver,72,72,UNMATCHED,,,,,UNMATCHED
Tropical Fruit,72,72,MATCH_SECONDARY_DESCRIPTOR,Tropical-Fruit,SECONDARY_DESCRIPTOR,,,STRICT_MATCH
Burnt Sugar,71,71,UNMATCHED,,,,,UNMATCHED
Gooseberry,71,71,UNMATCHED,,,,,UNMATCHED
Red Peony,71,71,UNMATCHED,,,,,UNMATCHED
Sequoia,71,71,UNMATCHED,,,,,UNMATCHED
Cashmirwood,70,70,UNMATCHED,,,,,UNMATCHED
Plumeria,70,70,UNMATCHED,,,Plumeria absolute,,CANDIDATE_ONLY
White Iris,70,70,UNMATCHED,,,,,UNMATCHED
Georgywood,69,69,UNMATCHED,,,,,UNMATCHED
Lemon Balm,69,69,UNMATCHED,,,,,UNMATCHED
Liatris,69,69,UNMATCHED,,,,,UNMATCHED
Mahonial,69,69,UNMATCHED,,,,,UNMATCHED
Marshamallow,69,69,UNMATCHED,,,,,UNMATCHED
Opium,69,69,UNMATCHED,,,,,UNMATCHED
Persimmon,69,69,UNMATCHED,,,,,UNMATCHED
Synthetic Civet,69,69,UNMATCHED,,,,,UNMATCHED
Wild Lavender,69,69,UNMATCHED,,,,,UNMATCHED
plum,69,69,MATCH_SECONDARY_DESCRIPTOR,Plum,SECONDARY_DESCRIPTOR,,,STRICT_MATCH
Bamboo Leaf,68,69,UNMATCHED,,,,,UNMATCHED
Violet Root,67,68,UNMATCHED,,,,,UNMATCHED
Dahlia,67,67,UNMATCHED,,,,,UNMATCHED
Mugwort,67,67,UNMATCHED,,,,,UNMATCHED
Salted Caramel,67,67,UNMATCHED,,,,,UNMATCHED
Bigarade,66,67,UNMATCHED,,,,,UNMATCHED
African Geranium,66,66,UNMATCHED,,,,,UNMATCHED
Angelica Root,66,66,UNMATCHED,,,Angelica root oil,,CANDIDATE_ONLY
Baie Rose,66,66,UNMATCHED,,,,,UNMATCHED
Barley,66,66,UNMATCHED,,,,,UNMATCHED
French orange flower,66,66,UNMATCHED,,,,,UNMATCHED
Kaffir Lime,66,66,UNMATCHED,,,,,UNMATCHED
Orange Leaf,66,66,UNMATCHED,,,Orange leaf absolute,,CANDIDATE_ONLY
Helvetolide,65,65,UNMATCHED,,,,,UNMATCHED
Lime (Linden Blossom),65,65,UNMATCHED,,,,,UNMATCHED
Raisin,64,65,UNMATCHED,,,,,UNMATCHED
Blackcurrant Syrup,64,64,UNMATCHED,,,,,UNMATCHED
Celery Seeds,64,64,UNMATCHED,,,,,UNMATCHED
Pink Freesia,64,64,UNMATCHED,,,,,UNMATCHED
Siberian Pine,64,64,UNMATCHED,,,,,UNMATCHED
Talc,64,64,UNMATCHED,,,,,UNMATCHED
Vanillin,63,64,MATCH_PRINCIPAL_EXACT,Vanillin,PRINCIPAL,,,STRICT_MATCH
Black Spruce,63,63,UNMATCHED,,,,,UNMATCHED
Bran,63,63,UNMATCHED,,,Bran absolute,,CANDIDATE_ONLY
Night blooming Cereus,63,63,UNMATCHED,,,,,UNMATCHED
Pineapple Leaf,63,63,UNMATCHED,,,,,UNMATCHED
Rhododendron,63,63,UNMATCHED,,,,,UNMATCHED
Candied Almond,62,63,UNMATCHED,,,,,UNMATCHED
Floral bouquet,62,63,UNMATCHED,,,,,UNMATCHED
Blood Grapefruit,62,62,UNMATCHED,,,,,UNMATCHED
Coffee blossom,62,62,UNMATCHED,,,,,UNMATCHED
Forest Fruits,62,62,UNMATCHED,,,,,UNMATCHED
Turkish Rose Oil,62,62,UNMATCHED,,,,,UNMATCHED
Iris Butter,61,62,UNMATCHED,,,,,UNMATCHED
Red Chilli Pepper,61,62,UNMATCHED,,,,,UNMATCHED
Cedar Leaves,61,61,UNMATCHED,,,,,UNMATCHED
Clove Leaf,61,61,UNMATCHED,,,"Clove leaf oil | Clove leaf oil terpenes | Clove leaf oil, rectified",,CANDIDATE_ONLY
Mignonette,61,61,UNMATCHED,,,,,UNMATCHED
Wool,61,61,UNMATCHED,,,,,UNMATCHED
heather,61,61,UNMATCHED,,,,,UNMATCHED
Concrete,60,60,UNMATCHED,,,,,UNMATCHED
Olive Blossom,60,60,UNMATCHED,,,,,UNMATCHED
Pitosporum,60,60,UNMATCHED,,,,,UNMATCHED
Tomato,60,60,UNMATCHED,,,,,UNMATCHED
French Rose,59,60,UNMATCHED,,,,,UNMATCHED
Lichen,59,59,UNMATCHED,,,,,UNMATCHED
Snowdrops,59,59,UNMATCHED,,,,,UNMATCHED
black fig,59,59,UNMATCHED,,,,,UNMATCHED
mulberry,58,60,UNMATCHED,,,,,UNMATCHED
Evernyl,58,58,UNMATCHED,,,,,UNMATCHED
Moroccan Cedar,58,58,UNMATCHED,,,,,UNMATCHED
Musk Mallow,58,58,UNMATCHED,,,,,UNMATCHED
Siam,58,58,UNMATCHED,,,,,UNMATCHED
CO2 Extracts,57,58,UNMATCHED,,,,,UNMATCHED
Ambrarome,57,57,UNMATCHED,,,,,UNMATCHED
Banana Leaf,57,57,UNMATCHED,,,,,UNMATCHED
Japanese Cherry Blossom,57,57,UNMATCHED,,,,,UNMATCHED
Macadamia,57,57,UNMATCHED,,,,,UNMATCHED
Water,57,57,UNMATCHED,,,,,UNMATCHED
Acai Berry,56,56,UNMATCHED,,,,,UNMATCHED
Clay,56,56,UNMATCHED,,,,,UNMATCHED
Italian Tangerine,56,56,UNMATCHED,,,,,UNMATCHED
Piña Colada,55,57,UNMATCHED,,,,,UNMATCHED
Egyptian Musk,55,55,UNMATCHED,,,,,UNMATCHED
Espresso,55,55,UNMATCHED,,,,,UNMATCHED
Italian Iris,55,55,UNMATCHED,,,,,UNMATCHED
Milk Mousse,55,55,UNMATCHED,,,,,UNMATCHED
Wild Orchid,55,55,UNMATCHED,,,,,UNMATCHED
Assam Oud,54,55,UNMATCHED,,,,,UNMATCHED
Hortensia,54,55,UNMATCHED,,,,,UNMATCHED
Apple Tree,54,54,UNMATCHED,,,,,UNMATCHED
Lemonade,54,54,UNMATCHED,,,,,UNMATCHED
Nigerian Ginger,54,54,UNMATCHED,,,,,UNMATCHED
Singapore Patchouli,54,54,UNMATCHED,,,,,UNMATCHED
Water Mint,54,54,UNMATCHED,,,,,UNMATCHED
Gasoline,53,54,UNMATCHED,,,,,UNMATCHED
Parma Violet,53,54,UNMATCHED,,,,,UNMATCHED
Black Cardamom,53,53,UNMATCHED,,,,,UNMATCHED
Malaysian Oud,53,53,UNMATCHED,,,,,UNMATCHED
Mexican Vanilla,53,53,UNMATCHED,,,,,UNMATCHED
Vetiver Root,53,53,UNMATCHED,,,,,UNMATCHED
Vine,53,53,UNMATCHED,,,,,UNMATCHED
Priprioca,52,53,UNMATCHED,,,,,UNMATCHED
Black and Pink Pepper,52,52,UNMATCHED,,,,,UNMATCHED
Dried Fallen Leaves,52,52,UNMATCHED,,,,,UNMATCHED
Flower Petals,52,52,UNMATCHED,,,,,UNMATCHED
Hemlock,52,52,UNMATCHED,,,,,UNMATCHED
Italian Orange,52,52,UNMATCHED,,,,,UNMATCHED
Light Amber,52,52,UNMATCHED,,,,,UNMATCHED
Mimosa absolute,52,52,MATCH_PRINCIPAL_EXACT,Mimosa absolute,PRINCIPAL,,,STRICT_MATCH
Mirabelle Plum,52,52,UNMATCHED,,,,,UNMATCHED
Mock Orange,52,52,UNMATCHED,,,,,UNMATCHED
Choya Loban,51,52,UNMATCHED,,,,,UNMATCHED
Casablanca Lily,51,51,UNMATCHED,,,,,UNMATCHED
Citrus and Floral Notes,51,51,UNMATCHED,,,,,UNMATCHED
Gentiana,51,51,UNMATCHED,,,,,UNMATCHED
Lipstick,51,51,UNMATCHED,,,,,UNMATCHED
Madagascar Vetiver,51,51,UNMATCHED,,,,,UNMATCHED
Pink Jasmine,51,51,UNMATCHED,,,,,UNMATCHED
Red Poppy,51,51,UNMATCHED,,,,,UNMATCHED
Creamy notes,50,51,UNMATCHED,,,,,UNMATCHED
Milk Cream,50,51,UNMATCHED,,,,,UNMATCHED
Amyl Salicylate,50,50,MATCH_PRINCIPAL_EXACT,Amyl salicylate,PRINCIPAL,,,STRICT_MATCH
Blackwood,50,50,UNMATCHED,,,,,UNMATCHED
Ginseng,50,50,UNMATCHED,,,,,UNMATCHED
Madagascar Cloves,50,50,UNMATCHED,,,,,UNMATCHED
Strawberry Leaf,50,50,UNMATCHED,,,,,UNMATCHED
White Rum,50,50,UNMATCHED,,,,,UNMATCHED
Exotic Spices,49,50,UNMATCHED,,,,,UNMATCHED
Ambertonic,49,49,UNMATCHED,,,,,UNMATCHED
Candied Orange,49,49,UNMATCHED,,,,,UNMATCHED
Green Lilac,49,49,UNMATCHED,,,,,UNMATCHED
Madagascar Pepper,49,49,UNMATCHED,,,,,UNMATCHED
Massoia,49,49,UNMATCHED,,,,,UNMATCHED
Palm Tree,49,49,UNMATCHED,,,,,UNMATCHED
West Indian Bay,49,49,UNMATCHED,,,,,UNMATCHED
Berry Fruits,48,48,UNMATCHED,,,,,UNMATCHED
Bitter Orange Blossom,48,48,UNMATCHED,,,,,UNMATCHED
Dulce de leche,48,48,UNMATCHED,,,,,UNMATCHED
Geosmin,48,48,UNMATCHED,,,,,UNMATCHED
Thuja,48,48,UNMATCHED,,,,,UNMATCHED
Green Mango,47,47,UNMATCHED,,,,,UNMATCHED
Ho Wood,47,47,MATCH_PRINCIPAL_EXACT,Ho wood,PRINCIPAL,,,STRICT_MATCH
Peat,47,47,UNMATCHED,,,,,UNMATCHED
Tonic Water,47,47,UNMATCHED,,,,,UNMATCHED
Vietnamese Oud,47,47,UNMATCHED,,,,,UNMATCHED
Caviar,46,46,UNMATCHED,,,,,UNMATCHED
Chinese Black Tea,46,46,UNMATCHED,,,,,UNMATCHED
Dewberry,46,46,UNMATCHED,,,,,UNMATCHED
Kyara Incense,46,46,UNMATCHED,,,,,UNMATCHED
Poplar (Populus) buds,46,46,UNMATCHED,,,,,UNMATCHED
Wild Jasmine,46,46,UNMATCHED,,,,,UNMATCHED
Dreamwood,45,45,UNMATCHED,,,,,UNMATCHED
Graperfuit,45,45,UNMATCHED,,,,,UNMATCHED
Pimento Seeds,45,45,UNMATCHED,,,,,UNMATCHED
Reseda,45,45,UNMATCHED,,,,,UNMATCHED
Seagrass,45,45,UNMATCHED,,,,,UNMATCHED
Water Flowers,45,45,UNMATCHED,,,,,UNMATCHED
Tequila,44,46,UNMATCHED,,,,,UNMATCHED
Coal,44,44,UNMATCHED,,,,,UNMATCHED
Dust,44,44,UNMATCHED,,,,,UNMATCHED
Grenadine,44,44,UNMATCHED,,,,,UNMATCHED
Holly,44,44,UNMATCHED,,,,,UNMATCHED
Indole,44,44,MATCH_PRINCIPAL_EXACT,Indole,PRINCIPAL,,,STRICT_MATCH
Masala Chai,44,44,UNMATCHED,,,,,UNMATCHED
Oak Tree,44,44,UNMATCHED,,,,,UNMATCHED
Tahitian Tiare Flower,44,44,UNMATCHED,,,,,UNMATCHED
Wood Resin,44,44,UNMATCHED,,,,,UNMATCHED
Arum Lily,43,43,UNMATCHED,,,,,UNMATCHED
Dark Patchouli,43,43,UNMATCHED,,,,,UNMATCHED
Frosting,43,43,UNMATCHED,,,,,UNMATCHED
Loukhoum,43,43,UNMATCHED,,,,,UNMATCHED
Oat,43,43,UNMATCHED,,,,,UNMATCHED
Oriental Woodsy notes,43,43,UNMATCHED,,,,,UNMATCHED
Raspberry Bloom,43,43,UNMATCHED,,,,,UNMATCHED
Vervain,43,43,UNMATCHED,,,,,UNMATCHED
Coconut Blossom,42,42,UNMATCHED,,,,,UNMATCHED
Coriander Leaf,42,42,UNMATCHED,,,,,UNMATCHED
Cypriol Oil,42,42,MATCH_PRINCIPAL_EXACT,Cypriol oil,PRINCIPAL,,,STRICT_MATCH
Indonesian Nutmeg,42,42,UNMATCHED,,,,,UNMATCHED
Nectarine blossom,42,42,UNMATCHED,,,,,UNMATCHED
Neroli Essence,42,42,UNMATCHED,,,,,UNMATCHED
White Leather,42,42,UNMATCHED,,,,,UNMATCHED
Asphalt,41,41,UNMATCHED,,,,,UNMATCHED
Cascalone,41,41,UNMATCHED,,,,,UNMATCHED
Cedarmoss,41,41,UNMATCHED,,,,,UNMATCHED
Dragon Blood Resin,41,41,UNMATCHED,,,,,UNMATCHED
English Rose,41,41,UNMATCHED,,,,,UNMATCHED
Kashmir wood,41,41,UNMATCHED,,,,,UNMATCHED
Lorenox,41,41,UNMATCHED,,,,,UNMATCHED
Pineapple blossom,41,41,UNMATCHED,,,,,UNMATCHED
Silver Fir,41,41,UNMATCHED,,,,,UNMATCHED
Stephanotis,41,41,UNMATCHED,,,,,UNMATCHED
Vinyl,41,41,UNMATCHED,,,,,UNMATCHED
Buttercream,40,41,UNMATCHED,,,,,UNMATCHED
Chypre Notes,40,40,UNMATCHED,,,,,UNMATCHED
Citrus Blossom,40,40,UNMATCHED,,,,,UNMATCHED
Dill,40,40,UNMATCHED,,,Dill seed oil | Dill seed oleoresin | Dill weed oil,,CANDIDATE_ONLY
Frosting [Glacé],40,40,UNMATCHED,,,,,UNMATCHED
Fur,40,40,UNMATCHED,,,,,UNMATCHED
Transparent Flowers,40,40,UNMATCHED,,,,,UNMATCHED
Vanilla Caviar,40,40,UNMATCHED,,,,,UNMATCHED
Almond Cream,39,39,UNMATCHED,,,,,UNMATCHED
Buddha Wood,39,39,UNMATCHED,,,,,UNMATCHED
Chinese Cedar,39,39,UNMATCHED,,,,,UNMATCHED
Chinese Jasmine,39,39,UNMATCHED,,,,,UNMATCHED
Indian Spices,39,39,UNMATCHED,,,,,UNMATCHED
Rooibos Tea,39,39,UNMATCHED,,,,,UNMATCHED
Tyger Lily,39,39,UNMATCHED,,,,,UNMATCHED
Yellow Freesia,39,39,UNMATCHED,,,,,UNMATCHED
Candied Lemon,38,38,UNMATCHED,,,,,UNMATCHED
Choya Nakh,38,38,UNMATCHED,,,,,UNMATCHED
Flax,38,38,UNMATCHED,,,,,UNMATCHED
Green Pear,38,38,UNMATCHED,,,,,UNMATCHED
Green Tangerine,38,38,UNMATCHED,,,,,UNMATCHED
Paradisone,38,38,UNMATCHED,,,,,UNMATCHED
Red Algae,38,38,UNMATCHED,,,,,UNMATCHED
Hops,37,39,UNMATCHED,,,,,UNMATCHED
Turkey Red Rose,37,39,UNMATCHED,,,,,UNMATCHED
Rubber,37,38,UNMATCHED,,,,,UNMATCHED
Mitti Attar,37,37,UNMATCHED,,,,,UNMATCHED
Water Fruit,37,37,UNMATCHED,,,,,UNMATCHED
Almond Tree,36,36,UNMATCHED,,,,,UNMATCHED
Cereals,36,36,UNMATCHED,,,,,UNMATCHED
Chantilly Cream,36,36,UNMATCHED,,,,,UNMATCHED
Cilantro,36,36,UNMATCHED,,,,,UNMATCHED
Flint,36,36,UNMATCHED,,,,,UNMATCHED
Forget me not,36,36,UNMATCHED,,,,,UNMATCHED
Nettle,36,36,UNMATCHED,,,,,UNMATCHED
Roasted Nuts,36,36,UNMATCHED,,,,,UNMATCHED
Silk Tree blossom,36,36,UNMATCHED,,,,,UNMATCHED
White Pear,36,36,UNMATCHED,,,,,UNMATCHED
White Violet,36,36,UNMATCHED,,,,,UNMATCHED
Blue Lavender,35,35,UNMATCHED,,,,,UNMATCHED
Breu-Branco,35,35,UNMATCHED,,,,,UNMATCHED
Dirt,35,35,UNMATCHED,,,,,UNMATCHED
Green Almond,35,35,UNMATCHED,,,,,UNMATCHED
Pine tar,35,35,UNMATCHED,,,"Pine tar oil | Pine tar oil, rectified",,CANDIDATE_ONLY
Pomarose,35,35,UNMATCHED,,,,,UNMATCHED
Primrose,35,35,UNMATCHED,,,,,UNMATCHED
Sweet Grass,35,35,UNMATCHED,,,,,UNMATCHED
Black Licorice,34,34,UNMATCHED,,,,,UNMATCHED
Champagne Rosé,34,34,UNMATCHED,,,,,UNMATCHED
Finger Lime,34,34,UNMATCHED,,,,,UNMATCHED
Fougère Accord,34,34,UNMATCHED,,,,,UNMATCHED
Galanga,34,34,UNMATCHED,,,,,UNMATCHED
Javanol,34,34,UNMATCHED,,,,,UNMATCHED
Lapsang Souchong Tea,34,34,UNMATCHED,,,,,UNMATCHED
Mango Blossom,34,34,UNMATCHED,,,,,UNMATCHED
Red Sandalwood,34,34,UNMATCHED,,,,,UNMATCHED
Seashells,34,34,UNMATCHED,,,,,UNMATCHED
Elderberry,33,35,UNMATCHED,,,,,UNMATCHED
Nougat,33,35,UNMATCHED,,,,,UNMATCHED
Pecan,33,34,UNMATCHED,,,,,UNMATCHED
Accord Eudora®,33,33,UNMATCHED,,,,,UNMATCHED
Karo Karounde,33,33,UNMATCHED,,,,,UNMATCHED
Lady of the Night Flower,33,33,UNMATCHED,,,,,UNMATCHED
Lime Blossom,33,33,UNMATCHED,,,,,UNMATCHED
Limoncello,33,33,UNMATCHED,,,,,UNMATCHED
Maraschino Cherry,33,33,UNMATCHED,,,,,UNMATCHED
Nard,33,33,UNMATCHED,,,,,UNMATCHED
Nasturtium,33,33,MATCH_SECONDARY_DESCRIPTOR,Nasturtium,SECONDARY_DESCRIPTOR,,,STRICT_MATCH
Pimento Leaf,33,33,UNMATCHED,,,,,UNMATCHED
Pollen,33,33,UNMATCHED,,,,,UNMATCHED
Rose Leaf,33,33,UNMATCHED,,,,,UNMATCHED
Rosebay Willowherb,33,33,UNMATCHED,,,,,UNMATCHED
TimbersilkTM,33,33,UNMATCHED,,,,,UNMATCHED
Watercress,33,33,UNMATCHED,,,,,UNMATCHED
White Currant,33,33,UNMATCHED,,,,,UNMATCHED
Boletus edulis,32,32,UNMATCHED,,,,,UNMATCHED
Candle Wax,32,32,UNMATCHED,,,,,UNMATCHED
French Violet,32,32,UNMATCHED,,,,,UNMATCHED
Gurjun Balsam,32,32,MATCH_PRINCIPAL_EXACT,Gurjun balsam,PRINCIPAL,,,STRICT_MATCH
Lime peel,32,32,UNMATCHED,,,,,UNMATCHED
Magnolia Petals,32,32,UNMATCHED,,,,,UNMATCHED
Marmalade,32,32,UNMATCHED,,,,,UNMATCHED
Rice Powder,32,32,UNMATCHED,,,,,UNMATCHED
Stems Greens,32,32,UNMATCHED,,,,,UNMATCHED
Valerian,32,32,MATCH_SECONDARY_DESCRIPTOR,Valerian,SECONDARY_DESCRIPTOR,,,STRICT_MATCH
White Magnolia,32,32,UNMATCHED,,,,,UNMATCHED
boxwood,31,34,UNMATCHED,,,,,UNMATCHED
prickly pear,31,32,UNMATCHED,,,,,UNMATCHED
Conifer,31,31,UNMATCHED,,,,,UNMATCHED
Dyer’s Greenweed,31,31,UNMATCHED,,,,,UNMATCHED
French pastries,31,31,UNMATCHED,,,,,UNMATCHED
Gold,31,31,UNMATCHED,,,,,UNMATCHED
Jelly,31,31,UNMATCHED,,,,,UNMATCHED
Mangosteen,31,31,UNMATCHED,,,,,UNMATCHED
Nerium Oleander,31,31,UNMATCHED,,,,,UNMATCHED
Parsley,31,31,MATCH_SECONDARY_DESCRIPTOR,Parsley,SECONDARY_DESCRIPTOR,,,STRICT_MATCH
pink tulip,31,31,UNMATCHED,,,,,UNMATCHED
Chinese Oud,30,33,UNMATCHED,,,,,UNMATCHED
Henna,30,31,UNMATCHED,,,,,UNMATCHED
edelweiss,30,31,UNMATCHED,,,,,UNMATCHED
Blue Sage,30,30,UNMATCHED,,,,,UNMATCHED
Brazilian Redwood,30,30,UNMATCHED,,,,,UNMATCHED
Cypress Leaf,30,30,UNMATCHED,,,,,UNMATCHED
Dandelion,30,30,UNMATCHED,,,,,UNMATCHED
Gaiac,30,30,UNMATCHED,,,,,UNMATCHED
Honeycomb,30,30,UNMATCHED,,,,,UNMATCHED
Indian Saffron,30,30,UNMATCHED,,,,,UNMATCHED
Italian Jasmine,30,30,UNMATCHED,,,,,UNMATCHED
Muscenone,30,30,UNMATCHED,,,,,UNMATCHED
Panacotta,30,30,UNMATCHED,,,,,UNMATCHED
Red Amber,30,30,UNMATCHED,,,,,UNMATCHED
Reed,30,30,UNMATCHED,,,,,UNMATCHED
Tar,30,30,UNMATCHED,,,"Tar wood oil, distilled",,CANDIDATE_ONLY
cream soda,30,30,UNMATCHED,,,,,UNMATCHED
Peanut,29,30,MATCH_SECONDARY_DESCRIPTOR,Peanut,SECONDARY_DESCRIPTOR,,,STRICT_MATCH
Bellini,29,29,UNMATCHED,,,,,UNMATCHED
Bergamot Leaf,29,29,UNMATCHED,,,,,UNMATCHED
Damask Plum,29,29,UNMATCHED,,,,,UNMATCHED
Gray Musk,29,29,UNMATCHED,,,,,UNMATCHED
Iris Pallida,29,29,UNMATCHED,,,"Iris pallida absolute | Iris pallida concrete | Iris pallida oil | Iris pallida oil, rectified | Iris pallida resinoid | Iris pallida tincture",,CANDIDATE_ONLY
Leatherwood,29,29,UNMATCHED,,,,,UNMATCHED
Plastic,29,29,MATCH_SECONDARY_DESCRIPTOR,Plastic,SECONDARY_DESCRIPTOR,,,STRICT_MATCH
Red Tea,29,29,UNMATCHED,,,,,UNMATCHED
Rose Oxide,29,29,UNMATCHED,,,,,UNMATCHED
Skin musk,29,29,UNMATCHED,,,,,UNMATCHED
Tansy,29,29,UNMATCHED,,,Tansy oil,,CANDIDATE_ONLY
Yarrow,29,29,UNMATCHED,,,Yarrow oil,,CANDIDATE_ONLY
Butterscotch,28,28,MATCH_SECONDARY_DESCRIPTOR,Butterscotch,SECONDARY_DESCRIPTOR,,,STRICT_MATCH
Dried Apricot,28,28,UNMATCHED,,,,,UNMATCHED
Egyptian balsam,28,28,UNMATCHED,,,,,UNMATCHED
Italian Orris Root,28,28,UNMATCHED,,,,,UNMATCHED
Molasses,28,28,UNMATCHED,,,,,UNMATCHED
Pitanga,28,28,UNMATCHED,,,,,UNMATCHED
Suntan Lotion,28,28,UNMATCHED,,,,,UNMATCHED
Wild Orange,28,28,UNMATCHED,,,,,UNMATCHED
AmbrostarTM,27,27,UNMATCHED,,,,,UNMATCHED
Blue Hyacinth,27,27,UNMATCHED,,,,,UNMATCHED
Cedar Essence,27,27,UNMATCHED,,,,,UNMATCHED
Egyptian Rose,27,27,UNMATCHED,,,,,UNMATCHED
Liquidambar,27,27,UNMATCHED,,,,,UNMATCHED
Martini,27,27,UNMATCHED,,,,,UNMATCHED
Pear Leaf,27,27,UNMATCHED,,,,,UNMATCHED
Powdered Sugar,27,27,UNMATCHED,,,,,UNMATCHED
Rhubarb Leaf,27,27,UNMATCHED,,,,,UNMATCHED
Wallflower,27,27,UNMATCHED,,,,,UNMATCHED
Wintergreen,27,27,UNMATCHED,,,Wintergreen extract | Wintergreen oil,,CANDIDATE_ONLY
Fabric,26,27,UNMATCHED,,,,,UNMATCHED
Bergamot Blossom,26,26,UNMATCHED,,,,,UNMATCHED
Black Iris,26,26,UNMATCHED,,,,,UNMATCHED
Cacao Butter,26,26,UNMATCHED,,,,,UNMATCHED
Candied Ginger,26,26,UNMATCHED,,,,,UNMATCHED
Cassia Bourbon,26,26,UNMATCHED,,,,,UNMATCHED
Cheese,26,26,UNMATCHED,,,,,UNMATCHED
Curry Tree,26,26,UNMATCHED,,,,,UNMATCHED
Goji Berries,26,26,UNMATCHED,,,,,UNMATCHED
Hibiscus Seed,26,26,UNMATCHED,,,,,UNMATCHED
Mugane,26,26,UNMATCHED,,,,,UNMATCHED
Pea,26,26,MATCH_SECONDARY_DESCRIPTOR,Pea,SECONDARY_DESCRIPTOR,,,STRICT_MATCH
Prosecco,26,26,UNMATCHED,,,,,UNMATCHED
Sap,26,26,UNMATCHED,,,,,UNMATCHED
Charred Wood,25,26,UNMATCHED,,,,,UNMATCHED
African Ginger,25,25,UNMATCHED,,,,,UNMATCHED
Bushman Candle,25,25,UNMATCHED,,,,,UNMATCHED
Gorse,25,25,UNMATCHED,,,,,UNMATCHED
Hot iron,25,25,UNMATCHED,,,,,UNMATCHED
Manuka,25,25,UNMATCHED,,,,,UNMATCHED
Old Books,25,25,UNMATCHED,,,,,UNMATCHED
Orangewood,25,25,UNMATCHED,,,,,UNMATCHED
Sinfonide,25,25,UNMATCHED,,,,,UNMATCHED
Transparent Woods,25,25,UNMATCHED,,,,,UNMATCHED
Tulsi,25,25,UNMATCHED,,,,,UNMATCHED
Vermouth,25,25,UNMATCHED,,,,,UNMATCHED
Yellow Narcissus,25,25,UNMATCHED,,,,,UNMATCHED
latex,25,25,UNMATCHED,,,,,UNMATCHED
Larch,24,25,UNMATCHED,,,,,UNMATCHED
Olive Leaf,24,25,UNMATCHED,,,,,UNMATCHED
Aglaia,24,24,UNMATCHED,,,,,UNMATCHED
Calabrian Mandarin,24,24,UNMATCHED,,,,,UNMATCHED
Cantaloupe,24,24,UNMATCHED,,,,,UNMATCHED
Coconut Powder,24,24,UNMATCHED,,,,,UNMATCHED
Coton candy,24,24,UNMATCHED,,,,,UNMATCHED
Fig Milk,24,24,UNMATCHED,,,,,UNMATCHED
Green Forest,24,24,UNMATCHED,,,,,UNMATCHED
Jacaranda,24,24,UNMATCHED,,,,,UNMATCHED
Magnolia Leaf,24,24,UNMATCHED,,,,,UNMATCHED
Mandora,24,24,UNMATCHED,,,,,UNMATCHED
Natural Vanilla,24,24,UNMATCHED,,,,,UNMATCHED
Roots,24,24,UNMATCHED,,,,,UNMATCHED
Steam Accord,24,24,UNMATCHED,,,,,UNMATCHED
Tiramisu,24,24,UNMATCHED,,,,,UNMATCHED
Waffle,24,24,UNMATCHED,,,,,UNMATCHED
Chinotto,23,25,UNMATCHED,,,,,UNMATCHED
Corn,23,24,MATCH_SECONDARY_DESCRIPTOR,Corn,SECONDARY_DESCRIPTOR,,,STRICT_MATCH
AMBROX® SUPER,23,23,UNMATCHED,,,,,UNMATCHED
Apple Leaf,23,23,UNMATCHED,,,,,UNMATCHED
Bourbon Pepper,23,23,UNMATCHED,,,,,UNMATCHED
Citrus Leaves,23,23,UNMATCHED,,,,,UNMATCHED
French Narcissus,23,23,UNMATCHED,,,,,UNMATCHED
Fresh Cream,23,23,UNMATCHED,,,,,UNMATCHED
Honeydew Melon,23,23,UNMATCHED,,,,,UNMATCHED
Indian Ginger,23,23,UNMATCHED,,,,,UNMATCHED
Japanese Plum,23,23,UNMATCHED,,,,,UNMATCHED
Marron glace,23,23,UNMATCHED,,,,,UNMATCHED
Pebbles,23,23,UNMATCHED,,,,,UNMATCHED
Peppertree,23,23,UNMATCHED,,,,,UNMATCHED
Peruvian Pepper,23,23,UNMATCHED,,,,,UNMATCHED
Propolis,23,23,UNMATCHED,,,,,UNMATCHED
Red Lily,23,23,UNMATCHED,,,,,UNMATCHED
Rose Jam,23,23,UNMATCHED,,,,,UNMATCHED
Saffiano Leather,23,23,UNMATCHED,,,,,UNMATCHED
Yogurt,23,23,UNMATCHED,,,,,UNMATCHED
Choya Ral,22,23,UNMATCHED,,,,,UNMATCHED
Sake,22,23,UNMATCHED,,,,,UNMATCHED
Blue Rose,22,22,UNMATCHED,,,,,UNMATCHED
Cherry extract,22,22,UNMATCHED,,,,,UNMATCHED
Cookie Dough,22,22,UNMATCHED,,,,,UNMATCHED
Cornflower or Sultan seeds,22,22,UNMATCHED,,,,,UNMATCHED
Croissant,22,22,UNMATCHED,,,,,UNMATCHED
Hiba,22,22,UNMATCHED,,,,,UNMATCHED
Pansy,22,22,UNMATCHED,,,,,UNMATCHED
Pear Wood,22,22,UNMATCHED,,,,,UNMATCHED
Puff Pastry,22,22,UNMATCHED,,,,,UNMATCHED
Spanish Jasmine,22,22,UNMATCHED,,,,,UNMATCHED
Tangelo,22,22,UNMATCHED,,,"Tangelo oil, expressed",,CANDIDATE_ONLY
White Ginger,22,22,UNMATCHED,,,,,UNMATCHED
White Heliotrope,22,22,UNMATCHED,,,,,UNMATCHED
Yellow Fruits,22,22,UNMATCHED,,,,,UNMATCHED
Ambreine,21,23,UNMATCHED,,,,,UNMATCHED
Bakhoor,21,21,UNMATCHED,,,,,UNMATCHED
Belladonna,21,21,UNMATCHED,,,,,UNMATCHED
Citrus Leaf,21,21,UNMATCHED,,,,,UNMATCHED
Dried Rose,21,21,UNMATCHED,,,,,UNMATCHED
Egyptian Pelargonium,21,21,UNMATCHED,,,,,UNMATCHED
Galaxolide,21,21,UNMATCHED,,,,,UNMATCHED
Green Anjou Pears,21,21,UNMATCHED,,,,,UNMATCHED
Green Orange,21,21,UNMATCHED,,,,,UNMATCHED
Iced Lemon,21,21,UNMATCHED,,,,,UNMATCHED
Italian Cypress,21,21,UNMATCHED,,,,,UNMATCHED
Maninka,21,21,UNMATCHED,,,,,UNMATCHED
Mocha,21,21,UNMATCHED,,,,,UNMATCHED
Pataqueira,21,21,UNMATCHED,,,,,UNMATCHED
Safraleine,21,21,UNMATCHED,,,,,UNMATCHED
Star Fruit,21,21,UNMATCHED,,,,,UNMATCHED
Tahitian Gardenia,21,21,UNMATCHED,,,,,UNMATCHED
Tangerine Blossom,21,21,UNMATCHED,,,,,UNMATCHED
Balsamic Vinegar,20,20,UNMATCHED,,,,,UNMATCHED
Basil Leaf,20,20,UNMATCHED,,,,,UNMATCHED
Boozy Notes,20,20,UNMATCHED,,,,,UNMATCHED
Calypsone,20,20,UNMATCHED,,,,,UNMATCHED
Campari,20,20,UNMATCHED,,,,,UNMATCHED
Carob tree,20,20,UNMATCHED,,,,,UNMATCHED
Cyperus esculentus,20,20,UNMATCHED,,,,,UNMATCHED
Goat hair tincture,20,20,UNMATCHED,,,,,UNMATCHED
Jasmine Leaf,20,20,UNMATCHED,,,,,UNMATCHED
Kephalis,20,20,UNMATCHED,,,,,UNMATCHED
Kulfi,20,20,UNMATCHED,,,,,UNMATCHED
Methyl Pamplemousse,20,20,UNMATCHED,,,,,UNMATCHED
NorlimbanolTM,20,20,UNMATCHED,,,,,UNMATCHED
Nutmeg Flower,20,20,UNMATCHED,,,,,UNMATCHED
Redwood,20,20,UNMATCHED,,,,,UNMATCHED
Rosebud,20,20,UNMATCHED,,,,,UNMATCHED
Storax,20,20,UNMATCHED,,,,,UNMATCHED
Strawberry Syrup,20,20,UNMATCHED,,,,,UNMATCHED
Bougainvillea,19,20,UNMATCHED,,,,,UNMATCHED
False Jasmine,19,20,UNMATCHED,,,,,UNMATCHED
Jackfruit,19,20,UNMATCHED,,,,,UNMATCHED
Amaranth,19,19,UNMATCHED,,,,,UNMATCHED
Amber Oil,19,19,UNMATCHED,,,,,UNMATCHED
Asafoetida,19,19,UNMATCHED,,,,,UNMATCHED
Banana Flower,19,19,UNMATCHED,,,,,UNMATCHED
Bluebell,19,19,UNMATCHED,,,,,UNMATCHED
Brazil nut,19,19,UNMATCHED,,,,,UNMATCHED
Canadian balsam,19,19,UNMATCHED,,,,,UNMATCHED
Chinese Cinnamon Wood,19,19,UNMATCHED,,,,,UNMATCHED
Chinese Peony,19,19,UNMATCHED,,,,,UNMATCHED
Cloudberry,19,19,UNMATCHED,,,,,UNMATCHED
Coffee CO2,19,19,UNMATCHED,,,,,UNMATCHED
Dihydromyrcenol,19,19,MATCH_PRINCIPAL_EXACT,Dihydromyrcenol,PRINCIPAL,,,STRICT_MATCH
Guarana,19,19,UNMATCHED,,,,,UNMATCHED
Iran Galbanum,19,19,UNMATCHED,,,,,UNMATCHED
Iris Petals,19,19,UNMATCHED,,,,,UNMATCHED
Japanese Loquat,19,19,UNMATCHED,,,,,UNMATCHED
Mahonia,19,19,UNMATCHED,,,,,UNMATCHED
Mirabilis,19,19,UNMATCHED,,,,,UNMATCHED
Muhuhu,19,19,UNMATCHED,,,,,UNMATCHED
Mystikal,19,19,UNMATCHED,,,,,UNMATCHED
Nag Champa,19,19,UNMATCHED,,,,,UNMATCHED
Rice Basmati,19,19,UNMATCHED,,,,,UNMATCHED
Sea Buckthorn,19,19,UNMATCHED,,,,,UNMATCHED
Sea Daffodil,19,19,UNMATCHED,,,,,UNMATCHED
Soybean,19,19,UNMATCHED,,,,,UNMATCHED
Sycamore,19,19,UNMATCHED,,,,,UNMATCHED
White Willow,19,19,UNMATCHED,,,,,UNMATCHED
Yellow Plum,19,19,UNMATCHED,,,,,UNMATCHED
Arabian Spices,18,19,UNMATCHED,,,,,UNMATCHED
Bay essence,18,19,UNMATCHED,,,,,UNMATCHED
Aquozone,18,18,UNMATCHED,,,,,UNMATCHED
Argentinian Lemon,18,18,UNMATCHED,,,,,UNMATCHED
Azalea,18,18,UNMATCHED,,,,,UNMATCHED
Beetroot,18,18,UNMATCHED,,,,,UNMATCHED
Borneol,18,18,MATCH_PRINCIPAL_EXACT,Borneol,PRINCIPAL,,,STRICT_MATCH
Bourbon Rose,18,18,UNMATCHED,,,,,UNMATCHED
Boysenberry,18,18,UNMATCHED,,,,,UNMATCHED
Cananga,18,18,UNMATCHED,,,Cananga oil,,CANDIDATE_ONLY
Cashew,18,18,UNMATCHED,,,,,UNMATCHED
Coral Reef,18,18,UNMATCHED,,,,,UNMATCHED
Florida Grapefruit,18,18,UNMATCHED,,,,,UNMATCHED
Fruity and Spicy Notes,18,18,UNMATCHED,,,,,UNMATCHED
Grape leaves,18,18,UNMATCHED,,,,,UNMATCHED
Hazelnut cocoa spread,18,18,UNMATCHED,,,,,UNMATCHED
Hyraceum,18,18,UNMATCHED,,,,,UNMATCHED
Jade Flower,18,18,UNMATCHED,,,,,UNMATCHED
Pepperwood or Hercules Club,18,18,UNMATCHED,,,,,UNMATCHED
Rangoon Creeper,18,18,UNMATCHED,,,,,UNMATCHED
Rice Flower,18,18,UNMATCHED,,,,,UNMATCHED
Star apple,18,18,UNMATCHED,,,,,UNMATCHED
Strelitzia,18,18,UNMATCHED,,,,,UNMATCHED
Wasabi,18,18,UNMATCHED,,,,,UNMATCHED
Yeast,18,18,MATCH_SECONDARY_DESCRIPTOR,Yeast,SECONDARY_DESCRIPTOR,,,STRICT_MATCH
Avocado,17,18,UNMATCHED,,,,,UNMATCHED
Michelia,17,18,UNMATCHED,,,"Michelia alba extract | Michelia alba oil, rectified | Michelia alba flower oil | Michelia alba leaf extract | Michelia alba leaf oil",,CANDIDATE_ONLY
Beer,17,17,UNMATCHED,,,,,UNMATCHED
Bulgarian Light Tobacco,17,17,UNMATCHED,,,,,UNMATCHED
Calamansi,17,17,UNMATCHED,,,,,UNMATCHED
Californian Lemon,17,17,UNMATCHED,,,,,UNMATCHED
Cone Waffle,17,17,UNMATCHED,,,,,UNMATCHED
Cork,17,17,UNMATCHED,,,,,UNMATCHED
Darjeeling Tea,17,17,UNMATCHED,,,,,UNMATCHED
Eglantine Rose,17,17,UNMATCHED,,,,,UNMATCHED
Green Nard,17,17,UNMATCHED,,,,,UNMATCHED
Japanese Cypress,17,17,UNMATCHED,,,,,UNMATCHED
Japanese Green Tea,17,17,UNMATCHED,,,,,UNMATCHED
Lotus Leaf,17,17,UNMATCHED,,,,,UNMATCHED
Mousse de Saxe,17,17,UNMATCHED,,,,,UNMATCHED
Myrrh Oil,17,17,MATCH_PRINCIPAL_EXACT,Myrrh oil,PRINCIPAL,,,STRICT_MATCH
Papaya flower,17,17,UNMATCHED,,,,,UNMATCHED
Paramela,17,17,UNMATCHED,,,,,UNMATCHED
Pepper Oil,17,17,UNMATCHED,,,,,UNMATCHED
Pink Nerium Oleander,17,17,UNMATCHED,,,,,UNMATCHED
Sicilian Bitter Orange,17,17,UNMATCHED,,,,,UNMATCHED
Sweet Pepper,17,17,UNMATCHED,,,,,UNMATCHED
White Carnation,17,17,UNMATCHED,,,,,UNMATCHED
Yellow Rose,17,17,UNMATCHED,,,,,UNMATCHED
Pancake,16,18,UNMATCHED,,,,,UNMATCHED
Apple juice,16,16,UNMATCHED,,,,,UNMATCHED
Argan,16,16,UNMATCHED,,,,,UNMATCHED
Baileys Irish Cream,16,16,UNMATCHED,,,,,UNMATCHED
Barberry,16,16,UNMATCHED,,,,,UNMATCHED
Canadian Fir,16,16,UNMATCHED,,,,,UNMATCHED
Carambola,16,16,UNMATCHED,,,,,UNMATCHED
Cherry Tree,16,16,UNMATCHED,,,,,UNMATCHED
Chocolate Flower,16,16,UNMATCHED,,,,,UNMATCHED
Cubeb or Tailed pepper,16,16,UNMATCHED,,,,,UNMATCHED
Desert Rose,16,16,UNMATCHED,,,,,UNMATCHED
Ember,16,16,UNMATCHED,,,,,UNMATCHED
Flouve,16,16,UNMATCHED,,,Flouve absolute | Flouve oil,,CANDIDATE_ONLY
Goldenrod,16,16,UNMATCHED,,,,,UNMATCHED
Grapefruit Peel,16,16,UNMATCHED,,,,,UNMATCHED
Green Sap,16,16,UNMATCHED,,,,,UNMATCHED
Gummy Candies,16,16,UNMATCHED,,,,,UNMATCHED
Iced Tea,16,16,UNMATCHED,,,,,UNMATCHED
Italian Violet,16,16,UNMATCHED,,,,,UNMATCHED
Jabuticaba,16,16,UNMATCHED,,,,,UNMATCHED
Jasmine Orchid,16,16,UNMATCHED,,,,,UNMATCHED
Laminaria,16,16,UNMATCHED,,,,,UNMATCHED
Lysylang,16,16,UNMATCHED,,,,,UNMATCHED
Peach Leaf,16,16,UNMATCHED,,,,,UNMATCHED
Pinot Noir grapes,16,16,UNMATCHED,,,,,UNMATCHED
Ravensara,16,16,UNMATCHED,,,,,UNMATCHED
Sicilian Citruses,16,16,UNMATCHED,,,,,UNMATCHED
Silver,16,16,UNMATCHED,,,,,UNMATCHED
Sweat,16,16,UNMATCHED,,,,,UNMATCHED
Tulle Accord,16,16,UNMATCHED,,,,,UNMATCHED
Yellow Flowers,16,16,UNMATCHED,,,,,UNMATCHED
Sparkling Water,15,16,UNMATCHED,,,,,UNMATCHED
African Violet,15,15,UNMATCHED,,,,,UNMATCHED
Blackberry leaf,15,15,UNMATCHED,,,,,UNMATCHED
Buddha's hand,15,15,UNMATCHED,,,,,UNMATCHED
Calla Lily,15,15,UNMATCHED,,,,,UNMATCHED
Columbian Coffee,15,15,UNMATCHED,,,,,UNMATCHED
Daim,15,15,UNMATCHED,,,,,UNMATCHED
Decalepis hamiltonii,15,15,UNMATCHED,,,,,UNMATCHED
Deer Musk,15,15,UNMATCHED,,,,,UNMATCHED
Green Grape,15,15,UNMATCHED,,,,,UNMATCHED
Green Lily,15,15,UNMATCHED,,,,,UNMATCHED
Habanolide®,15,15,UNMATCHED,,,,,UNMATCHED
Icing pink,15,15,UNMATCHED,,,,,UNMATCHED
Indonesian Oud,15,15,UNMATCHED,,,,,UNMATCHED
Ionones,15,15,UNMATCHED,,,,,UNMATCHED
Lava,15,15,UNMATCHED,,,,,UNMATCHED
Madeleine,15,15,UNMATCHED,,,,,UNMATCHED
Mezcal,15,15,UNMATCHED,,,,,UNMATCHED
Milkshake,15,15,UNMATCHED,,,,,UNMATCHED
Moon Flower,15,15,UNMATCHED,,,,,UNMATCHED
Pear Ice Cream,15,15,UNMATCHED,,,,,UNMATCHED
Plum Tree,15,15,UNMATCHED,,,,,UNMATCHED
Red Litchi,15,15,UNMATCHED,,,,,UNMATCHED
Rue,15,15,UNMATCHED,,,Rue oil,,CANDIDATE_ONLY
Sapodilla,15,15,UNMATCHED,,,,,UNMATCHED
Tea Tree Oil,15,15,MATCH_PRINCIPAL_EXACT,Tea tree oil,PRINCIPAL,,,STRICT_MATCH
Wet Stone,15,15,UNMATCHED,,,,,UNMATCHED
White Grape,15,15,UNMATCHED,,,,,UNMATCHED
Williams Pear,15,15,UNMATCHED,,,,,UNMATCHED
African Marigold,14,14,UNMATCHED,,,,,UNMATCHED
Agave nectar,14,14,UNMATCHED,,,,,UNMATCHED
Angels Trumpet,14,14,UNMATCHED,,,,,UNMATCHED
Black hemlock or Tsuga,14,14,UNMATCHED,,,,,UNMATCHED
Brioche,14,14,UNMATCHED,,,,,UNMATCHED
Carnation leaves,14,14,UNMATCHED,,,,,UNMATCHED
Cherry Syrup,14,14,UNMATCHED,,,,,UNMATCHED
Chinese Tea,14,14,UNMATCHED,,,,,UNMATCHED
Daphne,14,14,UNMATCHED,,,,,UNMATCHED
Elderflower,14,14,UNMATCHED,,,,,UNMATCHED
Flour,14,14,UNMATCHED,,,,,UNMATCHED
Fresh Evergreen,14,14,UNMATCHED,,,,,UNMATCHED
Guava blossom,14,14,UNMATCHED,,,,,UNMATCHED
Hawaiian Jasmine,14,14,UNMATCHED,,,,,UNMATCHED
Indian Vanilla,14,14,UNMATCHED,,,,,UNMATCHED
Industrial glue,14,14,UNMATCHED,,,,,UNMATCHED
Melissa Flower,14,14,UNMATCHED,,,,,UNMATCHED
Motor Oil,14,14,UNMATCHED,,,,,UNMATCHED
Passion Fruit,14,14,UNMATCHED,,,,,UNMATCHED
Prunella,14,14,UNMATCHED,,,,,UNMATCHED
Pu'er tea,14,14,UNMATCHED,,,,,UNMATCHED
Sylkolide,14,14,UNMATCHED,,,,,UNMATCHED
Varnish Accord,14,14,UNMATCHED,,,,,UNMATCHED
Wild Strawberry Leaf,14,14,UNMATCHED,,,,,UNMATCHED
Wine Lees,14,14,MATCH_SECONDARY_DESCRIPTOR,Wine lees*,SECONDARY_DESCRIPTOR,,,STRICT_MATCH
grapeflower,14,14,UNMATCHED,,,,,UNMATCHED
Ambretone,13,13,UNMATCHED,,,,,UNMATCHED
Apple Tree Blossom,13,13,UNMATCHED,,,,,UNMATCHED
Australian Blue Cypress,13,13,UNMATCHED,,,,,UNMATCHED
Betel Pepper,13,13,UNMATCHED,,,,,UNMATCHED
Brazilian Mandarin,13,13,UNMATCHED,,,,,UNMATCHED
Calendula,13,13,UNMATCHED,,,,,UNMATCHED
Cheesecake,13,13,UNMATCHED,,,,,UNMATCHED
Cigarette,13,13,UNMATCHED,,,,,UNMATCHED
Clean notes,13,13,UNMATCHED,,,,,UNMATCHED
Coca,13,13,UNMATCHED,,,,,UNMATCHED
Confetti (Sugared Almonds),13,13,UNMATCHED,,,,,UNMATCHED
Cosmone,13,13,UNMATCHED,,,,,UNMATCHED
Crithmum,13,13,UNMATCHED,,,,,UNMATCHED
Dianthus,13,13,UNMATCHED,,,,,UNMATCHED
Dried Apple Crisp,13,13,UNMATCHED,,,,,UNMATCHED
Freesia Petals,13,13,UNMATCHED,,,,,UNMATCHED
Fuchsia,13,13,UNMATCHED,,,,,UNMATCHED
Gelato,13,13,UNMATCHED,,,,,UNMATCHED
Grapefruit Leaf,13,13,UNMATCHED,,,,,UNMATCHED
Iodine,13,13,UNMATCHED,,,,,UNMATCHED
"Ishpink, Ocotea Quixos",13,13,UNMATCHED,,,,,UNMATCHED
Jatamansi or Spikenard,13,13,UNMATCHED,,,,,UNMATCHED
Karo-Korund,13,13,UNMATCHED,,,,,UNMATCHED
Limetta,13,13,UNMATCHED,,,,,UNMATCHED
Massoia Wood,13,13,UNMATCHED,,,,,UNMATCHED
Melilot or Sweet Clover,13,13,UNMATCHED,,,,,UNMATCHED
PepperwoodTM,13,13,UNMATCHED,,,,,UNMATCHED
Serenolide,13,13,UNMATCHED,,,,,UNMATCHED
Spray Paint,13,13,UNMATCHED,,,,,UNMATCHED
Toast,13,13,UNMATCHED,,,,,UNMATCHED
Rhum Agricole,12,13,UNMATCHED,,,,,UNMATCHED
Sumac,12,13,UNMATCHED,,,,,UNMATCHED
Arnica,12,12,UNMATCHED,,,,,UNMATCHED
Black locust Honey,12,12,UNMATCHED,,,,,UNMATCHED
Burnt Match,12,12,UNMATCHED,,,,,UNMATCHED
Butterfly Orchid,12,12,UNMATCHED,,,,,UNMATCHED
Candies,12,12,UNMATCHED,,,,,UNMATCHED
Catnip,12,12,UNMATCHED,,,,,UNMATCHED
Civettone,12,12,UNMATCHED,,,,,UNMATCHED
Creosote Bush,12,12,UNMATCHED,,,,,UNMATCHED
Curacao,12,12,UNMATCHED,,,,,UNMATCHED
Fig Wood Bark,12,12,UNMATCHED,,,,,UNMATCHED
Green Tea Flower,12,12,UNMATCHED,,,,,UNMATCHED
Ground Cherry,12,12,UNMATCHED,,,,,UNMATCHED
Island Musk,12,12,UNMATCHED,,,,,UNMATCHED
Mayflower,12,12,UNMATCHED,,,,,UNMATCHED
Myrica,12,12,UNMATCHED,,,,,UNMATCHED
Nootka,12,12,UNMATCHED,,,,,UNMATCHED
NymphealTM,12,12,UNMATCHED,,,,,UNMATCHED
Oud Smoke,12,12,UNMATCHED,,,,,UNMATCHED
Oysters,12,12,UNMATCHED,,,,,UNMATCHED
Panettone,12,12,UNMATCHED,,,,,UNMATCHED
Pink Lily,12,12,UNMATCHED,,,,,UNMATCHED
Pink Litchi,12,12,UNMATCHED,,,,,UNMATCHED
Pomegranate Blossom,12,12,UNMATCHED,,,,,UNMATCHED
Poplar,12,12,UNMATCHED,,,,,UNMATCHED
Privet,12,12,MATCH_SECONDARY_DESCRIPTOR,Privet,SECONDARY_DESCRIPTOR,,,STRICT_MATCH
Punch,12,12,UNMATCHED,,,,,UNMATCHED
Sand Lily,12,12,UNMATCHED,,,,,UNMATCHED
Santolina,12,12,UNMATCHED,,,,,UNMATCHED
Sawdust,12,12,UNMATCHED,,,,,UNMATCHED
Somalian Opoponax,12,12,UNMATCHED,,,,,UNMATCHED
Sugar Syrup,12,12,UNMATCHED,,,,,UNMATCHED
White Hyacinth,12,12,UNMATCHED,,,,,UNMATCHED
Wood barrel,12,12,UNMATCHED,,,,,UNMATCHED
oriental flower notes,12,12,UNMATCHED,,,,,UNMATCHED
Durian,11,12,UNMATCHED,,,,,UNMATCHED
Hinoki incense,11,12,UNMATCHED,,,,,UNMATCHED
Olibanum Sacra Resin Green,11,12,UNMATCHED,,,,,UNMATCHED
Acerola,11,11,UNMATCHED,,,,,UNMATCHED
Baked Apple,11,11,UNMATCHED,,,,,UNMATCHED
Blue Curacao,11,11,UNMATCHED,,,,,UNMATCHED
Buddleia,11,11,UNMATCHED,,,,,UNMATCHED
Chinese Grapefruit,11,11,UNMATCHED,,,,,UNMATCHED
Cocaine,11,11,UNMATCHED,,,,,UNMATCHED
Coconut Leaf,11,11,UNMATCHED,,,,,UNMATCHED
Cottonwood (Poplar),11,11,UNMATCHED,,,,,UNMATCHED
Cuban Cigar,11,11,UNMATCHED,,,,,UNMATCHED
Forest Foliage,11,11,UNMATCHED,,,,,UNMATCHED
Hamanasu or Japanese Rose,11,11,UNMATCHED,,,,,UNMATCHED
Head Space Waterfall,11,11,UNMATCHED,,,,,UNMATCHED
Hellebore flower,11,11,UNMATCHED,,,,,UNMATCHED
Honeybush or Cyclopia,11,11,UNMATCHED,,,,,UNMATCHED
Indian Mandarin,11,11,UNMATCHED,,,,,UNMATCHED
Lantana,11,11,UNMATCHED,,,Lantana camara oil,,CANDIDATE_ONLY
Liatrix,11,11,UNMATCHED,,,,,UNMATCHED
Lotus Petals,11,11,UNMATCHED,,,,,UNMATCHED
Lovage Root,11,11,UNMATCHED,,,Lovage root oil,,CANDIDATE_ONLY
Mimosa Petals,11,11,UNMATCHED,,,,,UNMATCHED
Mirabella Plum,11,11,UNMATCHED,,,,,UNMATCHED
Mistletoe,11,11,UNMATCHED,,,,,UNMATCHED
Orange Cassia Tree,11,11,UNMATCHED,,,,,UNMATCHED
Red currant leaf,11,11,UNMATCHED,,,,,UNMATCHED
Sclarene,11,11,UNMATCHED,,,,,UNMATCHED
Shea Butter,11,11,UNMATCHED,,,,,UNMATCHED
St. John's Wort,11,11,UNMATCHED,,,,,UNMATCHED
Thistle,11,11,UNMATCHED,,,,,UNMATCHED
Toasted Coconut,11,11,UNMATCHED,,,,,UNMATCHED
Turkish Coffee Beans,11,11,UNMATCHED,,,,,UNMATCHED
Violet Woodsorrel,11,11,UNMATCHED,,,,,UNMATCHED
White Bergamot,11,11,UNMATCHED,,,,,UNMATCHED
Yellow Water Lily,11,11,UNMATCHED,,,,,UNMATCHED
Amazon Lily,10,10,UNMATCHED,,,,,UNMATCHED
Assam Tea,10,10,UNMATCHED,,,,,UNMATCHED
Beer/Ale,10,10,UNMATCHED,,,,,UNMATCHED
Blackberry Blossom,10,10,UNMATCHED,,,,,UNMATCHED
Caffè Latte,10,10,UNMATCHED,,,,,UNMATCHED
Caipirinha,10,10,UNMATCHED,,,,,UNMATCHED
Canadian Pine,10,10,UNMATCHED,,,,,UNMATCHED
Chalood Bark,10,10,UNMATCHED,,,,,UNMATCHED
Cherimoya,10,10,UNMATCHED,,,,,UNMATCHED
China Rose,10,10,UNMATCHED,,,,,UNMATCHED
Chinese Orange,10,10,UNMATCHED,,,,,UNMATCHED
Coconut Rum,10,10,UNMATCHED,,,,,UNMATCHED
Creamy Flowers,10,10,UNMATCHED,,,,,UNMATCHED
Damascone,10,10,UNMATCHED,,,,,UNMATCHED
Egyptian Rosewood,10,10,UNMATCHED,,,,,UNMATCHED
Feijoa Fruit,10,10,UNMATCHED,,,,,UNMATCHED
Grape Seed,10,10,UNMATCHED,,,,,UNMATCHED
Green Plum,10,10,UNMATCHED,,,,,UNMATCHED
Healingwood,10,10,UNMATCHED,,,,,UNMATCHED
Hibiscus Blossom,10,10,UNMATCHED,,,,,UNMATCHED
Horchata,10,10,UNMATCHED,,,,,UNMATCHED
Indian Pepper,10,10,UNMATCHED,,,,,UNMATCHED
Jonquille,10,10,UNMATCHED,,,,,UNMATCHED
Lemon Leaf Oil,10,10,UNMATCHED,,,,,UNMATCHED
Longoza,10,10,UNMATCHED,,,,,UNMATCHED
Magnolan,10,10,UNMATCHED,,,,,UNMATCHED
Moroccan Incense,10,10,UNMATCHED,,,,,UNMATCHED
Mud,10,10,UNMATCHED,,,,,UNMATCHED
Nigella,10,10,UNMATCHED,,,Nigella Damascena absolute | Nigella Damascena CO2 Extract,,CANDIDATE_ONLY
Orange Flower Water,10,10,UNMATCHED,,,Orange flower water absolute,,CANDIDATE_ONLY
Peach Cream,10,10,UNMATCHED,,,,,UNMATCHED
Phlox,10,10,UNMATCHED,,,,,UNMATCHED
Prunol,10,10,UNMATCHED,,,,,UNMATCHED
Raspberry Blossom,10,10,UNMATCHED,,,,,UNMATCHED
Rice Pudding,10,10,UNMATCHED,,,,,UNMATCHED
Rose Mallow,10,10,UNMATCHED,,,,,UNMATCHED
Royal Lily,10,10,UNMATCHED,,,,,UNMATCHED
Salicylic Acid,10,10,UNMATCHED,,,,,UNMATCHED
Shea Nuts,10,10,UNMATCHED,,,,,UNMATCHED
Siam Wood,10,10,UNMATCHED,,,,,UNMATCHED
Strawberry Flower,10,10,UNMATCHED,,,,,UNMATCHED
Trees,10,10,UNMATCHED,,,,,UNMATCHED
Valencia Orange Flower,10,10,UNMATCHED,,,,,UNMATCHED
White Cherry,10,10,UNMATCHED,,,,,UNMATCHED
White Tabacco,10,10,UNMATCHED,,,,,UNMATCHED
Wolfwood,10,10,UNMATCHED,,,,,UNMATCHED
citruses with sugar,10,10,UNMATCHED,,,,,UNMATCHED
Baobab,9,10,UNMATCHED,,,,,UNMATCHED
Chimonanthus or Wintersweet,9,10,UNMATCHED,,,,,UNMATCHED
Acorn,9,9,UNMATCHED,,,,,UNMATCHED
Artichoke,9,9,UNMATCHED,,,,,UNMATCHED
Betel Leaf,9,9,UNMATCHED,,,,,UNMATCHED
Blackthorn,9,9,UNMATCHED,,,,,UNMATCHED
Brownie,9,9,UNMATCHED,,,,,UNMATCHED
Bulrush,9,9,UNMATCHED,,,,,UNMATCHED
California Orange,9,9,UNMATCHED,,,,,UNMATCHED
California Redwood,9,9,UNMATCHED,,,,,UNMATCHED
Calycanthus,9,9,UNMATCHED,,,,,UNMATCHED
Christmas Tree or Flame Tree,9,9,UNMATCHED,,,,,UNMATCHED
Citruses Water,9,9,UNMATCHED,,,,,UNMATCHED
Cocktail accord,9,9,UNMATCHED,,,,,UNMATCHED
Corn Silk,9,9,UNMATCHED,,,,,UNMATCHED
Evergreen,9,9,UNMATCHED,,,,,UNMATCHED
Floralozone,9,9,UNMATCHED,,,,,UNMATCHED
Green Coconut,9,9,UNMATCHED,,,,,UNMATCHED
Japanese Osmanthus,9,9,UNMATCHED,,,,,UNMATCHED
Jeans,9,9,UNMATCHED,,,,,UNMATCHED
Jellybean,9,9,UNMATCHED,,,,,UNMATCHED
Katrafay,9,9,UNMATCHED,,,,,UNMATCHED
Kir Royal,9,9,UNMATCHED,,,,,UNMATCHED
Longjing tea,9,9,UNMATCHED,,,,,UNMATCHED
Madagascar Sandalwood,9,9,UNMATCHED,,,,,UNMATCHED
Mascarpone Cheese,9,9,UNMATCHED,,,,,UNMATCHED
Medlar,9,9,UNMATCHED,,,,,UNMATCHED
Moroccan Mimosa,9,9,UNMATCHED,,,,,UNMATCHED
Muscone,9,9,UNMATCHED,,,,,UNMATCHED
Muskrat,9,9,UNMATCHED,,,,,UNMATCHED
Pearls,9,9,UNMATCHED,,,,,UNMATCHED
Periwinkle,9,9,UNMATCHED,,,,,UNMATCHED
Plum Liquor,9,9,UNMATCHED,,,,,UNMATCHED
Poplar buds,9,9,UNMATCHED,,,,,UNMATCHED
Red Fruits Smoothie,9,9,UNMATCHED,,,,,UNMATCHED
Rye,9,9,UNMATCHED,,,,,UNMATCHED
Sangria,9,9,UNMATCHED,,,,,UNMATCHED
Satin,9,9,UNMATCHED,,,,,UNMATCHED
Sedge,9,9,UNMATCHED,,,,,UNMATCHED
Shamama Attar,9,9,UNMATCHED,,,,,UNMATCHED
Shortcrust Pastry,9,9,UNMATCHED,,,,,UNMATCHED
Sicilian Citrus,9,9,UNMATCHED,,,,,UNMATCHED
Silver Pine,9,9,UNMATCHED,,,,,UNMATCHED
Soursop,9,9,UNMATCHED,,,,,UNMATCHED
Sparkling Wine,9,9,UNMATCHED,,,,,UNMATCHED
Tuscan Cypress,9,9,UNMATCHED,,,,,UNMATCHED
Water Peony,9,9,UNMATCHED,,,,,UNMATCHED
White Champaca,9,9,UNMATCHED,,,,,UNMATCHED
White Cyclamen,9,9,UNMATCHED,,,,,UNMATCHED
White Mimosa,9,9,UNMATCHED,,,,,UNMATCHED
White Nerium Oleander,9,9,UNMATCHED,,,,,UNMATCHED
Wild Peony,9,9,UNMATCHED,,,,,UNMATCHED
cocoa shell,9,9,UNMATCHED,,,,,UNMATCHED
Hot Chocolate,8,10,UNMATCHED,,,,,UNMATCHED
Egyptian Tuberose,8,9,UNMATCHED,,,,,UNMATCHED
Fog,8,9,UNMATCHED,,,,,UNMATCHED
Money,8,9,UNMATCHED,,,,,UNMATCHED
Apple pulp,8,8,UNMATCHED,,,,,UNMATCHED
Bacon,8,8,UNMATCHED,,,,,UNMATCHED
Buttercup,8,8,UNMATCHED,,,,,UNMATCHED
Buttermilk,8,8,UNMATCHED,,,,,UNMATCHED
Cacao Blossom,8,8,UNMATCHED,,,,,UNMATCHED
Cachaça,8,8,UNMATCHED,,,,,UNMATCHED
Café Expresso,8,8,UNMATCHED,,,,,UNMATCHED
Cascarilla,8,8,UNMATCHED,,,Cascarilla bark extract | Cascarilla bark oil,,CANDIDATE_ONLY
Chocolate Fudge,8,8,UNMATCHED,,,,,UNMATCHED
Daiquiri,8,8,UNMATCHED,,,,,UNMATCHED
Egg,8,8,UNMATCHED,,,,,UNMATCHED
Firwood,8,8,UNMATCHED,,,,,UNMATCHED
Frosted Apple,8,8,UNMATCHED,,,,,UNMATCHED
Frosted Berries,8,8,UNMATCHED,,,,,UNMATCHED
Frosted Mango,8,8,UNMATCHED,,,,,UNMATCHED
Gladiolus,8,8,UNMATCHED,,,,,UNMATCHED
Grains,8,8,UNMATCHED,,,Grains of paradise extract,,CANDIDATE_ONLY
Green Coriander,8,8,UNMATCHED,,,,,UNMATCHED
Hivernal®,8,8,UNMATCHED,,,,,UNMATCHED
Honeydew Blossom,8,8,UNMATCHED,,,,,UNMATCHED
Indian Mimosa,8,8,UNMATCHED,,,,,UNMATCHED
Indonesian Jasmine,8,8,UNMATCHED,,,,,UNMATCHED
Isobutyl Quinoline,8,8,UNMATCHED,,,,,UNMATCHED
Jiuniang (Sweet Fermented Rice Wine),8,8,UNMATCHED,,,,,UNMATCHED
Laburnum,8,8,UNMATCHED,,,,,UNMATCHED
Lemon Myrtle,8,8,UNMATCHED,,,,,UNMATCHED
Lilybelle®,8,8,UNMATCHED,,,,,UNMATCHED
Lingonberry,8,8,UNMATCHED,,,,,UNMATCHED
Lydia Broom,8,8,UNMATCHED,,,,,UNMATCHED
Macchiato,8,8,UNMATCHED,,,,,UNMATCHED
Mango Tree,8,8,UNMATCHED,,,,,UNMATCHED
Margarita,8,8,UNMATCHED,,,,,UNMATCHED
Meadowsweet,8,8,UNMATCHED,,,,,UNMATCHED
Nutella,8,8,UNMATCHED,,,,,UNMATCHED
Oatmilk,8,8,UNMATCHED,,,,,UNMATCHED
Operanide,8,8,UNMATCHED,,,,,UNMATCHED
Panna Cotta,8,8,UNMATCHED,,,,,UNMATCHED
Paperbark,8,8,UNMATCHED,,,,,UNMATCHED
Pistachio Blossom,8,8,UNMATCHED,,,,,UNMATCHED
Plum Wood,8,8,UNMATCHED,,,,,UNMATCHED
Polygonum,8,8,UNMATCHED,,,,,UNMATCHED
Potato,8,8,MATCH_SECONDARY_DESCRIPTOR,Potato,SECONDARY_DESCRIPTOR,,,STRICT_MATCH
Pudding,8,8,UNMATCHED,,,,,UNMATCHED
Red Freesia,8,8,UNMATCHED,,,,,UNMATCHED
Red Myrrh,8,8,UNMATCHED,,,,,UNMATCHED
Rosyfolia,8,8,UNMATCHED,,,,,UNMATCHED
Siam Resin,8,8,UNMATCHED,,,,,UNMATCHED
Siberian rhododendron,8,8,UNMATCHED,,,,,UNMATCHED
Silkwood Blossom,8,8,UNMATCHED,,,,,UNMATCHED
Straw,8,8,UNMATCHED,,,,,UNMATCHED
Surf Wax,8,8,UNMATCHED,,,,,UNMATCHED
Tangerine Zest,8,8,UNMATCHED,,,,,UNMATCHED
White Peach Blossom,8,8,UNMATCHED,,,,,UNMATCHED
Winterberry,8,8,UNMATCHED,,,,,UNMATCHED
Marble,7,8,UNMATCHED,,,,,UNMATCHED
Pencil,7,8,UNMATCHED,,,,,UNMATCHED
Almond Wood,7,7,UNMATCHED,,,,,UNMATCHED
Ambrinol,7,7,UNMATCHED,,,,,UNMATCHED
Apple Pie,7,7,UNMATCHED,,,,,UNMATCHED
Asian lily,7,7,UNMATCHED,,,,,UNMATCHED
Beech,7,7,UNMATCHED,,,,,UNMATCHED
Bird cherry,7,7,UNMATCHED,,,,,UNMATCHED
Black Basil,7,7,UNMATCHED,,,,,UNMATCHED
Black Walnut,7,7,UNMATCHED,,,,,UNMATCHED
Blue Lilies,7,7,UNMATCHED,,,,,UNMATCHED
Blue Poppy,7,7,UNMATCHED,,,,,UNMATCHED
Candy Apple,7,7,UNMATCHED,,,,,UNMATCHED
Capitiú,7,7,UNMATCHED,,,,,UNMATCHED
Chalk,7,7,UNMATCHED,,,,,UNMATCHED
Cherry Jam,7,7,UNMATCHED,,,,,UNMATCHED
Chocolate Truffle,7,7,UNMATCHED,,,,,UNMATCHED
Cobblestone,7,7,UNMATCHED,,,,,UNMATCHED
Cocktail Fruits,7,7,UNMATCHED,,,,,UNMATCHED
Coco De Mer,7,7,UNMATCHED,,,,,UNMATCHED
Cocobolo,7,7,UNMATCHED,,,,,UNMATCHED
Coriander Extract,7,7,UNMATCHED,,,,,UNMATCHED
"Cupuacu, Cupuassu, Copoasu",7,7,UNMATCHED,,,,,UNMATCHED
Darjeeling Black tea,7,7,UNMATCHED,,,,,UNMATCHED
Dragée,7,7,UNMATCHED,,,,,UNMATCHED
Eggnog,7,7,UNMATCHED,,,,,UNMATCHED
Elm,7,7,UNMATCHED,,,,,UNMATCHED
Eucalyptus Blossom,7,7,UNMATCHED,,,,,UNMATCHED
Eugenol,7,7,MATCH_PRINCIPAL_EXACT,Eugenol,PRINCIPAL,,,STRICT_MATCH
Fragonia,7,7,UNMATCHED,,,,,UNMATCHED
Fuji Apple,7,7,UNMATCHED,,,,,UNMATCHED
Griotte Cherries,7,7,UNMATCHED,,,,,UNMATCHED
Hog Plum,7,7,UNMATCHED,,,,,UNMATCHED
Indian Lotus,7,7,UNMATCHED,,,,,UNMATCHED
Jojoba,7,7,UNMATCHED,,,,,UNMATCHED
Jujube Blossom,7,7,UNMATCHED,,,,,UNMATCHED
Kadam,7,7,UNMATCHED,,,,,UNMATCHED
Kiwi Flower,7,7,UNMATCHED,,,,,UNMATCHED
Lantana leaves,7,7,UNMATCHED,,,,,UNMATCHED
Lemon Soda,7,7,UNMATCHED,,,,,UNMATCHED
Lettuce,7,7,UNMATCHED,,,,,UNMATCHED
Lip gloss,7,7,UNMATCHED,,,,,UNMATCHED
Litchi Blossom,7,7,UNMATCHED,,,,,UNMATCHED
Mahoganywood,7,7,UNMATCHED,,,,,UNMATCHED
Oak Leaves,7,7,UNMATCHED,,,,,UNMATCHED
Orange Honey,7,7,UNMATCHED,,,,,UNMATCHED
Palestinian Sweet Lime,7,7,UNMATCHED,,,,,UNMATCHED
Peach Tree,7,7,UNMATCHED,,,,,UNMATCHED
Pearadise®,7,7,UNMATCHED,,,,,UNMATCHED
Pennyroyal,7,7,UNMATCHED,,,"Pennyroyal oil, Europe | Pennyroyal oil, terpenes",,CANDIDATE_ONLY
Pink Himalayan Sea Salt,7,7,UNMATCHED,,,,,UNMATCHED
Pistachio Spread Cream,7,7,UNMATCHED,,,,,UNMATCHED
Plum Wine,7,7,UNMATCHED,,,,,UNMATCHED
Poison,7,7,UNMATCHED,,,,,UNMATCHED
Rosa Alba,7,7,UNMATCHED,,,,,UNMATCHED
Safflower,7,7,UNMATCHED,,,,,UNMATCHED
Sea Foam,7,7,UNMATCHED,,,,,UNMATCHED
Silk Vine or Milk Broom,7,7,UNMATCHED,,,,,UNMATCHED
Sour Cherry Blossom,7,7,UNMATCHED,,,,,UNMATCHED
Sprinkles,7,7,UNMATCHED,,,,,UNMATCHED
Strawberry Fizz Candy,7,7,UNMATCHED,,,,,UNMATCHED
Strawberry Jam,7,7,UNMATCHED,,,,,UNMATCHED
Sugar cookie,7,7,UNMATCHED,,,,,UNMATCHED
Sunscreen,7,7,UNMATCHED,,,,,UNMATCHED
Texas Rosewood,7,7,UNMATCHED,,,,,UNMATCHED
Thanaka Wood,7,7,UNMATCHED,,,,,UNMATCHED
VelvioneTM,7,7,UNMATCHED,,,,,UNMATCHED
Water Violet,7,7,UNMATCHED,,,,,UNMATCHED
White Cardamom,7,7,UNMATCHED,,,,,UNMATCHED
Yellow Champaca,7,7,UNMATCHED,,,,,UNMATCHED
Pandan Leaf,6,8,UNMATCHED,,,,,UNMATCHED
Coal Tar,6,7,UNMATCHED,,,,,UNMATCHED
Amber from Tunis,6,6,UNMATCHED,,,,,UNMATCHED
American Apple,6,6,UNMATCHED,,,,,UNMATCHED
Ammophila (beach grass),6,6,UNMATCHED,,,,,UNMATCHED
Apple Shisha Accord,6,6,UNMATCHED,,,,,UNMATCHED
Araucaria,6,6,UNMATCHED,,,,,UNMATCHED
Baklava,6,6,UNMATCHED,,,,,UNMATCHED
Banksia Australian,6,6,UNMATCHED,,,,,UNMATCHED
Begonia,6,6,UNMATCHED,,,,,UNMATCHED
Belambra tree,6,6,UNMATCHED,,,,,UNMATCHED
Black Narcissus,6,6,UNMATCHED,,,,,UNMATCHED
Blue Cypress,6,6,UNMATCHED,,,,,UNMATCHED
Bonbon,6,6,UNMATCHED,,,,,UNMATCHED
Caoutchouc,6,6,UNMATCHED,,,,,UNMATCHED
Caper,6,6,UNMATCHED,,,,,UNMATCHED
Cashalox,6,6,UNMATCHED,,,,,UNMATCHED
Chen Pi,6,6,UNMATCHED,,,,,UNMATCHED
Chinese Pink Peony,6,6,UNMATCHED,,,,,UNMATCHED
Coconut Pie,6,6,UNMATCHED,,,,,UNMATCHED
Coffee Tincture,6,6,UNMATCHED,,,,,UNMATCHED
Copper,6,6,UNMATCHED,,,,,UNMATCHED
Cream Liqueur,6,6,UNMATCHED,,,,,UNMATCHED
Curry,6,6,UNMATCHED,,,Curry leaf absolute,,CANDIDATE_ONLY
Deer Tongue Grass,6,6,UNMATCHED,,,,,UNMATCHED
Donut or Doughnut,6,6,UNMATCHED,,,,,UNMATCHED
Egyptian Sage,6,6,UNMATCHED,,,,,UNMATCHED
Exaltolide®,6,6,UNMATCHED,,,,,UNMATCHED
Fish,6,6,UNMATCHED,,,,,UNMATCHED
Genet,6,6,UNMATCHED,,,Genet absolute,,CANDIDATE_ONLY
Ginger Leaf,6,6,UNMATCHED,,,,,UNMATCHED
Ginkgo,6,6,UNMATCHED,,,,,UNMATCHED
Guaiacol,6,6,MATCH_PRINCIPAL_EXACT,Guaiacol,PRINCIPAL,,,STRICT_MATCH
Halva,6,6,UNMATCHED,,,,,UNMATCHED
Hazel Bloosom,6,6,UNMATCHED,,,,,UNMATCHED
Hookah,6,6,UNMATCHED,,,,,UNMATCHED
Indian woods,6,6,UNMATCHED,,,,,UNMATCHED
Israeli Basil,6,6,UNMATCHED,,,,,UNMATCHED
Japanese Incense,6,6,UNMATCHED,,,,,UNMATCHED
Japanese pepper,6,6,UNMATCHED,,,,,UNMATCHED
Jasmolactone,6,6,UNMATCHED,,,,,UNMATCHED
Kangaroo Paw,6,6,UNMATCHED,,,,,UNMATCHED
Kyphi,6,6,UNMATCHED,,,,,UNMATCHED
Larkspur,6,6,UNMATCHED,,,,,UNMATCHED
Loganberry,6,6,UNMATCHED,,,,,UNMATCHED
Lupin,6,6,UNMATCHED,,,,,UNMATCHED
Mariposa Lily,6,6,UNMATCHED,,,,,UNMATCHED
Menthol,6,6,MATCH_PRINCIPAL_EXACT,Menthol,PRINCIPAL,,,STRICT_MATCH
Mulled Wine,6,6,UNMATCHED,,,,,UNMATCHED
NaturalCalmTM,6,6,UNMATCHED,,,,,UNMATCHED
Orchid Pink Leopard,6,6,UNMATCHED,,,,,UNMATCHED
Pamplewood,6,6,UNMATCHED,,,,,UNMATCHED
Pandan,6,6,UNMATCHED,,,,,UNMATCHED
Pink Crystal,6,6,UNMATCHED,,,,,UNMATCHED
Port Wine,6,6,UNMATCHED,,,,,UNMATCHED
Powdery Musk,6,6,UNMATCHED,,,,,UNMATCHED
Queen of the Night Flower,6,6,UNMATCHED,,,,,UNMATCHED
RE Base,6,6,UNMATCHED,,,,,UNMATCHED
Rambutan,6,6,UNMATCHED,,,,,UNMATCHED
Red Maple,6,6,UNMATCHED,,,,,UNMATCHED
Red Peach,6,6,UNMATCHED,,,,,UNMATCHED
Rind Bergamot,6,6,UNMATCHED,,,,,UNMATCHED
River Notes,6,6,UNMATCHED,,,,,UNMATCHED
Rosa Rubiginosa,6,6,UNMATCHED,,,,,UNMATCHED
Rose Apple,6,6,UNMATCHED,,,,,UNMATCHED
Rose Thorn,6,6,UNMATCHED,,,,,UNMATCHED
Sarsaparilla,6,6,UNMATCHED,,,,,UNMATCHED
Sassafras,6,6,UNMATCHED,,,Sassafras oil,,CANDIDATE_ONLY
Soda Bubbles,6,6,UNMATCHED,,,,,UNMATCHED
St John's Wort,6,6,UNMATCHED,,,,,UNMATCHED
Starflower,6,6,UNMATCHED,,,,,UNMATCHED
Strobilanthes Callosus,6,6,UNMATCHED,,,,,UNMATCHED
Takamaka,6,6,UNMATCHED,,,,,UNMATCHED
Vegetal Notes,6,6,UNMATCHED,,,,,UNMATCHED
Weeping Cherry Blossom,6,6,UNMATCHED,,,,,UNMATCHED
Western Skunk Cabbage,6,6,UNMATCHED,,,,,UNMATCHED
White Camelia,6,6,UNMATCHED,,,,,UNMATCHED
Wolfberry,6,6,UNMATCHED,,,,,UNMATCHED
Yuzu Flower,6,6,UNMATCHED,,,,,UNMATCHED
Graphite,5,6,UNMATCHED,,,,,UNMATCHED
Hashish,5,6,UNMATCHED,,,,,UNMATCHED
Malva,5,6,UNMATCHED,,,,,UNMATCHED
Alba Rose,5,5,UNMATCHED,,,,,UNMATCHED
Ambrein,5,5,UNMATCHED,,,,,UNMATCHED
Anemona,5,5,UNMATCHED,,,,,UNMATCHED
AnthamberTM,5,5,UNMATCHED,,,,,UNMATCHED
Applejack,5,5,UNMATCHED,,,,,UNMATCHED
BBQ,5,5,UNMATCHED,,,,,UNMATCHED
Black Diamond,5,5,UNMATCHED,,,,,UNMATCHED
Black Pomegranate,5,5,UNMATCHED,,,,,UNMATCHED
Black Sesame,5,5,UNMATCHED,,,,,UNMATCHED
Blonde Tobacco,5,5,UNMATCHED,,,,,UNMATCHED
Bois d'Encens,5,5,UNMATCHED,,,,,UNMATCHED
Borage,5,5,UNMATCHED,,,,,UNMATCHED
Bread Flower,5,5,UNMATCHED,,,,,UNMATCHED
Cactus Juice,5,5,UNMATCHED,,,,,UNMATCHED
Chinese Litchi,5,5,UNMATCHED,,,,,UNMATCHED
Chinese Magnolia,5,5,UNMATCHED,,,,,UNMATCHED
Chinese Plum,5,5,UNMATCHED,,,,,UNMATCHED
CosmofruitTM,5,5,UNMATCHED,,,,,UNMATCHED
Cosmos Flower,5,5,UNMATCHED,,,,,UNMATCHED
Delonix,5,5,UNMATCHED,,,,,UNMATCHED
Diviniris,5,5,UNMATCHED,,,,,UNMATCHED
Feathers,5,5,UNMATCHED,,,,,UNMATCHED
Fig Blossom,5,5,UNMATCHED,,,,,UNMATCHED
Garlic,5,5,MATCH_SECONDARY_DESCRIPTOR,Garlic,SECONDARY_DESCRIPTOR,,,STRICT_MATCH
Genmaicha,5,5,UNMATCHED,,,,,UNMATCHED
Gerbera,5,5,UNMATCHED,,,,,UNMATCHED
Green Coffee,5,5,UNMATCHED,,,,,UNMATCHED
Green Lotus,5,5,UNMATCHED,,,,,UNMATCHED
Hand Cream,5,5,UNMATCHED,,,,,UNMATCHED
Himalayan Poppy,5,5,UNMATCHED,,,,,UNMATCHED
Hoary Stock,5,5,UNMATCHED,,,,,UNMATCHED
Horse skin,5,5,UNMATCHED,,,,,UNMATCHED
Indian Tea,5,5,UNMATCHED,,,,,UNMATCHED
Indonesian Pepper,5,5,UNMATCHED,,,,,UNMATCHED
Knafeh,5,5,UNMATCHED,,,,,UNMATCHED
Kyara wood,5,5,UNMATCHED,,,,,UNMATCHED
Laurel Blossom,5,5,UNMATCHED,,,,,UNMATCHED
Lemon Meringue Pie,5,5,UNMATCHED,,,,,UNMATCHED
Lemon Pie,5,5,UNMATCHED,,,,,UNMATCHED
Linaloe berry,5,5,UNMATCHED,,,,,UNMATCHED
Longan Berries,5,5,UNMATCHED,,,,,UNMATCHED
Mamey,5,5,UNMATCHED,,,,,UNMATCHED
Mandrake,5,5,UNMATCHED,,,,,UNMATCHED
Meat,5,5,UNMATCHED,,,,,UNMATCHED
Melati,5,5,UNMATCHED,,,,,UNMATCHED
Melonal,5,5,UNMATCHED,,,,,UNMATCHED
Mochi,5,5,UNMATCHED,,,,,UNMATCHED
Moroccan Lemon,5,5,UNMATCHED,,,,,UNMATCHED
Nail Polish,5,5,UNMATCHED,,,,,UNMATCHED
Onycha,5,5,UNMATCHED,,,,,UNMATCHED
Palm Sugar,5,5,UNMATCHED,,,,,UNMATCHED
Petroleum,5,5,UNMATCHED,,,,,UNMATCHED
Petunia,5,5,UNMATCHED,,,,,UNMATCHED
Pink Hyacinth,5,5,UNMATCHED,,,,,UNMATCHED
Pink Violet,5,5,UNMATCHED,,,,,UNMATCHED
Pistachio Leaf,5,5,UNMATCHED,,,,,UNMATCHED
Pittosporum,5,5,UNMATCHED,,,,,UNMATCHED
Pomegranate Seed,5,5,UNMATCHED,,,,,UNMATCHED
Red Bean Paste,5,5,UNMATCHED,,,,,UNMATCHED
Red Cyclamen,5,5,UNMATCHED,,,,,UNMATCHED
Rice Water,5,5,UNMATCHED,,,,,UNMATCHED
Rose Milk,5,5,UNMATCHED,,,,,UNMATCHED
Satureja,5,5,UNMATCHED,,,,,UNMATCHED
Serbian Oakmoss,5,5,UNMATCHED,,,,,UNMATCHED
Skatole,5,5,MATCH_PRINCIPAL_EXACT,Skatole,PRINCIPAL,,,STRICT_MATCH
Starfish,5,5,UNMATCHED,,,,,UNMATCHED
Sudachi citrus,5,5,UNMATCHED,,,,,UNMATCHED
Sulphur,5,5,UNMATCHED,,,,,UNMATCHED
Tayberry,5,5,UNMATCHED,,,,,UNMATCHED
Teakwood Essence,5,5,UNMATCHED,,,,,UNMATCHED
Terpineol,5,5,MATCH_PRINCIPAL_EXACT,Terpineol,PRINCIPAL,,,STRICT_MATCH
Toasted Rice,5,5,UNMATCHED,,,,,UNMATCHED
Velvet Woods,5,5,UNMATCHED,,,,,UNMATCHED
Water Lily Leaf,5,5,UNMATCHED,,,,,UNMATCHED
Watery Cyclamen,5,5,UNMATCHED,,,,,UNMATCHED
Wet Plaster,5,5,UNMATCHED,,,,,UNMATCHED
White Apricot,5,5,UNMATCHED,,,,,UNMATCHED
Erigeron (Fleabane),4,6,UNMATCHED,,,,,UNMATCHED
Aperol,4,5,UNMATCHED,,,,,UNMATCHED
Khella,4,5,UNMATCHED,,,,,UNMATCHED
Scent Trek®,4,5,UNMATCHED,,,,,UNMATCHED
Aldron,4,4,UNMATCHED,,,,,UNMATCHED
AmbermaxTM,4,4,UNMATCHED,,,,,UNMATCHED
Ammonia,4,4,UNMATCHED,,,,,UNMATCHED
Apple sherbet,4,4,UNMATCHED,,,,,UNMATCHED
Aqual,4,4,UNMATCHED,,,,,UNMATCHED
Arctic Bramble,4,4,UNMATCHED,,,,,UNMATCHED
Ashoka Flower,4,4,UNMATCHED,,,,,UNMATCHED
Bengal Pepper,4,4,UNMATCHED,,,,,UNMATCHED
Bromelia,4,4,UNMATCHED,,,,,UNMATCHED
Buckwheat,4,4,UNMATCHED,,,,,UNMATCHED
Cactus Blossom,4,4,UNMATCHED,,,,,UNMATCHED
Calissons d'Aix,4,4,UNMATCHED,,,,,UNMATCHED
Canelé,4,4,UNMATCHED,,,,,UNMATCHED
Carambola blossom,4,4,UNMATCHED,,,,,UNMATCHED
Caramelized Almond,4,4,UNMATCHED,,,,,UNMATCHED
Cherry leaf,4,4,UNMATCHED,,,,,UNMATCHED
Chinese Patchouli,4,4,UNMATCHED,,,,,UNMATCHED
Chutney,4,4,UNMATCHED,,,,,UNMATCHED
Coconut Tree,4,4,UNMATCHED,,,,,UNMATCHED
Coffee Tree,4,4,UNMATCHED,,,,,UNMATCHED
Coral Limestone,4,4,UNMATCHED,,,,,UNMATCHED
Currant Leaf and Bud,4,4,UNMATCHED,,,,,UNMATCHED
Desert Sagebrush,4,4,UNMATCHED,,,,,UNMATCHED
Diamond Orchid,4,4,UNMATCHED,,,,,UNMATCHED
Ethyl Maltol,4,4,MATCH_PRINCIPAL_EXACT,Ethyl maltol,PRINCIPAL,,,STRICT_MATCH
Forest Flowers Notes,4,4,UNMATCHED,,,,,UNMATCHED
Frosted Melon,4,4,UNMATCHED,,,,,UNMATCHED
Fruit Tea,4,4,UNMATCHED,,,,,UNMATCHED
Galbanum Leaf,4,4,UNMATCHED,,,,,UNMATCHED
Glacé,4,4,UNMATCHED,,,,,UNMATCHED
Graham Crackers,4,4,UNMATCHED,,,,,UNMATCHED
Grass Tree,4,4,UNMATCHED,,,,,UNMATCHED
Greengage,4,4,UNMATCHED,,,,,UNMATCHED
Hat straw,4,4,UNMATCHED,,,,,UNMATCHED
Hatkora lemon,4,4,UNMATCHED,,,,,UNMATCHED
Hexyl acetate,4,4,MATCH_PRINCIPAL_EXACT,Hexyl acetate,PRINCIPAL,,,STRICT_MATCH
Hollyhock,4,4,UNMATCHED,,,,,UNMATCHED
"Hoya carnosa, wax plant",4,4,UNMATCHED,,,,,UNMATCHED
Impatiens,4,4,UNMATCHED,,,,,UNMATCHED
Indonesian Carnation,4,4,UNMATCHED,,,,,UNMATCHED
Iris leaf,4,4,UNMATCHED,,,,,UNMATCHED
Italian Melon,4,4,UNMATCHED,,,,,UNMATCHED
Japanese Citruses,4,4,UNMATCHED,,,,,UNMATCHED
Japanese Orange,4,4,UNMATCHED,,,,,UNMATCHED
Jujube,4,4,UNMATCHED,,,,,UNMATCHED
Kopi Luwak Coffee,4,4,UNMATCHED,,,,,UNMATCHED
Kunzea,4,4,UNMATCHED,,,,,UNMATCHED
Lotus Seed,4,4,UNMATCHED,,,,,UNMATCHED
Lucuma,4,4,UNMATCHED,,,,,UNMATCHED
Mai Tai Cocktail,4,4,UNMATCHED,,,,,UNMATCHED
Massioa,4,4,UNMATCHED,,,,,UNMATCHED
Melilotus,4,4,UNMATCHED,,,"Melilotus officinalis absolute | Melilotus officinalis absolute, pyrogenated | Melilotus officinalis tincture",,CANDIDATE_ONLY
Milkweeds,4,4,UNMATCHED,,,,,UNMATCHED
Mint Tea,4,4,UNMATCHED,,,,,UNMATCHED
Monarda,4,4,UNMATCHED,,,,,UNMATCHED
Moonshine,4,4,UNMATCHED,,,,,UNMATCHED
Mung Bean,4,4,UNMATCHED,,,,,UNMATCHED
New Magazine,4,4,UNMATCHED,,,,,UNMATCHED
Olymra plant accord,4,4,UNMATCHED,,,,,UNMATCHED
Orange Pepper,4,4,UNMATCHED,,,,,UNMATCHED
Orange Soda,4,4,UNMATCHED,,,,,UNMATCHED
Orbitone,4,4,UNMATCHED,,,,,UNMATCHED
Orchard Blossom,4,4,UNMATCHED,,,,,UNMATCHED
Parchment,4,4,UNMATCHED,,,,,UNMATCHED
Patchouli (Green),4,4,UNMATCHED,,,,,UNMATCHED
Physcool®,4,4,UNMATCHED,,,,,UNMATCHED
Pretzel,4,4,UNMATCHED,,,,,UNMATCHED
Red Fruits Sorbet,4,4,UNMATCHED,,,,,UNMATCHED
Rice Cake,4,4,UNMATCHED,,,,,UNMATCHED
Rice Leaf,4,4,UNMATCHED,,,,,UNMATCHED
Rumenian Tagetes,4,4,UNMATCHED,,,,,UNMATCHED
Sandalwood Flower,4,4,UNMATCHED,,,,,UNMATCHED
Scots pine variant,4,4,UNMATCHED,,,,,UNMATCHED
Seed Okra or Gumbo,4,4,UNMATCHED,,,,,UNMATCHED
Snowberry,4,4,UNMATCHED,,,,,UNMATCHED
Soju,4,4,UNMATCHED,,,,,UNMATCHED
Souffle,4,4,UNMATCHED,,,,,UNMATCHED
Soy Milk,4,4,UNMATCHED,,,,,UNMATCHED
Soy Sauce,4,4,UNMATCHED,,,,,UNMATCHED
Sparkling Accord,4,4,UNMATCHED,,,,,UNMATCHED
Squishmallow Accord,4,4,UNMATCHED,,,,,UNMATCHED
Sugandha Kokila,4,4,UNMATCHED,,,,,UNMATCHED
Sweet Pie,4,4,UNMATCHED,,,,,UNMATCHED
Sweet Potato,4,4,UNMATCHED,,,,,UNMATCHED
Tangerine Leaves,4,4,UNMATCHED,,,,,UNMATCHED
Tapioca,4,4,UNMATCHED,,,,,UNMATCHED
Taro,4,4,UNMATCHED,,,,,UNMATCHED
Tatami,4,4,UNMATCHED,,,,,UNMATCHED
ThalassogaiaTM,4,4,UNMATCHED,,,,,UNMATCHED
Timberol,4,4,UNMATCHED,,,,,UNMATCHED
Toscanol,4,4,UNMATCHED,,,,,UNMATCHED
Turnera Diffusa (Damiana),4,4,UNMATCHED,,,,,UNMATCHED
Umeshu,4,4,UNMATCHED,,,,,UNMATCHED
Viburnum,4,4,UNMATCHED,,,,,UNMATCHED
Water Pepper,4,4,UNMATCHED,,,,,UNMATCHED
White Almond,4,4,UNMATCHED,,,,,UNMATCHED
White Chocolate Truffle,4,4,UNMATCHED,,,,,UNMATCHED
White Datura,4,4,UNMATCHED,,,,,UNMATCHED
Yellow Wine,4,4,UNMATCHED,,,,,UNMATCHED
Yumberry,4,4,UNMATCHED,,,,,UNMATCHED
Affogato,3,3,UNMATCHED,,,,,UNMATCHED
Algerian Geranium,3,3,UNMATCHED,,,,,UNMATCHED
Althaea,3,3,UNMATCHED,,,,,UNMATCHED
Aluminum,3,3,UNMATCHED,,,,,UNMATCHED
Alumroot,3,3,UNMATCHED,,,,,UNMATCHED
Amazon Moonflower,3,3,UNMATCHED,,,,,UNMATCHED
Amberever,3,3,UNMATCHED,,,,,UNMATCHED
Ambronova TM,3,3,UNMATCHED,,,,,UNMATCHED
Amburana Bark,3,3,UNMATCHED,,,,,UNMATCHED
Amburana Wood,3,3,UNMATCHED,,,,,UNMATCHED
Apple Mint,3,3,UNMATCHED,,,,,UNMATCHED
"Arbutus (Madrona, Bearberry tree)",3,3,UNMATCHED,,,,,UNMATCHED
Argan Tree,3,3,UNMATCHED,,,,,UNMATCHED
Asparagus,3,3,UNMATCHED,,,,,UNMATCHED
Aspen,3,3,UNMATCHED,,,,,UNMATCHED
Baguette,3,3,UNMATCHED,,,,,UNMATCHED
Baked Pear,3,3,UNMATCHED,,,,,UNMATCHED
Bearberry,3,3,UNMATCHED,,,,,UNMATCHED
Behini Tree,3,3,UNMATCHED,,,,,UNMATCHED
Belanis,3,3,UNMATCHED,,,,,UNMATCHED
Black Gardenia,3,3,UNMATCHED,,,,,UNMATCHED
Blackcurrant Juice,3,3,UNMATCHED,,,,,UNMATCHED
Blue Amber,3,3,UNMATCHED,,,,,UNMATCHED
Boisiris,3,3,UNMATCHED,,,,,UNMATCHED
Burdock,3,3,UNMATCHED,,,,,UNMATCHED
Buttered Rum,3,3,UNMATCHED,,,,,UNMATCHED
California Cedar,3,3,UNMATCHED,,,,,UNMATCHED
Californian Gardenia,3,3,UNMATCHED,,,,,UNMATCHED
Californian Orange,3,3,UNMATCHED,,,,,UNMATCHED
Cannonball Flower,3,3,UNMATCHED,,,,,UNMATCHED
Carissa,3,3,UNMATCHED,,,,,UNMATCHED
Carolina Reaper,3,3,UNMATCHED,,,,,UNMATCHED
Cashmir wood,3,3,UNMATCHED,,,,,UNMATCHED
Centella Asiatica,3,3,UNMATCHED,,,,,UNMATCHED
Cepes,3,3,UNMATCHED,,,,,UNMATCHED
Chai Latte,3,3,UNMATCHED,,,,,UNMATCHED
Charcoal,3,3,UNMATCHED,,,,,UNMATCHED
Chinese Medicinal Herbs,3,3,UNMATCHED,,,,,UNMATCHED
Churros,3,3,UNMATCHED,,,,,UNMATCHED
Cinnamon Flower,3,3,UNMATCHED,,,,,UNMATCHED
Citron Leaf,3,3,UNMATCHED,,,,,UNMATCHED
Coral Rose,3,3,UNMATCHED,,,,,UNMATCHED
Cosmopolitan cocktail,3,3,UNMATCHED,,,,,UNMATCHED
Cottonwood,3,3,UNMATCHED,,,,,UNMATCHED
Creamsicle,3,3,UNMATCHED,,,,,UNMATCHED
Daikon radish,3,3,UNMATCHED,,,,,UNMATCHED
Dark Plum Wu Mei,3,3,UNMATCHED,,,,,UNMATCHED
Daylily,3,3,UNMATCHED,,,,,UNMATCHED
Desert Rain Accord,3,3,UNMATCHED,,,,,UNMATCHED
Egyptian and Indian Jasmine,3,3,UNMATCHED,,,,,UNMATCHED
Erigeron,3,3,UNMATCHED,,,,,UNMATCHED
Ethylvanillin,3,3,UNMATCHED,,,,,UNMATCHED
Fior di Latte,3,3,UNMATCHED,,,,,UNMATCHED
Fresh Almond,3,3,UNMATCHED,,,,,UNMATCHED
Frosted Orange,3,3,UNMATCHED,,,,,UNMATCHED
Frothed milk,3,3,UNMATCHED,,,,,UNMATCHED
Fruit Salad,3,3,UNMATCHED,,,,,UNMATCHED
Garden Dill,3,3,UNMATCHED,,,,,UNMATCHED
Goat's milk,3,3,UNMATCHED,,,,,UNMATCHED
Golden Lily,3,3,UNMATCHED,,,,,UNMATCHED
Green Chilli,3,3,UNMATCHED,,,,,UNMATCHED
Guayacan,3,3,UNMATCHED,,,,,UNMATCHED
Heated metal,3,3,UNMATCHED,,,,,UNMATCHED
Holly Flower,3,3,UNMATCHED,,,,,UNMATCHED
Holy Water,3,3,UNMATCHED,,,,,UNMATCHED
Hungarian oakmoss,3,3,UNMATCHED,,,,,UNMATCHED
Ironwood,3,3,UNMATCHED,,,,,UNMATCHED
Japanese Lemon,3,3,UNMATCHED,,,,,UNMATCHED
Juicy Apricot,3,3,UNMATCHED,,,,,UNMATCHED
Katsura leaf,3,3,UNMATCHED,,,,,UNMATCHED
Kudzu,3,3,UNMATCHED,,,,,UNMATCHED
Kumbaru,3,3,UNMATCHED,,,,,UNMATCHED
Kyoto Rose petals,3,3,UNMATCHED,,,,,UNMATCHED
Lamprocapnos,3,3,UNMATCHED,,,,,UNMATCHED
Lillac,3,3,UNMATCHED,,,,,UNMATCHED
Lily Of the Valley Leaves,3,3,UNMATCHED,,,,,UNMATCHED
Liv Tyler Rose,3,3,UNMATCHED,,,,,UNMATCHED
Madeira,3,3,UNMATCHED,,,,,UNMATCHED
Mangrove Wood,3,3,UNMATCHED,,,,,UNMATCHED
Marian Plum,3,3,UNMATCHED,,,,,UNMATCHED
Mesquite Wood,3,3,UNMATCHED,,,,,UNMATCHED
Michelia leaf,3,3,UNMATCHED,,,,,UNMATCHED
Milk Candy,3,3,UNMATCHED,,,,,UNMATCHED
Miracle berry,3,3,UNMATCHED,,,,,UNMATCHED
Moepel accord,3,3,UNMATCHED,,,,,UNMATCHED
Moroccan and Indian Jasmine,3,3,UNMATCHED,,,,,UNMATCHED
Moscow Mule,3,3,UNMATCHED,,,,,UNMATCHED
Negroni,3,3,UNMATCHED,,,,,UNMATCHED
Neoprene,3,3,UNMATCHED,,,,,UNMATCHED
Norwegian pine,3,3,UNMATCHED,,,,,UNMATCHED
Old House,3,3,UNMATCHED,,,,,UNMATCHED
Orchid Cactus,3,3,UNMATCHED,,,,,UNMATCHED
Pan de Muerto,3,3,UNMATCHED,,,,,UNMATCHED
Peanut Butter,3,3,UNMATCHED,,,,,UNMATCHED
Perfume lemon,3,3,UNMATCHED,,,,,UNMATCHED
Pisco Sour cocktal,3,3,UNMATCHED,,,,,UNMATCHED
Popsicle,3,3,UNMATCHED,,,,,UNMATCHED
Portulaca or Pigweed,3,3,UNMATCHED,,,,,UNMATCHED
Posidonia,3,3,UNMATCHED,,,,,UNMATCHED
Princess Tree or Paulownia,3,3,UNMATCHED,,,,,UNMATCHED
Purple Yam,3,3,UNMATCHED,,,,,UNMATCHED
Red Mulberry,3,3,UNMATCHED,,,,,UNMATCHED
Red Tulip,3,3,UNMATCHED,,,,,UNMATCHED
Rumex,3,3,UNMATCHED,,,,,UNMATCHED
Salted Caramel Fudge,3,3,UNMATCHED,,,,,UNMATCHED
Satinwood,3,3,UNMATCHED,,,,,UNMATCHED
Saucer Magnolia,3,3,UNMATCHED,,,,,UNMATCHED
Sauna,3,3,UNMATCHED,,,,,UNMATCHED
Seriguela,3,3,UNMATCHED,,,,,UNMATCHED
Sicilian Mandarin Blossom,3,3,UNMATCHED,,,,,UNMATCHED
Slate,3,3,UNMATCHED,,,,,UNMATCHED
Smoketree,3,3,UNMATCHED,,,,,UNMATCHED
South African Sage,3,3,UNMATCHED,,,,,UNMATCHED
Spinach,3,3,UNMATCHED,,,,,UNMATCHED
Squash,3,3,UNMATCHED,,,,,UNMATCHED
Suederal®,3,3,UNMATCHED,,,,,UNMATCHED
Sugared Almonds,3,3,UNMATCHED,,,,,UNMATCHED
Sweet Alyssum,3,3,UNMATCHED,,,,,UNMATCHED
Tennis Ball,3,3,UNMATCHED,,,,,UNMATCHED
Terranol,3,3,UNMATCHED,,,,,UNMATCHED
Tires,3,3,UNMATCHED,,,,,UNMATCHED
Tokaji Wine,3,3,UNMATCHED,,,,,UNMATCHED
TonquitoneTM,3,3,UNMATCHED,,,,,UNMATCHED
Torreya,3,3,UNMATCHED,,,,,UNMATCHED
Trat Oud,3,3,UNMATCHED,,,,,UNMATCHED
Tunisian Opium,3,3,UNMATCHED,,,,,UNMATCHED
Vanilla Bahiana,3,3,UNMATCHED,,,,,UNMATCHED
Vanilla Sauce,3,3,UNMATCHED,,,,,UNMATCHED
Veloutone,3,3,UNMATCHED,,,,,UNMATCHED
Virginian Patchouli,3,3,UNMATCHED,,,,,UNMATCHED
Walnut Milk,3,3,UNMATCHED,,,,,UNMATCHED
Wan Sao Lhong,3,3,UNMATCHED,,,,,UNMATCHED
Water Heliotrope,3,3,UNMATCHED,,,,,UNMATCHED
Wattleseed,3,3,UNMATCHED,,,,,UNMATCHED
White Dahlia,3,3,UNMATCHED,,,,,UNMATCHED
White Honeysuckle,3,3,UNMATCHED,,,,,UNMATCHED
White Mimosa Honey,3,3,UNMATCHED,,,,,UNMATCHED
White Tea Blossom,3,3,UNMATCHED,,,,,UNMATCHED
Wild carrot,3,3,UNMATCHED,,,,,UNMATCHED
Willow-Leaved,3,3,UNMATCHED,,,,,UNMATCHED
Wisteria Flower,3,3,UNMATCHED,,,,,UNMATCHED
Woodruff or Galium Odoratum,3,3,UNMATCHED,,,,,UNMATCHED
Zefir,3,3,UNMATCHED,,,,,UNMATCHED
Acetylfuran,2,2,UNMATCHED,,,,,UNMATCHED
Achillea Olympus,2,2,UNMATCHED,,,,,UNMATCHED
African Freesia Petals,2,2,UNMATCHED,,,,,UNMATCHED
Alcantara accord,2,2,UNMATCHED,,,,,UNMATCHED
Alder,2,2,UNMATCHED,,,,,UNMATCHED
Alyssum,2,2,UNMATCHED,,,,,UNMATCHED
Amberketal,2,2,UNMATCHED,,,,,UNMATCHED
Ammophila,2,2,UNMATCHED,,,,,UNMATCHED
AntilloneTM,2,2,UNMATCHED,,,,,UNMATCHED
Apple Licor,2,2,UNMATCHED,,,,,UNMATCHED
Apricot Jam,2,2,UNMATCHED,,,,,UNMATCHED
Ashberry,2,2,UNMATCHED,,,,,UNMATCHED
Aspic,2,2,UNMATCHED,,,,,UNMATCHED
Azolla,2,2,UNMATCHED,,,,,UNMATCHED
Azteca Lily,2,2,UNMATCHED,,,,,UNMATCHED
Baby’s Breath,2,2,UNMATCHED,,,,,UNMATCHED
Baking Spices,2,2,UNMATCHED,,,,,UNMATCHED
Banana Bread,2,2,UNMATCHED,,,,,UNMATCHED
Beach grass,2,2,UNMATCHED,,,,,UNMATCHED
Biscotti,2,2,UNMATCHED,,,,,UNMATCHED
Black Clover,2,2,UNMATCHED,,,,,UNMATCHED
Black Freesia,2,2,UNMATCHED,,,,,UNMATCHED
Blue Margarita,2,2,UNMATCHED,,,,,UNMATCHED
Blueberry Jam,2,2,UNMATCHED,,,,,UNMATCHED
Bottlebrushes,2,2,UNMATCHED,,,,,UNMATCHED
Brazilian Spices,2,2,UNMATCHED,,,,,UNMATCHED
Brown Scotch Tape,2,2,UNMATCHED,,,,,UNMATCHED
Bubbaloo,2,2,UNMATCHED,,,,,UNMATCHED
Buckwheat Tea,2,2,UNMATCHED,,,,,UNMATCHED
Buriti,2,2,UNMATCHED,,,,,UNMATCHED
Burning Cherry,2,2,UNMATCHED,,,,,UNMATCHED
Cachalox,2,2,UNMATCHED,,,,,UNMATCHED
Calvados Drink,2,2,UNMATCHED,,,,,UNMATCHED
Canada Balsam,2,2,UNMATCHED,,,,,UNMATCHED
Candied Flowers,2,2,UNMATCHED,,,,,UNMATCHED
Canvas,2,2,UNMATCHED,,,,,UNMATCHED
Cardamom Flower,2,2,UNMATCHED,,,,,UNMATCHED
Cassata Siciliana,2,2,UNMATCHED,,,,,UNMATCHED
Celosia,2,2,UNMATCHED,,,,,UNMATCHED
Cep,2,2,UNMATCHED,,,,,UNMATCHED
Cetonal®,2,2,UNMATCHED,,,,,UNMATCHED
Chamallow,2,2,UNMATCHED,,,,,UNMATCHED
Chaparral,2,2,UNMATCHED,,,,,UNMATCHED
Chickpeas,2,2,UNMATCHED,,,,,UNMATCHED
Chicory,2,2,UNMATCHED,,,,,UNMATCHED
Chinese Red Currant,2,2,UNMATCHED,,,,,UNMATCHED
Chinotto blossom,2,2,UNMATCHED,,,,,UNMATCHED
Chive,2,2,UNMATCHED,,,,,UNMATCHED
Chlorophyll,2,2,UNMATCHED,,,,,UNMATCHED
Chocolate Sauce,2,2,UNMATCHED,,,,,UNMATCHED
Chuan Xiong,2,2,UNMATCHED,,,,,UNMATCHED
Cinnamaldehyde,2,2,MATCH_PRINCIPAL_EXACT,Cinnamaldehyde,PRINCIPAL,,,STRICT_MATCH
Clematis,2,2,UNMATCHED,,,,,UNMATCHED
CocoapulseTM,2,2,UNMATCHED,,,,,UNMATCHED
Coffee Liqueur,2,2,UNMATCHED,,,,,UNMATCHED
Coleus,2,2,UNMATCHED,,,,,UNMATCHED
Confetti,2,2,UNMATCHED,,,,,UNMATCHED
Coral Amber,2,2,UNMATCHED,,,,,UNMATCHED
Corall Orchid,2,2,UNMATCHED,,,,,UNMATCHED
Coranol,2,2,UNMATCHED,,,,,UNMATCHED
Credit Cards,2,2,UNMATCHED,,,,,UNMATCHED
Crinum lily,2,2,UNMATCHED,,,,,UNMATCHED
Cucumber Flower,2,2,UNMATCHED,,,,,UNMATCHED
Dark Chocolate Liqueur,2,2,UNMATCHED,,,,,UNMATCHED
Dragon fruit,2,2,UNMATCHED,,,,,UNMATCHED
Eau de vie,2,2,UNMATCHED,,,,,UNMATCHED
Ethyl Vanilin,2,2,UNMATCHED,,,,,UNMATCHED
Euphorbia,2,2,UNMATCHED,,,,,UNMATCHED
Field scabious,2,2,UNMATCHED,,,,,UNMATCHED
Fig Honey,2,2,UNMATCHED,,,,,UNMATCHED
Fire Lily,2,2,UNMATCHED,,,,,UNMATCHED
French Hyacinth,2,2,UNMATCHED,,,,,UNMATCHED
Gariguette Strawberry,2,2,UNMATCHED,,,,,UNMATCHED
Gianduia,2,2,UNMATCHED,,,,,UNMATCHED
Glass,2,2,UNMATCHED,,,,,UNMATCHED
Goldenberry,2,2,UNMATCHED,,,,,UNMATCHED
Green Branches,2,2,UNMATCHED,,,,,UNMATCHED
Grisalva,2,2,UNMATCHED,,,,,UNMATCHED
Guaiac Wood Resin,2,2,UNMATCHED,,,,,UNMATCHED
Hexenyl Green,2,2,UNMATCHED,,,,,UNMATCHED
Hibiscus leaves,2,2,UNMATCHED,,,,,UNMATCHED
Hina,2,2,UNMATCHED,,,,,UNMATCHED
Hindinol,2,2,UNMATCHED,,,,,UNMATCHED
Horseweed,2,2,UNMATCHED,,,,,UNMATCHED
Incienso,2,2,UNMATCHED,,,,,UNMATCHED
Indian Mango,2,2,UNMATCHED,,,,,UNMATCHED
Indian White Pepper,2,2,UNMATCHED,,,,,UNMATCHED
Indonesian Myrrh,2,2,UNMATCHED,,,,,UNMATCHED
Instant film accord,2,2,UNMATCHED,,,,,UNMATCHED
Inula,2,2,UNMATCHED,,,,,UNMATCHED
Japanese Orchid,2,2,UNMATCHED,,,,,UNMATCHED
Japanese Pink Lotus,2,2,UNMATCHED,,,,,UNMATCHED
Jasmone,2,2,UNMATCHED,,,,,UNMATCHED
Jobs tears (Yi Yi Ren),2,2,UNMATCHED,,,,,UNMATCHED
Kanuka,2,2,UNMATCHED,,,,,UNMATCHED
Karmaflor®,2,2,UNMATCHED,,,,,UNMATCHED
Kewra,2,2,UNMATCHED,,,,,UNMATCHED
Lacquered Wood,2,2,UNMATCHED,,,,,UNMATCHED
Lady Slipper Orchid,2,2,UNMATCHED,,,,,UNMATCHED
Lesser Calamint,2,2,UNMATCHED,,,,,UNMATCHED
Licorice Flower,2,2,UNMATCHED,,,,,UNMATCHED
Limewood,2,2,UNMATCHED,,,,,UNMATCHED
Loam,2,2,UNMATCHED,,,,,UNMATCHED
Magnolia brooklynensis,2,2,UNMATCHED,,,,,UNMATCHED
Mangosteen blossom,2,2,UNMATCHED,,,,,UNMATCHED
Milky Coffee,2,2,UNMATCHED,,,,,UNMATCHED
Mimosa leaves,2,2,UNMATCHED,,,,,UNMATCHED
Mopane,2,2,UNMATCHED,,,,,UNMATCHED
Moringa Blossom,2,2,UNMATCHED,,,,,UNMATCHED
Musk Vodka,2,2,UNMATCHED,,,,,UNMATCHED
Mustard Seed,2,2,UNMATCHED,,,,,UNMATCHED
Narciussus,2,2,UNMATCHED,,,,,UNMATCHED
Nettle Blossom,2,2,UNMATCHED,,,,,UNMATCHED
Nom Maew,2,2,UNMATCHED,,,,,UNMATCHED
Nut Grass,2,2,UNMATCHED,,,,,UNMATCHED
Olibanum (Frankincense),2,2,UNMATCHED,,,,,UNMATCHED
Orchid Leaf,2,2,UNMATCHED,,,,,UNMATCHED
Osmasylk NatsublimTM,2,2,UNMATCHED,,,,,UNMATCHED
Para-Cresyl Phenyl Acetate,2,2,UNMATCHED,,,,,UNMATCHED
Paradisamide,2,2,UNMATCHED,,,,,UNMATCHED
Pastiera Napoletana,2,2,UNMATCHED,,,,,UNMATCHED
Pear Tree,2,2,UNMATCHED,,,,,UNMATCHED
Pelargonium Leaf,2,2,UNMATCHED,,,,,UNMATCHED
Pesto,2,2,UNMATCHED,,,,,UNMATCHED
Pink Flamingo Heliconia,2,2,UNMATCHED,,,,,UNMATCHED
Pink Ipê Tree,2,2,UNMATCHED,,,,,UNMATCHED
Pink Paprika,2,2,UNMATCHED,,,,,UNMATCHED
Plantain,2,2,UNMATCHED,,,,,UNMATCHED
Plastic Bag,2,2,UNMATCHED,,,,,UNMATCHED
Play-Doh,2,2,UNMATCHED,,,,,UNMATCHED
Poinsettia,2,2,UNMATCHED,,,,,UNMATCHED
Porcelain,2,2,UNMATCHED,,,,,UNMATCHED
Powder From The Moon,2,2,UNMATCHED,,,,,UNMATCHED
Purple Coneflower,2,2,UNMATCHED,,,,,UNMATCHED
"Quandong, desert peach",2,2,UNMATCHED,,,,,UNMATCHED
Quenepa,2,2,UNMATCHED,,,,,UNMATCHED
Rainbow Sorbet,2,2,UNMATCHED,,,,,UNMATCHED
Raki,2,2,UNMATCHED,,,,,UNMATCHED
Rangpur,2,2,UNMATCHED,,,,,UNMATCHED
Raspberry Macaron,2,2,UNMATCHED,,,,,UNMATCHED
Ravenala,2,2,UNMATCHED,,,,,UNMATCHED
Red Currant Blossom,2,2,UNMATCHED,,,,,UNMATCHED
Red Paprika,2,2,UNMATCHED,,,,,UNMATCHED
Red Vanill-Orchid,2,2,UNMATCHED,,,,,UNMATCHED
Red Willow,2,2,UNMATCHED,,,,,UNMATCHED
Redwood Flower,2,2,UNMATCHED,,,,,UNMATCHED
Rhodinol,2,2,MATCH_PRINCIPAL_EXACT,Rhodinol,PRINCIPAL,,,STRICT_MATCH
Romandolide®,2,2,UNMATCHED,,,,,UNMATCHED
Romanian Sage,2,2,UNMATCHED,,,,,UNMATCHED
Rose Japanese (Hamanasu),2,2,UNMATCHED,,,,,UNMATCHED
Roselle,2,2,UNMATCHED,,,,,UNMATCHED
Rosewood Leaf,2,2,UNMATCHED,,,,,UNMATCHED
Rowanberry,2,2,UNMATCHED,,,,,UNMATCHED
SP3 Carbon,2,2,UNMATCHED,,,,,UNMATCHED
Salak,2,2,UNMATCHED,,,,,UNMATCHED
Salted Butter,2,2,UNMATCHED,,,,,UNMATCHED
Salted Egg Yolk,2,2,UNMATCHED,,,,,UNMATCHED
SandaloreTM,2,2,UNMATCHED,,,,,UNMATCHED
Sauce-aroma Baijiu,2,2,UNMATCHED,,,,,UNMATCHED
Saw palmetto,2,2,UNMATCHED,,,,,UNMATCHED
Sherry,2,2,UNMATCHED,,,,,UNMATCHED
"Sideritis, Mountain Tea",2,2,UNMATCHED,,,,,UNMATCHED
Silverthorn,2,2,UNMATCHED,,,,,UNMATCHED
Siren,2,2,UNMATCHED,,,,,UNMATCHED
Snow Lotus,2,2,UNMATCHED,,,,,UNMATCHED
Sodium Silicate,2,2,UNMATCHED,,,,,UNMATCHED
Sophora Toromiro Flower,2,2,UNMATCHED,,,,,UNMATCHED
Space Ship,2,2,UNMATCHED,,,,,UNMATCHED
Speculoos,2,2,UNMATCHED,,,,,UNMATCHED
Spiked Pepper,2,2,UNMATCHED,,,,,UNMATCHED
Spiraea,2,2,UNMATCHED,,,,,UNMATCHED
Stardust,2,2,UNMATCHED,,,,,UNMATCHED
Strawberry S’mores,2,2,UNMATCHED,,,,,UNMATCHED
Sundew,2,2,UNMATCHED,,,,,UNMATCHED
Sweet Milk,2,2,UNMATCHED,,,,,UNMATCHED
T-Shirt accord,2,2,UNMATCHED,,,,,UNMATCHED
Tamanu,2,2,UNMATCHED,,,,,UNMATCHED
Tamarisk,2,2,UNMATCHED,,,,,UNMATCHED
Tamboti Wood,2,2,UNMATCHED,,,,,UNMATCHED
Tartine,2,2,UNMATCHED,,,,,UNMATCHED
Terracotta,2,2,UNMATCHED,,,,,UNMATCHED
Ti Leaf (Cordilyne),2,2,UNMATCHED,,,,,UNMATCHED
Tomato Flower,2,2,UNMATCHED,,,,,UNMATCHED
Tonalide®,2,2,UNMATCHED,,,,,UNMATCHED
Trillium,2,2,UNMATCHED,,,,,UNMATCHED
Trimofix®,2,2,UNMATCHED,,,,,UNMATCHED
Tropicalone,2,2,UNMATCHED,,,,,UNMATCHED
Tuberolide,2,2,UNMATCHED,,,,,UNMATCHED
Tumbleweed,2,2,UNMATCHED,,,,,UNMATCHED
Turpentine,2,2,UNMATCHED,,,"Turpentine oil | Turpentine oil, rectified",,CANDIDATE_ONLY
UltravanilTM,2,2,UNMATCHED,,,,,UNMATCHED
Vanilla Leaves,2,2,UNMATCHED,,,,,UNMATCHED
Verdox,2,2,UNMATCHED,,,,,UNMATCHED
Vinegar,2,2,UNMATCHED,,,,,UNMATCHED
Vinyl Guaiacol,2,2,UNMATCHED,,,,,UNMATCHED
Vitamin C,2,2,UNMATCHED,,,,,UNMATCHED
White Royal Lily,2,2,UNMATCHED,,,,,UNMATCHED
Wine must,2,2,UNMATCHED,,,,,UNMATCHED
Winter Daphne,2,2,UNMATCHED,,,,,UNMATCHED
Wrightia,2,2,UNMATCHED,,,,,UNMATCHED
Yunnan Tea,2,2,UNMATCHED,,,,,UNMATCHED
Z11TM,2,2,UNMATCHED,,,,,UNMATCHED
Zinnia,2,2,UNMATCHED,,,,,UNMATCHED
Wintermelon,1,2,UNMATCHED,,,,,UNMATCHED
Abelia,1,1,UNMATCHED,,,,,UNMATCHED
Acerola Blossom,1,1,UNMATCHED,,,,,UNMATCHED
Acronychia pedunculata,1,1,UNMATCHED,,,,,UNMATCHED
Advocaat,1,1,UNMATCHED,,,,,UNMATCHED
Akashic Acord,1,1,UNMATCHED,,,,,UNMATCHED
Akebia fruit,1,1,UNMATCHED,,,,,UNMATCHED
Albizia,1,1,UNMATCHED,,,,,UNMATCHED
Aldambre,1,1,UNMATCHED,,,,,UNMATCHED
Almaciga,1,1,UNMATCHED,,,,,UNMATCHED
Almdudler,1,1,UNMATCHED,,,,,UNMATCHED
Alpinia,1,1,UNMATCHED,,,,,UNMATCHED
Alstroemeria,1,1,UNMATCHED,,,,,UNMATCHED
Amarula,1,1,UNMATCHED,,,,,UNMATCHED
AmbreXolide,1,1,UNMATCHED,,,,,UNMATCHED
Amethyst Flower,1,1,UNMATCHED,,,,,UNMATCHED
Andiroba,1,1,UNMATCHED,,,,,UNMATCHED
Angel's Trumpet,1,1,UNMATCHED,,,,,UNMATCHED
AquafloraTM,1,1,UNMATCHED,,,,,UNMATCHED
Arbutus,1,1,UNMATCHED,,,,,UNMATCHED
Asian Clintonia,1,1,UNMATCHED,,,,,UNMATCHED
Astragalus,1,1,UNMATCHED,,,,,UNMATCHED
Australian Oud,1,1,UNMATCHED,,,,,UNMATCHED
Azarbre,1,1,UNMATCHED,,,,,UNMATCHED
Baba (Italian dessert),1,1,UNMATCHED,,,,,UNMATCHED
Bagas de Zimbro,1,1,UNMATCHED,,,,,UNMATCHED
Barnyard,1,1,UNMATCHED,,,,,UNMATCHED
Barrenwort,1,1,UNMATCHED,,,,,UNMATCHED
Batida,1,1,UNMATCHED,,,,,UNMATCHED
Beachheather,1,1,UNMATCHED,,,,,UNMATCHED
BigaraneTM,1,1,UNMATCHED,,,,,UNMATCHED
Biryani,1,1,UNMATCHED,,,,,UNMATCHED
Bisabolene,1,1,MATCH_PRINCIPAL_EXACT,Bisabolene,PRINCIPAL,,,STRICT_MATCH
Bitter melon,1,1,UNMATCHED,,,,,UNMATCHED
Black Sapote,1,1,UNMATCHED,,,,,UNMATCHED
Black locust leaf,1,1,UNMATCHED,,,,,UNMATCHED
Blue Bugle,1,1,UNMATCHED,,,,,UNMATCHED
Blue Pea Flower,1,1,UNMATCHED,,,,,UNMATCHED
Blueberry Leaf,1,1,UNMATCHED,,,,,UNMATCHED
Bohea (Wuyi Tea),1,1,UNMATCHED,,,,,UNMATCHED
Bourgeonal,1,1,UNMATCHED,,,,,UNMATCHED
Breadnut,1,1,UNMATCHED,,,,,UNMATCHED
Brick,1,1,UNMATCHED,,,,,UNMATCHED
Bulletwood Tree,1,1,UNMATCHED,,,,,UNMATCHED
Butomus umbellatus,1,1,UNMATCHED,,,,,UNMATCHED
Cabernet Grape,1,1,UNMATCHED,,,,,UNMATCHED
Cacao Absolute,1,1,MATCH_PRINCIPAL_EXACT,Cacao absolute,PRINCIPAL,,,STRICT_MATCH
Calafate,1,1,UNMATCHED,,,,,UNMATCHED
Californian Fig,1,1,UNMATCHED,,,,,UNMATCHED
Campion Flower,1,1,UNMATCHED,,,,,UNMATCHED
Candlenut,1,1,UNMATCHED,,,,,UNMATCHED
Cangzhu,1,1,UNMATCHED,,,,,UNMATCHED
Canna flower,1,1,UNMATCHED,,,,,UNMATCHED
Cannoli,1,1,UNMATCHED,,,,,UNMATCHED
Carum,1,1,UNMATCHED,,,,,UNMATCHED
Cashew Flower,1,1,UNMATCHED,,,,,UNMATCHED
Cassowary fruit,1,1,UNMATCHED,,,,,UNMATCHED
Cauliflower,1,1,UNMATCHED,,,,,UNMATCHED
Cedar Roots,1,1,UNMATCHED,,,,,UNMATCHED
Cedramber,1,1,UNMATCHED,,,,,UNMATCHED
Cereal,1,1,UNMATCHED,,,,,UNMATCHED
Ceylon Spices,1,1,UNMATCHED,,,,,UNMATCHED
Chai Hu,1,1,UNMATCHED,,,,,UNMATCHED
Chayote,1,1,UNMATCHED,,,,,UNMATCHED
Cherry Milk,1,1,UNMATCHED,,,,,UNMATCHED
Chhaang,1,1,UNMATCHED,,,,,UNMATCHED
Chia Seed,1,1,UNMATCHED,,,,,UNMATCHED
China Fruits,1,1,UNMATCHED,,,,,UNMATCHED
Chinese Apricot,1,1,UNMATCHED,,,,,UNMATCHED
Choux Pastry,1,1,UNMATCHED,,,,,UNMATCHED
Cider Apple,1,1,UNMATCHED,,,,,UNMATCHED
Citrus Japonica,1,1,UNMATCHED,,,,,UNMATCHED
Clarycet,1,1,UNMATCHED,,,,,UNMATCHED
Coal Tar Pitch,1,1,UNMATCHED,,,,,UNMATCHED
Coriander iandaldehydes,1,1,UNMATCHED,,,,,UNMATCHED
CosmofruitTM (IFF),1,1,UNMATCHED,,,,,UNMATCHED
Count's Fruit,1,1,UNMATCHED,,,,,UNMATCHED
Crimson Fruits,1,1,UNMATCHED,,,,,UNMATCHED
Crustaceans,1,1,UNMATCHED,,,,,UNMATCHED
Crystalfizz,1,1,UNMATCHED,,,,,UNMATCHED
Culantro,1,1,UNMATCHED,,,,,UNMATCHED
Curcuma (Turmeric),1,1,UNMATCHED,,,,,UNMATCHED
Cyclopidene,1,1,UNMATCHED,,,,,UNMATCHED
Cyperus Scariosus,1,1,UNMATCHED,,,,,UNMATCHED
Czech Christmas Cookies (Linecké),1,1,UNMATCHED,,,,,UNMATCHED
Damiana,1,1,UNMATCHED,,,,,UNMATCHED
Danish pastry,1,1,UNMATCHED,,,,,UNMATCHED
Dartanol®,1,1,UNMATCHED,,,,,UNMATCHED
Ditax wood,1,1,UNMATCHED,,,,,UNMATCHED
Diving Suit,1,1,UNMATCHED,,,,,UNMATCHED
Dodecanal,1,1,UNMATCHED,,,,,UNMATCHED
Dogwood Blossom,1,1,UNMATCHED,,,,,UNMATCHED
Dorayaki,1,1,UNMATCHED,,,,,UNMATCHED
Dove tree,1,1,UNMATCHED,,,,,UNMATCHED
Dragibus,1,1,UNMATCHED,,,,,UNMATCHED
Duck Poo Oolong (Ya Shi Xiang),1,1,UNMATCHED,,,,,UNMATCHED
Ducke,1,1,UNMATCHED,,,,,UNMATCHED
Earth Tincture,1,1,UNMATCHED,,,,,UNMATCHED
Eustoma | Lisianthus,1,1,UNMATCHED,,,,,UNMATCHED
Factor X,1,1,UNMATCHED,,,,,UNMATCHED
False Cypress,1,1,UNMATCHED,,,,,UNMATCHED
Fermented tea,1,1,UNMATCHED,,,,,UNMATCHED
Filbertone,1,1,UNMATCHED,,,,,UNMATCHED
Flamingo flower,1,1,UNMATCHED,,,,,UNMATCHED
Flamingo flower (Anthurium),1,1,UNMATCHED,,,,,UNMATCHED
Floratta DNA,1,1,UNMATCHED,,,,,UNMATCHED
Flower Prism,1,1,UNMATCHED,,,,,UNMATCHED
Flowering Gourd,1,1,UNMATCHED,,,,,UNMATCHED
Fo Ti (Ho Shou Wu),1,1,UNMATCHED,,,,,UNMATCHED
Fougassette,1,1,UNMATCHED,,,,,UNMATCHED
Fringed Pink,1,1,UNMATCHED,,,,,UNMATCHED
FrostwoodTM,1,1,UNMATCHED,,,,,UNMATCHED
Gaharu Buaya,1,1,UNMATCHED,,,,,UNMATCHED
Gajumaru Banyan,1,1,UNMATCHED,,,,,UNMATCHED
Gelatin,1,1,UNMATCHED,,,,,UNMATCHED
Genipapo,1,1,UNMATCHED,,,,,UNMATCHED
Georgian Apricot,1,1,UNMATCHED,,,,,UNMATCHED
Geranium macrorrhizum (Zdravetz),1,1,UNMATCHED,,,,,UNMATCHED
Ghost Pepper,1,1,UNMATCHED,,,,,UNMATCHED
Gingergrass,1,1,UNMATCHED,,,Gingergrass oil,,CANDIDATE_ONLY
Goat Hair,1,1,UNMATCHED,,,,,UNMATCHED
Goldwasser,1,1,UNMATCHED,,,,,UNMATCHED
Grapefruit Soda,1,1,UNMATCHED,,,,,UNMATCHED
Grease,1,1,UNMATCHED,,,,,UNMATCHED
Great Burnet,1,1,UNMATCHED,,,,,UNMATCHED
Green Banana,1,1,UNMATCHED,,,,,UNMATCHED
Green Orchid,1,1,UNMATCHED,,,,,UNMATCHED
Green Pepper,1,1,UNMATCHED,,,,,UNMATCHED
Grevillea,1,1,UNMATCHED,,,,,UNMATCHED
Gromwell,1,1,UNMATCHED,,,,,UNMATCHED
Guao or Maiden Plum,1,1,UNMATCHED,,,,,UNMATCHED
Guinea Pepper,1,1,UNMATCHED,,,,,UNMATCHED
Gun Smoke,1,1,UNMATCHED,,,,,UNMATCHED
Gustavia Flower,1,1,UNMATCHED,,,,,UNMATCHED
Gyokuro Tea,1,1,UNMATCHED,,,,,UNMATCHED
Génépi,1,1,UNMATCHED,,,,,UNMATCHED
Hair Pomade,1,1,UNMATCHED,,,,,UNMATCHED
Ham,1,1,UNMATCHED,,,,,UNMATCHED
Hamanasu,1,1,UNMATCHED,,,,,UNMATCHED
Hawaiian Fruits,1,1,UNMATCHED,,,,,UNMATCHED
Hi-Fi,1,1,UNMATCHED,,,,,UNMATCHED
Himalayan Geranium,1,1,UNMATCHED,,,,,UNMATCHED
Horsepower,1,1,UNMATCHED,,,,,UNMATCHED
Huang Lian,1,1,UNMATCHED,,,,,UNMATCHED
Ice Wine,1,1,UNMATCHED,,,,,UNMATCHED
Inkstick,1,1,UNMATCHED,,,,,UNMATCHED
Isabella Grape,1,1,UNMATCHED,,,,,UNMATCHED
Jambu,1,1,UNMATCHED,,,Jambu oleoresin,,CANDIDATE_ONLY
Japanese Bamboo Leaf,1,1,UNMATCHED,,,,,UNMATCHED
Japanese Gardenia,1,1,UNMATCHED,,,,,UNMATCHED
Jarana Flower,1,1,UNMATCHED,,,,,UNMATCHED
Jin Xuan tea leaves,1,1,UNMATCHED,,,,,UNMATCHED
Kabosu,1,1,UNMATCHED,,,,,UNMATCHED
Kaempferia Galanga,1,1,UNMATCHED,,,Kaempferia galanga root CO2 extract,,CANDIDATE_ONLY
Kava Drink,1,1,UNMATCHED,,,,,UNMATCHED
Keemun Tea,1,1,UNMATCHED,,,,,UNMATCHED
Kenya Rosewood,1,1,UNMATCHED,,,,,UNMATCHED
Kiwi Jam,1,1,UNMATCHED,,,,,UNMATCHED
Kombucha,1,1,UNMATCHED,,,,,UNMATCHED
Kowhai,1,1,UNMATCHED,,,,,UNMATCHED
Kunafa,1,1,UNMATCHED,,,,,UNMATCHED
Lace,1,1,UNMATCHED,,,,,UNMATCHED
Lamduan Flower,1,1,UNMATCHED,,,,,UNMATCHED
Laurissilva Forest,1,1,UNMATCHED,,,,,UNMATCHED
Ledum,1,1,UNMATCHED,,,,,UNMATCHED
Limnophila aromatica,1,1,UNMATCHED,,,,,UNMATCHED
Lishan Tea,1,1,UNMATCHED,,,,,UNMATCHED
Little Doll Strawberry,1,1,UNMATCHED,,,,,UNMATCHED
Lollipop,1,1,UNMATCHED,,,,,UNMATCHED
MELBATONE Melbaton,1,1,UNMATCHED,,,,,UNMATCHED
Ma-Kwaen,1,1,UNMATCHED,,,,,UNMATCHED
Macadamia Flower,1,1,UNMATCHED,,,,,UNMATCHED
Madonna Lily,1,1,UNMATCHED,,,,,UNMATCHED
Mandarin Orange Blossom,1,1,UNMATCHED,,,,,UNMATCHED
Maqui Berry,1,1,UNMATCHED,,,,,UNMATCHED
Mayonnaise Accord,1,1,UNMATCHED,,,,,UNMATCHED
Me bsangs,1,1,UNMATCHED,,,,,UNMATCHED
Mesquite,1,1,UNMATCHED,,,,,UNMATCHED
Midori,1,1,UNMATCHED,,,,,UNMATCHED
Millet,1,1,UNMATCHED,,,,,UNMATCHED
Mimusops elengi,1,1,UNMATCHED,,,,,UNMATCHED
Miswak,1,1,UNMATCHED,,,,,UNMATCHED
Morning Glory Flower,1,1,UNMATCHED,,,,,UNMATCHED
Moss flox,1,1,UNMATCHED,,,,,UNMATCHED
Moxalone,1,1,UNMATCHED,,,,,UNMATCHED
Mulberry plant,1,1,UNMATCHED,,,,,UNMATCHED
Nalca,1,1,UNMATCHED,,,,,UNMATCHED
Naswar,1,1,UNMATCHED,,,,,UNMATCHED
Neem,1,1,UNMATCHED,,,,,UNMATCHED
Neem tree,1,1,UNMATCHED,,,,,UNMATCHED
Nemophila,1,1,UNMATCHED,,,,,UNMATCHED
Obsidial ®,1,1,UNMATCHED,,,,,UNMATCHED
Old Furniture,1,1,UNMATCHED,,,,,UNMATCHED
Olive flower,1,1,UNMATCHED,,,,,UNMATCHED
Orange Gelato,1,1,UNMATCHED,,,,,UNMATCHED
Orange Jasmine,1,1,UNMATCHED,,,,,UNMATCHED
Orange Marmalade,1,1,UNMATCHED,,,,,UNMATCHED
Orchid Black Diamond,1,1,UNMATCHED,,,,,UNMATCHED
Ornithogalum,1,1,UNMATCHED,,,,,UNMATCHED
Oud Butter,1,1,UNMATCHED,,,,,UNMATCHED
Oud Sumatra,1,1,UNMATCHED,,,,,UNMATCHED
Ouzo,1,1,UNMATCHED,,,,,UNMATCHED
Palo Verde Tree,1,1,UNMATCHED,,,,,UNMATCHED
Pan Di Spagna,1,1,UNMATCHED,,,,,UNMATCHED
Pandoro,1,1,UNMATCHED,,,,,UNMATCHED
Papaya Blossom,1,1,UNMATCHED,,,,,UNMATCHED
Paper Mulberry,1,1,UNMATCHED,,,,,UNMATCHED
Paprika Leaf,1,1,UNMATCHED,,,,,UNMATCHED
Paraguayan Green Sandalwood,1,1,UNMATCHED,,,,,UNMATCHED
Pear Juice,1,1,UNMATCHED,,,,,UNMATCHED
Pharaone®,1,1,UNMATCHED,,,,,UNMATCHED
Phoebe zhennan,1,1,UNMATCHED,,,,,UNMATCHED
Pikul Flower,1,1,UNMATCHED,,,,,UNMATCHED
Pinesap,1,1,UNMATCHED,,,,,UNMATCHED
Pinwheel Flower,1,1,UNMATCHED,,,,,UNMATCHED
Pistachio Liquer,1,1,UNMATCHED,,,,,UNMATCHED
Pitahaya Flower,1,1,UNMATCHED,,,,,UNMATCHED
Pizza,1,1,UNMATCHED,,,,,UNMATCHED
Plasma,1,1,UNMATCHED,,,,,UNMATCHED
Plum Brandy,1,1,UNMATCHED,,,,,UNMATCHED
Poivrol,1,1,UNMATCHED,,,,,UNMATCHED
Pokan,1,1,UNMATCHED,,,,,UNMATCHED
Porcelain clay,1,1,UNMATCHED,,,,,UNMATCHED
Portlandia,1,1,UNMATCHED,,,,,UNMATCHED
Priest’s Clothes,1,1,UNMATCHED,,,,,UNMATCHED
Profiterole,1,1,UNMATCHED,,,,,UNMATCHED
Protea,1,1,UNMATCHED,,,,,UNMATCHED
Pua keni keni (Pua-lulu),1,1,UNMATCHED,,,,,UNMATCHED
Pumpkin Pie,1,1,UNMATCHED,,,,,UNMATCHED
Purslane,1,1,UNMATCHED,,,,,UNMATCHED
Quandong Desert Peach,1,1,UNMATCHED,,,,,UNMATCHED
Raspberry leaf,1,1,UNMATCHED,,,,,UNMATCHED
Ravello Rose,1,1,UNMATCHED,,,,,UNMATCHED
Red Lantern,1,1,UNMATCHED,,,,,UNMATCHED
Red Nectarine,1,1,UNMATCHED,,,,,UNMATCHED
Rhizoma Atractylodis,1,1,UNMATCHED,,,,,UNMATCHED
Ricotta,1,1,UNMATCHED,,,,,UNMATCHED
Rocket fuel,1,1,UNMATCHED,,,,,UNMATCHED
Root Beer,1,1,UNMATCHED,,,,,UNMATCHED
Rose Juliette Greco,1,1,UNMATCHED,,,,,UNMATCHED
Roseroot,1,1,UNMATCHED,,,,,UNMATCHED
Sabah Snake Grass,1,1,UNMATCHED,,,,,UNMATCHED
Sacher Torte,1,1,UNMATCHED,,,,,UNMATCHED
Safrole,1,1,UNMATCHED,,,,,UNMATCHED
Sainfoins,1,1,UNMATCHED,,,,,UNMATCHED
Salmiak salt,1,1,UNMATCHED,,,,,UNMATCHED
Saman,1,1,UNMATCHED,,,,,UNMATCHED
Sansevieria,1,1,UNMATCHED,,,,,UNMATCHED
SantamanolTM,1,1,UNMATCHED,,,,,UNMATCHED
Santol,1,1,UNMATCHED,,,,,UNMATCHED
Scone,1,1,UNMATCHED,,,,,UNMATCHED
Sea Shells,1,1,UNMATCHED,,,,,UNMATCHED
Sea cucumber,1,1,UNMATCHED,,,,,UNMATCHED
Selaginella tamariscina,1,1,UNMATCHED,,,,,UNMATCHED
Senecio,1,1,UNMATCHED,,,,,UNMATCHED
Serrano Pepper,1,1,UNMATCHED,,,,,UNMATCHED
Sex on the beach,1,1,UNMATCHED,,,,,UNMATCHED
Shiikuwasha,1,1,UNMATCHED,,,,,UNMATCHED
Siam Cardamom,1,1,UNMATCHED,,,,,UNMATCHED
Silverberry,1,1,UNMATCHED,,,,,UNMATCHED
Siriuba Tree,1,1,UNMATCHED,,,,,UNMATCHED
Sisal Rope,1,1,UNMATCHED,,,,,UNMATCHED
Skeleton Flower,1,1,UNMATCHED,,,,,UNMATCHED
Snake Plant,1,1,UNMATCHED,,,,,UNMATCHED
Snakeroot,1,1,UNMATCHED,,,,,UNMATCHED
Soapwort,1,1,UNMATCHED,,,,,UNMATCHED
Solomon's Seal,1,1,UNMATCHED,,,,,UNMATCHED
Sorghum,1,1,UNMATCHED,,,,,UNMATCHED
Sour Cream,1,1,UNMATCHED,,,,,UNMATCHED
Sour Milk,1,1,UNMATCHED,,,,,UNMATCHED
Spiranol,1,1,UNMATCHED,,,,,UNMATCHED
Star Magnolia,1,1,UNMATCHED,,,,,UNMATCHED
Starburst Candy,1,1,UNMATCHED,,,,,UNMATCHED
Strawberry Plant,1,1,UNMATCHED,,,,,UNMATCHED
Strawberry Yogurt,1,1,UNMATCHED,,,,,UNMATCHED
SublimolideTM,1,1,UNMATCHED,,,,,UNMATCHED
Sugar Candy,1,1,UNMATCHED,,,,,UNMATCHED
SugarLoaf Pineapple,1,1,UNMATCHED,,,,,UNMATCHED
Swartzia,1,1,UNMATCHED,,,,,UNMATCHED
Tanghulu,1,1,UNMATCHED,,,,,UNMATCHED
Terebinth Tree,1,1,UNMATCHED,,,,,UNMATCHED
Thai Tea,1,1,UNMATCHED,,,,,UNMATCHED
Tibetan Moss,1,1,UNMATCHED,,,,,UNMATCHED
Tieguanyin Tea,1,1,UNMATCHED,,,,,UNMATCHED
Tomato Sauce,1,1,UNMATCHED,,,,,UNMATCHED
Toothpaste,1,1,UNMATCHED,,,,,UNMATCHED
Tres Leches,1,1,UNMATCHED,,,,,UNMATCHED
Triple Sec,1,1,UNMATCHED,,,,,UNMATCHED
Tropical Notes,1,1,UNMATCHED,,,,,UNMATCHED
Tropézienne Tarte,1,1,UNMATCHED,,,,,UNMATCHED
Tucumã,1,1,UNMATCHED,,,,,UNMATCHED
Tupig,1,1,UNMATCHED,,,,,UNMATCHED
Tussilago farfara,1,1,UNMATCHED,,,,,UNMATCHED
Ube,1,1,UNMATCHED,,,,,UNMATCHED
Umami,1,1,UNMATCHED,,,,,UNMATCHED
Vanilla Macaroon,1,1,UNMATCHED,,,,,UNMATCHED
Waratah,1,1,UNMATCHED,,,,,UNMATCHED
Western Honey Bee,1,1,UNMATCHED,,,,,UNMATCHED
Western redcedar,1,1,UNMATCHED,,,,,UNMATCHED
White Lace Flower,1,1,UNMATCHED,,,,,UNMATCHED
White Meranti,1,1,UNMATCHED,,,,,UNMATCHED
White Mulberry,1,1,UNMATCHED,,,,,UNMATCHED
Whoopie Pie,1,1,UNMATCHED,,,,,UNMATCHED
Wild garlic leaf,1,1,UNMATCHED,,,,,UNMATCHED
Winter Tea,1,1,UNMATCHED,,,,,UNMATCHED
Wisteria Petals,1,1,UNMATCHED,,,,,UNMATCHED
Yellow Bells,1,1,UNMATCHED,,,,,UNMATCHED
Yellow Cherry,1,1,UNMATCHED,,,,,UNMATCHED
Yellow Poppy,1,1,UNMATCHED,,,,,UNMATCHED
Yohimbe,1,1,UNMATCHED,,,,,UNMATCHED
Yuca Cassava,1,1,UNMATCHED,,,,,UNMATCHED
Yunnan Osmanthus,1,1,UNMATCHED,,,,,UNMATCHED
Z-11 HD,1,1,UNMATCHED,,,,,UNMATCHED
Zucchini,1,1,UNMATCHED,,,,,UNMATCHED
deadnettle,1,1,UNMATCHED,,,,,UNMATCHED
hassaku,1,1,UNMATCHED,,,,,UNMATCHED
peyote,1,1,UNMATCHED,,,,,UNMATCHED
