query_id,arm,perfume_id,조건,검색,target_n,후보 수,5위 동점,결과 부족,검색 불가,random_expect,P@5_strict,P@5_loose,hit,rr
A-6-1,A,6,c1,hard,1,81432,19825,0,0,0.010395,0.2,0.2,0,0.0
A-6-1,A,6,c1,soft,1,81432,19825,0,0,0.010395,0.2,0.2,0,0.0
A-6-1,A,6,c2,hard,3,184,1,0,0,0.010395,0.2,0.6,0,0.0
A-6-1,A,6,c2,soft,3,98541,6,0,0,0.010395,0.0,0.4,0,0.0
A-6-1,A,6,c3,hard,3,184,1,0,0,0.010395,0.2,0.6,0,0.0
A-6-1,A,6,c3,soft,3,98541,6,0,0,0.010395,0.0,0.4,0,0.0
A-6-2,A,6,c1,hard,1,46586,8553,0,0,0.010395,0.0,0.2,0,0.0
A-6-2,A,6,c1,soft,1,46586,8553,0,0,0.010395,0.0,0.2,0,0.0
A-6-2,A,6,c2,hard,4,33,1,0,0,0.010395,0.0,0.2,0,0.0
A-6-2,A,6,c2,soft,4,65709,1,0,0,0.010395,0.0,0.0,0,0.0
A-6-2,A,6,c3,hard,4,33,1,0,0,0.010395,0.0,0.2,0,0.0
A-6-2,A,6,c3,soft,4,65709,1,0,0,0.010395,0.0,0.0,0,0.0
A-6-3,A,6,c1,hard,0,0,0,1,1,0.010395,0.0,0.0,0,0.0
A-6-3,A,6,c1,soft,0,0,0,1,1,0.010395,0.0,0.0,0,0.0
A-6-3,A,6,c2,hard,0,0,0,1,1,0.010395,0.0,0.0,0,0.0
A-6-3,A,6,c2,soft,0,0,0,1,1,0.010395,0.0,0.0,0,0.0
A-6-3,A,6,c3,hard,0,0,0,1,1,0.010395,0.0,0.0,0,0.0
A-6-3,A,6,c3,soft,0,0,0,1,1,0.010395,0.0,0.0,0,0.0
A-19-1,A,19,c1,hard,3,2769,1,0,0,0.000221,1.0,1.0,0,0.0
A-19-1,A,19,c1,soft,3,105000,1,0,0,0.000221,1.0,1.0,0,0.0
A-19-1,A,19,c2,hard,3,2769,1,0,0,0.000221,1.0,1.0,0,0.0
A-19-1,A,19,c2,soft,3,105000,1,0,0,0.000221,1.0,1.0,0,0.0
A-19-1,A,19,c3,hard,4,0,0,1,1,0.000221,0.0,0.0,0,0.0
A-19-1,A,19,c3,soft,4,105003,1,0,0,0.000221,1.0,1.0,0,0.0
A-19-2,A,19,c1,hard,3,2769,1,0,0,0.000221,1.0,1.0,0,0.0
A-19-2,A,19,c1,soft,3,105000,1,0,0,0.000221,1.0,1.0,0,0.0
A-19-2,A,19,c2,hard,3,2769,1,0,0,0.000221,1.0,1.0,0,0.0
A-19-2,A,19,c2,soft,3,105000,1,0,0,0.000221,1.0,1.0,0,0.0
A-19-2,A,19,c3,hard,3,2769,1,0,0,0.000221,1.0,1.0,0,0.0
A-19-2,A,19,c3,soft,3,105000,1,0,0,0.000221,1.0,1.0,0,0.0
A-19-3,A,19,c1,hard,3,6044,3,0,0,0.000221,0.6,0.8,0,0.0
A-19-3,A,19,c1,soft,3,103513,3,0,0,0.000221,0.6,0.8,0,0.0
A-19-3,A,19,c2,hard,3,6044,3,0,0,0.000221,0.6,0.8,0,0.0
A-19-3,A,19,c2,soft,3,103513,3,0,0,0.000221,0.6,0.8,0,0.0
A-19-3,A,19,c3,hard,3,6044,3,0,0,0.000221,0.6,0.8,0,0.0
A-19-3,A,19,c3,soft,3,103513,3,0,0,0.000221,0.6,0.8,0,0.0
A-28-1,A,28,c1,hard,2,34582,118,0,0,0.000802,0.0,0.2,0,0.0
A-28-1,A,28,c1,soft,2,92169,118,0,0,0.000802,0.0,0.2,0,0.0
A-28-1,A,28,c2,hard,2,34582,118,0,0,0.000802,0.0,0.2,0,0.0
A-28-1,A,28,c2,soft,2,92169,118,0,0,0.000802,0.0,0.2,0,0.0
A-28-1,A,28,c3,hard,2,34582,118,0,0,0.000802,0.0,0.2,0,0.0
A-28-1,A,28,c3,soft,2,92169,118,0,0,0.000802,0.0,0.2,0,0.0
A-28-2,A,28,c1,hard,2,4,4,0,0,0.000802,0.25,0.75,0,0.0
A-28-2,A,28,c1,soft,2,43226,10246,0,0,0.000802,0.2,0.8,0,0.0
A-28-2,A,28,c2,hard,2,4,4,0,0,0.000802,0.25,0.75,0,0.0
A-28-2,A,28,c2,soft,2,43226,10246,0,0,0.000802,0.2,0.8,0,0.0
A-28-2,A,28,c3,hard,3,1,1,1,0,0.000802,1.0,1.0,0,0.0
A-28-2,A,28,c3,soft,3,101127,143,0,0,0.000802,0.4,1.0,0,0.0
A-28-3,A,28,c1,hard,2,23528,143,0,0,0.000802,0.4,1.0,0,0.0
A-28-3,A,28,c1,soft,2,101126,143,0,0,0.000802,0.4,1.0,0,0.0
A-28-3,A,28,c2,hard,4,610,1,0,0,0.000802,0.0,1.0,0,0.0
A-28-3,A,28,c2,soft,4,114790,1,0,0,0.000802,0.0,1.0,0,0.0
A-28-3,A,28,c3,hard,5,168,2,0,0,0.000802,1.0,1.0,0,0.0
A-28-3,A,28,c3,soft,5,118827,2,0,0,0.000802,1.0,1.0,0,0.0
A-57-1,A,57,c1,hard,2,4359,2,0,0,0.000222,0.6,0.8,0,0.0
A-57-1,A,57,c1,soft,2,64217,2,0,0,0.000222,0.6,0.8,0,0.0
A-57-1,A,57,c2,hard,2,4359,2,0,0,0.000222,0.6,0.8,0,0.0
A-57-1,A,57,c2,soft,2,64217,2,0,0,0.000222,0.6,0.8,0,0.0
A-57-1,A,57,c3,hard,2,4359,2,0,0,0.000222,0.6,0.8,0,0.0
A-57-1,A,57,c3,soft,2,64217,2,0,0,0.000222,0.6,0.8,0,0.0
A-57-2,A,57,c1,hard,1,59969,17736,0,0,0.000222,0.8,1.0,0,0.0
A-57-2,A,57,c1,soft,1,59969,17736,0,0,0.000222,0.8,1.0,0,0.0
A-57-2,A,57,c2,hard,1,59969,17736,0,0,0.000222,0.8,1.0,0,0.0
A-57-2,A,57,c2,soft,1,59969,17736,0,0,0.000222,0.8,1.0,0,0.0
A-57-2,A,57,c3,hard,1,59969,17736,0,0,0.000222,0.8,1.0,0,0.0
A-57-2,A,57,c3,soft,1,59969,17736,0,0,0.000222,0.8,1.0,0,0.0
A-57-3,A,57,c1,hard,1,59969,17736,0,0,0.000222,0.8,1.0,0,0.0
A-57-3,A,57,c1,soft,1,59969,17736,0,0,0.000222,0.8,1.0,0,0.0
A-57-3,A,57,c2,hard,1,59969,17736,0,0,0.000222,0.8,1.0,0,0.0
A-57-3,A,57,c2,soft,1,59969,17736,0,0,0.000222,0.8,1.0,0,0.0
A-57-3,A,57,c3,hard,2,19255,105,0,0,0.000222,0.2,0.6,0,0.0
A-57-3,A,57,c3,soft,2,83936,105,0,0,0.000222,0.2,0.6,0,0.0
A-271-1,A,271,c1,hard,4,132,1,0,0,0.001506,0.4,1.0,0,0.0
A-271-1,A,271,c1,soft,4,84448,1,0,0,0.001506,0.4,1.0,0,0.0
A-271-1,A,271,c2,hard,6,0,0,1,1,0.001506,0.0,0.0,0,0.0
A-271-1,A,271,c2,soft,6,101979,1,0,0,0.001506,0.2,1.0,0,0.0
A-271-1,A,271,c3,hard,6,0,0,1,1,0.001506,0.0,0.0,0,0.0
A-271-1,A,271,c3,soft,6,101979,1,0,0,0.001506,0.2,1.0,0,0.0
A-271-2,A,271,c1,hard,0,0,0,1,1,0.001506,0.0,0.0,0,0.0
A-271-2,A,271,c1,soft,0,0,0,1,1,0.001506,0.0,0.0,0,0.0
A-271-2,A,271,c2,hard,0,0,0,1,1,0.001506,0.0,0.0,0,0.0
A-271-2,A,271,c2,soft,0,0,0,1,1,0.001506,0.0,0.0,0,0.0
A-271-2,A,271,c3,hard,1,43222,10246,0,0,0.001506,0.0,0.8,0,0.0
A-271-2,A,271,c3,soft,1,43222,10246,0,0,0.001506,0.0,0.8,0,0.0
A-271-3,A,271,c1,hard,2,1143,2,0,0,0.001506,0.6,0.6,0,0.0
A-271-3,A,271,c1,soft,2,50686,2,0,0,0.001506,0.6,0.6,0,0.0
A-271-3,A,271,c2,hard,4,9,1,0,0,0.001506,0.0,0.6,0,0.0
A-271-3,A,271,c2,soft,4,78808,1,0,0,0.001506,0.2,0.4,0,0.0
A-271-3,A,271,c3,hard,4,9,1,0,0,0.001506,0.0,0.6,0,0.0
A-271-3,A,271,c3,soft,4,78808,1,0,0,0.001506,0.2,0.4,0,0.0
A-284-1,A,284,c1,hard,3,12834,28,0,0,0.010395,0.2,1.0,0,0.0
A-284-1,A,284,c1,soft,3,110406,28,0,0,0.010395,0.2,1.0,0,0.0
A-284-1,A,284,c2,hard,3,12834,28,0,0,0.010395,0.2,1.0,0,0.0
A-284-1,A,284,c2,soft,3,110406,28,0,0,0.010395,0.2,1.0,0,0.0
A-284-1,A,284,c3,hard,3,12834,28,0,0,0.010395,0.2,1.0,0,0.0
A-284-1,A,284,c3,soft,3,110406,28,0,0,0.010395,0.2,1.0,0,0.0
A-284-2,A,284,c1,hard,3,6193,1,0,0,0.010395,0.0,0.2,0,0.0
A-284-2,A,284,c1,soft,3,108778,1,0,0,0.010395,0.0,0.2,0,0.0
A-284-2,A,284,c2,hard,3,6193,1,0,0,0.010395,0.0,0.2,0,0.0
A-284-2,A,284,c2,soft,3,108778,1,0,0,0.010395,0.0,0.2,0,0.0
A-284-2,A,284,c3,hard,3,6193,1,0,0,0.010395,0.0,0.2,0,0.0
A-284-2,A,284,c3,soft,3,108778,1,0,0,0.010395,0.0,0.2,0,0.0
A-284-3,A,284,c1,hard,2,38224,329,0,0,0.010395,0.0,0.4,0,0.0
A-284-3,A,284,c1,soft,2,103177,329,0,0,0.010395,0.0,0.4,0,0.0
A-284-3,A,284,c2,hard,2,38224,329,0,0,0.010395,0.0,0.4,0,0.0
A-284-3,A,284,c2,soft,2,103177,329,0,0,0.010395,0.0,0.4,0,0.0
A-284-3,A,284,c3,hard,2,38224,329,0,0,0.010395,0.0,0.4,0,0.0
A-284-3,A,284,c3,soft,2,103177,329,0,0,0.010395,0.0,0.4,0,0.0
A-619-1,A,619,c1,hard,1,59969,17736,0,0,0.000386,0.2,1.0,0,0.0
A-619-1,A,619,c1,soft,1,59969,17736,0,0,0.000386,0.2,1.0,0,0.0
A-619-1,A,619,c2,hard,1,59969,17736,0,0,0.000386,0.2,1.0,0,0.0
A-619-1,A,619,c2,soft,1,59969,17736,0,0,0.000386,0.2,1.0,0,0.0
A-619-1,A,619,c3,hard,2,38224,329,0,0,0.000386,0.2,0.4,0,0.0
A-619-1,A,619,c3,soft,2,103177,329,0,0,0.000386,0.2,0.4,0,0.0
A-619-2,A,619,c1,hard,3,2769,1,0,0,0.000386,0.2,1.0,0,0.0
A-619-2,A,619,c1,soft,3,105000,1,0,0,0.000386,0.2,1.0,0,0.0
A-619-2,A,619,c2,hard,3,2769,1,0,0,0.000386,0.2,1.0,0,0.0
A-619-2,A,619,c2,soft,3,105000,1,0,0,0.000386,0.2,1.0,0,0.0
A-619-2,A,619,c3,hard,3,2769,1,0,0,0.000386,0.2,1.0,0,0.0
A-619-2,A,619,c3,soft,3,105000,1,0,0,0.000386,0.2,1.0,0,0.0
A-619-3,A,619,c1,hard,0,0,0,1,1,0.000386,0.0,0.0,0,0.0
A-619-3,A,619,c1,soft,0,0,0,1,1,0.000386,0.0,0.0,0,0.0
A-619-3,A,619,c2,hard,0,0,0,1,1,0.000386,0.0,0.0,0,0.0
A-619-3,A,619,c2,soft,0,0,0,1,1,0.000386,0.0,0.0,0,0.0
A-619-3,A,619,c3,hard,0,0,0,1,1,0.000386,0.0,0.0,0,0.0
A-619-3,A,619,c3,soft,0,0,0,1,1,0.000386,0.0,0.0,0,0.0
A-756-1,A,756,c1,hard,1,59969,17736,0,0,0.000221,0.6,1.0,0,0.0
A-756-1,A,756,c1,soft,1,59969,17736,0,0,0.000221,0.6,1.0,0,0.0
A-756-1,A,756,c2,hard,1,59969,17736,0,0,0.000221,0.6,1.0,0,0.0
A-756-1,A,756,c2,soft,1,59969,17736,0,0,0.000221,0.6,1.0,0,0.0
A-756-1,A,756,c3,hard,1,59969,17736,0,0,0.000221,0.6,1.0,0,0.0
A-756-1,A,756,c3,soft,1,59969,17736,0,0,0.000221,0.6,1.0,0,0.0
A-756-2,A,756,c1,hard,1,59969,17736,0,0,0.000221,0.6,1.0,0,0.0
A-756-2,A,756,c1,soft,1,59969,17736,0,0,0.000221,0.6,1.0,0,0.0
A-756-2,A,756,c2,hard,1,59969,17736,0,0,0.000221,0.6,1.0,0,0.0
A-756-2,A,756,c2,soft,1,59969,17736,0,0,0.000221,0.6,1.0,0,0.0
A-756-2,A,756,c3,hard,1,59969,17736,0,0,0.000221,0.6,1.0,0,0.0
A-756-2,A,756,c3,soft,1,59969,17736,0,0,0.000221,0.6,1.0,0,0.0
A-756-3,A,756,c1,hard,3,2769,1,0,0,0.000221,1.0,1.0,0,0.0
A-756-3,A,756,c1,soft,3,105000,1,0,0,0.000221,1.0,1.0,0,0.0
A-756-3,A,756,c2,hard,3,2769,1,0,0,0.000221,1.0,1.0,0,0.0
A-756-3,A,756,c2,soft,3,105000,1,0,0,0.000221,1.0,1.0,0,0.0
A-756-3,A,756,c3,hard,3,2769,1,0,0,0.000221,1.0,1.0,0,0.0
A-756-3,A,756,c3,soft,3,105000,1,0,0,0.000221,1.0,1.0,0,0.0
A-1067-1,A,1067,c1,hard,3,0,0,1,1,0.000299,0.0,0.0,0,0.0
A-1067-1,A,1067,c1,soft,3,82255,3,0,0,0.000299,0.2,0.8,0,0.0
A-1067-1,A,1067,c2,hard,3,0,0,1,1,0.000299,0.0,0.0,0,0.0
A-1067-1,A,1067,c2,soft,3,82255,3,0,0,0.000299,0.2,0.8,0,0.0
A-1067-1,A,1067,c3,hard,3,0,0,1,1,0.000299,0.0,0.0,0,0.0
A-1067-1,A,1067,c3,soft,3,82255,3,0,0,0.000299,0.2,0.8,0,0.0
A-1067-2,A,1067,c1,hard,2,996,3,0,0,0.000299,0.2,0.8,0,0.0
A-1067-2,A,1067,c1,soft,2,82251,3,0,0,0.000299,0.2,0.8,0,0.0
A-1067-2,A,1067,c2,hard,2,996,3,0,0,0.000299,0.2,0.8,0,0.0
A-1067-2,A,1067,c2,soft,2,82251,3,0,0,0.000299,0.2,0.8,0,0.0
A-1067-2,A,1067,c3,hard,3,0,0,1,1,0.000299,0.0,0.0,0,0.0
A-1067-2,A,1067,c3,soft,3,82255,3,0,0,0.000299,0.2,0.8,0,0.0
A-1067-3,A,1067,c1,hard,2,996,3,0,0,0.000299,0.2,0.8,0,0.0
A-1067-3,A,1067,c1,soft,2,82251,3,0,0,0.000299,0.2,0.8,0,0.0
A-1067-3,A,1067,c2,hard,2,996,3,0,0,0.000299,0.2,0.8,0,0.0
A-1067-3,A,1067,c2,soft,2,82251,3,0,0,0.000299,0.2,0.8,0,0.0
A-1067-3,A,1067,c3,hard,2,996,3,0,0,0.000299,0.2,0.8,0,0.0
A-1067-3,A,1067,c3,soft,2,82251,3,0,0,0.000299,0.2,0.8,0,0.0
A-1158-1,A,1158,c1,hard,2,11743,9,0,0,0.000566,0.6,1.0,0,0.0
A-1158-1,A,1158,c1,soft,2,73843,9,0,0,0.000566,0.6,1.0,0,0.0
A-1158-1,A,1158,c2,hard,2,11743,9,0,0,0.000566,0.6,1.0,0,0.0
A-1158-1,A,1158,c2,soft,2,73843,9,0,0,0.000566,0.6,1.0,0,0.0
A-1158-1,A,1158,c3,hard,2,11743,9,0,0,0.000566,0.6,1.0,0,0.0
A-1158-1,A,1158,c3,soft,2,73843,9,0,0,0.000566,0.6,1.0,0,0.0
A-1158-2,A,1158,c1,hard,0,0,0,1,1,0.000566,0.0,0.0,0,0.0
A-1158-2,A,1158,c1,soft,0,0,0,1,1,0.000566,0.0,0.0,0,0.0
A-1158-2,A,1158,c2,hard,0,0,0,1,1,0.000566,0.0,0.0,0,0.0
A-1158-2,A,1158,c2,soft,0,0,0,1,1,0.000566,0.0,0.0,0,0.0
A-1158-2,A,1158,c3,hard,0,0,0,1,1,0.000566,0.0,0.0,0,0.0
A-1158-2,A,1158,c3,soft,0,0,0,1,1,0.000566,0.0,0.0,0,0.0
A-1158-3,A,1158,c1,hard,0,0,0,1,1,0.000566,0.0,0.0,0,0.0
A-1158-3,A,1158,c1,soft,0,0,0,1,1,0.000566,0.0,0.0,0,0.0
A-1158-3,A,1158,c2,hard,0,0,0,1,1,0.000566,0.0,0.0,0,0.0
A-1158-3,A,1158,c2,soft,0,0,0,1,1,0.000566,0.0,0.0,0,0.0
A-1158-3,A,1158,c3,hard,0,0,0,1,1,0.000566,0.0,0.0,0,0.0
A-1158-3,A,1158,c3,soft,0,0,0,1,1,0.000566,0.0,0.0,0,0.0
A-1352-1,A,1352,c1,hard,3,15437,4,0,0,0.001777,0.0,1.0,0,0.0
A-1352-1,A,1352,c1,soft,3,114734,4,0,0,0.001777,0.0,1.0,0,0.0
A-1352-1,A,1352,c2,hard,4,610,1,0,0,0.001777,0.0,1.0,0,0.0
A-1352-1,A,1352,c2,soft,4,114790,1,0,0,0.001777,0.0,1.0,0,0.0
A-1352-1,A,1352,c3,hard,4,610,1,0,0,0.001777,0.0,1.0,0,0.0
A-1352-1,A,1352,c3,soft,4,114790,1,0,0,0.001777,0.0,1.0,0,0.0
A-1352-2,A,1352,c1,hard,3,12544,2,0,0,0.001777,0.0,1.0,0,0.0
A-1352-2,A,1352,c1,soft,3,101404,2,0,0,0.001777,0.0,1.0,0,0.0
A-1352-2,A,1352,c2,hard,4,544,1,0,0,0.001777,0.2,1.0,0,0.0
A-1352-2,A,1352,c2,soft,4,101550,1,0,0,0.001777,0.2,1.0,0,0.0
A-1352-2,A,1352,c3,hard,5,0,0,1,1,0.001777,0.0,0.0,0,0.0
A-1352-2,A,1352,c3,soft,5,101552,1,0,0,0.001777,0.2,1.0,0,0.0
A-1352-3,A,1352,c1,hard,3,12544,2,0,0,0.001777,0.0,1.0,0,0.0
A-1352-3,A,1352,c1,soft,3,101404,2,0,0,0.001777,0.0,1.0,0,0.0
A-1352-3,A,1352,c2,hard,4,544,1,0,0,0.001777,0.2,1.0,0,0.0
A-1352-3,A,1352,c2,soft,4,101550,1,0,0,0.001777,0.2,1.0,0,0.0
A-1352-3,A,1352,c3,hard,4,544,1,0,0,0.001777,0.2,1.0,0,0.0
A-1352-3,A,1352,c3,soft,4,101550,1,0,0,0.001777,0.2,1.0,0,0.0
A-1475-1,A,1475,c1,hard,2,1818,37,0,0,0.000696,0.0,0.2,0,0.0
A-1475-1,A,1475,c1,soft,2,41080,37,0,0,0.000696,0.0,0.2,0,0.0
A-1475-1,A,1475,c2,hard,2,1818,37,0,0,0.000696,0.0,0.2,0,0.0
A-1475-1,A,1475,c2,soft,2,41080,37,0,0,0.000696,0.0,0.2,0,0.0
A-1475-1,A,1475,c3,hard,2,1818,37,0,0,0.000696,0.0,0.2,0,0.0
A-1475-1,A,1475,c3,soft,2,41080,37,0,0,0.000696,0.0,0.2,0,0.0
A-1475-2,A,1475,c1,hard,2,9608,94,0,0,0.000696,0.0,0.6,0,0.0
A-1475-2,A,1475,c1,soft,2,71540,94,0,0,0.000696,0.0,0.6,0,0.0
A-1475-2,A,1475,c2,hard,4,344,2,0,0,0.000696,0.0,0.0,0,0.0
A-1475-2,A,1475,c2,soft,4,92530,2,0,0,0.000696,0.0,0.0,0,0.0
A-1475-2,A,1475,c3,hard,5,0,0,1,1,0.000696,0.0,0.0,0,0.0
A-1475-2,A,1475,c3,soft,5,92531,2,0,0,0.000696,0.0,0.0,0,0.0
A-1475-3,A,1475,c1,hard,2,2793,2,0,0,0.000696,0.0,0.4,0,0.0
A-1475-3,A,1475,c1,soft,2,68428,2,0,0,0.000696,0.0,0.4,0,0.0
A-1475-3,A,1475,c2,hard,2,2793,2,0,0,0.000696,0.0,0.4,0,0.0
A-1475-3,A,1475,c2,soft,2,68428,2,0,0,0.000696,0.0,0.4,0,0.0
A-1475-3,A,1475,c3,hard,2,2793,2,0,0,0.000696,0.0,0.4,0,0.0
A-1475-3,A,1475,c3,soft,2,68428,2,0,0,0.000696,0.0,0.4,0,0.0
A-1485-1,A,1485,c1,hard,1,25617,4450,0,0,0.000878,0.6,1.0,0,0.0
A-1485-1,A,1485,c1,soft,1,25617,4450,0,0,0.000878,0.6,1.0,0,0.0
A-1485-1,A,1485,c2,hard,1,25617,4450,0,0,0.000878,0.6,1.0,0,0.0
A-1485-1,A,1485,c2,soft,1,25617,4450,0,0,0.000878,0.6,1.0,0,0.0
A-1485-1,A,1485,c3,hard,1,25617,4450,0,0,0.000878,0.6,1.0,0,0.0
A-1485-1,A,1485,c3,soft,1,25617,4450,0,0,0.000878,0.6,1.0,0,0.0
A-1485-2,A,1485,c1,hard,1,25617,4450,0,0,0.000878,0.6,1.0,0,0.0
A-1485-2,A,1485,c1,soft,1,25617,4450,0,0,0.000878,0.6,1.0,0,0.0
A-1485-2,A,1485,c2,hard,1,25617,4450,0,0,0.000878,0.6,1.0,0,0.0
A-1485-2,A,1485,c2,soft,1,25617,4450,0,0,0.000878,0.6,1.0,0,0.0
A-1485-2,A,1485,c3,hard,1,25617,4450,0,0,0.000878,0.6,1.0,0,0.0
A-1485-2,A,1485,c3,soft,1,25617,4450,0,0,0.000878,0.6,1.0,0,0.0
A-1485-3,A,1485,c1,hard,3,6193,1,0,0,0.000878,0.2,0.8,0,0.0
A-1485-3,A,1485,c1,soft,3,108778,1,0,0,0.000878,0.2,0.8,0,0.0
A-1485-3,A,1485,c2,hard,3,6193,1,0,0,0.000878,0.2,0.8,0,0.0
A-1485-3,A,1485,c2,soft,3,108778,1,0,0,0.000878,0.2,0.8,0,0.0
A-1485-3,A,1485,c3,hard,3,6193,1,0,0,0.000878,0.2,0.8,0,0.0
A-1485-3,A,1485,c3,soft,3,108778,1,0,0,0.000878,0.2,0.8,0,0.0
A-1673-1,A,1673,c1,hard,2,38224,329,0,0,0.00025,0.6,1.0,0,0.0
A-1673-1,A,1673,c1,soft,2,103177,329,0,0,0.00025,0.6,1.0,0,0.0
A-1673-1,A,1673,c2,hard,2,38224,329,0,0,0.00025,0.6,1.0,0,0.0
A-1673-1,A,1673,c2,soft,2,103177,329,0,0,0.00025,0.6,1.0,0,0.0
A-1673-1,A,1673,c3,hard,2,38224,329,0,0,0.00025,0.6,1.0,0,0.0
A-1673-1,A,1673,c3,soft,2,103177,329,0,0,0.00025,0.6,1.0,0,0.0
A-1673-2,A,1673,c1,hard,1,59969,17736,0,0,0.00025,0.4,1.0,0,0.0
A-1673-2,A,1673,c1,soft,1,59969,17736,0,0,0.00025,0.4,1.0,0,0.0
A-1673-2,A,1673,c2,hard,1,59969,17736,0,0,0.00025,0.4,1.0,0,0.0
A-1673-2,A,1673,c2,soft,1,59969,17736,0,0,0.00025,0.4,1.0,0,0.0
A-1673-2,A,1673,c3,hard,1,59969,17736,0,0,0.00025,0.4,1.0,0,0.0
A-1673-2,A,1673,c3,soft,1,59969,17736,0,0,0.00025,0.4,1.0,0,0.0
A-1673-3,A,1673,c1,hard,2,38224,329,0,0,0.00025,0.6,1.0,0,0.0
A-1673-3,A,1673,c1,soft,2,103177,329,0,0,0.00025,0.6,1.0,0,0.0
A-1673-3,A,1673,c2,hard,2,38224,329,0,0,0.00025,0.6,1.0,0,0.0
A-1673-3,A,1673,c2,soft,2,103177,329,0,0,0.00025,0.6,1.0,0,0.0
A-1673-3,A,1673,c3,hard,2,38224,329,0,0,0.00025,0.6,1.0,0,0.0
A-1673-3,A,1673,c3,soft,2,103177,329,0,0,0.00025,0.6,1.0,0,0.0
A-1681-1,A,1681,c1,hard,2,5692,38,0,0,0.000222,0.6,1.0,0,0.0
A-1681-1,A,1681,c1,soft,2,84076,38,0,0,0.000222,0.6,1.0,0,0.0
A-1681-1,A,1681,c2,hard,2,5692,38,0,0,0.000222,0.6,1.0,0,0.0
A-1681-1,A,1681,c2,soft,2,84076,38,0,0,0.000222,0.6,1.0,0,0.0
A-1681-1,A,1681,c3,hard,2,5692,38,0,0,0.000222,0.6,1.0,0,0.0
A-1681-1,A,1681,c3,soft,2,84076,38,0,0,0.000222,0.6,1.0,0,0.0
A-1681-2,A,1681,c1,hard,2,11743,9,0,0,0.000222,0.2,0.6,0,0.0
A-1681-2,A,1681,c1,soft,2,73843,9,0,0,0.000222,0.2,0.6,0,0.0
A-1681-2,A,1681,c2,hard,2,11743,9,0,0,0.000222,0.2,0.6,0,0.0
A-1681-2,A,1681,c2,soft,2,73843,9,0,0,0.000222,0.2,0.6,0,0.0
A-1681-2,A,1681,c3,hard,2,11743,9,0,0,0.000222,0.2,0.6,0,0.0
A-1681-2,A,1681,c3,soft,2,73843,9,0,0,0.000222,0.2,0.6,0,0.0
A-1681-3,A,1681,c1,hard,3,3265,15,0,0,0.000222,1.0,1.0,0,0.0
A-1681-3,A,1681,c1,soft,3,104499,15,0,0,0.000222,1.0,1.0,0,0.0
A-1681-3,A,1681,c2,hard,3,3265,15,0,0,0.000222,1.0,1.0,0,0.0
A-1681-3,A,1681,c2,soft,3,104499,15,0,0,0.000222,1.0,1.0,0,0.0
A-1681-3,A,1681,c3,hard,3,3265,15,0,0,0.000222,1.0,1.0,0,0.0
A-1681-3,A,1681,c3,soft,3,104499,15,0,0,0.000222,1.0,1.0,0,0.0
A-1953-1,A,1953,c1,hard,0,0,0,1,1,0.03876,0.0,0.0,0,0.0
A-1953-1,A,1953,c1,soft,0,0,0,1,1,0.03876,0.0,0.0,0,0.0
A-1953-1,A,1953,c2,hard,0,0,0,1,1,0.03876,0.0,0.0,0,0.0
A-1953-1,A,1953,c2,soft,0,0,0,1,1,0.03876,0.0,0.0,0,0.0
A-1953-1,A,1953,c3,hard,0,0,0,1,1,0.03876,0.0,0.0,0,0.0
A-1953-1,A,1953,c3,soft,0,0,0,1,1,0.03876,0.0,0.0,0,0.0
A-1953-2,A,1953,c1,hard,2,164,1,0,0,0.03876,0.8,1.0,0,0.0
A-1953-2,A,1953,c1,soft,2,14653,1,0,0,0.03876,0.8,1.0,0,0.0
A-1953-2,A,1953,c2,hard,2,164,1,0,0,0.03876,0.8,1.0,0,0.0
A-1953-2,A,1953,c2,soft,2,14653,1,0,0,0.03876,0.8,1.0,0,0.0
A-1953-2,A,1953,c3,hard,2,164,1,0,0,0.03876,0.8,1.0,0,0.0
A-1953-2,A,1953,c3,soft,2,14653,1,0,0,0.03876,0.8,1.0,0,0.0
A-1953-3,A,1953,c1,hard,2,164,1,0,0,0.03876,0.8,1.0,0,0.0
A-1953-3,A,1953,c1,soft,2,14653,1,0,0,0.03876,0.8,1.0,0,0.0
A-1953-3,A,1953,c2,hard,3,129,1,0,0,0.03876,1.0,1.0,0,0.0
A-1953-3,A,1953,c2,soft,3,68649,1,0,0,0.03876,1.0,1.0,0,0.0
A-1953-3,A,1953,c3,hard,3,129,1,0,0,0.03876,1.0,1.0,0,0.0
A-1953-3,A,1953,c3,soft,3,68649,1,0,0,0.03876,1.0,1.0,0,0.0
A-2072-1,A,2072,c1,hard,3,6663,22,0,0,0.000324,0.0,0.2,0,0.0
A-2072-1,A,2072,c1,soft,3,113144,22,0,0,0.000324,0.0,0.2,0,0.0
A-2072-1,A,2072,c2,hard,5,193,2,0,0,0.000324,0.2,1.0,0,0.0
A-2072-1,A,2072,c2,soft,5,121547,2,0,0,0.000324,0.2,1.0,0,0.0
A-2072-1,A,2072,c3,hard,5,193,2,0,0,0.000324,0.2,1.0,0,0.0
A-2072-1,A,2072,c3,soft,5,121547,2,0,0,0.000324,0.2,1.0,0,0.0
A-2072-2,A,2072,c1,hard,3,10339,21,0,0,0.000324,0.8,1.0,0,0.0
A-2072-2,A,2072,c1,soft,3,113955,21,0,0,0.000324,0.8,1.0,0,0.0
A-2072-2,A,2072,c2,hard,5,181,1,0,0,0.000324,1.0,1.0,0,0.0
A-2072-2,A,2072,c2,soft,5,121925,1,0,0,0.000324,1.0,1.0,0,0.0
A-2072-2,A,2072,c3,hard,5,181,1,0,0,0.000324,1.0,1.0,0,0.0
A-2072-2,A,2072,c3,soft,5,121925,1,0,0,0.000324,1.0,1.0,0,0.0
A-2072-3,A,2072,c1,hard,2,38224,329,0,0,0.000324,0.0,0.0,0,0.0
A-2072-3,A,2072,c1,soft,2,103177,329,0,0,0.000324,0.0,0.0,0,0.0
A-2072-3,A,2072,c2,hard,2,38224,329,0,0,0.000324,0.0,0.0,0,0.0
A-2072-3,A,2072,c2,soft,2,103177,329,0,0,0.000324,0.0,0.0,0,0.0
A-2072-3,A,2072,c3,hard,3,10339,21,0,0,0.000324,0.8,1.0,0,0.0
A-2072-3,A,2072,c3,soft,3,113955,21,0,0,0.000324,0.8,1.0,0,0.0
A-2802-1,A,2802,c1,hard,2,15238,31,0,0,0.003311,0.0,0.8,0,0.0
A-2802-1,A,2802,c1,soft,2,56965,31,0,0,0.003311,0.0,0.8,0,0.0
A-2802-1,A,2802,c2,hard,2,15238,31,0,0,0.003311,0.0,0.8,0,0.0
A-2802-1,A,2802,c2,soft,2,56965,31,0,0,0.003311,0.0,0.8,0,0.0
A-2802-1,A,2802,c3,hard,2,15238,31,0,0,0.003311,0.0,0.8,0,0.0
A-2802-1,A,2802,c3,soft,2,56965,31,0,0,0.003311,0.0,0.8,0,0.0
A-2802-2,A,2802,c1,hard,0,0,0,1,1,0.003311,0.0,0.0,0,0.0
A-2802-2,A,2802,c1,soft,0,0,0,1,1,0.003311,0.0,0.0,0,0.0
A-2802-2,A,2802,c2,hard,4,7,1,0,0,0.003311,0.0,0.4,0,0.0
A-2802-2,A,2802,c2,soft,4,42331,1,0,0,0.003311,0.2,0.6,0,0.0
A-2802-2,A,2802,c3,hard,4,7,1,0,0,0.003311,0.0,0.4,0,0.0
A-2802-2,A,2802,c3,soft,4,42331,1,0,0,0.003311,0.2,0.6,0,0.0
A-2802-3,A,2802,c1,hard,2,38224,329,0,0,0.003311,0.0,0.0,0,0.0
A-2802-3,A,2802,c1,soft,2,103177,329,0,0,0.003311,0.0,0.0,0,0.0
A-2802-3,A,2802,c2,hard,4,78,1,0,0,0.003311,0.2,0.8,0,0.0
A-2802-3,A,2802,c2,soft,4,106046,1,0,0,0.003311,0.2,0.8,0,0.0
A-2802-3,A,2802,c3,hard,4,78,1,0,0,0.003311,0.2,0.8,0,0.0
A-2802-3,A,2802,c3,soft,4,106046,1,0,0,0.003311,0.2,0.8,0,0.0
A-3116-1,A,3116,c1,hard,1,59969,17736,0,0,0.000763,0.4,1.0,0,0.0
A-3116-1,A,3116,c1,soft,1,59969,17736,0,0,0.000763,0.4,1.0,0,0.0
A-3116-1,A,3116,c2,hard,1,59969,17736,0,0,0.000763,0.4,1.0,0,0.0
A-3116-1,A,3116,c2,soft,1,59969,17736,0,0,0.000763,0.4,1.0,0,0.0
A-3116-1,A,3116,c3,hard,2,19255,105,0,0,0.000763,0.4,1.0,0,0.0
A-3116-1,A,3116,c3,soft,2,83936,105,0,0,0.000763,0.4,1.0,0,0.0
A-3116-2,A,3116,c1,hard,1,59969,17736,0,0,0.000763,0.4,1.0,0,0.0
A-3116-2,A,3116,c1,soft,1,59969,17736,0,0,0.000763,0.4,1.0,0,0.0
A-3116-2,A,3116,c2,hard,1,59969,17736,0,0,0.000763,0.4,1.0,0,0.0
A-3116-2,A,3116,c2,soft,1,59969,17736,0,0,0.000763,0.4,1.0,0,0.0
A-3116-2,A,3116,c3,hard,1,59969,17736,0,0,0.000763,0.4,1.0,0,0.0
A-3116-2,A,3116,c3,soft,1,59969,17736,0,0,0.000763,0.4,1.0,0,0.0
A-3116-3,A,3116,c1,hard,1,59969,17736,0,0,0.000763,0.4,1.0,0,0.0
A-3116-3,A,3116,c1,soft,1,59969,17736,0,0,0.000763,0.4,1.0,0,0.0
A-3116-3,A,3116,c2,hard,1,59969,17736,0,0,0.000763,0.4,1.0,0,0.0
A-3116-3,A,3116,c2,soft,1,59969,17736,0,0,0.000763,0.4,1.0,0,0.0
A-3116-3,A,3116,c3,hard,2,19255,105,0,0,0.000763,0.4,1.0,0,0.0
A-3116-3,A,3116,c3,soft,2,83936,105,0,0,0.000763,0.4,1.0,0,0.0
A-3166-1,A,3166,c1,hard,2,1818,37,0,0,0.0033,1.0,1.0,0,0.0
A-3166-1,A,3166,c1,soft,2,41080,37,0,0,0.0033,1.0,1.0,0,0.0
A-3166-1,A,3166,c2,hard,4,31,1,0,0,0.0033,0.8,1.0,0,0.0
A-3166-1,A,3166,c2,soft,4,75631,1,0,0,0.0033,0.8,1.0,0,0.0
A-3166-1,A,3166,c3,hard,4,31,1,0,0,0.0033,0.8,1.0,0,0.0
A-3166-1,A,3166,c3,soft,4,75631,1,0,0,0.0033,0.8,1.0,0,0.0
A-3166-2,A,3166,c1,hard,1,8336,1087,0,0,0.0033,0.2,1.0,0,0.0
A-3166-2,A,3166,c1,soft,1,8336,1087,0,0,0.0033,0.2,1.0,0,0.0
A-3166-2,A,3166,c2,hard,1,8336,1087,0,0,0.0033,0.2,1.0,0,0.0
A-3166-2,A,3166,c2,soft,1,8336,1087,0,0,0.0033,0.2,1.0,0,0.0
A-3166-2,A,3166,c3,hard,1,8336,1087,0,0,0.0033,0.2,1.0,0,0.0
A-3166-2,A,3166,c3,soft,1,8336,1087,0,0,0.0033,0.2,1.0,0,0.0
A-3166-3,A,3166,c1,hard,3,2693,3,0,0,0.0033,0.0,0.0,0,0.0
A-3166-3,A,3166,c1,soft,3,79053,3,0,0,0.0033,0.0,0.0,0,0.0
A-3166-3,A,3166,c2,hard,5,66,1,0,0,0.0033,0.0,0.0,0,0.0
A-3166-3,A,3166,c2,soft,5,97425,1,0,0,0.0033,0.0,0.0,0,0.0
A-3166-3,A,3166,c3,hard,5,66,1,0,0,0.0033,0.0,0.0,0,0.0
A-3166-3,A,3166,c3,soft,5,97425,1,0,0,0.0033,0.0,0.0,0,0.0
A-3247-1,A,3247,c1,hard,3,559,1,0,0,0.001082,0.6,1.0,0,0.0
A-3247-1,A,3247,c1,soft,3,95380,1,0,0,0.001082,0.6,1.0,0,0.0
A-3247-1,A,3247,c2,hard,3,559,1,0,0,0.001082,0.6,1.0,0,0.0
A-3247-1,A,3247,c2,soft,3,95380,1,0,0,0.001082,0.6,1.0,0,0.0
A-3247-1,A,3247,c3,hard,3,559,1,0,0,0.001082,0.6,1.0,0,0.0
A-3247-1,A,3247,c3,soft,3,95380,1,0,0,0.001082,0.6,1.0,0,0.0
A-3247-2,A,3247,c1,hard,3,280,1,0,0,0.001082,0.0,0.4,0,0.0
A-3247-2,A,3247,c1,soft,3,55411,1,0,0,0.001082,0.0,0.4,0,0.0
A-3247-2,A,3247,c2,hard,3,280,1,0,0,0.001082,0.0,0.4,0,0.0
A-3247-2,A,3247,c2,soft,3,55411,1,0,0,0.001082,0.0,0.4,0,0.0
A-3247-2,A,3247,c3,hard,3,280,1,0,0,0.001082,0.0,0.4,0,0.0
A-3247-2,A,3247,c3,soft,3,55411,1,0,0,0.001082,0.0,0.4,0,0.0
A-3247-3,A,3247,c1,hard,4,129,2,0,0,0.001082,0.6,1.0,0,0.0
A-3247-3,A,3247,c1,soft,4,61389,2,0,0,0.001082,0.6,1.0,0,0.0
A-3247-3,A,3247,c2,hard,4,129,2,0,0,0.001082,0.6,1.0,0,0.0
A-3247-3,A,3247,c2,soft,4,61389,2,0,0,0.001082,0.6,1.0,0,0.0
A-3247-3,A,3247,c3,hard,4,129,2,0,0,0.001082,0.6,1.0,0,0.0
A-3247-3,A,3247,c3,soft,4,61389,2,0,0,0.001082,0.6,1.0,0,0.0
A-3976-1,A,3976,c1,hard,2,4888,2,0,0,0.000291,0.0,1.0,0,0.0
A-3976-1,A,3976,c1,soft,2,84158,2,0,0,0.000291,0.0,1.0,0,0.0
A-3976-1,A,3976,c2,hard,2,4888,2,0,0,0.000291,0.0,1.0,0,0.0
A-3976-1,A,3976,c2,soft,2,84158,2,0,0,0.000291,0.0,1.0,0,0.0
A-3976-1,A,3976,c3,hard,2,4888,2,0,0,0.000291,0.0,1.0,0,0.0
A-3976-1,A,3976,c3,soft,2,84158,2,0,0,0.000291,0.0,1.0,0,0.0
A-3976-2,A,3976,c1,hard,0,0,0,1,1,0.000291,0.0,0.0,0,0.0
A-3976-2,A,3976,c1,soft,0,0,0,1,1,0.000291,0.0,0.0,0,0.0
A-3976-2,A,3976,c2,hard,0,0,0,1,1,0.000291,0.0,0.0,0,0.0
A-3976-2,A,3976,c2,soft,0,0,0,1,1,0.000291,0.0,0.0,0,0.0
A-3976-2,A,3976,c3,hard,0,0,0,1,1,0.000291,0.0,0.0,0,0.0
A-3976-2,A,3976,c3,soft,0,0,0,1,1,0.000291,0.0,0.0,0,0.0
A-3976-3,A,3976,c1,hard,1,81432,19825,0,0,0.000291,0.0,0.4,0,0.0
A-3976-3,A,3976,c1,soft,1,81432,19825,0,0,0.000291,0.0,0.4,0,0.0
A-3976-3,A,3976,c2,hard,1,81432,19825,0,0,0.000291,0.0,0.4,0,0.0
A-3976-3,A,3976,c2,soft,1,81432,19825,0,0,0.000291,0.0,0.4,0,0.0
A-3976-3,A,3976,c3,hard,1,81432,19825,0,0,0.000291,0.0,0.4,0,0.0
A-3976-3,A,3976,c3,soft,1,81432,19825,0,0,0.000291,0.0,0.4,0,0.0
A-4575-1,A,4575,c1,hard,2,7563,60,0,0,0.002955,0.0,0.6,0,0.0
A-4575-1,A,4575,c1,soft,2,84678,60,0,0,0.002955,0.0,0.6,0,0.0
A-4575-1,A,4575,c2,hard,2,7563,60,0,0,0.002955,0.0,0.6,0,0.0
A-4575-1,A,4575,c2,soft,2,84678,60,0,0,0.002955,0.0,0.6,0,0.0
A-4575-1,A,4575,c3,hard,2,7563,60,0,0,0.002955,0.0,0.6,0,0.0
A-4575-1,A,4575,c3,soft,2,84678,60,0,0,0.002955,0.0,0.6,0,0.0
A-4575-2,A,4575,c1,hard,0,0,0,1,1,0.002955,0.0,0.0,0,0.0
A-4575-2,A,4575,c1,soft,0,0,0,1,1,0.002955,0.0,0.0,0,0.0
A-4575-2,A,4575,c2,hard,0,0,0,1,1,0.002955,0.0,0.0,0,0.0
A-4575-2,A,4575,c2,soft,0,0,0,1,1,0.002955,0.0,0.0,0,0.0
A-4575-2,A,4575,c3,hard,0,0,0,1,1,0.002955,0.0,0.0,0,0.0
A-4575-2,A,4575,c3,soft,0,0,0,1,1,0.002955,0.0,0.0,0,0.0
A-4575-3,A,4575,c1,hard,2,7563,60,0,0,0.002955,0.0,0.6,0,0.0
A-4575-3,A,4575,c1,soft,2,84678,60,0,0,0.002955,0.0,0.6,0,0.0
A-4575-3,A,4575,c2,hard,2,7563,60,0,0,0.002955,0.0,0.6,0,0.0
A-4575-3,A,4575,c2,soft,2,84678,60,0,0,0.002955,0.0,0.6,0,0.0
A-4575-3,A,4575,c3,hard,2,7563,60,0,0,0.002955,0.0,0.6,0,0.0
A-4575-3,A,4575,c3,soft,2,84678,60,0,0,0.002955,0.0,0.6,0,0.0
A-4922-1,A,4922,c1,hard,2,5559,118,0,0,0.004417,0.4,0.8,0,0.0
A-4922-1,A,4922,c1,soft,2,54620,118,0,0,0.004417,0.4,0.8,0,0.0
A-4922-1,A,4922,c2,hard,4,199,2,0,0,0.004417,0.0,1.0,0,0.0
A-4922-1,A,4922,c2,soft,4,83741,2,0,0,0.004417,0.0,1.0,0,0.0
A-4922-1,A,4922,c3,hard,4,199,2,0,0,0.004417,0.0,1.0,0,0.0
A-4922-1,A,4922,c3,soft,4,83741,2,0,0,0.004417,0.0,1.0,0,0.0
A-4922-2,A,4922,c1,hard,2,9972,19,0,0,0.004417,0.0,1.0,0,0.0
A-4922-2,A,4922,c1,soft,2,76270,19,0,0,0.004417,0.0,1.0,0,0.0
A-4922-2,A,4922,c2,hard,3,375,1,0,0,0.004417,0.0,1.0,0,0.0
A-4922-2,A,4922,c2,soft,3,76467,1,0,0,0.004417,0.0,1.0,0,0.0
A-4922-2,A,4922,c3,hard,3,375,1,0,0,0.004417,0.0,1.0,0,0.0
A-4922-2,A,4922,c3,soft,3,76467,1,0,0,0.004417,0.0,1.0,0,0.0
A-4922-3,A,4922,c1,hard,3,5650,1,0,0,0.004417,0.0,1.0,0,0.0
A-4922-3,A,4922,c1,soft,3,91770,1,0,0,0.004417,0.0,1.0,0,0.0
A-4922-3,A,4922,c2,hard,4,137,1,0,0,0.004417,0.2,1.0,0,0.0
A-4922-3,A,4922,c2,soft,4,91933,1,0,0,0.004417,0.2,1.0,0,0.0
A-4922-3,A,4922,c3,hard,5,0,0,1,1,0.004417,0.0,0.0,0,0.0
A-4922-3,A,4922,c3,soft,5,91935,1,0,0,0.004417,0.2,1.0,0,0.0
A-5581-1,A,5581,c1,hard,2,4,4,0,0,0.000789,0.25,0.75,0,0.0
A-5581-1,A,5581,c1,soft,2,81436,19824,0,0,0.000789,0.0,0.6,0,0.0
A-5581-1,A,5581,c2,hard,2,4,4,0,0,0.000789,0.25,0.75,0,0.0
A-5581-1,A,5581,c2,soft,2,81436,19824,0,0,0.000789,0.0,0.6,0,0.0
A-5581-1,A,5581,c3,hard,2,4,4,0,0,0.000789,0.25,0.75,0,0.0
A-5581-1,A,5581,c3,soft,2,81436,19824,0,0,0.000789,0.0,0.6,0,0.0
A-5581-2,A,5581,c1,hard,0,0,0,1,1,0.000789,0.0,0.0,0,0.0
A-5581-2,A,5581,c1,soft,0,0,0,1,1,0.000789,0.0,0.0,0,0.0
A-5581-2,A,5581,c2,hard,0,0,0,1,1,0.000789,0.0,0.0,0,0.0
A-5581-2,A,5581,c2,soft,0,0,0,1,1,0.000789,0.0,0.0,0,0.0
A-5581-2,A,5581,c3,hard,0,0,0,1,1,0.000789,0.0,0.0,0,0.0
A-5581-2,A,5581,c3,soft,0,0,0,1,1,0.000789,0.0,0.0,0,0.0
A-5581-3,A,5581,c1,hard,1,81432,19825,0,0,0.000789,0.0,0.4,0,0.0
A-5581-3,A,5581,c1,soft,1,81432,19825,0,0,0.000789,0.0,0.4,0,0.0
A-5581-3,A,5581,c2,hard,3,1469,3,0,0,0.000789,0.0,0.8,0,0.0
A-5581-3,A,5581,c2,soft,3,110677,3,0,0,0.000789,0.0,0.8,0,0.0
A-5581-3,A,5581,c3,hard,4,0,0,1,1,0.000789,0.0,0.0,0,0.0
A-5581-3,A,5581,c3,soft,4,110680,3,0,0,0.000789,0.0,0.8,0,0.0
A-6097-1,A,6097,c1,hard,2,18416,146,0,0,0.000418,1.0,1.0,0,0.0
A-6097-1,A,6097,c1,soft,2,97578,146,0,0,0.000418,1.0,1.0,0,0.0
A-6097-1,A,6097,c2,hard,2,18416,146,0,0,0.000418,1.0,1.0,0,0.0
A-6097-1,A,6097,c2,soft,2,97578,146,0,0,0.000418,1.0,1.0,0,0.0
A-6097-1,A,6097,c3,hard,2,18416,146,0,0,0.000418,1.0,1.0,0,0.0
A-6097-1,A,6097,c3,soft,2,97578,146,0,0,0.000418,1.0,1.0,0,0.0
A-6097-2,A,6097,c1,hard,2,18416,146,0,0,0.000418,1.0,1.0,0,0.0
A-6097-2,A,6097,c1,soft,2,97578,146,0,0,0.000418,1.0,1.0,0,0.0
A-6097-2,A,6097,c2,hard,2,18416,146,0,0,0.000418,1.0,1.0,0,0.0
A-6097-2,A,6097,c2,soft,2,97578,146,0,0,0.000418,1.0,1.0,0,0.0
A-6097-2,A,6097,c3,hard,2,18416,146,0,0,0.000418,1.0,1.0,0,0.0
A-6097-2,A,6097,c3,soft,2,97578,146,0,0,0.000418,1.0,1.0,0,0.0
A-6097-3,A,6097,c1,hard,3,11958,5,0,0,0.000418,1.0,1.0,0,0.0
A-6097-3,A,6097,c1,soft,3,109701,5,0,0,0.000418,1.0,1.0,0,0.0
A-6097-3,A,6097,c2,hard,3,11958,5,0,0,0.000418,1.0,1.0,0,0.0
A-6097-3,A,6097,c2,soft,3,109701,5,0,0,0.000418,1.0,1.0,0,0.0
A-6097-3,A,6097,c3,hard,3,11958,5,0,0,0.000418,1.0,1.0,0,0.0
A-6097-3,A,6097,c3,soft,3,109701,5,0,0,0.000418,1.0,1.0,0,0.0
A-6693-1,A,6693,c1,hard,2,17236,24,0,0,0.000939,0.2,0.8,0,0.0
A-6693-1,A,6693,c1,soft,2,62828,24,0,0,0.000939,0.2,0.8,0,0.0
A-6693-1,A,6693,c2,hard,4,167,2,0,0,0.000939,0.0,0.0,0,0.0
A-6693-1,A,6693,c2,soft,4,94952,2,0,0,0.000939,0.0,0.0,0,0.0
A-6693-1,A,6693,c3,hard,4,167,2,0,0,0.000939,0.0,0.0,0,0.0
A-6693-1,A,6693,c3,soft,4,94952,2,0,0,0.000939,0.0,0.0,0,0.0
A-6693-2,A,6693,c1,hard,1,29755,3005,0,0,0.000939,0.4,0.6,0,0.0
A-6693-2,A,6693,c1,soft,1,29755,3005,0,0,0.000939,0.4,0.6,0,0.0
A-6693-2,A,6693,c2,hard,3,1908,1,0,0,0.000939,0.4,1.0,0,0.0
A-6693-2,A,6693,c2,soft,3,53358,1,0,0,0.000939,0.4,1.0,0,0.0
A-6693-2,A,6693,c3,hard,3,1908,1,0,0,0.000939,0.4,1.0,0,0.0
A-6693-2,A,6693,c3,soft,3,53358,1,0,0,0.000939,0.4,1.0,0,0.0
A-6693-3,A,6693,c1,hard,2,4473,30,0,0,0.000939,0.0,0.4,0,0.0
A-6693-3,A,6693,c1,soft,2,50899,30,0,0,0.000939,0.0,0.4,0,0.0
A-6693-3,A,6693,c2,hard,2,4473,30,0,0,0.000939,0.0,0.4,0,0.0
A-6693-3,A,6693,c2,soft,2,50899,30,0,0,0.000939,0.0,0.4,0,0.0
A-6693-3,A,6693,c3,hard,3,1712,1,0,0,0.000939,0.2,0.6,0,0.0
A-6693-3,A,6693,c3,soft,3,76415,1,0,0,0.000939,0.2,0.6,0,0.0
A-6759-1,A,6759,c1,hard,3,1016,2,0,0,0.006135,1.0,1.0,0,0.0
A-6759-1,A,6759,c1,soft,3,100075,2,0,0,0.006135,1.0,1.0,0,0.0
A-6759-1,A,6759,c2,hard,3,1016,2,0,0,0.006135,1.0,1.0,0,0.0
A-6759-1,A,6759,c2,soft,3,100075,2,0,0,0.006135,1.0,1.0,0,0.0
A-6759-1,A,6759,c3,hard,3,1016,2,0,0,0.006135,1.0,1.0,0,0.0
A-6759-1,A,6759,c3,soft,3,100075,2,0,0,0.006135,1.0,1.0,0,0.0
A-6759-2,A,6759,c1,hard,3,1016,2,0,0,0.006135,1.0,1.0,0,0.0
A-6759-2,A,6759,c1,soft,3,100075,2,0,0,0.006135,1.0,1.0,0,0.0
A-6759-2,A,6759,c2,hard,5,15,1,0,0,0.006135,1.0,1.0,0,0.0
A-6759-2,A,6759,c2,soft,5,114994,1,0,0,0.006135,0.6,1.0,0,0.0
A-6759-2,A,6759,c3,hard,5,15,1,0,0,0.006135,1.0,1.0,0,0.0
A-6759-2,A,6759,c3,soft,5,114994,1,0,0,0.006135,0.6,1.0,0,0.0
A-6759-3,A,6759,c1,hard,3,1016,2,0,0,0.006135,1.0,1.0,0,0.0
A-6759-3,A,6759,c1,soft,3,100075,2,0,0,0.006135,1.0,1.0,0,0.0
A-6759-3,A,6759,c2,hard,5,15,1,0,0,0.006135,1.0,1.0,0,0.0
A-6759-3,A,6759,c2,soft,5,114994,1,0,0,0.006135,0.6,1.0,0,0.0
A-6759-3,A,6759,c3,hard,5,15,1,0,0,0.006135,1.0,1.0,0,0.0
A-6759-3,A,6759,c3,soft,5,114994,1,0,0,0.006135,0.6,1.0,0,0.0
A-8700-1,A,8700,c1,hard,2,16172,97,0,0,0.000222,0.8,1.0,0,0.0
A-8700-1,A,8700,c1,soft,2,73552,97,0,0,0.000222,0.8,1.0,0,0.0
A-8700-1,A,8700,c2,hard,2,16172,97,0,0,0.000222,0.8,1.0,0,0.0
A-8700-1,A,8700,c2,soft,2,73552,97,0,0,0.000222,0.8,1.0,0,0.0
A-8700-1,A,8700,c3,hard,2,16172,97,0,0,0.000222,0.8,1.0,0,0.0
A-8700-1,A,8700,c3,soft,2,73552,97,0,0,0.000222,0.8,1.0,0,0.0
A-8700-2,A,8700,c1,hard,1,59969,17736,0,0,0.000222,0.8,1.0,0,0.0
A-8700-2,A,8700,c1,soft,1,59969,17736,0,0,0.000222,0.8,1.0,0,0.0
A-8700-2,A,8700,c2,hard,1,59969,17736,0,0,0.000222,0.8,1.0,0,0.0
A-8700-2,A,8700,c2,soft,1,59969,17736,0,0,0.000222,0.8,1.0,0,0.0
A-8700-2,A,8700,c3,hard,2,1,1,1,0,0.000222,0.0,1.0,0,0.0
A-8700-2,A,8700,c3,soft,2,59976,17737,0,0,0.000222,0.8,1.0,0,0.0
A-8700-3,A,8700,c1,hard,2,19255,105,0,0,0.000222,0.2,0.6,0,0.0
A-8700-3,A,8700,c1,soft,2,83936,105,0,0,0.000222,0.2,0.6,0,0.0
A-8700-3,A,8700,c2,hard,2,19255,105,0,0,0.000222,0.2,0.6,0,0.0
A-8700-3,A,8700,c2,soft,2,83936,105,0,0,0.000222,0.2,0.6,0,0.0
A-8700-3,A,8700,c3,hard,2,19255,105,0,0,0.000222,0.2,0.6,0,0.0
A-8700-3,A,8700,c3,soft,2,83936,105,0,0,0.000222,0.2,0.6,0,0.0
A-9558-1,A,9558,c1,hard,1,81432,19825,0,0,0.003399,0.0,0.0,0,0.0
A-9558-1,A,9558,c1,soft,1,81432,19825,0,0,0.003399,0.0,0.0,0,0.0
A-9558-1,A,9558,c2,hard,1,81432,19825,0,0,0.003399,0.0,0.0,0,0.0
A-9558-1,A,9558,c2,soft,1,81432,19825,0,0,0.003399,0.0,0.0,0,0.0
A-9558-1,A,9558,c3,hard,2,34582,118,0,0,0.003399,0.0,0.2,0,0.0
A-9558-1,A,9558,c3,soft,2,92169,118,0,0,0.003399,0.0,0.2,0,0.0
A-9558-2,A,9558,c1,hard,0,0,0,1,1,0.003399,0.0,0.0,0,0.0
A-9558-2,A,9558,c1,soft,0,0,0,1,1,0.003399,0.0,0.0,0,0.0
A-9558-2,A,9558,c2,hard,0,0,0,1,1,0.003399,0.0,0.0,0,0.0
A-9558-2,A,9558,c2,soft,0,0,0,1,1,0.003399,0.0,0.0,0,0.0
A-9558-2,A,9558,c3,hard,0,0,0,1,1,0.003399,0.0,0.0,0,0.0
A-9558-2,A,9558,c3,soft,0,0,0,1,1,0.003399,0.0,0.0,0,0.0
A-9558-3,A,9558,c1,hard,1,81432,19825,0,0,0.003399,0.0,0.0,0,0.0
A-9558-3,A,9558,c1,soft,1,81432,19825,0,0,0.003399,0.0,0.0,0,0.0
A-9558-3,A,9558,c2,hard,1,81432,19825,0,0,0.003399,0.0,0.0,0,0.0
A-9558-3,A,9558,c2,soft,1,81432,19825,0,0,0.003399,0.0,0.0,0,0.0
A-9558-3,A,9558,c3,hard,1,81432,19825,0,0,0.003399,0.0,0.0,0,0.0
A-9558-3,A,9558,c3,soft,1,81432,19825,0,0,0.003399,0.0,0.0,0,0.0
A-10131-1,A,10131,c1,hard,0,0,0,1,1,0.000518,0.0,0.0,0,0.0
A-10131-1,A,10131,c1,soft,0,0,0,1,1,0.000518,0.0,0.0,0,0.0
A-10131-1,A,10131,c2,hard,0,0,0,1,1,0.000518,0.0,0.0,0,0.0
A-10131-1,A,10131,c2,soft,0,0,0,1,1,0.000518,0.0,0.0,0,0.0
A-10131-1,A,10131,c3,hard,0,0,0,1,1,0.000518,0.0,0.0,0,0.0
A-10131-1,A,10131,c3,soft,0,0,0,1,1,0.000518,0.0,0.0,0,0.0
A-10131-2,A,10131,c1,hard,0,0,0,1,1,0.000518,0.0,0.0,0,0.0
A-10131-2,A,10131,c1,soft,0,0,0,1,1,0.000518,0.0,0.0,0,0.0
A-10131-2,A,10131,c2,hard,0,0,0,1,1,0.000518,0.0,0.0,0,0.0
A-10131-2,A,10131,c2,soft,0,0,0,1,1,0.000518,0.0,0.0,0,0.0
A-10131-2,A,10131,c3,hard,0,0,0,1,1,0.000518,0.0,0.0,0,0.0
A-10131-2,A,10131,c3,soft,0,0,0,1,1,0.000518,0.0,0.0,0,0.0
A-10131-3,A,10131,c1,hard,0,0,0,1,1,0.000518,0.0,0.0,0,0.0
A-10131-3,A,10131,c1,soft,0,0,0,1,1,0.000518,0.0,0.0,0,0.0
A-10131-3,A,10131,c2,hard,0,0,0,1,1,0.000518,0.0,0.0,0,0.0
A-10131-3,A,10131,c2,soft,0,0,0,1,1,0.000518,0.0,0.0,0,0.0
A-10131-3,A,10131,c3,hard,0,0,0,1,1,0.000518,0.0,0.0,0,0.0
A-10131-3,A,10131,c3,soft,0,0,0,1,1,0.000518,0.0,0.0,0,0.0
A-11238-1,A,11238,c1,hard,2,1947,28,0,0,0.000614,0.6,1.0,0,0.0
A-11238-1,A,11238,c1,soft,2,36874,28,0,0,0.000614,0.6,1.0,0,0.0
A-11238-1,A,11238,c2,hard,2,1947,28,0,0,0.000614,0.6,1.0,0,0.0
A-11238-1,A,11238,c2,soft,2,36874,28,0,0,0.000614,0.6,1.0,0,0.0
A-11238-1,A,11238,c3,hard,2,1947,28,0,0,0.000614,0.6,1.0,0,0.0
A-11238-1,A,11238,c3,soft,2,36874,28,0,0,0.000614,0.6,1.0,0,0.0
A-11238-2,A,11238,c1,hard,2,1947,28,0,0,0.000614,0.6,1.0,0,0.0
A-11238-2,A,11238,c1,soft,2,36874,28,0,0,0.000614,0.6,1.0,0,0.0
A-11238-2,A,11238,c2,hard,4,151,2,0,0,0.000614,0.8,1.0,0,0.0
A-11238-2,A,11238,c2,soft,4,72018,2,0,0,0.000614,0.8,1.0,0,0.0
A-11238-2,A,11238,c3,hard,4,151,2,0,0,0.000614,0.8,1.0,0,0.0
A-11238-2,A,11238,c3,soft,4,72018,2,0,0,0.000614,0.8,1.0,0,0.0
A-11238-3,A,11238,c1,hard,2,1947,28,0,0,0.000614,0.6,1.0,0,0.0
A-11238-3,A,11238,c1,soft,2,36874,28,0,0,0.000614,0.6,1.0,0,0.0
A-11238-3,A,11238,c2,hard,2,1947,28,0,0,0.000614,0.6,1.0,0,0.0
A-11238-3,A,11238,c2,soft,2,36874,28,0,0,0.000614,0.6,1.0,0,0.0
A-11238-3,A,11238,c3,hard,2,1947,28,0,0,0.000614,0.6,1.0,0,0.0
A-11238-3,A,11238,c3,soft,2,36874,28,0,0,0.000614,0.6,1.0,0,0.0
A-11560-1,A,11560,c1,hard,2,2231,26,0,0,0.003422,1.0,1.0,0,0.0
A-11560-1,A,11560,c1,soft,2,35769,26,0,0,0.003422,1.0,1.0,0,0.0
A-11560-1,A,11560,c2,hard,4,174,1,0,0,0.003422,0.6,1.0,0,0.0
A-11560-1,A,11560,c2,soft,4,70754,1,0,0,0.003422,0.6,1.0,0,0.0
A-11560-1,A,11560,c3,hard,4,174,1,0,0,0.003422,0.6,1.0,0,0.0
A-11560-1,A,11560,c3,soft,4,70754,1,0,0,0.003422,0.6,1.0,0,0.0
A-11560-2,A,11560,c1,hard,2,2231,26,0,0,0.003422,1.0,1.0,0,0.0
A-11560-2,A,11560,c1,soft,2,35769,26,0,0,0.003422,1.0,1.0,0,0.0
A-11560-2,A,11560,c2,hard,2,2231,26,0,0,0.003422,1.0,1.0,0,0.0
A-11560-2,A,11560,c2,soft,2,35769,26,0,0,0.003422,1.0,1.0,0,0.0
A-11560-2,A,11560,c3,hard,2,2231,26,0,0,0.003422,1.0,1.0,0,0.0
A-11560-2,A,11560,c3,soft,2,35769,26,0,0,0.003422,1.0,1.0,0,0.0
A-11560-3,A,11560,c1,hard,2,2190,6,0,0,0.003422,0.0,0.0,0,0.0
A-11560-3,A,11560,c1,soft,2,35641,6,0,0,0.003422,0.0,0.0,0,0.0
A-11560-3,A,11560,c2,hard,4,219,1,0,0,0.003422,0.0,1.0,0,0.0
A-11560-3,A,11560,c2,soft,4,70670,1,0,0,0.003422,0.0,1.0,0,0.0
A-11560-3,A,11560,c3,hard,4,219,1,0,0,0.003422,0.0,1.0,0,0.0
A-11560-3,A,11560,c3,soft,4,70670,1,0,0,0.003422,0.0,1.0,0,0.0
A-12109-1,A,12109,c1,hard,2,8503,142,0,0,0.001636,0.4,1.0,0,0.0
A-12109-1,A,12109,c1,soft,2,56611,142,0,0,0.001636,0.4,1.0,0,0.0
A-12109-1,A,12109,c2,hard,4,103,1,0,0,0.001636,0.4,1.0,0,0.0
A-12109-1,A,12109,c2,soft,4,91170,1,0,0,0.001636,0.4,1.0,0,0.0
A-12109-1,A,12109,c3,hard,4,103,1,0,0,0.001636,0.4,1.0,0,0.0
A-12109-1,A,12109,c3,soft,4,91170,1,0,0,0.001636,0.4,1.0,0,0.0
A-12109-2,A,12109,c1,hard,3,6259,6,0,0,0.001636,0.2,1.0,0,0.0
A-12109-2,A,12109,c1,soft,3,84845,6,0,0,0.001636,0.2,1.0,0,0.0
A-12109-2,A,12109,c2,hard,3,6259,6,0,0,0.001636,0.2,1.0,0,0.0
A-12109-2,A,12109,c2,soft,3,84845,6,0,0,0.001636,0.2,1.0,0,0.0
A-12109-2,A,12109,c3,hard,4,1765,2,0,0,0.001636,1.0,1.0,0,0.0
A-12109-2,A,12109,c3,soft,4,96477,2,0,0,0.001636,1.0,1.0,0,0.0
A-12109-3,A,12109,c1,hard,4,2893,2,0,0,0.001636,0.0,1.0,0,0.0
A-12109-3,A,12109,c1,soft,4,105652,2,0,0,0.001636,0.0,1.0,0,0.0
A-12109-3,A,12109,c2,hard,5,102,2,0,0,0.001636,0.2,1.0,0,0.0
A-12109-3,A,12109,c2,soft,5,105739,2,0,0,0.001636,0.2,1.0,0,0.0
A-12109-3,A,12109,c3,hard,5,102,2,0,0,0.001636,0.2,1.0,0,0.0
A-12109-3,A,12109,c3,soft,5,105739,2,0,0,0.001636,0.2,1.0,0,0.0
A-13737-1,A,13737,c1,hard,1,81432,19825,0,0,0.000202,0.4,1.0,0,0.0
A-13737-1,A,13737,c1,soft,1,81432,19825,0,0,0.000202,0.4,1.0,0,0.0
A-13737-1,A,13737,c2,hard,1,81432,19825,0,0,0.000202,0.4,1.0,0,0.0
A-13737-1,A,13737,c2,soft,1,81432,19825,0,0,0.000202,0.4,1.0,0,0.0
A-13737-1,A,13737,c3,hard,1,81432,19825,0,0,0.000202,0.4,1.0,0,0.0
A-13737-1,A,13737,c3,soft,1,81432,19825,0,0,0.000202,0.4,1.0,0,0.0
A-13737-2,A,13737,c1,hard,3,1275,1,0,0,0.000202,0.0,0.8,0,0.0
A-13737-2,A,13737,c1,soft,3,85816,1,0,0,0.000202,0.0,0.8,0,0.0
A-13737-2,A,13737,c2,hard,3,1275,1,0,0,0.000202,0.0,0.8,0,0.0
A-13737-2,A,13737,c2,soft,3,85816,1,0,0,0.000202,0.0,0.8,0,0.0
A-13737-2,A,13737,c3,hard,3,1275,1,0,0,0.000202,0.0,0.8,0,0.0
A-13737-2,A,13737,c3,soft,3,85816,1,0,0,0.000202,0.0,0.8,0,0.0
A-13737-3,A,13737,c1,hard,0,0,0,1,1,0.000202,0.0,0.0,0,0.0
A-13737-3,A,13737,c1,soft,0,0,0,1,1,0.000202,0.0,0.0,0,0.0
A-13737-3,A,13737,c2,hard,0,0,0,1,1,0.000202,0.0,0.0,0,0.0
A-13737-3,A,13737,c2,soft,0,0,0,1,1,0.000202,0.0,0.0,0,0.0
A-13737-3,A,13737,c3,hard,0,0,0,1,1,0.000202,0.0,0.0,0,0.0
A-13737-3,A,13737,c3,soft,0,0,0,1,1,0.000202,0.0,0.0,0,0.0
A-14649-1,A,14649,c1,hard,2,38224,329,0,0,0.000782,0.0,0.6,0,0.0
A-14649-1,A,14649,c1,soft,2,103177,329,0,0,0.000782,0.0,0.6,0,0.0
A-14649-1,A,14649,c2,hard,2,38224,329,0,0,0.000782,0.0,0.6,0,0.0
A-14649-1,A,14649,c2,soft,2,103177,329,0,0,0.000782,0.0,0.6,0,0.0
A-14649-1,A,14649,c3,hard,3,10339,21,0,0,0.000782,0.4,1.0,0,0.0
A-14649-1,A,14649,c3,soft,3,113955,21,0,0,0.000782,0.4,1.0,0,0.0
A-14649-2,A,14649,c1,hard,1,59969,17736,0,0,0.000782,0.4,0.8,0,0.0
A-14649-2,A,14649,c1,soft,1,59969,17736,0,0,0.000782,0.4,0.8,0,0.0
A-14649-2,A,14649,c2,hard,3,2099,1,0,0,0.000782,0.0,0.2,0,0.0
A-14649-2,A,14649,c2,soft,3,71708,1,0,0,0.000782,0.0,0.2,0,0.0
A-14649-2,A,14649,c3,hard,3,2099,1,0,0,0.000782,0.0,0.2,0,0.0
A-14649-2,A,14649,c3,soft,3,71708,1,0,0,0.000782,0.0,0.2,0,0.0
A-14649-3,A,14649,c1,hard,3,10339,21,0,0,0.000782,0.4,1.0,0,0.0
A-14649-3,A,14649,c1,soft,3,113955,21,0,0,0.000782,0.4,1.0,0,0.0
A-14649-3,A,14649,c2,hard,3,10339,21,0,0,0.000782,0.4,1.0,0,0.0
A-14649-3,A,14649,c2,soft,3,113955,21,0,0,0.000782,0.4,1.0,0,0.0
A-14649-3,A,14649,c3,hard,3,10339,21,0,0,0.000782,0.4,1.0,0,0.0
A-14649-3,A,14649,c3,soft,3,113955,21,0,0,0.000782,0.4,1.0,0,0.0
A-14694-1,A,14694,c1,hard,1,25617,4450,0,0,0.000804,0.2,0.6,0,0.0
A-14694-1,A,14694,c1,soft,1,25617,4450,0,0,0.000804,0.2,0.6,0,0.0
A-14694-1,A,14694,c2,hard,1,25617,4450,0,0,0.000804,0.2,0.6,0,0.0
A-14694-1,A,14694,c2,soft,1,25617,4450,0,0,0.000804,0.2,0.6,0,0.0
A-14694-1,A,14694,c3,hard,3,0,0,1,1,0.000804,0.0,0.0,0,0.0
A-14694-1,A,14694,c3,soft,3,56618,142,0,0,0.000804,0.2,1.0,0,0.0
A-14694-2,A,14694,c1,hard,2,15238,31,0,0,0.000804,0.2,1.0,0,0.0
A-14694-2,A,14694,c1,soft,2,56965,31,0,0,0.000804,0.2,1.0,0,0.0
A-14694-2,A,14694,c2,hard,2,15238,31,0,0,0.000804,0.2,1.0,0,0.0
A-14694-2,A,14694,c2,soft,2,56965,31,0,0,0.000804,0.2,1.0,0,0.0
A-14694-2,A,14694,c3,hard,2,15238,31,0,0,0.000804,0.2,1.0,0,0.0
A-14694-2,A,14694,c3,soft,2,56965,31,0,0,0.000804,0.2,1.0,0,0.0
A-14694-3,A,14694,c1,hard,1,25617,4450,0,0,0.000804,0.2,0.6,0,0.0
A-14694-3,A,14694,c1,soft,1,25617,4450,0,0,0.000804,0.2,0.6,0,0.0
A-14694-3,A,14694,c2,hard,1,25617,4450,0,0,0.000804,0.2,0.6,0,0.0
A-14694-3,A,14694,c2,soft,1,25617,4450,0,0,0.000804,0.2,0.6,0,0.0
A-14694-3,A,14694,c3,hard,1,25617,4450,0,0,0.000804,0.2,0.6,0,0.0
A-14694-3,A,14694,c3,soft,1,25617,4450,0,0,0.000804,0.2,0.6,0,0.0
A-15130-1,A,15130,c1,hard,3,213,1,0,0,0.004184,0.4,1.0,0,0.0
A-15130-1,A,15130,c1,soft,3,87229,1,0,0,0.004184,0.4,1.0,0,0.0
A-15130-1,A,15130,c2,hard,3,213,1,0,0,0.004184,0.4,1.0,0,0.0
A-15130-1,A,15130,c2,soft,3,87229,1,0,0,0.004184,0.4,1.0,0,0.0
A-15130-1,A,15130,c3,hard,3,213,1,0,0,0.004184,0.4,1.0,0,0.0
A-15130-1,A,15130,c3,soft,3,87229,1,0,0,0.004184,0.4,1.0,0,0.0
A-15130-2,A,15130,c1,hard,2,3013,5,0,0,0.004184,0.2,1.0,0,0.0
A-15130-2,A,15130,c1,soft,2,68421,5,0,0,0.004184,0.2,1.0,0,0.0
A-15130-2,A,15130,c2,hard,3,129,1,0,0,0.004184,0.6,1.0,0,0.0
A-15130-2,A,15130,c2,soft,3,68649,1,0,0,0.004184,0.6,1.0,0,0.0
A-15130-2,A,15130,c3,hard,3,129,1,0,0,0.004184,0.6,1.0,0,0.0
A-15130-2,A,15130,c3,soft,3,68649,1,0,0,0.004184,0.6,1.0,0,0.0
A-15130-3,A,15130,c1,hard,0,0,0,1,1,0.004184,0.0,0.0,0,0.0
A-15130-3,A,15130,c1,soft,0,0,0,1,1,0.004184,0.0,0.0,0,0.0
A-15130-3,A,15130,c2,hard,0,0,0,1,1,0.004184,0.0,0.0,0,0.0
A-15130-3,A,15130,c2,soft,0,0,0,1,1,0.004184,0.0,0.0,0,0.0
A-15130-3,A,15130,c3,hard,0,0,0,1,1,0.004184,0.0,0.0,0,0.0
A-15130-3,A,15130,c3,soft,0,0,0,1,1,0.004184,0.0,0.0,0,0.0
A-15291-1,A,15291,c1,hard,3,5605,16,0,0,0.000892,1.0,1.0,0,0.0
A-15291-1,A,15291,c1,soft,3,110480,16,0,0,0.000892,1.0,1.0,0,0.0
A-15291-1,A,15291,c2,hard,5,276,1,0,0,0.000892,1.0,1.0,0,0.0
A-15291-1,A,15291,c2,soft,5,116947,1,0,0,0.000892,1.0,1.0,0,0.0
A-15291-1,A,15291,c3,hard,6,68,1,0,0,0.000892,1.0,1.0,0,0.0
A-15291-1,A,15291,c3,soft,6,121555,2,0,0,0.000892,0.8,1.0,0,0.0
A-15291-2,A,15291,c1,hard,2,18416,146,0,0,0.000892,0.0,1.0,0,0.0
A-15291-2,A,15291,c1,soft,2,97578,146,0,0,0.000892,0.0,1.0,0,0.0
A-15291-2,A,15291,c2,hard,2,18416,146,0,0,0.000892,0.0,1.0,0,0.0
A-15291-2,A,15291,c2,soft,2,97578,146,0,0,0.000892,0.0,1.0,0,0.0
A-15291-2,A,15291,c3,hard,3,5605,16,0,0,0.000892,1.0,1.0,0,0.0
A-15291-2,A,15291,c3,soft,3,110480,16,0,0,0.000892,1.0,1.0,0,0.0
A-15291-3,A,15291,c1,hard,3,4106,20,0,0,0.000892,0.2,1.0,0,0.0
A-15291-3,A,15291,c1,soft,3,114517,20,0,0,0.000892,0.2,1.0,0,0.0
A-15291-3,A,15291,c2,hard,5,73,1,0,0,0.000892,0.4,1.0,0,0.0
A-15291-3,A,15291,c2,soft,5,122299,1,0,0,0.000892,0.4,1.0,0,0.0
A-15291-3,A,15291,c3,hard,6,33,1,0,0,0.000892,1.0,1.0,0,0.0
A-15291-3,A,15291,c3,soft,6,123550,3,0,0,0.000892,1.0,1.0,0,0.0
A-16657-1,A,16657,c1,hard,1,34562,5639,0,0,0.003639,0.0,0.6,0,0.0
A-16657-1,A,16657,c1,soft,1,34562,5639,0,0,0.003639,0.0,0.6,0,0.0
A-16657-1,A,16657,c2,hard,1,34562,5639,0,0,0.003639,0.0,0.6,0,0.0
A-16657-1,A,16657,c2,soft,1,34562,5639,0,0,0.003639,0.0,0.6,0,0.0
A-16657-1,A,16657,c3,hard,1,34562,5639,0,0,0.003639,0.0,0.6,0,0.0
A-16657-1,A,16657,c3,soft,1,34562,5639,0,0,0.003639,0.0,0.6,0,0.0
A-16657-2,A,16657,c1,hard,3,67,1,0,0,0.003639,0.2,0.6,0,0.0
A-16657-2,A,16657,c1,soft,3,69040,7,0,0,0.003639,0.0,0.4,0,0.0
A-16657-2,A,16657,c2,hard,5,0,0,1,1,0.003639,0.0,0.0,0,0.0
A-16657-2,A,16657,c2,soft,5,92799,1,0,0,0.003639,0.0,0.2,0,0.0
A-16657-2,A,16657,c3,hard,5,0,0,1,1,0.003639,0.0,0.0,0,0.0
A-16657-2,A,16657,c3,soft,5,92799,1,0,0,0.003639,0.0,0.2,0,0.0
A-16657-3,A,16657,c1,hard,0,0,0,1,1,0.003639,0.0,0.0,0,0.0
A-16657-3,A,16657,c1,soft,0,0,0,1,1,0.003639,0.0,0.0,0,0.0
A-16657-3,A,16657,c2,hard,0,0,0,1,1,0.003639,0.0,0.0,0,0.0
A-16657-3,A,16657,c2,soft,0,0,0,1,1,0.003639,0.0,0.0,0,0.0
A-16657-3,A,16657,c3,hard,0,0,0,1,1,0.003639,0.0,0.0,0,0.0
A-16657-3,A,16657,c3,soft,0,0,0,1,1,0.003639,0.0,0.0,0,0.0
A-17140-1,A,17140,c1,hard,2,2190,6,0,0,0.003232,0.8,1.0,0,0.0
A-17140-1,A,17140,c1,soft,2,35641,6,0,0,0.003232,0.8,1.0,0,0.0
A-17140-1,A,17140,c2,hard,5,62,1,0,0,0.003232,0.8,1.0,0,0.0
A-17140-1,A,17140,c2,soft,5,71732,2,0,0,0.003232,0.6,1.0,0,0.0
A-17140-1,A,17140,c3,hard,5,62,1,0,0,0.003232,0.8,1.0,0,0.0
A-17140-1,A,17140,c3,soft,5,71732,2,0,0,0.003232,0.6,1.0,0,0.0
A-17140-2,A,17140,c1,hard,2,2190,6,0,0,0.003232,0.8,1.0,0,0.0
A-17140-2,A,17140,c1,soft,2,35641,6,0,0,0.003232,0.8,1.0,0,0.0
A-17140-2,A,17140,c2,hard,2,2190,6,0,0,0.003232,0.8,1.0,0,0.0
A-17140-2,A,17140,c2,soft,2,35641,6,0,0,0.003232,0.8,1.0,0,0.0
A-17140-2,A,17140,c3,hard,2,2190,6,0,0,0.003232,0.8,1.0,0,0.0
A-17140-2,A,17140,c3,soft,2,35641,6,0,0,0.003232,0.8,1.0,0,0.0
A-17140-3,A,17140,c1,hard,2,2190,6,0,0,0.003232,0.8,1.0,0,0.0
A-17140-3,A,17140,c1,soft,2,35641,6,0,0,0.003232,0.8,1.0,0,0.0
A-17140-3,A,17140,c2,hard,5,62,1,0,0,0.003232,0.8,1.0,0,0.0
A-17140-3,A,17140,c2,soft,5,71732,2,0,0,0.003232,0.6,1.0,0,0.0
A-17140-3,A,17140,c3,hard,5,62,1,0,0,0.003232,0.8,1.0,0,0.0
A-17140-3,A,17140,c3,soft,5,71732,2,0,0,0.003232,0.6,1.0,0,0.0
A-17665-1,A,17665,c1,hard,3,108,2,0,0,0.000353,0.0,0.4,0,0.0
A-17665-1,A,17665,c1,soft,3,84872,2,0,0,0.000353,0.0,0.4,0,0.0
A-17665-1,A,17665,c2,hard,3,108,2,0,0,0.000353,0.0,0.4,0,0.0
A-17665-1,A,17665,c2,soft,3,84872,2,0,0,0.000353,0.0,0.4,0,0.0
A-17665-1,A,17665,c3,hard,4,76,1,0,0,0.000353,0.2,1.0,1,0.2
A-17665-1,A,17665,c3,soft,4,93775,1,0,0,0.000353,0.2,1.0,1,0.2
A-17665-2,A,17665,c1,hard,2,7563,60,0,0,0.000353,0.2,0.6,0,0.0
A-17665-2,A,17665,c1,soft,2,84678,60,0,0,0.000353,0.2,0.6,0,0.0
A-17665-2,A,17665,c2,hard,2,7563,60,0,0,0.000353,0.2,0.6,0,0.0
A-17665-2,A,17665,c2,soft,2,84678,60,0,0,0.000353,0.2,0.6,0,0.0
A-17665-2,A,17665,c3,hard,2,7563,60,0,0,0.000353,0.2,0.6,0,0.0
A-17665-2,A,17665,c3,soft,2,84678,60,0,0,0.000353,0.2,0.6,0,0.0
A-17665-3,A,17665,c1,hard,2,7563,60,0,0,0.000353,0.2,0.6,0,0.0
A-17665-3,A,17665,c1,soft,2,84678,60,0,0,0.000353,0.2,0.6,0,0.0
A-17665-3,A,17665,c2,hard,4,59,2,0,0,0.000353,0.0,0.2,0,0.0
A-17665-3,A,17665,c2,soft,4,112621,2,0,0,0.000353,0.0,0.2,0,0.0
A-17665-3,A,17665,c3,hard,4,59,2,0,0,0.000353,0.0,0.2,0,0.0
A-17665-3,A,17665,c3,soft,4,112621,2,0,0,0.000353,0.0,0.2,0,0.0
A-18272-1,A,18272,c1,hard,3,540,1,0,0,0.0005,0.0,1.0,0,0.0
A-18272-1,A,18272,c1,soft,3,78664,1,0,0,0.0005,0.0,1.0,0,0.0
A-18272-1,A,18272,c2,hard,5,47,1,0,0,0.0005,0.4,1.0,0,0.0
A-18272-1,A,18272,c2,soft,5,104324,1,0,0,0.0005,0.4,1.0,0,0.0
A-18272-1,A,18272,c3,hard,5,47,1,0,0,0.0005,0.4,1.0,0,0.0
A-18272-1,A,18272,c3,soft,5,104324,1,0,0,0.0005,0.4,1.0,0,0.0
A-18272-2,A,18272,c1,hard,2,1875,1,0,0,0.0005,0.2,0.6,0,0.0
A-18272-2,A,18272,c1,soft,2,48178,1,0,0,0.0005,0.2,0.6,0,0.0
A-18272-2,A,18272,c2,hard,2,1875,1,0,0,0.0005,0.2,0.6,0,0.0
A-18272-2,A,18272,c2,soft,2,48178,1,0,0,0.0005,0.2,0.6,0,0.0
A-18272-2,A,18272,c3,hard,3,558,1,0,0,0.0005,0.6,1.0,0,0.0
A-18272-2,A,18272,c3,soft,3,72355,1,0,0,0.0005,0.6,1.0,0,0.0
A-18272-3,A,18272,c1,hard,4,91,1,0,0,0.0005,0.2,0.6,0,0.0
A-18272-3,A,18272,c1,soft,4,103959,1,0,0,0.0005,0.2,0.6,0,0.0
A-18272-3,A,18272,c2,hard,5,3,3,0,0,0.0005,0.0,0.6666666666666666,0,0.0
A-18272-3,A,18272,c2,soft,5,104083,1,0,0,0.0005,0.2,0.4,0,0.0
A-18272-3,A,18272,c3,hard,6,2,2,1,0,0.0005,0.0,1.0,0,0.0
A-18272-3,A,18272,c3,soft,6,107663,2,0,0,0.0005,0.2,1.0,0,0.0
A-22477-1,A,22477,c1,hard,2,5194,2,0,0,0.000517,0.2,1.0,0,0.0
A-22477-1,A,22477,c1,soft,2,84845,2,0,0,0.000517,0.2,1.0,0,0.0
A-22477-1,A,22477,c2,hard,4,334,1,0,0,0.000517,0.0,0.8,0,0.0
A-22477-1,A,22477,c2,soft,4,86893,1,0,0,0.000517,0.0,0.8,0,0.0
A-22477-1,A,22477,c3,hard,5,16,1,0,0,0.000517,0.0,0.6,0,0.0
A-22477-1,A,22477,c3,soft,5,105413,1,0,0,0.000517,0.2,0.8,0,0.0
A-22477-2,A,22477,c1,hard,1,81432,19825,0,0,0.000517,0.4,1.0,0,0.0
A-22477-2,A,22477,c1,soft,1,81432,19825,0,0,0.000517,0.4,1.0,0,0.0
A-22477-2,A,22477,c2,hard,3,1469,3,0,0,0.000517,0.2,1.0,0,0.0
A-22477-2,A,22477,c2,soft,3,110677,3,0,0,0.000517,0.2,1.0,0,0.0
A-22477-2,A,22477,c3,hard,3,1469,3,0,0,0.000517,0.2,1.0,0,0.0
A-22477-2,A,22477,c3,soft,3,110677,3,0,0,0.000517,0.2,1.0,0,0.0
A-22477-3,A,22477,c1,hard,1,81432,19825,0,0,0.000517,0.4,1.0,0,0.0
A-22477-3,A,22477,c1,soft,1,81432,19825,0,0,0.000517,0.4,1.0,0,0.0
A-22477-3,A,22477,c2,hard,1,81432,19825,0,0,0.000517,0.4,1.0,0,0.0
A-22477-3,A,22477,c2,soft,1,81432,19825,0,0,0.000517,0.4,1.0,0,0.0
A-22477-3,A,22477,c3,hard,2,23528,143,0,0,0.000517,0.2,1.0,0,0.0
A-22477-3,A,22477,c3,soft,2,101126,143,0,0,0.000517,0.2,1.0,0,0.0
A-23480-1,A,23480,c1,hard,2,18416,146,0,0,0.000635,0.0,1.0,0,0.0
A-23480-1,A,23480,c1,soft,2,97578,146,0,0,0.000635,0.0,1.0,0,0.0
A-23480-1,A,23480,c2,hard,4,816,2,0,0,0.000635,0.2,0.8,0,0.0
A-23480-1,A,23480,c2,soft,4,113360,2,0,0,0.000635,0.2,0.8,0,0.0
A-23480-1,A,23480,c3,hard,4,816,2,0,0,0.000635,0.2,0.8,0,0.0
A-23480-1,A,23480,c3,soft,4,113360,2,0,0,0.000635,0.2,0.8,0,0.0
A-23480-2,A,23480,c1,hard,1,34562,5639,0,0,0.000635,0.4,1.0,0,0.0
A-23480-2,A,23480,c1,soft,1,34562,5639,0,0,0.000635,0.4,1.0,0,0.0
A-23480-2,A,23480,c2,hard,3,2417,4,0,0,0.000635,0.4,1.0,0,0.0
A-23480-2,A,23480,c2,soft,3,70490,4,0,0,0.000635,0.4,1.0,0,0.0
A-23480-2,A,23480,c3,hard,3,2417,4,0,0,0.000635,0.4,1.0,0,0.0
A-23480-2,A,23480,c3,soft,3,70490,4,0,0,0.000635,0.4,1.0,0,0.0
A-23480-3,A,23480,c1,hard,3,6663,22,0,0,0.000635,0.0,0.8,0,0.0
A-23480-3,A,23480,c1,soft,3,113144,22,0,0,0.000635,0.0,0.8,0,0.0
A-23480-3,A,23480,c2,hard,3,6663,22,0,0,0.000635,0.0,0.8,0,0.0
A-23480-3,A,23480,c2,soft,3,113144,22,0,0,0.000635,0.0,0.8,0,0.0
A-23480-3,A,23480,c3,hard,3,6663,22,0,0,0.000635,0.0,0.8,0,0.0
A-23480-3,A,23480,c3,soft,3,113144,22,0,0,0.000635,0.0,0.8,0,0.0
A-25864-1,A,25864,c1,hard,4,4614,1,0,0,0.00057,0.0,1.0,0,0.0
A-25864-1,A,25864,c1,soft,4,121079,1,0,0,0.00057,0.0,1.0,0,0.0
A-25864-1,A,25864,c2,hard,4,4614,1,0,0,0.00057,0.0,1.0,0,0.0
A-25864-1,A,25864,c2,soft,4,121079,1,0,0,0.00057,0.0,1.0,0,0.0
A-25864-1,A,25864,c3,hard,4,4614,1,0,0,0.00057,0.0,1.0,0,0.0
A-25864-1,A,25864,c3,soft,4,121079,1,0,0,0.00057,0.0,1.0,0,0.0
A-25864-2,A,25864,c1,hard,4,957,6,0,0,0.00057,0.2,1.0,0,0.0
A-25864-2,A,25864,c1,soft,4,116956,6,0,0,0.00057,0.2,1.0,0,0.0
A-25864-2,A,25864,c2,hard,6,11,1,0,0,0.00057,0.0,0.2,0,0.0
A-25864-2,A,25864,c2,soft,6,123508,1,0,0,0.00057,0.0,0.0,0,0.0
A-25864-2,A,25864,c3,hard,6,11,1,0,0,0.00057,0.0,0.2,0,0.0
A-25864-2,A,25864,c3,soft,6,123508,1,0,0,0.00057,0.0,0.0,0,0.0
A-25864-3,A,25864,c1,hard,2,14466,124,0,0,0.00057,0.4,1.0,0,0.0
A-25864-3,A,25864,c1,soft,2,92583,124,0,0,0.00057,0.4,1.0,0,0.0
A-25864-3,A,25864,c2,hard,2,14466,124,0,0,0.00057,0.4,1.0,0,0.0
A-25864-3,A,25864,c2,soft,2,92583,124,0,0,0.00057,0.4,1.0,0,0.0
A-25864-3,A,25864,c3,hard,2,14466,124,0,0,0.00057,0.4,1.0,0,0.0
A-25864-3,A,25864,c3,soft,2,92583,124,0,0,0.00057,0.4,1.0,0,0.0
A-25967-1,A,25967,c1,hard,2,38224,329,0,0,0.000421,0.2,1.0,0,0.0
A-25967-1,A,25967,c1,soft,2,103177,329,0,0,0.000421,0.2,1.0,0,0.0
A-25967-1,A,25967,c2,hard,2,38224,329,0,0,0.000421,0.2,1.0,0,0.0
A-25967-1,A,25967,c2,soft,2,103177,329,0,0,0.000421,0.2,1.0,0,0.0
A-25967-1,A,25967,c3,hard,2,38224,329,0,0,0.000421,0.2,1.0,0,0.0
A-25967-1,A,25967,c3,soft,2,103177,329,0,0,0.000421,0.2,1.0,0,0.0
A-25967-2,A,25967,c1,hard,2,38224,329,0,0,0.000421,0.2,1.0,0,0.0
A-25967-2,A,25967,c1,soft,2,103177,329,0,0,0.000421,0.2,1.0,0,0.0
A-25967-2,A,25967,c2,hard,2,38224,329,0,0,0.000421,0.2,1.0,0,0.0
A-25967-2,A,25967,c2,soft,2,103177,329,0,0,0.000421,0.2,1.0,0,0.0
A-25967-2,A,25967,c3,hard,2,38224,329,0,0,0.000421,0.2,1.0,0,0.0
A-25967-2,A,25967,c3,soft,2,103177,329,0,0,0.000421,0.2,1.0,0,0.0
A-25967-3,A,25967,c1,hard,2,38224,329,0,0,0.000421,0.2,1.0,0,0.0
A-25967-3,A,25967,c1,soft,2,103177,329,0,0,0.000421,0.2,1.0,0,0.0
A-25967-3,A,25967,c2,hard,2,38224,329,0,0,0.000421,0.2,1.0,0,0.0
A-25967-3,A,25967,c2,soft,2,103177,329,0,0,0.000421,0.2,1.0,0,0.0
A-25967-3,A,25967,c3,hard,2,38224,329,0,0,0.000421,0.2,1.0,0,0.0
A-25967-3,A,25967,c3,soft,2,103177,329,0,0,0.000421,0.2,1.0,0,0.0
A-29105-1,A,29105,c1,hard,3,561,1,0,0,0.000399,1.0,1.0,0,0.0
A-29105-1,A,29105,c1,soft,3,85597,1,0,0,0.000399,1.0,1.0,0,0.0
A-29105-1,A,29105,c2,hard,4,544,1,0,0,0.000399,1.0,1.0,0,0.0
A-29105-1,A,29105,c2,soft,4,101550,1,0,0,0.000399,1.0,1.0,0,0.0
A-29105-1,A,29105,c3,hard,4,544,1,0,0,0.000399,1.0,1.0,0,0.0
A-29105-1,A,29105,c3,soft,4,101550,1,0,0,0.000399,1.0,1.0,0,0.0
A-29105-2,A,29105,c1,hard,2,1186,14,0,0,0.000399,0.4,0.8,0,0.0
A-29105-2,A,29105,c1,soft,2,62791,14,0,0,0.000399,0.4,0.8,0,0.0
A-29105-2,A,29105,c2,hard,3,1086,2,0,0,0.000399,0.4,1.0,0,0.0
A-29105-2,A,29105,c2,soft,3,96057,2,0,0,0.000399,0.4,1.0,0,0.0
A-29105-2,A,29105,c3,hard,3,1086,2,0,0,0.000399,0.4,1.0,0,0.0
A-29105-2,A,29105,c3,soft,3,96057,2,0,0,0.000399,0.4,1.0,0,0.0
A-29105-3,A,29105,c1,hard,2,12842,129,0,0,0.000399,0.2,1.0,0,0.0
A-29105-3,A,29105,c1,soft,2,81689,129,0,0,0.000399,0.2,1.0,0,0.0
A-29105-3,A,29105,c2,hard,2,12842,129,0,0,0.000399,0.2,1.0,0,0.0
A-29105-3,A,29105,c2,soft,2,81689,129,0,0,0.000399,0.2,1.0,0,0.0
A-29105-3,A,29105,c3,hard,3,4428,15,0,0,0.000399,1.0,1.0,0,0.0
A-29105-3,A,29105,c3,soft,3,97687,15,0,0,0.000399,1.0,1.0,0,0.0
A-30544-1,A,30544,c1,hard,1,57067,17122,0,0,0.000456,0.6,1.0,0,0.0
A-30544-1,A,30544,c1,soft,1,57067,17122,0,0,0.000456,0.6,1.0,0,0.0
A-30544-1,A,30544,c2,hard,1,57067,17122,0,0,0.000456,0.6,1.0,0,0.0
A-30544-1,A,30544,c2,soft,1,57067,17122,0,0,0.000456,0.6,1.0,0,0.0
A-30544-1,A,30544,c3,hard,1,57067,17122,0,0,0.000456,0.6,1.0,0,0.0
A-30544-1,A,30544,c3,soft,1,57067,17122,0,0,0.000456,0.6,1.0,0,0.0
A-30544-2,A,30544,c1,hard,3,2769,1,0,0,0.000456,0.0,1.0,0,0.0
A-30544-2,A,30544,c1,soft,3,105000,1,0,0,0.000456,0.0,1.0,0,0.0
A-30544-2,A,30544,c2,hard,3,2769,1,0,0,0.000456,0.0,1.0,0,0.0
A-30544-2,A,30544,c2,soft,3,105000,1,0,0,0.000456,0.0,1.0,0,0.0
A-30544-2,A,30544,c3,hard,3,2769,1,0,0,0.000456,0.0,1.0,0,0.0
A-30544-2,A,30544,c3,soft,3,105000,1,0,0,0.000456,0.0,1.0,0,0.0
A-30544-3,A,30544,c1,hard,0,0,0,1,1,0.000456,0.0,0.0,0,0.0
A-30544-3,A,30544,c1,soft,0,0,0,1,1,0.000456,0.0,0.0,0,0.0
A-30544-3,A,30544,c2,hard,0,0,0,1,1,0.000456,0.0,0.0,0,0.0
A-30544-3,A,30544,c2,soft,0,0,0,1,1,0.000456,0.0,0.0,0,0.0
A-30544-3,A,30544,c3,hard,0,0,0,1,1,0.000456,0.0,0.0,0,0.0
A-30544-3,A,30544,c3,soft,0,0,0,1,1,0.000456,0.0,0.0,0,0.0
A-30624-1,A,30624,c1,hard,2,12842,129,0,0,0.000825,0.0,0.8,0,0.0
A-30624-1,A,30624,c1,soft,2,81689,129,0,0,0.000825,0.0,0.8,0,0.0
A-30624-1,A,30624,c2,hard,4,606,1,0,0,0.000825,0.0,0.8,0,0.0
A-30624-1,A,30624,c2,soft,4,101377,1,0,0,0.000825,0.0,0.8,0,0.0
A-30624-1,A,30624,c3,hard,5,267,2,0,0,0.000825,0.2,1.0,0,0.0
A-30624-1,A,30624,c3,soft,5,106084,2,0,0,0.000825,0.2,1.0,0,0.0
A-30624-2,A,30624,c1,hard,2,14194,1,0,0,0.000825,0.0,0.4,0,0.0
A-30624-2,A,30624,c1,soft,2,79909,1,0,0,0.000825,0.0,0.4,0,0.0
A-30624-2,A,30624,c2,hard,3,520,1,0,0,0.000825,0.0,0.2,0,0.0
A-30624-2,A,30624,c2,soft,3,80146,1,0,0,0.000825,0.0,0.2,0,0.0
A-30624-2,A,30624,c3,hard,3,520,1,0,0,0.000825,0.0,0.2,0,0.0
A-30624-2,A,30624,c3,soft,3,80146,1,0,0,0.000825,0.0,0.2,0,0.0
A-30624-3,A,30624,c1,hard,3,227,1,0,0,0.000825,0.0,0.2,0,0.0
A-30624-3,A,30624,c1,soft,3,85459,1,0,0,0.000825,0.0,0.2,0,0.0
A-30624-3,A,30624,c2,hard,5,0,0,1,1,0.000825,0.0,0.0,0,0.0
A-30624-3,A,30624,c2,soft,5,88096,1,0,0,0.000825,0.0,0.0,0,0.0
A-30624-3,A,30624,c3,hard,5,0,0,1,1,0.000825,0.0,0.0,0,0.0
A-30624-3,A,30624,c3,soft,5,88096,1,0,0,0.000825,0.0,0.0,0,0.0
A-30991-1,A,30991,c1,hard,1,81432,19825,0,0,0.000346,0.2,0.8,0,0.0
A-30991-1,A,30991,c1,soft,1,81432,19825,0,0,0.000346,0.2,0.8,0,0.0
A-30991-1,A,30991,c2,hard,1,81432,19825,0,0,0.000346,0.2,0.8,0,0.0
A-30991-1,A,30991,c2,soft,1,81432,19825,0,0,0.000346,0.2,0.8,0,0.0
A-30991-1,A,30991,c3,hard,1,81432,19825,0,0,0.000346,0.2,0.8,0,0.0
A-30991-1,A,30991,c3,soft,1,81432,19825,0,0,0.000346,0.2,0.8,0,0.0
A-30991-2,A,30991,c1,hard,0,0,0,1,1,0.000346,0.0,0.0,0,0.0
A-30991-2,A,30991,c1,soft,0,0,0,1,1,0.000346,0.0,0.0,0,0.0
A-30991-2,A,30991,c2,hard,0,0,0,1,1,0.000346,0.0,0.0,0,0.0
A-30991-2,A,30991,c2,soft,0,0,0,1,1,0.000346,0.0,0.0,0,0.0
A-30991-2,A,30991,c3,hard,0,0,0,1,1,0.000346,0.0,0.0,0,0.0
A-30991-2,A,30991,c3,soft,0,0,0,1,1,0.000346,0.0,0.0,0,0.0
A-30991-3,A,30991,c1,hard,0,0,0,1,1,0.000346,0.0,0.0,0,0.0
A-30991-3,A,30991,c1,soft,0,0,0,1,1,0.000346,0.0,0.0,0,0.0
A-30991-3,A,30991,c2,hard,0,0,0,1,1,0.000346,0.0,0.0,0,0.0
A-30991-3,A,30991,c2,soft,0,0,0,1,1,0.000346,0.0,0.0,0,0.0
A-30991-3,A,30991,c3,hard,0,0,0,1,1,0.000346,0.0,0.0,0,0.0
A-30991-3,A,30991,c3,soft,0,0,0,1,1,0.000346,0.0,0.0,0,0.0
A-34696-1,A,34696,c1,hard,1,59969,17736,0,0,0.008929,0.0,0.4,0,0.0
A-34696-1,A,34696,c1,soft,1,59969,17736,0,0,0.008929,0.0,0.4,0,0.0
A-34696-1,A,34696,c2,hard,1,59969,17736,0,0,0.008929,0.0,0.4,0,0.0
A-34696-1,A,34696,c2,soft,1,59969,17736,0,0,0.008929,0.0,0.4,0,0.0
A-34696-1,A,34696,c3,hard,2,19255,105,0,0,0.008929,0.0,1.0,0,0.0
A-34696-1,A,34696,c3,soft,2,83936,105,0,0,0.008929,0.0,1.0,0,0.0
A-34696-2,A,34696,c1,hard,0,0,0,1,1,0.008929,0.0,0.0,0,0.0
A-34696-2,A,34696,c1,soft,0,0,0,1,1,0.008929,0.0,0.0,0,0.0
A-34696-2,A,34696,c2,hard,0,0,0,1,1,0.008929,0.0,0.0,0,0.0
A-34696-2,A,34696,c2,soft,0,0,0,1,1,0.008929,0.0,0.0,0,0.0
A-34696-2,A,34696,c3,hard,0,0,0,1,1,0.008929,0.0,0.0,0,0.0
A-34696-2,A,34696,c3,soft,0,0,0,1,1,0.008929,0.0,0.0,0,0.0
A-34696-3,A,34696,c1,hard,3,2100,10,0,0,0.008929,0.2,1.0,0,0.0
A-34696-3,A,34696,c1,soft,3,105621,10,0,0,0.008929,0.2,1.0,0,0.0
A-34696-3,A,34696,c2,hard,3,2100,10,0,0,0.008929,0.2,1.0,0,0.0
A-34696-3,A,34696,c2,soft,3,105621,10,0,0,0.008929,0.2,1.0,0,0.0
A-34696-3,A,34696,c3,hard,4,359,1,0,0,0.008929,1.0,1.0,0,0.0
A-34696-3,A,34696,c3,soft,4,115730,1,0,0,0.008929,1.0,1.0,0,0.0
A-36599-1,A,36599,c1,hard,2,14466,124,0,0,0.000674,0.0,1.0,0,0.0
A-36599-1,A,36599,c1,soft,2,92583,124,0,0,0.000674,0.0,1.0,0,0.0
A-36599-1,A,36599,c2,hard,2,14466,124,0,0,0.000674,0.0,1.0,0,0.0
A-36599-1,A,36599,c2,soft,2,92583,124,0,0,0.000674,0.0,1.0,0,0.0
A-36599-1,A,36599,c3,hard,2,14466,124,0,0,0.000674,0.0,1.0,0,0.0
A-36599-1,A,36599,c3,soft,2,92583,124,0,0,0.000674,0.0,1.0,0,0.0
A-36599-2,A,36599,c1,hard,0,0,0,1,1,0.000674,0.0,0.0,0,0.0
A-36599-2,A,36599,c1,soft,0,0,0,1,1,0.000674,0.0,0.0,0,0.0
A-36599-2,A,36599,c2,hard,2,1317,1,0,0,0.000674,0.0,0.0,0,0.0
A-36599-2,A,36599,c2,soft,2,8464,1,0,0,0.000674,0.0,0.0,0,0.0
A-36599-2,A,36599,c3,hard,2,1317,1,0,0,0.000674,0.0,0.0,0,0.0
A-36599-2,A,36599,c3,soft,2,8464,1,0,0,0.000674,0.0,0.0,0,0.0
A-36599-3,A,36599,c1,hard,3,11279,55,0,0,0.000674,0.8,1.0,0,0.0
A-36599-3,A,36599,c1,soft,3,114772,55,0,0,0.000674,0.8,1.0,0,0.0
A-36599-3,A,36599,c2,hard,3,11279,55,0,0,0.000674,0.8,1.0,0,0.0
A-36599-3,A,36599,c2,soft,3,114772,55,0,0,0.000674,0.8,1.0,0,0.0
A-36599-3,A,36599,c3,hard,3,11279,55,0,0,0.000674,0.8,1.0,0,0.0
A-36599-3,A,36599,c3,soft,3,114772,55,0,0,0.000674,0.8,1.0,0,0.0
A-37574-1,A,37574,c1,hard,4,1499,8,0,0,0.001299,0.0,1.0,0,0.0
A-37574-1,A,37574,c1,soft,4,121382,8,0,0,0.001299,0.0,1.0,0,0.0
A-37574-1,A,37574,c2,hard,4,1499,8,0,0,0.001299,0.0,1.0,0,0.0
A-37574-1,A,37574,c2,soft,4,121382,8,0,0,0.001299,0.0,1.0,0,0.0
A-37574-1,A,37574,c3,hard,4,1499,8,0,0,0.001299,0.0,1.0,0,0.0
A-37574-1,A,37574,c3,soft,4,121382,8,0,0,0.001299,0.0,1.0,0,0.0
A-37574-2,A,37574,c1,hard,3,6663,22,0,0,0.001299,0.0,1.0,0,0.0
A-37574-2,A,37574,c1,soft,3,113144,22,0,0,0.001299,0.0,1.0,0,0.0
A-37574-2,A,37574,c2,hard,5,193,2,0,0,0.001299,0.4,1.0,0,0.0
A-37574-2,A,37574,c2,soft,5,121547,2,0,0,0.001299,0.4,1.0,0,0.0
A-37574-2,A,37574,c3,hard,5,193,2,0,0,0.001299,0.4,1.0,0,0.0
A-37574-2,A,37574,c3,soft,5,121547,2,0,0,0.001299,0.4,1.0,0,0.0
A-37574-3,A,37574,c1,hard,5,616,2,0,0,0.001299,0.0,0.0,0,0.0
A-37574-3,A,37574,c1,soft,5,124617,2,0,0,0.001299,0.0,0.0,0,0.0
A-37574-3,A,37574,c2,hard,5,616,2,0,0,0.001299,0.0,0.0,0,0.0
A-37574-3,A,37574,c2,soft,5,124617,2,0,0,0.001299,0.0,0.0,0,0.0
A-37574-3,A,37574,c3,hard,5,616,2,0,0,0.001299,0.0,0.0,0,0.0
A-37574-3,A,37574,c3,soft,5,124617,2,0,0,0.001299,0.0,0.0,0,0.0
A-38345-1,A,38345,c1,hard,1,60625,7250,0,0,0.000471,0.2,0.6,0,0.0
A-38345-1,A,38345,c1,soft,1,60625,7250,0,0,0.000471,0.2,0.6,0,0.0
A-38345-1,A,38345,c2,hard,1,60625,7250,0,0,0.000471,0.2,0.6,0,0.0
A-38345-1,A,38345,c2,soft,1,60625,7250,0,0,0.000471,0.2,0.6,0,0.0
A-38345-1,A,38345,c3,hard,1,60625,7250,0,0,0.000471,0.2,0.6,0,0.0
A-38345-1,A,38345,c3,soft,1,60625,7250,0,0,0.000471,0.2,0.6,0,0.0
A-38345-2,A,38345,c1,hard,2,22725,301,0,0,0.000471,0.6,1.0,0,0.0
A-38345-2,A,38345,c1,soft,2,76741,301,0,0,0.000471,0.6,1.0,0,0.0
A-38345-2,A,38345,c2,hard,2,22725,301,0,0,0.000471,0.6,1.0,0,0.0
A-38345-2,A,38345,c2,soft,2,76741,301,0,0,0.000471,0.6,1.0,0,0.0
A-38345-2,A,38345,c3,hard,2,22725,301,0,0,0.000471,0.6,1.0,0,0.0
A-38345-2,A,38345,c3,soft,2,76741,301,0,0,0.000471,0.6,1.0,0,0.0
A-38345-3,A,38345,c1,hard,0,0,0,1,1,0.000471,0.0,0.0,0,0.0
A-38345-3,A,38345,c1,soft,0,0,0,1,1,0.000471,0.0,0.0,0,0.0
A-38345-3,A,38345,c2,hard,0,0,0,1,1,0.000471,0.0,0.0,0,0.0
A-38345-3,A,38345,c2,soft,0,0,0,1,1,0.000471,0.0,0.0,0,0.0
A-38345-3,A,38345,c3,hard,0,0,0,1,1,0.000471,0.0,0.0,0,0.0
A-38345-3,A,38345,c3,soft,0,0,0,1,1,0.000471,0.0,0.0,0,0.0
A-39030-1,A,39030,c1,hard,2,21498,33,0,0,1.0,0.0,0.0,0,0.0
A-39030-1,A,39030,c1,soft,2,85713,33,0,0,1.0,0.0,0.0,0,0.0
A-39030-1,A,39030,c2,hard,2,21498,33,0,0,1.0,0.0,0.0,0,0.0
A-39030-1,A,39030,c2,soft,2,85713,33,0,0,1.0,0.0,0.0,0,0.0
A-39030-1,A,39030,c3,hard,2,21498,33,0,0,1.0,0.0,0.0,0,0.0
A-39030-1,A,39030,c3,soft,2,85713,33,0,0,1.0,0.0,0.0,0,0.0
A-39030-2,A,39030,c1,hard,3,29,3,0,0,1.0,0.0,0.4,0,0.0
A-39030-2,A,39030,c1,soft,3,28721,3,0,0,1.0,0.0,0.4,0,0.0
A-39030-2,A,39030,c2,hard,5,0,0,1,1,1.0,0.0,0.0,0,0.0
A-39030-2,A,39030,c2,soft,5,76822,1,0,0,1.0,0.0,0.0,0,0.0
A-39030-2,A,39030,c3,hard,5,0,0,1,1,1.0,0.0,0.0,0,0.0
A-39030-2,A,39030,c3,soft,5,76822,1,0,0,1.0,0.0,0.0,0,0.0
A-39030-3,A,39030,c1,hard,2,1080,24,0,0,1.0,0.0,0.0,0,0.0
A-39030-3,A,39030,c1,soft,2,41884,24,0,0,1.0,0.0,0.0,0,0.0
A-39030-3,A,39030,c2,hard,2,1080,24,0,0,1.0,0.0,0.0,0,0.0
A-39030-3,A,39030,c2,soft,2,41884,24,0,0,1.0,0.0,0.0,0,0.0
A-39030-3,A,39030,c3,hard,2,1080,24,0,0,1.0,0.0,0.0,0,0.0
A-39030-3,A,39030,c3,soft,2,41884,24,0,0,1.0,0.0,0.0,0,0.0
A-39123-1,A,39123,c1,hard,3,2769,1,0,0,0.000221,1.0,1.0,0,0.0
A-39123-1,A,39123,c1,soft,3,105000,1,0,0,0.000221,1.0,1.0,0,0.0
A-39123-1,A,39123,c2,hard,5,1,1,1,0,0.000221,1.0,1.0,0,0.0
A-39123-1,A,39123,c2,soft,5,121086,1,0,0,0.000221,0.0,1.0,0,0.0
A-39123-1,A,39123,c3,hard,6,0,0,1,1,0.000221,0.0,0.0,0,0.0
A-39123-1,A,39123,c3,soft,6,123937,3,0,0,0.000221,0.2,1.0,0,0.0
A-39123-2,A,39123,c1,hard,4,3823,11,0,0,0.000221,0.0,1.0,0,0.0
A-39123-2,A,39123,c1,soft,4,120411,11,0,0,0.000221,0.0,1.0,0,0.0
A-39123-2,A,39123,c2,hard,4,3823,11,0,0,0.000221,0.0,1.0,0,0.0
A-39123-2,A,39123,c2,soft,4,120411,11,0,0,0.000221,0.0,1.0,0,0.0
A-39123-2,A,39123,c3,hard,4,3823,11,0,0,0.000221,0.0,1.0,0,0.0
A-39123-2,A,39123,c3,soft,4,120411,11,0,0,0.000221,0.0,1.0,0,0.0
A-39123-3,A,39123,c1,hard,4,2133,1,0,0,0.000221,0.4,0.6,0,0.0
A-39123-3,A,39123,c1,soft,4,112687,1,0,0,0.000221,0.4,0.6,0,0.0
A-39123-3,A,39123,c2,hard,4,2133,1,0,0,0.000221,0.4,0.6,0,0.0
A-39123-3,A,39123,c2,soft,4,112687,1,0,0,0.000221,0.4,0.6,0,0.0
A-39123-3,A,39123,c3,hard,4,2133,1,0,0,0.000221,0.4,0.6,0,0.0
A-39123-3,A,39123,c3,soft,4,112687,1,0,0,0.000221,0.4,0.6,0,0.0
A-39885-1,A,39885,c1,hard,3,659,2,0,0,0.008993,0.6,1.0,0,0.0
A-39885-1,A,39885,c1,soft,3,104608,2,0,0,0.008993,0.6,1.0,0,0.0
A-39885-1,A,39885,c2,hard,5,16,1,0,0,0.008993,0.4,1.0,0,0.0
A-39885-1,A,39885,c2,soft,5,120935,1,0,0,0.008993,0.2,1.0,0,0.0
A-39885-1,A,39885,c3,hard,5,16,1,0,0,0.008993,0.4,1.0,0,0.0
A-39885-1,A,39885,c3,soft,5,120935,1,0,0,0.008993,0.2,1.0,0,0.0
A-39885-2,A,39885,c1,hard,0,0,0,1,1,0.008993,0.0,0.0,0,0.0
A-39885-2,A,39885,c1,soft,0,0,0,1,1,0.008993,0.0,0.0,0,0.0
A-39885-2,A,39885,c2,hard,0,0,0,1,1,0.008993,0.0,0.0,0,0.0
A-39885-2,A,39885,c2,soft,0,0,0,1,1,0.008993,0.0,0.0,0,0.0
A-39885-2,A,39885,c3,hard,0,0,0,1,1,0.008993,0.0,0.0,0,0.0
A-39885-2,A,39885,c3,soft,0,0,0,1,1,0.008993,0.0,0.0,0,0.0
A-39885-3,A,39885,c1,hard,4,551,1,0,0,0.008993,0.4,1.0,0,0.0
A-39885-3,A,39885,c1,soft,4,120892,1,0,0,0.008993,0.4,1.0,0,0.0
A-39885-3,A,39885,c2,hard,4,551,1,0,0,0.008993,0.4,1.0,0,0.0
A-39885-3,A,39885,c2,soft,4,120892,1,0,0,0.008993,0.4,1.0,0,0.0
A-39885-3,A,39885,c3,hard,4,551,1,0,0,0.008993,0.4,1.0,0,0.0
A-39885-3,A,39885,c3,soft,4,120892,1,0,0,0.008993,0.4,1.0,0,0.0
A-41188-1,A,41188,c1,hard,1,59969,17736,0,0,0.000498,0.0,0.8,0,0.0
A-41188-1,A,41188,c1,soft,1,59969,17736,0,0,0.000498,0.0,0.8,0,0.0
A-41188-1,A,41188,c2,hard,1,59969,17736,0,0,0.000498,0.0,0.8,0,0.0
A-41188-1,A,41188,c2,soft,1,59969,17736,0,0,0.000498,0.0,0.8,0,0.0
A-41188-1,A,41188,c3,hard,1,59969,17736,0,0,0.000498,0.0,0.8,0,0.0
A-41188-1,A,41188,c3,soft,1,59969,17736,0,0,0.000498,0.0,0.8,0,0.0
A-41188-2,A,41188,c1,hard,2,22125,188,0,0,0.000498,0.2,1.0,0,0.0
A-41188-2,A,41188,c1,soft,2,84430,188,0,0,0.000498,0.2,1.0,0,0.0
A-41188-2,A,41188,c2,hard,4,1019,1,0,0,0.000498,0.0,1.0,0,0.0
A-41188-2,A,41188,c2,soft,4,92067,1,0,0,0.000498,0.0,1.0,0,0.0
A-41188-2,A,41188,c3,hard,4,1019,1,0,0,0.000498,0.0,1.0,0,0.0
A-41188-2,A,41188,c3,soft,4,92067,1,0,0,0.000498,0.0,1.0,0,0.0
A-41188-3,A,41188,c1,hard,2,19255,105,0,0,0.000498,0.0,0.8,0,0.0
A-41188-3,A,41188,c1,soft,2,83936,105,0,0,0.000498,0.0,0.8,0,0.0
A-41188-3,A,41188,c2,hard,2,19255,105,0,0,0.000498,0.0,0.8,0,0.0
A-41188-3,A,41188,c2,soft,2,83936,105,0,0,0.000498,0.0,0.8,0,0.0
A-41188-3,A,41188,c3,hard,2,19255,105,0,0,0.000498,0.0,0.8,0,0.0
A-41188-3,A,41188,c3,soft,2,83936,105,0,0,0.000498,0.0,0.8,0,0.0
A-44122-1,A,44122,c1,hard,3,1236,1,0,0,0.000974,1.0,1.0,0,0.0
A-44122-1,A,44122,c1,soft,3,86560,1,0,0,0.000974,1.0,1.0,0,0.0
A-44122-1,A,44122,c2,hard,3,1236,1,0,0,0.000974,1.0,1.0,0,0.0
A-44122-1,A,44122,c2,soft,3,86560,1,0,0,0.000974,1.0,1.0,0,0.0
A-44122-1,A,44122,c3,hard,3,1236,1,0,0,0.000974,1.0,1.0,0,0.0
A-44122-1,A,44122,c3,soft,3,86560,1,0,0,0.000974,1.0,1.0,0,0.0
A-44122-2,A,44122,c1,hard,3,1236,1,0,0,0.000974,1.0,1.0,0,0.0
A-44122-2,A,44122,c1,soft,3,86560,1,0,0,0.000974,1.0,1.0,0,0.0
A-44122-2,A,44122,c2,hard,3,1236,1,0,0,0.000974,1.0,1.0,0,0.0
A-44122-2,A,44122,c2,soft,3,86560,1,0,0,0.000974,1.0,1.0,0,0.0
A-44122-2,A,44122,c3,hard,4,0,0,1,1,0.000974,0.0,0.0,0,0.0
A-44122-2,A,44122,c3,soft,4,86564,1,0,0,0.000974,1.0,1.0,0,0.0
A-44122-3,A,44122,c1,hard,3,1236,1,0,0,0.000974,1.0,1.0,0,0.0
A-44122-3,A,44122,c1,soft,3,86560,1,0,0,0.000974,1.0,1.0,0,0.0
A-44122-3,A,44122,c2,hard,5,0,0,1,1,0.000974,0.0,0.0,0,0.0
A-44122-3,A,44122,c2,soft,5,113512,1,0,0,0.000974,0.6,1.0,0,0.0
A-44122-3,A,44122,c3,hard,5,0,0,1,1,0.000974,0.0,0.0,0,0.0
A-44122-3,A,44122,c3,soft,5,113512,1,0,0,0.000974,0.6,1.0,0,0.0
A-44281-1,A,44281,c1,hard,1,34562,5639,0,0,0.002007,0.0,0.4,0,0.0
A-44281-1,A,44281,c1,soft,1,34562,5639,0,0,0.002007,0.0,0.4,0,0.0
A-44281-1,A,44281,c2,hard,1,34562,5639,0,0,0.002007,0.0,0.4,0,0.0
A-44281-1,A,44281,c2,soft,1,34562,5639,0,0,0.002007,0.0,0.4,0,0.0
A-44281-1,A,44281,c3,hard,2,22600,34,0,0,0.002007,0.0,0.6,0,0.0
A-44281-1,A,44281,c3,soft,2,74847,34,0,0,0.002007,0.0,0.6,0,0.0
A-44281-2,A,44281,c1,hard,0,0,0,1,1,0.002007,0.0,0.0,0,0.0
A-44281-2,A,44281,c1,soft,0,0,0,1,1,0.002007,0.0,0.0,0,0.0
A-44281-2,A,44281,c2,hard,0,0,0,1,1,0.002007,0.0,0.0,0,0.0
A-44281-2,A,44281,c2,soft,0,0,0,1,1,0.002007,0.0,0.0,0,0.0
A-44281-2,A,44281,c3,hard,0,0,0,1,1,0.002007,0.0,0.0,0,0.0
A-44281-2,A,44281,c3,soft,0,0,0,1,1,0.002007,0.0,0.0,0,0.0
A-44281-3,A,44281,c1,hard,1,34562,5639,0,0,0.002007,0.0,0.4,0,0.0
A-44281-3,A,44281,c1,soft,1,34562,5639,0,0,0.002007,0.0,0.4,0,0.0
A-44281-3,A,44281,c2,hard,1,34562,5639,0,0,0.002007,0.0,0.4,0,0.0
A-44281-3,A,44281,c2,soft,1,34562,5639,0,0,0.002007,0.0,0.4,0,0.0
A-44281-3,A,44281,c3,hard,1,34562,5639,0,0,0.002007,0.0,0.4,0,0.0
A-44281-3,A,44281,c3,soft,1,34562,5639,0,0,0.002007,0.0,0.4,0,0.0
A-45877-1,A,45877,c1,hard,3,2769,1,0,0,0.000221,1.0,1.0,0,0.0
A-45877-1,A,45877,c1,soft,3,105000,1,0,0,0.000221,1.0,1.0,0,0.0
A-45877-1,A,45877,c2,hard,3,2769,1,0,0,0.000221,1.0,1.0,0,0.0
A-45877-1,A,45877,c2,soft,3,105000,1,0,0,0.000221,1.0,1.0,0,0.0
A-45877-1,A,45877,c3,hard,3,2769,1,0,0,0.000221,1.0,1.0,0,0.0
A-45877-1,A,45877,c3,soft,3,105000,1,0,0,0.000221,1.0,1.0,0,0.0
A-45877-2,A,45877,c1,hard,2,38224,329,0,0,0.000221,0.8,1.0,0,0.0
A-45877-2,A,45877,c1,soft,2,103177,329,0,0,0.000221,0.8,1.0,0,0.0
A-45877-2,A,45877,c2,hard,2,38224,329,0,0,0.000221,0.8,1.0,0,0.0
A-45877-2,A,45877,c2,soft,2,103177,329,0,0,0.000221,0.8,1.0,0,0.0
A-45877-2,A,45877,c3,hard,2,38224,329,0,0,0.000221,0.8,1.0,0,0.0
A-45877-2,A,45877,c3,soft,2,103177,329,0,0,0.000221,0.8,1.0,0,0.0
A-45877-3,A,45877,c1,hard,3,10339,21,0,0,0.000221,0.2,1.0,0,0.0
A-45877-3,A,45877,c1,soft,3,113955,21,0,0,0.000221,0.2,1.0,0,0.0
A-45877-3,A,45877,c2,hard,3,10339,21,0,0,0.000221,0.2,1.0,0,0.0
A-45877-3,A,45877,c2,soft,3,113955,21,0,0,0.000221,0.2,1.0,0,0.0
A-45877-3,A,45877,c3,hard,3,10339,21,0,0,0.000221,0.2,1.0,0,0.0
A-45877-3,A,45877,c3,soft,3,113955,21,0,0,0.000221,0.2,1.0,0,0.0
A-47550-1,A,47550,c1,hard,2,38224,329,0,0,0.00025,0.6,1.0,0,0.0
A-47550-1,A,47550,c1,soft,2,103177,329,0,0,0.00025,0.6,1.0,0,0.0
A-47550-1,A,47550,c2,hard,2,38224,329,0,0,0.00025,0.6,1.0,0,0.0
A-47550-1,A,47550,c2,soft,2,103177,329,0,0,0.00025,0.6,1.0,0,0.0
A-47550-1,A,47550,c3,hard,2,38224,329,0,0,0.00025,0.6,1.0,0,0.0
A-47550-1,A,47550,c3,soft,2,103177,329,0,0,0.00025,0.6,1.0,0,0.0
A-47550-2,A,47550,c1,hard,2,38224,329,0,0,0.00025,0.6,1.0,0,0.0
A-47550-2,A,47550,c1,soft,2,103177,329,0,0,0.00025,0.6,1.0,0,0.0
A-47550-2,A,47550,c2,hard,2,38224,329,0,0,0.00025,0.6,1.0,0,0.0
A-47550-2,A,47550,c2,soft,2,103177,329,0,0,0.00025,0.6,1.0,0,0.0
A-47550-2,A,47550,c3,hard,2,38224,329,0,0,0.00025,0.6,1.0,0,0.0
A-47550-2,A,47550,c3,soft,2,103177,329,0,0,0.00025,0.6,1.0,0,0.0
A-47550-3,A,47550,c1,hard,2,38224,329,0,0,0.00025,0.6,1.0,0,0.0
A-47550-3,A,47550,c1,soft,2,103177,329,0,0,0.00025,0.6,1.0,0,0.0
A-47550-3,A,47550,c2,hard,2,38224,329,0,0,0.00025,0.6,1.0,0,0.0
A-47550-3,A,47550,c2,soft,2,103177,329,0,0,0.00025,0.6,1.0,0,0.0
A-47550-3,A,47550,c3,hard,2,38224,329,0,0,0.00025,0.6,1.0,0,0.0
A-47550-3,A,47550,c3,soft,2,103177,329,0,0,0.00025,0.6,1.0,0,0.0
A-49144-1,A,49144,c1,hard,4,302,2,0,0,0.005967,1.0,1.0,0,0.0
A-49144-1,A,49144,c1,soft,4,115234,2,0,0,0.005967,1.0,1.0,0,0.0
A-49144-1,A,49144,c2,hard,5,18,1,0,0,0.005967,1.0,1.0,0,0.0
A-49144-1,A,49144,c2,soft,5,115285,2,0,0,0.005967,0.4,0.4,0,0.0
A-49144-1,A,49144,c3,hard,5,18,1,0,0,0.005967,1.0,1.0,0,0.0
A-49144-1,A,49144,c3,soft,5,115285,2,0,0,0.005967,0.4,0.4,0,0.0
A-49144-2,A,49144,c1,hard,3,1038,1,0,0,0.005967,0.4,1.0,0,0.0
A-49144-2,A,49144,c1,soft,3,111183,1,0,0,0.005967,0.4,1.0,0,0.0
A-49144-2,A,49144,c2,hard,4,66,1,0,0,0.005967,0.2,0.8,0,0.0
A-49144-2,A,49144,c2,soft,4,111250,1,0,0,0.005967,0.2,0.6,0,0.0
A-49144-2,A,49144,c3,hard,5,18,1,0,0,0.005967,1.0,1.0,0,0.0
A-49144-2,A,49144,c3,soft,5,115285,2,0,0,0.005967,0.4,0.4,0,0.0
A-49144-3,A,49144,c1,hard,4,302,2,0,0,0.005967,1.0,1.0,0,0.0
A-49144-3,A,49144,c1,soft,4,115234,2,0,0,0.005967,1.0,1.0,0,0.0
A-49144-3,A,49144,c2,hard,5,18,1,0,0,0.005967,1.0,1.0,0,0.0
A-49144-3,A,49144,c2,soft,5,115285,2,0,0,0.005967,0.4,0.4,0,0.0
A-49144-3,A,49144,c3,hard,5,18,1,0,0,0.005967,1.0,1.0,0,0.0
A-49144-3,A,49144,c3,soft,5,115285,2,0,0,0.005967,0.4,0.4,0,0.0
A-51393-1,A,51393,c1,hard,1,34562,5639,0,0,0.021739,0.0,0.6,0,0.0
A-51393-1,A,51393,c1,soft,1,34562,5639,0,0,0.021739,0.0,0.6,0,0.0
A-51393-1,A,51393,c2,hard,3,2417,4,0,0,0.021739,0.0,0.0,0,0.0
A-51393-1,A,51393,c2,soft,3,70490,4,0,0,0.021739,0.0,0.0,0,0.0
A-51393-1,A,51393,c3,hard,3,2417,4,0,0,0.021739,0.0,0.0,0,0.0
A-51393-1,A,51393,c3,soft,3,70490,4,0,0,0.021739,0.0,0.0,0,0.0
A-51393-2,A,51393,c1,hard,2,18416,146,0,0,0.021739,0.0,0.4,0,0.0
A-51393-2,A,51393,c1,soft,2,97578,146,0,0,0.021739,0.0,0.4,0,0.0
A-51393-2,A,51393,c2,hard,4,816,2,0,0,0.021739,0.0,0.0,0,0.0
A-51393-2,A,51393,c2,soft,4,113360,2,0,0,0.021739,0.0,0.0,0,0.0
A-51393-2,A,51393,c3,hard,4,816,2,0,0,0.021739,0.0,0.0,0,0.0
A-51393-2,A,51393,c3,soft,4,113360,2,0,0,0.021739,0.0,0.0,0,0.0
A-51393-3,A,51393,c1,hard,2,18416,146,0,0,0.021739,0.0,0.4,0,0.0
A-51393-3,A,51393,c1,soft,2,97578,146,0,0,0.021739,0.0,0.4,0,0.0
A-51393-3,A,51393,c2,hard,4,816,2,0,0,0.021739,0.0,0.0,0,0.0
A-51393-3,A,51393,c2,soft,4,113360,2,0,0,0.021739,0.0,0.0,0,0.0
A-51393-3,A,51393,c3,hard,4,816,2,0,0,0.021739,0.0,0.0,0,0.0
A-51393-3,A,51393,c3,soft,4,113360,2,0,0,0.021739,0.0,0.0,0,0.0
A-51499-1,A,51499,c1,hard,2,7563,60,0,0,0.00196,0.4,1.0,0,0.0
A-51499-1,A,51499,c1,soft,2,84678,60,0,0,0.00196,0.4,1.0,0,0.0
A-51499-1,A,51499,c2,hard,2,7563,60,0,0,0.00196,0.4,1.0,0,0.0
A-51499-1,A,51499,c2,soft,2,84678,60,0,0,0.00196,0.4,1.0,0,0.0
A-51499-1,A,51499,c3,hard,2,7563,60,0,0,0.00196,0.4,1.0,0,0.0
A-51499-1,A,51499,c3,soft,2,84678,60,0,0,0.00196,0.4,1.0,0,0.0
A-51499-2,A,51499,c1,hard,3,2217,2,0,0,0.00196,0.4,1.0,0,0.0
A-51499-2,A,51499,c1,soft,3,85776,2,0,0,0.00196,0.4,1.0,0,0.0
A-51499-2,A,51499,c2,hard,3,2217,2,0,0,0.00196,0.4,1.0,0,0.0
A-51499-2,A,51499,c2,soft,3,85776,2,0,0,0.00196,0.4,1.0,0,0.0
A-51499-2,A,51499,c3,hard,3,2217,2,0,0,0.00196,0.4,1.0,0,0.0
A-51499-2,A,51499,c3,soft,3,85776,2,0,0,0.00196,0.4,1.0,0,0.0
A-51499-3,A,51499,c1,hard,0,0,0,1,1,0.00196,0.0,0.0,0,0.0
A-51499-3,A,51499,c1,soft,0,0,0,1,1,0.00196,0.0,0.0,0,0.0
A-51499-3,A,51499,c2,hard,0,0,0,1,1,0.00196,0.0,0.0,0,0.0
A-51499-3,A,51499,c2,soft,0,0,0,1,1,0.00196,0.0,0.0,0,0.0
A-51499-3,A,51499,c3,hard,0,0,0,1,1,0.00196,0.0,0.0,0,0.0
A-51499-3,A,51499,c3,soft,0,0,0,1,1,0.00196,0.0,0.0,0,0.0
A-53613-1,A,53613,c1,hard,2,11743,9,0,0,0.000917,0.8,1.0,0,0.0
A-53613-1,A,53613,c1,soft,2,73843,9,0,0,0.000917,0.8,1.0,0,0.0
A-53613-1,A,53613,c2,hard,2,11743,9,0,0,0.000917,0.8,1.0,0,0.0
A-53613-1,A,53613,c2,soft,2,73843,9,0,0,0.000917,0.8,1.0,0,0.0
A-53613-1,A,53613,c3,hard,2,11743,9,0,0,0.000917,0.8,1.0,0,0.0
A-53613-1,A,53613,c3,soft,2,73843,9,0,0,0.000917,0.8,1.0,0,0.0
A-53613-2,A,53613,c1,hard,2,11743,9,0,0,0.000917,0.8,1.0,0,0.0
A-53613-2,A,53613,c1,soft,2,73843,9,0,0,0.000917,0.8,1.0,0,0.0
A-53613-2,A,53613,c2,hard,2,11743,9,0,0,0.000917,0.8,1.0,0,0.0
A-53613-2,A,53613,c2,soft,2,73843,9,0,0,0.000917,0.8,1.0,0,0.0
A-53613-2,A,53613,c3,hard,2,11743,9,0,0,0.000917,0.8,1.0,0,0.0
A-53613-2,A,53613,c3,soft,2,73843,9,0,0,0.000917,0.8,1.0,0,0.0
A-53613-3,A,53613,c1,hard,0,0,0,1,1,0.000917,0.0,0.0,0,0.0
A-53613-3,A,53613,c1,soft,0,0,0,1,1,0.000917,0.0,0.0,0,0.0
A-53613-3,A,53613,c2,hard,0,0,0,1,1,0.000917,0.0,0.0,0,0.0
A-53613-3,A,53613,c2,soft,0,0,0,1,1,0.000917,0.0,0.0,0,0.0
A-53613-3,A,53613,c3,hard,0,0,0,1,1,0.000917,0.0,0.0,0,0.0
A-53613-3,A,53613,c3,soft,0,0,0,1,1,0.000917,0.0,0.0,0,0.0
A-54381-1,A,54381,c1,hard,2,1818,37,0,0,0.0033,1.0,1.0,0,0.0
A-54381-1,A,54381,c1,soft,2,41080,37,0,0,0.0033,1.0,1.0,0,0.0
A-54381-1,A,54381,c2,hard,4,31,1,0,0,0.0033,0.8,1.0,0,0.0
A-54381-1,A,54381,c2,soft,4,75631,1,0,0,0.0033,0.8,1.0,0,0.0
A-54381-1,A,54381,c3,hard,4,31,1,0,0,0.0033,0.8,1.0,0,0.0
A-54381-1,A,54381,c3,soft,4,75631,1,0,0,0.0033,0.8,1.0,0,0.0
A-54381-2,A,54381,c1,hard,1,46586,8553,0,0,0.0033,0.0,0.0,0,0.0
A-54381-2,A,54381,c1,soft,1,46586,8553,0,0,0.0033,0.0,0.0,0,0.0
A-54381-2,A,54381,c2,hard,1,46586,8553,0,0,0.0033,0.0,0.0,0,0.0
A-54381-2,A,54381,c2,soft,1,46586,8553,0,0,0.0033,0.0,0.0,0,0.0
A-54381-2,A,54381,c3,hard,1,46586,8553,0,0,0.0033,0.0,0.0,0,0.0
A-54381-2,A,54381,c3,soft,1,46586,8553,0,0,0.0033,0.0,0.0,0,0.0
A-54381-3,A,54381,c1,hard,2,1818,37,0,0,0.0033,1.0,1.0,0,0.0
A-54381-3,A,54381,c1,soft,2,41080,37,0,0,0.0033,1.0,1.0,0,0.0
A-54381-3,A,54381,c2,hard,2,1818,37,0,0,0.0033,1.0,1.0,0,0.0
A-54381-3,A,54381,c2,soft,2,41080,37,0,0,0.0033,1.0,1.0,0,0.0
A-54381-3,A,54381,c3,hard,2,1818,37,0,0,0.0033,1.0,1.0,0,0.0
A-54381-3,A,54381,c3,soft,2,41080,37,0,0,0.0033,1.0,1.0,0,0.0
A-54516-1,A,54516,c1,hard,2,38224,329,0,0,0.000867,0.4,0.8,0,0.0
A-54516-1,A,54516,c1,soft,2,103177,329,0,0,0.000867,0.4,0.8,0,0.0
A-54516-1,A,54516,c2,hard,2,38224,329,0,0,0.000867,0.4,0.8,0,0.0
A-54516-1,A,54516,c2,soft,2,103177,329,0,0,0.000867,0.4,0.8,0,0.0
A-54516-1,A,54516,c3,hard,2,38224,329,0,0,0.000867,0.4,0.8,0,0.0
A-54516-1,A,54516,c3,soft,2,103177,329,0,0,0.000867,0.4,0.8,0,0.0
A-54516-2,A,54516,c1,hard,2,7888,5,0,0,0.000867,1.0,1.0,0,0.0
A-54516-2,A,54516,c1,soft,2,71130,5,0,0,0.000867,1.0,1.0,0,0.0
A-54516-2,A,54516,c2,hard,5,14,1,0,0,0.000867,0.4,1.0,0,0.0
A-54516-2,A,54516,c2,soft,5,85561,4,0,0,0.000867,0.2,0.8,0,0.0
A-54516-2,A,54516,c3,hard,5,14,1,0,0,0.000867,0.4,1.0,0,0.0
A-54516-2,A,54516,c3,soft,5,85561,4,0,0,0.000867,0.2,0.8,0,0.0
A-54516-3,A,54516,c1,hard,2,38224,329,0,0,0.000867,0.4,0.8,0,0.0
A-54516-3,A,54516,c1,soft,2,103177,329,0,0,0.000867,0.4,0.8,0,0.0
A-54516-3,A,54516,c2,hard,4,1822,3,0,0,0.000867,0.0,1.0,0,0.0
A-54516-3,A,54516,c2,soft,4,104599,3,0,0,0.000867,0.0,1.0,0,0.0
A-54516-3,A,54516,c3,hard,5,269,1,0,0,0.000867,0.4,1.0,0,0.0
A-54516-3,A,54516,c3,soft,5,115030,1,0,0,0.000867,0.4,1.0,0,0.0
A-55558-1,A,55558,c1,hard,1,59969,17736,0,0,0.000202,0.4,1.0,0,0.0
A-55558-1,A,55558,c1,soft,1,59969,17736,0,0,0.000202,0.4,1.0,0,0.0
A-55558-1,A,55558,c2,hard,1,59969,17736,0,0,0.000202,0.4,1.0,0,0.0
A-55558-1,A,55558,c2,soft,1,59969,17736,0,0,0.000202,0.4,1.0,0,0.0
A-55558-1,A,55558,c3,hard,1,59969,17736,0,0,0.000202,0.4,1.0,0,0.0
A-55558-1,A,55558,c3,soft,1,59969,17736,0,0,0.000202,0.4,1.0,0,0.0
A-55558-2,A,55558,c1,hard,2,38224,329,0,0,0.000202,0.4,1.0,0,0.0
A-55558-2,A,55558,c1,soft,2,103177,329,0,0,0.000202,0.4,1.0,0,0.0
A-55558-2,A,55558,c2,hard,2,38224,329,0,0,0.000202,0.4,1.0,0,0.0
A-55558-2,A,55558,c2,soft,2,103177,329,0,0,0.000202,0.4,1.0,0,0.0
A-55558-2,A,55558,c3,hard,2,38224,329,0,0,0.000202,0.4,1.0,0,0.0
A-55558-2,A,55558,c3,soft,2,103177,329,0,0,0.000202,0.4,1.0,0,0.0
A-55558-3,A,55558,c1,hard,1,81432,19825,0,0,0.000202,0.4,1.0,0,0.0
A-55558-3,A,55558,c1,soft,1,81432,19825,0,0,0.000202,0.4,1.0,0,0.0
A-55558-3,A,55558,c2,hard,1,81432,19825,0,0,0.000202,0.4,1.0,0,0.0
A-55558-3,A,55558,c2,soft,1,81432,19825,0,0,0.000202,0.4,1.0,0,0.0
A-55558-3,A,55558,c3,hard,2,4,4,0,0,0.000202,0.25,0.25,0,0.0
A-55558-3,A,55558,c3,soft,2,81436,19824,0,0,0.000202,0.4,0.6,0,0.0
A-56098-1,A,56098,c1,hard,1,34562,5639,0,0,0.000557,0.0,0.8,0,0.0
A-56098-1,A,56098,c1,soft,1,34562,5639,0,0,0.000557,0.0,0.8,0,0.0
A-56098-1,A,56098,c2,hard,3,2417,4,0,0,0.000557,0.0,0.6,0,0.0
A-56098-1,A,56098,c2,soft,3,70490,4,0,0,0.000557,0.0,0.6,0,0.0
A-56098-1,A,56098,c3,hard,3,2417,4,0,0,0.000557,0.0,0.6,0,0.0
A-56098-1,A,56098,c3,soft,3,70490,4,0,0,0.000557,0.0,0.6,0,0.0
A-56098-2,A,56098,c1,hard,1,34562,5639,0,0,0.000557,0.0,0.8,0,0.0
A-56098-2,A,56098,c1,soft,1,34562,5639,0,0,0.000557,0.0,0.8,0,0.0
A-56098-2,A,56098,c2,hard,3,2417,4,0,0,0.000557,0.0,0.6,0,0.0
A-56098-2,A,56098,c2,soft,3,70490,4,0,0,0.000557,0.0,0.6,0,0.0
A-56098-2,A,56098,c3,hard,4,967,1,0,0,0.000557,0.6,1.0,0,0.0
A-56098-2,A,56098,c3,soft,4,81169,1,0,0,0.000557,0.6,1.0,0,0.0
A-56098-3,A,56098,c1,hard,2,31001,101,0,0,0.000557,0.0,1.0,0,0.0
A-56098-3,A,56098,c1,soft,2,72846,101,0,0,0.000557,0.0,1.0,0,0.0
A-56098-3,A,56098,c2,hard,2,31001,101,0,0,0.000557,0.0,1.0,0,0.0
A-56098-3,A,56098,c2,soft,2,72846,101,0,0,0.000557,0.0,1.0,0,0.0
A-56098-3,A,56098,c3,hard,2,31001,101,0,0,0.000557,0.0,1.0,0,0.0
A-56098-3,A,56098,c3,soft,2,72846,101,0,0,0.000557,0.0,1.0,0,0.0
A-56402-1,A,56402,c1,hard,3,231,2,0,0,0.005562,0.6,1.0,0,0.0
A-56402-1,A,56402,c1,soft,3,55664,2,0,0,0.005562,0.6,1.0,0,0.0
A-56402-1,A,56402,c2,hard,3,231,2,0,0,0.005562,0.6,1.0,0,0.0
A-56402-1,A,56402,c2,soft,3,55664,2,0,0,0.005562,0.6,1.0,0,0.0
A-56402-1,A,56402,c3,hard,3,231,2,0,0,0.005562,0.6,1.0,0,0.0
A-56402-1,A,56402,c3,soft,3,55664,2,0,0,0.005562,0.6,1.0,0,0.0
A-56402-2,A,56402,c1,hard,2,2231,26,0,0,0.005562,0.6,1.0,0,0.0
A-56402-2,A,56402,c1,soft,2,35769,26,0,0,0.005562,0.6,1.0,0,0.0
A-56402-2,A,56402,c2,hard,4,174,1,0,0,0.005562,0.0,1.0,0,0.0
A-56402-2,A,56402,c2,soft,4,70754,1,0,0,0.005562,0.0,1.0,0,0.0
A-56402-2,A,56402,c3,hard,4,174,1,0,0,0.005562,0.0,1.0,0,0.0
A-56402-2,A,56402,c3,soft,4,70754,1,0,0,0.005562,0.0,1.0,0,0.0
A-56402-3,A,56402,c1,hard,2,2231,26,0,0,0.005562,0.6,1.0,0,0.0
A-56402-3,A,56402,c1,soft,2,35769,26,0,0,0.005562,0.6,1.0,0,0.0
A-56402-3,A,56402,c2,hard,4,174,1,0,0,0.005562,0.0,1.0,0,0.0
A-56402-3,A,56402,c2,soft,4,70754,1,0,0,0.005562,0.0,1.0,0,0.0
A-56402-3,A,56402,c3,hard,4,174,1,0,0,0.005562,0.0,1.0,0,0.0
A-56402-3,A,56402,c3,soft,4,70754,1,0,0,0.005562,0.0,1.0,0,0.0
A-56993-1,A,56993,c1,hard,3,565,2,0,0,0.0009,0.4,0.8,0,0.0
A-56993-1,A,56993,c1,soft,3,87180,2,0,0,0.0009,0.4,0.8,0,0.0
A-56993-1,A,56993,c2,hard,3,565,2,0,0,0.0009,0.4,0.8,0,0.0
A-56993-1,A,56993,c2,soft,3,87180,2,0,0,0.0009,0.4,0.8,0,0.0
A-56993-1,A,56993,c3,hard,3,565,2,0,0,0.0009,0.4,0.8,0,0.0
A-56993-1,A,56993,c3,soft,3,87180,2,0,0,0.0009,0.4,0.8,0,0.0
A-56993-2,A,56993,c1,hard,2,22125,188,0,0,0.0009,0.0,0.2,0,0.0
A-56993-2,A,56993,c1,soft,2,84430,188,0,0,0.0009,0.0,0.2,0,0.0
A-56993-2,A,56993,c2,hard,2,22125,188,0,0,0.0009,0.0,0.2,0,0.0
A-56993-2,A,56993,c2,soft,2,84430,188,0,0,0.0009,0.0,0.2,0,0.0
A-56993-2,A,56993,c3,hard,3,8239,24,0,0,0.0009,0.0,0.2,0,0.0
A-56993-2,A,56993,c3,soft,3,98093,24,0,0,0.0009,0.0,0.2,0,0.0
A-56993-3,A,56993,c1,hard,2,4587,83,0,0,0.0009,0.0,1.0,0,0.0
A-56993-3,A,56993,c1,soft,2,63718,83,0,0,0.0009,0.0,1.0,0,0.0
A-56993-3,A,56993,c2,hard,2,4587,83,0,0,0.0009,0.0,1.0,0,0.0
A-56993-3,A,56993,c2,soft,2,63718,83,0,0,0.0009,0.0,1.0,0,0.0
A-56993-3,A,56993,c3,hard,2,4587,83,0,0,0.0009,0.0,1.0,0,0.0
A-56993-3,A,56993,c3,soft,2,63718,83,0,0,0.0009,0.0,1.0,0,0.0
A-56994-1,A,56994,c1,hard,0,0,0,1,1,0.000291,0.0,0.0,0,0.0
A-56994-1,A,56994,c1,soft,0,0,0,1,1,0.000291,0.0,0.0,0,0.0
A-56994-1,A,56994,c2,hard,0,0,0,1,1,0.000291,0.0,0.0,0,0.0
A-56994-1,A,56994,c2,soft,0,0,0,1,1,0.000291,0.0,0.0,0,0.0
A-56994-1,A,56994,c3,hard,0,0,0,1,1,0.000291,0.0,0.0,0,0.0
A-56994-1,A,56994,c3,soft,0,0,0,1,1,0.000291,0.0,0.0,0,0.0
A-56994-2,A,56994,c1,hard,0,0,0,1,1,0.000291,0.0,0.0,0,0.0
A-56994-2,A,56994,c1,soft,0,0,0,1,1,0.000291,0.0,0.0,0,0.0
A-56994-2,A,56994,c2,hard,0,0,0,1,1,0.000291,0.0,0.0,0,0.0
A-56994-2,A,56994,c2,soft,0,0,0,1,1,0.000291,0.0,0.0,0,0.0
A-56994-2,A,56994,c3,hard,0,0,0,1,1,0.000291,0.0,0.0,0,0.0
A-56994-2,A,56994,c3,soft,0,0,0,1,1,0.000291,0.0,0.0,0,0.0
A-56994-3,A,56994,c1,hard,0,0,0,1,1,0.000291,0.0,0.0,0,0.0
A-56994-3,A,56994,c1,soft,0,0,0,1,1,0.000291,0.0,0.0,0,0.0
A-56994-3,A,56994,c2,hard,0,0,0,1,1,0.000291,0.0,0.0,0,0.0
A-56994-3,A,56994,c2,soft,0,0,0,1,1,0.000291,0.0,0.0,0,0.0
A-56994-3,A,56994,c3,hard,0,0,0,1,1,0.000291,0.0,0.0,0,0.0
A-56994-3,A,56994,c3,soft,0,0,0,1,1,0.000291,0.0,0.0,0,0.0
A-58907-1,A,58907,c1,hard,1,59969,17736,0,0,0.000839,0.2,0.6,0,0.0
A-58907-1,A,58907,c1,soft,1,59969,17736,0,0,0.000839,0.2,0.6,0,0.0
A-58907-1,A,58907,c2,hard,1,59969,17736,0,0,0.000839,0.2,0.6,0,0.0
A-58907-1,A,58907,c2,soft,1,59969,17736,0,0,0.000839,0.2,0.6,0,0.0
A-58907-1,A,58907,c3,hard,2,22725,301,0,0,0.000839,0.4,1.0,0,0.0
A-58907-1,A,58907,c3,soft,2,76741,301,0,0,0.000839,0.4,1.0,0,0.0
A-58907-2,A,58907,c1,hard,2,11743,9,0,0,0.000839,0.2,1.0,0,0.0
A-58907-2,A,58907,c1,soft,2,73843,9,0,0,0.000839,0.2,1.0,0,0.0
A-58907-2,A,58907,c2,hard,2,11743,9,0,0,0.000839,0.2,1.0,0,0.0
A-58907-2,A,58907,c2,soft,2,73843,9,0,0,0.000839,0.2,1.0,0,0.0
A-58907-2,A,58907,c3,hard,2,11743,9,0,0,0.000839,0.2,1.0,0,0.0
A-58907-2,A,58907,c3,soft,2,73843,9,0,0,0.000839,0.2,1.0,0,0.0
A-58907-3,A,58907,c1,hard,0,0,0,1,1,0.000839,0.0,0.0,0,0.0
A-58907-3,A,58907,c1,soft,0,0,0,1,1,0.000839,0.0,0.0,0,0.0
A-58907-3,A,58907,c2,hard,0,0,0,1,1,0.000839,0.0,0.0,0,0.0
A-58907-3,A,58907,c2,soft,0,0,0,1,1,0.000839,0.0,0.0,0,0.0
A-58907-3,A,58907,c3,hard,0,0,0,1,1,0.000839,0.0,0.0,0,0.0
A-58907-3,A,58907,c3,soft,0,0,0,1,1,0.000839,0.0,0.0,0,0.0
A-61811-1,A,61811,c1,hard,4,2378,3,0,0,0.000758,1.0,1.0,0,0.0
A-61811-1,A,61811,c1,soft,4,122274,3,0,0,0.000758,1.0,1.0,0,0.0
A-61811-1,A,61811,c2,hard,5,73,1,0,0,0.000758,1.0,1.0,0,0.0
A-61811-1,A,61811,c2,soft,5,122299,1,0,0,0.000758,1.0,1.0,0,0.0
A-61811-1,A,61811,c3,hard,5,73,1,0,0,0.000758,1.0,1.0,0,0.0
A-61811-1,A,61811,c3,soft,5,122299,1,0,0,0.000758,1.0,1.0,0,0.0
A-61811-2,A,61811,c1,hard,0,0,0,1,1,0.000758,0.0,0.0,0,0.0
A-61811-2,A,61811,c1,soft,0,0,0,1,1,0.000758,0.0,0.0,0,0.0
A-61811-2,A,61811,c2,hard,2,3745,7,0,0,0.000758,0.0,0.6,0,0.0
A-61811-2,A,61811,c2,soft,2,60888,7,0,0,0.000758,0.0,0.6,0,0.0
A-61811-2,A,61811,c3,hard,2,3745,7,0,0,0.000758,0.0,0.6,0,0.0
A-61811-2,A,61811,c3,soft,2,60888,7,0,0,0.000758,0.0,0.6,0,0.0
A-61811-3,A,61811,c1,hard,3,4106,20,0,0,0.000758,0.6,1.0,0,0.0
A-61811-3,A,61811,c1,soft,3,114517,20,0,0,0.000758,0.6,1.0,0,0.0
A-61811-3,A,61811,c2,hard,3,4106,20,0,0,0.000758,0.6,1.0,0,0.0
A-61811-3,A,61811,c2,soft,3,114517,20,0,0,0.000758,0.6,1.0,0,0.0
A-61811-3,A,61811,c3,hard,3,4106,20,0,0,0.000758,0.6,1.0,0,0.0
A-61811-3,A,61811,c3,soft,3,114517,20,0,0,0.000758,0.6,1.0,0,0.0
A-64204-1,A,64204,c1,hard,2,5194,2,0,0,0.000815,0.2,0.6,0,0.0
A-64204-1,A,64204,c1,soft,2,84845,2,0,0,0.000815,0.2,0.6,0,0.0
A-64204-1,A,64204,c2,hard,2,5194,2,0,0,0.000815,0.2,0.6,0,0.0
A-64204-1,A,64204,c2,soft,2,84845,2,0,0,0.000815,0.2,0.6,0,0.0
A-64204-1,A,64204,c3,hard,2,5194,2,0,0,0.000815,0.2,0.6,0,0.0
A-64204-1,A,64204,c3,soft,2,84845,2,0,0,0.000815,0.2,0.6,0,0.0
A-64204-2,A,64204,c1,hard,1,81432,19825,0,0,0.000815,0.0,0.6,0,0.0
A-64204-2,A,64204,c1,soft,1,81432,19825,0,0,0.000815,0.0,0.6,0,0.0
A-64204-2,A,64204,c2,hard,1,81432,19825,0,0,0.000815,0.0,0.6,0,0.0
A-64204-2,A,64204,c2,soft,1,81432,19825,0,0,0.000815,0.0,0.6,0,0.0
A-64204-2,A,64204,c3,hard,1,81432,19825,0,0,0.000815,0.0,0.6,0,0.0
A-64204-2,A,64204,c3,soft,1,81432,19825,0,0,0.000815,0.0,0.6,0,0.0
A-64204-3,A,64204,c1,hard,2,40120,97,0,0,0.000815,0.0,1.0,0,0.0
A-64204-3,A,64204,c1,soft,2,104197,97,0,0,0.000815,0.0,1.0,0,0.0
A-64204-3,A,64204,c2,hard,2,40120,97,0,0,0.000815,0.0,1.0,0,0.0
A-64204-3,A,64204,c2,soft,2,104197,97,0,0,0.000815,0.0,1.0,0,0.0
A-64204-3,A,64204,c3,hard,2,40120,97,0,0,0.000815,0.0,1.0,0,0.0
A-64204-3,A,64204,c3,soft,2,104197,97,0,0,0.000815,0.0,1.0,0,0.0
A-64372-1,A,64372,c1,hard,0,0,0,1,1,0.003092,0.0,0.0,0,0.0
A-64372-1,A,64372,c1,soft,0,0,0,1,1,0.003092,0.0,0.0,0,0.0
A-64372-1,A,64372,c2,hard,0,0,0,1,1,0.003092,0.0,0.0,0,0.0
A-64372-1,A,64372,c2,soft,0,0,0,1,1,0.003092,0.0,0.0,0,0.0
A-64372-1,A,64372,c3,hard,0,0,0,1,1,0.003092,0.0,0.0,0,0.0
A-64372-1,A,64372,c3,soft,0,0,0,1,1,0.003092,0.0,0.0,0,0.0
A-64372-2,A,64372,c1,hard,1,81432,19825,0,0,0.003092,0.0,0.2,0,0.0
A-64372-2,A,64372,c1,soft,1,81432,19825,0,0,0.003092,0.0,0.2,0,0.0
A-64372-2,A,64372,c2,hard,1,81432,19825,0,0,0.003092,0.0,0.2,0,0.0
A-64372-2,A,64372,c2,soft,1,81432,19825,0,0,0.003092,0.0,0.2,0,0.0
A-64372-2,A,64372,c3,hard,2,34582,118,0,0,0.003092,0.0,0.2,0,0.0
A-64372-2,A,64372,c3,soft,2,92169,118,0,0,0.003092,0.0,0.2,0,0.0
A-64372-3,A,64372,c1,hard,1,7407,415,0,0,0.003092,0.2,0.6,0,0.0
A-64372-3,A,64372,c1,soft,1,7407,415,0,0,0.003092,0.2,0.6,0,0.0
A-64372-3,A,64372,c2,hard,1,7407,415,0,0,0.003092,0.2,0.6,0,0.0
A-64372-3,A,64372,c2,soft,1,7407,415,0,0,0.003092,0.2,0.6,0,0.0
A-64372-3,A,64372,c3,hard,2,5322,9,0,0,0.003092,0.0,0.8,0,0.0
A-64372-3,A,64372,c3,soft,2,83517,9,0,0,0.003092,0.0,0.8,0,0.0
A-64500-1,A,64500,c1,hard,2,22125,188,0,0,0.001444,0.0,0.4,0,0.0
A-64500-1,A,64500,c1,soft,2,84430,188,0,0,0.001444,0.0,0.4,0,0.0
A-64500-1,A,64500,c2,hard,2,22125,188,0,0,0.001444,0.0,0.4,0,0.0
A-64500-1,A,64500,c2,soft,2,84430,188,0,0,0.001444,0.0,0.4,0,0.0
A-64500-1,A,64500,c3,hard,2,22125,188,0,0,0.001444,0.0,0.4,0,0.0
A-64500-1,A,64500,c3,soft,2,84430,188,0,0,0.001444,0.0,0.4,0,0.0
A-64500-2,A,64500,c1,hard,0,0,0,1,1,0.001444,0.0,0.0,0,0.0
A-64500-2,A,64500,c1,soft,0,0,0,1,1,0.001444,0.0,0.0,0,0.0
A-64500-2,A,64500,c2,hard,0,0,0,1,1,0.001444,0.0,0.0,0,0.0
A-64500-2,A,64500,c2,soft,0,0,0,1,1,0.001444,0.0,0.0,0,0.0
A-64500-2,A,64500,c3,hard,0,0,0,1,1,0.001444,0.0,0.0,0,0.0
A-64500-2,A,64500,c3,soft,0,0,0,1,1,0.001444,0.0,0.0,0,0.0
A-64500-3,A,64500,c1,hard,3,8239,24,0,0,0.001444,0.0,0.6,0,0.0
A-64500-3,A,64500,c1,soft,3,98093,24,0,0,0.001444,0.0,0.6,0,0.0
A-64500-3,A,64500,c2,hard,3,8239,24,0,0,0.001444,0.0,0.6,0,0.0
A-64500-3,A,64500,c2,soft,3,98093,24,0,0,0.001444,0.0,0.6,0,0.0
A-64500-3,A,64500,c3,hard,3,8239,24,0,0,0.001444,0.0,0.6,0,0.0
A-64500-3,A,64500,c3,soft,3,98093,24,0,0,0.001444,0.0,0.6,0,0.0
A-64679-1,A,64679,c1,hard,3,6193,1,0,0,0.000826,0.0,1.0,0,0.0
A-64679-1,A,64679,c1,soft,3,108778,1,0,0,0.000826,0.0,1.0,0,0.0
A-64679-1,A,64679,c2,hard,5,32,1,0,0,0.000826,0.2,0.4,0,0.0
A-64679-1,A,64679,c2,soft,5,122590,3,0,0,0.000826,0.4,0.8,0,0.0
A-64679-1,A,64679,c3,hard,5,32,1,0,0,0.000826,0.2,0.4,0,0.0
A-64679-1,A,64679,c3,soft,5,122590,3,0,0,0.000826,0.4,0.8,0,0.0
A-64679-2,A,64679,c1,hard,1,25617,4450,0,0,0.000826,0.4,1.0,0,0.0
A-64679-2,A,64679,c1,soft,1,25617,4450,0,0,0.000826,0.4,1.0,0,0.0
A-64679-2,A,64679,c2,hard,1,25617,4450,0,0,0.000826,0.4,1.0,0,0.0
A-64679-2,A,64679,c2,soft,1,25617,4450,0,0,0.000826,0.4,1.0,0,0.0
A-64679-2,A,64679,c3,hard,2,9905,66,0,0,0.000826,0.6,1.0,0,0.0
A-64679-2,A,64679,c3,soft,2,58934,66,0,0,0.000826,0.6,1.0,0,0.0
A-64679-3,A,64679,c1,hard,2,14466,124,0,0,0.000826,0.2,1.0,0,0.0
A-64679-3,A,64679,c1,soft,2,92583,124,0,0,0.000826,0.2,1.0,0,0.0
A-64679-3,A,64679,c2,hard,4,120,1,0,0,0.000826,0.2,0.6,0,0.0
A-64679-3,A,64679,c2,soft,4,116285,1,0,0,0.000826,0.2,0.6,0,0.0
A-64679-3,A,64679,c3,hard,4,120,1,0,0,0.000826,0.2,0.6,0,0.0
A-64679-3,A,64679,c3,soft,4,116285,1,0,0,0.000826,0.2,0.6,0,0.0
A-64950-1,A,64950,c1,hard,1,34562,5639,0,0,0.000418,0.2,0.8,0,0.0
A-64950-1,A,64950,c1,soft,1,34562,5639,0,0,0.000418,0.2,0.8,0,0.0
A-64950-1,A,64950,c2,hard,1,34562,5639,0,0,0.000418,0.2,0.8,0,0.0
A-64950-1,A,64950,c2,soft,1,34562,5639,0,0,0.000418,0.2,0.8,0,0.0
A-64950-1,A,64950,c3,hard,1,34562,5639,0,0,0.000418,0.2,0.8,0,0.0
A-64950-1,A,64950,c3,soft,1,34562,5639,0,0,0.000418,0.2,0.8,0,0.0
A-64950-2,A,64950,c1,hard,3,11958,5,0,0,0.000418,1.0,1.0,0,0.0
A-64950-2,A,64950,c1,soft,3,109701,5,0,0,0.000418,1.0,1.0,0,0.0
A-64950-2,A,64950,c2,hard,5,480,2,0,0,0.000418,1.0,1.0,0,0.0
A-64950-2,A,64950,c2,soft,5,118999,2,0,0,0.000418,1.0,1.0,0,0.0
A-64950-2,A,64950,c3,hard,6,94,1,0,0,0.000418,1.0,1.0,0,0.0
A-64950-2,A,64950,c3,soft,6,122720,1,0,0,0.000418,1.0,1.0,0,0.0
A-64950-3,A,64950,c1,hard,0,0,0,1,1,0.000418,0.0,0.0,0,0.0
A-64950-3,A,64950,c1,soft,0,0,0,1,1,0.000418,0.0,0.0,0,0.0
A-64950-3,A,64950,c2,hard,0,0,0,1,1,0.000418,0.0,0.0,0,0.0
A-64950-3,A,64950,c2,soft,0,0,0,1,1,0.000418,0.0,0.0,0,0.0
A-64950-3,A,64950,c3,hard,0,0,0,1,1,0.000418,0.0,0.0,0,0.0
A-64950-3,A,64950,c3,soft,0,0,0,1,1,0.000418,0.0,0.0,0,0.0
A-66891-1,A,66891,c1,hard,3,2036,2,0,0,0.000399,1.0,1.0,0,0.0
A-66891-1,A,66891,c1,soft,3,96513,2,0,0,0.000399,1.0,1.0,0,0.0
A-66891-1,A,66891,c2,hard,4,72,1,0,0,0.000399,1.0,1.0,0,0.0
A-66891-1,A,66891,c2,soft,4,96674,1,0,0,0.000399,1.0,1.0,0,0.0
A-66891-1,A,66891,c3,hard,5,67,1,0,0,0.000399,1.0,1.0,0,0.0
A-66891-1,A,66891,c3,soft,5,101671,2,0,0,0.000399,1.0,1.0,0,0.0
A-66891-2,A,66891,c1,hard,1,59969,17736,0,0,0.000399,0.2,0.6,0,0.0
A-66891-2,A,66891,c1,soft,1,59969,17736,0,0,0.000399,0.2,0.6,0,0.0
A-66891-2,A,66891,c2,hard,3,1086,2,0,0,0.000399,0.4,1.0,0,0.0
A-66891-2,A,66891,c2,soft,3,96057,2,0,0,0.000399,0.4,1.0,0,0.0
A-66891-2,A,66891,c3,hard,3,1086,2,0,0,0.000399,0.4,1.0,0,0.0
A-66891-2,A,66891,c3,soft,3,96057,2,0,0,0.000399,0.4,1.0,0,0.0
A-66891-3,A,66891,c1,hard,3,12544,2,0,0,0.000399,1.0,1.0,0,0.0
A-66891-3,A,66891,c1,soft,3,101404,2,0,0,0.000399,1.0,1.0,0,0.0
A-66891-3,A,66891,c2,hard,3,12544,2,0,0,0.000399,1.0,1.0,0,0.0
A-66891-3,A,66891,c2,soft,3,101404,2,0,0,0.000399,1.0,1.0,0,0.0
A-66891-3,A,66891,c3,hard,3,12544,2,0,0,0.000399,1.0,1.0,0,0.0
A-66891-3,A,66891,c3,soft,3,101404,2,0,0,0.000399,1.0,1.0,0,0.0
A-66933-1,A,66933,c1,hard,1,81432,19825,0,0,0.0005,0.0,0.0,0,0.0
A-66933-1,A,66933,c1,soft,1,81432,19825,0,0,0.0005,0.0,0.0,0,0.0
A-66933-1,A,66933,c2,hard,3,1469,3,0,0,0.0005,0.0,0.8,0,0.0
A-66933-1,A,66933,c2,soft,3,110677,3,0,0,0.0005,0.0,0.8,0,0.0
A-66933-1,A,66933,c3,hard,3,1469,3,0,0,0.0005,0.0,0.8,0,0.0
A-66933-1,A,66933,c3,soft,3,110677,3,0,0,0.0005,0.0,0.8,0,0.0
A-66933-2,A,66933,c1,hard,2,164,1,0,0,0.0005,0.4,0.6,0,0.0
A-66933-2,A,66933,c1,soft,2,28722,1,0,0,0.0005,0.4,0.6,0,0.0
A-66933-2,A,66933,c2,hard,4,6,1,0,0,0.0005,0.2,0.8,0,0.0
A-66933-2,A,66933,c2,soft,4,76668,3,0,0,0.0005,0.2,1.0,0,0.0
A-66933-2,A,66933,c3,hard,4,6,1,0,0,0.0005,0.2,0.8,0,0.0
A-66933-2,A,66933,c3,soft,4,76668,3,0,0,0.0005,0.2,1.0,0,0.0
A-66933-3,A,66933,c1,hard,0,0,0,1,1,0.0005,0.0,0.0,0,0.0
A-66933-3,A,66933,c1,soft,0,0,0,1,1,0.0005,0.0,0.0,0,0.0
A-66933-3,A,66933,c2,hard,0,0,0,1,1,0.0005,0.0,0.0,0,0.0
A-66933-3,A,66933,c2,soft,0,0,0,1,1,0.0005,0.0,0.0,0,0.0
A-66933-3,A,66933,c3,hard,0,0,0,1,1,0.0005,0.0,0.0,0,0.0
A-66933-3,A,66933,c3,soft,0,0,0,1,1,0.0005,0.0,0.0,0,0.0
A-68182-1,A,68182,c1,hard,4,2976,1,0,0,0.000437,0.4,1.0,0,0.0
A-68182-1,A,68182,c1,soft,4,119507,1,0,0,0.000437,0.4,1.0,0,0.0
A-68182-1,A,68182,c2,hard,6,53,1,0,0,0.000437,1.0,1.0,0,0.0
A-68182-1,A,68182,c2,soft,6,124382,1,0,0,0.000437,1.0,1.0,0,0.0
A-68182-1,A,68182,c3,hard,6,53,1,0,0,0.000437,1.0,1.0,0,0.0
A-68182-1,A,68182,c3,soft,6,124382,1,0,0,0.000437,1.0,1.0,0,0.0
A-68182-2,A,68182,c1,hard,2,18416,146,0,0,0.000437,0.6,1.0,0,0.0
A-68182-2,A,68182,c1,soft,2,97578,146,0,0,0.000437,0.6,1.0,0,0.0
A-68182-2,A,68182,c2,hard,4,816,2,0,0,0.000437,1.0,1.0,0,0.0
A-68182-2,A,68182,c2,soft,4,113360,2,0,0,0.000437,1.0,1.0,0,0.0
A-68182-2,A,68182,c3,hard,4,816,2,0,0,0.000437,1.0,1.0,0,0.0
A-68182-2,A,68182,c3,soft,4,113360,2,0,0,0.000437,1.0,1.0,0,0.0
A-68182-3,A,68182,c1,hard,2,24145,219,0,0,0.000437,0.0,0.4,0,0.0
A-68182-3,A,68182,c1,soft,2,103873,219,0,0,0.000437,0.0,0.4,0,0.0
A-68182-3,A,68182,c2,hard,2,24145,219,0,0,0.000437,0.0,0.4,0,0.0
A-68182-3,A,68182,c2,soft,2,103873,219,0,0,0.000437,0.0,0.4,0,0.0
A-68182-3,A,68182,c3,hard,2,24145,219,0,0,0.000437,0.0,0.4,0,0.0
A-68182-3,A,68182,c3,soft,2,103873,219,0,0,0.000437,0.0,0.4,0,0.0
A-72554-1,A,72554,c1,hard,2,7563,60,0,0,0.000291,0.2,0.8,0,0.0
A-72554-1,A,72554,c1,soft,2,84678,60,0,0,0.000291,0.2,0.8,0,0.0
A-72554-1,A,72554,c2,hard,2,7563,60,0,0,0.000291,0.2,0.8,0,0.0
A-72554-1,A,72554,c2,soft,2,84678,60,0,0,0.000291,0.2,0.8,0,0.0
A-72554-1,A,72554,c3,hard,3,0,0,1,1,0.000291,0.0,0.0,0,0.0
A-72554-1,A,72554,c3,soft,3,84682,60,0,0,0.000291,0.2,0.8,0,0.0
A-72554-2,A,72554,c1,hard,2,7563,60,0,0,0.000291,0.2,0.8,0,0.0
A-72554-2,A,72554,c1,soft,2,84678,60,0,0,0.000291,0.2,0.8,0,0.0
A-72554-2,A,72554,c2,hard,2,7563,60,0,0,0.000291,0.2,0.8,0,0.0
A-72554-2,A,72554,c2,soft,2,84678,60,0,0,0.000291,0.2,0.8,0,0.0
A-72554-2,A,72554,c3,hard,2,7563,60,0,0,0.000291,0.2,0.8,0,0.0
A-72554-2,A,72554,c3,soft,2,84678,60,0,0,0.000291,0.2,0.8,0,0.0
A-72554-3,A,72554,c1,hard,2,7563,60,0,0,0.000291,0.2,0.8,0,0.0
A-72554-3,A,72554,c1,soft,2,84678,60,0,0,0.000291,0.2,0.8,0,0.0
A-72554-3,A,72554,c2,hard,2,7563,60,0,0,0.000291,0.2,0.8,0,0.0
A-72554-3,A,72554,c2,soft,2,84678,60,0,0,0.000291,0.2,0.8,0,0.0
A-72554-3,A,72554,c3,hard,3,0,0,1,1,0.000291,0.0,0.0,0,0.0
A-72554-3,A,72554,c3,soft,3,84682,60,0,0,0.000291,0.2,0.8,0,0.0
A-72796-1,A,72796,c1,hard,3,2100,10,0,0,0.002135,1.0,1.0,0,0.0
A-72796-1,A,72796,c1,soft,3,105621,10,0,0,0.002135,1.0,1.0,0,0.0
A-72796-1,A,72796,c2,hard,3,2100,10,0,0,0.002135,1.0,1.0,0,0.0
A-72796-1,A,72796,c2,soft,3,105621,10,0,0,0.002135,1.0,1.0,0,0.0
A-72796-1,A,72796,c3,hard,4,0,0,1,1,0.002135,0.0,0.0,0,0.0
A-72796-1,A,72796,c3,soft,4,105624,10,0,0,0.002135,1.0,1.0,0,0.0
A-72796-2,A,72796,c1,hard,3,2100,10,0,0,0.002135,1.0,1.0,0,0.0
A-72796-2,A,72796,c1,soft,3,105621,10,0,0,0.002135,1.0,1.0,0,0.0
A-72796-2,A,72796,c2,hard,3,2100,10,0,0,0.002135,1.0,1.0,0,0.0
A-72796-2,A,72796,c2,soft,3,105621,10,0,0,0.002135,1.0,1.0,0,0.0
A-72796-2,A,72796,c3,hard,3,2100,10,0,0,0.002135,1.0,1.0,0,0.0
A-72796-2,A,72796,c3,soft,3,105621,10,0,0,0.002135,1.0,1.0,0,0.0
A-72796-3,A,72796,c1,hard,2,7563,60,0,0,0.002135,0.4,0.8,0,0.0
A-72796-3,A,72796,c1,soft,2,84678,60,0,0,0.002135,0.4,0.8,0,0.0
A-72796-3,A,72796,c2,hard,2,7563,60,0,0,0.002135,0.4,0.8,0,0.0
A-72796-3,A,72796,c2,soft,2,84678,60,0,0,0.002135,0.4,0.8,0,0.0
A-72796-3,A,72796,c3,hard,2,7563,60,0,0,0.002135,0.4,0.8,0,0.0
A-72796-3,A,72796,c3,soft,2,84678,60,0,0,0.002135,0.4,0.8,0,0.0
A-78755-1,A,78755,c1,hard,1,3269,434,0,0,0.00115,0.2,0.8,0,0.0
A-78755-1,A,78755,c1,soft,1,3269,434,0,0,0.00115,0.2,0.8,0,0.0
A-78755-1,A,78755,c2,hard,4,81,4,0,0,0.00115,0.4,1.0,0,0.0
A-78755-1,A,78755,c2,soft,4,62336,4,0,0,0.00115,0.4,1.0,0,0.0
A-78755-1,A,78755,c3,hard,4,81,4,0,0,0.00115,0.4,1.0,0,0.0
A-78755-1,A,78755,c3,soft,4,62336,4,0,0,0.00115,0.4,1.0,0,0.0
A-78755-2,A,78755,c1,hard,2,685,9,0,0,0.00115,0.0,0.6,0,0.0
A-78755-2,A,78755,c1,soft,2,49170,9,0,0,0.00115,0.0,0.6,0,0.0
A-78755-2,A,78755,c2,hard,4,20,1,0,0,0.00115,0.0,0.4,0,0.0
A-78755-2,A,78755,c2,soft,4,86057,1,0,0,0.00115,0.0,0.4,0,0.0
A-78755-2,A,78755,c3,hard,4,20,1,0,0,0.00115,0.0,0.4,0,0.0
A-78755-2,A,78755,c3,soft,4,86057,1,0,0,0.00115,0.0,0.4,0,0.0
A-78755-3,A,78755,c1,hard,3,598,4,0,0,0.00115,0.2,0.6,0,0.0
A-78755-3,A,78755,c1,soft,3,85856,4,0,0,0.00115,0.2,0.6,0,0.0
A-78755-3,A,78755,c2,hard,4,20,1,0,0,0.00115,0.0,0.4,0,0.0
A-78755-3,A,78755,c2,soft,4,86057,1,0,0,0.00115,0.0,0.4,0,0.0
A-78755-3,A,78755,c3,hard,4,20,1,0,0,0.00115,0.0,0.4,0,0.0
A-78755-3,A,78755,c3,soft,4,86057,1,0,0,0.00115,0.0,0.4,0,0.0
A-79178-1,A,79178,c1,hard,2,12842,129,0,0,0.003163,0.0,0.8,0,0.0
A-79178-1,A,79178,c1,soft,2,81689,129,0,0,0.003163,0.0,0.8,0,0.0
A-79178-1,A,79178,c2,hard,4,606,1,0,0,0.003163,0.0,1.0,0,0.0
A-79178-1,A,79178,c2,soft,4,101377,1,0,0,0.003163,0.0,1.0,0,0.0
A-79178-1,A,79178,c3,hard,4,606,1,0,0,0.003163,0.0,1.0,0,0.0
A-79178-1,A,79178,c3,soft,4,101377,1,0,0,0.003163,0.0,1.0,0,0.0
A-79178-2,A,79178,c1,hard,3,3644,19,0,0,0.003163,0.0,0.8,0,0.0
A-79178-2,A,79178,c1,soft,3,100186,19,0,0,0.003163,0.0,0.8,0,0.0
A-79178-2,A,79178,c2,hard,5,95,1,0,0,0.003163,0.0,1.0,0,0.0
A-79178-2,A,79178,c2,soft,5,111479,1,0,0,0.003163,0.0,1.0,0,0.0
A-79178-2,A,79178,c3,hard,5,95,1,0,0,0.003163,0.0,1.0,0,0.0
A-79178-2,A,79178,c3,soft,5,111479,1,0,0,0.003163,0.0,1.0,0,0.0
A-79178-3,A,79178,c1,hard,3,2092,5,0,0,0.003163,0.0,0.6,0,0.0
A-79178-3,A,79178,c1,soft,3,92096,5,0,0,0.003163,0.0,0.6,0,0.0
A-79178-3,A,79178,c2,hard,3,2092,5,0,0,0.003163,0.0,0.6,0,0.0
A-79178-3,A,79178,c2,soft,3,92096,5,0,0,0.003163,0.0,0.6,0,0.0
A-79178-3,A,79178,c3,hard,4,723,2,0,0,0.003163,0.0,0.2,0,0.0
A-79178-3,A,79178,c3,soft,4,103747,2,0,0,0.003163,0.0,0.2,0,0.0
A-80042-1,A,80042,c1,hard,1,81432,19825,0,0,0.078125,0.0,0.2,0,0.0
A-80042-1,A,80042,c1,soft,1,81432,19825,0,0,0.078125,0.0,0.2,0,0.0
A-80042-1,A,80042,c2,hard,1,81432,19825,0,0,0.078125,0.0,0.2,0,0.0
A-80042-1,A,80042,c2,soft,1,81432,19825,0,0,0.078125,0.0,0.2,0,0.0
A-80042-1,A,80042,c3,hard,1,81432,19825,0,0,0.078125,0.0,0.2,0,0.0
A-80042-1,A,80042,c3,soft,1,81432,19825,0,0,0.078125,0.0,0.2,0,0.0
A-80042-2,A,80042,c1,hard,2,38224,329,0,0,0.078125,0.0,0.0,0,0.0
A-80042-2,A,80042,c1,soft,2,103177,329,0,0,0.078125,0.0,0.0,0,0.0
A-80042-2,A,80042,c2,hard,4,78,1,0,0,0.078125,0.0,0.0,0,0.0
A-80042-2,A,80042,c2,soft,4,106046,1,0,0,0.078125,0.0,0.0,0,0.0
A-80042-2,A,80042,c3,hard,4,78,1,0,0,0.078125,0.0,0.0,0,0.0
A-80042-2,A,80042,c3,soft,4,106046,1,0,0,0.078125,0.0,0.0,0,0.0
A-80042-3,A,80042,c1,hard,3,11279,55,0,0,0.078125,0.0,0.0,0,0.0
A-80042-3,A,80042,c1,soft,3,114772,55,0,0,0.078125,0.0,0.0,0,0.0
A-80042-3,A,80042,c2,hard,3,11279,55,0,0,0.078125,0.0,0.0,0,0.0
A-80042-3,A,80042,c2,soft,3,114772,55,0,0,0.078125,0.0,0.0,0,0.0
A-80042-3,A,80042,c3,hard,3,11279,55,0,0,0.078125,0.0,0.0,0,0.0
A-80042-3,A,80042,c3,soft,3,114772,55,0,0,0.078125,0.0,0.0,0,0.0
A-80467-1,A,80467,c1,hard,3,2769,1,0,0,0.00226,0.0,1.0,0,0.0
A-80467-1,A,80467,c1,soft,3,105000,1,0,0,0.00226,0.0,1.0,0,0.0
A-80467-1,A,80467,c2,hard,3,2769,1,0,0,0.00226,0.0,1.0,0,0.0
A-80467-1,A,80467,c2,soft,3,105000,1,0,0,0.00226,0.0,1.0,0,0.0
A-80467-1,A,80467,c3,hard,3,2769,1,0,0,0.00226,0.0,1.0,0,0.0
A-80467-1,A,80467,c3,soft,3,105000,1,0,0,0.00226,0.0,1.0,0,0.0
A-80467-2,A,80467,c1,hard,2,17184,15,0,0,0.00226,0.0,0.4,0,0.0
A-80467-2,A,80467,c1,soft,2,83297,15,0,0,0.00226,0.0,0.4,0,0.0
A-80467-2,A,80467,c2,hard,4,207,1,0,0,0.00226,0.0,0.8,0,0.0
A-80467-2,A,80467,c2,soft,4,97877,1,0,0,0.00226,0.0,0.8,0,0.0
A-80467-2,A,80467,c3,hard,4,207,1,0,0,0.00226,0.0,0.8,0,0.0
A-80467-2,A,80467,c3,soft,4,97877,1,0,0,0.00226,0.0,0.8,0,0.0
A-80467-3,A,80467,c1,hard,2,38224,329,0,0,0.00226,0.0,0.8,0,0.0
A-80467-3,A,80467,c1,soft,2,103177,329,0,0,0.00226,0.0,0.8,0,0.0
A-80467-3,A,80467,c2,hard,2,38224,329,0,0,0.00226,0.0,0.8,0,0.0
A-80467-3,A,80467,c2,soft,2,103177,329,0,0,0.00226,0.0,0.8,0,0.0
A-80467-3,A,80467,c3,hard,2,38224,329,0,0,0.00226,0.0,0.8,0,0.0
A-80467-3,A,80467,c3,soft,2,103177,329,0,0,0.00226,0.0,0.8,0,0.0
A-81839-1,A,81839,c1,hard,1,81432,19825,0,0,0.000222,0.4,0.6,0,0.0
A-81839-1,A,81839,c1,soft,1,81432,19825,0,0,0.000222,0.4,0.6,0,0.0
A-81839-1,A,81839,c2,hard,1,81432,19825,0,0,0.000222,0.4,0.6,0,0.0
A-81839-1,A,81839,c2,soft,1,81432,19825,0,0,0.000222,0.4,0.6,0,0.0
A-81839-1,A,81839,c3,hard,1,81432,19825,0,0,0.000222,0.4,0.6,0,0.0
A-81839-1,A,81839,c3,soft,1,81432,19825,0,0,0.000222,0.4,0.6,0,0.0
A-81839-2,A,81839,c1,hard,1,59969,17736,0,0,0.000222,0.8,1.0,0,0.0
A-81839-2,A,81839,c1,soft,1,59969,17736,0,0,0.000222,0.8,1.0,0,0.0
A-81839-2,A,81839,c2,hard,1,59969,17736,0,0,0.000222,0.8,1.0,0,0.0
A-81839-2,A,81839,c2,soft,1,59969,17736,0,0,0.000222,0.8,1.0,0,0.0
A-81839-2,A,81839,c3,hard,1,59969,17736,0,0,0.000222,0.8,1.0,0,0.0
A-81839-2,A,81839,c3,soft,1,59969,17736,0,0,0.000222,0.8,1.0,0,0.0
A-81839-3,A,81839,c1,hard,2,38224,329,0,0,0.000222,0.4,1.0,0,0.0
A-81839-3,A,81839,c1,soft,2,103177,329,0,0,0.000222,0.4,1.0,0,0.0
A-81839-3,A,81839,c2,hard,2,38224,329,0,0,0.000222,0.4,1.0,0,0.0
A-81839-3,A,81839,c2,soft,2,103177,329,0,0,0.000222,0.4,1.0,0,0.0
A-81839-3,A,81839,c3,hard,2,38224,329,0,0,0.000222,0.4,1.0,0,0.0
A-81839-3,A,81839,c3,soft,2,103177,329,0,0,0.000222,0.4,1.0,0,0.0
A-85038-1,A,85038,c1,hard,2,2505,68,0,0,0.002069,1.0,1.0,0,0.0
A-85038-1,A,85038,c1,soft,2,36065,68,0,0,0.002069,1.0,1.0,0,0.0
A-85038-1,A,85038,c2,hard,3,2417,4,0,0,0.002069,1.0,1.0,0,0.0
A-85038-1,A,85038,c2,soft,3,70490,4,0,0,0.002069,1.0,1.0,0,0.0
A-85038-1,A,85038,c3,hard,3,2417,4,0,0,0.002069,1.0,1.0,0,0.0
A-85038-1,A,85038,c3,soft,3,70490,4,0,0,0.002069,1.0,1.0,0,0.0
A-85038-2,A,85038,c1,hard,1,34562,5639,0,0,0.002069,0.0,1.0,0,0.0
A-85038-2,A,85038,c1,soft,1,34562,5639,0,0,0.002069,0.0,1.0,0,0.0
A-85038-2,A,85038,c2,hard,3,2417,4,0,0,0.002069,1.0,1.0,0,0.0
A-85038-2,A,85038,c2,soft,3,70490,4,0,0,0.002069,1.0,1.0,0,0.0
A-85038-2,A,85038,c3,hard,3,2417,4,0,0,0.002069,1.0,1.0,0,0.0
A-85038-2,A,85038,c3,soft,3,70490,4,0,0,0.002069,1.0,1.0,0,0.0
A-85038-3,A,85038,c1,hard,3,232,7,0,0,0.002069,0.8,1.0,0,0.0
A-85038-3,A,85038,c1,soft,3,55914,7,0,0,0.002069,0.8,1.0,0,0.0
A-85038-3,A,85038,c2,hard,3,232,7,0,0,0.002069,0.8,1.0,0,0.0
A-85038-3,A,85038,c2,soft,3,55914,7,0,0,0.002069,0.8,1.0,0,0.0
A-85038-3,A,85038,c3,hard,3,232,7,0,0,0.002069,0.8,1.0,0,0.0
A-85038-3,A,85038,c3,soft,3,55914,7,0,0,0.002069,0.8,1.0,0,0.0
A-87922-1,A,87922,c1,hard,2,423,8,0,0,0.012225,0.2,0.6,0,0.0
A-87922-1,A,87922,c1,soft,2,29566,8,0,0,0.012225,0.2,0.6,0,0.0
A-87922-1,A,87922,c2,hard,2,423,8,0,0,0.012225,0.2,0.6,0,0.0
A-87922-1,A,87922,c2,soft,2,29566,8,0,0,0.012225,0.2,0.6,0,0.0
A-87922-1,A,87922,c3,hard,2,423,8,0,0,0.012225,0.2,0.6,0,0.0
A-87922-1,A,87922,c3,soft,2,29566,8,0,0,0.012225,0.2,0.6,0,0.0
A-87922-2,A,87922,c1,hard,3,204,1,0,0,0.012225,0.4,1.0,0,0.0
A-87922-2,A,87922,c1,soft,3,93980,1,0,0,0.012225,0.4,1.0,0,0.0
A-87922-2,A,87922,c2,hard,3,204,1,0,0,0.012225,0.4,1.0,0,0.0
A-87922-2,A,87922,c2,soft,3,93980,1,0,0,0.012225,0.4,1.0,0,0.0
A-87922-2,A,87922,c3,hard,3,204,1,0,0,0.012225,0.4,1.0,0,0.0
A-87922-2,A,87922,c3,soft,3,93980,1,0,0,0.012225,0.4,1.0,0,0.0
A-87922-3,A,87922,c1,hard,0,0,0,1,1,0.012225,0.0,0.0,0,0.0
A-87922-3,A,87922,c1,soft,0,0,0,1,1,0.012225,0.0,0.0,0,0.0
A-87922-3,A,87922,c2,hard,0,0,0,1,1,0.012225,0.0,0.0,0,0.0
A-87922-3,A,87922,c2,soft,0,0,0,1,1,0.012225,0.0,0.0,0,0.0
A-87922-3,A,87922,c3,hard,0,0,0,1,1,0.012225,0.0,0.0,0,0.0
A-87922-3,A,87922,c3,soft,0,0,0,1,1,0.012225,0.0,0.0,0,0.0
A-94734-1,A,94734,c1,hard,3,542,1,0,0,0.000763,0.8,1.0,0,0.0
A-94734-1,A,94734,c1,soft,3,87583,1,0,0,0.000763,0.8,1.0,0,0.0
A-94734-1,A,94734,c2,hard,5,3,3,0,0,0.000763,0.3333333333333333,1.0,0,0.0
A-94734-1,A,94734,c2,soft,5,104103,1,0,0,0.000763,0.2,1.0,0,0.0
A-94734-1,A,94734,c3,hard,5,3,3,0,0,0.000763,0.3333333333333333,1.0,0,0.0
A-94734-1,A,94734,c3,soft,5,104103,1,0,0,0.000763,0.2,1.0,0,0.0
A-94734-2,A,94734,c1,hard,3,10970,3,0,0,0.000763,0.0,0.8,0,0.0
A-94734-2,A,94734,c1,soft,3,112384,3,0,0,0.000763,0.0,0.8,0,0.0
A-94734-2,A,94734,c2,hard,4,536,1,0,0,0.000763,0.0,0.8,0,0.0
A-94734-2,A,94734,c2,soft,4,112463,1,0,0,0.000763,0.0,0.8,0,0.0
A-94734-2,A,94734,c3,hard,4,536,1,0,0,0.000763,0.0,0.8,0,0.0
A-94734-2,A,94734,c3,soft,4,112463,1,0,0,0.000763,0.0,0.8,0,0.0
A-94734-3,A,94734,c1,hard,3,2769,1,0,0,0.000763,0.4,1.0,0,0.0
A-94734-3,A,94734,c1,soft,3,105000,1,0,0,0.000763,0.4,1.0,0,0.0
A-94734-3,A,94734,c2,hard,3,2769,1,0,0,0.000763,0.4,1.0,0,0.0
A-94734-3,A,94734,c2,soft,3,105000,1,0,0,0.000763,0.4,1.0,0,0.0
A-94734-3,A,94734,c3,hard,4,234,1,0,0,0.000763,1.0,1.0,0,0.0
A-94734-3,A,94734,c3,soft,4,115465,1,0,0,0.000763,1.0,1.0,0,0.0
A-98848-1,A,98848,c1,hard,3,3265,15,0,0,0.000961,0.0,1.0,0,0.0
A-98848-1,A,98848,c1,soft,3,104499,15,0,0,0.000961,0.0,1.0,0,0.0
A-98848-1,A,98848,c2,hard,3,3265,15,0,0,0.000961,0.0,1.0,0,0.0
A-98848-1,A,98848,c2,soft,3,104499,15,0,0,0.000961,0.0,1.0,0,0.0
A-98848-1,A,98848,c3,hard,3,3265,15,0,0,0.000961,0.0,1.0,0,0.0
A-98848-1,A,98848,c3,soft,3,104499,15,0,0,0.000961,0.0,1.0,0,0.0
A-98848-2,A,98848,c1,hard,2,38224,329,0,0,0.000961,0.2,1.0,0,0.0
A-98848-2,A,98848,c1,soft,2,103177,329,0,0,0.000961,0.2,1.0,0,0.0
A-98848-2,A,98848,c2,hard,2,38224,329,0,0,0.000961,0.2,1.0,0,0.0
A-98848-2,A,98848,c2,soft,2,103177,329,0,0,0.000961,0.2,1.0,0,0.0
A-98848-2,A,98848,c3,hard,2,38224,329,0,0,0.000961,0.2,1.0,0,0.0
A-98848-2,A,98848,c3,soft,2,103177,329,0,0,0.000961,0.2,1.0,0,0.0
A-98848-3,A,98848,c1,hard,5,26,1,0,0,0.000961,0.2,1.0,0,0.0
A-98848-3,A,98848,c1,soft,5,115994,2,0,0,0.000961,0.2,1.0,0,0.0
A-98848-3,A,98848,c2,hard,5,26,1,0,0,0.000961,0.2,1.0,0,0.0
A-98848-3,A,98848,c2,soft,5,115994,2,0,0,0.000961,0.2,1.0,0,0.0
A-98848-3,A,98848,c3,hard,5,26,1,0,0,0.000961,0.2,1.0,0,0.0
A-98848-3,A,98848,c3,soft,5,115994,2,0,0,0.000961,0.2,1.0,0,0.0
A-100813-1,A,100813,c1,hard,3,11441,1,0,0,0.007704,0.0,1.0,0,0.0
A-100813-1,A,100813,c1,soft,3,113319,1,0,0,0.007704,0.0,1.0,0,0.0
A-100813-1,A,100813,c2,hard,3,11441,1,0,0,0.007704,0.0,1.0,0,0.0
A-100813-1,A,100813,c2,soft,3,113319,1,0,0,0.007704,0.0,1.0,0,0.0
A-100813-1,A,100813,c3,hard,3,11441,1,0,0,0.007704,0.0,1.0,0,0.0
A-100813-1,A,100813,c3,soft,3,113319,1,0,0,0.007704,0.0,1.0,0,0.0
A-100813-2,A,100813,c1,hard,4,256,1,0,0,0.007704,1.0,1.0,1,0.5
A-100813-2,A,100813,c1,soft,4,114440,1,0,0,0.007704,1.0,1.0,1,0.5
A-100813-2,A,100813,c2,hard,5,15,1,0,0,0.007704,1.0,1.0,0,0.0
A-100813-2,A,100813,c2,soft,5,114479,4,0,0,0.007704,0.2,1.0,0,0.0
A-100813-2,A,100813,c3,hard,5,15,1,0,0,0.007704,1.0,1.0,0,0.0
A-100813-2,A,100813,c3,soft,5,114479,4,0,0,0.007704,0.2,1.0,0,0.0
A-100813-3,A,100813,c1,hard,2,18416,146,0,0,0.007704,0.0,1.0,0,0.0
A-100813-3,A,100813,c1,soft,2,97578,146,0,0,0.007704,0.0,1.0,0,0.0
A-100813-3,A,100813,c2,hard,4,816,2,0,0,0.007704,0.0,1.0,0,0.0
A-100813-3,A,100813,c2,soft,4,113360,2,0,0,0.007704,0.0,1.0,0,0.0
A-100813-3,A,100813,c3,hard,4,816,2,0,0,0.007704,0.0,1.0,0,0.0
A-100813-3,A,100813,c3,soft,4,113360,2,0,0,0.007704,0.0,1.0,0,0.0
A-101351-1,A,101351,c1,hard,3,149,2,0,0,0.011494,0.6,1.0,0,0.0
A-101351-1,A,101351,c1,soft,3,97724,2,0,0,0.011494,0.6,1.0,0,0.0
A-101351-1,A,101351,c2,hard,3,149,2,0,0,0.011494,0.6,1.0,0,0.0
A-101351-1,A,101351,c2,soft,3,97724,2,0,0,0.011494,0.6,1.0,0,0.0
A-101351-1,A,101351,c3,hard,4,120,1,0,0,0.011494,1.0,1.0,0,0.0
A-101351-1,A,101351,c3,soft,4,103881,1,0,0,0.011494,1.0,1.0,0,0.0
A-101351-2,A,101351,c1,hard,0,0,0,1,1,0.011494,0.0,0.0,0,0.0
A-101351-2,A,101351,c1,soft,0,0,0,1,1,0.011494,0.0,0.0,0,0.0
A-101351-2,A,101351,c2,hard,0,0,0,1,1,0.011494,0.0,0.0,0,0.0
A-101351-2,A,101351,c2,soft,0,0,0,1,1,0.011494,0.0,0.0,0,0.0
A-101351-2,A,101351,c3,hard,0,0,0,1,1,0.011494,0.0,0.0,0,0.0
A-101351-2,A,101351,c3,soft,0,0,0,1,1,0.011494,0.0,0.0,0,0.0
A-101351-3,A,101351,c1,hard,3,149,2,0,0,0.011494,0.6,1.0,0,0.0
A-101351-3,A,101351,c1,soft,3,97724,2,0,0,0.011494,0.6,1.0,0,0.0
A-101351-3,A,101351,c2,hard,3,149,2,0,0,0.011494,0.6,1.0,0,0.0
A-101351-3,A,101351,c2,soft,3,97724,2,0,0,0.011494,0.6,1.0,0,0.0
A-101351-3,A,101351,c3,hard,3,149,2,0,0,0.011494,0.6,1.0,0,0.0
A-101351-3,A,101351,c3,soft,3,97724,2,0,0,0.011494,0.6,1.0,0,0.0
A-103564-1,A,103564,c1,hard,2,38224,329,0,0,0.00025,0.6,1.0,0,0.0
A-103564-1,A,103564,c1,soft,2,103177,329,0,0,0.00025,0.6,1.0,0,0.0
A-103564-1,A,103564,c2,hard,2,38224,329,0,0,0.00025,0.6,1.0,0,0.0
A-103564-1,A,103564,c2,soft,2,103177,329,0,0,0.00025,0.6,1.0,0,0.0
A-103564-1,A,103564,c3,hard,2,38224,329,0,0,0.00025,0.6,1.0,0,0.0
A-103564-1,A,103564,c3,soft,2,103177,329,0,0,0.00025,0.6,1.0,0,0.0
A-103564-2,A,103564,c1,hard,2,38224,329,0,0,0.00025,0.6,1.0,0,0.0
A-103564-2,A,103564,c1,soft,2,103177,329,0,0,0.00025,0.6,1.0,0,0.0
A-103564-2,A,103564,c2,hard,2,38224,329,0,0,0.00025,0.6,1.0,0,0.0
A-103564-2,A,103564,c2,soft,2,103177,329,0,0,0.00025,0.6,1.0,0,0.0
A-103564-2,A,103564,c3,hard,2,38224,329,0,0,0.00025,0.6,1.0,0,0.0
A-103564-2,A,103564,c3,soft,2,103177,329,0,0,0.00025,0.6,1.0,0,0.0
A-103564-3,A,103564,c1,hard,2,23528,143,0,0,0.00025,0.0,0.4,0,0.0
A-103564-3,A,103564,c1,soft,2,101126,143,0,0,0.00025,0.0,0.4,0,0.0
A-103564-3,A,103564,c2,hard,2,23528,143,0,0,0.00025,0.0,0.4,0,0.0
A-103564-3,A,103564,c2,soft,2,101126,143,0,0,0.00025,0.0,0.4,0,0.0
A-103564-3,A,103564,c3,hard,2,23528,143,0,0,0.00025,0.0,0.4,0,0.0
A-103564-3,A,103564,c3,soft,2,101126,143,0,0,0.00025,0.0,0.4,0,0.0
A-103715-1,A,103715,c1,hard,2,23528,143,0,0,0.007289,0.0,0.2,0,0.0
A-103715-1,A,103715,c1,soft,2,101126,143,0,0,0.007289,0.0,0.2,0,0.0
A-103715-1,A,103715,c2,hard,2,23528,143,0,0,0.007289,0.0,0.2,0,0.0
A-103715-1,A,103715,c2,soft,2,101126,143,0,0,0.007289,0.0,0.2,0,0.0
A-103715-1,A,103715,c3,hard,2,23528,143,0,0,0.007289,0.0,0.2,0,0.0
A-103715-1,A,103715,c3,soft,2,101126,143,0,0,0.007289,0.0,0.2,0,0.0
A-103715-2,A,103715,c1,hard,0,0,0,1,1,0.007289,0.0,0.0,0,0.0
A-103715-2,A,103715,c1,soft,0,0,0,1,1,0.007289,0.0,0.0,0,0.0
A-103715-2,A,103715,c2,hard,0,0,0,1,1,0.007289,0.0,0.0,0,0.0
A-103715-2,A,103715,c2,soft,0,0,0,1,1,0.007289,0.0,0.0,0,0.0
A-103715-2,A,103715,c3,hard,0,0,0,1,1,0.007289,0.0,0.0,0,0.0
A-103715-2,A,103715,c3,soft,0,0,0,1,1,0.007289,0.0,0.0,0,0.0
A-103715-3,A,103715,c1,hard,3,10339,21,0,0,0.007289,0.0,0.2,0,0.0
A-103715-3,A,103715,c1,soft,3,113955,21,0,0,0.007289,0.0,0.2,0,0.0
A-103715-3,A,103715,c2,hard,3,10339,21,0,0,0.007289,0.0,0.2,0,0.0
A-103715-3,A,103715,c2,soft,3,113955,21,0,0,0.007289,0.0,0.2,0,0.0
A-103715-3,A,103715,c3,hard,3,10339,21,0,0,0.007289,0.0,0.2,0,0.0
A-103715-3,A,103715,c3,soft,3,113955,21,0,0,0.007289,0.0,0.2,0,0.0
A-113627-1,A,113627,c1,hard,2,30926,18,0,0,0.000375,0.2,1.0,0,0.0
A-113627-1,A,113627,c1,soft,2,92584,18,0,0,0.000375,0.2,1.0,0,0.0
A-113627-1,A,113627,c2,hard,3,2076,1,0,0,0.000375,0.6,1.0,0,0.0
A-113627-1,A,113627,c2,soft,3,92718,1,0,0,0.000375,0.6,1.0,0,0.0
A-113627-1,A,113627,c3,hard,4,464,1,0,0,0.000375,0.2,1.0,0,0.0
A-113627-1,A,113627,c3,soft,4,102918,1,0,0,0.000375,0.2,1.0,0,0.0
A-113627-2,A,113627,c1,hard,3,2092,5,0,0,0.000375,0.2,0.6,0,0.0
A-113627-2,A,113627,c1,soft,3,92096,5,0,0,0.000375,0.2,0.6,0,0.0
A-113627-2,A,113627,c2,hard,5,51,2,0,0,0.000375,0.0,0.6,0,0.0
A-113627-2,A,113627,c2,soft,5,107874,2,0,0,0.000375,0.0,0.6,0,0.0
A-113627-2,A,113627,c3,hard,5,51,2,0,0,0.000375,0.0,0.6,0,0.0
A-113627-2,A,113627,c3,soft,5,107874,2,0,0,0.000375,0.0,0.6,0,0.0
A-113627-3,A,113627,c1,hard,3,2092,5,0,0,0.000375,0.2,0.6,0,0.0
A-113627-3,A,113627,c1,soft,3,92096,5,0,0,0.000375,0.2,0.6,0,0.0
A-113627-3,A,113627,c2,hard,3,2092,5,0,0,0.000375,0.2,0.6,0,0.0
A-113627-3,A,113627,c2,soft,3,92096,5,0,0,0.000375,0.2,0.6,0,0.0
A-113627-3,A,113627,c3,hard,3,2092,5,0,0,0.000375,0.2,0.6,0,0.0
A-113627-3,A,113627,c3,soft,3,92096,5,0,0,0.000375,0.2,0.6,0,0.0
B-6-1,B,6,c1,hard,0,0,0,1,1,0.010395,0.0,0.0,0,0.0
B-6-1,B,6,c1,soft,0,0,0,1,1,0.010395,0.0,0.0,0,0.0
B-6-1,B,6,c2,hard,0,0,0,1,1,0.010395,0.0,0.0,0,0.0
B-6-1,B,6,c2,soft,0,0,0,1,1,0.010395,0.0,0.0,0,0.0
B-6-1,B,6,c3,hard,0,0,0,1,1,0.010395,0.0,0.0,0,0.0
B-6-1,B,6,c3,soft,0,0,0,1,1,0.010395,0.0,0.0,0,0.0
B-6-2,B,6,c1,hard,0,0,0,1,1,0.010395,0.0,0.0,0,0.0
B-6-2,B,6,c1,soft,0,0,0,1,1,0.010395,0.0,0.0,0,0.0
B-6-2,B,6,c2,hard,0,0,0,1,1,0.010395,0.0,0.0,0,0.0
B-6-2,B,6,c2,soft,0,0,0,1,1,0.010395,0.0,0.0,0,0.0
B-6-2,B,6,c3,hard,0,0,0,1,1,0.010395,0.0,0.0,0,0.0
B-6-2,B,6,c3,soft,0,0,0,1,1,0.010395,0.0,0.0,0,0.0
B-6-3,B,6,c1,hard,0,0,0,1,1,0.010395,0.0,0.0,0,0.0
B-6-3,B,6,c1,soft,0,0,0,1,1,0.010395,0.0,0.0,0,0.0
B-6-3,B,6,c2,hard,0,0,0,1,1,0.010395,0.0,0.0,0,0.0
B-6-3,B,6,c2,soft,0,0,0,1,1,0.010395,0.0,0.0,0,0.0
B-6-3,B,6,c3,hard,0,0,0,1,1,0.010395,0.0,0.0,0,0.0
B-6-3,B,6,c3,soft,0,0,0,1,1,0.010395,0.0,0.0,0,0.0
B-19-1,B,19,c1,hard,2,38224,329,0,0,0.000221,0.8,1.0,0,0.0
B-19-1,B,19,c1,soft,2,103177,329,0,0,0.000221,0.8,1.0,0,0.0
B-19-1,B,19,c2,hard,2,38224,329,0,0,0.000221,0.8,1.0,0,0.0
B-19-1,B,19,c2,soft,2,103177,329,0,0,0.000221,0.8,1.0,0,0.0
B-19-1,B,19,c3,hard,2,38224,329,0,0,0.000221,0.8,1.0,0,0.0
B-19-1,B,19,c3,soft,2,103177,329,0,0,0.000221,0.8,1.0,0,0.0
B-19-2,B,19,c1,hard,3,2769,1,0,0,0.000221,1.0,1.0,0,0.0
B-19-2,B,19,c1,soft,3,105000,1,0,0,0.000221,1.0,1.0,0,0.0
B-19-2,B,19,c2,hard,3,2769,1,0,0,0.000221,1.0,1.0,0,0.0
B-19-2,B,19,c2,soft,3,105000,1,0,0,0.000221,1.0,1.0,0,0.0
B-19-2,B,19,c3,hard,3,2769,1,0,0,0.000221,1.0,1.0,0,0.0
B-19-2,B,19,c3,soft,3,105000,1,0,0,0.000221,1.0,1.0,0,0.0
B-19-3,B,19,c1,hard,2,16172,97,0,0,0.000221,0.4,1.0,0,0.0
B-19-3,B,19,c1,soft,2,73552,97,0,0,0.000221,0.4,1.0,0,0.0
B-19-3,B,19,c2,hard,2,16172,97,0,0,0.000221,0.4,1.0,0,0.0
B-19-3,B,19,c2,soft,2,73552,97,0,0,0.000221,0.4,1.0,0,0.0
B-19-3,B,19,c3,hard,2,16172,97,0,0,0.000221,0.4,1.0,0,0.0
B-19-3,B,19,c3,soft,2,73552,97,0,0,0.000221,0.4,1.0,0,0.0
B-28-1,B,28,c1,hard,2,31453,41,0,0,0.000802,0.4,1.0,0,0.0
B-28-1,B,28,c1,soft,2,110604,41,0,0,0.000802,0.4,1.0,0,0.0
B-28-1,B,28,c2,hard,2,31453,41,0,0,0.000802,0.4,1.0,0,0.0
B-28-1,B,28,c2,soft,2,110604,41,0,0,0.000802,0.4,1.0,0,0.0
B-28-1,B,28,c3,hard,2,31453,41,0,0,0.000802,0.4,1.0,0,0.0
B-28-1,B,28,c3,soft,2,110604,41,0,0,0.000802,0.4,1.0,0,0.0
B-28-2,B,28,c1,hard,0,0,0,1,1,0.000802,0.0,0.0,0,0.0
B-28-2,B,28,c1,soft,0,0,0,1,1,0.000802,0.0,0.0,0,0.0
B-28-2,B,28,c2,hard,2,3745,7,0,0,0.000802,0.0,0.8,0,0.0
B-28-2,B,28,c2,soft,2,60888,7,0,0,0.000802,0.0,0.8,0,0.0
B-28-2,B,28,c3,hard,2,3745,7,0,0,0.000802,0.0,0.8,0,0.0
B-28-2,B,28,c3,soft,2,60888,7,0,0,0.000802,0.0,0.8,0,0.0
B-28-3,B,28,c1,hard,1,81432,19825,0,0,0.000802,0.0,0.0,0,0.0
B-28-3,B,28,c1,soft,1,81432,19825,0,0,0.000802,0.0,0.0,0,0.0
B-28-3,B,28,c2,hard,3,1469,3,0,0,0.000802,0.0,0.8,0,0.0
B-28-3,B,28,c2,soft,3,110677,3,0,0,0.000802,0.0,0.8,0,0.0
B-28-3,B,28,c3,hard,3,1469,3,0,0,0.000802,0.0,0.8,0,0.0
B-28-3,B,28,c3,soft,3,110677,3,0,0,0.000802,0.0,0.8,0,0.0
B-57-1,B,57,c1,hard,1,35269,10367,0,0,0.000222,0.6,0.8,0,0.0
B-57-1,B,57,c1,soft,1,35269,10367,0,0,0.000222,0.6,0.8,0,0.0
B-57-1,B,57,c2,hard,1,35269,10367,0,0,0.000222,0.6,0.8,0,0.0
B-57-1,B,57,c2,soft,1,35269,10367,0,0,0.000222,0.6,0.8,0,0.0
B-57-1,B,57,c3,hard,1,35269,10367,0,0,0.000222,0.6,0.8,0,0.0
B-57-1,B,57,c3,soft,1,35269,10367,0,0,0.000222,0.6,0.8,0,0.0
B-57-2,B,57,c1,hard,1,59969,17736,0,0,0.000222,0.8,1.0,0,0.0
B-57-2,B,57,c1,soft,1,59969,17736,0,0,0.000222,0.8,1.0,0,0.0
B-57-2,B,57,c2,hard,1,59969,17736,0,0,0.000222,0.8,1.0,0,0.0
B-57-2,B,57,c2,soft,1,59969,17736,0,0,0.000222,0.8,1.0,0,0.0
B-57-2,B,57,c3,hard,1,59969,17736,0,0,0.000222,0.8,1.0,0,0.0
B-57-2,B,57,c3,soft,1,59969,17736,0,0,0.000222,0.8,1.0,0,0.0
B-57-3,B,57,c1,hard,1,59969,17736,0,0,0.000222,0.8,1.0,0,0.0
B-57-3,B,57,c1,soft,1,59969,17736,0,0,0.000222,0.8,1.0,0,0.0
B-57-3,B,57,c2,hard,1,59969,17736,0,0,0.000222,0.8,1.0,0,0.0
B-57-3,B,57,c2,soft,1,59969,17736,0,0,0.000222,0.8,1.0,0,0.0
B-57-3,B,57,c3,hard,1,59969,17736,0,0,0.000222,0.8,1.0,0,0.0
B-57-3,B,57,c3,soft,1,59969,17736,0,0,0.000222,0.8,1.0,0,0.0
B-271-1,B,271,c1,hard,0,0,0,1,1,0.001506,0.0,0.0,0,0.0
B-271-1,B,271,c1,soft,0,0,0,1,1,0.001506,0.0,0.0,0,0.0
B-271-1,B,271,c2,hard,3,1908,1,0,0,0.001506,0.0,0.4,0,0.0
B-271-1,B,271,c2,soft,3,53358,1,0,0,0.001506,0.0,0.4,0,0.0
B-271-1,B,271,c3,hard,3,1908,1,0,0,0.001506,0.0,0.4,0,0.0
B-271-1,B,271,c3,soft,3,53358,1,0,0,0.001506,0.0,0.4,0,0.0
B-271-2,B,271,c1,hard,0,0,0,1,1,0.001506,0.0,0.0,0,0.0
B-271-2,B,271,c1,soft,0,0,0,1,1,0.001506,0.0,0.0,0,0.0
B-271-2,B,271,c2,hard,2,3745,7,0,0,0.001506,0.0,0.4,0,0.0
B-271-2,B,271,c2,soft,2,60888,7,0,0,0.001506,0.0,0.4,0,0.0
B-271-2,B,271,c3,hard,2,3745,7,0,0,0.001506,0.0,0.4,0,0.0
B-271-2,B,271,c3,soft,2,60888,7,0,0,0.001506,0.0,0.4,0,0.0
B-271-3,B,271,c1,hard,1,59969,17736,0,0,0.001506,0.2,0.8,0,0.0
B-271-3,B,271,c1,soft,1,59969,17736,0,0,0.001506,0.2,0.8,0,0.0
B-271-3,B,271,c2,hard,1,59969,17736,0,0,0.001506,0.2,0.8,0,0.0
B-271-3,B,271,c2,soft,1,59969,17736,0,0,0.001506,0.2,0.8,0,0.0
B-271-3,B,271,c3,hard,1,59969,17736,0,0,0.001506,0.2,0.8,0,0.0
B-271-3,B,271,c3,soft,1,59969,17736,0,0,0.001506,0.2,0.8,0,0.0
B-284-1,B,284,c1,hard,1,59969,17736,0,0,0.010395,0.0,0.0,0,0.0
B-284-1,B,284,c1,soft,1,59969,17736,0,0,0.010395,0.0,0.0,0,0.0
B-284-1,B,284,c2,hard,1,59969,17736,0,0,0.010395,0.0,0.0,0,0.0
B-284-1,B,284,c2,soft,1,59969,17736,0,0,0.010395,0.0,0.0,0,0.0
B-284-1,B,284,c3,hard,1,59969,17736,0,0,0.010395,0.0,0.0,0,0.0
B-284-1,B,284,c3,soft,1,59969,17736,0,0,0.010395,0.0,0.0,0,0.0
B-284-2,B,284,c1,hard,2,24536,54,0,0,0.010395,0.0,0.6,0,0.0
B-284-2,B,284,c1,soft,2,84935,54,0,0,0.010395,0.0,0.6,0,0.0
B-284-2,B,284,c2,hard,2,24536,54,0,0,0.010395,0.0,0.6,0,0.0
B-284-2,B,284,c2,soft,2,84935,54,0,0,0.010395,0.0,0.6,0,0.0
B-284-2,B,284,c3,hard,3,212,1,0,0,0.010395,0.0,0.0,0,0.0
B-284-2,B,284,c3,soft,3,85491,1,0,0,0.010395,0.0,0.0,0,0.0
B-284-3,B,284,c1,hard,2,22125,188,0,0,0.010395,0.0,0.0,0,0.0
B-284-3,B,284,c1,soft,2,84430,188,0,0,0.010395,0.0,0.0,0,0.0
B-284-3,B,284,c2,hard,2,22125,188,0,0,0.010395,0.0,0.0,0,0.0
B-284-3,B,284,c2,soft,2,84430,188,0,0,0.010395,0.0,0.0,0,0.0
B-284-3,B,284,c3,hard,2,22125,188,0,0,0.010395,0.0,0.0,0,0.0
B-284-3,B,284,c3,soft,2,84430,188,0,0,0.010395,0.0,0.0,0,0.0
B-619-1,B,619,c1,hard,0,0,0,1,1,0.000386,0.0,0.0,0,0.0
B-619-1,B,619,c1,soft,0,0,0,1,1,0.000386,0.0,0.0,0,0.0
B-619-1,B,619,c2,hard,2,4963,14,0,0,0.000386,0.2,0.6,0,0.0
B-619-1,B,619,c2,soft,2,37387,14,0,0,0.000386,0.2,0.6,0,0.0
B-619-1,B,619,c3,hard,2,4963,14,0,0,0.000386,0.2,0.6,0,0.0
B-619-1,B,619,c3,soft,2,37387,14,0,0,0.000386,0.2,0.6,0,0.0
B-619-2,B,619,c1,hard,0,0,0,1,1,0.000386,0.0,0.0,0,0.0
B-619-2,B,619,c1,soft,0,0,0,1,1,0.000386,0.0,0.0,0,0.0
B-619-2,B,619,c2,hard,0,0,0,1,1,0.000386,0.0,0.0,0,0.0
B-619-2,B,619,c2,soft,0,0,0,1,1,0.000386,0.0,0.0,0,0.0
B-619-2,B,619,c3,hard,0,0,0,1,1,0.000386,0.0,0.0,0,0.0
B-619-2,B,619,c3,soft,0,0,0,1,1,0.000386,0.0,0.0,0,0.0
B-619-3,B,619,c1,hard,0,0,0,1,1,0.000386,0.0,0.0,0,0.0
B-619-3,B,619,c1,soft,0,0,0,1,1,0.000386,0.0,0.0,0,0.0
B-619-3,B,619,c2,hard,2,1049,2,0,0,0.000386,0.0,0.0,0,0.0
B-619-3,B,619,c2,soft,2,34149,2,0,0,0.000386,0.0,0.0,0,0.0
B-619-3,B,619,c3,hard,2,1049,2,0,0,0.000386,0.0,0.0,0,0.0
B-619-3,B,619,c3,soft,2,34149,2,0,0,0.000386,0.0,0.0,0,0.0
B-756-1,B,756,c1,hard,1,59969,17736,0,0,0.000221,0.6,1.0,0,0.0
B-756-1,B,756,c1,soft,1,59969,17736,0,0,0.000221,0.6,1.0,0,0.0
B-756-1,B,756,c2,hard,1,59969,17736,0,0,0.000221,0.6,1.0,0,0.0
B-756-1,B,756,c2,soft,1,59969,17736,0,0,0.000221,0.6,1.0,0,0.0
B-756-1,B,756,c3,hard,1,59969,17736,0,0,0.000221,0.6,1.0,0,0.0
B-756-1,B,756,c3,soft,1,59969,17736,0,0,0.000221,0.6,1.0,0,0.0
B-756-2,B,756,c1,hard,1,59969,17736,0,0,0.000221,0.6,1.0,0,0.0
B-756-2,B,756,c1,soft,1,59969,17736,0,0,0.000221,0.6,1.0,0,0.0
B-756-2,B,756,c2,hard,1,59969,17736,0,0,0.000221,0.6,1.0,0,0.0
B-756-2,B,756,c2,soft,1,59969,17736,0,0,0.000221,0.6,1.0,0,0.0
B-756-2,B,756,c3,hard,1,59969,17736,0,0,0.000221,0.6,1.0,0,0.0
B-756-2,B,756,c3,soft,1,59969,17736,0,0,0.000221,0.6,1.0,0,0.0
B-756-3,B,756,c1,hard,1,59969,17736,0,0,0.000221,0.6,1.0,0,0.0
B-756-3,B,756,c1,soft,1,59969,17736,0,0,0.000221,0.6,1.0,0,0.0
B-756-3,B,756,c2,hard,1,59969,17736,0,0,0.000221,0.6,1.0,0,0.0
B-756-3,B,756,c2,soft,1,59969,17736,0,0,0.000221,0.6,1.0,0,0.0
B-756-3,B,756,c3,hard,1,59969,17736,0,0,0.000221,0.6,1.0,0,0.0
B-756-3,B,756,c3,soft,1,59969,17736,0,0,0.000221,0.6,1.0,0,0.0
B-1067-1,B,1067,c1,hard,0,0,0,1,1,0.000299,0.0,0.0,0,0.0
B-1067-1,B,1067,c1,soft,0,0,0,1,1,0.000299,0.0,0.0,0,0.0
B-1067-1,B,1067,c2,hard,0,0,0,1,1,0.000299,0.0,0.0,0,0.0
B-1067-1,B,1067,c2,soft,0,0,0,1,1,0.000299,0.0,0.0,0,0.0
B-1067-1,B,1067,c3,hard,0,0,0,1,1,0.000299,0.0,0.0,0,0.0
B-1067-1,B,1067,c3,soft,0,0,0,1,1,0.000299,0.0,0.0,0,0.0
B-1067-2,B,1067,c1,hard,0,0,0,1,1,0.000299,0.0,0.0,0,0.0
B-1067-2,B,1067,c1,soft,0,0,0,1,1,0.000299,0.0,0.0,0,0.0
B-1067-2,B,1067,c2,hard,0,0,0,1,1,0.000299,0.0,0.0,0,0.0
B-1067-2,B,1067,c2,soft,0,0,0,1,1,0.000299,0.0,0.0,0,0.0
B-1067-2,B,1067,c3,hard,0,0,0,1,1,0.000299,0.0,0.0,0,0.0
B-1067-2,B,1067,c3,soft,0,0,0,1,1,0.000299,0.0,0.0,0,0.0
B-1067-3,B,1067,c1,hard,0,0,0,1,1,0.000299,0.0,0.0,0,0.0
B-1067-3,B,1067,c1,soft,0,0,0,1,1,0.000299,0.0,0.0,0,0.0
B-1067-3,B,1067,c2,hard,0,0,0,1,1,0.000299,0.0,0.0,0,0.0
B-1067-3,B,1067,c2,soft,0,0,0,1,1,0.000299,0.0,0.0,0,0.0
B-1067-3,B,1067,c3,hard,0,0,0,1,1,0.000299,0.0,0.0,0,0.0
B-1067-3,B,1067,c3,soft,0,0,0,1,1,0.000299,0.0,0.0,0,0.0
B-1158-1,B,1158,c1,hard,0,0,0,1,1,0.000566,0.0,0.0,0,0.0
B-1158-1,B,1158,c1,soft,0,0,0,1,1,0.000566,0.0,0.0,0,0.0
B-1158-1,B,1158,c2,hard,0,0,0,1,1,0.000566,0.0,0.0,0,0.0
B-1158-1,B,1158,c2,soft,0,0,0,1,1,0.000566,0.0,0.0,0,0.0
B-1158-1,B,1158,c3,hard,0,0,0,1,1,0.000566,0.0,0.0,0,0.0
B-1158-1,B,1158,c3,soft,0,0,0,1,1,0.000566,0.0,0.0,0,0.0
B-1158-2,B,1158,c1,hard,3,5650,1,0,0,0.000566,0.2,0.8,0,0.0
B-1158-2,B,1158,c1,soft,3,91770,1,0,0,0.000566,0.2,0.8,0,0.0
B-1158-2,B,1158,c2,hard,3,5650,1,0,0,0.000566,0.2,0.8,0,0.0
B-1158-2,B,1158,c2,soft,3,91770,1,0,0,0.000566,0.2,0.8,0,0.0
B-1158-2,B,1158,c3,hard,3,5650,1,0,0,0.000566,0.2,0.8,0,0.0
B-1158-2,B,1158,c3,soft,3,91770,1,0,0,0.000566,0.2,0.8,0,0.0
B-1158-3,B,1158,c1,hard,0,0,0,1,1,0.000566,0.0,0.0,0,0.0
B-1158-3,B,1158,c1,soft,0,0,0,1,1,0.000566,0.0,0.0,0,0.0
B-1158-3,B,1158,c2,hard,0,0,0,1,1,0.000566,0.0,0.0,0,0.0
B-1158-3,B,1158,c2,soft,0,0,0,1,1,0.000566,0.0,0.0,0,0.0
B-1158-3,B,1158,c3,hard,0,0,0,1,1,0.000566,0.0,0.0,0,0.0
B-1158-3,B,1158,c3,soft,0,0,0,1,1,0.000566,0.0,0.0,0,0.0
B-1352-1,B,1352,c1,hard,1,60625,7250,0,0,0.001777,0.2,0.8,0,0.0
B-1352-1,B,1352,c1,soft,1,60625,7250,0,0,0.001777,0.2,0.8,0,0.0
B-1352-1,B,1352,c2,hard,2,3745,7,0,0,0.001777,0.0,0.8,0,0.0
B-1352-1,B,1352,c2,soft,2,60888,7,0,0,0.001777,0.0,0.8,0,0.0
B-1352-1,B,1352,c3,hard,2,3745,7,0,0,0.001777,0.0,0.8,0,0.0
B-1352-1,B,1352,c3,soft,2,60888,7,0,0,0.001777,0.0,0.8,0,0.0
B-1352-2,B,1352,c1,hard,0,0,0,1,1,0.001777,0.0,0.0,0,0.0
B-1352-2,B,1352,c1,soft,0,0,0,1,1,0.001777,0.0,0.0,0,0.0
B-1352-2,B,1352,c2,hard,0,0,0,1,1,0.001777,0.0,0.0,0,0.0
B-1352-2,B,1352,c2,soft,0,0,0,1,1,0.001777,0.0,0.0,0,0.0
B-1352-2,B,1352,c3,hard,0,0,0,1,1,0.001777,0.0,0.0,0,0.0
B-1352-2,B,1352,c3,soft,0,0,0,1,1,0.001777,0.0,0.0,0,0.0
B-1352-3,B,1352,c1,hard,2,31001,101,0,0,0.001777,0.2,1.0,0,0.0
B-1352-3,B,1352,c1,soft,2,72846,101,0,0,0.001777,0.2,1.0,0,0.0
B-1352-3,B,1352,c2,hard,3,1688,1,0,0,0.001777,0.0,1.0,0,0.0
B-1352-3,B,1352,c2,soft,3,73075,1,0,0,0.001777,0.0,1.0,0,0.0
B-1352-3,B,1352,c3,hard,3,1688,1,0,0,0.001777,0.0,1.0,0,0.0
B-1352-3,B,1352,c3,soft,3,73075,1,0,0,0.001777,0.0,1.0,0,0.0
B-1475-1,B,1475,c1,hard,2,24872,79,0,0,0.000696,0.2,0.6,0,0.0
B-1475-1,B,1475,c1,soft,2,70315,79,0,0,0.000696,0.2,0.6,0,0.0
B-1475-1,B,1475,c2,hard,3,2417,4,0,0,0.000696,0.0,0.2,0,0.0
B-1475-1,B,1475,c2,soft,3,70490,4,0,0,0.000696,0.0,0.2,0,0.0
B-1475-1,B,1475,c3,hard,3,2417,4,0,0,0.000696,0.0,0.2,0,0.0
B-1475-1,B,1475,c3,soft,3,70490,4,0,0,0.000696,0.0,0.2,0,0.0
B-1475-2,B,1475,c1,hard,1,34562,5639,0,0,0.000696,0.4,0.6,0,0.0
B-1475-2,B,1475,c1,soft,1,34562,5639,0,0,0.000696,0.4,0.6,0,0.0
B-1475-2,B,1475,c2,hard,3,2417,4,0,0,0.000696,0.0,0.2,0,0.0
B-1475-2,B,1475,c2,soft,3,70490,4,0,0,0.000696,0.0,0.2,0,0.0
B-1475-2,B,1475,c3,hard,3,2417,4,0,0,0.000696,0.0,0.2,0,0.0
B-1475-2,B,1475,c3,soft,3,70490,4,0,0,0.000696,0.0,0.2,0,0.0
B-1475-3,B,1475,c1,hard,0,0,0,1,1,0.000696,0.0,0.0,0,0.0
B-1475-3,B,1475,c1,soft,0,0,0,1,1,0.000696,0.0,0.0,0,0.0
B-1475-3,B,1475,c2,hard,2,3745,7,0,0,0.000696,0.0,0.0,0,0.0
B-1475-3,B,1475,c2,soft,2,60888,7,0,0,0.000696,0.0,0.0,0,0.0
B-1475-3,B,1475,c3,hard,2,3745,7,0,0,0.000696,0.0,0.0,0,0.0
B-1475-3,B,1475,c3,soft,2,60888,7,0,0,0.000696,0.0,0.0,0,0.0
B-1485-1,B,1485,c1,hard,1,25617,4450,0,0,0.000878,0.6,1.0,0,0.0
B-1485-1,B,1485,c1,soft,1,25617,4450,0,0,0.000878,0.6,1.0,0,0.0
B-1485-1,B,1485,c2,hard,1,25617,4450,0,0,0.000878,0.6,1.0,0,0.0
B-1485-1,B,1485,c2,soft,1,25617,4450,0,0,0.000878,0.6,1.0,0,0.0
B-1485-1,B,1485,c3,hard,1,25617,4450,0,0,0.000878,0.6,1.0,0,0.0
B-1485-1,B,1485,c3,soft,1,25617,4450,0,0,0.000878,0.6,1.0,0,0.0
B-1485-2,B,1485,c1,hard,1,15645,2970,0,0,0.000878,0.2,1.0,0,0.0
B-1485-2,B,1485,c1,soft,1,15645,2970,0,0,0.000878,0.2,1.0,0,0.0
B-1485-2,B,1485,c2,hard,3,0,0,1,1,0.000878,0.0,0.0,0,0.0
B-1485-2,B,1485,c2,soft,3,15842,1,0,0,0.000878,0.2,0.8,0,0.0
B-1485-2,B,1485,c3,hard,3,0,0,1,1,0.000878,0.0,0.0,0,0.0
B-1485-2,B,1485,c3,soft,3,15842,1,0,0,0.000878,0.2,0.8,0,0.0
B-1485-3,B,1485,c1,hard,2,15238,31,0,0,0.000878,0.8,1.0,1,1.0
B-1485-3,B,1485,c1,soft,2,56965,31,0,0,0.000878,0.8,1.0,1,1.0
B-1485-3,B,1485,c2,hard,2,15238,31,0,0,0.000878,0.8,1.0,1,1.0
B-1485-3,B,1485,c2,soft,2,56965,31,0,0,0.000878,0.8,1.0,1,1.0
B-1485-3,B,1485,c3,hard,2,15238,31,0,0,0.000878,0.8,1.0,1,1.0
B-1485-3,B,1485,c3,soft,2,56965,31,0,0,0.000878,0.8,1.0,1,1.0
B-1673-1,B,1673,c1,hard,0,0,0,1,1,0.00025,0.0,0.0,0,0.0
B-1673-1,B,1673,c1,soft,0,0,0,1,1,0.00025,0.0,0.0,0,0.0
B-1673-1,B,1673,c2,hard,0,0,0,1,1,0.00025,0.0,0.0,0,0.0
B-1673-1,B,1673,c2,soft,0,0,0,1,1,0.00025,0.0,0.0,0,0.0
B-1673-1,B,1673,c3,hard,0,0,0,1,1,0.00025,0.0,0.0,0,0.0
B-1673-1,B,1673,c3,soft,0,0,0,1,1,0.00025,0.0,0.0,0,0.0
B-1673-2,B,1673,c1,hard,2,38224,329,0,0,0.00025,0.6,1.0,0,0.0
B-1673-2,B,1673,c1,soft,2,103177,329,0,0,0.00025,0.6,1.0,0,0.0
B-1673-2,B,1673,c2,hard,2,38224,329,0,0,0.00025,0.6,1.0,0,0.0
B-1673-2,B,1673,c2,soft,2,103177,329,0,0,0.00025,0.6,1.0,0,0.0
B-1673-2,B,1673,c3,hard,2,38224,329,0,0,0.00025,0.6,1.0,0,0.0
B-1673-2,B,1673,c3,soft,2,103177,329,0,0,0.00025,0.6,1.0,0,0.0
B-1673-3,B,1673,c1,hard,1,81432,19825,0,0,0.00025,0.4,0.6,0,0.0
B-1673-3,B,1673,c1,soft,1,81432,19825,0,0,0.00025,0.4,0.6,0,0.0
B-1673-3,B,1673,c2,hard,1,81432,19825,0,0,0.00025,0.4,0.6,0,0.0
B-1673-3,B,1673,c2,soft,1,81432,19825,0,0,0.00025,0.4,0.6,0,0.0
B-1673-3,B,1673,c3,hard,1,81432,19825,0,0,0.00025,0.4,0.6,0,0.0
B-1673-3,B,1673,c3,soft,1,81432,19825,0,0,0.00025,0.4,0.6,0,0.0
B-1681-1,B,1681,c1,hard,2,22125,188,0,0,0.000222,0.2,0.4,0,0.0
B-1681-1,B,1681,c1,soft,2,84430,188,0,0,0.000222,0.2,0.4,0,0.0
B-1681-1,B,1681,c2,hard,4,399,1,0,0,0.000222,0.2,0.4,0,0.0
B-1681-1,B,1681,c2,soft,4,90712,7,0,0,0.000222,0.0,0.2,0,0.0
B-1681-1,B,1681,c3,hard,4,399,1,0,0,0.000222,0.2,0.4,0,0.0
B-1681-1,B,1681,c3,soft,4,90712,7,0,0,0.000222,0.0,0.2,0,0.0
B-1681-2,B,1681,c1,hard,2,22125,188,0,0,0.000222,0.2,0.4,0,0.0
B-1681-2,B,1681,c1,soft,2,84430,188,0,0,0.000222,0.2,0.4,0,0.0
B-1681-2,B,1681,c2,hard,2,22125,188,0,0,0.000222,0.2,0.4,0,0.0
B-1681-2,B,1681,c2,soft,2,84430,188,0,0,0.000222,0.2,0.4,0,0.0
B-1681-2,B,1681,c3,hard,2,22125,188,0,0,0.000222,0.2,0.4,0,0.0
B-1681-2,B,1681,c3,soft,2,84430,188,0,0,0.000222,0.2,0.4,0,0.0
B-1681-3,B,1681,c1,hard,1,1720,18,0,0,0.000222,0.0,0.0,0,0.0
B-1681-3,B,1681,c1,soft,1,1720,18,0,0,0.000222,0.0,0.0,0,0.0
B-1681-3,B,1681,c2,hard,2,1049,2,0,0,0.000222,0.0,0.0,0,0.0
B-1681-3,B,1681,c2,soft,2,34149,2,0,0,0.000222,0.0,0.0,0,0.0
B-1681-3,B,1681,c3,hard,2,1049,2,0,0,0.000222,0.0,0.0,0,0.0
B-1681-3,B,1681,c3,soft,2,34149,2,0,0,0.000222,0.0,0.0,0,0.0
B-1953-1,B,1953,c1,hard,1,10809,1778,0,0,0.03876,0.0,0.2,0,0.0
B-1953-1,B,1953,c1,soft,1,10809,1778,0,0,0.03876,0.0,0.2,0,0.0
B-1953-1,B,1953,c2,hard,1,10809,1778,0,0,0.03876,0.0,0.2,0,0.0
B-1953-1,B,1953,c2,soft,1,10809,1778,0,0,0.03876,0.0,0.2,0,0.0
B-1953-1,B,1953,c3,hard,1,10809,1778,0,0,0.03876,0.0,0.2,0,0.0
B-1953-1,B,1953,c3,soft,1,10809,1778,0,0,0.03876,0.0,0.2,0,0.0
B-1953-2,B,1953,c1,hard,0,0,0,1,1,0.03876,0.0,0.0,0,0.0
B-1953-2,B,1953,c1,soft,0,0,0,1,1,0.03876,0.0,0.0,0,0.0
B-1953-2,B,1953,c2,hard,0,0,0,1,1,0.03876,0.0,0.0,0,0.0
B-1953-2,B,1953,c2,soft,0,0,0,1,1,0.03876,0.0,0.0,0,0.0
B-1953-2,B,1953,c3,hard,0,0,0,1,1,0.03876,0.0,0.0,0,0.0
B-1953-2,B,1953,c3,soft,0,0,0,1,1,0.03876,0.0,0.0,0,0.0
B-1953-3,B,1953,c1,hard,1,10809,1778,0,0,0.03876,0.0,0.2,0,0.0
B-1953-3,B,1953,c1,soft,1,10809,1778,0,0,0.03876,0.0,0.2,0,0.0
B-1953-3,B,1953,c2,hard,1,10809,1778,0,0,0.03876,0.0,0.2,0,0.0
B-1953-3,B,1953,c2,soft,1,10809,1778,0,0,0.03876,0.0,0.2,0,0.0
B-1953-3,B,1953,c3,hard,1,10809,1778,0,0,0.03876,0.0,0.2,0,0.0
B-1953-3,B,1953,c3,soft,1,10809,1778,0,0,0.03876,0.0,0.2,0,0.0
B-2072-1,B,2072,c1,hard,0,0,0,1,1,0.000324,0.0,0.0,0,0.0
B-2072-1,B,2072,c1,soft,0,0,0,1,1,0.000324,0.0,0.0,0,0.0
B-2072-1,B,2072,c2,hard,0,0,0,1,1,0.000324,0.0,0.0,0,0.0
B-2072-1,B,2072,c2,soft,0,0,0,1,1,0.000324,0.0,0.0,0,0.0
B-2072-1,B,2072,c3,hard,0,0,0,1,1,0.000324,0.0,0.0,0,0.0
B-2072-1,B,2072,c3,soft,0,0,0,1,1,0.000324,0.0,0.0,0,0.0
B-2072-2,B,2072,c1,hard,3,607,2,0,0,0.000324,0.0,0.4,0,0.0
B-2072-2,B,2072,c1,soft,3,82289,2,0,0,0.000324,0.0,0.4,0,0.0
B-2072-2,B,2072,c2,hard,3,607,2,0,0,0.000324,0.0,0.4,0,0.0
B-2072-2,B,2072,c2,soft,3,82289,2,0,0,0.000324,0.0,0.4,0,0.0
B-2072-2,B,2072,c3,hard,3,607,2,0,0,0.000324,0.0,0.4,0,0.0
B-2072-2,B,2072,c3,soft,3,82289,2,0,0,0.000324,0.0,0.4,0,0.0
B-2072-3,B,2072,c1,hard,0,0,0,1,1,0.000324,0.0,0.0,0,0.0
B-2072-3,B,2072,c1,soft,0,0,0,1,1,0.000324,0.0,0.0,0,0.0
B-2072-3,B,2072,c2,hard,0,0,0,1,1,0.000324,0.0,0.0,0,0.0
B-2072-3,B,2072,c2,soft,0,0,0,1,1,0.000324,0.0,0.0,0,0.0
B-2072-3,B,2072,c3,hard,0,0,0,1,1,0.000324,0.0,0.0,0,0.0
B-2072-3,B,2072,c3,soft,0,0,0,1,1,0.000324,0.0,0.0,0,0.0
B-2802-1,B,2802,c1,hard,0,0,0,1,1,0.003311,0.0,0.0,0,0.0
B-2802-1,B,2802,c1,soft,0,0,0,1,1,0.003311,0.0,0.0,0,0.0
B-2802-1,B,2802,c2,hard,3,72,1,0,0,0.003311,0.0,0.0,0,0.0
B-2802-1,B,2802,c2,soft,3,38034,1,0,0,0.003311,0.0,0.0,0,0.0
B-2802-1,B,2802,c3,hard,3,72,1,0,0,0.003311,0.0,0.0,0,0.0
B-2802-1,B,2802,c3,soft,3,38034,1,0,0,0.003311,0.0,0.0,0,0.0
B-2802-2,B,2802,c1,hard,0,0,0,1,1,0.003311,0.0,0.0,0,0.0
B-2802-2,B,2802,c1,soft,0,0,0,1,1,0.003311,0.0,0.0,0,0.0
B-2802-2,B,2802,c2,hard,0,0,0,1,1,0.003311,0.0,0.0,0,0.0
B-2802-2,B,2802,c2,soft,0,0,0,1,1,0.003311,0.0,0.0,0,0.0
B-2802-2,B,2802,c3,hard,0,0,0,1,1,0.003311,0.0,0.0,0,0.0
B-2802-2,B,2802,c3,soft,0,0,0,1,1,0.003311,0.0,0.0,0,0.0
B-2802-3,B,2802,c1,hard,0,0,0,1,1,0.003311,0.0,0.0,0,0.0
B-2802-3,B,2802,c1,soft,0,0,0,1,1,0.003311,0.0,0.0,0,0.0
B-2802-3,B,2802,c2,hard,3,72,1,0,0,0.003311,0.0,0.0,0,0.0
B-2802-3,B,2802,c2,soft,3,38034,1,0,0,0.003311,0.0,0.0,0,0.0
B-2802-3,B,2802,c3,hard,3,72,1,0,0,0.003311,0.0,0.0,0,0.0
B-2802-3,B,2802,c3,soft,3,38034,1,0,0,0.003311,0.0,0.0,0,0.0
B-3116-1,B,3116,c1,hard,1,59969,17736,0,0,0.000763,0.4,1.0,0,0.0
B-3116-1,B,3116,c1,soft,1,59969,17736,0,0,0.000763,0.4,1.0,0,0.0
B-3116-1,B,3116,c2,hard,1,59969,17736,0,0,0.000763,0.4,1.0,0,0.0
B-3116-1,B,3116,c2,soft,1,59969,17736,0,0,0.000763,0.4,1.0,0,0.0
B-3116-1,B,3116,c3,hard,1,59969,17736,0,0,0.000763,0.4,1.0,0,0.0
B-3116-1,B,3116,c3,soft,1,59969,17736,0,0,0.000763,0.4,1.0,0,0.0
B-3116-2,B,3116,c1,hard,6,0,0,1,1,0.000763,0.0,0.0,0,0.0
B-3116-2,B,3116,c1,soft,6,56076,2,0,0,0.000763,0.0,0.6,0,0.0
B-3116-2,B,3116,c2,hard,8,0,0,1,1,0.000763,0.0,0.0,0,0.0
B-3116-2,B,3116,c2,soft,8,56167,2,0,0,0.000763,0.0,0.6,0,0.0
B-3116-2,B,3116,c3,hard,9,0,0,1,1,0.000763,0.0,0.0,0,0.0
B-3116-2,B,3116,c3,soft,9,57025,1,0,0,0.000763,0.0,1.0,0,0.0
B-3116-3,B,3116,c1,hard,0,0,0,1,1,0.000763,0.0,0.0,0,0.0
B-3116-3,B,3116,c1,soft,0,0,0,1,1,0.000763,0.0,0.0,0,0.0
B-3116-3,B,3116,c2,hard,0,0,0,1,1,0.000763,0.0,0.0,0,0.0
B-3116-3,B,3116,c2,soft,0,0,0,1,1,0.000763,0.0,0.0,0,0.0
B-3116-3,B,3116,c3,hard,0,0,0,1,1,0.000763,0.0,0.0,0,0.0
B-3116-3,B,3116,c3,soft,0,0,0,1,1,0.000763,0.0,0.0,0,0.0
B-3166-1,B,3166,c1,hard,2,2254,2,0,0,0.0033,0.2,0.8,0,0.0
B-3166-1,B,3166,c1,soft,2,66707,2,0,0,0.0033,0.2,0.8,0,0.0
B-3166-1,B,3166,c2,hard,3,63,1,0,0,0.0033,0.6,1.0,0,0.0
B-3166-1,B,3166,c2,soft,3,66958,1,0,0,0.0033,0.6,1.0,0,0.0
B-3166-1,B,3166,c3,hard,3,63,1,0,0,0.0033,0.6,1.0,0,0.0
B-3166-1,B,3166,c3,soft,3,66958,1,0,0,0.0033,0.6,1.0,0,0.0
B-3166-2,B,3166,c1,hard,2,1818,37,0,0,0.0033,1.0,1.0,0,0.0
B-3166-2,B,3166,c1,soft,2,41080,37,0,0,0.0033,1.0,1.0,0,0.0
B-3166-2,B,3166,c2,hard,2,1818,37,0,0,0.0033,1.0,1.0,0,0.0
B-3166-2,B,3166,c2,soft,2,41080,37,0,0,0.0033,1.0,1.0,0,0.0
B-3166-2,B,3166,c3,hard,2,1818,37,0,0,0.0033,1.0,1.0,0,0.0
B-3166-2,B,3166,c3,soft,2,41080,37,0,0,0.0033,1.0,1.0,0,0.0
B-3166-3,B,3166,c1,hard,2,1818,37,0,0,0.0033,1.0,1.0,0,0.0
B-3166-3,B,3166,c1,soft,2,41080,37,0,0,0.0033,1.0,1.0,0,0.0
B-3166-3,B,3166,c2,hard,2,1818,37,0,0,0.0033,1.0,1.0,0,0.0
B-3166-3,B,3166,c2,soft,2,41080,37,0,0,0.0033,1.0,1.0,0,0.0
B-3166-3,B,3166,c3,hard,2,1818,37,0,0,0.0033,1.0,1.0,0,0.0
B-3166-3,B,3166,c3,soft,2,41080,37,0,0,0.0033,1.0,1.0,0,0.0
B-3247-1,B,3247,c1,hard,0,0,0,1,1,0.001082,0.0,0.0,0,0.0
B-3247-1,B,3247,c1,soft,0,0,0,1,1,0.001082,0.0,0.0,0,0.0
B-3247-1,B,3247,c2,hard,2,4963,14,0,0,0.001082,0.0,0.0,0,0.0
B-3247-1,B,3247,c2,soft,2,37387,14,0,0,0.001082,0.0,0.0,0,0.0
B-3247-1,B,3247,c3,hard,2,4963,14,0,0,0.001082,0.0,0.0,0,0.0
B-3247-1,B,3247,c3,soft,2,37387,14,0,0,0.001082,0.0,0.0,0,0.0
B-3247-2,B,3247,c1,hard,0,0,0,1,1,0.001082,0.0,0.0,0,0.0
B-3247-2,B,3247,c1,soft,0,0,0,1,1,0.001082,0.0,0.0,0,0.0
B-3247-2,B,3247,c2,hard,0,0,0,1,1,0.001082,0.0,0.0,0,0.0
B-3247-2,B,3247,c2,soft,0,0,0,1,1,0.001082,0.0,0.0,0,0.0
B-3247-2,B,3247,c3,hard,0,0,0,1,1,0.001082,0.0,0.0,0,0.0
B-3247-2,B,3247,c3,soft,0,0,0,1,1,0.001082,0.0,0.0,0,0.0
B-3247-3,B,3247,c1,hard,0,0,0,1,1,0.001082,0.0,0.0,0,0.0
B-3247-3,B,3247,c1,soft,0,0,0,1,1,0.001082,0.0,0.0,0,0.0
B-3247-3,B,3247,c2,hard,0,0,0,1,1,0.001082,0.0,0.0,0,0.0
B-3247-3,B,3247,c2,soft,0,0,0,1,1,0.001082,0.0,0.0,0,0.0
B-3247-3,B,3247,c3,hard,0,0,0,1,1,0.001082,0.0,0.0,0,0.0
B-3247-3,B,3247,c3,soft,0,0,0,1,1,0.001082,0.0,0.0,0,0.0
B-3976-1,B,3976,c1,hard,0,0,0,1,1,0.000291,0.0,0.0,0,0.0
B-3976-1,B,3976,c1,soft,0,0,0,1,1,0.000291,0.0,0.0,0,0.0
B-3976-1,B,3976,c2,hard,0,0,0,1,1,0.000291,0.0,0.0,0,0.0
B-3976-1,B,3976,c2,soft,0,0,0,1,1,0.000291,0.0,0.0,0,0.0
B-3976-1,B,3976,c3,hard,0,0,0,1,1,0.000291,0.0,0.0,0,0.0
B-3976-1,B,3976,c3,soft,0,0,0,1,1,0.000291,0.0,0.0,0,0.0
B-3976-2,B,3976,c1,hard,0,0,0,1,1,0.000291,0.0,0.0,0,0.0
B-3976-2,B,3976,c1,soft,0,0,0,1,1,0.000291,0.0,0.0,0,0.0
B-3976-2,B,3976,c2,hard,0,0,0,1,1,0.000291,0.0,0.0,0,0.0
B-3976-2,B,3976,c2,soft,0,0,0,1,1,0.000291,0.0,0.0,0,0.0
B-3976-2,B,3976,c3,hard,0,0,0,1,1,0.000291,0.0,0.0,0,0.0
B-3976-2,B,3976,c3,soft,0,0,0,1,1,0.000291,0.0,0.0,0,0.0
B-3976-3,B,3976,c1,hard,0,0,0,1,1,0.000291,0.0,0.0,0,0.0
B-3976-3,B,3976,c1,soft,0,0,0,1,1,0.000291,0.0,0.0,0,0.0
B-3976-3,B,3976,c2,hard,0,0,0,1,1,0.000291,0.0,0.0,0,0.0
B-3976-3,B,3976,c2,soft,0,0,0,1,1,0.000291,0.0,0.0,0,0.0
B-3976-3,B,3976,c3,hard,0,0,0,1,1,0.000291,0.0,0.0,0,0.0
B-3976-3,B,3976,c3,soft,0,0,0,1,1,0.000291,0.0,0.0,0,0.0
B-4575-1,B,4575,c1,hard,3,324,1,0,0,0.002955,0.0,0.4,0,0.0
B-4575-1,B,4575,c1,soft,3,87878,1,0,0,0.002955,0.0,0.4,0,0.0
B-4575-1,B,4575,c2,hard,5,0,0,1,1,0.002955,0.0,0.0,0,0.0
B-4575-1,B,4575,c2,soft,5,114469,1,0,0,0.002955,0.0,0.2,0,0.0
B-4575-1,B,4575,c3,hard,5,0,0,1,1,0.002955,0.0,0.0,0,0.0
B-4575-1,B,4575,c3,soft,5,114469,1,0,0,0.002955,0.0,0.2,0,0.0
B-4575-2,B,4575,c1,hard,0,0,0,1,1,0.002955,0.0,0.0,0,0.0
B-4575-2,B,4575,c1,soft,0,0,0,1,1,0.002955,0.0,0.0,0,0.0
B-4575-2,B,4575,c2,hard,2,3745,7,0,0,0.002955,0.0,0.0,0,0.0
B-4575-2,B,4575,c2,soft,2,60888,7,0,0,0.002955,0.0,0.0,0,0.0
B-4575-2,B,4575,c3,hard,2,3745,7,0,0,0.002955,0.0,0.0,0,0.0
B-4575-2,B,4575,c3,soft,2,60888,7,0,0,0.002955,0.0,0.0,0,0.0
B-4575-3,B,4575,c1,hard,0,0,0,1,1,0.002955,0.0,0.0,0,0.0
B-4575-3,B,4575,c1,soft,0,0,0,1,1,0.002955,0.0,0.0,0,0.0
B-4575-3,B,4575,c2,hard,0,0,0,1,1,0.002955,0.0,0.0,0,0.0
B-4575-3,B,4575,c2,soft,0,0,0,1,1,0.002955,0.0,0.0,0,0.0
B-4575-3,B,4575,c3,hard,0,0,0,1,1,0.002955,0.0,0.0,0,0.0
B-4575-3,B,4575,c3,soft,0,0,0,1,1,0.002955,0.0,0.0,0,0.0
B-4922-1,B,4922,c1,hard,2,5559,118,0,0,0.004417,0.4,0.8,0,0.0
B-4922-1,B,4922,c1,soft,2,54620,118,0,0,0.004417,0.4,0.8,0,0.0
B-4922-1,B,4922,c2,hard,4,199,2,0,0,0.004417,0.0,1.0,0,0.0
B-4922-1,B,4922,c2,soft,4,83741,2,0,0,0.004417,0.0,1.0,0,0.0
B-4922-1,B,4922,c3,hard,4,199,2,0,0,0.004417,0.0,1.0,0,0.0
B-4922-1,B,4922,c3,soft,4,83741,2,0,0,0.004417,0.0,1.0,0,0.0
B-4922-2,B,4922,c1,hard,1,25617,4450,0,0,0.004417,0.2,0.6,0,0.0
B-4922-2,B,4922,c1,soft,1,25617,4450,0,0,0.004417,0.2,0.6,0,0.0
B-4922-2,B,4922,c2,hard,1,25617,4450,0,0,0.004417,0.2,0.6,0,0.0
B-4922-2,B,4922,c2,soft,1,25617,4450,0,0,0.004417,0.2,0.6,0,0.0
B-4922-2,B,4922,c3,hard,1,25617,4450,0,0,0.004417,0.2,0.6,0,0.0
B-4922-2,B,4922,c3,soft,1,25617,4450,0,0,0.004417,0.2,0.6,0,0.0
B-4922-3,B,4922,c1,hard,2,9972,19,0,0,0.004417,0.0,1.0,0,0.0
B-4922-3,B,4922,c1,soft,2,76270,19,0,0,0.004417,0.0,1.0,0,0.0
B-4922-3,B,4922,c2,hard,2,9972,19,0,0,0.004417,0.0,1.0,0,0.0
B-4922-3,B,4922,c2,soft,2,76270,19,0,0,0.004417,0.0,1.0,0,0.0
B-4922-3,B,4922,c3,hard,2,9972,19,0,0,0.004417,0.0,1.0,0,0.0
B-4922-3,B,4922,c3,soft,2,76270,19,0,0,0.004417,0.0,1.0,0,0.0
B-5581-1,B,5581,c1,hard,0,0,0,1,1,0.000789,0.0,0.0,0,0.0
B-5581-1,B,5581,c1,soft,0,0,0,1,1,0.000789,0.0,0.0,0,0.0
B-5581-1,B,5581,c2,hard,0,0,0,1,1,0.000789,0.0,0.0,0,0.0
B-5581-1,B,5581,c2,soft,0,0,0,1,1,0.000789,0.0,0.0,0,0.0
B-5581-1,B,5581,c3,hard,0,0,0,1,1,0.000789,0.0,0.0,0,0.0
B-5581-1,B,5581,c3,soft,0,0,0,1,1,0.000789,0.0,0.0,0,0.0
B-5581-2,B,5581,c1,hard,1,59969,17736,0,0,0.000789,0.0,0.4,0,0.0
B-5581-2,B,5581,c1,soft,1,59969,17736,0,0,0.000789,0.0,0.4,0,0.0
B-5581-2,B,5581,c2,hard,1,59969,17736,0,0,0.000789,0.0,0.4,0,0.0
B-5581-2,B,5581,c2,soft,1,59969,17736,0,0,0.000789,0.0,0.4,0,0.0
B-5581-2,B,5581,c3,hard,2,19255,105,0,0,0.000789,0.0,0.8,0,0.0
B-5581-2,B,5581,c3,soft,2,83936,105,0,0,0.000789,0.0,0.8,0,0.0
B-5581-3,B,5581,c1,hard,0,0,0,1,1,0.000789,0.0,0.0,0,0.0
B-5581-3,B,5581,c1,soft,0,0,0,1,1,0.000789,0.0,0.0,0,0.0
B-5581-3,B,5581,c2,hard,0,0,0,1,1,0.000789,0.0,0.0,0,0.0
B-5581-3,B,5581,c2,soft,0,0,0,1,1,0.000789,0.0,0.0,0,0.0
B-5581-3,B,5581,c3,hard,0,0,0,1,1,0.000789,0.0,0.0,0,0.0
B-5581-3,B,5581,c3,soft,0,0,0,1,1,0.000789,0.0,0.0,0,0.0
B-6097-1,B,6097,c1,hard,0,0,0,1,1,0.000418,0.0,0.0,0,0.0
B-6097-1,B,6097,c1,soft,0,0,0,1,1,0.000418,0.0,0.0,0,0.0
B-6097-1,B,6097,c2,hard,2,3745,7,0,0,0.000418,0.2,0.4,0,0.0
B-6097-1,B,6097,c2,soft,2,60888,7,0,0,0.000418,0.2,0.4,0,0.0
B-6097-1,B,6097,c3,hard,2,3745,7,0,0,0.000418,0.2,0.4,0,0.0
B-6097-1,B,6097,c3,soft,2,60888,7,0,0,0.000418,0.2,0.4,0,0.0
B-6097-2,B,6097,c1,hard,2,31453,41,0,0,0.000418,0.0,0.4,0,0.0
B-6097-2,B,6097,c1,soft,2,110604,41,0,0,0.000418,0.0,0.4,0,0.0
B-6097-2,B,6097,c2,hard,3,1469,3,0,0,0.000418,0.4,1.0,0,0.0
B-6097-2,B,6097,c2,soft,3,110677,3,0,0,0.000418,0.4,1.0,0,0.0
B-6097-2,B,6097,c3,hard,3,1469,3,0,0,0.000418,0.4,1.0,0,0.0
B-6097-2,B,6097,c3,soft,3,110677,3,0,0,0.000418,0.4,1.0,0,0.0
B-6097-3,B,6097,c1,hard,1,81432,19825,0,0,0.000418,0.0,0.4,0,0.0
B-6097-3,B,6097,c1,soft,1,81432,19825,0,0,0.000418,0.0,0.4,0,0.0
B-6097-3,B,6097,c2,hard,1,81432,19825,0,0,0.000418,0.0,0.4,0,0.0
B-6097-3,B,6097,c2,soft,1,81432,19825,0,0,0.000418,0.0,0.4,0,0.0
B-6097-3,B,6097,c3,hard,1,81432,19825,0,0,0.000418,0.0,0.4,0,0.0
B-6097-3,B,6097,c3,soft,1,81432,19825,0,0,0.000418,0.0,0.4,0,0.0
B-6693-1,B,6693,c1,hard,0,0,0,1,1,0.000939,0.0,0.0,0,0.0
B-6693-1,B,6693,c1,soft,0,0,0,1,1,0.000939,0.0,0.0,0,0.0
B-6693-1,B,6693,c2,hard,0,0,0,1,1,0.000939,0.0,0.0,0,0.0
B-6693-1,B,6693,c2,soft,0,0,0,1,1,0.000939,0.0,0.0,0,0.0
B-6693-1,B,6693,c3,hard,0,0,0,1,1,0.000939,0.0,0.0,0,0.0
B-6693-1,B,6693,c3,soft,0,0,0,1,1,0.000939,0.0,0.0,0,0.0
B-6693-2,B,6693,c1,hard,0,0,0,1,1,0.000939,0.0,0.0,0,0.0
B-6693-2,B,6693,c1,soft,0,0,0,1,1,0.000939,0.0,0.0,0,0.0
B-6693-2,B,6693,c2,hard,0,0,0,1,1,0.000939,0.0,0.0,0,0.0
B-6693-2,B,6693,c2,soft,0,0,0,1,1,0.000939,0.0,0.0,0,0.0
B-6693-2,B,6693,c3,hard,0,0,0,1,1,0.000939,0.0,0.0,0,0.0
B-6693-2,B,6693,c3,soft,0,0,0,1,1,0.000939,0.0,0.0,0,0.0
B-6693-3,B,6693,c1,hard,1,60625,7250,0,0,0.000939,0.0,0.2,0,0.0
B-6693-3,B,6693,c1,soft,1,60625,7250,0,0,0.000939,0.0,0.2,0,0.0
B-6693-3,B,6693,c2,hard,4,3,3,0,0,0.000939,0.6666666666666666,0.6666666666666666,0,0.0
B-6693-3,B,6693,c2,soft,4,80211,1,0,0,0.000939,0.2,0.4,0,0.0
B-6693-3,B,6693,c3,hard,5,1,1,1,0,0.000939,1.0,1.0,0,0.0
B-6693-3,B,6693,c3,soft,5,86779,1,0,0,0.000939,0.2,1.0,0,0.0
B-6759-1,B,6759,c1,hard,0,0,0,1,1,0.006135,0.0,0.0,0,0.0
B-6759-1,B,6759,c1,soft,0,0,0,1,1,0.006135,0.0,0.0,0,0.0
B-6759-1,B,6759,c2,hard,0,0,0,1,1,0.006135,0.0,0.0,0,0.0
B-6759-1,B,6759,c2,soft,0,0,0,1,1,0.006135,0.0,0.0,0,0.0
B-6759-1,B,6759,c3,hard,0,0,0,1,1,0.006135,0.0,0.0,0,0.0
B-6759-1,B,6759,c3,soft,0,0,0,1,1,0.006135,0.0,0.0,0,0.0
B-6759-2,B,6759,c1,hard,0,0,0,1,1,0.006135,0.0,0.0,0,0.0
B-6759-2,B,6759,c1,soft,0,0,0,1,1,0.006135,0.0,0.0,0,0.0
B-6759-2,B,6759,c2,hard,0,0,0,1,1,0.006135,0.0,0.0,0,0.0
B-6759-2,B,6759,c2,soft,0,0,0,1,1,0.006135,0.0,0.0,0,0.0
B-6759-2,B,6759,c3,hard,0,0,0,1,1,0.006135,0.0,0.0,0,0.0
B-6759-2,B,6759,c3,soft,0,0,0,1,1,0.006135,0.0,0.0,0,0.0
B-6759-3,B,6759,c1,hard,0,0,0,1,1,0.006135,0.0,0.0,0,0.0
B-6759-3,B,6759,c1,soft,0,0,0,1,1,0.006135,0.0,0.0,0,0.0
B-6759-3,B,6759,c2,hard,0,0,0,1,1,0.006135,0.0,0.0,0,0.0
B-6759-3,B,6759,c2,soft,0,0,0,1,1,0.006135,0.0,0.0,0,0.0
B-6759-3,B,6759,c3,hard,0,0,0,1,1,0.006135,0.0,0.0,0,0.0
B-6759-3,B,6759,c3,soft,0,0,0,1,1,0.006135,0.0,0.0,0,0.0
B-8700-1,B,8700,c1,hard,0,0,0,1,1,0.000222,0.0,0.0,0,0.0
B-8700-1,B,8700,c1,soft,0,0,0,1,1,0.000222,0.0,0.0,0,0.0
B-8700-1,B,8700,c2,hard,0,0,0,1,1,0.000222,0.0,0.0,0,0.0
B-8700-1,B,8700,c2,soft,0,0,0,1,1,0.000222,0.0,0.0,0,0.0
B-8700-1,B,8700,c3,hard,0,0,0,1,1,0.000222,0.0,0.0,0,0.0
B-8700-1,B,8700,c3,soft,0,0,0,1,1,0.000222,0.0,0.0,0,0.0
B-8700-2,B,8700,c1,hard,1,35269,10367,0,0,0.000222,0.6,0.8,0,0.0
B-8700-2,B,8700,c1,soft,1,35269,10367,0,0,0.000222,0.6,0.8,0,0.0
B-8700-2,B,8700,c2,hard,1,35269,10367,0,0,0.000222,0.6,0.8,0,0.0
B-8700-2,B,8700,c2,soft,1,35269,10367,0,0,0.000222,0.6,0.8,0,0.0
B-8700-2,B,8700,c3,hard,1,35269,10367,0,0,0.000222,0.6,0.8,0,0.0
B-8700-2,B,8700,c3,soft,1,35269,10367,0,0,0.000222,0.6,0.8,0,0.0
B-8700-3,B,8700,c1,hard,2,4359,2,0,0,0.000222,0.6,0.8,0,0.0
B-8700-3,B,8700,c1,soft,2,64217,2,0,0,0.000222,0.6,0.8,0,0.0
B-8700-3,B,8700,c2,hard,2,4359,2,0,0,0.000222,0.6,0.8,0,0.0
B-8700-3,B,8700,c2,soft,2,64217,2,0,0,0.000222,0.6,0.8,0,0.0
B-8700-3,B,8700,c3,hard,2,4359,2,0,0,0.000222,0.6,0.8,0,0.0
B-8700-3,B,8700,c3,soft,2,64217,2,0,0,0.000222,0.6,0.8,0,0.0
B-9558-1,B,9558,c1,hard,0,0,0,1,1,0.003399,0.0,0.0,0,0.0
B-9558-1,B,9558,c1,soft,0,0,0,1,1,0.003399,0.0,0.0,0,0.0
B-9558-1,B,9558,c2,hard,0,0,0,1,1,0.003399,0.0,0.0,0,0.0
B-9558-1,B,9558,c2,soft,0,0,0,1,1,0.003399,0.0,0.0,0,0.0
B-9558-1,B,9558,c3,hard,0,0,0,1,1,0.003399,0.0,0.0,0,0.0
B-9558-1,B,9558,c3,soft,0,0,0,1,1,0.003399,0.0,0.0,0,0.0
B-9558-2,B,9558,c1,hard,0,0,0,1,1,0.003399,0.0,0.0,0,0.0
B-9558-2,B,9558,c1,soft,0,0,0,1,1,0.003399,0.0,0.0,0,0.0
B-9558-2,B,9558,c2,hard,0,0,0,1,1,0.003399,0.0,0.0,0,0.0
B-9558-2,B,9558,c2,soft,0,0,0,1,1,0.003399,0.0,0.0,0,0.0
B-9558-2,B,9558,c3,hard,0,0,0,1,1,0.003399,0.0,0.0,0,0.0
B-9558-2,B,9558,c3,soft,0,0,0,1,1,0.003399,0.0,0.0,0,0.0
B-9558-3,B,9558,c1,hard,0,0,0,1,1,0.003399,0.0,0.0,0,0.0
B-9558-3,B,9558,c1,soft,0,0,0,1,1,0.003399,0.0,0.0,0,0.0
B-9558-3,B,9558,c2,hard,0,0,0,1,1,0.003399,0.0,0.0,0,0.0
B-9558-3,B,9558,c2,soft,0,0,0,1,1,0.003399,0.0,0.0,0,0.0
B-9558-3,B,9558,c3,hard,0,0,0,1,1,0.003399,0.0,0.0,0,0.0
B-9558-3,B,9558,c3,soft,0,0,0,1,1,0.003399,0.0,0.0,0,0.0
B-10131-1,B,10131,c1,hard,0,0,0,1,1,0.000518,0.0,0.0,0,0.0
B-10131-1,B,10131,c1,soft,0,0,0,1,1,0.000518,0.0,0.0,0,0.0
B-10131-1,B,10131,c2,hard,0,0,0,1,1,0.000518,0.0,0.0,0,0.0
B-10131-1,B,10131,c2,soft,0,0,0,1,1,0.000518,0.0,0.0,0,0.0
B-10131-1,B,10131,c3,hard,0,0,0,1,1,0.000518,0.0,0.0,0,0.0
B-10131-1,B,10131,c3,soft,0,0,0,1,1,0.000518,0.0,0.0,0,0.0
B-10131-2,B,10131,c1,hard,0,0,0,1,1,0.000518,0.0,0.0,0,0.0
B-10131-2,B,10131,c1,soft,0,0,0,1,1,0.000518,0.0,0.0,0,0.0
B-10131-2,B,10131,c2,hard,3,72,1,0,0,0.000518,0.0,0.2,0,0.0
B-10131-2,B,10131,c2,soft,3,38034,1,0,0,0.000518,0.0,0.2,0,0.0
B-10131-2,B,10131,c3,hard,3,72,1,0,0,0.000518,0.0,0.2,0,0.0
B-10131-2,B,10131,c3,soft,3,38034,1,0,0,0.000518,0.0,0.2,0,0.0
B-10131-3,B,10131,c1,hard,0,0,0,1,1,0.000518,0.0,0.0,0,0.0
B-10131-3,B,10131,c1,soft,0,0,0,1,1,0.000518,0.0,0.0,0,0.0
B-10131-3,B,10131,c2,hard,0,0,0,1,1,0.000518,0.0,0.0,0,0.0
B-10131-3,B,10131,c2,soft,0,0,0,1,1,0.000518,0.0,0.0,0,0.0
B-10131-3,B,10131,c3,hard,0,0,0,1,1,0.000518,0.0,0.0,0,0.0
B-10131-3,B,10131,c3,soft,0,0,0,1,1,0.000518,0.0,0.0,0,0.0
B-11238-1,B,11238,c1,hard,1,4259,203,0,0,0.000614,0.2,0.8,0,0.0
B-11238-1,B,11238,c1,soft,1,4259,203,0,0,0.000614,0.2,0.8,0,0.0
B-11238-1,B,11238,c2,hard,1,4259,203,0,0,0.000614,0.2,0.8,0,0.0
B-11238-1,B,11238,c2,soft,1,4259,203,0,0,0.000614,0.2,0.8,0,0.0
B-11238-1,B,11238,c3,hard,1,4259,203,0,0,0.000614,0.2,0.8,0,0.0
B-11238-1,B,11238,c3,soft,1,4259,203,0,0,0.000614,0.2,0.8,0,0.0
B-11238-2,B,11238,c1,hard,2,2034,1,0,0,0.000614,0.8,1.0,0,0.0
B-11238-2,B,11238,c1,soft,2,62850,1,0,0,0.000614,0.8,1.0,0,0.0
B-11238-2,B,11238,c2,hard,3,200,1,0,0,0.000614,0.6,1.0,0,0.0
B-11238-2,B,11238,c2,soft,3,63091,1,0,0,0.000614,0.6,1.0,0,0.0
B-11238-2,B,11238,c3,hard,3,200,1,0,0,0.000614,0.6,1.0,0,0.0
B-11238-2,B,11238,c3,soft,3,63091,1,0,0,0.000614,0.6,1.0,0,0.0
B-11238-3,B,11238,c1,hard,0,0,0,1,1,0.000614,0.0,0.0,0,0.0
B-11238-3,B,11238,c1,soft,0,0,0,1,1,0.000614,0.0,0.0,0,0.0
B-11238-3,B,11238,c2,hard,0,0,0,1,1,0.000614,0.0,0.0,0,0.0
B-11238-3,B,11238,c2,soft,0,0,0,1,1,0.000614,0.0,0.0,0,0.0
B-11238-3,B,11238,c3,hard,0,0,0,1,1,0.000614,0.0,0.0,0,0.0
B-11238-3,B,11238,c3,soft,0,0,0,1,1,0.000614,0.0,0.0,0,0.0
B-11560-1,B,11560,c1,hard,2,2231,26,0,0,0.003422,1.0,1.0,0,0.0
B-11560-1,B,11560,c1,soft,2,35769,26,0,0,0.003422,1.0,1.0,0,0.0
B-11560-1,B,11560,c2,hard,2,2231,26,0,0,0.003422,1.0,1.0,0,0.0
B-11560-1,B,11560,c2,soft,2,35769,26,0,0,0.003422,1.0,1.0,0,0.0
B-11560-1,B,11560,c3,hard,2,2231,26,0,0,0.003422,1.0,1.0,0,0.0
B-11560-1,B,11560,c3,soft,2,35769,26,0,0,0.003422,1.0,1.0,0,0.0
B-11560-2,B,11560,c1,hard,2,2231,26,0,0,0.003422,1.0,1.0,0,0.0
B-11560-2,B,11560,c1,soft,2,35769,26,0,0,0.003422,1.0,1.0,0,0.0
B-11560-2,B,11560,c2,hard,4,174,1,0,0,0.003422,0.6,1.0,0,0.0
B-11560-2,B,11560,c2,soft,4,70754,1,0,0,0.003422,0.6,1.0,0,0.0
B-11560-2,B,11560,c3,hard,4,174,1,0,0,0.003422,0.6,1.0,0,0.0
B-11560-2,B,11560,c3,soft,4,70754,1,0,0,0.003422,0.6,1.0,0,0.0
B-11560-3,B,11560,c1,hard,2,2231,26,0,0,0.003422,1.0,1.0,0,0.0
B-11560-3,B,11560,c1,soft,2,35769,26,0,0,0.003422,1.0,1.0,0,0.0
B-11560-3,B,11560,c2,hard,2,2231,26,0,0,0.003422,1.0,1.0,0,0.0
B-11560-3,B,11560,c2,soft,2,35769,26,0,0,0.003422,1.0,1.0,0,0.0
B-11560-3,B,11560,c3,hard,2,2231,26,0,0,0.003422,1.0,1.0,0,0.0
B-11560-3,B,11560,c3,soft,2,35769,26,0,0,0.003422,1.0,1.0,0,0.0
B-12109-1,B,12109,c1,hard,1,25617,4450,0,0,0.001636,0.0,0.6,0,0.0
B-12109-1,B,12109,c1,soft,1,25617,4450,0,0,0.001636,0.0,0.6,0,0.0
B-12109-1,B,12109,c2,hard,1,25617,4450,0,0,0.001636,0.0,0.6,0,0.0
B-12109-1,B,12109,c2,soft,1,25617,4450,0,0,0.001636,0.0,0.6,0,0.0
B-12109-1,B,12109,c3,hard,1,25617,4450,0,0,0.001636,0.0,0.6,0,0.0
B-12109-1,B,12109,c3,soft,1,25617,4450,0,0,0.001636,0.0,0.6,0,0.0
B-12109-2,B,12109,c1,hard,2,11743,9,0,0,0.001636,0.4,0.8,0,0.0
B-12109-2,B,12109,c1,soft,2,73843,9,0,0,0.001636,0.4,0.8,0,0.0
B-12109-2,B,12109,c2,hard,2,11743,9,0,0,0.001636,0.4,0.8,0,0.0
B-12109-2,B,12109,c2,soft,2,73843,9,0,0,0.001636,0.4,0.8,0,0.0
B-12109-2,B,12109,c3,hard,3,4089,11,0,0,0.001636,0.4,1.0,0,0.0
B-12109-2,B,12109,c3,soft,3,91994,11,0,0,0.001636,0.4,1.0,0,0.0
B-12109-3,B,12109,c1,hard,0,0,0,1,1,0.001636,0.0,0.0,0,0.0
B-12109-3,B,12109,c1,soft,0,0,0,1,1,0.001636,0.0,0.0,0,0.0
B-12109-3,B,12109,c2,hard,0,0,0,1,1,0.001636,0.0,0.0,0,0.0
B-12109-3,B,12109,c2,soft,0,0,0,1,1,0.001636,0.0,0.0,0,0.0
B-12109-3,B,12109,c3,hard,0,0,0,1,1,0.001636,0.0,0.0,0,0.0
B-12109-3,B,12109,c3,soft,0,0,0,1,1,0.001636,0.0,0.0,0,0.0
B-13737-1,B,13737,c1,hard,0,0,0,1,1,0.000202,0.0,0.0,0,0.0
B-13737-1,B,13737,c1,soft,0,0,0,1,1,0.000202,0.0,0.0,0,0.0
B-13737-1,B,13737,c2,hard,0,0,0,1,1,0.000202,0.0,0.0,0,0.0
B-13737-1,B,13737,c2,soft,0,0,0,1,1,0.000202,0.0,0.0,0,0.0
B-13737-1,B,13737,c3,hard,0,0,0,1,1,0.000202,0.0,0.0,0,0.0
B-13737-1,B,13737,c3,soft,0,0,0,1,1,0.000202,0.0,0.0,0,0.0
B-13737-2,B,13737,c1,hard,0,0,0,1,1,0.000202,0.0,0.0,0,0.0
B-13737-2,B,13737,c1,soft,0,0,0,1,1,0.000202,0.0,0.0,0,0.0
B-13737-2,B,13737,c2,hard,0,0,0,1,1,0.000202,0.0,0.0,0,0.0
B-13737-2,B,13737,c2,soft,0,0,0,1,1,0.000202,0.0,0.0,0,0.0
B-13737-2,B,13737,c3,hard,0,0,0,1,1,0.000202,0.0,0.0,0,0.0
B-13737-2,B,13737,c3,soft,0,0,0,1,1,0.000202,0.0,0.0,0,0.0
B-13737-3,B,13737,c1,hard,0,0,0,1,1,0.000202,0.0,0.0,0,0.0
B-13737-3,B,13737,c1,soft,0,0,0,1,1,0.000202,0.0,0.0,0,0.0
B-13737-3,B,13737,c2,hard,0,0,0,1,1,0.000202,0.0,0.0,0,0.0
B-13737-3,B,13737,c2,soft,0,0,0,1,1,0.000202,0.0,0.0,0,0.0
B-13737-3,B,13737,c3,hard,0,0,0,1,1,0.000202,0.0,0.0,0,0.0
B-13737-3,B,13737,c3,soft,0,0,0,1,1,0.000202,0.0,0.0,0,0.0
B-14649-1,B,14649,c1,hard,1,59969,17736,0,0,0.000782,0.4,0.8,0,0.0
B-14649-1,B,14649,c1,soft,1,59969,17736,0,0,0.000782,0.4,0.8,0,0.0
B-14649-1,B,14649,c2,hard,1,59969,17736,0,0,0.000782,0.4,0.8,0,0.0
B-14649-1,B,14649,c2,soft,1,59969,17736,0,0,0.000782,0.4,0.8,0,0.0
B-14649-1,B,14649,c3,hard,1,59969,17736,0,0,0.000782,0.4,0.8,0,0.0
B-14649-1,B,14649,c3,soft,1,59969,17736,0,0,0.000782,0.4,0.8,0,0.0
B-14649-2,B,14649,c1,hard,1,59969,17736,0,0,0.000782,0.4,0.8,0,0.0
B-14649-2,B,14649,c1,soft,1,59969,17736,0,0,0.000782,0.4,0.8,0,0.0
B-14649-2,B,14649,c2,hard,1,59969,17736,0,0,0.000782,0.4,0.8,0,0.0
B-14649-2,B,14649,c2,soft,1,59969,17736,0,0,0.000782,0.4,0.8,0,0.0
B-14649-2,B,14649,c3,hard,2,19255,105,0,0,0.000782,0.4,1.0,0,0.0
B-14649-2,B,14649,c3,soft,2,83936,105,0,0,0.000782,0.4,1.0,0,0.0
B-14649-3,B,14649,c1,hard,1,59969,17736,0,0,0.000782,0.4,0.8,0,0.0
B-14649-3,B,14649,c1,soft,1,59969,17736,0,0,0.000782,0.4,0.8,0,0.0
B-14649-3,B,14649,c2,hard,1,59969,17736,0,0,0.000782,0.4,0.8,0,0.0
B-14649-3,B,14649,c2,soft,1,59969,17736,0,0,0.000782,0.4,0.8,0,0.0
B-14649-3,B,14649,c3,hard,1,59969,17736,0,0,0.000782,0.4,0.8,0,0.0
B-14649-3,B,14649,c3,soft,1,59969,17736,0,0,0.000782,0.4,0.8,0,0.0
B-14694-1,B,14694,c1,hard,0,0,0,1,1,0.000804,0.0,0.0,0,0.0
B-14694-1,B,14694,c1,soft,0,0,0,1,1,0.000804,0.0,0.0,0,0.0
B-14694-1,B,14694,c2,hard,0,0,0,1,1,0.000804,0.0,0.0,0,0.0
B-14694-1,B,14694,c2,soft,0,0,0,1,1,0.000804,0.0,0.0,0,0.0
B-14694-1,B,14694,c3,hard,0,0,0,1,1,0.000804,0.0,0.0,0,0.0
B-14694-1,B,14694,c3,soft,0,0,0,1,1,0.000804,0.0,0.0,0,0.0
B-14694-2,B,14694,c1,hard,2,11743,9,0,0,0.000804,0.4,0.8,0,0.0
B-14694-2,B,14694,c1,soft,2,73843,9,0,0,0.000804,0.4,0.8,0,0.0
B-14694-2,B,14694,c2,hard,2,11743,9,0,0,0.000804,0.4,0.8,0,0.0
B-14694-2,B,14694,c2,soft,2,73843,9,0,0,0.000804,0.4,0.8,0,0.0
B-14694-2,B,14694,c3,hard,2,11743,9,0,0,0.000804,0.4,0.8,0,0.0
B-14694-2,B,14694,c3,soft,2,73843,9,0,0,0.000804,0.4,0.8,0,0.0
B-14694-3,B,14694,c1,hard,0,0,0,1,1,0.000804,0.0,0.0,0,0.0
B-14694-3,B,14694,c1,soft,0,0,0,1,1,0.000804,0.0,0.0,0,0.0
B-14694-3,B,14694,c2,hard,0,0,0,1,1,0.000804,0.0,0.0,0,0.0
B-14694-3,B,14694,c2,soft,0,0,0,1,1,0.000804,0.0,0.0,0,0.0
B-14694-3,B,14694,c3,hard,0,0,0,1,1,0.000804,0.0,0.0,0,0.0
B-14694-3,B,14694,c3,soft,0,0,0,1,1,0.000804,0.0,0.0,0,0.0
B-15130-1,B,15130,c1,hard,0,0,0,1,1,0.004184,0.0,0.0,0,0.0
B-15130-1,B,15130,c1,soft,0,0,0,1,1,0.004184,0.0,0.0,0,0.0
B-15130-1,B,15130,c2,hard,2,3745,7,0,0,0.004184,0.0,0.0,0,0.0
B-15130-1,B,15130,c2,soft,2,60888,7,0,0,0.004184,0.0,0.0,0,0.0
B-15130-1,B,15130,c3,hard,2,3745,7,0,0,0.004184,0.0,0.0,0,0.0
B-15130-1,B,15130,c3,soft,2,60888,7,0,0,0.004184,0.0,0.0,0,0.0
B-15130-2,B,15130,c1,hard,0,0,0,1,1,0.004184,0.0,0.0,0,0.0
B-15130-2,B,15130,c1,soft,0,0,0,1,1,0.004184,0.0,0.0,0,0.0
B-15130-2,B,15130,c2,hard,0,0,0,1,1,0.004184,0.0,0.0,0,0.0
B-15130-2,B,15130,c2,soft,0,0,0,1,1,0.004184,0.0,0.0,0,0.0
B-15130-2,B,15130,c3,hard,0,0,0,1,1,0.004184,0.0,0.0,0,0.0
B-15130-2,B,15130,c3,soft,0,0,0,1,1,0.004184,0.0,0.0,0,0.0
B-15130-3,B,15130,c1,hard,0,0,0,1,1,0.004184,0.0,0.0,0,0.0
B-15130-3,B,15130,c1,soft,0,0,0,1,1,0.004184,0.0,0.0,0,0.0
B-15130-3,B,15130,c2,hard,2,3745,7,0,0,0.004184,0.0,0.0,0,0.0
B-15130-3,B,15130,c2,soft,2,60888,7,0,0,0.004184,0.0,0.0,0,0.0
B-15130-3,B,15130,c3,hard,2,3745,7,0,0,0.004184,0.0,0.0,0,0.0
B-15130-3,B,15130,c3,soft,2,60888,7,0,0,0.004184,0.0,0.0,0,0.0
B-15291-1,B,15291,c1,hard,2,15238,31,0,0,0.000892,0.0,0.4,0,0.0
B-15291-1,B,15291,c1,soft,2,56965,31,0,0,0.000892,0.0,0.4,0,0.0
B-15291-1,B,15291,c2,hard,2,15238,31,0,0,0.000892,0.0,0.4,0,0.0
B-15291-1,B,15291,c2,soft,2,56965,31,0,0,0.000892,0.0,0.4,0,0.0
B-15291-1,B,15291,c3,hard,2,15238,31,0,0,0.000892,0.0,0.4,0,0.0
B-15291-1,B,15291,c3,soft,2,56965,31,0,0,0.000892,0.0,0.4,0,0.0
B-15291-2,B,15291,c1,hard,0,0,0,1,1,0.000892,0.0,0.0,0,0.0
B-15291-2,B,15291,c1,soft,0,0,0,1,1,0.000892,0.0,0.0,0,0.0
B-15291-2,B,15291,c2,hard,0,0,0,1,1,0.000892,0.0,0.0,0,0.0
B-15291-2,B,15291,c2,soft,0,0,0,1,1,0.000892,0.0,0.0,0,0.0
B-15291-2,B,15291,c3,hard,0,0,0,1,1,0.000892,0.0,0.0,0,0.0
B-15291-2,B,15291,c3,soft,0,0,0,1,1,0.000892,0.0,0.0,0,0.0
B-15291-3,B,15291,c1,hard,3,7648,1,0,0,0.000892,0.0,0.6,0,0.0
B-15291-3,B,15291,c1,soft,3,90597,1,0,0,0.000892,0.0,0.6,0,0.0
B-15291-3,B,15291,c2,hard,3,7648,1,0,0,0.000892,0.0,0.6,0,0.0
B-15291-3,B,15291,c2,soft,3,90597,1,0,0,0.000892,0.0,0.6,0,0.0
B-15291-3,B,15291,c3,hard,3,7648,1,0,0,0.000892,0.0,0.6,0,0.0
B-15291-3,B,15291,c3,soft,3,90597,1,0,0,0.000892,0.0,0.6,0,0.0
B-16657-1,B,16657,c1,hard,1,34562,5639,0,0,0.003639,0.0,0.6,0,0.0
B-16657-1,B,16657,c1,soft,1,34562,5639,0,0,0.003639,0.0,0.6,0,0.0
B-16657-1,B,16657,c2,hard,3,2417,4,0,0,0.003639,0.0,0.2,0,0.0
B-16657-1,B,16657,c2,soft,3,70490,4,0,0,0.003639,0.0,0.2,0,0.0
B-16657-1,B,16657,c3,hard,3,2417,4,0,0,0.003639,0.0,0.2,0,0.0
B-16657-1,B,16657,c3,soft,3,70490,4,0,0,0.003639,0.0,0.2,0,0.0
B-16657-2,B,16657,c1,hard,2,12842,129,0,0,0.003639,0.0,0.6,0,0.0
B-16657-2,B,16657,c1,soft,2,81689,129,0,0,0.003639,0.0,0.6,0,0.0
B-16657-2,B,16657,c2,hard,2,12842,129,0,0,0.003639,0.0,0.6,0,0.0
B-16657-2,B,16657,c2,soft,2,81689,129,0,0,0.003639,0.0,0.6,0,0.0
B-16657-2,B,16657,c3,hard,2,12842,129,0,0,0.003639,0.0,0.6,0,0.0
B-16657-2,B,16657,c3,soft,2,81689,129,0,0,0.003639,0.0,0.6,0,0.0
B-16657-3,B,16657,c1,hard,0,0,0,1,1,0.003639,0.0,0.0,0,0.0
B-16657-3,B,16657,c1,soft,0,0,0,1,1,0.003639,0.0,0.0,0,0.0
B-16657-3,B,16657,c2,hard,2,3745,7,0,0,0.003639,0.0,0.2,0,0.0
B-16657-3,B,16657,c2,soft,2,60888,7,0,0,0.003639,0.0,0.2,0,0.0
B-16657-3,B,16657,c3,hard,2,3745,7,0,0,0.003639,0.0,0.2,0,0.0
B-16657-3,B,16657,c3,soft,2,60888,7,0,0,0.003639,0.0,0.2,0,0.0
B-17140-1,B,17140,c1,hard,1,3269,434,0,0,0.003232,1.0,1.0,0,0.0
B-17140-1,B,17140,c1,soft,1,3269,434,0,0,0.003232,1.0,1.0,0,0.0
B-17140-1,B,17140,c2,hard,3,77,1,0,0,0.003232,0.4,1.0,0,0.0
B-17140-1,B,17140,c2,soft,3,40037,1,0,0,0.003232,0.4,1.0,0,0.0
B-17140-1,B,17140,c3,hard,3,77,1,0,0,0.003232,0.4,1.0,0,0.0
B-17140-1,B,17140,c3,soft,3,40037,1,0,0,0.003232,0.4,1.0,0,0.0
B-17140-2,B,17140,c1,hard,1,3269,434,0,0,0.003232,1.0,1.0,0,0.0
B-17140-2,B,17140,c1,soft,1,3269,434,0,0,0.003232,1.0,1.0,0,0.0
B-17140-2,B,17140,c2,hard,2,1317,1,0,0,0.003232,0.8,1.0,0,0.0
B-17140-2,B,17140,c2,soft,2,8464,1,0,0,0.003232,0.8,1.0,0,0.0
B-17140-2,B,17140,c3,hard,2,1317,1,0,0,0.003232,0.8,1.0,0,0.0
B-17140-2,B,17140,c3,soft,2,8464,1,0,0,0.003232,0.8,1.0,0,0.0
B-17140-3,B,17140,c1,hard,2,1086,22,0,0,0.003232,0.8,1.0,0,0.0
B-17140-3,B,17140,c1,soft,2,62152,22,0,0,0.003232,0.8,1.0,0,0.0
B-17140-3,B,17140,c2,hard,2,1086,22,0,0,0.003232,0.8,1.0,0,0.0
B-17140-3,B,17140,c2,soft,2,62152,22,0,0,0.003232,0.8,1.0,0,0.0
B-17140-3,B,17140,c3,hard,2,1086,22,0,0,0.003232,0.8,1.0,0,0.0
B-17140-3,B,17140,c3,soft,2,62152,22,0,0,0.003232,0.8,1.0,0,0.0
B-17665-1,B,17665,c1,hard,0,0,0,1,1,0.000353,0.0,0.0,0,0.0
B-17665-1,B,17665,c1,soft,0,0,0,1,1,0.000353,0.0,0.0,0,0.0
B-17665-1,B,17665,c2,hard,0,0,0,1,1,0.000353,0.0,0.0,0,0.0
B-17665-1,B,17665,c2,soft,0,0,0,1,1,0.000353,0.0,0.0,0,0.0
B-17665-1,B,17665,c3,hard,0,0,0,1,1,0.000353,0.0,0.0,0,0.0
B-17665-1,B,17665,c3,soft,0,0,0,1,1,0.000353,0.0,0.0,0,0.0
B-17665-2,B,17665,c1,hard,0,0,0,1,1,0.000353,0.0,0.0,0,0.0
B-17665-2,B,17665,c1,soft,0,0,0,1,1,0.000353,0.0,0.0,0,0.0
B-17665-2,B,17665,c2,hard,2,3745,7,0,0,0.000353,0.0,0.0,0,0.0
B-17665-2,B,17665,c2,soft,2,60888,7,0,0,0.000353,0.0,0.0,0,0.0
B-17665-2,B,17665,c3,hard,2,3745,7,0,0,0.000353,0.0,0.0,0,0.0
B-17665-2,B,17665,c3,soft,2,60888,7,0,0,0.000353,0.0,0.0,0,0.0
B-17665-3,B,17665,c1,hard,0,0,0,1,1,0.000353,0.0,0.0,0,0.0
B-17665-3,B,17665,c1,soft,0,0,0,1,1,0.000353,0.0,0.0,0,0.0
B-17665-3,B,17665,c2,hard,0,0,0,1,1,0.000353,0.0,0.0,0,0.0
B-17665-3,B,17665,c2,soft,0,0,0,1,1,0.000353,0.0,0.0,0,0.0
B-17665-3,B,17665,c3,hard,0,0,0,1,1,0.000353,0.0,0.0,0,0.0
B-17665-3,B,17665,c3,soft,0,0,0,1,1,0.000353,0.0,0.0,0,0.0
B-18272-1,B,18272,c1,hard,1,59969,17736,0,0,0.0005,0.2,0.2,0,0.0
B-18272-1,B,18272,c1,soft,1,59969,17736,0,0,0.0005,0.2,0.2,0,0.0
B-18272-1,B,18272,c2,hard,1,59969,17736,0,0,0.0005,0.2,0.2,0,0.0
B-18272-1,B,18272,c2,soft,1,59969,17736,0,0,0.0005,0.2,0.2,0,0.0
B-18272-1,B,18272,c3,hard,1,59969,17736,0,0,0.0005,0.2,0.2,0,0.0
B-18272-1,B,18272,c3,soft,1,59969,17736,0,0,0.0005,0.2,0.2,0,0.0
B-18272-2,B,18272,c1,hard,2,2,2,1,0,0.0005,0.0,0.0,0,0.0
B-18272-2,B,18272,c1,soft,2,43224,10247,0,0,0.0005,0.0,0.6,0,0.0
B-18272-2,B,18272,c2,hard,4,0,0,1,1,0.0005,0.0,0.0,0,0.0
B-18272-2,B,18272,c2,soft,4,73076,1,0,0,0.0005,0.2,1.0,0,0.0
B-18272-2,B,18272,c3,hard,4,0,0,1,1,0.0005,0.0,0.0,0,0.0
B-18272-2,B,18272,c3,soft,4,73076,1,0,0,0.0005,0.2,1.0,0,0.0
B-18272-3,B,18272,c1,hard,2,22125,188,0,0,0.0005,0.2,0.4,0,0.0
B-18272-3,B,18272,c1,soft,2,84430,188,0,0,0.0005,0.2,0.4,0,0.0
B-18272-3,B,18272,c2,hard,2,22125,188,0,0,0.0005,0.2,0.4,0,0.0
B-18272-3,B,18272,c2,soft,2,84430,188,0,0,0.0005,0.2,0.4,0,0.0
B-18272-3,B,18272,c3,hard,2,22125,188,0,0,0.0005,0.2,0.4,0,0.0
B-18272-3,B,18272,c3,soft,2,84430,188,0,0,0.0005,0.2,0.4,0,0.0
B-22477-1,B,22477,c1,hard,0,0,0,1,1,0.000517,0.0,0.0,0,0.0
B-22477-1,B,22477,c1,soft,0,0,0,1,1,0.000517,0.0,0.0,0,0.0
B-22477-1,B,22477,c2,hard,0,0,0,1,1,0.000517,0.0,0.0,0,0.0
B-22477-1,B,22477,c2,soft,0,0,0,1,1,0.000517,0.0,0.0,0,0.0
B-22477-1,B,22477,c3,hard,0,0,0,1,1,0.000517,0.0,0.0,0,0.0
B-22477-1,B,22477,c3,soft,0,0,0,1,1,0.000517,0.0,0.0,0,0.0
B-22477-2,B,22477,c1,hard,2,5194,2,0,0,0.000517,0.2,1.0,0,0.0
B-22477-2,B,22477,c1,soft,2,84845,2,0,0,0.000517,0.2,1.0,0,0.0
B-22477-2,B,22477,c2,hard,2,5194,2,0,0,0.000517,0.2,1.0,0,0.0
B-22477-2,B,22477,c2,soft,2,84845,2,0,0,0.000517,0.2,1.0,0,0.0
B-22477-2,B,22477,c3,hard,2,5194,2,0,0,0.000517,0.2,1.0,0,0.0
B-22477-2,B,22477,c3,soft,2,84845,2,0,0,0.000517,0.2,1.0,0,0.0
B-22477-3,B,22477,c1,hard,1,59969,17736,0,0,0.000517,0.2,0.8,0,0.0
B-22477-3,B,22477,c1,soft,1,59969,17736,0,0,0.000517,0.2,0.8,0,0.0
B-22477-3,B,22477,c2,hard,3,1086,2,0,0,0.000517,0.0,0.8,0,0.0
B-22477-3,B,22477,c2,soft,3,96057,2,0,0,0.000517,0.0,0.8,0,0.0
B-22477-3,B,22477,c3,hard,3,1086,2,0,0,0.000517,0.0,0.8,0,0.0
B-22477-3,B,22477,c3,soft,3,96057,2,0,0,0.000517,0.0,0.8,0,0.0
B-23480-1,B,23480,c1,hard,1,34562,5639,0,0,0.000635,0.4,1.0,0,0.0
B-23480-1,B,23480,c1,soft,1,34562,5639,0,0,0.000635,0.4,1.0,0,0.0
B-23480-1,B,23480,c2,hard,3,2417,4,0,0,0.000635,0.4,1.0,0,0.0
B-23480-1,B,23480,c2,soft,3,70490,4,0,0,0.000635,0.4,1.0,0,0.0
B-23480-1,B,23480,c3,hard,3,2417,4,0,0,0.000635,0.4,1.0,0,0.0
B-23480-1,B,23480,c3,soft,3,70490,4,0,0,0.000635,0.4,1.0,0,0.0
B-23480-2,B,23480,c1,hard,1,34562,5639,0,0,0.000635,0.4,1.0,0,0.0
B-23480-2,B,23480,c1,soft,1,34562,5639,0,0,0.000635,0.4,1.0,0,0.0
B-23480-2,B,23480,c2,hard,3,173,1,0,0,0.000635,0.0,0.8,0,0.0
B-23480-2,B,23480,c2,soft,3,66140,1,0,0,0.000635,0.0,0.8,0,0.0
B-23480-2,B,23480,c3,hard,4,89,1,0,0,0.000635,0.6,1.0,0,0.0
B-23480-2,B,23480,c3,soft,4,86281,3,0,0,0.000635,0.6,1.0,0,0.0
B-23480-3,B,23480,c1,hard,3,10880,1,0,0,0.000635,0.6,1.0,0,0.0
B-23480-3,B,23480,c1,soft,3,81019,1,0,0,0.000635,0.6,1.0,0,0.0
B-23480-3,B,23480,c2,hard,4,967,1,0,0,0.000635,1.0,1.0,0,0.0
B-23480-3,B,23480,c2,soft,4,81169,1,0,0,0.000635,1.0,1.0,0,0.0
B-23480-3,B,23480,c3,hard,4,967,1,0,0,0.000635,1.0,1.0,0,0.0
B-23480-3,B,23480,c3,soft,4,81169,1,0,0,0.000635,1.0,1.0,0,0.0
B-25864-1,B,25864,c1,hard,4,723,2,0,0,0.00057,0.0,0.2,0,0.0
B-25864-1,B,25864,c1,soft,4,103747,2,0,0,0.00057,0.0,0.2,0,0.0
B-25864-1,B,25864,c2,hard,6,16,1,0,0,0.00057,0.0,0.0,0,0.0
B-25864-1,B,25864,c2,soft,6,110963,1,0,0,0.00057,0.0,0.0,0,0.0
B-25864-1,B,25864,c3,hard,6,16,1,0,0,0.00057,0.0,0.0,0,0.0
B-25864-1,B,25864,c3,soft,6,110963,1,0,0,0.00057,0.0,0.0,0,0.0
B-25864-2,B,25864,c1,hard,2,21498,33,0,0,0.00057,0.0,0.0,0,0.0
B-25864-2,B,25864,c1,soft,2,85713,33,0,0,0.00057,0.0,0.0,0,0.0
B-25864-2,B,25864,c2,hard,3,682,1,0,0,0.00057,0.2,0.6,0,0.0
B-25864-2,B,25864,c2,soft,3,85914,1,0,0,0.00057,0.2,0.6,0,0.0
B-25864-2,B,25864,c3,hard,3,682,1,0,0,0.00057,0.2,0.6,0,0.0
B-25864-2,B,25864,c3,soft,3,85914,1,0,0,0.00057,0.2,0.6,0,0.0
B-25864-3,B,25864,c1,hard,1,59969,17736,0,0,0.00057,0.0,0.4,0,0.0
B-25864-3,B,25864,c1,soft,1,59969,17736,0,0,0.00057,0.0,0.4,0,0.0
B-25864-3,B,25864,c2,hard,1,59969,17736,0,0,0.00057,0.0,0.4,0,0.0
B-25864-3,B,25864,c2,soft,1,59969,17736,0,0,0.00057,0.0,0.4,0,0.0
B-25864-3,B,25864,c3,hard,2,19255,105,0,0,0.00057,0.0,0.6,0,0.0
B-25864-3,B,25864,c3,soft,2,83936,105,0,0,0.00057,0.0,0.6,0,0.0
B-25967-1,B,25967,c1,hard,0,0,0,1,1,0.000421,0.0,0.0,0,0.0
B-25967-1,B,25967,c1,soft,0,0,0,1,1,0.000421,0.0,0.0,0,0.0
B-25967-1,B,25967,c2,hard,0,0,0,1,1,0.000421,0.0,0.0,0,0.0
B-25967-1,B,25967,c2,soft,0,0,0,1,1,0.000421,0.0,0.0,0,0.0
B-25967-1,B,25967,c3,hard,0,0,0,1,1,0.000421,0.0,0.0,0,0.0
B-25967-1,B,25967,c3,soft,0,0,0,1,1,0.000421,0.0,0.0,0,0.0
B-25967-2,B,25967,c1,hard,0,0,0,1,1,0.000421,0.0,0.0,0,0.0
B-25967-2,B,25967,c1,soft,0,0,0,1,1,0.000421,0.0,0.0,0,0.0
B-25967-2,B,25967,c2,hard,0,0,0,1,1,0.000421,0.0,0.0,0,0.0
B-25967-2,B,25967,c2,soft,0,0,0,1,1,0.000421,0.0,0.0,0,0.0
B-25967-2,B,25967,c3,hard,0,0,0,1,1,0.000421,0.0,0.0,0,0.0
B-25967-2,B,25967,c3,soft,0,0,0,1,1,0.000421,0.0,0.0,0,0.0
B-25967-3,B,25967,c1,hard,0,0,0,1,1,0.000421,0.0,0.0,0,0.0
B-25967-3,B,25967,c1,soft,0,0,0,1,1,0.000421,0.0,0.0,0,0.0
B-25967-3,B,25967,c2,hard,0,0,0,1,1,0.000421,0.0,0.0,0,0.0
B-25967-3,B,25967,c2,soft,0,0,0,1,1,0.000421,0.0,0.0,0,0.0
B-25967-3,B,25967,c3,hard,0,0,0,1,1,0.000421,0.0,0.0,0,0.0
B-25967-3,B,25967,c3,soft,0,0,0,1,1,0.000421,0.0,0.0,0,0.0
B-29105-1,B,29105,c1,hard,0,0,0,1,1,0.000399,0.0,0.0,0,0.0
B-29105-1,B,29105,c1,soft,0,0,0,1,1,0.000399,0.0,0.0,0,0.0
B-29105-1,B,29105,c2,hard,2,3745,7,0,0,0.000399,0.4,0.8,0,0.0
B-29105-1,B,29105,c2,soft,2,60888,7,0,0,0.000399,0.4,0.8,0,0.0
B-29105-1,B,29105,c3,hard,2,3745,7,0,0,0.000399,0.4,0.8,0,0.0
B-29105-1,B,29105,c3,soft,2,60888,7,0,0,0.000399,0.4,0.8,0,0.0
B-29105-2,B,29105,c1,hard,1,60625,7250,0,0,0.000399,0.2,1.0,0,0.0
B-29105-2,B,29105,c1,soft,1,60625,7250,0,0,0.000399,0.2,1.0,0,0.0
B-29105-2,B,29105,c2,hard,2,3745,7,0,0,0.000399,0.4,0.8,0,0.0
B-29105-2,B,29105,c2,soft,2,60888,7,0,0,0.000399,0.4,0.8,0,0.0
B-29105-2,B,29105,c3,hard,3,1688,1,0,0,0.000399,0.0,1.0,0,0.0
B-29105-2,B,29105,c3,soft,3,73075,1,0,0,0.000399,0.0,1.0,0,0.0
B-29105-3,B,29105,c1,hard,3,12544,2,0,0,0.000399,1.0,1.0,0,0.0
B-29105-3,B,29105,c1,soft,3,101404,2,0,0,0.000399,1.0,1.0,0,0.0
B-29105-3,B,29105,c2,hard,3,12544,2,0,0,0.000399,1.0,1.0,0,0.0
B-29105-3,B,29105,c2,soft,3,101404,2,0,0,0.000399,1.0,1.0,0,0.0
B-29105-3,B,29105,c3,hard,3,12544,2,0,0,0.000399,1.0,1.0,0,0.0
B-29105-3,B,29105,c3,soft,3,101404,2,0,0,0.000399,1.0,1.0,0,0.0
B-30544-1,B,30544,c1,hard,0,0,0,1,1,0.000456,0.0,0.0,0,0.0
B-30544-1,B,30544,c1,soft,0,0,0,1,1,0.000456,0.0,0.0,0,0.0
B-30544-1,B,30544,c2,hard,0,0,0,1,1,0.000456,0.0,0.0,0,0.0
B-30544-1,B,30544,c2,soft,0,0,0,1,1,0.000456,0.0,0.0,0,0.0
B-30544-1,B,30544,c3,hard,0,0,0,1,1,0.000456,0.0,0.0,0,0.0
B-30544-1,B,30544,c3,soft,0,0,0,1,1,0.000456,0.0,0.0,0,0.0
B-30544-2,B,30544,c1,hard,2,38224,329,0,0,0.000456,0.0,0.8,0,0.0
B-30544-2,B,30544,c1,soft,2,103177,329,0,0,0.000456,0.0,0.8,0,0.0
B-30544-2,B,30544,c2,hard,2,38224,329,0,0,0.000456,0.0,0.8,0,0.0
B-30544-2,B,30544,c2,soft,2,103177,329,0,0,0.000456,0.0,0.8,0,0.0
B-30544-2,B,30544,c3,hard,2,38224,329,0,0,0.000456,0.0,0.8,0,0.0
B-30544-2,B,30544,c3,soft,2,103177,329,0,0,0.000456,0.0,0.8,0,0.0
B-30544-3,B,30544,c1,hard,2,9513,39,0,0,0.000456,0.0,0.2,0,0.0
B-30544-3,B,30544,c1,soft,2,63464,39,0,0,0.000456,0.0,0.2,0,0.0
B-30544-3,B,30544,c2,hard,2,9513,39,0,0,0.000456,0.0,0.2,0,0.0
B-30544-3,B,30544,c2,soft,2,63464,39,0,0,0.000456,0.0,0.2,0,0.0
B-30544-3,B,30544,c3,hard,2,9513,39,0,0,0.000456,0.0,0.2,0,0.0
B-30544-3,B,30544,c3,soft,2,63464,39,0,0,0.000456,0.0,0.2,0,0.0
B-30624-1,B,30624,c1,hard,0,0,0,1,1,0.000825,0.0,0.0,0,0.0
B-30624-1,B,30624,c1,soft,0,0,0,1,1,0.000825,0.0,0.0,0,0.0
B-30624-1,B,30624,c2,hard,2,3745,7,0,0,0.000825,0.2,0.8,0,0.0
B-30624-1,B,30624,c2,soft,2,60888,7,0,0,0.000825,0.2,0.8,0,0.0
B-30624-1,B,30624,c3,hard,2,3745,7,0,0,0.000825,0.2,0.8,0,0.0
B-30624-1,B,30624,c3,soft,2,60888,7,0,0,0.000825,0.2,0.8,0,0.0
B-30624-2,B,30624,c1,hard,3,2201,2,0,0,0.000825,0.2,1.0,0,0.0
B-30624-2,B,30624,c1,soft,3,84649,2,0,0,0.000825,0.2,1.0,0,0.0
B-30624-2,B,30624,c2,hard,3,2201,2,0,0,0.000825,0.2,1.0,0,0.0
B-30624-2,B,30624,c2,soft,3,84649,2,0,0,0.000825,0.2,1.0,0,0.0
B-30624-2,B,30624,c3,hard,3,2201,2,0,0,0.000825,0.2,1.0,0,0.0
B-30624-2,B,30624,c3,soft,3,84649,2,0,0,0.000825,0.2,1.0,0,0.0
B-30624-3,B,30624,c1,hard,2,12842,129,0,0,0.000825,0.0,0.8,0,0.0
B-30624-3,B,30624,c1,soft,2,81689,129,0,0,0.000825,0.0,0.8,0,0.0
B-30624-3,B,30624,c2,hard,2,12842,129,0,0,0.000825,0.0,0.8,0,0.0
B-30624-3,B,30624,c2,soft,2,81689,129,0,0,0.000825,0.0,0.8,0,0.0
B-30624-3,B,30624,c3,hard,2,12842,129,0,0,0.000825,0.0,0.8,0,0.0
B-30624-3,B,30624,c3,soft,2,81689,129,0,0,0.000825,0.0,0.8,0,0.0
B-30991-1,B,30991,c1,hard,1,81432,19825,0,0,0.000346,0.2,0.8,0,0.0
B-30991-1,B,30991,c1,soft,1,81432,19825,0,0,0.000346,0.2,0.8,0,0.0
B-30991-1,B,30991,c2,hard,1,81432,19825,0,0,0.000346,0.2,0.8,0,0.0
B-30991-1,B,30991,c2,soft,1,81432,19825,0,0,0.000346,0.2,0.8,0,0.0
B-30991-1,B,30991,c3,hard,1,81432,19825,0,0,0.000346,0.2,0.8,0,0.0
B-30991-1,B,30991,c3,soft,1,81432,19825,0,0,0.000346,0.2,0.8,0,0.0
B-30991-2,B,30991,c1,hard,2,31453,41,0,0,0.000346,0.2,0.4,0,0.0
B-30991-2,B,30991,c1,soft,2,110604,41,0,0,0.000346,0.2,0.4,0,0.0
B-30991-2,B,30991,c2,hard,3,1469,3,0,0,0.000346,0.0,0.8,0,0.0
B-30991-2,B,30991,c2,soft,3,110677,3,0,0,0.000346,0.0,0.8,0,0.0
B-30991-2,B,30991,c3,hard,3,1469,3,0,0,0.000346,0.0,0.8,0,0.0
B-30991-2,B,30991,c3,soft,3,110677,3,0,0,0.000346,0.0,0.8,0,0.0
B-30991-3,B,30991,c1,hard,1,81432,19825,0,0,0.000346,0.2,0.8,0,0.0
B-30991-3,B,30991,c1,soft,1,81432,19825,0,0,0.000346,0.2,0.8,0,0.0
B-30991-3,B,30991,c2,hard,1,81432,19825,0,0,0.000346,0.2,0.8,0,0.0
B-30991-3,B,30991,c2,soft,1,81432,19825,0,0,0.000346,0.2,0.8,0,0.0
B-30991-3,B,30991,c3,hard,1,81432,19825,0,0,0.000346,0.2,0.8,0,0.0
B-30991-3,B,30991,c3,soft,1,81432,19825,0,0,0.000346,0.2,0.8,0,0.0
B-34696-1,B,34696,c1,hard,2,38224,329,0,0,0.008929,0.0,0.0,0,0.0
B-34696-1,B,34696,c1,soft,2,103177,329,0,0,0.008929,0.0,0.0,0,0.0
B-34696-1,B,34696,c2,hard,2,38224,329,0,0,0.008929,0.0,0.0,0,0.0
B-34696-1,B,34696,c2,soft,2,103177,329,0,0,0.008929,0.0,0.0,0,0.0
B-34696-1,B,34696,c3,hard,2,38224,329,0,0,0.008929,0.0,0.0,0,0.0
B-34696-1,B,34696,c3,soft,2,103177,329,0,0,0.008929,0.0,0.0,0,0.0
B-34696-2,B,34696,c1,hard,0,0,0,1,1,0.008929,0.0,0.0,0,0.0
B-34696-2,B,34696,c1,soft,0,0,0,1,1,0.008929,0.0,0.0,0,0.0
B-34696-2,B,34696,c2,hard,0,0,0,1,1,0.008929,0.0,0.0,0,0.0
B-34696-2,B,34696,c2,soft,0,0,0,1,1,0.008929,0.0,0.0,0,0.0
B-34696-2,B,34696,c3,hard,0,0,0,1,1,0.008929,0.0,0.0,0,0.0
B-34696-2,B,34696,c3,soft,0,0,0,1,1,0.008929,0.0,0.0,0,0.0
B-34696-3,B,34696,c1,hard,2,38224,329,0,0,0.008929,0.0,0.0,0,0.0
B-34696-3,B,34696,c1,soft,2,103177,329,0,0,0.008929,0.0,0.0,0,0.0
B-34696-3,B,34696,c2,hard,2,38224,329,0,0,0.008929,0.0,0.0,0,0.0
B-34696-3,B,34696,c2,soft,2,103177,329,0,0,0.008929,0.0,0.0,0,0.0
B-34696-3,B,34696,c3,hard,2,38224,329,0,0,0.008929,0.0,0.0,0,0.0
B-34696-3,B,34696,c3,soft,2,103177,329,0,0,0.008929,0.0,0.0,0,0.0
B-36599-1,B,36599,c1,hard,0,0,0,1,1,0.000674,0.0,0.0,0,0.0
B-36599-1,B,36599,c1,soft,0,0,0,1,1,0.000674,0.0,0.0,0,0.0
B-36599-1,B,36599,c2,hard,2,1317,1,0,0,0.000674,0.0,0.0,0,0.0
B-36599-1,B,36599,c2,soft,2,8464,1,0,0,0.000674,0.0,0.0,0,0.0
B-36599-1,B,36599,c3,hard,2,1317,1,0,0,0.000674,0.0,0.0,0,0.0
B-36599-1,B,36599,c3,soft,2,8464,1,0,0,0.000674,0.0,0.0,0,0.0
B-36599-2,B,36599,c1,hard,2,38224,329,0,0,0.000674,0.0,0.6,0,0.0
B-36599-2,B,36599,c1,soft,2,103177,329,0,0,0.000674,0.0,0.6,0,0.0
B-36599-2,B,36599,c2,hard,4,78,1,0,0,0.000674,0.2,0.8,0,0.0
B-36599-2,B,36599,c2,soft,4,106046,1,0,0,0.000674,0.2,0.8,0,0.0
B-36599-2,B,36599,c3,hard,4,78,1,0,0,0.000674,0.2,0.8,0,0.0
B-36599-2,B,36599,c3,soft,4,106046,1,0,0,0.000674,0.2,0.8,0,0.0
B-36599-3,B,36599,c1,hard,2,17236,24,0,0,0.000674,0.4,1.0,0,0.0
B-36599-3,B,36599,c1,soft,2,62828,24,0,0,0.000674,0.4,1.0,0,0.0
B-36599-3,B,36599,c2,hard,2,17236,24,0,0,0.000674,0.4,1.0,0,0.0
B-36599-3,B,36599,c2,soft,2,62828,24,0,0,0.000674,0.4,1.0,0,0.0
B-36599-3,B,36599,c3,hard,2,17236,24,0,0,0.000674,0.4,1.0,0,0.0
B-36599-3,B,36599,c3,soft,2,62828,24,0,0,0.000674,0.4,1.0,0,0.0
B-37574-1,B,37574,c1,hard,3,3644,19,0,0,0.001299,0.2,1.0,0,0.0
B-37574-1,B,37574,c1,soft,3,100186,19,0,0,0.001299,0.2,1.0,0,0.0
B-37574-1,B,37574,c2,hard,3,3644,19,0,0,0.001299,0.2,1.0,0,0.0
B-37574-1,B,37574,c2,soft,3,100186,19,0,0,0.001299,0.2,1.0,0,0.0
B-37574-1,B,37574,c3,hard,3,3644,19,0,0,0.001299,0.2,1.0,0,0.0
B-37574-1,B,37574,c3,soft,3,100186,19,0,0,0.001299,0.2,1.0,0,0.0
B-37574-2,B,37574,c1,hard,3,2092,5,0,0,0.001299,0.2,1.0,0,0.0
B-37574-2,B,37574,c1,soft,3,92096,5,0,0,0.001299,0.2,1.0,0,0.0
B-37574-2,B,37574,c2,hard,5,51,2,0,0,0.001299,0.2,1.0,0,0.0
B-37574-2,B,37574,c2,soft,5,107874,2,0,0,0.001299,0.2,1.0,0,0.0
B-37574-2,B,37574,c3,hard,5,51,2,0,0,0.001299,0.2,1.0,0,0.0
B-37574-2,B,37574,c3,soft,5,107874,2,0,0,0.001299,0.2,1.0,0,0.0
B-37574-3,B,37574,c1,hard,3,2092,5,0,0,0.001299,0.2,1.0,0,0.0
B-37574-3,B,37574,c1,soft,3,92096,5,0,0,0.001299,0.2,1.0,0,0.0
B-37574-3,B,37574,c2,hard,3,2092,5,0,0,0.001299,0.2,1.0,0,0.0
B-37574-3,B,37574,c2,soft,3,92096,5,0,0,0.001299,0.2,1.0,0,0.0
B-37574-3,B,37574,c3,hard,3,2092,5,0,0,0.001299,0.2,1.0,0,0.0
B-37574-3,B,37574,c3,soft,3,92096,5,0,0,0.001299,0.2,1.0,0,0.0
B-38345-1,B,38345,c1,hard,2,11743,9,0,0,0.000471,0.2,0.8,0,0.0
B-38345-1,B,38345,c1,soft,2,73843,9,0,0,0.000471,0.2,0.8,0,0.0
B-38345-1,B,38345,c2,hard,2,11743,9,0,0,0.000471,0.2,0.8,0,0.0
B-38345-1,B,38345,c2,soft,2,73843,9,0,0,0.000471,0.2,0.8,0,0.0
B-38345-1,B,38345,c3,hard,2,11743,9,0,0,0.000471,0.2,0.8,0,0.0
B-38345-1,B,38345,c3,soft,2,73843,9,0,0,0.000471,0.2,0.8,0,0.0
B-38345-2,B,38345,c1,hard,2,22125,188,0,0,0.000471,0.2,0.6,0,0.0
B-38345-2,B,38345,c1,soft,2,84430,188,0,0,0.000471,0.2,0.6,0,0.0
B-38345-2,B,38345,c2,hard,2,22125,188,0,0,0.000471,0.2,0.6,0,0.0
B-38345-2,B,38345,c2,soft,2,84430,188,0,0,0.000471,0.2,0.6,0,0.0
B-38345-2,B,38345,c3,hard,2,22125,188,0,0,0.000471,0.2,0.6,0,0.0
B-38345-2,B,38345,c3,soft,2,84430,188,0,0,0.000471,0.2,0.6,0,0.0
B-38345-3,B,38345,c1,hard,0,0,0,1,1,0.000471,0.0,0.0,0,0.0
B-38345-3,B,38345,c1,soft,0,0,0,1,1,0.000471,0.0,0.0,0,0.0
B-38345-3,B,38345,c2,hard,0,0,0,1,1,0.000471,0.0,0.0,0,0.0
B-38345-3,B,38345,c2,soft,0,0,0,1,1,0.000471,0.0,0.0,0,0.0
B-38345-3,B,38345,c3,hard,0,0,0,1,1,0.000471,0.0,0.0,0,0.0
B-38345-3,B,38345,c3,soft,0,0,0,1,1,0.000471,0.0,0.0,0,0.0
B-39030-1,B,39030,c1,hard,0,0,0,1,1,1.0,0.0,0.0,0,0.0
B-39030-1,B,39030,c1,soft,0,0,0,1,1,1.0,0.0,0.0,0,0.0
B-39030-1,B,39030,c2,hard,2,1049,2,0,0,1.0,0.0,0.0,0,0.0
B-39030-1,B,39030,c2,soft,2,34149,2,0,0,1.0,0.0,0.0,0,0.0
B-39030-1,B,39030,c3,hard,2,1049,2,0,0,1.0,0.0,0.0,0,0.0
B-39030-1,B,39030,c3,soft,2,34149,2,0,0,1.0,0.0,0.0,0,0.0
B-39030-2,B,39030,c1,hard,0,0,0,1,1,1.0,0.0,0.0,0,0.0
B-39030-2,B,39030,c1,soft,0,0,0,1,1,1.0,0.0,0.0,0,0.0
B-39030-2,B,39030,c2,hard,0,0,0,1,1,1.0,0.0,0.0,0,0.0
B-39030-2,B,39030,c2,soft,0,0,0,1,1,1.0,0.0,0.0,0,0.0
B-39030-2,B,39030,c3,hard,0,0,0,1,1,1.0,0.0,0.0,0,0.0
B-39030-2,B,39030,c3,soft,0,0,0,1,1,1.0,0.0,0.0,0,0.0
B-39030-3,B,39030,c1,hard,0,0,0,1,1,1.0,0.0,0.0,0,0.0
B-39030-3,B,39030,c1,soft,0,0,0,1,1,1.0,0.0,0.0,0,0.0
B-39030-3,B,39030,c2,hard,2,1049,2,0,0,1.0,0.0,0.0,0,0.0
B-39030-3,B,39030,c2,soft,2,34149,2,0,0,1.0,0.0,0.0,0,0.0
B-39030-3,B,39030,c3,hard,2,1049,2,0,0,1.0,0.0,0.0,0,0.0
B-39030-3,B,39030,c3,soft,2,34149,2,0,0,1.0,0.0,0.0,0,0.0
B-39123-1,B,39123,c1,hard,3,12544,2,0,0,0.000221,0.0,0.2,0,0.0
B-39123-1,B,39123,c1,soft,3,101404,2,0,0,0.000221,0.0,0.2,0,0.0
B-39123-1,B,39123,c2,hard,4,544,1,0,0,0.000221,0.0,0.6,0,0.0
B-39123-1,B,39123,c2,soft,4,101550,1,0,0,0.000221,0.0,0.6,0,0.0
B-39123-1,B,39123,c3,hard,4,544,1,0,0,0.000221,0.0,0.6,0,0.0
B-39123-1,B,39123,c3,soft,4,101550,1,0,0,0.000221,0.0,0.6,0,0.0
B-39123-2,B,39123,c1,hard,2,19255,105,0,0,0.000221,0.0,1.0,0,0.0
B-39123-2,B,39123,c1,soft,2,83936,105,0,0,0.000221,0.0,1.0,0,0.0
B-39123-2,B,39123,c2,hard,2,19255,105,0,0,0.000221,0.0,1.0,0,0.0
B-39123-2,B,39123,c2,soft,2,83936,105,0,0,0.000221,0.0,1.0,0,0.0
B-39123-2,B,39123,c3,hard,2,19255,105,0,0,0.000221,0.0,1.0,0,0.0
B-39123-2,B,39123,c3,soft,2,83936,105,0,0,0.000221,0.0,1.0,0,0.0
B-39123-3,B,39123,c1,hard,0,0,0,1,1,0.000221,0.0,0.0,0,0.0
B-39123-3,B,39123,c1,soft,0,0,0,1,1,0.000221,0.0,0.0,0,0.0
B-39123-3,B,39123,c2,hard,0,0,0,1,1,0.000221,0.0,0.0,0,0.0
B-39123-3,B,39123,c2,soft,0,0,0,1,1,0.000221,0.0,0.0,0,0.0
B-39123-3,B,39123,c3,hard,0,0,0,1,1,0.000221,0.0,0.0,0,0.0
B-39123-3,B,39123,c3,soft,0,0,0,1,1,0.000221,0.0,0.0,0,0.0
B-39885-1,B,39885,c1,hard,1,3467,358,0,0,0.008993,0.2,0.8,0,0.0
B-39885-1,B,39885,c1,soft,1,3467,358,0,0,0.008993,0.2,0.8,0,0.0
B-39885-1,B,39885,c2,hard,1,3467,358,0,0,0.008993,0.2,0.8,0,0.0
B-39885-1,B,39885,c2,soft,1,3467,358,0,0,0.008993,0.2,0.8,0,0.0
B-39885-1,B,39885,c3,hard,1,3467,358,0,0,0.008993,0.2,0.8,0,0.0
B-39885-1,B,39885,c3,soft,1,3467,358,0,0,0.008993,0.2,0.8,0,0.0
B-39885-2,B,39885,c1,hard,1,3467,358,0,0,0.008993,0.2,0.8,0,0.0
B-39885-2,B,39885,c1,soft,1,3467,358,0,0,0.008993,0.2,0.8,0,0.0
B-39885-2,B,39885,c2,hard,1,3467,358,0,0,0.008993,0.2,0.8,0,0.0
B-39885-2,B,39885,c2,soft,1,3467,358,0,0,0.008993,0.2,0.8,0,0.0
B-39885-2,B,39885,c3,hard,1,3467,358,0,0,0.008993,0.2,0.8,0,0.0
B-39885-2,B,39885,c3,soft,1,3467,358,0,0,0.008993,0.2,0.8,0,0.0
B-39885-3,B,39885,c1,hard,2,1875,1,0,0,0.008993,0.0,0.4,0,0.0
B-39885-3,B,39885,c1,soft,2,48178,1,0,0,0.008993,0.0,0.4,0,0.0
B-39885-3,B,39885,c2,hard,2,1875,1,0,0,0.008993,0.0,0.4,0,0.0
B-39885-3,B,39885,c2,soft,2,48178,1,0,0,0.008993,0.0,0.4,0,0.0
B-39885-3,B,39885,c3,hard,2,1875,1,0,0,0.008993,0.0,0.4,0,0.0
B-39885-3,B,39885,c3,soft,2,48178,1,0,0,0.008993,0.0,0.4,0,0.0
B-41188-1,B,41188,c1,hard,1,3438,343,0,0,0.000498,0.0,0.4,0,0.0
B-41188-1,B,41188,c1,soft,1,3438,343,0,0,0.000498,0.0,0.4,0,0.0
B-41188-1,B,41188,c2,hard,3,3,3,0,0,0.000498,0.0,0.0,0,0.0
B-41188-1,B,41188,c2,soft,3,37239,1,0,0,0.000498,0.0,0.2,0,0.0
B-41188-1,B,41188,c3,hard,3,3,3,0,0,0.000498,0.0,0.0,0,0.0
B-41188-1,B,41188,c3,soft,3,37239,1,0,0,0.000498,0.0,0.2,0,0.0
B-41188-2,B,41188,c1,hard,1,3438,343,0,0,0.000498,0.0,0.4,0,0.0
B-41188-2,B,41188,c1,soft,1,3438,343,0,0,0.000498,0.0,0.4,0,0.0
B-41188-2,B,41188,c2,hard,3,3,3,0,0,0.000498,0.0,0.0,0,0.0
B-41188-2,B,41188,c2,soft,3,37239,1,0,0,0.000498,0.0,0.2,0,0.0
B-41188-2,B,41188,c3,hard,3,3,3,0,0,0.000498,0.0,0.0,0,0.0
B-41188-2,B,41188,c3,soft,3,37239,1,0,0,0.000498,0.0,0.2,0,0.0
B-41188-3,B,41188,c1,hard,1,81432,19825,0,0,0.000498,0.0,0.4,0,0.0
B-41188-3,B,41188,c1,soft,1,81432,19825,0,0,0.000498,0.0,0.4,0,0.0
B-41188-3,B,41188,c2,hard,1,81432,19825,0,0,0.000498,0.0,0.4,0,0.0
B-41188-3,B,41188,c2,soft,1,81432,19825,0,0,0.000498,0.0,0.4,0,0.0
B-41188-3,B,41188,c3,hard,1,81432,19825,0,0,0.000498,0.0,0.4,0,0.0
B-41188-3,B,41188,c3,soft,1,81432,19825,0,0,0.000498,0.0,0.4,0,0.0
B-44122-1,B,44122,c1,hard,0,0,0,1,1,0.000974,0.0,0.0,0,0.0
B-44122-1,B,44122,c1,soft,0,0,0,1,1,0.000974,0.0,0.0,0,0.0
B-44122-1,B,44122,c2,hard,0,0,0,1,1,0.000974,0.0,0.0,0,0.0
B-44122-1,B,44122,c2,soft,0,0,0,1,1,0.000974,0.0,0.0,0,0.0
B-44122-1,B,44122,c3,hard,0,0,0,1,1,0.000974,0.0,0.0,0,0.0
B-44122-1,B,44122,c3,soft,0,0,0,1,1,0.000974,0.0,0.0,0,0.0
B-44122-2,B,44122,c1,hard,1,8607,174,0,0,0.000974,0.0,0.4,0,0.0
B-44122-2,B,44122,c1,soft,1,8607,174,0,0,0.000974,0.0,0.4,0,0.0
B-44122-2,B,44122,c2,hard,1,8607,174,0,0,0.000974,0.0,0.4,0,0.0
B-44122-2,B,44122,c2,soft,1,8607,174,0,0,0.000974,0.0,0.4,0,0.0
B-44122-2,B,44122,c3,hard,1,8607,174,0,0,0.000974,0.0,0.4,0,0.0
B-44122-2,B,44122,c3,soft,1,8607,174,0,0,0.000974,0.0,0.4,0,0.0
B-44122-3,B,44122,c1,hard,0,0,0,1,1,0.000974,0.0,0.0,0,0.0
B-44122-3,B,44122,c1,soft,0,0,0,1,1,0.000974,0.0,0.0,0,0.0
B-44122-3,B,44122,c2,hard,0,0,0,1,1,0.000974,0.0,0.0,0,0.0
B-44122-3,B,44122,c2,soft,0,0,0,1,1,0.000974,0.0,0.0,0,0.0
B-44122-3,B,44122,c3,hard,0,0,0,1,1,0.000974,0.0,0.0,0,0.0
B-44122-3,B,44122,c3,soft,0,0,0,1,1,0.000974,0.0,0.0,0,0.0
B-44281-1,B,44281,c1,hard,0,0,0,1,1,0.002007,0.0,0.0,0,0.0
B-44281-1,B,44281,c1,soft,0,0,0,1,1,0.002007,0.0,0.0,0,0.0
B-44281-1,B,44281,c2,hard,2,1049,2,0,0,0.002007,0.2,0.4,0,0.0
B-44281-1,B,44281,c2,soft,2,34149,2,0,0,0.002007,0.2,0.4,0,0.0
B-44281-1,B,44281,c3,hard,2,1049,2,0,0,0.002007,0.2,0.4,0,0.0
B-44281-1,B,44281,c3,soft,2,34149,2,0,0,0.002007,0.2,0.4,0,0.0
B-44281-2,B,44281,c1,hard,0,0,0,1,1,0.002007,0.0,0.0,0,0.0
B-44281-2,B,44281,c1,soft,0,0,0,1,1,0.002007,0.0,0.0,0,0.0
B-44281-2,B,44281,c2,hard,3,271,2,0,0,0.002007,0.2,0.8,0,0.0
B-44281-2,B,44281,c2,soft,3,82957,2,0,0,0.002007,0.2,0.8,0,0.0
B-44281-2,B,44281,c3,hard,3,271,2,0,0,0.002007,0.2,0.8,0,0.0
B-44281-2,B,44281,c3,soft,3,82957,2,0,0,0.002007,0.2,0.8,0,0.0
B-44281-3,B,44281,c1,hard,0,0,0,1,1,0.002007,0.0,0.0,0,0.0
B-44281-3,B,44281,c1,soft,0,0,0,1,1,0.002007,0.0,0.0,0,0.0
B-44281-3,B,44281,c2,hard,2,1049,2,0,0,0.002007,0.2,0.4,0,0.0
B-44281-3,B,44281,c2,soft,2,34149,2,0,0,0.002007,0.2,0.4,0,0.0
B-44281-3,B,44281,c3,hard,2,1049,2,0,0,0.002007,0.2,0.4,0,0.0
B-44281-3,B,44281,c3,soft,2,34149,2,0,0,0.002007,0.2,0.4,0,0.0
B-45877-1,B,45877,c1,hard,0,0,0,1,1,0.000221,0.0,0.0,0,0.0
B-45877-1,B,45877,c1,soft,0,0,0,1,1,0.000221,0.0,0.0,0,0.0
B-45877-1,B,45877,c2,hard,2,4963,14,0,0,0.000221,0.0,1.0,0,0.0
B-45877-1,B,45877,c2,soft,2,37387,14,0,0,0.000221,0.0,1.0,0,0.0
B-45877-1,B,45877,c3,hard,2,4963,14,0,0,0.000221,0.0,1.0,0,0.0
B-45877-1,B,45877,c3,soft,2,37387,14,0,0,0.000221,0.0,1.0,0,0.0
B-45877-2,B,45877,c1,hard,0,0,0,1,1,0.000221,0.0,0.0,0,0.0
B-45877-2,B,45877,c1,soft,0,0,0,1,1,0.000221,0.0,0.0,0,0.0
B-45877-2,B,45877,c2,hard,0,0,0,1,1,0.000221,0.0,0.0,0,0.0
B-45877-2,B,45877,c2,soft,0,0,0,1,1,0.000221,0.0,0.0,0,0.0
B-45877-2,B,45877,c3,hard,0,0,0,1,1,0.000221,0.0,0.0,0,0.0
B-45877-2,B,45877,c3,soft,0,0,0,1,1,0.000221,0.0,0.0,0,0.0
B-45877-3,B,45877,c1,hard,0,0,0,1,1,0.000221,0.0,0.0,0,0.0
B-45877-3,B,45877,c1,soft,0,0,0,1,1,0.000221,0.0,0.0,0,0.0
B-45877-3,B,45877,c2,hard,0,0,0,1,1,0.000221,0.0,0.0,0,0.0
B-45877-3,B,45877,c2,soft,0,0,0,1,1,0.000221,0.0,0.0,0,0.0
B-45877-3,B,45877,c3,hard,0,0,0,1,1,0.000221,0.0,0.0,0,0.0
B-45877-3,B,45877,c3,soft,0,0,0,1,1,0.000221,0.0,0.0,0,0.0
B-47550-1,B,47550,c1,hard,0,0,0,1,1,0.00025,0.0,0.0,0,0.0
B-47550-1,B,47550,c1,soft,0,0,0,1,1,0.00025,0.0,0.0,0,0.0
B-47550-1,B,47550,c2,hard,2,1049,2,0,0,0.00025,0.0,0.0,0,0.0
B-47550-1,B,47550,c2,soft,2,34149,2,0,0,0.00025,0.0,0.0,0,0.0
B-47550-1,B,47550,c3,hard,2,1049,2,0,0,0.00025,0.0,0.0,0,0.0
B-47550-1,B,47550,c3,soft,2,34149,2,0,0,0.00025,0.0,0.0,0,0.0
B-47550-2,B,47550,c1,hard,0,0,0,1,1,0.00025,0.0,0.0,0,0.0
B-47550-2,B,47550,c1,soft,0,0,0,1,1,0.00025,0.0,0.0,0,0.0
B-47550-2,B,47550,c2,hard,0,0,0,1,1,0.00025,0.0,0.0,0,0.0
B-47550-2,B,47550,c2,soft,0,0,0,1,1,0.00025,0.0,0.0,0,0.0
B-47550-2,B,47550,c3,hard,0,0,0,1,1,0.00025,0.0,0.0,0,0.0
B-47550-2,B,47550,c3,soft,0,0,0,1,1,0.00025,0.0,0.0,0,0.0
B-47550-3,B,47550,c1,hard,0,0,0,1,1,0.00025,0.0,0.0,0,0.0
B-47550-3,B,47550,c1,soft,0,0,0,1,1,0.00025,0.0,0.0,0,0.0
B-47550-3,B,47550,c2,hard,0,0,0,1,1,0.00025,0.0,0.0,0,0.0
B-47550-3,B,47550,c2,soft,0,0,0,1,1,0.00025,0.0,0.0,0,0.0
B-47550-3,B,47550,c3,hard,0,0,0,1,1,0.00025,0.0,0.0,0,0.0
B-47550-3,B,47550,c3,soft,0,0,0,1,1,0.00025,0.0,0.0,0,0.0
B-49144-1,B,49144,c1,hard,1,60625,7250,0,0,0.005967,0.0,0.0,0,0.0
B-49144-1,B,49144,c1,soft,1,60625,7250,0,0,0.005967,0.0,0.0,0,0.0
B-49144-1,B,49144,c2,hard,2,3745,7,0,0,0.005967,0.0,0.0,0,0.0
B-49144-1,B,49144,c2,soft,2,60888,7,0,0,0.005967,0.0,0.0,0,0.0
B-49144-1,B,49144,c3,hard,2,3745,7,0,0,0.005967,0.0,0.0,0,0.0
B-49144-1,B,49144,c3,soft,2,60888,7,0,0,0.005967,0.0,0.0,0,0.0
B-49144-2,B,49144,c1,hard,2,1093,1,0,0,0.005967,0.2,0.2,0,0.0
B-49144-2,B,49144,c1,soft,2,40876,1,0,0,0.005967,0.2,0.2,0,0.0
B-49144-2,B,49144,c2,hard,2,1093,1,0,0,0.005967,0.2,0.2,0,0.0
B-49144-2,B,49144,c2,soft,2,40876,1,0,0,0.005967,0.2,0.2,0,0.0
B-49144-2,B,49144,c3,hard,3,0,0,1,1,0.005967,0.0,0.0,0,0.0
B-49144-2,B,49144,c3,soft,3,40882,1,0,0,0.005967,0.2,0.2,0,0.0
B-49144-3,B,49144,c1,hard,0,0,0,1,1,0.005967,0.0,0.0,0,0.0
B-49144-3,B,49144,c1,soft,0,0,0,1,1,0.005967,0.0,0.0,0,0.0
B-49144-3,B,49144,c2,hard,2,3745,7,0,0,0.005967,0.0,0.0,0,0.0
B-49144-3,B,49144,c2,soft,2,60888,7,0,0,0.005967,0.0,0.0,0,0.0
B-49144-3,B,49144,c3,hard,2,3745,7,0,0,0.005967,0.0,0.0,0,0.0
B-49144-3,B,49144,c3,soft,2,60888,7,0,0,0.005967,0.0,0.0,0,0.0
B-51393-1,B,51393,c1,hard,3,428,1,0,0,0.021739,0.4,1.0,0,0.0
B-51393-1,B,51393,c1,soft,3,97669,1,0,0,0.021739,0.4,1.0,0,0.0
B-51393-1,B,51393,c2,hard,5,32,1,0,0,0.021739,0.6,1.0,0,0.0
B-51393-1,B,51393,c2,soft,5,113380,1,0,0,0.021739,0.4,0.6,0,0.0
B-51393-1,B,51393,c3,hard,5,32,1,0,0,0.021739,0.6,1.0,0,0.0
B-51393-1,B,51393,c3,soft,5,113380,1,0,0,0.021739,0.4,0.6,0,0.0
B-51393-2,B,51393,c1,hard,2,565,1,0,0,0.021739,0.2,1.0,0,0.0
B-51393-2,B,51393,c1,soft,2,35163,1,0,0,0.021739,0.2,1.0,0,0.0
B-51393-2,B,51393,c2,hard,2,565,1,0,0,0.021739,0.2,1.0,0,0.0
B-51393-2,B,51393,c2,soft,2,35163,1,0,0,0.021739,0.2,1.0,0,0.0
B-51393-2,B,51393,c3,hard,2,565,1,0,0,0.021739,0.2,1.0,0,0.0
B-51393-2,B,51393,c3,soft,2,35163,1,0,0,0.021739,0.2,1.0,0,0.0
B-51393-3,B,51393,c1,hard,2,24872,79,0,0,0.021739,0.0,0.4,0,0.0
B-51393-3,B,51393,c1,soft,2,70315,79,0,0,0.021739,0.0,0.4,0,0.0
B-51393-3,B,51393,c2,hard,2,24872,79,0,0,0.021739,0.0,0.4,0,0.0
B-51393-3,B,51393,c2,soft,2,70315,79,0,0,0.021739,0.0,0.4,0,0.0
B-51393-3,B,51393,c3,hard,2,24872,79,0,0,0.021739,0.0,0.4,0,0.0
B-51393-3,B,51393,c3,soft,2,70315,79,0,0,0.021739,0.0,0.4,0,0.0
B-51499-1,B,51499,c1,hard,2,1756,31,0,0,0.00196,0.2,0.4,0,0.0
B-51499-1,B,51499,c1,soft,2,34670,31,0,0,0.00196,0.2,0.4,0,0.0
B-51499-1,B,51499,c2,hard,2,1756,31,0,0,0.00196,0.2,0.4,0,0.0
B-51499-1,B,51499,c2,soft,2,34670,31,0,0,0.00196,0.2,0.4,0,0.0
B-51499-1,B,51499,c3,hard,2,1756,31,0,0,0.00196,0.2,0.4,0,0.0
B-51499-1,B,51499,c3,soft,2,34670,31,0,0,0.00196,0.2,0.4,0,0.0
B-51499-2,B,51499,c1,hard,2,1596,18,0,0,0.00196,0.0,0.6,0,0.0
B-51499-2,B,51499,c1,soft,2,55799,18,0,0,0.00196,0.0,0.6,0,0.0
B-51499-2,B,51499,c2,hard,2,1596,18,0,0,0.00196,0.0,0.6,0,0.0
B-51499-2,B,51499,c2,soft,2,55799,18,0,0,0.00196,0.0,0.6,0,0.0
B-51499-2,B,51499,c3,hard,2,1596,18,0,0,0.00196,0.0,0.6,0,0.0
B-51499-2,B,51499,c3,soft,2,55799,18,0,0,0.00196,0.0,0.6,0,0.0
B-51499-3,B,51499,c1,hard,1,10809,1778,0,0,0.00196,0.4,1.0,0,0.0
B-51499-3,B,51499,c1,soft,1,10809,1778,0,0,0.00196,0.4,1.0,0,0.0
B-51499-3,B,51499,c2,hard,1,10809,1778,0,0,0.00196,0.4,1.0,0,0.0
B-51499-3,B,51499,c2,soft,1,10809,1778,0,0,0.00196,0.4,1.0,0,0.0
B-51499-3,B,51499,c3,hard,1,10809,1778,0,0,0.00196,0.4,1.0,0,0.0
B-51499-3,B,51499,c3,soft,1,10809,1778,0,0,0.00196,0.4,1.0,0,0.0
B-53613-1,B,53613,c1,hard,0,0,0,1,1,0.000917,0.0,0.0,0,0.0
B-53613-1,B,53613,c1,soft,0,0,0,1,1,0.000917,0.0,0.0,0,0.0
B-53613-1,B,53613,c2,hard,4,24,1,0,0,0.000917,0.0,0.0,0,0.0
B-53613-1,B,53613,c2,soft,4,84124,3,0,0,0.000917,0.0,0.0,0,0.0
B-53613-1,B,53613,c3,hard,4,24,1,0,0,0.000917,0.0,0.0,0,0.0
B-53613-1,B,53613,c3,soft,4,84124,3,0,0,0.000917,0.0,0.0,0,0.0
B-53613-2,B,53613,c1,hard,0,0,0,1,1,0.000917,0.0,0.0,0,0.0
B-53613-2,B,53613,c1,soft,0,0,0,1,1,0.000917,0.0,0.0,0,0.0
B-53613-2,B,53613,c2,hard,0,0,0,1,1,0.000917,0.0,0.0,0,0.0
B-53613-2,B,53613,c2,soft,0,0,0,1,1,0.000917,0.0,0.0,0,0.0
B-53613-2,B,53613,c3,hard,0,0,0,1,1,0.000917,0.0,0.0,0,0.0
B-53613-2,B,53613,c3,soft,0,0,0,1,1,0.000917,0.0,0.0,0,0.0
B-53613-3,B,53613,c1,hard,0,0,0,1,1,0.000917,0.0,0.0,0,0.0
B-53613-3,B,53613,c1,soft,0,0,0,1,1,0.000917,0.0,0.0,0,0.0
B-53613-3,B,53613,c2,hard,0,0,0,1,1,0.000917,0.0,0.0,0,0.0
B-53613-3,B,53613,c2,soft,0,0,0,1,1,0.000917,0.0,0.0,0,0.0
B-53613-3,B,53613,c3,hard,0,0,0,1,1,0.000917,0.0,0.0,0,0.0
B-53613-3,B,53613,c3,soft,0,0,0,1,1,0.000917,0.0,0.0,0,0.0
B-54381-1,B,54381,c1,hard,1,8336,1087,0,0,0.0033,0.2,1.0,0,0.0
B-54381-1,B,54381,c1,soft,1,8336,1087,0,0,0.0033,0.2,1.0,0,0.0
B-54381-1,B,54381,c2,hard,1,8336,1087,0,0,0.0033,0.2,1.0,0,0.0
B-54381-1,B,54381,c2,soft,1,8336,1087,0,0,0.0033,0.2,1.0,0,0.0
B-54381-1,B,54381,c3,hard,1,8336,1087,0,0,0.0033,0.2,1.0,0,0.0
B-54381-1,B,54381,c3,soft,1,8336,1087,0,0,0.0033,0.2,1.0,0,0.0
B-54381-2,B,54381,c1,hard,1,8336,1087,0,0,0.0033,0.2,1.0,0,0.0
B-54381-2,B,54381,c1,soft,1,8336,1087,0,0,0.0033,0.2,1.0,0,0.0
B-54381-2,B,54381,c2,hard,1,8336,1087,0,0,0.0033,0.2,1.0,0,0.0
B-54381-2,B,54381,c2,soft,1,8336,1087,0,0,0.0033,0.2,1.0,0,0.0
B-54381-2,B,54381,c3,hard,1,8336,1087,0,0,0.0033,0.2,1.0,0,0.0
B-54381-2,B,54381,c3,soft,1,8336,1087,0,0,0.0033,0.2,1.0,0,0.0
B-54381-3,B,54381,c1,hard,3,1939,4,0,0,0.0033,0.2,0.8,0,0.0
B-54381-3,B,54381,c1,soft,3,105987,4,0,0,0.0033,0.2,0.8,0,0.0
B-54381-3,B,54381,c2,hard,3,1939,4,0,0,0.0033,0.2,0.8,0,0.0
B-54381-3,B,54381,c2,soft,3,105987,4,0,0,0.0033,0.2,0.8,0,0.0
B-54381-3,B,54381,c3,hard,3,1939,4,0,0,0.0033,0.2,0.8,0,0.0
B-54381-3,B,54381,c3,soft,3,105987,4,0,0,0.0033,0.2,0.8,0,0.0
B-54516-1,B,54516,c1,hard,1,59969,17736,0,0,0.000867,0.4,1.0,0,0.0
B-54516-1,B,54516,c1,soft,1,59969,17736,0,0,0.000867,0.4,1.0,0,0.0
B-54516-1,B,54516,c2,hard,1,59969,17736,0,0,0.000867,0.4,1.0,0,0.0
B-54516-1,B,54516,c2,soft,1,59969,17736,0,0,0.000867,0.4,1.0,0,0.0
B-54516-1,B,54516,c3,hard,1,59969,17736,0,0,0.000867,0.4,1.0,0,0.0
B-54516-1,B,54516,c3,soft,1,59969,17736,0,0,0.000867,0.4,1.0,0,0.0
B-54516-2,B,54516,c1,hard,0,0,0,1,1,0.000867,0.0,0.0,0,0.0
B-54516-2,B,54516,c1,soft,0,0,0,1,1,0.000867,0.0,0.0,0,0.0
B-54516-2,B,54516,c2,hard,0,0,0,1,1,0.000867,0.0,0.0,0,0.0
B-54516-2,B,54516,c2,soft,0,0,0,1,1,0.000867,0.0,0.0,0,0.0
B-54516-2,B,54516,c3,hard,0,0,0,1,1,0.000867,0.0,0.0,0,0.0
B-54516-2,B,54516,c3,soft,0,0,0,1,1,0.000867,0.0,0.0,0,0.0
B-54516-3,B,54516,c1,hard,2,38224,329,0,0,0.000867,0.4,0.8,0,0.0
B-54516-3,B,54516,c1,soft,2,103177,329,0,0,0.000867,0.4,0.8,0,0.0
B-54516-3,B,54516,c2,hard,2,38224,329,0,0,0.000867,0.4,0.8,0,0.0
B-54516-3,B,54516,c2,soft,2,103177,329,0,0,0.000867,0.4,0.8,0,0.0
B-54516-3,B,54516,c3,hard,2,38224,329,0,0,0.000867,0.4,0.8,0,0.0
B-54516-3,B,54516,c3,soft,2,103177,329,0,0,0.000867,0.4,0.8,0,0.0
B-55558-1,B,55558,c1,hard,0,0,0,1,1,0.000202,0.0,0.0,0,0.0
B-55558-1,B,55558,c1,soft,0,0,0,1,1,0.000202,0.0,0.0,0,0.0
B-55558-1,B,55558,c2,hard,0,0,0,1,1,0.000202,0.0,0.0,0,0.0
B-55558-1,B,55558,c2,soft,0,0,0,1,1,0.000202,0.0,0.0,0,0.0
B-55558-1,B,55558,c3,hard,0,0,0,1,1,0.000202,0.0,0.0,0,0.0
B-55558-1,B,55558,c3,soft,0,0,0,1,1,0.000202,0.0,0.0,0,0.0
B-55558-2,B,55558,c1,hard,0,0,0,1,1,0.000202,0.0,0.0,0,0.0
B-55558-2,B,55558,c1,soft,0,0,0,1,1,0.000202,0.0,0.0,0,0.0
B-55558-2,B,55558,c2,hard,0,0,0,1,1,0.000202,0.0,0.0,0,0.0
B-55558-2,B,55558,c2,soft,0,0,0,1,1,0.000202,0.0,0.0,0,0.0
B-55558-2,B,55558,c3,hard,0,0,0,1,1,0.000202,0.0,0.0,0,0.0
B-55558-2,B,55558,c3,soft,0,0,0,1,1,0.000202,0.0,0.0,0,0.0
B-55558-3,B,55558,c1,hard,2,0,0,1,1,0.000202,0.0,0.0,0,0.0
B-55558-3,B,55558,c1,soft,2,4334,932,0,0,0.000202,0.0,0.4,0,0.0
B-55558-3,B,55558,c2,hard,2,0,0,1,1,0.000202,0.0,0.0,0,0.0
B-55558-3,B,55558,c2,soft,2,4334,932,0,0,0.000202,0.0,0.4,0,0.0
B-55558-3,B,55558,c3,hard,2,0,0,1,1,0.000202,0.0,0.0,0,0.0
B-55558-3,B,55558,c3,soft,2,4334,932,0,0,0.000202,0.0,0.4,0,0.0
B-56098-1,B,56098,c1,hard,1,34562,5639,0,0,0.000557,0.0,0.8,0,0.0
B-56098-1,B,56098,c1,soft,1,34562,5639,0,0,0.000557,0.0,0.8,0,0.0
B-56098-1,B,56098,c2,hard,3,2417,4,0,0,0.000557,0.0,0.6,0,0.0
B-56098-1,B,56098,c2,soft,3,70490,4,0,0,0.000557,0.0,0.6,0,0.0
B-56098-1,B,56098,c3,hard,3,2417,4,0,0,0.000557,0.0,0.6,0,0.0
B-56098-1,B,56098,c3,soft,3,70490,4,0,0,0.000557,0.0,0.6,0,0.0
B-56098-2,B,56098,c1,hard,1,34562,5639,0,0,0.000557,0.0,0.8,0,0.0
B-56098-2,B,56098,c1,soft,1,34562,5639,0,0,0.000557,0.0,0.8,0,0.0
B-56098-2,B,56098,c2,hard,3,2417,4,0,0,0.000557,0.0,0.6,0,0.0
B-56098-2,B,56098,c2,soft,3,70490,4,0,0,0.000557,0.0,0.6,0,0.0
B-56098-2,B,56098,c3,hard,3,2417,4,0,0,0.000557,0.0,0.6,0,0.0
B-56098-2,B,56098,c3,soft,3,70490,4,0,0,0.000557,0.0,0.6,0,0.0
B-56098-3,B,56098,c1,hard,1,34562,5639,0,0,0.000557,0.0,0.8,0,0.0
B-56098-3,B,56098,c1,soft,1,34562,5639,0,0,0.000557,0.0,0.8,0,0.0
B-56098-3,B,56098,c2,hard,1,34562,5639,0,0,0.000557,0.0,0.8,0,0.0
B-56098-3,B,56098,c2,soft,1,34562,5639,0,0,0.000557,0.0,0.8,0,0.0
B-56098-3,B,56098,c3,hard,1,34562,5639,0,0,0.000557,0.0,0.8,0,0.0
B-56098-3,B,56098,c3,soft,1,34562,5639,0,0,0.000557,0.0,0.8,0,0.0
B-56402-1,B,56402,c1,hard,0,0,0,1,1,0.005562,0.0,0.0,0,0.0
B-56402-1,B,56402,c1,soft,0,0,0,1,1,0.005562,0.0,0.0,0,0.0
B-56402-1,B,56402,c2,hard,0,0,0,1,1,0.005562,0.0,0.0,0,0.0
B-56402-1,B,56402,c2,soft,0,0,0,1,1,0.005562,0.0,0.0,0,0.0
B-56402-1,B,56402,c3,hard,0,0,0,1,1,0.005562,0.0,0.0,0,0.0
B-56402-1,B,56402,c3,soft,0,0,0,1,1,0.005562,0.0,0.0,0,0.0
B-56402-2,B,56402,c1,hard,1,3438,343,0,0,0.005562,0.6,0.8,0,0.0
B-56402-2,B,56402,c1,soft,1,3438,343,0,0,0.005562,0.6,0.8,0,0.0
B-56402-2,B,56402,c2,hard,1,3438,343,0,0,0.005562,0.6,0.8,0,0.0
B-56402-2,B,56402,c2,soft,1,3438,343,0,0,0.005562,0.6,0.8,0,0.0
B-56402-2,B,56402,c3,hard,1,3438,343,0,0,0.005562,0.6,0.8,0,0.0
B-56402-2,B,56402,c3,soft,1,3438,343,0,0,0.005562,0.6,0.8,0,0.0
B-56402-3,B,56402,c1,hard,2,2792,5,0,0,0.005562,0.2,0.8,0,0.0
B-56402-3,B,56402,c1,soft,2,61271,5,0,0,0.005562,0.2,0.8,0,0.0
B-56402-3,B,56402,c2,hard,3,236,2,0,0,0.005562,0.0,1.0,0,0.0
B-56402-3,B,56402,c2,soft,3,61533,2,0,0,0.005562,0.0,1.0,0,0.0
B-56402-3,B,56402,c3,hard,3,236,2,0,0,0.005562,0.0,1.0,0,0.0
B-56402-3,B,56402,c3,soft,3,61533,2,0,0,0.005562,0.0,1.0,0,0.0
B-56993-1,B,56993,c1,hard,1,60625,7250,0,0,0.0009,0.0,0.2,0,0.0
B-56993-1,B,56993,c1,soft,1,60625,7250,0,0,0.0009,0.0,0.2,0,0.0
B-56993-1,B,56993,c2,hard,2,3745,7,0,0,0.0009,0.0,0.2,0,0.0
B-56993-1,B,56993,c2,soft,2,60888,7,0,0,0.0009,0.0,0.2,0,0.0
B-56993-1,B,56993,c3,hard,3,0,0,1,1,0.0009,0.0,0.0,0,0.0
B-56993-1,B,56993,c3,soft,3,60892,7,0,0,0.0009,0.0,0.2,0,0.0
B-56993-2,B,56993,c1,hard,0,0,0,1,1,0.0009,0.0,0.0,0,0.0
B-56993-2,B,56993,c1,soft,0,0,0,1,1,0.0009,0.0,0.0,0,0.0
B-56993-2,B,56993,c2,hard,2,3745,7,0,0,0.0009,0.0,0.2,0,0.0
B-56993-2,B,56993,c2,soft,2,60888,7,0,0,0.0009,0.0,0.2,0,0.0
B-56993-2,B,56993,c3,hard,2,3745,7,0,0,0.0009,0.0,0.2,0,0.0
B-56993-2,B,56993,c3,soft,2,60888,7,0,0,0.0009,0.0,0.2,0,0.0
B-56993-3,B,56993,c1,hard,1,43222,10246,0,0,0.0009,0.2,0.8,0,0.0
B-56993-3,B,56993,c1,soft,1,43222,10246,0,0,0.0009,0.2,0.8,0,0.0
B-56993-3,B,56993,c2,hard,1,43222,10246,0,0,0.0009,0.2,0.8,0,0.0
B-56993-3,B,56993,c2,soft,1,43222,10246,0,0,0.0009,0.2,0.8,0,0.0
B-56993-3,B,56993,c3,hard,1,43222,10246,0,0,0.0009,0.2,0.8,0,0.0
B-56993-3,B,56993,c3,soft,1,43222,10246,0,0,0.0009,0.2,0.8,0,0.0
B-56994-1,B,56994,c1,hard,0,0,0,1,1,0.000291,0.0,0.0,0,0.0
B-56994-1,B,56994,c1,soft,0,0,0,1,1,0.000291,0.0,0.0,0,0.0
B-56994-1,B,56994,c2,hard,0,0,0,1,1,0.000291,0.0,0.0,0,0.0
B-56994-1,B,56994,c2,soft,0,0,0,1,1,0.000291,0.0,0.0,0,0.0
B-56994-1,B,56994,c3,hard,0,0,0,1,1,0.000291,0.0,0.0,0,0.0
B-56994-1,B,56994,c3,soft,0,0,0,1,1,0.000291,0.0,0.0,0,0.0
B-56994-2,B,56994,c1,hard,0,0,0,1,1,0.000291,0.0,0.0,0,0.0
B-56994-2,B,56994,c1,soft,0,0,0,1,1,0.000291,0.0,0.0,0,0.0
B-56994-2,B,56994,c2,hard,0,0,0,1,1,0.000291,0.0,0.0,0,0.0
B-56994-2,B,56994,c2,soft,0,0,0,1,1,0.000291,0.0,0.0,0,0.0
B-56994-2,B,56994,c3,hard,0,0,0,1,1,0.000291,0.0,0.0,0,0.0
B-56994-2,B,56994,c3,soft,0,0,0,1,1,0.000291,0.0,0.0,0,0.0
B-56994-3,B,56994,c1,hard,0,0,0,1,1,0.000291,0.0,0.0,0,0.0
B-56994-3,B,56994,c1,soft,0,0,0,1,1,0.000291,0.0,0.0,0,0.0
B-56994-3,B,56994,c2,hard,0,0,0,1,1,0.000291,0.0,0.0,0,0.0
B-56994-3,B,56994,c2,soft,0,0,0,1,1,0.000291,0.0,0.0,0,0.0
B-56994-3,B,56994,c3,hard,0,0,0,1,1,0.000291,0.0,0.0,0,0.0
B-56994-3,B,56994,c3,soft,0,0,0,1,1,0.000291,0.0,0.0,0,0.0
B-58907-1,B,58907,c1,hard,0,0,0,1,1,0.000839,0.0,0.0,0,0.0
B-58907-1,B,58907,c1,soft,0,0,0,1,1,0.000839,0.0,0.0,0,0.0
B-58907-1,B,58907,c2,hard,0,0,0,1,1,0.000839,0.0,0.0,0,0.0
B-58907-1,B,58907,c2,soft,0,0,0,1,1,0.000839,0.0,0.0,0,0.0
B-58907-1,B,58907,c3,hard,0,0,0,1,1,0.000839,0.0,0.0,0,0.0
B-58907-1,B,58907,c3,soft,0,0,0,1,1,0.000839,0.0,0.0,0,0.0
B-58907-2,B,58907,c1,hard,0,0,0,1,1,0.000839,0.0,0.0,0,0.0
B-58907-2,B,58907,c1,soft,0,0,0,1,1,0.000839,0.0,0.0,0,0.0
B-58907-2,B,58907,c2,hard,0,0,0,1,1,0.000839,0.0,0.0,0,0.0
B-58907-2,B,58907,c2,soft,0,0,0,1,1,0.000839,0.0,0.0,0,0.0
B-58907-2,B,58907,c3,hard,0,0,0,1,1,0.000839,0.0,0.0,0,0.0
B-58907-2,B,58907,c3,soft,0,0,0,1,1,0.000839,0.0,0.0,0,0.0
B-58907-3,B,58907,c1,hard,0,0,0,1,1,0.000839,0.0,0.0,0,0.0
B-58907-3,B,58907,c1,soft,0,0,0,1,1,0.000839,0.0,0.0,0,0.0
B-58907-3,B,58907,c2,hard,0,0,0,1,1,0.000839,0.0,0.0,0,0.0
B-58907-3,B,58907,c2,soft,0,0,0,1,1,0.000839,0.0,0.0,0,0.0
B-58907-3,B,58907,c3,hard,0,0,0,1,1,0.000839,0.0,0.0,0,0.0
B-58907-3,B,58907,c3,soft,0,0,0,1,1,0.000839,0.0,0.0,0,0.0
B-61811-1,B,61811,c1,hard,2,5559,118,0,0,0.000758,0.6,1.0,0,0.0
B-61811-1,B,61811,c1,soft,2,54620,118,0,0,0.000758,0.6,1.0,0,0.0
B-61811-1,B,61811,c2,hard,2,5559,118,0,0,0.000758,0.6,1.0,0,0.0
B-61811-1,B,61811,c2,soft,2,54620,118,0,0,0.000758,0.6,1.0,0,0.0
B-61811-1,B,61811,c3,hard,2,5559,118,0,0,0.000758,0.6,1.0,0,0.0
B-61811-1,B,61811,c3,soft,2,54620,118,0,0,0.000758,0.6,1.0,0,0.0
B-61811-2,B,61811,c1,hard,1,34562,5639,0,0,0.000758,0.4,1.0,0,0.0
B-61811-2,B,61811,c1,soft,1,34562,5639,0,0,0.000758,0.4,1.0,0,0.0
B-61811-2,B,61811,c2,hard,1,34562,5639,0,0,0.000758,0.4,1.0,0,0.0
B-61811-2,B,61811,c2,soft,1,34562,5639,0,0,0.000758,0.4,1.0,0,0.0
B-61811-2,B,61811,c3,hard,1,34562,5639,0,0,0.000758,0.4,1.0,0,0.0
B-61811-2,B,61811,c3,soft,1,34562,5639,0,0,0.000758,0.4,1.0,0,0.0
B-61811-3,B,61811,c1,hard,1,21720,4187,0,0,0.000758,0.2,1.0,0,0.0
B-61811-3,B,61811,c1,soft,1,21720,4187,0,0,0.000758,0.2,1.0,0,0.0
B-61811-3,B,61811,c2,hard,1,21720,4187,0,0,0.000758,0.2,1.0,0,0.0
B-61811-3,B,61811,c2,soft,1,21720,4187,0,0,0.000758,0.2,1.0,0,0.0
B-61811-3,B,61811,c3,hard,1,21720,4187,0,0,0.000758,0.2,1.0,0,0.0
B-61811-3,B,61811,c3,soft,1,21720,4187,0,0,0.000758,0.2,1.0,0,0.0
B-64204-1,B,64204,c1,hard,0,0,0,1,1,0.000815,0.0,0.0,0,0.0
B-64204-1,B,64204,c1,soft,0,0,0,1,1,0.000815,0.0,0.0,0,0.0
B-64204-1,B,64204,c2,hard,0,0,0,1,1,0.000815,0.0,0.0,0,0.0
B-64204-1,B,64204,c2,soft,0,0,0,1,1,0.000815,0.0,0.0,0,0.0
B-64204-1,B,64204,c3,hard,0,0,0,1,1,0.000815,0.0,0.0,0,0.0
B-64204-1,B,64204,c3,soft,0,0,0,1,1,0.000815,0.0,0.0,0,0.0
B-64204-2,B,64204,c1,hard,0,0,0,1,1,0.000815,0.0,0.0,0,0.0
B-64204-2,B,64204,c1,soft,0,0,0,1,1,0.000815,0.0,0.0,0,0.0
B-64204-2,B,64204,c2,hard,0,0,0,1,1,0.000815,0.0,0.0,0,0.0
B-64204-2,B,64204,c2,soft,0,0,0,1,1,0.000815,0.0,0.0,0,0.0
B-64204-2,B,64204,c3,hard,0,0,0,1,1,0.000815,0.0,0.0,0,0.0
B-64204-2,B,64204,c3,soft,0,0,0,1,1,0.000815,0.0,0.0,0,0.0
B-64204-3,B,64204,c1,hard,1,81432,19825,0,0,0.000815,0.0,0.6,0,0.0
B-64204-3,B,64204,c1,soft,1,81432,19825,0,0,0.000815,0.0,0.6,0,0.0
B-64204-3,B,64204,c2,hard,1,81432,19825,0,0,0.000815,0.0,0.6,0,0.0
B-64204-3,B,64204,c2,soft,1,81432,19825,0,0,0.000815,0.0,0.6,0,0.0
B-64204-3,B,64204,c3,hard,1,81432,19825,0,0,0.000815,0.0,0.6,0,0.0
B-64204-3,B,64204,c3,soft,1,81432,19825,0,0,0.000815,0.0,0.6,0,0.0
B-64372-1,B,64372,c1,hard,0,0,0,1,1,0.003092,0.0,0.0,0,0.0
B-64372-1,B,64372,c1,soft,0,0,0,1,1,0.003092,0.0,0.0,0,0.0
B-64372-1,B,64372,c2,hard,0,0,0,1,1,0.003092,0.0,0.0,0,0.0
B-64372-1,B,64372,c2,soft,0,0,0,1,1,0.003092,0.0,0.0,0,0.0
B-64372-1,B,64372,c3,hard,0,0,0,1,1,0.003092,0.0,0.0,0,0.0
B-64372-1,B,64372,c3,soft,0,0,0,1,1,0.003092,0.0,0.0,0,0.0
B-64372-2,B,64372,c1,hard,0,0,0,1,1,0.003092,0.0,0.0,0,0.0
B-64372-2,B,64372,c1,soft,0,0,0,1,1,0.003092,0.0,0.0,0,0.0
B-64372-2,B,64372,c2,hard,0,0,0,1,1,0.003092,0.0,0.0,0,0.0
B-64372-2,B,64372,c2,soft,0,0,0,1,1,0.003092,0.0,0.0,0,0.0
B-64372-2,B,64372,c3,hard,0,0,0,1,1,0.003092,0.0,0.0,0,0.0
B-64372-2,B,64372,c3,soft,0,0,0,1,1,0.003092,0.0,0.0,0,0.0
B-64372-3,B,64372,c1,hard,0,0,0,1,1,0.003092,0.0,0.0,0,0.0
B-64372-3,B,64372,c1,soft,0,0,0,1,1,0.003092,0.0,0.0,0,0.0
B-64372-3,B,64372,c2,hard,0,0,0,1,1,0.003092,0.0,0.0,0,0.0
B-64372-3,B,64372,c2,soft,0,0,0,1,1,0.003092,0.0,0.0,0,0.0
B-64372-3,B,64372,c3,hard,0,0,0,1,1,0.003092,0.0,0.0,0,0.0
B-64372-3,B,64372,c3,soft,0,0,0,1,1,0.003092,0.0,0.0,0,0.0
B-64500-1,B,64500,c1,hard,0,0,0,1,1,0.001444,0.0,0.0,0,0.0
B-64500-1,B,64500,c1,soft,0,0,0,1,1,0.001444,0.0,0.0,0,0.0
B-64500-1,B,64500,c2,hard,0,0,0,1,1,0.001444,0.0,0.0,0,0.0
B-64500-1,B,64500,c2,soft,0,0,0,1,1,0.001444,0.0,0.0,0,0.0
B-64500-1,B,64500,c3,hard,1,45319,6281,0,0,0.001444,0.0,1.0,0,0.0
B-64500-1,B,64500,c3,soft,1,45319,6281,0,0,0.001444,0.0,1.0,0,0.0
B-64500-2,B,64500,c1,hard,0,0,0,1,1,0.001444,0.0,0.0,0,0.0
B-64500-2,B,64500,c1,soft,0,0,0,1,1,0.001444,0.0,0.0,0,0.0
B-64500-2,B,64500,c2,hard,0,0,0,1,1,0.001444,0.0,0.0,0,0.0
B-64500-2,B,64500,c2,soft,0,0,0,1,1,0.001444,0.0,0.0,0,0.0
B-64500-2,B,64500,c3,hard,0,0,0,1,1,0.001444,0.0,0.0,0,0.0
B-64500-2,B,64500,c3,soft,0,0,0,1,1,0.001444,0.0,0.0,0,0.0
B-64500-3,B,64500,c1,hard,0,0,0,1,1,0.001444,0.0,0.0,0,0.0
B-64500-3,B,64500,c1,soft,0,0,0,1,1,0.001444,0.0,0.0,0,0.0
B-64500-3,B,64500,c2,hard,0,0,0,1,1,0.001444,0.0,0.0,0,0.0
B-64500-3,B,64500,c2,soft,0,0,0,1,1,0.001444,0.0,0.0,0,0.0
B-64500-3,B,64500,c3,hard,0,0,0,1,1,0.001444,0.0,0.0,0,0.0
B-64500-3,B,64500,c3,soft,0,0,0,1,1,0.001444,0.0,0.0,0,0.0
B-64679-1,B,64679,c1,hard,1,25617,4450,0,0,0.000826,0.4,1.0,0,0.0
B-64679-1,B,64679,c1,soft,1,25617,4450,0,0,0.000826,0.4,1.0,0,0.0
B-64679-1,B,64679,c2,hard,3,375,1,0,0,0.000826,0.4,0.8,0,0.0
B-64679-1,B,64679,c2,soft,3,76467,1,0,0,0.000826,0.4,0.8,0,0.0
B-64679-1,B,64679,c3,hard,3,375,1,0,0,0.000826,0.4,0.8,0,0.0
B-64679-1,B,64679,c3,soft,3,76467,1,0,0,0.000826,0.4,0.8,0,0.0
B-64679-2,B,64679,c1,hard,1,25617,4450,0,0,0.000826,0.4,1.0,0,0.0
B-64679-2,B,64679,c1,soft,1,25617,4450,0,0,0.000826,0.4,1.0,0,0.0
B-64679-2,B,64679,c2,hard,1,25617,4450,0,0,0.000826,0.4,1.0,0,0.0
B-64679-2,B,64679,c2,soft,1,25617,4450,0,0,0.000826,0.4,1.0,0,0.0
B-64679-2,B,64679,c3,hard,1,25617,4450,0,0,0.000826,0.4,1.0,0,0.0
B-64679-2,B,64679,c3,soft,1,25617,4450,0,0,0.000826,0.4,1.0,0,0.0
B-64679-3,B,64679,c1,hard,2,9905,66,0,0,0.000826,0.6,1.0,0,0.0
B-64679-3,B,64679,c1,soft,2,58934,66,0,0,0.000826,0.6,1.0,0,0.0
B-64679-3,B,64679,c2,hard,2,9905,66,0,0,0.000826,0.6,1.0,0,0.0
B-64679-3,B,64679,c2,soft,2,58934,66,0,0,0.000826,0.6,1.0,0,0.0
B-64679-3,B,64679,c3,hard,2,9905,66,0,0,0.000826,0.6,1.0,0,0.0
B-64679-3,B,64679,c3,soft,2,58934,66,0,0,0.000826,0.6,1.0,0,0.0
B-64950-1,B,64950,c1,hard,0,0,0,1,1,0.000418,0.0,0.0,0,0.0
B-64950-1,B,64950,c1,soft,0,0,0,1,1,0.000418,0.0,0.0,0,0.0
B-64950-1,B,64950,c2,hard,0,0,0,1,1,0.000418,0.0,0.0,0,0.0
B-64950-1,B,64950,c2,soft,0,0,0,1,1,0.000418,0.0,0.0,0,0.0
B-64950-1,B,64950,c3,hard,0,0,0,1,1,0.000418,0.0,0.0,0,0.0
B-64950-1,B,64950,c3,soft,0,0,0,1,1,0.000418,0.0,0.0,0,0.0
B-64950-2,B,64950,c1,hard,2,14466,124,0,0,0.000418,0.0,1.0,0,0.0
B-64950-2,B,64950,c1,soft,2,92583,124,0,0,0.000418,0.0,1.0,0,0.0
B-64950-2,B,64950,c2,hard,2,14466,124,0,0,0.000418,0.0,1.0,0,0.0
B-64950-2,B,64950,c2,soft,2,92583,124,0,0,0.000418,0.0,1.0,0,0.0
B-64950-2,B,64950,c3,hard,2,14466,124,0,0,0.000418,0.0,1.0,0,0.0
B-64950-2,B,64950,c3,soft,2,92583,124,0,0,0.000418,0.0,1.0,0,0.0
B-64950-3,B,64950,c1,hard,2,14466,124,0,0,0.000418,0.0,1.0,0,0.0
B-64950-3,B,64950,c1,soft,2,92583,124,0,0,0.000418,0.0,1.0,0,0.0
B-64950-3,B,64950,c2,hard,2,14466,124,0,0,0.000418,0.0,1.0,0,0.0
B-64950-3,B,64950,c2,soft,2,92583,124,0,0,0.000418,0.0,1.0,0,0.0
B-64950-3,B,64950,c3,hard,2,14466,124,0,0,0.000418,0.0,1.0,0,0.0
B-64950-3,B,64950,c3,soft,2,92583,124,0,0,0.000418,0.0,1.0,0,0.0
B-66891-1,B,66891,c1,hard,1,59969,17736,0,0,0.000399,0.2,0.6,0,0.0
B-66891-1,B,66891,c1,soft,1,59969,17736,0,0,0.000399,0.2,0.6,0,0.0
B-66891-1,B,66891,c2,hard,3,1086,2,0,0,0.000399,0.4,1.0,0,0.0
B-66891-1,B,66891,c2,soft,3,96057,2,0,0,0.000399,0.4,1.0,0,0.0
B-66891-1,B,66891,c3,hard,3,1086,2,0,0,0.000399,0.4,1.0,0,0.0
B-66891-1,B,66891,c3,soft,3,96057,2,0,0,0.000399,0.4,1.0,0,0.0
B-66891-2,B,66891,c1,hard,1,59969,17736,0,0,0.000399,0.2,0.6,0,0.0
B-66891-2,B,66891,c1,soft,1,59969,17736,0,0,0.000399,0.2,0.6,0,0.0
B-66891-2,B,66891,c2,hard,1,59969,17736,0,0,0.000399,0.2,0.6,0,0.0
B-66891-2,B,66891,c2,soft,1,59969,17736,0,0,0.000399,0.2,0.6,0,0.0
B-66891-2,B,66891,c3,hard,1,59969,17736,0,0,0.000399,0.2,0.6,0,0.0
B-66891-2,B,66891,c3,soft,1,59969,17736,0,0,0.000399,0.2,0.6,0,0.0
B-66891-3,B,66891,c1,hard,0,0,0,1,1,0.000399,0.0,0.0,0,0.0
B-66891-3,B,66891,c1,soft,0,0,0,1,1,0.000399,0.0,0.0,0,0.0
B-66891-3,B,66891,c2,hard,2,3745,7,0,0,0.000399,0.4,0.8,0,0.0
B-66891-3,B,66891,c2,soft,2,60888,7,0,0,0.000399,0.4,0.8,0,0.0
B-66891-3,B,66891,c3,hard,2,3745,7,0,0,0.000399,0.4,0.8,0,0.0
B-66891-3,B,66891,c3,soft,2,60888,7,0,0,0.000399,0.4,0.8,0,0.0
B-66933-1,B,66933,c1,hard,1,34562,5639,0,0,0.0005,0.4,0.6,0,0.0
B-66933-1,B,66933,c1,soft,1,34562,5639,0,0,0.0005,0.4,0.6,0,0.0
B-66933-1,B,66933,c2,hard,1,34562,5639,0,0,0.0005,0.4,0.6,0,0.0
B-66933-1,B,66933,c2,soft,1,34562,5639,0,0,0.0005,0.4,0.6,0,0.0
B-66933-1,B,66933,c3,hard,1,34562,5639,0,0,0.0005,0.4,0.6,0,0.0
B-66933-1,B,66933,c3,soft,1,34562,5639,0,0,0.0005,0.4,0.6,0,0.0
B-66933-2,B,66933,c1,hard,1,34562,5639,0,0,0.0005,0.4,0.6,0,0.0
B-66933-2,B,66933,c1,soft,1,34562,5639,0,0,0.0005,0.4,0.6,0,0.0
B-66933-2,B,66933,c2,hard,3,2417,4,0,0,0.0005,0.0,0.6,0,0.0
B-66933-2,B,66933,c2,soft,3,70490,4,0,0,0.0005,0.0,0.6,0,0.0
B-66933-2,B,66933,c3,hard,3,2417,4,0,0,0.0005,0.0,0.6,0,0.0
B-66933-2,B,66933,c3,soft,3,70490,4,0,0,0.0005,0.0,0.6,0,0.0
B-66933-3,B,66933,c1,hard,2,12397,103,0,0,0.0005,0.0,1.0,0,0.0
B-66933-3,B,66933,c1,soft,2,65387,103,0,0,0.0005,0.0,1.0,0,0.0
B-66933-3,B,66933,c2,hard,2,12397,103,0,0,0.0005,0.0,1.0,0,0.0
B-66933-3,B,66933,c2,soft,2,65387,103,0,0,0.0005,0.0,1.0,0,0.0
B-66933-3,B,66933,c3,hard,2,12397,103,0,0,0.0005,0.0,1.0,0,0.0
B-66933-3,B,66933,c3,soft,2,65387,103,0,0,0.0005,0.0,1.0,0,0.0
B-68182-1,B,68182,c1,hard,1,34562,5639,0,0,0.000437,0.2,1.0,0,0.0
B-68182-1,B,68182,c1,soft,1,34562,5639,0,0,0.000437,0.2,1.0,0,0.0
B-68182-1,B,68182,c2,hard,1,34562,5639,0,0,0.000437,0.2,1.0,0,0.0
B-68182-1,B,68182,c2,soft,1,34562,5639,0,0,0.000437,0.2,1.0,0,0.0
B-68182-1,B,68182,c3,hard,1,34562,5639,0,0,0.000437,0.2,1.0,0,0.0
B-68182-1,B,68182,c3,soft,1,34562,5639,0,0,0.000437,0.2,1.0,0,0.0
B-68182-2,B,68182,c1,hard,2,24872,79,0,0,0.000437,0.0,1.0,0,0.0
B-68182-2,B,68182,c1,soft,2,70315,79,0,0,0.000437,0.0,1.0,0,0.0
B-68182-2,B,68182,c2,hard,2,24872,79,0,0,0.000437,0.0,1.0,0,0.0
B-68182-2,B,68182,c2,soft,2,70315,79,0,0,0.000437,0.0,1.0,0,0.0
B-68182-2,B,68182,c3,hard,3,11441,1,0,0,0.000437,1.0,1.0,0,0.0
B-68182-2,B,68182,c3,soft,3,113319,1,0,0,0.000437,1.0,1.0,0,0.0
B-68182-3,B,68182,c1,hard,1,34562,5639,0,0,0.000437,0.2,1.0,0,0.0
B-68182-3,B,68182,c1,soft,1,34562,5639,0,0,0.000437,0.2,1.0,0,0.0
B-68182-3,B,68182,c2,hard,1,34562,5639,0,0,0.000437,0.2,1.0,0,0.0
B-68182-3,B,68182,c2,soft,1,34562,5639,0,0,0.000437,0.2,1.0,0,0.0
B-68182-3,B,68182,c3,hard,1,34562,5639,0,0,0.000437,0.2,1.0,0,0.0
B-68182-3,B,68182,c3,soft,1,34562,5639,0,0,0.000437,0.2,1.0,0,0.0
B-72554-1,B,72554,c1,hard,0,0,0,1,1,0.000291,0.0,0.0,0,0.0
B-72554-1,B,72554,c1,soft,0,0,0,1,1,0.000291,0.0,0.0,0,0.0
B-72554-1,B,72554,c2,hard,0,0,0,1,1,0.000291,0.0,0.0,0,0.0
B-72554-1,B,72554,c2,soft,0,0,0,1,1,0.000291,0.0,0.0,0,0.0
B-72554-1,B,72554,c3,hard,0,0,0,1,1,0.000291,0.0,0.0,0,0.0
B-72554-1,B,72554,c3,soft,0,0,0,1,1,0.000291,0.0,0.0,0,0.0
B-72554-2,B,72554,c1,hard,1,10809,1778,0,0,0.000291,0.0,0.6,0,0.0
B-72554-2,B,72554,c1,soft,1,10809,1778,0,0,0.000291,0.0,0.6,0,0.0
B-72554-2,B,72554,c2,hard,1,10809,1778,0,0,0.000291,0.0,0.6,0,0.0
B-72554-2,B,72554,c2,soft,1,10809,1778,0,0,0.000291,0.0,0.6,0,0.0
B-72554-2,B,72554,c3,hard,1,10809,1778,0,0,0.000291,0.0,0.6,0,0.0
B-72554-2,B,72554,c3,soft,1,10809,1778,0,0,0.000291,0.0,0.6,0,0.0
B-72554-3,B,72554,c1,hard,0,0,0,1,1,0.000291,0.0,0.0,0,0.0
B-72554-3,B,72554,c1,soft,0,0,0,1,1,0.000291,0.0,0.0,0,0.0
B-72554-3,B,72554,c2,hard,0,0,0,1,1,0.000291,0.0,0.0,0,0.0
B-72554-3,B,72554,c2,soft,0,0,0,1,1,0.000291,0.0,0.0,0,0.0
B-72554-3,B,72554,c3,hard,0,0,0,1,1,0.000291,0.0,0.0,0,0.0
B-72554-3,B,72554,c3,soft,0,0,0,1,1,0.000291,0.0,0.0,0,0.0
B-72796-1,B,72796,c1,hard,1,81432,19825,0,0,0.002135,0.0,0.6,0,0.0
B-72796-1,B,72796,c1,soft,1,81432,19825,0,0,0.002135,0.0,0.6,0,0.0
B-72796-1,B,72796,c2,hard,1,81432,19825,0,0,0.002135,0.0,0.6,0,0.0
B-72796-1,B,72796,c2,soft,1,81432,19825,0,0,0.002135,0.0,0.6,0,0.0
B-72796-1,B,72796,c3,hard,2,23528,143,0,0,0.002135,0.0,0.4,0,0.0
B-72796-1,B,72796,c3,soft,2,101126,143,0,0,0.002135,0.0,0.4,0,0.0
B-72796-2,B,72796,c1,hard,0,0,0,1,1,0.002135,0.0,0.0,0,0.0
B-72796-2,B,72796,c1,soft,0,0,0,1,1,0.002135,0.0,0.0,0,0.0
B-72796-2,B,72796,c2,hard,0,0,0,1,1,0.002135,0.0,0.0,0,0.0
B-72796-2,B,72796,c2,soft,0,0,0,1,1,0.002135,0.0,0.0,0,0.0
B-72796-2,B,72796,c3,hard,0,0,0,1,1,0.002135,0.0,0.0,0,0.0
B-72796-2,B,72796,c3,soft,0,0,0,1,1,0.002135,0.0,0.0,0,0.0
B-72796-3,B,72796,c1,hard,2,23528,143,0,0,0.002135,0.0,0.4,0,0.0
B-72796-3,B,72796,c1,soft,2,101126,143,0,0,0.002135,0.0,0.4,0,0.0
B-72796-3,B,72796,c2,hard,2,23528,143,0,0,0.002135,0.0,0.4,0,0.0
B-72796-3,B,72796,c2,soft,2,101126,143,0,0,0.002135,0.0,0.4,0,0.0
B-72796-3,B,72796,c3,hard,2,23528,143,0,0,0.002135,0.0,0.4,0,0.0
B-72796-3,B,72796,c3,soft,2,101126,143,0,0,0.002135,0.0,0.4,0,0.0
B-78755-1,B,78755,c1,hard,2,2,2,1,0,0.00115,0.0,0.5,0,0.0
B-78755-1,B,78755,c1,soft,2,3287,436,0,0,0.00115,0.2,0.6,0,0.0
B-78755-1,B,78755,c2,hard,2,2,2,1,0,0.00115,0.0,0.5,0,0.0
B-78755-1,B,78755,c2,soft,2,3287,436,0,0,0.00115,0.2,0.6,0,0.0
B-78755-1,B,78755,c3,hard,2,2,2,1,0,0.00115,0.0,0.5,0,0.0
B-78755-1,B,78755,c3,soft,2,3287,436,0,0,0.00115,0.2,0.6,0,0.0
B-78755-2,B,78755,c1,hard,1,3269,434,0,0,0.00115,0.2,0.8,0,0.0
B-78755-2,B,78755,c1,soft,1,3269,434,0,0,0.00115,0.2,0.8,0,0.0
B-78755-2,B,78755,c2,hard,3,262,1,0,0,0.00115,0.2,0.8,0,0.0
B-78755-2,B,78755,c2,soft,3,61118,1,0,0,0.00115,0.2,0.8,0,0.0
B-78755-2,B,78755,c3,hard,3,262,1,0,0,0.00115,0.2,0.8,0,0.0
B-78755-2,B,78755,c3,soft,3,61118,1,0,0,0.00115,0.2,0.8,0,0.0
B-78755-3,B,78755,c1,hard,1,3269,434,0,0,0.00115,0.2,0.8,0,0.0
B-78755-3,B,78755,c1,soft,1,3269,434,0,0,0.00115,0.2,0.8,0,0.0
B-78755-3,B,78755,c2,hard,1,3269,434,0,0,0.00115,0.2,0.8,0,0.0
B-78755-3,B,78755,c2,soft,1,3269,434,0,0,0.00115,0.2,0.8,0,0.0
B-78755-3,B,78755,c3,hard,1,3269,434,0,0,0.00115,0.2,0.8,0,0.0
B-78755-3,B,78755,c3,soft,1,3269,434,0,0,0.00115,0.2,0.8,0,0.0
B-79178-1,B,79178,c1,hard,0,0,0,1,1,0.003163,0.0,0.0,0,0.0
B-79178-1,B,79178,c1,soft,0,0,0,1,1,0.003163,0.0,0.0,0,0.0
B-79178-1,B,79178,c2,hard,0,0,0,1,1,0.003163,0.0,0.0,0,0.0
B-79178-1,B,79178,c2,soft,0,0,0,1,1,0.003163,0.0,0.0,0,0.0
B-79178-1,B,79178,c3,hard,0,0,0,1,1,0.003163,0.0,0.0,0,0.0
B-79178-1,B,79178,c3,soft,0,0,0,1,1,0.003163,0.0,0.0,0,0.0
B-79178-2,B,79178,c1,hard,0,0,0,1,1,0.003163,0.0,0.0,0,0.0
B-79178-2,B,79178,c1,soft,0,0,0,1,1,0.003163,0.0,0.0,0,0.0
B-79178-2,B,79178,c2,hard,0,0,0,1,1,0.003163,0.0,0.0,0,0.0
B-79178-2,B,79178,c2,soft,0,0,0,1,1,0.003163,0.0,0.0,0,0.0
B-79178-2,B,79178,c3,hard,0,0,0,1,1,0.003163,0.0,0.0,0,0.0
B-79178-2,B,79178,c3,soft,0,0,0,1,1,0.003163,0.0,0.0,0,0.0
B-79178-3,B,79178,c1,hard,0,0,0,1,1,0.003163,0.0,0.0,0,0.0
B-79178-3,B,79178,c1,soft,0,0,0,1,1,0.003163,0.0,0.0,0,0.0
B-79178-3,B,79178,c2,hard,0,0,0,1,1,0.003163,0.0,0.0,0,0.0
B-79178-3,B,79178,c2,soft,0,0,0,1,1,0.003163,0.0,0.0,0,0.0
B-79178-3,B,79178,c3,hard,0,0,0,1,1,0.003163,0.0,0.0,0,0.0
B-79178-3,B,79178,c3,soft,0,0,0,1,1,0.003163,0.0,0.0,0,0.0
B-80042-1,B,80042,c1,hard,0,0,0,1,1,0.078125,0.0,0.0,0,0.0
B-80042-1,B,80042,c1,soft,0,0,0,1,1,0.078125,0.0,0.0,0,0.0
B-80042-1,B,80042,c2,hard,2,1317,1,0,0,0.078125,0.0,0.0,0,0.0
B-80042-1,B,80042,c2,soft,2,8464,1,0,0,0.078125,0.0,0.0,0,0.0
B-80042-1,B,80042,c3,hard,2,1317,1,0,0,0.078125,0.0,0.0,0,0.0
B-80042-1,B,80042,c3,soft,2,8464,1,0,0,0.078125,0.0,0.0,0,0.0
B-80042-2,B,80042,c1,hard,4,14,1,0,0,0.078125,0.0,0.0,0,0.0
B-80042-2,B,80042,c1,soft,4,91946,1,0,0,0.078125,0.0,0.0,0,0.0
B-80042-2,B,80042,c2,hard,4,14,1,0,0,0.078125,0.0,0.0,0,0.0
B-80042-2,B,80042,c2,soft,4,91946,1,0,0,0.078125,0.0,0.0,0,0.0
B-80042-2,B,80042,c3,hard,4,14,1,0,0,0.078125,0.0,0.0,0,0.0
B-80042-2,B,80042,c3,soft,4,91946,1,0,0,0.078125,0.0,0.0,0,0.0
B-80042-3,B,80042,c1,hard,2,1086,22,0,0,0.078125,0.0,0.2,0,0.0
B-80042-3,B,80042,c1,soft,2,62152,22,0,0,0.078125,0.0,0.2,0,0.0
B-80042-3,B,80042,c2,hard,3,340,1,0,0,0.078125,0.0,0.0,0,0.0
B-80042-3,B,80042,c2,soft,3,65001,1,0,0,0.078125,0.0,0.0,0,0.0
B-80042-3,B,80042,c3,hard,3,340,1,0,0,0.078125,0.0,0.0,0,0.0
B-80042-3,B,80042,c3,soft,3,65001,1,0,0,0.078125,0.0,0.0,0,0.0
B-80467-1,B,80467,c1,hard,0,0,0,1,1,0.00226,0.0,0.0,0,0.0
B-80467-1,B,80467,c1,soft,0,0,0,1,1,0.00226,0.0,0.0,0,0.0
B-80467-1,B,80467,c2,hard,0,0,0,1,1,0.00226,0.0,0.0,0,0.0
B-80467-1,B,80467,c2,soft,0,0,0,1,1,0.00226,0.0,0.0,0,0.0
B-80467-1,B,80467,c3,hard,0,0,0,1,1,0.00226,0.0,0.0,0,0.0
B-80467-1,B,80467,c3,soft,0,0,0,1,1,0.00226,0.0,0.0,0,0.0
B-80467-2,B,80467,c1,hard,1,81432,19825,0,0,0.00226,0.0,1.0,0,0.0
B-80467-2,B,80467,c1,soft,1,81432,19825,0,0,0.00226,0.0,1.0,0,0.0
B-80467-2,B,80467,c2,hard,1,81432,19825,0,0,0.00226,0.0,1.0,0,0.0
B-80467-2,B,80467,c2,soft,1,81432,19825,0,0,0.00226,0.0,1.0,0,0.0
B-80467-2,B,80467,c3,hard,1,81432,19825,0,0,0.00226,0.0,1.0,0,0.0
B-80467-2,B,80467,c3,soft,1,81432,19825,0,0,0.00226,0.0,1.0,0,0.0
B-80467-3,B,80467,c1,hard,1,81432,19825,0,0,0.00226,0.0,1.0,0,0.0
B-80467-3,B,80467,c1,soft,1,81432,19825,0,0,0.00226,0.0,1.0,0,0.0
B-80467-3,B,80467,c2,hard,1,81432,19825,0,0,0.00226,0.0,1.0,0,0.0
B-80467-3,B,80467,c2,soft,1,81432,19825,0,0,0.00226,0.0,1.0,0,0.0
B-80467-3,B,80467,c3,hard,1,81432,19825,0,0,0.00226,0.0,1.0,0,0.0
B-80467-3,B,80467,c3,soft,1,81432,19825,0,0,0.00226,0.0,1.0,0,0.0
B-81839-1,B,81839,c1,hard,1,59969,17736,0,0,0.000222,0.8,1.0,0,0.0
B-81839-1,B,81839,c1,soft,1,59969,17736,0,0,0.000222,0.8,1.0,0,0.0
B-81839-1,B,81839,c2,hard,1,59969,17736,0,0,0.000222,0.8,1.0,0,0.0
B-81839-1,B,81839,c2,soft,1,59969,17736,0,0,0.000222,0.8,1.0,0,0.0
B-81839-1,B,81839,c3,hard,1,59969,17736,0,0,0.000222,0.8,1.0,0,0.0
B-81839-1,B,81839,c3,soft,1,59969,17736,0,0,0.000222,0.8,1.0,0,0.0
B-81839-2,B,81839,c1,hard,1,59969,17736,0,0,0.000222,0.8,1.0,0,0.0
B-81839-2,B,81839,c1,soft,1,59969,17736,0,0,0.000222,0.8,1.0,0,0.0
B-81839-2,B,81839,c2,hard,1,59969,17736,0,0,0.000222,0.8,1.0,0,0.0
B-81839-2,B,81839,c2,soft,1,59969,17736,0,0,0.000222,0.8,1.0,0,0.0
B-81839-2,B,81839,c3,hard,1,59969,17736,0,0,0.000222,0.8,1.0,0,0.0
B-81839-2,B,81839,c3,soft,1,59969,17736,0,0,0.000222,0.8,1.0,0,0.0
B-81839-3,B,81839,c1,hard,0,0,0,1,1,0.000222,0.0,0.0,0,0.0
B-81839-3,B,81839,c1,soft,0,0,0,1,1,0.000222,0.0,0.0,0,0.0
B-81839-3,B,81839,c2,hard,2,4963,14,0,0,0.000222,0.6,0.8,0,0.0
B-81839-3,B,81839,c2,soft,2,37387,14,0,0,0.000222,0.6,0.8,0,0.0
B-81839-3,B,81839,c3,hard,2,4963,14,0,0,0.000222,0.6,0.8,0,0.0
B-81839-3,B,81839,c3,soft,2,37387,14,0,0,0.000222,0.6,0.8,0,0.0
B-85038-1,B,85038,c1,hard,0,0,0,1,1,0.002069,0.0,0.0,0,0.0
B-85038-1,B,85038,c1,soft,0,0,0,1,1,0.002069,0.0,0.0,0,0.0
B-85038-1,B,85038,c2,hard,2,3745,7,0,0,0.002069,0.4,1.0,0,0.0
B-85038-1,B,85038,c2,soft,2,60888,7,0,0,0.002069,0.4,1.0,0,0.0
B-85038-1,B,85038,c3,hard,2,3745,7,0,0,0.002069,0.4,1.0,0,0.0
B-85038-1,B,85038,c3,soft,2,60888,7,0,0,0.002069,0.4,1.0,0,0.0
B-85038-2,B,85038,c1,hard,0,0,0,1,1,0.002069,0.0,0.0,0,0.0
B-85038-2,B,85038,c1,soft,0,0,0,1,1,0.002069,0.0,0.0,0,0.0
B-85038-2,B,85038,c2,hard,2,3745,7,0,0,0.002069,0.4,1.0,0,0.0
B-85038-2,B,85038,c2,soft,2,60888,7,0,0,0.002069,0.4,1.0,0,0.0
B-85038-2,B,85038,c3,hard,2,3745,7,0,0,0.002069,0.4,1.0,0,0.0
B-85038-2,B,85038,c3,soft,2,60888,7,0,0,0.002069,0.4,1.0,0,0.0
B-85038-3,B,85038,c1,hard,0,0,0,1,1,0.002069,0.0,0.0,0,0.0
B-85038-3,B,85038,c1,soft,0,0,0,1,1,0.002069,0.0,0.0,0,0.0
B-85038-3,B,85038,c2,hard,0,0,0,1,1,0.002069,0.0,0.0,0,0.0
B-85038-3,B,85038,c2,soft,0,0,0,1,1,0.002069,0.0,0.0,0,0.0
B-85038-3,B,85038,c3,hard,0,0,0,1,1,0.002069,0.0,0.0,0,0.0
B-85038-3,B,85038,c3,soft,0,0,0,1,1,0.002069,0.0,0.0,0,0.0
B-87922-1,B,87922,c1,hard,0,0,0,1,1,0.012225,0.0,0.0,0,0.0
B-87922-1,B,87922,c1,soft,0,0,0,1,1,0.012225,0.0,0.0,0,0.0
B-87922-1,B,87922,c2,hard,0,0,0,1,1,0.012225,0.0,0.0,0,0.0
B-87922-1,B,87922,c2,soft,0,0,0,1,1,0.012225,0.0,0.0,0,0.0
B-87922-1,B,87922,c3,hard,0,0,0,1,1,0.012225,0.0,0.0,0,0.0
B-87922-1,B,87922,c3,soft,0,0,0,1,1,0.012225,0.0,0.0,0,0.0
B-87922-2,B,87922,c1,hard,0,0,0,1,1,0.012225,0.0,0.0,0,0.0
B-87922-2,B,87922,c1,soft,0,0,0,1,1,0.012225,0.0,0.0,0,0.0
B-87922-2,B,87922,c2,hard,0,0,0,1,1,0.012225,0.0,0.0,0,0.0
B-87922-2,B,87922,c2,soft,0,0,0,1,1,0.012225,0.0,0.0,0,0.0
B-87922-2,B,87922,c3,hard,0,0,0,1,1,0.012225,0.0,0.0,0,0.0
B-87922-2,B,87922,c3,soft,0,0,0,1,1,0.012225,0.0,0.0,0,0.0
B-87922-3,B,87922,c1,hard,2,2638,2,0,0,0.012225,0.0,0.0,0,0.0
B-87922-3,B,87922,c1,soft,2,42028,2,0,0,0.012225,0.0,0.0,0,0.0
B-87922-3,B,87922,c2,hard,2,2638,2,0,0,0.012225,0.0,0.0,0,0.0
B-87922-3,B,87922,c2,soft,2,42028,2,0,0,0.012225,0.0,0.0,0,0.0
B-87922-3,B,87922,c3,hard,2,2638,2,0,0,0.012225,0.0,0.0,0,0.0
B-87922-3,B,87922,c3,soft,2,42028,2,0,0,0.012225,0.0,0.0,0,0.0
B-94734-1,B,94734,c1,hard,1,59969,17736,0,0,0.000763,0.4,1.0,0,0.0
B-94734-1,B,94734,c1,soft,1,59969,17736,0,0,0.000763,0.4,1.0,0,0.0
B-94734-1,B,94734,c2,hard,3,2087,7,0,0,0.000763,0.2,0.6,0,0.0
B-94734-1,B,94734,c2,soft,3,76811,7,0,0,0.000763,0.2,0.6,0,0.0
B-94734-1,B,94734,c3,hard,3,2087,7,0,0,0.000763,0.2,0.6,0,0.0
B-94734-1,B,94734,c3,soft,3,76811,7,0,0,0.000763,0.2,0.6,0,0.0
B-94734-2,B,94734,c1,hard,2,19255,105,0,0,0.000763,0.4,1.0,0,0.0
B-94734-2,B,94734,c1,soft,2,83936,105,0,0,0.000763,0.4,1.0,0,0.0
B-94734-2,B,94734,c2,hard,4,66,1,0,0,0.000763,0.2,1.0,0,0.0
B-94734-2,B,94734,c2,soft,4,90545,1,0,0,0.000763,0.4,1.0,0,0.0
B-94734-2,B,94734,c3,hard,4,66,1,0,0,0.000763,0.2,1.0,0,0.0
B-94734-2,B,94734,c3,soft,4,90545,1,0,0,0.000763,0.4,1.0,0,0.0
B-94734-3,B,94734,c1,hard,1,43222,10246,0,0,0.000763,0.4,0.6,0,0.0
B-94734-3,B,94734,c1,soft,1,43222,10246,0,0,0.000763,0.4,0.6,0,0.0
B-94734-3,B,94734,c2,hard,1,43222,10246,0,0,0.000763,0.4,0.6,0,0.0
B-94734-3,B,94734,c2,soft,1,43222,10246,0,0,0.000763,0.4,0.6,0,0.0
B-94734-3,B,94734,c3,hard,1,43222,10246,0,0,0.000763,0.4,0.6,0,0.0
B-94734-3,B,94734,c3,soft,1,43222,10246,0,0,0.000763,0.4,0.6,0,0.0
B-98848-1,B,98848,c1,hard,1,59969,17736,0,0,0.000961,0.2,0.6,0,0.0
B-98848-1,B,98848,c1,soft,1,59969,17736,0,0,0.000961,0.2,0.6,0,0.0
B-98848-1,B,98848,c2,hard,3,2087,7,0,0,0.000961,0.0,0.4,0,0.0
B-98848-1,B,98848,c2,soft,3,76811,7,0,0,0.000961,0.0,0.4,0,0.0
B-98848-1,B,98848,c3,hard,3,2087,7,0,0,0.000961,0.0,0.4,0,0.0
B-98848-1,B,98848,c3,soft,3,76811,7,0,0,0.000961,0.0,0.4,0,0.0
B-98848-2,B,98848,c1,hard,1,59969,17736,0,0,0.000961,0.2,0.6,0,0.0
B-98848-2,B,98848,c1,soft,1,59969,17736,0,0,0.000961,0.2,0.6,0,0.0
B-98848-2,B,98848,c2,hard,1,59969,17736,0,0,0.000961,0.2,0.6,0,0.0
B-98848-2,B,98848,c2,soft,1,59969,17736,0,0,0.000961,0.2,0.6,0,0.0
B-98848-2,B,98848,c3,hard,1,59969,17736,0,0,0.000961,0.2,0.6,0,0.0
B-98848-2,B,98848,c3,soft,1,59969,17736,0,0,0.000961,0.2,0.6,0,0.0
B-98848-3,B,98848,c1,hard,1,59969,17736,0,0,0.000961,0.2,0.6,0,0.0
B-98848-3,B,98848,c1,soft,1,59969,17736,0,0,0.000961,0.2,0.6,0,0.0
B-98848-3,B,98848,c2,hard,1,59969,17736,0,0,0.000961,0.2,0.6,0,0.0
B-98848-3,B,98848,c2,soft,1,59969,17736,0,0,0.000961,0.2,0.6,0,0.0
B-98848-3,B,98848,c3,hard,1,59969,17736,0,0,0.000961,0.2,0.6,0,0.0
B-98848-3,B,98848,c3,soft,1,59969,17736,0,0,0.000961,0.2,0.6,0,0.0
B-100813-1,B,100813,c1,hard,0,0,0,1,1,0.007704,0.0,0.0,0,0.0
B-100813-1,B,100813,c1,soft,0,0,0,1,1,0.007704,0.0,0.0,0,0.0
B-100813-1,B,100813,c2,hard,0,0,0,1,1,0.007704,0.0,0.0,0,0.0
B-100813-1,B,100813,c2,soft,0,0,0,1,1,0.007704,0.0,0.0,0,0.0
B-100813-1,B,100813,c3,hard,0,0,0,1,1,0.007704,0.0,0.0,0,0.0
B-100813-1,B,100813,c3,soft,0,0,0,1,1,0.007704,0.0,0.0,0,0.0
B-100813-2,B,100813,c1,hard,0,0,0,1,1,0.007704,0.0,0.0,0,0.0
B-100813-2,B,100813,c1,soft,0,0,0,1,1,0.007704,0.0,0.0,0,0.0
B-100813-2,B,100813,c2,hard,0,0,0,1,1,0.007704,0.0,0.0,0,0.0
B-100813-2,B,100813,c2,soft,0,0,0,1,1,0.007704,0.0,0.0,0,0.0
B-100813-2,B,100813,c3,hard,0,0,0,1,1,0.007704,0.0,0.0,0,0.0
B-100813-2,B,100813,c3,soft,0,0,0,1,1,0.007704,0.0,0.0,0,0.0
B-100813-3,B,100813,c1,hard,0,0,0,1,1,0.007704,0.0,0.0,0,0.0
B-100813-3,B,100813,c1,soft,0,0,0,1,1,0.007704,0.0,0.0,0,0.0
B-100813-3,B,100813,c2,hard,0,0,0,1,1,0.007704,0.0,0.0,0,0.0
B-100813-3,B,100813,c2,soft,0,0,0,1,1,0.007704,0.0,0.0,0,0.0
B-100813-3,B,100813,c3,hard,0,0,0,1,1,0.007704,0.0,0.0,0,0.0
B-100813-3,B,100813,c3,soft,0,0,0,1,1,0.007704,0.0,0.0,0,0.0
B-101351-1,B,101351,c1,hard,0,0,0,1,1,0.011494,0.0,0.0,0,0.0
B-101351-1,B,101351,c1,soft,0,0,0,1,1,0.011494,0.0,0.0,0,0.0
B-101351-1,B,101351,c2,hard,0,0,0,1,1,0.011494,0.0,0.0,0,0.0
B-101351-1,B,101351,c2,soft,0,0,0,1,1,0.011494,0.0,0.0,0,0.0
B-101351-1,B,101351,c3,hard,0,0,0,1,1,0.011494,0.0,0.0,0,0.0
B-101351-1,B,101351,c3,soft,0,0,0,1,1,0.011494,0.0,0.0,0,0.0
B-101351-2,B,101351,c1,hard,0,0,0,1,1,0.011494,0.0,0.0,0,0.0
B-101351-2,B,101351,c1,soft,0,0,0,1,1,0.011494,0.0,0.0,0,0.0
B-101351-2,B,101351,c2,hard,0,0,0,1,1,0.011494,0.0,0.0,0,0.0
B-101351-2,B,101351,c2,soft,0,0,0,1,1,0.011494,0.0,0.0,0,0.0
B-101351-2,B,101351,c3,hard,0,0,0,1,1,0.011494,0.0,0.0,0,0.0
B-101351-2,B,101351,c3,soft,0,0,0,1,1,0.011494,0.0,0.0,0,0.0
B-101351-3,B,101351,c1,hard,2,2190,6,0,0,0.011494,0.0,0.0,0,0.0
B-101351-3,B,101351,c1,soft,2,35641,6,0,0,0.011494,0.0,0.0,0,0.0
B-101351-3,B,101351,c2,hard,4,219,1,0,0,0.011494,0.0,0.0,0,0.0
B-101351-3,B,101351,c2,soft,4,70670,1,0,0,0.011494,0.0,0.0,0,0.0
B-101351-3,B,101351,c3,hard,4,219,1,0,0,0.011494,0.0,0.0,0,0.0
B-101351-3,B,101351,c3,soft,4,70670,1,0,0,0.011494,0.0,0.0,0,0.0
B-103564-1,B,103564,c1,hard,1,59969,17736,0,0,0.00025,0.4,1.0,0,0.0
B-103564-1,B,103564,c1,soft,1,59969,17736,0,0,0.00025,0.4,1.0,0,0.0
B-103564-1,B,103564,c2,hard,3,340,1,0,0,0.00025,0.0,0.4,0,0.0
B-103564-1,B,103564,c2,soft,3,65001,1,0,0,0.00025,0.0,0.4,0,0.0
B-103564-1,B,103564,c3,hard,3,340,1,0,0,0.00025,0.0,0.4,0,0.0
B-103564-1,B,103564,c3,soft,3,65001,1,0,0,0.00025,0.0,0.4,0,0.0
B-103564-2,B,103564,c1,hard,1,59969,17736,0,0,0.00025,0.4,1.0,0,0.0
B-103564-2,B,103564,c1,soft,1,59969,17736,0,0,0.00025,0.4,1.0,0,0.0
B-103564-2,B,103564,c2,hard,3,1086,2,0,0,0.00025,0.0,0.6,0,0.0
B-103564-2,B,103564,c2,soft,3,96057,2,0,0,0.00025,0.0,0.6,0,0.0
B-103564-2,B,103564,c3,hard,3,1086,2,0,0,0.00025,0.0,0.6,0,0.0
B-103564-2,B,103564,c3,soft,3,96057,2,0,0,0.00025,0.0,0.6,0,0.0
B-103564-3,B,103564,c1,hard,1,59969,17736,0,0,0.00025,0.4,1.0,0,0.0
B-103564-3,B,103564,c1,soft,1,59969,17736,0,0,0.00025,0.4,1.0,0,0.0
B-103564-3,B,103564,c2,hard,1,59969,17736,0,0,0.00025,0.4,1.0,0,0.0
B-103564-3,B,103564,c2,soft,1,59969,17736,0,0,0.00025,0.4,1.0,0,0.0
B-103564-3,B,103564,c3,hard,1,59969,17736,0,0,0.00025,0.4,1.0,0,0.0
B-103564-3,B,103564,c3,soft,1,59969,17736,0,0,0.00025,0.4,1.0,0,0.0
B-103715-1,B,103715,c1,hard,0,0,0,1,1,0.007289,0.0,0.0,0,0.0
B-103715-1,B,103715,c1,soft,0,0,0,1,1,0.007289,0.0,0.0,0,0.0
B-103715-1,B,103715,c2,hard,0,0,0,1,1,0.007289,0.0,0.0,0,0.0
B-103715-1,B,103715,c2,soft,0,0,0,1,1,0.007289,0.0,0.0,0,0.0
B-103715-1,B,103715,c3,hard,0,0,0,1,1,0.007289,0.0,0.0,0,0.0
B-103715-1,B,103715,c3,soft,0,0,0,1,1,0.007289,0.0,0.0,0,0.0
B-103715-2,B,103715,c1,hard,0,0,0,1,1,0.007289,0.0,0.0,0,0.0
B-103715-2,B,103715,c1,soft,0,0,0,1,1,0.007289,0.0,0.0,0,0.0
B-103715-2,B,103715,c2,hard,0,0,0,1,1,0.007289,0.0,0.0,0,0.0
B-103715-2,B,103715,c2,soft,0,0,0,1,1,0.007289,0.0,0.0,0,0.0
B-103715-2,B,103715,c3,hard,0,0,0,1,1,0.007289,0.0,0.0,0,0.0
B-103715-2,B,103715,c3,soft,0,0,0,1,1,0.007289,0.0,0.0,0,0.0
B-103715-3,B,103715,c1,hard,0,0,0,1,1,0.007289,0.0,0.0,0,0.0
B-103715-3,B,103715,c1,soft,0,0,0,1,1,0.007289,0.0,0.0,0,0.0
B-103715-3,B,103715,c2,hard,0,0,0,1,1,0.007289,0.0,0.0,0,0.0
B-103715-3,B,103715,c2,soft,0,0,0,1,1,0.007289,0.0,0.0,0,0.0
B-103715-3,B,103715,c3,hard,0,0,0,1,1,0.007289,0.0,0.0,0,0.0
B-103715-3,B,103715,c3,soft,0,0,0,1,1,0.007289,0.0,0.0,0,0.0
B-113627-1,B,113627,c1,hard,1,34562,5639,0,0,0.000375,0.2,0.8,0,0.0
B-113627-1,B,113627,c1,soft,1,34562,5639,0,0,0.000375,0.2,0.8,0,0.0
B-113627-1,B,113627,c2,hard,1,34562,5639,0,0,0.000375,0.2,0.8,0,0.0
B-113627-1,B,113627,c2,soft,1,34562,5639,0,0,0.000375,0.2,0.8,0,0.0
B-113627-1,B,113627,c3,hard,1,34562,5639,0,0,0.000375,0.2,0.8,0,0.0
B-113627-1,B,113627,c3,soft,1,34562,5639,0,0,0.000375,0.2,0.8,0,0.0
B-113627-2,B,113627,c1,hard,1,60625,7250,0,0,0.000375,0.2,0.8,0,0.0
B-113627-2,B,113627,c1,soft,1,60625,7250,0,0,0.000375,0.2,0.8,0,0.0
B-113627-2,B,113627,c2,hard,1,60625,7250,0,0,0.000375,0.2,0.8,0,0.0
B-113627-2,B,113627,c2,soft,1,60625,7250,0,0,0.000375,0.2,0.8,0,0.0
B-113627-2,B,113627,c3,hard,1,60625,7250,0,0,0.000375,0.2,0.8,0,0.0
B-113627-2,B,113627,c3,soft,1,60625,7250,0,0,0.000375,0.2,0.8,0,0.0
B-113627-3,B,113627,c1,hard,0,0,0,1,1,0.000375,0.0,0.0,0,0.0
B-113627-3,B,113627,c1,soft,0,0,0,1,1,0.000375,0.0,0.0,0,0.0
B-113627-3,B,113627,c2,hard,0,0,0,1,1,0.000375,0.0,0.0,0,0.0
B-113627-3,B,113627,c2,soft,0,0,0,1,1,0.000375,0.0,0.0,0,0.0
B-113627-3,B,113627,c3,hard,0,0,0,1,1,0.000375,0.0,0.0,0,0.0
B-113627-3,B,113627,c3,soft,0,0,0,1,1,0.000375,0.0,0.0,0,0.0
