layout,fragrantica_id,x,y
UMAP,32394,1.0344204902648926,4.136673450469971
UMAP,2972,0.8917833566665649,4.1830244064331055
UMAP,16938,5.707367897033691,5.631564617156982
UMAP,45686,5.888667583465576,5.847885608673096
UMAP,310,4.6915602684021,3.68357515335083
UMAP,2176,5.995896339416504,5.8382744789123535
UMAP,38117,5.7196550369262695,5.969982624053955
UMAP,39459,1.4927183389663696,6.212992191314697
UMAP,40816,6.126832962036133,3.844243049621582
UMAP,72821,5.771111488342285,3.011011838912964
UMAP,609,5.151068210601807,3.0882914066314697
UMAP,2762,6.426139831542969,2.6259560585021973
UMAP,52616,6.137795925140381,3.720209836959839
UMAP,46066,4.763172626495361,3.44614839553833
UMAP,248,4.947055816650391,3.00628399848938
UMAP,15294,5.05502462387085,2.446478843688965
UMAP,48682,1.98167085647583,4.359311580657959
UMAP,7399,4.997093677520752,2.8631339073181152
UMAP,42027,6.262993335723877,4.045411586761475
UMAP,3168,4.752689838409424,2.7805190086364746
UMAP,2366,5.0503106117248535,2.8589210510253906
UMAP,49755,5.122469902038574,2.4275832176208496
UMAP,15452,4.966732025146484,3.2259013652801514
UMAP,46797,5.134738445281982,2.8792366981506348
UMAP,34761,5.833965301513672,2.2986538410186768
UMAP,765,4.715954780578613,2.9646191596984863
UMAP,3606,2.061413526535034,3.78178071975708
UMAP,3607,2.019803285598755,3.818704605102539
UMAP,9685,5.282452583312988,2.4283041954040527
UMAP,7145,4.591568470001221,2.810048818588257
UMAP,15727,5.309118270874023,3.027000665664673
UMAP,34935,5.858351230621338,1.9660204648971558
UMAP,30945,2.6461873054504395,3.891772508621216
UMAP,1229,2.072131872177124,5.806506156921387
UMAP,430,5.897583961486816,4.123885154724121
UMAP,70465,3.0058341026306152,1.1723823547363281
UMAP,9241,4.029205322265625,2.339643716812134
UMAP,64718,3.021334648132324,1.0273805856704712
UMAP,1088,2.8364672660827637,0.30635231733322144
UMAP,642,2.8293542861938477,1.4693996906280518
UMAP,74915,3.8285839557647705,2.2511191368103027
UMAP,473,2.98903489112854,1.5889567136764526
UMAP,70090,2.4665751457214355,1.0601091384887695
UMAP,103,3.3315646648406982,1.8858026266098022
UMAP,992,3.8334054946899414,1.7758877277374268
UMAP,45499,4.389826774597168,7.0613627433776855
UMAP,50875,6.9009809494018555,3.6813924312591553
UMAP,748,6.815165042877197,3.588627815246582
UMAP,3729,6.711075782775879,3.515963554382324
UMAP,12426,5.847082138061523,7.309459686279297
UMAP,68074,5.6318769454956055,7.324608325958252
UMAP,51249,5.777206897735596,7.0328216552734375
UMAP,50256,5.873050212860107,7.344489097595215
UMAP,51411,6.519847393035889,5.844415187835693
UMAP,78578,6.730393886566162,5.657622814178467
UMAP,38133,6.798927307128906,5.413540363311768
UMAP,611,1.5107313394546509,1.7437469959259033
UMAP,53,5.055605411529541,2.6299734115600586
UMAP,55157,4.6123247146606445,5.71591854095459
UMAP,412,4.838778018951416,7.437271595001221
UMAP,176,3.416006326675415,6.813466548919678
UMAP,934,3.4396867752075195,1.9541927576065063
UMAP,62762,2.206331729888916,0.8589579463005066
UMAP,565,2.923941135406494,3.7512075901031494
UMAP,2653,2.9779624938964844,3.0058822631835938
UMAP,523,3.660288095474243,2.1533353328704834
UMAP,13066,3.4089105129241943,7.170414447784424
UMAP,612,1.5305081605911255,1.7416683435440063
UMAP,56324,3.77156400680542,2.0820071697235107
UMAP,7955,6.8909687995910645,7.255958557128906
UMAP,45968,6.876739978790283,7.246194362640381
UMAP,3907,6.753386497497559,4.475799560546875
UMAP,55001,5.9440789222717285,6.835708141326904
UMAP,3258,6.653404712677002,4.5218729972839355
UMAP,52924,6.7402472496032715,4.5084357261657715
UMAP,62199,4.190633773803711,3.8985610008239746
UMAP,12792,1.334301471710205,3.0950865745544434
UMAP,45292,3.0144729614257812,2.1312012672424316
UMAP,1460,2.8974859714508057,7.163115978240967
UMAP,92,3.493338108062744,6.659854888916016
UMAP,9677,4.403944492340088,6.027914524078369
UMAP,27040,1.1203968524932861,5.624207019805908
UMAP,22963,3.6368346214294434,6.762446880340576
UMAP,51,3.6437008380889893,6.7142438888549805
UMAP,15338,4.137147903442383,7.170124530792236
UMAP,86,2.0511395931243896,6.782243251800537
UMAP,267,2.756951332092285,7.238654613494873
UMAP,4758,1.420817494392395,6.246664047241211
UMAP,1871,2.8579819202423096,6.195153713226318
UMAP,54157,3.3637242317199707,6.0401787757873535
UMAP,631,3.637437105178833,1.708546757698059
UMAP,48100,3.4788646697998047,1.3535627126693726
UMAP,12865,2.6843786239624023,0.9816945791244507
UMAP,6538,3.5059280395507812,2.662806749343872
UMAP,49751,3.3311045169830322,0.9437928199768066
UMAP,1115,3.260758399963379,2.167572498321533
UMAP,110661,3.6431002616882324,1.383040189743042
UMAP,10206,5.453139305114746,4.089907169342041
UMAP,1005,5.15462064743042,4.0081706047058105
UMAP,698,4.20806360244751,6.571658611297607
UMAP,218,5.00357723236084,3.2150280475616455
UMAP,172,4.5267181396484375,6.175745010375977
UMAP,61519,4.377012729644775,5.578347206115723
UMAP,67996,4.714033603668213,5.3227081298828125
UMAP,6103,4.734921932220459,4.051694869995117
UMAP,1596,4.273996353149414,6.484833240509033
UMAP,28182,3.6672322750091553,6.824695587158203
UMAP,4094,5.467312335968018,7.009066104888916
UMAP,1036,4.144557952880859,5.6918182373046875
UMAP,68271,1.0135332345962524,2.5804455280303955
UMAP,3241,5.940207481384277,5.890307903289795
UMAP,709,4.740022659301758,5.926085948944092
UMAP,45639,4.469419002532959,4.831146717071533
UMAP,62021,4.697230339050293,4.891900539398193
UMAP,521,2.3235175609588623,1.377569556236267
UMAP,146,4.530899524688721,4.531154155731201
UMAP,50,2.5185868740081787,4.419821262359619
UMAP,30509,6.688188076019287,3.038698434829712
UMAP,59826,4.21722936630249,7.19135856628418
UMAP,64029,4.354090213775635,7.044814586639404
UMAP,42254,4.233219623565674,7.2345991134643555
UMAP,18283,6.681064605712891,3.0768980979919434
UMAP,45396,0.22025199234485626,5.10570764541626
UMAP,31411,0.19885478913784027,5.032018184661865
UMAP,1980,0.010394180193543434,4.908947467803955
UMAP,101596,0.12102906405925751,4.838572978973389
UMAP,11350,6.375385284423828,6.996096611022949
UMAP,34503,6.1457133293151855,6.972206115722656
UMAP,3670,6.417942047119141,7.039206504821777
UMAP,18714,6.25031852722168,6.844444751739502
UMAP,78740,6.013058662414551,4.477644443511963
UMAP,83296,2.168046236038208,1.30685293674469
UMAP,9502,6.025100231170654,4.384659767150879
UMAP,6759,6.023691177368164,2.381575107574463
UMAP,154,5.8078765869140625,2.3135855197906494
UMAP,16220,5.773594856262207,1.4531238079071045
UMAP,19668,5.795907020568848,1.5357087850570679
UMAP,8590,5.481164932250977,1.6852312088012695
UMAP,75489,5.972741603851318,2.5827529430389404
UMAP,61264,6.828247547149658,5.59211540222168
UMAP,66856,3.543694257736206,0.3344428241252899
UMAP,59292,4.043232440948486,0.5308141112327576
UMAP,10131,2.1119019985198975,3.804241418838501
UMAP,71596,3.5924155712127686,5.059287071228027
UMAP,1021,2.007106065750122,4.518949508666992
UMAP,60867,1.730326533317566,4.472723960876465
UMAP,760,1.467490792274475,4.581650733947754
UMAP,34973,1.9176666736602783,4.51486349105835
UMAP,90957,1.6934162378311157,4.755092144012451
UMAP,4295,1.824895977973938,4.4572906494140625
UMAP,59827,6.319089412689209,4.985233783721924
UMAP,973,6.141439914703369,5.1990861892700195
UMAP,64948,4.003216743469238,2.9783413410186768
UMAP,1031,3.7449707984924316,2.5344035625457764
UMAP,28246,3.884082078933716,3.0911760330200195
UMAP,32743,5.499392509460449,2.0705008506774902
UMAP,48463,3.599745273590088,4.260303497314453
UMAP,15231,3.8634157180786133,3.19966721534729
UMAP,96740,1.7995351552963257,5.417107105255127
UMAP,36416,4.179973125457764,3.8342838287353516
UMAP,13462,4.246283054351807,3.328603982925415
UMAP,31397,0.08742964267730713,4.996219158172607
UMAP,4433,4.007406234741211,3.563572645187378
UMAP,72,0.9595520496368408,5.336609363555908
UMAP,55,0.7236018776893616,5.825325965881348
UMAP,1276,5.143188953399658,3.2229812145233154
UMAP,68905,4.431778907775879,6.201013088226318
UMAP,208,1.1377030611038208,5.9755539894104
UMAP,18802,1.1098676919937134,5.112362384796143
UMAP,417,5.545816898345947,5.652137279510498
UMAP,1196,1.4595458507537842,6.1378655433654785
UMAP,90174,5.163242340087891,6.634008407592773
UMAP,684,5.638847351074219,2.44523286819458
UMAP,25315,0.6634961366653442,5.687523365020752
UMAP,31771,3.024163007736206,4.595297813415527
UMAP,18021,3.503540277481079,4.8404154777526855
UMAP,30352,3.576272487640381,4.49276065826416
UMAP,50370,4.044798851013184,5.348708152770996
UMAP,15210,3.532637357711792,4.746335983276367
UMAP,17162,3.351530075073242,4.573947429656982
UMAP,31931,3.3597497940063477,4.577568531036377
UMAP,57587,3.546504497528076,4.58755350112915
UMAP,4622,3.0650570392608643,4.463598251342773
UMAP,68214,3.6925249099731445,4.3005523681640625
UMAP,15286,3.7022926807403564,4.0539140701293945
UMAP,38259,4.794371128082275,1.5710309743881226
UMAP,18368,5.1659746170043945,1.935792326927185
UMAP,51705,6.366756916046143,2.5146324634552
UMAP,562,4.829291343688965,7.473398208618164
UMAP,12446,4.8894429206848145,7.591804504394531
UMAP,6433,4.608227729797363,6.558307647705078
UMAP,704,5.245081901550293,6.455306053161621
UMAP,75805,6.376595497131348,3.7815959453582764
UMAP,39681,6.573071002960205,4.094078063964844
UMAP,72158,5.302123069763184,5.515197277069092
UMAP,29157,5.274176120758057,6.773529529571533
UMAP,4322,5.080151557922363,6.972497940063477
UMAP,14681,6.491699695587158,5.8661298751831055
UMAP,76880,5.2881364822387695,6.194813251495361
UMAP,84109,6.347519874572754,3.747506856918335
UMAP,43632,6.934163570404053,4.3904876708984375
UMAP,37735,6.5261335372924805,5.758346080780029
UMAP,4193,5.356081962585449,4.099874019622803
UMAP,57384,6.218674659729004,3.6294233798980713
UMAP,11444,6.906055450439453,3.4839839935302734
UMAP,63079,5.906219005584717,7.278996467590332
UMAP,306,5.472329616546631,7.091172695159912
UMAP,6457,6.814796447753906,3.673205614089966
UMAP,804,6.499688625335693,2.6122536659240723
UMAP,12520,4.3286051750183105,1.4913090467453003
UMAP,84413,6.676812648773193,2.8079826831817627
UMAP,53015,5.0842976570129395,5.3574604988098145
UMAP,14728,5.126666069030762,5.334591865539551
UMAP,55838,3.6013927459716797,8.295706748962402
UMAP,91640,3.474250078201294,8.282547950744629
UMAP,56457,2.931809663772583,7.5996928215026855
UMAP,25324,6.697582721710205,4.68146276473999
UMAP,1825,6.817111015319824,3.3697915077209473
UMAP,219,5.697539329528809,5.755484580993652
UMAP,81642,6.657219409942627,3.874199390411377
UMAP,52802,6.439313888549805,3.893017053604126
UMAP,30947,5.857475280761719,4.053079605102539
UMAP,65414,6.29612398147583,3.744351625442505
UMAP,30499,6.765838146209717,2.80012845993042
UMAP,43297,5.941305160522461,4.477386951446533
UMAP,170,3.9566662311553955,6.9507012367248535
UMAP,215,4.9440460205078125,6.830700874328613
UMAP,31666,4.818053245544434,3.4099223613739014
UMAP,701,6.30816125869751,3.5743019580841064
UMAP,1251,6.050222873687744,3.622677803039551
UMAP,39358,5.739221096038818,4.364863872528076
UMAP,84951,5.175573825836182,6.738925457000732
UMAP,62318,6.034852504730225,4.6931681632995605
UMAP,70052,6.5824294090271,3.5331578254699707
UMAP,664,5.432551860809326,6.177796840667725
UMAP,64757,5.933032989501953,7.199592590332031
UMAP,11801,5.868621349334717,7.292272090911865
UMAP,54785,3.989563226699829,2.264664649963379
UMAP,519,0.9276530146598816,5.666391849517822
UMAP,1444,2.207885503768921,6.897378444671631
UMAP,1018,4.203244209289551,3.7249879837036133
UMAP,61856,6.086435317993164,4.300381183624268
UMAP,39314,5.496161460876465,3.968393325805664
UMAP,88175,6.572897911071777,3.9294731616973877
UMAP,70,5.854104518890381,3.3364834785461426
UMAP,29675,5.9503631591796875,3.3007469177246094
UMAP,15963,3.8834006786346436,2.152458667755127
UMAP,10464,4.479046821594238,3.0997157096862793
UMAP,66826,5.981493949890137,3.7955760955810547
UMAP,705,6.692060947418213,4.691843509674072
UMAP,222,5.65629243850708,3.4802753925323486
UMAP,26358,6.306422233581543,2.428819179534912
UMAP,1801,5.912661075592041,3.2957446575164795
UMAP,42260,6.641355991363525,2.6553430557250977
UMAP,93,4.873352527618408,2.670297861099243
UMAP,21548,6.559352397918701,3.196518659591675
UMAP,5749,5.524540424346924,3.4418067932128906
UMAP,249,4.7354583740234375,2.6350529193878174
UMAP,707,2.9973108768463135,8.113570213317871
UMAP,56077,3.7456445693969727,7.753204822540283
UMAP,51488,3.3472843170166016,8.119893074035645
UMAP,427,4.453482627868652,7.467564582824707
UMAP,4,3.04237699508667,7.976420879364014
UMAP,75668,3.7421557903289795,7.90119743347168
UMAP,12258,3.210512161254883,7.39431619644165
UMAP,68404,3.122593641281128,8.081282615661621
UMAP,34893,3.616863489151001,8.156615257263184
UMAP,3750,3.0975050926208496,8.10016918182373
UMAP,12770,3.610048532485962,7.311692714691162
UMAP,12762,2.938838005065918,8.162559509277344
UMAP,28201,3.863961935043335,7.865843772888184
UMAP,83889,3.2352375984191895,7.821556091308594
UMAP,955,1.6007097959518433,6.430114269256592
UMAP,9394,4.938236713409424,3.089731216430664
UMAP,33519,4.862033843994141,3.1647260189056396
UMAP,253,2.854581832885742,6.25364351272583
UMAP,62615,6.235167026519775,3.651953935623169
UMAP,1826,3.8254616260528564,2.8533778190612793
UMAP,221,4.666834354400635,2.826437473297119
UMAP,55805,4.157166957855225,6.652743339538574
UMAP,17666,5.164046764373779,2.020487070083618
UMAP,71272,0.2732802629470825,5.185767650604248
UMAP,54885,5.228219032287598,3.2893900871276855
UMAP,57038,0.4387286901473999,4.850740909576416
UMAP,4573,3.0385446548461914,1.9625213146209717
UMAP,62707,5.385026454925537,3.479121446609497
UMAP,606,4.171245574951172,3.6284897327423096
UMAP,31226,0.01768898032605648,4.90079402923584
UMAP,17786,3.8413045406341553,3.000885486602783
UMAP,43040,4.82777738571167,1.5332612991333008
UMAP,2938,4.3364949226379395,2.7677083015441895
UMAP,40200,2.4125406742095947,3.9976460933685303
UMAP,64947,5.591860771179199,4.268435001373291
UMAP,12317,2.901423454284668,2.767836570739746
UMAP,590,3.73964786529541,3.0273728370666504
UMAP,31825,1.531014084815979,6.467226028442383
UMAP,4421,1.5577425956726074,6.505919456481934
UMAP,56023,1.9980899095535278,6.934528827667236
UMAP,31172,0.7749858498573303,4.0066633224487305
UMAP,96,0.8065073490142822,3.867133617401123
UMAP,91209,0.841244101524353,4.14016056060791
UMAP,49504,0.6921382546424866,4.154638290405273
UMAP,11416,5.787196159362793,5.780203342437744
UMAP,22537,5.871044158935547,5.977489948272705
UMAP,79167,6.4748005867004395,5.845638275146484
UMAP,71512,6.530439376831055,5.905740261077881
UMAP,10296,2.2204318046569824,3.6760919094085693
UMAP,4056,1.2431002855300903,4.986832618713379
UMAP,917,2.704671621322632,3.894664764404297
UMAP,67702,5.033355712890625,3.146890163421631
UMAP,97605,2.1125645637512207,3.7482364177703857
UMAP,103425,1.8490052223205566,4.016869068145752
UMAP,49223,5.796420574188232,1.4719033241271973
UMAP,73900,2.303642749786377,5.7515130043029785
UMAP,37470,2.5326552391052246,5.753824234008789
UMAP,16602,2.277982711791992,6.0263237953186035
UMAP,9797,2.5131704807281494,5.768808841705322
UMAP,19,2.146777868270874,1.0666728019714355
UMAP,15512,2.0134875774383545,1.056062936782837
UMAP,484,2.118014335632324,1.23650062084198
UMAP,4608,0.6479775309562683,3.4991157054901123
UMAP,1404,2.8749301433563232,1.8386180400848389
UMAP,271,3.7922606468200684,5.6716156005859375
UMAP,897,1.888248085975647,2.01151442527771
UMAP,57255,4.704194068908691,2.503953456878662
UMAP,23317,5.330336093902588,7.33587646484375
UMAP,25753,5.421596527099609,7.161222457885742
UMAP,17565,5.705007553100586,7.198793411254883
UMAP,88707,6.834876537322998,5.393899917602539
UMAP,17387,6.527539253234863,5.919098854064941
UMAP,308,6.782918453216553,5.546567440032959
UMAP,69869,6.530894756317139,5.692392349243164
UMAP,18043,4.274689674377441,6.208567142486572
UMAP,15451,6.0953545570373535,3.386713743209839
UMAP,7322,5.800052642822266,3.671541690826416
UMAP,485,2.772242784500122,3.4542057514190674
UMAP,8442,1.9189757108688354,0.7021260261535645
UMAP,147,3.8465003967285156,5.993011474609375
UMAP,18,1.6211581230163574,1.1446335315704346
UMAP,238,4.263367652893066,6.546683311462402
UMAP,413,3.7383015155792236,7.773803234100342
UMAP,728,1.453456163406372,1.253507375717163
UMAP,1687,2.0558741092681885,2.186251640319824
UMAP,372,1.3421173095703125,1.374732494354248
UMAP,3016,3.2177670001983643,6.936865329742432
UMAP,1215,2.861940860748291,5.72506046295166
UMAP,13064,3.117635488510132,6.953553676605225
UMAP,38543,1.583353877067566,1.5071007013320923
UMAP,502,3.1593339443206787,6.926565647125244
UMAP,1499,1.1695610284805298,2.548410654067993
UMAP,17076,1.3866984844207764,1.114389181137085
UMAP,64105,2.734996795654297,3.056100845336914
UMAP,128,1.9887219667434692,1.5995807647705078
UMAP,44034,2.7507882118225098,3.4704272747039795
UMAP,3128,6.8086981773376465,7.2438764572143555
UMAP,43572,6.817824840545654,7.261318206787109
UMAP,25980,6.667925834655762,7.177628993988037
UMAP,11538,3.9593894481658936,8.005847930908203
UMAP,10664,0.8152461647987366,3.0854790210723877
UMAP,80039,1.2475968599319458,4.763444900512695
UMAP,632,2.9962105751037598,6.218535423278809
UMAP,1733,3.0046348571777344,5.294297218322754
UMAP,8069,3.119025230407715,5.925413608551025
UMAP,988,2.605206251144409,6.336400032043457
UMAP,184,3.2580761909484863,6.026513576507568
UMAP,242,2.3389484882354736,7.068935394287109
UMAP,720,2.6416680812835693,6.492116451263428
UMAP,23280,3.1474976539611816,5.181187629699707
UMAP,669,1.079910397529602,5.777274131774902
UMAP,81,2.380190849304199,6.927063465118408
UMAP,536,2.3398497104644775,6.89743185043335
UMAP,257,2.266752243041992,6.876080513000488
UMAP,78,2.387040853500366,6.546844005584717
UMAP,1000,2.793816089630127,6.242454528808594
UMAP,15924,3.030202865600586,7.181646823883057
UMAP,66,2.5435705184936523,6.706981658935547
UMAP,8441,2.2791707515716553,6.814915657043457
UMAP,520,2.816107988357544,7.1411542892456055
UMAP,18767,2.994455099105835,5.242457866668701
UMAP,141,2.8444952964782715,6.628332614898682
UMAP,826,3.2806031703948975,5.826982021331787
UMAP,825,3.008286476135254,6.260568618774414
UMAP,2378,2.8003346920013428,5.367434024810791
UMAP,508,2.3920392990112305,6.26533317565918
UMAP,6686,1.011075735092163,4.272312164306641
UMAP,6529,3.125044822692871,6.813156604766846
UMAP,1109,1.0315293073654175,4.321652412414551
UMAP,17189,3.096780776977539,5.639701843261719
UMAP,66359,2.351912021636963,5.8285064697265625
UMAP,145,2.765984058380127,1.7059627771377563
UMAP,29442,3.1301255226135254,5.903796672821045
UMAP,156,3.156247615814209,5.890674114227295
UMAP,729,3.7713334560394287,2.083228588104248
UMAP,6086,2.158167600631714,6.010870933532715
UMAP,51694,4.742611885070801,6.00015115737915
UMAP,11721,4.361953258514404,5.66487979888916
UMAP,818,4.728498935699463,6.122596740722656
UMAP,65560,4.248636722564697,5.598926544189453
UMAP,1835,4.239969730377197,5.727719306945801
UMAP,10858,4.302687644958496,6.007970333099365
UMAP,48002,4.384421348571777,5.707207679748535
UMAP,15134,4.7675299644470215,4.247969627380371
UMAP,6493,3.2768173217773438,5.377882480621338
UMAP,47459,3.715871572494507,5.647185325622559
UMAP,1701,2.803788900375366,6.557681560516357
UMAP,8019,4.426299571990967,5.992461204528809
UMAP,10190,3.9603452682495117,5.991477012634277
UMAP,51589,3.5053470134735107,5.859766483306885
UMAP,685,4.1864542961120605,5.7610650062561035
UMAP,43324,4.752172946929932,6.144805431365967
UMAP,35,5.028621196746826,4.185450553894043
UMAP,67527,4.913528919219971,6.110225200653076
UMAP,3782,4.383995056152344,6.000833034515381
UMAP,39070,4.1920485496521,5.701930522918701
UMAP,5609,3.2658767700195312,5.59805965423584
UMAP,66098,4.519064426422119,5.814234733581543
UMAP,498,2.3302125930786133,5.864322662353516
UMAP,275,2.6342554092407227,2.1917059421539307
UMAP,12345,0.6907384395599365,3.4661741256713867
UMAP,11,0.6492516398429871,3.517841339111328
UMAP,687,2.3053629398345947,7.08911657333374
UMAP,2068,0.7979374527931213,3.6709656715393066
UMAP,88,2.1617624759674072,6.8913960456848145
UMAP,4941,2.4592185020446777,7.055817127227783
UMAP,547,2.067333221435547,7.185845851898193
UMAP,50748,2.137478828430176,7.196554183959961
UMAP,31233,4.04192590713501,7.655361652374268
UMAP,17511,4.211634159088135,7.282909393310547
UMAP,1795,0.1753222644329071,4.803408145904541
UMAP,12424,0.14500711858272552,4.5759406089782715
UMAP,12767,0.5723696947097778,4.7190141677856445
UMAP,31040,0.20238956809043884,5.065024375915527
UMAP,20,0.20032458007335663,5.100478649139404
UMAP,990,3.6464056968688965,1.8096733093261719
UMAP,72365,2.475118637084961,5.632679462432861
UMAP,39738,6.146969795227051,4.840540885925293
UMAP,22839,2.2844550609588623,2.790994644165039
UMAP,12425,6.040390968322754,4.430177688598633
UMAP,57035,6.174805164337158,4.298064231872559
UMAP,8315,2.3322677612304688,2.7332608699798584
UMAP,1335,0.5435031652450562,4.935323238372803
UMAP,52197,5.720089435577393,1.6851730346679688
UMAP,13195,3.0343613624572754,0.08956640213727951
UMAP,14187,2.945080280303955,0.13179373741149902
UMAP,1427,3.0950751304626465,0.04531101882457733
UMAP,69386,3.125530481338501,0.23229418694972992
UMAP,45668,5.733948230743408,6.075052261352539
UMAP,395,4.676100730895996,1.1486703157424927
UMAP,88636,4.985759258270264,5.352753162384033
UMAP,38260,1.8133924007415771,2.500490427017212
UMAP,3142,1.4949764013290405,2.836456537246704
UMAP,209,2.2694969177246094,4.335958480834961
UMAP,14319,2.7163736820220947,4.279839038848877
UMAP,46885,1.3307397365570068,4.534225940704346
UMAP,53441,1.662279725074768,4.381362438201904
UMAP,20542,1.0629185438156128,4.173332691192627
UMAP,60891,2.3666832447052,4.879537105560303
UMAP,78574,0.9841611981391907,4.151912212371826
UMAP,48681,1.3218337297439575,4.508121967315674
UMAP,6386,2.5809824466705322,4.028309345245361
UMAP,2797,1.2164617776870728,4.591371536254883
UMAP,2432,1.6140778064727783,4.327072620391846
UMAP,33500,6.340251922607422,5.57340669631958
UMAP,34810,6.164845943450928,5.31335973739624
UMAP,6437,1.9185620546340942,5.586966037750244
UMAP,103256,2.1266860961914062,5.93019437789917
UMAP,1107,2.1857001781463623,6.058993816375732
UMAP,69001,4.486875057220459,4.132644176483154
UMAP,12321,0.05573020502924919,5.0228471755981445
UMAP,28711,0.7959275841712952,3.9765758514404297
UMAP,327,2.0171964168548584,7.112563133239746
UMAP,9370,1.0907598733901978,4.977910041809082
UMAP,1106,0.7810089588165283,5.563614845275879
UMAP,94,1.9864767789840698,6.980466842651367
UMAP,780,0.6853846907615662,5.691128253936768
UMAP,15555,0.8649609684944153,5.55515718460083
UMAP,12310,1.8892544507980347,4.96090841293335
UMAP,49331,0.4243376851081848,5.283699035644531
UMAP,4521,0.8428391218185425,5.1951093673706055
UMAP,45977,1.402538776397705,6.309770107269287
UMAP,142,0.7738882899284363,5.6858625411987305
UMAP,1771,0.16889643669128418,5.123758792877197
UMAP,4771,0.5867000222206116,5.3489508628845215
UMAP,43871,3.3274314403533936,5.39045524597168
UMAP,205,2.4324512481689453,4.310237884521484
UMAP,33,3.0816867351531982,5.116611003875732
UMAP,1148,2.804370403289795,4.779213905334473
UMAP,42580,2.9064218997955322,5.092936038970947
UMAP,601,3.1046786308288574,5.093810081481934
UMAP,6461,3.1289968490600586,5.259270191192627
UMAP,52359,3.243238687515259,5.489546298980713
UMAP,18702,3.1828296184539795,4.78302001953125
UMAP,58562,3.162123918533325,4.683621883392334
UMAP,6166,3.149540901184082,5.060175895690918
UMAP,13041,3.314467668533325,4.118999004364014
UMAP,29083,3.264509439468384,4.675567150115967
UMAP,5512,3.218146800994873,4.751994609832764
UMAP,14214,3.2336838245391846,4.693513870239258
UMAP,60105,1.5045669078826904,4.098684310913086
UMAP,456,4.893045902252197,7.578571796417236
UMAP,45838,4.963635444641113,7.564874649047852
UMAP,6459,4.854335308074951,7.58683443069458
UMAP,14982,5.264768123626709,6.519111633300781
UMAP,50384,6.04004430770874,6.8203630447387695
UMAP,600,4.737453937530518,5.982406139373779
UMAP,975,5.450033664703369,6.982043743133545
UMAP,4410,5.257350444793701,7.239990234375
UMAP,802,5.412335395812988,6.156240940093994
UMAP,819,5.968634605407715,5.902771472930908
UMAP,93628,6.01256799697876,7.1868896484375
UMAP,15335,5.122945308685303,6.612785816192627
UMAP,768,5.232823848724365,5.645678997039795
UMAP,79846,5.559410572052002,6.6579084396362305
UMAP,31661,4.938004016876221,6.420199394226074
UMAP,39970,5.437243938446045,6.633995056152344
UMAP,35973,5.088152885437012,5.36594295501709
UMAP,56741,5.71104097366333,6.688999176025391
UMAP,99254,5.546358585357666,6.653146743774414
UMAP,69117,5.327919006347656,6.581764221191406
UMAP,76824,5.631170272827148,6.694257736206055
UMAP,67004,2.0940566062927246,1.8106389045715332
UMAP,105520,4.985790729522705,5.331591606140137
UMAP,74962,5.049639701843262,5.423357963562012
UMAP,73990,3.4923107624053955,6.101794242858887
UMAP,121870,4.970458984375,5.588610649108887
UMAP,49098,3.1996428966522217,8.33743953704834
UMAP,105331,3.185929536819458,8.365596771240234
UMAP,90733,3.240957260131836,8.329859733581543
UMAP,82595,3.529292583465576,8.180765151977539
UMAP,70189,5.65388298034668,6.315826892852783
UMAP,33514,5.283851146697998,4.710422039031982
UMAP,6463,5.6593194007873535,5.317912578582764
UMAP,13710,4.016606330871582,6.951757431030273
UMAP,94979,5.375577926635742,6.14038610458374
UMAP,14845,4.692695617675781,6.164612770080566
UMAP,55766,0.9287585616111755,4.445451259613037
UMAP,7993,6.8710527420043945,7.272909164428711
UMAP,43476,5.650082111358643,5.945565223693848
UMAP,95752,4.157796859741211,6.586880683898926
UMAP,67578,3.3993759155273438,4.7955474853515625
UMAP,667,0.6158908605575562,5.648287773132324
UMAP,4566,0.5939556956291199,5.642516613006592
UMAP,58912,0.6287959814071655,5.729475975036621
UMAP,5576,0.5540838837623596,5.670594692230225
UMAP,1138,6.8094987869262695,3.624981164932251
UMAP,1014,1.437384009361267,6.237706661224365
UMAP,67502,3.660902500152588,1.812820553779602
UMAP,18490,5.6707916259765625,2.910568952560425
UMAP,13442,6.892330169677734,3.7760400772094727
UMAP,49270,4.47434139251709,2.6062252521514893
UMAP,210,2.7703280448913574,6.723240375518799
UMAP,214,3.3255867958068848,7.802969455718994
UMAP,9045,3.5154621601104736,7.326679229736328
UMAP,1361,2.891650915145874,6.753484725952148
UMAP,62036,3.3566079139709473,8.133167266845703
UMAP,44894,3.164254665374756,8.33302116394043
UMAP,236,2.6668548583984375,7.793269634246826
UMAP,3,2.6994762420654297,7.2900567054748535
UMAP,813,3.1959586143493652,7.390918254852295
UMAP,244,2.683788537979126,6.72719669342041
UMAP,43718,3.378251552581787,7.799841403961182
UMAP,27571,3.2624831199645996,6.177978992462158
UMAP,68578,3.271878957748413,7.27783727645874
UMAP,46145,3.3815698623657227,7.943689823150635
UMAP,6341,2.509981632232666,6.766416072845459
UMAP,296,2.962056875228882,7.696253776550293
UMAP,12878,2.6211931705474854,7.881350994110107
UMAP,24785,3.5703649520874023,8.066346168518066
UMAP,808,2.8812828063964844,8.088312149047852
UMAP,8840,3.012352705001831,7.684544563293457
UMAP,869,3.183807849884033,7.8647050857543945
UMAP,27,2.960653066635132,7.545040607452393
UMAP,30815,3.364400625228882,7.767027378082275
UMAP,6458,0.7133855223655701,3.4608330726623535
UMAP,40069,0.7096484303474426,4.001424312591553
UMAP,152,2.0034499168395996,5.627566814422607
UMAP,993,2.4566311836242676,2.5644161701202393
UMAP,78656,5.3406982421875,3.4778435230255127
UMAP,26127,2.210123062133789,4.271406173706055
UMAP,1024,3.596595048904419,8.112089157104492
UMAP,1574,2.99893856048584,5.196537494659424
UMAP,1360,0.7294155955314636,3.933838129043579
UMAP,10856,0.7563216686248779,3.792734384536743
UMAP,3956,3.766556978225708,2.832882881164551
UMAP,26372,1.8322522640228271,4.066855430603027
UMAP,3678,3.2652649879455566,2.534778118133545
UMAP,171,2.116694211959839,7.21821403503418
UMAP,15261,3.620847702026367,8.104779243469238
UMAP,91688,2.1723439693450928,7.277030944824219
UMAP,18180,1.5994373559951782,6.589792251586914
UMAP,6805,3.0433857440948486,7.538180351257324
UMAP,37889,0.8131650686264038,4.181872367858887
UMAP,22964,0.9760972857475281,4.159417629241943
UMAP,30549,5.9634199142456055,5.8202643394470215
UMAP,40031,3.6979079246520996,1.4445319175720215
UMAP,51037,3.5219228267669678,1.464434266090393
UMAP,75064,4.339344024658203,1.5275532007217407
UMAP,56294,4.959204196929932,2.494378089904785
UMAP,42936,2.649157762527466,3.797105073928833
UMAP,122212,5.9529314041137695,4.447575569152832
UMAP,1742,3.123375415802002,0.4119143784046173
UMAP,70985,1.9885129928588867,5.545289516448975
UMAP,59021,2.6460154056549072,5.552706718444824
UMAP,27996,2.192133665084839,6.041067600250244
UMAP,47255,2.158068895339966,6.064638137817383
UMAP,50757,3.296571731567383,0.9885361790657043
UMAP,507,2.7689545154571533,1.3182837963104248
UMAP,29727,3.416280508041382,0.6518688201904297
UMAP,25529,3.2988507747650146,-0.007776778656989336
UMAP,637,3.0645737648010254,1.8112237453460693
UMAP,2069,2.712048053741455,1.6945675611495972
UMAP,70424,2.3908119201660156,1.091070294380188
UMAP,829,2.6006882190704346,1.7962493896484375
UMAP,258,2.5928397178649902,1.656933307647705
UMAP,231,2.539421319961548,1.6224263906478882
UMAP,53400,2.9331300258636475,1.7550616264343262
UMAP,68753,2.4112870693206787,2.528632402420044
UMAP,65147,2.081305980682373,2.1323225498199463
UMAP,570,2.6007742881774902,1.087910771369934
UMAP,67997,3.4030675888061523,1.3645806312561035
UMAP,15754,2.8065481185913086,1.3078736066818237
UMAP,59064,2.6067166328430176,1.4815728664398193
UMAP,78288,6.7631120681762695,3.5384020805358887
UMAP,91499,6.77583122253418,5.569777965545654
UMAP,410,1.796660304069519,1.2313605546951294
UMAP,276,1.6584291458129883,0.9657056331634521
UMAP,2318,1.859886884689331,1.297623634338379
UMAP,83,1.7763645648956299,0.7459406852722168
UMAP,84094,1.4018454551696777,1.6341465711593628
UMAP,67370,1.566200613975525,1.201723337173462
UMAP,472,2.7234370708465576,2.917039155960083
UMAP,12192,1.4370884895324707,1.4349651336669922
UMAP,1068,2.5991108417510986,1.6335902214050293
UMAP,899,1.4097665548324585,1.3434491157531738
UMAP,2060,1.5750610828399658,1.1023920774459839
UMAP,788,2.1383838653564453,1.5692496299743652
UMAP,153,3.0915720462799072,0.2032775729894638
UMAP,70839,2.549842596054077,3.581376314163208
UMAP,3256,1.649740219116211,1.2545785903930664
UMAP,30567,1.4573906660079956,1.266689419746399
UMAP,17256,1.4214775562286377,1.4076249599456787
UMAP,81423,1.5421942472457886,1.0247597694396973
UMAP,72439,2.296555995941162,1.6376103162765503
UMAP,29818,1.7211048603057861,0.6828120350837708
UMAP,92647,1.4312254190444946,1.3554412126541138
UMAP,373,1.4375983476638794,1.0501168966293335
UMAP,46296,2.457505702972412,1.66947603225708
UMAP,15336,2.3285951614379883,1.3202548027038574
UMAP,53806,6.7767839431762695,7.200598239898682
UMAP,17140,6.8701581954956055,7.240659236907959
UMAP,89234,6.888319969177246,4.311879634857178
UMAP,7350,1.1965067386627197,2.6779842376708984
UMAP,6063,1.2113056182861328,4.95322847366333
UMAP,6311,3.131056547164917,6.24583625793457
UMAP,53804,2.220405101776123,6.014991760253906
UMAP,84035,2.7870819568634033,6.326493263244629
UMAP,857,2.26224422454834,1.2145370244979858
UMAP,67916,3.1513099670410156,0.7735643982887268
UMAP,66042,3.1584393978118896,0.727294385433197
UMAP,31861,3.526980400085449,1.3548840284347534
UMAP,43402,3.5072507858276367,1.5294654369354248
UMAP,5002,6.015789031982422,4.209772109985352
UMAP,31445,2.4101009368896484,1.2732499837875366
UMAP,3785,2.939410448074341,1.9375536441802979
UMAP,107084,3.5965311527252197,1.38898503780365
UMAP,48965,5.112057685852051,4.172734260559082
UMAP,13549,2.6614627838134766,0.9237626791000366
UMAP,7792,2.709036350250244,1.5864461660385132
UMAP,4441,3.3487298488616943,1.6582705974578857
UMAP,46890,3.7931320667266846,5.228878974914551
UMAP,11784,5.249201774597168,4.105649948120117
UMAP,89050,3.8356449604034424,5.272086143493652
UMAP,68326,4.646931171417236,5.087399005889893
UMAP,1605,5.578079700469971,4.629814147949219
UMAP,78611,2.8360960483551025,0.9697251319885254
UMAP,46165,4.080991268157959,5.74785852432251
UMAP,11502,3.6159982681274414,5.654778480529785
UMAP,43531,1.9309358596801758,0.7687193155288696
UMAP,60,1.7725523710250854,0.7143409848213196
UMAP,6314,1.9755276441574097,0.853728711605072
UMAP,30928,2.232991933822632,0.7664101123809814
UMAP,72040,4.5297675132751465,4.806168079376221
UMAP,17322,2.613952159881592,1.7636140584945679
UMAP,12311,2.3430919647216797,1.0647252798080444
UMAP,889,1.8752107620239258,1.209629774093628
UMAP,59597,2.1096177101135254,1.4482200145721436
UMAP,43037,6.744008541107178,2.919440984725952
UMAP,69010,-0.0025420524179935455,4.8149333000183105
UMAP,69708,0.08205627650022507,4.778450012207031
UMAP,17774,6.266892433166504,6.9406609535217285
UMAP,30551,6.375728130340576,7.033615589141846
UMAP,2550,1.787365198135376,0.6227951049804688
UMAP,3166,6.0713043212890625,4.428818225860596
UMAP,95863,2.273517370223999,2.667090892791748
UMAP,10559,2.912670612335205,1.5549243688583374
UMAP,7344,2.3815953731536865,2.588862895965576
UMAP,228,4.6676249504089355,1.302168607711792
UMAP,28499,5.145926475524902,1.8505361080169678
UMAP,331,2.5289297103881836,0.8970057964324951
UMAP,59532,3.29642915725708,0.38763025403022766
UMAP,42747,3.4557559490203857,0.24515165388584137
UMAP,90451,3.3362581729888916,0.37611210346221924
UMAP,66266,3.25026798248291,0.08495698124170303
UMAP,75421,4.724562644958496,1.1626986265182495
UMAP,25382,1.4249943494796753,4.812084197998047
UMAP,27322,0.9734275341033936,2.6743216514587402
UMAP,735,1.9739331007003784,4.095767021179199
UMAP,53471,3.1592531204223633,0.3998439311981201
UMAP,66120,2.019692897796631,3.9522643089294434
UMAP,90433,2.303989887237549,2.7143068313598633
UMAP,6334,2.004446506500244,4.5042805671691895
UMAP,18222,6.165857791900635,5.2209014892578125
UMAP,1198,1.806514859199524,5.435338497161865
UMAP,1063,1.5561453104019165,5.309906005859375
UMAP,62616,1.819439172744751,5.410750865936279
UMAP,37753,1.752671241760254,5.391788005828857
UMAP,27711,0.532194197177887,5.406161308288574
UMAP,60665,1.3111156225204468,4.669094562530518
UMAP,52483,1.060857892036438,4.300884246826172
UMAP,62617,0.04706892371177673,4.879842758178711
UMAP,35226,6.797905921936035,5.490562438964844
UMAP,125485,3.1864869594573975,4.1356730461120605
UMAP,68998,3.6093835830688477,3.384277582168579
UMAP,79171,1.1350260972976685,2.436103582382202
UMAP,36247,5.548635959625244,2.1664323806762695
UMAP,105519,6.643378257751465,2.7998294830322266
UMAP,4491,4.9372029304504395,7.554726600646973
UMAP,24922,2.1736345291137695,5.350062370300293
UMAP,30529,6.785562038421631,3.8481593132019043
UMAP,62775,2.1846868991851807,6.123668193817139
UMAP,30721,6.858036518096924,3.437373399734497
UMAP,91883,6.298655986785889,3.8896563053131104
UMAP,45706,1.9083478450775146,0.7090877294540405
UMAP,25977,4.674574375152588,5.715392589569092
UMAP,16067,6.298345565795898,2.4871416091918945
UMAP,93818,6.463059902191162,2.78233003616333
UMAP,17145,5.0084991455078125,5.362904071807861
UMAP,16657,2.3972387313842773,1.066489338874817
UMAP,83483,5.970482349395752,4.516807556152344
UMAP,45258,5.972462177276611,4.45618200302124
UMAP,88083,6.591780662536621,3.4834375381469727
UMAP,46038,6.227849960327148,3.5173072814941406
UMAP,64788,0.7135926485061646,5.656498908996582
UMAP,68415,4.4830403327941895,2.231135845184326
UMAP,5242,6.696346282958984,2.7207560539245605
UMAP,51704,6.7856125831604,4.4424638748168945
UMAP,23711,6.102252006530762,2.327775001525879
UMAP,15948,4.8880815505981445,2.544203042984009
UMAP,68283,3.9871644973754883,2.997544288635254
UMAP,44128,3.278684139251709,8.150157928466797
UMAP,64805,1.6287287473678589,0.6816859245300293
UMAP,72556,3.485950469970703,7.921530723571777
UMAP,35234,1.4343922138214111,1.7968989610671997
UMAP,64338,3.207014322280884,2.2437338829040527
UMAP,15211,2.9477152824401855,3.5206334590911865
UMAP,31872,4.649358749389648,4.402087211608887
UMAP,62101,2.5547544956207275,3.1495983600616455
UMAP,16445,3.7846553325653076,0.4638892412185669
UMAP,77,2.749533176422119,1.6917060613632202
UMAP,26845,4.535914421081543,4.5351972579956055
UMAP,5581,5.023831367492676,3.5804498195648193
UMAP,74121,3.4677650928497314,2.46401309967041
UMAP,96817,1.0936789512634277,2.633244752883911
UMAP,14838,2.037548303604126,7.2919921875
UMAP,16546,2.1732585430145264,1.7918925285339355
UMAP,25780,5.861433982849121,5.839544296264648
UMAP,31909,4.052084445953369,1.2766444683074951
UMAP,2056,4.000153541564941,1.2843894958496094
UMAP,6472,5.061083793640137,2.4293630123138428
UMAP,96246,5.167671203613281,2.257685422897339
UMAP,15295,4.892348289489746,2.5998663902282715
UMAP,1998,3.7418463230133057,1.4945911169052124
UMAP,34730,4.0265607833862305,3.4674062728881836
UMAP,15967,4.0122528076171875,3.531426429748535
UMAP,75182,4.767599105834961,2.579444408416748
UMAP,55166,2.169842481613159,3.799525499343872
UMAP,69923,5.550093173980713,1.768451452255249
UMAP,79942,5.735291957855225,1.6051173210144043
UMAP,31827,4.865708351135254,7.440377235412598
UMAP,17150,4.055983543395996,2.4254167079925537
UMAP,375,1.986161470413208,5.625518321990967
UMAP,101438,3.6046392917633057,0.818561851978302
UMAP,14225,3.2815959453582764,0.8478997945785522
UMAP,5521,3.8106577396392822,1.8936967849731445
UMAP,14669,2.2752151489257812,1.0358500480651855
UMAP,614,2.7490158081054688,1.6102849245071411
UMAP,46513,6.228370189666748,4.195644378662109
UMAP,71761,5.335006237030029,4.016172409057617
UMAP,371,1.7189594507217407,2.6396851539611816
UMAP,69,2.4456896781921387,1.7569663524627686
UMAP,81508,3.259793758392334,0.7397885322570801
UMAP,307,2.7522642612457275,1.683873176574707
UMAP,38686,3.3446507453918457,1.0264434814453125
UMAP,71888,3.082606792449951,1.391596794128418
UMAP,390,3.1547653675079346,1.5667113065719604
UMAP,45343,3.536451578140259,1.0240446329116821
UMAP,113,2.030064582824707,2.4468612670898438
UMAP,3508,2.5535309314727783,1.8643274307250977
UMAP,48138,3.4323201179504395,0.7269773483276367
UMAP,41698,2.651947498321533,1.448812484741211
UMAP,88995,5.762641906738281,7.374809741973877
UMAP,89051,6.852594375610352,5.546327114105225
UMAP,80482,6.162840843200684,2.298656463623047
UMAP,17,2.277754545211792,1.8558478355407715
UMAP,34696,4.015204906463623,4.953446388244629
UMAP,25967,3.5647711753845215,1.2924433946609497
UMAP,9099,3.426698684692383,1.3507269620895386
UMAP,721,1.8025360107421875,1.1728744506835938
UMAP,52180,3.5241332054138184,2.0215041637420654
UMAP,644,2.130035638809204,1.63801109790802
UMAP,607,1.8957104682922363,1.2668367624282837
UMAP,18471,3.2365684509277344,0.10263346880674362
UMAP,5752,1.824629545211792,1.5697282552719116
UMAP,44035,3.1695563793182373,0.05182810127735138
UMAP,297,2.7251040935516357,2.2706282138824463
UMAP,8282,1.663716435432434,2.0227789878845215
UMAP,33443,3.1525135040283203,1.1035054922103882
UMAP,66097,2.7517473697662354,4.264274597167969
UMAP,68226,5.921121120452881,4.468809127807617
UMAP,50495,5.597979545593262,2.8748655319213867
UMAP,55785,6.860823154449463,7.2363152503967285
UMAP,120986,6.994623184204102,7.083452224731445
UMAP,1426,6.511127471923828,4.629239082336426
UMAP,102772,6.815309524536133,4.432518482208252
UMAP,1822,3.730922222137451,3.427018165588379
UMAP,207,1.0491646528244019,2.676403522491455
UMAP,31352,0.9575999975204468,2.690223455429077
UMAP,15514,3.5619795322418213,7.3129143714904785
UMAP,10314,2.6834795475006104,5.438698768615723
UMAP,78576,3.3449816703796387,6.5856852531433105
UMAP,83621,3.093693494796753,6.396726131439209
UMAP,31798,2.586733818054199,5.1978230476379395
UMAP,1607,2.981393575668335,6.133819580078125
UMAP,18306,5.382999420166016,1.6138944625854492
UMAP,75487,3.1572659015655518,0.65269535779953
UMAP,45707,3.1159932613372803,0.4947093725204468
UMAP,734,2.856905698776245,1.7840030193328857
UMAP,815,1.718908667564392,5.286380767822266
UMAP,45956,2.7620139122009277,0.9389809370040894
UMAP,2736,3.3097405433654785,0.9875510931015015
UMAP,799,3.2832117080688477,1.1402134895324707
UMAP,15462,3.5818700790405273,2.456165313720703
UMAP,14825,3.251328229904175,0.8070584535598755
UMAP,25251,3.9202756881713867,1.2398066520690918
UMAP,148,3.4024112224578857,1.32344651222229
UMAP,51353,3.345921754837036,1.758447289466858
UMAP,9828,4.224026203155518,5.249722480773926
UMAP,38914,4.32766056060791,5.9671220779418945
UMAP,32172,4.7038421630859375,6.040417671203613
UMAP,98689,4.067105293273926,5.131687641143799
UMAP,23295,0.96044921875,2.52051043510437
UMAP,10554,4.990301609039307,5.960123538970947
UMAP,11588,4.478723049163818,4.035384654998779
UMAP,58226,5.061213493347168,5.1339030265808105
UMAP,38497,2.7525365352630615,4.201907157897949
UMAP,46098,4.80748987197876,5.417382717132568
UMAP,913,2.190366506576538,5.650793552398682
UMAP,3865,4.535552024841309,4.8513264656066895
UMAP,46336,2.0012528896331787,1.8170983791351318
UMAP,1261,4.522819995880127,4.867390155792236
UMAP,8098,1.9498205184936523,5.526275634765625
UMAP,770,2.2465195655822754,0.750461220741272
UMAP,68794,2.3187291622161865,7.519011497497559
UMAP,45651,4.144233226776123,7.340881824493408
UMAP,605,1.1363162994384766,2.7018277645111084
UMAP,54275,4.256510257720947,7.142652988433838
UMAP,13016,0.03896445035934448,4.987186908721924
UMAP,27417,0.16939927637577057,4.998942852020264
UMAP,13015,0.036738649010658264,4.9416608810424805
UMAP,75126,0.08405975997447968,4.719872951507568
UMAP,18755,6.33668327331543,7.109835147857666
UMAP,9075,6.120849609375,4.354671478271484
UMAP,593,6.166066646575928,4.247283935546875
UMAP,90953,2.498474359512329,1.4439791440963745
UMAP,50239,5.701300144195557,1.6046838760375977
UMAP,1849,5.7830705642700195,1.5829824209213257
UMAP,12863,1.6628817319869995,3.07030987739563
UMAP,68716,5.186187267303467,1.3714849948883057
UMAP,11771,5.769138336181641,1.4509321451187134
UMAP,102882,5.777684688568115,1.4576152563095093
UMAP,4524,5.6957316398620605,2.330446720123291
UMAP,6332,5.3400349617004395,1.9464356899261475
UMAP,9224,5.7158203125,1.835123896598816
UMAP,466,3.264971971511841,0.04738444834947586
UMAP,64104,3.1907191276550293,0.1549178510904312
UMAP,4523,6.430316925048828,7.017544746398926
UMAP,95642,3.419139862060547,0.020987624302506447
UMAP,54720,5.185359001159668,1.7070989608764648
UMAP,55963,4.076301097869873,0.5574415922164917
UMAP,25316,1.0344096422195435,2.61738920211792
UMAP,75811,1.829662561416626,2.4549777507781982
UMAP,53224,1.0114761590957642,2.6154704093933105
UMAP,36679,1.922974705696106,4.32703971862793
UMAP,31351,1.7950894832611084,4.224330902099609
UMAP,78658,1.5441027879714966,4.463406085968018
UMAP,53742,2.2405920028686523,3.789860963821411
UMAP,50790,2.1925902366638184,3.0701701641082764
UMAP,51469,1.2864190340042114,4.399267196655273
UMAP,918,2.578559398651123,3.9558708667755127
UMAP,52015,6.185685157775879,5.037703037261963
UMAP,83842,5.499807357788086,2.9278318881988525
UMAP,70776,3.9934048652648926,2.918766975402832
UMAP,24192,5.731675624847412,5.685895919799805
UMAP,12134,3.858713150024414,3.020846366882324
UMAP,31219,3.775369882583618,2.7877445220947266
UMAP,474,0.647088348865509,5.215986728668213
UMAP,70646,1.5784326791763306,5.167845249176025
UMAP,610,3.9911110401153564,3.9107325077056885
UMAP,1282,3.9247961044311523,3.524479866027832
UMAP,17796,3.8385627269744873,3.617199420928955
UMAP,32269,4.242630958557129,3.288300037384033
UMAP,1150,4.627554416656494,6.794645309448242
UMAP,39029,0.35015562176704407,5.194564342498779
UMAP,13014,2.428892135620117,4.356256008148193
UMAP,65738,3.0103933811187744,1.8309212923049927
UMAP,3552,1.0037164688110352,5.548996925354004
UMAP,46400,0.38462522625923157,5.192798137664795
UMAP,595,1.2889105081558228,4.786744117736816
UMAP,55795,3.149242877960205,4.949790000915527
UMAP,55858,3.1205480098724365,4.390199184417725
UMAP,1715,3.1660447120666504,3.98764705657959
UMAP,1142,3.7677054405212402,3.57981014251709
UMAP,27656,3.6782095432281494,3.3058314323425293
UMAP,58781,3.694061279296875,3.4200854301452637
UMAP,28049,3.1569507122039795,4.383344650268555
UMAP,46598,6.179293632507324,2.153981924057007
UMAP,33796,4.931802272796631,1.5369467735290527
UMAP,46132,5.0761542320251465,1.7914769649505615
UMAP,62701,1.2097879648208618,4.067729949951172
UMAP,58157,3.6932671070098877,3.8157358169555664
UMAP,28363,4.868831634521484,7.593550682067871
UMAP,94713,6.323754787445068,3.7552454471588135
UMAP,10573,5.079833507537842,6.345701694488525
UMAP,213,5.052814960479736,6.185635566711426
UMAP,4514,5.094138145446777,6.850828170776367
UMAP,6205,7.04603385925293,3.617418050765991
UMAP,1953,5.391757488250732,6.866477012634277
UMAP,10463,5.390239238739014,6.622816562652588
UMAP,20541,6.501049995422363,2.746825695037842
UMAP,16939,6.525101661682129,2.770833969116211
UMAP,17184,6.30263614654541,2.2635936737060547
UMAP,84246,6.361642837524414,2.3273873329162598
UMAP,1197,5.011971950531006,5.298719882965088
UMAP,1435,4.685725212097168,5.059357166290283
UMAP,3756,1.0544379949569702,2.574678421020508
UMAP,27997,3.0615646839141846,8.116437911987305
UMAP,73664,5.654569625854492,4.4438347816467285
UMAP,71708,5.48921537399292,5.0424628257751465
UMAP,38254,0.07813014835119247,4.951788425445557
UMAP,1019,5.6021599769592285,5.855999946594238
UMAP,53243,3.398054599761963,4.844167232513428
UMAP,11456,3.380892038345337,2.4749486446380615
UMAP,9439,2.396728277206421,1.0902438163757324
UMAP,7247,1.077516794204712,5.495103359222412
UMAP,13401,1.2231577634811401,5.40886926651001
UMAP,3747,6.1813459396362305,2.4154694080352783
UMAP,13857,6.568159103393555,2.5954906940460205
UMAP,46663,6.628050327301025,2.5488340854644775
UMAP,49144,6.271203994750977,2.7933132648468018
UMAP,48476,5.929036617279053,3.2721710205078125
UMAP,31383,5.612206935882568,1.8949048519134521
UMAP,31508,5.919130325317383,2.1746158599853516
UMAP,1119,6.628870487213135,2.664017915725708
UMAP,10146,5.162790298461914,2.2720892429351807
UMAP,7916,2.8453516960144043,2.3754563331604004
UMAP,11570,4.341187477111816,3.3379528522491455
UMAP,64152,5.631874084472656,3.0249722003936768
UMAP,686,3.5593514442443848,7.2677741050720215
UMAP,6382,3.088005542755127,8.16055965423584
UMAP,60035,3.1042256355285645,8.293871879577637
UMAP,2167,1.1703287363052368,3.6145987510681152
UMAP,4518,3.2954554557800293,7.678703784942627
UMAP,13052,3.2505009174346924,7.086565971374512
UMAP,2783,3.048793315887451,7.91571569442749
UMAP,31623,5.407873153686523,3.5752439498901367
UMAP,1834,3.300384759902954,2.322636604309082
UMAP,18453,4.278186798095703,5.5463762283325195
UMAP,52002,3.1606202125549316,2.3126118183135986
UMAP,1483,2.8760569095611572,2.6225340366363525
UMAP,383,5.577910900115967,3.4921224117279053
UMAP,12201,0.5046555399894714,5.041472911834717
UMAP,44174,1.0802631378173828,2.5501291751861572
UMAP,3575,3.357343912124634,1.9121997356414795
UMAP,48434,0.9802995324134827,2.655294418334961
UMAP,49912,3.5755765438079834,1.0934065580368042
UMAP,845,2.182318687438965,3.640355110168457
UMAP,920,2.5207443237304688,2.048403263092041
UMAP,58714,3.0419414043426514,2.6496458053588867
UMAP,6697,2.354032278060913,1.9340325593948364
UMAP,9,2.5838212966918945,1.9190295934677124
UMAP,32356,3.881804943084717,2.3373823165893555
UMAP,613,5.388508319854736,3.200925588607788
UMAP,48903,1.0805875062942505,2.581491470336914
UMAP,1833,-0.05124090239405632,4.958739280700684
UMAP,21369,2.853353261947632,1.8074653148651123
UMAP,1009,1.235823392868042,3.2741339206695557
UMAP,890,2.6034719944000244,1.9259591102600098
UMAP,616,1.9725977182388306,2.534632682800293
UMAP,11043,2.2877652645111084,1.9517168998718262
UMAP,57129,2.1228296756744385,7.227420806884766
t-SNE,32394,30.420812606811523,12.724344253540039
t-SNE,2972,29.42022132873535,11.933687210083008
t-SNE,16938,-19.2077693939209,22.486858367919922
t-SNE,45686,-24.43204689025879,20.8618106842041
t-SNE,310,-15.058229446411133,-5.443843364715576
t-SNE,2176,-22.423328399658203,22.366840362548828
t-SNE,38117,-19.965980529785156,24.35371208190918
t-SNE,39459,11.184784889221191,4.199807167053223
t-SNE,40816,-26.846181869506836,17.58558464050293
t-SNE,72821,-23.123485565185547,-4.274653911590576
t-SNE,609,-10.840887069702148,-6.212714672088623
t-SNE,2762,-22.096023559570312,-8.233699798583984
t-SNE,52616,-23.351634979248047,0.844077467918396
t-SNE,46066,-14.185953140258789,-5.989119052886963
t-SNE,248,-9.683250427246094,-6.260262966156006
t-SNE,15294,-13.528305053710938,-12.463122367858887
t-SNE,48682,12.630938529968262,0.7408568859100342
t-SNE,7399,-11.986299514770508,-10.378209114074707
t-SNE,42027,-26.526567459106445,17.416156768798828
t-SNE,3168,-11.09785270690918,-11.063048362731934
t-SNE,2366,-13.298428535461426,-9.196222305297852
t-SNE,49755,-16.306137084960938,-11.747055053710938
t-SNE,15452,-10.927254676818848,-8.589592933654785
t-SNE,46797,-10.887004852294922,-9.411498069763184
t-SNE,34761,-22.04338264465332,-13.684489250183105
t-SNE,765,-9.670453071594238,-7.763901710510254
t-SNE,3606,9.733139991760254,-3.752389907836914
t-SNE,3607,10.402878761291504,-4.674386024475098
t-SNE,9685,-14.451532363891602,-12.11431884765625
t-SNE,7145,-10.034673690795898,-10.97880744934082
t-SNE,15727,-4.979313850402832,-7.383018970489502
t-SNE,34935,-22.88143539428711,-15.139141082763672
t-SNE,30945,-6.780509948730469,-3.686828136444092
t-SNE,1229,5.265172004699707,3.8842813968658447
t-SNE,430,26.26622200012207,-24.774160385131836
t-SNE,70465,11.888298034667969,-30.65679359436035
t-SNE,9241,0.9007536172866821,-19.11506462097168
t-SNE,64718,12.645039558410645,-31.306488037109375
t-SNE,1088,16.420866012573242,-42.51795959472656
t-SNE,642,15.48300838470459,-30.06878662109375
t-SNE,74915,2.791341781616211,-19.194360733032227
t-SNE,473,14.029083251953125,-25.843671798706055
t-SNE,70090,17.061132431030273,-33.57533264160156
t-SNE,103,9.093465805053711,-26.022192001342773
t-SNE,992,17.799089431762695,-28.67673110961914
t-SNE,45499,-18.067373275756836,5.632957458496094
t-SNE,50875,-30.1800479888916,4.447099685668945
t-SNE,748,-29.093856811523438,4.32035493850708
t-SNE,3729,-27.69805145263672,3.8701982498168945
t-SNE,12426,-25.599184036254883,11.982889175415039
t-SNE,68074,-24.11353874206543,11.630925178527832
t-SNE,51249,-27.434288024902344,12.077235221862793
t-SNE,50256,-26.175634384155273,12.930048942565918
t-SNE,51411,-25.36792755126953,25.23605728149414
t-SNE,78578,-27.633512496948242,27.43659782409668
t-SNE,38133,-31.53601837158203,-0.6640887260437012
t-SNE,611,-5.386776447296143,-30.91010093688965
t-SNE,53,-18.039140701293945,-10.335064888000488
t-SNE,55157,-3.585977554321289,-23.777990341186523
t-SNE,412,-30.522172927856445,-16.265918731689453
t-SNE,176,1.778189778327942,19.699413299560547
t-SNE,934,2.6424334049224854,-34.57685852050781
t-SNE,62762,5.1089606285095215,-35.70795822143555
t-SNE,565,1.6568728685379028,-14.90863037109375
t-SNE,2653,-2.936460256576538,-24.39870262145996
t-SNE,523,0.830392599105835,-22.347394943237305
t-SNE,13066,-1.7199394702911377,22.85997772216797
t-SNE,612,-5.124353408813477,-30.984376907348633
t-SNE,56324,1.9531099796295166,-21.15114974975586
t-SNE,7955,-34.61619567871094,18.621070861816406
t-SNE,45968,-35.25572204589844,19.941402435302734
t-SNE,3907,-32.69200897216797,7.456070899963379
t-SNE,55001,-29.0116024017334,11.14185905456543
t-SNE,3258,-32.56523895263672,7.7526421546936035
t-SNE,52924,-33.31221008300781,9.617158889770508
t-SNE,62199,-0.542328417301178,-8.0034761428833
t-SNE,12792,13.001333236694336,-11.716082572937012
t-SNE,45292,13.133577346801758,-21.56096839904785
t-SNE,1460,12.55987548828125,13.725225448608398
t-SNE,92,12.939192771911621,28.310440063476562
t-SNE,9677,-0.6352163553237915,13.275761604309082
t-SNE,27040,15.799698829650879,6.9366135597229
t-SNE,22963,11.8606595993042,29.668214797973633
t-SNE,51,12.5683012008667,28.887399673461914
t-SNE,15338,-20.65253448486328,7.594776630401611
t-SNE,86,4.827875137329102,23.43722915649414
t-SNE,267,9.102612495422363,18.933616638183594
t-SNE,4758,8.45688247680664,29.303592681884766
t-SNE,1871,8.266397476196289,16.546022415161133
t-SNE,54157,1.7980841398239136,15.221306800842285
t-SNE,631,8.1287202835083,1.1115809679031372
t-SNE,48100,7.075141906738281,-23.289358139038086
t-SNE,12865,8.437653541564941,-36.22610855102539
t-SNE,6538,24.8206787109375,-15.325783729553223
t-SNE,49751,12.293440818786621,-34.63714599609375
t-SNE,1115,6.438870429992676,-26.606355667114258
t-SNE,110661,5.688752174377441,-22.75061798095703
t-SNE,10206,-5.919342041015625,-19.837142944335938
t-SNE,1005,-9.527663230895996,-18.792259216308594
t-SNE,698,-9.405998229980469,19.11676597595215
t-SNE,218,-11.314653396606445,-3.662889242172241
t-SNE,172,-8.215641975402832,15.170223236083984
t-SNE,61519,-6.506760597229004,7.773049831390381
t-SNE,67996,-12.31074047088623,2.4879119396209717
t-SNE,6103,-15.766545295715332,2.3690547943115234
t-SNE,1596,-9.578837394714355,17.60627555847168
t-SNE,28182,-1.0200647115707397,17.911678314208984
t-SNE,4094,-23.086238861083984,14.481515884399414
t-SNE,1036,-4.654104232788086,12.25072193145752
t-SNE,68271,4.50705099105835,-11.939581871032715
t-SNE,3241,-22.289411544799805,21.83096694946289
t-SNE,709,-12.71066951751709,10.881149291992188
t-SNE,45639,-11.872443199157715,-27.17776870727539
t-SNE,62021,-15.518338203430176,-27.151519775390625
t-SNE,521,18.653268814086914,-33.487789154052734
t-SNE,146,-8.247702598571777,-25.874935150146484
t-SNE,50,9.277522087097168,7.765104293823242
t-SNE,30509,-28.94847297668457,-3.253150463104248
t-SNE,59826,-19.76384162902832,7.332582950592041
t-SNE,64029,-17.742467880249023,8.400537490844727
t-SNE,42254,-19.50531005859375,6.836884498596191
t-SNE,18283,-28.506399154663086,-3.370767831802368
t-SNE,45396,19.108253479003906,-2.3626291751861572
t-SNE,31411,17.09089469909668,-2.3730711936950684
t-SNE,1980,18.901639938354492,-4.9970703125
t-SNE,101596,22.96830177307129,-4.058914661407471
t-SNE,11350,-33.84483337402344,15.58708667755127
t-SNE,34503,-29.610010147094727,13.914107322692871
t-SNE,3670,-32.97834396362305,16.61834716796875
t-SNE,18714,-30.251760482788086,14.486139297485352
t-SNE,78740,25.7618408203125,-28.543453216552734
t-SNE,83296,5.979504108428955,-32.15746307373047
t-SNE,9502,26.697586059570312,-28.989763259887695
t-SNE,6759,-22.052858352661133,-10.806866645812988
t-SNE,154,-21.62049674987793,-10.417892456054688
t-SNE,16220,-26.094125747680664,-16.99625015258789
t-SNE,19668,-24.710002899169922,-17.14143180847168
t-SNE,8590,-19.55259895324707,-17.932641983032227
t-SNE,75489,-21.849504470825195,-2.7890987396240234
t-SNE,61264,-29.356786727905273,26.32926368713379
t-SNE,66856,10.684332847595215,-40.73820495605469
t-SNE,59292,-1.1866806745529175,-0.5219241976737976
t-SNE,10131,8.393184661865234,-3.3451099395751953
t-SNE,71596,-12.12180233001709,15.914745330810547
t-SNE,1021,12.06514835357666,0.7065308094024658
t-SNE,60867,22.191030502319336,6.738114833831787
t-SNE,760,21.644092559814453,7.877380847930908
t-SNE,34973,-11.864603042602539,22.540956497192383
t-SNE,90957,16.666189193725586,9.454913139343262
t-SNE,4295,23.878538131713867,7.367876052856445
t-SNE,59827,-21.84982681274414,33.088294982910156
t-SNE,973,-22.849029541015625,31.62530517578125
t-SNE,64948,26.13807487487793,-17.80583953857422
t-SNE,1031,22.47236442565918,-18.51799201965332
t-SNE,28246,21.2951717376709,-14.557177543640137
t-SNE,32743,-20.620962142944336,-15.283917427062988
t-SNE,48463,24.549142837524414,25.412620544433594
t-SNE,15231,22.40923500061035,-14.219192504882812
t-SNE,96740,3.237703323364258,-0.16337190568447113
t-SNE,36416,0.3965427577495575,-7.065361976623535
t-SNE,13462,-9.032543182373047,-11.3687744140625
t-SNE,31397,16.81620216369629,-3.898906707763672
t-SNE,4433,25.113279342651367,-10.90431022644043
t-SNE,72,18.4001407623291,7.400171279907227
t-SNE,55,17.419294357299805,1.1283842325210571
t-SNE,1276,-12.982327461242676,-2.0235464572906494
t-SNE,68905,-8.14001750946045,15.356793403625488
t-SNE,208,14.316912651062012,4.255987644195557
t-SNE,18802,17.798828125,8.715547561645508
t-SNE,417,-18.610000610351562,22.027973175048828
t-SNE,1196,12.170604705810547,4.43486213684082
t-SNE,90174,-14.730162620544434,16.540380477905273
t-SNE,684,-19.666086196899414,-10.43384838104248
t-SNE,25315,17.4876766204834,1.1114726066589355
t-SNE,31771,21.13982391357422,15.28522777557373
t-SNE,18021,21.70960807800293,26.48892593383789
t-SNE,30352,24.109622955322266,24.625085830688477
t-SNE,50370,-5.065908432006836,7.144866466522217
t-SNE,15210,21.772356033325195,25.422727584838867
t-SNE,17162,21.885072708129883,19.577775955200195
t-SNE,31931,23.632587432861328,21.902956008911133
t-SNE,57587,23.79364776611328,23.580904006958008
t-SNE,4622,24.365848541259766,18.890913009643555
t-SNE,68214,24.186796188354492,23.922103881835938
t-SNE,15286,26.032577514648438,23.805604934692383
t-SNE,38259,-17.156726837158203,-19.770355224609375
t-SNE,18368,-16.324676513671875,-15.127898216247559
t-SNE,51705,-23.268842697143555,-8.400497436523438
t-SNE,562,-3.3408944606781006,17.33502960205078
t-SNE,12446,-4.944014549255371,18.653711318969727
t-SNE,6433,1.8495351076126099,-9.730388641357422
t-SNE,704,-19.677587509155273,11.674609184265137
t-SNE,75805,-24.783851623535156,0.27432510256767273
t-SNE,39681,-25.083839416503906,3.060868501663208
t-SNE,72158,-14.238304138183594,6.864294052124023
t-SNE,29157,-20.570131301879883,12.775054931640625
t-SNE,4322,-16.45866584777832,17.647193908691406
t-SNE,14681,-24.690031051635742,25.48130989074707
t-SNE,76880,-16.05738067626953,19.83582305908203
t-SNE,84109,-27.9924259185791,-0.13428497314453125
t-SNE,43632,-30.427400588989258,8.127580642700195
t-SNE,37735,-25.59609031677246,24.255178451538086
t-SNE,4193,-7.065237998962402,-19.855195999145508
t-SNE,57384,-23.88446807861328,1.8861008882522583
t-SNE,11444,-24.179771423339844,5.501700401306152
t-SNE,63079,-25.827890396118164,14.28009033203125
t-SNE,306,-22.35996437072754,12.791557312011719
t-SNE,6457,-23.931854248046875,5.811678409576416
t-SNE,804,-27.675159454345703,-8.298985481262207
t-SNE,12520,-3.275092363357544,-18.970502853393555
t-SNE,84413,-32.83262252807617,-4.521241188049316
t-SNE,53015,-12.048972129821777,6.186439514160156
t-SNE,14728,-12.778884887695312,6.312158107757568
t-SNE,55838,-2.8730645179748535,35.85333251953125
t-SNE,91640,-1.8831669092178345,35.795379638671875
t-SNE,56457,3.836603879928589,32.043365478515625
t-SNE,25324,-33.041290283203125,9.728103637695312
t-SNE,1825,-26.426267623901367,4.917659282684326
t-SNE,219,-20.502052307128906,22.104061126708984
t-SNE,81642,-25.716115951538086,7.234859943389893
t-SNE,52802,-26.353578567504883,0.9480592012405396
t-SNE,30947,26.39121437072754,-24.519437789916992
t-SNE,65414,-26.031198501586914,1.5774534940719604
t-SNE,30499,-27.031137466430664,-5.722416877746582
t-SNE,43297,-18.308486938476562,28.668071746826172
t-SNE,170,-8.257950782775879,21.767946243286133
t-SNE,215,-9.367949485778809,25.01190948486328
t-SNE,31666,19.087221145629883,29.875959396362305
t-SNE,701,-21.493310928344727,1.843531608581543
t-SNE,1251,-19.38791847229004,0.390809565782547
t-SNE,39358,-16.61922836303711,29.760316848754883
t-SNE,84951,-17.811046600341797,18.29860496520996
t-SNE,62318,-10.710118293762207,26.858028411865234
t-SNE,70052,-26.813840866088867,4.13424825668335
t-SNE,664,-14.735556602478027,21.503826141357422
t-SNE,64757,-26.798114776611328,14.006494522094727
t-SNE,11801,-25.06284523010254,13.317380905151367
t-SNE,54785,0.9754964113235474,-20.018686294555664
t-SNE,519,14.3818359375,6.566714763641357
t-SNE,1444,9.854599952697754,22.830242156982422
t-SNE,1018,-0.9918307662010193,-7.104233741760254
t-SNE,61856,29.64911460876465,-26.786272048950195
t-SNE,39314,-6.06884765625,-18.881065368652344
t-SNE,88175,-26.624114990234375,-0.21297258138656616
t-SNE,70,-21.218116760253906,-1.5257772207260132
t-SNE,29675,-21.803730010986328,-2.515857458114624
t-SNE,15963,2.3481016159057617,-20.713815689086914
t-SNE,10464,-15.661664009094238,-11.03597354888916
t-SNE,66826,-37.37479782104492,14.216144561767578
t-SNE,705,-30.233556747436523,9.159456253051758
t-SNE,222,-16.79287338256836,-1.5825443267822266
t-SNE,26358,-26.189903259277344,-8.620295524597168
t-SNE,1801,-24.791532516479492,-2.4547834396362305
t-SNE,42260,-27.816980361938477,-6.9648895263671875
t-SNE,93,-13.126286506652832,-10.582731246948242
t-SNE,21548,-28.073657989501953,-2.8311076164245605
t-SNE,5749,-16.475635528564453,-2.49330997467041
t-SNE,249,-5.816234111785889,-11.091773986816406
t-SNE,707,-5.148024082183838,27.693937301635742
t-SNE,56077,-10.615370750427246,26.953426361083984
t-SNE,51488,-4.030548572540283,30.371232986450195
t-SNE,427,-4.966000556945801,20.347341537475586
t-SNE,4,-2.629453182220459,29.116376876831055
t-SNE,75668,-7.99704647064209,26.173105239868164
t-SNE,12258,-0.5726794004440308,24.534894943237305
t-SNE,68404,-6.739546298980713,30.953838348388672
t-SNE,34893,-0.027040809392929077,35.124141693115234
t-SNE,3750,-5.308398246765137,27.242990493774414
t-SNE,12770,-3.9309747219085693,23.912168502807617
t-SNE,12762,-3.651244640350342,28.768556594848633
t-SNE,28201,-8.780976295471191,25.643386840820312
t-SNE,83889,1.4287703037261963,32.19395065307617
t-SNE,955,11.768526077270508,5.798538684844971
t-SNE,9394,-11.193366050720215,-3.9367434978485107
t-SNE,33519,-12.95210075378418,-6.311701774597168
t-SNE,253,11.928487777709961,8.787041664123535
t-SNE,62615,-25.730213165283203,-1.124145746231079
t-SNE,1826,20.47300910949707,-16.552356719970703
t-SNE,221,-8.905060768127441,-8.227132797241211
t-SNE,55805,-2.1565499305725098,17.30829429626465
t-SNE,17666,-15.654464721679688,-14.99583911895752
t-SNE,71272,18.460540771484375,-1.1037958860397339
t-SNE,54885,-13.448511123657227,-4.323283672332764
t-SNE,57038,15.070589065551758,-7.157249927520752
t-SNE,4573,14.104225158691406,-22.760480880737305
t-SNE,62707,-15.337236404418945,-1.9406192302703857
t-SNE,606,-1.0439238548278809,-6.516948223114014
t-SNE,31226,16.703224182128906,-6.380979061126709
t-SNE,17786,20.682144165039062,-14.88334846496582
t-SNE,43040,-20.745630264282227,-20.1239070892334
t-SNE,2938,-7.564595699310303,-8.35889720916748
t-SNE,40200,13.400358200073242,-3.2149903774261475
t-SNE,64947,-17.201330184936523,31.089008331298828
t-SNE,12317,11.436776161193848,-8.49338150024414
t-SNE,590,18.454994201660156,-17.056930541992188
t-SNE,31825,8.75261116027832,31.157670974731445
t-SNE,4421,8.57305908203125,31.81836700439453
t-SNE,56023,6.5337371826171875,27.716808319091797
t-SNE,31172,30.683958053588867,8.918388366699219
t-SNE,96,30.201351165771484,7.369558334350586
t-SNE,91209,28.015230178833008,10.982651710510254
t-SNE,49504,27.989660263061523,9.055496215820312
t-SNE,11416,-20.6492862701416,22.09140968322754
t-SNE,22537,-23.80048370361328,20.267871856689453
t-SNE,79167,-24.493244171142578,24.28822135925293
t-SNE,71512,-25.531187057495117,26.242992401123047
t-SNE,10296,7.535220146179199,-3.5293262004852295
t-SNE,4056,13.563325881958008,1.4350570440292358
t-SNE,917,-7.430325984954834,-4.653646945953369
t-SNE,67702,-9.917245864868164,-3.2549145221710205
t-SNE,97605,8.874058723449707,-4.853456497192383
t-SNE,103425,10.844045639038086,-1.7765159606933594
t-SNE,49223,-24.903797149658203,-18.722747802734375
t-SNE,73900,1.424940824508667,7.395657062530518
t-SNE,37470,0.9147112369537354,9.696138381958008
t-SNE,16602,3.456570863723755,9.247108459472656
t-SNE,9797,1.3775789737701416,10.130276679992676
t-SNE,19,4.763503551483154,-34.18544387817383
t-SNE,15512,21.237871170043945,-33.31678771972656
t-SNE,484,7.3637237548828125,-31.557321548461914
t-SNE,4608,19.845970153808594,-9.673016548156738
t-SNE,1404,17.700973510742188,-22.31787109375
t-SNE,271,-3.972209930419922,12.79741096496582
t-SNE,897,20.44965171813965,-31.641996383666992
t-SNE,57255,-10.414122581481934,-13.661674499511719
t-SNE,23317,-21.767908096313477,15.34212875366211
t-SNE,25753,-22.86292839050293,15.769245147705078
t-SNE,17565,-24.285367965698242,13.626243591308594
t-SNE,88707,-29.306093215942383,23.474931716918945
t-SNE,17387,-24.759187698364258,26.538009643554688
t-SNE,308,-27.117765426635742,23.887550354003906
t-SNE,69869,-26.306522369384766,24.08818817138672
t-SNE,18043,-9.081707954406738,16.696992874145508
t-SNE,15451,-31.51149559020996,-1.5761663913726807
t-SNE,7322,-18.946104049682617,0.09352241456508636
t-SNE,485,-2.3143346309661865,-25.87508201599121
t-SNE,8442,1.316057562828064,-39.125282287597656
t-SNE,147,3.224309206008911,14.08671760559082
t-SNE,18,1.455016851425171,-35.8787956237793
t-SNE,238,-9.572504043579102,19.423513412475586
t-SNE,413,-8.376955032348633,30.431354522705078
t-SNE,728,-1.62925124168396,-32.54798889160156
t-SNE,1687,0.6947852969169617,-26.501298904418945
t-SNE,372,-5.61760139465332,-35.76838684082031
t-SNE,3016,1.0022343397140503,20.373130798339844
t-SNE,1215,4.622653961181641,13.298073768615723
t-SNE,13064,-5.936524391174316,-35.95207214355469
t-SNE,38543,-2.997678279876709,-31.71450424194336
t-SNE,502,1.7481886148452759,19.848352432250977
t-SNE,1499,2.6940670013427734,-14.511428833007812
t-SNE,17076,-3.329014301300049,-35.396202087402344
t-SNE,64105,-0.4363425076007843,-27.775236129760742
t-SNE,128,1.2699278593063354,-29.572227478027344
t-SNE,44034,-1.7202321290969849,-26.62850570678711
t-SNE,3128,-35.477848052978516,18.169286727905273
t-SNE,43572,-33.63606262207031,18.846633911132812
t-SNE,25980,-37.195350646972656,19.152956008911133
t-SNE,11538,0.025142600759863853,33.48494338989258
t-SNE,10664,17.41244888305664,-9.7091064453125
t-SNE,80039,26.07018280029297,-2.297947883605957
t-SNE,632,10.585988998413086,16.413612365722656
t-SNE,1733,16.953943252563477,20.08199691772461
t-SNE,8069,17.62276840209961,15.106566429138184
t-SNE,988,12.398293495178223,19.023767471313477
t-SNE,184,9.011590003967285,14.251575469970703
t-SNE,242,8.450393676757812,21.349651336669922
t-SNE,720,6.229682445526123,19.477846145629883
t-SNE,23280,18.93639373779297,22.249195098876953
t-SNE,669,14.694664001464844,6.800355434417725
t-SNE,81,5.825923919677734,22.28578758239746
t-SNE,536,7.6609320640563965,21.547504425048828
t-SNE,257,8.408941268920898,22.887720108032227
t-SNE,78,11.447273254394531,18.99028778076172
t-SNE,1000,12.746011734008789,20.01250457763672
t-SNE,15924,2.5426743030548096,22.176305770874023
t-SNE,66,5.929348468780518,21.804380416870117
t-SNE,8441,10.528768539428711,20.801450729370117
t-SNE,520,12.71715259552002,14.924708366394043
t-SNE,18767,17.23752212524414,19.355737686157227
t-SNE,141,4.745718002319336,19.36141014099121
t-SNE,826,6.649698257446289,14.9449462890625
t-SNE,825,11.146743774414062,17.104915618896484
t-SNE,2378,14.10629653930664,18.74909782409668
t-SNE,508,3.5789906978607178,10.39373779296875
t-SNE,6686,26.525157928466797,13.898781776428223
t-SNE,6529,4.0002875328063965,15.450801849365234
t-SNE,1109,26.20868492126465,14.37536907196045
t-SNE,17189,5.501666069030762,13.871356964111328
t-SNE,66359,2.0204334259033203,8.709551811218262
t-SNE,145,7.6330413818359375,-29.15021514892578
t-SNE,29442,8.702799797058105,13.61158275604248
t-SNE,156,9.903533935546875,13.889029502868652
t-SNE,729,0.743276834487915,-21.057294845581055
t-SNE,6086,4.3782572746276855,6.37876033782959
t-SNE,51694,-11.989916801452637,12.162835121154785
t-SNE,11721,-5.560822010040283,9.532819747924805
t-SNE,818,-10.198455810546875,13.501421928405762
t-SNE,65560,-5.55392599105835,7.450277328491211
t-SNE,1835,-5.648794651031494,10.778351783752441
t-SNE,10858,-7.870112419128418,12.1268949508667
t-SNE,48002,-6.441722393035889,10.15213394165039
t-SNE,15134,-7.67692756652832,-23.32771110534668
t-SNE,6493,17.064435958862305,23.397058486938477
t-SNE,47459,14.94641399383545,21.97611427307129
t-SNE,1701,3.0274717807769775,12.048344612121582
t-SNE,8019,-8.476781845092773,12.490153312683105
t-SNE,10190,-9.40498161315918,10.08410930633545
t-SNE,51589,5.8003153800964355,14.31641960144043
t-SNE,685,-4.988131046295166,11.59933853149414
t-SNE,43324,-14.118807792663574,12.79431438446045
t-SNE,35,-7.473161220550537,-20.38872718811035
t-SNE,67527,-12.60107421875,14.1170654296875
t-SNE,3782,-7.255453109741211,12.46169376373291
t-SNE,39070,-5.225963115692139,9.677031517028809
t-SNE,5609,12.963226318359375,22.662683486938477
t-SNE,66098,-8.002091407775879,8.948750495910645
t-SNE,498,2.759690523147583,6.062473773956299
t-SNE,275,19.187061309814453,-24.700037002563477
t-SNE,12345,18.737417221069336,-9.124649047851562
t-SNE,11,19.298412322998047,-8.641093254089355
t-SNE,687,7.434703826904297,22.784439086914062
t-SNE,2068,19.475196838378906,-8.161050796508789
t-SNE,88,7.45218563079834,24.47538948059082
t-SNE,4941,8.924081802368164,20.0064697265625
t-SNE,547,8.673083305358887,25.45492935180664
t-SNE,50748,7.501814842224121,25.18256950378418
t-SNE,31233,-8.909669876098633,30.408952713012695
t-SNE,17511,-18.513954162597656,6.259851932525635
t-SNE,1795,21.2003231048584,-5.737112522125244
t-SNE,12424,20.718713760375977,-6.636948108673096
t-SNE,12767,25.255651473999023,-2.3337020874023438
t-SNE,31040,21.523178100585938,-2.064034938812256
t-SNE,20,20.70414161682129,-1.5845831632614136
t-SNE,990,8.898054122924805,1.9732582569122314
t-SNE,72365,13.502094268798828,9.962772369384766
t-SNE,39738,-31.093935012817383,13.891609191894531
t-SNE,22839,20.889692306518555,-22.812971115112305
t-SNE,12425,24.62459945678711,-26.973112106323242
t-SNE,57035,27.490806579589844,-27.36544418334961
t-SNE,8315,22.46243667602539,-25.000295639038086
t-SNE,1335,15.807783126831055,-1.4064637422561646
t-SNE,52197,-23.05794334411621,-16.0638484954834
t-SNE,13195,9.682623863220215,-42.560916900634766
t-SNE,14187,15.743191719055176,-42.52541732788086
t-SNE,1427,14.327228546142578,-42.52101135253906
t-SNE,69386,16.335725784301758,-40.428672790527344
t-SNE,45668,-19.877599716186523,25.32505989074707
t-SNE,395,-12.979357719421387,-19.02857780456543
t-SNE,88636,-8.74472427368164,2.111363649368286
t-SNE,38260,13.261675834655762,-16.07680320739746
t-SNE,3142,11.601017951965332,-12.145179748535156
t-SNE,209,12.756987571716309,12.823273658752441
t-SNE,14319,25.433088302612305,3.6224050521850586
t-SNE,46885,11.47028923034668,-4.085719108581543
t-SNE,53441,23.285789489746094,6.878698348999023
t-SNE,20542,27.716299057006836,14.035696029663086
t-SNE,60891,19.830646514892578,13.548389434814453
t-SNE,78574,27.676633834838867,12.20290470123291
t-SNE,48681,24.647750854492188,8.82593059539795
t-SNE,6386,24.43337631225586,5.380711555480957
t-SNE,2797,22.711456298828125,9.842957496643066
t-SNE,2432,25.299184799194336,6.469130516052246
t-SNE,33500,-25.44428062438965,28.80556297302246
t-SNE,34810,-24.543895721435547,30.83997344970703
t-SNE,6437,2.2308688163757324,3.41117262840271
t-SNE,103256,5.090068340301514,5.320754528045654
t-SNE,1107,3.9923620223999023,7.4098687171936035
t-SNE,69001,-16.587003707885742,11.606266975402832
t-SNE,12321,17.474353790283203,-4.979302406311035
t-SNE,28711,28.67512321472168,8.392738342285156
t-SNE,327,9.444784164428711,24.57816505432129
t-SNE,9370,19.471132278442383,9.096463203430176
t-SNE,1106,17.250612258911133,4.854695796966553
t-SNE,94,10.070380210876465,24.556779861450195
t-SNE,780,16.473072052001953,2.714735984802246
t-SNE,15555,16.879619598388672,6.478597640991211
t-SNE,12310,16.088245391845703,12.104543685913086
t-SNE,49331,21.349624633789062,1.6256860494613647
t-SNE,4521,19.565296173095703,7.046307563781738
t-SNE,45977,10.883081436157227,30.400903701782227
t-SNE,142,16.270788192749023,3.9047811031341553
t-SNE,1771,19.57380485534668,-1.8696335554122925
t-SNE,4771,19.254852294921875,1.2973802089691162
t-SNE,43871,17.033531188964844,21.731903076171875
t-SNE,205,23.685699462890625,2.6865479946136475
t-SNE,33,18.659467697143555,20.5218563079834
t-SNE,1148,20.226970672607422,16.832313537597656
t-SNE,42580,18.70240592956543,18.53141212463379
t-SNE,601,18.4992733001709,19.805089950561523
t-SNE,6461,17.626792907714844,20.908655166625977
t-SNE,52359,18.34946060180664,15.486848831176758
t-SNE,18702,20.034379959106445,22.022796630859375
t-SNE,58562,21.429601669311523,21.535564422607422
t-SNE,6166,19.612287521362305,18.809642791748047
t-SNE,13041,22.015945434570312,19.418787002563477
t-SNE,29083,21.511930465698242,22.412736892700195
t-SNE,5512,20.727819442749023,20.166255950927734
t-SNE,14214,20.133853912353516,21.20736312866211
t-SNE,60105,29.304811477661133,15.937630653381348
t-SNE,456,-5.667201519012451,18.150564193725586
t-SNE,45838,-5.813915252685547,17.85234832763672
t-SNE,6459,-4.970520973205566,19.45144271850586
t-SNE,14982,-17.189208984375,14.599786758422852
t-SNE,50384,-31.534870147705078,17.97953224182129
t-SNE,600,-10.952444076538086,10.176253318786621
t-SNE,975,-21.621673583984375,13.00359058380127
t-SNE,4410,-22.550310134887695,15.72179126739502
t-SNE,802,-12.543952941894531,13.25393295288086
t-SNE,819,-23.42902374267578,22.14579963684082
t-SNE,93628,-27.30097770690918,14.32473373413086
t-SNE,15335,-16.6113338470459,16.7967472076416
t-SNE,768,-13.690293312072754,7.898550987243652
t-SNE,79846,-19.325563430786133,14.808636665344238
t-SNE,31661,-10.05691146850586,11.129720687866211
t-SNE,39970,-17.431222915649414,15.366561889648438
t-SNE,35973,-12.711264610290527,5.21783447265625
t-SNE,56741,-30.802398681640625,18.61355209350586
t-SNE,99254,-18.183870315551758,15.79386043548584
t-SNE,69117,-16.834402084350586,16.06022071838379
t-SNE,76824,-19.093721389770508,16.155376434326172
t-SNE,67004,23.886247634887695,-36.23516845703125
t-SNE,105520,-11.418553352355957,4.963379859924316
t-SNE,74962,-10.720114707946777,6.387404441833496
t-SNE,73990,1.4240496158599854,16.33406639099121
t-SNE,121870,-10.580074310302734,8.087156295776367
t-SNE,49098,-3.57843279838562,32.75643539428711
t-SNE,105331,-4.362680435180664,33.41656494140625
t-SNE,90733,-3.1390879154205322,33.44920349121094
t-SNE,82595,-0.5777879953384399,35.79612350463867
t-SNE,70189,-13.091389656066895,22.088333129882812
t-SNE,33514,-15.30125904083252,24.860164642333984
t-SNE,6463,-16.68992042541504,24.420597076416016
t-SNE,13710,-8.6654052734375,21.227388381958008
t-SNE,94979,-15.59119987487793,21.62102508544922
t-SNE,14845,-10.32676887512207,14.532063484191895
t-SNE,55766,25.39967918395996,13.143587112426758
t-SNE,7993,-33.403038024902344,19.638233184814453
t-SNE,43476,-20.86533546447754,23.954866409301758
t-SNE,95752,-9.91915225982666,20.631013870239258
t-SNE,67578,19.714643478393555,28.439863204956055
t-SNE,667,18.42092514038086,4.107823848724365
t-SNE,4566,18.563817977905273,3.3958382606506348
t-SNE,58912,19.059722900390625,3.7673916816711426
t-SNE,5576,19.342700958251953,3.557433605194092
t-SNE,1138,-28.922008514404297,5.566697120666504
t-SNE,1014,13.131531715393066,4.564747333526611
t-SNE,67502,8.117936134338379,1.0525870323181152
t-SNE,18490,-19.434099197387695,-5.28070592880249
t-SNE,13442,-30.718053817749023,4.6854987144470215
t-SNE,49270,-6.387380123138428,-8.628533363342285
t-SNE,210,4.24219274520874,20.15592384338379
t-SNE,214,0.3761614263057709,28.796680450439453
t-SNE,9045,-0.5767768621444702,24.134498596191406
t-SNE,1361,6.695878505706787,10.419038772583008
t-SNE,62036,-3.2405030727386475,30.489864349365234
t-SNE,44894,-3.3954224586486816,31.641704559326172
t-SNE,236,-2.6994338035583496,27.784807205200195
t-SNE,3,4.1325178146362305,25.056621551513672
t-SNE,813,-0.5397465229034424,25.873743057250977
t-SNE,244,4.334120273590088,20.499256134033203
t-SNE,43718,-0.27617794275283813,29.79813003540039
t-SNE,27571,2.731215476989746,16.87969970703125
t-SNE,68578,0.6785761713981628,23.487468719482422
t-SNE,46145,-7.1723480224609375,30.76913833618164
t-SNE,6341,7.389049530029297,21.183446884155273
t-SNE,296,-0.31373298168182373,27.445932388305664
t-SNE,12878,-3.2428901195526123,26.505640029907227
t-SNE,24785,0.3534361720085144,32.06491470336914
t-SNE,808,-1.6153080463409424,27.541824340820312
t-SNE,8840,0.6506915092468262,25.848543167114258
t-SNE,869,-0.9192736744880676,28.649925231933594
t-SNE,27,0.8747597336769104,28.254579544067383
t-SNE,30815,0.7246481776237488,29.893476486206055
t-SNE,6458,19.580331802368164,-11.057777404785156
t-SNE,40069,29.698593139648438,8.363986015319824
t-SNE,152,2.4419105052948,3.650245428085327
t-SNE,993,20.184371948242188,-23.87212371826172
t-SNE,78656,-14.932381629943848,-2.6036808490753174
t-SNE,26127,22.953960418701172,2.6094613075256348
t-SNE,1024,0.7276607751846313,35.13513946533203
t-SNE,1574,15.89305305480957,19.700382232666016
t-SNE,1360,31.141094207763672,8.940970420837402
t-SNE,10856,28.76342010498047,8.149353981018066
t-SNE,3956,18.165250778198242,-16.897655487060547
t-SNE,26372,22.45011329650879,4.93147087097168
t-SNE,3678,18.53907585144043,-14.64741325378418
t-SNE,171,4.805022239685059,25.723644256591797
t-SNE,15261,3.3281428813934326,35.80519104003906
t-SNE,91688,4.769115447998047,26.60692596435547
t-SNE,18180,7.501513481140137,32.69878005981445
t-SNE,6805,3.3097801208496094,31.17099952697754
t-SNE,37889,29.105989456176758,10.707505226135254
t-SNE,22964,29.089988708496094,12.35899829864502
t-SNE,30549,-21.97979164123535,23.87477684020996
t-SNE,40031,4.260627746582031,-22.66883659362793
t-SNE,51037,7.268186569213867,-21.787412643432617
t-SNE,75064,-9.055768966674805,-15.12197494506836
t-SNE,56294,-12.590536117553711,-11.943235397338867
t-SNE,42936,-8.709333419799805,-5.866600036621094
t-SNE,122212,-4.771584987640381,1.5764167308807373
t-SNE,1742,14.644076347351074,-40.10969924926758
t-SNE,70985,0.5790156126022339,5.59227180480957
t-SNE,59021,0.20247147977352142,9.42475700378418
t-SNE,27996,5.872027397155762,6.732115745544434
t-SNE,47255,4.837594985961914,6.632538795471191
t-SNE,50757,11.872498512268066,-30.805572509765625
t-SNE,507,16.495323181152344,-26.095260620117188
t-SNE,29727,11.353131294250488,-33.34030532836914
t-SNE,25529,13.555615425109863,-43.79894256591797
t-SNE,637,9.881946563720703,-26.333545684814453
t-SNE,2069,12.306639671325684,-25.000320434570312
t-SNE,70424,14.542372703552246,-32.1841926574707
t-SNE,829,13.044809341430664,-24.410110473632812
t-SNE,258,10.66033935546875,-26.546733856201172
t-SNE,231,11.101517677307129,-25.343952178955078
t-SNE,53400,13.201522827148438,-26.0920467376709
t-SNE,68753,21.56048011779785,-24.600919723510742
t-SNE,65147,15.152864456176758,-16.658390045166016
t-SNE,570,14.714669227600098,-31.13998794555664
t-SNE,67997,16.372295379638672,-28.45783042907715
t-SNE,15754,18.258895874023438,-29.843990325927734
t-SNE,59064,15.475276947021484,-26.225027084350586
t-SNE,78288,-28.792247772216797,3.8414669036865234
t-SNE,91499,-27.464534759521484,24.72614860534668
t-SNE,410,1.394161343574524,-32.11103057861328
t-SNE,276,0.20480529963970184,-31.59429359436035
t-SNE,2318,0.7693275809288025,-33.74298858642578
t-SNE,83,2.0709314346313477,-38.20011901855469
t-SNE,84094,-5.463083267211914,-33.05963134765625
t-SNE,67370,-3.422081232070923,-38.013145446777344
t-SNE,472,-2.317023754119873,-28.844881057739258
t-SNE,12192,-1.656878113746643,-34.309730529785156
t-SNE,1068,3.7664403915405273,-29.38372039794922
t-SNE,899,-8.908217430114746,-32.5229606628418
t-SNE,2060,-0.52486652135849,-35.72405242919922
t-SNE,788,2.651205539703369,-30.724037170410156
t-SNE,153,14.383642196655273,-40.409767150878906
t-SNE,70839,-1.463852882385254,-25.246606826782227
t-SNE,3256,-0.7236453890800476,-33.88440704345703
t-SNE,30567,-1.0200709104537964,-33.03334045410156
t-SNE,17256,-4.051422119140625,-33.74412155151367
t-SNE,81423,0.287346214056015,-35.45637512207031
t-SNE,72439,2.0591673851013184,-28.332658767700195
t-SNE,29818,0.9564447999000549,-39.08363342285156
t-SNE,92647,-1.3099274635314941,-31.586257934570312
t-SNE,373,0.23057511448860168,-31.911558151245117
t-SNE,46296,2.7272772789001465,-27.271194458007812
t-SNE,15336,4.625197410583496,-32.20825958251953
t-SNE,53806,-36.376976013183594,19.13860511779785
t-SNE,17140,-34.61619567871094,18.621070861816406
t-SNE,89234,-31.07914924621582,7.626075744628906
t-SNE,7350,9.00393009185791,-14.464637756347656
t-SNE,6063,19.140308380126953,10.023429870605469
t-SNE,6311,10.306604385375977,15.957688331604004
t-SNE,53804,3.6639204025268555,8.243029594421387
t-SNE,84035,13.4920072555542,15.296422958374023
t-SNE,857,7.821459770202637,-32.17264938354492
t-SNE,67916,12.837346076965332,-36.8790397644043
t-SNE,66042,11.943078994750977,-38.23336410522461
t-SNE,31861,6.943624496459961,-22.968597412109375
t-SNE,43402,7.684750556945801,-22.76034927368164
t-SNE,5002,27.07533836364746,-26.861217498779297
t-SNE,31445,5.428295612335205,-30.532529830932617
t-SNE,3785,6.374260425567627,-27.695316314697266
t-SNE,107084,-3.4697349071502686,-38.13529968261719
t-SNE,48965,-9.020398139953613,-18.68844985961914
t-SNE,13549,7.613677978515625,-37.619728088378906
t-SNE,7792,14.397305488586426,-24.577972412109375
t-SNE,4441,12.797001838684082,-27.986473083496094
t-SNE,46890,-2.864593982696533,-14.19577693939209
t-SNE,11784,-6.286638259887695,-20.934219360351562
t-SNE,89050,-2.897211790084839,-14.289371490478516
t-SNE,68326,-12.661859512329102,1.5236870050430298
t-SNE,1605,-4.965421676635742,1.910645604133606
t-SNE,78611,8.727493286132812,-34.74488830566406
t-SNE,46165,-3.5630602836608887,10.39066219329834
t-SNE,11502,13.930166244506836,23.06550407409668
t-SNE,43531,3.6430344581604004,-38.592918395996094
t-SNE,60,2.7477898597717285,-38.86907196044922
t-SNE,6314,3.8908770084381104,-37.61500930786133
t-SNE,30928,5.20910120010376,-40.4951286315918
t-SNE,72040,-13.247390747070312,-28.351186752319336
t-SNE,17322,18.20577049255371,-25.396982192993164
t-SNE,12311,15.707420349121094,-32.14772415161133
t-SNE,889,-0.6156591176986694,-37.175270080566406
t-SNE,59597,19.37140464782715,-34.95500564575195
t-SNE,43037,-28.810165405273438,-5.3684773445129395
t-SNE,69010,22.755834579467773,-4.892672538757324
t-SNE,69708,24.135011672973633,-5.040345668792725
t-SNE,17774,-31.242963790893555,15.655898094177246
t-SNE,30551,-32.60307312011719,15.05214786529541
t-SNE,2550,1.2196356058120728,-42.19019317626953
t-SNE,3166,24.803171157836914,-26.569744110107422
t-SNE,95863,22.071748733520508,-25.531057357788086
t-SNE,10559,16.110305786132812,-24.119022369384766
t-SNE,7344,21.984189987182617,-26.23255157470703
t-SNE,228,1.1727943420410156,-2.878488779067993
t-SNE,28499,-17.743927001953125,-15.999927520751953
t-SNE,331,7.406463623046875,-37.71867370605469
t-SNE,59532,11.701682090759277,-40.12762451171875
t-SNE,42747,11.439766883850098,-45.507415771484375
t-SNE,90451,11.291481971740723,-42.87230682373047
t-SNE,66266,12.108104705810547,-43.872745513916016
t-SNE,75421,-13.908190727233887,-18.506196975708008
t-SNE,25382,27.516830444335938,-1.8499064445495605
t-SNE,27322,7.339201927185059,-14.10169792175293
t-SNE,735,26.772701263427734,5.8548102378845215
t-SNE,53471,15.644474029541016,-38.44904327392578
t-SNE,66120,9.48883056640625,-2.7004525661468506
t-SNE,90433,22.360944747924805,-22.67462730407715
t-SNE,6334,20.463563919067383,12.935220718383789
t-SNE,18222,-22.754701614379883,31.616172790527344
t-SNE,1198,2.8215198516845703,1.3279201984405518
t-SNE,1063,27.38786506652832,1.2847563028335571
t-SNE,62616,1.939518690109253,1.4931602478027344
t-SNE,37753,3.1746113300323486,1.2337970733642578
t-SNE,27711,23.708585739135742,-0.41672399640083313
t-SNE,60665,22.665956497192383,8.94920539855957
t-SNE,52483,25.839006423950195,9.460517883300781
t-SNE,62617,19.077308654785156,-3.7495830059051514
t-SNE,35226,-28.597131729125977,23.465517044067383
t-SNE,125485,11.114219665527344,-29.69467544555664
t-SNE,68998,25.78185272216797,-13.168387413024902
t-SNE,79171,9.285990715026855,-45.4105110168457
t-SNE,36247,-24.559478759765625,-11.121345520019531
t-SNE,105519,-32.84029769897461,-4.51165771484375
t-SNE,4491,-4.070272922515869,18.629674911499023
t-SNE,24922,-1.0463690757751465,4.124736309051514
t-SNE,30529,-25.624780654907227,7.435554504394531
t-SNE,62775,5.680647850036621,8.038067817687988
t-SNE,30721,-26.054607391357422,5.270965099334717
t-SNE,91883,-24.39781379699707,0.6120597720146179
t-SNE,45706,2.5657129287719727,-40.84980010986328
t-SNE,25977,-7.583589553833008,4.218338966369629
t-SNE,16067,-22.431133270263672,-9.31482982635498
t-SNE,93818,-25.0362491607666,-5.678380966186523
t-SNE,17145,-10.290761947631836,5.976339817047119
t-SNE,16657,17.400609970092773,-33.635650634765625
t-SNE,83483,-16.612821578979492,27.26654624938965
t-SNE,45258,-16.953855514526367,28.16889190673828
t-SNE,88083,-28.46782112121582,2.5131688117980957
t-SNE,46038,-23.427248001098633,-0.9538594484329224
t-SNE,64788,18.502422332763672,5.709980010986328
t-SNE,68415,4.869354248046875,-17.288009643554688
t-SNE,5242,-29.415252685546875,-5.796217441558838
t-SNE,51704,-33.37137222290039,6.577852249145508
t-SNE,23711,3.6736652851104736,-1.3746721744537354
t-SNE,15948,-14.691533088684082,-9.48820686340332
t-SNE,68283,26.191425323486328,-17.907363891601562
t-SNE,44128,-4.316101551055908,31.28787612915039
t-SNE,64805,-0.5042975544929504,-40.092369079589844
t-SNE,72556,0.1740795224905014,31.09808921813965
t-SNE,35234,-5.826409339904785,-32.885108947753906
t-SNE,64338,12.16787338256836,-20.198802947998047
t-SNE,15211,-0.27819758653640747,-15.201565742492676
t-SNE,31872,-7.806555271148682,-23.659448623657227
t-SNE,62101,-3.0297977924346924,-28.278465270996094
t-SNE,16445,11.21751594543457,-46.35905456542969
t-SNE,77,11.649741172790527,-23.754732131958008
t-SNE,26845,-8.193094253540039,-25.773977279663086
t-SNE,5581,-15.838235855102539,-3.499509811401367
t-SNE,74121,12.886748313903809,-18.764698028564453
t-SNE,96817,4.61419153213501,-13.238637924194336
t-SNE,14838,10.472526550292969,32.92556381225586
t-SNE,16546,23.875429153442383,-36.22013854980469
t-SNE,25780,-24.91800308227539,21.014026641845703
t-SNE,31909,-2.3191778659820557,-19.370849609375
t-SNE,2056,-2.302835702896118,-19.38320541381836
t-SNE,6472,-12.83535385131836,-13.743919372558594
t-SNE,96246,-14.421866416931152,-13.631546020507812
t-SNE,15295,-13.710155487060547,-9.749629974365234
t-SNE,1998,3.4822793006896973,-22.97372055053711
t-SNE,34730,28.34857749938965,-9.568110466003418
t-SNE,15967,26.65239906311035,-10.072299003601074
t-SNE,75182,-11.375140190124512,-12.235833168029785
t-SNE,55166,8.136357307434082,-5.470330238342285
t-SNE,69923,-23.019981384277344,-18.210956573486328
t-SNE,79942,-23.892274856567383,-17.568674087524414
t-SNE,31827,-30.470088958740234,-16.200468063354492
t-SNE,17150,7.437834739685059,-17.18507957458496
t-SNE,375,1.7922015190124512,4.662855625152588
t-SNE,101438,1.5430104732513428,-2.2211856842041016
t-SNE,14225,14.893654823303223,-35.51844787597656
t-SNE,5521,16.80714225769043,-28.355487823486328
t-SNE,14669,5.260339260101318,-35.41858673095703
t-SNE,614,15.229827880859375,-25.60366439819336
t-SNE,46513,28.17457389831543,-29.720060348510742
t-SNE,71761,-4.701932907104492,-20.438953399658203
t-SNE,371,11.9750394821167,-15.591938018798828
t-SNE,69,10.499778747558594,-24.76209831237793
t-SNE,81508,11.544373512268066,-33.36490249633789
t-SNE,307,8.075520515441895,-27.917407989501953
t-SNE,38686,10.872506141662598,-31.357704162597656
t-SNE,71888,15.071773529052734,-27.74367332458496
t-SNE,390,9.428454399108887,-29.043935775756836
t-SNE,45343,9.84409236907959,-31.66667938232422
t-SNE,113,11.850951194763184,-16.128101348876953
t-SNE,3508,10.435633659362793,-23.61263656616211
t-SNE,48138,10.635579109191895,-32.34069061279297
t-SNE,41698,10.940292358398438,-27.901905059814453
t-SNE,88995,-25.32256317138672,11.744269371032715
t-SNE,89051,-29.371746063232422,26.165803909301758
t-SNE,80482,-29.369529724121094,-11.113176345825195
t-SNE,17,2.65505051612854,-25.843923568725586
t-SNE,34696,-0.8650323152542114,-12.814279556274414
t-SNE,25967,4.122633457183838,-24.39453125
t-SNE,9099,4.112405776977539,-24.5979061126709
t-SNE,721,1.6891515254974365,-32.48861312866211
t-SNE,52180,1.4841604232788086,-22.954675674438477
t-SNE,644,2.6438205242156982,-30.1069278717041
t-SNE,607,3.3909761905670166,-32.87174987792969
t-SNE,18471,12.380352973937988,-42.361106872558594
t-SNE,5752,0.6878233551979065,-29.69032096862793
t-SNE,44035,13.145683288574219,-42.34648895263672
t-SNE,297,-1.683205008506775,-29.224506378173828
t-SNE,8282,2.339700937271118,-25.71437644958496
t-SNE,33443,4.789836883544922,-28.718547821044922
t-SNE,66097,10.628199577331543,11.804327011108398
t-SNE,68226,25.06051254272461,-29.700695037841797
t-SNE,50495,-13.854204177856445,-22.105770111083984
t-SNE,55785,-34.43659591674805,19.35625457763672
t-SNE,120986,-37.25151824951172,14.75129222869873
t-SNE,1426,-19.943281173706055,28.002748489379883
t-SNE,102772,-5.566607475280762,-15.724059104919434
t-SNE,1822,24.52820587158203,-12.637317657470703
t-SNE,207,8.10702896118164,-13.143025398254395
t-SNE,31352,8.023141860961914,-11.993961334228516
t-SNE,15514,-4.616205215454102,23.8822021484375
t-SNE,10314,15.826081275939941,16.841859817504883
t-SNE,78576,13.455617904663086,27.350679397583008
t-SNE,83621,6.025235176086426,17.17299461364746
t-SNE,31798,18.165767669677734,17.76463508605957
t-SNE,1607,7.565733909606934,15.667909622192383
t-SNE,18306,-27.37845230102539,-19.711124420166016
t-SNE,75487,11.911592483520508,-38.36823272705078
t-SNE,45707,14.936705589294434,-38.40787124633789
t-SNE,734,6.963217258453369,-27.863128662109375
t-SNE,815,1.498807668685913,0.19462384283542633
t-SNE,45956,9.309738159179688,-33.95780563354492
t-SNE,2736,14.14777660369873,-34.50326156616211
t-SNE,799,13.138809204101562,-29.711559295654297
t-SNE,15462,25.76955223083496,-14.937129974365234
t-SNE,14825,12.764985084533691,-35.356143951416016
t-SNE,25251,5.671600341796875,-24.99439811706543
t-SNE,148,14.216571807861328,-29.12226104736328
t-SNE,51353,12.798290252685547,-27.39450454711914
t-SNE,9828,-0.9004515409469604,-12.641685485839844
t-SNE,38914,-8.485329627990723,10.039310455322266
t-SNE,32172,-10.260537147521973,12.399599075317383
t-SNE,98689,-1.2202329635620117,-11.699325561523438
t-SNE,23295,6.0270185470581055,-10.051139831542969
t-SNE,10554,-14.119963645935059,12.914555549621582
t-SNE,11588,-15.057233810424805,9.552842140197754
t-SNE,58226,-10.813746452331543,4.127743721008301
t-SNE,38497,9.894279479980469,11.023360252380371
t-SNE,46098,-9.400198936462402,5.932718276977539
t-SNE,913,15.216964721679688,12.311532020568848
t-SNE,3865,-13.197361946105957,-28.220094680786133
t-SNE,46336,20.055816650390625,-32.07514572143555
t-SNE,1261,-13.89477252960205,-27.98391342163086
t-SNE,8098,1.1776931285858154,3.9400744438171387
t-SNE,770,6.079214096069336,-39.50136947631836
t-SNE,68794,15.739775657653809,-12.102490425109863
t-SNE,45651,-17.669824600219727,7.129570484161377
t-SNE,605,9.928327560424805,-11.591129302978516
t-SNE,54275,-19.107107162475586,8.28495979309082
t-SNE,13016,21.47537612915039,-3.8854105472564697
t-SNE,27417,22.598264694213867,-3.072915554046631
t-SNE,13015,20.3284854888916,-3.232761859893799
t-SNE,75126,20.187557220458984,-4.6186723709106445
t-SNE,18755,-32.712318420410156,14.410903930664062
t-SNE,9075,26.54962730407715,-28.516986846923828
t-SNE,593,28.602025985717773,-27.51163673400879
t-SNE,90953,19.63747215270996,-28.066965103149414
t-SNE,50239,-22.316484451293945,-17.073566436767578
t-SNE,1849,-24.50485610961914,-17.11895179748535
t-SNE,12863,-20.625423431396484,-21.097707748413086
t-SNE,68716,-22.221107482910156,-19.621639251708984
t-SNE,11771,-25.645051956176758,-16.728084564208984
t-SNE,102882,-26.360197067260742,-17.685388565063477
t-SNE,4524,-19.939443588256836,-11.347914695739746
t-SNE,6332,-17.762319564819336,-13.933649063110352
t-SNE,9224,-21.21898078918457,-16.285879135131836
t-SNE,466,13.040263175964355,-44.504364013671875
t-SNE,64104,13.651786804199219,-45.64603805541992
t-SNE,4523,16.63987159729004,-45.981868743896484
t-SNE,95642,10.382269859313965,-45.3733024597168
t-SNE,54720,-8.666569709777832,1.7337456941604614
t-SNE,55963,-0.15792886912822723,-0.6346941590309143
t-SNE,25316,7.996274471282959,-13.151853561401367
t-SNE,75811,15.01826286315918,-16.549657821655273
t-SNE,53224,6.421234130859375,-12.129685401916504
t-SNE,36679,22.445568084716797,2.4817264080047607
t-SNE,31351,15.846893310546875,-3.7581212520599365
t-SNE,78658,22.991724014282227,8.053694725036621
t-SNE,53742,7.545588493347168,-5.764324188232422
t-SNE,50790,23.408388137817383,-23.873586654663086
t-SNE,51469,23.70764923095703,10.512662887573242
t-SNE,918,-7.293053150177002,-4.59482479095459
t-SNE,52015,-21.882381439208984,31.672012329101562
t-SNE,83842,-18.481698989868164,-5.083609104156494
t-SNE,70776,25.98455047607422,-18.697681427001953
t-SNE,24192,-20.082157135009766,20.982406616210938
t-SNE,12134,21.528480529785156,-15.887472152709961
t-SNE,31219,22.6326904296875,-18.518306732177734
t-SNE,474,24.195693969726562,-0.4431993067264557
t-SNE,70646,27.244873046875,0.26596713066101074
t-SNE,610,2.078287363052368,-7.778468132019043
t-SNE,1282,26.222108840942383,-10.045694351196289
t-SNE,17796,25.18439292907715,-9.523490905761719
t-SNE,32269,-8.181866645812988,-12.143963813781738
t-SNE,1150,-18.827104568481445,9.080230712890625
t-SNE,39029,20.460460662841797,-0.6358004808425903
t-SNE,13014,25.28274154663086,3.6801187992095947
t-SNE,65738,15.518550872802734,-20.854745864868164
t-SNE,3552,15.41386890411377,4.94050931930542
t-SNE,46400,20.649765014648438,-0.5093784928321838
t-SNE,595,21.088712692260742,9.236838340759277
t-SNE,55795,19.324522018432617,15.805503845214844
t-SNE,55858,23.715839385986328,21.173254013061523
t-SNE,1715,28.018110275268555,-11.097196578979492
t-SNE,1142,22.903120040893555,-13.641195297241211
t-SNE,27656,25.50658416748047,-14.398292541503906
t-SNE,58781,26.841882705688477,-12.06318187713623
t-SNE,28049,24.456878662109375,20.1641788482666
t-SNE,46598,-25.90968894958496,-12.182029724121094
t-SNE,33796,-15.709318161010742,-18.663679122924805
t-SNE,46132,-16.259580612182617,-17.047531127929688
t-SNE,62701,28.990652084350586,15.143579483032227
t-SNE,58157,2.4732306003570557,-8.809834480285645
t-SNE,28363,-17.61295509338379,-7.574069499969482
t-SNE,94713,-27.959270477294922,-0.14977017045021057
t-SNE,10573,-18.620737075805664,11.110726356506348
t-SNE,213,-15.000774383544922,10.172203063964844
t-SNE,4514,-13.528833389282227,18.322555541992188
t-SNE,6205,-22.57157325744629,5.11877965927124
t-SNE,1953,-28.7880859375,-13.010400772094727
t-SNE,10463,-21.571043014526367,9.912093162536621
t-SNE,20541,-23.845571517944336,-7.143386363983154
t-SNE,16939,-25.090137481689453,-5.705225467681885
t-SNE,17184,-26.350589752197266,-10.179924964904785
t-SNE,84246,-25.768085479736328,-9.720503807067871
t-SNE,1197,-11.896580696105957,4.996413707733154
t-SNE,1435,-14.325064659118652,-29.721874237060547
t-SNE,3756,5.497660160064697,-11.677567481994629
t-SNE,27997,3.694622039794922,29.04633331298828
t-SNE,73664,-17.29682159423828,31.548498153686523
t-SNE,71708,-16.0808048248291,24.69406509399414
t-SNE,38254,18.5831356048584,-2.7273457050323486
t-SNE,1019,-16.682552337646484,20.2885684967041
t-SNE,53243,20.057252883911133,25.394161224365234
t-SNE,11456,-0.27796030044555664,-23.261768341064453
t-SNE,9439,6.852363109588623,-33.83500289916992
t-SNE,7247,28.718929290771484,1.459628939628601
t-SNE,13401,29.570371627807617,1.3078991174697876
t-SNE,3747,-29.562530517578125,-10.037362098693848
t-SNE,13857,-28.828880310058594,-7.713254928588867
t-SNE,46663,-26.16398048400879,-7.5563225746154785
t-SNE,49144,-20.682016372680664,-5.447415351867676
t-SNE,48476,-24.292695999145508,-2.842655897140503
t-SNE,31383,-20.573923110961914,-16.863948822021484
t-SNE,31508,-22.925451278686523,-13.783158302307129
t-SNE,1119,-30.481460571289062,-6.5791168212890625
t-SNE,10146,-15.072876930236816,-13.151617050170898
t-SNE,7916,-5.19973611831665,-27.384490966796875
t-SNE,11570,-2.361271619796753,-5.729465484619141
t-SNE,64152,-16.44831657409668,1.6762900352478027
t-SNE,686,-5.5807600021362305,23.599605560302734
t-SNE,6382,-5.512382984161377,29.67105484008789
t-SNE,60035,-5.200604438781738,32.13392639160156
t-SNE,2167,13.568551063537598,-11.263688087463379
t-SNE,4518,-13.246793746948242,18.581111907958984
t-SNE,13052,-1.4580267667770386,22.747737884521484
t-SNE,2783,-0.8829377293586731,26.98310661315918
t-SNE,31623,-15.395509719848633,30.07973861694336
t-SNE,1834,11.059802055358887,-19.669504165649414
t-SNE,18453,-12.052074432373047,-25.17892837524414
t-SNE,52002,7.5601115226745605,-20.501312255859375
t-SNE,1483,0.4524819850921631,-25.68128204345703
t-SNE,383,-17.391494750976562,-1.4673746824264526
t-SNE,12201,15.12031078338623,-6.363760471343994
t-SNE,44174,4.622898578643799,-13.072660446166992
t-SNE,3575,8.18769359588623,-25.326818466186523
t-SNE,48434,6.085204601287842,-12.659638404846191
t-SNE,49912,4.938414573669434,-20.930950164794922
t-SNE,845,10.356593132019043,-5.418025970458984
t-SNE,920,14.667773246765137,-19.939823150634766
t-SNE,58714,10.694779396057129,-7.0634260177612305
t-SNE,6697,11.483267784118652,-21.924169540405273
t-SNE,9,4.191961288452148,-26.33572769165039
t-SNE,32356,10.42373275756836,-18.659955978393555
t-SNE,613,-5.282005786895752,-11.04967212677002
t-SNE,48903,-3.5846073627471924,-3.239284038543701
t-SNE,1833,18.262313842773438,-6.386930465698242
t-SNE,21369,10.517010688781738,-20.41083526611328
t-SNE,1009,11.868311882019043,-14.020386695861816
t-SNE,890,12.664704322814941,-24.022275924682617
t-SNE,616,12.962028503417969,-14.307929039001465
t-SNE,11043,9.805740356445312,-22.329334259033203
t-SNE,57129,6.398209571838379,27.486862182617188
PaCMAP,32394,1.8005897998809814,-4.95900821685791
PaCMAP,2972,1.584969401359558,-4.989477634429932
PaCMAP,16938,-5.239727020263672,1.7729655504226685
PaCMAP,45686,-5.249627590179443,2.164987325668335
PaCMAP,310,-0.48467543721199036,1.4142372608184814
PaCMAP,2176,-5.257422924041748,1.9809281826019287
PaCMAP,38117,-5.7292070388793945,1.714646816253662
PaCMAP,39459,-5.613214015960693,1.6350486278533936
PaCMAP,40816,-0.26473426818847656,3.8877062797546387
PaCMAP,72821,-0.42059457302093506,3.8693020343780518
PaCMAP,609,0.32014450430870056,2.788525104522705
PaCMAP,2762,-0.7649365067481995,5.646602153778076
PaCMAP,52616,-0.9476608037948608,3.8519978523254395
PaCMAP,46066,0.8821040391921997,0.24853987991809845
PaCMAP,248,0.8780129551887512,2.0800442695617676
PaCMAP,15294,1.409011721611023,3.6499202251434326
PaCMAP,48682,1.0449806451797485,-0.5864874720573425
PaCMAP,7399,0.5673757791519165,2.6394665241241455
PaCMAP,42027,-0.5923212766647339,4.228519916534424
PaCMAP,3168,1.3447370529174805,2.7659378051757812
PaCMAP,2366,1.0810834169387817,3.027473211288452
PaCMAP,49755,1.0264763832092285,4.10534143447876
PaCMAP,15452,0.5567224025726318,2.354696273803711
PaCMAP,46797,1.023105502128601,2.792978286743164
PaCMAP,34761,-0.0789860412478447,4.315634250640869
PaCMAP,765,0.8458829522132874,2.1275510787963867
PaCMAP,3606,1.375687837600708,-0.2944228947162628
PaCMAP,3607,1.6110838651657104,-0.466195285320282
PaCMAP,9685,1.0083370208740234,3.7135040760040283
PaCMAP,7145,1.3565096855163574,2.595262050628662
PaCMAP,15727,1.8601651191711426,2.5207672119140625
PaCMAP,34935,1.0427199602127075,5.015294075012207
PaCMAP,30945,1.5964866876602173,0.30124858021736145
PaCMAP,1229,-0.7111495137214661,-6.3061699867248535
PaCMAP,430,0.5338400602340698,3.9158899784088135
PaCMAP,70465,5.0466742515563965,2.561276435852051
PaCMAP,9241,0.1561168134212494,3.237243175506592
PaCMAP,64718,5.0724687576293945,3.0000908374786377
PaCMAP,1088,-1.3359051942825317,-6.828594207763672
PaCMAP,642,4.890668869018555,1.3094817399978638
PaCMAP,74915,3.6099178791046143,2.283726930618286
PaCMAP,473,3.996873140335083,1.9909937381744385
PaCMAP,70090,6.1224470138549805,1.870456337928772
PaCMAP,103,4.828540325164795,1.9970719814300537
PaCMAP,992,2.482905864715576,3.5312538146972656
PaCMAP,45499,-4.3757781982421875,-0.7893753051757812
PaCMAP,50875,-2.7440881729125977,5.027867317199707
PaCMAP,748,-2.4726974964141846,4.900947570800781
PaCMAP,3729,-1.8575652837753296,4.692121505737305
PaCMAP,12426,-4.570977687835693,3.4193618297576904
PaCMAP,68074,-4.529239654541016,3.008073091506958
PaCMAP,51249,-4.359580039978027,3.7860488891601562
PaCMAP,50256,-4.470721244812012,3.4781925678253174
PaCMAP,51411,-4.987459659576416,2.7809669971466064
PaCMAP,78578,-4.017013072967529,3.1996092796325684
PaCMAP,38133,-4.376741409301758,3.835012197494507
PaCMAP,611,7.497375011444092,0.6660391092300415
PaCMAP,53,1.7162600755691528,2.842158079147339
PaCMAP,55157,-3.708108901977539,-0.5200316309928894
PaCMAP,412,-4.783355236053467,5.2618937492370605
PaCMAP,176,-2.884361982345581,-3.7288854122161865
PaCMAP,934,6.47343111038208,1.4213849306106567
PaCMAP,62762,6.055362701416016,1.3889416456222534
PaCMAP,565,-3.296370267868042,-0.9391364455223083
PaCMAP,2653,5.170060157775879,0.18730182945728302
PaCMAP,523,4.701501846313477,2.0293290615081787
PaCMAP,13066,-4.107421398162842,-2.5449788570404053
PaCMAP,612,6.361513614654541,0.40607231855392456
PaCMAP,56324,4.298801898956299,2.2640583515167236
PaCMAP,7955,-6.488071441650391,-0.09462526440620422
PaCMAP,45968,-6.3115129470825195,-0.15534909069538116
PaCMAP,3907,-3.3804666996002197,4.563655376434326
PaCMAP,55001,-3.861114978790283,4.118269920349121
PaCMAP,3258,-3.536224126815796,4.21209716796875
PaCMAP,52924,-3.399076461791992,4.37544059753418
PaCMAP,62199,-0.6894011497497559,0.8339391946792603
PaCMAP,12792,3.9127511978149414,-1.5384548902511597
PaCMAP,45292,3.2572906017303467,0.20622193813323975
PaCMAP,1460,-3.6153388023376465,-3.072859048843384
PaCMAP,92,-1.759629249572754,-2.990751028060913
PaCMAP,9677,-2.723695993423462,-4.716621398925781
PaCMAP,27040,-0.1771642565727234,-3.48380708694458
PaCMAP,22963,-2.493879556655884,-2.2407283782958984
PaCMAP,51,-2.00434947013855,-2.5063743591308594
PaCMAP,15338,-3.7108328342437744,-1.6938810348510742
PaCMAP,86,-2.9479610919952393,-4.6011176109313965
PaCMAP,267,-2.812941789627075,-3.9779350757598877
PaCMAP,4758,-1.6152863502502441,-4.176840782165527
PaCMAP,1871,-1.5677162408828735,-3.4221854209899902
PaCMAP,54157,-2.705042600631714,-2.1395609378814697
PaCMAP,631,-7.080889701843262,0.10457204282283783
PaCMAP,48100,4.035430431365967,1.597691535949707
PaCMAP,12865,5.5133819580078125,2.305126190185547
PaCMAP,6538,2.346522808074951,2.2396485805511475
PaCMAP,49751,4.531753063201904,2.7362940311431885
PaCMAP,1115,3.4241108894348145,2.3720521926879883
PaCMAP,110661,3.551083564758301,2.3833634853363037
PaCMAP,10206,0.3548040986061096,3.986489772796631
PaCMAP,1005,0.43235740065574646,3.166602611541748
PaCMAP,698,-4.318249702453613,-0.8475584387779236
PaCMAP,218,-0.03648338466882706,2.7280359268188477
PaCMAP,172,-2.105557680130005,-1.207328200340271
PaCMAP,61519,-2.65498685836792,-0.08287180960178375
PaCMAP,67996,-2.829503059387207,0.32298681139945984
PaCMAP,6103,-1.9520944356918335,0.6420968174934387
PaCMAP,1596,-4.507241725921631,-1.1380616426467896
PaCMAP,28182,-3.927722930908203,-2.8661935329437256
PaCMAP,4094,-4.7085652351379395,2.4161832332611084
PaCMAP,1036,-2.8078722953796387,-1.1203194856643677
PaCMAP,68271,5.437822341918945,-1.8644487857818604
PaCMAP,3241,-5.325686931610107,2.0893218517303467
PaCMAP,709,-4.658984184265137,0.8067254424095154
PaCMAP,45639,6.035914421081543,-0.530935525894165
PaCMAP,62021,5.907718658447266,-0.8855488300323486
PaCMAP,521,5.431207180023193,0.5945523381233215
PaCMAP,146,6.02229642868042,-0.5477147698402405
PaCMAP,50,6.778592586517334,0.297935426235199
PaCMAP,30509,-0.7699083089828491,5.559494972229004
PaCMAP,59826,-4.025457859039307,-1.3594295978546143
PaCMAP,64029,-4.123267650604248,-1.1835296154022217
PaCMAP,42254,-4.483974933624268,-1.6115471124649048
PaCMAP,18283,-0.9612603187561035,5.724306106567383
PaCMAP,45396,1.8344906568527222,-3.099682569503784
PaCMAP,31411,1.829734206199646,-2.724229335784912
PaCMAP,1980,2.157360076904297,-2.8672468662261963
PaCMAP,101596,1.86512291431427,-3.4970626831054688
PaCMAP,11350,-6.459403991699219,1.416778564453125
PaCMAP,34503,-5.961848258972168,2.3107693195343018
PaCMAP,3670,-6.576297760009766,1.302013874053955
PaCMAP,18714,-6.496059417724609,1.5428613424301147
PaCMAP,78740,-1.5052568912506104,3.3420510292053223
PaCMAP,83296,6.692720413208008,1.751752257347107
PaCMAP,9502,-2.369295597076416,3.20628023147583
PaCMAP,6759,0.8032976984977722,4.840676307678223
PaCMAP,154,1.242623209953308,4.436131477355957
PaCMAP,16220,1.7532979249954224,5.626287460327148
PaCMAP,19668,1.8692771196365356,5.8839335441589355
PaCMAP,8590,1.5957401990890503,4.841518402099609
PaCMAP,75489,-0.3582479953765869,4.407218933105469
PaCMAP,61264,-4.592334270477295,3.734473943710327
PaCMAP,66856,-0.47548097372055054,-7.822262287139893
PaCMAP,59292,-0.5123351216316223,-6.8948140144348145
PaCMAP,10131,1.5070085525512695,-0.3911389410495758
PaCMAP,71596,-2.5901668071746826,0.609212338924408
PaCMAP,1021,0.05203793942928314,-0.6830347180366516
PaCMAP,60867,0.301739901304245,-2.3518848419189453
PaCMAP,760,0.13453665375709534,-3.160019636154175
PaCMAP,34973,-5.121744632720947,-1.8842779397964478
PaCMAP,90957,-0.329865425825119,-2.5344622135162354
PaCMAP,4295,0.6753079891204834,-2.2228360176086426
PaCMAP,59827,-2.808212995529175,2.7101399898529053
PaCMAP,973,-2.918933391571045,2.4241342544555664
PaCMAP,64948,0.8336884379386902,2.2516062259674072
PaCMAP,1031,1.570664405822754,2.123126983642578
PaCMAP,28246,0.825194239616394,2.434429883956909
PaCMAP,32743,1.1625646352767944,4.778664588928223
PaCMAP,48463,0.39150291681289673,1.8797476291656494
PaCMAP,15231,0.8676494359970093,1.847459316253662
PaCMAP,96740,-0.41682565212249756,-6.531846523284912
PaCMAP,36416,-0.137176975607872,0.5656309723854065
PaCMAP,13462,0.388528048992157,1.6109517812728882
PaCMAP,31397,1.8365590572357178,-2.6980316638946533
PaCMAP,4433,0.14604097604751587,0.8691213130950928
PaCMAP,72,-0.47083914279937744,-3.0923240184783936
PaCMAP,55,0.8385293483734131,-2.894895553588867
PaCMAP,1276,0.15198436379432678,2.676875114440918
PaCMAP,68905,-1.2066434621810913,-1.7770239114761353
PaCMAP,208,0.03723352029919624,-3.499028205871582
PaCMAP,18802,-0.25463664531707764,-3.3437016010284424
PaCMAP,417,-3.72243332862854,0.49158674478530884
PaCMAP,1196,-0.7311974763870239,-3.115673542022705
PaCMAP,90174,-2.0629868507385254,-3.4373879432678223
PaCMAP,684,1.3397088050842285,2.9773800373077393
PaCMAP,25315,0.9504707455635071,-3.021850347518921
PaCMAP,31771,-0.944642961025238,-1.5362184047698975
PaCMAP,18021,-1.5020891427993774,-1.7751926183700562
PaCMAP,30352,-0.26380157470703125,0.17919692397117615
PaCMAP,50370,-1.712090253829956,-0.31698185205459595
PaCMAP,15210,-1.115884780883789,-1.0291428565979004
PaCMAP,17162,-0.15002836287021637,-0.8296638131141663
PaCMAP,31931,-0.46306005120277405,-0.842955470085144
PaCMAP,57587,-0.3532199561595917,-0.30083969235420227
PaCMAP,4622,-0.6081978678703308,-1.6957287788391113
PaCMAP,68214,-0.27621835470199585,0.6002807021141052
PaCMAP,15286,0.28287068009376526,1.4760277271270752
PaCMAP,38259,2.232874870300293,4.6971330642700195
PaCMAP,18368,1.88997220993042,4.320709228515625
PaCMAP,51705,0.35591572523117065,5.416961669921875
PaCMAP,562,-4.591658115386963,5.047694206237793
PaCMAP,12446,-4.799399375915527,5.097789287567139
PaCMAP,6433,-4.633234024047852,4.759578704833984
PaCMAP,704,-3.872917413711548,1.823168158531189
PaCMAP,75805,-1.2839760780334473,4.321488857269287
PaCMAP,39681,-2.7327983379364014,4.138486385345459
PaCMAP,72158,-5.06252908706665,0.026602212339639664
PaCMAP,29157,-3.9530563354492188,1.766405701637268
PaCMAP,4322,-4.7384490966796875,1.0100408792495728
PaCMAP,14681,-5.151171684265137,2.587113618850708
PaCMAP,76880,-4.34496545791626,1.010477066040039
PaCMAP,84109,-1.5601098537445068,4.464187145233154
PaCMAP,43632,-3.593179225921631,4.222931385040283
PaCMAP,37735,-4.932205677032471,3.0657460689544678
PaCMAP,4193,0.6047461628913879,3.7695536613464355
PaCMAP,57384,-0.4245443642139435,3.1167562007904053
PaCMAP,11444,-1.5064970254898071,5.280189514160156
PaCMAP,63079,-4.639623641967773,3.094519853591919
PaCMAP,306,-4.5832037925720215,3.3847994804382324
PaCMAP,6457,-2.1024954319000244,4.886565685272217
PaCMAP,804,-0.04664328321814537,5.384646415710449
PaCMAP,12520,2.0066778659820557,3.667109966278076
PaCMAP,84413,-0.23474757373332977,5.365577697753906
PaCMAP,53015,-3.9036357402801514,-0.19193188846111298
PaCMAP,14728,-4.2041916847229,-0.0035050075966864824
PaCMAP,55838,-5.699651718139648,-3.21980619430542
PaCMAP,91640,-5.81744909286499,-3.112893581390381
PaCMAP,56457,-5.368419170379639,-3.382737636566162
PaCMAP,25324,-3.5140373706817627,3.9653067588806152
PaCMAP,1825,-1.8328648805618286,5.166977405548096
PaCMAP,219,-4.7976226806640625,1.5402483940124512
PaCMAP,81642,-1.556969165802002,4.802344799041748
PaCMAP,52802,-1.3496417999267578,4.194006443023682
PaCMAP,30947,0.20094327628612518,4.07395076751709
PaCMAP,65414,-0.8554823994636536,4.493907451629639
PaCMAP,30499,-0.7339233756065369,5.125561237335205
PaCMAP,43297,-1.589354395866394,3.347578525543213
PaCMAP,170,-4.332218647003174,-1.6960164308547974
PaCMAP,215,-4.77254581451416,-0.8956583738327026
PaCMAP,31666,-4.838286399841309,-1.7721894979476929
PaCMAP,701,-0.9174164533615112,3.820624351501465
PaCMAP,1251,-1.3460898399353027,4.401615619659424
PaCMAP,39358,-2.8811991214752197,2.584984064102173
PaCMAP,84951,-4.568016529083252,1.0765047073364258
PaCMAP,62318,-5.088261604309082,-1.645524024963379
PaCMAP,70052,-2.0048539638519287,4.456377983093262
PaCMAP,664,-5.358088970184326,1.1130969524383545
PaCMAP,64757,-4.639500141143799,3.233137845993042
PaCMAP,11801,-4.455881595611572,3.485474109649658
PaCMAP,54785,0.5131552815437317,2.849367380142212
PaCMAP,519,0.23304085433483124,-3.8924577236175537
PaCMAP,1444,-2.3220787048339844,-5.494748592376709
PaCMAP,1018,-0.09071419388055801,1.2453904151916504
PaCMAP,61856,-0.7033504843711853,3.877901792526245
PaCMAP,39314,0.262217253446579,3.6301047801971436
PaCMAP,88175,-1.8980083465576172,4.574765205383301
PaCMAP,70,0.46692681312561035,3.9117050170898438
PaCMAP,29675,-0.7119572758674622,3.7606911659240723
PaCMAP,15963,4.057248592376709,2.2712929248809814
PaCMAP,10464,0.662447452545166,2.143893003463745
PaCMAP,66826,-0.7542067170143127,3.7507457733154297
PaCMAP,705,-3.8883795738220215,4.129186630249023
PaCMAP,222,-1.1657277345657349,4.3919854164123535
PaCMAP,26358,0.053430892527103424,5.172474384307861
PaCMAP,1801,-1.0281782150268555,4.177567481994629
PaCMAP,42260,-0.24789023399353027,5.35612678527832
PaCMAP,93,1.2474650144577026,2.9988980293273926
PaCMAP,21548,-1.0542230606079102,5.09351110458374
PaCMAP,5749,-0.9639010429382324,4.009322643280029
PaCMAP,249,1.3736402988433838,2.7137246131896973
PaCMAP,707,-5.535728931427002,-3.0618629455566406
PaCMAP,56077,-5.413974761962891,-2.20792555809021
PaCMAP,51488,-5.452864170074463,-3.243161201477051
PaCMAP,427,-4.256226062774658,-3.607109785079956
PaCMAP,4,-4.982059478759766,-3.136247158050537
PaCMAP,75668,-5.317276477813721,-2.646937847137451
PaCMAP,12258,-4.55579137802124,-3.0133068561553955
PaCMAP,68404,-5.722458839416504,-3.705434560775757
PaCMAP,34893,-5.746898651123047,-2.4380133152008057
PaCMAP,3750,-4.809690475463867,-3.3597686290740967
PaCMAP,12770,-4.73947286605835,-2.7050538063049316
PaCMAP,12762,-5.665364742279053,-3.6846141815185547
PaCMAP,28201,-5.096551895141602,-2.3044400215148926
PaCMAP,83889,-4.65214204788208,-3.6738967895507812
PaCMAP,955,-1.0124907493591309,-3.9764225482940674
PaCMAP,9394,0.16407530009746552,2.3718175888061523
PaCMAP,33519,0.843025267124176,2.6032826900482178
PaCMAP,253,-1.2096461057662964,-3.690408706665039
PaCMAP,62615,-1.5661301612854004,4.167049407958984
PaCMAP,1826,1.9346591234207153,1.9417344331741333
PaCMAP,221,1.1663129329681396,2.5608460903167725
PaCMAP,55805,-3.669921636581421,-1.9369279146194458
PaCMAP,17666,2.145443916320801,3.7306175231933594
PaCMAP,71272,1.5648634433746338,-2.9344642162323
PaCMAP,54885,-0.3295542895793915,2.909014940261841
PaCMAP,57038,1.885839819908142,0.7398712635040283
PaCMAP,4573,3.819312334060669,1.1779974699020386
PaCMAP,62707,-0.8347932696342468,3.302525520324707
PaCMAP,606,0.06984460353851318,0.5398369431495667
PaCMAP,31226,1.4719096422195435,-1.378861665725708
PaCMAP,17786,1.2466588020324707,1.8405444622039795
PaCMAP,43040,2.27055025100708,4.822941303253174
PaCMAP,2938,1.811598300933838,2.1512913703918457
PaCMAP,40200,1.371585726737976,-0.6836182475090027
PaCMAP,64947,-2.50040864944458,2.0728633403778076
PaCMAP,12317,3.4303696155548096,0.2531900703907013
PaCMAP,590,1.42804753780365,1.3717025518417358
PaCMAP,31825,-2.6111695766448975,-4.138819217681885
PaCMAP,4421,-2.79891037940979,-3.5952305793762207
PaCMAP,56023,-2.142996072769165,-4.784777641296387
PaCMAP,31172,2.0535295009613037,-4.578273773193359
PaCMAP,96,2.1726644039154053,-4.483363628387451
PaCMAP,91209,1.5857123136520386,-4.681491851806641
PaCMAP,49504,1.9907947778701782,-4.12222146987915
PaCMAP,11416,-5.565829277038574,2.01643967628479
PaCMAP,22537,-5.147646427154541,1.8015507459640503
PaCMAP,79167,-5.125581741333008,2.6576292514801025
PaCMAP,71512,-4.8206562995910645,2.9150469303131104
PaCMAP,10296,1.5037569999694824,0.27368777990341187
PaCMAP,4056,0.604398787021637,-4.318564414978027
PaCMAP,917,1.0525972843170166,0.9375074505805969
PaCMAP,67702,0.28276950120925903,2.2685604095458984
PaCMAP,97605,1.9274159669876099,0.4714159667491913
PaCMAP,103425,0.8504676818847656,-1.0870469808578491
PaCMAP,49223,1.7876836061477661,5.613343715667725
PaCMAP,73900,-1.7267687320709229,-5.887011528015137
PaCMAP,37470,-1.6537214517593384,-6.034043312072754
PaCMAP,16602,-1.8216196298599243,-5.691181182861328
PaCMAP,9797,-1.9172686338424683,-6.008970260620117
PaCMAP,19,6.021366596221924,1.162254810333252
PaCMAP,15512,6.430402755737305,0.7094109058380127
PaCMAP,484,6.485911846160889,1.5843735933303833
PaCMAP,4608,2.6696839332580566,-2.7106473445892334
PaCMAP,1404,4.451975345611572,0.48669204115867615
PaCMAP,271,-2.121748685836792,-4.628531455993652
PaCMAP,897,4.196681022644043,-1.0951755046844482
PaCMAP,57255,2.21671199798584,3.1151821613311768
PaCMAP,23317,-4.485756874084473,1.1701971292495728
PaCMAP,25753,-4.696395397186279,2.435818910598755
PaCMAP,17565,-4.3919548988342285,3.3229761123657227
PaCMAP,88707,-4.511999607086182,3.686641216278076
PaCMAP,17387,-4.811437606811523,2.541329860687256
PaCMAP,308,-4.776866912841797,3.732426404953003
PaCMAP,69869,-5.0038065910339355,2.8820459842681885
PaCMAP,18043,-1.4115859270095825,-1.5993179082870483
PaCMAP,15451,-1.078284502029419,5.056526184082031
PaCMAP,7322,-1.4691295623779297,4.466370105743408
PaCMAP,485,5.966923713684082,-0.35022079944610596
PaCMAP,8442,6.735559940338135,1.0334174633026123
PaCMAP,147,6.406435489654541,-0.9080169796943665
PaCMAP,18,5.860793590545654,1.6604599952697754
PaCMAP,238,-4.375814914703369,-0.9969156384468079
PaCMAP,413,-4.933731555938721,-2.435868501663208
PaCMAP,728,7.08681583404541,0.8687689304351807
PaCMAP,1687,5.872501850128174,0.3812779486179352
PaCMAP,372,7.620254039764404,0.4020891487598419
PaCMAP,3016,-3.0059990882873535,-3.499647378921509
PaCMAP,1215,6.726100444793701,-0.5296597480773926
PaCMAP,13064,-3.225860357284546,-3.45357346534729
PaCMAP,38543,7.596171855926514,0.9937973618507385
PaCMAP,502,-3.362102746963501,-3.666196823120117
PaCMAP,1499,5.901730060577393,-0.49370378255844116
PaCMAP,17076,7.725897312164307,0.8830282092094421
PaCMAP,64105,5.958837985992432,-0.2432439923286438
PaCMAP,128,5.722965240478516,1.0805631875991821
PaCMAP,44034,5.908956527709961,-0.9423280954360962
PaCMAP,3128,-6.338551998138428,-0.05061182379722595
PaCMAP,43572,-6.314300537109375,0.058837391436100006
PaCMAP,25980,-5.484916687011719,0.036024391651153564
PaCMAP,11538,-5.613845348358154,-0.8820396661758423
PaCMAP,10664,4.0175981521606445,-1.9919283390045166
PaCMAP,80039,0.23962931334972382,-4.39149808883667
PaCMAP,632,-1.9797132015228271,-3.2534127235412598
PaCMAP,1733,-1.1247026920318604,-2.1502349376678467
PaCMAP,8069,-2.107301950454712,-2.6622445583343506
PaCMAP,988,-2.0540173053741455,-3.6503686904907227
PaCMAP,184,-2.333907127380371,-3.0977985858917236
PaCMAP,242,-3.2671377658843994,-4.478888988494873
PaCMAP,720,-2.463231086730957,-4.892478942871094
PaCMAP,23280,-1.1774111986160278,-1.6087144613265991
PaCMAP,669,-0.12927475571632385,-3.2661986351013184
PaCMAP,81,-3.120025396347046,-4.682193279266357
PaCMAP,536,-3.2532219886779785,-4.710361003875732
PaCMAP,257,-3.0742647647857666,-4.673704147338867
PaCMAP,78,-2.303766965866089,-4.513004779815674
PaCMAP,1000,-1.7575583457946777,-3.3051419258117676
PaCMAP,15924,-4.582947254180908,-4.119354248046875
PaCMAP,66,-2.5033175945281982,-4.484860420227051
PaCMAP,8441,-2.7017407417297363,-4.28189754486084
PaCMAP,520,-3.327461004257202,-3.6733155250549316
PaCMAP,18767,-0.9431149959564209,-2.4820151329040527
PaCMAP,141,-2.8926753997802734,-4.557346820831299
PaCMAP,826,-2.2543914318084717,-3.074604034423828
PaCMAP,825,-1.9389599561691284,-3.3374130725860596
PaCMAP,2378,-1.2578856945037842,-3.246525287628174
PaCMAP,508,-2.087766647338867,-5.551791667938232
PaCMAP,6686,1.146629810333252,-4.617941856384277
PaCMAP,6529,-2.6429812908172607,-2.817589282989502
PaCMAP,1109,0.8384093642234802,-4.629016399383545
PaCMAP,17189,-2.6165871620178223,-2.280637741088867
PaCMAP,66359,-1.4462506771087646,-5.6471734046936035
PaCMAP,145,5.0115966796875,1.806957483291626
PaCMAP,29442,-1.8662999868392944,-3.819042205810547
PaCMAP,156,-1.7100675106048584,-3.2132933139801025
PaCMAP,729,4.012684345245361,2.1708507537841797
PaCMAP,6086,-1.5216641426086426,-6.327999114990234
PaCMAP,51694,-2.6897218227386475,0.015184413641691208
PaCMAP,11721,-2.256284236907959,-0.6697547435760498
PaCMAP,818,-2.899061441421509,-0.39976629614830017
PaCMAP,65560,-2.7878923416137695,-0.22606661915779114
PaCMAP,1835,-2.5034682750701904,-0.6837908625602722
PaCMAP,10858,-2.7099246978759766,-1.0602813959121704
PaCMAP,48002,-2.641955852508545,-0.4044024348258972
PaCMAP,15134,5.155002593994141,0.739090085029602
PaCMAP,6493,-1.8566642999649048,-1.3370509147644043
PaCMAP,47459,-2.27256441116333,-1.9656814336776733
PaCMAP,1701,-2.8454854488372803,-5.005543231964111
PaCMAP,8019,-2.4441568851470947,-0.7237617373466492
PaCMAP,10190,-3.047316789627075,-1.1737210750579834
PaCMAP,51589,-2.4486794471740723,-2.290931463241577
PaCMAP,685,-2.295675277709961,-0.8689008951187134
PaCMAP,43324,-3.6894783973693848,-0.33057206869125366
PaCMAP,35,0.3060464859008789,3.5151684284210205
PaCMAP,67527,-4.094509124755859,0.8203825950622559
PaCMAP,3782,-2.8821115493774414,-0.6233781576156616
PaCMAP,39070,-2.2329652309417725,-0.9937185645103455
PaCMAP,5609,-3.0499348640441895,-2.3238284587860107
PaCMAP,66098,-2.9195122718811035,-0.48448988795280457
PaCMAP,498,-1.844903826713562,-6.140228748321533
PaCMAP,275,5.646869659423828,0.872725784778595
PaCMAP,12345,3.209404468536377,-2.4513142108917236
PaCMAP,11,3.127774715423584,-2.4549152851104736
PaCMAP,687,-3.5816667079925537,-4.562994003295898
PaCMAP,2068,3.050032377243042,-2.164764642715454
PaCMAP,88,-2.6380655765533447,-4.316615581512451
PaCMAP,4941,-2.901374101638794,-4.3026509284973145
PaCMAP,547,-2.9518539905548096,-4.692874431610107
PaCMAP,50748,-3.2395002841949463,-4.572484016418457
PaCMAP,31233,-5.124989986419678,-1.6826015710830688
PaCMAP,17511,-4.135872840881348,-1.3679494857788086
PaCMAP,1795,2.1305692195892334,-3.4607174396514893
PaCMAP,12424,2.6694931983947754,-2.818822145462036
PaCMAP,12767,1.5013930797576904,-3.580305576324463
PaCMAP,31040,1.8964775800704956,-3.3175997734069824
PaCMAP,20,1.6942037343978882,-3.223454475402832
PaCMAP,990,-6.633365154266357,1.3611685037612915
PaCMAP,72365,-6.42041015625,1.519104242324829
PaCMAP,39738,-6.364987373352051,1.8838469982147217
PaCMAP,22839,3.7715225219726562,-0.2880067825317383
PaCMAP,12425,-2.204662322998047,3.1370925903320312
PaCMAP,57035,-0.21424995362758636,4.313678741455078
PaCMAP,8315,4.184205055236816,0.015981536358594894
PaCMAP,1335,1.3369308710098267,-3.090198516845703
PaCMAP,52197,1.685194492340088,5.429956912994385
PaCMAP,13195,-0.6002269983291626,-8.2133207321167
PaCMAP,14187,-1.1726683378219604,-7.383233070373535
PaCMAP,1427,-0.6599133014678955,-8.257974624633789
PaCMAP,69386,-0.7867763638496399,-7.918608665466309
PaCMAP,45668,-6.082687854766846,1.7117760181427002
PaCMAP,395,-0.39624372124671936,-6.961410999298096
PaCMAP,88636,-3.7909505367279053,-0.3359535336494446
PaCMAP,38260,3.825934648513794,-1.0824341773986816
PaCMAP,3142,3.949049472808838,-1.381301760673523
PaCMAP,209,-2.5943398475646973,-2.5974361896514893
PaCMAP,14319,0.17229603230953217,-1.1482746601104736
PaCMAP,46885,1.0738118886947632,-2.787144899368286
PaCMAP,53441,0.7080561518669128,-1.8623223304748535
PaCMAP,20542,1.1089839935302734,-4.599231243133545
PaCMAP,60891,-0.4973948001861572,-3.2567474842071533
PaCMAP,78574,1.3368160724639893,-4.737577438354492
PaCMAP,48681,0.6829411387443542,-3.917865037918091
PaCMAP,6386,0.6852805614471436,-1.59844970703125
PaCMAP,2797,-0.0553763210773468,-3.4099276065826416
PaCMAP,2432,0.9943897724151611,-2.3346383571624756
PaCMAP,33500,-3.7907183170318604,2.5916903018951416
PaCMAP,34810,-2.8654086589813232,2.144324779510498
PaCMAP,6437,-1.5663233995437622,-6.3696088790893555
PaCMAP,103256,-0.9973474740982056,-5.800486087799072
PaCMAP,1107,-1.7150163650512695,-6.039914131164551
PaCMAP,69001,-1.0810147523880005,1.2146120071411133
PaCMAP,12321,1.2377135753631592,-2.9274513721466064
PaCMAP,28711,1.9041393995285034,-4.131768703460693
PaCMAP,327,-2.9440808296203613,-4.578431129455566
PaCMAP,9370,-0.038599442690610886,-3.459514856338501
PaCMAP,1106,0.727741539478302,-3.500882625579834
PaCMAP,94,-2.932111978530884,-4.626899242401123
PaCMAP,780,0.7566211819648743,-3.2151448726654053
PaCMAP,15555,0.2907770276069641,-3.616912841796875
PaCMAP,12310,-0.49388810992240906,-3.87361478805542
PaCMAP,49331,1.1443445682525635,-2.766425609588623
PaCMAP,4521,0.3207815885543823,-3.81569242477417
PaCMAP,45977,-1.282899260520935,-2.908766508102417
PaCMAP,142,0.655721127986908,-3.422501802444458
PaCMAP,1771,1.9121966361999512,-3.031087636947632
PaCMAP,4771,1.4300487041473389,-3.2486765384674072
PaCMAP,43871,-1.2692381143569946,-1.9555209875106812
PaCMAP,205,0.5813285112380981,-1.106227159500122
PaCMAP,33,-0.8525294065475464,-1.6025820970535278
PaCMAP,1148,-0.8239010572433472,-1.8441694974899292
PaCMAP,42580,-0.7642420530319214,-2.4451801776885986
PaCMAP,601,-0.8714601993560791,-1.8368474245071411
PaCMAP,6461,-1.5585236549377441,-2.0431904792785645
PaCMAP,52359,-1.7648273706436157,-1.9831807613372803
PaCMAP,18702,-0.8153750896453857,-1.3434988260269165
PaCMAP,58562,-0.18370047211647034,-0.8520275950431824
PaCMAP,6166,-0.8329296708106995,-1.497477650642395
PaCMAP,13041,0.30760669708251953,-0.5784546136856079
PaCMAP,29083,-0.2982703745365143,-0.8332576751708984
PaCMAP,5512,-0.38855820894241333,-0.9101519584655762
PaCMAP,14214,-0.9708201289176941,-1.3402295112609863
PaCMAP,60105,-6.198549270629883,-0.6435058116912842
PaCMAP,456,-4.86936616897583,4.997114658355713
PaCMAP,45838,-4.760744094848633,4.874451160430908
PaCMAP,6459,-4.78950834274292,5.128285884857178
PaCMAP,14982,-4.020620346069336,0.9043182730674744
PaCMAP,50384,-5.468635559082031,1.1726725101470947
PaCMAP,600,-3.4212241172790527,0.18630272150039673
PaCMAP,975,-4.539950847625732,2.987199068069458
PaCMAP,4410,-4.374452590942383,1.2473621368408203
PaCMAP,802,-5.0444769859313965,1.793891429901123
PaCMAP,819,-5.096007823944092,1.912502408027649
PaCMAP,93628,-5.584743499755859,2.2947449684143066
PaCMAP,15335,-4.441125869750977,0.5733392238616943
PaCMAP,768,-4.36814546585083,0.08979535102844238
PaCMAP,79846,-3.635556221008301,2.379056453704834
PaCMAP,31661,-4.0427045822143555,0.15275311470031738
PaCMAP,39970,-4.639642238616943,0.8594193458557129
PaCMAP,35973,-4.396322250366211,-0.06357844173908234
PaCMAP,56741,-5.285045146942139,0.5083850026130676
PaCMAP,99254,-4.846774578094482,0.8994996547698975
PaCMAP,69117,-4.618004322052002,0.47010213136672974
PaCMAP,76824,-4.791223049163818,1.4528443813323975
PaCMAP,67004,4.300305366516113,-1.1408485174179077
PaCMAP,105520,-3.727149724960327,-0.08104845881462097
PaCMAP,74962,-3.7158470153808594,-0.09380041807889938
PaCMAP,73990,-3.2911276817321777,-1.5156865119934082
PaCMAP,121870,-3.713428258895874,-0.3103694021701813
PaCMAP,49098,-5.657504081726074,-3.5680196285247803
PaCMAP,105331,-5.744105339050293,-3.6123087406158447
PaCMAP,90733,-5.690815448760986,-3.699920892715454
PaCMAP,82595,-5.650111675262451,-3.051975965499878
PaCMAP,70189,-6.302582740783691,1.4432222843170166
PaCMAP,33514,-1.0557795763015747,2.8824563026428223
PaCMAP,6463,-4.358482360839844,1.345766305923462
PaCMAP,13710,-4.330450534820557,-1.4059268236160278
PaCMAP,94979,-4.266073226928711,1.4475353956222534
PaCMAP,14845,-1.504685401916504,3.0876691341400146
PaCMAP,55766,0.859817624092102,-4.189676761627197
PaCMAP,7993,-6.416497707366943,-0.0963645949959755
PaCMAP,43476,-5.442265033721924,1.7479100227355957
PaCMAP,95752,-3.7886834144592285,-0.8497635126113892
PaCMAP,67578,-2.6503868103027344,-2.51819109916687
PaCMAP,667,0.7620266079902649,-3.4511618614196777
PaCMAP,4566,1.0636476278305054,-3.48486065864563
PaCMAP,58912,0.7527570128440857,-3.7403404712677
PaCMAP,5576,0.7540444731712341,-3.9215493202209473
PaCMAP,1138,-2.346177577972412,4.789822101593018
PaCMAP,1014,-0.6531549096107483,-3.6841139793395996
PaCMAP,67502,4.0093889236450195,2.6761474609375
PaCMAP,18490,0.0009733884944580495,4.314713954925537
PaCMAP,13442,-2.811647891998291,4.935578346252441
PaCMAP,49270,1.9570934772491455,2.6206088066101074
PaCMAP,210,-3.184006690979004,-4.57626485824585
PaCMAP,214,-4.9854736328125,-3.44435453414917
PaCMAP,9045,-4.303710460662842,-2.3313279151916504
PaCMAP,1361,-0.9237639307975769,-5.595504283905029
PaCMAP,62036,-5.350680351257324,-3.297086477279663
PaCMAP,44894,-5.6554341316223145,-3.493290424346924
PaCMAP,236,-4.102417469024658,-4.486128807067871
PaCMAP,3,-3.9548606872558594,-4.091432571411133
PaCMAP,813,-3.9313247203826904,-3.3313841819763184
PaCMAP,244,-2.927633047103882,-4.978203773498535
PaCMAP,43718,-5.014676570892334,-3.043497085571289
PaCMAP,27571,-3.0467212200164795,-2.749283790588379
PaCMAP,68578,-3.8273136615753174,-3.1284050941467285
PaCMAP,46145,-5.371100425720215,-3.091585874557495
PaCMAP,6341,-3.4362075328826904,-3.898664951324463
PaCMAP,296,-4.125575542449951,-3.934898614883423
PaCMAP,12878,-4.500292778015137,-4.018054008483887
PaCMAP,24785,-5.250465393066406,-2.9074020385742188
PaCMAP,808,-4.8405561447143555,-3.990706443786621
PaCMAP,8840,-4.260037422180176,-3.5888285636901855
PaCMAP,869,-5.026162147521973,-3.1269164085388184
PaCMAP,27,-4.109007358551025,-3.9039056301116943
PaCMAP,30815,-4.943288803100586,-3.3373498916625977
PaCMAP,6458,2.68344783782959,-1.6977535486221313
PaCMAP,40069,2.051260471343994,-4.353522300720215
PaCMAP,152,-1.9169224500656128,-5.643866539001465
PaCMAP,993,4.215486526489258,0.036605048924684525
PaCMAP,78656,-1.5286428928375244,2.6891603469848633
PaCMAP,26127,1.4825842380523682,-1.0798994302749634
PaCMAP,1024,-5.770824909210205,-2.3844423294067383
PaCMAP,1574,0.3765999376773834,-0.8733400106430054
PaCMAP,1360,2.1988649368286133,-4.794461250305176
PaCMAP,10856,2.0931100845336914,-3.9818358421325684
PaCMAP,3956,1.8665533065795898,1.5770057439804077
PaCMAP,26372,0.5115434527397156,-1.6981048583984375
PaCMAP,3678,1.7873207330703735,0.710843563079834
PaCMAP,171,-3.413860559463501,-4.253053665161133
PaCMAP,15261,-2.5830671787261963,-3.315108299255371
PaCMAP,91688,-4.136216640472412,-3.63358211517334
PaCMAP,18180,-2.607043504714966,-3.423318862915039
PaCMAP,6805,-4.624809741973877,-3.1011886596679688
PaCMAP,37889,1.368835687637329,-4.652960777282715
PaCMAP,22964,1.4061051607131958,-4.669287204742432
PaCMAP,30549,-5.518085479736328,1.998021125793457
PaCMAP,40031,3.13228702545166,1.5868761539459229
PaCMAP,51037,3.7171785831451416,1.9093093872070312
PaCMAP,75064,2.6277520656585693,3.229142427444458
PaCMAP,56294,1.3341257572174072,3.043534755706787
PaCMAP,42936,1.19268798828125,0.1837017983198166
PaCMAP,122212,-3.8951966762542725,4.664660453796387
PaCMAP,1742,-1.005159616470337,-7.350924968719482
PaCMAP,70985,-1.2162667512893677,-6.331051349639893
PaCMAP,59021,-1.130210518836975,-6.7058234214782715
PaCMAP,27996,-1.2968199253082275,-6.650849342346191
PaCMAP,47255,-1.5366297960281372,-6.090653419494629
PaCMAP,50757,4.982810974121094,3.0152690410614014
PaCMAP,507,5.432413578033447,1.5949918031692505
PaCMAP,29727,3.9683597087860107,3.1011080741882324
PaCMAP,25529,-0.5937408208847046,-8.36240005493164
PaCMAP,637,5.025299072265625,1.7313896417617798
PaCMAP,2069,4.365848541259766,1.631286382675171
PaCMAP,70424,6.284148216247559,1.4390618801116943
PaCMAP,829,4.156731605529785,1.5393401384353638
PaCMAP,258,5.2055487632751465,1.5947020053863525
PaCMAP,231,4.569349765777588,1.4988441467285156
PaCMAP,53400,3.8384416103363037,1.5416609048843384
PaCMAP,68753,4.1907219886779785,0.3223727345466614
PaCMAP,65147,4.304296493530273,-1.1423314809799194
PaCMAP,570,5.351032257080078,2.0154683589935303
PaCMAP,67997,3.606393575668335,3.320986747741699
PaCMAP,15754,4.753548622131348,1.765751600265503
PaCMAP,59064,4.747357368469238,1.6590014696121216
PaCMAP,78288,-2.18143367767334,4.804309368133545
PaCMAP,91499,-4.62869930267334,3.3962907791137695
PaCMAP,410,7.500429630279541,1.145543098449707
PaCMAP,276,7.420159339904785,0.8781705498695374
PaCMAP,2318,7.173394680023193,1.3834450244903564
PaCMAP,83,6.903751373291016,1.1711368560791016
PaCMAP,84094,7.569443225860596,0.9009952545166016
PaCMAP,67370,7.265425682067871,1.367202877998352
PaCMAP,472,5.892773628234863,-0.20761913061141968
PaCMAP,12192,7.54415225982666,0.9549757838249207
PaCMAP,1068,5.362948417663574,1.8763130903244019
PaCMAP,899,-5.619467735290527,-0.3455813229084015
PaCMAP,2060,7.147285461425781,0.9823200702667236
PaCMAP,788,6.177979946136475,1.6870585680007935
PaCMAP,153,-0.6737192869186401,-8.250728607177734
PaCMAP,70839,4.718325614929199,-0.6893247365951538
PaCMAP,3256,7.466569423675537,1.1166433095932007
PaCMAP,30567,7.175979137420654,1.1768428087234497
PaCMAP,17256,7.12383508682251,0.95222407579422
PaCMAP,81423,6.8940205574035645,1.3255984783172607
PaCMAP,72439,5.853150844573975,1.5279829502105713
PaCMAP,29818,7.17500114440918,1.120377779006958
PaCMAP,92647,6.7815842628479,0.687519371509552
PaCMAP,373,7.625229358673096,0.8631783723831177
PaCMAP,46296,5.366856575012207,1.305650234222412
PaCMAP,15336,6.216086387634277,1.197359323501587
PaCMAP,53806,-6.046825885772705,-0.11574319750070572
PaCMAP,17140,-6.564131736755371,-0.1899949014186859
PaCMAP,89234,-3.360532760620117,4.448243141174316
PaCMAP,7350,4.2516398429870605,-1.6483509540557861
PaCMAP,6063,-0.3708907663822174,-3.210944175720215
PaCMAP,6311,-2.0615217685699463,-3.335984230041504
PaCMAP,53804,-1.6854811906814575,-5.568846225738525
PaCMAP,84035,-1.224685549736023,-3.185518503189087
PaCMAP,857,6.594472408294678,1.5759315490722656
PaCMAP,67916,5.301355361938477,2.9156665802001953
PaCMAP,66042,5.275030136108398,2.5895652770996094
PaCMAP,31861,3.792909860610962,2.242835760116577
PaCMAP,43402,3.8951363563537598,1.6284292936325073
PaCMAP,5002,0.600486695766449,3.825521230697632
PaCMAP,31445,5.190136909484863,1.2101293802261353
PaCMAP,3785,4.755274772644043,2.122911214828491
PaCMAP,107084,3.973323106765747,1.8670661449432373
PaCMAP,48965,-0.7037055492401123,3.297489881515503
PaCMAP,13549,5.5925774574279785,2.84653639793396
PaCMAP,7792,4.144631385803223,2.2118887901306152
PaCMAP,4441,3.86611008644104,2.4394171237945557
PaCMAP,46890,6.174522876739502,-1.2176039218902588
PaCMAP,11784,0.45798012614250183,3.5793302059173584
PaCMAP,89050,6.121582508087158,-1.0735288858413696
PaCMAP,68326,-2.4053022861480713,0.04600469022989273
PaCMAP,1605,-4.216538429260254,4.534743309020996
PaCMAP,78611,5.659389019012451,2.685269832611084
PaCMAP,46165,-2.349626064300537,-1.844496726989746
PaCMAP,11502,-2.7179718017578125,-1.8874908685684204
PaCMAP,43531,6.504345893859863,1.2351652383804321
PaCMAP,60,6.811392307281494,1.0277912616729736
PaCMAP,6314,6.546971797943115,1.4919734001159668
PaCMAP,30928,6.199705123901367,-0.594930112361908
PaCMAP,72040,5.988532543182373,-0.8643249273300171
PaCMAP,17322,5.859800815582275,0.31265732645988464
PaCMAP,12311,6.231210708618164,2.0477163791656494
PaCMAP,889,6.535738945007324,0.40766429901123047
PaCMAP,59597,5.157584190368652,-0.23311379551887512
PaCMAP,43037,-0.9946890473365784,5.488320827484131
PaCMAP,69010,2.040992021560669,-2.9871349334716797
PaCMAP,69708,2.2314305305480957,-3.162463903427124
PaCMAP,17774,-6.378843307495117,1.8266088962554932
PaCMAP,30551,-6.445512771606445,1.8438571691513062
PaCMAP,2550,7.0892333984375,0.08683104813098907
PaCMAP,3166,-0.1328660249710083,3.283057689666748
PaCMAP,95863,4.229254722595215,0.042945075780153275
PaCMAP,10559,4.212770462036133,0.25489944219589233
PaCMAP,7344,4.153859615325928,0.6065399646759033
PaCMAP,228,3.8171215057373047,1.33888578414917
PaCMAP,28499,2.196519136428833,4.716305255889893
PaCMAP,331,5.635538101196289,2.3985421657562256
PaCMAP,59532,-0.6003115177154541,-8.249772071838379
PaCMAP,42747,-0.5793874859809875,-8.245789527893066
PaCMAP,90451,-0.5981541872024536,-8.365633010864258
PaCMAP,66266,-0.6109222769737244,-8.379362106323242
PaCMAP,75421,-0.4080842137336731,-6.841784477233887
PaCMAP,25382,-0.26201555132865906,-6.226982116699219
PaCMAP,27322,4.923011779785156,-2.007344961166382
PaCMAP,735,2.8062586784362793,-0.36308398842811584
PaCMAP,53471,-0.45673054456710815,-7.946394920349121
PaCMAP,66120,0.8149922490119934,-1.0864994525909424
PaCMAP,90433,4.0204877853393555,0.03953234851360321
PaCMAP,6334,0.9740560054779053,-4.299808502197266
PaCMAP,18222,-2.8381738662719727,2.447175979614258
PaCMAP,1198,-1.1413018703460693,-6.624199390411377
PaCMAP,1063,-0.1479789763689041,-6.296189785003662
PaCMAP,62616,-0.788994312286377,-6.4781107902526855
PaCMAP,37753,-0.8200676441192627,-6.645264625549316
PaCMAP,27711,1.0739461183547974,-3.71734881401062
PaCMAP,60665,-0.082644522190094,-3.587939977645874
PaCMAP,52483,1.0457361936569214,-3.7121522426605225
PaCMAP,62617,2.224484920501709,-2.9675285816192627
PaCMAP,35226,-4.727891445159912,3.7490339279174805
PaCMAP,125485,1.0621705055236816,-0.14783042669296265
PaCMAP,68998,0.9034732580184937,0.4589003920555115
PaCMAP,79171,-0.4831717014312744,-7.675201416015625
PaCMAP,36247,1.1545162200927734,4.679899215698242
PaCMAP,105519,-0.5588428378105164,5.424269199371338
PaCMAP,4491,-4.61519718170166,4.9955267906188965
PaCMAP,24922,6.341306686401367,-0.9367566704750061
PaCMAP,30529,-0.9569676518440247,5.269786834716797
PaCMAP,62775,-1.6544042825698853,-5.973946571350098
PaCMAP,30721,-1.6854407787322998,5.103453636169434
PaCMAP,91883,-1.3738714456558228,3.9431753158569336
PaCMAP,45706,6.972431182861328,0.6033863425254822
PaCMAP,25977,-2.990295171737671,-0.21941600739955902
PaCMAP,16067,0.26651531457901,5.276054382324219
PaCMAP,93818,-0.3213377892971039,5.262307167053223
PaCMAP,17145,-3.7870848178863525,-0.14933408796787262
PaCMAP,16657,5.671108722686768,1.120776653289795
PaCMAP,83483,-1.8857225179672241,3.624762535095215
PaCMAP,45258,-2.358128547668457,2.908811330795288
PaCMAP,88083,-1.552276849746704,4.312368392944336
PaCMAP,46038,-0.934373676776886,4.011775970458984
PaCMAP,64788,0.21927183866500854,-3.7646379470825195
PaCMAP,68415,1.633466124534607,3.7174973487854004
PaCMAP,5242,-0.654382050037384,5.698586940765381
PaCMAP,51704,-3.206430673599243,4.632324695587158
PaCMAP,23711,0.8046928644180298,5.2701640129089355
PaCMAP,15948,0.9877797365188599,2.772822380065918
PaCMAP,68283,0.20594161748886108,2.49296236038208
PaCMAP,44128,-5.5755934715271,-3.387083053588867
PaCMAP,64805,-4.591131210327148,-3.332487106323242
PaCMAP,72556,-4.942866325378418,-3.1011734008789062
PaCMAP,35234,-5.205482006072998,-3.873055934906006
PaCMAP,64338,2.6366477012634277,1.5988725423812866
PaCMAP,15211,5.682755947113037,-0.21798960864543915
PaCMAP,31872,5.221380233764648,0.17632462084293365
PaCMAP,62101,5.573622226715088,-1.057378888130188
PaCMAP,16445,-0.4680899381637573,-7.69501256942749
PaCMAP,77,3.9514291286468506,1.5488640069961548
PaCMAP,26845,5.706745624542236,-0.2906399369239807
PaCMAP,5581,-0.6510528326034546,2.4529387950897217
PaCMAP,74121,2.784061908721924,1.5085855722427368
PaCMAP,96817,5.129868984222412,-1.6955934762954712
PaCMAP,14838,-3.0080623626708984,-4.259274005889893
PaCMAP,16546,4.430593490600586,-0.8282707929611206
PaCMAP,25780,-5.268273830413818,2.185401678085327
PaCMAP,31909,3.488131046295166,3.1472809314727783
PaCMAP,2056,3.335676670074463,3.11660099029541
PaCMAP,6472,1.1836239099502563,3.2978861331939697
PaCMAP,96246,1.679744005203247,3.723864793777466
PaCMAP,15295,1.131574273109436,3.0396785736083984
PaCMAP,1998,3.2146663665771484,2.8157849311828613
PaCMAP,34730,0.672632098197937,0.6886148452758789
PaCMAP,15967,0.15261070430278778,0.6748788952827454
PaCMAP,75182,1.5860663652420044,2.8936362266540527
PaCMAP,55166,1.7202997207641602,0.1697557121515274
PaCMAP,69923,2.00946044921875,4.907421588897705
PaCMAP,79942,1.7794759273529053,5.703085422515869
PaCMAP,31827,-4.6181111335754395,5.090381145477295
PaCMAP,17150,-4.120373725891113,5.024581432342529
PaCMAP,375,-1.5589390993118286,-6.301082134246826
PaCMAP,101438,-0.6122333407402039,-6.844003677368164
PaCMAP,14225,4.349199295043945,2.911065101623535
PaCMAP,5521,2.1170570850372314,3.5247464179992676
PaCMAP,14669,5.75303840637207,1.3285943269729614
PaCMAP,614,4.380612850189209,1.214927077293396
PaCMAP,46513,-0.39867180585861206,4.562610626220703
PaCMAP,71761,1.0145506858825684,4.12422513961792
PaCMAP,371,3.6402766704559326,-1.0278472900390625
PaCMAP,69,4.010376930236816,1.2810579538345337
PaCMAP,81508,4.316186428070068,2.5645875930786133
PaCMAP,307,4.696526050567627,2.2151570320129395
PaCMAP,38686,4.77260684967041,2.828813076019287
PaCMAP,71888,3.9074859619140625,0.7286249399185181
PaCMAP,390,3.9492900371551514,1.7387217283248901
PaCMAP,45343,3.8949859142303467,2.806011199951172
PaCMAP,113,3.418755292892456,0.36084920167922974
PaCMAP,3508,5.06859016418457,1.780391812324524
PaCMAP,48138,4.479856014251709,2.9626901149749756
PaCMAP,41698,5.628298759460449,1.0366442203521729
PaCMAP,88995,-4.4543538093566895,3.3126602172851562
PaCMAP,89051,-4.667768478393555,3.6083476543426514
PaCMAP,80482,-0.30047667026519775,5.007457256317139
PaCMAP,17,5.262360572814941,1.369280219078064
PaCMAP,34696,5.981924533843994,-0.9931420087814331
PaCMAP,25967,3.9415745735168457,2.7303450107574463
PaCMAP,9099,4.845737457275391,2.0418524742126465
PaCMAP,721,7.201595783233643,1.2470589876174927
PaCMAP,52180,5.493954658508301,1.7790888547897339
PaCMAP,644,5.755537509918213,1.7968069314956665
PaCMAP,607,7.240423679351807,1.6079672574996948
PaCMAP,18471,-0.6219595074653625,-8.46556568145752
PaCMAP,5752,6.764169692993164,1.1535546779632568
PaCMAP,44035,-0.6769771575927734,-8.269059181213379
PaCMAP,297,5.536137104034424,1.4804469347000122
PaCMAP,8282,5.564226150512695,-0.7641420960426331
PaCMAP,33443,4.547541618347168,1.1820166110992432
PaCMAP,66097,-1.4020192623138428,-2.569077253341675
PaCMAP,68226,-1.890613317489624,3.4633450508117676
PaCMAP,50495,0.15333712100982666,4.003324508666992
PaCMAP,55785,-6.47886323928833,-0.2285086065530777
PaCMAP,120986,-6.782409191131592,-0.2811228632926941
PaCMAP,1426,-2.469606399536133,3.239503860473633
PaCMAP,102772,-3.4841742515563965,4.512160301208496
PaCMAP,1822,0.4285893440246582,0.8261125087738037
PaCMAP,207,4.837340831756592,-1.9785397052764893
PaCMAP,31352,5.133273124694824,-2.1033451557159424
PaCMAP,15514,-5.086728572845459,-3.3480825424194336
PaCMAP,10314,-1.9661215543746948,-4.424860954284668
PaCMAP,78576,-2.0303642749786377,-3.3076634407043457
PaCMAP,83621,-2.930734395980835,-2.8249645233154297
PaCMAP,31798,-0.012088946998119354,-3.837298631668091
PaCMAP,1607,-2.03254771232605,-3.0753064155578613
PaCMAP,18306,2.590522527694702,0.21493682265281677
PaCMAP,75487,5.1259846687316895,2.631411552429199
PaCMAP,45707,-0.7196590900421143,-7.946706771850586
PaCMAP,734,5.0547966957092285,2.1791820526123047
PaCMAP,815,-0.35976290702819824,-6.5641279220581055
PaCMAP,45956,5.7533698081970215,2.853752374649048
PaCMAP,2736,4.5859832763671875,2.7499942779541016
PaCMAP,799,4.984665870666504,2.5303738117218018
PaCMAP,15462,1.9268211126327515,3.066972494125366
PaCMAP,14825,5.05674934387207,2.5115835666656494
PaCMAP,25251,3.203566551208496,3.2502386569976807
PaCMAP,148,4.40328311920166,2.640630006790161
PaCMAP,51353,3.5885112285614014,2.5773532390594482
PaCMAP,9828,-1.6890422105789185,-0.2117093801498413
PaCMAP,38914,-2.859954833984375,-0.35163772106170654
PaCMAP,32172,-3.030318021774292,-0.31571492552757263
PaCMAP,98689,6.038148880004883,-1.6028457880020142
PaCMAP,23295,5.24319314956665,-2.0245206356048584
PaCMAP,10554,-4.500826835632324,0.7852999567985535
PaCMAP,11588,-0.8988296389579773,1.154364824295044
PaCMAP,58226,-3.438229560852051,0.07383202761411667
PaCMAP,38497,-0.8056049942970276,-1.5086315870285034
PaCMAP,46098,-3.5709307193756104,0.0019452343694865704
PaCMAP,913,-1.4200650453567505,-5.222477436065674
PaCMAP,3865,6.181441783905029,-0.9234416484832764
PaCMAP,46336,5.206658363342285,-0.553769588470459
PaCMAP,1261,6.154954433441162,-0.8867408037185669
PaCMAP,8098,-1.1693329811096191,-6.413684368133545
PaCMAP,770,5.797423839569092,-0.4978720247745514
PaCMAP,68794,5.989809513092041,0.25164514780044556
PaCMAP,45651,-4.61557149887085,-1.3864896297454834
PaCMAP,605,4.3721022605896,-1.6022670269012451
PaCMAP,54275,-4.236072063446045,-1.4204185009002686
PaCMAP,13016,1.7224293947219849,-3.3740315437316895
PaCMAP,27417,1.8818020820617676,-3.2522146701812744
PaCMAP,13015,2.028062343597412,-3.042304515838623
PaCMAP,75126,2.220043659210205,-3.090909004211426
PaCMAP,18755,-6.4943461418151855,2.0068790912628174
PaCMAP,9075,-0.4519730806350708,4.046744346618652
PaCMAP,593,-0.05473930761218071,4.231546401977539
PaCMAP,90953,4.723736763000488,1.1338648796081543
PaCMAP,50239,1.6809366941452026,5.431239128112793
PaCMAP,1849,1.83778715133667,5.821948051452637
PaCMAP,12863,3.2905964851379395,-1.2590057849884033
PaCMAP,68716,2.303701639175415,5.055221080780029
PaCMAP,11771,1.9483455419540405,5.715180397033691
PaCMAP,102882,1.6160656213760376,5.647769451141357
PaCMAP,4524,0.3533758223056793,3.6427533626556396
PaCMAP,6332,1.561275601387024,4.634795665740967
PaCMAP,9224,1.1317371129989624,5.183539867401123
PaCMAP,466,-0.6080241203308105,-8.296311378479004
PaCMAP,64104,-0.5435940027236938,-8.123823165893555
PaCMAP,4523,-6.6609649658203125,1.7228565216064453
PaCMAP,95642,-0.5651401877403259,-8.099128723144531
PaCMAP,54720,-0.35637685656547546,-6.939605712890625
PaCMAP,55963,-0.5387040376663208,-7.178417205810547
PaCMAP,25316,5.040120601654053,-1.9711308479309082
PaCMAP,75811,4.127819061279297,-1.2979977130889893
PaCMAP,53224,5.133175373077393,-2.0969507694244385
PaCMAP,36679,0.8914371728897095,-1.6829172372817993
PaCMAP,31351,1.053708553314209,-1.9263739585876465
PaCMAP,78658,0.26512080430984497,-3.077150821685791
PaCMAP,53742,1.3497462272644043,-0.4939548969268799
PaCMAP,50790,3.843646287918091,-0.34244003891944885
PaCMAP,51469,0.18940500915050507,-2.8997817039489746
PaCMAP,918,1.3747904300689697,0.2659359276294708
PaCMAP,52015,-2.9082000255584717,2.4829959869384766
PaCMAP,83842,1.2175793647766113,4.554478168487549
PaCMAP,70776,1.0562269687652588,2.4272491931915283
PaCMAP,24192,-5.812631607055664,1.9842981100082397
PaCMAP,12134,1.2186635732650757,2.1180613040924072
PaCMAP,31219,1.1374914646148682,2.5303468704223633
PaCMAP,474,0.21218834817409515,-5.3102593421936035
PaCMAP,70646,0.005189419724047184,-5.830921173095703
PaCMAP,610,-0.5054416656494141,0.6409116387367249
PaCMAP,1282,0.0472271591424942,1.081580638885498
PaCMAP,17796,-0.08842461556196213,0.6857737898826599
PaCMAP,32269,-0.07995130121707916,2.3428173065185547
PaCMAP,1150,-3.7758734226226807,-0.8363507986068726
PaCMAP,39029,1.5118134021759033,-3.288334608078003
PaCMAP,13014,0.1948392689228058,-1.212788701057434
PaCMAP,65738,2.6144697666168213,1.735862374305725
PaCMAP,3552,1.339013934135437,-3.3811748027801514
PaCMAP,46400,1.7355387210845947,-3.503617525100708
PaCMAP,595,0.09567752480506897,-3.336880683898926
PaCMAP,55795,-1.4028406143188477,-1.1764966249465942
PaCMAP,55858,-0.10555346310138702,-0.937080979347229
PaCMAP,1715,0.3937361538410187,-0.1295340210199356
PaCMAP,1142,0.481488436460495,1.5236999988555908
PaCMAP,27656,0.6975881457328796,1.4077465534210205
PaCMAP,58781,0.47439369559288025,0.4571772515773773
PaCMAP,28049,0.11546891927719116,-0.7955962419509888
PaCMAP,46598,0.9643531441688538,5.176546096801758
PaCMAP,33796,1.5968860387802124,5.285619258880615
PaCMAP,46132,2.006455421447754,4.721591949462891
PaCMAP,62701,1.7942421436309814,-4.836009502410889
PaCMAP,58157,2.230278968811035,0.7302985191345215
PaCMAP,28363,-4.709471225738525,5.113773822784424
PaCMAP,94713,-1.7148936986923218,4.43610143661499
PaCMAP,10573,-2.4731361865997314,1.2506611347198486
PaCMAP,213,-3.480562686920166,1.1115825176239014
PaCMAP,4514,-4.044293403625488,4.107553005218506
PaCMAP,6205,-2.3817429542541504,4.691943645477295
PaCMAP,1953,-3.998809576034546,3.564946413040161
PaCMAP,10463,-3.505023956298828,3.1153104305267334
PaCMAP,20541,-0.29547110199928284,5.348329544067383
PaCMAP,16939,-0.30950310826301575,5.34623384475708
PaCMAP,17184,0.5839934349060059,5.006115436553955
PaCMAP,84246,0.1836538314819336,5.339998245239258
PaCMAP,1197,-3.849738597869873,-0.08012270927429199
PaCMAP,1435,6.180323600769043,-0.9619150757789612
PaCMAP,3756,5.21256160736084,-2.0172970294952393
PaCMAP,27997,-4.389897346496582,-4.56341028213501
PaCMAP,73664,-1.8710873126983643,3.1113533973693848
PaCMAP,71708,-2.196535110473633,2.223383903503418
PaCMAP,38254,2.032327175140381,-2.8703694343566895
PaCMAP,1019,-0.7221587896347046,3.841238021850586
PaCMAP,53243,-1.746937870979309,-1.5570859909057617
PaCMAP,11456,-2.439169406890869,3.1072874069213867
PaCMAP,9439,6.432160377502441,2.0198004245758057
PaCMAP,7247,0.025163644924759865,-5.4096832275390625
PaCMAP,13401,-0.10552527010440826,-5.927486419677734
PaCMAP,3747,0.5610882043838501,4.55898380279541
PaCMAP,13857,-0.006907259114086628,5.3115553855896
PaCMAP,46663,0.09802114963531494,5.145440578460693
PaCMAP,49144,-0.13511890172958374,5.070791721343994
PaCMAP,48476,-0.5899871587753296,3.936823844909668
PaCMAP,31383,1.3155806064605713,4.691836833953857
PaCMAP,31508,0.8275562524795532,4.8127241134643555
PaCMAP,1119,-0.291302353143692,5.6217193603515625
PaCMAP,10146,1.470298171043396,4.0204901695251465
PaCMAP,7916,5.058685302734375,0.5945864319801331
PaCMAP,11570,-3.2667460441589355,5.102484226226807
PaCMAP,64152,-0.5303217172622681,4.643908500671387
PaCMAP,686,-4.320695400238037,-3.3710525035858154
PaCMAP,6382,-5.405640125274658,-3.8143575191497803
PaCMAP,60035,-6.101988315582275,-3.353278636932373
PaCMAP,2167,4.098455429077148,-2.227111577987671
PaCMAP,4518,-5.2203049659729,-3.277454376220703
PaCMAP,13052,-3.5543735027313232,-2.9207277297973633
PaCMAP,2783,-4.5487213134765625,-3.490293264389038
PaCMAP,31623,-1.2999986410140991,2.6024069786071777
PaCMAP,1834,2.764953374862671,0.7977558374404907
PaCMAP,18453,4.264700889587402,-0.59682697057724
PaCMAP,52002,3.1813759803771973,1.1993443965911865
PaCMAP,1483,4.577345371246338,0.3147357106208801
PaCMAP,383,-0.36676332354545593,4.0707855224609375
PaCMAP,12201,1.5760266780853271,-2.9190332889556885
PaCMAP,44174,5.536697864532471,-1.706615924835205
PaCMAP,3575,4.430689811706543,2.1577696800231934
PaCMAP,48434,5.256275653839111,-1.904567837715149
PaCMAP,49912,4.23773717880249,2.200641393661499
PaCMAP,845,1.6509982347488403,-0.11069755256175995
PaCMAP,920,2.1906840801239014,-2.5274009704589844
PaCMAP,58714,2.9605727195739746,0.5743321180343628
PaCMAP,6697,3.4606525897979736,0.8124840259552002
PaCMAP,9,5.053919315338135,2.0277998447418213
PaCMAP,32356,2.7268619537353516,1.883199691772461
PaCMAP,613,0.10049934685230255,4.215339183807373
PaCMAP,48903,-2.8359811305999756,2.2269232273101807
PaCMAP,1833,1.8870059251785278,-2.00156307220459
PaCMAP,21369,3.7140495777130127,1.340147614479065
PaCMAP,1009,3.016310930252075,-1.4692132472991943
PaCMAP,890,3.923217535018921,0.9955826997756958
PaCMAP,616,3.6240200996398926,-0.9066785573959351
PaCMAP,11043,5.563935279846191,2.0968947410583496
PaCMAP,57129,-3.719533681869507,-4.232438087463379
TriMap-dist,32394,-5.133915901184082,-25.845745086669922
TriMap-dist,2972,-4.938450336456299,-26.913585662841797
TriMap-dist,16938,-25.59291648864746,12.976156234741211
TriMap-dist,45686,-29.668306350708008,9.776579856872559
TriMap-dist,310,-0.9421731233596802,7.861871242523193
TriMap-dist,2176,-28.35771942138672,11.439748764038086
TriMap-dist,38117,-24.525442123413086,10.910261154174805
TriMap-dist,39459,-17.12088966369629,8.556358337402344
TriMap-dist,40816,-9.285784721374512,29.31015396118164
TriMap-dist,72821,-0.07517038285732269,23.175500869750977
TriMap-dist,609,-1.4506449699401855,14.419617652893066
TriMap-dist,2762,-10.839945793151855,25.201711654663086
TriMap-dist,52616,-13.33004093170166,22.12720489501953
TriMap-dist,46066,3.872825860977173,-1.5939503908157349
TriMap-dist,248,2.4490387439727783,9.905326843261719
TriMap-dist,15294,5.873873233795166,16.873062133789062
TriMap-dist,48682,1.6283544301986694,-9.232369422912598
TriMap-dist,7399,3.3906731605529785,14.579875946044922
TriMap-dist,42027,-11.414901733398438,31.77511215209961
TriMap-dist,3168,5.096678733825684,14.784871101379395
TriMap-dist,2366,4.718482494354248,16.536657333374023
TriMap-dist,49755,4.033571720123291,16.7058048248291
TriMap-dist,15452,-1.4510722160339355,14.131599426269531
TriMap-dist,46797,1.801164150238037,17.297332763671875
TriMap-dist,34761,1.0493109226226807,27.180274963378906
TriMap-dist,765,1.696260929107666,11.316971778869629
TriMap-dist,3606,3.8128502368927,-7.210302352905273
TriMap-dist,3607,4.7184929847717285,-7.227388381958008
TriMap-dist,9685,4.6979875564575195,18.703872680664062
TriMap-dist,7145,5.864570617675781,13.493992805480957
TriMap-dist,15727,5.217151165008545,4.839860916137695
TriMap-dist,34935,3.5159053802490234,23.71886444091797
TriMap-dist,30945,4.835484981536865,-6.099893093109131
TriMap-dist,1229,20.443946838378906,-27.433807373046875
TriMap-dist,430,-1.6191370487213135,35.92228317260742
TriMap-dist,70465,41.35270690917969,5.869319915771484
TriMap-dist,9241,16.68378448486328,18.405576705932617
TriMap-dist,64718,41.873783111572266,4.4647536277771
TriMap-dist,1088,29.889284133911133,-27.42241668701172
TriMap-dist,642,36.71400833129883,9.648970603942871
TriMap-dist,74915,20.501188278198242,12.85134220123291
TriMap-dist,473,36.64419937133789,8.149660110473633
TriMap-dist,70090,43.31747055053711,1.9848721027374268
TriMap-dist,103,36.42447280883789,6.526334285736084
TriMap-dist,992,19.137792587280273,25.288047790527344
TriMap-dist,45499,-32.767974853515625,3.0374224185943604
TriMap-dist,50875,-19.109512329101562,29.738637924194336
TriMap-dist,748,-17.274505615234375,28.892784118652344
TriMap-dist,3729,-16.778919219970703,27.292068481445312
TriMap-dist,12426,-33.64921951293945,22.116310119628906
TriMap-dist,68074,-32.962650299072266,22.244123458862305
TriMap-dist,51249,-31.450031280517578,23.201982498168945
TriMap-dist,50256,-33.640621185302734,23.023046493530273
TriMap-dist,51411,-28.000009536743164,15.981653213500977
TriMap-dist,78578,-27.45185089111328,15.568063735961914
TriMap-dist,38133,-23.165664672851562,22.521610260009766
TriMap-dist,611,38.20037841796875,-3.847475528717041
TriMap-dist,53,4.706026077270508,14.086963653564453
TriMap-dist,55157,-29.219274520874023,2.9422476291656494
TriMap-dist,412,-29.810060501098633,38.684574127197266
TriMap-dist,176,-29.048009872436523,-14.550346374511719
TriMap-dist,934,40.62742233276367,-0.7375764846801758
TriMap-dist,62762,42.123409271240234,2.1929521560668945
TriMap-dist,565,-25.71404266357422,-1.775681495666504
TriMap-dist,2653,39.156124114990234,-0.6043181419372559
TriMap-dist,523,35.16640090942383,7.926063537597656
TriMap-dist,13066,-35.99924087524414,-13.855330467224121
TriMap-dist,612,35.21539306640625,-1.3614473342895508
TriMap-dist,56324,33.08032989501953,9.403221130371094
TriMap-dist,7955,-51.51772689819336,19.981225967407227
TriMap-dist,45968,-53.15156555175781,18.541057586669922
TriMap-dist,3907,-20.622682571411133,29.96790885925293
TriMap-dist,55001,-28.446035385131836,25.886037826538086
TriMap-dist,3258,-19.65402603149414,31.574047088623047
TriMap-dist,52924,-20.472293853759766,30.31651496887207
TriMap-dist,62199,4.318453788757324,2.3979125022888184
TriMap-dist,12792,19.499866485595703,-10.47934341430664
TriMap-dist,45292,23.344974517822266,3.0239062309265137
TriMap-dist,1460,-28.6320858001709,-19.705772399902344
TriMap-dist,92,-24.262126922607422,-13.1992769241333
TriMap-dist,9677,-24.898263931274414,-10.537140846252441
TriMap-dist,27040,-4.8304829597473145,-19.276533126831055
TriMap-dist,22963,-25.391515731811523,9.178711891174316
TriMap-dist,51,-24.771549224853516,10.051386833190918
TriMap-dist,15338,-25.063810348510742,10.482195854187012
TriMap-dist,86,-25.33930206298828,-24.560436248779297
TriMap-dist,267,-23.092744827270508,-22.774127960205078
TriMap-dist,4758,-21.377120971679688,-23.33519172668457
TriMap-dist,1871,-16.866134643554688,-18.896751403808594
TriMap-dist,54157,-19.439014434814453,-16.77173614501953
TriMap-dist,631,25.207902908325195,4.793954849243164
TriMap-dist,48100,37.13117218017578,8.114182472229004
TriMap-dist,12865,37.74778747558594,1.4410432577133179
TriMap-dist,6538,11.577070236206055,8.19825553894043
TriMap-dist,49751,40.57439422607422,3.2807419300079346
TriMap-dist,1115,20.709726333618164,10.86059284210205
TriMap-dist,110661,31.632633209228516,11.891602516174316
TriMap-dist,10206,5.361127853393555,32.446754455566406
TriMap-dist,1005,11.688640594482422,25.23269271850586
TriMap-dist,698,-29.45020866394043,0.08354025334119797
TriMap-dist,218,-2.1918179988861084,12.987614631652832
TriMap-dist,172,-22.711931228637695,-2.910355567932129
TriMap-dist,61519,-22.967674255371094,0.094821996986866
TriMap-dist,67996,-21.51323699951172,6.874041557312012
TriMap-dist,6103,-3.1555016040802,8.437932014465332
TriMap-dist,1596,-28.771881103515625,0.40154707431793213
TriMap-dist,28182,-26.412504196166992,-3.4933829307556152
TriMap-dist,4094,-33.271663665771484,14.341364860534668
TriMap-dist,1036,-22.59987449645996,-8.091889381408691
TriMap-dist,68271,26.040573120117188,-10.514217376708984
TriMap-dist,3241,-28.232370376586914,12.141919136047363
TriMap-dist,709,-29.746877670288086,7.1011176109313965
TriMap-dist,45639,30.063196182250977,-12.906119346618652
TriMap-dist,62021,27.652009963989258,-15.052621841430664
TriMap-dist,521,32.92507553100586,-9.987435340881348
TriMap-dist,146,29.26816749572754,-10.913582801818848
TriMap-dist,50,-14.644319534301758,-24.31853675842285
TriMap-dist,30509,-11.395060539245605,26.31416130065918
TriMap-dist,59826,-32.78847885131836,3.863259792327881
TriMap-dist,64029,-33.00532150268555,3.3900580406188965
TriMap-dist,42254,-33.70128631591797,2.8784093856811523
TriMap-dist,18283,-11.747600555419922,25.52626609802246
TriMap-dist,45396,6.323713779449463,-19.696516036987305
TriMap-dist,31411,4.909542083740234,-18.078218460083008
TriMap-dist,1980,7.583041191101074,-20.326669692993164
TriMap-dist,101596,7.025007724761963,-20.77715492248535
TriMap-dist,11350,-41.91331481933594,20.033174514770508
TriMap-dist,34503,-36.40422058105469,24.450754165649414
TriMap-dist,3670,-44.27001953125,18.348865509033203
TriMap-dist,18714,-38.650672912597656,22.935558319091797
TriMap-dist,78740,-12.915064811706543,35.108524322509766
TriMap-dist,83296,41.953765869140625,2.6436736583709717
TriMap-dist,9502,-11.384481430053711,37.99775314331055
TriMap-dist,6759,-7.0145344734191895,24.83757781982422
TriMap-dist,154,0.4400428533554077,16.99030303955078
TriMap-dist,16220,3.5395095348358154,26.69913673400879
TriMap-dist,19668,1.7599467039108276,25.875261306762695
TriMap-dist,8590,5.745438575744629,22.535348892211914
TriMap-dist,75489,-5.875966548919678,23.807695388793945
TriMap-dist,61264,-20.43352508544922,23.359432220458984
TriMap-dist,66856,40.6717643737793,-16.684045791625977
TriMap-dist,59292,-9.60932445526123,1.4197570085525513
TriMap-dist,10131,3.2295470237731934,-6.876547813415527
TriMap-dist,71596,-13.910357475280762,-8.244690895080566
TriMap-dist,1021,-5.656635284423828,-11.235054969787598
TriMap-dist,60867,-1.6115330457687378,-14.992989540100098
TriMap-dist,760,-0.3910810649394989,-17.570234298706055
TriMap-dist,34973,-10.7695894241333,-10.786044120788574
TriMap-dist,90957,-6.5785813331604,-15.070175170898438
TriMap-dist,4295,-2.1844899654388428,-15.534296035766602
TriMap-dist,59827,-22.3219051361084,17.220947265625
TriMap-dist,973,-24.74026107788086,12.110647201538086
TriMap-dist,64948,4.324451446533203,8.395158767700195
TriMap-dist,1031,12.3616361618042,10.785563468933105
TriMap-dist,28246,3.8129990100860596,10.961539268493652
TriMap-dist,32743,2.6812193393707275,17.492826461791992
TriMap-dist,48463,-4.168624401092529,0.7847042679786682
TriMap-dist,15231,4.541827201843262,8.182890892028809
TriMap-dist,96740,24.59821128845215,-26.305814743041992
TriMap-dist,36416,3.7875664234161377,2.8599741458892822
TriMap-dist,13462,5.668481826782227,8.301239013671875
TriMap-dist,31397,6.072943210601807,-17.813098907470703
TriMap-dist,4433,3.065202474594116,5.512058258056641
TriMap-dist,72,-7.420054912567139,-17.570241928100586
TriMap-dist,55,1.3839613199234009,-21.885507583618164
TriMap-dist,1276,-3.7818071842193604,12.599212646484375
TriMap-dist,68905,-16.864356994628906,-6.357527256011963
TriMap-dist,208,1.0153948068618774,-21.171459197998047
TriMap-dist,18802,-6.741393089294434,-18.72791862487793
TriMap-dist,417,-29.782075881958008,5.5111236572265625
TriMap-dist,1196,0.23187355697155,-1.8246794939041138
TriMap-dist,90174,-37.90325927734375,6.9110822677612305
TriMap-dist,684,2.2967493534088135,11.55510139465332
TriMap-dist,25315,1.5577423572540283,-22.022750854492188
TriMap-dist,31771,-9.273175239562988,-10.377333641052246
TriMap-dist,18021,-13.133218765258789,-6.522301197052002
TriMap-dist,30352,-9.014555931091309,-3.9315617084503174
TriMap-dist,50370,-17.25701141357422,-3.373532772064209
TriMap-dist,15210,-12.606099128723145,-6.504054546356201
TriMap-dist,17162,-7.507216930389404,-6.910841941833496
TriMap-dist,31931,-9.461251258850098,-7.272388935089111
TriMap-dist,57587,-9.881912231445312,-5.813364505767822
TriMap-dist,4622,-7.393494606018066,-9.336621284484863
TriMap-dist,68214,-7.458781719207764,-1.832398772239685
TriMap-dist,15286,-5.493692874908447,0.6981402039527893
TriMap-dist,38259,15.49465560913086,15.781103134155273
TriMap-dist,18368,7.496198654174805,19.54322052001953
TriMap-dist,51705,-5.074878692626953,26.055845260620117
TriMap-dist,562,-27.285829544067383,38.52817916870117
TriMap-dist,12446,-29.984935760498047,39.63629150390625
TriMap-dist,6433,-29.393041610717773,26.7340087890625
TriMap-dist,704,-30.217578887939453,15.486160278320312
TriMap-dist,75805,-12.793112754821777,24.505226135253906
TriMap-dist,39681,-17.529998779296875,24.046140670776367
TriMap-dist,72158,-25.668575286865234,8.391401290893555
TriMap-dist,29157,-32.11682891845703,14.95924186706543
TriMap-dist,4322,-36.43476486206055,5.074520111083984
TriMap-dist,14681,-29.099943161010742,13.983541488647461
TriMap-dist,76880,-24.85874366760254,5.368630409240723
TriMap-dist,84109,-13.389309883117676,24.722810745239258
TriMap-dist,43632,-27.59670639038086,25.885459899902344
TriMap-dist,37735,-27.34927749633789,16.81529426574707
TriMap-dist,4193,8.048260688781738,29.91913604736328
TriMap-dist,57384,-13.10805892944336,23.02400016784668
TriMap-dist,11444,-14.561101913452148,27.469938278198242
TriMap-dist,63079,-34.327857971191406,21.75023651123047
TriMap-dist,306,-33.19069290161133,19.735502243041992
TriMap-dist,6457,-16.41084098815918,25.378509521484375
TriMap-dist,804,-5.448867321014404,26.812837600708008
TriMap-dist,12520,19.355709075927734,24.41526985168457
TriMap-dist,84413,-8.743475914001465,26.64362907409668
TriMap-dist,53015,-24.376169204711914,3.6243436336517334
TriMap-dist,14728,-25.147083282470703,5.224720478057861
TriMap-dist,55838,-43.56672286987305,-15.111770629882812
TriMap-dist,91640,-43.769615173339844,-15.411828994750977
TriMap-dist,56457,-39.61207962036133,-19.00244903564453
TriMap-dist,25324,-22.683164596557617,25.196331024169922
TriMap-dist,1825,-13.964489936828613,27.702594757080078
TriMap-dist,219,-29.377330780029297,9.18532657623291
TriMap-dist,81642,-15.381307601928711,31.651134490966797
TriMap-dist,52802,-13.201855659484863,26.479331970214844
TriMap-dist,30947,-6.812441825866699,33.694889068603516
TriMap-dist,65414,-13.940394401550293,25.769346237182617
TriMap-dist,30499,-7.978709697723389,27.18178939819336
TriMap-dist,43297,-13.377903938293457,33.78349685668945
TriMap-dist,170,-29.923274993896484,-2.0780670642852783
TriMap-dist,215,-31.7426700592041,8.146127700805664
TriMap-dist,31666,-13.950519561767578,11.190245628356934
TriMap-dist,701,-18.01158905029297,22.739036560058594
TriMap-dist,1251,-13.331551551818848,22.116634368896484
TriMap-dist,39358,-21.1672420501709,19.341955184936523
TriMap-dist,84951,-31.61972999572754,9.224617958068848
TriMap-dist,62318,-25.048362731933594,24.05567169189453
TriMap-dist,70052,-15.79526424407959,26.718120574951172
TriMap-dist,664,-20.94348907470703,3.8291573524475098
TriMap-dist,64757,-33.90721130371094,22.31536102294922
TriMap-dist,11801,-33.17518615722656,22.95018196105957
TriMap-dist,54785,22.27216339111328,15.830781936645508
TriMap-dist,519,-3.4915599822998047,-20.567081451416016
TriMap-dist,1444,-6.627771377563477,-24.321807861328125
TriMap-dist,1018,2.4797768592834473,6.088123798370361
TriMap-dist,61856,-9.47770881652832,32.353763580322266
TriMap-dist,39314,4.89907693862915,29.134855270385742
TriMap-dist,88175,-14.979480743408203,25.352624893188477
TriMap-dist,70,-6.109685897827148,27.181137084960938
TriMap-dist,29675,-7.23997163772583,22.276723861694336
TriMap-dist,15963,30.362611770629883,9.592610359191895
TriMap-dist,10464,4.220653057098389,12.580302238464355
TriMap-dist,66826,-13.395498275756836,21.010417938232422
TriMap-dist,705,-27.097522735595703,25.722240447998047
TriMap-dist,222,-8.235586166381836,19.56864356994629
TriMap-dist,26358,-1.9337728023529053,25.531497955322266
TriMap-dist,1801,-7.913354873657227,21.19298553466797
TriMap-dist,42260,-5.920644760131836,26.900924682617188
TriMap-dist,93,5.210021495819092,14.920340538024902
TriMap-dist,21548,-12.01132869720459,25.823747634887695
TriMap-dist,5749,-6.157301425933838,17.499317169189453
TriMap-dist,249,8.704432487487793,14.571502685546875
TriMap-dist,707,-40.01227951049805,-19.028568267822266
TriMap-dist,56077,-42.32637405395508,-9.450289726257324
TriMap-dist,51488,-40.05323028564453,-14.146821022033691
TriMap-dist,427,-36.307350158691406,-6.32789945602417
TriMap-dist,4,-38.890403747558594,-18.200639724731445
TriMap-dist,75668,-40.024627685546875,-10.538625717163086
TriMap-dist,12258,-36.248451232910156,-16.85866355895996
TriMap-dist,68404,25.815441131591797,3.401797294616699
TriMap-dist,34893,-45.08488082885742,-12.636921882629395
TriMap-dist,3750,-40.33050537109375,-14.367305755615234
TriMap-dist,12770,-39.369895935058594,-13.045360565185547
TriMap-dist,12762,-39.98098373413086,-19.617477416992188
TriMap-dist,28201,-40.797218322753906,-6.1475067138671875
TriMap-dist,83889,-37.23291015625,-20.451953887939453
TriMap-dist,955,-24.28792953491211,-24.537273406982422
TriMap-dist,9394,-0.7295676469802856,12.867732048034668
TriMap-dist,33519,4.7605767250061035,10.26134967803955
TriMap-dist,253,-18.90399169921875,-19.15816879272461
TriMap-dist,62615,-10.98795223236084,22.41282844543457
TriMap-dist,1826,11.073556900024414,11.417020797729492
TriMap-dist,221,4.651420593261719,13.61915111541748
TriMap-dist,55805,-19.38028335571289,-0.2022174745798111
TriMap-dist,17666,8.663825988769531,17.49923324584961
TriMap-dist,71272,7.624075889587402,-18.84964942932129
TriMap-dist,54885,-1.5918809175491333,15.890987396240234
TriMap-dist,57038,18.61285972595215,3.5854697227478027
TriMap-dist,4573,24.183698654174805,7.777626991271973
TriMap-dist,62707,-4.884729862213135,15.491859436035156
TriMap-dist,606,3.5815412998199463,4.170399188995361
TriMap-dist,31226,9.8656005859375,-14.730108261108398
TriMap-dist,17786,5.809987545013428,10.465182304382324
TriMap-dist,43040,14.162724494934082,13.647465705871582
TriMap-dist,2938,14.941184997558594,4.7822184562683105
TriMap-dist,40200,6.0532684326171875,-3.9829649925231934
TriMap-dist,64947,-11.995816230773926,20.251955032348633
TriMap-dist,12317,20.13936996459961,-3.813084602355957
TriMap-dist,590,13.47909927368164,8.133393287658691
TriMap-dist,31825,-15.278915405273438,17.613018035888672
TriMap-dist,4421,-15.653215408325195,16.011661529541016
TriMap-dist,56023,5.744781970977783,-33.124298095703125
TriMap-dist,31172,-3.259528875350952,-29.531265258789062
TriMap-dist,96,-1.6356279850006104,-29.36271095275879
TriMap-dist,91209,-3.726579427719116,-26.62298011779785
TriMap-dist,49504,0.6259400248527527,-26.396894454956055
TriMap-dist,11416,-26.815595626831055,11.309403419494629
TriMap-dist,22537,-30.14773941040039,8.73965072631836
TriMap-dist,79167,-28.453510284423828,13.8137845993042
TriMap-dist,71512,-29.136571884155273,13.700409889221191
TriMap-dist,10296,4.082211494445801,-3.632016658782959
TriMap-dist,4056,-1.8441580533981323,-18.41304588317871
TriMap-dist,917,1.8305100202560425,-0.6423059105873108
TriMap-dist,67702,-0.7895877957344055,10.621739387512207
TriMap-dist,97605,5.322646141052246,-5.847829818725586
TriMap-dist,103425,3.0633254051208496,-8.914010047912598
TriMap-dist,49223,2.8219969272613525,26.082712173461914
TriMap-dist,73900,16.61908531188965,-33.384193420410156
TriMap-dist,37470,24.30977439880371,-28.38382339477539
TriMap-dist,16602,13.182496070861816,-33.18728256225586
TriMap-dist,9797,24.810094833374023,-30.0679874420166
TriMap-dist,19,39.02116775512695,1.363974928855896
TriMap-dist,15512,28.00138282775879,-12.795720100402832
TriMap-dist,484,43.29252243041992,1.3731917142868042
TriMap-dist,4608,16.668621063232422,-16.090089797973633
TriMap-dist,1404,34.17823791503906,-0.43585851788520813
TriMap-dist,271,-21.475730895996094,-13.720527648925781
TriMap-dist,897,27.68862533569336,-12.897734642028809
TriMap-dist,57255,11.594515800476074,14.854554176330566
TriMap-dist,23317,-36.327964782714844,13.965792655944824
TriMap-dist,25753,-35.87251663208008,16.998411178588867
TriMap-dist,17565,-31.3250732421875,21.482563018798828
TriMap-dist,88707,-25.28106117248535,22.68695640563965
TriMap-dist,17387,-29.103588104248047,13.507835388183594
TriMap-dist,308,-24.91922950744629,20.484661102294922
TriMap-dist,69869,-27.42732810974121,16.000045776367188
TriMap-dist,18043,-17.125173568725586,-6.023313045501709
TriMap-dist,15451,-11.214539527893066,22.9400634765625
TriMap-dist,7322,-12.11103630065918,20.144983291625977
TriMap-dist,485,34.11013412475586,-4.58052921295166
TriMap-dist,8442,40.53763961791992,-4.708236217498779
TriMap-dist,147,-26.006141662597656,-11.212516784667969
TriMap-dist,18,41.0035514831543,-2.0130393505096436
TriMap-dist,238,-29.62030029296875,2.9666357040405273
TriMap-dist,413,-40.34531021118164,-7.327883720397949
TriMap-dist,728,41.39517593383789,-3.515301465988159
TriMap-dist,1687,35.12104034423828,-2.910546064376831
TriMap-dist,372,41.382347106933594,-3.9092087745666504
TriMap-dist,3016,-27.882112503051758,-19.202255249023438
TriMap-dist,1215,37.37097930908203,-11.367725372314453
TriMap-dist,13064,-29.240015029907227,-19.367630004882812
TriMap-dist,38543,40.026832580566406,-3.8479418754577637
TriMap-dist,502,-29.458219528198242,-17.259035110473633
TriMap-dist,1499,27.171157836914062,-8.863570213317871
TriMap-dist,17076,41.56011962890625,-5.084282398223877
TriMap-dist,64105,33.79886245727539,-3.306323528289795
TriMap-dist,128,38.660072326660156,-2.242501974105835
TriMap-dist,44034,32.43675231933594,-6.950323104858398
TriMap-dist,3128,-50.864654541015625,17.361007690429688
TriMap-dist,43572,-51.76408767700195,19.300840377807617
TriMap-dist,25980,-44.76164627075195,13.761993408203125
TriMap-dist,11538,-44.47321701049805,-2.126101493835449
TriMap-dist,10664,22.085880279541016,-10.767248153686523
TriMap-dist,80039,3.1861989498138428,-22.778247833251953
TriMap-dist,632,-19.357070922851562,-20.5975399017334
TriMap-dist,1733,-16.241985321044922,-15.574646949768066
TriMap-dist,8069,-17.485340118408203,-17.217138290405273
TriMap-dist,988,-18.235864639282227,-21.815216064453125
TriMap-dist,184,-19.29701042175293,-17.3807373046875
TriMap-dist,242,-25.317407608032227,-25.055200576782227
TriMap-dist,720,-23.42864990234375,-23.207469940185547
TriMap-dist,23280,-14.988677024841309,-11.912256240844727
TriMap-dist,669,-4.3682732582092285,-20.122791290283203
TriMap-dist,81,-25.309635162353516,-24.287363052368164
TriMap-dist,536,-25.584259033203125,-25.124784469604492
TriMap-dist,257,-25.081356048583984,-25.26427459716797
TriMap-dist,78,-17.781986236572266,-23.329994201660156
TriMap-dist,1000,-18.32050132751465,-19.939538955688477
TriMap-dist,15924,-32.68874740600586,-19.06784439086914
TriMap-dist,66,-23.570423126220703,-22.647785186767578
TriMap-dist,8441,-18.8010196685791,-24.35396385192871
TriMap-dist,520,-27.021230697631836,-18.778573989868164
TriMap-dist,18767,-14.872838020324707,-15.190869331359863
TriMap-dist,141,-25.46207046508789,-20.545093536376953
TriMap-dist,826,-19.197816848754883,-18.22515296936035
TriMap-dist,825,-21.28717613220215,-21.441347122192383
TriMap-dist,2378,-12.793976783752441,-20.235191345214844
TriMap-dist,508,11.552567481994629,-35.52768325805664
TriMap-dist,6686,-6.315356254577637,-24.61455535888672
TriMap-dist,6529,-25.767593383789062,-17.935649871826172
TriMap-dist,1109,-10.976229667663574,-23.405540466308594
TriMap-dist,17189,-18.14800453186035,-13.874709129333496
TriMap-dist,66359,12.140661239624023,-31.658212661743164
TriMap-dist,145,33.92683029174805,0.8979091048240662
TriMap-dist,29442,39.64907455444336,-11.081842422485352
TriMap-dist,156,-15.4418306350708,-18.53554344177246
TriMap-dist,729,32.64128494262695,12.016855239868164
TriMap-dist,6086,19.409374237060547,-31.999006271362305
TriMap-dist,51694,-27.391632080078125,0.7198610901832581
TriMap-dist,11721,-22.47402572631836,-4.664322376251221
TriMap-dist,818,-25.934133529663086,0.479077011346817
TriMap-dist,65560,-23.43248748779297,-2.1557605266571045
TriMap-dist,1835,-23.554224014282227,-5.815325736999512
TriMap-dist,10858,-23.703786849975586,-7.96793794631958
TriMap-dist,48002,-23.610456466674805,-3.679760456085205
TriMap-dist,15134,25.416378021240234,18.98280143737793
TriMap-dist,6493,-21.847684860229492,-7.699281215667725
TriMap-dist,47459,-20.14406967163086,-13.830984115600586
TriMap-dist,1701,-26.37331771850586,-20.297025680541992
TriMap-dist,8019,-21.788715362548828,-5.2489118576049805
TriMap-dist,10190,-27.131086349487305,-5.849427700042725
TriMap-dist,51589,-20.29642677307129,-14.633895874023438
TriMap-dist,685,-23.064311981201172,-7.231302261352539
TriMap-dist,43324,-27.60382843017578,0.38137543201446533
TriMap-dist,35,17.549270629882812,24.082857131958008
TriMap-dist,67527,-28.6124210357666,3.6788206100463867
TriMap-dist,3782,-24.588176727294922,-3.1816039085388184
TriMap-dist,39070,-23.1344051361084,-5.448309421539307
TriMap-dist,5609,-22.61704444885254,-15.070821762084961
TriMap-dist,66098,-25.767627716064453,-0.8021320700645447
TriMap-dist,498,18.829511642456055,-32.31818389892578
TriMap-dist,275,35.89535140991211,-0.12166811525821686
TriMap-dist,12345,17.257795333862305,-16.720069885253906
TriMap-dist,11,17.38477325439453,-17.09400749206543
TriMap-dist,687,-26.436725616455078,-25.734647750854492
TriMap-dist,2068,13.818679809570312,-16.57118034362793
TriMap-dist,88,-22.587215423583984,-24.84958839416504
TriMap-dist,4941,-23.820280075073242,-23.677776336669922
TriMap-dist,547,-21.1552734375,-26.02273178100586
TriMap-dist,50748,-22.834657669067383,-25.968425750732422
TriMap-dist,31233,-38.443973541259766,-1.0585181713104248
TriMap-dist,17511,-33.044925689697266,3.7565741539001465
TriMap-dist,1795,8.104697227478027,-19.63243293762207
TriMap-dist,12424,10.113624572753906,-19.47791290283203
TriMap-dist,12767,5.383246898651123,-21.154226303100586
TriMap-dist,31040,7.059938907623291,-21.278072357177734
TriMap-dist,20,6.460582733154297,-21.246841430664062
TriMap-dist,990,2.2705905437469482,-14.819177627563477
TriMap-dist,72365,-3.47196626663208,-19.955524444580078
TriMap-dist,39738,-34.21375274658203,29.391929626464844
TriMap-dist,22839,27.740819931030273,-2.1826748847961426
TriMap-dist,12425,-11.964153289794922,35.22344207763672
TriMap-dist,57035,-10.987236976623535,37.34025573730469
TriMap-dist,8315,28.795913696289062,-0.44613829255104065
TriMap-dist,1335,4.088745594024658,-17.905921936035156
TriMap-dist,52197,3.9437010288238525,23.46364974975586
TriMap-dist,13195,41.11552810668945,-13.092154502868652
TriMap-dist,14187,40.56865310668945,-17.3956241607666
TriMap-dist,1427,42.34475326538086,-15.693986892700195
TriMap-dist,69386,38.538875579833984,-20.80727767944336
TriMap-dist,45668,-18.524085998535156,8.403579711914062
TriMap-dist,395,-13.34407901763916,6.812841892242432
TriMap-dist,88636,-20.035173416137695,5.825571537017822
TriMap-dist,38260,20.347881317138672,-8.700977325439453
TriMap-dist,3142,20.4584903717041,-8.808993339538574
TriMap-dist,209,-4.316972255706787,-15.606363296508789
TriMap-dist,14319,-1.458729863166809,-8.31493091583252
TriMap-dist,46885,1.765400767326355,-14.028095245361328
TriMap-dist,53441,-0.5177416801452637,-14.658905982971191
TriMap-dist,20542,-6.637256145477295,-25.5413875579834
TriMap-dist,60891,-11.18547248840332,-15.758391380310059
TriMap-dist,78574,-5.204298973083496,-24.343252182006836
TriMap-dist,48681,-0.4297296106815338,-18.225170135498047
TriMap-dist,6386,1.3040707111358643,-6.912393093109131
TriMap-dist,2797,-1.6332402229309082,-18.569747924804688
TriMap-dist,2432,-0.37836605310440063,-16.49329948425293
TriMap-dist,33500,-27.59849739074707,15.155471801757812
TriMap-dist,34810,-24.156248092651367,9.592923164367676
TriMap-dist,6437,22.440858840942383,-30.48369026184082
TriMap-dist,103256,12.393162727355957,-32.69347381591797
TriMap-dist,1107,14.93221378326416,-34.364437103271484
TriMap-dist,69001,-5.004209041595459,9.114599227905273
TriMap-dist,12321,4.706580638885498,-22.677780151367188
TriMap-dist,28711,-1.176558256149292,-26.702939987182617
TriMap-dist,327,-21.369239807128906,-26.08449363708496
TriMap-dist,9370,-1.6252727508544922,-19.129358291625977
TriMap-dist,1106,1.4817739725112915,-22.6861515045166
TriMap-dist,94,-21.627443313598633,-25.911706924438477
TriMap-dist,780,1.778581976890564,-21.35135841369629
TriMap-dist,15555,-4.64586877822876,-20.242172241210938
TriMap-dist,12310,-1.9494370222091675,-22.349193572998047
TriMap-dist,49331,3.631394624710083,-18.215051651000977
TriMap-dist,4521,-1.8157896995544434,-18.35408592224121
TriMap-dist,45977,-16.47857093811035,9.333179473876953
TriMap-dist,142,1.275251865386963,-22.517562866210938
TriMap-dist,1771,6.050848960876465,-19.926708221435547
TriMap-dist,4771,3.0033509731292725,-22.59552764892578
TriMap-dist,43871,-16.228635787963867,-12.679849624633789
TriMap-dist,205,3.5987889766693115,-7.467121601104736
TriMap-dist,33,-13.41204833984375,-12.484986305236816
TriMap-dist,1148,-9.570184707641602,-11.948789596557617
TriMap-dist,42580,-11.425559997558594,-15.4445161819458
TriMap-dist,601,-13.749096870422363,-12.08080005645752
TriMap-dist,6461,-15.480411529541016,-13.308052062988281
TriMap-dist,52359,-15.102140426635742,-12.518051147460938
TriMap-dist,18702,-12.22745418548584,-10.563638687133789
TriMap-dist,58562,-9.016645431518555,-9.030281066894531
TriMap-dist,6166,-12.354207992553711,-10.616809844970703
TriMap-dist,13041,-0.4089204967021942,-2.573951244354248
TriMap-dist,29083,-9.764636993408203,-9.77946662902832
TriMap-dist,5512,-10.136569023132324,-8.481807708740234
TriMap-dist,14214,-10.188220977783203,-9.50777530670166
TriMap-dist,60105,-17.139930725097656,-26.999849319458008
TriMap-dist,456,-30.492517471313477,39.38943099975586
TriMap-dist,45838,-29.014629364013672,39.848262786865234
TriMap-dist,6459,-30.0094051361084,39.29966735839844
TriMap-dist,14982,-30.219593048095703,10.030250549316406
TriMap-dist,50384,-41.6544303894043,17.35671043395996
TriMap-dist,600,-28.96172523498535,5.03946590423584
TriMap-dist,975,-33.54098892211914,17.483266830444336
TriMap-dist,4410,-36.756404876708984,11.701142311096191
TriMap-dist,802,-29.982080459594727,9.229331970214844
TriMap-dist,819,-28.727991104125977,11.911199569702148
TriMap-dist,93628,-37.7248649597168,20.753461837768555
TriMap-dist,15335,-33.37553024291992,7.405797481536865
TriMap-dist,768,-29.209627151489258,5.138850688934326
TriMap-dist,79846,-31.48598289489746,15.93847942352295
TriMap-dist,31661,-33.80718231201172,7.019986152648926
TriMap-dist,39970,-35.2815055847168,9.395705223083496
TriMap-dist,35973,-25.200210571289062,4.503068447113037
TriMap-dist,56741,-40.46784210205078,13.560667037963867
TriMap-dist,99254,-36.669830322265625,13.21800422668457
TriMap-dist,69117,-33.60710906982422,7.7317280769348145
TriMap-dist,76824,-40.36337661743164,17.255802154541016
TriMap-dist,67004,28.191173553466797,-12.478597640991211
TriMap-dist,105520,-23.681842803955078,4.137377738952637
TriMap-dist,74962,-24.246768951416016,4.0224504470825195
TriMap-dist,73990,-24.471256256103516,-8.136699676513672
TriMap-dist,121870,-26.268020629882812,2.7722768783569336
TriMap-dist,49098,-42.14952087402344,-18.972442626953125
TriMap-dist,105331,-41.3490104675293,-18.887088775634766
TriMap-dist,90733,-39.030792236328125,-18.83302116394043
TriMap-dist,82595,-43.62837600708008,-15.079115867614746
TriMap-dist,70189,-14.72292709350586,-8.309858322143555
TriMap-dist,33514,-11.942872047424316,18.127647399902344
TriMap-dist,6463,-25.46466636657715,13.753345489501953
TriMap-dist,13710,-33.01959991455078,1.5488208532333374
TriMap-dist,94979,-24.350109100341797,9.370943069458008
TriMap-dist,14845,-19.664642333984375,16.883163452148438
TriMap-dist,55766,-7.34649133682251,-22.783170700073242
TriMap-dist,7993,-51.2088508605957,19.316574096679688
TriMap-dist,43476,-23.857759475708008,9.7245512008667
TriMap-dist,95752,-26.783451080322266,1.880956768989563
TriMap-dist,67578,-13.705506324768066,-6.701101779937744
TriMap-dist,667,2.7218823432922363,-23.549131393432617
TriMap-dist,4566,3.3138809204101562,-23.406557083129883
TriMap-dist,58912,2.931318759918213,-24.299970626831055
TriMap-dist,5576,3.403878688812256,-24.20302391052246
TriMap-dist,1138,-17.505603790283203,28.106264114379883
TriMap-dist,1014,0.9052032232284546,-21.538776397705078
TriMap-dist,67502,22.29679298400879,3.170731544494629
TriMap-dist,18490,-6.083442687988281,19.283775329589844
TriMap-dist,13442,-19.507062911987305,29.119258880615234
TriMap-dist,49270,8.815617561340332,9.45313549041748
TriMap-dist,210,-26.623430252075195,-20.852699279785156
TriMap-dist,214,-39.741310119628906,-14.676342010498047
TriMap-dist,9045,-36.04634094238281,-13.895123481750488
TriMap-dist,1361,9.55490493774414,-31.587003707885742
TriMap-dist,62036,-42.453521728515625,-15.44776725769043
TriMap-dist,44894,-41.992271423339844,-18.710996627807617
TriMap-dist,236,-34.15000915527344,-22.016332626342773
TriMap-dist,3,-28.592288970947266,-22.96906280517578
TriMap-dist,813,-32.77275466918945,-17.06536102294922
TriMap-dist,244,-26.166372299194336,-21.96242904663086
TriMap-dist,43718,-39.506385803222656,-13.326214790344238
TriMap-dist,27571,-23.15464973449707,-16.63092613220215
TriMap-dist,68578,-32.98686981201172,-14.812209129333496
TriMap-dist,46145,-40.16324234008789,-14.46115779876709
TriMap-dist,6341,-23.844558715820312,-22.413349151611328
TriMap-dist,296,-32.92391586303711,-20.858966827392578
TriMap-dist,12878,-38.303897857666016,-22.516942977905273
TriMap-dist,24785,-41.58086013793945,-12.599370956420898
TriMap-dist,808,-38.76835632324219,-20.695566177368164
TriMap-dist,8840,-36.53853225708008,-19.751720428466797
TriMap-dist,869,-39.02178955078125,-15.904524803161621
TriMap-dist,27,-32.778316497802734,-19.553529739379883
TriMap-dist,30815,-39.96107864379883,-14.361486434936523
TriMap-dist,6458,15.860366821289062,-14.340256690979004
TriMap-dist,40069,-1.1718623638153076,-28.145263671875
TriMap-dist,152,15.072830200195312,-32.97407150268555
TriMap-dist,993,29.106746673583984,-1.7425256967544556
TriMap-dist,78656,-5.447710037231445,14.50173282623291
TriMap-dist,26127,5.39211368560791,-11.874933242797852
TriMap-dist,1024,-43.25337600708008,-14.252883911132812
TriMap-dist,1574,4.038489818572998,-3.000131368637085
TriMap-dist,1360,-4.031580924987793,-30.287275314331055
TriMap-dist,10856,-0.649381160736084,-26.17658233642578
TriMap-dist,3956,15.900798797607422,6.410083770751953
TriMap-dist,26372,3.6574554443359375,-10.662851333618164
TriMap-dist,3678,14.283238410949707,2.887010335922241
TriMap-dist,171,-27.151403427124023,-25.102869033813477
TriMap-dist,15261,-41.90144348144531,-8.752248764038086
TriMap-dist,91688,-31.01169204711914,-22.842220306396484
TriMap-dist,18180,-26.9000244140625,-19.36402130126953
TriMap-dist,6805,-37.546199798583984,-18.10563087463379
TriMap-dist,37889,-2.048395872116089,-26.58156394958496
TriMap-dist,22964,-4.184470176696777,-26.067476272583008
TriMap-dist,30549,-27.42407989501953,11.782615661621094
TriMap-dist,40031,33.591915130615234,10.63438606262207
TriMap-dist,51037,34.94257736206055,8.164422035217285
TriMap-dist,75064,18.180801391601562,21.40511131286621
TriMap-dist,56294,5.627680778503418,16.77642250061035
TriMap-dist,42936,2.7956814765930176,-2.1620240211486816
TriMap-dist,122212,-23.805910110473633,40.933719635009766
TriMap-dist,1742,40.3100471496582,-14.827532768249512
TriMap-dist,70985,24.280515670776367,-27.888980865478516
TriMap-dist,59021,37.690704345703125,-13.190594673156738
TriMap-dist,27996,24.246732711791992,-28.419921875
TriMap-dist,47255,15.400250434875488,-33.3201789855957
TriMap-dist,50757,40.793521881103516,5.786632537841797
TriMap-dist,507,38.891395568847656,2.80899977684021
TriMap-dist,29727,41.45833206176758,2.812737464904785
TriMap-dist,25529,41.447601318359375,-16.19106674194336
TriMap-dist,637,37.18746566772461,6.155591011047363
TriMap-dist,2069,37.13638687133789,6.108787536621094
TriMap-dist,70424,39.7215576171875,0.7753318548202515
TriMap-dist,829,36.05268859863281,6.609364032745361
TriMap-dist,258,37.42078399658203,5.623290061950684
TriMap-dist,231,36.35334777832031,5.694559574127197
TriMap-dist,53400,33.1776123046875,6.544494152069092
TriMap-dist,68753,30.87842559814453,-0.0943135917186737
TriMap-dist,65147,25.464210510253906,-11.062084197998047
TriMap-dist,570,40.191829681396484,5.492358684539795
TriMap-dist,67997,36.55104064941406,9.776171684265137
TriMap-dist,15754,38.80789566040039,6.107611179351807
TriMap-dist,59064,37.92707061767578,6.265043258666992
TriMap-dist,78288,-17.12269401550293,28.71807098388672
TriMap-dist,91499,-26.73562240600586,17.961193084716797
TriMap-dist,410,42.025360107421875,-3.7941486835479736
TriMap-dist,276,40.866676330566406,-4.116911888122559
TriMap-dist,2318,41.86007308959961,-2.4980204105377197
TriMap-dist,83,41.03334045410156,-4.334232807159424
TriMap-dist,84094,39.346412658691406,-3.783153772354126
TriMap-dist,67370,41.872833251953125,-3.133570909500122
TriMap-dist,472,33.23629379272461,-5.819643497467041
TriMap-dist,12192,40.803985595703125,-3.420334815979004
TriMap-dist,1068,37.310707092285156,0.8073447346687317
TriMap-dist,899,-44.67250442504883,3.5658438205718994
TriMap-dist,2060,41.41364288330078,-4.6465840339660645
TriMap-dist,788,40.919654846191406,-2.4476475715637207
TriMap-dist,153,42.738525390625,-14.470218658447266
TriMap-dist,70839,30.951162338256836,-4.336935997009277
TriMap-dist,3256,42.09833908081055,-3.0007829666137695
TriMap-dist,30567,41.468292236328125,-3.4517483711242676
TriMap-dist,17256,41.28596496582031,-3.1886348724365234
TriMap-dist,81423,41.3419189453125,-3.2684550285339355
TriMap-dist,72439,38.27544403076172,-2.6203269958496094
TriMap-dist,29818,41.18037414550781,-5.968028545379639
TriMap-dist,92647,39.74037170410156,-4.02211856842041
TriMap-dist,373,41.68230056762695,-4.15091609954834
TriMap-dist,46296,36.02348327636719,2.3302087783813477
TriMap-dist,15336,41.534149169921875,1.3952715396881104
TriMap-dist,53806,-51.89091491699219,18.200838088989258
TriMap-dist,17140,-51.92426300048828,19.61410140991211
TriMap-dist,89234,-21.499475479125977,29.039575576782227
TriMap-dist,7350,22.656322479248047,-9.87149429321289
TriMap-dist,6063,-5.069423198699951,-18.27119255065918
TriMap-dist,6311,-21.989290237426758,-19.543045043945312
TriMap-dist,53804,10.77912712097168,-33.12677764892578
TriMap-dist,84035,-12.498778343200684,-20.269245147705078
TriMap-dist,857,41.3486442565918,2.8586678504943848
TriMap-dist,67916,43.19205856323242,-10.041789054870605
TriMap-dist,66042,45.538509368896484,-7.269865036010742
TriMap-dist,31861,35.487247467041016,8.474706649780273
TriMap-dist,43402,37.59854507446289,9.00821304321289
TriMap-dist,5002,-5.626523494720459,37.46720886230469
TriMap-dist,31445,41.63307571411133,0.8143848776817322
TriMap-dist,3785,35.5979118347168,2.8992223739624023
TriMap-dist,107084,36.369483947753906,8.872468948364258
TriMap-dist,48965,12.45529556274414,24.932300567626953
TriMap-dist,13549,37.846431732177734,2.490478038787842
TriMap-dist,7792,33.95441818237305,6.035399436950684
TriMap-dist,4441,28.051671981811523,9.90015983581543
TriMap-dist,46890,31.946523666381836,-7.975007057189941
TriMap-dist,11784,15.565803527832031,28.422521591186523
TriMap-dist,89050,32.37342071533203,-6.937526226043701
TriMap-dist,68326,-8.439732551574707,6.702930927276611
TriMap-dist,1605,-26.343931198120117,41.90177917480469
TriMap-dist,78611,37.48550796508789,3.132181406021118
TriMap-dist,46165,-21.537139892578125,-9.585707664489746
TriMap-dist,11502,-21.173992156982422,-14.932865142822266
TriMap-dist,43531,40.24441909790039,-1.249922752380371
TriMap-dist,60,40.80647659301758,-5.542994022369385
TriMap-dist,6314,40.45441818237305,-1.2156147956848145
TriMap-dist,30928,33.45844268798828,-8.354915618896484
TriMap-dist,72040,28.471336364746094,-14.315152168273926
TriMap-dist,17322,36.331932067871094,-1.7781658172607422
TriMap-dist,12311,39.27274703979492,0.2650283873081207
TriMap-dist,889,40.56767272949219,-6.577200889587402
TriMap-dist,59597,33.1307487487793,-10.65711498260498
TriMap-dist,43037,-11.777850151062012,26.92217254638672
TriMap-dist,69010,9.404346466064453,-19.931652069091797
TriMap-dist,69708,9.626816749572754,-20.952573776245117
TriMap-dist,17774,-40.858436584472656,21.17490577697754
TriMap-dist,30551,-41.9601936340332,22.44489097595215
TriMap-dist,2550,40.5112190246582,-6.659634113311768
TriMap-dist,3166,-9.832646369934082,35.014259338378906
TriMap-dist,95863,28.4771785736084,-0.13087472319602966
TriMap-dist,10559,35.39151382446289,16.051443099975586
TriMap-dist,7344,30.367103576660156,1.6651520729064941
TriMap-dist,228,29.538461685180664,-20.13916778564453
TriMap-dist,28499,10.076775550842285,21.17708969116211
TriMap-dist,331,37.10200119018555,0.9861209988594055
TriMap-dist,59532,44.266456604003906,-10.910487174987793
TriMap-dist,42747,41.969058990478516,-15.40135383605957
TriMap-dist,90451,43.51380920410156,-14.355697631835938
TriMap-dist,66266,42.530208587646484,-14.47421932220459
TriMap-dist,75421,-7.114333152770996,6.319575309753418
TriMap-dist,25382,-9.845332145690918,5.168962001800537
TriMap-dist,27322,26.106712341308594,-11.832770347595215
TriMap-dist,735,9.369606971740723,-8.25605297088623
TriMap-dist,53471,38.54779052734375,-15.63772964477539
TriMap-dist,66120,-0.547154426574707,-11.153676986694336
TriMap-dist,90433,27.4381046295166,-4.097814083099365
TriMap-dist,6334,-6.202229022979736,-21.91291046142578
TriMap-dist,18222,-24.630203247070312,12.342819213867188
TriMap-dist,1198,24.88951873779297,-28.517330169677734
TriMap-dist,1063,16.803146362304688,-22.513442993164062
TriMap-dist,62616,25.158597946166992,-27.532447814941406
TriMap-dist,37753,26.308130264282227,-26.38875961303711
TriMap-dist,27711,5.552308559417725,-23.071468353271484
TriMap-dist,60665,-1.4211323261260986,-18.81378936767578
TriMap-dist,52483,-1.0190802812576294,-25.1514892578125
TriMap-dist,62617,6.0588603019714355,-17.633474349975586
TriMap-dist,35226,-25.78125762939453,19.86902618408203
TriMap-dist,125485,-0.5383609533309937,-5.038819789886475
TriMap-dist,68998,5.0091447830200195,1.6358505487442017
TriMap-dist,79171,38.935855865478516,-14.993388175964355
TriMap-dist,36247,4.656296253204346,21.944015502929688
TriMap-dist,105519,-9.901103973388672,26.614099502563477
TriMap-dist,4491,-27.48638343811035,39.960479736328125
TriMap-dist,24922,33.94789505004883,-12.59522819519043
TriMap-dist,30529,-16.131298065185547,30.458498001098633
TriMap-dist,62775,15.581514358520508,-33.02622604370117
TriMap-dist,30721,-15.21530818939209,28.397457122802734
TriMap-dist,91883,-15.666352272033691,24.681560516357422
TriMap-dist,45706,38.44950866699219,-9.706053733825684
TriMap-dist,25977,-25.036333084106445,0.7775864005088806
TriMap-dist,16067,-5.908359527587891,25.129653930664062
TriMap-dist,93818,-6.724141597747803,25.86437225341797
TriMap-dist,17145,-24.092002868652344,3.6842546463012695
TriMap-dist,16657,43.86970138549805,0.8573657870292664
TriMap-dist,83483,-16.802284240722656,29.85955810546875
TriMap-dist,45258,-17.750408172607422,30.691015243530273
TriMap-dist,88083,-15.085213661193848,25.645837783813477
TriMap-dist,46038,-10.99498462677002,23.767000198364258
TriMap-dist,64788,-5.284526824951172,-20.72603416442871
TriMap-dist,68415,13.215665817260742,23.491291046142578
TriMap-dist,5242,-8.119729995727539,26.864639282226562
TriMap-dist,51704,-19.754650115966797,31.763715744018555
TriMap-dist,23711,2.0564088821411133,24.09381103515625
TriMap-dist,15948,5.631626605987549,15.891683578491211
TriMap-dist,68283,4.20595645904541,9.637606620788574
TriMap-dist,44128,-42.789039611816406,-16.655960083007812
TriMap-dist,64805,39.65270233154297,-5.314438819885254
TriMap-dist,72556,-40.11409378051758,-13.20122241973877
TriMap-dist,35234,37.61905288696289,-2.883488893508911
TriMap-dist,64338,23.513771057128906,6.716549396514893
TriMap-dist,15211,32.016178131103516,-3.7892696857452393
TriMap-dist,31872,27.78364372253418,15.460081100463867
TriMap-dist,62101,25.84943389892578,-10.189401626586914
TriMap-dist,16445,38.02755355834961,-15.5910062789917
TriMap-dist,77,34.50823974609375,6.251962184906006
TriMap-dist,26845,28.510019302368164,-8.054190635681152
TriMap-dist,5581,-3.5923688411712646,12.207512855529785
TriMap-dist,74121,21.585542678833008,6.047589302062988
TriMap-dist,96817,25.653928756713867,-9.67987060546875
TriMap-dist,14838,-26.937850952148438,-23.550174713134766
TriMap-dist,16546,28.50826072692871,-12.263980865478516
TriMap-dist,25780,-26.79421615600586,11.698343276977539
TriMap-dist,31909,29.213193893432617,17.001346588134766
TriMap-dist,2056,30.708890914916992,15.656291007995605
TriMap-dist,6472,6.265557765960693,16.93487548828125
TriMap-dist,96246,6.88618803024292,17.583520889282227
TriMap-dist,15295,5.29669713973999,15.928277969360352
TriMap-dist,1998,31.631412506103516,12.299825668334961
TriMap-dist,34730,5.550020694732666,1.2241398096084595
TriMap-dist,15967,3.334686756134033,5.204911231994629
TriMap-dist,75182,7.569547653198242,14.828702926635742
TriMap-dist,55166,5.059887409210205,-6.550402641296387
TriMap-dist,69923,5.8091959953308105,21.100332260131836
TriMap-dist,79942,3.734917640686035,25.482168197631836
TriMap-dist,31827,-27.439207077026367,39.29138946533203
TriMap-dist,17150,-21.345369338989258,38.796566009521484
TriMap-dist,375,21.302066802978516,-31.51945686340332
TriMap-dist,101438,30.220308303833008,-21.475263595581055
TriMap-dist,14225,36.42386245727539,-1.4421472549438477
TriMap-dist,5521,19.921756744384766,22.60396957397461
TriMap-dist,14669,37.429176330566406,1.9095146656036377
TriMap-dist,614,36.93609619140625,7.007635116577148
TriMap-dist,46513,-6.670440196990967,32.70124435424805
TriMap-dist,71761,17.127609252929688,25.821857452392578
TriMap-dist,371,19.943212509155273,-7.594265937805176
TriMap-dist,69,34.66313934326172,6.130819797515869
TriMap-dist,81508,41.40807342529297,3.1032066345214844
TriMap-dist,307,36.23237609863281,3.2547194957733154
TriMap-dist,38686,40.854888916015625,6.2558274269104
TriMap-dist,71888,26.143529891967773,17.986581802368164
TriMap-dist,390,32.493892669677734,8.969341278076172
TriMap-dist,45343,36.3420295715332,10.196081161499023
TriMap-dist,113,20.98744773864746,2.6144347190856934
TriMap-dist,3508,36.022647857666016,5.581557273864746
TriMap-dist,48138,41.944915771484375,4.654079914093018
TriMap-dist,41698,37.34450912475586,3.326327323913574
TriMap-dist,88995,-32.87236404418945,22.264118194580078
TriMap-dist,89051,-25.200946807861328,20.454341888427734
TriMap-dist,80482,-3.4028570652008057,26.702701568603516
TriMap-dist,17,33.535789489746094,2.525411605834961
TriMap-dist,34696,33.48609924316406,-4.601228713989258
TriMap-dist,25967,33.223419189453125,9.350688934326172
TriMap-dist,9099,33.42637634277344,7.707110404968262
TriMap-dist,721,41.66157913208008,-3.328202724456787
TriMap-dist,52180,38.09202194213867,4.286123752593994
TriMap-dist,644,37.03638458251953,-1.989072322845459
TriMap-dist,607,42.614925384521484,-0.5887971520423889
TriMap-dist,18471,43.90228271484375,-9.61019229888916
TriMap-dist,5752,37.49372100830078,-3.0183932781219482
TriMap-dist,44035,43.25582504272461,-13.505647659301758
TriMap-dist,297,35.802703857421875,1.1907017230987549
TriMap-dist,8282,30.408035278320312,-6.151241779327393
TriMap-dist,33443,37.302188873291016,-1.1915409564971924
TriMap-dist,66097,-6.447503089904785,-16.090621948242188
TriMap-dist,68226,41.55426025390625,3.955233573913574
TriMap-dist,50495,-0.21429786086082458,19.499465942382812
TriMap-dist,55785,-52.604366302490234,19.505857467651367
TriMap-dist,120986,-48.41849899291992,26.065420150756836
TriMap-dist,1426,-19.074758529663086,31.47361946105957
TriMap-dist,102772,-18.201854705810547,34.70307159423828
TriMap-dist,1822,4.611247539520264,3.0624959468841553
TriMap-dist,207,23.536455154418945,-11.038179397583008
TriMap-dist,31352,23.872055053710938,-10.670685768127441
TriMap-dist,15514,3.9775516986846924,-1.4319039583206177
TriMap-dist,10314,-18.22018814086914,-17.269268035888672
TriMap-dist,78576,-22.03160285949707,-18.671358108520508
TriMap-dist,83621,-24.063701629638672,-17.68697738647461
TriMap-dist,31798,-8.164569854736328,-20.511510848999023
TriMap-dist,1607,-17.516035079956055,-17.5087833404541
TriMap-dist,18306,11.755121231079102,-13.332927703857422
TriMap-dist,75487,44.91958236694336,-7.484792232513428
TriMap-dist,45707,43.32270812988281,-10.656643867492676
TriMap-dist,734,37.448280334472656,3.424670934677124
TriMap-dist,815,25.877172470092773,-23.503292083740234
TriMap-dist,45956,41.60859680175781,3.955834150314331
TriMap-dist,2736,36.87350845336914,0.6897526979446411
TriMap-dist,799,34.974979400634766,5.478275299072266
TriMap-dist,15462,13.453910827636719,9.920378684997559
TriMap-dist,14825,38.19699478149414,-1.7845487594604492
TriMap-dist,25251,31.621055603027344,12.266334533691406
TriMap-dist,148,27.965843200683594,7.297516345977783
TriMap-dist,51353,27.67459487915039,9.857069969177246
TriMap-dist,9828,-20.338115692138672,-3.7062008380889893
TriMap-dist,38914,-25.996076583862305,-1.8850922584533691
TriMap-dist,32172,-26.663665771484375,0.10473468154668808
TriMap-dist,98689,-35.4776611328125,-9.602371215820312
TriMap-dist,23295,21.869903564453125,-10.709890365600586
TriMap-dist,10554,-30.29274559020996,5.7667999267578125
TriMap-dist,11588,-2.98832106590271,6.269710063934326
TriMap-dist,58226,-22.90036392211914,5.096515655517578
TriMap-dist,38497,-8.099536895751953,-12.7479829788208
TriMap-dist,46098,-23.795974731445312,2.6451022624969482
TriMap-dist,913,-2.2675559520721436,-25.50016212463379
TriMap-dist,3865,28.59911346435547,-14.614433288574219
TriMap-dist,46336,29.96880531311035,-12.200348854064941
TriMap-dist,1261,27.648218154907227,-15.080863952636719
TriMap-dist,8098,25.987165451049805,-27.77776527404785
TriMap-dist,770,32.59898376464844,-11.277307510375977
TriMap-dist,68794,32.75456237792969,-13.451983451843262
TriMap-dist,45651,-37.28004455566406,-0.5910401940345764
TriMap-dist,605,21.138822555541992,-9.563530921936035
TriMap-dist,54275,-34.06856918334961,1.4760583639144897
TriMap-dist,13016,7.272855281829834,-20.468229293823242
TriMap-dist,27417,7.057173252105713,-19.55208969116211
TriMap-dist,13015,7.658895492553711,-20.332239151000977
TriMap-dist,75126,6.699937343597412,-20.724647521972656
TriMap-dist,18755,-39.1405029296875,21.5808048248291
TriMap-dist,9075,-10.007956504821777,36.57987976074219
TriMap-dist,593,-9.807402610778809,37.77738952636719
TriMap-dist,90953,39.85664367675781,5.655032157897949
TriMap-dist,50239,3.3364076614379883,24.220497131347656
TriMap-dist,1849,2.7587671279907227,25.85685920715332
TriMap-dist,12863,10.882896423339844,-1.2642784118652344
TriMap-dist,68716,4.685612678527832,23.451358795166016
TriMap-dist,11771,3.9155311584472656,26.15213966369629
TriMap-dist,102882,3.1514523029327393,26.75460433959961
TriMap-dist,4524,5.315484523773193,-5.2938103675842285
TriMap-dist,6332,6.320992469787598,20.365041732788086
TriMap-dist,9224,3.0682685375213623,24.158329010009766
TriMap-dist,466,42.048187255859375,-14.73591423034668
TriMap-dist,64104,35.078914642333984,-14.546154022216797
TriMap-dist,4523,41.30317687988281,-18.866249084472656
TriMap-dist,95642,40.897422790527344,-16.700178146362305
TriMap-dist,54720,-7.062962055206299,6.6288909912109375
TriMap-dist,55963,29.31544303894043,-22.35702133178711
TriMap-dist,25316,24.65416717529297,-10.778485298156738
TriMap-dist,75811,21.919227600097656,-10.666414260864258
TriMap-dist,53224,24.20509910583496,-11.4548978805542
TriMap-dist,36679,0.7687974572181702,-12.083956718444824
TriMap-dist,31351,-0.27658379077911377,-11.874542236328125
TriMap-dist,78658,-0.026966949924826622,-16.382980346679688
TriMap-dist,53742,3.6899681091308594,-7.320903778076172
TriMap-dist,50790,24.9339542388916,-4.183745384216309
TriMap-dist,51469,0.11303308606147766,-14.79088020324707
TriMap-dist,918,3.8526668548583984,-6.00916051864624
TriMap-dist,52015,-19.732093811035156,15.856783866882324
TriMap-dist,83842,-6.32651948928833,14.929567337036133
TriMap-dist,70776,6.5066423416137695,10.872365951538086
TriMap-dist,24192,-25.259523391723633,11.856454849243164
TriMap-dist,12134,5.317623615264893,9.513861656188965
TriMap-dist,31219,3.312865734100342,9.52267837524414
TriMap-dist,474,7.186446666717529,-23.95616340637207
TriMap-dist,70646,15.304377555847168,-23.937576293945312
TriMap-dist,610,5.677684783935547,1.2293195724487305
TriMap-dist,1282,4.35284948348999,4.111910343170166
TriMap-dist,17796,6.227299213409424,2.940001964569092
TriMap-dist,32269,8.191408157348633,10.354471206665039
TriMap-dist,1150,-30.593923568725586,4.338946342468262
TriMap-dist,39029,6.330507755279541,-20.80449676513672
TriMap-dist,13014,-1.9043834209442139,-11.219915390014648
TriMap-dist,65738,28.48174285888672,7.105950355529785
TriMap-dist,3552,5.358165264129639,-20.218833923339844
TriMap-dist,46400,5.605912208557129,-21.75416374206543
TriMap-dist,595,-0.9297966957092285,-18.674535751342773
TriMap-dist,55795,-13.022253036499023,-10.350893020629883
TriMap-dist,55858,-6.312329292297363,-7.966390609741211
TriMap-dist,1715,2.597714424133301,-1.6965855360031128
TriMap-dist,1142,1.8379496335983276,3.9629063606262207
TriMap-dist,27656,4.040049076080322,6.1829681396484375
TriMap-dist,58781,5.736052513122559,3.2083582878112793
TriMap-dist,28049,-7.761617183685303,-8.76374626159668
TriMap-dist,46598,1.8343335390090942,25.158382415771484
TriMap-dist,33796,9.521795272827148,21.545398712158203
TriMap-dist,46132,10.654099464416504,18.89702796936035
TriMap-dist,62701,-4.232214450836182,-29.20927619934082
TriMap-dist,58157,20.11054229736328,-1.5985418558120728
TriMap-dist,28363,-28.678178787231445,39.509300231933594
TriMap-dist,94713,-13.681640625,23.404708862304688
TriMap-dist,10573,-25.962160110473633,12.32018756866455
TriMap-dist,213,-30.166929244995117,11.07335376739502
TriMap-dist,4514,-38.629390716552734,6.842566013336182
TriMap-dist,6205,-21.590862274169922,22.45153045654297
TriMap-dist,1953,-6.6069722175598145,26.630708694458008
TriMap-dist,10463,-30.729206085205078,15.560956001281738
TriMap-dist,20541,-10.551725387573242,27.3735408782959
TriMap-dist,16939,-7.893901824951172,26.66423225402832
TriMap-dist,17184,2.789276361465454,22.71636962890625
TriMap-dist,84246,-2.3700637817382812,25.905668258666992
TriMap-dist,1197,-23.5432186126709,4.530111312866211
TriMap-dist,1435,26.265220642089844,-17.461444854736328
TriMap-dist,3756,24.351314544677734,-10.723713874816895
TriMap-dist,27997,-31.679502487182617,-23.582853317260742
TriMap-dist,73664,-15.45755386352539,20.670150756835938
TriMap-dist,71708,-19.060394287109375,18.147571563720703
TriMap-dist,38254,5.924483776092529,-19.265426635742188
TriMap-dist,1019,-20.835651397705078,12.53872299194336
TriMap-dist,53243,-17.165929794311523,-6.184846878051758
TriMap-dist,11456,30.203481674194336,2.566791296005249
TriMap-dist,9439,44.046905517578125,0.9112545251846313
TriMap-dist,7247,6.937375545501709,-23.780986785888672
TriMap-dist,13401,5.319228172302246,4.184853553771973
TriMap-dist,3747,0.5766120553016663,23.50857162475586
TriMap-dist,13857,-4.9570817947387695,26.444101333618164
TriMap-dist,46663,-5.629383563995361,26.90276527404785
TriMap-dist,49144,-5.58481502532959,24.725858688354492
TriMap-dist,48476,-7.874134063720703,24.15691375732422
TriMap-dist,31383,3.6064274311065674,24.11823844909668
TriMap-dist,31508,2.2890079021453857,23.9913387298584
TriMap-dist,1119,-7.315504550933838,26.735239028930664
TriMap-dist,10146,6.160723686218262,17.52007293701172
TriMap-dist,7916,34.038089752197266,-0.7847376465797424
TriMap-dist,11570,-19.48970603942871,30.235673904418945
TriMap-dist,64152,0.1045096218585968,17.945486068725586
TriMap-dist,686,-21.829307556152344,-7.032642364501953
TriMap-dist,6382,-37.367462158203125,-18.7707462310791
TriMap-dist,60035,-42.23162841796875,-18.62989616394043
TriMap-dist,2167,23.980085372924805,-21.633169174194336
TriMap-dist,4518,-41.95830154418945,-10.49515151977539
TriMap-dist,13052,-32.72911071777344,-17.862743377685547
TriMap-dist,2783,-37.10042190551758,-18.031145095825195
TriMap-dist,31623,-3.7209932804107666,15.790393829345703
TriMap-dist,1834,22.112194061279297,5.111030578613281
TriMap-dist,18453,-17.60211944580078,-3.898350715637207
TriMap-dist,52002,27.46715545654297,5.606142997741699
TriMap-dist,1483,29.039264678955078,-0.11384041607379913
TriMap-dist,383,-4.568890571594238,20.62861442565918
TriMap-dist,12201,8.845989227294922,-17.389755249023438
TriMap-dist,44174,26.544994354248047,-9.544917106628418
TriMap-dist,3575,34.46162033081055,6.777915954589844
TriMap-dist,48434,24.615293502807617,-10.656828880310059
TriMap-dist,49912,33.536582946777344,8.37912654876709
TriMap-dist,845,5.578131198883057,-6.003576278686523
TriMap-dist,920,28.016843795776367,0.05568552762269974
TriMap-dist,58714,22.582473754882812,2.1262972354888916
TriMap-dist,6697,29.102550506591797,3.102280378341675
TriMap-dist,9,35.130767822265625,6.059039115905762
TriMap-dist,32356,19.772024154663086,8.974048614501953
TriMap-dist,613,2.8150861263275146,18.02766990661621
TriMap-dist,48903,-25.218149185180664,10.42890453338623
TriMap-dist,1833,8.795151710510254,-9.907052993774414
TriMap-dist,21369,30.4459228515625,4.114221572875977
TriMap-dist,1009,15.826424598693848,-10.735347747802734
TriMap-dist,890,32.647945404052734,6.218366622924805
TriMap-dist,616,19.100767135620117,-6.083050727844238
TriMap-dist,11043,30.131587982177734,2.181220054626465
TriMap-dist,57129,-31.087623596191406,-22.904142379760742
TriMap-feat,32394,7.196133136749268,-18.035137176513672
TriMap-feat,2972,6.296728134155273,-17.004667282104492
TriMap-feat,16938,-30.557886123657227,13.534649848937988
TriMap-feat,45686,-35.98641586303711,16.385286331176758
TriMap-feat,310,-3.43940806388855,14.608412742614746
TriMap-feat,2176,-34.9345703125,15.623876571655273
TriMap-feat,38117,-31.259014129638672,12.721758842468262
TriMap-feat,39459,-16.11176872253418,5.306541919708252
TriMap-feat,40816,-6.476681709289551,28.751216888427734
TriMap-feat,72821,-0.0324176587164402,25.371234893798828
TriMap-feat,609,3.734755516052246,20.24093246459961
TriMap-feat,2762,-10.897830963134766,34.78055953979492
TriMap-feat,52616,-5.919984340667725,25.52713966369629
TriMap-feat,46066,7.791832447052002,3.8301684856414795
TriMap-feat,248,8.442877769470215,12.277366638183594
TriMap-feat,15294,9.508149147033691,25.11412239074707
TriMap-feat,48682,7.733913898468018,0.6355629563331604
TriMap-feat,7399,6.954951763153076,21.240480422973633
TriMap-feat,42027,-6.4654130935668945,32.00984191894531
TriMap-feat,3168,9.102906227111816,21.130220413208008
TriMap-feat,2366,8.678837776184082,23.176559448242188
TriMap-feat,49755,6.393397331237793,23.056299209594727
TriMap-feat,15452,6.624843597412109,20.06566047668457
TriMap-feat,46797,7.835358142852783,22.151901245117188
TriMap-feat,34761,2.1243882179260254,30.74526596069336
TriMap-feat,765,7.677323341369629,17.629291534423828
TriMap-feat,3606,11.065882682800293,-1.7018871307373047
TriMap-feat,3607,10.438004493713379,-0.5086394548416138
TriMap-feat,9685,7.288441181182861,27.424476623535156
TriMap-feat,7145,8.898371696472168,21.113632202148438
TriMap-feat,15727,2.2610762119293213,10.670769691467285
TriMap-feat,34935,2.869739055633545,30.74398422241211
TriMap-feat,30945,11.710980415344238,8.071466445922852
TriMap-feat,1229,7.918017864227295,-32.44862747192383
TriMap-feat,430,2.2310338020324707,28.14645004272461
TriMap-feat,70465,40.132625579833984,6.1649909019470215
TriMap-feat,9241,4.310966968536377,24.313756942749023
TriMap-feat,64718,41.10923767089844,2.9610953330993652
TriMap-feat,1088,12.310125350952148,-35.81664276123047
TriMap-feat,642,31.417400360107422,8.136192321777344
TriMap-feat,74915,26.556503295898438,15.293221473693848
TriMap-feat,473,32.93277359008789,7.059067726135254
TriMap-feat,70090,38.934329986572266,-0.25098520517349243
TriMap-feat,103,33.27761459350586,6.937453746795654
TriMap-feat,992,28.93682861328125,17.16455841064453
TriMap-feat,45499,-30.215429306030273,5.501608848571777
TriMap-feat,50875,-18.01092529296875,37.374515533447266
TriMap-feat,748,-15.51800537109375,36.09937286376953
TriMap-feat,3729,-14.782906532287598,34.02303695678711
TriMap-feat,12426,-31.993383407592773,22.77913475036621
TriMap-feat,68074,-31.10609245300293,24.745676040649414
TriMap-feat,51249,-32.66588592529297,25.66379165649414
TriMap-feat,50256,-31.718717575073242,23.250761032104492
TriMap-feat,51411,-36.85312271118164,21.768117904663086
TriMap-feat,78578,-23.506174087524414,28.79471206665039
TriMap-feat,38133,-29.63690948486328,31.063663482666016
TriMap-feat,611,34.08358383178711,-10.268806457519531
TriMap-feat,53,11.811120986938477,19.812089920043945
TriMap-feat,55157,-29.09895896911621,-3.1289680004119873
TriMap-feat,412,-10.621548652648926,47.07362365722656
TriMap-feat,176,-17.87451171875,-24.963947296142578
TriMap-feat,934,37.072265625,-5.1342854499816895
TriMap-feat,62762,40.356021881103516,-1.2961872816085815
TriMap-feat,565,12.142027854919434,-18.308324813842773
TriMap-feat,2653,26.86739158630371,-6.684280872344971
TriMap-feat,523,33.03047561645508,7.909665107727051
TriMap-feat,13066,-24.312904357910156,-21.077791213989258
TriMap-feat,612,32.3120231628418,-8.127771377563477
TriMap-feat,56324,32.46137237548828,8.808234214782715
TriMap-feat,7955,-50.78035354614258,0.04046379774808884
TriMap-feat,45968,-49.34178161621094,-0.2492939829826355
TriMap-feat,3907,-22.03814697265625,34.75992965698242
TriMap-feat,55001,-28.946157455444336,26.4874267578125
TriMap-feat,3258,-22.815080642700195,33.73771286010742
TriMap-feat,52924,-22.793781280517578,33.907928466796875
TriMap-feat,62199,-4.035050392150879,8.752603530883789
TriMap-feat,12792,20.452123641967773,-10.377985954284668
TriMap-feat,45292,19.692983627319336,5.871087551116943
TriMap-feat,1460,-20.013938903808594,-23.63751220703125
TriMap-feat,92,-14.072732925415039,-17.82871437072754
TriMap-feat,9677,-19.142719268798828,-10.692506790161133
TriMap-feat,27040,-1.9632294178009033,-15.184741973876953
TriMap-feat,22963,-27.327051162719727,4.531734466552734
TriMap-feat,51,-27.555923461914062,6.352363586425781
TriMap-feat,15338,-27.37080955505371,6.776992321014404
TriMap-feat,86,-17.2053279876709,-27.36495590209961
TriMap-feat,267,-13.418197631835938,-24.6585636138916
TriMap-feat,4758,-13.719755172729492,-25.470348358154297
TriMap-feat,1871,-9.789280891418457,-19.722124099731445
TriMap-feat,54157,-17.53782081604004,-17.90165138244629
TriMap-feat,631,38.993408203125,3.979504108428955
TriMap-feat,48100,29.923057556152344,4.642880916595459
TriMap-feat,12865,38.024208068847656,0.10393603891134262
TriMap-feat,6538,13.560800552368164,11.559141159057617
TriMap-feat,49751,39.95445251464844,1.5171927213668823
TriMap-feat,1115,20.12427520751953,11.606529235839844
TriMap-feat,110661,27.570947647094727,9.50114631652832
TriMap-feat,10206,5.0541815757751465,27.040504455566406
TriMap-feat,1005,12.660116195678711,21.52120590209961
TriMap-feat,698,-30.35129165649414,-1.7977298498153687
TriMap-feat,218,3.1385202407836914,19.779319763183594
TriMap-feat,172,-19.162334442138672,-6.274962902069092
TriMap-feat,61519,-21.020044326782227,-4.78549861907959
TriMap-feat,67996,-15.607519149780273,8.76311206817627
TriMap-feat,6103,-8.190221786499023,10.80836009979248
TriMap-feat,1596,-29.798847198486328,-2.3214304447174072
TriMap-feat,28182,-30.403240203857422,-2.8462133407592773
TriMap-feat,4094,-34.98138427734375,15.7485933303833
TriMap-feat,1036,-20.638952255249023,-10.51794719696045
TriMap-feat,68271,23.547761917114258,-17.141956329345703
TriMap-feat,3241,-35.304325103759766,15.485647201538086
TriMap-feat,709,-33.79634475708008,3.946254014968872
TriMap-feat,45639,8.849288940429688,-25.009937286376953
TriMap-feat,62021,5.902050018310547,-25.57311248779297
TriMap-feat,521,32.040828704833984,-7.466412544250488
TriMap-feat,146,13.937114715576172,-21.628023147583008
TriMap-feat,50,-9.285516738891602,-23.953821182250977
TriMap-feat,30509,-10.355216979980469,31.524335861206055
TriMap-feat,59826,-29.176918029785156,5.0639801025390625
TriMap-feat,64029,-29.77071762084961,4.854584693908691
TriMap-feat,42254,-29.39591407775879,3.777539014816284
TriMap-feat,18283,-11.036026954650879,31.46046257019043
TriMap-feat,45396,3.5678210258483887,-5.868332862854004
TriMap-feat,31411,3.4160144329071045,-4.757448196411133
TriMap-feat,1980,5.192474842071533,-7.345046043395996
TriMap-feat,101596,5.246302604675293,-8.008261680603027
TriMap-feat,11350,-43.709407806396484,9.509249687194824
TriMap-feat,34503,-41.3055534362793,16.07051658630371
TriMap-feat,3670,-45.96955490112305,7.695706844329834
TriMap-feat,18714,-43.18692398071289,12.189741134643555
TriMap-feat,78740,-15.240662574768066,26.660362243652344
TriMap-feat,83296,33.19536209106445,-3.614741086959839
TriMap-feat,9502,-3.4972753524780273,35.877830505371094
TriMap-feat,6759,-3.9532711505889893,30.64633560180664
TriMap-feat,154,-0.07965472340583801,29.31134796142578
TriMap-feat,16220,0.27462199330329895,32.52162551879883
TriMap-feat,19668,0.20041456818580627,33.23455810546875
TriMap-feat,8590,5.616678237915039,31.92237663269043
TriMap-feat,75489,-4.4245686531066895,28.3470401763916
TriMap-feat,61264,-30.668527603149414,30.762807846069336
TriMap-feat,66856,36.28253173828125,-23.691177368164062
TriMap-feat,59292,27.105422973632812,-32.62813186645508
TriMap-feat,10131,10.158665657043457,1.6968344449996948
TriMap-feat,71596,-20.688756942749023,0.6629688143730164
TriMap-feat,1021,-0.10894811153411865,-2.6694438457489014
TriMap-feat,60867,5.835832118988037,-8.24422550201416
TriMap-feat,760,1.256217122077942,-14.296957015991211
TriMap-feat,34973,-21.298294067382812,-24.859180450439453
TriMap-feat,90957,-1.835464358329773,-11.536283493041992
TriMap-feat,4295,4.149368762969971,-13.068085670471191
TriMap-feat,59827,-25.117891311645508,20.706186294555664
TriMap-feat,973,-27.076557159423828,18.94993782043457
TriMap-feat,64948,2.3197648525238037,13.634622573852539
TriMap-feat,1031,5.409104824066162,14.494190216064453
TriMap-feat,28246,1.8114315271377563,15.5193452835083
TriMap-feat,32743,3.1787285804748535,23.787750244140625
TriMap-feat,48463,-3.9976725578308105,8.336166381835938
TriMap-feat,15231,2.743947744369507,13.978336334228516
TriMap-feat,96740,14.93973445892334,-31.239484786987305
TriMap-feat,36416,1.2130736112594604,6.311343669891357
TriMap-feat,13462,4.933586120605469,11.322009086608887
TriMap-feat,31397,3.6090450286865234,-4.795659065246582
TriMap-feat,4433,2.185676336288452,9.895906448364258
TriMap-feat,72,-7.398784637451172,-11.170326232910156
TriMap-feat,55,0.3317459225654602,-7.275233268737793
TriMap-feat,1276,1.1433931589126587,18.914127349853516
TriMap-feat,68905,-13.51102066040039,-9.448325157165527
TriMap-feat,208,0.149984672665596,-7.5993194580078125
TriMap-feat,18802,-5.062193393707275,-13.082978248596191
TriMap-feat,417,-30.851797103881836,12.025846481323242
TriMap-feat,1196,0.07847592234611511,-6.368160724639893
TriMap-feat,90174,-29.30887794494629,-3.640610933303833
TriMap-feat,684,2.6396477222442627,22.16555404663086
TriMap-feat,25315,0.44890880584716797,-7.783607006072998
TriMap-feat,31771,-5.4602437019348145,-10.3872652053833
TriMap-feat,18021,-12.62946891784668,-4.582607746124268
TriMap-feat,30352,-7.085492134094238,2.6595234870910645
TriMap-feat,50370,-16.771114349365234,-4.120239734649658
TriMap-feat,15210,-10.849675178527832,-4.062033176422119
TriMap-feat,17162,-8.03148365020752,-6.060436725616455
TriMap-feat,31931,-8.405973434448242,-6.280788898468018
TriMap-feat,57587,-8.055216789245605,-0.07070059329271317
TriMap-feat,4622,-5.025941371917725,-8.881097793579102
TriMap-feat,68214,-5.113115310668945,6.204087734222412
TriMap-feat,15286,-1.8535187244415283,11.447994232177734
TriMap-feat,38259,8.994607925415039,31.579700469970703
TriMap-feat,18368,8.531671524047852,30.558927536010742
TriMap-feat,51705,-3.241175413131714,34.48025894165039
TriMap-feat,562,-12.346403121948242,45.817787170410156
TriMap-feat,12446,-12.866497993469238,47.31740951538086
TriMap-feat,6433,-13.007638931274414,43.90821075439453
TriMap-feat,704,-29.713247299194336,13.541632652282715
TriMap-feat,75805,-7.83608341217041,27.196819305419922
TriMap-feat,39681,-18.40810203552246,30.068038940429688
TriMap-feat,72158,-38.75605773925781,-0.11561261117458344
TriMap-feat,29157,-32.61479568481445,13.9516019821167
TriMap-feat,4322,-34.652984619140625,9.795485496520996
TriMap-feat,14681,-36.72457504272461,19.67483901977539
TriMap-feat,76880,-32.50468063354492,8.290702819824219
TriMap-feat,84109,-11.169418334960938,29.074308395385742
TriMap-feat,43632,-26.459697723388672,28.801191329956055
TriMap-feat,37735,-36.6248893737793,24.646770477294922
TriMap-feat,4193,10.801876068115234,24.62353515625
TriMap-feat,57384,-5.3070573806762695,20.54205894470215
TriMap-feat,11444,-13.575050354003906,34.815067291259766
TriMap-feat,63079,-32.29988098144531,21.37531280517578
TriMap-feat,306,-32.08746337890625,20.61681365966797
TriMap-feat,6457,-12.725973129272461,34.18879699707031
TriMap-feat,804,-8.063742637634277,33.595951080322266
TriMap-feat,12520,19.276416778564453,26.834373474121094
TriMap-feat,84413,-8.85336685180664,32.88149642944336
TriMap-feat,53015,-36.16106033325195,-6.194690227508545
TriMap-feat,14728,-38.436317443847656,-3.6729280948638916
TriMap-feat,55838,-33.114864349365234,-29.290178298950195
TriMap-feat,91640,-33.572914123535156,-31.085792541503906
TriMap-feat,56457,-27.30428123474121,-28.482030868530273
TriMap-feat,25324,-23.442468643188477,33.03517532348633
TriMap-feat,1825,-13.741053581237793,35.332218170166016
TriMap-feat,219,-34.33633041381836,12.775172233581543
TriMap-feat,81642,-11.427393913269043,34.8470573425293
TriMap-feat,52802,-9.310279846191406,28.504192352294922
TriMap-feat,30947,0.0740366205573082,27.19635581970215
TriMap-feat,65414,-9.808541297912598,27.63734245300293
TriMap-feat,30499,-9.247509002685547,32.41755294799805
TriMap-feat,43297,-16.42940330505371,25.72290802001953
TriMap-feat,170,-30.27849769592285,-2.719254732131958
TriMap-feat,215,-31.81122589111328,0.6732536554336548
TriMap-feat,31666,-26.774309158325195,-1.303320050239563
TriMap-feat,701,-15.441362380981445,21.361318588256836
TriMap-feat,1251,-11.897761344909668,25.7274169921875
TriMap-feat,39358,-23.1241397857666,19.746517181396484
TriMap-feat,84951,-34.139896392822266,9.108108520507812
TriMap-feat,62318,-33.549224853515625,2.0204238891601562
TriMap-feat,70052,-14.722341537475586,34.295658111572266
TriMap-feat,664,-29.03163719177246,9.888415336608887
TriMap-feat,64757,-32.74223709106445,22.17557144165039
TriMap-feat,11801,-31.213685989379883,23.268367767333984
TriMap-feat,54785,18.23242950439453,20.424863815307617
TriMap-feat,519,-0.8162696957588196,-13.251492500305176
TriMap-feat,1444,-6.812352657318115,-24.707944869995117
TriMap-feat,1018,1.0850849151611328,8.736544609069824
TriMap-feat,61856,1.446558952331543,26.653947830200195
TriMap-feat,39314,4.252120018005371,26.188703536987305
TriMap-feat,88175,-10.722976684570312,28.648035049438477
TriMap-feat,70,1.5806241035461426,27.660810470581055
TriMap-feat,29675,-5.092457294464111,26.25642204284668
TriMap-feat,15963,25.826356887817383,14.058158874511719
TriMap-feat,10464,7.427267074584961,18.478410720825195
TriMap-feat,66826,-0.766102135181427,24.546049118041992
TriMap-feat,705,-30.87997817993164,25.605979919433594
TriMap-feat,222,-7.210811614990234,22.374881744384766
TriMap-feat,26358,-3.4589524269104004,32.05355453491211
TriMap-feat,1801,-8.20123291015625,28.303199768066406
TriMap-feat,42260,-6.311468601226807,31.880292892456055
TriMap-feat,93,8.401590347290039,20.436594009399414
TriMap-feat,21548,-10.010679244995117,30.664934158325195
TriMap-feat,5749,-5.825355052947998,21.858369827270508
TriMap-feat,249,7.9836201667785645,19.006786346435547
TriMap-feat,707,-33.61670684814453,-25.234127044677734
TriMap-feat,56077,-35.37388229370117,-16.000877380371094
TriMap-feat,51488,-31.344247817993164,-27.948572158813477
TriMap-feat,427,-22.57843780517578,-24.364612579345703
TriMap-feat,4,-28.249143600463867,-27.62566566467285
TriMap-feat,75668,-32.42349624633789,-23.594331741333008
TriMap-feat,12258,-25.52545166015625,-23.036834716796875
TriMap-feat,68404,-30.097923278808594,-30.12919044494629
TriMap-feat,34893,-34.825748443603516,-27.75457191467285
TriMap-feat,3750,-31.338306427001953,-26.47292137145996
TriMap-feat,12770,-26.735145568847656,-21.671911239624023
TriMap-feat,12762,-29.807666778564453,-30.111209869384766
TriMap-feat,28201,-33.60390853881836,-10.016327857971191
TriMap-feat,83889,-24.743833541870117,-28.198772430419922
TriMap-feat,955,-15.671867370605469,-26.726768493652344
TriMap-feat,9394,6.049435615539551,19.664936065673828
TriMap-feat,33519,6.517518520355225,16.38580894470215
TriMap-feat,253,-6.321544170379639,-17.052675247192383
TriMap-feat,62615,-9.951659202575684,27.284000396728516
TriMap-feat,1826,6.862826824188232,15.538723945617676
TriMap-feat,221,8.453140258789062,19.372831344604492
TriMap-feat,55805,-20.442007064819336,1.5803828239440918
TriMap-feat,17666,10.554703712463379,25.83892822265625
TriMap-feat,71272,3.7572720050811768,-5.875414848327637
TriMap-feat,54885,-1.4477630853652954,20.64583969116211
TriMap-feat,57038,5.172534465789795,3.9144797325134277
TriMap-feat,4573,28.621252059936523,6.851988315582275
TriMap-feat,62707,-3.794203996658325,19.571979522705078
TriMap-feat,606,2.6471827030181885,7.171351909637451
TriMap-feat,31226,3.854918956756592,0.2026943862438202
TriMap-feat,17786,3.7752110958099365,15.047067642211914
TriMap-feat,43040,6.770792484283447,29.94065284729004
TriMap-feat,2938,13.82455825805664,12.341826438903809
TriMap-feat,40200,5.945083141326904,0.8045181632041931
TriMap-feat,64947,-13.215753555297852,21.312280654907227
TriMap-feat,12317,19.02307891845703,-0.5531116127967834
TriMap-feat,590,10.464681625366211,11.761781692504883
TriMap-feat,31825,-18.330825805664062,-28.030916213989258
TriMap-feat,4421,-17.884605407714844,-27.082271575927734
TriMap-feat,56023,-20.442588806152344,-29.097110748291016
TriMap-feat,31172,10.942926406860352,-15.571788787841797
TriMap-feat,96,11.621772766113281,-14.634920120239258
TriMap-feat,91209,6.411530017852783,-16.33257293701172
TriMap-feat,49504,9.533153533935547,-12.828348159790039
TriMap-feat,11416,-34.45600509643555,14.723160743713379
TriMap-feat,22537,-34.69380569458008,4.27578592300415
TriMap-feat,79167,-37.49589157104492,21.120380401611328
TriMap-feat,71512,-36.78340530395508,21.25433349609375
TriMap-feat,10296,10.40598201751709,3.1168222427368164
TriMap-feat,4056,3.1482300758361816,-15.55467700958252
TriMap-feat,917,9.092545509338379,12.069375038146973
TriMap-feat,67702,6.127488136291504,17.87233543395996
TriMap-feat,97605,12.12271785736084,2.3483879566192627
TriMap-feat,103425,9.168356895446777,-4.906355381011963
TriMap-feat,49223,0.2338653802871704,32.96612548828125
TriMap-feat,73900,1.8387460708618164,-33.297462463378906
TriMap-feat,37470,2.023244857788086,-31.66456413269043
TriMap-feat,16602,-0.17223726212978363,-33.68925476074219
TriMap-feat,9797,-0.719698965549469,-33.09402847290039
TriMap-feat,19,36.69520568847656,-5.423794746398926
TriMap-feat,15512,31.842092514038086,-7.988415718078613
TriMap-feat,484,34.935302734375,-2.205080509185791
TriMap-feat,4608,14.62391471862793,-8.014745712280273
TriMap-feat,1404,28.995391845703125,-2.2729403972625732
TriMap-feat,271,-17.99003028869629,-15.054482460021973
TriMap-feat,897,26.474645614624023,-8.429718971252441
TriMap-feat,57255,14.227653503417969,21.510419845581055
TriMap-feat,23317,-34.674747467041016,10.245942115783691
TriMap-feat,25753,-34.1425895690918,17.6042423248291
TriMap-feat,17565,-31.42967987060547,23.025005340576172
TriMap-feat,88707,-32.361228942871094,30.176816940307617
TriMap-feat,17387,-37.17039489746094,20.490358352661133
TriMap-feat,308,-32.28675079345703,30.199878692626953
TriMap-feat,69869,-36.152767181396484,23.127912521362305
TriMap-feat,18043,-14.478619575500488,-7.6454644203186035
TriMap-feat,15451,-12.497713088989258,27.516399383544922
TriMap-feat,7322,-12.33325481414795,24.621795654296875
TriMap-feat,485,18.472455978393555,-16.39421272277832
TriMap-feat,8442,39.182037353515625,-6.004624843597412
TriMap-feat,147,-14.320759773254395,-18.97763442993164
TriMap-feat,18,38.04153060913086,-5.186136722564697
TriMap-feat,238,-31.101177215576172,-1.2633706331253052
TriMap-feat,413,-34.83017349243164,-12.909064292907715
TriMap-feat,728,36.343021392822266,-8.220951080322266
TriMap-feat,1687,30.759164810180664,-8.36407470703125
TriMap-feat,372,36.715599060058594,-9.828719139099121
TriMap-feat,3016,-15.156814575195312,-24.006877899169922
TriMap-feat,1215,-7.552460670471191,-23.545272827148438
TriMap-feat,13064,-18.486804962158203,-24.034950256347656
TriMap-feat,38543,35.22772216796875,-8.88714599609375
TriMap-feat,502,-17.918113708496094,-24.983381271362305
TriMap-feat,1499,28.55409049987793,-12.601777076721191
TriMap-feat,17076,37.45559310913086,-10.39215087890625
TriMap-feat,64105,20.092432022094727,-14.821758270263672
TriMap-feat,128,33.61539077758789,-6.1708879470825195
TriMap-feat,44034,11.5878267288208,-18.444509506225586
TriMap-feat,3128,-48.845489501953125,-0.05310467630624771
TriMap-feat,43572,-48.98991394042969,0.296113520860672
TriMap-feat,25980,-40.358680725097656,-0.30291619896888733
TriMap-feat,11538,-41.977596282958984,-5.335140705108643
TriMap-feat,10664,17.399702072143555,-8.92096996307373
TriMap-feat,80039,3.0465643405914307,-14.783967018127441
TriMap-feat,632,-11.672237396240234,-20.9376163482666
TriMap-feat,1733,-11.626962661743164,-13.116223335266113
TriMap-feat,8069,-11.778624534606934,-18.5335693359375
TriMap-feat,988,-11.822425842285156,-22.450658798217773
TriMap-feat,184,-8.47130298614502,-20.851728439331055
TriMap-feat,242,-15.858060836791992,-29.123613357543945
TriMap-feat,720,-11.234739303588867,-30.81808853149414
TriMap-feat,23280,-11.496005058288574,-10.586029052734375
TriMap-feat,669,-1.0038948059082031,-13.497164726257324
TriMap-feat,81,-16.228679656982422,-28.533218383789062
TriMap-feat,536,-15.776193618774414,-29.75664520263672
TriMap-feat,257,-14.867942810058594,-28.579265594482422
TriMap-feat,78,-10.709028244018555,-23.477947235107422
TriMap-feat,1000,-11.217092514038086,-19.368574142456055
TriMap-feat,15924,-22.47031593322754,-29.212228775024414
TriMap-feat,66,-13.300084114074707,-25.948158264160156
TriMap-feat,8441,-12.332079887390137,-24.722383499145508
TriMap-feat,520,-16.825387954711914,-24.36671257019043
TriMap-feat,18767,-10.845510482788086,-12.982149124145508
TriMap-feat,141,-14.503734588623047,-29.076007843017578
TriMap-feat,826,-12.255135536193848,-20.963306427001953
TriMap-feat,825,-10.425633430480957,-21.097166061401367
TriMap-feat,2378,-7.443823337554932,-17.37384605407715
TriMap-feat,508,-4.7808427810668945,-33.76889419555664
TriMap-feat,6686,2.201733350753784,-17.263080596923828
TriMap-feat,6529,-15.710748672485352,-21.50879669189453
TriMap-feat,1109,1.6369966268539429,-18.179121017456055
TriMap-feat,17189,-14.69516658782959,-17.92679786682129
TriMap-feat,66359,-0.05313858762383461,-30.210678100585938
TriMap-feat,145,37.45771026611328,1.0337697267532349
TriMap-feat,29442,29.031147003173828,-18.44710350036621
TriMap-feat,156,-6.6727213859558105,-19.495460510253906
TriMap-feat,729,26.68630599975586,10.773945808410645
TriMap-feat,6086,3.520829200744629,-35.77892303466797
TriMap-feat,51694,-27.37013053894043,-1.923770546913147
TriMap-feat,11721,-19.785913467407227,-8.004181861877441
TriMap-feat,818,-24.275739669799805,-4.260558605194092
TriMap-feat,65560,-24.169069290161133,-6.2613420486450195
TriMap-feat,1835,-21.72027015686035,-8.836197853088379
TriMap-feat,10858,-20.09230613708496,-12.123018264770508
TriMap-feat,48002,-21.333473205566406,-8.081395149230957
TriMap-feat,15134,28.518491744995117,1.9620270729064941
TriMap-feat,6493,-14.541900634765625,-10.603556632995605
TriMap-feat,47459,-16.36288070678711,-13.842321395874023
TriMap-feat,1701,-11.268526077270508,-31.845129013061523
TriMap-feat,8019,-19.668235778808594,-8.299233436584473
TriMap-feat,10190,-22.41013526916504,-13.059311866760254
TriMap-feat,51589,-14.471230506896973,-18.010995864868164
TriMap-feat,685,-20.919803619384766,-8.723982810974121
TriMap-feat,43324,-31.211780548095703,1.0367521047592163
TriMap-feat,35,15.536829948425293,22.232681274414062
TriMap-feat,67527,-31.707910537719727,2.080251932144165
TriMap-feat,3782,-21.513351440429688,-9.478198051452637
TriMap-feat,39070,-19.461307525634766,-9.368242263793945
TriMap-feat,5609,-19.2849178314209,-16.657512664794922
TriMap-feat,66098,-24.65917205810547,-7.839807033538818
TriMap-feat,498,3.2157680988311768,-35.70317077636719
TriMap-feat,275,37.11186218261719,-1.209404706954956
TriMap-feat,12345,15.837193489074707,-9.222494125366211
TriMap-feat,11,16.17155647277832,-8.150177955627441
TriMap-feat,687,-17.590734481811523,-29.276193618774414
TriMap-feat,2068,14.263971328735352,-8.503202438354492
TriMap-feat,88,-14.012701034545898,-27.119327545166016
TriMap-feat,4941,-13.97370719909668,-25.45891571044922
TriMap-feat,547,-12.7691068649292,-26.74103355407715
TriMap-feat,50748,-15.162710189819336,-27.67156410217285
TriMap-feat,31233,-33.1845588684082,1.054721713066101
TriMap-feat,17511,-28.798492431640625,4.852705478668213
TriMap-feat,1795,6.485355854034424,-7.113925457000732
TriMap-feat,12424,11.040290832519531,-7.571203231811523
TriMap-feat,12767,5.062370300292969,-11.500432014465332
TriMap-feat,31040,4.634457588195801,-8.113765716552734
TriMap-feat,20,4.11911153793335,-7.688884735107422
TriMap-feat,990,-43.11961364746094,10.20534896850586
TriMap-feat,72365,-47.00163269042969,9.266432762145996
TriMap-feat,39738,-41.788246154785156,13.147089958190918
TriMap-feat,22839,23.48750114440918,-2.754298448562622
TriMap-feat,12425,-14.478527069091797,25.190990447998047
TriMap-feat,57035,-4.213016986846924,36.163997650146484
TriMap-feat,8315,25.182159423828125,-0.5030776262283325
TriMap-feat,1335,2.120450735092163,-5.492109775543213
TriMap-feat,52197,2.9907867908477783,31.273357391357422
TriMap-feat,13195,38.998600006103516,-16.926504135131836
TriMap-feat,14187,37.07749938964844,-18.781902313232422
TriMap-feat,1427,39.58211898803711,-18.37254524230957
TriMap-feat,69386,33.54269027709961,-19.259775161743164
TriMap-feat,45668,-37.119171142578125,12.976584434509277
TriMap-feat,395,27.791175842285156,-32.28055953979492
TriMap-feat,88636,-34.867774963378906,-9.433793067932129
TriMap-feat,38260,24.352863311767578,-7.275942802429199
TriMap-feat,3142,20.499332427978516,-10.064080238342285
TriMap-feat,209,-5.357930660247803,-16.155784606933594
TriMap-feat,14319,-1.8485236167907715,-9.389102935791016
TriMap-feat,46885,6.934215068817139,-6.255975246429443
TriMap-feat,53441,5.572495937347412,-10.364852905273438
TriMap-feat,20542,2.8374836444854736,-16.630552291870117
TriMap-feat,60891,-6.332359313964844,-15.46734619140625
TriMap-feat,78574,7.617700576782227,-15.491127967834473
TriMap-feat,48681,2.814340353012085,-14.604974746704102
TriMap-feat,6386,3.1541748046875,-10.453784942626953
TriMap-feat,2797,-0.3024202883243561,-15.701191902160645
TriMap-feat,2432,5.380276679992676,-10.798070907592773
TriMap-feat,33500,-29.538724899291992,21.087804794311523
TriMap-feat,34810,-27.033252716064453,17.476659774780273
TriMap-feat,6437,7.503422260284424,-33.71757507324219
TriMap-feat,103256,2.50765323638916,-33.968994140625
TriMap-feat,1107,0.7511699199676514,-34.92870330810547
TriMap-feat,69001,-5.030155658721924,12.49600601196289
TriMap-feat,12321,2.2820076942443848,-6.270705699920654
TriMap-feat,28711,9.613227844238281,-14.117472648620605
TriMap-feat,327,-13.998324394226074,-27.3638916015625
TriMap-feat,9370,-2.8859524726867676,-15.184941291809082
TriMap-feat,1106,0.4518699645996094,-12.847692489624023
TriMap-feat,94,-14.183919906616211,-27.533536911010742
TriMap-feat,780,0.9281095862388611,-7.110644340515137
TriMap-feat,15555,-2.2730846405029297,-13.702177047729492
TriMap-feat,12310,0.2847591042518616,-16.61383819580078
TriMap-feat,49331,0.6165155172348022,-6.499337196350098
TriMap-feat,4521,0.22563932836055756,-14.122756004333496
TriMap-feat,45977,-4.21538782119751,-2.933704137802124
TriMap-feat,142,1.1751271486282349,-9.396395683288574
TriMap-feat,1771,3.730325937271118,-6.330157279968262
TriMap-feat,4771,4.360690116882324,-9.557897567749023
TriMap-feat,43871,-12.89465618133545,-11.580394744873047
TriMap-feat,205,0.6669440269470215,-4.711090564727783
TriMap-feat,33,-10.246758460998535,-10.110292434692383
TriMap-feat,1148,-10.941004753112793,-11.075231552124023
TriMap-feat,42580,-9.566323280334473,-12.354047775268555
TriMap-feat,601,-11.311368942260742,-10.79367446899414
TriMap-feat,6461,-13.028074264526367,-13.641331672668457
TriMap-feat,52359,-14.13886833190918,-13.6892728805542
TriMap-feat,18702,-9.585925102233887,-8.319205284118652
TriMap-feat,58562,-8.160735130310059,-7.04319953918457
TriMap-feat,6166,-11.728470802307129,-9.57833194732666
TriMap-feat,13041,-5.260428428649902,-2.069807529449463
TriMap-feat,29083,-7.964597702026367,-6.544010162353516
TriMap-feat,5512,-9.267010688781738,-7.568098545074463
TriMap-feat,14214,-10.580491065979004,-8.904141426086426
TriMap-feat,60105,-27.916824340820312,-12.778244018554688
TriMap-feat,456,-14.04788875579834,47.445159912109375
TriMap-feat,45838,-12.530348777770996,46.85987091064453
TriMap-feat,6459,-12.74632740020752,47.031654357910156
TriMap-feat,14982,-37.161529541015625,5.696872711181641
TriMap-feat,50384,-41.06319046020508,6.434500694274902
TriMap-feat,600,-29.272159576416016,-2.1601643562316895
TriMap-feat,975,-33.81545639038086,17.852636337280273
TriMap-feat,4410,-34.756675720214844,10.47824764251709
TriMap-feat,802,-33.863399505615234,5.107265472412109
TriMap-feat,819,-34.590545654296875,14.66479778289795
TriMap-feat,93628,-40.261253356933594,16.059171676635742
TriMap-feat,15335,-34.55730056762695,7.108980655670166
TriMap-feat,768,-34.968902587890625,1.5521949529647827
TriMap-feat,79846,-29.571683883666992,17.820802688598633
TriMap-feat,31661,-31.695348739624023,-3.067032814025879
TriMap-feat,39970,-36.45381546020508,5.8774871826171875
TriMap-feat,35973,-38.04996871948242,-4.691242218017578
TriMap-feat,56741,-40.47953414916992,3.026423215866089
TriMap-feat,99254,-37.289764404296875,6.247914791107178
TriMap-feat,69117,-35.25349807739258,2.757140874862671
TriMap-feat,76824,-37.59796142578125,9.599164962768555
TriMap-feat,67004,25.528470993041992,-10.568158149719238
TriMap-feat,105520,-35.92100524902344,-6.6465959548950195
TriMap-feat,74962,-35.68069076538086,-6.35534143447876
TriMap-feat,73990,-28.620763778686523,-9.550945281982422
TriMap-feat,121870,-35.66206359863281,-5.755755424499512
TriMap-feat,49098,-32.399173736572266,-30.79003143310547
TriMap-feat,105331,-31.375173568725586,-30.660099029541016
TriMap-feat,90733,-31.745708465576172,-31.008968353271484
TriMap-feat,82595,-32.636634826660156,-29.17913055419922
TriMap-feat,70189,-41.49826431274414,9.491089820861816
TriMap-feat,33514,-1.4652682542800903,16.636232376098633
TriMap-feat,6463,-29.273908615112305,11.969942092895508
TriMap-feat,13710,-31.046009063720703,-2.738931655883789
TriMap-feat,94979,-27.97786521911621,15.60858154296875
TriMap-feat,14845,-16.080793380737305,23.5410213470459
TriMap-feat,55766,0.8268585205078125,-16.788888931274414
TriMap-feat,7993,-49.29420852661133,1.6332004070281982
TriMap-feat,43476,-28.918298721313477,10.439559936523438
TriMap-feat,95752,-26.117050170898438,-1.5750384330749512
TriMap-feat,67578,-16.26554298400879,-5.3500213623046875
TriMap-feat,667,0.770126223564148,-10.096231460571289
TriMap-feat,4566,0.759033739566803,-10.75464916229248
TriMap-feat,58912,0.43819859623908997,-11.355705261230469
TriMap-feat,5576,1.0928932428359985,-10.788785934448242
TriMap-feat,1138,-14.427886962890625,34.56365203857422
TriMap-feat,1014,-0.23778294026851654,-12.776782035827637
TriMap-feat,67502,37.64997863769531,3.5430335998535156
TriMap-feat,18490,-4.108242988586426,21.0891056060791
TriMap-feat,13442,-17.9559383392334,36.68146896362305
TriMap-feat,49270,8.63689136505127,13.260581016540527
TriMap-feat,210,-17.292329788208008,-27.68376350402832
TriMap-feat,214,-27.33967399597168,-26.723588943481445
TriMap-feat,9045,-24.91128921508789,-21.066102981567383
TriMap-feat,1361,2.005908250808716,-30.84383201599121
TriMap-feat,62036,-31.06018829345703,-27.35420036315918
TriMap-feat,44894,-30.950809478759766,-30.516674041748047
TriMap-feat,236,-23.065109252929688,-30.02185821533203
TriMap-feat,3,-20.183237075805664,-28.904680252075195
TriMap-feat,813,-23.026329040527344,-24.483654022216797
TriMap-feat,244,-13.12287425994873,-30.415218353271484
TriMap-feat,43718,-28.258262634277344,-26.831443786621094
TriMap-feat,27571,-16.650678634643555,-19.200464248657227
TriMap-feat,68578,-23.592140197753906,-19.38751983642578
TriMap-feat,46145,-32.041748046875,-26.68726921081543
TriMap-feat,6341,-17.414363861083984,-27.02005386352539
TriMap-feat,296,-21.401941299438477,-27.80815315246582
TriMap-feat,12878,-25.92351722717285,-30.124868392944336
TriMap-feat,24785,-30.71986198425293,-26.58318519592285
TriMap-feat,808,-25.56570053100586,-29.965736389160156
TriMap-feat,8840,-24.614336013793945,-24.19540023803711
TriMap-feat,869,-27.804080963134766,-27.225101470947266
TriMap-feat,27,-21.775493621826172,-27.739309310913086
TriMap-feat,30815,-27.34815216064453,-26.856996536254883
TriMap-feat,6458,17.114501953125,-5.4867353439331055
TriMap-feat,40069,10.877541542053223,-14.648911476135254
TriMap-feat,152,3.330077648162842,-32.36009979248047
TriMap-feat,993,24.666887283325195,-2.670504570007324
TriMap-feat,78656,-6.92684268951416,19.76869773864746
TriMap-feat,26127,7.986177921295166,-4.06769323348999
TriMap-feat,1024,-34.00740432739258,-27.548450469970703
TriMap-feat,1574,-9.000496864318848,-9.482403755187988
TriMap-feat,1360,11.048439025878906,-15.705680847167969
TriMap-feat,10856,9.876876831054688,-13.9932222366333
TriMap-feat,3956,11.977124214172363,10.386541366577148
TriMap-feat,26372,7.4493727684021,-6.806564807891846
TriMap-feat,3678,12.58830451965332,8.617619514465332
TriMap-feat,171,-18.35834503173828,-28.50633430480957
TriMap-feat,15261,-21.151992797851562,-26.579011917114258
TriMap-feat,91688,-20.88001823425293,-28.477222442626953
TriMap-feat,18180,-18.44077491760254,-26.899208068847656
TriMap-feat,6805,-26.300994873046875,-26.41101837158203
TriMap-feat,37889,6.204418182373047,-16.91507911682129
TriMap-feat,22964,6.8349504470825195,-16.099889755249023
TriMap-feat,30549,-34.6601676940918,15.386778831481934
TriMap-feat,40031,24.070035934448242,4.764785289764404
TriMap-feat,51037,28.65247917175293,6.622155666351318
TriMap-feat,75064,18.152517318725586,26.55573272705078
TriMap-feat,56294,9.359029769897461,22.752681732177734
TriMap-feat,42936,9.565342903137207,4.547757625579834
TriMap-feat,122212,-4.37626314163208,40.24468231201172
TriMap-feat,1742,37.88026809692383,-14.268568992614746
TriMap-feat,70985,8.412166595458984,-32.588165283203125
TriMap-feat,59021,10.399280548095703,-28.66827392578125
TriMap-feat,27996,8.632944107055664,-35.8659782409668
TriMap-feat,47255,3.02331280708313,-34.881622314453125
TriMap-feat,50757,40.595252990722656,4.082674980163574
TriMap-feat,507,37.63980484008789,-0.8353424072265625
TriMap-feat,29727,44.0693473815918,-5.433403491973877
TriMap-feat,25529,39.16594696044922,-18.7257080078125
TriMap-feat,637,35.072509765625,5.142684459686279
TriMap-feat,2069,33.6560173034668,3.2293028831481934
TriMap-feat,70424,37.934207916259766,-1.4046756029129028
TriMap-feat,829,32.36247634887695,4.641328811645508
TriMap-feat,258,34.168148040771484,1.6738288402557373
TriMap-feat,231,33.46833801269531,1.9264427423477173
TriMap-feat,53400,32.93869400024414,5.594784736633301
TriMap-feat,68753,25.861616134643555,-1.9999157190322876
TriMap-feat,65147,25.11284065246582,-9.699593544006348
TriMap-feat,570,38.093650817871094,2.571830987930298
TriMap-feat,67997,37.9888801574707,7.633937358856201
TriMap-feat,15754,32.02961349487305,5.272663593292236
TriMap-feat,59064,34.36088943481445,4.230064868927002
TriMap-feat,78288,-15.218871116638184,35.405521392822266
TriMap-feat,91499,-33.132320404052734,28.78923988342285
TriMap-feat,410,37.4134407043457,-8.389963150024414
TriMap-feat,276,37.38105010986328,-8.612459182739258
TriMap-feat,2318,37.2025146484375,-5.618434429168701
TriMap-feat,83,38.84614181518555,-5.967285633087158
TriMap-feat,84094,36.04207992553711,-9.812679290771484
TriMap-feat,67370,37.26115036010742,-8.361395835876465
TriMap-feat,472,19.31595230102539,-16.101524353027344
TriMap-feat,12192,36.87739562988281,-9.404141426086426
TriMap-feat,1068,35.430450439453125,0.030169811099767685
TriMap-feat,899,-46.237369537353516,-2.789527416229248
TriMap-feat,2060,37.89799880981445,-7.974842548370361
TriMap-feat,788,37.170623779296875,-4.9431610107421875
TriMap-feat,153,40.4622802734375,-15.854120254516602
TriMap-feat,70839,13.908597946166992,-12.165946006774902
TriMap-feat,3256,37.16807556152344,-5.972784996032715
TriMap-feat,30567,37.04829406738281,-7.484644412994385
TriMap-feat,17256,36.50675964355469,-8.923761367797852
TriMap-feat,81423,38.504249572753906,-7.535478591918945
TriMap-feat,72439,36.156246185302734,-6.713024616241455
TriMap-feat,29818,39.64353561401367,-9.055243492126465
TriMap-feat,92647,34.52692794799805,-7.444458484649658
TriMap-feat,373,37.93581771850586,-9.557887077331543
TriMap-feat,46296,34.59872055053711,-0.6116734743118286
TriMap-feat,15336,35.93010330200195,-2.1724369525909424
TriMap-feat,53806,-46.49917221069336,-0.3780739903450012
TriMap-feat,17140,-50.19865417480469,0.5198543071746826
TriMap-feat,89234,-22.4202880859375,33.19031524658203
TriMap-feat,7350,23.98928451538086,-12.389640808105469
TriMap-feat,6063,-3.788635492324829,-14.313420295715332
TriMap-feat,6311,-11.591355323791504,-21.51582908630371
TriMap-feat,53804,-1.6757760047912598,-32.46589279174805
TriMap-feat,84035,-7.674737453460693,-17.328767776489258
TriMap-feat,857,34.72054672241211,-2.376300811767578
TriMap-feat,67916,40.92545700073242,-10.519453048706055
TriMap-feat,66042,43.528995513916016,-8.068380355834961
TriMap-feat,31861,29.344694137573242,5.75630521774292
TriMap-feat,43402,29.48706817626953,5.7758708000183105
TriMap-feat,5002,2.468904972076416,31.176671981811523
TriMap-feat,31445,31.74011993408203,-1.8242748975753784
TriMap-feat,3785,35.43177032470703,2.0104875564575195
TriMap-feat,107084,28.53915023803711,6.848418712615967
TriMap-feat,48965,11.747314453125,23.441904067993164
TriMap-feat,13549,38.54609298706055,1.9457553625106812
TriMap-feat,7792,32.3020133972168,5.5873122215271
TriMap-feat,4441,33.2191162109375,7.390025615692139
TriMap-feat,46890,12.223042488098145,-25.263004302978516
TriMap-feat,11784,15.676897048950195,22.20334243774414
TriMap-feat,89050,12.809371948242188,-21.385757446289062
TriMap-feat,68326,-9.10932445526123,7.225227355957031
TriMap-feat,1605,-4.9933600425720215,42.5020751953125
TriMap-feat,78611,39.7215690612793,4.360316276550293
TriMap-feat,46165,-19.310808181762695,-10.468596458435059
TriMap-feat,11502,-17.50347137451172,-17.159343719482422
TriMap-feat,43531,39.25825119018555,-4.578930854797363
TriMap-feat,60,38.76951217651367,-5.794216156005859
TriMap-feat,6314,38.649295806884766,-4.538052082061768
TriMap-feat,30928,19.636314392089844,-19.944656372070312
TriMap-feat,72040,6.314497470855713,-25.126018524169922
TriMap-feat,17322,37.32683181762695,-3.6689670085906982
TriMap-feat,12311,37.996864318847656,-1.2902204990386963
TriMap-feat,889,38.30869674682617,-4.884079933166504
TriMap-feat,59597,30.538761138916016,-8.257030487060547
TriMap-feat,43037,-10.873388290405273,33.92980194091797
TriMap-feat,69010,6.297140598297119,-5.363424777984619
TriMap-feat,69708,5.7372212409973145,-8.503636360168457
TriMap-feat,17774,-43.125797271728516,11.820523262023926
TriMap-feat,30551,-44.068885803222656,11.372526168823242
TriMap-feat,2550,-48.91468048095703,9.881736755371094
TriMap-feat,3166,1.290979266166687,30.785144805908203
TriMap-feat,95863,24.99852180480957,-1.4055639505386353
TriMap-feat,10559,24.778810501098633,5.7444281578063965
TriMap-feat,7344,27.44767951965332,2.04520320892334
TriMap-feat,228,25.93939971923828,5.214173793792725
TriMap-feat,28499,9.683062553405762,32.426239013671875
TriMap-feat,331,44.28622817993164,1.2169833183288574
TriMap-feat,59532,41.388267517089844,-14.593299865722656
TriMap-feat,42747,39.650333404541016,-18.499101638793945
TriMap-feat,90451,40.34407043457031,-17.660823822021484
TriMap-feat,66266,40.04600143432617,-17.21217918395996
TriMap-feat,75421,27.251049041748047,-32.721351623535156
TriMap-feat,25382,24.667272567749023,-32.38257598876953
TriMap-feat,27322,24.559967041015625,-16.295562744140625
TriMap-feat,735,15.403854370117188,5.443906307220459
TriMap-feat,53471,19.257890701293945,-9.292132377624512
TriMap-feat,66120,8.779244422912598,-4.910234451293945
TriMap-feat,90433,22.609376907348633,-4.050561904907227
TriMap-feat,6334,3.192781448364258,-15.755729675292969
TriMap-feat,18222,-27.15030288696289,18.685672760009766
TriMap-feat,1198,13.462968826293945,-34.49355697631836
TriMap-feat,1063,12.276514053344727,-28.523277282714844
TriMap-feat,62616,11.85018539428711,-32.50104522705078
TriMap-feat,37753,15.53030014038086,-30.934843063354492
TriMap-feat,27711,3.7360520362854004,-10.44575309753418
TriMap-feat,60665,-0.9008637070655823,-15.521345138549805
TriMap-feat,52483,7.167327404022217,-14.560765266418457
TriMap-feat,62617,4.197108268737793,-5.206507205963135
TriMap-feat,35226,-33.58550262451172,30.043289184570312
TriMap-feat,125485,17.366926193237305,4.198470115661621
TriMap-feat,68998,5.031609058380127,7.534963607788086
TriMap-feat,79171,29.826396942138672,-18.438711166381836
TriMap-feat,36247,3.5133473873138428,32.298622131347656
TriMap-feat,105519,-9.929214477539062,32.097896575927734
TriMap-feat,4491,-11.943536758422852,46.99269485473633
TriMap-feat,24922,9.682077407836914,-28.732803344726562
TriMap-feat,30529,-11.328916549682617,34.83621597290039
TriMap-feat,62775,2.9775400161743164,-34.86033630371094
TriMap-feat,30721,-13.329255104064941,35.32177734375
TriMap-feat,91883,-7.426726341247559,26.657182693481445
TriMap-feat,45706,42.341251373291016,-11.894068717956543
TriMap-feat,25977,-30.405794143676758,-9.572427749633789
TriMap-feat,16067,-3.73079514503479,33.570926666259766
TriMap-feat,93818,-8.067792892456055,32.81215286254883
TriMap-feat,17145,-35.10990905761719,-6.935521602630615
TriMap-feat,16657,39.590152740478516,-1.618817687034607
TriMap-feat,83483,-18.123859405517578,25.847076416015625
TriMap-feat,45258,-22.176189422607422,22.65979766845703
TriMap-feat,88083,-13.086344718933105,30.64305877685547
TriMap-feat,46038,-7.549264907836914,27.10466194152832
TriMap-feat,64788,-3.965379476547241,-12.763619422912598
TriMap-feat,68415,14.832711219787598,26.086055755615234
TriMap-feat,5242,-8.877143859863281,32.55160140991211
TriMap-feat,51704,-22.470476150512695,35.40144348144531
TriMap-feat,23711,2.14919114112854,31.0432071685791
TriMap-feat,15948,9.55221939086914,21.480546951293945
TriMap-feat,68283,1.4248778820037842,14.700404167175293
TriMap-feat,44128,-31.701984405517578,-29.87786102294922
TriMap-feat,64805,37.567909240722656,-14.576705932617188
TriMap-feat,72556,-27.72994613647461,-26.35300064086914
TriMap-feat,35234,34.57209777832031,-10.401214599609375
TriMap-feat,64338,20.79364776611328,9.390457153320312
TriMap-feat,15211,15.658324241638184,-17.291975021362305
TriMap-feat,31872,25.151653289794922,10.099527359008789
TriMap-feat,62101,14.128094673156738,-18.18832778930664
TriMap-feat,16445,36.17601776123047,-21.78064727783203
TriMap-feat,77,32.35673904418945,3.5129973888397217
TriMap-feat,26845,13.730137825012207,-20.594438552856445
TriMap-feat,5581,-3.7399137020111084,17.675750732421875
TriMap-feat,74121,19.71663475036621,9.539617538452148
TriMap-feat,96817,25.540231704711914,-14.82991886138916
TriMap-feat,14838,-15.85256576538086,-27.95518684387207
TriMap-feat,16546,27.038877487182617,-9.618819236755371
TriMap-feat,25780,-35.13168716430664,17.401025772094727
TriMap-feat,31909,26.034503936767578,24.405628204345703
TriMap-feat,2056,26.54283332824707,24.30449867248535
TriMap-feat,6472,8.708538055419922,23.719453811645508
TriMap-feat,96246,9.607281684875488,26.30185317993164
TriMap-feat,15295,8.315359115600586,22.36131477355957
TriMap-feat,1998,24.303373336791992,13.541367530822754
TriMap-feat,34730,4.056216239929199,7.130557060241699
TriMap-feat,15967,1.711673617362976,7.60162878036499
TriMap-feat,75182,10.7083740234375,21.403810501098633
TriMap-feat,55166,10.735713958740234,1.326948881149292
TriMap-feat,69923,5.898715496063232,29.934858322143555
TriMap-feat,79942,1.304564118385315,33.17079162597656
TriMap-feat,31827,-11.24422550201416,46.61708068847656
TriMap-feat,17150,-9.318614959716797,44.51693344116211
TriMap-feat,375,5.144047260284424,-34.59062194824219
TriMap-feat,101438,32.17848587036133,-14.833680152893066
TriMap-feat,14225,36.92147445678711,-1.8862496614456177
TriMap-feat,5521,26.35916519165039,16.261966705322266
TriMap-feat,14669,38.649383544921875,-1.2655693292617798
TriMap-feat,614,33.189884185791016,5.523158550262451
TriMap-feat,46513,-4.224035739898682,32.04408645629883
TriMap-feat,71761,14.755363464355469,23.835309982299805
TriMap-feat,371,21.943574905395508,-4.109789848327637
TriMap-feat,69,32.246585845947266,2.965012311935425
TriMap-feat,81508,42.39780044555664,-1.7715030908584595
TriMap-feat,307,35.925071716308594,2.623995542526245
TriMap-feat,38686,39.64693832397461,4.813722133636475
TriMap-feat,71888,22.613393783569336,9.998091697692871
TriMap-feat,390,33.45962142944336,7.310416221618652
TriMap-feat,45343,37.300411224365234,10.389262199401855
TriMap-feat,113,23.820833206176758,-0.3500382602214813
TriMap-feat,3508,33.984710693359375,0.7110651135444641
TriMap-feat,48138,43.408687591552734,-1.7020037174224854
TriMap-feat,41698,36.199607849121094,-1.0235675573349
TriMap-feat,88995,-32.169795989990234,22.74387550354004
TriMap-feat,89051,-32.56907653808594,29.95374298095703
TriMap-feat,80482,-23.901275634765625,28.54718780517578
TriMap-feat,17,32.22660827636719,-3.844247579574585
TriMap-feat,34696,14.951833724975586,-21.134260177612305
TriMap-feat,25967,34.77067565917969,9.334085464477539
TriMap-feat,9099,37.59102249145508,7.2185821533203125
TriMap-feat,721,37.222450256347656,-7.307190418243408
TriMap-feat,52180,34.636356353759766,0.34253501892089844
TriMap-feat,644,34.75271224975586,-3.6916065216064453
TriMap-feat,607,35.89347839355469,-4.067540168762207
TriMap-feat,18471,40.80174255371094,-15.15392780303955
TriMap-feat,5752,35.41780090332031,-8.654403686523438
TriMap-feat,44035,40.121585845947266,-16.63898277282715
TriMap-feat,297,37.24362564086914,1.0642647743225098
TriMap-feat,8282,30.330881118774414,-10.722151756286621
TriMap-feat,33443,33.7832145690918,-5.3543524742126465
TriMap-feat,66097,1.7520172595977783,-17.172792434692383
TriMap-feat,68226,25.759395599365234,1.0042526721954346
TriMap-feat,50495,1.035088300704956,23.069887161254883
TriMap-feat,55785,-50.65068054199219,0.11860863864421844
TriMap-feat,120986,1.3264352083206177,27.055870056152344
TriMap-feat,1426,-18.145374298095703,26.771516799926758
TriMap-feat,102772,-20.29176139831543,37.43343734741211
TriMap-feat,1822,1.6649333238601685,8.71234130859375
TriMap-feat,207,24.297502517700195,-14.262101173400879
TriMap-feat,31352,23.675294876098633,-14.438279151916504
TriMap-feat,15514,-1.8218451738357544,2.54392671585083
TriMap-feat,10314,-10.171744346618652,-24.39510726928711
TriMap-feat,78576,-15.064699172973633,-20.848005294799805
TriMap-feat,83621,-26.405498504638672,-17.936866760253906
TriMap-feat,31798,-2.004990339279175,-16.182207107543945
TriMap-feat,1607,-12.100167274475098,-20.319711685180664
TriMap-feat,18306,13.141280174255371,9.89593505859375
TriMap-feat,75487,42.625064849853516,-8.106884002685547
TriMap-feat,45707,39.59503173828125,-12.36616039276123
TriMap-feat,734,36.60530471801758,1.3386448621749878
TriMap-feat,815,16.27533721923828,-30.455224990844727
TriMap-feat,45956,39.97344970703125,2.3101425170898438
TriMap-feat,2736,38.66212844848633,2.261314630508423
TriMap-feat,799,38.39630889892578,2.238534450531006
TriMap-feat,15462,19.289033889770508,15.949158668518066
TriMap-feat,14825,37.760494232177734,-6.686525344848633
TriMap-feat,25251,28.4295654296875,14.953571319580078
TriMap-feat,148,37.357093811035156,2.9506187438964844
TriMap-feat,51353,27.490562438964844,9.749876022338867
TriMap-feat,9828,11.993390083312988,-20.083587646484375
TriMap-feat,38914,-22.56934356689453,-9.370529174804688
TriMap-feat,32172,-25.343015670776367,-4.926422119140625
TriMap-feat,98689,14.967020988464355,-21.593345642089844
TriMap-feat,23295,20.097257614135742,-16.287689208984375
TriMap-feat,10554,-32.97542953491211,2.1432859897613525
TriMap-feat,11588,-3.1654701232910156,9.954559326171875
TriMap-feat,58226,-34.768653869628906,-6.994553565979004
TriMap-feat,38497,4.728354454040527,-16.328433990478516
TriMap-feat,46098,-31.980064392089844,-7.40964937210083
TriMap-feat,913,1.4386913776397705,-27.785173416137695
TriMap-feat,3865,7.7729010581970215,-26.448461532592773
TriMap-feat,46336,29.015869140625,-9.414194107055664
TriMap-feat,1261,4.513970851898193,-25.051074981689453
TriMap-feat,8098,8.81835651397705,-32.63213348388672
TriMap-feat,770,15.033738136291504,-21.126672744750977
TriMap-feat,68794,32.241397857666016,-9.538877487182617
TriMap-feat,45651,-30.415685653686523,4.472629547119141
TriMap-feat,605,19.799835205078125,-10.155367851257324
TriMap-feat,54275,-29.63290023803711,4.893784523010254
TriMap-feat,13016,5.240405082702637,-7.891918182373047
TriMap-feat,27417,4.590977668762207,-6.591390609741211
TriMap-feat,13015,5.085259437561035,-5.747647762298584
TriMap-feat,75126,5.656387805938721,-6.9175519943237305
TriMap-feat,18755,-43.44257736206055,12.709939002990723
TriMap-feat,9075,-3.6990480422973633,34.22491455078125
TriMap-feat,593,-2.9337353706359863,36.578189849853516
TriMap-feat,90953,29.90648651123047,1.5863138437271118
TriMap-feat,50239,2.6696884632110596,30.4051456451416
TriMap-feat,1849,0.04359782114624977,32.95435333251953
TriMap-feat,12863,6.785473823547363,5.452517509460449
TriMap-feat,68716,6.738719463348389,30.448986053466797
TriMap-feat,11771,2.9612040519714355,32.798858642578125
TriMap-feat,102882,0.529426634311676,32.02670669555664
TriMap-feat,4524,-0.7057045698165894,29.68462562561035
TriMap-feat,6332,5.457009792327881,31.281572341918945
TriMap-feat,9224,1.9073071479797363,30.46891212463379
TriMap-feat,466,39.82999801635742,-17.39997100830078
TriMap-feat,64104,21.641813278198242,-7.824941158294678
TriMap-feat,4523,-44.683746337890625,10.832801818847656
TriMap-feat,95642,38.13630676269531,-20.205636978149414
TriMap-feat,54720,26.325258255004883,-32.96113967895508
TriMap-feat,55963,28.168960571289062,-31.46891975402832
TriMap-feat,25316,24.58534049987793,-15.75779914855957
TriMap-feat,75811,24.41124725341797,-8.545504570007324
TriMap-feat,53224,23.140871047973633,-15.824956893920898
TriMap-feat,36679,4.388850212097168,-9.409512519836426
TriMap-feat,31351,4.302047252655029,-1.5057481527328491
TriMap-feat,78658,2.497877597808838,-14.231118202209473
TriMap-feat,53742,9.040912628173828,-0.762618899345398
TriMap-feat,50790,22.43036460876465,-2.6892430782318115
TriMap-feat,51469,5.767048358917236,-15.022638320922852
TriMap-feat,918,9.347368240356445,10.014888763427734
TriMap-feat,52015,-21.872947692871094,19.364978790283203
TriMap-feat,83842,-0.5530546307563782,20.88933563232422
TriMap-feat,70776,2.309641122817993,15.515508651733398
TriMap-feat,24192,-34.31373596191406,14.50333309173584
TriMap-feat,12134,3.086918354034424,15.035961151123047
TriMap-feat,31219,2.2610509395599365,15.184759140014648
TriMap-feat,474,6.713783264160156,-17.660816192626953
TriMap-feat,70646,12.97215747833252,-29.609647750854492
TriMap-feat,610,4.013014793395996,4.4365553855896
TriMap-feat,1282,3.1324613094329834,8.413637161254883
TriMap-feat,17796,4.709497451782227,6.291990756988525
TriMap-feat,32269,5.932802200317383,13.35499382019043
TriMap-feat,1150,-26.596635818481445,6.430552005767822
TriMap-feat,39029,3.9681267738342285,-7.940312385559082
TriMap-feat,13014,-1.6041532754898071,-9.477993965148926
TriMap-feat,65738,25.63074493408203,6.738200664520264
TriMap-feat,3552,5.834988594055176,-9.79707145690918
TriMap-feat,46400,4.386181831359863,-8.898341178894043
TriMap-feat,595,0.38306835293769836,-15.10854434967041
TriMap-feat,55795,-13.24901008605957,-9.234170913696289
TriMap-feat,55858,-6.741593837738037,-6.810117244720459
TriMap-feat,1715,1.761884331703186,3.1139166355133057
TriMap-feat,1142,0.5516366362571716,10.238292694091797
TriMap-feat,27656,2.911832332611084,12.628110885620117
TriMap-feat,58781,3.36922025680542,6.728336811065674
TriMap-feat,28049,-5.570132255554199,-6.131377696990967
TriMap-feat,46598,-0.46005919575691223,35.09168243408203
TriMap-feat,33796,5.644615173339844,35.93109893798828
TriMap-feat,46132,7.15550422668457,32.05403518676758
TriMap-feat,62701,9.678436279296875,-15.793657302856445
TriMap-feat,58157,17.87029266357422,4.701993465423584
TriMap-feat,28363,-11.349207878112793,47.00135803222656
TriMap-feat,94713,-10.726414680480957,28.297651290893555
TriMap-feat,10573,-21.842891693115234,11.233016967773438
TriMap-feat,213,-30.4979190826416,9.188941955566406
TriMap-feat,4514,-26.144977569580078,29.05339241027832
TriMap-feat,6205,-14.964984893798828,33.931827545166016
TriMap-feat,1953,-25.960256576538086,28.69285774230957
TriMap-feat,10463,-25.079975128173828,25.578765869140625
TriMap-feat,20541,-7.543089389801025,34.0311279296875
TriMap-feat,16939,-7.713882923126221,33.19882583618164
TriMap-feat,17184,-0.3772720396518707,30.032440185546875
TriMap-feat,84246,-3.268954038619995,32.348506927490234
TriMap-feat,1197,-36.33892822265625,-6.317435264587402
TriMap-feat,1435,-29.884254455566406,-12.569805145263672
TriMap-feat,3756,23.91221809387207,-16.122817993164062
TriMap-feat,27997,-29.03752326965332,-30.749277114868164
TriMap-feat,73664,-16.84136390686035,24.316938400268555
TriMap-feat,71708,-20.153099060058594,14.127996444702148
TriMap-feat,38254,3.708967924118042,-5.281644821166992
TriMap-feat,1019,-22.686086654663086,17.931373596191406
TriMap-feat,53243,-13.846293449401855,-8.031220436096191
TriMap-feat,11456,22.408802032470703,-2.707195997238159
TriMap-feat,9439,35.53913116455078,-1.1727228164672852
TriMap-feat,7247,5.314879417419434,-24.044389724731445
TriMap-feat,13401,7.527421474456787,-25.137306213378906
TriMap-feat,3747,0.7054465413093567,26.969009399414062
TriMap-feat,13857,-5.432798385620117,32.38459014892578
TriMap-feat,46663,-6.880886554718018,32.34122848510742
TriMap-feat,49144,-6.246216773986816,31.441930770874023
TriMap-feat,48476,-6.465869426727295,26.788990020751953
TriMap-feat,31383,3.934426784515381,29.54547882080078
TriMap-feat,31508,4.490899562835693,29.841672897338867
TriMap-feat,1119,-8.089252471923828,32.56828308105469
TriMap-feat,10146,9.401834487915039,27.22310447692871
TriMap-feat,7916,37.164180755615234,0.8874876499176025
TriMap-feat,11570,-13.33843994140625,43.09941101074219
TriMap-feat,64152,-5.297309875488281,24.881540298461914
TriMap-feat,686,-20.53584098815918,-11.994383811950684
TriMap-feat,6382,-29.449193954467773,-29.88004493713379
TriMap-feat,60035,-31.788511276245117,-29.772212982177734
TriMap-feat,2167,18.18028450012207,-16.41592788696289
TriMap-feat,4518,-33.51095199584961,-31.399930953979492
TriMap-feat,13052,-22.20029640197754,-22.62925910949707
TriMap-feat,2783,-24.972145080566406,-26.72119140625
TriMap-feat,31623,-11.260893821716309,18.30539894104004
TriMap-feat,1834,19.611780166625977,7.963038921356201
TriMap-feat,18453,-10.556453704833984,-5.450857639312744
TriMap-feat,52002,21.550048828125,4.854086399078369
TriMap-feat,1483,22.57592010498047,-6.02811336517334
TriMap-feat,383,-3.69157338142395,21.908491134643555
TriMap-feat,12201,4.076854228973389,-5.826004505157471
TriMap-feat,44174,25.918397903442383,-14.986130714416504
TriMap-feat,3575,33.14801025390625,5.914482116699219
TriMap-feat,48434,23.611347198486328,-15.405912399291992
TriMap-feat,49912,33.29764938354492,6.63918399810791
TriMap-feat,845,11.391402244567871,2.2037925720214844
TriMap-feat,920,17.57822608947754,-8.568464279174805
TriMap-feat,58714,18.247652053833008,3.7978570461273193
TriMap-feat,6697,27.92471694946289,0.25672483444213867
TriMap-feat,9,34.8430290222168,1.2806990146636963
TriMap-feat,32356,20.614728927612305,12.96257209777832
TriMap-feat,613,-0.1744050532579422,22.109416961669922
TriMap-feat,48903,-26.534875869750977,16.31975746154785
TriMap-feat,1833,4.597157955169678,0.7799736857414246
TriMap-feat,21369,28.872682571411133,2.2264931201934814
TriMap-feat,1009,18.491884231567383,-6.302319526672363
TriMap-feat,890,30.800704956054688,3.889863967895508
TriMap-feat,616,22.233983993530273,-4.031072616577148
TriMap-feat,11043,37.773887634277344,-13.353858947753906
TriMap-feat,57129,-21.85627555847168,-29.170154571533203
kNN graph + force,32394,-0.38797549010375554,-0.27797517745672945
kNN graph + force,2972,-0.7711269961348589,-0.2034177675373398
kNN graph + force,16938,0.1625793890745727,0.5293096979312258
kNN graph + force,45686,0.04050173405705002,0.49949182056922853
kNN graph + force,310,0.2171586062336277,0.20195219723585045
kNN graph + force,2176,0.011515010369232272,0.6865273562547463
kNN graph + force,38117,0.15648971852707505,0.6712821650432413
kNN graph + force,39459,-0.0719973889532818,0.35925749981004934
kNN graph + force,40816,0.6206992689718079,0.2720067683993066
kNN graph + force,72821,0.6235838119676123,0.1621139562300194
kNN graph + force,609,0.3550664977049434,0.2318389016356933
kNN graph + force,2762,0.35637052266704566,0.34784593506226597
kNN graph + force,52616,0.44219743857075505,0.3723976103605912
kNN graph + force,46066,0.24352661142647375,-0.013269746560736852
kNN graph + force,248,0.3311860247024193,0.07620478595734663
kNN graph + force,15294,0.7186141768979514,-0.030831934673944496
kNN graph + force,48682,0.07380745826686284,0.01786613963156813
kNN graph + force,7399,0.46422166165980516,0.1280330391780345
kNN graph + force,42027,0.5588013824602376,0.3715778426130677
kNN graph + force,3168,0.6827245525075155,0.005632647517341481
kNN graph + force,2366,0.6382936368935549,0.12870733210772278
kNN graph + force,49755,0.7456465173641095,0.09886109916502152
kNN graph + force,15452,0.3028471582649111,0.272843289159717
kNN graph + force,46797,0.5581068957890818,0.1086341164191158
kNN graph + force,34761,0.7080765451579535,0.1611026935045137
kNN graph + force,765,0.27616456013258583,0.11762714976644596
kNN graph + force,3606,0.1334720855052921,-0.1412259965989237
kNN graph + force,3607,0.013719340017933289,-0.20261150617807833
kNN graph + force,9685,0.7959605860873062,0.13910192916046552
kNN graph + force,7145,0.5131730655803372,-0.038666460001486117
kNN graph + force,15727,0.3530250241846045,-0.09993074742855726
kNN graph + force,34935,0.6422715507379818,0.15667827070110257
kNN graph + force,30945,0.22573816537531838,0.10595785845297562
kNN graph + force,1229,-0.2834186202287826,-0.3575244039382281
kNN graph + force,430,0.509434035010834,-0.015548986045078834
kNN graph + force,70465,0.2525665816474772,-0.5764296283876933
kNN graph + force,9241,0.4829479873840205,-0.2161900344914938
kNN graph + force,64718,0.30638782033505374,-0.6346010792098028
kNN graph + force,1088,-0.27366580444070693,-0.686170510900944
kNN graph + force,642,0.4107758007049682,-0.5397214825621472
kNN graph + force,74915,0.3664071231665806,-0.1552765743525939
kNN graph + force,473,0.32616540796979454,-0.440094405392064
kNN graph + force,70090,0.2186314827067402,-0.6759143366397775
kNN graph + force,103,0.3816607689360175,-0.3994430251264153
kNN graph + force,992,0.5340131529962595,-0.2973192799125835
kNN graph + force,45499,-0.18036893984152935,0.7268768092363184
kNN graph + force,50875,0.6745258190265996,0.49434701984796886
kNN graph + force,748,0.6339112559496118,0.6484091964471287
kNN graph + force,3729,0.6152882469380752,0.6757268771242557
kNN graph + force,12426,0.3515878321585346,0.9689450649321415
kNN graph + force,68074,0.3010208216848792,0.733715314788139
kNN graph + force,51249,0.3237566584894145,0.8631094622816848
kNN graph + force,50256,0.46987752233267915,0.8965278848340263
kNN graph + force,51411,0.22028960311842438,0.9105403533663692
kNN graph + force,78578,0.3901596477225392,0.5087561830537161
kNN graph + force,38133,0.49867707295174807,0.7534888667169667
kNN graph + force,611,-0.24998517635684556,-0.017280492997342203
kNN graph + force,53,0.46233780802951835,-0.07342656546933213
kNN graph + force,55157,-0.1638093712158957,0.24018289425096379
kNN graph + force,412,-0.003143904656880593,-0.07990719604287655
kNN graph + force,176,-0.30763888032850195,0.1981355434609398
kNN graph + force,934,0.17055774710220664,-0.5445330485733775
kNN graph + force,62762,0.09850243493941785,-0.45624643975195883
kNN graph + force,565,-0.13355932255355815,0.03703621089436469
kNN graph + force,2653,0.041886622377556644,-0.1853721651837987
kNN graph + force,523,0.20833995545371245,-0.14759328764459276
kNN graph + force,13066,-0.48491378324056494,0.2854629865963892
kNN graph + force,612,-0.11745234035538368,-0.3289685366404561
kNN graph + force,56324,0.3475023691857669,-0.2648768979595457
kNN graph + force,7955,0.24381797264978822,0.7404891692836095
kNN graph + force,45968,0.18897879954487132,0.72206682771205
kNN graph + force,3907,0.5202813299804012,0.1849050716298467
kNN graph + force,55001,0.28566710298092823,0.6524199816450065
kNN graph + force,3258,0.5806362231676748,0.34615598696816446
kNN graph + force,52924,0.6538843909915467,0.2775008799141292
kNN graph + force,62199,0.06995558494195624,0.05945113211639105
kNN graph + force,12792,-0.11880022199538809,-0.42467550300960266
kNN graph + force,45292,0.2684690244286058,-0.6089353598015088
kNN graph + force,1460,-0.5868319445447459,0.16293555584926375
kNN graph + force,92,-0.26951627143104234,0.17497415601403993
kNN graph + force,9677,-0.35450462060810073,0.2529845492783966
kNN graph + force,27040,-0.5011229265520057,0.018316579918064672
kNN graph + force,22963,-0.19337906059098056,0.46021660551482674
kNN graph + force,51,-0.08769736358679527,0.4192533195085117
kNN graph + force,15338,0.014571793012018504,0.5608025673806274
kNN graph + force,86,-0.38455189492802905,0.20691827183754563
kNN graph + force,267,-0.447843637422805,-0.04836103354033527
kNN graph + force,4758,-0.17412939175901057,0.13309181789268054
kNN graph + force,1871,-0.5951338162293498,0.2774612437175298
kNN graph + force,54157,-0.602138562784035,0.17037145840873374
kNN graph + force,631,0.006778532397970168,-0.2710918397495736
kNN graph + force,48100,0.3924148384130368,-0.6886503486167935
kNN graph + force,12865,0.2212685528910658,-0.7687945142282018
kNN graph + force,6538,0.3907057359584768,-0.24286721215339924
kNN graph + force,49751,0.27407712816313246,-0.7100248648993248
kNN graph + force,1115,0.4265472019789566,-0.3569165233116926
kNN graph + force,110661,0.5204339227158781,-0.5463299460668384
kNN graph + force,10206,0.4163236685486674,-0.04074104308608599
kNN graph + force,1005,0.48164564156457634,0.01593958432093012
kNN graph + force,698,-0.18988488013418225,0.40890665572968143
kNN graph + force,218,0.23807745800580682,0.24584003242247715
kNN graph + force,172,-0.294298895864508,0.424496927493173
kNN graph + force,61519,-0.17460838980297377,0.5286497671585969
kNN graph + force,67996,0.014248329194371427,0.3672749288553543
kNN graph + force,6103,0.10107666692659113,0.3088585464342811
kNN graph + force,1596,-0.19182542391721097,0.5723708467773647
kNN graph + force,28182,-0.38347104598495685,0.44637762668900494
kNN graph + force,4094,0.06486293476962329,0.7749587461607975
kNN graph + force,1036,-0.277714197767099,0.19488753989100852
kNN graph + force,68271,-0.2483901154188117,-0.33498067837995427
kNN graph + force,3241,0.1431268547641702,0.7432186733477839
kNN graph + force,709,-0.09701951460165234,0.4960753188568946
kNN graph + force,45639,-0.11133667452463478,-0.25727496464704525
kNN graph + force,62021,0.010852699266883691,-0.008898561889175953
kNN graph + force,521,0.07648665994935015,-0.709457487519966
kNN graph + force,146,-0.012150787917622226,-0.4119329431936365
kNN graph + force,50,-0.22555948019098732,-0.03219230441422352
kNN graph + force,30509,0.5195310583305756,0.5473538735052709
kNN graph + force,59826,-0.11615895365303552,0.7062038204871179
kNN graph + force,64029,-0.2953829757324653,0.6179466824015318
kNN graph + force,42254,-0.04624177288738108,0.5830226006752203
kNN graph + force,18283,0.4280288745488204,0.5155696657700657
kNN graph + force,45396,-0.297430312821078,-0.2219888560681853
kNN graph + force,31411,-0.43551780843810656,-0.20021433518823192
kNN graph + force,1980,-0.3715791522783867,-0.3281166148853592
kNN graph + force,101596,-0.5361316776271308,-0.40367593156679
kNN graph + force,11350,0.21067388337872878,0.45479323051858833
kNN graph + force,34503,0.43673540721536663,0.6969352206233115
kNN graph + force,3670,0.09519639312003372,0.5070622125533932
kNN graph + force,18714,0.21988735639292206,0.39992731646316204
kNN graph + force,78740,0.5208799682040829,0.02725223449241509
kNN graph + force,83296,0.10102727045568254,-0.3244105776570881
kNN graph + force,9502,0.4494264522975795,-0.12374758510319009
kNN graph + force,6759,0.5348911447442262,0.34379744911267257
kNN graph + force,154,0.29790725593666106,0.11320500295582327
kNN graph + force,16220,0.40635026053858664,0.18604897643496077
kNN graph + force,19668,0.4492778263709645,0.2667774132805435
kNN graph + force,8590,0.5628266514351157,-0.06818600997527452
kNN graph + force,75489,0.5354305812794924,0.25910458653384877
kNN graph + force,61264,0.5512922067114984,0.5370317859639607
kNN graph + force,66856,0.02088594560893877,-0.7588151635182518
kNN graph + force,59292,-0.2544325848943006,-0.1542121616081966
kNN graph + force,10131,0.02895694006881119,-0.16874463907213902
kNN graph + force,71596,-0.24558380184408868,0.4263784183761576
kNN graph + force,1021,-0.13259083701608942,0.2376899680121957
kNN graph + force,60867,-0.36318312403575453,-0.031897523215054194
kNN graph + force,760,-0.5699133147161267,-0.09648498446860498
kNN graph + force,34973,-0.2367235711462445,0.2693944613518018
kNN graph + force,90957,-0.36503827604553674,0.13723994408155138
kNN graph + force,4295,-0.36853555120997966,-0.06741288933787569
kNN graph + force,59827,0.07121945556208654,0.5318860321013748
kNN graph + force,973,0.10784289490121754,0.2620740099204773
kNN graph + force,64948,0.48389984841535955,-0.010928226808251234
kNN graph + force,1031,0.5178164888476261,-0.4363062123228961
kNN graph + force,28246,0.4022157143865432,0.09358349241835755
kNN graph + force,32743,0.7323974752929325,0.13927214140309677
kNN graph + force,48463,0.20201379324849753,0.12159103015730431
kNN graph + force,15231,0.4031155694772183,-0.022096495399055057
kNN graph + force,96740,0.09374177112942102,-0.2727223520828037
kNN graph + force,36416,0.11963132556703152,0.05029301840532442
kNN graph + force,13462,0.29648362761095776,-0.09458747931866368
kNN graph + force,31397,-0.12608729256979792,-0.08191673581892141
kNN graph + force,4433,0.10451407000794208,-0.05679091284064806
kNN graph + force,72,-0.4805409974244817,0.35912395104396383
kNN graph + force,55,-0.23347442551125264,0.12701886245634203
kNN graph + force,1276,0.13672213714934817,0.26127946171174854
kNN graph + force,68905,-0.27846260610480605,0.36789394627653144
kNN graph + force,208,-0.31668271309223484,0.0649183563589451
kNN graph + force,18802,-0.5083322243122838,0.33739130619329505
kNN graph + force,417,-0.005492594956223507,0.3582681095604111
kNN graph + force,1196,-0.05578309457624601,0.13858975341836394
kNN graph + force,90174,-0.23940558153961775,0.32523090233785884
kNN graph + force,684,0.20153267335403857,-0.1285522161427897
kNN graph + force,25315,-0.3449129743801213,0.013655968243849513
kNN graph + force,31771,-0.23615207435722865,0.04917986284048005
kNN graph + force,18021,-0.25858773659310663,0.4638597985338297
kNN graph + force,30352,-0.1597678771528141,0.26849485812573776
kNN graph + force,50370,-0.38029780957578085,0.42454950382315004
kNN graph + force,15210,-0.1575535530160658,0.39838580297125764
kNN graph + force,17162,-0.18990068983359396,-0.04577175962868932
kNN graph + force,31931,-0.44253217575407183,0.2374791345674255
kNN graph + force,57587,-0.26420234082519717,0.2893033340815083
kNN graph + force,4622,-0.38912611962601706,-0.028836447955502498
kNN graph + force,68214,-0.011374702916874112,0.2475069746107529
kNN graph + force,15286,0.15029229334982458,0.10383300467087987
kNN graph + force,38259,0.5957318206622342,-0.40755568405798737
kNN graph + force,18368,0.8396202115940817,-0.12423437266638118
kNN graph + force,51705,0.704891020543875,0.11233047537365551
kNN graph + force,562,0.18440061345847514,0.24376877541935285
kNN graph + force,12446,0.08335578178739468,0.39974527947261407
kNN graph + force,6433,0.12613181406745833,0.20394584001913513
kNN graph + force,704,0.21921506743711291,0.6454378539764472
kNN graph + force,75805,0.5286792126480538,0.4277562924631811
kNN graph + force,39681,0.2632943300062801,0.5392253856646155
kNN graph + force,72158,0.1538181024513562,0.4740235177161977
kNN graph + force,29157,0.17390791014024037,0.799714536304224
kNN graph + force,4322,-0.09447114729712745,0.621428089221687
kNN graph + force,14681,0.15946166027569894,0.778125824659978
kNN graph + force,76880,-0.12929383933972927,0.647346831654917
kNN graph + force,84109,0.5307507591772348,0.6023900905686401
kNN graph + force,43632,0.5558642808826127,0.7118337172056765
kNN graph + force,37735,0.2807235567039015,0.7247439729220383
kNN graph + force,4193,0.2985675588616987,0.03467210569376702
kNN graph + force,57384,0.4616354027758837,0.36684712847761086
kNN graph + force,11444,0.4998443875362044,0.5468880550234838
kNN graph + force,63079,0.32767533630396856,0.99782602763902
kNN graph + force,306,0.09917974393034351,0.6369340678205804
kNN graph + force,6457,0.4703601832554596,0.6702725297079909
kNN graph + force,804,0.8370833630506231,0.37836562435861326
kNN graph + force,12520,0.7214663038652038,-0.1208552632541103
kNN graph + force,84413,0.5854185735867778,0.4249351473907367
kNN graph + force,53015,-0.07798343600850627,0.5464212350860642
kNN graph + force,14728,0.0807774014999769,0.5453499433670974
kNN graph + force,55838,-0.2044327912185356,0.5459765876996516
kNN graph + force,91640,-0.3749064252980387,0.5874452095938758
kNN graph + force,56457,-0.3632169666141818,0.183594812802086
kNN graph + force,25324,0.37038972910656137,0.4326204966227615
kNN graph + force,1825,0.6697854222403051,0.5394929989993693
kNN graph + force,219,-0.027612007395888382,0.6512445983057068
kNN graph + force,81642,0.6019027626776482,0.40554128475844436
kNN graph + force,52802,0.4911775324731849,0.49485924658754143
kNN graph + force,30947,0.5097326885592505,0.2289946568789033
kNN graph + force,65414,0.4054047166408112,0.4883180671741052
kNN graph + force,30499,0.7278961004419263,0.5236019161095266
kNN graph + force,43297,0.5676418521508039,0.1903231785080123
kNN graph + force,170,-0.29653989990690727,0.471732045810639
kNN graph + force,215,0.022053419319341207,0.5482569260184251
kNN graph + force,31666,0.16336336929437525,0.3522374655981871
kNN graph + force,701,0.3006095535122145,0.42950164165752186
kNN graph + force,1251,0.3193119260508502,0.48041129489998236
kNN graph + force,39358,0.3508317591243263,0.48787020982076323
kNN graph + force,84951,0.021868530033660526,0.6438840619712349
kNN graph + force,62318,0.22714594588330023,0.2212658865121759
kNN graph + force,70052,0.43731160468536356,0.5230305051762754
kNN graph + force,664,-0.22981797802117396,0.5386312081268384
kNN graph + force,64757,0.37637311656962136,0.7709452906985687
kNN graph + force,11801,0.4150043651378518,0.9366428079628203
kNN graph + force,54785,0.374626422793609,-0.021855412932003965
kNN graph + force,519,-0.5310263027683545,-0.10091273713805023
kNN graph + force,1444,-0.6057783951354467,-0.2765227759015026
kNN graph + force,1018,0.164317106580851,-0.1425962617581838
kNN graph + force,61856,0.41772451204932626,0.08797888325724916
kNN graph + force,39314,0.43120497305166794,-0.06089353055064855
kNN graph + force,88175,0.5324940011977475,0.47582574164337954
kNN graph + force,70,0.5715283202595568,0.1461824268019668
kNN graph + force,29675,0.42635262597051543,0.2329902056221568
kNN graph + force,15963,0.3780136319247876,-0.30879345025930655
kNN graph + force,10464,0.4587349302341459,0.0508065061814256
kNN graph + force,66826,0.5821736316155471,0.28107925079010404
kNN graph + force,705,0.4804607520065142,0.6074812065620993
kNN graph + force,222,0.3018854636987474,0.35944676689685057
kNN graph + force,26358,0.8396844639680482,0.2222202570050483
kNN graph + force,1801,0.44225496814662635,0.34317252032706896
kNN graph + force,42260,0.7624094529079022,0.41687991874017616
kNN graph + force,93,0.4886864016476366,0.03789548515459071
kNN graph + force,21548,0.562716691080221,0.5522210306576967
kNN graph + force,5749,0.3656502272158173,0.277392368666719
kNN graph + force,249,0.5438767872153177,-0.061761593999740225
kNN graph + force,707,-0.28932028345483346,0.34222009590140595
kNN graph + force,56077,-0.16531467917031673,0.20640683573728702
kNN graph + force,51488,-0.31342100902255166,0.36391193620851126
kNN graph + force,427,-0.1996411612507269,0.3255972811499536
kNN graph + force,4,-0.46625831828637265,0.28702020675608736
kNN graph + force,75668,-0.2669524472616205,0.3972468927816358
kNN graph + force,12258,-0.6188059264951801,0.4252462799475179
kNN graph + force,68404,-0.1790246180231822,-0.06248209911276445
kNN graph + force,34893,-0.17023524988963987,0.5308276284090655
kNN graph + force,3750,-0.2250219426465215,0.4511297590269254
kNN graph + force,12770,-0.41196919338575805,0.49896921669314587
kNN graph + force,12762,-0.5799959691604373,0.3323808039284432
kNN graph + force,28201,-0.14104048296913516,0.44920466017219735
kNN graph + force,83889,-0.5779547219956268,0.47156831433644164
kNN graph + force,955,-0.2853254366229576,0.10924056114503491
kNN graph + force,9394,0.2169756293380247,0.3065017402730258
kNN graph + force,33519,0.38688520345996147,-0.08902809078432253
kNN graph + force,253,-0.29288831812343663,0.1375561026459094
kNN graph + force,62615,0.5092485386362448,0.47524357775330817
kNN graph + force,1826,0.5123841945995955,-0.22433370579082076
kNN graph + force,221,0.4013779600771866,0.04363368459664669
kNN graph + force,55805,-0.1464231011826637,0.3769208314365159
kNN graph + force,17666,0.6828291116886541,-0.11330544676927355
kNN graph + force,71272,-0.21476344336436382,-0.16269339030775695
kNN graph + force,54885,0.39639678962273717,0.16311794356936507
kNN graph + force,57038,0.2667788190668647,-0.041071525478187376
kNN graph + force,4573,0.34233470456147125,-0.5535046761665137
kNN graph + force,62707,0.336737179767455,0.28850034653055323
kNN graph + force,606,0.12516697111766045,-0.01698828376409985
kNN graph + force,31226,-0.09715255238525052,-0.21045394634955286
kNN graph + force,17786,0.33768823026341743,0.007303425182153041
kNN graph + force,43040,0.4379375048009925,-0.21675259883134393
kNN graph + force,2938,0.136703921874512,-0.08541878204829155
kNN graph + force,40200,0.07863878724788681,-0.11676690981071651
kNN graph + force,64947,0.4161688674316403,0.26555039303151085
kNN graph + force,12317,-0.007091438776828709,-0.28964442386673156
kNN graph + force,590,0.2858247697418122,-0.23377356434093013
kNN graph + force,31825,0.08367150245977958,0.153359155561596
kNN graph + force,4421,0.08560052751304885,0.26986066257748986
kNN graph + force,56023,-0.5222259296021916,0.0702739607898624
kNN graph + force,31172,-0.5373063816754207,-0.16353205165336068
kNN graph + force,96,-0.5947651771300261,-0.4063250318909446
kNN graph + force,91209,-0.6942816624853086,-0.20485672478334893
kNN graph + force,49504,-0.35981013695251235,-0.4580729985323959
kNN graph + force,11416,0.05467589563493365,0.6830428873152186
kNN graph + force,22537,-0.20958747610650713,0.5128648774251366
kNN graph + force,79167,0.1046640182101681,0.9137572567982926
kNN graph + force,71512,0.1387535572076204,0.6917110077923422
kNN graph + force,10296,0.32366713418365894,-0.15373371837481314
kNN graph + force,4056,-0.2845334003331833,0.08347297138825269
kNN graph + force,917,0.07725602323034689,0.10928754694538145
kNN graph + force,67702,0.16761730768986907,0.12312139866509789
kNN graph + force,97605,0.23511373200482377,-0.2782156512671311
kNN graph + force,103425,-0.061649594759908,-0.1504929003904879
kNN graph + force,49223,0.36695769289433877,0.19995870289207174
kNN graph + force,73900,-0.7511489506880167,-0.4423152917980713
kNN graph + force,37470,-0.5071066605410689,-0.4739410830322245
kNN graph + force,16602,-0.6384735531744496,-0.23364657701557445
kNN graph + force,9797,-0.4618009361092583,-0.4556849302876726
kNN graph + force,19,-0.061904954092899485,-0.6085554500441634
kNN graph + force,15512,-0.12724126156863153,-0.5716161100465479
kNN graph + force,484,-0.06926987290806386,-0.40262272048999287
kNN graph + force,4608,-0.18212754057344632,-0.5907231889062283
kNN graph + force,1404,0.19769509213560355,-0.7447741650524189
kNN graph + force,271,-0.28035936656690963,-0.19233127080574788
kNN graph + force,897,-0.06946542497383261,-0.5668584558226281
kNN graph + force,57255,0.6876307958805679,-0.2108266975836028
kNN graph + force,23317,-0.020855161596410435,0.7244321557822967
kNN graph + force,25753,0.14649838733081733,0.889006512130552
kNN graph + force,17565,0.3690260430723031,0.8609822786587313
kNN graph + force,88707,0.3412890191419478,0.741084682972962
kNN graph + force,17387,0.04975079453056026,0.7767435554304848
kNN graph + force,308,0.2484019019949755,0.6088327117277778
kNN graph + force,69869,0.12251762095931475,0.8375024649838957
kNN graph + force,18043,-0.14750777151368558,0.5054364073261325
kNN graph + force,15451,0.5766731755819959,0.5593289177238264
kNN graph + force,7322,0.2837623258304889,0.4625506049829629
kNN graph + force,485,-0.15611252920941118,-0.3859259861951496
kNN graph + force,8442,-0.05634527520500713,-0.6424731540562343
kNN graph + force,147,-0.4206072290318281,-0.04907741326051113
kNN graph + force,18,-0.18019631796844882,-0.7247520652908414
kNN graph + force,238,-0.14777324627348995,0.21064269681104542
kNN graph + force,413,-0.30334432330736516,0.2670803275831386
kNN graph + force,728,-0.1561387995239188,-0.4992758404012334
kNN graph + force,1687,0.0040436363669629225,-0.3249841868508521
kNN graph + force,372,-0.3535625805276572,-0.37198133801382516
kNN graph + force,3016,-0.5204963179751531,-0.07235842226473345
kNN graph + force,1215,-0.4019675986016812,-0.4341891096341024
kNN graph + force,13064,-0.4156175661469183,-0.14942591091909946
kNN graph + force,38543,-0.3078100649659404,-0.4341535957387495
kNN graph + force,502,-0.490094747141172,0.1417727974387532
kNN graph + force,1499,-0.2857056225663349,-0.17458185165662055
kNN graph + force,17076,-0.4715102730122502,-0.2600376947834414
kNN graph + force,64105,-0.044715325558847135,-0.36754273448853003
kNN graph + force,128,-0.017350312022861122,-0.4471017612573389
kNN graph + force,44034,-0.32385202074803043,-0.26243074627332214
kNN graph + force,3128,0.14766537746667197,0.7173979884776889
kNN graph + force,43572,0.09507187389696753,0.7365833571714382
kNN graph + force,25980,-0.17075929890498245,0.6177819488460409
kNN graph + force,11538,-0.021308704871253928,0.48234949767828816
kNN graph + force,10664,-0.21627677026313794,-0.5164647067420218
kNN graph + force,80039,-0.623737114176491,-0.1685275662617656
kNN graph + force,632,-0.6148972908159843,-0.011556908808206963
kNN graph + force,1733,-0.6019382421658283,0.06072890132595539
kNN graph + force,8069,-0.5867366979919195,0.05488097545868825
kNN graph + force,988,-0.8214702258373223,-0.00041859113676368453
kNN graph + force,184,-0.5726857059480782,-0.00852061262162996
kNN graph + force,242,-0.614284775967141,0.02321613126266726
kNN graph + force,720,-0.7290745861369524,-0.053440124598846596
kNN graph + force,23280,-0.6346974504371423,0.2470991818680543
kNN graph + force,669,-0.404560716049513,0.04264316954903278
kNN graph + force,81,-0.5559706160964445,0.0749869436653533
kNN graph + force,536,-0.6500260415744001,-0.03926233877418695
kNN graph + force,257,-0.5522436444910799,-0.14200470587869726
kNN graph + force,78,-0.6234433745173837,-0.3104468340605574
kNN graph + force,1000,-0.6965083083518804,0.18917477912552708
kNN graph + force,15924,-0.6295567582134054,0.21496122962331313
kNN graph + force,66,-0.5795414449327223,0.02383611707462697
kNN graph + force,8441,-0.7339964096478663,-0.2786497172257794
kNN graph + force,520,-0.3905602236296544,0.21872912258121702
kNN graph + force,18767,-0.7461911640517896,0.16323201030643772
kNN graph + force,141,-0.6021749086089544,0.11731283290342626
kNN graph + force,826,-0.7267738277272326,0.10281995804475366
kNN graph + force,825,-0.5376770870614017,-0.015442512472841542
kNN graph + force,2378,-0.7539867273035162,0.1279555130618949
kNN graph + force,508,-0.6243586915211345,-0.1212045251378446
kNN graph + force,6686,-0.7457680752038894,-0.08710949096579017
kNN graph + force,6529,-0.6911121648686936,-0.09783037433819858
kNN graph + force,1109,-0.8587617822538883,0.030928959261112846
kNN graph + force,17189,-0.5068147371805093,-0.04558632299950189
kNN graph + force,66359,-0.7819078181793547,-0.3009227118934583
kNN graph + force,145,0.15812762192516314,-0.6430242887848711
kNN graph + force,29442,-0.33709361703491286,-0.32849885299580533
kNN graph + force,156,-0.4970839812809096,-0.11128787160858394
kNN graph + force,729,0.1541719004416083,-0.21483866058905776
kNN graph + force,6086,-0.5328125868752095,-0.3768293830916828
kNN graph + force,51694,-0.10071546748485401,0.4449820405460939
kNN graph + force,11721,-0.3211043944884751,0.39912363296930714
kNN graph + force,818,-0.10887707665154346,0.36918196691329347
kNN graph + force,65560,-0.3955378511715058,0.5247571570352779
kNN graph + force,1835,-0.3640801270587086,0.3576029530616072
kNN graph + force,10858,-0.41385606399857827,0.3043535305766028
kNN graph + force,48002,-0.1802764025577681,0.3693142370158212
kNN graph + force,15134,0.3369564209581957,-0.39673004240690346
kNN graph + force,6493,-0.6560451999178888,0.34533548528491514
kNN graph + force,47459,-0.5876021565818289,0.2431132936799794
kNN graph + force,1701,-0.5070810123501095,-0.1975287711857455
kNN graph + force,8019,-0.372220383008951,0.4632453252080796
kNN graph + force,10190,-0.4578507568695077,0.30175134645429097
kNN graph + force,51589,-0.5322081472016149,0.06978237062204519
kNN graph + force,685,-0.3467497521391506,0.3057615120466884
kNN graph + force,43324,-0.04170692222597635,0.3887334479981943
kNN graph + force,35,0.24137854878393106,-0.11053587086029096
kNN graph + force,67527,-0.06934668317411825,0.5245907211807342
kNN graph + force,3782,-0.21786489142847318,0.37465029121938864
kNN graph + force,39070,-0.44927965354485144,0.38895420475074377
kNN graph + force,5609,-0.7242458297754495,0.036585312262269784
kNN graph + force,66098,-0.28799216363346397,0.578742329461254
kNN graph + force,498,-0.606782491039181,-0.3770584610790198
kNN graph + force,275,0.1386454026828871,-0.6744047117027419
kNN graph + force,12345,-0.3200382724567437,-0.5361800442682388
kNN graph + force,11,-0.3442294931616269,-0.42845912779772116
kNN graph + force,687,-0.7351689158391363,-0.07496163878299794
kNN graph + force,2068,-0.31263365715498037,-0.3190047247412893
kNN graph + force,88,-0.6705833080185271,-0.023080607185037516
kNN graph + force,4941,-0.5840584360814602,-0.20336265758385627
kNN graph + force,547,-0.43245106524399674,-0.35613401848982845
kNN graph + force,50748,-0.6284885889308855,-0.08332124440756022
kNN graph + force,31233,-0.13607343135755673,0.4952787262077598
kNN graph + force,17511,-0.1707617057063786,0.6843921828389589
kNN graph + force,1795,-0.5712921400695321,-0.44213910406544515
kNN graph + force,12424,-0.47761224663726415,-0.4832727394651914
kNN graph + force,12767,-0.5543278771637726,-0.2676019996756835
kNN graph + force,31040,-0.5371024770031816,-0.37643358707356445
kNN graph + force,20,-0.4940690799283653,-0.2872557187093064
kNN graph + force,990,-0.22725661082406254,-0.11518993714507297
kNN graph + force,72365,-0.37057115444101996,0.07579684885513784
kNN graph + force,39738,0.47749185023058666,0.36018751986055564
kNN graph + force,22839,-0.03365459793217018,-0.35227850116534437
kNN graph + force,12425,0.45818501274934453,-0.10026678411701101
kNN graph + force,57035,0.6048486817823416,0.11655269863679849
kNN graph + force,8315,0.28817966989754845,-0.3658135992519707
kNN graph + force,1335,-0.31352532166175695,-0.004683068722520313
kNN graph + force,52197,0.6275253232927612,0.06189816045655203
kNN graph + force,13195,-0.0798466686829313,-0.9040139240123252
kNN graph + force,14187,-0.21553721347110782,-0.6859306499935304
kNN graph + force,1427,-0.01333285273941547,-0.8845682684177264
kNN graph + force,69386,-0.09774954406882705,-0.9662863088348809
kNN graph + force,45668,0.16469219490909134,0.572704383134312
kNN graph + force,395,0.1688934730406423,-0.02882231557264053
kNN graph + force,88636,0.1725408111069212,0.40017449635269736
kNN graph + force,38260,-0.010176711329839778,-0.5523068499202716
kNN graph + force,3142,-0.02537866437740859,-0.33482013642734415
kNN graph + force,209,-0.30125383535257144,-0.08153729478916366
kNN graph + force,14319,-0.07972897067200349,-0.02724904441951593
kNN graph + force,46885,-0.2729390161346066,-0.2186673380060467
kNN graph + force,53441,-0.29382966536783506,-0.11112308955764388
kNN graph + force,20542,-0.7007908354331867,-0.1048761064819301
kNN graph + force,60891,-0.4961410833815448,0.06248219455604686
kNN graph + force,78574,-0.5361308242839878,-0.20557235773686355
kNN graph + force,48681,-0.44597787554513546,-0.14823299315535787
kNN graph + force,6386,-0.05508179917273884,0.050340356461359
kNN graph + force,2797,-0.48384868243575624,-0.006045097301048887
kNN graph + force,2432,-0.3253690552662061,-0.0980151529954094
kNN graph + force,33500,-0.010279526669693553,0.5768205579360438
kNN graph + force,34810,-0.04697441483469288,0.5024561078814054
kNN graph + force,6437,-0.5772764832407503,-0.5889164916598368
kNN graph + force,103256,-0.43402649993835,-0.013928307010675883
kNN graph + force,1107,-0.6381411964483407,-0.31219105802916286
kNN graph + force,69001,0.05183850202702787,0.29445100724676876
kNN graph + force,12321,-0.34841722977002265,-0.06680490044959275
kNN graph + force,28711,-0.47288470086147916,-0.2403853044848231
kNN graph + force,327,-0.5071867866455648,-0.10566511320630467
kNN graph + force,9370,-0.7294838846767486,0.04899949217803708
kNN graph + force,1106,-0.4673618843844236,0.08753879658413911
kNN graph + force,94,-0.5636150826062092,-0.07803015567147009
kNN graph + force,780,-0.5647248997646883,-0.03188092336668324
kNN graph + force,15555,-0.44789464020385233,0.15349039469072093
kNN graph + force,12310,-0.5932020763012023,-0.14056296183657097
kNN graph + force,49331,-0.33515653902486847,0.051546832085487874
kNN graph + force,4521,-0.5293078613104566,0.010614805796990555
kNN graph + force,45977,-0.14546091684184229,0.2755288123752862
kNN graph + force,142,-0.4664274140261986,0.04757271479670508
kNN graph + force,1771,-0.434572942821288,-0.2130027077981483
kNN graph + force,4771,-0.44186437819346736,-0.18121825303403102
kNN graph + force,43871,-0.7054195264782696,0.2056400889773238
kNN graph + force,205,-0.17207409630956536,-0.14408508742836218
kNN graph + force,33,-0.6135828586264316,0.1563249055845507
kNN graph + force,1148,-0.3074625181049276,0.12490456321302856
kNN graph + force,42580,-0.5362853726922003,0.1319154541135345
kNN graph + force,601,-0.3577684979194594,0.21797330193516395
kNN graph + force,6461,-0.5874892911353518,0.20047114093939303
kNN graph + force,52359,-0.5382006855125337,0.1859631073055182
kNN graph + force,18702,-0.49846989290083554,0.111349665640816
kNN graph + force,58562,-0.3913561693888748,0.00781501630705007
kNN graph + force,6166,-0.49560459013658714,0.21988616442663142
kNN graph + force,13041,-0.05394208011129846,-0.16857881444700717
kNN graph + force,29083,-0.5055765262513989,0.23855944906931664
kNN graph + force,5512,-0.34786811783618693,0.10995852628248738
kNN graph + force,14214,-0.409252776609285,0.059248304108729034
kNN graph + force,60105,-0.33382659326060565,-0.04192726505572275
kNN graph + force,456,0.027624913671569367,0.3940050553724318
kNN graph + force,45838,0.22723070328055228,0.3500862293081505
kNN graph + force,6459,-0.011263532092604457,0.273588096382176
kNN graph + force,14982,0.09961923395306234,0.5626828703274076
kNN graph + force,50384,0.10110375462513169,0.7845501014334819
kNN graph + force,600,-0.1781185324713338,0.6061742269916803
kNN graph + force,975,0.25039897842111764,0.8589319832122055
kNN graph + force,4410,0.0499755837096748,0.7300612887049143
kNN graph + force,802,-0.021734381646973666,0.753482595812418
kNN graph + force,819,0.042550795190826794,0.6686746822651585
kNN graph + force,93628,0.2465209225662145,0.7728757338940442
kNN graph + force,15335,-0.05593793453745349,0.5348934577990839
kNN graph + force,768,-0.022132164676752667,0.41208101900760247
kNN graph + force,79846,0.08271965512011586,0.6662711729735055
kNN graph + force,31661,-0.15346647553902593,0.5753522044333725
kNN graph + force,39970,-0.011272211104829628,0.6591330064365415
kNN graph + force,35973,0.023591980362681064,0.2934434214083136
kNN graph + force,56741,0.008291346372716172,0.8196786597824436
kNN graph + force,99254,0.016953535834273514,0.7295659637123367
kNN graph + force,69117,-0.03788588930587389,0.5455659947405226
kNN graph + force,76824,0.18714690749751933,0.6941167299945566
kNN graph + force,67004,-0.09859168601949395,-0.7708275843310225
kNN graph + force,105520,-0.04804150970001469,0.47007450287459995
kNN graph + force,74962,-0.10994462554289067,0.5902908567551701
kNN graph + force,73990,-0.5157783845635625,0.4206971016359316
kNN graph + force,121870,-0.23042279070604405,0.6254014686122821
kNN graph + force,49098,-0.5555569054573699,0.5259837480590416
kNN graph + force,105331,-0.5393829751858795,0.375191737701473
kNN graph + force,90733,-0.4868738269628686,0.4951455601294114
kNN graph + force,82595,-0.22107438873385166,0.6407282143843364
kNN graph + force,70189,0.016385583754661037,0.4664201319792567
kNN graph + force,33514,0.2565001276699123,0.29104152200545685
kNN graph + force,6463,0.10530334235717947,0.524559119393129
kNN graph + force,13710,-0.12489853309726268,0.5298175652554724
kNN graph + force,94979,0.09690464464536969,0.49209020967714895
kNN graph + force,14845,0.04437939922257139,0.32976187966619197
kNN graph + force,55766,-0.5106985855949548,0.13286766884664902
kNN graph + force,7993,0.09711677925346618,0.8572013435714925
kNN graph + force,43476,-0.1253579905939116,0.5662906098626405
kNN graph + force,95752,-0.036024340107774944,0.271606206083996
kNN graph + force,67578,-0.3338126718402973,0.47578809846986253
kNN graph + force,667,-0.5783800280298732,0.07347705195777135
kNN graph + force,4566,-0.6190590501341089,-0.06639111428717026
kNN graph + force,58912,-0.6825528411025231,-0.07909190497535239
kNN graph + force,5576,-0.6628672828225355,-0.1484627967290075
kNN graph + force,1138,0.39233983921987897,0.5305897279968204
kNN graph + force,1014,-0.11155506988895551,-0.05688655943595992
kNN graph + force,67502,0.15195799180159253,-0.299167811923306
kNN graph + force,18490,0.5379479007305104,0.31971182623596106
kNN graph + force,13442,0.6068665468548973,0.5077830834898052
kNN graph + force,49270,0.25466431257282557,-0.02411210194724635
kNN graph + force,210,-0.5274717324913063,0.21930104245262672
kNN graph + force,214,-0.42306639823773545,0.15873099504376026
kNN graph + force,9045,-0.5378185295169069,0.5049198859667594
kNN graph + force,1361,-0.4146934495241922,0.17997812837662802
kNN graph + force,62036,-0.4532760828270973,0.4188226567244601
kNN graph + force,44894,-0.5519721571282697,0.4610330386987472
kNN graph + force,236,-0.5929051138251985,-0.045724659171913935
kNN graph + force,3,-0.40608769987363996,0.2883744644763597
kNN graph + force,813,-0.6383660092619683,0.27522443893523724
kNN graph + force,244,-0.5657483137816145,0.06327685748704369
kNN graph + force,43718,-0.43251726236679944,0.21455242903879812
kNN graph + force,27571,-0.6917830645799297,0.10750926806649386
kNN graph + force,68578,-0.6352256694758963,0.3861015718244401
kNN graph + force,46145,-0.38689352429291324,0.24761579662773872
kNN graph + force,6341,-0.7345352996805944,0.02570559912459588
kNN graph + force,296,-0.6437151716114368,0.11242448027434737
kNN graph + force,12878,-0.6954202666492026,0.04654344898840368
kNN graph + force,24785,-0.351604272138427,0.3831240858178999
kNN graph + force,808,-0.7161272120748595,0.29226033754341885
kNN graph + force,8840,-0.7175507385835467,0.22537210865889132
kNN graph + force,869,-0.5089615551935264,0.321703477689831
kNN graph + force,27,-0.48337063460176344,0.21100266475478333
kNN graph + force,30815,-0.41375658133219284,0.27067998821498085
kNN graph + force,6458,-0.10360524510476142,-0.4978857249273084
kNN graph + force,40069,-0.4866389941988969,-0.3019649658044968
kNN graph + force,152,-0.6772000743298634,-0.35341964538560333
kNN graph + force,993,0.14490253201418157,-0.5225743456713582
kNN graph + force,78656,0.27911048058223353,0.28159772137436756
kNN graph + force,26127,-0.16866299239775165,-0.12796120856935017
kNN graph + force,1024,-0.19646050764677792,0.20063218393326612
kNN graph + force,1574,-0.2531518288643642,-0.04233143174446865
kNN graph + force,1360,-0.6163458749303775,-0.18569076007097277
kNN graph + force,10856,-0.4803730116594165,-0.3492442291415613
kNN graph + force,3956,0.31258723042630354,-0.2526188935843696
kNN graph + force,26372,-0.12995296294033934,-0.13174340669625526
kNN graph + force,3678,0.132015512062111,-0.2711739910127787
kNN graph + force,171,-0.40218694864264876,0.14561282445041124
kNN graph + force,15261,-0.22614195831943268,0.4176963767217529
kNN graph + force,91688,-0.48037259311478325,0.3474269897640276
kNN graph + force,18180,-0.38214529769274685,0.33001862605933796
kNN graph + force,6805,-0.49888799142846263,0.15680735145688
kNN graph + force,37889,-0.6928991730665015,-0.35981162674930667
kNN graph + force,22964,-0.6518393957328154,-0.34217542169856696
kNN graph + force,30549,-0.047850485172933804,0.7917715786168492
kNN graph + force,40031,0.21853563781474897,-0.5317125088956939
kNN graph + force,51037,0.3553998295515532,-0.614033415326869
kNN graph + force,75064,0.6483564683815501,-0.15438516183791595
kNN graph + force,56294,0.790848374213885,0.018557251624902467
kNN graph + force,42936,0.1989787913451875,0.022175891268492794
kNN graph + force,122212,0.5393471388605301,0.035670841677030024
kNN graph + force,1742,-0.1045366233483816,-0.723506580732618
kNN graph + force,70985,-0.44962165620906686,-0.6562761738629482
kNN graph + force,59021,-0.2917708462491233,-0.6383661488163309
kNN graph + force,27996,-0.40973313033996667,-0.22700682424152757
kNN graph + force,47255,-0.5940851095163873,-0.2322030787663657
kNN graph + force,50757,0.2739090002119831,-0.5727469027816936
kNN graph + force,507,0.13161723343913562,-0.7460967977376812
kNN graph + force,29727,0.3625619981655012,-0.7558138060232225
kNN graph + force,25529,0.04257975539641098,-0.9938205751141197
kNN graph + force,637,0.22556113175416992,-0.4518601202966844
kNN graph + force,2069,0.27817899341427343,-0.6333268599305991
kNN graph + force,70424,-0.023740414738229024,-0.6395668697029111
kNN graph + force,829,0.3209145761115118,-0.549985241349235
kNN graph + force,258,0.175560733411743,-0.6082162546487289
kNN graph + force,231,0.14200297094411285,-0.596684661124959
kNN graph + force,53400,0.30277303657247423,-0.6141032997120347
kNN graph + force,68753,0.2527019955189635,-0.6327979294504629
kNN graph + force,65147,0.12665940050079952,-0.6814593438718779
kNN graph + force,570,0.0869273644901818,-0.5825205829196723
kNN graph + force,67997,0.4067936790957881,-0.42408452260501783
kNN graph + force,15754,0.33752251894391644,-0.6922689007520403
kNN graph + force,59064,0.25241566431593104,-0.6023996998923377
kNN graph + force,78288,0.597035581150202,0.68673702207226
kNN graph + force,91499,0.2928512707700142,0.835947659636961
kNN graph + force,410,-0.08293613406309289,-0.6818144906772678
kNN graph + force,276,-0.18691060418529148,-0.5502723547723212
kNN graph + force,2318,-0.08233753923896746,-0.5381780823017823
kNN graph + force,83,-0.18343446318940843,-0.6580720719632709
kNN graph + force,84094,-0.2791026671043566,-0.25146913421794936
kNN graph + force,67370,-0.03846973174576253,-0.7478755941090519
kNN graph + force,472,-0.09808241054112182,-0.5186829913952307
kNN graph + force,12192,-0.2638291590763021,-0.3648944895432801
kNN graph + force,1068,0.1496076594137867,-0.6264523068774649
kNN graph + force,899,0.004782943666965043,0.11559925325332972
kNN graph + force,2060,-0.22763940926910417,-0.6612915974137396
kNN graph + force,788,0.00971709458347541,-0.5305054394074594
kNN graph + force,153,0.05514900213106609,-0.833521079515322
kNN graph + force,70839,-0.17451712232747388,-0.35650698805090075
kNN graph + force,3256,-0.13393109719578916,-0.6026046907080214
kNN graph + force,30567,-0.13373863674682532,-0.5157475745093231
kNN graph + force,17256,-0.21372797929926304,-0.5425647453676165
kNN graph + force,81423,-0.11341771768167576,-0.6688722430542269
kNN graph + force,72439,0.06595097460120158,-0.6266592968445315
kNN graph + force,29818,-0.2779790756441826,-0.6377039431407352
kNN graph + force,92647,-0.050007413642507464,-0.5004653163549799
kNN graph + force,373,-0.22019629799863014,-0.5644049688616067
kNN graph + force,46296,0.11672804150917486,-0.5602982610358623
kNN graph + force,15336,0.15641748575071904,-0.6064279723474095
kNN graph + force,53806,0.12067843678890336,0.8312142239366979
kNN graph + force,17140,0.2376974320395535,0.7523981635182972
kNN graph + force,89234,0.6333443303244476,0.513986805448693
kNN graph + force,7350,0.07920086929122357,-0.451044976251135
kNN graph + force,6063,-0.5332300982024047,0.13996110374384796
kNN graph + force,6311,-0.36956951992069415,-0.2745419183438201
kNN graph + force,53804,-0.7484648389624743,-0.1930725004768656
kNN graph + force,84035,-0.760299807260917,0.1838815674190303
kNN graph + force,857,-0.11371699277580179,-0.5647402081448221
kNN graph + force,67916,-0.06117637589396585,-0.8131771983077762
kNN graph + force,66042,0.25752176871625865,-0.773390026862874
kNN graph + force,31861,0.4383812172581556,-0.6803839527363648
kNN graph + force,43402,0.49720200894989136,-0.5958595328325385
kNN graph + force,5002,0.5388316689671402,-0.28148251422671283
kNN graph + force,31445,0.1033050673766111,-0.6535235061696265
kNN graph + force,3785,0.24023720380982694,-0.5147432668732868
kNN graph + force,107084,0.3170244012133604,-0.630767482998335
kNN graph + force,48965,0.34687204669647986,-0.02940873774239897
kNN graph + force,13549,0.29115158502210853,-0.7190440252041108
kNN graph + force,7792,0.4755534563718987,-0.5515876071297816
kNN graph + force,4441,0.4737387757043052,-0.624483622103116
kNN graph + force,46890,-0.39504866697983054,-0.20553447813862205
kNN graph + force,11784,0.41795723791412415,-0.2709906247097284
kNN graph + force,89050,-0.2584183619730887,-0.05905789984388717
kNN graph + force,68326,0.07708889461703682,0.19068535059682293
kNN graph + force,1605,0.1380168276461684,0.17580455118836424
kNN graph + force,78611,0.024250288827412952,-0.546745506308919
kNN graph + force,46165,-0.380854829542555,0.04287590360956123
kNN graph + force,11502,-0.6452119959344041,-0.0007073349570413375
kNN graph + force,43531,-0.014433134992203401,-0.8005404384051358
kNN graph + force,60,-0.24773290488051064,-0.5768713385095752
kNN graph + force,6314,-0.015316792333938869,-0.7531428709264019
kNN graph + force,30928,-0.2656845733799894,-0.5596695675002394
kNN graph + force,72040,-0.15308067748644266,-0.3178907181401517
kNN graph + force,17322,-0.030041036723626225,-0.5479952343429039
kNN graph + force,12311,0.009476881315370321,-0.6159314272704678
kNN graph + force,889,-0.08837103689597788,-0.6424794832147722
kNN graph + force,59597,-0.14701852731178952,-0.643058320331162
kNN graph + force,43037,0.7116501451390981,0.555819325518168
kNN graph + force,69010,-0.45083752077908024,-0.44212587922717217
kNN graph + force,69708,-0.44624893007616667,-0.6224056634092754
kNN graph + force,17774,0.2382897839305079,0.5490639438512227
kNN graph + force,30551,0.29984927553675356,0.5019889586788837
kNN graph + force,2550,-0.05702406607714494,-0.3178296777345724
kNN graph + force,3166,0.4964425127464731,-0.08605285197929807
kNN graph + force,95863,0.23998181368300112,-0.4727776342984487
kNN graph + force,10559,0.5088535934029913,-0.5096333101703601
kNN graph + force,7344,0.4120028204116089,-0.39417092456867414
kNN graph + force,228,0.33623799325876563,-0.46203997765516297
kNN graph + force,28499,0.6381128414016645,-0.26708935702310077
kNN graph + force,331,0.2901982364379241,-0.5923158277200691
kNN graph + force,59532,0.14250010240160904,-0.9166982902848078
kNN graph + force,42747,0.16780733277514234,-0.860503865477311
kNN graph + force,90451,0.21217968726443232,-0.9839995043492832
kNN graph + force,66266,0.13077672227287757,-0.9999999999999999
kNN graph + force,75421,0.39499981168459053,-0.1790258022535875
kNN graph + force,25382,-0.15769356129704545,0.07369393654477789
kNN graph + force,27322,-0.2114024608527764,-0.6084103467662336
kNN graph + force,735,0.03579680324971474,-0.11295747663374373
kNN graph + force,53471,-0.1637513129764443,-0.5842284509108286
kNN graph + force,66120,-0.20030018559291224,-0.10801969510395508
kNN graph + force,90433,-0.030032859446096384,-0.4388288493959638
kNN graph + force,6334,-0.5834561221514438,-0.1396275526506929
kNN graph + force,18222,0.06032250421890994,0.4505004325264228
kNN graph + force,1198,-0.38658360270044734,-0.5564655563097299
kNN graph + force,1063,-0.17239342461812104,-0.2823657429012507
kNN graph + force,62616,-0.23349999914530264,-0.4399476027812
kNN graph + force,37753,-0.2720349970902611,-0.5778160949219827
kNN graph + force,27711,-0.6653299402370644,-0.2567385663431905
kNN graph + force,60665,-0.6700028649114399,-0.06255770352259293
kNN graph + force,52483,-0.5082633472043268,-0.265518366155714
kNN graph + force,62617,-0.27762044363093763,-0.3025429842753087
kNN graph + force,35226,0.1640264387731245,0.6330051725066681
kNN graph + force,125485,-0.06492305597532111,-0.36511794971553335
kNN graph + force,68998,0.08658341984375668,-0.1947310202730175
kNN graph + force,79171,-0.15837994177460796,-0.6835560939185514
kNN graph + force,36247,0.8216128907872943,0.044234556814558734
kNN graph + force,105519,0.7803206370930643,0.5500367273984357
kNN graph + force,4491,0.23321243636551764,0.15337768214746808
kNN graph + force,24922,-0.3298233698448702,-0.557677902930457
kNN graph + force,30529,0.36851969695285564,0.5031073050417509
kNN graph + force,62775,-0.24829751599605293,0.030321093433405145
kNN graph + force,30721,0.5573022233942287,0.6437560098635039
kNN graph + force,91883,0.46402856176536333,0.41453056150309797
kNN graph + force,45706,-0.12131640273153549,-0.7439702993979851
kNN graph + force,25977,-0.1853261470319901,0.48043559383327583
kNN graph + force,16067,0.610412583329559,0.19661148763654626
kNN graph + force,93818,0.7026091951558605,0.33769517736144666
kNN graph + force,17145,-0.02736327997857596,0.597529710307386
kNN graph + force,16657,0.18580608523107828,-0.3896610769554505
kNN graph + force,83483,0.4959512901511467,0.31401047234810214
kNN graph + force,45258,0.5262849764858137,0.399616036365368
kNN graph + force,88083,0.39125305661648596,0.6130492744745661
kNN graph + force,46038,0.4783150749711095,0.28437834868436
kNN graph + force,64788,-0.5323767887742954,0.23524510714901486
kNN graph + force,68415,0.5706815086018097,-0.15289067614121593
kNN graph + force,5242,0.7501554837756426,0.5041695862686503
kNN graph + force,51704,0.6412770229806708,0.10235571933185508
kNN graph + force,23711,0.6150455335165437,-0.09877586002104112
kNN graph + force,15948,0.6755693730460851,0.04467663746879201
kNN graph + force,68283,0.47467822777302987,0.07097375817237841
kNN graph + force,44128,-0.5037900163636622,0.5063368694295346
kNN graph + force,64805,-0.31554283114316817,-0.1873788294313727
kNN graph + force,72556,-0.4546393188209213,0.4021232837670779
kNN graph + force,35234,-0.29480243714402776,-0.004538747988639164
kNN graph + force,64338,0.4426416990730374,-0.5808468396369347
kNN graph + force,15211,0.0353630766233885,-0.059160425864928236
kNN graph + force,31872,0.16472822099484716,-0.2968375201519047
kNN graph + force,62101,-0.22583697116089013,-0.4114082153718494
kNN graph + force,16445,0.2873847869246467,-0.5671178990227126
kNN graph + force,77,0.22626725310850795,-0.5615892924424027
kNN graph + force,26845,0.056493081191090574,-0.31769548438617284
kNN graph + force,5581,0.2682194313713723,0.21464455445734906
kNN graph + force,74121,0.19556013845528497,-0.3585071302612358
kNN graph + force,96817,-0.11102091219099743,-0.3817076517627165
kNN graph + force,14838,-0.29654764784771626,-0.1465009561644775
kNN graph + force,16546,0.09387049992721884,-0.7212941433826581
kNN graph + force,25780,0.09992624835629203,0.20519294382844444
kNN graph + force,31909,0.5867975569618671,-0.5057376016761118
kNN graph + force,2056,0.5769530243036325,-0.4949030532362706
kNN graph + force,6472,0.8474746082895539,-0.04258249645244879
kNN graph + force,96246,0.727767321338274,-0.07361031118944628
kNN graph + force,15295,0.6380165484200089,0.08223685092120168
kNN graph + force,1998,0.48104781562973814,-0.2999009989821317
kNN graph + force,34730,0.17485972740485095,-0.1689880146676099
kNN graph + force,15967,0.17476013424885395,0.08203178222528851
kNN graph + force,75182,0.6443104766873455,-0.140109331164844
kNN graph + force,55166,0.06821793242310673,-0.21721377315797563
kNN graph + force,69923,0.6348316564941198,0.008920133622480857
kNN graph + force,79942,0.5795902452272184,0.1716404018992813
kNN graph + force,31827,0.31139643868654887,0.23212275679306515
kNN graph + force,17150,0.35420727786005074,-0.22883805307417276
kNN graph + force,375,-0.6225426268305373,-0.5506984880429872
kNN graph + force,101438,-0.04817034882466646,-0.6821484968462203
kNN graph + force,14225,0.16881108374770884,-0.5888888116339772
kNN graph + force,5521,0.45048549128187454,-0.3013512501019444
kNN graph + force,14669,0.13258592304900624,-0.49698826388002104
kNN graph + force,614,0.20184885867648997,-0.5463361460255862
kNN graph + force,46513,0.6021358486146886,0.16076825243384268
kNN graph + force,71761,0.5942360620837709,-0.16116719622589878
kNN graph + force,371,0.027463442006345273,-0.368232522392978
kNN graph + force,69,0.20178680454523118,-0.5922230358638895
kNN graph + force,81508,0.34313805402246583,-0.7016990481859356
kNN graph + force,307,0.33074925134840244,-0.598679111047753
kNN graph + force,38686,0.376828233525084,-0.6605875484243982
kNN graph + force,71888,0.33125728561478957,-0.29443784989018573
kNN graph + force,390,0.2177684153648747,-0.702527961746593
kNN graph + force,45343,0.4555439339494865,-0.6237175065624545
kNN graph + force,113,0.3740593790016866,-0.3506558664356678
kNN graph + force,3508,0.12256604397849159,-0.6050796332527767
kNN graph + force,48138,0.2359684034046142,-0.7190457746099377
kNN graph + force,41698,0.17164127061537496,-0.7030484358284074
kNN graph + force,88995,0.41305466874934016,0.8647741908623251
kNN graph + force,89051,0.41271511740851247,0.8338749566446321
kNN graph + force,80482,0.6626713083115368,0.6063125837999629
kNN graph + force,17,0.17106345310649462,-0.4653499868577048
kNN graph + force,34696,-0.09253320504658595,-0.2023814380238631
kNN graph + force,25967,0.2811576030460564,-0.5365987286980017
kNN graph + force,9099,0.2646337663641453,-0.46485124807098677
kNN graph + force,721,-0.02739691061473803,-0.6145135131362705
kNN graph + force,52180,0.2470851275575116,-0.4151597639151043
kNN graph + force,644,0.08315627600822198,-0.44254078470311115
kNN graph + force,607,-0.03235013760978816,-0.481125313771536
kNN graph + force,18471,0.06432146713077441,-0.8705492350217163
kNN graph + force,5752,-0.10708100210301869,-0.5395765794784858
kNN graph + force,44035,0.10668974307807412,-0.8589164310781858
kNN graph + force,297,0.01844458104051796,-0.6356909989194459
kNN graph + force,8282,0.006539358629409346,-0.5603373437736372
kNN graph + force,33443,0.08318254312415481,-0.745148930371235
kNN graph + force,66097,-0.3858107564317342,-0.12548655232639547
kNN graph + force,68226,0.3477515418154974,-0.1872930036598117
kNN graph + force,50495,0.544233390514376,-0.13980416132192683
kNN graph + force,55785,0.08133069575579603,0.6210230872797685
kNN graph + force,120986,0.31942794060462215,0.22797680781021715
kNN graph + force,1426,0.3307210984888562,0.3451636574881263
kNN graph + force,102772,0.449849497023882,-0.1451675983119708
kNN graph + force,1822,0.12731621366068246,-0.05393535794295231
kNN graph + force,207,-0.15191381974170998,-0.4601556251840077
kNN graph + force,31352,-0.1970787395629508,-0.3674378255775126
kNN graph + force,15514,-0.19711259124560424,0.10463729296299011
kNN graph + force,10314,-0.6620563107635024,0.1398234291538378
kNN graph + force,78576,-0.5062757672094301,0.30474297685245516
kNN graph + force,83621,-0.6424424502753925,0.33827522375686786
kNN graph + force,31798,-0.7541375060838138,0.02095023653161127
kNN graph + force,1607,-0.5612553251847735,0.12345409667967
kNN graph + force,18306,0.17130709772894737,-0.06786374621601546
kNN graph + force,75487,0.186534336176466,-0.8329201325150265
kNN graph + force,45707,-0.0265403322494438,-0.8384002792311163
kNN graph + force,734,0.3492622323179784,-0.5420257269602061
kNN graph + force,815,0.009796349035874138,-0.4913626230872001
kNN graph + force,45956,0.1446869589046753,-0.7294106766185215
kNN graph + force,2736,0.2555151421524702,-0.7221284093447558
kNN graph + force,799,0.319356767569521,-0.6833013890245881
kNN graph + force,15462,0.26099439195188257,-0.2903235302488808
kNN graph + force,14825,0.0023941549907867607,-0.6784323657477438
kNN graph + force,25251,0.4791030859078909,-0.46289063860287966
kNN graph + force,148,0.3587028236071479,-0.5658906120519086
kNN graph + force,51353,0.5291419444402797,-0.4748053541056054
kNN graph + force,9828,-0.18022601741562938,0.17189536863506225
kNN graph + force,38914,-0.17697196167800544,0.35438330357599296
kNN graph + force,32172,-0.2700731202659764,0.48732482000480704
kNN graph + force,98689,-0.2433666537193167,0.17060994902567356
kNN graph + force,23295,-0.13647792919763707,0.014925447528670144
kNN graph + force,10554,-0.1035559004563354,0.5662323731545437
kNN graph + force,11588,0.06749089430456427,0.23878829748290817
kNN graph + force,58226,0.14236586619055364,0.3021274958707666
kNN graph + force,38497,-0.28389311799113504,-0.05872459575079079
kNN graph + force,46098,-0.16704719142843297,0.4636522123766238
kNN graph + force,913,-0.5407947766246676,-0.26626676866516197
kNN graph + force,3865,-0.10910259034644959,-0.35381496920171895
kNN graph + force,46336,-0.17931397215800685,-0.6424717885824396
kNN graph + force,1261,-0.14916515371990083,-0.10954067909602007
kNN graph + force,8098,-0.4378506874053948,-0.6640019123110287
kNN graph + force,770,0.03073036638303797,-0.6638276126167286
kNN graph + force,68794,-0.3994802992853244,-0.4515287033609261
kNN graph + force,45651,-0.3162391297188697,0.6871161108643975
kNN graph + force,605,-0.06299516137700291,-0.4284110449504735
kNN graph + force,54275,-0.3418916230675366,0.6176510943186186
kNN graph + force,13016,-0.43905150472025223,-0.3419087661074016
kNN graph + force,27417,-0.1986829533684502,-0.2258031615915758
kNN graph + force,13015,-0.4957247895977493,-0.3779034577535698
kNN graph + force,75126,-0.4995870205775634,-0.41603114122823537
kNN graph + force,18755,0.4437032436642856,0.45343685776688003
kNN graph + force,9075,0.5353253673801439,0.0703160083421032
kNN graph + force,593,0.6587931948982105,-0.007399781976890497
kNN graph + force,90953,0.3716739449640009,-0.6373863189252861
kNN graph + force,50239,0.5862998306907864,0.10744049740362215
kNN graph + force,1849,0.4859599319446699,0.20079940386852396
kNN graph + force,12863,0.13363787219780335,-0.23861738161628734
kNN graph + force,68716,0.46316298551126367,-0.060558428384378006
kNN graph + force,11771,0.5653708639454272,0.12897508834788957
kNN graph + force,102882,0.4704819078463338,0.22128758617158467
kNN graph + force,4524,0.22387599962895915,0.028966683701300486
kNN graph + force,6332,0.7035938563347374,-0.0679484852571694
kNN graph + force,9224,0.7523300497178987,0.14615153685798446
kNN graph + force,466,-0.004866620321793109,-0.9826371862963305
kNN graph + force,64104,-0.0943821105160762,-0.7039033840852655
kNN graph + force,4523,0.12822743289461874,-0.21923255672946768
kNN graph + force,95642,0.11713169825161399,-0.8029887698534185
kNN graph + force,54720,0.36361147899231827,0.045708386993471795
kNN graph + force,55963,0.12513775199689328,-0.43350225888573785
kNN graph + force,25316,-0.10938464358044103,-0.40596736758483914
kNN graph + force,75811,-0.012964359470578975,-0.6596199665770711
kNN graph + force,53224,-0.39319440578823894,-0.383922589336737
kNN graph + force,36679,-0.17032530358311596,-0.03486085550001433
kNN graph + force,31351,-0.16489686570742695,0.0006764938110362131
kNN graph + force,78658,-0.45001922499555547,-0.09763952431559395
kNN graph + force,53742,-0.03460961347509441,-0.07503109443444102
kNN graph + force,50790,-0.08766149118984305,-0.2796258159852826
kNN graph + force,51469,-0.25891262176196317,-0.1217151252742393
kNN graph + force,918,-0.029609201591751955,0.0963614080067174
kNN graph + force,52015,0.2447564086908421,0.466735373653309
kNN graph + force,83842,0.39709858281443267,0.31652357603776193
kNN graph + force,70776,0.5537596539907098,-0.1701222938368821
kNN graph + force,24192,-0.01586281508285698,0.5129814576124136
kNN graph + force,12134,0.4962169966817214,-0.11858723123004464
kNN graph + force,31219,0.3704535471903474,-0.04917150544957637
kNN graph + force,474,-0.4776510583943986,-0.3216754087180241
kNN graph + force,70646,-0.18645227877894002,-0.13221306059424565
kNN graph + force,610,0.0059723608728259265,-0.05813741847091524
kNN graph + force,1282,0.039254802817406856,-0.015865309884653896
kNN graph + force,17796,-0.06345242238882444,-0.00046550131788810625
kNN graph + force,32269,0.38402694091833395,-0.06339057571067963
kNN graph + force,1150,-0.12752725568364018,0.3053081059243728
kNN graph + force,39029,-0.35611864696215795,-0.22753113821506124
kNN graph + force,13014,-0.21302340616306076,-0.007285780217856333
kNN graph + force,65738,0.06602703375134708,-0.40153191683867373
kNN graph + force,3552,-0.32504723522149703,-0.23583807418907893
kNN graph + force,46400,-0.4686993502941629,-0.23064191573913367
kNN graph + force,595,-0.5914551264693201,-0.07583341628442956
kNN graph + force,55795,-0.3949196989836915,0.2365974378253761
kNN graph + force,55858,-0.30264137040819006,-0.04517688186896473
kNN graph + force,1715,-0.012100922826793228,-0.10170242135701614
kNN graph + force,1142,0.10876495071558491,0.1039688389451873
kNN graph + force,27656,0.22027434068058596,-0.052589906055993986
kNN graph + force,58781,0.22169901507660786,-0.17577981738345094
kNN graph + force,28049,-0.4305373112558659,0.02150647220569683
kNN graph + force,46598,0.6993563467366025,0.06493268139023183
kNN graph + force,33796,0.5065114757986986,-0.3082251433757786
kNN graph + force,46132,0.6222289692545468,-0.1994510686099589
kNN graph + force,62701,-0.7346531935081047,-0.30047553036824237
kNN graph + force,58157,0.1566557109473527,-0.26325881378268934
kNN graph + force,28363,0.13749534714703482,0.13775506354077063
kNN graph + force,94713,0.5304832608777454,0.5382129414136466
kNN graph + force,10573,0.21834128779123374,0.4360458828503404
kNN graph + force,213,0.0518553831183074,0.6326568102702405
kNN graph + force,4514,0.017172016873407633,0.5240960316418771
kNN graph + force,6205,0.21197821538522488,0.37962183346872397
kNN graph + force,1953,0.3990607534576498,0.5887713434879324
kNN graph + force,10463,0.13108577644351344,0.8045264753826166
kNN graph + force,20541,0.7750202147291884,0.34446819542135576
kNN graph + force,16939,0.7184136906377256,0.38485274320765045
kNN graph + force,17184,0.7797864676166227,0.09011188072198567
kNN graph + force,84246,0.7953732188700138,0.28987021777523136
kNN graph + force,1197,0.018926611871644995,0.2784039390231563
kNN graph + force,1435,-0.04435321833884398,0.0372039449337649
kNN graph + force,3756,-0.2551856101552053,-0.4300356646251041
kNN graph + force,27997,-0.4336814554102641,0.12194993214537339
kNN graph + force,73664,0.35195137495272977,0.16762449561817916
kNN graph + force,71708,0.10971099505788881,0.4453325720254046
kNN graph + force,38254,-0.46181731324297526,-0.16963812988666885
kNN graph + force,1019,0.13251930043707702,0.4045856377937554
kNN graph + force,53243,-0.2865395679848956,0.23981962742602297
kNN graph + force,11456,0.21695908350898988,-0.13219957479697536
kNN graph + force,9439,0.24327086500767342,-0.48667751021968847
kNN graph + force,7247,-0.4176934172428713,-0.13105092940434407
kNN graph + force,13401,-0.03990553378193269,-0.10444229520885802
kNN graph + force,3747,0.6723165163927158,0.2105603350373896
kNN graph + force,13857,0.7977941094631747,0.33211927227986465
kNN graph + force,46663,0.7534819256363413,0.33371360711920817
kNN graph + force,49144,0.6333731302505567,0.3553714017644775
kNN graph + force,48476,0.5580710171693167,0.33386596108599503
kNN graph + force,31383,0.6838287302664209,-0.03250266178064075
kNN graph + force,31508,0.7488968449313016,-0.025906708329356855
kNN graph + force,1119,0.5247077058675265,0.1383929524712008
kNN graph + force,10146,0.768693559348898,-0.005198587408899126
kNN graph + force,7916,0.2951220829308709,-0.3922056595152174
kNN graph + force,11570,0.44567418143152404,0.13789814555940452
kNN graph + force,64152,0.3783268741042109,0.1425048260616511
kNN graph + force,686,-0.3005975293364201,0.03145039917464558
kNN graph + force,6382,-0.373916948423513,-0.00016223499428380764
kNN graph + force,60035,-0.31629047664067456,0.422899186743977
kNN graph + force,2167,-0.5671437448123655,-0.29608403005509
kNN graph + force,4518,-0.2601769881314862,0.24885582336561235
kNN graph + force,13052,-0.6230381977988904,0.08761419789372832
kNN graph + force,2783,-0.563928521093858,0.3675253631750372
kNN graph + force,31623,0.5291556032822734,0.2867366655796117
kNN graph + force,1834,0.27446430943865174,-0.4992487767565343
kNN graph + force,18453,-0.11443260271104899,0.16701826365465636
kNN graph + force,52002,0.3296222851417671,-0.5294229471627708
kNN graph + force,1483,0.004834161147200177,-0.3613587217220609
kNN graph + force,383,0.33843457518755876,0.20003965016527392
kNN graph + force,12201,0.05038402931409169,-0.13222803884048634
kNN graph + force,44174,-0.15514213371965352,-0.3393369413043752
kNN graph + force,3575,0.33598173900140244,-0.42691367493584703
kNN graph + force,48434,-0.19399858340183093,-0.2665434480076391
kNN graph + force,49912,0.33452506409402644,-0.4992949807170569
kNN graph + force,845,0.123500814885018,-0.19494970010258333
kNN graph + force,920,-0.16060905674112064,-0.310167924142328
kNN graph + force,58714,0.1794359667864536,-0.31644897495991303
kNN graph + force,6697,0.0854364271297653,-0.5617454089346039
kNN graph + force,9,0.3225087398045088,-0.5779927412507768
kNN graph + force,32356,0.4910475897896956,-0.4077251248473489
kNN graph + force,613,0.3943522612191654,0.07250048088089438
kNN graph + force,48903,-0.029099529783300663,0.1250549469107283
kNN graph + force,1833,-0.12224542370627417,-0.20411678961719343
kNN graph + force,21369,0.22563539123144852,-0.6212364829423296
kNN graph + force,1009,-0.19419054815898698,-0.3056826896621286
kNN graph + force,890,0.3112273646316638,-0.5273099440811508
kNN graph + force,616,0.20896756321320714,-0.46616828030840196
kNN graph + force,11043,-0.0776605193778686,-0.34603490981506513
kNN graph + force,57129,-0.6847410285004947,0.2284935198709411
PCA,32394,0.05387015739049969,-0.1925722052979351
PCA,2972,-0.19423344679688292,-0.078867959008771
PCA,16938,-0.36796962526818217,0.19933070746956627
PCA,45686,-0.2385357887901618,-0.00030773003305462857
PCA,310,-0.06188645314541319,0.269669266560807
PCA,2176,-0.46294559949479225,0.011578459875233297
PCA,38117,-0.50456810628157,0.28979915405083073
PCA,39459,-0.18026519023976953,0.1310874382274551
PCA,40816,-0.2133775227089572,0.4630816324638398
PCA,72821,-0.015602007668279868,0.5895066566549131
PCA,609,-0.2525845252298415,0.4313709958108391
PCA,2762,-0.18882758510622194,0.2717432603788273
PCA,52616,-0.32120273147437184,0.40060318320649574
PCA,46066,-0.00022629631924704394,0.2878031044088783
PCA,248,0.14968597606301054,0.3964036208141069
PCA,15294,0.23630002770435618,0.4896063354640828
PCA,48682,-0.039891423956135395,0.28063982878167537
PCA,7399,-0.033294475023270806,0.30288508933473635
PCA,42027,-0.20215285535686656,0.6077143603673554
PCA,3168,0.10012057784273605,0.401673544999739
PCA,2366,-0.04613559555341819,0.4698089629367109
PCA,49755,0.03391004108722275,0.4152393064433273
PCA,15452,-0.18740953472959299,0.37469391088279996
PCA,46797,-0.1781035142761435,0.5738743609250312
PCA,34761,0.0917145939463548,0.5850081704875931
PCA,765,0.033937220755740106,0.24671287477822937
PCA,3606,-0.013858949132505186,0.17915642269258025
PCA,3607,0.028419837602422462,0.13885405851126062
PCA,9685,0.05268558780396154,0.5152064718864003
PCA,7145,0.03827653293855601,0.48489474736234545
PCA,15727,0.19481693982510712,0.36415189000903203
PCA,34935,0.1439200593310984,0.48168539136615524
PCA,30945,-0.0663469986423514,-0.036793377723970594
PCA,1229,-0.133954456820328,0.18436848571142173
PCA,430,0.1835478011358153,0.36265316081885324
PCA,70465,0.6413596403532421,-0.08754012170788211
PCA,9241,0.2727932350049913,0.43444631883034357
PCA,64718,0.577446144904086,-0.10548422298874721
PCA,1088,0.298701403162978,-0.22194488439032486
PCA,642,0.3817225536255077,0.181143591969327
PCA,74915,0.24604545740394543,0.533834809719861
PCA,473,0.6225751839911813,0.24514803713287958
PCA,70090,0.3938516612103432,0.06134103318415695
PCA,103,0.48859835311998584,0.17270918112825454
PCA,992,0.5373869153942133,0.24837677720102525
PCA,45499,-0.42573068482798765,0.018781189500986173
PCA,50875,-0.18927927761244362,0.1669214859722597
PCA,748,-0.3113568154278712,0.2600616999265376
PCA,3729,-0.37091167710182593,0.4121830754438238
PCA,12426,-0.4102182244886918,0.316633049905804
PCA,68074,0.04470023008937614,0.21418920542218137
PCA,51249,-0.3983387442226498,0.17263078314811325
PCA,50256,-0.3247317090466217,0.40917071475698186
PCA,51411,-0.42336197745835535,0.3093953942551654
PCA,78578,-0.15329454718414845,0.17703558658934032
PCA,38133,-0.3844879893055264,0.34695216009660984
PCA,611,0.022380911121734397,-0.14747860545093947
PCA,53,0.0950381320382305,0.23454702983697084
PCA,55157,-0.2586170380525572,-0.14722502387041062
PCA,412,0.08001376081781317,-0.12266439802639133
PCA,176,-0.24166289616907718,-0.40088220772279654
PCA,934,0.42979648666782644,-0.09748910820619335
PCA,62762,0.38027829682819037,0.0099343794460719
PCA,565,-0.06715062790724491,-0.2212064585430632
PCA,2653,0.2056547557166607,-0.0725356689852304
PCA,523,0.20223721496255653,0.1935137319797777
PCA,13066,-0.2612241263013361,-0.3477121262214621
PCA,612,0.4475425887473471,-0.26182101550115267
PCA,56324,0.3722021804202607,0.2441951557036093
PCA,7955,-0.3400326183894036,0.1384776393387177
PCA,45968,-0.2120868146098987,-0.150594235172597
PCA,3907,0.11635814459106017,0.4383432848038621
PCA,55001,-0.3470725672792705,0.212389852805044
PCA,3258,0.07820489400196595,0.5446712310793657
PCA,52924,-0.14488565271114237,0.29045767975641196
PCA,62199,-0.11656947945296581,0.20110736337692975
PCA,12792,0.3081867252333429,0.02689829691644488
PCA,45292,0.475628961290181,0.06324572882281708
PCA,1460,-0.21256967172694302,-0.40181906076309515
PCA,92,-0.3585402992334159,-0.1540402640397209
PCA,9677,-0.1732831441533537,-0.4019205696373089
PCA,27040,-0.10522764220949651,-0.28179999454011695
PCA,22963,-0.3675587968513739,0.12486109393814064
PCA,51,-0.3685833251121232,-0.0303803514264233
PCA,15338,-0.41171744906390056,0.0064142381221815575
PCA,86,-0.367973161009097,-0.22824028521744397
PCA,267,0.05012484437122513,-0.3230253043552806
PCA,4758,-0.1769738702869996,0.010036405988307538
PCA,1871,-0.23083791348534322,-0.13184817410064933
PCA,54157,-0.3724423739655279,-0.3398394830127003
PCA,631,0.1018351967489295,0.03878126199972589
PCA,48100,0.469917157281064,-0.005348296302221261
PCA,12865,0.516313246761375,-0.08620460442051105
PCA,6538,0.3976396873170213,0.2912733703427016
PCA,49751,0.6645352968553027,-0.11861588280639444
PCA,1115,0.43541330342199003,0.1448971724513836
PCA,110661,0.49386512483063577,0.2188970462970344
PCA,10206,0.14246879174395669,0.27522938242279477
PCA,1005,0.061752380772618916,0.3519816012081804
PCA,698,-0.4927950266970417,-0.18058713730190798
PCA,218,-0.2509008283135384,0.21364429875204882
PCA,172,-0.5153032333007406,-0.14533265423625907
PCA,61519,-0.3111316889524247,-0.042106041666604546
PCA,67996,-0.27781210910015086,0.12829432543640856
PCA,6103,-0.2111466040679206,0.14736761970145984
PCA,1596,-0.5212202504640138,-0.051745105029525645
PCA,28182,-0.375279094896934,-0.28327833023740373
PCA,4094,-0.6468499683589041,0.07997076228598539
PCA,1036,-0.23719656747649612,-0.1959444270307946
PCA,68271,0.2459037138615157,-0.05085557635983206
PCA,3241,-0.5487403241159032,0.17548629230583646
PCA,709,-0.3682777903552181,-0.22131196930483696
PCA,45639,-0.04071933165716423,-0.012902129484228588
PCA,62021,-0.00723823759289646,-0.074814430675771
PCA,521,0.4557096466721263,0.1956426669408089
PCA,146,0.07998641661353531,-0.19933096135133047
PCA,50,-0.02494993496405643,-0.12401567264054411
PCA,30509,-0.2617397472136421,0.3694246589443092
PCA,59826,-0.48731983059081363,-0.1561474138843139
PCA,64029,-0.3187957728768178,0.02196580881872091
PCA,42254,-0.38663392375092936,-0.07704246548155905
PCA,18283,-0.16320457353716497,0.34001825795225177
PCA,45396,-0.022434858047381347,0.34358322643207195
PCA,31411,-0.12081747943273184,0.15746164100616777
PCA,1980,0.22841417459327085,0.201491417722249
PCA,101596,0.020583761837378863,-0.09655254136969028
PCA,11350,-0.21263538005827615,0.25594570702189096
PCA,34503,-0.4447080300487005,0.30196306894016667
PCA,3670,-0.49764201857400014,0.020429011973269316
PCA,18714,-0.284399533791263,0.14187708690393658
PCA,78740,0.13562067668732233,0.3371638990858443
PCA,83296,0.2567271985981725,-0.20704288465968962
PCA,9502,0.1857815461981642,0.16303562406167593
PCA,6759,-0.14472069346981173,0.28172952126758266
PCA,154,-0.11471481180588863,0.2585363908598051
PCA,16220,-0.006886774829035318,0.2440855354762018
PCA,19668,-0.1682163809980786,0.22215962745824772
PCA,8590,0.19705123068905264,0.39936589837886166
PCA,75489,-0.13015623798574114,0.5569990216987057
PCA,61264,-0.25517417965905326,0.32049472748331886
PCA,66856,0.2508350218380572,-0.15108649860649456
PCA,59292,0.02252839060628183,-0.08373905974841361
PCA,10131,-0.04143520004937533,0.023365660269044165
PCA,71596,-0.5654075597224965,-0.12079465619032746
PCA,1021,-0.40103343722798757,0.1418118653825704
PCA,60867,-0.14824613352545304,-0.15568966826803773
PCA,760,-0.22275169122140204,-0.1578586801929409
PCA,34973,-0.4359229846779838,-0.13116246397394868
PCA,90957,-0.2619275554828772,-0.21238191786368749
PCA,4295,-0.2211909816173413,-0.19134727842878105
PCA,59827,-0.27354595918252844,0.27361305284888027
PCA,973,-0.045213331552202765,0.08714928634923852
PCA,64948,0.250907940896486,0.3170621622301311
PCA,1031,0.46297573853273294,0.10185611787472812
PCA,28246,-0.0032435958656217086,0.22365086144404117
PCA,32743,0.05801421596304578,0.30223775783440543
PCA,48463,-0.14729876831509967,0.31570634488745214
PCA,15231,0.1160274473270269,0.239072185955711
PCA,96740,0.1110401617030047,0.07696630051073047
PCA,36416,0.0851240371556816,0.2790184360957643
PCA,13462,0.05962819318619469,0.4123087073894461
PCA,31397,-0.12342989511351207,0.34730916212234386
PCA,4433,0.033843888797637126,0.10374272465766746
PCA,72,-0.41452372301436746,-0.07780351164412301
PCA,55,-0.2053130931423554,0.2069961034099343
PCA,1276,-0.39074628328177535,0.3094904648613588
PCA,68905,-0.5696285075938424,-0.1256065438992549
PCA,208,-0.13847362469643898,0.13827150698949714
PCA,18802,-0.40819809835380305,-0.2168981522725095
PCA,417,-0.3264395430154987,0.038082860079172505
PCA,1196,-0.23549317051794605,0.12398052169309905
PCA,90174,-0.2788947384174977,-0.05017460532648238
PCA,684,0.10320762405954229,0.30994527422403484
PCA,25315,-0.19032297548745483,0.18711947129277076
PCA,31771,-0.0062600394000561855,-0.3579473111205315
PCA,18021,-0.31084672461638113,0.024487550508545827
PCA,30352,-0.27948884649931677,-0.015937062431152837
PCA,50370,-0.2903043786947975,0.07973667556237746
PCA,15210,-0.31949799525881595,-0.022640656652588992
PCA,17162,0.12332799088837132,-0.1589819844088017
PCA,31931,-0.0801056049362374,-0.15936354558171248
PCA,57587,-0.16163182306693205,-0.1606786684692858
PCA,4622,0.17826653404216794,-0.21758635765346496
PCA,68214,-0.056846337295020144,-0.04588589160895991
PCA,15286,-0.217832048948468,0.02186784281006092
PCA,38259,0.406422019556891,0.17619438411990376
PCA,18368,0.2770775901815131,0.44288834077546096
PCA,51705,0.05108848623738611,0.4032683119277156
PCA,562,-0.07604293394841294,0.1316120813312152
PCA,12446,-0.3332119222721845,-0.006259696190898033
PCA,6433,0.002105974407998635,-0.07361186098863191
PCA,704,-0.45869826113154927,0.3053353864658515
PCA,75805,-0.3122204433282632,0.5941656603460411
PCA,39681,-0.35733276050631085,0.4099841416112804
PCA,72158,-0.28829543883443803,0.32900325165902167
PCA,29157,-0.5066713656936883,0.2724804876248222
PCA,4322,-0.4623813998566908,-0.057996282873537836
PCA,14681,-0.5081226641886807,0.1182543921658964
PCA,76880,-0.5979585484025389,0.008279318675691845
PCA,84109,-0.2745591092062387,0.34793627088873363
PCA,43632,-0.2525849093632125,0.39133115069550317
PCA,37735,-0.41135845770165547,0.43125005151312845
PCA,4193,0.0377552198934254,0.27631076463152876
PCA,57384,-0.35817507264436893,0.46772581116082507
PCA,11444,-0.36241635444093556,0.44099014377096
PCA,63079,-0.47123027762022673,0.24618752239570313
PCA,306,-0.4670177168785695,-0.05417267575449977
PCA,6457,-0.43025340513018173,0.3982189408195565
PCA,804,-0.049017351994031615,0.47305064124028606
PCA,12520,0.24142291667236124,0.47319941344984046
PCA,84413,-0.359543326188833,0.24457106411236293
PCA,53015,-0.19857646062899978,-0.12065226233478717
PCA,14728,-0.23870302216412415,0.09100209959591068
PCA,55838,-0.36339517667776816,0.02379643254817821
PCA,91640,-0.19734553806154043,0.021684329450864116
PCA,56457,-0.08356432733257733,0.0989487177681279
PCA,25324,-0.40221156758286614,0.26761514689755583
PCA,1825,-0.4433719592492711,0.435389258488694
PCA,219,-0.5172393891247838,0.1805642756376051
PCA,81642,-0.2468485914420929,0.45350393938064243
PCA,52802,-0.3153470529164793,0.5335665525123783
PCA,30947,-0.0785610712906737,0.33672599609421955
PCA,65414,-0.38442003431327537,0.42133495187046477
PCA,30499,-0.3527549261651841,0.4833086374525992
PCA,43297,-0.07647061785097024,0.4319329890714572
PCA,170,-0.4896351648451051,-0.1519829653201133
PCA,215,-0.413603257039097,0.08537765988418805
PCA,31666,-0.10551090604298606,0.13617416355685238
PCA,701,-0.20853980994528035,0.37262099659164505
PCA,1251,-0.27486290809958785,0.27192941554995226
PCA,39358,-0.36167025687119403,0.4194824725088939
PCA,84951,-0.5164638530495259,0.1484236986227775
PCA,62318,-0.11946688611268261,0.12229624008522244
PCA,70052,-0.4759834322417904,0.4854679293947141
PCA,664,-0.4973573455693353,0.00639428925230323
PCA,64757,-0.4887481697959601,0.2838760920651369
PCA,11801,-0.4344368004588531,0.3402705580994471
PCA,54785,0.26698370459458987,0.3676722537055808
PCA,519,-0.05344657222049593,-0.07812381822449552
PCA,1444,0.002752501383987221,-0.38465686952394373
PCA,1018,-0.034266635833706906,0.31487157818094474
PCA,61856,0.06186100225333401,0.5323110761438236
PCA,39314,0.2225517933844416,0.348965068380618
PCA,88175,-0.33636662723101945,0.6015625177422955
PCA,70,-0.019799311428412555,0.50208536214636
PCA,29675,-0.05596733941665628,0.5398771076666885
PCA,15963,0.41299383470077916,0.33045844011012987
PCA,10464,0.0005527601415552345,0.38345467070280076
PCA,66826,0.015125119023486228,0.5468381577193354
PCA,705,-0.21650810780514163,0.5392446991231448
PCA,222,-0.21102970643946792,0.2983294834820151
PCA,26358,-0.0948259941169244,0.6319201032235293
PCA,1801,-0.17706890916664378,0.5118159574607312
PCA,42260,-0.06777423552065699,0.4115380904852364
PCA,93,0.10247038668580742,0.5531528008135974
PCA,21548,-0.3026124423321411,0.5349677803633293
PCA,5749,-0.22666900280279642,0.3344188979100683
PCA,249,0.3685276397198643,0.4592366077672356
PCA,707,-0.1636215057711119,-0.13525590442471777
PCA,56077,-0.04903544723158709,-0.19383020356804154
PCA,51488,-0.2396812015895484,-0.17903641458108394
PCA,427,-0.4321941275022231,-0.21618273308597047
PCA,4,-0.1251187347110451,-0.20824753035486976
PCA,75668,-0.2506659959345149,-0.20329943809383938
PCA,12258,-0.200854279783741,-0.292824871939662
PCA,68404,0.25576430608079825,-0.08519825805170377
PCA,34893,-0.3082771054555963,0.17838646958316073
PCA,3750,-0.27702825485378924,0.04493622755271009
PCA,12770,-0.3840001201899797,-0.15062630605199764
PCA,12762,-0.024942306205826055,-0.28348550522670757
PCA,28201,-0.2502648243167938,-0.1129556716136002
PCA,83889,-0.2304888631371848,-0.1562883172524936
PCA,955,-0.24142385607026493,-0.003123034068851496
PCA,9394,-0.1936556620083623,0.18450688230375262
PCA,33519,0.30481952355227243,0.4216956716806905
PCA,253,-0.08274497202815363,0.004828478010302591
PCA,62615,-0.21341826110884513,0.5819520921903709
PCA,1826,0.32477724731858837,0.5351215486005187
PCA,221,0.0729199539522521,0.23582979306555754
PCA,55805,-0.2716644666859211,-0.11358512025969596
PCA,17666,0.30143438941499157,0.5381498878773502
PCA,71272,0.11671509999062797,0.2759688681098026
PCA,54885,0.07391755307966676,0.38059117506912743
PCA,57038,0.13289043815097762,0.30183521570635585
PCA,4573,0.5838174296908901,0.30389210719542276
PCA,62707,-0.19564940811955037,0.40536617951122184
PCA,606,0.03926526301165111,0.33192076869762766
PCA,31226,-0.020522233758381872,0.14984058013019913
PCA,17786,0.08200929366659994,0.41381499934289856
PCA,43040,0.38860160233212754,0.29114345930487445
PCA,2938,0.157658981989362,0.11300390466568772
PCA,40200,0.08662106309959415,0.03629591592373506
PCA,64947,-0.21188595829212822,0.4074903428258907
PCA,12317,0.28735327136392014,-0.07956112605176513
PCA,590,0.46764711012284693,0.28321519865596456
PCA,31825,-0.1753998443160631,0.2944322273775087
PCA,4421,-0.2378171397312193,0.29120068753844625
PCA,56023,-0.3491864769922173,-0.22738824596911994
PCA,31172,-0.18541740908597626,-0.05484499862439195
PCA,96,0.211574362190425,-0.27613113878802104
PCA,91209,-0.17058689773486482,-0.21100558131789912
PCA,49504,0.33951509757913406,-0.1771776077814934
PCA,11416,-0.42150964252186185,0.09745224361487513
PCA,22537,-0.4121033579636991,-0.1635729791032192
PCA,79167,-0.3844686052950177,-0.04276245869460901
PCA,71512,-0.3860291647720142,0.11608062544314794
PCA,10296,0.115979563443131,0.33337932313205193
PCA,4056,-0.05501102784060215,-0.021614126077259235
PCA,917,-0.04531365094603341,0.09067019995313358
PCA,67702,-0.11757477161152859,0.059087309653068854
PCA,97605,0.2449521133558148,0.1777504657552732
PCA,103425,-0.12529494524009133,-0.027971274745616916
PCA,49223,-0.13582798061169282,-0.018719075862656778
PCA,73900,-0.035155962803955706,-0.3685739365807472
PCA,37470,-0.054138882903794636,-0.44576498940324877
PCA,16602,-0.21860457379217924,-0.4030839945907061
PCA,9797,0.11808328041764996,-0.5851655047078469
PCA,19,0.5369411360204251,-0.21367886549659476
PCA,15512,0.37365222854351654,-0.14383594544714037
PCA,484,0.28493184801702676,-0.32948013176610513
PCA,4608,0.4209875189178045,-0.11418984002330196
PCA,1404,0.37285760934246603,-0.25266037159176713
PCA,271,0.024151923201731193,-0.3391559546807752
PCA,897,0.5104402145640268,-0.09922580463241841
PCA,57255,0.2681637244969999,0.3237406032096605
PCA,23317,-0.19580184721982902,-0.10470611795694727
PCA,25753,-0.45874612615916205,0.10817359061148048
PCA,17565,-0.5025857956355408,0.2932054713071566
PCA,88707,-0.38688431121046546,0.16870218997021041
PCA,17387,-0.3953989000051511,-0.19430292553527895
PCA,308,-0.42669244561539627,0.2669097562552729
PCA,69869,-0.585191382338239,0.02113790824022107
PCA,18043,-0.48163786333064135,0.019078943239480423
PCA,15451,-0.09837298138731504,0.09726134740645093
PCA,7322,-0.21094974286361656,0.11718143343464915
PCA,485,0.30732088768898114,-0.3559893782441229
PCA,8442,0.4820088749703598,-0.2979339860493937
PCA,147,-0.10990953651595911,-0.3652593638535709
PCA,18,0.2963530146666302,-0.4200640321568083
PCA,238,-0.18231310723376135,-0.25713257048140403
PCA,413,-0.1341034387550358,-0.25233892976501404
PCA,728,0.269287972868255,-0.32551429405567145
PCA,1687,0.2863141535782815,-0.23067481802754553
PCA,372,0.057290635935712604,-0.5744391092280353
PCA,3016,0.1163508323269211,-0.6112026295910877
PCA,1215,0.13290150392233546,-0.5649294383518043
PCA,13064,-0.04065742143096037,-0.525770575975672
PCA,38543,0.12501626049617198,-0.38793221023648433
PCA,502,-0.17283639787166033,-0.530381142703867
PCA,1499,0.1016143927111443,-0.29669151089091805
PCA,17076,0.17793792348750326,-0.5710547522080326
PCA,64105,0.38366013085223044,-0.2577555895255197
PCA,128,0.4674968977304029,-0.30570866530396473
PCA,44034,0.20750312208730726,-0.3386975184858087
PCA,3128,-0.38420346859646987,0.030201287526845345
PCA,43572,-0.48158697205824025,0.22776831262514277
PCA,25980,-0.41168862929409644,-0.10268125321620183
PCA,11538,-0.17998696345669335,-0.017777968661715993
PCA,10664,0.17268382724281128,-0.07430875286885849
PCA,80039,-0.17518052198364428,-0.23924130541201635
PCA,632,0.011282612999078581,-0.5064075879984061
PCA,1733,-0.21086857435958664,-0.5545721479834643
PCA,8069,-0.22505764860035002,-0.4949989611006307
PCA,988,-0.16960428599200453,-0.5573246935975391
PCA,184,0.04341569552728132,-0.6002848287772025
PCA,242,-0.166357145662497,-0.4223960388017998
PCA,720,-0.17468474246146606,-0.5732407467837545
PCA,23280,-0.2589634067069011,-0.5284093422271566
PCA,669,0.025700952210543093,-0.09040115758155481
PCA,81,-0.2908855847641921,-0.5522515596255555
PCA,536,-0.1525357234737493,-0.6177787970160907
PCA,257,-0.027935318128494206,-0.418602675033666
PCA,78,0.1972753700619947,-0.38237080792227
PCA,1000,-0.30913849346231653,-0.382834930112324
PCA,15924,-0.20275638399728343,-0.4454502620403028
PCA,66,-0.38400875235539916,-0.508196973480363
PCA,8441,-0.037015005562749254,-0.43103771765656407
PCA,520,-0.27822714286344674,-0.3089298716797666
PCA,18767,-0.24921912984782585,-0.5449893106289201
PCA,141,-0.4153484247914568,-0.5171840667794986
PCA,826,-0.17539025668245428,-0.5975949836158165
PCA,825,0.07409982944327047,-0.49611909471967336
PCA,2378,-0.21595148873535785,-0.4669223966897055
PCA,508,-0.31646443456898815,-0.5287082832348027
PCA,6686,-0.14406625638304213,-0.4117127965238926
PCA,6529,0.0640469968168981,-0.6105345112775172
PCA,1109,-0.11426092291272073,-0.38183590766937153
PCA,17189,-0.11280528949946869,-0.6746332684054774
PCA,66359,-0.18412321449598829,-0.41572266730527646
PCA,145,0.4516672205853094,-0.206482903879805
PCA,29442,0.22699603047639388,-0.3844877529826344
PCA,156,0.14234211431075372,-0.4247128173120186
PCA,729,0.23249958685800468,0.07844534085384244
PCA,6086,-0.16634886643646846,-0.24633934220787754
PCA,51694,-0.4570569833098237,-0.024103724516215574
PCA,11721,-0.27245757315539904,-0.2574803212295115
PCA,818,-0.4388895798650944,-0.03885194463163421
PCA,65560,-0.3906255078980058,-0.17431471707821364
PCA,1835,-0.2746372208812366,-0.2774228734779634
PCA,10858,-0.384866920121507,-0.43303350653411693
PCA,48002,-0.4222999424355771,-0.12223895140523391
PCA,15134,0.3046907147436982,-0.15972743008409687
PCA,6493,-0.2603251093734251,-0.36435929813035506
PCA,47459,-0.2477865619537177,-0.46403600695328
PCA,1701,0.0006153283991476606,-0.5661872937275099
PCA,8019,-0.5121763137830421,-0.2926507661498788
PCA,10190,-0.34176192450470627,-0.47644373621572245
PCA,51589,-0.30350855818114997,-0.5404379381271317
PCA,685,-0.2275903139082764,-0.31709939433572387
PCA,43324,-0.4951424455736264,0.0007755209917416726
PCA,35,0.15187449122313912,0.02710657762976165
PCA,67527,-0.5515989468382435,0.0400521658213313
PCA,3782,-0.3320741747826461,-0.21894943209195533
PCA,39070,-0.34186253411066114,-0.330970902296912
PCA,5609,-0.23207337378527942,-0.5904635524808949
PCA,66098,-0.416164328585316,-0.24399867315424872
PCA,498,-0.06611711192814394,-0.543168549221925
PCA,275,0.4424767991435945,-0.1621911925951403
PCA,12345,0.3492030538636659,-0.12569077699967793
PCA,11,0.2555509343522992,-0.16549800143982982
PCA,687,-0.18852853548652854,-0.6258916268049408
PCA,2068,0.1934180115267677,-0.10726252683245709
PCA,88,-0.19302362962755026,-0.42401682056263285
PCA,4941,0.07516041471212925,-0.48026984325981303
PCA,547,0.2442320216097862,-0.3243436918341017
PCA,50748,-0.20805727206036867,-0.4507428164719882
PCA,31233,-0.032007311711211094,0.0203384088509316
PCA,17511,-0.4150988181242902,-0.08683535340927126
PCA,1795,0.3035525620058067,0.09432511083754153
PCA,12424,0.1953714894185505,-0.09741086842143547
PCA,12767,-0.008345258486696868,-0.03676626125949274
PCA,31040,0.11064577787201137,-0.03193964333104803
PCA,20,0.07839041272705714,-0.04825642568665875
PCA,990,0.0241033675352432,-0.028532343402203193
PCA,72365,-0.08554138709692048,-0.32036267575480704
PCA,39738,-0.13670192307231854,0.23571249091499544
PCA,22839,0.18313872967971728,-0.1424303978020755
PCA,12425,-0.1919410297228228,-0.015240414237050191
PCA,57035,0.035429225816160335,0.5252400332968743
PCA,8315,0.19691470770237965,-0.06509847873888207
PCA,1335,-0.03967197546961548,-0.2582345639939491
PCA,52197,0.10322815390938707,0.28845927308636726
PCA,13195,0.28932139613374597,-0.2269545265100042
PCA,14187,0.1848690272570506,-0.4380543611074076
PCA,1427,0.3313197139234858,-0.2523696998061197
PCA,69386,0.176588982311073,-0.0942485243764337
PCA,45668,-0.2437807800136127,0.13776161755347402
PCA,395,-0.01153482471224922,-0.0067379500353510835
PCA,88636,-0.19468799755486538,0.026808501440731426
PCA,38260,0.22869211804922296,0.023605087170988446
PCA,3142,0.35904166234628665,-0.0647658558123982
PCA,209,-0.11518896044711448,-0.3590867979187594
PCA,14319,-0.10760341070641792,-0.022279904385970887
PCA,46885,-0.12527917366271443,-0.09199796474851793
PCA,53441,-0.1639757408346834,-0.10311130623328751
PCA,20542,-0.2434538633242565,-0.48379621040771137
PCA,60891,-0.41889690232172894,-0.3486261632387628
PCA,78574,-0.07077719353219225,-0.42225365994074987
PCA,48681,-0.1159980011487074,-0.09848003213699023
PCA,6386,-0.10042984058661436,0.004028349610183628
PCA,2797,-0.12397794745110312,-0.33664081153325626
PCA,2432,-0.1811865744701756,-0.1794137557292723
PCA,33500,-0.3560046867662361,-0.06866734323581995
PCA,34810,-0.1291843000047496,-0.11054950810298295
PCA,6437,0.25413870088464036,-0.2769680122691609
PCA,103256,-0.442175281343578,-0.030292870216814375
PCA,1107,-0.20527457801754417,-0.37283614995199643
PCA,69001,-0.3386484156130999,0.1530803555267873
PCA,12321,-0.10988783403825682,0.07319451071913732
PCA,28711,-0.011659857072584908,-0.19214140532197066
PCA,327,0.02976635419342057,-0.3126845558274895
PCA,9370,-0.309584390858937,-0.3156450337592664
PCA,1106,-0.2963209300433384,-0.16143680942129263
PCA,94,-0.1659289828132853,-0.3955039509405163
PCA,780,-0.20689839070359936,-0.012734900367386651
PCA,15555,-0.1811992008592023,-0.16661134788852608
PCA,12310,-0.2634650245502534,-0.17594771737612563
PCA,49331,-0.2655162623430286,0.11768257524537769
PCA,4521,-0.22252969542686696,-0.10496765889331554
PCA,45977,-0.2435944269933036,0.24646161265875238
PCA,142,-0.2315057688269193,-0.14615719703575666
PCA,1771,-0.07920781302008015,0.2813421655606096
PCA,4771,-0.05589489821416913,-0.14881615095938416
PCA,43871,-0.1605844294289627,-0.49446522635935397
PCA,205,0.044529556936719575,-0.11569363451146318
PCA,33,-0.052029385359720605,-0.5054482135361471
PCA,1148,-0.2588142452060099,-0.4067636291103367
PCA,42580,-0.22680669207958956,-0.4798816795148786
PCA,601,-0.09736043962108051,-0.4044863963949916
PCA,6461,-0.1994476926110247,-0.6569759820543486
PCA,52359,-0.32052987530782234,-0.5237281440091516
PCA,18702,-0.017127031048983624,-0.4685196109326745
PCA,58562,0.20935402970222847,-0.3178885036664837
PCA,6166,-0.2714645324529552,-0.20664742780265544
PCA,13041,0.25431914260736344,-0.14082256841518567
PCA,29083,-0.02326365358659257,-0.37382799272931055
PCA,5512,0.05923818293634301,-0.3067598634299487
PCA,14214,0.022166991457135497,-0.4265531619724533
PCA,60105,-0.2178191504344735,-0.09836185357653102
PCA,456,-0.43604002097605044,0.0664174752055645
PCA,45838,-0.27103038314617944,0.11583800936471259
PCA,6459,-0.31265569337257554,-0.1267461869164034
PCA,14982,-0.575395987800501,0.17230854408081817
PCA,50384,-0.524534777037305,0.21180441195362354
PCA,600,-0.525752995854162,-0.1142061757018993
PCA,975,-0.5590801493987054,0.16014308755023826
PCA,4410,-0.42222581491733047,-0.05622191355664446
PCA,802,-0.6410152387575542,-0.021887426258724627
PCA,819,-0.4848219792371045,0.0938247767908735
PCA,93628,-0.5903122021826896,0.2694957328894018
PCA,15335,-0.564552781805852,-0.031217302620120003
PCA,768,-0.3297515862260569,0.02544773787820925
PCA,79846,-0.3431051523223514,0.3119925060728244
PCA,31661,-0.5342835769079081,-0.18585211437806617
PCA,39970,-0.6514950695180792,0.010586931835287021
PCA,35973,-0.07314783922242905,-0.025992033926136075
PCA,56741,-0.5779128973037749,0.0858944986364802
PCA,99254,-0.660648171088192,0.14207234249230466
PCA,69117,-0.4620948371608104,-0.15646855206352864
PCA,76824,-0.5740075840757441,0.2820072860208438
PCA,67004,0.32790231561633626,-0.13928714576607254
PCA,105520,-0.06334683065511575,-0.13733542871019988
PCA,74962,-0.43363641320522245,0.07714898683142203
PCA,73990,-0.35660413567302957,-0.3673379246624016
PCA,121870,-0.36055118085060106,-0.140000301394737
PCA,49098,-0.07577526911754816,-0.3102624889459601
PCA,105331,0.08773638307825725,-0.04129846708528665
PCA,90733,-0.34674910879886034,-0.10352971355077008
PCA,82595,-0.4103214319832675,0.06449342742579182
PCA,70189,-0.48761468020216336,-0.046665027699876335
PCA,33514,-0.15638767488274458,0.43038079452118183
PCA,6463,-0.4643861063030518,0.2194087652371206
PCA,13710,-0.5345780539268187,-0.17498625467262782
PCA,94979,-0.5027180385564665,0.09565943212145224
PCA,14845,-0.24541117531445727,-0.08976614727208188
PCA,55766,-0.2908908002959674,-0.045708929111325645
PCA,7993,-0.46234951220348186,0.23823968561303208
PCA,43476,-0.5175391370666846,-0.012938646381119401
PCA,95752,-0.14117125265889252,-0.10298176517278258
PCA,67578,-0.3675265956111674,-0.15824680276504396
PCA,667,-0.36086264254865974,-0.04574831005313572
PCA,4566,-0.23234998402096052,-0.07763506402391554
PCA,58912,-0.3735558721821122,-0.2501001697904805
PCA,5576,-0.1752939978311603,-0.2934533912990989
PCA,1138,-0.2961194256852711,0.31256718404762934
PCA,1014,0.07138652790863431,0.027462938516439193
PCA,67502,0.24029412843680806,0.09552586097284586
PCA,18490,-0.14215965415093357,0.40666769014694637
PCA,13442,-0.2710309906734093,0.23813014389020634
PCA,49270,0.11812285368590633,0.2585665367998729
PCA,210,-0.42955111671268076,-0.6138113409706946
PCA,214,-0.035243520609153284,-0.3025434728945846
PCA,9045,-0.3364183225506293,-0.33104870262027225
PCA,1361,-0.2524223457913902,-0.33938297754408403
PCA,62036,-0.2118518280854622,-0.3053333946384281
PCA,44894,-0.20070153235476676,-0.35847864774799665
PCA,236,0.09826496980159845,-0.37655326205610756
PCA,3,-0.37992867128875235,-0.27404387094311233
PCA,813,-0.25604337032761304,-0.5700995627809095
PCA,244,-0.302328373451572,-0.3974947898125651
PCA,43718,-0.12090274847522145,-0.4255919202005009
PCA,27571,-0.19957633293342597,-0.7136117820848944
PCA,68578,-0.394909880939804,-0.4356672821097841
PCA,46145,0.15909847833999172,-0.3438556804425385
PCA,6341,-0.24892593067056917,-0.6671439904116042
PCA,296,-0.1308128033361364,-0.5784671337769483
PCA,12878,-0.0007682528958491035,-0.40942877932289456
PCA,24785,-0.41441690656909086,-0.13586574699347587
PCA,808,-0.12080620772247362,-0.502108710894844
PCA,8840,-0.09458247325469168,-0.42191108829236396
PCA,869,-0.1605805712885441,-0.515515675820514
PCA,27,-0.07782541973808434,-0.3823516298141539
PCA,30815,0.006399629245811044,-0.2591218767118437
PCA,6458,0.3243885698507115,-0.08475267354969168
PCA,40069,0.04315195352421817,-0.1677511218549064
PCA,152,0.022296071057836632,-0.3576779236239944
PCA,993,0.3849659067998186,-0.06714400766018964
PCA,78656,-0.127199973155062,0.43064956291622614
PCA,26127,0.07062065576941157,-0.14015967284211917
PCA,1024,-0.016412269836042482,-0.026558759149622312
PCA,1574,0.16238476444425903,-0.25382355051322053
PCA,1360,-0.1402787148195804,-0.07921326464529257
PCA,10856,0.0007099222581667249,-0.18796122456623268
PCA,3956,0.3586897402979891,0.25600145387275725
PCA,26372,0.12019172953437245,0.13738980446476368
PCA,3678,0.3796872958140769,0.14314119984318632
PCA,171,-0.49557720667641064,-0.2511676889177745
PCA,15261,-0.2606742222908709,0.04564667961288786
PCA,91688,-0.40220615702688584,-0.15974338029743354
PCA,18180,-0.008983183164438526,0.014224415017501043
PCA,6805,-0.11478445347765705,-0.13488332293145106
PCA,37889,0.04083003091934975,-0.012001712680231669
PCA,22964,0.05163562450847234,-0.30359048469143507
PCA,30549,-0.48422193475980074,-0.03151494941671298
PCA,40031,0.3312367247564432,0.0671666855084204
PCA,51037,0.5237784295056779,0.01668135865122068
PCA,75064,0.08938105368443719,0.470856783819879
PCA,56294,0.14132851167118318,0.44243971286144035
PCA,42936,-0.009832761696290476,0.2229592236040271
PCA,122212,0.05147417566966843,0.276746701061408
PCA,1742,0.43866721415844806,-0.2840038763044385
PCA,70985,0.24555490575266578,-0.10707778916574222
PCA,59021,0.29910532590141947,-0.3707873044329671
PCA,27996,-0.0038730843289718066,0.053864430269135025
PCA,47255,-0.23265398356964961,-0.24657636967409624
PCA,50757,0.6014708721828443,0.012401154378951151
PCA,507,0.6296023552378419,-0.042353634930646505
PCA,29727,0.6552825454106571,0.205116222663257
PCA,25529,0.3363560626799644,-0.2480847652032672
PCA,637,0.502139225127024,0.021526103795484742
PCA,2069,0.7538729790567266,0.06433468269781556
PCA,70424,0.5945417897570758,-0.22574922615196552
PCA,829,0.7099862106357655,0.1408735369288044
PCA,258,0.6905423773480314,-0.15971158982653477
PCA,231,0.7256828120856856,-0.1655079611245866
PCA,53400,0.6014882057043655,0.07561390802559517
PCA,68753,0.37049842328368854,-0.09485123805611087
PCA,65147,0.34814686695616315,0.09109277865415127
PCA,570,0.6168153440456137,-0.0816463021658315
PCA,67997,0.706409053930855,0.2348246534644947
PCA,15754,0.5408009015328428,-0.14498858816951277
PCA,59064,0.6815629495274403,0.08020776077897145
PCA,78288,-0.33664342798286445,0.4872339067629614
PCA,91499,-0.3987433601611194,0.20773940811469477
PCA,410,0.5076856582229398,-0.42273136372071457
PCA,276,0.4033058755347447,-0.43033396629163534
PCA,2318,0.518522634391322,-0.3964364416780377
PCA,83,0.48993871020562396,-0.4200336430679617
PCA,84094,0.23371253955160382,-0.3040497121023419
PCA,67370,0.40039743504282604,-0.360718985619076
PCA,472,0.33311732013916934,-0.3594128345211595
PCA,12192,0.306557799073394,-0.42894417560793713
PCA,1068,0.6771416898916099,-0.09903783753284821
PCA,899,-0.01400412694853768,-0.06672941629537146
PCA,2060,0.32950618054540043,-0.3951415293113934
PCA,788,0.5369213845724511,-0.25368194607756145
PCA,153,0.5043982652298428,-0.1397605475715479
PCA,70839,0.22193393793170973,-0.12924682897602546
PCA,3256,0.541171451635039,-0.36496924841690326
PCA,30567,0.32681120256522983,-0.28582318367569987
PCA,17256,0.2732398011005802,-0.46302182047278234
PCA,81423,0.34132224692593255,-0.35663102175551437
PCA,72439,0.6036690363469341,-0.158843236008162
PCA,29818,0.34285260796053146,-0.45494460347657933
PCA,92647,0.4093113234126215,-0.3653779654963041
PCA,373,0.3639616733027402,-0.4324173602430524
PCA,46296,0.6256239288140549,-0.110396594367193
PCA,15336,0.5005613447709653,-0.13299686971878338
PCA,53806,-0.3496305475059405,-0.0676483031536916
PCA,17140,-0.3400326183894036,0.1384776393387177
PCA,89234,-0.2957300041128899,0.3959613156982851
PCA,7350,0.5018736316475298,0.1729952211110228
PCA,6063,-0.3284274164732181,-0.11858706687022304
PCA,6311,0.21578541185946445,-0.4796832315147761
PCA,53804,-0.21948410793881523,-0.5484946192649414
PCA,84035,-0.40382983660924415,-0.27589312424397966
PCA,857,0.515075797990286,-0.3657745926731702
PCA,67916,0.4530820398727383,-0.2063763699485911
PCA,66042,0.5561963598302423,-0.11634962455269197
PCA,31861,0.6258534641082069,0.060803934825346184
PCA,43402,0.510101882070805,0.0842735059201744
PCA,5002,0.3003190857336775,0.3671310280922683
PCA,31445,0.3837438543888396,-0.1126067135642004
PCA,3785,0.577977081774779,0.014653658953165147
PCA,107084,0.4131893229056421,0.05351561384385779
PCA,48965,0.035043139963446254,0.2910068278468439
PCA,13549,0.3958206681565031,-0.08470231552383156
PCA,7792,0.5912701648919781,0.24289797728242338
PCA,4441,0.5631171485479084,0.3118662969213115
PCA,46890,-0.07613321488248591,-0.21291406567165505
PCA,11784,0.09508954404726593,0.040604215303966754
PCA,89050,-0.01644348819027624,-0.36217932103981604
PCA,68326,-0.06974574094792223,0.12779148930498724
PCA,1605,-0.09321238851135981,-0.01752620407605749
PCA,78611,0.4553544657094333,-0.28264648552507543
PCA,46165,-0.083670922009764,-0.3385919450618402
PCA,11502,-0.08263611057350372,-0.42152938620469815
PCA,43531,0.4204519965952926,-0.3220510185353658
PCA,60,0.3588660266097673,-0.38688172170681157
PCA,6314,0.4097531227040492,-0.3313977836066695
PCA,30928,0.23787194304061385,-0.35140289796141916
PCA,72040,0.009280722479053037,-0.1199682723654442
PCA,17322,0.45584518628585924,-0.1717751204602349
PCA,12311,0.4559355084682172,-0.09768054796004533
PCA,889,0.4187653833971247,-0.4066919314696964
PCA,59597,0.36741621506373534,-0.035234144306917174
PCA,43037,-0.15980083101078812,0.4549333341402184
PCA,69010,0.27691454441592056,0.20517196694602777
PCA,69708,0.20593507370556882,-0.29046257172855205
PCA,17774,-0.4637558435489939,0.18134779552554658
PCA,30551,-0.310793826632493,0.11297339315068175
PCA,2550,0.00948836169081766,-0.1529234306817119
PCA,3166,0.0365248971484183,0.20382631489278003
PCA,95863,0.3592187866582998,0.1639425482884894
PCA,10559,0.26872802839230453,0.19852483701558318
PCA,7344,0.43948682904243613,0.025585221844922318
PCA,228,0.3718880617696673,0.015536155215400345
PCA,28499,0.18751040272163794,0.21505791617437292
PCA,331,0.5432677700399223,-0.0490502746114455
PCA,59532,0.5638641651125627,-0.13663491560842883
PCA,42747,0.35879248711187617,0.10326493582942492
PCA,90451,0.3667271734590184,-0.01273285792877844
PCA,66266,0.2775020515352462,0.0005599730341733064
PCA,75421,0.08271382810945943,0.12406687192157395
PCA,25382,-0.15381350313321204,0.10388174296068022
PCA,27322,0.29682877010791614,-0.12204092720908088
PCA,735,0.13024905697794273,0.10367012247223426
PCA,53471,0.17784704345002406,-0.228210318859259
PCA,66120,-0.2957183177595149,-0.07002440119710487
PCA,90433,0.23257461347089045,-0.022987936795445998
PCA,6334,-0.3055884875387487,-0.38718282149613326
PCA,18222,-0.22516652119097694,0.2229857263549064
PCA,1198,0.30123147611358325,-0.20444303617552478
PCA,1063,0.013583585107976555,0.0666631224005722
PCA,62616,0.301841881144751,-0.14241970684903846
PCA,37753,0.28794267759360326,-0.26804467167992263
PCA,27711,0.19275290827534192,0.040962315128803
PCA,60665,-0.2652054285808373,-0.21572629486196104
PCA,52483,-0.083384136786158,-0.24498302388550386
PCA,62617,0.08092826720158822,0.1836642380417737
PCA,35226,-0.34038377837186556,0.04832774804599322
PCA,125485,0.4626629483427168,-0.1934205173834
PCA,68998,0.33417541127807504,0.25124598230096706
PCA,79171,0.35585711467149306,-0.11625341287017218
PCA,36247,-0.002233131905584952,0.48186836556352175
PCA,105519,-0.32018007333590354,0.22657965942642347
PCA,4491,0.019894774561796703,0.08053655103243401
PCA,24922,0.14331851481122,-0.1727795959426628
PCA,30529,-0.1917614998230312,0.1647184424100088
PCA,62775,-0.2879086404617599,-0.05664205754068554
PCA,30721,-0.42070359238726956,0.4369795059754219
PCA,91883,-0.404497915132578,0.5227748464493404
PCA,45706,0.07660813706538586,-0.08046582058310113
PCA,25977,-0.3306571114705842,-0.08101707287178189
PCA,16067,-0.15908297851653092,0.4234341652627374
PCA,93818,-0.1323540424060121,0.5659862760800918
PCA,17145,-0.34575638241181994,-0.043918142742948786
PCA,16657,0.3165897588304258,0.11602969249657138
PCA,83483,-0.18935055899787304,0.36289871547300134
PCA,45258,-0.2844110813757566,0.34286233143026673
PCA,88083,-0.34737543539980686,0.4116178417229367
PCA,46038,-0.04412256128897374,0.47919652268763097
PCA,64788,-0.45274364447297966,0.01366459352581894
PCA,68415,0.475538083023593,0.4515093066169996
PCA,5242,-0.0916360295565991,0.27080561205538206
PCA,51704,0.2387061651329145,0.2778414761706188
PCA,23711,0.33112973858451145,0.3067232083205642
PCA,15948,-0.050384106421429216,0.4584795154401479
PCA,68283,0.0211379756542151,0.3274846951559045
PCA,44128,-0.37809029879309847,-0.0874952975919098
PCA,64805,0.01705570907790821,-0.35321988402860216
PCA,72556,-0.13057467946390255,-0.2314833944251001
PCA,35234,0.31126029211823375,-0.17998845980917216
PCA,64338,0.5532717991869143,0.25668577815962695
PCA,15211,0.14809098400216697,-0.03223431494674575
PCA,31872,0.330335120099547,0.04393256818830838
PCA,62101,0.2525954761587432,-0.25826448794999685
PCA,16445,0.3450096325803518,0.06888788650677834
PCA,77,0.5916692721711602,0.018797195355054728
PCA,26845,0.2740042228698043,-0.04662653795603442
PCA,5581,-0.0025366518889660436,0.298633719851564
PCA,74121,0.3433573322158185,0.30198121736300787
PCA,96817,0.33219234195563574,-0.06372201174602092
PCA,14838,0.019560964763586933,-0.16367175641030826
PCA,16546,0.30937543865232686,0.04210484632988513
PCA,25780,0.08165759648287753,0.07024441817597848
PCA,31909,0.40984577129322025,0.2787870013522861
PCA,2056,0.42706926869227135,0.2638196844376964
PCA,6472,0.22395034212759343,0.31719746308592756
PCA,96246,0.2130901420834988,0.5222109923126537
PCA,15295,-0.0848330587478281,0.5282747663980869
PCA,1998,0.3034202745793829,0.22839357597875998
PCA,34730,0.12500877479635852,0.21130248650375164
PCA,15967,0.014972835750199176,0.31725461290797624
PCA,75182,0.26171333187576196,0.4965198755410326
PCA,55166,0.17206428389792328,-0.005940110433314025
PCA,69923,0.1372818917368532,0.3548103716325623
PCA,79942,-0.054849687699369154,0.3430348786200074
PCA,31827,-0.12902825837385845,0.2587585149071293
PCA,17150,0.37910403273928944,0.2563115840373039
PCA,375,0.06481798867628621,-0.3544639132991338
PCA,101438,0.47075124081875463,-0.08044896307131674
PCA,14225,0.4429788138902139,0.1523278337335276
PCA,5521,0.6246822507694896,0.283399895787951
PCA,14669,0.4396310246562378,0.03696886115047476
PCA,614,0.7308947520305256,0.07767273143708597
PCA,46513,0.06283844203933565,0.4554602531053619
PCA,71761,0.23154743324157034,0.2490053577727941
PCA,371,0.42827146981618486,0.12726822666465226
PCA,69,0.6922758913052571,0.022657397119663882
PCA,81508,0.6846718942034785,0.13739929571014817
PCA,307,0.6917243012406017,0.06684604724277556
PCA,38686,0.613147135128889,0.091566458626469
PCA,71888,0.30869291746027744,0.11383065944910391
PCA,390,0.5515424130274572,0.02064396028320996
PCA,45343,0.459695856814408,0.10658945693776042
PCA,113,0.4430110027461112,0.3337819255537028
PCA,3508,0.6486610422097367,-0.15343981380440957
PCA,48138,0.6295304533772921,0.14222512468707801
PCA,41698,0.6267562066505438,-0.13244629548623796
PCA,88995,-0.21617025104028706,0.3831309823331995
PCA,89051,-0.23816779295740817,0.3492869840064426
PCA,80482,-0.07020302329440363,0.4658778334819891
PCA,17,0.6090668275330602,0.03996698368286231
PCA,34696,0.15835189587593917,-0.2507468177185251
PCA,25967,0.5905075130309883,0.0787182139143674
PCA,9099,0.6508136002763252,0.090950962729986
PCA,721,0.5007505230256887,-0.32723119259198413
PCA,52180,0.37301085206711576,0.0851241114678049
PCA,644,0.5357509730370559,-0.14060855712830614
PCA,607,0.22914507097604447,-0.1086777407075681
PCA,18471,0.5661638744150942,-0.13045003889303125
PCA,5752,0.4298735030181766,-0.24424214444621742
PCA,44035,0.5694564178914323,-0.18357888554845195
PCA,297,0.5789931307805434,-0.11723129681649518
PCA,8282,0.37005310007139713,-0.022949952300843367
PCA,33443,0.5461112140507759,-0.23055398097107785
PCA,66097,0.03999935313021611,-0.4935501423945483
PCA,68226,0.2414524030999156,0.017367643268772923
PCA,50495,0.26303746506582576,0.2021934710165063
PCA,55785,-0.2174819656508389,0.23651442140890197
PCA,120986,0.11024357206708499,0.39706544464543453
PCA,1426,-0.23034680113483819,0.22173031641121646
PCA,102772,0.31707447678271866,0.1790461068423248
PCA,1822,-0.02050452621684842,0.18106520690516348
PCA,207,0.2578105373161669,-0.009414815822482058
PCA,31352,0.17193814198067828,-0.10542306462525546
PCA,15514,-0.06423359500143555,0.008094229071840951
PCA,10314,-0.4053486876547063,-0.4428624930424813
PCA,78576,-0.26776931728594827,-0.22917569314467182
PCA,83621,-0.3456720186985317,-0.4304610069679682
PCA,31798,-0.2168672968461083,-0.40172028091309536
PCA,1607,-0.3070877173721032,-0.4671975367186745
PCA,18306,0.03766662410682687,-0.16709075479871668
PCA,75487,0.5196640468491535,-0.09621629261698414
PCA,45707,0.5089345213335876,-0.2527966029471165
PCA,734,0.5848065321067805,0.0003624548028515602
PCA,815,0.37082495209711247,-0.05210219729362206
PCA,45956,0.5113421863338773,-0.2414086137241971
PCA,2736,0.5159754233716364,0.05027084331478616
PCA,799,0.5881525711788428,0.12874604448165258
PCA,15462,0.34446649839092774,0.14676563434963574
PCA,14825,0.6236288541749644,-0.21645524733648353
PCA,25251,0.5709182833125047,0.2704452235717945
PCA,148,0.5259704372621902,0.11145744233788833
PCA,51353,0.5385500539455393,0.3219541737144675
PCA,9828,-0.13593081513143004,-0.15417581199802127
PCA,38914,-0.37144343564389315,-0.2789063962987635
PCA,32172,-0.5060020920956826,-0.1346298291494492
PCA,98689,-0.25254634427796047,-0.17187671952039765
PCA,23295,-0.26491326691630956,-0.13555436694487188
PCA,10554,-0.5617087683362669,0.0590137718645784
PCA,11588,-0.10260078360675938,-0.0036146590627985625
PCA,58226,-0.08208048812299432,0.21236136421027796
PCA,38497,-0.044515773883848614,-0.37344294017769275
PCA,46098,-0.35101587794344535,-0.1518454321496562
PCA,913,-0.04623186609901618,-0.4195718386430313
PCA,3865,-0.007116705966670006,-0.09717596261938227
PCA,46336,0.47795713706355203,-0.04793957666059933
PCA,1261,-0.17376983706493784,-0.09355080977925034
PCA,8098,0.292715883805581,-0.2577432262303496
PCA,770,0.3913185341668229,-0.08476668437362798
PCA,68794,0.24525916713269388,-0.4094294757637443
PCA,45651,-0.2702025383035666,-0.11061608376904772
PCA,605,0.04932158692497342,-0.07571037766078755
PCA,54275,-0.4973012096493898,-0.23851836897733517
PCA,13016,0.1580173091855668,-0.03134906237626004
PCA,27417,0.01105789965363864,0.025818743570298144
PCA,13015,0.20742603403528498,0.13909739013942768
PCA,75126,0.25910106850550096,0.027000575913461625
PCA,18755,-0.13376399945639006,0.07881851103406798
PCA,9075,0.18841232956223236,0.41238652814674465
PCA,593,0.30155162240086814,0.41208594888985584
PCA,90953,0.5239131725637406,-0.0609021339730097
PCA,50239,0.009904314554180655,0.2575812979655513
PCA,1849,-0.11486540946844158,0.26364215494640225
PCA,12863,0.11991802290861711,0.07128649445379086
PCA,68716,0.10903833773979454,0.11538080386861821
PCA,11771,0.05118379218622994,0.18892281212118034
PCA,102882,-0.01624899990152404,0.101427128274044
PCA,4524,0.12941984481673738,0.25995065023822744
PCA,6332,0.03485560139411805,0.461802260015759
PCA,9224,0.28283325950381655,0.305386405403769
PCA,466,0.05860820210118627,-0.24643270849074858
PCA,64104,0.23108199232664328,-0.1358037442631762
PCA,4523,0.014025280013676415,0.03727389079083173
PCA,95642,0.4321162536284369,0.04702796310031521
PCA,54720,0.05611480857341475,0.2516361138815238
PCA,55963,0.4115988133810527,0.055530960489683985
PCA,25316,0.16164187790309398,-0.011867649533157108
PCA,75811,0.38503742697853466,0.0560003598088867
PCA,53224,-0.06618000866276853,-0.37056099073425164
PCA,36679,-0.07306023563077149,-0.05977619270722096
PCA,31351,-0.17125085782692345,-0.051525365982358996
PCA,78658,-0.14375694657182744,-0.11995991921962317
PCA,53742,0.07362682140604698,0.09760345286061517
PCA,50790,0.0664364213993658,-0.016785723061768735
PCA,51469,-0.019167003111470775,-0.08717185113799837
PCA,918,-0.07882884736745216,0.011944174983334084
PCA,52015,-0.23743355831012167,0.36505345628288466
PCA,83842,-0.2355790752732191,0.29253564241840607
PCA,70776,0.24725476354327258,0.3728006361544302
PCA,24192,-0.3736038302461728,0.13759196888308806
PCA,12134,0.16803891291373346,0.2610565832160069
PCA,31219,-0.11894613852199919,-0.01100506284849804
PCA,474,0.03319245690807891,0.1056296391550032
PCA,70646,-0.05251788155903808,0.03424840672600215
PCA,610,-0.017976206642102015,-0.09517667609869311
PCA,1282,0.15260785051291495,0.1282763315018279
PCA,17796,0.1447904533579773,-0.1505348059093769
PCA,32269,0.1291869998068642,0.42420700207303574
PCA,1150,-0.3176469517146653,0.0222679629126688
PCA,39029,0.22347255938975757,0.15525818605762823
PCA,13014,-0.0436493376710427,-0.13559746172593987
PCA,65738,0.27091406487394504,0.10294752660749656
PCA,3552,0.12595046759319126,-0.2106888228074123
PCA,46400,0.10003956952237332,-0.0873299269733155
PCA,595,-0.3519713250915623,-0.15807939712710728
PCA,55795,-0.37435245343391854,-0.43943913418108155
PCA,55858,0.17629289140606014,-0.12803056835330415
PCA,1715,0.11586483533905123,0.063829263269156
PCA,1142,0.020878025285569864,-0.09713334260214726
PCA,27656,0.1309286948723195,0.21859102863170196
PCA,58781,0.1846555115351686,0.0814227065711024
PCA,28049,0.19159353640751883,-0.25683395684956944
PCA,46598,-0.02866971039636411,0.22355702674553168
PCA,33796,0.388503493553646,0.05664036346379769
PCA,46132,0.38437557884011253,0.2639149512680213
PCA,62701,-0.07276200813695695,-0.31613507379788414
PCA,58157,0.2879578941417601,-0.01984445351354622
PCA,28363,0.10391842001402181,-0.03311375592933722
PCA,94713,-0.2824948488838725,0.3321604716730379
PCA,10573,-0.2923774704007824,0.15723985370620583
PCA,213,-0.4095998280870355,-0.016970058176870372
PCA,4514,-0.4596389679613995,0.07251078374097314
PCA,6205,-0.18612342671750076,0.053182844154384366
PCA,1953,-0.272543248685532,0.2586973261492868
PCA,10463,-0.40884824269266984,0.17548133436346192
PCA,20541,-0.0960610996080523,0.3352212229984144
PCA,16939,-0.186379204559569,0.5478344321466055
PCA,17184,0.11695107068736138,0.38960656445207076
PCA,84246,-0.1433713717371401,0.5330419369325362
PCA,1197,0.06783498002624648,0.06579918000580338
PCA,1435,0.08647215059984906,-0.12493093135392855
PCA,3756,0.06072503760600424,-0.24697995411203347
PCA,27997,-0.13390298634868636,-0.24199579497872875
PCA,73664,-0.02505234198265948,0.24331908756323423
PCA,71708,-0.3964249268927466,0.1940403663370168
PCA,38254,-0.2628190001661468,0.28983756834060903
PCA,1019,-0.44301229665827413,0.3463835324264304
PCA,53243,-0.20888979624685425,-0.23516852787594905
PCA,11456,0.16102003998007589,0.1943284007488266
PCA,9439,0.16854790011556517,-0.06893093378756399
PCA,7247,-0.025984393817194355,-0.051876026958523516
PCA,13401,0.03983337117315462,0.08319871657695221
PCA,3747,0.19141468606054143,0.30248002866003704
PCA,13857,0.06005930234468932,0.3613405407394721
PCA,46663,-0.11159643909186517,0.5983475902410974
PCA,49144,-0.024264047904441685,0.3259031497344595
PCA,48476,-0.17400769754727113,0.5712841181452637
PCA,31383,0.36068921944392557,0.4352750026618278
PCA,31508,0.26122263561122977,0.5346643368406423
PCA,1119,-0.043747899971033205,0.12990221233282434
PCA,10146,0.21483702039649294,0.4779925092900143
PCA,7916,0.42158121023593637,0.008038861509627966
PCA,11570,0.13595572380292606,0.1998326377314714
PCA,64152,-0.10564357159490576,0.3807380025045511
PCA,686,0.021531709357552154,-0.13324422137962164
PCA,6382,0.13465378537383102,-0.09399272945884642
PCA,60035,-0.022474299240927583,0.050002669915328694
PCA,2167,0.060367576203748774,-0.3466604603477993
PCA,4518,-0.2629996686627299,-0.1561277741577982
PCA,13052,-0.0012798094999594662,-0.5367244315170949
PCA,2783,-0.3389113261712731,-0.3332872618594842
PCA,31623,-0.031223075912003892,0.46679983345489473
PCA,1834,0.5076241812605753,0.12103273024583135
PCA,18453,0.03392486299679992,-0.032697279918330435
PCA,52002,0.5342130229992047,0.05395714171748765
PCA,1483,0.37559386270854306,-0.25136211074310694
PCA,383,0.0943818076713856,0.2111640714076184
PCA,12201,0.1841276357763713,0.2804042261776334
PCA,44174,0.23638924901734304,-0.08653747103542482
PCA,3575,0.5031119492940679,0.17453010355839285
PCA,48434,0.010531342217919702,-0.2626546109146677
PCA,49912,0.5888722156376631,0.16300679631532203
PCA,845,0.14231854813341177,0.19394411975065348
PCA,920,0.3935169043020727,-0.08979199123288147
PCA,58714,0.3398272888035839,0.100830848635836
PCA,6697,0.6146854824571332,-0.014978693885768184
PCA,9,0.5708669351528616,0.0444890390266716
PCA,32356,0.5062532710743847,0.41799596609522455
PCA,613,0.16849570450308246,0.2758094044573095
PCA,48903,-0.026204413686723504,0.10335373604106714
PCA,1833,0.24068864304210388,0.16846018733167129
PCA,21369,0.681529652940331,-0.034856275802925114
PCA,1009,0.18844824652638992,-0.04742366296270624
PCA,890,0.6492554149799961,0.18015839189706875
PCA,616,0.3929890642964754,0.08939097007833247
PCA,11043,0.5093665797264403,-0.07909391841843137
PCA,57129,-0.3271177294371016,-0.36619291699317214
