cas_number,principal_name,primary_descriptor,descriptor_2,descriptor_3,source_page
4221-98-1,(-)-(R)-.alpha.-Phellandrene,Aromatic,Medicinal,Citrus,13
512-13-0,(-)-.alpha.-Fenchol,Earthy,Woody,Camphoraceous,13
489-40-7,(-)-.alpha.-Gurjunene,Woody,Balsamic,Nutty,13
23986-74-5,(-)-Germacrene D,Woody,Spicy,Dry,13
489-86-1,(-)-Guaiol,Woody,Smoky,Rose,13
13837-56-4,"(.+-.)-Tetrahydro-2,6,6-trimethyl-2-vinyl-2H-pyrane",Citrus,Fresh,Camphoraceous,13
1117-61-9,(+)-(R)-Citronellol,Floral,Rose,Geranium,13
4610-11-1,(+)-cis-Rose oxide,Green,Floral,Rose,13
888021-82-7,(+-)-Ethyl 3-mercapto-2-methylbutanoate,Fruity,Food Like,Pungent,13
17957-94-7,(+)-Menthofuran,Minty,Leafy,Herbal,13
2216-52-6,(+)-Neomenthol,Minty,Fresh,Aromatic,13
67663-01-8,(+/-) 3-Methyl-gamma-decalactone,Fruity,Peach,Milky,13
156472-94-5,(+/-) Ethyl 3-mercaptobutyrate,Sulfurous,Roasted,Sweet,13
258823-39-1,(+/-)2-Mercapto-2-methylpentan-1-ol,Sulfurous,Garlic,Onion,13
58475-04-0,(+/-)-4-Ethyloctanal,Floral,Milky,Fruity,13
15892-23-6,(+/-)-Butan-2-ol,Fruity,Sweet,Fermented,13
15932-80-6,(+/-)-Pulegone,Minty,Spearmint,Sweet,13
10138-32-6,"(±)-Bicyclo[2.2.1]hept-5-ene-2-carboxylic acid, ethyl ester",Fruity,Tropical-Fruit,Floral,13
68877-29-2,"(1,7,7-Trimethylbicyclo[2.2.1]hept-2-yl)cyclohexan-1-ol",Woody,Warm,Sandalwood,13
35145-02-9,"(1a,2a,5a)-2,5-dimethylcyclohex-3-ene-1-carbaldehyde",Green,Grassy,Citrus,13
94400-98-3,"(1a.alpha.,4.alpha.,7a.alpha.)-1a,3,3,4,6,6-Hexamethyl-1a,2,3,4,5,6,7,7a- octahydronapth[3,3-b]oxirene",Musk like,Warm,Floral,13
389083-83-4,(1-Ethoxyethoxy)-cyclododecane,Woody,Amber,Dry,13
35836-73-8,(1R)-Nopol,Herbal,Pine,Camphoraceous,13
35836-72-7,(1R)-Nopyl acetate,Woody,Floral,Fruity,13
68489-09-8,"(1R,2S,5R)-N-(4-Methoxyphenyl)-5-methyl-2-(1-methylethyl)cyclohexanecarboxamide",Minty,Fresh,Green,13
29461-13-0,"(2.alpha.,4a.alpha.,8.beta.)-Hexahydro-1,1,5,5-tetramethyl-2H-2,4a- methanonaphthalene-8(5H)-one",Woody,Patchouli,Earthy,13
5331-14-6,(2-Butoxyethyl)benzene,Green,Apple,Herbal,13
23726-93-4,"(2E)-1-(2,6,6-Trimethyl-1,3-cyclohexadien-1-yl)-2-buten-1-one",Floral,Rose,Plum,13
23726-91-2,"(2E)-1-(2,6,6-Trimethyl-1-cyclohexen-1-yl)-2-buten-1-one",Floral,Rose,Plum,14
67674-47-9,"(2E,6E)-Nona-2,6-dienyl acetate",Green,Floral,Violet,14
28069-72-9,"(2E,6Z)-Nona-2,6-dien-1-ol",Green,Cucumber,Oily,14
116044-44-1,"(2-endo,3-exo)-Ethyl 3-(1-methylethyl)bicyclo[2.2.1]hept-5-ene-2-carboxylate",Herbal,Fruity,Green,14
59739-63-8,"(2Z)-1-(2,6,6-trimethyl-1,3-cyclohexadien-1-yl)-2-Buten-1-one,",Floral,Rose,Plum,14
81836-13-7,"(3a.alpha.,4.alpha.,6.alpha.,7.alpha.,7a.alpha.)-3a,4,5,6,7,7a-Hexahydro-3-methyl-5- methylene-4,7-methano-1H-inden-6-yl acetate",Green,Fresh,Floral,14
120811-92-9,(3-Methoxy-2-methylpropyl)benzene,Floral,Green,Rose,14
124071-43-8,"(3-Z)-3,12-Tridecadienenitrile",Citrus,Sweet,Tangerine,14
92046-48-5,(4-Ethylbicyclo[2.2.1]hept-2-yl)-cyclohexanol,Floral,Magnolia,Muguet,14
71172-26-4,(4-Methoxyphenyl)methyl isobutyrate,Fruity,Berry,Honey,14
67845-46-9,(4-Methylphenoxy)acetaldehyde,Marine,Aldehydic,Seaweed,14
3288-99-1,(4-tert-Butylphenyl)acetonitrile,Marine,Floral,Ozonic,14
97358-54-8,(E)-1-(1-Methoxypropoxy)hex-3-ene,Green,Fresh,Fruity,14
39872-57-6,"(E)-1-(2,4,4-Trimethyl-2-cyclohexen-1-yl)-2-buten-1-one",Floral,Plum,Rose,14
24720-09-0,"(E)-1-(2,6,6-Trimethyl-2-cyclohexen-1-yl)-2-buten-1-one",Floral,Rose,Apple,14
22882-91-3,"(E)-1-Ethoxy-3,7-dimethylocta-2,6-diene",Fruity,Green,Fresh,14
65737-52-2,(E)-2-(2-Octenyl)cyclopentanone,Fruity,Peach,Jasmin,14
58001-88-0,"(E)-2,6,10-Trimethylundeca-5,9-dienol",Aldehydic,Waxy,Floral,14
18409-17-1,(E)-2-Octen-1-ol,Green,Vegetable,Food like,14
37973-51-6,(E)-2-Phenylpropenyl acetate,Fruity,Green,Rhubarb,14
81786-74-5,"(E)-3,4,5,6,6-Pentamethylhept-3-en-2-one",Woody,Violet,Cedarwood,14
1309389-73-8,"(E)-3-Benzo[1,3]dioxol-5-yl-N,N-diphenyl-2-propenamide",Food Like,Savoury,Roasted,14
53243-60-0,(E)-3-Methyl-5-phenylpent-2-enenitrile,Citrus,Lemon,Fresh,14
3239-35-8,"(E)-6,10-Dimethylundeca-5,9-dien-2-yl acetate",Citrus,Tangerine,Fresh,14
33046-81-0,(E)-7-Methyl-3-octen-2-one,Fruity,Floral,Sweet,14
79-77-6,(E)-beta-Ionone,Floral,Violet,Woody,14
68555-65-7,"(E,Z)-2,6-Nonadien-1-ol acetate",Green,Floral,Violet,14
14898-79-4,(R)-Butan-2-ol,Fruity,Sweet,Fermented,14
4221-99-2,(S)-Butan-2-ol,Fruity,Sweet,Fermented,14
400052-49-5,(S1)-Methoxy-3-heptanethiol,Fruity,Blackcurrant,Floral,14
97358-55-9,(Z)-1-(1-Methoxypropoxy)hex-3-ene,Green,Fresh,Fruity,14
22882-89-9,"(Z)1-Ethoxy-3,7-dimethylocta-2,6-diene",Floral,Fruity,Green,15
1576-95-0,(Z)-2-Penten-1-ol,Fruity,Cherry,Fresh,15
37973-52-7,(Z)-2-Phenylpropenyl acetate,Green,Fruity,Rhubarb,15
81786-73-4,"(Z)-3,4,5,6,6-Pentamethylhept-3-en-2-one",Woody,Violet,Cedarwood,15
84060-80-0,(Z)-3-Hexenyl angelate,Green,Floral,Herbal,15
53243-59-7,(Z)-3-Methyl-5-phenylpent-2-enenitrile,Citrus,Spicy,Floral,15
21944-98-9,(Z)-4-Dodecenal,Citrus,Aldehydic,Clean,15
6191-71-5,(Z)-4-Hepten-1-ol,Green,Grassy,Strawberry,15
63095-33-0,(Z)-5-(3-Hexenyl)dihydrofuran-2(3H)-one,Fruity,Coconut,Buttery,15
3239-37-0,"(Z)-6,10-Dimethylundeca-5,9-dien-2-yl acetate",Citrus,Tangerine,Fresh,15
23726-92-3,"(Z)-beta-1-(2,6,6-Trimethyl-1-cyclohexen-1-yl)-2-buten-1-one",Fruity,Floral,Blackcurrant,15
53398-85-9,(Z)-Hex-3-enyl 2-methylbutyrate,Green,Fruity,Apple,15
76238-22-7,(Z)-Non-6-enyl acetate,Fruity,Melon,Honeydew,15
63449-64-9,"(Z,Z)-1,1'-[Ethylidenebis(oxy)]di(hex-3-ene)",Green,Leafy,Herbal,15
20834-59-7,".alpha.,.alpha.,4-Trimethylphenethyl alcohol",Floral,Green,Muguet,15
33885-52-8,".alpha.,.alpha.,6,6-Tetramethylbicyclo[3.1.1]hept-2-ene-2-propionaldehyde",Herbal,Pine,Ozonic,15
66062-78-0,".alpha.,3,3-Trimethylbicyclo[2.2.1]heptane-2-methanol",Woody,Patchouli,Vetiver,15
515-69-5,.alpha.-Bisabolol,Floral,Woody,Balsamic,15
63767-86-2,.alpha.-Methyl-4-(1-methylethyl)-cyclohexanemethanol,Floral,Muguet,Rose,15
13487-27-9,.alpha.-Methylcyclohexylmethyl acetate,Fruity,Sweet,Pear,15
103694-68-4,".beta.,.beta.,3-Trimethyl benzenepropanol",Floral,Fresh,Ozonic,15
6784-13-0,".beta.,4-Dimethylcyclohex-3-ene-1-propan-1-al",Citrus,Fresh,Lemon,15
472-97-9,.beta.-Caryophyllene alcohol,Woody,Spicy,Earthy,15
67801-36-9,".Eta.-1H-Indol-1-yl-.alpha.,.alpha.,.epsilon.-trimethyl-1H-indole-1-heptanol",Animal like,Jasmin,Floral,15
68039-73-6,"[1,1'-Bicyclopentyl]-2-yl 2-butenoate",Fruity,Plum,Peach,15
71048-82-3,"[1.alpha.(E),2.beta.]-1-(2,6,6-Trimethyl-3-cyclohexen-1-yl)-2-buten-1-one",Floral,Rose,Apple,15
80858-47-5,[2-(Cyclohexyloxy)ethyl]benzene,Floral,Green,Hyacinth,15
68555-28-2,"[2,2-Bis(3-methylbutoxy)ethyl]benzene",Floral,Herbal,Green,15
67634-02-0,"[2,2-Bis[(3,7-dimethyl-2,6-octadienyl)oxy]ethyl]benzene",Floral,Rose,Green,15
67634-04-2,"[2,2-Bis[(3,7-dimethyloct-6-enyl)oxy]ethyl]benzene",Floral,Rose,Balsamic,15
68039-47-4,[2-Isopropoxyethyl]benzene,Green,Floral,Hyacinth,15
1958027-44-5,"1-Nonen-3-ol, 8-methoxy-4,8-dimethyl-",Woody,Floral,Sandalwood,15
54464-57-2,"1-(1,2,3,4,5,6,7,8-Octahydro-2,3,8,8-tetramethyl-2-naphthalenyl)ethanone",Woody,Floral,Amber,16
68155-67-9,"1-(1,2,3,4,6,7,8,8a-Octahydro-2,3,8,8-tetramethyl-2-naphthyl)ethan-1-one",Woody,Floral,Amber,16
68155-66-8,"1-(1,2,3,5,6,7,8,8a-Octahydro-2,3,8,8-tetramethyl-2-naphthyl)ethan-1-one",Woody,Floral,Amber,16
941-98-0,1-(1-Naphthyl)ethanone,Floral,Neroli,Sweet,16
70788-30-6,"1-(2,2,6-Trimethylcyclohexyl)-3-hexanol",Woody,Amber,Dry,16
35087-49-1,"1-(2,2-Dimethyl-6-methylenecyclohexyl)but-2-en-1-one",Fruity,Floral,Tobacco,16
68039-35-0,"1-(2,3,4,7,8,8a-Hexahydro-3,6,8,8-tetramethyl-1H-3a,7-methanoazulen-5-yl)ethan-1- one",Woody,Cedarwood,Amber,16
70266-48-7,"1-(2,4,4-Trimethyl-1-cyclohexen-1-yl)-2-buten-1-one",Fruity,Plum,Rose,16
33673-71-1,"1-(2,4,4-Trimethyl-2-cyclohexen-1-yl)-2-buten-1-one",Fruity,Plum,Rose,16
69929-17-5,"1-(2,4-Dimethyl-3-cyclohexenyl)-2,2-dimethylpropan-1-one",Green,Herbal,Grapefruit,16
7779-30-8,"1-(2,6,6-Trimethyl-2-cyclohexen-1-yl)pent-1-en-3-one",Floral,Violet,oily,16
23696-85-7,"1-(2,6,6-Trimethylcyclohexa-1,3-dienyl)-2-buten-1-one",Floral,Rose,Plum,16
1646-26-0,1-(2-Benzofuranyl)ethanone,Powdery,Floral,Hay,16
139504-68-0,1-(2-tert.-Butyl cyclohexyloxy)-2-butanol,Woody,Amber,Sweet,16
42370-07-0,"1-(3,3-Dimethylbicyclo[2.2.1]hept-2-yl)ethane-1-one",Herbal,Minty,Camphoraceous,16
25304-14-7,"1-(3,3-Dimethylcyclohexyl)ethan-1-one",Herbal,Woody,Camphoraceous,16
25225-09-6,"1-(3,3-Dimethylcyclohexyl)ethanol",Floral,Minty,Fresh,16
56973-87-6,"1-(3,3-Dimethylcyclohexyl)pent-4-en-1-one",Herbal,Green,Pineapple,16
68480-14-8,"1-(3,5,6-Trimethyl-3-cyclohexen-1-yl)ethan-1-one",Green,Floral,Earthy,16
23911-56-0,1-(3-Methyl-2-benzofuranyl)ethanone,Floral,Neroli,Powdery,16
56973-85-4,"1-(5,5-Dimethyl-1-cyclohexen-1-yl)pent-4-en-1-one",Green,Fruity,Galbanum,16
774-55-0,"1-(5,6,7,8-tetrahydro-2-naphthalenyl)ethanone",Floral,Neroli,Musk Like,16
1506-02-1,"1-(5,6,7,8-Tetrahydro-3,5,5,6,8,8-hexamethyl-2-naphthyl)ethan-1-one (Fixolid)",Musk like,Woody,Powdery,16
10152-77-9,1-(Methylthio)-1-propene,Sulfurous,Garlic,Acidic,16
1333-52-4,1-(Naphthyl)ethan-1-one,Floral,Ylang,Green,16
31375-17-4,1-(para-Menthen-6-yl)-1-propanone,Green,Leafy,Herbal,16
122-84-9,1-(p-Methoxyphenyl)-2-propanone,Balsamic,Anisic,Green,16
100520-15-8,"1,3-Cyclohexadiene-1-carboxylic acid, 4,6,6-trimethyl-, ethyl ester",Herbal,Spicy,Saffron,16
900779-74-0,"1,5-Cyclododecadiene, 9-methoxy-1,6,10-trimethyl-",Woody,Amber,Leathery,16
947237-75-4,"1,5-Cyclododecadiene, 9-methoxy-1,6,10-trimethyl-",Woody,Amber,Leathery,16
53834-70-1,"1,5,7-Octatrien-3-ol, 3,7-dimethyl-, (5E)-",Floral,Fruity,Ylang,16
39707-47-6,"1,6-Octadiene-3-thiol, 3,7-dimethyl-",Floral,Citrus,Sulfurous,17
67801-37-0,"1,1'-(2-Phenylethylidene)bis(1H-indole)",Animal like,Indolic,Phenolic,17
3910-35-8,"1,1,3-Trimethyl-3-phenylindane",Woody,Cedarwood,Musk Like,17
34764-02-8,"1,1-Diethoxydecane",Aldehydic,Mossy,Green,17
688-82-4,"1,1-Diethoxyheptane",Gourmand,Creamy,Buttery,17
3658-93-3,"1,1-Diethoxyhexane",Fruity,Hyacinth,Pear,17
33673-65-3,"1,1-Dihexyloxyhexane",Green,Grassy,Sweet,17
950-33-4,"1,1-Dimethoxycyclododecane",Woody,Cedarwood,Patchouli,17
534-15-6,"1,1-Dimethoxyethane",Green,Hay,Apple,17
151-05-3,"1,1-Dimethyl-2-phenylethyl acetate",Fruity,Plum,Jasmin,17
59354-71-1,"1,1-Dimethyl-2-phenylethyl isobutyrate",Fruity,Jasmin,Grape,17
89-88-3,"1,2,3,3a,4,5,6,8a-Octahydro-4,8-dimethyl-2-(1-methylethylidene)-6-azulenol",Woody,Vetiver,Grapefruit,17
41199-19-3,"1,2,3,4,4a,5,6,7-Octahydro-2,5,5-trimethyl-2-naphthalenol",Amber,Woody,Animal Like,17
65405-72-3,"1,2,3,4,4a,7,8,8a-Octahydro-2,4a,5,8a-tetramethyl-1-naphthyl formate",Woody,Dry,Amber,17
68991-96-8,"1,2,3,4,5,6,7,8-Octahydro-5,5-dimethylnaphthalene-2-carbaldehyde",Floral,Muguet,Fresh,17
68991-97-9,"1,2,3,4,5,6,7,8-Octahydro-8,8-dimethyl-2-naphthaldehyde",Floral,Muguet,Fresh,17
67715-79-1,"1,2-Di((1'-ethoxy)ethoxy)propane",Fruity,Fresh,Green,17
91-16-7,"1,2-Dimethoxybenzene",Gourmand,Phenolic,Creamy,17
13851-11-1,"1,3,3-Trimethyl-2-norbornanyl acetate",Herbal,Pine,Fresh,17
1222-05-5,"1,3,4,6,7,8-Hexahydro-4,6,6,7,8,8-hexamethylcyclopenta-gamma-2-benzopyran",Musk like,Floral,Woody,17
16356-11-9,"1,3,5-Undecatriene",Green,Citrus,Cucumber,17
40527-42-2,"1,3-Benzodioxole, 5-(diethoxymethyl)-",Floral,Meadow,Spicy,17
495-76-1,"1,3-Benzodioxole-5-methanol",Balsamic,Powdery,Vanilla,17
68844-96-2,"1,3-Benzodioxole-5-propanol, alpha-methyl-, 5-acetate",Fruity,Watery,Apple,17
63270-14-4,"1,3-Diacetoxynonane",Floral,Jasmin,Citrus,17
80118-10-1,"1,3-Dimethyl-3-butenyl salicylate",Floral,Ylang,Green,17
68083-58-9,"1,3-Dimethyl-3-phenylbutyl acetate",Woody,Vetiver,Rhubarb,17
80118-06-5,"1,3-Dimethylbut-3-enyl isobutyrate",Fruity,Floral,Herbal,17
35206-51-0,"1,3-Dimethylbutyl 2-butenoate",Fruity,Plum,Apple,17
117933-89-8,"1,3-Dioxane, 2-(2,4-dimethyl-3-cyclohexene-1-yl)-5-methyl-5-(1-methylpropyl)-",Amber,Dry,Woody,17
166301-22-0,"1,3-Dioxane, 5-methyl-2-(2-methylpropyl)-cis-",Herbal,Fruity,Fresh,17
131812-52-7,"1,3-Dioxolane, 2,4-dimethyl-2-(5,6,7,8-tetrahydro-5,5,8,8-tetramethyl-2-naphthalenyl)-, trans-",Amber,Animal Like,Warm,18
1708-35-6,"1,3-Dioxolane-4-methanol, 2-hexyl-",Earthy,Fungal,Sweet,18
1322-17-4,"1,3-Nonanediol acetate (mixed esters)",Floral,Jasmin,Watery,18
444880-09-5,"1,3-Oxathiane,2-ethyl-4,4-dimethyl-",Herbal,Thyme,Blackcurrant,18
166432-52-6,"1,3-Undecadien-5-yne",Floral,Green,Violet,18
470-67-7,"1,4-Cineole",Citrus,Lime,Eucalyptus,18
21112-37-8,"1,4-Dimethoxy-2-tert-butylbenzene",Woody,Vetiver,Fresh,18
18679-18-0,"1,4-Dodec-6-enolactone",Gourmand,Waxy,Creamy,18
13786-79-3,"1,5,9-Trimethylcyclododeca-1,5,9-triene epoxide",Woody,Amber,Cedarwood,18
75147-23-8,"1,5-Dimethylbicyclo[3.2.1]octan-8-one-oxime",Fruity,Cassis,Green,18
67952-57-2,"1,5-Dimethylhexyl acetate",Citrus,Orange,Fresh,18
68931-30-6,"1,6,10,14-Hexadecatetraen-3-ol, 3,7,11,15- tetramethyl-",Floral,Rose,Jasmin,18
68298-33-9,"1,6,7,8-Tetrahydro-1,4,6,6,8,8-hexamethyl-as-indacene-3(2H)-one",Musk like,Animal Like,Woody,18
313973-37-4,"1,6-Heptadien-3-one, 2-cyclohexyl-",Fruity,Pineapple,Green,18
73018-51-6,"1,6-Octadien-3-ol, 3,7-dimethyl-, acid-isomerized",Citrus,Lime,Green,18
70131-51-0,"1,6-Octadiene, 7-methyl-3-methylene-, acid-hydrated, geraniol fractions, distn. residues",Floral,Rose,Geranium,18
76-22-2,"1,7,7-Trimethylbicyclo[2.2.1]heptan-2-one",Herbal,Camphoraceous,Green,18
24238-95-7,"1,7,7-Trimethylbicyclo[4.4.0]dec-3-yl acetate",Woody,Amber,Powdery,18
3526-75-8,"1.alpha.,5.alpha.-Dihydroguaiol",Woody,Balsamic,Terpenic,18
68259-33-6,1-[5(Or 6)-Methyl-7(or 8)-(1-methylethyl)bicyclo[2.2.2]oct-5-en-2-yl]ethan-1-one,Woody,Spicy,Balsamic,18
1725-01-5,10-Oxahexadecanolide,Musk like,Animal Like,Floral,18
112-19-6,10-Undecen-1-yl acetate,Fruity,Rose,Green,18
112-45-8,10-Undecenal,Citrus,Citrus,Ozonic,18
112-38-9,10-Undecenoic acid,Acidic,Woody,Aldehydic,18
68141-27-5,"10-Undecenoic acid, heptyl ester",Fruity,Floral,Fermented,18
3391-83-1,11-Oxahexadecanolide,Musk like,Powdery,Creamy,18
68141-18-4,"11-Tridecen-6-one, 8,12-dimethyl-",Green,Floral,Citrus,18
6707-60-4,12-Oxahexadecanolide,Musk like,Fruity,Woody,18
868846-58-6,13-Methyloxacyclopentadecan-2-one,Musk like,Animal Like,Floral,18
123-69-3,16-Hydroxy-7-hexadecenoic acid lactone,Musk like,Powdery,Animal Like,18
65416-21-9,1-Bicyclo[2.2.1]hept-5-en-2-ylethan-1-one-oxime,Green,Floral,Woody,19
850997-10-3,"1-Cyclohexene-1-propanal, 4,4-dimethyl-",Floral,Green,Muguet,19
1193-81-3,1-Cyclohexylethanol,Herbal,Minty,Fruity,19
68039-69-0,1-Cyclohexylethyl 2-butenoate,Fruity,Dry,Brandy,19
63449-88-7,1-Cyclohexylethyl butyrate,Fruity,Berry,Leathery,19
16510-27-3,1-Cyclopropylmethyl-4-methoxybenzene,Green,Anisic,Floral,19
112-30-1,1-Decanol,Citrus,Fruity,Orange,19
51100-54-0,1-Decen-3-ol,Food Like,Earthy,Fungal,19
61668-40-4,1-Ethoxy 1-decene,Aldehydic,Fresh,Green,19
36306-86-2,"1-Ethoxy-4-(1-ethoxyvinyl)-3,3,5,5-tetramethylcyclohexene",Woody,Pine,Amber,19
31996-78-8,"1-Ethyl-3-methoxytricyclo[2.2.1.02,6]heptane",Herbal,Green,Citrus,19
5240-32-4,1-Ethynylcyclohexyl acetate,Herbal,Hay,Oak,19
66327-54-6,1-Formyl-1-methyl-4-(4-methyl-pentyl)-3-cyclohexene,Green,Fresh,Aldehydic,19
1639-09-4,1-Heptanethiol,Sulfurous,Onion,Garlic,19
4798-44-1,1-Hexen-3-ol,Green,Fresh,Fruity,19
285977-85-7,"1H-Indende-2-methanol, 2,3-dihydro-2,5-dimethyl-",Floral,Muguet,Aldehydic,19
95-13-6,1H-Indene,Animal like,Terpenic,Balsamic,19
60899-29-8,"1H-Indene, 1-ethyl-2,3-dihydro-1,3,3-trimethyl-",Musk like,Floral,Woody,19
351343-77-6,"1H-Indene, 2,3,3a,4,5,7a-hexahydro-1,1,2,3,3-pentamethyl-6-(2-propenyl)-",Woody,Amber,Dry,19
1203-17-4,"1H-Indene, 2,3-dihydro-1,1,2,3,3-pentamethyl-",Musk like,Floral,Woody,19
67860-00-8,"1H-Indole,3-heptanol,eta-1H-indol-3-yl-a,a,e-trimethyl ,8-bis-(2,3-dihydroindol)-2,6- dimethyl-2-octanol",Animal like,Indolic,Medicinal,19
1565-76-0,1-Menthyl methylether,Herbal,Minty,Fruity,19
4747-07-3,1-Methoxyhexane,Floral,Sweet,Lavender,19
94291-50-6,1-Methoxyhexane-3-thiol,Herbal,Green,Citrus,19
72183-75-6,1-Methyl-2-(1-methylpropyl)cyclohexyl acetate,Fruity,Tropical-Fruit,Sweet,19
3008-43-3,"1-Methyl-2,3-cyclohexadione",Gourmand,Coffee,Caramel,19
215231-33-7,1-methyl-3-(2-methylpropyl)cyclohexan-1-ol,Floral,Muguet,Citrus,19
52474-60-9,1-Methyl-3-(4-methyl-3-pentenyl)cyclohex-3-ene-1-carbaldehyde,Ozonic,Fresh,Aldehydic,19
1076-56-8,1-Methyl-3-methoxy-4-isopropylbenzene,Woody,Smoky,Medicinal,19
10198-23-9,1-Methyl-4-(1-methylvinyl)cyclohexyl acetate,Floral,Citrus,Dry,19
139539-67-6,"1-Methyl-4-(2,2,3-trimethyl-3-cyclopenten-1-yl)-2-oxabicyclo[2.2.2]octane",Fruity,Berry,Powdery,19
52475-86-2,1-Methyl-4-(4-methyl-3-pentenyl)cyclohex-3-ene-1-carbaldehyde,Aldehydic,Green,Floral,20
21129-27-1,1-Methyl-4-(isopropyl)cyclohexan-1-ol,Floral,Citrus,Pine,20
37514-30-0,1-Methylcyclododecyl methyl ether,Woody,Dry,Amber,20
103614-86-4,"1-Naphthalenol, 1,2,3,4,4a,5,8,8a-octahydro-2,2,6,8-tetramethyl-",Fruity,Mango,Passionfruit,20
68922-14-5,"1-Nonanol, 2,4,6,8-tetramethyl-,acetate",Floral,Fruity,Green,20
21964-44-3,1-Nonen-3-ol,Green,Cucumber,Violet,20
111-87-5,1-Octanol,Citrus,Waxy,Green,20
3391-86-4,1-Octen-3-ol,Herbal,Floral,Lavender,20
4312-99-6,1-Octen-3-one,Earthy,Mushroom,Herbal,20
2442-10-6,1-Octen-3-yl acetate,Herbal,Fruity,Floral,20
71078-31-4,"1-Oxaspiro[4.5]deca-3,6-diene, 2,6,9,10-tetramethyl-",Fruity,Blackcurrant,Green,20
89079-92-5,"1-Oxaspiro[4.5]deca-3,6-diene, 2,7-dimethyl-10-(1-methylethyl)-",Fruity,Blackcurrant,Tropical-Fruit,20
79893-63-3,"1-Oxaspiro[4.5]deca-3,6-diene, 6-ethyl-2,10,10-trimethyl-",Fruity,Blackcurrant,Green,20
4625-90-5,"1-Oxaspiro[4.5]decan-2-one, 8-(1-methylethyl)-, trans-",Woody,Herbal,Oily,20
91069-40-8,"1-Oxaspiro[4.5]decan-2-one, 8-ethyl-, trans-",Woody,Spicy,Oily,20
94201-19-1,"1-Oxaspiro[4.5]decan-2-one, 8-methyl-",Gourmand,Lactonic,Coconut,20
91069-37-3,"1-Oxaspiro[4.5]decan-2-one, 8-methyl-, cis-",Woody,Creamy,Milky,20
57967-68-7,"1-Oxaspiro[4.5]decan-6-ol, 2,6,10,10-tetramethyl-, (2R,5S,6S)-rel-",Woody,Camphoraceous,Fungal,20
616-25-1,1-Penten-3-ol,Green,Fruity,Leafy,20
67739-11-1,"1-Penten-3-ol, 2-methyl-1-(methylbicyclo[2.2.1]hept-5-en-2-yl)-",Woody,Sandalwood,Floral,20
1629-58-9,1-Penten-3-one,Sulfurous,Garlic,Onion,20
68555-94-2,"1-Penten-3-one, 2-methyl-1-(2,2,6-trimethylcyclohexenyl)-",Woody,Floral,Violet,20
579-07-7,"1-Phenyl-1,2-propanedione",Aromatic,Phenolic,Dry,20
10415-87-9,1-Phenyl-3-methyl-3-pentanol,Floral,Green,Anisic,20
72007-81-9,1-Phenyl-3-methyl-3-pentyl acetate,Floral,Green,Hyacinth,20
3240-29-7,1-Phenyl-4-penten-1-one,Balsamic,Sweet,Herbal,20
71159-90-5,1-p-Menthene-8-thiol,Citrus,Fruity,Grapefruit,20
128119-70-0,"1-Propanol, 2-methyl-3-[(1,7,7-trimethylbicyclo-[2.2.1]hept-2-yl)oxy]-",Amber,Warm,Woody,20
112-70-9,1-Tridecanol,Floral,Woody,Green,20
811436-82-5,"2 Propenoic acid, 2-[1-[(1R)-3,3-dimethylcyclohexyl]ethoxy]-2-methylpropyl ester",Musk like,Fruity,Pear,20
107-93-7,"2-Butenoic acid, (2E)-",Gourmand,Sweet,Milky,20
15848-49-4,"2-Cyclopentene-1-acetic acid, ethyl ester",Fruity,Pineapple,Pear,20
2371-13-3,"2-Octen-1-ol, 1-acetate",Earthy,Mushroom,Lavender,21
76649-17-7,"2-Pentenoic acid, 2-methyl-, (3Z)-3-hexen-1-yl ester",Fruity,Fresh,Green,21
2810-04-0,"2-Thiophenecarboxylic acid, ethyl ester",Fruity,Fermented,Grape,21
68480-25-1,2-Tridecen-1-ol,Green,Fruity,Leafy,21
141773-73-1,"2-(1-(3',3'-Dimethyl-1'-cyclohexyl)ethoxy)-2-methyl propyl propanoate",Musk like,Fruity,Pear,21
1217-08-9,"2-(1,1,2,3,3-Pentamethylindan-5-yl)-1-propanol",Musk like,Floral,Warm,21
67634-11-1,"2-(1,1-Dimethylethyl)-4-methylcyclohexan-1-ol",Woody,Earthy,Fresh,21
5947-36-4,2(10)-Pinen-3-ol,Herbal,Woody,Pine,21
7399-50-0,2-(1-Ethylpropyl)pyridine,Green,Galbanum,Bell Pepper,21
37172-02-4,2-(1-Methylpropyl)-1-vinylcyclohexyl acetate,Woody,Amber,Dry,21
929625-08-1,"2-(2,2,7,7-Tetramethyltricyclo[6.2.1.01,6]undec-5-en-5-yl)propan-1-ol",Amber,Woody,Cedarwood,21
2226-05-3,"2-(3,3-Dimethylbicyclo[2.2.1]hept-2-ylidene)ethanol",Woody,Patchouli,Camphoraceous,21
68133-79-9,"2-(3,7-Dimethyl-2,6-octadienyl)cyclopentanone",Fruity,Peach,Plum,21
92015-65-1,"2(3H)-Benzofuranone, hexahydro-3,6-dimethyl-",Fruity,Coconut,Tropical-Fruit,21
4359-47-1,"2-(3-Heptyl)-1,3-dioxolane",Green,Fruity,Floral,21
2110-18-1,2-(3-Phenylpropyl)pyridine,Spicy,Fresh,Green,21
3208-40-0,2-(3-Phenylpropyl)tetrahydrofuran,Fruity,Sweet,Green,21
80417-97-6,"2(4H)-Benzofuranone, 5,6-dihydro-3,6-dimethyl-",Gourmand,Sweet,Coconut,21
34291-99-1,2-(4-Isopropylphenyl)propionaldehyde,Green,Floral,Muguet,21
80819-94-9,2-(4-Methyl-1-phenyl)-2-propanethiol,Fruity,Grapefruit,Sulfurous,21
65817-24-5,2-(4-Methyl-2-hydroxyphenyl)propionic acid-gamma-lactone,Aromatic,Minty,Sweet,21
94159-31-6,2-(4-Methyl-5-thiazolyl)ethyl butanoate,Food Like,Nutty,Savoury,21
15149-10-7,2-(4-Methylphenoxy)ethanol,Floral,Anisic,Honey,21
1333-58-0,2-(Methylpropyl)quinoline,Herbal,Powerful,Leathery,21
95962-14-4,2-(p-Menth-1-ene-10-yl)cyclopentanone,Fruity,Peach,Apricot,21
99-72-9,2-(p-Tolyl)propionaldehyde,Green,Floral,Aldehydic,21
60047-17-8,2-(Tetrahydro-5-methyl-5-vinyl-2-furyl)propan-2-ol,Herbal,Musty,Camphoraceous,21
51608-18-5,2-(trans-2-Pentenyl)cyclopentanone,Fruity,Jasmin,Oily,21
197098-61-6,"2,5,7-Octatrien-1-ol, 2,6-dimethyl-, 1-acetate",Fruity,Fresh,Sweet,21
76917-23-2,"2,6-Octadienal, (2E,6Z)-",Green,Watery,Aldehydic,21
1891-67-4,"2,6-Octadienal, 3,6,7-trimethyl-",Citrus,Lemon,Herbal,21
52711-52-1,"2,7-Decadienal, (2E,7Z)-",Green,Violet,Cucumber,21
1801275-25-1,"2,7-Decadienenitrile",Green,Fruity,Floral,22
1801275-26-2,"2,7-Decadienenitrile, (2E,7Z)-",Green,Fruity,Floral,22
21662-22-6,"2,7-Nonadienal, (2E,7Z)-",Green,Violet,Cucumber,22
6931-54-0,"2,10-Epoxypinane",Herbal,Rosemary,Camphoraceous,22
72894-15-6,"2,12-Tridecadienal",Aldehydic,Fatty,Waxy,22
4437-20-1,"2,2'-(Dithiodimethylene)-difuran",Sulfurous,Coffee,Onion,22
4501-58-0,"2,2,3-Trimethyl-3-Cyclopentene-1-acetaldehyde",Aldehydic,Green,Herbal,22
15373-31-6,"2,2,3-Trimethylcyclopent-3-enylacetonitrile",Herbal,Aromatic,Juniper,22
75490-39-0,"2,2,4-Trimethyl-4-phenyl-butane-nitrile",Citrus,Grapefruit,Rhubarb,22
65443-14-3,"2,2,5-Trimethyl-5-pentylcyclopentanone",Floral,Jasmin,Peach,22
7392-19-0,"2,2,6-Trimethyl-6-vinyltetrahydropyran",Citrus,Lime,Woody,22
2408-37-9,"2,2,6-Trimethylcyclohexanone",Citrus,Honey,Labdanum,22
69103-20-4,"2,2-Dimethyl-3-(3-methyl-2,4-pentadienyl)oxirane",Herbal,Floral,Green,22
104468-21-5,"2,2-Dimethyl-3-methyl-3-butenyl propanoate",Herbal,Chamomile,Fruity,22
13351-61-6,"2,2-Dimethyl-3-phenylpropanol",Floral,Rose,Fresh,22
7416-35-5,"2,2-Dimethyl-5-(1-methylpropen-1-yl)tetrahydrofuran",Herbal,Citrus,Green,22
54440-17-4,"2,3,3-Trimethylindanone",Spicy,Warm,Leathery,22
68433-81-8,"2,3,4,4a,5,6-hexahydro-2,2-dimethyl-1,3-methanonaphthalen-7(1H)-one",Powdery,Woody,Tobacco,22
3054-92-0,"2,3,4-Trimethyl-3-pentanol",Fruity,Green,Fresh,22
1124-11-4,"2,3,5,6-Tetramethylpyrazine",Gourmand,Nutty,Coffee,22
14667-55-1,"2,3,5-Trimethylpyrazine",Green,Nutty,Earthy,22
2416-94-6,"2,3,6-Trimethylphenol",Smoky,Phenolic,Leathery,22
513-85-9,"2,3-Butanediol",Fruity,Creamy,Buttery,22
18138-04-0,"2,3-Diethyl-5-methylpyrazine",Gourmand,Nutty,Nutty,22
15707-24-1,"2,3-Diethylpyrazine",Food Like,Green,Vegetable,22
300371-33-9,"2,3-Dihydro-1,1-dimethyl-1H-indene-ar-propanal",Green,Aldehydic,Floral,22
71850-78-7,"2,3-Dimethyl-4-(2,6,6-trimethyl-1-cyclohexen-1-yl)-2-butenal",Woody,Floral,Powdery,22
3782-00-1,"2,3-Dimethylbenzofuran",Aromatic,Phenolic,Dry,22
526-75-0,"2,3-Dimethylphenol",Earthy,Phenolic,Musty,22
5910-89-4,"2,3-Dimethylpyrazine",Food Like,Nutty,Roasted,22
96-04-8,"2,3-Heptanedione",Food Like,Buttery,Cheesy,22
3848-24-6,"2,3-Hexanedione",Gourmand,Buttery,Caramel,22
74338-72-0,"2,4,4,7-Tetramethyl-6-octen-3-one",Citrus,Fruity,Floral,23
81783-01-9,"2,4,4,7-Tetramethylnona-6,8-diene-3-one-oxime",Fruity,Blackcurrant,Grapefruit,23
13623-11-5,"2,4,5-Trimethylthiazole",Gourmand,Nutty,Cocoa,23
68527-77-5,"2,4,6-Trimethyl-3-cyclohexene-1-methanol",Floral,Spicy,Green,23
5182-36-5,"2,4,6-Trimethyl-4-phenyl-1,3-dioxane",Fruity,Citrus,Green,23
1423-46-7,"2,4,6-Trimethylcyclohex-3-enecarbaldehyde",Green,Privet,Dry,23
527-60-6,"2,4,6-Trimethylphenol",Smoky,Phenolic,Coffee,23
18409-21-7,"2,4-Decadien-1-ol",Citrus,Fresh,Green,23
131812-67-4,"2,4-Dimethyl-2-(5,6,7,8-tetrahydro-5,5,8,8-tetramethyl-2-naphthalenyl)-1,3-dioxolane",Woody,Amber,Warm,23
68039-49-6,"2,4-Dimethyl-3-cyclohexen-1-carboxaldehyde",Green,Grassy,Citrus,23
27606-09-3,"2,4-Dimethyl-4,4a,5,9b-tetrahydroindeno[1,2-d]-1,3-dioxin",Floral,Muguet,Magnolia,23
82461-14-1,"2,4-Dimethyl-4-phenyltetrahydrofuran",Citrus,Rhubarb,Green,23
62346-96-7,"2,4-Dimethylbenzyl acetate",Floral,Fruity,Fresh,23
67634-17-7,"2,4-Dimethylcyclohex-3-ene-1-methanol",Floral,Fresh,Green,23
67634-26-8,"2,4-Dimethylcyclohex-3-ene-1-methyl acetate",Citrus,Fruity,Grapefruit,23
67634-22-4,"2,4-Dimethylcyclohexylmethyl acetate",Floral,Herbal,Woody,23
108-47-4,"2,4-Dimethylpyridine",Smoky,Phenolic,Animal Like,23
16930-93-1,"2,4-Hexadienyl butyrate",Green,Grape,Fruity,23
16491-24-0,"2,4-Hexadienyl isobutyrate",Green,Apple,Galbanum,23
63450-36-2,"2,4-Nonadienol-1",Green,Violet,Cucumber,23
105-67-9,"2,4-Xylenol",Smoky,Roasted,Balsamic,23
68378-13-2,"2,5 or 6-Methoxy-3-methylpyrazine (mixture of isomers)",Gourmand,Chocolate,Roasted,23
5406-58-6,"2,5,5-Trimethyl-2-phenyl-1,3-dioxane",Woody,Sandalwood,Camphoraceous,23
82784-84-7,"2,5,6-Trimethyl-4-heptenal",Green,Ozonic,Melon,23
13851-06-4,"2,5,7-Trimethyl-2-decene-6,8-dione",Herbal,Hay,Green,23
41239-48-9,"2,5-Diethyltetrahydrofuran",Gourmand,Caramel,Coffee,23
4077-47-8,"2,5-Dimethyl-4-methoxy-3(2H)-furanone",Fruity,Vegetable,Sweet,23
123-32-0,"2,5-Dimethylpyrazine",Food Like,Nutty,Roasted,23
847144-75-6,"2,5-Octadien-4-one, 5,6,7-trimethyl-, (2E,5E)-",Fruity,Sweet,Apple,23
357650-26-1,"2,5-Octadien-4-one, 5,6,7-trimethyl-, (2E,5Z)-",Fruity,Rose,Apple,23
95-87-4,"2,5-Xylenol",Smoky,Roasted,sweet,23
141-13-9,"2,6,10-Trimethyl-9-undecenal",Green,Ozonic,Aldehydic,23
54082-68-7,"2,6,10-Trimethylundeca-5,9-dienal",Aldehydic,Floral,Marine,24
24048-13-3,"2,6,10-Trimethylundeca-5,9-dienal (dihydroapofarnesal)",Aldehydic,Hyacinth,Muguet,24
24048-14-4,"2,6,10-Trimethylundeca-5,9-dienol",Aldehydic,Waxy,Floral,24
432-25-7,"2,6,6-Trimethyl-1&2-cyclohexen-1-carboxaldehyde",Green,Saffron,Rose,24
472-66-2,"2,6,6-Trimethyl-1-cyclohexen-1-acetaldehyde",Herbal,Camphoraceous,Woody,24
473-54-1,"2,6,6-Trimethylbicyclo[3.1.1]heptan-3-ol",Aromatic,Pine,Woody,24
1125-21-9,"2,6,6-Trimethylcyclohex-2-ene-1,4-dione",Floral,Citrus,Green,24
116-26-7,"2,6,6-Trimethylcyclohexa-1,3-dienyl methanal",Herbal,Aldehydic,Tobacco,24
123-18-2,"2,6,8-Trimethylnonan-4-one",Balsamic,Fruity,Oily,24
91-10-1,"2,6-Dimethoxyphenol",Food Like,Phenolic,Smoky,24
17909-77-2,"2,6-Dimethyl-10-methylene-2,6,11-dodecatrienal",Citrus,Mandarin,Aldehydic,24
3016-19-1,"2,6-Dimethyl-2,4,6-octatriene",Aromatic,Floral,Fresh,24
13254-34-7,"2,6-Dimethyl-2-heptanol",Floral,Fresh,Lavender,24
68480-08-0,"2,6-Dimethyl-2-octyl acetate",Aromatic,Citrus,Herbal,24
108-82-7,"2,6-Dimethyl-4-heptanol",Food Like,Yeast,Fermented,24
108-83-8,"2,6-Dimethyl-4-heptanone",Fruity,Wine lees*,Pineapple,24
106-72-9,"2,6-Dimethyl-5-heptenal",Aldehydic,Green,Fruity,24
25279-09-8,"2,6-Dimethyloct-7-en-2-yl formate",Citrus,Floral,Fruity,24
1879-00-1,"2,6-Dimethyloct-7-en-4-one",Fruity,Tagetes,Floral,24
673-84-7,"2,6-Dimethylocta-2,4,6-triene",Floral,Peppery,Herbal,24
108-50-9,"2,6-Dimethylpyrazine",Food Like,Nutty,Roasted,24
108-48-5,"2,6-Dimethylpyridine",Food Like,Nutty,Leathery,24
7786-44-9,"2,6-Nonadien-1-ol",Green,Fruity,Cucumber,24
67674-36-6,"2,6-Nonadienal diethyl acetal",Green,Cucumber,Oily,24
67019-89-0,"2,6-Nonadienenitrile",Floral,Violet,Green,24
90480-35-6,"2,6-Octadienal, 3,7-dimethyl-, acid-isomerized",Citrus,Lime,Fruity,24
147060-73-9,"2,6-Octadienal, 3,7-dimethyl-, reaction products with Et alc.",Citrus,Verbena,Lime,24
38237-00-2,"2,6-Octadiene-1-thiol, 3,7-dimethyl-",Citrus,Grapefruit,Sulfurous,24
576-26-1,"2,6-Xylenol",Smoky,Phenolic,Neutral,24
68419-46-5,"2,7-Dimethyloct-5-en-4-one",Floral,Chamomile,Marigold,24
84642-57-9,"2-[(3,3,5-Trimethylcyclohexyl)acetyl]cyclopentan-1-one",Woody,Animal Like,Amber,24
94087-23-7,"2-[7-Isopropyl-5-methylbicyclo[2.2.2]oct-5-en-2-yl]-1,3-dioxolane",Floral,Green,Muguet,24
68901-32-6,"2-[8-Isopropyl-6-methylbicyclo[2.2.2]oct-5-en-2-yl]-1,3-dioxolane",Green,Floral,Muguet,25
32974-92-8,2-Acetyl-3-ethylpyrazine,Earthy,Nutty,Popcorn,25
23787-80-6,2-Acetyl-3-methylpyrazine,Food Like,Nutty,Roasted,25
1193-79-9,2-Acetyl-5-methylfuran,Gourmand,Nutty,Hay,25
1122-62-9,2-Acetylpyridine,Food Like,Roasted,Waxy,25
24295-03-2,2-Acetylthiazole,Food Like,Popcorn,Roasted,25
88-15-3,2-Acetylthiophene,Sulfurous,Nutty,Food like,25
551-93-9,2-Aminoacetophenone,Floral,Neroli,Grape,25
4740-79-8,"2-Benzyl-1,3-dioxan-5-ol",Green,Floral,Aldehydic,25
97384-48-0,2-Benzyl-2-methylbut-3-enenitrile,Minty,Citrus,Fruity,25
92368-90-6,2-Benzylheptanol,Floral,Muguet,Jasmin,25
20279-25-8,2-Bornyl propionate,Woody,Fruity,Pine,25
78-92-2,2-Butanol,Fruity,Sweet,Fermented,25
78-93-3,2-Butanone,Fruity,Pear,Light,25
1129-62-0,"2-Butanone, phenylhydrazone",Animal like,Dry,Balsamic,25
71048-83-4,"2-Buten-1-one, 1-(2,6,6-trimethyl-3-cyclohexen-1-yl)-, [1alpha(E),alpha]- (9CI)",Floral,Rose,Plum,25
3724-65-0,2-Butenoic acid,Acidic,cheesy,Green,25
54546-26-8,"2-Butyl-4,4,6-trimethyl-1,3-dioxane",Herbal,Green,Floral,25
62062-85-5,"2-Butyl-5,6-dihydro-2,4-dimethyl-2H-pyran",Green,Floral,Spicy,25
90-42-6,2-Cyclohexylcyclohexanone,Floral,Cyclamen,Cumin,25
4442-79-9,2-Cyclohexylethyl alcohol,Floral,Green,Peony,25
916887-53-1,2-Cyclohexylidene-2-o-tolylacetonitrile,Floral,Rose,Powdery,25
2109-22-0,2-Cyclohexylpropanal,Green,Aldehydic,Floral,25
21835-00-7,"2-Cyclopenten-1-one, 2-hydroxy-3,4-dimethyl-",Gourmand,Caramel,Anisic,25
4884-24-6,2-Cyclopentylcyclopentanone,Floral,Animal Like,Indolic,25
693-54-9,2-Decanone,Floral,Neroli,Peach,25
3913-71-1,2-Decenal,Aldehydic,Floral,Clean,25
6175-49-1,2-Dodecanone,Fruity,Citrus,Orange,25
4826-62-4,2-Dodecenal,Citrus,Aldehydic,Mandarin,25
68845-00-1,"2-Ethoxy-2,6,6-trimethyl-9-methylenebicyclo[3.3.1]nonane",Woody,Warm,Amber,25
5595-79-9,2-Ethoxy-4-(methoxymethyl)phenol,Floral,Spicy,Carnation,25
96840-56-1,2-Ethoxy-4-[(1-methylethoxy)methyl] phenol,Spicy,Floral,Sweet,25
2563-07-7,2-Ethoxy-4-methylphenol,Gourmand,Vanilla,Sweet,26
18368-91-7,"2-Ethyl-1,3,3-trimethyl-2-norbornanol",Earthy,Rooty,Camphoraceous,26
97-95-0,2-Ethyl-1-butanol,Fruity,Sweet,Berry,26
104-76-7,2-Ethyl-1-hexanol,Camphoraceous,Aldehydic,Sweet,26
15707-23-0,2-Ethyl-3-methylpyrazine,Food Like,Nutty,Corn,26
28219-61-6,"2-Ethyl-4-(2,2,3-trimethyl-3-cyclopenten-1-yl)-2-buten-1-ol",Woody,Sandalwood,Creamy,26
27538-09-6,2-Ethyl-4-hydroxy-5-methyl-3(2H)-furanone,Gourmand,Sweet,Maple,26
27538-10-9,2-Ethyl-4-hydroxy-5-methylfuran-3(2H)-one,Gourmand,Caramel,Butterscotch,26
15679-12-6,2-Ethyl-4-methylthiazole,Food Like,Green,Nutty,26
122795-41-9,2-Ethyl-5-methoxybicyclo[2.2.1]heptane,Citrus,Green,Herbal,26
13360-64-0,2-Ethyl-5-methylpyrazine,Food Like,Coffee,Roasted,26
10031-87-5,2-Ethylbutyl acetate,Fruity,Sweet,Floral,26
88-09-5,2-Ethylbutyric acid,Acidic,Neutral,Pungent,26
27043-05-6,2-Ethyl-dimethylpyrazine (isomer unspecified),Gourmand,Toasted,Nutty,26
3208-16-0,2-Ethylfuran,Gourmand,Sweet,Malty,26
123-05-7,2-Ethylhexanal,Fruity,Green,Oily,26
103-09-3,2-Ethylhexyl acetate,Fruity,Sweet,Berry,26
64825-20-3,2-Ethylidenedecan-1-al,Aldehydic,Fresh,Mandarin,26
13925-00-3,2-Ethylpyrazine,Food Like,Peanut,Cocoa,26
564-94-3,"2-Formyl-6,6-dimethylbicyclo(3.1.1)hept-2-ene",Spicy,Cinnamon,Tonka,26
59020-90-5,2-Furanmethanethiol formate,Sulfurous,Nutty,Coffee,26
1192-62-7,2-Furyl methyl ketone,Gourmand,Sweet,Milky,26
1392277-05-2,"2H-2,4a-Methanonaphthalen-1(5H)-one, hexahydro-5,5-dimethyl-2-propyl-",Woody,Amber,Dry,26
676125-00-1,"2H-2,4a-Methanonaphthalene, 1,3,4,5,6,7-hexahydro-7-methoxy-1,1,5,5-tetramethyl-",Woody,Vetiver,Grapefruit,26
1127890-59-8,"2H-Cyclopenta[b]furan, hexahydro-6,6,6a-trimethyl-2-(1-methylpropyl)-",Fruity,Woody,Green,26
875471-31-1,"2H-Pyran-2-one, tetrahydro-5-pentyl-",Citrus,Verbena,Green,26
214335-70-3,"2H-Pyran-2-one, tetrahydro-5-propyl-",Gourmand,Coconut,Tobacco,26
1099648-69-7,"2H-Pyran-4-ol, 2-(1-ethylpropyl)tetrahydro-4-methyl-",Green,Floral,Verbena,26
854737-09-0,"2H-Pyran, 3-heptyltetrahydro-",Green,Coriander,Aldehydic,26
60335-74-2,"2H-Pyran, tetrahydro-4-methylene-2-phenyl-",Floral,Green,Rose,26
950919-28-5,"2H-1,5-Benzodioxepin-3(4H)-one, 7-(1-methylethyl)-",Floral,Green,Marine,26
543-49-7,2-Heptanol,Herbal,Fresh,Lemongrass,26
110-43-0,2-Heptanone,Herbal,Fruity,Pear,27
5921-82-4,2-Heptyl acetate,Fruity,Fenugreek,Green,27
4359-57-3,"2-Heptyl-1,3-dioxolane",Citrus,Orange,Aldehydic,27
137-03-1,2-Heptylcyclopentanone,Floral,Jasmin,Fruity,27
39189-74-7,2-Heptylidenecyclopentan-1-one,Floral,Fruity,Jasmin,27
2435-16-7,2-Heptyltetrahydrofuran,Green,Rose,Floral,27
7541-49-3,"2-Hexadecen-1-ol, 3,7,11,15-tetramethyl-",Floral,Green,Jasmin,27
626-93-7,2-Hexanol,Herbal,Fruity,Green,27
2305-21-7,2-Hexen-1-ol,Green,Sharp,Leafy,27
341017-24-1,"2-Hexen-1-ol, 3-methyl-, 1-acetate",Fruity,Apple,Pear,27
505-57-7,2-Hexenal,Green,Aldehydic,Floral,27
165184-98-5,2-Hexyl-(E)-cinnamaldehyde,Floral,Jasmin,Citrus,27
1708-34-5,"2-Hexyl-1,3-dioxolane",Fruity,Fresh,Green,27
13074-65-2,2-Hexylcyclopentanone,Floral,Jasmin,Fruity,27
17373-89-6,2-Hexylidene cyclopentanone,Floral,Jasmin,Green,27
16429-07-5,2-Hexylidenecyclohexan-1-one,Green,Floral,Muguet,27
476332-65-7,"2H-Indeno[4,5b] furan, decahydro-2,2,6,6,7,8,8-heptamethyl",Amber,Woody,Dry,27
149713-24-6,"2H-Pyran, tetrahydro-4-methyl-2-phenyl-, (2R,4R)-rel-",Floral,Rose,Green,27
149713-23-5,"2H-Pyran, tetrahydro-4-methyl-2-phenyl-,(2R,4S)-rel",Floral,Rose,Green,27
118-93-4,2-Hydroxyacetophenone,Balsamic,Phenolic,Honey,27
42822-86-6,"2-Hydroxy-alpha,alpha,4-trimethylcyclohexanemethanol",Floral,Geranium,Rose,27
1984-60-7,2-Hydroxyethyl phenoxyacetate,Floral,Green,Rose,27
87-41-2,2-Hydroxymethylbenzoic acid gamma lactone,Tobacco like,Hay,Coconut,27
24683-00-9,2-Isobutyl-3-methoxypyrazine,Green,Galbanum,Pea,27
13925-06-9,2-Isobutyl-3-methylpyrazine,Gourmand,Caramel,Herbal,27
63500-71-0,2-Isobutyl-4-methyltetrahydro-2H-pyran-4-ol (Pyranol),Floral,Muguet,Soft,27
93-19-6,2-Isobutylquinoline,Woody,Amber,Dry,27
18640-74-9,2-Isobutylthiazole,Green,Earthy,Metallic,27
31574-44-4,2-Isopropyl-4-methylanisole,Green,Aromatic,Herbal,27
15679-13-7,2-Isopropyl-4-methylthiazole,Fruity,Apricot,Peach,27
35158-25-9,2-Isopropyl-5-methyl-2-hexenal,Herbal,Lavender,Woody,27
88-69-7,2-Isopropylphenol,Animal like,Phenolic,Woody,27
24168-70-5,2-Methoxy-3-(1-methylpropyl)pyrazine,Green,Galbanum,Pea,28
25773-40-4,2-Methoxy-3(5 and 6)-isopropylpyrazine,Gourmand,Chocolate,Ethereal,28
2847-30-5,2-Methoxy-3-methylpyrazine,Green,Almond,Peanut,28
93-51-6,2-Methoxy-4-methylphenol,Spicy,Smoky,Vanilla,28
2785-87-7,2-Methoxy-4-propylphenol,Spicy,Dry,Bayleaf,28
7786-61-0,2-Methoxy-4-vinylphenol,Spicy,Sweet,Clove,28
91-63-4,2-Methyl quinoline,Green,Woody,Medicinal,28
1569-60-4,2-Methyl-2-hepten-6-ol,Green,Floral,Citrus,28
623-36-9,2-Methyl-2-pentenal,Herbal,Fresh,Floral,28
16957-70-3,2-Methyl-2-pentenoic acid,Fruity,Strawberry,Woody,28
75-65-0,2-Methyl-2-propanol,Aromatic,Camphoraceous,Herbal,28
68555-63-5,2-Methyl-3-(1-oxopropoxy)-4H-pyran-4-one,Gourmand,Sweet,Strawberry,28
103-95-7,2-Methyl-3-(p-isopropylphenyl)propionaldehyde,Floral,Green,Cyclamen,28
32737-14-7,"2-Methyl-3,5 or 6-ethoxypyrazine",Gourmand,Sweet,Nutty,28
115-18-4,2-Methyl-3-buten-2-ol,Herbal,Earthy,Oily,28
41496-43-9,2-Methyl-3-tolylpropionaldehyde,Floral,Citrus,Balsamic,28
28219-60-5,"2-Methyl-4-(2,2,3-trimethyl-3-cyclopenten-1-yl)-2-buten-1-ol",Woody,Sandalwood,Creamy,28
104864-90-6,"2-Methyl-4-(2,2,3-trimethyl-3-cyclopenten-1-yl)-4-penten-1-ol",Woody,Sandalwood,Pungent,28
72089-08-8,"2-Methyl-4(2,2,3-trimethyl-3-cyclopentenyl)butanol",Woody,Sandalwood,Warm,28
3155-71-3,"2-Methyl-4-(2,6,6-trimethylcyclohex-1-en-1-yl)-2-butenal",Floral,Violet,Osmanthus,28
68901-22-4,2-Methyl-4-(camphenyl-8)-cyclohexanone,Animal like,Woody,Amber,28
33941-99-0,"2-Methyl-4-phenyl-1,3-dioxolane",Animal like,Floral,Jasmin,28
103-05-9,2-Methyl-4-phenyl-2-butanol,Floral,Rose,Citrus,28
103-07-1,2-Methyl-4-phenyl-2-butyl acetate,Floral,Rose,Tea,28
10031-71-7,2-Methyl-4-phenyl-2-butyl isobutyrate,Fruity,Sweet,Tropical-Fruit,28
40654-82-8,2-Methyl-4-phenylbutyraldehyde,Floral,Earthy,Musty,28
92585-24-5,2-Methyl-4-phenylpentanol,Citrus,Grapefruit,Fresh,28
67715-80-4,"2-Methyl-4-propyl-1,3-oxathiane",Green,Tropical-Fruit,Galbanum,28
13678-59-6,2-Methyl-5-(methylthio)furan,Food Like,Roasted,Coffee,28
25634-93-9,2-Methyl-5-phenylpentanol,Floral,Rose,Powdery,28
137-32-6,2-Methylbutanol,Fruity,Fresh,Green,28
2445-78-5,2-Methylbutyl 2-methylbutyrate,Fruity,Pear,Apple,28
2445-77-4,2-Methylbutyl 3-methylbutanoate,Fruity,Apple,Pear,29
624-41-9,2-Methylbutyl acetate,Fruity,Sweet,Banana,29
51115-64-1,2-Methylbutyl butyrate,Fruity,Apple,Floral,29
96-17-3,2-Methylbutyraldehyde,Gourmand,Cocoa,Coffee,29
19009-56-4,2-Methyldecanal,Aldehydic,Citrus,Floral,29
69300-15-8,2-Methyldecanenitrile,Fruity,Peach,Jasmin,29
1188-02-9,2-Methylheptanoic acid,Food Like,Waxy,Cheesy,29
91-57-6,2-Methylnaphthalene,Floral,Sweet,Woody,29
7786-29-0,2-Methyloctanal,Floral,Rose,Muguet,29
3142-72-1,2-Methylpent-2-en-1-oic acid,Fruity,Sweet,Strawberry,29
1838-88-6,2-Methylpent-2-en-1-yl acetate,Fruity,Pear,Melon,29
123-15-9,2-Methylpentanal,Fruity,Fresh,Herbal,29
50607-64-2,2-Methylpentanal-methyl anthranilate (Schiff base),Green,Citrus,Floral,29
90397-38-9,2-Methylpentyl 2-methylvalerate,Fruity,Green,Pear,29
2445-67-2,2-Methylpropyl 2-methylbutyrate,Fruity,Sweet,Berry,29
589-59-3,2-Methylpropyl 3-methylbutyrate,Fruity,Apple,Raspberry,29
5461-06-3,2-Methylpropyl octanoate,Fruity,Green,Oily,29
10588-10-0,2-Methylpropyl pentanoate,Fruity,Sweet,Tropical-Fruit,29
109-08-0,2-Methylpyrazine,Food Like,Nutty,Earthy,29
3188-00-9,2-Methyltetrahydrofuran-3-one,Gourmand,Nutty,Caramel,29
80-59-1,2-Methyl-trans-2-butenoic acid,Spicy,Woody,Caramel,29
110-41-8,2-Methylundecanal,Aldehydic,Orange,Citrus,29
68141-17-3,2-Methylundecanal dimethyl acetal,Aldehydic,Lemon,Green,29
24323-25-9,2-Methylundecanoic acid,Fruity,Waxy,Creamy,29
97-61-0,2-Methylvaleric acid,Acidic,Sour,Cheesy,29
127459-79-4,"2-Naphthalenecarboxaldehyde, 5,6,7,8-tetrahydro-3,5,5,6,7,8,8-heptamethyl-",Musk like,Earthy,Floral,29
821-55-6,2-Nonanone,Fruity,Floral,Herbal,29
22104-79-6,2-Nonen-1-ol,Fruity,Oily,Melon,29
2463-53-8,2-Nonenal,Green,Cucumber,Oily,29
21963-26-8,2-Nonenoic acid gamma-lactone,Fruity,Minty,Coconut,29
13257-44-8,2-Nonyn-1-al dimethylacetal,Green,Floral,Violet,29
123-96-6,2-Octanol,Green,Floral,Leafy,29
111-13-7,2-Octanone,Green,Mushroom,Banana,30
4643-27-0,2-Octen-4-one,Fruity,Sweet,Tropical-Fruit,30
2363-89-5,2-Octenal,Aldehydic,Green,Herbal,30
60308-76-1,"2-Octenoic acid, 4-ethyl-, (2E)-",Animal like,Leathery,Warm,30
2345-28-0,2-Pentadecanone,Floral,Oily,Fresh,30
6032-29-7,2-Pentanol,Gourmand,Fermented,Fruity,30
107-87-9,2-Pentanone,Fruity,Sweet,Fermented,30
21016-46-6,"2-Pentenoic acid, 2,4-dimethyl-, ethyl ester, (2E)-",Herbal,Fruity,Green,30
84560-00-9,2-Pentylcyclopentan-1-ol,Floral,Magnolia,Fruity,30
4819-67-4,2-Pentylcyclopentan-1-one,Floral,Jasmin,Green,30
3777-69-3,2-Pentylfuran,Fruity,Green,Cocoa,30
68141-20-8,2-Phenethyl crotonate,Floral,Rose,Neutral,30
122-99-6,2-Phenoxyethanol,Floral,Rose,Spicy,30
103-60-6,2-Phenoxyethyl isobutyrate,Floral,Fruity,Rose,30
23495-12-7,2-Phenoxyethyl propionate,Fruity,Balsamic,Myrrh,30
4411-89-6,2-Phenyl-2-butenal,Gourmand,Honey,Rose,30
617-94-7,2-Phenyl-2-propanol,Balsamic,Green,Floral,30
67662-96-8,2-Phenylethyl pivalate,Floral,Rose,Fruity,30
7460-74-4,2-Phenylethyl valerate,Floral,Fruity,Rose,30
3508-98-3,2-Phenylhexanenitrile,Herbal,Balsamic,Green,30
93-53-8,2-Phenylpropionaldehyde,Green,Floral,Rose,30
90-87-9,2-Phenylpropionaldehyde dimethyl acetal,Floral,Green,Watery,30
2520-60-7,2-Prenylcyclopentanone,Floral,Jasmin,Warm,30
90530-04-4,"2-Propanol, reaction products with boron trifluoride and 5-ethylidenebicyclo[2.2.1]hept- 2-ene",Herbal,Citrus,Liquorice,30
56138-10-4,"2-Propen-1-ol, 2-methyl-3-(4-methylphenyl)-, (2E)-",Floral,Anisic,Linden,30
820975-49-3,"2-Propenoic acid, 2-[1-(3,3-dimethylcyclohexyl)ethoxy]-2-methylpropyl ester",Musk like,Fruity,Pear,30
208041-98-9,2-Propyl heptanenitrile,Floral,Fruity,Jasmin,30
699-02-5,2-p-Tolylethanol,Floral,Rose,Cyclamen,30
14765-30-1,2-sec-Butylcyclohexanone,Herbal,Minty,Camphoraceous,30
13491-79-7,2-tert-Butylcyclohexanol,Herbal,Camphoraceous,Minty,30
1728-46-7,2-tert-Butylcyclohexanone,Woody,Camphoraceous,Patchouli,30
88-41-5,2-tert-Butylcyclohexyl acetate,Fruity,Apple,Woody,31
21662-13-5,2-trans-6-cis-Dodecadienal,Citrus,Green,Fruity,31
56767-18-1,2-trans-6-trans-Octadienal,Aldehydic,Citrus,Green,31
20407-84-5,2-trans-Dodecenal,Aldehydic,Citrus,Coriander,31
593-08-8,2-Tridecanone,Herbal,Fruity,Floral,31
7774-82-5,2-Tridecenal,Aldehydic,Mandarin,Orange,31
1653-30-1,2-Undecanol,Fruity,Oily,Peach,31
112-12-9,2-Undecanone,Herbal,Floral,Citrus,31
2463-77-6,2-Undecenal,Citrus,Green,Fruity,31
22629-48-7,2-Undecenenitrile,Green,Citrus,Floral,31
31906-04-4,3 and 4-(4-Hydroxy-4-methylpentyl)-3-cyclohexene-1-carboxaldehyde,Floral,Muguet,Sweet,31
1577-18-0,"3-Hexenoic acid, (3E)-",Food Like,Cheesy,Fruity,31
85508-08-3,"3-Pentenoic acid, 2-methyl-, hexyl ester",Fruity,Tropical-Fruit,Sweet,31
40942-73-2,3-(2-Oxopropyl)-2-pentylcyclopentanone,Floral,Jasmin,Fresh,31
68804-00-2,"3-(4,7,7-Trimethylbicyclo[4.1.0]hept-3-yl)acrylonitrile",Floral,Rose,Fresh,31
68804-02-4,"3-(4,7,7-Trimethylbicyclo[4.1.0]hept-3-ylidene)propiononitrile",Floral,Rose,Fresh,31
51414-25-6,3-(4-Hydroxy-4-methylpentyl)cyclohex-3-ene-1-carbaldehyde,Floral,Muguet,Aldehydic,31
15760-18-6,3-(4-Methyl-3-cyclohexenyl)butanol,Floral,Rose,Muguet,31
68084-04-8,3-(4-Methyl-3-pentenyl)-3-cyclohexene-1-carbonitrile,Marine,Cooling,Fresh,31
52475-89-5,3-(4-Methyl-3-pentenyl)cyclohex-3-ene-1-carbaldehyde,Aldehydic,Fresh,Green,31
6819-19-8,3-(4-Methylcyclohex-3-enyl)-3-butenyl acetate,Floral,Herbal,Green,31
3407-42-9,"3-(5,5,6-Trimethylbicyclo[2.2.1]hept-2-yl)cyclohexan-1-ol",Woody,Soft,Sweet,31
53253-09-1,3-(cis-3-hexenyl)-2-cyclopentenone,Floral,Citrus,Jasmin,31
142653-61-0,3-(cis-3-Hexenyloxy)propanenitrile,Green,Floral,Violet,31
59191-78-5,3-(Hydroxymethyl)-2-octanone,Herbal,Sweet,Lavender,31
67801-33-6,3-(Hydroxymethyl)nonan-2-one,Herbal,Lavender,Sweet,31
51755-66-9,3-(Methylthio)-1-hexanol,Fruity,Pineapple,Mango,31
51755-85-2,3-(Methylthio)hexyl acetate,Sulfurous,Garlic,Onion,31
505-10-2,3-(Methylthio)propanol,Sulfurous,Onion,Garlic,31
3268-49-3,3-(Methylthio)propionaldehyde,Food Like,Vegetable,Fatty,31
62518-65-4,3-(m-tert-Butylphenyl)-2-methylpropionaldehyde,Floral,Muguet,Sweet,31
67634-14-4,"3-(o-Ethylphenyl)-2,2-dimethylpropionaldehyde",Floral,Ozonic,Aldehydic,31
130066-44-3,3(or 4)-(4-Hydroxy-4-methylpentyl)-3-cyclohexene-1-carboxaldehyde,Floral,Muguet,Sweet,32
7775-00-0,3-(p-Isopropylphenyl)propionaldehyde,Floral,Muguet,Lily,32
56107-04-1,3-(p-tert-Butylphenyl)-2-methylpropanol,Floral,Lily,Fresh,32
76649-26-8,"3,6-Nonadien-1-ol, 1-acetate",Green,Fresh,Floral,32
134769-33-8,"3,12-Tridecadienenitrile",Citrus,Mandarin,Orange,32
124071-42-7,"3,12-Tridecadienenitrile, (3E)-",Citrus,Mandarin,Orange,32
36306-87-3,"3,3,5,5-Tetramethyl-4-ethoxyvinylcyclohexanone",Woody,Amber,Tobacco,32
67859-96-5,"3,3,5-Trimethylcyclohexyl acetate",Green,Floral,Herbal,32
67583-77-1,"3,3,5-Trimethylcyclohexyl ethyl ether",Green,Herbal,Watery,32
107898-54-4,"3,3-Dimethyl-5-(2,2,3-trimethyl-3-cyclopenten-1-yl)-4-penten-2-ol",Woody,Sandalwood,Floral,32
72429-08-4,"3,4,4a,5,8,8a(Or 3,4,4a,7,8,8a)-Hexahydro-3,3,6,7-tetramethyl-1H-2-benzopyran",Citrus,Fresh,Grapefruit,32
41723-98-2,"3,4,4a,5,8,8a-Hexahydro-3',6-dimethylspiro[1,4-methanonaphtalene-2(1H),2'-oxirane]",Fruity,Rhubarb,Woody,32
41816-03-9,"3,4,4a,5,8,8a-Hexahydro-3',7-dimethylspiro[1,4-methanonaphthalene-2(1H),2'-oxirane]",Fruity,Woody,Spicy,32
86115-11-9,"3,4,5,6,6-Pentamethylhept-3-en-2-one",Woody,Violet,Cedarwood,32
87118-95-4,"3,4,5,6,6-Pentamethylheptan-2-ol",Woody,Amber,Vetiver,32
13494-06-9,"3,4-Dimethyl-1,2-cyclopentadione",Gourmand,Caramel,Licorice,32
632-15-5,"3,4-Dimethylthiophene",Sulfurous,Roasted,Onion,32
4437-51-8,"3,4-Hexanedione",Gourmand,Buttery,Caramel,32
95-65-8,"3,4-Xylenol",Smoky,Roasted,Earthy,32
3452-97-9,"3,5,5-Trimethyl-1-hexanol",Herbal,Green,Geranium,32
116-02-9,"3,5,5-Trimethylcyclohexanol",Minty,Cooling,Earthy,32
5435-64-3,"3,5,5-Trimethylhexanal",Green,Floral,Aldehydic,32
58430-94-7,"3,5,5-Trimethylhexyl acetate",Citrus,Green,Herbal,32
81787-06-6,"3,5,6,6-Tetramethyl-4-methyleneheptan-2-ol",Woody,Amber,Dry,32
81786-75-6,"3,5,6,6-Tetramethyl-4-methyleneheptan-2-one",Woody,Violet,Cedarwood,32
65416-17-3,"3,5-Diethyl-2,6-dimethylcyclohex-2-en-1-one",Herbal,Warm,Woody,32
4179-19-5,"3,5-Dimethoxytoluene",Earthy,Nutty,Sweet,32
13494-07-0,"3,5-Dimethyl-1,2-cyclopentadione",Gourmand,Toffee,Burnt,32
68039-48-5,"3,5-Dimethylcyclohex-3-ene-1-carbaldehyde",Green,Grassy,Citrus,32
67634-25-7,"3,5-Dimethylcyclohex-3-ene-1-methyl acetate",Fruity,Citrus,Grapefruit,32
67634-16-6,"3,5-Dimethylcyclohexene-1-methanol",Floral,Herbal,Green,32
68213-86-5,"3,5-Dimethylcyclohexylmethyl acetate",Floral,Herbal,Woody,33
108-68-9,"3,5-Dimethylphenol",Food Like,Coffee,Smoky,33
68039-40-7,"3,6-Dihydro-2,4-dimethyl-6-phenyl-2H-pyran",Floral,Rose,Geranium,33
68039-41-8,"3,6-Dihydro-4,6-dimethyl-2-phenyl-2H-pyran",Herbal,Green,Leafy,33
60335-71-9,"3,6-Dihydro-4-methyl-2-phenyl-2H-pyran",Green,Floral,Rose,33
67801-65-4,"3,6-Dimethyl-3-cyclohexene-1-carboxaldehyde",Green,Grassy,Citrus,33
60763-42-0,"3,6-Dimethyl-3-octanyl acetate",Floral,Sweet,Fruity,33
76649-25-7,"3,6-Nonadien-1-ol",Green,Fresh,Violet,33
6753-98-6,"3,7,10-Humulatriene",Woody,Balsamic,Warm,33
13877-91-3,"3,7-Dimethyl-1,3,6-octatriene",Herbal,Metallic,Citrus,33
10339-55-6,"3,7-Dimethyl-1,6-nonadien-3-ol (Ethyllinalool)",Floral,Fresh,Lavender,33
61931-80-4,"3,7-Dimethyl-1,6-nonadien-3-yl acetate",Floral,Citrus,Fresh,33
106-21-8,"3,7-Dimethyl-1-octanol",Floral,Rose,Citrus,33
20780-49-8,"3,7-Dimethyl-1-octanyl acetate",Fruity,Sweet,Honey,33
61792-11-8,"3,7-Dimethyl-2,6-nonadienenitrile",Citrus,Lemon,Green,33
624-15-7,"3,7-Dimethyl-2,6-octadien-1-ol",Floral,Rose,Geranium,33
22418-66-2,"3,7-Dimethyl-2-methylenocta-6-enal",Citrus,Fresh,Floral,33
55722-59-3,"3,7-Dimethyl-3,6-octadienal",Citrus,Lemon,Rose,33
18479-54-4,"3,7-Dimethyl-4,6-octadien-3-ol",Floral,Muguet,Fresh,33
502-47-6,"3,7-Dimethyl-6-octenoic acid",Green,Oily,Floral,33
41890-92-0,"3,7-Dimethyl-7-methoxyoctan-2-ol",Woody,Soft,Sandalwood,33
18479-49-7,"3,7-Dimethyloct-1-en-3-ol",Herbal,Floral,Lavender,33
18479-51-1,"3,7-Dimethyloct-6-en-3-ol",Floral,Citrus,Woody,33
67601-05-2,"3,7-Dimethyloct-6-enyl acetate",Citrus,Fruity,Geranium,33
141-25-3,"3,7-Dimethyloct-7-en-1-ol",Floral,Rose,Geranium,33
22460-95-3,"3,7-Dimethyloct-7-ene-1,6-diol",Floral,Rose,Geranium,33
40188-41-8,"3,7-Dimethyloctanenitrile",Citrus,Lemon,Aldehydic,33
22810-10-2,"3,7-Dimethyloctyl ethyl ether",Floral,Rose,Citrus,33
831213-72-0,"3,9-Dimethyl-6-(1-methylethyl)-1,4-dioxaspiro[4.5]decan-2-one",Minty,Green,Herbal,33
1315250-65-7,3-[cis-4-(2-methylpropyl)cyclohexyl]propanal,Floral,Muguet,Aldehydic,33
1315250-67-9,3-[trans-4-(2-methylpropyl)cyclohexyl]propanal,Floral,Muguet,Aldehydic,33
7158-25-0,"3a,4,4a,5,8,8a,9,9a-Octahydro-4,9:5,8-dimethano-1H-benz[f]indene",Woody,Balsamic,Patchouli,33
94248-21-2,"3a,4,5,6,7,7a-Hexahydro-2,6(or 3,6)-dimethyl-4,7-methano-1H-inden-5-ol",Aromatic,Fresh,Camphoraceous,34
67634-20-2,"3a,4,5,6,7,7a-Hexahydro-4,7-methano-1H-inden-5-yl isobutyrate",Fruity,Peach,Pineapple,34
68039-45-2,"3a,4,5,6,7,7a-Hexahydro-4,7-methano-1H-inden-5-yl pivalate",Herbal,Floral,Ozonic,34
68039-39-4,"3a,4,5,6,7,7a-Hexahydro-4,7-methano-1H-inden-6-yl isobutyrate",Fruity,Pineapple,Peach,34
68039-44-1,"3a,4,5,6,7,7a-Hexahydro-4,7-methano-1H-inden-6-yl pivalate",Fruity,Peach,Apricot,34
68912-13-0,"3a,4,5,6,7,7a-Hexahydro-4,7-methano-1H-indenyl propionate (mixture of isomers)",Fruity,Floral,Pear,34
53018-24-9,"3a,4,5,6,7,7a-Hexahydro-5-methoxy-4,7-methano-1H-indene",Herbal,Lavender,Green,34
27135-90-6,"3a,4,5,6,7,7a-Hexahydromethoxy-4,7-methano-1H-indene (isomer unspecified)",Green,Nasturtium,Hyacinth,34
58096-47-2,"3a,7-Methano-3aH-cyclopentacycloocten-3-ol, decahydro-1,1,7-trimethyl-, formate",Woody,Cedarwood,Dry,34
10599-70-9,"3-Acetyl-2,5-dimethylfuran",Gourmand,Coffee,Nutty,34
136954-25-1,3-Acetylmercaptohexyl acetate,Gourmand,Sulfurous,Tropical-Fruit,34
350-03-8,3-Acetylpyridine,Food Like,Roasted,Waxy,34
60466-73-1,3-Benzyltetrahydropyran,Citrus,Rhubarb,Green,34
54992-90-4,"3-Buten-2-one, 4-(2,2,3,6-tetramethylcyclohexyl)-",Woody,Orris,Amber,34
54992-91-5,"3-Buten-2-one, 4-[2,5,6,6-tetramethyl-1(or 2)-cyclohexen-1-yl]-",Floral,Violet,Woody,34
551-08-6,3-Butylidenephthalide,Herbal,Celery,Green,34
66848-40-6,"3-Cyclohexene-1-carbonitrile, 3,5(2,4)-dimethyl-",Woody,Warm,Green,34
21690-43-7,"3-Cyclohexene-1-carbonitrile, 4-(4-methyl-3-pentenyl)-",Ozonic,Fresh,Citrus,34
815580-59-7,"3-Cyclohexene-1-carboxylic acid, 2,6,6-trimethyl-, methyl ester",Floral,Rose,Fruity,34
426218-78-2,"3-Cyclohexene-1-methanol, 3(or 4)-methyl-1-(2,2,3-trimethyl-3-cyclopenten-1-yl)-, acid-isomerized",Fruity,Fresh,Cassis,34
166432-53-7,"3-Cyclopentene-1-butanal, alpha,2,2,3-tetramethyl-.gamma.-methylene",Woody,Sandalwood,Dry,34
10519-33-2,3-Decen-2-one,Green,Oily,Fruity,34
68083-57-8,3-Dodecenal,Citrus,Mandarin,Orange,34
13360-65-1,"3-Ethyl-2,5-dimethylpyrazine",Food Like,Nutty,Green,34
13925-07-0,"3-Ethyl-2,6-dimethylpyrazine",Food Like,Peanut,Nutty,34
21835-01-8,3-Ethyl-2-hydroxy-2-cyclopenten-1-one,Gourmand,Coffee,Caramel,34
54491-17-7,3-Ethylhexahydro-2(3H)-benzofuranone,Tobacco like,Hay,Warm,34
620-17-7,3-Ethylphenol,Food Like,Coffee,Phenolic,34
536-78-7,3-Ethylpyridine,Green,Leathery,Tobacco,34
106-35-4,3-Heptanone,Fruity,Green,Oily,34
589-38-8,3-Hexanone,Fruity,Sweet,Grape,34
86460-54-0,"3-Hexanone, 2-methyl-, oxime",Green,Fruity,Apple,35
851768-51-9,"3-Hexanone, 5-mercapto-5-methyl-",Fruity,Grape,Cassis,35
544-12-7,3-Hexen-1-ol (isomer unspecified),Green,Fresh,Floral,35
4440-65-7,3-Hexenal,Green,Fruity,Floral,35
888744-18-1,"3-Hexene, 1-(2-buten-1-yloxy)-, (3Z)-",Green,Fresh,Floral,35
292605-05-1,"3-Hexene, 1-[(2-methyl-2-propenyl)oxy]- (3Z)-",Green,Fresh,Floral,35
10094-41-4,3-Hexenyl 2-methylbutanoate,Fruity,Apple,Green,35
68133-76-6,3-Hexenyl 2-oxopropionate,Green,Oily,Melon,35
42436-07-7,3-Hexenyl phenylacetate,Green,Floral,Honey,35
18436-37-8,3-Hexyldihydrofuran-2(3H)-one,Fruity,Floral,Coconut,35
67633-97-0,3-Mercapto-2-pentanone,Sulfurous,Onion,Vegetable,35
34300-94-2,3-Mercapto-3-methyl-1-butanol,Food Like,Roasted,Sweet,35
75832-79-0,3-Mercapto-4-methyl-2-pentanone,Fruity,Blackcurrant,Berry,35
51755-83-0,3-Mercaptohexanol,Fruity,Tropical-Fruit,Citrus,35
136954-20-6,3-Mercaptohexyl acetate,Fruity,Tropical-Fruit,Floral,35
3209-13-0,3-Methoxy-5-cresol,Woody,Mossy,Hay,35
541-91-3,3-Methyl-1-cyclopentadecanone,Musk like,Powdery,Animal Like,35
1128-08-1,3-Methyl-2-(n-pentanyl)-2-cyclopenten-1-one,Floral,Jasmin,Myrrh,35
68922-13-4,3-Methyl-2-(pentyloxy)cyclopent-2-en-1-one,Floral,Jasmin,Green,35
113486-29-6,"3-Methyl-2,4-nonedione",Fruity,Caramel,Burnt,35
556-82-1,3-Methyl-2-buten-1-ol,Green,Fruity,Lavender,35
107-86-8,3-Methyl-2-butenal,Aldehydic,Fruity,Nutty,35
1191-16-8,3-Methyl-2-butenyl acetate,Fruity,Pear,Green,35
5205-11-8,3-Methyl-2-butenyl benzoate,Floral,Fruity,Green,35
68555-58-8,3-Methyl-2-butenyl salicylate,Floral,Herbal,Green,35
1193-18-6,3-Methyl-2-cyclohexen-1-one,Gourmand,Nutty,Sweet,35
13074-63-0,3-Methyl-2-pentylcyclopentan-1-one,Floral,Fruity,Jasmin,35
5205-07-2,3-Methyl-3-butenyl acetate,Fruity,Pear,Apple,35
67801-29-0,"3-Methyl-4-(2,4,6-trimethyl-3-cyclohexen-1-yl)-3-buten-2-one",Herbal,Fresh,Celery,35
65113-95-3,"3-Methyl-5-(2,2,3-trimethyl-3-cyclopenten-1-yl)pent-3-en-2-one",Woody,Floral,Violet,35
67801-20-1,"3-Methyl-5-(2,2,3-trimethyl-3-cyclopenten-1-yl)pent-4-en-2-ol",Woody,Sandalwood,Milky,35
63314-79-4,3-Methyl-5-cyclopentadecen-1-one,Musk like,Floral,Powdery,35
93893-89-1,3-Methyl-5-phenylpent-2-enenitrile,Citrus,Rose,Cinnamon,36
54089-83-7,3-Methyl-5-phenylpentanenitrile,Citrus,Floral,Waxy,36
55066-48-3,3-Methyl-5-phenylpentanol,Floral,Rose,Green,36
3720-16-9,3-Methyl-5-propyl-2-cyclohexen-1-one,Herbal,Spicy,Celery,36
3842-03-3,3-Methylbutanal diethyl acetal,Fruity,Oily,Peach,36
19329-89-6,3-Methylbutyl 2-hydroxypropionate,Fruity,Creamy,Nutty,36
10482-55-0,3-Methylbutyl 2-methyl-2-butenoate,Floral,Chamomile,Fruity,36
27625-35-0,3-Methylbutyl 2-methylbutanoate,Fruity,Berry,Citrus,36
2050-01-3,3-Methylbutyl 2-methylpropanoate,Fruity,Sweet,Apricot,36
2050-09-1,3-Methylbutyl valerate,Fruity,Green,Apple,36
590-86-3,3-Methylbutyraldehyde,Aldehydic,Chocolate,Peach,36
541-47-9,3-Methylcrotonic acid,Green,Phenolic,Dairy,36
82356-51-2,3-Methylcyclopentadecenone,Powdery,Warm,Musk Like,36
765-70-8,"3-Methylcyclopentane-1,2-dione",Gourmand,Licorice,Caramel,36
85351-07-1,3-Methyldodecanonitrile,Citrus,Orange,Clean,36
105-43-1,3-Methylpentanoic acid,Acidic,Sharp,Cheesy,36
53082-58-9,3-Methylpentyl 2-methylisocrotonate,Woody,Floral,Celery,36
624-51-1,3-Nonanol,Green,Herbal,Oily,36
925-78-0,3-Nonanone,Fruity,Floral,Sweet,36
14309-57-0,3-Nonen-2-one,Fruity,Berry,Licorice,36
589-98-0,3-Octanol,Earthy,Mushroom,Woody,36
106-68-3,3-Octanone,Herbal,Fruity,Mushroom,36
1669-44-9,3-Octen-2-one,Earthy,Mushroom,Sweet,36
4864-61-3,3-Octyl acetate,Fruity,Bergamot,Woody,36
40785-62-4,3-Oxabicyclo[10.3.0]pentadec-6-ene,Musk like,Earthy,Powdery,36
68611-23-4,"3-Pentanone, 1-(2,6,6-trimethyl-2-cyclohexen-1-yl)-, reaction products with 2-propyn-1- ol",Animal like,Amber,Leathery,36
122-97-4,3-Phenyl-1-propanol,Floral,Balsamic,Hyacinth,36
7306-12-9,3-Phenyl-3-buten-1-yl acetate,Anisic,Floral,Balsamic,36
16251-77-7,3-Phenylbutanal,Green,Pungent,Foliage,36
104-53-0,3-Phenylpropionaldehyde,Green,Melon,Aldehydic,36
501-52-0,3-Phenylpropionic acid,Floral,Sweet,Spicy,36
122-72-5,3-Phenylpropyl acetate,Spicy,Balsamic,Cinnamon,37
122-68-9,3-Phenylpropyl cinnamate,Balsamic,Spicy,Fruity,37
103-58-2,3-Phenylpropyl isobutyrate,Fruity,Sweet,Balsamic,37
39067-39-5,3-Propylbicyclo[2.2.1]hept-5-ene-2-carboxaldehyde,Green,Aldehydic,Floral,37
17369-59-4,3-Propylidenephthalide,Herbal,Celery,Sweet,37
31846-06-7,3-tert-Butylcyclohexyl acetate,Fruity,Apple,Woody,37
23267-57-4,"4-(1,2-Epoxy-2,6,6-trimethylcyclohexyl)-3-buten-2-one",Floral,Violet,Powdery,37
66072-32-0,"4-(1,7,7-Trimethylbicyclo[2.2.1]hept-2-yl)-cyclohexanol",Woody,Sandalwood,Balsamic,37
14576-08-0,4-(1-Methoxy-1-methylethyl)-1-methylcyclohexene,Floral,Neroli,Bergamot,37
67801-38-1,"4-(2,4,6-Trimethyl-3-cyclohexen-1-yl)-3-buten-2-one",Floral,Violet,Woody,37
65405-84-7,"4-(2,6,6-Trimethyl-2-cyclohexen)-2-methylbutanal",Woody,Orris,Leathery,37
60241-53-4,"4-(2,6,6-Trimethylcyclohexyl)-3-methylbutan-2-ol",Woody,Violet,Cedarwood,37
13215-88-8,"4-(2-Butenylidene)-3,5,5-trimethylcyclohex-2-en-1-one",Tobacco like,Warm,Plum,37
55418-52-5,"4-(3,4-Methylenedioxyphenyl)-2-butanone",Fruity,Sweet,Raspberry,37
2057-49-0,4-(3-Phenylpropyl)pyridine,Spicy,Fresh,Green,37
38462-23-6,"4-(4,8-Dimethylnona-3,7-dienyl)pyridine",Marine,Fresh,Clean,37
67634-03-1,4-(Isopropyl)-.beta.-methylcyclohexanethanol,Floral,Rose,Fresh,37
63449-95-6,4-(Isopropyl)cyclohexyl propionate,Herbal,Green,Fruity,37
23550-40-5,4-(Methylthio)-4-methyl-2-pentanone,Fruity,Blackcurrant,Green,37
5471-51-2,4-(p-Hydroxyphenyl)-2-butanone,Fruity,Powdery,Raspberry,37
104-20-1,4-(p-Methoxyphenyl)-2-butanone,Fruity,Raspberry,Cherry,37
934534-30-2,"4,7-Decadienal",Citrus,Aldehydic,Tangerine,37
1338815-87-4,"4,7-Methano-1H-indene-5-carboxaldehyde, octahydro-6-methyl-",Floral,Muguet,Green,37
129520-41-8,"4,7-Methano-3aH-indene-3a-carboxylic acid, octahydro-, ethyl ester",Fruity,Citrus,Floral,37
1958027-35-4,"4,8-Decadienal, (4Z,8Z)-",Aldehydic,Mandarin,Oily,37
1882830-62-7,"4,8-Undecadienal, (4Z,8Z)-",Aldehydic,Coriander,Oily,37
1882830-61-6,"4,8-Undecadienenitrile, (4Z,8Z)-",Aldehydic,Oily,Citrus,37
1801275-28-4,"4,9-Dodecadienal, (4Z,9Z)-",Aldehydic,Mandarin,Oily,37
1882830-66-1,"4,9-Dodecadienenitrile, (4Z,9Z)-",Aldehydic,Waxy,Mandarin,37
58096-46-1,"4,4,8-Trimethyltricyclo[6.3.1.02,5]dodecan-1-yl formate",Woody,Spicy,Peppery,37
18096-62-3,"4,4a,5,9b-Tetrahydroindeno[1,2-d]-1,3-dioxine",Floral,Earthy,Leathery,37
51519-65-4,"4,4a,6,7,8,8a-Hexahydro-1,4-methanonaphthalen-5(1H)-one",Herbal,Lavender,Pine,37
494-90-6,"4,5,6,7-Tetrahydro-3,6-dimethylbenzofuran",Smoky,Nutty,Earthy,38
76788-46-0,"4,5-Dimethyl-2-ethyl-3-thiazoline",Sulfurous,nutty,Vegetable,38
53498-32-1,"4,5-Dimethyl-2-isobutylthiazole",Floral,Green,Geranium,38
28664-35-9,"4,5-Dimethyl-3-hydroxy-2,5-dihydrofuran-2-one",Gourmand,Caramel,Sweet,38
675-09-2,"4,6-Dimethyl-2H-pyran-2-one",Gourmand,Caramel,Anisic,38
36635-35-5,"4,6-Dimethylcyclohex-3-ene-1-carbaldehyde",Green,Grassy,Citrus,38
74499-58-4,"4,7,7-Trimethyl-2-(3-methyl-2-butenyl)bicyclo[4.1.0]heptan-3-one",Floral,Muguet,Green,38
6784-08-3,"4,7,7-Trimethyl-6-thiabicyclo[3.2.1]oct-3-ene",Fruity,Citrus,Grapefruit,38
68398-18-5,"4,7,7-Trimethyl-6-thiabicyclo[3.2.1]octane",Sulfurous,grapefruit,blackcurrant,38
2550-11-0,"4,7-Dimethyloct-6-en-3-one",Citrus,Grapefruit,Fresh,38
79771-15-6,"4,7-Methano-1H-inden-5-ol, 3a,4,5,6,7,7a-hexahydrodimethyl-",Aromatic,Fresh,Camphoraceous,38
26912-64-1,"4,7-Methano-1H-indene, 3a,4,5,6,7,7a-hexahydro- 5(or 6)-(2-propenyloxy)-",Floral,Anisic,Fruity,38
1339119-15-1,"4,7-Methano-1H-indene-5-acetaldehyde, octahydro-",Floral,Muguet,Green,38
727414-17-7,"4,7-Methano-1H-indenecarboxaldehyde, 3a,4,5,6,7,7a-hexahydro-, reaction product with Me Et ketone, acid-isomerized, reduced",Woody,Sandalwood,Oily,38
67845-50-5,"4,8-Dimethyl-3-7-nonadien-2-ol",Floral,Rose,Lemon,38
71077-31-1,"4,8-Dimethyl-4,9-decadienal",Floral,Cyclamen,Fresh,38
40596-76-7,"4,8-Dimethyl-7-nonen-2-ol",Citrus,Lemon,Grapefruit,38
4166-20-5,"4-Acetoxy-2,5-dimethyl-3(2H)furanone",Gourmand,Caramel,Sweet,38
72207-94-4,4-Acetoxy-3-ethoxybenzaldehyde,Powdery,Vanilla,Creamy,38
18871-14-2,4-Acetoxy-3-pentyltetrahydropyran,Floral,Jasmin,Tea,38
13171-00-1,"4-Acetyl-6-t-butyl-1,1-dimethylindan",Musk like,Powdery,Clean,38
57371-42-3,4-Allyl-2-methoxyphenyl benzyl ether,Spicy,Clove,Floral,38
501-92-8,4-Allylphenol,Herbal,Thyme,Spicy,38
562-74-3,4-Carvomenthenol,Herbal,Earthy,Woody,38
83926-73-2,4-Cyclohexyl-2-methyl-2-butanol,Floral,Coriander,Citrus,38
35720-57-1,4-Cyclopentadecen-1-one,Musk like,Powdery,Soft,38
14595-54-1,"4-Cyclopentadecen-1-one, (Z)-",Musk like,Powdery,Soft,38
90411-73-7,"4-Ethyl-6-(2,6,6-trimethylyclohex-2-en-1-yl)hex-2-ene-1,4-diol, cyclized",Herbal,Fresh,Citrus,38
4748-78-1,4-Ethylbenzaldehyde,Anisic,Almond,Cherry,38
2785-89-9,4-Ethylguaiacol,Spicy,Phenolic,Woody,38
1373821-23-8,"4H-1,3-Benzodioxin, hexahydro-4-methyl-2-(phenylmethyl)-",Floral,Green,Rose,38
211299-54-6,"4H-4a,9-Methanoazuleno[5,6-d]-1,3-dioxole, octahydro-2,2,5,8,8,9a-hexamethyl-, (4aR,5R,7aS,9R)-",Woody,Amber,Warm,39
10250-45-0,"4-Heptanol, 2,6-dimethyl-,acetate",Herbal,Galbanum,Bell Pepper,39
123-19-3,4-Heptanone,Fruity,Fermented,Green,39
6728-31-0,4-Heptenal,Green,Fatty,Creamy,39
18492-65-4,4-Heptenal diethyl acetal,Green,Oily,Cucumber,39
928-91-6,"4-Hexen-1-ol, (4Z)-",Green,Herbal,Vegetable,39
58461-27-1,"4-Hexen-1-ol, 5-methyl-2-(1-methylethenyl)-",Floral,Waxy,Mimosa,39
498-16-8,"4-Hexen-1-ol, 5-methyl-2-(1-methylethenyl)-, (R)-",Herbal,Warm,Rose,39
97384-47-9,"4-Hexenenitrile, 2-ethenyl-2,5-dimethyl-",Citrus,Fresh,Green,39
823178-41-2,"4H-Indeno[4,5-D]-1,3-dioxole, 3a,5,6,7,8,8b-hexahydro-2,2,6,6,7,8,8-heptamethyl-",Amber,Woody,Dry,39
3658-77-3,"4-Hydroxy-2,5-dimethyl-3(2H)-furanone",Gourmand,Caramel,Strawberry,39
498-02-2,4'-Hydroxy-3'-methoxyacetophenone,Balsamic,Sweet,Vanilla,39
39212-23-2,4-Hydroxy-3-methyloctanoic acid lactone,Tobacco like,Woody,Lovage,39
591-12-8,4-Hydroxy-3-pentenoic acid lactone,Herbal,Sweet,Anisic,39
123-08-0,4-Hydroxybenzaldehyde,Woody,Sweet,Almond,39
96-48-0,4-Hydroxybutanoic acid lactone,Fruity,Chocolate,Peach,39
831-97-0,4-Isopropyl-.alpha.-methylcinnamaldehyde,Floral,Green,Spicy,39
14374-92-6,4-Isopropyl-1-methyl-2-propenylbenzene,Green,Carrot,Galbanum,39
6379-73-3,4-Isopropyl-2-methoxy-1-methylbenzene,Herbal,Spicy,Green,39
3583-00-4,"4-Isopropyl-5,5-dimethyl-1,3-dioxane",Herbal,Green,Camphoraceous,39
4621-04-9,4-Isopropylcyclohexanol,Animal like,Floral,Rose,39
94087-83-9,4-Methoxy-2-methyl-2-butanethiol,Fruity,Sulfurous,Mango,39
5462-06-6,4-Methoxy-alpha-methylbenzenepropanal,Anisic,Sweet,Herbal,39
2403-58-9,4-Methoxybenzaldehyde diethyl acetal,Floral,Hawthorn,Powdery,39
100-09-4,4-Methoxybenzoic acid,Animal like,Pungent,Leathery,39
57094-40-3,4-Methyl-1-oxaspiro[5.5]undecan-4-ol,Minty,Camphoraceous,Fresh,39
68228-06-8,4-Methyl-1-oxaspiro[5.5]undecene,Herbal,Camphoraceous,Lavender,39
67634-23-5,"4-Methyl-2-(1-phenylethyl)-1,3-dioxolane",Green,Hay,Dry,39
108-10-1,4-Methyl-2-pentanone,Green,Herbal,Fruity,39
26643-91-4,4-Methyl-2-phenyl-2-pentenal,Gourmand,Cocoa,Nutty,39
81782-77-6,4-Methyl-3-decen-5-ol,Green,Floral,Fruity,39
141-79-7,4-Methyl-3-penten-2-one,Green,Earthy,Vegetable,40
7403-42-1,4-Methyl-4-phenyl-2-pentanone,Woody,Vetiver,Rooty,40
137-00-8,4-Methyl-5-thiazoleethanol,Gourmand,Milky,Creamy,40
1759-28-0,4-Methyl-5-vinylthiazole,Gourmand,Nutty,Musty,40
122760-85-4,"4-Methyl-8-methylenetricyclo[3.3.1.(3,7)]decan-2-yl acetate",Woody,Amber,Vetiver,40
122-00-9,4'-Methylacetophenone,Floral,Soft,Heliotrope,40
2216-45-7,4-Methylbenzyl acetate,Floral,Hyacinth,Green,40
45019-28-1,4-Methylnonanoic acid,Acidic,Animal Like,Dry,40
54947-74-9,4-Methyloctanoic acid,Acidic,Animal Like,Dry,40
646-07-1,4-Methylpentanoic acid,Acidic,Gourmand,Pungent,40
224031-71-4,"4-Penten-1-one, 1-spiro[4.5]dec-6-en-7-yl-",Green,Galbanum,Pineapple,40
224031-70-3,"4-Penten-1-one, 1-spiro[4.5]dec-7-en-7-yl-",Green,Galbanum,Pineapple,40
20962-70-3,"4-Pentenoic acid, 2-acetyl-4-methyl-, ethyl ester",Fruity,Floral,Green,40
2344-70-9,4-Phenyl-2-butanol,Floral,Peony,Mimosa,40
17488-65-2,4-Phenyl-3-buten-2-ol,Balsamic,Floral,Fruity,40
16587-71-6,4-t-Amylcyclohexanone,Woody,Orris,Camphoraceous,40
2040-10-0,"4'-tert-Butyl-2',6'-dimethylacetophenone",Woody,Powdery,Warm,40
98-52-2,4-tert-Butylcyclohexanol,Woody,Camphoraceous,Floral,40
32210-23-4,4-tert-Butylcyclohexyl acetate,Fruity,Apple,Woody,40
546-79-2,4-Thujanol,Herbal,Minty,Eucalyptus,40
30168-23-1,4-Tricyclodecylidene butanal,Floral,Muguet,Aldehydic,40
72881-27-7,5- and 6-Decenoic acid,Gourmand,Sweet,Milky,40
65113-99-7,"5-(2,2,3-Trimethyl-3-cyclopentenyl)-3-methylpentan-2-ol",Woody,Sandalwood,Amber,40
70851-61-5,5-(cis-3-Hexenyl)dihydro-5-methyl-2(3H)furanone,Gourmand,Milky,Coconut,40
67633-92-5,"5-(Diethoxymethyl)-3a,4,5,6,7,7a-hexahydro-4,7-methano-1H-indene",Anisic,Fruity,Herbal,40
68259-31-4,5(Or 6)-Methyl-7(or 8)-(1-methylethyl)bicyclo[2.2.2]oct-5-ene-2-carbaldehyde,Green,Watery,Leafy,40
85700-02-3,"5,8-Methano-2H-1-benzopyran, 6-ethylideneoctahydro-, (4aα,5β,6E,8β,8aα)-",Fruity,Rhubarb,Woody,40
34413-35-9,"5,6,7,8-Tetrahydroquinoxaline",Food Like,Roasted,Corn,40
358331-95-0,"5,6,7-Trimethylocta-2,5-dien-4-one",Fruity,Apple,Sweet,40
36267-71-7,"5,7-Dihydro-2-methylthieno(3,4-d)pyrimidine",Food Like,Popcorn,Nutty,40
943723-15-7,"5,8-Methano-2H-1-benzopyran, 6(or 7)-ethylideneoctahydro-, [4aR,5S,8S,8aS(or 4aR,5R,8S,8aR)]-rel-",Fruity,Rhubarb,Floral,40
85633-08-5,"5,8-Methano-2H-1-benzopyran, 6-ethylideneoctahydro-, (4aalpha,5beta,6Z,8beta,8aalpha)-",Fruity,Rhubarb,Woody,41
85700-01-2,"5,8-Methano-2H-1-benzopyran, 6-ethylideneoctahydro-, (4aalpha,5beta,7E,8beta,8aalpha)-",Fruity,Rhubarb,Woody,41
85633-07-4,"5,8-Methano-2H-1-benzopyran, 6-ethylideneoctahydro-, (4aalpha,5beta,7Z,8beta,8aalpha)-",Fruity,Rhubarb,Woody,41
69486-14-2,"5,8-Methano-2H-1-benzopyran-2-one, 6- ethylideneoctahydro-",Fruity,Floral,Hay,41
762-26-5,"5,9-Dimethyl-4,8-decadienal",Aldehydic,Marine,Floral,41
91482-37-0,"5,9-Undecadien-2-ol,6,10-dimethyl-,acetate",Citrus,Fruity,Marine,41
15323-35-0,"5-Acetyl-1,1,2,3,3,6-hexamethylindan",Musk like,Amber,Powdery,41
68140-48-7,"5-Acetyl-3-isopropyl-1,1,2,6-tetramethylindane",Musk like,Fruity,Sweet,41
68188-98-7,5-Butyl-5-ethyldihydrofuran-2(3H)-one,Fruity,Oily,Peach,41
67770-79-0,5-Butyl-5-ethyltetrahydro-2H-pyran-2-one,Herbal,Warm,Animal Like,41
37609-25-9,5-Cyclohexadecen-1-one,Musk like,Floral,Powdery,41
259854-71-2,"5-Cyclotetradecen-1-one, 3-methyl-, (5Z)-",Musk like,Warm,Powdery,41
259854-70-1,"5-Cyclotetradecen-1-one, 3-methyl-,(5E)-",Musk like,Warm,Powdery,41
17369-60-7,"5-Ethyl-2,3,4,5-tetramethylcyclohexen-1-one",Gourmand,Caramel,Honey,41
104-90-5,5-Ethyl-2-methylpyridine,Food Like,Nutty,Potato,41
698-10-2,5-Ethyl-3-hydroxy-4-methyl-2(5H)-furanone,Gourmand,Popcorn,Butterscotch,41
73347-77-0,5-Ethylidenebicyclo[2.2.1]hept-2-yl propionate,Floral,Jasmin,Light,41
23747-48-0,"5H-5-Methyl-6,7-dihydrocyclopenta(b)pyrazine",Earthy,Sweet,Nutty,41
109-49-9,5-Hexen-2-one,Floral,Green,Fresh,41
27593-23-3,"5-Hydroxy-2,4-decadienoic acid delta-lactone",Tobacco like,Hay,Coconut,41
10413-18-0,5-Hydroxy-4-methylhexanoic acid delta-lactone,Minty,Green,Fruity,41
25524-95-2,5-Hydroxy-7-decenoic acid delta-lactone,Fruity,Jasmin,Apricot,41
13679-86-2,5-Isopropenyl-2-methyl-2-vinyltetrahydrofuran,Green,Herbal,Minty,41
139539-66-5,"5-Methyl-1-(2,2,3-trimethyl-3-cyclopenten-1-yl)-6-oxabicyclo[3.2.1]octane",Fruity,Blackcurrant,Green,41
17162-29-7,5-Methyl-2-(1-methylethyl)cyclohexyl lactate,Minty,Herbal,Fresh,41
81925-81-7,5-Methyl-2-hepten-4-one,Food Like,Nutty,Roasted,41
21834-92-4,5-Methyl-2-phenyl-2-hexenal,Gourmand,Nutty,Roasted,41
13679-70-4,5-Methyl-2-thiophenecarboxaldehyde,Fruity,Sweet,Almond,41
38285-49-3,5-Methyl-3-butyltetrahydropyran-4-yl acetate,Floral,Jasmin,Green,41
541-85-5,5-Methyl-3-heptanone,Herbal,Lavender,Fruity,42
22457-23-4,5-Methyl-3-heptanone oxime,Green,Leafy,Pungent,42
4927-36-0,5-Methyl-5-phenyl-3-hexanone,Floral,Rose,Woody,42
80480-24-6,"5-Methyl-5-propyl-2-(1-methylbutyl)-1,3-dioxan",Green,Plastic,Floral,42
620-02-0,5-Methylfurfural,Gourmand,Sweet,Caramel,42
13708-12-8,5-Methylquinoxaline,Gourmand,Nutty,Roasted,42
2277-20-5,"6-Nonenal, (6E)-",Aldehydic,Cucumber,Woody,42
80639-54-9,"6-Nonenenitrile, (Z)- (9CI)",Green,Oily,Cucumber,42
68959-28-4,"6-(3Z)-3-hexen-1-yltetrahydro-2H-Pyran-2-one,",Fruity,Peach,Jasmin,42
502-69-2,"6,10,14-Trimethyl-2-pentadecanone",Floral,Herbal,Jasmin,42
3796-70-1,"6,10-Dimethyl-5,9-undecadien-2-one",Floral,Green,Pear,42
689-67-8,"6,10-Dimethylundeca-5,9-dien-2-one",Floral,Rose,Sweet,42
62406-73-9,"6,10-Dioxaspiro[4.5]decane, 8,8-dimethyl-7-(1-methylethyl)-",Woody,Floral,Fruity,42
67674-46-8,"6,6-Dimethoxy-2,5,5-trimethylhex-2-ene",Citrus,Grapefruit,Green,42
33885-51-7,"6,6-Dimethylbicyclo[3.1.1]hept-2-ene-2-propionaldehyde",Marine,Fresh,Herbal,42
33704-61-9,"6,7-Dihydro-1,1,2,3,3-pentamethyl-4(5H)-indanone",Amber,Woody,Aromatic,42
70214-77-6,"6,8-Dimethylnonan-2-ol",Floral,Green,Fruity,42
21145-77-7,"6-Acetyl-1,1,2,4,4,7-hexamethyltetraline",Musk like,Woody,Powdery,42
24237-00-1,"6-Butyl-2,4-dimethyldihydropyrane",Floral,Geranium,Green,42
26330-65-4,6-Ethyl-3-methyloct-6-en-1-ol,Floral,Muguet,Green,42
93939-86-7,"6-Ethylideneoctahydro-5,8-methano-2H-benzo-1-pyran",Fruity,Green,Berry,42
34131-98-1,6-Isopropyl-2(1H)-octahydronaphthalenone,Citrus,Grapefruit,Vetiver,42
135-79-5,6-Isopropylquinoline,Green,Woody,Earthy,42
62439-41-2,"6-Methoxy-2,6-dimethylheptan-1-al",Marine,Ozonic,Fruity,42
79-70-9,6-Methyl-.beta.-ionone,Floral,Violet,Powdery,42
1604-28-0,"6-Methyl-3,5-heptadien-2-one",Spicy,Cinnamon,Fruity,42
110-93-0,6-Methyl-5-hepten-2-one,Herbal,Green,Lavender,42
91-62-3,6-Methylquinoline,Animal like,Leathery,Tobacco,42
5949-05-3,"6-Octenal, 3,7-dimethyl-, (3S)-",Citrus,Lemongrass,Citronella,42
65442-31-1,6-sec-Butylquinoline,Herbal,Leathery,Smoky,42
21661-97-2,"7-Decenal, (7Z)-",Aldehydic,Green,Clean,42
899810-84-5,"7-Nonenal, 6,8-dimethyl-",Aldehydic,Green,Floral,42
2550-59-6,7-Cyclohexadecen-1-one,Musk like,Balsamic,Powdery,43
68311-05-7,7-Isopropyl-5-methylbicyclo[2.2.2]oct-5-ene-2-carbonitrile,Green,Woody,Ozonic,43
53767-86-5,"7-Methoxy-3,7-dimethyloct-1-ene",Floral,Sweet,Citrus,43
28940-11-6,"7-Methyl-2H-benzo-1,5-dioxepin-3(4H)-one",Marine,Watery,Fresh,43
55050-40-3,7-Methyl-3-methyleneoct-6-enal,Citrus,Lemon,Verbena,43
53219-21-9,"7-Octen-2-ol, 2-methyl-6-methylene-, dihydro deriv.",Citrus,Fresh,Floral,43
207228-93-1,"7-Propyl-2H-1,5-benzodioxepin-3(4H)-one",Aldehydic,Marine,Ozonic,43
67634-06-4,8-(sec-Butyl)quinoline,Woody,Leathery,Green,43
57566-26-4,"8aH-2, 4a-Methanonaphthalen-8a-ol, octahydro-1,1,5,5-tetramethyl-(2S,4aR,8aS)-",Earthy,Patchouli,Vetiver,43
88644-30-8,"8aH-2,4a-Methanonaphthalen-8a-ol, octahydro-1,1,5,5-tetramethyl-",Earthy,Patchouli,Vetiver,43
84681-92-5,"8-Ethyl-1,5-dimethylbicyclo[3.2.1]octan-8-ol",Woody,Patchouli,Dry,43
338735-71-0,"8H-Indeno(4,5-B)furan,2,3,3a,4,5,5a,6,7,8a,9-decahydro-2,6,6,7,8,8-hexamethyl Mixture of isomers",Woody,Amber,Dry,43
67845-30-1,8-Isopropyl-6-methylbicyclo[2.2.2]oct-5-ene-2-carbaldehyde,Green,Fresh,Spicy,43
39770-04-2,8-Nonenal,Green,Aldehydic,Floral,43
58296-81-4,8-Undecenal,Aldehydic,Floral,Waxy,43
542-46-1,9-Cycloheptadecen-1-one,Musk like,Animal Like,Soft,43
13019-22-2,9-Decen-1-ol,Floral,Aldehydic,Rose,43
35194-30-0,9-Decen-2-one,Fruity,Green,Pineapple,43
39770-05-3,9-Decenal,Aldehydic,Green,Rose,43
14436-32-9,9-Decenoic acid,Green,Fruity,Oily,43
50816-18-7,9-Decenyl acetate,Floral,Rose,Sweet,43
68480-06-8,9-Decenyl propionate,Floral,Rose,Fruity,43
143-14-6,9-Undecenal,Aldehydic,Green,Clean,43
131379-26-5,"9-Undecenenitrile, (E)-",Floral,Citrus,Aldehydic,43
362467-67-2,"a2H-1,5-Benzodioxepin-3(4H)-one,7-7-(3-methylbutyl)-",Marine,Fresh,Citrus,43
8021-27-0,Abies alba needle oil,Herbal,Pine,Woody,43
8021-28-1,Abies sachalinensis oil,Woody,Fresh,Resinous,43
105-57-7,Acetal,Fruity,Kiwi,Citrus,43
75-07-0,Acetaldehyde,Fruity,Apple,Aldehydic,43
3390-12-3,Acetaldehyde cyclic propylene glycol acetal,Green,Fruity,Floral,43
5405-58-3,Acetaldehyde dihexyl acetal,Green,Herbal,Floral,43
28069-74-1,Acetaldehyde ethyl cis-3-hexenyl acetal,Green,Vegetable,Radish,44
54484-73-0,Acetaldehyde ethyl hexyl acetal,Floral,Green,Muguet,44
40910-49-4,Acetaldehyde ethyl linalyl acetal,Floral,Tropical-Fruit,Herbal,44
2556-10-7,Acetaldehyde ethyl phenylethyl acetal,Green,Fresh,Floral,44
72927-85-6,"Acetaldehyde, [(3a,4,5,6,7,7a-hexahydro-4,7-methano-1H-inden-6-yl)oxy]-",Fruity,Green,Aldehydic,44
122-71-4,"Acetaldehyde, diphenethyl acetal",Green,Floral,Rose,44
100-06-1,Acetanisole,Powdery,Soft,Mimosa,44
236391-76-7,"Acetic acid, (1-oxopropoxy)-, 1-(3,3-dimethylcyclohexyl)ethyl ester",Musk like,Warm,Floral,44
71549-77-4,"Acetic acid, anhydride, reaction products with (1S,3aR,4S,8aS)-decahydro-4,8,8- trimethyl-9-methylene-1,4-methanoazulene",Woody,Cedarwood,Sweet,44
144020-22-4,"Acetic acid, anhydride, reaction products with 1,5,10-trimethyl-1,5,9-cyclododecatriene",Woody,Amber,Smoky,44
862107-86-6,"Acetic acid, anhydride, reaction products with 2-methylbutene dimer, hydrogenated",Woody,Amber,Vetiver,44
108419-33-6,"Acetic acid, C8-10-branched alkyl esters, C9-rich",Fruity,Green,Earthy,44
124358-45-8,"Acetic acid, cyano-, reaction products with 10-undecenal",Citrus,Mandarin,Orange,44
68478-36-4,"Acetic acid, decyl ester, branched",Fruity,Floral,Soapy,44
69103-01-1,"Acetic acid, esters with turpentine-oil myrcene fraction terpene alcs.",Herbal,Lavender,Sage,44
513-86-0,Acetoin,Food Like,Buttery,Milky,44
1392276-61-7,"Acetonitrile, 2-(2,4,4-trimethylcyclopentylidene)-",Spicy,Saffron,Leathery,44
98-86-2,Acetophenone,Floral,Sweet,Powdery,44
54830-99-8,Acetoxydihydrodicyclopentadiene (Mixture of Isomers),Fruity,Green,Anisic,44
32388-55-9,Acetyl cedrene,Woody,Leathery,Vetiver,44
600-14-6,Acetyl propionyl,Gourmand,Caramel,Sweet,44
3608-11-5,Acetylcarene,Herbal,Woody,Floral,44
22047-25-2,Acetylpyrazine,Gourmand,Buttery,Popcorn,44
85480-47-3,"Acorus calamus, ext., hydrogenated",Spicy,Herbal,Medicinal,44
94350-09-1,Agarwood extract,Woody,Animal Like,Smoky,44
958663-49-5,"Agarwood extract, Vietnamese",Woody,Animal Like,Smoky,44
94350-09-1,Agarwood oil,Woody,Animal Like,Smoky,44
1333524-00-7,"Agarwood oil, Indonesia",Woody,Animal Like,Smoky,44
958663-49-5,"Agarwood oil, Vietnamese",Woody,Animal Like,Smoky,44
8001-99-8,Ajowan oil,Herbal,Green,Smoky,44
943609-24-3,"Alcoholic beverages, rum, CO2 extract, nonalc.",Fruity,Rum,Fresh,44
943609-24-3,"Alcoholic beverages, rum, extract, nonalc.",Fruity,Rum,Ethereal,45
943609-24-3,"Alcoholic beverages, rum, nonalc., distillate",Fruity,Rum,Fresh,45
93821-11-5,"Alcohols, C9-11-branched and linear, C10-rich",Floral,Waxy,Fermented,45
68526-85-2,"Alcohols, C9-11-iso-, C10-rich",Floral,Fatty,Rose,45
73049-35-1,"Alcohols, sesquiterpenoidal, citronella-oil",Citrus,Floral,Green,45
130169-57-2,"Aldehydes, C13-15-branched and linear",Aldehydic,Orange,Waxy,45
84082-36-0,Alfalfa extract,Green,Seaweed,Grassy,45
8006-77-7,Allspice oil,Spicy,Sweet,Balsamic,45
67634-01-9,Allyl (2-methylbutoxy)acetate,Fruity,Pineapple,Green,45
67634-00-8,Allyl (3-methylbutoxy)acetate,Fruity,Green,Pineapple,45
68901-15-5,Allyl (cyclohexyloxy)acetate,Herbal,Green,Galbanum,45
79-78-7,Allyl alpha-ionone,Powdery,Floral,Violet,45
2051-78-7,Allyl butyrate,Fruity,Pineapple,Green,45
1866-31-5,Allyl cinnamate,Spicy,Balsamic,Cinnamon,45
4728-82-9,Allyl cyclohexaneacetate,Fruity,Sweet,Pineapple,45
2705-87-5,Allyl cyclohexanepropionate,Fruity,Pineapple,Apple,45
57856-81-2,Allyl decanoate,Fruity,Sweet,Pineapple,45
2179-57-9,Allyl disulfide,Sulfurous,Onion,Garlic,45
142-19-8,Allyl heptanoate,Fruity,Pineapple,Green,45
123-68-2,Allyl hexanoate,Fruity,Sweet,Pineapple,45
4230-97-1,Allyl octanoate,Fruity,Pineapple,Waxy,45
7493-74-5,Allyl phenoxyacetate,Green,Fruity,Honey,45
1797-74-6,Allyl phenylacetate,Fruity,Honey,Rum,45
2408-20-0,Allyl propionate,Fruity,Apple,Apricot,45
592-88-1,Allyl sulfide,Sulfurous,Onion,Garlic,45
68132-80-9,Allyl trimethylhexanoate,Fruity,Pineapple,Spicy,45
8013-76-1,"Almond oil, bitter",Gourmand,Cherry,Almond,45
65114-03-6,"alpha,2,2,3-tetramethylcyclopent-3-ene-1-butyraldehyde",Woody,Sandalwood,Floral,45
67634-15-5,"alpha,alpha-Dimethyl-p-ethylphenylpropanal",Ozonic,Floral,Aldehydic,45
100-86-7,"alpha,alpha-Dimethylphenethyl alcohol",Floral,Fresh,Rose,45
10094-34-5,"alpha,alpha-Dimethylphenethyl butyrate",Fruity,Floral,Berry,45
10058-43-2,"alpha,alpha-Dimethylphenethyl formate",Floral,Herbal,Green,45
67785-77-7,"alpha,alpha-Dimethylphenylethyl propionate",Floral,Sweet,Jasmin,46
43052-87-5,"alpha-1-(2,6,6-Trimethyl-2-cyclohexen-1-yl)-2-buten-1-one",Floral,Sweet,Berry,46
60763-41-9,alpha-Amyl cinnamic aldehyde diethyl acetal,Floral,Fruity,Citrus,46
78605-96-6,alpha-Amyl trans-Cinnamaldehyde,Floral,Fresh,Citrus,46
122-40-7,alpha-Amylcinnamaldehyde,Floral,Jasmin,Balsamic,46
91-87-2,alpha-Amylcinnamaldehyde dimethyl acetal,Floral,Jasmin,Fruity,46
68527-78-6,alpha-Amylcinnamaldehyde-methyl anthranilate (Schiff base),Floral,Fresh,Jasmin,46
101-85-9,alpha-Amylcinnamyl alcohol,Floral,Jasmin,Citrus,46
17627-44-0,alpha-Bisabolene,Floral,Soft,Balsamic,46
7492-44-6,alpha-Butylcinnamaldehyde,Floral,Fruity,Green,46
469-61-4,alpha-Cedrene,Woody,Cedarwood,Aromatic,46
10461-98-0,alpha-Cyclohexylidene benzeneacetonitrile,Floral,Rose,Geranium,46
502-61-4,alpha-Farnesene,Floral,Woody,Green,46
3691-12-1,alpha-Guaiene,Woody,Peppery,Balsamic,46
101-86-0,alpha-Hexylcinnamaldehyde,Floral,Jasmin,Citrus,46
25312-34-9,alpha-Ionol,Powdery,Floral,Gourmand,46
127-41-3,alpha-Ionone,Floral,Violet,Fruity,46
79-69-6,alpha-Irone,Floral,Iris,Violet,46
7779-78-4,alpha-Isobutylphenethyl alcohol,Balsamic,Floral,warm,46
127-51-5,alpha-iso-Methylionone,Floral,Violet,Woody,46
1205-17-0,"alpha-Methyl-1,3-benzodioxole-5-propionaldehyde",Floral,Green,Cyclamen,46
93-92-5,alpha-Methylbenzyl acetate,Green,Fruity,Rhubarb,46
98-85-1,alpha-Methylbenzyl alcohol,Floral,Fruity,Woody,46
3460-44-4,alpha-Methylbenzyl butyrate,Fruity,Berry,Juicy,46
7775-39-5,alpha-Methylbenzyl isobutyrate,Fruity,Floral,Tropical-Fruit,46
120-45-6,alpha-Methylbenzyl propionate,Fruity,Floral,Green,46
101-39-3,alpha-Methylcinnamaldehyde,Spicy,Warm,Sweet,46
1504-55-8,alpha-Methylcinnamic alcohol,Floral,Sweet,Oriental,46
10528-67-3,alpha-Methyl-cyclohexanepropanol,Floral,Muguet,Green,46
99-83-2,alpha-Phellandrene,Citrus,Lime,Herbal,46
80-56-8,alpha-Pinene,Herbal,Pine,Camphoraceous,46
705-73-7,alpha-Propylphenethyl alcohol,Green,Fruity,Earthy,46
98-55-5,alpha-Terpineol,Herbal,Floral,Pine,47
80-26-2,alpha-Terpineol acetate,Citrus,Bergamot,Herbal,47
8038-65-1,Ambergris tincture,Amber,Sweet,Mossy,47
8015-62-1,Ambrette seed absolute,Musk like,Fruity,Floral,47
8015-62-1,Ambrette seed extract,Musk like,Fruity,Floral,47
8015-62-1,Ambrette seed oil,Musk like,Fruity,Floral,47
8015-62-1,Ambrette seed oil,Musk like,Fruity,Floral,47
8015-62-1,Ambrette tincture,Musk like,Fruity,Floral,47
71-41-0,Amyl alcohol,Balsamic,Fruity,Light,47
540-18-1,Amyl butyrate,Fruity,Banana,Pineapple,47
3487-99-8,Amyl cinnamate,Woody,Balsamic,Sweet,47
638-49-3,Amyl formate,Fruity,Banana,Green,47
540-07-8,Amyl hexanoate,Fruity,Sweet,Green,47
2445-72-9,Amyl isobutyrate,Fruity,Apple,Banana,47
638-25-5,Amyl octanoate,Fruity,Pineapple,Green,47
2050-08-0,Amyl salicylate,Floral,Green,Balsamic,47
2173-56-0,Amyl valerate,Fruity,Banana,Pear,47
67874-72-0,Amylcyclohexyl acetate (mixed isomers),Woody,Herbal,Pine,47
8015-65-4,Amyris oil,Woody,Sandalwood,Warm,47
68916-14-3,"Amyris oil, acetylated",Woody,Sandalwood,Smoky,47
8015-65-4,"Amyris oil, rectified",Woody,Sandalwood,Warm,47
104-46-1,Anethole (isomer unspecified),Anisic,Green,Herbal,47
8015-64-3,Angelica root oil,Spicy,Herbal,Amber,47
8015-64-3,Angelica seed absolute,Spicy,Peppery,Woody,47
8015-64-3,Angelica seed extract,Spicy,Pungent,Fresh,47
8015-64-3,Angelica seed oil,Spicy,Pungent,Fresh,47
8007-70-3,Anise seed oil,Anisic,Herbal,Liquorice,47
100-66-3,Anisole,Floral,Medicinal,Hawthorn,47
1331-83-5,Anisyl acetate (isomer unspecified),Fruity,Berry,Anisic,47
105-13-5,Anisyl alcohol,Anisic,Sweet,Licorice,47
1331-81-3,"Anisyl alcohol (o-,m-,p-)",Anisic,Sweet,Liquorice,47
122-91-8,Anisyl formate,Spicy,Powdery,Anisic,47
102-17-0,Anisyl phenylacetate,Fruity,Anisic,Honey,48
7549-33-9,Anisyl propionate,Fruity,Anisic,Berry,48
883111-87-3,Apple alcoholate,Fruity,Apple,Fresh,48
883111-87-3,Apple distillate,Fruity,Apple,Fresh,48
883111-87-3,Apple essence oil,Fruity,Apple,Green,48
883111-87-3,Apple extract,Fruity,Apple,Fresh,48
883111-87-3,"Apple oil, rectified",Fruity,Apple,Fresh,48
883111-87-3,Apple tincture,Fruity,Apple,Fresh,48
72869-69-3,Apricot absolute,Gourmand,Fruity,Sweet,48
68991-20-8,Armoise vulgaris oil,Herbal,Fresh,Camphoraceous,48
84775-75-7,Artemisia herba-alba oil,Herbal,Thyme,Camphoraceous,48
9000-04-8,Asafetida oil,Green,Sulfurous,Onion,48
68916-62-1,Baccartol,Citrus,Floral,Fresh,48
84082-61-1,Balm leaves extract,Citrus,Lemon,Fresh,48
8007-00-9,"Balsam absolute, Peru",Woody,Balsamic,Vanilla,48
8007-00-9,"Balsam absolute, Peru, pyrogenated",Woody,Balsamic,Vanilla,48
8007-00-9,"Balsam extract, Peru",Woody,Balsamic,Vanilla,48
85085-34-3,Balsam fir oleoresin,Woody,Balsamic,Pine,48
8007-00-9,"Balsam oil, Peru",Woody,Balsamic,Vanilla,48
8007-00-9,"Balsam oil, Peru",Woody,Balsamic,Vanilla,48
8007-00-9,"Balsam resinoid, Peru",Woody,Balsamic,Vanilla,48
8007-00-9,"Balsam, Peru",Woody,Balsamic,Vanilla,48
8007-47-4,"Balsams, Canada",Balsamic,Fresh,Woody,48
8015-73-4,"Basil absolute, chemotype linalool",Herbal,Aromatic,Spicy,48
8015-73-4,"Basil oil, chemotype estragole",Herbal,Aromatic,Green,48
8015-73-4,"Basil oil, chemotype estragole, rectified",Herbal,Aromatic,Green,48
8015-73-4,"Basil oil, chemotype linalool",Herbal,Aromatic,Floral,48
8015-73-4,"Basil oleoresin, chemotype estragole",Herbal,Aromatic,Floral,48
8006-78-8,"Bay leaves oil, West Indian, rectified",Spicy,Warm,Sweet,48
8006-78-8,"Bay leaves, West Indian, CO2 extract",Spicy,Warm,Sweet,48
8006-78-8,"Bay leaves, West Indian, extract",Spicy,Warm,Sweet,48
8006-78-8,"Bay leaves, West Indian, oil",Spicy,Warm,Sweet,48
68916-05-2,"Bay leaves, West Indian, oil",Spicy,Sweet,Balsamic,49
68916-05-2,"Bay oil, terpeneless",Spicy,Sweet,Balsamic,49
8021-39-4,Beechwood creosote,Woody,Smoky,Burnt,49
8012-89-3,Beeswax absolute,Floral,Balsamic,Honey,49
8012-89-3,Beeswax CO2 extract,Floral,Balsamic,Honey,49
8012-89-3,Beeswax concrete,Floral,Balsamic,Honey,49
8012-89-3,Beeswax resinoid,Floral,Balsamic,Honey,49
100-52-7,Benzaldehyde,Fruity,Cherry,Almond,49
1125-88-8,Benzaldehyde dimethyl acetal,Floral,Almond,Fruity,49
37837-44-8,Benzaldehyde methyl anthranilate (Schiff base),Floral,Almond,Cherry-Blossom,49
2568-25-4,Benzaldehyde propylene glycol acetal,Floral,Narcissus,Sweet,49
2186-92-7,"Benzene, 1-(dimethoxymethyl)-4-methoxy-",Floral,Hawthorn,Jasmin,49
637-69-4,"Benzene, 1-ethenyl-4-methoxy-",Anisic,Floral,Sweet,49
68844-97-3,"Benzeneacetaldehyde, 3,4-dimethyl-",Green,Floral,Fresh,49
130786-09-3,"Benzeneacetonitrile, a-butylidene-, (Z)",Floral,Herbal,Green,49
2206-94-2,"Benzenemethanol, alpha-methylene-, acetate",Floral,Jasmin,Green,49
134123-93-6,"Benzenepropanenitrile, 4-ethyl-.alpha.,.alpha.-dimethyl-",Herbal,Marine,Ozonic,49
56836-93-2,"Benzenepropanol, a,ß-dimethyl-",Floral,Muguet,Soft,49
65-85-0,Benzoic acid,Herbal,Balsamic,Powdery,49
67785-76-6,"Benzoic acid, 2-[(2-phenylethylidene)amino]-, methyl ester",Green,Hyacinth,Floral,49
111753-60-7,"Benzoic acid, 2-((3-(1,3-benzodioxol-5-yl)-2-methylpropylidene)amino)-, methyl ester",Floral,Neroli,Medicinal,49
14735-72-9,"Benzoic acid, 2-.(..(.(4-methoxyphenyl)methylene.).amino.).-,methyl ester",Floral,Neroli,Sweet,49
144761-91-1,"Benzoic acid, 2-[(1-hydroxy-3-phenylbutyl)amino], methyl ester",Floral,Neroli,Green,49
68039-34-9,"Benzoic acid, 2-[[[3-(4-hydroxy-4-methylpentyl)-3-cyclohexen-1- yl]methylene]amino],methyl ester",Floral,Sweet,Neroli,49
111753-62-9,"Benzoic acid, 2-[[3-(4-methoxyphenyl)-2-methylpropylidene]amino]-, methyl ester",Floral,Neroli,Marine,49
873888-84-7,"Benzoic acid, 2-hydroxy-, (3Z)-1-methyl-3-hexen-1-yl ester",Floral,Green,Muguet,49
51115-63-0,"Benzoic acid, 2-hydroxy-, 2-methylbutyl ester",Floral,Herbal,Woody,49
22717-57-3,"Benzoic acid, 2-hydroxy-5-methyl-, methyl ester",Fruity,Fresh,Minty,49
89-71-4,"Benzoic acid, 2-methyl-, methyl ester",Floral,Neroli,Citrus,49
96682-10-9,"Benzoic acid, 4-(benzoyloxy)-, phenylmethyl ester",Floral,Balsamic,Sweet,49
119-53-9,Benzoin,Balsamic,Sweet,Vanilla,49
9000-72-0,"Benzoin CO2 extract, Siam",Balsamic,Sweet,Milky,50
9000-72-0,"Benzoin extract, Siam",Balsamic,Sweet,Milky,50
9000-05-9,"Benzoin extract, Sumatra",Balsamic,Sweet,Vanilla,50
9000-72-0,"Benzoin gum, Siam",Balsamic,Sweet,Milky,50
9000-05-9,"Benzoin gum, Sumatra",Balsamic,Sweet,Vanilla,50
9000-05-9,Benzoin infusion,Balsamic,Sweet,Vanilla,50
9000-72-0,"Benzoin resinoid, Siam",Balsamic,Sweet,Milky,50
9000-05-9,"Benzoin resinoid, Sumatra",Balsamic,Sweet,Vanilla,50
100-47-0,Benzonitrile,Gourmand,Almond,Nutty,50
119-61-9,Benzophenone,Floral,Sweet,Herbal,50
95-16-9,Benzothiazole,Sulfurous,Coffee,Nutty,50
2094-69-1,"Benzyl 2,2-dimethylpropanoate",Floral,Herbal,Chamomile,50
2051-96-9,Benzyl 2-hydroxypropionate,Floral,Buttery,Fatty,50
56423-40-6,Benzyl 2-methylbutyrate,Floral,Fruity,Gardenia,50
140-11-4,Benzyl acetate,Fruity,Floral,Jasmin,50
2550-26-7,Benzyl acetone,Floral,Green,Jasmin,50
100-51-6,Benzyl alcohol,Balsamic,Fruity,Floral,50
120-51-4,Benzyl benzoate,Balsamic,Fruity,Floral,50
103-37-7,Benzyl butyrate,Fruity,Apple,Pineapple,50
103-41-3,Benzyl cinnamate,Spicy,Balsamic,Cinnamon,50
104-57-4,Benzyl formate,Floral,Cherry,Almond,50
6938-45-0,Benzyl hexanoate,Floral,Jasmin,Apricot,50
122-73-6,Benzyl isoamyl ether,Balsamic,Anisic,Fruity,50
103-28-6,Benzyl isobutyrate,Fruity,Apple,Pineapple,50
103-38-8,Benzyl isovalerate,Floral,Fruity,Animal Like,50
140-25-0,Benzyl laurate,Aldehydic,Waxy,Fatty,50
100-53-8,Benzyl mercaptan,Sulfurous,Garlic,Vegetable,50
538-86-3,Benzyl methyl ether,Floral,Ylang,Green,50
10276-85-4,Benzyl octanoate,Herbal,Fruity,Peach,50
102-16-9,Benzyl phenylacetate,Honey,Sweet,Floral,50
122-63-4,Benzyl propionate,Fruity,Floral,Jasmin,50
118-58-1,Benzyl salicylate,Floral,Balsamic,Dry,50
37526-88-8,Benzyl trans-2-methyl-2-butenoate,Earthy,Mushroom,Balsamic,51
10361-39-4,Benzyl valerate,Fruity,Floral,Apple,51
622-78-6,Benzylisothiocyanate,Spicy,Medicinal,Horseradish,51
8007-75-8,Bergamot oil,Citrus,Fresh,Floral,51
68917-80-6,Bergamot oil terpenes,Citrus,Floral,Fresh,51
8007-75-8,"Bergamot oil, expressed",Citrus,Fresh,Floral,51
68648-33-9,"Bergamot oil, furocoumarin free",Citrus,Fresh,Floral,51
8007-75-8,"Bergamot oil, rectified",Citrus,Fresh,Floral,51
8007-75-8,"Bergamot oil, terpeneless",Citrus,Fresh,Floral,51
35044-68-9,"beta-1-(2,6,6-Trimethyl-1-cyclohexen-1-yl)-2-buten-1-one",Floral,Rose,Plum,51
87-44-5,beta-Caryophyllene,Spicy,Earthy,Carrot,51
18794-84-8,beta-Farnesene,Floral,Woody,Jasmin,51
88-84-6,beta-Guaiene,Woody,Sweet,Guaicwood,51
22029-76-1,beta-Ionol,Herbal,Violet,Balsamic,51
14901-07-6,beta-Ionone,Floral,Woody,Violet,51
22030-19-9,beta-Ionyl acetate,Fruity,Raspberry,Violet,51
55066-49-4,beta-Methyl-benzenepentanal,Floral,Marine,Citrus,51
1123-85-9,beta-Methylphenethyl alcohol,Floral,Green,Spicy,51
63449-68-3,beta-Naphthyl anthranilate,Floral,Neroli,Grape,51
93-18-5,beta-Naphthyl ethyl ether,Floral,Sweet,Neroli,51
2173-57-1,beta-Naphthyl isobutyl ether,Fruity,Neroli,Strawberry,51
93-04-9,beta-Naphthyl methyl ether,Floral,Neroli,Powdery,51
514-51-2,beta-Patchoulene,Woody,Patchouli,Terpenic,51
555-10-2,beta-Phellandrene,Spicy,Peppery,Citrus,51
127-91-3,beta-Pinene,Herbal,Pine,Lime,51
60066-88-8,beta-Sinensal,Citrus,Mandarin,Aldehydic,51
464-48-2,"Bicyclo(2.2.1)heptan-2-one, 1,7,7-trimethyl-, (1S)-",Camphoraceous,Herbal,Fresh,51
116126-82-0,"Bicyclo[2.2.1]hept-5-ene-2-carboxylic acid, 3-(1-methylethyl)-, ethyl ester, (2-exo,3- endo)-",Fruity,Banana,Pineapple,51
55066-54-1,"Bicyclo[2.2.1]heptan-2-ol, 1,3,3-trimethyl-, benzoate",Aromatic,Pine,Waxy,51
137255-07-3,"Bicyclo[2.2.1]heptan-2-ol, 2-ethyl-1,3,3-trimethyl-, (1R,2R,4S)-",Minty,Earthy,Oily,51
67800-86-6,"Bicyclo[2.2.1]heptane, 2-ethoxy-1,3,3-trimethyl-",Aromatic,Pine,Woody,51
862111-34-0,"Bicyclo[2.2.1]heptane, 2-ethyl-6-methoxy-",Citrus,Green,Herbal,52
4747-61-9,"Bicyclo[3.1.1]heptane-2-ethanol, 6,6-dimethyl-",Floral,Herbal,Ylang,52
30897-75-7,"Bicyclo[3.1.1]hept-2-ene-2-acetaldehyde, 6,6-dimethyl-",Aromatic,Pine,Woody,52
1196-01-6,"Bicyclo[3.1.1]hept-3-en-2-one, 4,6,6-trimethyl-, (1S,5S)-",Herbal,Camphoraceous,Minty,52
216970-21-7,"Bicyclo[4,3,1]decane, 3-methoxy-7,7-dimethyl-10-methylene",Woody,Grapefruit,Vetiver,52
92-52-4,Biphenyl,Green,Rose,Geranium,52
8001-88-5,"Birch tar oil, rectified",Woody,Warm,Smoky,52
26160-83-8,"Bis(hydroxymethyl)tricyclo[5.2.1.02,6]decane",Woody,Musk Like,Sandalwood,52
1618-26-4,bis-(Methylthio)methane,Sulfurous,Truffle,Garlic,52
495-62-5,Bisabolene,Spicy,Balsamic,Warm,52
507-70-0,Borneol,Herbal,Camphoraceous,Pine,52
76-49-3,Bornyl acetate,Woody,Pine,Fruity,52
76-50-6,Bornyl isovalerate,Woody,Pine,Fruity,52
8053-33-6,Boronia absolute,Fruity,Blackcurrant,Sweet,52
68916-76-7,Bran absolute,Amber,Vanilla,Honey,52
68650-46-4,"Bucchu absolute, betulina",Fruity,Green,Minty,52
68650-46-4,"Bucchu oil, betulina",Fruity,Green,Minty,52
92346-85-5,"Bucchu oil, crenulata",Green,Minty,Fruity,52
68650-46-4,"Bucchu oil, rectified, betulina",Fruity,Green,Minty,52
68650-46-4,"Bucchu resinoid, betulina",Fruity,Green,Minty,52
94333-88-7,"Bulnesia sarmienti, ext., acetate",Woody,Vetiver,Cedarwood,52
959130-05-3,Bursera graveolens wood oil,Aromatic,Citrus,Terpenic,52
406488-30-0,"Butanamide, 2-ethyl-N-methyl-N-(3-methylphenyl)-",Fruity,Tropical-Fruit,Grapefruit,52
155514-23-1,"Butanoic acid, 2-methyl-, 5-hexen-1-yl ester",Green,Fruity,Pineapple,52
1266606-26-1,"Butanoic acid, 2-methyl-5-(1-methylethyl)cyclopentyl ester",Fruity,Green,Apple,52
68039-26-9,"Butanoic acid, 2-methyl-, pentyl ester",Fruity,Apple,Tropical-Fruit,52
34322-08-2,"Butanoic acid, 2-methyl, S-(1-methylpropyl) ester",Fruity,Sulfurous,Fresh,52
113889-23-9,"Butanoic acid, 3a,4,5,6,7,7a-hexahydro-4,7-methano-1H-indenyl ester",Fruity,Peach,Woody,52
91745-88-9,Butter acids,Acidic,Buttery,Waxy,52
97926-23-3,Butter esters,Gourmand,Creamy,Buttery,52
109-42-2,Butyl 10-undecenoate,Fruity,Buttery,Oily,52
7785-66-2,Butyl 2-methylcrotonate (E),Floral,Fruity,Herbal,52
7785-64-0,Butyl 2-methylcrotonate (Z),Fruity,Rose,Wine,53
6297-41-2,Butyl 2-methylvalerate,Herbal,Chamomile,Floral,53
123-86-4,Butyl acetate,Fruity,Pear,Pineapple,53
71-36-3,Butyl alcohol,Fruity,Banana,Pear,53
7756-96-9,Butyl anthranilate,Floral,Neroli,Green,53
136-60-7,Butyl benzoate,Floral,Balsamic,Fruity,53
109-21-7,Butyl butyrate,Fruity,Raspberry,Blueberry,53
7492-70-8,Butyl butyryllactate,Gourmand,Fruity,Milky,53
538-65-8,Butyl cinnamate,Balsamic,Spicy,Fruity,53
592-84-7,Butyl formate,Fruity,Plum,Fermented,53
626-82-4,Butyl hexanoate,Fruity,Pear,Apple,53
97-87-0,Butyl isobutyrate,Fruity,Apple,Pear,53
109-19-3,Butyl isovalerate,Fruity,Apple,Pear,53
138-22-7,Butyl lactate,Gourmand,Milky,Fatty,53
2052-15-5,Butyl levulinate,Fruity,Waxy,Caramel,53
589-75-3,Butyl octanoate,Gourmand,Buttery,Herbal,53
122-43-0,Butyl phenylacetate,Floral,Fruity,Pear,53
590-01-2,Butyl propionate,Fruity,Sweet,Banana,53
2052-14-4,Butyl salicylate,Floral,Neroli,Fruity,53
544-40-1,Butyl sulfide,Fruity,Rose,Geranium,53
123-72-8,Butyraldehyde,Gourmand,Fruity,Chocolate,53
107-92-6,Butyric acid,Acidic,Gourmand,Cheesy,53
84012-17-9,Buxus sempervirens absolute,Woody,Mossy,Liquorice,53
68188-03-4,Cabreuva oil,Woody,Sweet,Balsamic,53
8002-31-1,Cacao absolute,Gourmand,Chocolate,Powdery,53
8002-31-1,Cacao extract,Gourmand,Chocolate,Powdery,53
8002-31-1,Cacao infusion and tincture,Gourmand,Chocolate,Powdery,53
8002-31-1,Cacao oil,Gourmand,Chocolate,Powdery,53
8013-10-3,Cade oil,Smoky,Phenolic,Leathery,53
8013-10-3,Cade oil,Smoky,Phenolic,Leathery,53
8013-10-3,"Cade oil, rectified",Smoky,Phenolic,Leathery,53
29350-73-0,Cadinene,Woody,Cedarwood,Smoky,53
8008-98-8,Cajuput oil,Herbal,Fresh,Aromatic,54
8015-79-0,Calamus oil,Woody,Warm,Spicy,54
1069136-34-0,Callitropsis nootkatensis oil,Woody,Fresh,Earthy,54
1069136-34-0,"Callitropsis nootkatensis oil, rectified",Woody,Fresh,Earthy,54
68916-73-4,Camellia leaf extract,Floral,Green,Tea,54
68916-73-4,Camillia leaf concentrate,Floral,Green,Tea,54
68916-73-4,Camillia leaf distillate,Floral,Green,Tea,54
79-92-5,Camphene,Herbal,Camphoraceous,Woody,54
8008-51-3,"Camphor oil, white",Camphoraceous,Fresh,Herbal,54
8008-51-3,"Camphor oil, white, rectified",Camphoraceous,Fresh,Herbal,54
68606-83-7,Cananga oil,Floral,Spicy,Ylang,54
8023-77-6,Capsicum oleoresin,Spicy,Hay,Tobacco,54
97675-54-2,Carambola alcoholate,Fruity,Tropical-Fruit,Pear,54
8000-42-8,Caraway seed oil,Herbal,Spicy,Fresh,54
8000-42-8,"Caraway seed oil, rectified",Herbal,Spicy,Fresh,54
67643-70-3,"Carbamic acid, N,N-dimethyl-, 1-ethenyl-1,5-dimethyl-4-hexen-1-yl ester",Spicy,Fresh,Peppery,54
8000-66-6,Cardamom seed absolute,Spicy,Aromatic,Metallic,54
8000-66-6,Cardamom seed CO2 extract,Spicy,Aromatic,Metallic,54
8000-66-6,Cardamom seed distillate,Spicy,Aromatic,Metallic,54
8000-66-6,Cardamom seed extract,Spicy,Aromatic,Metallic,54
8000-66-6,Cardamom seed oil,Spicy,Aromatic,Metallic,54
8000-66-6,Cardamon seed,Spicy,Aromatic,Metallic,54
8021-43-0,Carnation absolute,Floral,Carnation,Spicy,54
79070-15-8,Carob absolute,Woody,Sweet,Fruity,54
79070-15-8,Carob bean extract,Woody,Sweet,Fruity,54
8015-88-1,Carrot seed,Powdery,Dry,Fruity,54
8015-88-1,Carrot seed absolute,Powdery,Dry,Fruity,54
8015-88-1,Carrot seed oil,Powdery,Dry,Fruity,54
8015-88-1,Carrot seed oil terpenless,Powdery,Dry,Fruity,54
8015-88-1,"Carrot seed oil, rectified",Powdery,Dry,Fruity,54
499-75-2,Carvacrol,Herbal,Camphoraceous,Thyme,54
99-48-9,Carveol,Minty,Spearmint,Peppermint,54
97-42-7,Carvyl acetate,Herbal,Minty,Fresh,55
97-45-0,Carvyl propionate,Herbal,Minty,Aromatic,55
57082-24-3,Caryophyllene acetate,Woody,Fruity,Spicy,55
75975-83-6,Caryophyllene acetylated,Woody,Amber,Vetiver,55
32214-91-8,Caryophyllene alcohol acetate,Balsamic,Fruity,Woody,55
1139-30-6,Caryophyllene oxide,Woody,Carrot,Dry,55
8007-06-5,Cascarilla bark extract,Spicy,Woody,Peppery,55
8007-06-5,Cascarilla bark oil,Spicy,Woody,Peppery,55
8007-80-5,Cassia backs terpenes,Spicy,Sweet,Cinnamon,55
8007-80-5,Cassia bark extract,Spicy,Sweet,Cinnamon,55
8007-80-5,Cassia bark oil,Spicy,Woody,Sweet,55
8007-80-5,Cassia oil,Spicy,Sweet,Cinnamon,55
8007-80-5,"Cassia oil, (low coumarin)",Spicy,Sweet,Cinnamon,55
8007-80-5,"Cassia oil, rectified",Spicy,Sweet,Cinnamon,55
8023-82-3,Cassie absolute,Floral,Fresh,Spicy,55
97676-19-2,Cassis bud absolute,Fruity,Blackcurrant,Green,55
97676-19-2,Cassis bud CO2 extract,Fruity,Blackcurrant,Green,55
97676-19-2,Cassis bud oil,Fruity,Blackcurrant,Green,55
97676-19-2,"Cassis bud oil, terpeneless",Fruity,Blackcurrant,Green,55
97676-19-2,Cassis essence oil,Fruity,Blackcurrant,Green,55
97676-19-2,Cassis tincture,Fruity,Green,Blackcurrant,55
871465-49-5,Cassyrane,Fruity,Juicy,Blackcurrant,55
8023-83-4,Castoreum absolute,Animal like,Leathery,Phenolic,55
8023-83-4,Castoreum concrete,Animal like,Leathery,Phenolic,55
8023-83-4,Castoreum extract,Animal like,Leathery,Phenolic,55
8023-83-4,Castoreum resinoid,Animal like,Leathery,Phenolic,55
8023-83-4,Castoreum tincture,Animal like,Leathery,Phenolic,55
8007-20-3,Cedar leaf oil,Herbal,Cedarwood,Pungent,55
91770-83-1,"Cedar leaf oil, China",Herbal,Camphoraceous,Pungent,55
68917-35-1,"Cedar leaf oil, East Canada",Herbal,Fresh,Sharp,55
8007-20-3,"Cedar leaf oil, rectified",Herbal,Aromatic,Woody,55
68990-83-0,"Cedarwood extract, Texas",Woody,Cedarwood,Powdery,55
8023-85-6,"Cedarwood extract, Atlas",Woody,Sweet,Milky,56
68990-83-0,"Cedarwood oil (low cedrol), Texas",Woody,Cedarwood,Powdery,56
61789-42-2,Cedarwood oil acetylated,Woody,Cedarwood,Amber,56
68608-32-2,Cedarwood oil terpenes,Woody,Cedarwood,Sandalwood,56
8023-85-6,"Cedarwood oil, Atlas",Woody,Sweet,Milky,56
8023-85-6,"Cedarwood oil, Atlas, rectified",Woody,Sweet,Milky,56
1159574-01-2,"Cedarwood oil, Chinese",Woody,Cedarwood,Dry,56
1159574-01-2,"Cedarwood oil, Chinese, rectified",Woody,Cedarwood,Dry,56
68648-34-0,"Cedarwood oil, epoxidized",Woody,Cedarwood,Amber,56
68991-36-6,"Cedarwood oil, Himalaya",Woody,Cedarwood,Sweet,56
68916-71-2,"Cedarwood oil, oxidized",Woody,Cedarwood,Dry,56
68603-22-5,"Cedarwood oil, terpeneless",Woody,Cedarwood,Fresh,56
68990-83-0,"Cedarwood oil, Texas",Woody,Cedarwood,Powdery,56
68990-83-0,"Cedarwood oil, Texas, rectified",Woody,Cedarwood,Powdery,56
8000-27-9,"Cedarwood oil, Virginian",Woody,Smoky,Creamy,56
8000-27-9,"Cedarwood oil, Virginian, rectified",Woody,Smoky,Creamy,56
1159574-01-2,"Cedarwood terpenes, Chinese",Woody,Balsamic,Floral,56
8000-27-9,"Cedarwood terpenes, Virginia",Woody,Smoky,Creamy,56
13567-39-0,Cedr-8-ene epoxide,Woody,Amber,Cedarwood,56
11028-42-5,Cedrene,Woody,Cedarwood,Amber,56
28231-03-0,Cedrenol,Woody,Cedarwood,Amber,56
30960-39-5,Cedrenone,Woody,Cedarwood,Powdery,56
1405-92-1,Cedrenyl acetate,Woody,Soft,Cedarwood,56
39900-38-4,Cedrenyl formate,Woody,Cedarwood,Floral,56
77-53-2,Cedrol,Woody,Soft,Cedarwood,56
19870-74-7,Cedrol methyl ether,Woody,Dry,Amber,56
77-54-3,Cedryl acetate,Woody,Soft,Sweet,56
39900-38-4,Cedryl formate,Woody,Cedarwood,Floral,56
67874-81-1,Cedryl methyl ether,Woody,Amber,Cedarwood,56
8015-90-5,Celery seed absolute,Herbal,Spicy,Green,56
8015-90-5,Celery seed CO2 extract,Herbal,Spicy,Green,56
8015-90-5,Celery seed extract,Herbal,Spicy,Green,56
8015-90-5,Celery seed oil,Herbal,Spicy,Green,57
8015-90-5,Celery seed oleoresin,Herbal,Spicy,Green,57
8002-66-2,Chamomile flower absolute,Herbal,Warm,Sweet,57
8002-66-2,"Chamomile flower oil, blue",Herbal,Fruity,Medicinal,57
8002-66-2,"Chamomile flower oil, blue",Herbal,Earthy,Chamomile,57
8015-92-7,"Chamomile flower oil, Roman",Herbal,Aromatic,Fruity,57
8015-92-7,"Chamomile flower, English, oil",Herbal,Aromatic,Chamomile,57
68916-68-7,"Chamomile oil, Moroccan",Herbal,Sweet,Fruity,57
8006-76-6,Champaca absolute,Floral,Fruity,Herbal,57
8006-76-6,Champaca leaf oil,Floral,Fresh,Gardenia,57
8006-76-6,Champaca oil,Floral,Aromatic,Fresh,57
68990-12-5,Cinchona bark red extract,Woody,Vegetable,Rooty,57
104-55-2,Cinnamaldehyde,Spicy,Cinnamon,Warm,57
621-82-9,Cinnamic acid,Balsamic,Sweet,Cinnamon,57
4364-06-1,Cinnamic aldehyde dimethyl acetal,Green,Spicy,Herbal,57
8015-91-6,Cinnamon bark CO2 extract,Spicy,Cinnamon,Warm,57
8015-91-6,Cinnamon bark extract,Spicy,Sweet,Warm,57
8015-91-6,Cinnamon bark oil,Spicy,Sweet,Warm,57
97659-68-2,"Cinnamon bark oil, Laos",Spicy,Sweet,Cinnamon,57
8015-91-6,Cinnamon leaf oil,Spicy,Cinnamon,Warm,57
8015-91-6,"Cinnamon leaf oil, rectified",Spicy,Cinnamon,Warm,57
8015-91-6,Cinnamon leaf oleoresin,Spicy,Cinnamon,Warm,57
4360-47-8,Cinnamonitrile (isomer unspecified),Spicy,Cinnamon,Floral,57
103-54-8,Cinnamyl acetate,Spicy,Floral,Fruity,57
104-54-1,Cinnamyl alcohol,Spicy,Balsamic,Cinnamon,57
5320-75-2,Cinnamyl benzoate,Balsamic,Spicy,Cinnamon,57
103-61-7,Cinnamyl butyrate,Fruity,Balsamic,Floral,57
122-69-0,Cinnamyl cinnamate,Spicy,Cinnamon,Fruity,57
104-65-4,Cinnamyl formate,Balsamic,Spicy,Fruity,57
103-59-3,Cinnamyl isobutyrate,Fruity,Spicy,Balsamic,57
140-27-2,Cinnamyl isovalerate,Fruity,Spicy,Ethereal,57
1885-38-7,Cinnamyl nitrile,Spicy,Cinnamon,Metallic,57
103-56-0,Cinnamyl propionate,Spicy,Balsamic,Fruity,58
71660-03-2,"cis- and trans-p-1(7),8-Menthadien-2-yl acetate",Minty,Herbal,Fresh,58
23726-94-5,"cis-1-(2,6,6-Trimethyl-2-cyclohexen-1-yl)-2-Buten-1-one",Floral,Rose,Plum,58
59323-76-1,"cis-2-Methyl-4-propyl-1,3-oxathiane",Fruity,Citrus,Green,58
7214-18-8,cis-2-tert-Butylcyclohexan-1-ol,Woody,Camphoraceous,Minty,58
20298-69-5,cis-2-tert-Butylcyclohexyl acetate,Fruity,Apple,Woody,58
933-48-2,"cis-3,5,5-Trimethylcyclohexan-1-ol",Green,Earthy,Minty,58
1576-78-9,cis-3-Heptenyl acetate,Fruity,Green,Tropical-Fruit,58
3681-71-8,cis-3-Hexen-1-yl acetate,Green,Fruity,Pear,58
6789-80-6,cis-3-Hexenal,Green,Grassy,Fruity,58
928-96-1,cis-3-Hexenol,Green,Grassy,Fresh,58
65405-76-7,cis-3-Hexenyl anthranilate,Fruity,Green,Grape,58
25152-85-6,cis-3-Hexenyl benzoate,Floral,Green,Balsamic,58
16491-36-4,cis-3-Hexenyl butyrate,Green,Apple,Pear,58
68133-75-5,cis-3-Hexenyl cinnamate,Green,Balsamic,Floral,58
61444-38-0,cis-3-Hexenyl cis-3-hexenoate,Fruity,Green,Pear,58
33467-73-1,Cis-3-Hexenyl Formate,Green,Fresh,Apple,58
31501-11-8,cis-3-Hexenyl hexanoate,Fruity,Green,Fresh,58
41519-23-7,cis-3-Hexenyl isobutyrate,Green,Apple,Pear,58
35154-45-1,cis-3-Hexenyl isovalerate,Green,Pear,Pear,58
61931-81-5,cis-3-Hexenyl lactate,Green,Fruity,Tropical-Fruit,58
67633-96-9,cis-3-Hexenyl methyl carbonate,Green,Fresh,Floral,58
33467-74-2,cis-3-Hexenyl propionate,Green,Apple,Pear,58
65405-77-8,cis-3-Hexenyl salicylate,Floral,Green,Balsamic,58
67883-79-8,cis-3-Hexenyl tiglate,Green,Vegetable,Earthy,58
35852-46-1,cis-3-Hexenyl valerate,Green,Fruity,Apple,58
10340-23-5,cis-3-Nonen-1-ol,Green,Cucumber,Oily,58
13049-88-2,cis-3-Nonenyl acetate,Green,Herbal,Pine,58
20125-84-2,cis-3-Octen-1-ol,Fruity,Fresh,Melon,58
94134-03-9,cis-3-Octenyl propionate,Fruity,Pear,Melon,58
13828-37-0,cis-4-(Isopropyl)cyclohexanemethanol,Floral,Muguet,Fresh,58
21662-09-9,cis-4-Decen-1-al,Aldehydic,Citrus,Muguet,58
57074-37-0,cis-4-Decenol,Green,Fruity,Oily,59
4634-89-3,cis-4-Hexenal,Aldehydic,Green,Oily,59
10411-92-4,cis-4-tert-Butylcyclohexyl acetate,Floral,Woody,Violet,59
64275-73-6,cis-5-Octen-1-ol,Green,Melon,Mushroom,59
41547-22-2,cis-5-Octenal,Fruity,Green,Apple,59
35854-86-5,cis-6-Nonen-1-ol,Fruity,Melon,Green,59
2277-19-2,cis-6-Nonenal,Green,Cucumber,Melon,59
115-71-9,cis-alpha-Santalol,Woody,Sandalwood,Dry,59
77-42-9,cis-beta Santalol,Woody,Sandalwood,Oily,59
3338-55-4,cis-beta-Ocimene,Floral,Herbal,Sweet,59
488-10-8,cis-Jasmone,Floral,Jasmin,Spicy,59
5989-33-3,"cis-Linalool oxide 3,6-oxide",Earthy,Floral,Sweet,59
65418-69-1,cis-Tetrahydro-2-isobutyl-4-methylpyran-4-ol,Floral,Fresh,Green,59
8016-26-0,Cistus absolute,Amber,Woody,Dry,59
8016-26-0,Cistus CO2 extract,Amber,Woody,Dry,59
8016-26-0,Cistus concrete,Amber,Woody,Dry,59
8016-26-0,Cistus extract,Amber,Woody,Dry,59
8016-26-0,Cistus oil,Amber,Woody,Dry,59
8016-26-0,Cistus oil,Amber,Woody,Dry,59
8016-26-0,"Cistus oil, pyrogenated",Amber,Woody,Dry,59
5392-40-5,Citral,Citrus,Lemon,Verbena,59
7492-66-2,Citral diethyl acetal,Citrus,Fresh,Green,59
7549-37-3,Citral dimethyl acetal,Citrus,Fresh,Green,59
10444-50-5,Citral propylene glycol acetal,Citrus,Sweet,Lemon,59
67801-47-2,Citral-methylanthranilate (Schiff base),Fruity,Sweet,Lemon,59
68991-25-3,Citron oil,Citrus,Zesty,Lemon,59
68991-25-3,Citron oil,Citrus,Zesty,Lemon,59
68991-25-3,"Citron oil, rectified",Citrus,Lemon,Lime,59
8000-29-1,Citronella oil terpenes,Citrus,Lemon,Herbal,59
8000-29-1,"Citronella oil, Ceylon type",Citrus,Lemon,Herbal,59
8000-29-1,"Citronella oil, Java type",Citrus,Lemon,Herbal,59
68916-56-3,"Citronella oil, reduced",Citrus,Lemon,Herbal,59
106-23-0,Citronellal,Citrus,Lemon,Herbal,60
67845-42-5,Citronellal methylanthranilate Schiff base,Citrus,Floral,Lemongrass,60
7492-67-3,Citronelloxyacetaldehyde,Aldehydic,Floral,Muguet,60
150-84-5,Citronellyl acetate,Floral,Citrus,Fruity,60
141-16-2,Citronellyl butyrate,Floral,Rose,Citrus,60
68039-38-3,Citronellyl crotonate,Floral,Rose,Citrus,60
60788-25-2,Citronellyl ethyl oxalate,Floral,Rose,Muguet,60
105-85-1,Citronellyl formate,Fruity,Rose,Citrus,60
10580-25-3,Citronellyl hexanoate,Floral,Green,Rose,60
97-89-2,Citronellyl isobutyrate,Fruity,Floral,Citrus,60
68922-10-1,Citronellyl isovalerate,Floral,Honey,Rose,60
51566-62-2,Citronellyl nitrile,Citrus,Rose,Green,60
139-70-8,Citronellyl phenylacetate,Floral,Honey,Rose,60
141-14-0,Citronellyl propionate,Floral,Rose,Fruity,60
24717-85-9,Citronellyl tiglate,Floral,Fruity,Sweet-Pea,60
7540-53-6,Citronellyl valerate,Floral,Rose,Herbal,60
91771-50-5,Citrus hystrix extract,Citrus,Lime,Fruity,60
233683-84-6,Citrus junos oil,Citrus,Fruity,Zesty,60
94266-47-4,Citrus peels extract,Citrus,Fruity,Zesty,60
68608-34-4,Citrus terpenes,Citrus,Fresh,Lemon,60
68916-26-7,Civet absolute,Animal like,Indolic,Warm,60
68916-26-7,Civet tincture,Animal like,Indolic,Warm,60
8016-63-5,Clary sage absolute,Herbal,Sage,Woody,60
8016-63-5,Clary sage absolute,Herbal,Sage,Woody,60
8016-63-5,Clary sage extract,Herbal,Sage,Woody,60
8016-63-5,Clary sage oil,Herbal,Sage,Woody,60
68917-29-3,Clove bud oil terpenes,Spicy,Clove,Dry,60
8000-34-8,Clove bud absolute,Spicy,Warm,Woody,60
8000-34-8,Clove bud extract,Spicy,Warm,Woody,60
8000-34-8,Clove bud oil,Spicy,Clove,Floral,60
8000-34-8,Clove leaf oil,Spicy,Woody,Herbal,60
68917-29-3,Clove leaf oil terpenes,Spicy,Clove,Warm,60
8000-34-8,"Clove leaf oil, rectified",Spicy,Woody,Herbal,61
8000-34-8,Clove stem oil,Spicy,Woody,Herbal,61
91771-52-7,"Clove, extract, acetylated",Woody,Spicy,Clove,61
8001-31-8,Coconut absolute,Gourmand,Coconut,Oily,61
8001-31-8,Coconut extract,Gourmand,Coconut,Oily,61
8001-31-8,Coconut infusion,Gourmand,Coconut,Oily,61
8001-67-0,"Coffee bean, roasted, absolute",Food Like,Coffee,Nutty,61
8001-67-0,"Coffee bean, roasted, CO2 extract",Food Like,Coffee,Nutty,61
68916-18-7,"Coffee bean, roasted, extract",Food Like,Coffee,Roasted,61
8001-67-0,Coffee oil,Gourmand,Nutty,Roasted,61
84650-00-0,"Coffee, Coffea arabica, extract",Food Like,Coffee,Nutty,61
8013-97-6,Copaiba balsam,Woody,Balsamic,Spicy,61
8013-97-6,Copaiba balsam oil,Woody,Balsamic,Spicy,61
8013-97-6,Copaiba balsam oleoresin,Woody,Balsamic,Smoky,61
8013-97-6,Copaiba oil,Woody,Balsamic,Smoky,61
8013-97-6,"Copaiba oil, rectified",Woody,Balsamic,Smoky,61
8008-52-4,Coriander herb oil,Spicy,Fresh,Green,61
8008-52-4,Coriander herb oil terpenless,Spicy,Fresh,Green,61
8008-52-4,"Coriander herb oil, rectified",Spicy,Fresh,Green,61
8008-52-4,Coriander oleoresin,Spicy,Fresh,Green,61
8008-52-4,Coriander seed oil,Spicy,Fresh,Green,61
91-64-5,Coumarin,Powdery,Warm,Almond,61
1319-77-3,Cresol (mixed isomers),Floral,Ylang,Phenolic,61
8007-87-2,Cubeb oil,Spicy,Peppery,Dry,61
8007-87-2,"Cubeb oil, rectified",Spicy,Peppery,Dry,61
89998-01-6,Cucumber distillate,Green,Cucumber,Fresh,61
89998-01-6,Cucumber extract,Green,Cucumber,Fresh,61
8014-13-9,Cumin seed oil,Spicy,Woody,Aromatic,61
1335-44-0,Cuminacetaldehyde,Green,Leafy,Woody,61
122-03-2,Cuminaldehyde,Herbal,Spicy,Cumin,61
13816-33-6,Cuminyl nitrile,Spicy,Cumin,Green,61
876068-15-4,Curry leaf absolute,Spicy,Green,Aromatic,61
91-50-9,Cyclamen aldehyde-methyl anthranilate (Schiff base),Floral,Muguet,Neroli,62
118562-73-5,"Cyclododecaneethanol, .beta.-methyl-",Amber,Dry,Woody,62
59052-82-3,Cyclododecyl formate,Woody,Fresh,Clean,62
5120-20-7,cyclohexadec-8-en-1-one,Musk like,Balsamic,Powdery,62
3100-36-5,Cyclohexadec-8-en-1-one mixture of cis and trans isomer,Musk like,Fresh,Floral,62
5365-06-0,cyclohexadec-8-enone,Musk like,Balsamic,Powdery,62
2550-52-9,Cyclohexadecanone,Musk like,Animal Like,Powdery,62
88642-03-9,Cyclohexadecenone,Musk like,Balsamic,Powdery,62
33880-83-0,"Cyclohexane, 1-ethenyl-1-methyl-2,4-bis(1-methylethenyl)-, (1R,2R,4S)-rel-",Herbal,Waxy,Fresh,62
99-82-1,"Cyclohexane, 1-methyl-4-(1-methylethyl)-",Herbal,Woody,Pine,62
181258-87-7,"Cyclohexane, 1-(1,1-dimethylpropyl)-4-ethoxy-, cis-",Floral,Ozonic,Fresh,62
181258-89-9,"Cyclohexane, 1-(1,1-dimethylpropyl)-4-ethoxy-, trans-",Ozonic,Metallic,Marine,62
68845-33-0,"Cyclohexane, 1-ethenyl-1-methyl-2-(1-methylethenyl)-4-(1-methylethyl)-, didehydro derivative",Woody,Peppery,Dry,62
5292-21-7,Cyclohexaneacetic acid,Acidic,Cheesy,Food like,62
2511-00-4,"Cyclohexaneacetic acid, .alpha.-methyl-, ethyl ester",Fruity,Green,Pear,62
23059-38-3,"Cyclohexanecarboxylic acid, 1,4-dimethyl-, methyl ester, cis-",Herbal,Pine,Minty,62
23250-42-2,"Cyclohexanecarboxylic acid, 1,4-dimethyl-, methyl ester, trans-",Green,Pine,Herbal,62
22471-55-2,"Cyclohexanecarboxylic acid, 2,2,6-trimethyl-, ethyl ester, (1R,6S)-rel-",Fruity,Rose,Amber,62
7605-52-9,"Cyclohexanecarboxylic acid, 3-methyl, methyl ester, (1R,3S)-rel-",Fruity,Raspberry,Green,62
4802-20-4,"Cyclohexaneethanethiol, 3-mercapto-b,4-dimethyl-",Sulfurous,Grapefruit,Green,62
21722-83-8,Cyclohexaneethyl acetate,Floral,Rose,Fruity,62
68480-15-9,"Cyclohexanemethanol, 2,4-dimethyl-",Floral,Minty,Earthy,62
20009-20-5,"Cyclohexanemethanol, 4-(acetyloxy)-a,a,4-trimethyl-, acetate",Citrus,Woody,Fresh,62
95851-08-4,"Cyclohexanepropanol, 2,2,3,6-tetramethyl-a-propyl-",Woody,Amber,Warm,62
60241-52-3,"Cyclohexanepropanol, a-ethyl-2,2,6-trimethyl-",Woody,Cedarwood,Violet,62
699-61-6,"Cyclohexanepropionic acid, 1-hydroxy-, g-lactone",Fruity,Hay,Floral,62
108-93-0,Cyclohexanol,Camphoraceous,Minty,Earthy,62
23950-98-3,"Cyclohexanol, 2-methoxy-4-propyl-",Herbal,Basil,Parsley,62
38649-18-2,"Cyclohexanol, 5-methyl-2-(1-methylethyl)-, 1-benzoate, (1R,2S,5R)-rel-",Floral,Ylang,Jasmin,62
2230-87-7,"Cyclohexanol, 5-methyl-2-(1-methylethyl)-, acetate, (1a,2a,5b)-",Minty,Fresh,Green,62
830322-14-0,"Cyclohexanol,4-(3-methylbutyl)-",Floral,Rose,Citrus,62
108-94-1,Cyclohexanone,Aromatic,Minty,Floral,63
6413-26-9,"Cyclohexanone 1,3-butylene glycol ketal",Herbal,Eucalyptus,Artemisia,63
1670-47-9,Cyclohexanone diethyl ketal,Fruity,Tobacco,Woody,63
59471-80-6,"Cyclohexanone, 2-methyl-5-(1-methylethyl)-",Minty,Caraway,Spearmint,63
55739-89-4,"Cyclohexanone, 2-ethyl-4,4-dimethyl-",Herbal,Lavender,Fresh,63
5524-05-0,"Cyclohexanone, 2-methyl-5-(1-methylethenyl)-, (2R,5R)-",Minty,Herbal,Menthol,63
19096-86-7,"Cyclohexanone,5-methyl-2-(1-methylethyl)-,oxime",Floral,Green,Aldehydic,63
68084-52-6,"Cyclohexenecarboxaldehyde, dimethyl-",Green,Grassy,Citrus,63
622-45-7,Cyclohexyl acetate,Fruity,Floral,Green,63
1551-44-6,Cyclohexyl butyrate,Fruity,Apple,Pineapple,63
65405-69-8,Cyclohexyl cyclopent-2-ene-1-acetate,Woody,Vetiver,Grapefruit,63
4927-39-3,Cyclohexyl methyl pentanone,Woody,Vetiver,Fresh,63
42288-75-5,Cyclohexyl phenylacetate,Floral,Honey,Rose,63
25485-88-5,Cyclohexyl salicylate,Floral,Ylang,Green,63
87731-18-8,Cyclooct-4-en-1-yl methyl carbonate,Floral,Violet,Green,63
502-72-7,Cyclopentadecanone,Musk like,Powdery,Animal Like,63
1266606-13-6,"Cyclopentaneacetonitrile, 2,4,4-trimethyl-α-methylene-",Fruity,Green,Woody,63
72402-00-7,"Cyclopentanol, 1,2-dimethyl-3-(1-methylethenyl)-",Herbal,Camphoraceous,Citrus,63
94346-09-5,"Cyclopentanol, 1,2-dimethyl-3-(1-methylethenyl)-, acetate",Herbal,Woody,Warm,63
1245725-35-2,"Cyclopentanol, 2-methyl-5-(1-methylethyl)-, 1-propanoate",Fruity,Floral,Green,63
34686-67-4,"Cyclopentanol, 2-(2-hexen-1-yl)-",Floral,Jasmin,Banana,63
120-92-3,Cyclopentanone,Minty,Powdery,Dry,63
188570-78-7,"Cyclopropanecarboxylic acid, (3Z)-3-hexenyl ester",Green,Fresh,Fruity,63
477218-42-1,"Cyclopropanecarboxylic acid, 2-[1-(3,3-dimethylcyclohexyl)ethoxy]-2-methylpropyl ester",Musk like,Fruity,Sweet,63
676532-44-8,"Cyclopropanecarboxylic acid, 2-methyl-2-[(1,2,4-trimethyl-2-penten-1-yl)oxy]propyl ester",Musk like,Fruity,Berry,63
198404-98-7,"Cyclopropanemethanol, 1-methyl-2-[(1,2,2-trimethylbicyclo[3.1.0]hex-3-yl)methyl]-",Woody,Sandalwood,Creamy,63
94333-69-4,"Cymbopogon nardus, ext., reaction products with acetone",Citrus,Verbena,Herbal,63
84238-19-7,"Cymbopogon, ext., oxidized",Spicy,Ginger,Carnation,63
8013-86-3,Cypress,Woody,Fresh,Herbal,63
8013-86-3,Cypress oil,Woody,Pine,Herbal,63
68916-59-6,"Cypress oil, terpene-free",Woody,Resinous,Peppery,64
68916-60-9,Cypriol oil,Woody,Earthy,Amber,64
68916-60-9,"Cypriol oil, rectified",Woody,Earthy,Amber,64
69-79-4,"D-Glucose, 4-O-α-D-glucopyranosyl-",Gourmand,Sweet,Fruity,64
491-07-6,"d,l-Isomenthone",Herbal,Fresh,Minty,64
7705-14-8 (6876-12-6),"d,l-Limonene (isomer unspecified)",Citrus,Fresh,Herbal,64
1490-04-6,"d,l-Menthol (isomer unspecified)",Minty,Fresh,Cooling,64
63187-91-7,"d,l-Menthone 1,2-glycerol ketal",Minty,Cooling,Sweet,64
59-51-8,"D,L-Methionine",Sulfurous,Acidic,Dry,64
7785-70-8,d-.alpha.-Pinene,Herbal,Terpenic,Aromatic,64
7785-53-7,d-.alpha.-Terpineol,Herbal,Floral,Pine,64
1195-92-2,"d-8-p-Menthene-1,2-epoxide",Citrus,Minty,Fresh,64
7785-54-8,d-alpha-Terpineol acetate,Floral,Sweet,Fresh,64
8016-03-3,Davana oil,Fruity,Sweet,Herbal,64
464-49-3,d-Camphor,Minty,Camphoraceous,Menthol,64
2244-16-8,d-Carvone,Herbal,Fresh,Spicy,64
25225-10-9,d-Cyclocitronellene acetate,Floral,Rose,Fruity,64
825-51-4,Decahydro-beta-naphthol,Floral,Muguet,Clean,64
10519-11-6,Decahydro-beta-naphthyl acetate,Woody,Fruity,Floral,64
10519-12-7,Decahydro-beta-naphthyl formate,Woody,Dry,Floral,64
68480-11-5,"Decahydrospiro[furan-2(3H),5'-[4,7]methano[5H]indene]",Citrus,Dry,Grapefruit,64
112-31-2,Decanal,Aldehydic,Orange,Green,64
7779-41-1,Decanal dimethyl acetal,Floral,Waxy,Citrus,64
67874-67-3,Decanal-methylanthranilate (Schiff base),Floral,Fresh,Oily,64
1975-78-6,Decanenitrile,Citrus,Tropical-Fruit,Green,64
334-48-5,Decanoic acid,Acidic,Creamy,Buttery,64
112-17-4,Decyl acetate,Fruity,Floral,Apple,64
7289-52-3,Decyl methyl ether,Ozonic,Fresh,Clean,64
5454-19-3,Decyl propionate,Fruity,Oily,Pear,64
68606-82-6,Deer tongue pyrogenated,Powdery,Coumarin,Tobacco,64
68606-82-6,Deertongue leaf absolute,Powdery,Coumarin,Tobacco,64
68606-82-6,Deertongue leaf extract,Powdery,Coumarin,Tobacco,65
68606-82-6,Deertongue leaf incolore,Powdery,Coumarin,Tobacco,65
57378-68-4,"delta-1-(2,6,6-Trimethyl-3-cyclohexen-1-yl)-2-buten-1-one",Fruity,Apple,Rose,65
13466-78-9,delta-3-Carene,Herbal,Green,Pine,65
705-86-2,delta-Decalactone,Gourmand,Creamy,Coconut,65
713-95-1,delta-Dodecalactone,Fruity,Milky,Nutty,65
823-22-3,delta-Hexalactone,Fruity,Coconut,Creamy,65
698-76-0,delta-Octalactone,Fruity,Coconut,Minty,65
2721-22-4,delta-Tetradecalactone,Fruity,Creamy,Coconut,65
710-04-3,delta-Undecalactone,Fruity,Peach,Creamy,65
4695-62-9,d-Fenchone,Herbal,Camphoraceous,Aromatic,65
431-03-8,Diacetyl,Food Like,Buttery,Creamy,65
103-50-4,Dibenzyl ether,Powdery,Sweet,Floral,65
72903-27-6,"Diethyl 1,4-cyclohexane dicarboxylate",Fruity,Raspberry,Apple,65
96-22-0,Diethyl ketone,Fruity,Apple,Light,65
105-53-3,Diethyl malonate,Fruity,Green,Apple,65
123-25-1,Diethyl succinate,Fruity,Apple,Pear,65
68845-36-3,Diethyldimethylcyclohex-2-en-1-one,Herbal,Warm,Woody,65
19139-31-2,Dihexyl fumarate,Floral,Green,Magnolia,65
32480-08-3,Dihydro farnesal,Aldehydic,Green,Floral,65
26252-11-9,Dihydro-.beta.-terpinyl acetate,Herbal,Pine,Minty,65
13720-12-2,Dihydro-.gamma.-ionone,Woody,Amber,Earthy,65
33673-62-0,Dihydro-4-methyl-5-pentylfuran-2(3H)-one,Floral,Lactonic,Tuberose,65
31499-72-6,Dihydro-alpha-ionone,Floral,Orris,Woody,65
498-81-7,Dihydro-alpha-terpineol,Floral,Citrus,Pine,65
80-25-1,Dihydro-alpha-terpinyl acetate,Citrus,Floral,Fresh,65
3293-47-8,Dihydro-beta-ionol,Woody,Floral,Amber,65
17283-81-7,Dihydro-beta-ionone,Floral,Orris,Cedarwood,65
619-01-2,Dihydrocarveol (isomer unspecified),Aromatic,Spearmint,Herbal,65
38049-26-2,"Dihydrocarveol (R,R,R)",Woody,Sweet,Balsamic,65
20777-49-5,Dihydrocarvyl acetate,Floral,Rose,Cumin,65
119-84-6,Dihydrocoumarin,Tobacco like,Coumarin,Coconut,65
1209-61-6,Dihydroisocaryophyllene epoxide,Woody,Spicy,Tobacco,66
95-41-0,Dihydroisojasmone,Floral,Jasmin,Celery,66
2436-90-0,Dihydromyrcene,Herbal,Citrus,Lime,66
18479-58-8,Dihydromyrcenol,Citrus,Fresh,Floral,66
53767-93-4,Dihydromyrcenyl acetate,Citrus,Bergamot,Lime,66
20489-53-6,Dihydronootkatone,Citrus,Fruity,Grapefruit,66
473-55-2,Dihydropinene,Herbal,Pine,Green,66
94-58-6,Dihydrosafrole,Spicy,Sweet,Floral,66
58985-18-5,Dihydroterpinyl acetate,Herbal,Pine,Citrus,66
8006-75-5,Dill seed oil,Herbal,Green,Anisic,66
8006-75-5,Dill seed oleoresin,Herbal,Green,Minty,66
8006-75-5,Dill weed,Herbal,Green,Anisic,66
8006-75-5,Dill weed oil,Herbal,Green,Anisic,66
624-92-0,Dimethyl disulfide,Sulfurous,Onion,Cabbage,66
106-65-0,Dimethyl succinate,Fruity,Sweet,Floral,66
75-18-3,Dimethyl sulfide,Sulfurous,Vegetable,Food like,66
3658-80-8,Dimethyl trisulfide,Sulfurous,Onion,Savoury,66
68737-61-1,Dimethylcyclohex-3-ene-1-carbaldehyde (isomer mixture),Green,Grassy,Citrus,66
27939-60-2,Dimethylcyclohex-3-ene-1-carbaldehyde (isomer unspecified),Green,Grassy,Citrus,66
532-87-6,Dimyrcene,Herbal,Aromatic,Citrus,66
101-84-8,Diphenyl ether,Floral,Sweet,Green,66
101-81-5,Diphenylmethane,Green,Floral,Sweet,66
629-19-6,Dipropyl disulfide,Sulfurous,Onion,Green,66
21368-68-3,dl-Camphor,Herbal,Camphoraceous,Rosemary,66
106-22-9,dl-Citronellol,Floral,Rose,Citrus,66
5989-27-5,d-Limonene,Citrus,Fresh,Herbal,66
126-90-9,d-Linalool,Floral,Lavender,Petitgrain,66
138-86-3,dl-Limonene (racemic),Citrus,Fresh,Herbal,66
1074-95-9,dl-Menthone,Minty,Cooling,Sweet,66
29066-34-0,dl-Menthyl acetate,Minty,Sweet,Fresh,66
3623-51-6,dl-Neomenthol,Minty,Fresh,Aromatic,66
15356-60-2,d-Menthol,Minty,Fresh,Cooling,66
57345-19-4,"Dodecahydro-3,8,8,11a-tetramethyl-5H-3,5a-epoxynaphth[2,1-c]oxepin",Woody,Amber,Dry,67
14620-52-1,Dodecanal dimethyl acetal,Green,Fresh,Waxy,67
2437-25-4,Dodecanenitrile,Citrus,Orange,Mandarin,67
68527-06-0,"Dodecene, hydroformylation products",Aldehydic,Fresh,Herbal,67
6283-92-7,Dodecyl lactate,Gourmand,Buttery,Creamy,67
6091-50-5,d-Piperitone,Minty,Cooling,Herbal,67
89-82-7,d-Pulegone,Minty,Aromatic,Herbal,67
8023-89-0,Elemi absolute,Citrus,Fresh,Spicy,67
8023-89-0,Elemi CO2 extract,Citrus,Fresh,Spicy,67
8023-89-0,Elemi gum,Citrus,Fresh,Spicy,67
8023-89-0,Elemi oil,Citrus,Fresh,Spicy,67
8023-89-0,ELEMI oil (low methyleugenol),Citrus,Fresh,Spicy,67
8023-89-0,"Elemi oil, rectified",Citrus,Fresh,Spicy,67
8023-89-0,Elemi resinoid,Citrus,Fresh,Spicy,67
639-99-6,Elemol,Woody,Resinous,Balsamic,67
28462-85-3,"endo-1,2,3,3-Tetramethylbicyclo[2.2.1]heptan-2-ol",Green,Mossy,Earthy,67
5579-78-2,epsilon-Decalactone,Gourmand,Sweet,Tonka,67
140-67-0,Estragole,Herbal,Anisic,Tarragon,67
111850-00-1,"Ethaneperoxoic acid, reaction products with aluminum isopropoxide and 1,5,10- trimethyl-1,5,9-cyclododecatriene",Woody,Cedarwood,Amber,67
854737-10-3,"Ethanone, 1-(2,3-dimethylbicyclo[2.2.1]hept-2-yl)-",Aromatic,Woody,Camphoraceous,67
32669-00-4,"Ethanone, 1-(3-cycloocten-1-yl)-",Herbal,Fruity,Artemisia,67
70801-04-6,"Ethanone, 1-(4,11,11,-trimethyl-8-methylenebicyclo[7.2.0]undec-4-enyl)-[1R-(1a,4E,9b]",Woody,Earthy,Carrot,67
185429-83-8,"Ethanone, 1-[(1R,2S)-1,2,3,4,5,6,7,8-octahydro-1,2,8,8-tetramethyl-2-naphthalenyl]-, rel-",Woody,Amber,Floral,67
80657-64-3,"Ethyl (3a.alpha.,4.alpha.,7.alpha.,7a.alpha.)-Octahydro-4,7-methano-3aH-indene-3a- carboxylate",Fruity,Sweet,Apple,67
80623-07-0,"Ethyl (3a.alpha.,4.beta.,7.beta.,7a.alpha.)-Octahydro-4,7-methano-3aH-indene-3a- carboxylate",Fruity,Sweet,Floral,67
26553-46-8,Ethyl (E)hex-3-enoate,Fruity,Passionfruit,Pineapple,67
687-47-8,Ethyl (L)-lactate,Gourmand,Creamy,Ethereal,67
67028-40-4,Ethyl (p-tolyloxy)acetate,Fruity,Almond,Cherry,68
692-86-4,Ethyl 10-undecenoate,Fruity,Waxy,Oily,68
97-41-6,"Ethyl 2,2,-dimethyl-3-(2-methylprop-1-enyl)cyclopropane-1-carboxylate",Herbal,Fruity,Floral,68
77851-07-1,"Ethyl 2,3,6,6-tetramethylcyclohex-2-ene-1-carboxylate",Fruity,Rose,Spicy,68
93981-50-1,"Ethyl 2,3,6-trimethylcyclohexyl carbonate",Floral,Rose,Leathery,68
78417-28-4,"Ethyl 2,4,7-decatrienoate",Green,Fatty,Potato,68
6290-17-1,"Ethyl 2,4-dimethyldioxolane-2-acetate",Fruity,Strawberry,Apple,68
35044-59-8,"Ethyl 2,6,6-trimethylcyclohexa-1,3-ene-1-carboxylate",Herbal,Floral,Apple,68
68228-09-1,"Ethyl 2-[[[2,4(or3,5)-dimethyl-3-cyclohexen-1-yl]methyl]amino]benzoate",Green,Grassy,Fresh,68
94108-09-5,"Ethyl 2-[[[4-(1,1-dimethylethyl)phenyl]methylene]amino]benzoate",Aldehydic,Floral,Herbal,68
94333-50-3,"Ethyl 2-ethyl-3,6,6-trimethylcyclohexenecarboxylate",Fruity,Floral,Tropical-Fruit,68
57934-97-1,"Ethyl 2-ethyl-6,6-dimethylcyclohex-2-ene-1-carboxylate",Floral,Spicy,Fruity,68
2983-37-1,Ethyl 2-ethylhexanoate,Earthy,Orris,Herbal,68
29214-60-6,Ethyl 2-hexylacetoacetate,Floral,Jasmin,Green,68
19788-49-9,Ethyl 2-mercaptopropionate,Sulfurous,green,Onion,68
7335-26-4,Ethyl 2-methoxybenzoate,Floral,Ylang,Fruity,68
64988-06-3,Ethyl 2-methoxybenzyl ether,Green,Spicy,Rose,68
6413-10-1,"Ethyl 2-methyl-1,3-dioxolane-2-acetate",Fruity,Apple,Melon,68
55514-48-2,Ethyl 2-methyl-2-butenoate,Green,Pear,Grape,68
60523-21-9,"Ethyl 2-methyl-3,4-pentadienoate",Fruity,Apple,Plum,68
1617-23-8,Ethyl 2-methyl-3-pentenoate,Fruity,Berry,Green,68
59151-19-8,Ethyl 2-methyl-4-oxo-6-pentylcyclohex-2-ene-1-carboxylate,Floral,Jasmin,Honeysuckle,68
53399-81-8,Ethyl 2-methyl-4-pentenoate,Fruity,Banana,Tropical-Fruit,68
7452-79-1,Ethyl 2-methylbutyrate,Fruity,Strawberry,Peach,68
39255-32-8,Ethyl 2-methylpentanoate,Fruity,Sweet,Apple,68
67801-64-3,Ethyl 2-tert-butylcyclohexyl carbonate,Spicy,Woody,Floral,68
10031-90-0,Ethyl 3(2-furyl)propanoate,Fruity,Sweet,Balsamic,68
67707-75-9,"Ethyl 3,5,5-trimethylhexanoate",Fruity,Apple,Green,68
13058-12-3,"Ethyl 3,7-dimethylocta-2,6-dienoate",Floral,Grape,Green,68
2396-83-0,Ethyl 3-hexenoate,Gourmand,Pineapple,Green,68
5764-85-2,Ethyl 3-hydroxy-3-phenylpropionate,Fruity,Strawberry,Dry,68
5405-41-4,Ethyl 3-hydroxybutyrate,Fruity,Green,Grape,68
2305-25-1,Ethyl 3-hydroxyhexanoate,Fruity,Tropical-Fruit,Citrus,69
13327-56-5,Ethyl 3-methylthiopropionate,Fruity,Sulfurous,Pineapple,69
121-39-1,Ethyl 3-phenylglycidate,Fruity,Sweet,Strawberry,69
2021-28-5,Ethyl 3-phenylpropionate,Floral,Hyacinth,Rose,69
1968-40-7,Ethyl 4-pentenoate,Fruity,Green,Herbal,69
35044-58-7,"Ethyl 6,6-dimethyl-2-methylenecyclohex-3-enecarboxylate",Fruity,Plum,Tobacco,69
141-78-6,Ethyl acetate,Fruity,Pear,Apple,69
141-97-9,Ethyl acetoacetate,Fruity,Green,Apple,69
87-25-2,Ethyl anthranilate,Floral,Grape,Neroli,69
93-89-0,Ethyl benzoate,Floral,Medicinal,Fruity,69
94-02-0,Ethyl benzoylacetate,Fruity,Sweet,Powdery,69
105-54-4,Ethyl butyrate,Fruity,Sweet,Raspberry,69
103-36-6,Ethyl cinnamate,Spicy,Cinnamon,Balsamic,69
34495-71-1,Ethyl cis-4-octenoate,Fruity,Fresh,Juicy,69
5452-75-5,Ethyl cyclohexylacetate,Floral,Fruity,Pear,69
110-38-3,Ethyl decanoate,Fruity,Sweet,Brandy,69
109-94-4,Ethyl formate,Fruity,Apple,Pineapple,69
32659-21-5,Ethyl geranate,Woody,Rose,Green,69
106-30-9,Ethyl heptanoate,Fruity,Sweet,Plum,69
123-66-0,Ethyl hexanoate,Fruity,Pineapple,Banana,69
118-60-5,Ethyl hexyl salicylate,Floral,Aromatic,Balsamic,69
97-62-1,Ethyl isobutyrate,Fruity,Sweet,Apple,69
108-64-5,Ethyl isovalerate,Fruity,Berry,Pineapple,69
97-64-3,Ethyl lactate,Fruity,Caramel,Coconut,69
106-33-2,Ethyl laurate,Floral,Aldehydic,Sweet,69
539-88-8,Ethyl levulinate,Fruity,Fresh,Green,69
544-35-4,Ethyl linoleate,Fruity,Oily,Waxy,69
4940-11-8,Ethyl maltol,Gourmand,Sweet,Caramel,69
77-83-8,Ethyl methylphenylglycidate,Fruity,Strawberry,Floral,69
124-06-1,Ethyl myristate,Floral,Waxy,Violet,69
123-29-5,Ethyl nonanoate,Fruity,Rose,Tropical-Fruit,69
2351-90-8,Ethyl oct-2-enoate,Fruity,Green,Pineapple,69
106-32-1,Ethyl octanoate,Fruity,Fresh,Pineapple,70
111-62-6,Ethyl oleate,Acidic,Fatty,Waxy,70
628-97-7,Ethyl palmitate,Gourmand,Waxy,Creamy,70
94-30-4,Ethyl p-anisate,Anisic,Licorice,Powdery,70
1817-90-9,Ethyl phenethyl ether,Floral,Green,Fresh,70
2555-49-9,Ethyl phenoxyacetate,Floral,Green,Rose,70
2114-29-6,Ethyl phenyl carbinyl acetate,Floral,Green,Rose,70
101-97-3,Ethyl phenylacetate,Fruity,Berry,Honey,70
105-37-3,Ethyl propionate,Fruity,Apple,Pear,70
22719-81-9,Ethyl p-tolyl carbonate,Floral,Narcissus,Warm,70
617-35-6,Ethyl pyruvate,Fruity,Oily,Sweet,70
35044-57-6,Ethyl safranate,Floral,Rose,Fruity,70
118-61-6,Ethyl salicylate,Floral,Fruity,Sweet,70
2396-84-1,Ethyl sorbate,Fruity,Pineapple,Green,70
5837-78-5,Ethyl tiglate,Fruity,Sweet,Tropical-Fruit,70
3025-30-7,"Ethyl trans-2,cis-4-decadienoate",Fruity,Pear,Melon,70
623-70-1,Ethyl trans-2-butenoate,Fruity,Tropical-Fruit,Caramel,70
10544-63-5,Ethyl trans-2-butenoate,Fruity,Tropical-Fruit,Caramel,70
7367-88-6,Ethyl trans-2-decenoate,Fruity,Green,Apple,70
27829-72-7,Ethyl trans-2-hexenoate,Fruity,Juicy,Green,70
76649-16-6,Ethyl trans-4-decenoate,Green,Pear,Oily,70
539-82-2,Ethyl valerate,Fruity,Pineapple,Tropical-Fruit,70
121-32-4,Ethyl vanillin,Gourmand,Vanilla,Caramel,70
188417-26-7,Ethyl vanillin isobutyrate,Gourmand,Sweet,Chocolate,70
68527-76-4,Ethyl vanillin propylene glycol acetal,Gourmand,Spicy,Vanilla,70
67952-68-5,"Ethyl-1,3,3-trimethylbicyclo[2.2.1]heptan-2-ol",Earthy,Woody,Mossy,70
105-95-3,Ethylene brassylate,Musk like,Soft,Floral,70
54982-83-1,Ethylene dodecanedioate,Musk like,Powdery,Fruity,70
470-82-6,Eucalyptol,Herbal,Camphoraceous,Minty,70
8000-48-4,Eucalyptus absolute,Herbal,Camphoraceous,Aromatic,70
85203-56-1,Eucalyptus citriodora oil,Herbal,Fresh,Citrus,70
68991-29-7,"Eucalyptus citriodora oil, acetylated",Herbal,Eucalyptus,Lemongrass,70
85203-56-1,Eucalyptus citriodora terpenes,Herbal,Fresh,Citrus,71
8000-48-4,Eucalyptus dives extract,Herbal,Camphoraceous,Aromatic,71
8000-48-4,Eucalyptus dives oil,Herbal,Camphoraceous,Aromatic,71
8000-48-4,"Eucalyptus dives oil, rectified",Herbal,Camphoraceous,Aromatic,71
97926-40-4,Eucalyptus globulus absolute,Herbal,Camphoraceous,Aromatic,71
97926-40-4,Eucalyptus globulus oil,Herbal,Camphoraceous,Aromatic,71
97926-40-4,"Eucalyptus globulus oil, rectified",Herbal,Camphoraceous,Aromatic,71
8000-48-4,Eucalyptus oil,Herbal,Camphoraceous,Aromatic,71
8000-48-4,"Eucalyptus oil, rectified",Herbal,Camphoraceous,Green,71
92201-64-4,Eucalyptus radiata oil,Herbal,Camphoraceous,Aromatic,71
97-53-0,Eugenol,Spicy,Clove,Floral,71
93-28-7,Eugenyl acetate,Floral,Spicy,Fruity,71
93-15-2,Eugenyl methyl ether,Spicy,Clove,Tea,71
10402-33-2,Eugenyl phenylacetate,Spicy,Floral,Honey,71
1137739-11-7,Evodia rutaecarpa oil,Green,Sharp,Fruity,71
7070-15-7,"exo-2-[(1,7,7-Trimethylbicyclo[2.2.1]hept-2-yl)oxy]ethanol",Woody,Cedarwood,Pine,71
19317-11-4,Farnesal,Minty,Floral,Aldehydic,71
4602-84-0,Farnesol,Floral,Warm,Powdery,71
29548-30-9,Farnesyl acetate,Floral,Rose,Green,71
1195-79-5,Fenchone,Aromatic,Woody,Minty,71
1632-73-1,Fenchyl alcohol,Herbal,Woody,Pine,71
8006-84-6,Fennel bitter oleoresin,Anisic,Herbal,Spicy,71
8006-84-6,"Fennel oil, bitter",Anisic,Herbal,Spicy,71
8006-84-6,"Fennel oil, sweet",Anisic,Herbal,Spicy,71
8006-84-6,Fennel sweet oleoresin,Anisic,Herbal,Spicy,71
68990-15-8,Fenugreek absolute,Spicy,Herbal,Balsamic,71
68990-15-8,Fenugreek extract,Spicy,Herbal,Balsamic,71
68990-15-8,Fenugreek oleoresin,Spicy,Aromatic,Balsamic,71
68990-15-8,Fenugreek tincture,Spicy,Herbal,Balsamic,71
8021-28-1,Fir absolute,Woody,Fresh,Resinous,71
8024-15-5,Fir balsam,Balsamic,Fresh,Woody,71
8024-15-5,Fir balsam absolute,Woody,Fresh,Resinous,71
8024-15-5,Fir balsam resinoid,Woody,Fresh,Resinous,72
8021-28-1,Fir balsam resinoid from needles,Woody,Fresh,Resinous,72
8024-15-5,"Fir needle oil, Canadian",Woody,Fresh,Resinous,72
8021-28-1,"Fir needle oil, Chinese",Woody,Fresh,Resinous,72
8021-29-2,"Fir needle oil, Siberian",Aromatic,Pine,Woody,72
8021-29-2,"Fir needle oil, Siberian, rectified",Aromatic,Pine,Woody,72
85085-34-3,"Fir, Abies balsamea extract",Woody,Green,Herbal,72
8021-28-1,"Fir, Abies balsamea, absolute",Woody,Fresh,Resinous,72
92128-34-2,"Fir, Abies pectinata, concrete",Woody,Green,Herbal,72
68916-09-6,Flouve absolute,Woody,Tonka,Sweet,72
68916-09-6,Flouve oil,Woody,Mossy,Sweet,72
58567-11-6,Formaldehyde cyclododecyl ethyl acetal,Woody,Amber,Dry,72
64-18-6,Formic acid,Acidic,Sharp,Fruity,72
68855-38-9,"Formic acid, reaction products with boron trifluoride and [1S- (1.alpha.,3a.beta.,4.alpha.,8a.beta.)]-decahydro-",Acidic,Neutral,Dry,72
68917-51-1,Fucus vesiculosus absolute,Marine,Fresh,Green,72
68917-51-1,Fucus vesiculosus resinoid,Marine,Fresh,Green,72
99343-90-5,"Furan, tetrahydro-2,4-dimethyl-4-phenyl-, (2R,4R)-rel-",Citrus,Rhubarb,Green,72
98-01-1,Furfural,Food Like,Bread,Coffee,72
623-17-6,Furfuryl acetate,Fruity,Banana,Sweet,72
98-02-2,Furfuryl mercaptan,Food Like,Coffee,Roasted,72
1438-91-1,Furfuryl methyl sulfide,Sulfurous,Onion,Vegetable,72
13678-68-7,Furfuryl thioacetate,Food Like,Sulfurous,Roasted,72
8013-75-0,"Fusel oil, refined",Fruity,Sweet,Woody,72
8024-40-6,Galangal root extract,Spicy,Fresh,Camphoraceous,72
8024-40-6,Galangal root oleoresin,Spicy,Fresh,Camphoraceous,72
8023-91-4,Galbanum absolute,Green,Herbal,Vegetable,72
8023-91-4,Galbanum CO2 extract,Green,Herbal,Vegetable,72
8023-91-4,Galbanum gum,Green,Herbal,Vegetable,72
8023-91-4,Galbanum oil,Green,Herbal,Vegetable,72
8023-91-4,"Galbanum oil, rectified",Green,Herbal,Vegetable,72
8023-91-4,Galbanum resin,Green,Herbal,Vegetable,72
8023-91-4,Galbanum resinoid,Green,Herbal,Vegetable,73
706-14-9,gamma-Decalactone,Fruity,Sweet,Peach,73
2305-05-7,gamma-Dodecalactone,Fruity,Oily,Peach,73
105-21-5,gamma-Heptalactone,Fruity,Peach,Coconut,73
695-06-7,gamma-Hexalactone,Fruity,Coconut,Herbal,73
79-76-5,gamma-Ionone,Woody,Floral,Powdery,73
7011-83-8,gamma-Methyldecalactone,Floral,Gardenia,Fruity,73
104-61-0,gamma-Nonalactone,Fruity,Creamy,Coconut,73
104-50-7,gamma-Octalactone,Fruity,Sweet,Balsamic,73
104-67-6,gamma-Undecalactone,Fruity,Oily,Peach,73
108-29-2,gamma-Valerolactone,Herbal,Sweet,Tobacco,73
683748-01-8,Gardenia tahitensis absolute,Floral,Sweet,Milky,73
683748-01-8,Gardenia tahitensis oil,Floral,Sweet,Milky,73
8000-78-0,Garlic oil,Food Like,Garlic,Green,73
129316-65-0,Genet absolute,Balsamic,Sweet,Honey,73
97676-22-7,Gentian absolute,Herbal,Vegetable,Woody,73
97676-22-7,Gentian root extract,Herbal,Vegetable,Woody,73
141-27-5,Geranial,Citrus,Sharp,Lemon,73
459-80-3,Geranic acid,Green,Floral,Woody,73
106-24-1,Geraniol,Floral,Rose,Geranium,73
8000-46-2,Geranium absolute,Floral,Rose,Minty,73
68916-42-7,"Geranium absolute, bourbon",Floral,Rose,Minty,73
8000-46-2,Geranium concrete,Floral,Geranium,Green,73
8000-46-2,Geranium oil,Floral,Geranium,Green,73
68917-31-7,Geranium oil terpenes,Floral,Rose,Geranium,73
8000-46-2,"Geranium oil, African",Floral,Geranium,Green,73
68916-42-7,"Geranium oil, bourbon, distn. residues",Floral,Rose,Minty,73
68916-44-9,"Geranium oil, rectified",Floral,Rose,Minty,73
8000-46-2,"Geranium oil, rectified",Floral,Geranium,Green,73
68916-43-8,"Geranium oil, saponified",Floral,Geranium,Rose,73
105-87-3,Geranyl acetate,Floral,Rose,Fruity,73
94-48-4,Geranyl benzoate,Floral,Green,Ylang,73
106-29-6,Geranyl butyrate,Fruity,Sweet,Tropical-Fruit,74
56172-46-4,Geranyl crotonate,Gourmand,Caramel,Nutty,74
70851-60-4,Geranyl dihydrolinalool,Floral,Rose,Balsamic,74
40267-72-9,Geranyl ethyl ether,Fruity,Green,Light,74
105-86-2,Geranyl formate,Floral,Green,Rose,74
10032-02-7,Geranyl hexanoate,Floral,Rose,Oily,74
2345-26-8,Geranyl isobutyrate,Floral,Fruity,Fresh,74
109-20-6,Geranyl isovalerate,Green,Melon,Herbal,74
1113-21-9,Geranyl linalool,Floral,Rose,Soft,74
2565-82-4,Geranyl methyl ether,Floral,Rose,Green,74
65405-73-4,Geranyl oxyacetaldehyde,Floral,Rose,Ozonic,74
10402-47-8,Geranyl pentanoate,Fruity,Floral,Rose,74
102-22-7,Geranyl phenylacetate,Fruity,Honey,Sweet,74
105-90-8,Geranyl propionate,Floral,Fruity,Tropical-Fruit,74
7785-33-3,Geranyl tiglate,Floral,Geranium,Green,74
8007-08-7,Ginger,Spicy,Ginger,Citrus,74
8007-08-7,Ginger absolute,Spicy,Ginger,Citrus,74
8007-08-7,Ginger CO2 extract,Spicy,Ginger,Citrus,74
8007-08-7,Ginger extract,Spicy,Ginger,Citrus,74
8007-08-7,Ginger oil,Spicy,Ginger,Citrus,74
8007-08-7,"Ginger oil, rectified",Spicy,Ginger,Citrus,74
8007-08-7,Ginger oleoresin,Spicy,Ginger,Citrus,74
8007-08-7,Ginger terpeneless,Spicy,Ginger,Citrus,74
8023-92-5,Gingergrass oil,Herbal,Green,Woody,74
68990-07-8,"Glycerides, wheat germ-oil mono-, di- and tri-",Herbal,Green,Floral,74
39668-74-1,"Glycine, N-[[5-methyl-2-(1-methylethyl)cyclohexyl]carbonyl]-, ethyl ester",Herbal,Minty,Cooling,74
90320-21-1,Grains of paradise extract,Spicy,Peppery,Dry,74
8016-20-4,"Grapefruit absolute, white",Citrus,Grapefruit,Bitter,74
8016-20-4,Grapefruit essence oil,Citrus,Fresh,Sharp,74
8016-20-4,Grapefruit extract,Citrus,Fresh,Sharp,74
8016-20-4,Grapefruit flower oil,Citrus,Grapefruit,Fresh,74
8016-20-4,Grapefruit oil,Citrus,Fresh,Sharp,74
8016-20-4,Grapefruit oil,Citrus,Fresh,Sharp,75
68917-32-8,Grapefruit oil terpenes,Citrus,Grapefruit,Lemon,75
8016-20-4,"Grapefruit oil, (low furocoumarins)",Citrus,Fresh,Sharp,75
68916-46-1,"Grapefruit oil, folded",Citrus,Grapefruit,Fruity,75
8016-20-4,"Grapefruit oil, rectified",Citrus,Fresh,Sharp,75
68916-46-1,"Grapefruit oil, terpeneless",Citrus,Grapefruit,Fruity,75
8016-23-7,Guaiac wood oil,Woody,Smoky,Spicy,75
90244-88-5,Guaiac wood oil saponified,Woody,Smoky,Spicy,75
8016-23-7,"Guaiac wood oil, rectified",Woody,Smoky,Spicy,75
90-05-1,Guaiacol,Spicy,Smoky,Animal Like,75
4125-43-3,Guaiacol allyl ether,Spicy,Woody,Smoky,75
61789-17-1,Guaiacwood acetate,Woody,Rose,Tea,75
613-70-7,Guaiacyl acetate,Spicy,Woody,Smoky,75
134-28-1,Guaiyl acetate,Woody,Nutty,Smoky,75
8030-55-5,Gurjun balsam,Woody,Warm,Powdery,75
8030-55-5,Gurjun balsam oil,Woody,Warm,Powdery,75
8030-55-5,Gurjun extract,Woody,Warm,Powdery,75
8030-55-5,Gurjun oil,Woody,Warm,Powdery,75
8030-55-5,"Gurjun oil, rectified",Woody,Warm,Powdery,75
8031-00-3,Hay absolute,Herbal,Hay,Sweet,75
8031-00-3,Hay oil,Herbal,Hay,Sweet,75
8023-95-8,Helichrysum absolute,Tobacco like,Floral,Spicy,75
85665-35-6,"Helichrysum arenarium, ext.",Floral,Fruity,Herbal,75
8023-95-8,Helichrysum extract,Tobacco like,Floral,Spicy,75
8023-95-8,Helichrysum oil,Tobacco like,Floral,Spicy,75
8023-95-8,"Helichrysum oil, pyrogenated",Tobacco like,Floral,Spicy,75
111-71-7,Heptanal,Aldehydic,Fresh,Green,75
10032-05-0,Heptanal dimethyl acetal,Green,Fruity,Orange,75
111-14-8,Heptanoic acid,Acidic,Fatty,Burnt,75
112-06-1,Heptyl acetate,Fruity,Green,Citrus,75
111-70-6,Heptyl alcohol,Aldehydic,Green,Fruity,75
5870-93-9,Heptyl butyrate,Fruity,Apple,Pear,75
10094-40-3,Hex-2-enyl acetate (isomer unspecified),Green,Sweet,Fruity,76
1708-82-3,Hex-3-enyl acetate,Green,Floral,Fresh,76
109-29-5,Hexadecanolide,Musk like,Sweet,Powdery,76
6051-03-2,Hexahydro-3H-benzofuran-2-one,Tobacco like,Hay,Powdery,76
66-25-1,Hexanal,Aldehydic,Green,Fruity,76
1429808-42-3,"Hexanal, 6-(2,4,4-trimethylcyclopentylidene)-, (6E)-",Ozonic,Marine,Green,76
142-62-1,Hexanoic acid,Acidic,Cheesy,Oily,76
816-19-3,"Hexanoic acid, 2-ethyl-, methyl ester",Fruity,Floral,Violet,76
104986-28-9,"Hexanoic acid, 6-(acetyloxy)-, ethyl ester",Powdery,Fruity,Raspberry,76
6728-26-3,Hexen-2-al,Green,Aldehydic,Floral,76
5434-57-1,"Hexyl 2,2-dimethylpropanoate",Floral,Sweet,Green,76
10032-15-2,Hexyl 2-methylbutyrate,Fruity,Green,Pear,76
142-92-7,Hexyl acetate,Fruity,Green,Apple,76
111-27-3,Hexyl alcohol,Fruity,Green,Apple,76
6789-88-4,Hexyl benzoate,Woody,Fresh,Balsamic,76
2639-63-6,Hexyl butyrate,Fruity,Green,Pineapple,76
629-33-4,Hexyl formate,Fruity,Apple,Plum,76
6378-65-0,Hexyl hexanoate,Fruity,Floral,Pear,76
2349-07-7,Hexyl isobutyrate,Fruity,Sweet,Apple,76
10032-13-0,Hexyl isovalerate,Fruity,Sweet,Green,76
1117-55-1,Hexyl octanoate,Fruity,Green,Fresh,76
5421-17-0,Hexyl phenylacetate,Floral,Sweet,Green,76
2445-76-3,Hexyl propionate,Fruity,Green,Pear,76
6259-76-3,Hexyl salicylate,Floral,Sweet,Herbal,76
16930-96-4,Hexyl tiglate,Fruity,Fresh,Green,76
68917-43-1,Hibawood oil,Woody,Cedarwood,Fresh,76
91745-97-0,Hinoki wood oil,Aromatic,Peppery,Grapefruit,76
91745-97-0,Hinoki leaf oil,Aromatic,Peppery,Grapefruit,76
8022-91-1,Ho bark oil,Floral,Woody,Herbal,76
8022-91-1,Ho leaf oil,Floral,Woody,Herbal,76
8022-91-1,Ho wood,Floral,Woody,Herbal,76
8022-91-1,Ho wood oil,Floral,Woody,Herbal,76
91052-92-5,Honey distillate,Gourmand,Honey,Waxy,77
8023-93-6,Honeysuckle absolute,Floral,Honeysuckle,Sweet,77
8060-28-4,Hop extract,Aromatic,Fruity,Herbal,77
8060-28-4,Hop extract solid,Aromatic,Fruity,Herbal,77
8007-04-3,Hop oil,Herbal,Spicy,Green,77
68956-56-9,"Hydrocarbons, terpene processing by-products",Citrus,Lime,Lavender,77
107-75-5,Hydroxycitronellal,Floral,Muguet,Aldehydic,77
7779-94-4,Hydroxycitronellal diethyl acetal,Floral,Muguet,Green,77
141-92-4,Hydroxycitronellal dimethyl acetal,Floral,Fresh,Lily,77
68908-82-7,"Hydroxycitronellal, indole condensation products",Floral,Jasmin,warm,77
68527-79-7,Hydroxycitronellal-Indole (Schiff base),Floral,Jasmin,Animal Like,77
89-43-0,Hydroxycitronellal-methyl anthranilate (Schiff base),Floral,Neroli,Warm,77
107-74-4,Hydroxycitronellol,Floral,Green,Rose,77
3301-94-8,"Hydroxynonanoic acid, delta-lactone",Fruity,Coconut,Spicy,77
8006-83-5,Hyssop oil,Aromatic,Herbal,Camphoraceous,77
647828-16-8,"Indeno[4,3a-b]furan,decahydro-2,2,7,7,8,9,9-heptamethyl-",Amber,Woody,Musk Like,77
365411-50-3,"Indeno[4,5-d]-1,3-dioxin,4,4a,5,6,7,8,9,9b-octahydro-7,7,8,9,9-pentamethyl-",Musk like,Powdery,Dry,77
120-72-9,Indole,Floral,Jasmin,Animal Like,77
8013-90-9,Ionone (mixed isomers),Floral,Violet,Sweet,77
1048028-77-8,Iris germanica absolute,Floral,Powdery,Violet,77
1048028-77-8,Iris germanica CO2 extract,Floral,Powdery,Violet,77
1048028-77-8,Iris germanica concrete,Floral,Powdery,Violet,77
1048028-77-8,Iris germanica extract,Floral,Powdery,Violet,77
1048028-77-8,Iris germanica resinoid,Floral,Powdery,Violet,77
8002-73-1,Iris pallida absolute,Powdery,Violet,Floral,77
8002-73-1,Iris pallida concrete,Powdery,Violet,Floral,77
8002-73-1,Iris pallida oil,Powdery,Violet,Floral,77
8002-73-1,"Iris pallida oil, rectified",Powdery,Violet,Floral,77
8002-73-1,Iris pallida resinoid,Powdery,Violet,Floral,77
8002-73-1,Iris pallida tincture,Powdery,Violet,Floral,77
90045-91-3,Iris pseudacorus extract,Floral,Violet,Powdery,77
1335-94-0,Irone,Floral,Violet,Woody,77
123-92-2,Isoamyl acetate,Fruity,Vanilla,Pear,78
123-51-3,Isoamyl alcohol,Fruity,Apple,Pear,78
94-46-2,Isoamyl benzoate,Fruity,Balsamic,Apple,78
106-27-4,Isoamyl butyrate,Fruity,Sweet,Banana,78
7779-65-9,Isoamyl cinnamate,Spicy,Warm,Cinnamon,78
110-45-2,Isoamyl formate,Fruity,Green,Apple,78
2198-61-0,Isoamyl hexanoate,Fruity,Pineapple,Green,78
659-70-1,Isoamyl isovalerate,Fruity,Banana,Apple,78
2035-99-6,Isoamyl octanoate,Fruity,Pineapple,Chocolate,78
102-19-2,Isoamyl phenylacetate,Fruity,Chocolate,Honey,78
105-68-0,Isoamyl propionate,Fruity,Apricot,Pineapple,78
87-20-7,Isoamyl salicylate,Floral,Balsamic,Green,78
124-76-5,Isoborneol,Herbal,Fresh,Pine,78
85586-67-0,Isobornyl 2-methylpropionate,Herbal,Camphoraceous,Fruity,78
125-12-2,Isobornyl acetate,Herbal,Pine,Green,78
1200-67-5,Isobornyl formate,Woody,Camphoraceous,Pine,78
7779-73-9,Isobornyl isovalerate,Woody,Apple,dry,78
5331-32-8,Isobornyl methyl ether,Herbal,Pine,Woody,78
2756-56-1,Isobornyl propionate,Herbal,Fresh,Pine,78
589-66-2,Isobutyl 2-butenoate,Fruity,Melon,Tropical-Fruit,78
105-01-1,Isobutyl 3-(2-furan)propionate,Fruity,Pineapple,Pear,78
110-19-0,Isobutyl acetate,Fruity,Banana,Pear,78
78-83-1,Isobutyl alcohol,Fruity,Sharp,Light,78
7779-81-9,Isobutyl angelate,Herbal,Green,Spicy,78
7779-77-3,Isobutyl anthranilate,Fruity,Grape,Floral,78
120-50-3,Isobutyl benzoate,Floral,Powdery,Gourmand,78
539-90-2,Isobutyl butyrate,Fruity,Sweet,Peach,78
122-67-8,Isobutyl cinnamate,Fruity,Sweet,Balsamic,78
105-79-3,Isobutyl hexanoate,Fruity,Sweet,Pineapple,78
97-85-8,Isobutyl isobutyrate,Fruity,Pineapple,Peach,78
65505-24-0,Isobutyl N-methylanthranilate,Fruity,Grapefruit,Floral,78
102-13-6,Isobutyl phenylacetate,Floral,Rose,Honey,78
540-42-1,Isobutyl propionate,Fruity,Sweet,Fermented,79
87-19-4,Isobutyl salicylate,Floral,Herbal,Spicy,79
78-84-2,Isobutyraldehyde,Green,Floral,Aldehydic,79
79-31-2,Isobutyric acid,Acidic,Pungent,Fruity,79
66068-84-6,"Isocamphenyl cyclohexanol, mixed isomers",Woody,Balsamic,Sandalwood,79
13794-73-5,Isocedranone,Woody,Cedarwood,Amber,79
1335-66-6,Isocyclocitral,Green,Fresh,Herbal,79
69103-24-8,Isodecyl acetate,Herbal,Citrus,Green,79
97-54-1,Isoeugenol,Spicy,Clove,Floral,79
4194-00-7,Isoeugenol benzoate,Balsamic,Spicy,Floral,79
93-29-8,Isoeugenyl acetate,Spicy,Floral,Clove,79
120-11-6,Isoeugenyl benzyl ether,Spicy,Powdery,Floral,79
93-16-3,Isoeugenyl methyl ether,Spicy,Clove,Floral,79
120-24-1,Isoeugenyl phenylacetate,Herbal,Aromatic,Spicy,79
37677-14-8,Isohexenyl cyclohexenyl carboxaldehyde,Aldehydic,Citrus,Orange,79
11050-62-7,Isojasmone,Floral,Waxy,Jasmin,79
14727-47-0,Isolongifolanone,Woody,Fresh,Dry,79
1135-66-6,Isolongifolene,Woody,Amber,Incense,79
23787-90-8,Isolongifolene ketone,Woody,Dry,Amber,79
33407-62-4,Isolongifolene ketone,Woody,Dry,Amber,79
26619-69-2,Isolongifolene oxide,Woody,Patchouli,Musty,79
79-89-0,iso-Methyl-beta-ionone,Floral,Violet,Powdery,79
40379-24-6,Isononyl acetate (isomer unspecified),Floral,Herbal,Fruity,79
27458-94-2,Isononyl alcohol (isomer unspecified),Green,Geranium,Camphoraceous,79
65155-45-5,Isononyl propionate,Floral,Lavender,Herbal,79
41519-18-0,Isopentyl 2-methylcrotonate (E),Floral,Chamomile,Fruity,79
505-32-8,Isophytol,Floral,Jasmin,Fresh,79
79915-74-5,Isopropoxy ethyl salicylate,Floral,Balsamic,Cherry-Blossom,79
66576-71-4,Isopropyl 2-methylbutyrate,Fruity,Pear,Pineapple,79
108-21-4,Isopropyl acetate,Fruity,Sweet,Banana,79
939-48-0,Isopropyl benzoate,Fruity,Sweet,Floral,79
638-11-9,Isopropyl butyrate,Fruity,Sweet,Pineapple,79
7780-06-5,Isopropyl cinnamate,Balsamic,Fruity,Spicy,80
2311-46-8,Isopropyl hexanoate,Fruity,Pineapple,Berry,80
32665-23-9,Isopropyl isovalerate,Fruity,Apple,Pineapple,80
125109-85-5,Isopropylphenylbutanal,Floral,Fresh,Marine,80
1333-53-5,Isopropylquinoline,Green,Leafy,Vegetable,80
89-79-2,Isopulegol,Minty,Herbal,Sweet,80
57576-09-7,Isopulegyl acetate,Minty,Peppermint,Sweet,80
120-58-1,Isosafrole,Spicy,Sweet,Herbal,80
27458-92-0,Isotridecan-1-ol,Floral,Rose,Soft,80
69103-23-7,Isotridecyl acetate,Floral,Sweet,Fruity,80
503-74-2,Isovaleric acid,Acidic,Cheesy,Fruity,80
90131-24-1,Jambu oleoresin,Citrus,Herbal,Fruity,80
8022-96-6,Jasmine absolute,Floral,Sweet,Jasmin,80
8022-96-6,Jasmine CO2 extract,Floral,Sweet,Jasmin,80
8022-96-6,Jasmine concrete,Floral,Sweet,Jasmin,80
8022-96-6,Jasmine concrete (waxes twice extracted),Floral,Sweet,Jasmin,80
8022-96-6,Jasmine oil,Floral,Sweet,Jasmin,80
1034798-23-6,Jasmine sambac absolute,Floral,Sweet,Jasmin,80
1034798-23-6,Jasmine sambac CO2 extract,Floral,Sweet,Jasmin,80
1034798-23-6,Jasmine sambac oil,Floral,Sweet,Jasmin,80
1034798-23-6,Jasmine sambac tincture,Floral,Sweet,Jasmin,80
8022-96-6,Jasmine spiritus,Floral,Sweet,Jasmin,80
8002-68-4,Juniper berry absolute,Spicy,Balsamic,Woody,80
8002-68-4,Juniper berry CO2 extract,Spicy,Balsamic,Woody,80
8002-68-4,Juniper berry extract,Spicy,Balsamic,Woody,80
8002-68-4,Juniper berry oil,Spicy,Balsamic,Woody,80
8002-68-4,"Juniper berry oil, rectified",Spicy,Balsamic,Woody,80
91053-31-5,"Juniper, Juniperus mexicana, ext., acetylated",Spicy,Balsamic,Woody,80
100209-33-4,"Juniper, Juniperus virginiana, ext., epoxidized",Woody,Spicy,Balsamic,80
936843-30-0,Kaempferia galanga root CO2 extract,Spicy,Ginger,Citrus,80
7785-26-4,l-.alpha.-Pinene,Aromatic,Pine,Earthy,80
18172-67-3,l-.beta.-Pinene,Herbal,Pine,Woody,80
8016-26-0,Labdanum absolute,Amber,Woody,Dry,81
8016-26-0,"Labdanum absolute, pyrogenated",Amber,Woody,Dry,81
8016-26-0,Labdanum concrete,Amber,Woody,Dry,81
8016-26-0,Labdanum distillate,Amber,Woody,Dry,81
8016-26-0,Labdanum extract,Amber,Woody,Dry,81
68917-77-1,Labdanum extract ambreine,Amber,Sweet,Warm,81
8016-26-0,Labdanum gum,Amber,Woody,Dry,81
8016-26-0,Labdanum oil,Amber,Woody,Dry,81
8016-26-0,Labdanum oleoresin,Amber,Woody,Dry,81
8016-26-0,Labdanum resinoid,Amber,Woody,Dry,81
73138-66-6,"Labdanum, ext., Et esters",Amber,Woody,Dry,81
21280-29-5,Lactoscatone,Animal like,Creamy,Jasmin,81
5655-61-8,laevo-Bornyl acetate,Woody,Herbal,Pine,81
2102-59-2,laevo-Carveol,Minty,Herbal,Balsamic,81
1205-42-1,laevo-Carvyl acetate,Minty,Fresh,Dry,81
90046-17-6,Lantana camara oil,Floral,Cassis,Fruity,81
8007-48-5,Laurel leaf absolute,Camphoraceous,Spicy,Green,81
8007-48-5,Laurel leaf oil,Camphoraceous,Spicy,Green,81
112-54-9,Lauric aldehyde,Citrus,Mandarin,Fresh,81
112-66-3,Lauryl acetate,Floral,Citrus,Fresh,81
112-53-8,Lauryl alcohol,Floral,Soft,Waxy,81
8022-15-9,Lavandin abrailis oil (low coumarin),Floral,Lavender,Hay,81
8022-15-9,Lavandin abrialis,Floral,Lavender,Hay,81
8022-15-9,Lavandin abrialis oil,Floral,Lavender,Herbal,81
8022-15-9,Lavandin absolute,Floral,Lavender,Herbal,81
8022-15-9,Lavandin concrete,Floral,Lavender,Herbal,81
8022-15-9,Lavandin extract,Floral,Lavender,Hay,81
8022-15-9,Lavandin grosso,Floral,Lavender,Herbal,81
8022-15-9,Lavandin grosso absolute,Floral,Lavender,Hay,81
8022-15-9,Lavandin grosso concrete,Floral,Lavender,Herbal,81
8022-15-9,Lavandin grosso oil,Floral,Lavender,Herbal,81
8022-15-9,Lavandin oil,Floral,Lavender,Herbal,81
8022-15-9,Lavandin oil (super low coumarins),Floral,Lavender,Hay,82
68916-93-8,Lavandin oil acetylated,Herbal,Floral,Powdery,82
25905-14-0,Lavandulyl acetate,Citrus,Bergamot,Herbal,82
93165-50-5,Lavendar oil,Herbal,Lavender,Fresh,82
8000-28-0,Lavender,Herbal,Lavender,Fresh,82
8000-28-0,Lavender absolute,Herbal,Lavender,Fresh,82
8000-28-0,Lavender concrete,Herbal,Lavender,Fresh,82
8000-28-0,Lavender extract,Herbal,Lavender,Fresh,82
8000-28-0,Lavender oil,Herbal,Lavender,Fresh,82
8000-28-0,Lavender oil (low coumarin),Floral,Aromatic,Fresh,82
8000-28-0,"Lavender oil, rectified",Herbal,Lavender,Fresh,82
464-45-9,l-Borneol,Herbal,Camphoraceous,Pine,82
5794-04-7,l-Camphene,Camphoraceous,Woody,Pine,82
6485-40-1,L-Carvone,Minty,Green,Fresh,82
7540-51-4,l-Citronellol,Floral,Rose,Fresh,82
25225-08-5,l-Cyclocitronellene formate,Woody,Pine,Apple,82
8008-56-8,Lemon absolute folded (5X),Citrus,Lemon,Fruity,82
8008-56-8,Lemon essence oil,Citrus,Lemon,Fruity,82
8008-56-8,Lemon oil,Citrus,Lemon,Fruity,82
8008-56-8,Lemon oil folded (10x),Citrus,Lemon,Fruity,82
8008-56-8,Lemon oil folded (5X),Citrus,Lemon,Fruity,82
68917-33-9,Lemon oil terpenes,Citrus,Lemon,Orange,82
8008-56-8,"Lemon oil, distilled",Citrus,Lemon,Fruity,82
8008-56-8,"Lemon oil, expressed",Citrus,Lemon,Fruity,82
68916-89-2,"Lemon oil, furocoumarin free",Citrus,Lemon,Fruity,82
68648-39-5,"Lemon oil, terpeneless",Citrus,Lemon,Fruity,82
8008-56-8,"Lemon oil, washed",Citrus,Lemon,Fruity,82
102242-62-6,Lemon pepper CO2 Extract,Citrus,Grapefruit,Peppery,82
102242-62-6,Lemon pepper extract,Citrus,Grapefruit,Peppery,82
72869-82-0,Lemongrass oil terpenes,Citrus,Lemon,Herbal,82
8007-02-1,"Lemongrass oil, East Indian",Citrus,Lemon,Herbal,82
8007-02-1,"Lemongrass oil, rectified",Citrus,Lemon,Herbal,82
8007-02-1,"Lemongrass oil, West Indian",Citrus,Lemon,Herbal,83
123-76-2,Levulinic acid,Gourmand,Caramel,Fruity,83
7787-20-4,l-Fenchone,Herbal,Earthy,Camphoraceous,83
97676-23-8,Licorice root absolute,Gourmand,Licorice,Smoky,83
97676-23-8,Licorice root extract,Anisic,Licorice,Smoky,83
91-51-0,Lilial-methyl anthranilate (Schiff base),Floral,Neroli,Muguet,83
8008-26-2,Lime oil,Citrus,Lime,Green,83
8008-26-2,Lime oil folded,Citrus,Lime,Green,83
68917-71-5,Lime oil terpenes,Citrus,Lime,Lemon,83
68916-83-6,"Lime oil, cold pressed, furocoumarin free",Citrus,Lime,Green,83
8008-26-2,"Lime oil, expressed",Citrus,Lime,Green,83
8008-26-2,"Lime oil, expressed, rectified",Citrus,Lime,Fresh,83
68916-84-7,"Lime oil, terpeneless",Citrus,Lime,Green,83
78-70-6,Linalool,Floral,Fresh,Lavender,83
1365-19-1,Linalool oxide,Herbal,Earthy,Berry,83
14049-11-7,Linalool oxide pyranoid,Floral,Sweet,Honey,83
115-95-7,Linalyl acetate,Floral,Bergamot,Lavender,83
7149-26-0,Linalyl anthranilate,Floral,Neroli,Ylang,83
126-64-7,Linalyl benzoate,Floral,Tuberose,Lily,83
78-36-4,Linalyl butyrate,Fruity,Bergamot,Banana,83
78-37-5,Linalyl cinnamate,Floral,Hyacinth,Muguet,83
115-99-1,Linalyl formate,Citrus,Bergamot,Green,83
7779-23-9,Linalyl hexanoate,Fruity,Fermented,Warm,83
78-35-3,Linalyl isobutyrate,Herbal,Fruity,Fresh,83
1118-27-0,Linalyl isovalerate,Citrus,Bergamot,Lavender,83
7143-69-3,Linalyl phenylacetate,Floral,Rose,Muguet,83
144-39-8,Linalyl propionate,Citrus,Floral,Fresh,83
90063-53-9,Linden flowers,Floral,Spicy,Fruity,83
8001-26-1,Linseed,Floral,Oily,Warm,83
8001-26-1,Linseed absolute,Floral,Warm,Balsamic,83
8001-26-1,Linseed extract,Floral,Oily,Warm,83
8001-26-1,Linseed oil,Floral,Oily,Warm,83
8001-26-1,"Linseed oil, fixed",Floral,Oily,Warm,84
68855-99-2,Litsea cubeba oil,Citrus,Fresh,Lemon,84
68855-99-2,"Litsea cubeba oil, rectified",Citrus,Fresh,Lemon,84
68855-99-2,Litsea cubeba terpenes,Citrus,Fresh,Lemon,84
5989-54-8,l-Limonene,Citrus,Orange,Herbal,84
126-91-0,l-Linalool,Floral,Lavender,Ylang,84
6915-15-7,l-Malic acid,Gourmand,Caramel,Acidic,84
2216-51-5,l-Menthol,Minty,Fresh,Cooling,84
14073-97-3,l-Menthone,Minty,Herbal,Sweet,84
108766-16-1,"l-Menthyl (R,S)-3-hydroxybutyrate",Minty,Cooling,Fresh,84
2623-23-6,"l-Menthyl acetate (1alpha,2beta,5alpha)",Minty,Herbal,Floral,84
475-20-7,Longifolene,Woody,Fresh,Pine,84
8016-31-7,Lovage leaf oil,Herbal,Licorice,Smoky,84
8016-31-7,Lovage root oil,Herbal,Celery,Balsamic,84
4573-50-6,l-Piperitone,Herbal,Minty,Green,84
8007-12-3,Mace absolute,Spicy,Nutmeg,Woody,84
8007-12-3,Mace oil,Spicy,Nutmeg,Woody,84
8007-12-3,Mace oleoresin,Spicy,Nutmeg,Woody,84
246536-69-6,Magnolia liliflora extract,Floral,Peach,Hay,84
8002-48-0,Malt absolute,Gourmand,Sweet,Creamy,84
118-71-8,Maltol,Gourmand,Sweet,Caramel,84
65416-14-0,Maltyl isobutyrate,Gourmand,Berry,Sweet,84
8008-31-9,Mandarin oil,Citrus,Sweet,Orange,84
8008-31-9,Mandarin oil,Citrus,Sweet,Orange,84
8008-31-9,Mandarin oil folded,Citrus,Sweet,Orange,84
68953-04-8,Mandarin oil terpenes,Citrus,Mandarin,Floral,84
8008-31-9,"Mandarin oil, rectified",Citrus,Sweet,Orange,84
68917-20-4,"Mandarin oil, terpeneless",Citrus,Mandarin,Neroli,84
90063-86-8,Mango alcoholate,Fruity,Mango,Floral,84
8016-33-9,"Marjoram oil, Spanish",Herbal,Balsamic,Camphoraceous,84
8015-01-8,"Marjoram oil, sweet",Camphoraceous,Herbal,Artemisia,84
84012-24-8,"Marjoram, pot",Aromatic,Thyme,Rosemary,84
336185-21-8,"Marjoram, pot, oil",Camphoraceous,Herbal,Artemisia,85
68991-39-9,Mastic absolute,Woody,Mossy,Green,85
68991-39-9,Mastic extract,Woody,Mossy,Green,85
68991-39-9,Mastic oil,Woody,Mossy,Green,85
68991-39-9,Mastic resinoid,Woody,Mossy,Green,85
68916-96-1,Mate absolute,Herbal,Tobacco,Tea,85
68916-96-1,Mate extract,Green,Tea,Fresh,85
68916-96-1,Mate oil,Herbal,Tobacco,Peach,85
108-39-4,m-Cresol,Smoky,Woody,Leathery,85
151-10-0,m-Dimethoxybenzene,Gourmand,Spicy,Nutty,85
8023-73-2,Melilotus officinalis absolute,Honey,Hay,Powdery,85
8023-73-2,"Melilotus officinalis absolute, pyrogenated",Honey,Hay,Powdery,85
8023-73-2,Melilotus officinalis tincture,Honey,Hay,Powdery,85
68917-18-0,Mentha arvensis,Minty,Green,Herbal,85
68917-18-0,Mentha arvensis oil,Minty,Herbal,Fresh,85
68917-18-0,Mentha arvensis oil (low menthol),Minty,Green,Herbal,85
68608-35-5,Mentha arvensis oil terpenes,Minty,Cooling,Fresh,85
68917-18-0,"Mentha arvensis oil, distilled",Minty,Green,Herbal,85
68917-14-6,"Mentha arvensis oil, terpeneless",Minty,Herbal,Fresh,85
68917-18-0,"Mentha arvensis, 3X",Herbal,Minty,Green,85
68917-15-7,Mentha citrata oil,Minty,Camphoraceous,Lavender,85
68683-20-5,Menthadiene-7-methyl formate,Citrus,Herbal,Minty,85
89-78-1,Menthol,Minty,Fresh,Cooling,85
15356-70-4,Menthol racemic,Minty,Fresh,Cooling,85
10458-14-7,Menthone,Minty,Fresh,Herbal,85
89-48-5,"Menthyl acetate (1alpha,2beta,5alpha)",Herbal,Minty,Fresh,85
16409-45-3,Menthyl acetate (isomer unspecified),Herbal,Tea,Cooling,85
16409-46-4,Menthyl isovalerate,Fruity,Sweet,Woody,85
86803-90-9,Methoxy dicyclopentadiene carboxaldehyde,Marine,Aldehydic,Floral,85
3613-30-7,Methoxycitronellal,Floral,Sweet,Fresh,85
2986-54-1,Methoxycyclododecane,Woody,Cedarwood,Patchouli,85
63450-30-6,Methoxymethylpyrazine,Gourmand,Nutty,Coffee,85
3149-28-8,Methoxypyrazine,Gourmand,Sweet,Vanilla,86
67634-12-2,Methyl 2-(((4-(4-hydroxy-4-methylpentyl)-3-cyclohexenyl)methylene)amino)benzoate,Floral,Sweet,Neroli,86
41270-80-8,Methyl 2-(formylamino)benzoate,Floral,Neroli,Jasmin,86
67801-44-9,Methyl 2-(octylideneamino)benzoate,Floral,Fruity,Neroli,86
33662-58-7,"Methyl 2,4-dihydroxy-m-toluate",Marine,Mossy,Aldehydic,86
28371-99-5,"Methyl 2,6,10-trimethylcyclododeca-2,5,9-trien-1-yl ketone",Amber,Woody,Smoky,86
28043-10-9,"Methyl 2,6,6-trimethylcyclohex-2-ene-1-carboxylate",Floral,Fruity,Woody,86
67800-80-0,Methyl 2-[(2-methylundecylidene)amino]benzoate,Floral,Neroli,Green,86
67801-42-7,"Methyl 2-[(3,5,5-trimethylhexylidene)amino]benzoate",Citrus,Fresh,Ozonic,86
39129-16-3,Methyl 2-[(phenylmethylene)amino]benzoate,Gourmand,Almond,Cherry,86
68738-99-8,"Methyl 2-[[[2,4(or 3,5)-dimethyl-3-cyclohexen-1-yl]methylene]amino]benzoate",Green,Citrus,Floral,86
67924-13-4,Methyl 2-[[2-(phenylmethylene)octylidene]amino]benzoate,Floral,Fresh,Waxy,86
104037-85-6,"Methyl 2-[[3-(1,3-benzodioxol-5-yl)-2-methyl-1-propenyl]amino]benzoate",Floral,Green,Sweet,86
611-13-2,Methyl 2-furoate,Gourmand,Nutty,Fruity,86
2396-77-2,Methyl 2-hexenoate,Fruity,Green,Pineapple,86
868-57-5,Methyl 2-methylbutyrate,Fruity,Green,Apple,86
111-79-5,Methyl 2-nonenoate,Green,Sweet,Fruity,86
111-80-8,Methyl 2-nonynoate,Floral,Violet,Cucumber,86
111-12-6,Methyl 2-octynoate,Green,Violet,Cucumber,86
1072-83-9,Methyl 2-pyrrolyl ketone,Fruity,Coconut,Oily,86
52557-97-8,"Methyl 3,3-dimethylbicyclo[2.2.1]heptane-2-carboxylate",Herbal,Pine,Citrus,86
2270-60-2,"Methyl 3,7-dimethyl-6-octenoate",Floral,Rose,Geranium,86
72175-33-8,Methyl 3-bicyclo[2.2.1]hept-5-en-2-yl-3-methyloxirane-2-carboxylate,Floral,Fruity,Jasmin,86
2396-78-3,Methyl 3-hexenoate,Earthy,Sweet,Fruity,86
21188-58-9,Methyl 3-hydroxyhexanoate,Fruity,Sweet,Pineapple,86
13532-18-8,Methyl 3-methylthiopropionate,Fruity,Pineapple,Grapefruit,86
13481-87-3,Methyl 3-nonenoate,Fruity,Watermelon,Pear,86
39924-52-2,Methyl 3-oxo-2-(pent-2-enyl)cyclopentaneacetate,Floral,Jasmin,Soft,86
68966-86-9,Methyl 4(or 1)-isopropyl-1(or 4)-methylbicyclo[2.2.2]oct-5-ene-2-carboxylate,Woody,Spicy,Peppery,86
5760-50-9,Methyl 9-undecenoate,Balsamic,Earthy,Rubbery,86
79-20-9,Methyl acetate,Fruity,Sweet,Honey,86
105-45-3,Methyl acetoacetate,Fruity,Citrus,Green,86
67905-40-2,Methyl alpha-ionone glycidate,Woody,Floral,Violet,87
121-98-2,Methyl anisate,Spicy,Balsamic,Anisic,87
134-20-3,Methyl anthranilate,Floral,Neroli,Fruity,87
4707-47-5,Methyl atrarate,Woody,Mossy,Earthy,87
93-58-3,Methyl benzoate,Floral,Ylang,Jasmin,87
93-08-3,Methyl beta-naphthyl ketone,Floral,Neroli,Honey,87
37161-74-3,Methyl beta-phenylglycidate,Fruity,Fresh,Strawberry,87
623-42-7,Methyl butyrate,Fruity,Apple,Banana,87
103-26-4,Methyl cinnamate,Spicy,Balsamic,Cinnamon,87
13894-62-7,Methyl cis-3-hexenoate,Fruity,Floral,Oily,87
41654-15-3,Methyl cis-5-octenoate,Fruity,Sweet,Woody,87
30640-46-1,Methyl cyclohexadiene (mixture of isomers),Citrus,Lemon,Lime,87
14352-61-5,Methyl cyclohexylacetate,Fruity,Sweet,Mango,87
40203-73-4,Methyl cyclopentylideneacetate,Floral,Fruity,Tuberose,87
110-42-9,Methyl decanoate,Fruity,Oily,Floral,87
811412-48-3,Methyl decenone,Herbal,Green,Watery,87
24851-98-7,Methyl dihydrojasmonate,Floral,Fresh,Jasmin,87
8050-15-5,Methyl ester of rosin (partially hydrogenated),Woody,Cedarwood,Balsamic,87
106-73-0,Methyl heptanoate,Fruity,Sweet,Berry,87
112-39-0,Methyl hexadecanoate,Balsamic,Waxy,Floral,87
106-70-7,Methyl hexanoate,Fruity,Pineapple,Apricot,87
37172-53-5,Methyl hexyl oxo cyclopentanone carboxylate,Floral,Jasmin,Green,87
1335-46-2,Methyl ionone (mixture of isomers),Floral,Violet,Woody,87
68937-31-5,Methyl ionone tails,Floral,Woody,Violet,87
547-63-7,Methyl isobutyrate,Fruity,Ethereal,Pineapple,87
556-24-1,Methyl isovalerate,Fruity,Apple,Pineapple,87
1211-29-6,Methyl jasmonate,Floral,Fresh,Magnolia,87
111-82-0,Methyl laurate,Aldehydic,Waxy,Coconut,87
67633-95-8,Methyl lavender ketone,Herbal,Lavender,Green,87
301-00-8,Methyl linoleate (48%) methyl linolenate (52%) mixture,Floral,Fruity,Sweet,87
74-93-1,Methyl mercaptan,Food Like,Vegetable,Cabbage,87
124-10-7,Methyl myristate,Floral,Oily,Violet,87
2719-08-6,Methyl N-acetylanthranilate,Fruity,Soft,Strawberry,88
93-60-7,Methyl nicotinate,Spicy,Herbal,Tobacco,88
85-91-6,Methyl N-methylanthranilate,Floral,Warm,Neroli,88
111-11-5,Methyl octanoate,Fruity,Orange,Waxy,88
606-45-1,Methyl o-methoxybenzoate,Floral,Herbal,Hyacinth,88
3558-60-9,Methyl phenethyl ether,Floral,Rose,Jasmin,88
101-41-7,Methyl phenylacetate,Honey,Sweet,Floral,88
99-75-2,Methyl p-methylbenzoate,Floral,Sweet,Anisic,88
554-12-1,Methyl propionate,Fruity,Fermented,Fresh,88
3549-23-3,Methyl p-tert-butylphenylacetate,Fruity,Honey,Oily,88
119-36-8,Methyl salicylate,Herbal,Medicinal,Ylang,88
2432-51-1,Methyl thiobutyrate,Fruity,Tropical-Fruit,Green,88
2396-85-2,Methyl trans-2-octenoate,Green,Fruity,Pear,88
111-81-9,Methyl undec-10-enoate,Citrus,Oily,Waxy,88
624-24-8,Methyl valerate,Fruity,Green,Apple,88
5533-03-9,Methyl vanillyl ether,Gourmand,Sweet,Medicinal,88
81752-87-6,"Methyl-2,2-dimethyl-6-methylene-1-cyclohexanecarboxylate",Floral,Rose,Fruity,88
68845-02-3,"Methyl-2-[[(2,4-dimethyl-3-cyclohexen-1-yl)methylene]amino]benzoate",Green,Floral,Citrus,88
127-42-4,Methyl-alpha-ionone,Woody,Floral,Violet,88
127-43-5,Methyl-beta-ionone,Floral,Violet,Fruity,88
61699-38-5,Methylcyclooctyl carbonate,Herbal,Fresh,Floral,88
80-71-7,Methylcyclopentenolone,Gourmand,Sweet,Caramel,88
1335-09-7,Methylheptenol,Green,Floral,Citrus,88
409-02-9,Methylheptenone (isomer unspecified),Gourmand,Nutty,Roasted,88
92457-18-6,Michelia alba extract,Floral,Fruity,Dried-Fruit,88
8006-76-6,Michelia alba flower oil,Floral,Fruity,Dried-Fruit,88
8006-76-6,Michelia alba leaf extract,Floral,Fruity,Dried-Fruit,88
8006-76-6,Michelia alba leaf oil,Floral,Fruity,Dried-Fruit,88
8006-76-6,"Michelia alba oil, rectified",Floral,Fruity,Dried-Fruit,88
8031-03-6,Mimosa absolute,Floral,Powdery,Green,88
8031-03-6,Mimosa concrete,Floral,Powdery,Green,88
13341-72-5,Mintlactone,Gourmand,Vanilla,Sweet,88
8052-35-5,"Molasses, blackstrap",Gourmand,Rum,Grape,89
84649-97-8,Mushroom absolute,Earthy,Mushroom,Musty,89
84649-97-8,Mushroom resinoid,Earthy,Mushroom,Musty,89
81-14-1,Musk ketone,Musk like,Sweet,Powdery,89
72403-67-9,Myraldyl acetate,Floral,Sweet,Fruity,89
123-35-3,Myrcene,Citrus,Herbal,Dry,89
543-39-5,Myrcenol,Citrus,Fresh,Floral,89
1118-39-4,Myrcenyl acetate,Citrus,Fresh,Lavender,89
124-25-4,Myristaldehyde,Aldehydic,Waxy,Balsamic,89
629-63-0,Myristo nitrile,Aldehydic,Floral,Green,89
8016-37-3,Myrrh,Amber,Balsamic,Sweet,89
8016-37-3,Myrrh absolute,Amber,Balsamic,Sweet,89
8016-37-3,Myrrh CO2 extract,Amber,Balsamic,Sweet,89
8016-37-3,Myrrh extract,Amber,Balsamic,Sweet,89
9000-45-7,Myrrh gum,Amber,Mushroom,Warm,89
8016-37-3,Myrrh oil,Amber,Balsamic,Sweet,89
8016-37-3,Myrrh oil rectified,Amber,Balsamic,Sweet,89
8016-37-3,Myrrh resinoid,Amber,Balsamic,Sweet,89
515-00-4,Myrtenol,Herbal,Pine,Minty,89
1079-01-2,Myrtenyl acetate,Herbal,Floral,Violet,89
8008-46-6,Myrtle oil,Herbal,Fresh,Green,89
8008-46-6,Myrtle oil (low methyleugenol),Herbal,Fresh,Green,89
8008-46-6,Myrtle oil terpeneless,Herbal,Fresh,Green,89
8008-46-6,"Myrtle oil, rectified",Herbal,Fresh,Green,89
84434-18-4,"N,2-Dimethyl-N-phenylbutyramide",Citrus,Grapefruit,Rhubarb,89
996-97-4,"N,N-Diethyloctamide",Spicy,Fresh,Tobacco,89
68489-14-5,N-[(Ethoxycarbonyl)methyl)-p-menthane-3-carboxamide,Herbal,Minty,Cooling,89
3738-00-9,"Naphtho[2,1-b]furan, dodecahydro-3a,6,6,9a-tetramethyl-",Amber,Woody,Dry,89
6790-58-5,"Naphtho[2,1-b]furan, dodecahydro-3a,6,6,9a-tetramethyl-, (3aR,5aS,9aS,9bR)-",Amber,Woody,Herbal,89
8023-75-4,Narcissus absolute,Floral,Green,Neroli,89
8023-75-4,Narcissus jonquilla absolute,Floral,Green,Narcissus,89
68917-12-4,Narcissus poeticus absolute,Floral,Green,Neroli,89
15706-73-7,n-Butyl 2-methylbutyrate,Fruity,Green,Cocoa,90
106-26-3,Neral,Citrus,Fresh,Lemon,90
106-25-2,Nerol,Floral,Rose,Citrus,90
1786-08-9,Nerol oxide,Green,Floral,Neroli,90
142-50-7,Nerolidol (cis),Floral,Rose,Woody,90
7212-44-4,Nerolidol (isomer unspecified),Floral,Rose,Woody,90
2306-78-7,Nerolidyl acetate (isomer unspecified),Floral,Sweet,Citrus,90
56001-43-5,"Nerolidyl acetate (S,Z)",Floral,Sweet,Citrus,90
141-12-8,Neryl acetate,Floral,Citrus,Rose,90
999-40-6,Neryl butyrate,Floral,Rose,Fruity,90
2142-94-1,Neryl formate,Fruity,Green,Floral,90
2345-24-6,Neryl isobutyrate,Fruity,Sweet,Berry,90
3915-83-1,Neryl isovalerate,Floral,Rose,Herbal,90
105-91-9,Neryl propionate,Fruity,Sweet,Floral,90
39711-79-0,N-Ethyl-2-isopropyl-5-methylcyclohexane carboxamide,Minty,Herbal,Fresh,90
179911-08-1,N-Ethyl-N-(3-methylphenyl)propionamide,Woody,Vetiver,Fresh,90
1438-94-4,N-Furfurylpyrrole,Green,Plastic,Waxy,90
19089-92-0,n-Hexyl 2-butenoate,Fruity,Caramel,Green,90
8014-68-4,Niaouli oil,Aromatic,Eucalyptus,Fresh,90
73507-35-4,Nigella Damascena absolute,Floral,Honey,Spicy,90
73507-35-4,Nigella Damascena CO2 Extract,Floral,Honey,Spicy,90
18836-52-7,N-Isobutyldeca-trans-2-trans-4-dienamide,Spicy,Herbal,Green,90
557-48-2,Nona-2-trans-6-cis-dienal,Green,Cucumber,Fatty,90
124-19-6,Nonanal,Aldehydic,Sweet,Orange,90
18824-63-0,Nonanal dimethyl acetal,Fruity,Pear,Green,90
54815-13-3,"Nonane, 1,1-diethoxy-",Aldehydic,Floral,Rose,90
39864-15-8,Nonanediyl diacetate,Floral,Jasmin,Earthy,90
112-05-0,Nonanoic acid,Floral,Neroli,Green,90
2444-46-4,Nonanoyl 4-hydroxy-3-methoxybenzylamide,Spicy,Pungent,Chilli-Pepper,90
29127-83-1,Nonen acid nitrile,Green,Orris,Fatty,90
68526-90-9,"Nonene, hydroformylation products, high-boiling",Floral,Woody,Violet,90
143-13-5,Nonyl acetate,Citrus,Aldehydic,Orange,90
143-08-8,Nonyl alcohol,Floral,Fresh,Rose,91
4674-50-4,Nootkatone,Citrus,Grapefruit,Woody,91
128-50-7,Nopol,Herbal,Pine,Camphoraceous,91
128-51-8,Nopyl acetate,Woody,Floral,Fruity,91
8008-45-5,Nutmeg,Spicy,Warm,Balsamic,91
8008-45-5,Nutmeg absolute,Spicy,Warm,Balsamic,91
8008-45-5,Nutmeg CO2 extract,Spicy,Warm,Balsamic,91
8008-45-5,Nutmeg distillate,Spicy,Warm,Balsamic,91
8008-45-5,Nutmeg extract,Spicy,Warm,Balsamic,91
8008-45-5,Nutmeg oil,Spicy,Warm,Balsamic,91
8008-45-5,Nutmeg oil (low safrol),Spicy,Warm,Balsamic,91
8008-45-5,"Nutmeg oil terpeneless, JAVA",Spicy,Warm,Balsamic,91
8008-45-5,"Nutmeg oil, rectified",Spicy,Warm,Balsamic,91
8008-45-5,Nutmeg oleoresin,Spicy,Warm,Balsamic,91
97676-29-4,Oak chips (white) extract,Woody,Mossy,Dry,91
97676-30-7,Oak chips CO2 extract,Woody,Mossy,Dry,91
97676-30-7,Oak chips extract,Woody,Dry,Mossy,91
9000-50-4,Oakmoss absolute,Woody,Mossy,Earthy,91
9000-50-4,Oakmoss absolute (low atranol & chloratranol),Woody,Mossy,Earthy,91
68917-10-2,Oakmoss extract,Woody,Mossy,Earthy,91
5986-38-9,Ocimenol,Fruity,Citrus,Sweet,91
72214-23-4,Ocimenyl acetate,Herbal,Fresh,Citrus,91
95-48-7,o-Cresol,Animal like,Musty,Medicinal,91
33704-60-8,"Octahydro-1,1,2,3,3-pentamethyl-1H-indene",Musk like,Warm,Floral,91
71832-76-3,"Octahydro-2,5,5-trimethyl-2-naphthol",Animal like,Musk Like,Amber,91
30772-79-3,"Octahydro-4,7-methano-1H-indenecarbaldehyde",Green,Melon,Aldehydic,91
30772-69-1,"Octahydro-4,7-methano-1H-indenemethyl acetate",Woody,Fruity,Floral,91
23333-91-7,"Octahydro-4,8a-dimethyl-4a(2H)-naphthol",Fruity,Earthy,Soft,91
68738-96-5,"Octahydro-5,5-dimethylnaphthalene-2-carbaldehyde",Floral,Ozonic,Melon,91
59056-64-3,"Octahydro-7,7,8,8-tetramethyl-2,3b-methano-3bH- cyclopenta[1,3]cyclopropa[1,2]benzene-4-methanol",Amber,Sage,Warm,91
59056-62-1,"Octahydro-7,7,8,8-tetramethyl-2,3b-methano-3bH- cyclopenta[1,3]cyclopropa[1,2]benzene-4-methyl acetate",Woody,Amber,Sandalwood,92
41724-19-0,"Octahydro-7-methyl-1,4-methanonaphtalen-6(2H)-one",Herbal,Aromatic,Woody,92
68738-94-3,"Octahydro-8,8-dimethylnaphthalene-2-carbaldehyde",Ozonic,Herbal,Clean,92
4430-31-3,Octahydrocoumarin,Balsamic,Vanilla,Hay,92
124-13-0,Octanal,Aldehydic,Orange,Green,92
54889-48-4,Octanal diethyl acetal,Green,Citrus,Oily,92
10022-28-3,Octanal dimethyl acetal,Green,Floral,Citrus,92
929253-05-4,"Octanal, 6-methoxy-2,6-dimethyl-",Ozonic,Herbal,Citrus,92
69102-96-1,"Octanal, 7-hydroxy-3,7-dimethyl-, distn. residues, nonvolatile",Floral,Muguet,Citrus,92
124-12-9,Octanenitrile,Green,Aldehydic,Oily,92
112-14-1,Octyl acetate,Fruity,Green,Herbal,92
110-39-4,Octyl butyrate,Fruity,Green,Waxy,92
22874-79-9,Octyl crotonate,Fruity,Fungal,Floral,92
112-32-3,Octyl formate,Fruity,Rose,Orange,92
109-15-9,Octyl isobutyrate,Fruity,Earthy,Fatty,92
7786-58-5,Octyl isovalerate,Floral,Rose,Honey,92
68916-40-5,"Oils, geranium, acetylated",Floral,Citrus,Fruity,92
1450625-49-6,"Oils, Patchouli, patchoulol synthase-modified Saccharomyces cerevisiae-fermented, from carbohydrates",Woody,Earthy,Patchouli,92
8016-36-2,Olibanum absolute,Woody,Peppery,Dry,92
8016-36-2,Olibanum carterii absolute,Woody,Peppery,Dry,92
8016-36-2,Olibanum carterii CO2 extract,Woody,Peppery,Dry,92
8016-36-2,Olibanum carterii extract,Woody,Peppery,Dry,92
8016-36-2,Olibanum carterii oil,Woody,Peppery,Dry,92
8016-36-2,Olibanum carterii oil,Woody,Peppery,Dry,92
8016-36-2,"Olibanum carterii oil, rectified",Woody,Peppery,Dry,92
8016-36-2,Olibanum carterii pyrogenated oil,Woody,Peppery,Dry,92
8016-36-2,Olibanum carterii resinoid,Woody,Peppery,Dry,92
8016-36-2,Olibanum extract,Woody,Peppery,Dry,92
8016-36-2,Olibanum oil,Woody,Peppery,Dry,92
8016-36-2,"Olibanum oil, rectified",Woody,Peppery,Dry,92
8016-36-2,Olibanum resinoid,Woody,Peppery,Dry,93
8016-36-2,"Olibanum serrata oil, Indian",Woody,Peppery,Dry,93
7779-50-2,omega-6-Hexadecenlactone,Musk like,Powdery,Sweet,93
106-02-5,omega-Pentadecalactone,Musk like,Powdery,Balsamic,93
135-02-4,o-Methoxybenzaldehyde,Fruity,Sweet,Almond,93
1504-74-1,o-Methoxycinnamaldehyde,Spicy,Cinnamon,Woody,93
86-26-0,o-Phenyl anisole,Floral,Fruity,Rose,93
8021-36-1,Opoponax absolute,Amber,Sweet,Mushroom,93
8021-36-1,Opoponax CO2 extract,Amber,Sweet,Mushroom,93
8021-36-1,Opoponax extract,Amber,Sweet,Mushroom,93
8021-36-1,Opoponax oil,Amber,Sweet,Mushroom,93
8021-36-1,Opoponax resinoid,Balsamic,Vanilla,Sweet,93
644-35-9,o-Propylphenol,Smoky,Medicinal,Burnt,93
8030-28-2,Orange blossoms absolute,Floral,Neroli,Sweet,93
68514-75-0,Orange essence oil,Citrus,Orange,Sweet,93
8016-38-4,"Orange flower absolute, bitter (Neroli and Neroli Bigarade)",Floral,Neroli,Sweet,93
8016-38-4,"Orange flower oil, bitter (Neroli and Neroli bigarade)",Floral,Neroli,Sweet,93
8030-28-2,Orange flower water absolute,Floral,Neroli,Sweet,93
8016-38-4,"Orange flower, bitter, absolute",Floral,Neroli,Sweet,93
8016-38-4,"Orange flower, bitter, CO2 extract",Floral,Neroli,Sweet,93
8016-38-4,"Orange flower, bitter, concrete",Floral,Neroli,Sweet,93
8016-38-4,"Orange flower, bitter, extract",Floral,Neroli,Sweet,93
8030-28-2,Orange flowers,Floral,Neroli,Sweet,93
8030-28-2,Orange leaf absolute,Floral,Neroli,Sweet,93
68916-04-1,"Orange oil, bitter",Citrus,Orange,Fruity,93
68916-04-1,"Orange oil, bitter",Citrus,Orange,Fruity,93
68916-04-1,"Orange oil, bitter washed, rectified",Citrus,Orange,Fresh,93
8016-38-4,"Orange oil, peel, bitter",Citrus,Orange,Fruity,93
8008-57-9,"Orange oil, sweet",Citrus,Orange,Fruity,93
68606-94-0,"Orange oil, sweet terpeneless",Citrus,Orange,Fruity,93
68917-07-7,"Orange oil, sweet, psoralen-free",Citrus,Orange,Fruity,93
8008-57-9,"Orange oil, sweet, rectified",Citrus,Orange,Fruity,93
68647-72-3,"Orange oil, sweet, terpenes",Citrus,Fruity,Orange,94
68606-94-0,"Orange peel oil, sweet terpeneless",Citrus,Orange,Lemon,94
8008-57-9,"Orange peel, sweet oil",Citrus,Orange,Fruity,94
8028-48-6,"Orange peel, sweet, extract",Citrus,Fresh,Sharp,94
8008-57-9,Orange sweet oil folded,Citrus,Orange,Fruity,94
8008-57-9,"Orange sweet, Valencia oil",Citrus,Orange,Fruity,94
91079-33-3,"Orange, sour, ext., sapond.",Citrus,Orange,Floral,94
8008-57-9,"Orange, sweet, oil",Citrus,Fresh,Sharp,94
8008-57-9,"Orange, sweet, oil fixed",Citrus,Orange,Fruity,94
8008-57-9,"Orange, sweet, resinoid",Citrus,Orange,Fruity,94
8007-11-2,Origanum oil,Herbal,Fresh,Green,94
8007-11-2,Origanum oil (extractive),Herbal,Fresh,Green,94
68917-05-5,Osmanthus absolute,Fruity,Peach,Floral,94
68917-05-5,Osmanthus concrete,Fruity,Peach,Floral,94
68917-05-5,Osmanthus tincture,Fruity,Peach,Floral,94
137-06-4,o-Toluenethiol,Sulfurous,Onion,Savoury,94
533-18-6,o-Tolyl acetate,Floral,Sweet,Fruity,94
19819-98-8,o-Tolylethanol,Floral,Rose,Cyclamen,94
28645-51-4,Oxacycloheptadec-10-ene-2-one,Musk like,Sweet,Berry,94
111879-80-2,"Oxacyclohexadec-12-en-2-one, (12E)-",Musk like,Warm,Powdery,94
111879-79-9,"Oxacyclohexadec-12-en-2-one, (12Z)-",Musk like,Warm,Powdery,94
99219-32-6,"Oxacyclohexadec-13-en-2-one, (13E)-",Musk like,Warm,Powdery,94
111879-81-3,"Oxacyclohexadec-13-en-2-one, (13Z)-",Musk like,Warm,Powdery,94
38223-29-9,"Oxacyclohexadecane-2,13-dione",Musk like,Sweet,Powdery,94
34902-57-3,Oxacyclohexadecen-2-one,Musk like,Warm,Powdery,94
329925-33-9,"Oxacyclopentadec-10-en-2-one, 13-methyl-",Musk like,Fruity,Amber,94
6324-78-3,"p-(2,2-Dimethoxyethoxy)toluene",Floral,Green,Fresh,94
42866-91-1,"p-(2,2-Dimethoxyethyl)toluene",Green,Floral,Aldehydic,94
1195-32-0,"p,alpha-Dimethylstyrene",Smoky,Spicy,Clove,94
8014-19-5,Palmarosa oil,Floral,Herbal,Green,94
1197-01-9,"p-alpha,alpha-Trimethylbenzyl alcohol",Fruity,Cherry,Sweet,94
104-21-2,p-Anisyl acetate,Floral,Anisic,Fruity,94
84625-29-6,Paprika oleoresin,Spicy,Warm,Dry,95
123-63-7,Paraldehyde,Fruity,Sweet,Aromatic,95
8000-68-8,Parsley herb oil,Herbal,Parsley,Green,95
8025-95-4,Parsley oleoresin,Spicy,Green,Peppery,95
8000-68-8,Parsley seed oil,Herbal,Parsley,Green,95
854535-37-8,Passionflower extract,Fruity,Tropical-Fruit,Grapefruit,95
8014-09-3,Patchouli,Woody,Earthy,Patchouli,95
8014-09-3,Patchouli,Woody,Earthy,Patchouli,95
8014-09-3,Patchouli absolute,Woody,Earthy,Patchouli,95
5986-55-0,Patchouli alcohol,Woody,Patchouli,Earthy,95
8014-09-3,Patchouli CO2 extract,Woody,Earthy,Patchouli,95
8014-09-3,Patchouli extract,Woody,Earthy,Patchouli,95
8014-09-3,Patchouli oil,Woody,Earthy,Patchouli,95
8014-09-3,Patchouli oil,Woody,Earthy,Patchouli,95
8014-09-3,Patchouli oil (low Fe),Woody,Earthy,Patchouli,95
8014-09-3,"Patchouli oil, rectified",Woody,Earthy,Patchouli,95
73049-67-9,"Patchouli oil, terpene-free",Woody,Earthy,Patchouli,95
106-44-5,p-Cresol,Floral,Jasmin,Ylang,95
614-34-6,p-Cresyl benzoate,Smoky,Woody,Ylang,95
607-88-5,p-Cresyl salicylate,Balsamic,Floral,Green,95
99-87-6,p-Cymene,Citrus,Lemon,Green,95
150-78-7,p-Dimethoxybenzene,Powdery,Anisic,Balsamic,95
1429493-82-2,Peach extract,Fruity,Peach,Juicy,95
90082-43-2,Pear distillate,Fruity,Pear,Apple,95
94333-77-4,"Pelargonium graveolens, ext., sapond.",Floral,Geranium,Rose,95
8013-99-8,"Pennyroyal oil, Europe",Minty,Fresh,Herbal,95
68917-60-2,"Pennyroyal oil, terpenes",Minty,Herbal,Green,95
55590-83-5,"Pentanoic acid, 2-methylbutyl ester",Fruity,Valerian,Floral,95
26516-27-8,"Pentanoic acid, 3-methyl-2-oxo-, ethyl ester",Food Like,Nutty,Woody,95
628-63-7,Pentyl acetate,Fruity,Pear,Banana,95
2049-96-9,Pentyl benzoate,Floral,Soft,Rose,95
25415-62-7,Pentyl isovalerate,Fruity,Apple,Pear,95
5137-52-0,Pentyl phenylacetate,Balsamic,Sweet,Honey,96
624-54-4,Pentyl propionate,Fruity,Sweet,Pineapple,96
68917-24-8,"Pepper oil black, terpene-free",Spicy,Peppery,Warm,96
8006-82-4,"Pepper, black, absolute",Spicy,Peppery,Warm,96
8006-82-4,"Pepper, black, CO2 extract",Spicy,Peppery,Warm,96
8006-82-4,"Pepper, black, oil",Spicy,Peppery,Warm,96
8006-82-4,"Pepper, black, oil, rectified",Spicy,Peppery,Warm,96
8002-56-0,"Pepper, black, oleoresin",Spicy,Warm,Peppery,96
72869-79-5,"Pepper, black, terpenes",Spicy,Peppery,Warm,96
8006-82-4,"Pepper, white, CO2 extract",Spicy,Peppery,Warm,96
8006-82-4,"Pepper, white, oil",Spicy,Peppery,Warm,96
68606-97-3,"Peppermint oil, terpeneless",Minty,Peppermint,Fresh,96
8006-90-4,Peppermint absolute,Minty,Herbal,Camphoraceous,96
8006-90-4,Peppermint CO2 extract,Minty,Herbal,Camphoraceous,96
8006-90-4,Peppermint leaves,Minty,Herbal,Camphoraceous,96
8006-90-4,Peppermint oil,Minty,Herbal,Camphoraceous,96
8006-90-4,"Peppermint oil, rectified",Minty,Herbal,Camphoraceous,96
68608-37-7,"Peppermint oil, terpenes",Herbal,Minty,Cooling,96
68606-96-2,"Peppermint oils, reaction products with hydrogen sulfide",Minty,Peppermint,Fresh,96
68132-21-8,Perilla oil,Herbal,Green,Spicy,96
8008-26-2,"Persian lime oil, expressed",Citrus,Lime,Green,96
444085-42-1,Persicaria odorata oil,Spicy,Coriander,Floral,96
8007-00-9,Peru balsam distillate,Woody,Balsamic,Vanilla,96
123-07-9,p-Ethylphenol,Smoky,Leathery,Warm,96
8007-75-8,Petitgrain bergamot oil,Citrus,Fresh,Floral,96
8014-17-3,Petitgrain bigarade oil,Floral,Spicy,Fresh,96
8048-51-9,Petitgrain lemon oil,Floral,Green,Spicy,96
8014-17-3,Petitgrain mandarin oil,Floral,Spicy,Fresh,96
68915-85-5,"Petitgrain oil terpeneless, Paraguay",Floral,Neroli,Green,96
68917-61-3,"Petitgrain oil terpenes, Paraguay",Green,Orange,Floral,96
8014-17-3,"Petitgrain oil, Paraguay",Green,Orange,Floral,96
8014-17-3,"Petitgrain oil, rectified, Paraguay",Green,Orange,Floral,96
68606-99-5,"Petitgrain oils, saponified",Citrus,Petitgrain,Floral,97
8014-17-3,"Petitgrain orange leaf oil, bitter, rectified",Floral,Spicy,Neroli,97
8014-17-3,"Petitgrain water absolute, Paraguay",Citrus,Neroli,Green,97
1329-99-3,Phellandrene,Herbal,Minty,Balsamic,97
6315-04-4,Phenethyl 2-ethylbutyrate,Fruity,Green,Floral,97
103-45-7,Phenethyl acetate,Floral,Rose,Honey,97
60-12-8,Phenethyl alcohol,Floral,Rose,Honey,97
94-47-3,Phenethyl benzoate,Floral,Rose,Balsamic,97
103-52-6,Phenethyl butyrate,Fruity,Floral,Sweet,97
103-53-7,Phenethyl cinnamate,Floral,Spicy,Balsamic,97
104-62-1,Phenethyl formate,Floral,Rose,Hyacinth,97
6290-37-5,Phenethyl hexanoate,Fruity,Sweet,Honey,97
103-48-0,Phenethyl isobutyrate,Fruity,Honey,Floral,97
2257-09-2,Phenethyl isothiocyanate,Green,Fruity,Oily,97
140-26-1,Phenethyl isovalerate,Fruity,Berry,Sweet,97
5457-70-5,Phenethyl octanoate,Floral,Green,Fruity,97
102-20-5,Phenethyl phenylacetate,Floral,Rose,Balsamic,97
122-70-3,Phenethyl propionate,Green,Hyacinth,Nasturtium,97
87-22-9,Phenethyl salicylate,Floral,Powdery,Rose,97
55719-85-2,Phenethyl tiglate,Floral,Aromatic,Rose,97
108-95-2,Phenol,Animal like,Phenolic,Dry,97
52514-67-7,"Phenol, 2-ethoxy-4-(4,4,6-trimethyl-1,3-dioxan-2-yl)-",Gourmand,Vanilla,Creamy,97
71119-07-8,"Phenol, 2-ethoxy-4-(ethoxymethyl)-",Spicy,Vanilla,Woody,97
52514-66-6,"Phenol, 2-methoxy-4-(4,4,6-trimethyl-1,3-dioxan-2-yl)-",Gourmand,Sweet,Vanilla,97
70955-71-4,"Phenol, 2-methoxy-, reaction products with 2,2-dimethyl-3- methylenebicyclo[2.2.1]heptane, hydrogenated",Woody,Sandalwood,Warm,97
2120-70-9,Phenoxyacetaldehyde,Green,Floral,Aldehydic,97
118-55-8,Phenyl salicylate,Balsamic,Floral,Ylang,97
122-78-1,Phenylacetaldehyde,Floral,Hyacinth,Green,97
67633-94-7,"Phenylacetaldehyde 2,4-dihydroxy-2-methylpentane acetal",Floral,Hyacinth,Green,97
6314-97-2,Phenylacetaldehyde diethyl acetal,Green,Floral,Fresh,97
101-48-4,Phenylacetaldehyde dimethyl acetal,Floral,Green,Hyacinth,97
101-49-5,Phenylacetaldehyde ethylene glycol acetal,Green,Floral,Hyacinth,98
29895-73-6,Phenylacetaldehyde glyceryl acetal,Floral,Green,Honey,98
7028-48-0,Phenylacetaldehyde oxime,Green,Honey,Floral,98
103-82-2,Phenylacetic acid,Honey,Floral,Sweet,98
24817-51-4,Phenylethyl 2-methylbutyrate,Floral,Green,Rose,98
133-18-6,Phenylethyl anthranilate,Floral,Sweet,Rose,98
56011-02-0,Phenylethyl isoamyl ether,Green,Fruity,Fresh,98
1335-10-0,Phenylpropionaldehyde,Green,Aldehydic,Floral,98
150-86-7,Phytol,Floral,Waxy,Powdery,98
10236-16-5,Phytyl acetate,Balsamic,Fruity,Jasmin,98
8006-77-7,Pimenta leaf oil,Spicy,Sweet,Balsamic,98
8006-77-7,Pimenta leaf oil (low methyleugenol),Spicy,Sweet,Balsamic,98
8021-29-2,Pine needle oil,Aromatic,Pine,Woody,98
8000-26-8,"Pine needle, dwarf, oil",Aromatic,Pine,Woody,98
8002-09-3,Pine oil,Herbal,Pine,Fresh,98
68440-45-9,"Pine oils, acetylated",Herbal,Pine,Woody,98
8023-99-2,Pine Scotch absolute,Aromatic,Woody,Pine,98
8023-99-2,Pine Scotch oil,Aromatic,Woody,Pine,98
8023-99-2,Pine Scotch resinoid,Aromatic,Woody,Pine,98
8023-99-2,"Pine Scotch, concrete",Aromatic,Woody,Pine,98
8023-99-2,"Pine Scotch, extract",Aromatic,Woody,Pine,98
8023-99-2,"Pine Scotch, pyrogenated oil",Aromatic,Woody,Pine,98
8011-48-1,Pine tar oil,Aromatic,Pine,Citrus,98
8011-48-1,"Pine tar oil, rectified",Aromatic,Pine,Citrus,98
73049-71-5,"Pine, extract",Aromatic,Pine,Woody,98
8000-26-8,"Pine, Pinus maritima, sawdust oil",Aromatic,Pine,Woody,98
8000-26-8,"Pine, Pinus pinaster, absolute",Aromatic,Pine,Woody,98
8000-26-8,"Pine, Pinus pinaster, extract",Aromatic,Pine,Woody,98
97676-05-6,"Pine, Pinus pumila, extract",Aromatic,Pine,Green,98
68917-26-0,Pineapple alcoholate,Fruity,Pineapple,Sweet,98
97676-27-2,Pineapple extract,Fruity,Pineapple,Green,98
1078-95-1,Pinocarvyl acetate,Herbal,Pine,Green,98
8000-26-8,Pinus nigra oil,Aromatic,Pine,Woody,99
90082-60-3,Piper longum CO2 extract,Spicy,Peppery,Dry,99
90082-60-3,Piper longum extract,Spicy,Peppery,Dry,99
90082-60-3,Piper longum oil,Spicy,Peppery,Dry,99
110-89-4,Piperidine,Floral,Sweet,Animal Like,99
94-62-2,Piperine,Balsamic,Animal Like,Peppery,99
89-81-6,Piperitone,Herbal,Minty,Camphoraceous,99
120-57-0,Piperonal,Anisic,Floral,Powdery,99
326-61-4,Piperonyl acetate,Fruity,Raspberry,Floral,99
6658-48-6,p-Isobutyl-alpha-methyl hydrocinnamaldehyde,Floral,Muguet,Citrus,99
4395-92-0,p-Isopropyl phenylacetaldehyde,Green,Leafy,Woody,99
59230-57-8,p-Isopropylbenzyl acetate,Herbal,Bergamot,Fresh,99
536-60-7,p-Isopropylbenzyl alcohol,Spicy,Sweet,Aromatic,99
92457-29-9,Plumeria absolute,Floral,Frangipani,Sweet,99
10482-56-1,p-Menth-1-en-8-ol (S),Herbal,Floral,Pine,99
138-87-4,p-Menth-8-en-1-ol,Woody,Pine,Herbal,99
7764-50-3,p-Menth-8-en-2-one,Minty,Warm,Herbal,99
99-86-5,"p-Mentha-1,3-diene",Citrus,Lemon,Herbal,99
99-85-4,"p-Mentha-1,4-diene",Herbal,Citrus,Spicy,99
2111-75-3,"p-Mentha-1,8-dien-7-al",Green,Fresh,Herbal,99
536-59-4,"p-Mentha-1,8-dien-7-ol",Floral,Spicy,Woody,99
15111-96-3,"p-Mentha-1,8-dien-7-yl acetate",Fruity,Woody,Raspberry,99
38462-22-5,p-Mentha-8-thiol-3-one,Fruity,Berry,Citrus,99
499-70-7,p-Menthan-2-one,Minty,Spearmint,Cooling,99
68921-26-6,p-Menthylene sulfide 1% in limonene,Citrus,Grapefruit,Spicy,99
123-11-5,p-Methoxybenzaldehyde,Powdery,Almond,Anisic,99
874-90-8,p-Methoxybenzonitrile,Floral,Sweet,Coumarin,99
1963-36-6,p-Methoxycinnamaldehyde,Spicy,Cinnamon,Sweet,99
84697-09-6,p-Methyl-alpha-amyl cinnamic aldehyde,Floral,Violet,Jasmin,99
104-93-8,p-Methylanisole,Floral,Fresh,Ylang,99
91-61-2,p-Methyltetrahydroquinoline,Animal like,Amber,indolic,99
104-45-0,p-Propylanisole,Herbal,Anisic,Fruity,99
76649-23-5,Prenyl isobutyrate,Fruity,Blueberry,Raspberry,100
1005328-84-6,Procavia capensis extract,Animal like,Leathery,Tobacco,100
1005328-84-6,"Procavia capensis, tincture",Animal like,Leathery,Tobacco,100
478695-70-4,"Propanedioic acid, 1-(3,3-dimethylcyclohexyl) ethyl, ethyl ester",Musk like,Apple,Powdery,100
107-03-9,Propanethiol,Green,Sulfurous,Cabbage,100
25265-77-4,"Propanoic acid, 2-methyl-, monoester with 2,2,4-trimethyl-1,3-pentanediol",Fruity,Fresh,Floral,100
34451-19-9,"Propanoic acid, 2-hydroxy-, butyl ester, (2S)-",Fruity,Sweet,Fermented,100
94-86-0,Propenylguaethol,Gourmand,Vanilla,Sweet,100
123-38-6,Propionaldehyde,Fruity,Earthy,Nutty,100
79-09-4,Propionic acid,Acidic,Pungent,Cheesy,100
319002-92-1,"Propyl (2S)-2-(1,1-dimethylpropoxy)-propanoate",Herbal,Fresh,Sage,100
37064-20-3,Propyl 2-methylbutyrate,Fruity,Fermented,Sweet,100
109-60-4,Propyl acetate,Fruity,Raspberry,Pear,100
71-23-8,Propyl alcohol,Fruity,Musty,Fermented,100
105-66-8,Propyl butyrate,Fruity,Sweet,Tropical-Fruit,100
626-77-7,Propyl hexanoate,Fruity,Pineapple,Green,100
557-00-6,Propyl isovalerate,Fruity,Apple,Sweet,100
7493-57-4,Propyl phenethyl acetal,Floral,Green,Hyacinth,100
4606-15-9,Propyl phenylacetate,Floral,Sweet,Honey,100
106-36-5,Propyl propionate,Fruity,Sweet,Pineapple,100
68412-04-4,Pseudo linalyl acetate,Citrus,Sweet,Floral,100
80-54-6,p-t-Butyl-alpha-methylhydrocinnamic aldehyde,Floral,Muguet,Aldehydic,100
943-27-1,p-tert-Butylacetophenone,Floral,Musk Like,Warm,100
98-53-3,p-tert-Butylcyclohexanone,Woody,Camphoraceous,Minty,100
18127-01-0,p-tert-Butyldihydrocinnamaldehyde,Floral,Muguet,Aldehydic,100
104-87-0,p-Tolualdehyde,Spicy,Fruity,Almond,100
55066-56-3,p-Tolyl 3-methylbutyrate,Tobacco like,Spicy,Herbal,100
140-39-6,p-Tolyl acetate,Floral,Ylang,Phenolic,100
589-18-4,p-Tolyl alcohol,Spicy,Cinnamon,Floral,100
103-93-5,p-Tolyl isobutyrate,Floral,Lily,Fruity,100
59558-23-5,p-Tolyl octanoate,Floral,Animal Like,Jasmin,100
101-94-0,p-Tolyl phenylacetate,Floral,Narcissus,Hyacinth,100
104-09-6,p-Tolylacetaldehyde,Green,Hyacinth,Almond,101
89-82-7,Pulegone,Minty,Sweet,Spearmint,101
2882-20-4,"Pyrazine, 2-methyl-3-(methylthio)-",Food Like,Nutty,Almond,101
67952-65-2,"Pyrazine, methyl (methylthio)-",Food Like,Nutty,Earthy,101
90145-47-4,"Pyridine, 3-(2,2-dimethylpropyl)-",Fruity,Floral,Green,101
862079-91-2,"Pyridine, 4-[1(4-,5 or 6)-methylbicyclo[2.2.1]hept-5-en-2-yl]-",Green,Onion,Phenolic,101
125352-06-9,"Pyridine, 4-ethenyl-, reaction products with 3a,4,7,7a-tetrahydrodimethyl-4,7-methano- 1H-indene",Floral,Orris,Violet,101
8030-97-5,Pyroligneous acid,Woody,Smoky,Burnt,101
8028-47-5,Pyroligneous acid extract,Woody,Smoky,Dry,101
127-17-3,Pyruvic acid,Acidic,Sharp,Ethereal,101
68917-78-2,"Resins, oleo-, paprika",Spicy,Sweet,Aromatic,101
108-46-3,Resorcinol,Balsamic,Hawthorn,Floral,101
6812-78-8,Rhodinol,Floral,Rose,Geranium,101
141-11-7,Rhodinyl acetate,Floral,Rose,Citrus,101
141-15-1,Rhodinyl butyrate,Fruity,Rose,Citrus,101
141-09-3,Rhodinyl formate,Floral,Citrus,Fruity,101
10486-14-3,Rhodinyl phenylacetate,Floral,Rose,Honey,101
105-89-5,Rhodinyl propionate,Floral,Rose,Geranium,101
68553-81-1,Rice absolute,Food Like,Rice,Oily,101
8007-01-0,Rose,Floral,Rose,Green,101
90106-38-0,Rose absolute,Floral,Rose,Creamy,101
8007-01-0,Rose absolute,Floral,Rose,Green,101
8007-01-0,Rose centifolia alcoholate,Floral,Rose,Green,101
8007-01-0,Rose centifolia CO2 extract,Floral,Rose,Green,101
8007-01-0,Rose centifolia oil expressed (low methyleugenol),Floral,Rose,Green,101
8007-01-0,Rose CO2 extract,Floral,Rose,Green,101
8007-01-0,Rose concrete,Floral,Rose,Warm,101
8007-01-0,Rose extract,Floral,Rose,Green,101
8007-01-0,Rose extract,Floral,Rose,Green,101
8007-01-0,Rose oil,Floral,Rose,Green,101
8007-01-0,Rose oil,Floral,Rose,Green,101
8007-01-0,Rose oil (low methyleugenol),Floral,Rose,Green,102
8007-01-0,"Rose oil, folded",Floral,Rose,Green,102
3033-23-6,Rose oxide levo,Floral,Woody,Dry,102
8007-01-0,Rose tincture,Floral,Rose,Green,102
8007-01-0,Rose tincture,Floral,Rose,Green,102
8007-01-0,Rose water oil,Floral,Rose,Green,102
8000-25-7,Rosemary absolute,Herbal,Aromatic,Fresh,102
8000-25-7,Rosemary extract,Herbal,Aromatic,Fresh,102
8000-25-7,Rosemary oil,Herbal,Aromatic,Fresh,102
8000-25-7,"Rosemary oil, rectified",Herbal,Aromatic,Fresh,102
68917-54-4,"Rosemary oils, terpene-free",Camphoraceous,Rosemary,Herbal,102
8015-77-8,Rosewood oil,Floral,Citrus,Coriander,102
72379-31-8,Rubus idaeus absolute,Fruity,Raspberry,Green,102
72379-31-8,Rubus idaeus alcoholate,Fruity,Raspberry,Green,102
72379-31-8,Rubus idaeus extract,Fruity,Raspberry,Sweet,102
8014-29-7,Rue oil,Herbal,Fruity,Sharp,102
943609-24-3,Rum (non-concentrated) extract,Fruity,Rum,Fresh,102
943609-24-3,Rum absolute,Fruity,Rum,Fresh,102
943609-24-3,Rum CO2 extract,Fruity,Rum,Fresh,102
943609-24-3,Rum CO2 extract,Fruity,Rum,Fresh,102
8030-89-5,Rum ether,Fruity,Fermented,Ethereal,102
943609-24-3,Rum extract,Fruity,Rum,Fresh,102
34322-09-3,S-(1-Methylpropyl) 3-methylbut-2-enethioate,Green,Herbal,Spicy,102
34365-79-2,S-1-Methylethyl 3-methylbut-2-enethioate,Green,Herbal,Leafy,102
2432-91-9,S-2-Butyl 3-methylbutanethioate,Green,Herbal,Leafy,102
3387-41-5,Sabinene,Balsamic,Woody,Pine,102
8022-19-3,Saffron absolute,Spicy,Saffron,Dry,102
8022-19-3,Saffron distillate,Spicy,Saffron,Dry,102
8022-19-3,Saffron extract,Spicy,Saffron,Herbal,102
8022-56-8,Sage Dalmatian oil,Herbal,Sage,Green,102
8022-56-8,"Sage oil, Spanish",Herbal,Sage,Green,102
90-02-8,Salicylaldehyde,Spicy,Medicinal,Cinnamon,102
1070895-66-7,Sandalwood absolute,Woody,Sandalwood,Warm,103
1070895-66-7,Sandalwood extract,Woody,Creamy,Sandalwood,103
8006-87-9,Sandalwood oil,Woody,Sandalwood,Warm,103
68917-53-3,"Sandalwood oil, acetylated",Woody,Sandalwood,Oily,103
8024-35-9,"Sandalwood oil, Australian",Woody,Sandalwood,Creamy,103
8024-35-9,"Sandalwood oil, Australian, rectified",Woody,Sandalwood,Creamy,103
1070895-66-7,"Sandalwood oil, rectified",Woody,Creamy,Sandalwood,103
11031-45-1,Santalol,Woody,Sandalwood,Creamy,103
1323-00-8,Santalyl acetate,Woody,Sandalwood,Oily,103
1365254-19-8,Sarcocaulon mossamedense extract,Woody,Incense,Balsamic,103
85085-28-5,Sarcodactylis oil,Citrus,Lemon,Fruity,103
8006-80-2,Sassafras oil,Spicy,Camphoraceous,Woody,103
8016-68-0,Savory summer oil,Herbal,Aromatic,Green,103
90106-57-3,Savory winter oil,Herbal,Aromatic,Medicinal,103
68917-52-2,Schinus molle oil,Spicy,Aromatic,Peppery,103
68917-52-2,Schinus molle oil CO2 extract,Spicy,Aromatic,Peppery,103
68917-52-2,Schinus molle oil terpenless,Spicy,Aromatic,Peppery,103
68917-52-2,"Schinus molle oil, rectified",Spicy,Aromatic,Peppery,103
949495-68-5,Schinus terebenthifolius CO2 extract,Spicy,Peppery,Floral,103
949495-68-5,Schinus terebinthifolius oil,Spicy,Dry,Peppery,103
515-03-7,Sclareol,Balsamic,Amber,Sage,103
564-20-5,Sclareolide,Woody,Dry,Amber,103
8023-80-1,Scotch broom absolute,Floral,Jasmin,Honey,103
8023-80-1,Scotch broom oil,Floral,Hay,Honey,103
2679-87-0,sec-Butyl ethyl ether,Fruity,Berry,Oily,103
68198-80-1,sec-Butylquinoline,Animal like,Leathery,Green,103
8008-74-0,Sesame seed CO2 extract,Food Like,Sesame,Toasted,103
8008-74-0,Sesame seed distillate,Food Like,Sesame,Toasted,103
8008-74-0,Sesame seed extract,Food Like,Sesame,Toasted,103
8008-74-0,Sesame seed oil,Food Like,Sesame,Toasted,103
102242-62-6,Sichuan pepper CO2 extract,Citrus,Peppery,Grapefruit,103
34322-06-0,S-Isopropyl 3-methylthiobutyrate,Green,Galbanum,Sulfurous,103
83-34-1,Skatole,Animal like,Indolic,Floral,104
91770-24-0,"Spearmint oil, 60%",Minty,Spearmint,Herbal,104
91770-24-0,"Spearmint oil, Scotch",Minty,Spearmint,Herbal,104
91770-24-0,"Spearmint oil, Scotch, rectified",Minty,Spearmint,Herbal,104
8008-79-5,Spearminty absolute,Minty,Herbal,Green,104
8008-79-5,Spearminty CO2 extract,Minty,Herbal,Green,104
8008-79-5,Spearminty extract,Minty,Herbal,Green,104
8008-79-5,Spearminty oil,Minty,Herbal,Green,104
8008-79-5,Spearminty oil terpenes,Minty,Herbal,Green,104
8008-79-5,"Spearminty oil, rectified",Minty,Herbal,Green,104
68917-46-4,"Spearminty oil, terpeneless",Minty,Green,Camphoraceous,104
8016-78-2,Spike lavender oil,Floral,Herbal,Lavender,104
8022-22-8,Spikenard oil,Spicy,Sweet,Woody,104
154171-76-3,"Spiro[1,3-dioxolane-2,8'(5'H)-[2H-2,4a]methanonaphthalene], hexahydro-1',1',5',5'- tetramethyl-",Woody,Amber,Cedarwood,104
154171-77-4,"Spiro[1,3-dioxolane-2,8'(5'H)-[2H-2,4a]methanonaphthalene],hexahydro-1',1',5',5'- tetramethyl-, [2'S-(2'.alpha.,4'a.alpha.,8'a.alpha.)]-",Woody,Dry,Vetiver,104
502847-01-0,"Spiro[5.5]undec-8-en-1-one, 2,2,7,9-tetramethyl-",Herbal,Sage,Citrus,104
188199-50-0,"Spiro[bicyclo[2.2.1]heptane-s,4'-[1,2]dioxane], 1,7,7-trimethyl-2'-(methylethyl)-, (1R,2S,2'S,4R)",Woody,Amber,Balsamic,104
121251-67-0,"Spiro[bicyclo[4.1.0]heptane-2,5'-[1,3]dioxane], 2',2',3,7,7-pentamethyl-, (1.alpha.,3.alpha.,6.alpha.)-",Woody,Amber,Dry,104
121251-68-1,"Spiro[bicyclo[4.1.0]heptane-2,5'-[1,3]dioxane], 2',2',3,7,7-pentamethyl-, (1.alpha.,3.beta.,6.alpha.)-",Amber,Woody,Spicy,104
678981-31-2,"Spiro{5.5}undec-8-en-1-ol,2,2,9,11-tetramethyl-,1-acetate",Woody,Amber,Powdery,104
8008-80-8,"Spruce oil, Black",Herbal,Pine,Woody,104
68952-43-2,Star anise CO2 extract,Anisic,Sweet,Spicy,104
68952-43-2,Star anise extract,Anisic,Sweet,Spicy,104
68952-43-2,Star anise oil,Anisic,Sweet,Spicy,104
72869-72-8,Star anise oil terpeneless,Anisic,Sweet,Spicy,104
68952-43-2,Star anise oil terpenes,Anisic,Sweet,Spicy,104
90131-36-5,Strawberry extract,Fruity,Strawberry,Raspberry,104
91845-51-1,"Styrax (balsam), American, saponified",Balsamic,Amber,Leathery,105
8024-01-9,Styrax absolute,Balsamic,Amber,Floral,105
8046-19-3,Styrax absolute (low sytrene),Balsamic,Amber,Floral,105
8046-19-3,"Styrax absolute, Honduras",Balsamic,Amber,Floral,105
8024-01-9,Styrax distillate,Balsamic,Amber,Floral,105
8046-19-3,Styrax essence pyrogenated,Balsamic,Amber,Leathery,105
8046-19-3,Styrax extract,Balsamic,Amber,Floral,105
8046-19-3,Styrax oil,Balsamic,Amber,Floral,105
8046-19-3,"Styrax oil, Honduras",Balsamic,Amber,Floral,105
8024-01-9,"Styrax oil, Oriental",Balsamic,Amber,Floral,105
8024-01-9,"Styrax oil, Oriental",Balsamic,Amber,Floral,105
8024-01-9,"Styrax oil, pyrogenated",Balsamic,Amber,Floral,105
8024-01-9,"Styrax oil, pyrogenated, distilled",Balsamic,Amber,Floral,105
8046-19-3,Styrax resin,Balsamic,Amber,Floral,105
8046-19-3,Styrax resinoid,Balsamic,Amber,Floral,105
100-42-5,Styrene,Floral,Balsamic,Powdery,105
10521-96-7,Styryl acetate,Fruity,Sweet,Pear,105
8016-84-0,Tagetes erecta absolute,Herbal,Floral,Minty,105
8016-84-0,Tagetes erecta extract,Herbal,Floral,Minty,105
8016-84-0,Tagetes erecta oil,Herbal,Floral,Minty,105
8016-84-0,Tagetes minuta absolute,Herbal,Floral,Minty,105
8016-84-0,Tagetes minuta oil,Herbal,Floral,Minty,105
8016-84-0,"Tagetes minuta oil, rectified",Herbal,Floral,Minty,105
91722-29-1,Tagetes patula absolute,Spicy,Fruity,Tobacco,105
72968-49-1,Tamarind extract,Fruity,Aromatic,Citrus,105
39386-78-2,Tamarind seed gum,Aromatic,Fruity,Citrus,105
72869-73-9,"Tangelo oil, expressed",Citrus,Orange,Mandarin,105
8016-85-1,Tangerine oil,Citrus,Sweet,Orange,105
8016-85-1,Tangerine oil,Citrus,Sweet,Orange,105
68608-38-8,Tangerine oil terpenes,Citrus,Sweet,Tangerine,105
8016-85-1,"Tangerine oil, folded",Citrus,Sweet,Orange,105
8016-87-3,Tansy oil,Herbal,Minty,Citrus,105
93924-73-3,"Tar wood oil, distilled",Woody,Smoky,Burnt,106
8016-88-4,Tarragon oil,Anisic,Herbal,Green,106
8016-88-4,Tarragon oil (low methyleugenol),Spicy,Anisic,Herbal,106
950854-40-7,Tea leaf absolute,Fruity,Tea,Green,106
950854-40-7,Tea leaf oil,Fruity,Tea,Green,106
68647-73-4,Tea tree oil,Herbal,Camphoraceous,Minty,106
15356-74-8,Tealactone,Fruity,Apricot,Plum,106
68188-04-5,"Terpenes and terpenoids, clove-oil, reaction products with formaldehyde",Spicy,Clove,Floral,106
72230-85-4,"Terpenes and terpenoids, copaiba-oil, hydroxy, acetates",Floral,Fruity,Terpenic,106
68608-36-6,"Terpenes and terpenoids, litsea cubeba-oil, hydrogenated",Citrus,Herbal,Lemon,106
68917-57-7,"Terpenes and terpenoids, mixed sour and sweet orange oil",Citrus,Orange,Lemon,106
1442462-94-3,"Terpenes and Terpenoids, patchouli-oil, a-guaiene fraction, oxidized",Woody,Earthy,Terpenic,106
68917-63-5,"Terpenes and Terpenoids, sinpine",Herbal,Pine,Green,106
68938-00-1,"Terpenes and terpenoids, turpentine-oil residues",Aromatic,Terpenic,Citrus,106
8000-41-7,Terpineol,Herbal,Floral,Pine,106
58985-02-7,"Terpineol, dihydro-",Herbal,Pine,Citrus,106
8006-39-1,Terpinol,Herbal,Floral,Pine,106
586-62-9,Terpinolene,Citrus,Pine,Herbal,106
8007-35-0,Terpinyl acetate (Isomer mixture),Herbal,Lavender,Floral,106
2153-28-8,Terpinyl butyrate,Balsamic,Fruity,Floral,106
2153-26-6,Terpinyl formate,Floral,Lavender,Fruity,106
7774-65-4,Terpinyl isobutyrate,Balsamic,Fruity,Floral,106
80-27-3,Terpinyl propionate,Herbal,Pine,Fruity,106
67634-08-6,Tetrahydro-.alpha.-pentylfurfuryl acetate,Floral,Jasmin,Citrus,106
13481-09-9,Tetrahydro-2-(p-tolyloxy)-2H-pyrane,Floral,Hyacinth,Green,106
13477-62-8,Tetrahydro-2-isobutyl-4-methyl-2H-pyrane,Green,Rose,Geranium,106
30310-41-9,Tetrahydro-2-methyl-4-methylene-6-phenyl-2H-pyrane,Floral,Green,Geranium,106
16409-43-1,Tetrahydro-4-methyl-2-(2-methylpropen-1-yl)pyran,Floral,Rose,Geranium,106
94201-73-7,Tetrahydro-4-methyl-2-phenyl-2H-pyran,Floral,Rose,Green,106
131766-73-9,Tetrahydro-4-methyl-2-propyl-2H-pyran-4-yl acetate,Herbal,Sage,Aromatic,106
34686-71-0,Tetrahydro-6-(2-pentenyl)-2H-pyran-2-one,Fruity,Floral,Peach,106
32764-98-0,Tetrahydro-6-(3-pentenyl)-2H-pyran-2-one,Fruity,Floral,Jasmin,106
97-99-4,Tetrahydrofurfuryl alcohol,Gourmand,Nutty,Caramel,107
5988-91-0,Tetrahydrogeranial,Citrus,Lemon,Aldehydic,107
78-69-3,Tetrahydrolinalool,Herbal,Floral,Lavender,107
20780-48-7,Tetrahydrolinalyl acetate,Citrus,Herbal,Fresh,107
41678-36-8,Tetrahydromuguol,Citrus,Fresh,Lily,107
18479-57-7,Tetrahydromyrcenol,Citrus,Lemon,Lime,107
1322-58-3,Tetrahydro-pseudo-ionone,Floral,Balsamic,Rose,107
61920-45-4,Tetramethyl isopropyl dioxane,Woody,Earthy,Fruity,107
36431-72-8,Theaspirane,Herbal,Tea,Tobacco,107
39067-80-6,Thiogeraniol,Fruity,Berry,Minty,107
8007-46-3,Thyme absolute,Herbal,Aromatic,Spicy,107
8007-46-3,"Thyme oil, red",Herbal,Aromatic,Spicy,107
8007-46-3,"Thyme oil, white",Herbal,Aromatic,Spicy,107
85085-75-2,"Thyme, Thymus zygis, absolute",Herbal,Thyme,Camphoraceous,107
85085-75-2,"Thyme, Thymus zygis, oil",Herbal,Thyme,Camphoraceous,107
89-83-8,Thymol,Herbal,Green,Smoky,107
8037-19-2,Tobacco extract,Tobacco like,Smoky,Warm,107
73138-76-8,"Tobacco extract, nicotine-free",Tobacco like,Smoky,Warm,107
8037-19-2,Tobacco leaf absolute,Tobacco like,Smoky,Warm,107
73138-76-8,"Tobacco oils, nicotine-free",Woody,Tobacco,Smoky,107
8037-19-2,Tobacco oleoresin,Tobacco like,Smoky,Warm,107
8024-03-1,"Tolu, balsam, extract",Balsamic,Vanilla,Warm,107
8024-03-1,"Tolu, balsam, gum",Balsamic,Vanilla,Warm,107
8024-03-1,"Tolu, balsam, resinoid",Balsamic,Vanilla,Warm,107
1334-78-7,"Tolualdehydes (mixed o,m,p)",Spicy,Fruity,Almond,107
8024-04-2,Tonka bean absolute,Powdery,Hay,Sweet,107
8024-04-2,Tonka bean extract,Powdery,Hay,Sweet,107
8024-04-2,Tonka bean resinoid,Powdery,Hay,Sweet,107
8024-04-2,Tonka bean tincture,Powdery,Hay,Sweet,107
6876-12-6,trans-1-Methyl-4-(1-methylvinyl)cyclohexene,Citrus,Balsamic,Dry,107
3913-81-3,trans-2-Decenal,Aldehydic,Earthy,Coriander,107
13419-69-7,trans-2-Hexenoic acid,Green,Fruity,Sweet,107
928-95-0,trans-2-Hexenol,Fruity,Green,Leafy,108
2497-18-9,trans-2-Hexenyl acetate,Green,Sweet,Fruity,108
53398-83-7,trans-2-Hexenyl butyrate,Green,Apple,Banana,108
53398-86-0,trans-2-Hexenyl hexanoate,Green,Fruity,Apple,108
68698-59-9,trans-2-Hexenyl isovalerate,Green,Fruity,Apple,108
56922-74-8,trans-2-Hexenyl pentanoate,Green,Fruity,Apple,108
53398-80-4,trans-2-Hexenyl propionate,Green,Fruity,Apple,108
68133-77-7,trans-2-Hexenyl salicylate,Floral,Woody,Balsamic,108
59324-17-3,"trans-2-Methyl-4-propyl-1,3-oxathiane",Fruity,Passionfruit,Green,108
31502-14-4,trans-2-Nonen-1-ol,Green,Violet,Melon,108
18829-56-6,trans-2-Nonenal,Green,Cucumber,Oily,108
2548-87-0,trans-2-Octenal,Green,Cucumber,Herbal,108
5448-22-6,trans-2-tert-Butylcyclohexan-1-ol,Herbal,Fruity,Minty,108
20298-70-8,trans-2-tert-Butylcyclohexyl acetate,Fruity,Apple,Woody,108
7069-41-2,trans-2-Tridecenal,Aldehydic,Mandarin,Green,108
53448-07-0,trans-2-Undecenal,Fruity,Citrus,Waxy,108
67801-45-0,trans-3-Heptenyl 2-methylpropanoate,Green,Floral,Fruity,108
69112-21-6,trans-3-Hexenal,Green,Apple,Pear,108
3681-82-1,trans-3-Hexenyl acetate,Fruity,Green,Banana,108
65405-70-1,trans-4-Decen-1-al,Aldehydic,Citrus,Muguet,108
1900-69-2,trans-4-tert-Butylcyclohexyl acetate,Fruity,Apple,Balsamic,108
4180-23-8,trans-Anethole,Herbal,Anisic,Spicy,108
140-10-3,trans-Cinnamic acid,Balsamic,Sweet,Cinnamon,108
928-97-2,trans-Hex-3-en-1-ol,Green,Leafy,Floral,108
5932-68-3,trans-Isoeugenol,Spicy,Clove,Floral,108
1189-09-9,trans-Methylgeranate,Floral,Fruity,Balsamic,108
40716-66-3,trans-Nerolidol,Floral,Rose,Woody,108
89-80-5,trans-p-Menthan-3-one,Herbal,Minty,Sweet,108
65418-70-4,trans-Tetrahydro-2-isobutyl-4-methylpyran-4-ol,Floral,Fresh,Green,108
68648-41-9,"Tree moss oil, atranol, chloratranol-less",Woody,Mossy,Warm,108
68648-41-9,Treemoss absolute,Woody,Mossy,Earthy,108
84696-53-7,Treemoss extract,Woody,Mossy,Earthy,108
90-17-5,Trichloromethyl phenyl carbinyl acetate,Floral,Balsamic,Powdery,109
122760-84-3,"Tricyclo[3.3.1.1.(3.7)]decan-2-ol, 4-methyl-8-methylene-",Spicy,Herbal,Camphoraceous,109
2500-83-6,"Tricyclo[5.2.1.02,6]dec-4-en-8-yl acetate",Floral,Green,Herbal,109
13380-94-4,"Tricyclo[5.2.1.02,6]decan-8-one",Balsamic,Woody,Oily,109
26896-48-0,"Tricyclo[5.2.1.02,7]decane-4,8-dimethanol",Musk like,Amber,Floral,109
64001-15-6,Tricyclodecanyl acetate,Herbal,Green,Basil,109
5413-60-5,Tricyclodecenyl acetate,Herbal,Green,Fruity,109
17511-60-3,Tricyclodecenyl propionate,Green,Fruity,Pear,109
7370-92-5,"Trideca-1,5-lactone",Gourmand,Creamy,Sweet,109
10486-19-8,Tridecanal,Aldehydic,Citrus,Green,109
22629-49-8,Tridecene-2-nitrile,Citrus,Green,Herbal,109
71735-79-0,"Trimethyl-13-oxabicyclo[10.1.0]trideca-4,8-diene",Woody,Dry,Cedarwood,109
133636-82-5,Trimethyl-bicyclo-heptane-spirocyclohexenone,Woody,Cedarwood,Sweet,109
20662-84-4,Trimethyloxazole,Food Like,Nutty,Savoury,109
828-26-2,Trithioacetone,Fruity,Blackcurrant,Sulfurous,109
8024-05-3,Tuberose absolute,Floral,Sweet,Warm,109
8024-05-3,Tuberose concrete,Floral,Sweet,Warm,109
8024-05-3,Tuberose oil,Floral,Fruity,Sweet,109
8024-05-3,Tuberose tincture,Floral,Fruity,Sweet,109
8024-37-1,Turmeric,Spicy,Peppery,Woody,109
8024-37-1,Turmeric oleoresin,Spicy,Peppery,Woody,109
9005-90-7,Turpentine gum,Aromatic,Pine,Fresh,109
8006-64-2,Turpentine oil,Herbal,Woody,Citrus,109
8006-64-2,"Turpentine oil, rectified",Herbal,Woody,Citrus,109
112-44-7,Undecanal,Aldehydic,Citrus,Fresh,109
2244-07-7,Undecanenitrile,Green,Floral,Oily,109
112-37-8,Undecanoic acid,Gourmand,Fatty,Creamy,109
30207-98-8,Undecanol,Green,Floral,Rose,109
112-43-6,Undecen-1-ol,Floral,Fresh,Ozonic,109
1337-83-3,Undecenal,Aldehydic,Citrus,Floral,109
12262-03-2,"Undecenoic acid, 3-methylbutyl ester",Floral,Rose,Oily,109
112-42-5,Undecyl alcohol,Floral,Citrus,Oily,109
4630-07-3,Valencene,Citrus,Fresh,Green,110
110-62-3,Valeraldehyde,Gourmand,Fruity,cocoa,110
8008-88-6,Valerian root extract,Camphoraceous,Herbal,Green,110
8008-88-6,Valerian root oil,Camphoraceous,Herbal,Green,110
109-52-4,Valeric acid,Acidic,Cheesy,Fruity,110
8024-06-4,Vanilla absolute,Amber,Creamy,Vanilla,110
8024-06-4,Vanilla CO2 extract,Amber,Creamy,Vanilla,110
8024-06-4,Vanilla extract,Amber,Creamy,Vanilla,110
8024-06-4,Vanilla oleoresin,Amber,Creamy,Vanilla,110
953789-39-4,Vanilla tahitensis absolute,Balsamic,Vanilla,Spicy,110
953789-39-4,Vanilla tahitensis CO2 extract,Balsamic,Vanilla,Spicy,110
953789-39-4,Vanilla tahitensis extract,Balsamic,Vanilla,Spicy,110
8047-24-3,Vanilla tincture,Balsamic,Vanilla,Spicy,110
121-34-6,Vanillic acid,Gourmand,Creamy,Vanilla,110
121-33-5,Vanillin,Gourmand,Vanilla,Powdery,110
20665-85-4,Vanillin isobutyrate,Gourmand,Vanilla,Creamy,110
68527-74-2,Vanillin propylene glycol acetal,Gourmand,Vanilla,Sweet,110
82654-98-6,Vanillyl butyl ether,Gourmand,Caramel,Chocolate,110
13184-86-6,Vanillyl ethyl ether,Gourmand,Sweet,Chocolate,110
120-14-9,Veratraldehyde,Powdery,Sweet,Creamy,110
473-67-6,Verbenol,Citrus,Pine,Fresh,110
8016-96-4,Vetiver CO2 extract,Woody,Earthy,Nutty,110
8016-96-4,Vetiver extract,Woody,Earthy,Nutty,110
8016-96-4,Vetiver oil,Woody,Earthy,Nutty,110
68917-65-7,Vetiver oil terpenes,Woody,Dry,Dusty,110
68917-34-0,"Vetiver oil, acetylated, distilled.",Woody,Vetiver,Amber,110
8016-96-4,"Vetiver oil, JAVA (low Furfural)",Woody,Earthy,Nutty,110
8016-96-4,"Vetiver oil, rectified",Woody,Earthy,Nutty,110
84082-84-8,"Vetiveria zizanioides, ext., acetylated",Woody,Vetiver,Amber,110
68129-81-7,Vetiverol,Woody,Vetiver,Grapefruit,110
73246-97-6,"Vetiverol acetate, distilled",Woody,Vetiver,Amber,110
62563-80-8,"Vetiverol, acetate",Woody,Vetiver,Amber,110
117-98-6,Vetiveryl acetate,Woody,Vetiver,Amber,111
8024-08-6,Violet leaf absolute,Green,Oily,Leafy,111
8024-08-6,Violet leaf extract,Green,Oily,Leafy,111
8016-21-5,Wine lees oil CO2 extract,Fruity,Green,Plum,111
8016-21-5,"Wine lees oil, green",Fruity,Green,Plum,111
8016-21-5,"Wine lees oil, white",Fruity,Plum,Green,111
8016-21-5,"Wine lees oil, white, rectified",Fruity,Green,Plum,111
68917-75-9,Wintergreen extract,Herbal,Medicinal,Ylang,111
68917-75-9,Wintergreen oil,Herbal,Medicinal,Ylang,111
8008-93-3,Wormwood oil,Herbal,spicy,Camphoraceous,111
73138-77-9,"Wormwood oil, terpeneless",Herbal,Spicy,Tobacco,111
8002-09-3,Yarmor pine oil terpenes,Herbal,Pine,Fresh,111
8002-09-3,"Yarmor Pine oil, synthetic",Herbal,Pine,Terpenic,111
8022-07-9,Yarrow oil,Camphoraceous,Warm,Spicy,111
8006-81-3,Ylang ylang absolute,Floral,Green,Sweet,111
8006-81-3,Ylang ylang oil,Floral,Green,Sweet,111
8006-81-3,Ylang ylang oil (low para cresol methylether),Floral,Green,Sweet,111
8006-81-3,Ylang ylang oil extra,Floral,Green,Sweet,111
8006-81-3,Ylang ylang oil I,Floral,Green,Sweet,111
8006-81-3,Ylang ylang oil II,Floral,Green,Sweet,111
8006-81-3,Ylang ylang oil III,Floral,Green,Sweet,111
8006-81-3,"Ylang ylang oil, rectified",Floral,Green,Sweet,111
68952-44-3,"Ylang ylang oil, terpene-free",Floral,Ylang,Creamy,111
8006-81-3,Ylang-ylang extract,Floral,Green,Sweet,111
1009814-14-5,Yuzunone,Fruity,Floral,Balsamic,111
102242-62-6,Zanthoxylum piperitum extract,Citrus,Grapefruit,Peppery,111
122-48-5,Zingerone,Gourmand,Spicy,Sweet,111
546-80-5,α-Thujone,Herbal,Pine,Fruity,111
